FID,OBJECTID,ULAND,UREGBEZ,UKREIS,UGEMEINDE,UJAHR,UMONAT,USTUNDE,UWOCHENTAG,UKATEGORIE,UART,UTYP1,ULICHTVERH,IstStrasse,IstRad,IstPKW,IstFuss,IstKrad,IstGkfz,IstSonstig,LINREFX,LINREFY,XGCSWGS84,YGCSWGS84
113620,113621,8,3,15,115,2016,5,15,7,3,0,1,0,0,0,0,0,1,0,0,4.07735E+20,5.32099E+21,7.76226E+15,4.80355E+16
113621,113622,8,1,16,49,2016,5,17,3,2,1,5,0,0,1,1,0,0,0,0,5.24787E+20,5.38616E+21,9.33638E+15,4.86281E+16
113622,113623,8,2,15,99,2016,5,18,6,3,2,2,0,0,0,1,0,0,0,0,4.63009E+20,5.44574E+21,8.4926E+15,4.91634E+16
113623,113624,8,3,27,57,2016,5,19,1,3,4,2,0,1,0,1,0,1,0,0,4.92688E+20,5.30916E+21,8.9021E+15,4.79358E+16
113624,113625,8,1,16,71,2016,5,11,7,3,5,3,0,0,0,1,0,0,0,0,5.27479E+20,5.3908E+21,9.37323E+15,4.86696E+16
113625,113626,8,2,15,108,2016,5,14,3,3,5,3,0,1,0,1,0,1,0,0,4.50185E+20,5.42544E+21,8.3192E+15,4.89798E+16
113626,113627,8,2,16,43,2016,5,19,7,3,0,7,0,0,1,0,0,0,0,0,4.352E+20,5.41083E+21,8.11676E+15,4.88471E+16
113627,113628,8,2,15,108,2016,5,18,3,3,0,1,0,0,1,0,0,0,0,0,4.48656E+20,5.42357E+21,8.29854E+15,4.89629E+16
113628,113629,8,3,36,50,2016,5,11,2,2,6,4,0,0,0,1,1,0,0,0,3.99258E+20,5.27448E+21,7.6594E+15,4.76159E+16
113629,113630,8,2,21,0,2016,5,12,4,3,1,5,0,0,1,1,0,0,0,0,4.74074E+20,5.47481E+21,8.64249E+15,4.94254E+16
113630,113631,8,4,15,34,2016,5,15,7,2,0,1,0,0,1,0,0,0,0,0,5.37115E+20,5.34881E+21,9.50037E+15,4.82914E+16
113631,113632,8,2,26,62,2016,5,19,7,3,6,4,0,1,0,1,1,0,0,0,4.69778E+20,5.46869E+21,8.58371E+15,4.93702E+16
113632,113633,8,2,16,43,2016,5,14,4,3,5,3,0,0,0,1,0,1,0,0,4.43321E+20,5.4127E+21,8.22717E+15,4.88647E+16
113633,113634,8,3,35,79,2016,5,10,4,3,0,3,0,0,0,1,0,1,0,0,5.02092E+20,5.2987E+21,9.02797E+15,4.78417E+16
113634,113635,8,4,16,41,2016,5,16,6,3,0,7,0,0,1,0,0,0,0,0,5.03827E+20,5.37451E+21,9.05183E+15,4.85237E+16
113635,113636,8,2,11,0,2016,5,16,3,3,0,1,0,1,0,0,0,1,0,0,4.44146E+20,5.40103E+21,8.24001E+15,4.87598E+16
113636,113637,8,1,11,0,2016,5,16,3,2,5,2,0,0,1,1,0,0,0,0,5.12398E+20,5.40139E+21,9.16872E+15,4.87654E+16
113637,113638,8,2,31,0,2016,5,7,2,3,5,3,0,1,0,1,0,1,0,0,4.76869E+20,5.41572E+21,8.68443E+15,4.8894E+16
113638,113639,8,2,12,0,2016,5,15,4,3,5,3,0,0,1,1,0,0,0,0,4.55403E+20,5.42721E+21,8.39032E+15,4.89962E+16
113639,113640,8,1,17,49,2016,5,19,6,3,0,1,0,0,0,0,0,1,0,0,5.55845E+20,5.39233E+21,9.75869E+15,4.86815E+16
113640,113641,8,3,37,2,2016,5,14,5,3,0,1,0,0,1,0,0,0,0,0,4.34594E+20,5.27337E+21,8.12972E+15,4.76105E+16
113641,113642,8,1,15,28,2016,5,8,3,3,5,3,0,0,0,1,0,0,1,0,4.99746E+20,5.40353E+21,8.99654E+15,4.87847E+16
113642,113643,8,4,15,50,2016,5,9,2,3,0,1,0,0,0,1,1,0,0,0,5.22837E+20,5.37447E+21,9.30929E+15,4.85229E+16
113643,113644,8,1,27,25,2016,5,13,6,3,5,3,0,0,0,1,0,0,0,0,5.56129E+20,5.42751E+21,9.76736E+15,4.8998E+16
113644,113645,8,1,36,68,2016,5,9,3,3,5,3,0,1,0,1,0,0,0,0,5.98368E+20,5.43034E+21,1.03454E+16,4.90181E+16
113645,113646,8,4,26,87,2016,5,19,2,3,8,2,0,0,0,0,0,1,0,0,5.7093E+20,5.3245E+21,9.95215E+15,4.80698E+16
113646,113647,8,2,12,0,2016,5,17,3,2,5,6,0,0,0,1,0,1,0,0,4.60526E+20,5.42765E+21,8.4603E+15,4.90005E+16
113647,113648,8,3,27,49,2016,5,14,6,3,5,3,0,0,1,0,0,1,0,0,4.72408E+20,5.3249E+21,8.62956E+15,4.80768E+16
113648,113649,8,2,15,17,2016,5,16,2,3,0,7,0,0,0,0,0,0,0,1,4.56699E+20,5.4208E+21,8.40871E+15,4.89386E+16
113649,113650,8,1,18,81,2016,5,14,2,3,6,4,0,0,0,1,1,0,0,0,5.16425E+20,5.41295E+21,9.22398E+15,4.88693E+16
113650,113651,8,4,37,100,2016,5,11,5,3,1,5,0,0,0,1,0,1,0,0,5.38086E+20,5.31755E+21,9.51066E+15,4.80101E+16
113651,113652,8,1,36,19,2016,5,12,3,3,5,3,0,1,0,1,0,0,0,0,5.88231E+20,5.42346E+21,1.02053E+16,4.89577E+16
113652,113653,8,2,22,0,2016,5,21,5,3,5,3,2,0,0,1,0,1,0,0,4.60334E+20,5.48802E+21,8.4517E+15,4.95435E+16
113653,113654,8,4,21,0,2016,5,9,3,3,0,1,0,1,0,0,0,1,0,0,5.73677E+20,5.36149E+21,9.99546E+15,4.84023E+16
113654,113655,8,3,17,96,2016,5,8,2,3,5,3,0,1,0,1,0,0,0,0,4.21536E+20,5.36856E+21,7.93855E+15,4.84653E+16
113655,113656,8,2,11,0,2016,5,14,1,3,3,7,0,0,0,1,0,1,0,0,4.43798E+20,5.40021E+21,8.23539E+15,4.87524E+16
113656,113657,8,3,17,96,2016,5,11,7,3,8,7,0,0,1,0,0,0,0,0,4.2189E+20,5.36933E+21,7.9432E+15,4.84723E+16
113657,113658,8,1,18,21,2016,5,13,3,3,1,7,0,0,0,1,0,0,0,0,5.21273E+20,5.42762E+21,9.29084E+15,4.90011E+16
113658,113659,8,3,11,0,2016,5,11,1,3,6,4,0,0,1,0,1,0,0,0,4.16127E+20,5.31533E+21,7.87594E+15,4.79858E+16
113659,113660,8,1,21,0,2016,5,14,3,3,1,6,0,0,0,1,0,0,0,0,5.16269E+20,5.44361E+21,9.22308E+15,4.91451E+16
113660,113661,8,3,15,76,2016,5,14,6,3,5,3,0,0,0,1,0,0,0,0,3.91995E+20,5.29672E+21,7.55726E+15,4.78148E+16
113661,113662,8,1,28,7,2016,5,15,2,3,5,3,0,1,0,1,0,0,0,0,5.55579E+20,5.48301E+21,9.76754E+15,4.94972E+16
113662,113663,8,1,15,21,2016,5,16,2,3,6,2,0,0,0,1,1,0,0,0,4.90166E+20,5.3824E+21,8.86663E+15,4.85946E+16
113663,113664,8,4,25,139,2016,5,14,7,2,0,1,0,0,1,0,0,0,0,0,5.49085E+20,5.36685E+21,9.66385E+15,4.84529E+16
113664,113665,8,1,26,46,2016,5,9,3,3,2,6,0,1,0,0,0,1,1,0,5.49656E+20,5.45879E+21,9.68273E+15,4.92798E+16
113665,113666,8,1,18,48,2016,5,22,5,2,2,7,2,0,0,1,0,1,0,0,5.13805E+20,5.41584E+21,9.18835E+15,4.88953E+16
113666,113667,8,1,16,77,2016,5,14,1,2,0,1,0,0,1,0,0,0,0,0,5.16289E+20,5.38883E+21,9.22116E+15,4.86524E+16
113667,113668,8,2,26,84,2016,5,13,7,3,5,5,0,0,0,1,0,0,0,0,4.7014E+20,5.46996E+21,8.58861E+15,4.93816E+16
113668,113669,8,2,12,0,2016,5,17,4,3,7,1,0,0,1,0,0,0,0,0,4.55983E+20,5.42942E+21,8.39801E+15,4.90161E+16
113669,113670,8,3,35,75,2016,5,11,4,2,3,2,0,0,1,0,0,0,0,1,4.88834E+20,5.28774E+21,8.85105E+15,4.77429E+16
113670,113671,8,3,17,96,2016,5,17,1,3,5,2,0,0,1,0,0,0,0,0,4.2117E+20,5.36782E+21,7.93375E+15,4.84586E+16
113671,113672,8,1,15,3,2016,5,22,7,3,5,3,2,1,0,1,0,0,0,0,5.00203E+20,5.39153E+21,9.00276E+15,4.86768E+16
113672,113673,8,3,26,60,2016,6,11,6,3,1,6,0,1,1,1,0,0,0,0,4.42922E+20,5.3311E+21,8.23289E+15,4.81306E+16
113673,113674,8,2,12,0,2016,6,14,5,3,2,6,0,0,0,1,0,0,0,0,4.5569E+20,5.42853E+21,8.39409E+15,4.90081E+16
113674,113675,8,3,17,96,2016,6,9,4,3,0,1,0,0,0,0,0,1,0,0,4.22372E+20,5.36992E+21,7.94961E+15,4.84776E+16
113675,113676,8,2,26,105,2016,6,15,4,3,5,3,0,1,1,1,0,0,0,0,4.71876E+20,5.4772E+21,8.61201E+15,4.94468E+16
113676,113677,8,4,37,76,2016,6,8,5,3,8,3,0,0,0,1,0,0,0,0,5.26449E+20,5.32244E+21,9.35494E+15,4.80547E+16
113677,113678,8,3,11,0,2016,6,17,5,3,0,7,0,0,0,0,0,1,0,0,4.13884E+20,5.31893E+21,7.84516E+15,4.80178E+16
113678,113679,8,1,28,7,2016,6,13,2,2,6,4,0,0,0,1,1,0,0,0,5.57324E+20,5.48269E+21,9.79159E+15,4.94941E+16
113679,113680,8,1,19,86,2016,6,7,5,3,0,3,0,1,0,1,0,1,0,0,5.34693E+20,5.40625E+21,9.47251E+15,4.88082E+16
113680,113681,8,1,16,14,2016,6,13,2,3,5,2,0,0,1,1,0,0,0,0,5.28954E+20,5.39584E+21,9.39361E+15,4.87149E+16
113681,113682,8,3,27,50,2016,5,13,3,3,4,6,0,0,1,0,0,0,0,0,4.85259E+20,5.31423E+21,8.80246E+15,4.79812E+16
113682,113683,8,2,22,0,2016,6,20,4,3,5,3,0,1,0,1,0,0,0,0,4.6114E+20,5.48203E+21,8.46342E+15,4.94897E+16
113683,113684,8,2,26,76,2016,6,6,1,3,1,7,0,0,0,1,0,0,0,0,4.74598E+20,5.46591E+21,8.65027E+15,4.93454E+16
113684,113685,8,3,37,126,2016,6,13,7,2,5,3,0,0,0,0,0,1,0,1,4.43576E+20,5.27466E+21,8.24905E+15,4.76229E+16
113685,113686,8,1,16,49,2016,6,18,7,3,5,3,0,0,1,1,0,0,0,0,5.24474E+20,5.38614E+21,9.33214E+15,4.86279E+16
113686,113687,8,1,18,19,2016,6,7,2,2,0,1,0,0,1,0,0,0,0,0,5.05535E+20,5.40613E+21,9.07539E+15,4.88081E+16
113687,113688,8,3,16,20,2016,6,13,6,3,2,7,0,0,0,1,0,0,0,0,4.08546E+20,5.33843E+21,7.76941E+15,4.81925E+16
113688,113689,8,1,18,48,2016,6,13,5,3,5,3,0,0,0,1,0,0,0,0,5.13084E+20,5.41638E+21,9.17853E+15,4.89003E+16
113689,113690,8,1,11,0,2016,6,22,2,3,2,6,2,0,0,1,0,0,0,0,5.14769E+20,5.40308E+21,9.20104E+15,4.87805E+16
113690,113691,8,2,22,0,2016,6,11,4,2,5,3,0,0,0,0,0,1,0,1,4.61385E+20,5.48188E+21,8.46683E+15,4.94883E+16
113691,113692,8,2,15,82,2016,6,10,1,3,2,6,0,0,0,1,0,0,0,0,4.89027E+20,5.4385E+21,8.84968E+15,4.90993E+16
113692,113693,8,3,11,0,2016,6,3,7,2,1,1,2,1,1,0,0,0,0,1,4.15051E+20,5.31547E+21,7.86149E+15,4.79869E+16
113693,113694,8,4,36,1,2016,6,8,6,3,6,4,0,0,0,1,1,0,0,0,5.53669E+20,5.27363E+21,9.71416E+15,4.76138E+16
113694,113695,8,2,21,0,2016,6,13,6,3,5,3,0,0,1,1,0,0,0,0,4.77267E+20,5.47457E+21,8.68652E+15,4.94234E+16
113695,113696,8,2,26,98,2016,6,12,5,3,1,5,0,0,1,1,0,0,0,0,4.7806E+20,5.46035E+21,8.69825E+15,4.92955E+16
113696,113697,8,3,17,57,2016,6,22,4,3,5,3,2,1,0,1,0,0,0,0,4.128E+20,5.38037E+21,7.81793E+15,4.85704E+16
113697,113698,8,3,16,56,2016,6,14,1,3,5,3,0,1,1,1,0,0,0,0,4.21526E+20,5.32646E+21,7.94624E+15,4.80866E+16
113698,113699,8,2,16,15,2016,6,9,4,3,6,3,0,0,1,0,1,0,0,0,4.49983E+20,5.40615E+21,8.31881E+15,4.88064E+16
113699,113700,8,3,11,0,2016,6,8,6,3,0,7,0,0,1,1,0,0,0,0,4.13942E+20,5.31712E+21,7.84629E+15,4.80016E+16
113700,113701,8,4,16,41,2016,6,21,1,2,0,7,1,0,1,0,0,0,0,0,5.05609E+20,5.3751E+21,9.07597E+15,4.8529E+16
113701,113702,8,2,16,12,2016,6,16,4,3,0,7,0,0,1,0,0,0,0,0,4.41748E+20,5.42032E+21,8.20464E+15,4.89331E+16
113702,113703,8,1,19,85,2016,6,18,5,3,5,3,0,0,1,1,0,0,0,0,5.29262E+20,5.41415E+21,9.39911E+15,4.88796E+16
113703,113704,8,2,16,43,2016,6,7,4,3,3,2,0,0,1,1,0,0,0,0,4.433E+20,5.4127E+21,8.2269E+15,4.88647E+16
113704,113705,8,1,18,48,2016,6,15,1,3,0,7,0,1,1,0,0,0,0,0,5.16504E+20,5.41556E+21,9.22515E+15,4.88928E+16
113705,113706,8,1,21,0,2016,6,16,6,3,2,6,0,1,0,1,0,0,0,0,5.11029E+20,5.44755E+21,9.15134E+15,4.91806E+16
113706,113707,8,4,15,61,2016,6,7,5,3,2,6,0,1,0,1,0,0,0,0,5.15941E+20,5.37119E+21,9.21577E+15,4.84936E+16
113707,113708,8,3,25,12,2016,6,8,2,2,0,7,0,0,0,0,0,0,0,1,4.63038E+20,5.35544E+21,8.5011E+15,4.83511E+16
113708,113709,8,2,22,0,2016,6,1,7,3,1,5,2,1,1,0,0,0,0,0,4.62317E+20,5.48056E+21,8.47982E+15,4.94765E+16
113709,113710,8,4,15,59,2016,6,14,6,3,0,1,0,1,0,0,0,1,0,0,5.1678E+20,5.36863E+21,9.22701E+15,4.84706E+16
113710,113711,8,2,15,7,2016,6,13,5,3,2,6,0,0,0,1,0,0,0,0,4.79319E+20,5.43203E+21,8.71702E+15,4.90408E+16
113711,113712,8,3,17,5,2016,6,13,4,3,0,1,0,0,0,0,0,1,0,0,4.23924E+20,5.37919E+21,7.96891E+15,4.85612E+16
113712,113713,8,2,15,17,2016,6,19,4,3,5,3,0,0,0,1,0,0,0,0,4.54786E+20,5.42155E+21,8.38251E+15,4.89452E+16
113713,113714,8,1,11,0,2016,6,9,6,3,0,1,0,0,0,0,0,1,0,1,5.14871E+20,5.40742E+21,9.20259E+15,4.88196E+16
113714,113715,8,3,36,105,2016,6,7,5,3,5,3,0,1,1,1,0,0,0,0,4.01992E+20,5.26683E+21,7.69748E+15,4.75475E+16
113715,113716,8,1,17,24,2016,6,20,2,3,0,7,0,0,1,0,0,0,0,0,5.59542E+20,5.38442E+21,9.80777E+15,4.861E+16
113716,113717,8,1,15,45,2016,6,13,6,3,5,2,0,0,1,1,0,0,0,0,5.00645E+20,5.39356E+21,9.00876E+15,4.86951E+16
113717,113718,8,3,27,49,2016,6,7,5,3,5,3,0,0,0,1,0,0,0,0,4.72178E+20,5.32419E+21,8.62653E+15,4.80704E+16
113718,113719,8,2,12,0,2016,6,18,2,2,5,1,0,0,1,1,0,0,0,0,4.641E+20,5.42225E+21,8.50965E+15,4.89521E+16
113719,113720,8,2,22,0,2016,6,7,2,3,5,3,0,0,1,1,0,0,0,0,4.61537E+20,5.48835E+21,8.46829E+15,4.95465E+16
113720,113721,8,1,35,15,2016,6,15,7,3,4,2,0,0,0,1,0,0,0,0,5.75365E+20,5.38619E+21,1.00227E+16,4.86242E+16
113721,113722,8,3,25,69,2016,6,9,6,3,0,3,0,1,1,1,0,0,0,0,4.69854E+20,5.33489E+21,8.59456E+15,4.81666E+16
113722,113723,8,2,11,0,2016,6,9,5,3,5,3,0,0,0,1,0,1,0,0,4.42966E+20,5.40231E+21,8.22378E+15,4.87711E+16
113723,113724,8,3,16,56,2016,6,13,4,3,1,6,0,0,0,1,0,0,0,0,4.22015E+20,5.32688E+21,7.95272E+15,4.80904E+16
113724,113725,8,1,35,31,2016,6,22,4,3,0,1,2,0,0,1,0,0,0,0,5.96171E+20,5.37974E+21,1.03035E+16,4.85634E+16
113725,113726,8,4,36,10,2016,6,16,5,3,0,7,0,0,1,0,0,0,0,0,5.6578E+20,5.30565E+21,9.88014E+15,4.79008E+16
113726,113727,8,3,11,0,2016,6,19,5,3,5,3,0,0,1,1,0,0,0,0,4.10012E+20,5.31646E+21,7.79376E+15,4.79951E+16
113727,113728,8,1,19,79,2016,6,14,2,2,4,6,0,0,0,1,0,0,0,0,5.24188E+20,5.40894E+21,9.3296E+15,4.8833E+16
113728,113729,8,3,17,57,2016,6,7,6,3,3,2,0,0,1,0,0,0,0,0,4.13642E+20,5.37926E+21,7.82957E+15,4.85605E+16
113729,113730,8,1,17,24,2016,6,14,5,3,4,6,0,0,0,1,0,0,0,0,5.60221E+20,5.38637E+21,9.81727E+15,4.86275E+16
113730,113731,8,1,15,3,2016,6,13,2,3,6,5,0,0,0,1,1,0,0,0,5.02614E+20,5.39308E+21,9.03553E+15,4.86907E+16
113731,113732,8,3,27,50,2016,5,13,3,3,5,3,0,0,1,1,0,0,0,0,4.8619E+20,5.31461E+21,8.81493E+15,4.79846E+16
113732,113733,8,1,17,49,2016,6,11,5,2,6,7,0,0,0,1,1,0,0,0,5.55818E+20,5.39222E+21,9.75831E+15,4.86806E+16
113733,113734,8,3,25,49,2016,5,18,3,3,0,7,0,0,1,0,0,0,0,0,4.71001E+20,5.33576E+21,8.60993E+15,4.81744E+16
113734,113735,8,3,11,0,2016,6,18,4,2,0,1,0,0,1,0,0,0,0,0,4.12548E+20,5.31751E+21,7.82753E+15,4.80049E+16
113735,113736,8,1,35,25,2016,6,11,4,2,4,1,0,0,0,1,0,0,0,0,5.83187E+20,5.40028E+21,1.01317E+16,4.875E+16
113736,113737,8,2,35,57,2016,6,13,1,3,6,6,0,1,0,1,1,0,0,0,4.88619E+20,5.3974E+21,8.84523E+15,4.87295E+16
113737,113738,8,1,16,49,2016,6,12,2,3,6,4,0,0,0,1,1,0,0,0,5.25068E+20,5.38597E+21,9.34019E+15,4.86263E+16
113738,113739,8,3,11,0,2016,6,17,6,3,1,6,0,0,0,1,0,0,0,0,4.12196E+20,5.31457E+21,7.82342E+15,4.79784E+16
113739,113740,8,1,16,81,2016,6,9,5,3,5,3,0,0,0,1,0,0,0,0,5.1743E+20,5.38581E+21,9.23653E+15,4.86252E+16
113740,113741,8,1,11,0,2016,6,11,2,2,2,6,0,0,0,1,0,0,0,0,5.10549E+20,5.39609E+21,9.14341E+15,4.87178E+16
113741,113742,8,1,19,84,2016,6,16,5,3,4,7,0,0,0,1,0,0,0,0,5.46432E+20,5.41397E+21,9.63325E+15,4.88769E+16
113742,113743,8,1,27,14,2016,6,16,4,3,8,1,0,0,0,1,0,0,0,0,5.79231E+20,5.44493E+21,1.00866E+16,4.91521E+16
113743,113744,8,1,36,19,2016,6,20,1,3,9,1,0,0,0,1,0,0,0,0,5.82279E+20,5.42319E+21,1.01239E+16,4.89561E+16
113744,113745,8,2,15,9,2016,6,23,7,2,0,1,2,1,1,0,0,0,0,0,4.71483E+20,5.44198E+21,8.6091E+15,4.913E+16
113745,113746,8,1,26,66,2016,6,12,4,3,4,6,0,1,1,0,0,0,0,0,5.3693E+20,5.4491E+21,9.50688E+15,4.91936E+16
113746,113747,8,2,25,82,2016,6,20,1,2,8,1,1,0,1,0,0,0,0,0,5.34603E+20,5.47827E+21,9.47747E+15,4.94561E+16
113747,113748,8,3,35,43,2016,6,1,7,2,1,1,2,0,1,1,0,0,0,0,5.12781E+20,5.28456E+21,9.1704E+15,4.77143E+16
113748,113749,8,1,11,0,2016,6,11,7,3,5,3,0,1,1,1,0,0,0,0,5.18503E+20,5.40737E+21,9.25205E+15,4.88191E+16
113749,113750,8,2,15,64,2016,6,19,6,2,3,6,0,0,1,1,0,0,0,0,4.7799E+20,5.45126E+21,8.69779E+15,4.92137E+16
113750,113751,8,2,35,79,2016,6,20,5,3,6,1,0,0,1,0,1,0,0,0,4.66962E+20,5.3997E+21,8.55055E+15,4.87494E+16
113751,113752,8,3,17,145,2016,6,17,1,3,8,1,0,0,1,0,0,0,0,0,4.42434E+20,5.3501E+21,8.22376E+15,4.83015E+16
113752,113753,8,1,21,0,2016,6,7,4,2,5,3,0,0,1,1,0,0,0,0,5.16233E+20,5.44227E+21,9.22253E+15,4.91331E+16
113753,113754,8,1,19,20,2016,6,20,4,2,4,2,1,0,1,1,0,0,0,0,5.20278E+20,5.40644E+21,9.27619E+15,4.88106E+16
113754,113755,8,4,36,49,2016,6,17,7,3,5,3,0,0,1,1,0,0,0,0,5.78114E+20,5.28334E+21,1.00411E+16,4.76987E+16
113755,113756,8,1,21,0,2016,6,14,6,3,1,6,0,1,0,1,0,1,0,0,5.15434E+20,5.44098E+21,9.21153E+15,4.91215E+16
113756,113757,8,3,35,43,2016,6,12,5,3,2,6,0,0,0,1,0,0,0,1,5.11133E+20,5.28164E+21,9.14836E+15,4.7688E+16
113757,113758,8,3,16,56,2016,6,9,2,3,5,2,0,1,1,1,0,0,0,0,4.22876E+20,5.3272E+21,7.96423E+15,4.80934E+16
113758,113759,8,2,22,0,2016,6,12,7,3,5,2,0,0,0,1,0,1,0,0,4.66941E+20,5.4845E+21,8.54332E+15,4.95122E+16
113759,113760,8,3,26,74,2016,6,11,6,3,2,6,0,0,0,1,0,0,0,0,4.6053E+20,5.32261E+21,8.47031E+15,4.80556E+16
113760,113761,8,2,12,0,2016,6,7,5,3,0,1,0,1,0,1,0,1,0,0,4.56879E+20,5.4279E+21,8.41043E+15,4.90025E+16
113761,113762,8,3,11,0,2016,6,10,4,3,1,5,0,0,1,1,0,0,0,0,4.13755E+20,5.31542E+21,7.84414E+15,4.79862E+16
113762,113763,8,1,19,20,2016,6,16,4,3,1,1,0,0,0,1,0,0,0,0,5.1936E+20,5.40955E+21,9.26384E+15,4.88386E+16
113763,113764,8,4,16,41,2016,6,16,6,3,0,7,0,0,1,0,0,0,0,0,5.04202E+20,5.37342E+21,9.05689E+15,4.85139E+16
113764,113765,8,2,26,41,2016,6,13,6,3,0,2,0,0,0,1,0,1,0,0,4.77042E+20,5.46648E+21,8.68389E+15,4.93506E+16
113765,113766,8,2,22,0,2016,6,15,5,3,2,6,0,0,0,1,0,0,0,0,4.63355E+20,5.48447E+21,8.49379E+15,4.95117E+16
113766,113767,8,3,11,0,2016,6,19,4,3,1,7,0,0,0,1,0,1,0,0,4.11651E+20,5.31776E+21,7.81545E+15,4.8007E+16
113767,113768,8,2,12,0,2016,6,6,1,3,8,7,0,0,0,1,0,0,0,0,4.55774E+20,5.42897E+21,8.3952E+15,4.9012E+16
113768,113769,8,1,19,20,2016,6,15,4,3,1,1,0,0,1,1,0,0,0,0,5.20105E+20,5.40697E+21,9.27386E+15,4.88154E+16
113769,113770,8,1,16,19,2016,6,13,6,3,2,6,0,0,0,1,0,0,0,0,5.22955E+20,5.39971E+21,9.31228E+15,4.875E+16
113770,113771,8,3,17,96,2016,6,11,5,2,0,7,0,0,1,0,0,0,0,0,4.23008E+20,5.37025E+21,7.95815E+15,4.84807E+16
113771,113772,8,2,35,85,2016,6,15,2,2,8,1,0,0,0,1,0,0,0,0,4.79273E+20,5.3949E+21,8.71827E+15,4.87068E+16
113772,113773,8,2,16,43,2016,6,12,2,3,5,3,0,0,1,1,0,0,0,0,4.42224E+20,5.41257E+21,8.21223E+15,4.88634E+16
113773,113774,8,1,21,0,2016,6,10,7,2,0,3,0,0,1,1,0,0,0,0,5.14184E+20,5.44332E+21,9.19447E+15,4.91426E+16
113774,113775,8,1,15,3,2016,6,16,5,3,5,3,0,0,1,1,0,0,0,0,4.96589E+20,5.39299E+21,8.95365E+15,4.869E+16
113775,113776,8,3,17,96,2016,5,17,3,3,5,2,0,0,0,1,0,0,0,0,4.21548E+20,5.36877E+21,7.93867E+15,4.84671E+16
113776,113777,8,1,28,7,2016,6,17,5,3,5,3,0,0,0,1,0,0,0,0,5.56131E+20,5.4821E+21,9.77504E+15,4.9489E+16
113777,113778,8,3,11,0,2016,6,7,4,3,5,3,0,0,0,1,0,0,0,0,4.13205E+20,5.3153E+21,7.83678E+15,4.79851E+16
113778,113779,8,1,18,48,2016,6,17,4,3,0,7,0,0,1,0,0,0,0,0,5.12331E+20,5.41566E+21,9.16823E+15,4.88937E+16
113779,113780,8,1,11,0,2016,6,19,6,3,5,2,0,0,0,1,0,1,0,0,5.11466E+20,5.40246E+21,9.15606E+15,4.8775E+16
113780,113781,8,3,15,76,2016,6,13,5,2,5,3,0,0,0,1,0,0,0,1,3.91805E+20,5.29586E+21,7.55495E+15,4.7807E+16
113781,113782,8,1,28,139,2016,6,15,2,3,2,6,0,0,0,1,0,1,0,0,5.51293E+20,5.4905E+21,9.70934E+15,4.9565E+16
113782,113783,8,1,11,0,2016,6,14,5,2,5,3,0,0,1,1,0,0,0,0,5.12559E+20,5.40848E+21,9.17113E+15,4.88291E+16
113783,113784,8,3,17,96,2016,5,7,3,3,5,3,0,0,1,0,0,0,1,0,4.22992E+20,5.36928E+21,7.95811E+15,4.84719E+16
113784,113785,8,3,11,0,2016,6,15,4,3,3,2,0,0,1,1,0,0,0,0,4.13008E+20,5.31763E+21,7.83367E+15,4.80061E+16
113785,113786,8,1,18,47,2016,6,17,4,3,0,1,0,0,1,0,0,0,0,0,5.08054E+20,5.42767E+21,9.11011E+15,4.90019E+16
113786,113787,8,2,31,0,2016,6,13,1,3,5,2,0,1,0,1,0,1,0,0,4.78834E+20,5.4154E+21,8.71124E+15,4.88911E+16
113787,113788,8,1,18,51,2016,6,11,7,3,5,3,0,0,1,1,0,0,0,0,5.08991E+20,5.41519E+21,9.12266E+15,4.88896E+16
113788,113789,8,3,11,0,2016,6,9,6,3,0,7,0,0,0,1,0,0,0,0,4.10089E+20,5.31716E+21,7.79465E+15,4.80015E+16
113789,113790,8,1,17,26,2016,6,22,1,2,7,1,2,0,0,1,0,0,0,0,5.49744E+20,5.39449E+21,9.67607E+15,4.87015E+16
113790,113791,8,1,18,49,2016,6,19,2,2,0,1,0,0,1,0,0,0,0,0,5.17088E+20,5.41946E+21,9.23328E+15,4.89279E+16
113791,113792,8,3,16,20,2016,6,18,6,3,5,2,0,0,0,1,0,1,0,0,4.08865E+20,5.33885E+21,7.7736E+15,4.81964E+16
113792,113793,8,1,11,0,2016,6,12,5,3,5,7,0,0,1,1,0,0,0,0,5.11292E+20,5.40076E+21,9.15365E+15,4.87597E+16
113793,113794,8,1,11,0,2016,6,10,2,3,2,6,0,0,0,1,0,0,0,0,5.15858E+20,5.406E+21,9.21597E+15,4.88068E+16
113794,113795,8,1,15,45,2016,6,9,4,2,3,6,0,0,0,1,0,0,0,0,5.0055E+20,5.39454E+21,9.00748E+15,4.87039E+16
113795,113796,8,2,22,0,2016,6,14,1,3,5,3,0,0,0,1,0,0,0,0,4.60986E+20,5.48277E+21,8.46123E+15,4.94963E+16
113796,113797,8,3,17,65,2016,6,19,7,3,4,2,0,0,0,1,0,0,0,0,4.16088E+20,5.35487E+21,7.8676E+15,4.83414E+16
113797,113798,8,4,36,64,2016,6,13,6,2,6,4,0,0,0,1,1,0,0,0,5.45343E+20,5.29204E+21,9.60528E+15,4.77801E+16