FID,OBJECTID,ULAND,UREGBEZ,UKREIS,UGEMEINDE,UJAHR,UMONAT,USTUNDE,UWOCHENTAG,UKATEGORIE,UART,UTYP1,ULICHTVERH,IstStrasse,IstRad,IstPKW,IstFuss,IstKrad,IstGkfz,IstSonstig,LINREFX,LINREFY,XGCSWGS84,YGCSWGS84
113798,113799,8,2,36,33,2016,6,15,6,3,3,2,0,0,0,1,0,1,0,0,4.81629E+20,5.43011E+21,8.74871E+15,4.90236E+16
113799,113800,8,2,26,41,2016,6,17,5,3,5,3,0,0,1,1,0,0,0,0,4.75889E+20,5.46556E+21,8.66807E+15,4.93422E+16
113800,113801,8,3,17,11,2016,6,13,1,2,0,1,0,0,1,0,0,0,0,0,4.29007E+20,5.35535E+21,8.04184E+15,4.83473E+16
113801,113802,8,1,17,24,2016,6,18,4,3,6,7,0,0,0,1,1,0,0,0,5.60146E+20,5.38551E+21,9.81612E+15,4.86198E+16
113802,113803,8,4,15,50,2016,6,10,7,2,5,3,0,0,0,1,0,1,0,0,5.21874E+20,5.3756E+21,9.2963E+15,4.85331E+16
113803,113804,8,1,18,79,2016,6,17,6,2,0,3,0,0,0,1,0,0,0,1,5.10113E+20,5.42268E+21,9.13815E+15,4.8957E+16
113804,113805,8,1,16,49,2016,6,19,4,3,0,3,0,0,1,1,0,0,0,0,5.25478E+20,5.38603E+21,9.34576E+15,4.86268E+16
113805,113806,8,1,18,48,2016,6,16,1,3,6,7,0,1,0,0,0,0,1,1,5.13946E+20,5.41571E+21,9.19026E+15,4.88941E+16
113806,113807,8,1,36,65,2016,6,17,6,2,6,4,0,0,1,0,1,0,0,0,5.5711E+20,5.40722E+21,9.77794E+15,4.88154E+16
113807,113808,8,4,16,41,2016,6,7,5,3,5,3,0,1,1,1,0,0,0,0,5.04575E+20,5.37184E+21,9.06193E+15,4.84997E+16
113808,113809,8,3,25,49,2016,6,17,2,3,5,3,0,0,1,1,0,0,0,0,4.73192E+20,5.33434E+21,8.63949E+15,4.81618E+16
113809,113810,8,2,26,85,2016,6,12,7,3,1,6,0,1,0,1,0,0,0,0,4.92757E+20,5.45404E+21,8.9005E+15,4.92391E+16
113810,113811,8,4,15,61,2016,6,14,6,3,6,6,0,1,0,1,1,0,0,0,5.15653E+20,5.37088E+21,9.21186E+15,4.84909E+16
113811,113812,8,2,12,0,2016,6,0,6,3,4,6,2,0,1,1,0,0,0,0,4.56525E+20,5.42794E+21,8.40558E+15,4.90028E+16
113812,113813,8,2,21,0,2016,6,21,5,3,4,6,1,0,1,0,0,0,0,0,4.76742E+20,5.47167E+21,8.67947E+15,4.93973E+16
113813,113814,8,3,11,0,2016,6,12,4,3,1,6,0,0,0,1,0,0,0,0,4.12266E+20,5.31748E+21,7.82376E+15,4.80046E+16
113814,113815,8,1,16,33,2016,6,15,4,3,5,3,0,0,1,1,0,0,0,0,5.33695E+20,5.38796E+21,9.45742E+15,4.86437E+16
113815,113816,8,1,16,19,2016,6,9,6,3,2,6,0,0,0,1,0,0,0,0,5.22126E+20,5.39846E+21,9.30093E+15,4.87388E+16
113816,113817,8,3,15,6,2016,6,10,5,3,6,4,0,0,0,0,1,1,0,0,4.032E+20,5.3083E+21,7.7043E+15,4.79207E+16
113817,113818,8,2,12,0,2016,6,19,2,3,0,7,0,0,1,0,0,0,0,0,4.56399E+20,5.42854E+21,8.40379E+15,4.90082E+16
113818,113819,8,1,11,0,2016,6,16,5,2,0,1,0,0,1,0,0,0,0,0,5.11558E+20,5.40246E+21,9.15732E+15,4.8775E+16
113819,113820,8,3,35,35,2016,6,12,5,2,8,1,0,0,0,0,0,1,0,0,4.80794E+20,5.29054E+21,8.74368E+15,4.77679E+16
113820,113821,8,2,12,0,2016,6,18,2,3,5,3,0,0,1,0,0,0,0,1,4.54291E+20,5.42912E+21,8.3749E+15,4.90133E+16
113821,113822,8,2,22,0,2016,6,12,2,3,1,6,0,0,0,1,0,0,1,0,4.60573E+20,5.48765E+21,8.45504E+15,4.95402E+16
113822,113823,8,2,15,89,2016,6,7,7,3,9,1,0,1,0,1,0,0,0,0,4.71173E+20,5.42921E+21,8.60576E+15,4.90151E+16
113823,113824,8,3,26,12,2016,6,17,6,3,1,5,0,1,1,1,0,0,0,0,4.61564E+20,5.31117E+21,8.48521E+15,4.79527E+16
113824,113825,8,2,12,0,2016,6,17,5,3,2,7,0,0,0,1,0,0,0,1,4.56901E+20,5.4273E+21,8.41079E+15,4.89971E+16
113825,113826,8,3,11,0,2016,6,7,4,3,4,2,0,0,1,1,0,0,0,0,4.1494E+20,5.3172E+21,7.85966E+15,4.80024E+16
113826,113827,8,1,16,80,2016,6,22,4,2,0,1,2,0,1,0,0,0,0,0,5.21929E+20,5.39607E+21,9.29813E+15,4.87173E+16
113827,113828,8,4,36,64,2016,6,17,5,3,3,2,0,0,1,1,0,0,0,0,5.45914E+20,5.2931E+21,9.61302E+15,4.77897E+16
113828,113829,8,3,11,0,2016,6,18,5,3,1,5,0,0,1,1,0,0,0,0,4.13432E+20,5.31707E+21,7.83947E+15,4.8001E+16
113829,113830,8,1,25,65,2016,6,14,2,3,4,2,0,0,0,1,0,0,0,0,5.17375E+20,5.44786E+21,9.23842E+15,4.91833E+16
113830,113831,8,4,37,104,2016,6,8,4,3,2,6,0,0,0,1,0,0,1,0,5.16275E+20,5.32592E+21,9.21855E+15,4.80864E+16
113831,113832,8,1,15,21,2016,6,7,2,3,2,6,0,0,0,1,0,0,0,0,4.89352E+20,5.38249E+21,8.85559E+15,4.85954E+16
113832,113833,8,3,16,56,2016,5,14,3,3,0,3,0,0,0,1,0,0,0,0,4.23524E+20,5.32814E+21,7.97276E+15,4.81019E+16
113833,113834,8,1,16,19,2016,6,12,4,3,0,3,0,0,0,1,0,0,0,1,5.2311E+20,5.39986E+21,9.31439E+15,4.87513E+16
113834,113835,8,2,26,84,2016,6,15,1,3,2,5,0,0,0,1,0,0,0,0,4.68847E+20,5.46987E+21,8.5708E+15,4.93807E+16
113835,113836,8,3,11,0,2016,5,10,3,3,1,1,0,0,0,1,0,0,1,0,4.13072E+20,5.32029E+21,7.83399E+15,4.803E+16
113836,113837,8,2,12,0,2016,6,6,4,3,0,3,0,0,0,1,0,1,0,0,4.54876E+20,5.42778E+21,8.38306E+15,4.90012E+16
113837,113838,8,1,11,0,2016,6,15,4,3,5,3,0,0,0,1,0,1,0,0,5.20309E+20,5.40243E+21,9.27641E+15,4.87745E+16
113838,113839,8,1,17,24,2016,6,9,2,3,0,3,0,0,0,1,0,0,0,0,5.6057E+20,5.38657E+21,9.82203E+15,4.86292E+16
113839,113840,8,3,36,50,2016,6,12,6,3,5,3,0,0,0,1,0,1,0,0,3.99124E+20,5.27346E+21,7.65786E+15,4.76067E+16
113840,113841,8,4,21,0,2016,6,19,4,3,3,7,0,0,0,1,0,0,0,1,5.72468E+20,5.36055E+21,9.97896E+15,4.8394E+16
113841,113842,8,1,11,0,2016,6,15,2,3,3,7,0,1,0,1,0,1,0,0,5.07398E+20,5.39774E+21,9.10061E+15,4.87327E+16
113842,113843,8,1,11,0,2016,6,19,4,3,1,5,0,0,1,1,0,0,0,0,5.16196E+20,5.40549E+21,9.22056E+15,4.88022E+16
113843,113844,8,1,36,65,2016,6,21,1,3,0,7,2,0,1,0,0,0,0,0,5.60043E+20,5.40591E+21,9.81769E+15,4.88033E+16
113844,113845,8,3,11,0,2016,6,12,7,3,5,3,0,0,0,1,0,0,0,0,4.14298E+20,5.31701E+21,7.85109E+15,4.80006E+16
113845,113846,8,4,17,2,2016,6,7,6,3,4,6,0,0,0,1,0,1,0,0,4.8802E+20,5.34438E+21,8.83862E+15,4.82525E+16
113846,113847,8,2,22,0,2016,6,15,6,3,5,7,0,0,0,0,0,0,0,1,4.63401E+20,5.48044E+21,8.49479E+15,4.94755E+16
113847,113848,8,3,35,75,2016,6,20,7,3,0,1,0,0,1,0,0,0,0,0,4.88893E+20,5.28852E+21,8.85182E+15,4.775E+16
113848,113849,8,1,11,0,2016,6,11,7,3,0,1,0,1,0,0,0,1,0,0,5.13912E+20,5.40907E+21,9.18957E+15,4.88345E+16
113849,113850,8,3,15,15,2016,6,17,6,2,0,1,0,0,1,0,0,0,0,0,3.93526E+20,5.3211E+21,7.57169E+15,4.80343E+16
113850,113851,8,4,21,0,2016,6,21,4,3,1,5,2,1,0,1,0,1,0,0,5.70766E+20,5.36277E+21,9.95635E+15,4.84141E+16
113851,113852,8,3,11,0,2016,6,9,5,3,2,6,0,0,0,1,0,0,0,0,4.14354E+20,5.31831E+21,7.85158E+15,4.80123E+16
113852,113853,8,4,17,2,2016,6,2,1,2,6,7,2,0,0,1,1,0,0,0,4.88726E+20,5.34668E+21,8.84805E+15,4.82732E+16
113853,113854,8,1,11,0,2016,6,16,4,3,0,7,0,0,0,1,0,0,0,0,5.18473E+20,5.40188E+21,9.25141E+15,4.87697E+16
113854,113855,8,1,11,0,2016,6,9,4,3,5,3,0,0,1,1,0,0,0,0,5.11426E+20,5.39556E+21,9.15532E+15,4.87129E+16
113855,113856,8,1,11,0,2016,6,0,1,3,5,3,2,1,0,1,0,1,0,0,5.13825E+20,5.40403E+21,9.18823E+15,4.87891E+16
113856,113857,8,1,21,0,2016,6,8,6,3,0,7,0,0,1,0,0,0,0,0,5.16273E+20,5.44353E+21,9.22313E+15,4.91444E+16
113857,113858,8,4,15,61,2016,6,8,5,3,3,2,0,1,1,1,0,0,0,0,5.15924E+20,5.37043E+21,9.21551E+15,4.84868E+16
113858,113859,8,3,17,40,2016,6,14,2,3,1,6,0,0,0,1,0,0,0,0,4.32489E+20,5.34753E+21,8.09009E+15,4.82774E+16
113859,113860,8,2,22,0,2016,6,18,7,3,3,6,0,0,1,1,0,0,0,0,4.62346E+20,5.48068E+21,8.48021E+15,4.94776E+16
113860,113861,8,3,35,63,2016,6,9,6,3,4,6,0,0,1,1,0,0,0,0,4.98166E+20,5.28789E+21,8.97553E+15,4.77444E+16
113861,113862,8,2,15,105,2016,6,7,5,3,5,3,0,1,0,1,0,0,0,0,4.56996E+20,5.44134E+21,8.41059E+15,4.91234E+16
113862,113863,8,2,31,0,2016,6,11,4,3,6,7,0,0,1,0,1,0,0,0,4.77923E+20,5.4153E+21,8.69883E+15,4.88903E+16
113863,113864,8,4,36,82,2016,5,13,3,3,6,4,0,0,0,1,1,0,0,0,5.466E+20,5.29411E+21,9.62229E+15,4.77986E+16
113864,113865,8,2,22,0,2016,6,7,5,3,2,6,0,1,0,1,0,0,0,0,4.64344E+20,5.48301E+21,8.50758E+15,4.94987E+16
113865,113866,8,2,26,96,2016,6,16,4,3,6,3,0,0,1,0,1,0,0,0,4.75348E+20,5.48783E+21,8.65924E+15,4.95426E+16
113866,113867,8,3,11,0,2016,6,19,1,3,0,1,0,0,1,0,0,0,0,0,4.13267E+20,5.31528E+21,7.83763E+15,4.79849E+16
113867,113868,8,4,21,0,2016,5,19,3,2,4,2,0,1,0,1,0,1,0,0,5.71337E+20,5.36059E+21,9.9637E+15,4.83944E+16
113868,113869,8,1,17,19,2016,6,13,6,3,5,3,0,1,0,1,0,0,0,0,5.53135E+20,5.39504E+21,9.72222E+15,4.87061E+16
113869,113870,8,3,26,74,2016,6,18,5,3,5,3,0,0,0,1,0,0,0,1,4.6541E+20,5.32364E+21,8.53572E+15,4.80651E+16
113870,113871,8,2,37,19,2016,6,17,2,3,6,4,0,0,0,1,1,0,0,0,4.63163E+20,5.37086E+21,8.50144E+15,4.84898E+16
113871,113872,8,2,22,0,2016,6,17,2,2,5,3,0,0,1,1,0,0,0,0,4.68279E+20,5.47847E+21,8.56228E+15,4.9458E+16
113872,113873,8,1,26,66,2016,6,0,7,2,2,6,2,0,0,1,0,0,0,0,5.36276E+20,5.44967E+21,9.49795E+15,4.91987E+16
113873,113874,8,3,17,122,2016,6,19,6,3,5,3,0,0,0,1,0,1,0,0,4.17338E+20,5.36908E+21,7.88167E+15,4.84694E+16
113874,113875,8,1,17,19,2016,6,12,5,3,6,4,0,0,0,1,1,0,0,0,5.51949E+20,5.39431E+21,9.70601E+15,4.86997E+16
113875,113876,8,2,21,0,2016,6,11,4,3,2,6,0,0,0,1,0,0,0,0,4.77704E+20,5.47346E+21,8.69262E+15,4.94134E+16
113876,113877,8,4,26,70,2016,5,17,3,3,4,7,0,0,0,1,0,1,0,0,5.65399E+20,5.34107E+21,9.88046E+15,4.82195E+16
113877,113878,8,3,11,0,2016,6,10,5,3,5,3,0,0,1,1,0,0,0,0,4.15133E+20,5.31731E+21,7.86222E+15,4.80035E+16
113878,113879,8,1,19,67,2016,6,13,2,3,0,1,0,0,1,0,0,0,0,0,5.37977E+20,5.40513E+21,9.51714E+15,4.8798E+16
113879,113880,8,3,16,38,2016,6,20,6,2,1,1,2,0,0,1,0,1,0,0,3.97018E+20,5.33302E+21,7.61564E+15,4.81421E+16
113880,113881,8,4,21,0,2016,6,22,4,3,5,3,2,1,0,1,0,0,0,0,5.74837E+20,5.36408E+21,1.00116E+16,4.84255E+16
113881,113882,8,1,11,0,2016,6,8,6,3,2,6,0,0,0,1,0,0,0,0,5.15968E+20,5.39839E+21,9.21718E+15,4.87383E+16
113882,113883,8,3,11,0,2016,6,12,5,3,5,3,0,0,1,1,0,0,0,0,4.14097E+20,5.31805E+21,7.84819E+15,4.801E+16
113883,113884,8,1,36,65,2016,6,17,2,3,2,6,0,0,0,1,0,0,0,0,5.58673E+20,5.40504E+21,9.79891E+15,4.87956E+16
113884,113885,8,4,16,41,2016,6,12,4,2,3,6,0,0,1,1,0,0,0,0,5.05011E+20,5.37084E+21,9.06782E+15,4.84907E+16
113885,113886,8,3,11,0,2016,5,20,3,3,2,6,0,0,0,1,0,0,0,0,4.11305E+20,5.31969E+21,7.81042E+15,4.80243E+16
113886,113887,8,2,21,0,2016,6,8,4,3,1,5,0,0,1,0,0,0,0,1,4.75911E+20,5.4743E+21,8.66785E+15,4.94209E+16
113887,113888,8,4,21,0,2016,5,15,3,3,5,3,0,0,1,0,0,0,0,1,5.71877E+20,5.35964E+21,9.97083E+15,4.83858E+16
113888,113889,8,2,31,0,2016,6,5,1,3,1,1,0,0,0,1,0,0,0,0,4.79089E+20,5.41519E+21,8.71473E+15,4.88893E+16
113889,113890,8,3,11,0,2016,6,23,6,2,4,2,2,1,0,1,0,1,0,0,4.11154E+20,5.31621E+21,7.80912E+15,4.7993E+16
113890,113891,8,4,15,14,2016,6,9,4,3,5,3,0,0,0,1,0,1,0,0,5.26411E+20,5.37414E+21,9.35767E+15,4.85198E+16
113891,113892,8,1,11,0,2016,6,7,2,2,0,1,0,0,1,0,0,0,0,0,5.11117E+20,5.40059E+21,9.15126E+15,4.87582E+16
113892,113893,8,4,17,2,2016,5,15,3,3,6,6,0,0,0,0,1,0,0,1,4.88723E+20,5.34688E+21,8.84802E+15,4.8275E+16
113893,113894,8,1,19,20,2016,6,18,1,3,5,3,0,0,0,1,0,0,0,0,5.19472E+20,5.40853E+21,9.26532E+15,4.88295E+16
113894,113895,8,1,11,0,2016,6,16,2,3,5,2,0,0,0,1,0,1,0,0,5.16978E+20,5.40992E+21,9.2314E+15,4.8842E+16
113895,113896,8,4,16,23,2016,5,20,3,3,0,7,0,0,1,0,0,0,0,0,5.10568E+20,5.37115E+21,9.14304E+15,4.84934E+16
113896,113897,8,2,22,0,2016,6,21,1,2,6,4,2,1,0,1,1,0,0,0,4.62939E+20,5.47834E+21,8.48862E+15,4.94566E+16
113897,113898,8,3,27,50,2016,6,0,7,3,5,3,2,1,0,1,0,0,0,0,4.86678E+20,5.31439E+21,8.82147E+15,4.79827E+16
113898,113899,8,4,37,76,2016,6,6,6,3,0,2,0,0,0,1,0,1,0,0,5.26016E+20,5.32225E+21,9.34912E+15,4.8053E+16
113899,113900,8,2,36,74,2016,6,23,6,2,1,1,2,0,0,1,0,1,0,0,4.72421E+20,5.42175E+21,8.62333E+15,4.8948E+16
113900,113901,8,2,36,76,2016,6,9,5,3,5,3,0,0,0,1,0,0,0,0,4.71551E+20,5.42374E+21,8.61131E+15,4.8966E+16
113901,113902,8,3,17,65,2016,6,17,1,3,2,6,0,0,0,1,0,0,0,0,4.12949E+20,5.35603E+21,7.82502E+15,4.83514E+16
113902,113903,8,3,37,96,2016,5,8,3,3,5,3,0,0,0,1,0,0,0,0,4.21355E+20,5.26796E+21,7.95456E+15,4.75603E+16
113903,113904,8,3,37,126,2016,5,12,3,3,0,7,0,1,0,0,0,1,0,0,4.39275E+20,5.27447E+21,8.19185E+15,4.76208E+16
113904,113905,8,4,16,41,2016,6,10,7,3,0,7,0,0,0,0,0,0,0,1,5.05814E+20,5.37529E+21,9.07876E+15,4.85307E+16
113905,113906,8,1,19,44,2016,6,5,6,3,0,7,1,0,0,1,0,0,0,0,5.42408E+20,5.42519E+21,9.57955E+15,4.89781E+16
113906,113907,8,3,35,43,2016,6,0,5,3,0,7,2,1,1,0,0,0,0,0,5.11722E+20,5.28048E+21,9.15617E+15,4.76776E+16
113907,113908,8,3,11,0,2016,6,13,2,3,5,3,0,0,1,1,0,0,0,0,4.14581E+20,5.31825E+21,7.85463E+15,4.80119E+16
113908,113909,8,2,21,0,2016,6,8,2,3,5,2,0,0,1,1,0,0,0,0,4.76691E+20,5.47285E+21,8.67869E+15,4.94079E+16
113909,113910,8,2,22,0,2016,6,3,7,3,5,3,2,1,0,1,0,0,0,0,4.61308E+20,5.48216E+21,8.46574E+15,4.94908E+16
113910,113911,8,2,11,0,2016,6,13,6,3,1,5,0,1,1,1,0,0,0,0,4.44298E+20,5.40126E+21,8.24205E+15,4.87618E+16
113911,113912,8,2,26,10,2016,6,13,7,3,5,3,0,1,0,1,0,0,0,0,4.80618E+20,5.45911E+21,8.73349E+15,4.92844E+16
113912,113913,8,4,16,25,2016,6,19,6,2,1,6,0,1,1,1,0,0,0,0,5.02663E+20,5.36115E+21,9.03598E+15,4.84035E+16
113913,113914,8,2,15,103,2016,6,12,6,3,0,7,0,0,0,0,0,1,0,0,4.64844E+20,5.44125E+21,8.51816E+15,4.91231E+16
113914,113915,8,2,22,0,2016,6,13,5,2,8,7,0,0,0,1,0,0,0,0,4.67707E+20,5.47872E+21,8.55437E+15,4.94602E+16
113915,113916,8,2,22,0,2016,6,13,4,3,1,5,0,1,1,1,0,0,0,0,4.61696E+20,5.4809E+21,8.47121E+15,4.94795E+16
113916,113917,8,3,27,50,2016,5,9,3,3,6,4,0,0,0,1,1,0,0,0,4.86192E+20,5.3143E+21,8.81496E+15,4.79818E+16
113917,113918,8,1,16,14,2016,6,21,6,3,5,3,2,1,0,1,0,0,0,0,5.28392E+20,5.39535E+21,9.38595E+15,4.87105E+16
113918,113919,8,3,16,43,2016,6,13,5,3,5,3,0,0,1,1,0,0,0,0,4.10812E+20,5.3326E+21,7.80112E+15,4.81404E+16
113919,113920,8,2,12,0,2016,6,12,2,3,5,3,0,0,1,1,0,0,0,0,4.55072E+20,5.42697E+21,8.38582E+15,4.8994E+16
113920,113921,8,3,35,75,2016,6,14,4,3,5,3,0,0,0,1,0,0,0,0,4.88225E+20,5.29011E+21,8.84286E+15,4.77642E+16
113921,113922,8,3,36,91,2016,5,9,3,3,4,6,0,1,0,1,0,0,0,1,3.94251E+20,5.27469E+21,7.59274E+15,4.7617E+16
113922,113923,8,1,26,46,2016,6,22,5,2,1,1,2,0,1,1,0,0,0,0,5.5E+20,5.45802E+21,9.68737E+15,4.92729E+16
113923,113924,8,4,15,61,2016,6,17,5,3,6,6,0,0,1,0,1,0,0,0,5.15518E+20,5.37184E+21,9.21006E+15,4.84995E+16
113924,113925,8,1,36,88,2016,6,13,4,3,8,1,0,0,0,1,0,0,0,0,5.81048E+20,5.41252E+21,1.0105E+16,4.88604E+16
113925,113926,8,4,36,49,2016,6,10,3,3,5,3,0,0,1,1,0,0,0,0,5.78241E+20,5.28309E+21,1.00428E+16,4.76964E+16
113926,113927,8,2,36,72,2016,6,11,3,3,6,6,0,0,0,1,1,0,0,0,4.66785E+20,5.41065E+21,8.54726E+15,4.88479E+16
113927,113928,8,1,21,0,2016,6,7,5,3,5,3,0,0,1,1,0,0,0,0,5.13989E+20,5.44245E+21,9.19178E+15,4.91348E+16
113928,113929,8,1,11,0,2016,6,11,5,3,0,3,0,0,0,1,0,1,0,0,5.07929E+20,5.39808E+21,9.10783E+15,4.87357E+16
113929,113930,8,3,11,0,2016,6,9,4,3,5,3,0,1,0,1,0,0,1,0,4.15165E+20,5.32093E+21,7.86193E+15,4.8036E+16
113930,113931,8,1,27,14,2016,6,10,7,3,2,2,0,0,0,1,0,0,0,0,5.79106E+20,5.44252E+21,1.00844E+16,4.91304E+16
113931,113932,8,4,15,61,2016,6,19,2,3,5,3,0,0,0,1,0,0,0,0,5.14834E+20,5.37244E+21,9.20083E+15,4.85049E+16
113932,113933,8,2,26,91,2016,6,14,3,3,5,3,0,0,0,1,0,0,0,0,4.93914E+20,5.46019E+21,8.91629E+15,4.92944E+16
113933,113934,8,3,35,75,2016,6,18,6,3,6,4,0,0,1,0,1,0,0,0,4.87878E+20,5.2899E+21,8.83823E+15,4.77624E+16
113934,113935,8,3,17,73,2016,6,9,6,3,9,7,0,0,0,1,0,0,0,0,4.10387E+20,5.34942E+21,7.79185E+15,4.82917E+16
113935,113936,8,2,22,0,2016,6,17,6,3,1,6,0,0,0,1,0,0,0,0,4.63919E+20,5.48342E+21,8.50167E+15,4.95023E+16
113936,113937,8,1,18,48,2016,6,18,6,3,5,3,0,0,1,1,0,0,0,0,5.15918E+20,5.41553E+21,9.21717E+15,4.88925E+16
113937,113938,8,3,36,69,2016,6,16,4,3,2,6,0,1,0,1,0,0,0,0,4.09625E+20,5.26959E+21,7.79833E+15,4.75734E+16
113938,113939,8,3,15,6,2016,6,23,5,3,5,3,2,0,0,1,0,0,0,0,4.0086E+20,5.3089E+21,7.67285E+15,4.79258E+16
113939,113940,8,3,11,0,2016,6,16,4,3,5,2,0,0,1,0,0,0,0,0,4.09896E+20,5.31688E+21,7.79212E+15,4.79989E+16
113940,113941,8,1,11,0,2016,6,9,7,3,5,3,0,1,0,1,0,0,0,0,5.13272E+20,5.39815E+21,9.1805E+15,4.87362E+16
113941,113942,8,2,22,0,2016,6,12,3,3,4,6,0,0,1,0,0,0,0,0,4.62457E+20,5.48672E+21,8.48117E+15,4.95319E+16
113942,113943,8,3,35,63,2016,6,13,6,2,0,7,0,0,1,0,0,0,0,0,4.98514E+20,5.28672E+21,8.98018E+15,4.77338E+16
113943,113944,8,3,17,150,2016,6,21,6,2,4,1,2,0,0,1,0,0,0,0,4.09795E+20,5.35689E+21,7.78227E+15,4.83587E+16
113944,113945,8,2,15,9,2016,6,9,6,3,4,2,0,0,1,1,0,0,0,0,4.65728E+20,5.43879E+21,8.53049E+15,4.9101E+16
113945,113946,8,1,11,0,2016,6,17,6,3,0,2,0,0,1,1,0,0,0,0,5.07871E+20,5.39773E+21,9.10703E+15,4.87325E+16
113946,113947,8,2,15,17,2016,6,18,5,3,6,3,0,0,0,1,1,0,0,0,4.56878E+20,5.42121E+21,8.41112E+15,4.89423E+16
113947,113948,8,1,28,126,2016,6,10,4,2,6,7,0,0,0,0,1,0,0,1,5.65537E+20,5.48157E+21,9.90481E+15,4.94833E+16
113948,113949,8,4,35,29,2016,6,17,3,3,8,7,0,0,1,1,0,0,0,0,5.44501E+20,5.2708E+21,9.59189E+15,4.75891E+16
113949,113950,8,4,16,6,2016,6,14,6,3,5,3,0,0,0,1,0,0,0,0,4.97768E+20,5.35972E+21,8.96985E+15,4.83906E+16
113950,113951,8,2,22,0,2016,6,15,3,3,5,3,0,0,1,1,0,0,0,0,4.64334E+20,5.47921E+21,8.50778E+15,4.94645E+16
113951,113952,8,3,11,0,2016,6,16,5,3,3,1,0,0,1,1,0,0,0,0,4.14743E+20,5.31526E+21,7.8574E+15,4.7985E+16
113952,113953,8,4,25,33,2016,6,13,6,3,0,3,0,0,1,1,0,0,0,0,5.53971E+20,5.34841E+21,9.72755E+15,4.82866E+16
113953,113954,8,2,22,0,2016,6,8,3,3,4,2,0,0,0,1,0,0,0,0,4.63867E+20,5.48372E+21,8.50093E+15,4.95051E+16
113954,113955,8,3,17,65,2016,6,16,4,3,2,6,0,0,0,1,0,0,0,0,4.14954E+20,5.3549E+21,7.85229E+15,4.83416E+16
113955,113956,8,2,22,0,2016,6,12,3,3,5,2,0,0,1,1,0,0,0,0,4.65763E+20,5.48413E+21,8.52708E+15,4.95088E+16
113956,113957,8,3,26,3,2016,6,16,6,3,0,1,0,0,1,0,0,0,0,0,4.64931E+20,5.31937E+21,8.52963E+15,4.80267E+16
113957,113958,8,3,11,0,2016,6,10,7,3,2,6,0,0,0,1,0,0,0,0,4.05056E+20,5.31666E+21,7.7273E+15,4.79962E+16
113958,113959,8,2,26,105,2016,6,9,5,3,5,3,0,0,1,1,0,0,0,0,4.7061E+20,5.47821E+21,8.59447E+15,4.94559E+16
113959,113960,8,2,12,0,2016,6,13,6,2,5,3,0,0,1,0,0,0,0,0,4.57434E+20,5.4295E+21,8.41784E+15,4.90169E+16
113960,113961,8,1,36,19,2016,6,12,6,3,4,6,0,0,0,0,0,1,1,0,5.81769E+20,5.42846E+21,1.0118E+16,4.90037E+16
113961,113962,8,1,11,0,2016,6,16,6,2,5,7,0,0,0,1,0,1,0,0,5.18961E+20,5.4026E+21,9.25808E+15,4.87761E+16
113962,113963,8,1,18,46,2016,6,17,4,3,1,7,0,1,0,1,1,0,0,0,5.14732E+20,5.41203E+21,9.20086E+15,4.88611E+16
113963,113964,8,4,37,104,2016,6,11,3,2,0,7,0,0,1,0,0,0,0,1,5.16859E+20,5.32523E+21,9.22636E+15,4.80801E+16
113964,113965,8,2,22,0,2016,6,18,3,2,0,1,0,0,1,0,0,0,0,0,4.62799E+20,5.48079E+21,8.48644E+15,4.94786E+16
113965,113966,8,1,36,28,2016,6,17,7,3,0,1,0,0,1,0,0,0,0,0,5.68462E+20,5.40391E+21,9.93199E+15,4.87845E+16
113966,113967,8,1,36,19,2016,6,17,5,3,2,6,0,0,0,1,0,0,0,0,5.82091E+20,5.42481E+21,1.01217E+16,4.89708E+16
113967,113968,8,1,11,0,2016,6,13,5,3,6,4,0,0,0,1,1,0,0,0,5.11924E+20,5.40262E+21,9.16229E+15,4.87765E+16
113968,113969,8,2,26,32,2016,6,12,7,2,8,1,0,0,0,0,0,1,0,0,4.66381E+20,5.46268E+21,8.53743E+15,4.93159E+16
113969,113970,8,2,15,17,2016,6,16,5,3,0,1,0,0,1,0,0,0,0,0,4.55184E+20,5.42187E+21,8.38791E+15,4.89481E+16
113970,113971,8,2,21,0,2016,6,16,6,3,9,1,0,0,0,1,1,0,0,0,4.76789E+20,5.47285E+21,8.68004E+15,4.94079E+16
113971,113972,8,1,16,78,2016,6,9,5,3,0,7,0,0,1,0,0,0,0,1,5.12198E+20,5.39027E+21,9.16566E+15,4.86653E+16
113972,113973,8,1,19,67,2016,6,16,6,3,5,3,0,0,1,1,0,0,0,0,5.4054E+20,5.40847E+21,9.55236E+15,4.88279E+16
113973,113974,8,3,36,82,2016,6,6,5,3,7,7,0,1,0,1,0,0,0,0,4.13085E+20,5.27443E+21,7.84337E+15,4.76174E+16
113974,113975,8,1,18,46,2016,6,15,4,3,2,6,0,0,0,1,0,0,0,0,5.1329E+20,5.41323E+21,9.18123E+15,4.88719E+16
113975,113976,8,4,25,141,2016,6,12,3,2,6,2,0,0,0,1,1,0,0,0,5.6859E+20,5.36252E+21,9.9269E+15,4.84121E+16