FID,OBJECTID,ULAND,UREGBEZ,UKREIS,UGEMEINDE,UJAHR,UMONAT,USTUNDE,UWOCHENTAG,UKATEGORIE,UART,UTYP1,ULICHTVERH,IstStrasse,IstRad,IstPKW,IstFuss,IstKrad,IstGkfz,IstSonstig,LINREFX,LINREFY,XGCSWGS84,YGCSWGS84
113976,113977,8,2,21,0,2016,6,19,3,3,5,3,0,0,1,1,0,0,0,0,4.76969E+20,5.46906E+21,8.68274E+15,4.93738E+16
113977,113978,8,1,19,20,2016,6,17,5,3,2,6,0,0,0,1,0,0,0,0,5.21022E+20,5.40764E+21,9.28639E+15,4.88213E+16
113978,113979,8,4,36,52,2016,6,8,4,3,5,3,0,1,0,1,0,0,0,0,5.6729E+20,5.29848E+21,9.89922E+15,4.78361E+16
113979,113980,8,3,35,75,2016,6,21,5,2,5,3,0,0,1,1,0,0,0,0,4.88382E+20,5.29027E+21,8.84495E+15,4.77657E+16
113980,113981,8,3,11,0,2016,6,14,4,2,5,3,0,0,1,1,0,0,0,0,4.14264E+20,5.3169E+21,7.85066E+15,4.79996E+16
113981,113982,8,1,11,0,2016,6,14,7,3,2,6,0,0,0,1,0,0,0,0,5.14934E+20,5.40667E+21,9.20341E+15,4.88128E+16
113982,113983,8,4,15,59,2016,6,8,2,3,5,2,0,0,0,1,0,1,0,0,5.16898E+20,5.36814E+21,9.22859E+15,4.84662E+16
113983,113984,8,3,11,0,2016,6,21,4,3,5,2,1,1,1,1,0,0,0,0,4.14255E+20,5.31606E+21,7.8507E+15,4.79921E+16
113984,113985,8,3,37,126,2016,6,23,2,3,8,1,2,0,0,1,0,0,0,0,4.44524E+20,5.27538E+21,8.26157E+15,4.76294E+16
113985,113986,8,4,16,11,2016,6,17,3,3,2,6,0,0,0,1,0,1,0,0,5.0434E+20,5.36628E+21,9.0587E+15,4.84497E+16
113986,113987,8,2,21,0,2016,6,17,3,3,0,7,0,1,0,0,0,1,0,0,4.78029E+20,5.47153E+21,8.6972E+15,4.93961E+16
113987,113988,8,4,15,39,2016,6,14,6,3,3,2,0,0,1,1,0,0,0,0,5.30202E+20,5.37391E+21,9.40899E+15,4.85176E+16
113988,113989,8,3,17,96,2016,6,19,4,2,0,7,0,1,1,0,0,0,0,0,4.23087E+20,5.36901E+21,7.95945E+15,4.84695E+16
113989,113990,8,3,11,0,2016,6,10,5,2,4,2,0,0,0,0,0,1,0,1,4.14074E+20,5.31797E+21,7.84789E+15,4.80093E+16
113990,113991,8,3,11,0,2016,6,8,4,3,5,1,0,1,1,1,0,0,0,0,4.12953E+20,5.31728E+21,7.83301E+15,4.80029E+16
113991,113992,8,4,36,64,2016,6,19,6,3,0,1,0,0,0,0,0,1,0,0,5.45927E+20,5.29301E+21,9.61319E+15,4.77889E+16
113992,113993,8,3,15,6,2016,6,9,4,2,0,1,0,1,1,0,0,0,0,1,4.02875E+20,5.30784E+21,7.70007E+15,4.79166E+16
113993,113994,8,2,12,0,2016,6,21,3,3,5,3,1,1,1,0,0,0,0,1,4.57442E+20,5.42883E+21,8.41803E+15,4.90109E+16
113994,113995,8,3,27,50,2016,6,17,6,3,5,3,0,0,1,1,0,0,0,0,4.86333E+20,5.31414E+21,8.81685E+15,4.79804E+16
113995,113996,8,3,11,0,2016,6,19,6,3,5,3,1,0,1,1,0,0,0,0,4.14749E+20,5.31526E+21,7.85748E+15,4.79849E+16
113996,113997,8,2,11,0,2016,6,20,6,3,9,1,0,0,0,1,0,0,0,0,4.39519E+20,5.40333E+21,8.17672E+15,4.87801E+16
113997,113998,8,2,12,0,2016,6,12,3,3,5,3,0,0,1,1,0,0,0,0,4.5699E+20,5.42832E+21,8.4119E+15,4.90063E+16
113998,113999,8,3,35,43,2016,6,10,6,2,1,5,0,0,1,1,0,0,0,0,5.12621E+20,5.27865E+21,9.1681E+15,4.76611E+16
113999,114000,8,3,17,65,2016,6,17,6,3,0,7,0,0,1,0,0,0,0,0,4.15639E+20,5.35532E+21,7.86146E+15,4.83454E+16
114000,114001,8,2,21,0,2016,6,10,6,3,1,6,0,0,0,1,0,0,0,0,4.76514E+20,5.4742E+21,8.67616E+15,4.942E+16
114001,114002,8,1,16,72,2016,6,14,6,3,3,6,0,0,0,1,0,1,0,0,5.30477E+20,5.39348E+21,9.41415E+15,4.86937E+16
114002,114003,8,3,11,0,2016,6,15,5,3,6,4,0,0,1,0,1,0,0,0,4.14506E+20,5.31543E+21,7.85419E+15,4.79864E+16
114003,114004,8,1,18,80,2016,6,9,4,3,6,7,0,0,0,1,1,0,0,0,5.07047E+20,5.41082E+21,9.09607E+15,4.88503E+16
114004,114005,8,4,25,20,2016,6,15,6,3,2,6,0,0,0,1,0,0,0,0,5.58444E+20,5.36169E+21,9.78969E+15,4.84056E+16
114005,114006,8,1,17,18,2016,6,7,3,3,0,7,0,0,1,1,0,0,0,0,5.38491E+20,5.39477E+21,9.52316E+15,4.87048E+16
114006,114007,8,1,36,65,2016,6,14,3,3,5,3,0,0,1,1,0,0,0,0,5.59668E+20,5.40429E+21,9.81236E+15,4.87888E+16
114007,114008,8,4,17,2,2016,6,18,6,3,8,6,0,0,1,1,0,0,0,0,4.89504E+20,5.34396E+21,8.85861E+15,4.82487E+16
114008,114009,8,2,15,9,2016,6,13,7,2,5,3,0,0,1,1,0,0,0,0,4.71283E+20,5.44134E+21,8.6064E+15,4.91242E+16
114009,114010,8,2,26,85,2016,6,13,5,2,0,2,0,0,0,1,0,1,0,0,4.92465E+20,5.45425E+21,8.89648E+15,4.92409E+16
114010,114011,8,2,26,82,2016,6,11,6,3,5,3,0,0,1,1,0,0,0,0,4.75414E+20,5.48006E+21,8.66064E+15,4.94726E+16
114011,114012,8,1,25,103,2016,6,9,6,2,6,7,0,0,0,1,1,0,0,0,5.32346E+20,5.46621E+21,9.44535E+15,4.93478E+16
114012,114013,8,4,26,70,2016,6,17,5,3,1,6,0,0,0,1,0,1,0,0,5.65171E+20,5.34192E+21,9.87752E+15,4.82272E+16
114013,114014,8,1,16,77,2016,6,14,4,3,2,6,0,0,0,1,0,0,0,0,5.16087E+20,5.39251E+21,9.21856E+15,4.86854E+16
114014,114015,8,4,15,61,2016,6,6,3,3,3,6,0,0,1,1,0,0,0,0,5.11431E+20,5.37137E+21,9.15473E+15,4.84953E+16
114015,114016,8,1,36,88,2016,6,12,3,3,6,3,0,0,0,0,1,0,0,1,5.80699E+20,5.4098E+21,1.00997E+16,4.88359E+16
114016,114017,8,1,11,0,2016,6,9,6,3,5,2,0,0,1,1,0,0,0,0,5.12197E+20,5.40648E+21,9.16613E+15,4.88112E+16
114017,114018,8,2,36,40,2016,6,18,5,3,0,7,0,0,0,0,0,0,0,1,4.88444E+20,5.42089E+21,8.84219E+15,4.89409E+16
114018,114019,8,1,16,47,2016,6,15,4,3,5,3,0,1,0,1,0,0,0,0,5.20439E+20,5.39192E+21,9.27766E+15,4.86799E+16
114019,114020,8,4,15,61,2016,6,11,3,3,0,1,0,0,1,0,0,0,0,0,5.15933E+20,5.37053E+21,9.21564E+15,4.84877E+16
114020,114021,8,4,16,36,2016,6,20,6,3,5,3,0,0,0,1,0,1,0,0,4.95344E+20,5.36978E+21,8.93699E+15,4.84811E+16
114021,114022,8,1,26,28,2016,6,12,3,3,2,6,0,0,0,1,0,1,0,0,5.4117E+20,5.45995E+21,9.56619E+15,4.92909E+16
114022,114023,8,2,25,58,2016,6,22,7,3,0,7,2,0,0,1,1,0,0,0,5.09584E+20,5.46596E+21,9.13196E+15,4.93463E+16
114023,114024,8,2,16,15,2016,6,16,5,1,8,1,0,0,1,0,0,0,0,0,4.51184E+20,5.40484E+21,8.33531E+15,4.87947E+16
114024,114025,8,2,22,0,2016,6,15,6,3,5,3,0,0,1,1,0,0,0,0,4.63359E+20,5.48588E+21,8.49371E+15,4.95244E+16
114025,114026,8,1,15,3,2016,6,17,5,3,5,3,0,0,1,1,0,0,0,0,5.0207E+20,5.39226E+21,9.02812E+15,4.86834E+16
114026,114027,8,1,18,67,2016,6,11,6,3,0,7,0,0,1,0,0,0,0,0,5.05313E+20,5.41396E+21,9.07247E+15,4.88786E+16
114027,114028,8,3,11,0,2016,6,10,4,3,5,2,0,1,1,1,0,0,0,0,4.12851E+20,5.31616E+21,7.83186E+15,4.79928E+16
114028,114029,8,3,35,100,2016,6,19,2,3,5,3,0,0,1,1,0,0,0,0,4.89375E+20,5.28602E+21,8.85831E+15,4.77275E+16
114029,114030,8,1,16,47,2016,6,19,4,3,2,6,0,1,0,1,0,0,0,0,5.20098E+20,5.39262E+21,9.27307E+15,4.86863E+16
114030,114031,8,4,15,50,2016,6,7,3,3,3,5,0,0,0,1,0,1,0,0,5.19994E+20,5.37759E+21,9.27093E+15,4.85511E+16
114031,114032,8,1,25,56,2016,6,15,3,3,5,3,0,0,1,1,0,0,0,0,5.10531E+20,5.43564E+21,9.14419E+15,4.90735E+16
114032,114033,8,1,35,15,2016,6,10,7,3,5,3,0,1,0,1,0,0,0,0,5.75019E+20,5.38569E+21,1.00179E+16,4.86198E+16
114033,114034,8,1,25,58,2016,6,17,5,3,4,7,0,0,0,1,0,0,0,0,5.08453E+20,5.44354E+21,9.11591E+15,4.91446E+16
114034,114035,8,1,11,0,2016,6,7,5,3,1,5,0,0,0,1,0,1,0,0,5.12395E+20,5.40138E+21,9.16867E+15,4.87653E+16
114035,114036,8,3,11,0,2016,6,20,4,2,0,1,0,1,1,0,0,0,0,0,4.14462E+20,5.31625E+21,7.85344E+15,4.79938E+16
114036,114037,8,3,35,43,2016,6,14,2,3,3,6,0,0,0,1,0,1,0,0,5.12481E+20,5.28013E+21,9.16628E+15,4.76744E+16
114037,114038,8,3,36,91,2016,6,12,3,3,2,6,0,0,0,1,0,0,0,0,3.96646E+20,5.27257E+21,7.62511E+15,4.75983E+16
114038,114039,8,1,21,0,2016,6,18,3,3,5,3,0,0,1,1,0,0,0,0,5.15388E+20,5.44235E+21,9.21095E+15,4.91338E+16
114039,114040,8,3,36,69,2016,6,10,6,3,1,5,0,0,1,1,0,0,0,0,4.08957E+20,5.26833E+21,7.78971E+15,4.7562E+16
114040,114041,8,1,18,48,2016,6,12,6,3,5,2,0,0,0,1,0,1,0,0,5.12731E+20,5.41467E+21,9.17366E+15,4.88848E+16
114041,114042,8,3,11,0,2016,6,7,5,3,1,6,0,0,0,1,0,0,0,0,4.14672E+20,5.31663E+21,7.85617E+15,4.79973E+16
114042,114043,8,4,25,71,2016,6,1,6,3,0,1,2,0,0,0,0,0,1,0,5.51849E+20,5.37139E+21,9.70179E+15,4.84935E+16
114043,114044,8,4,16,36,2016,6,16,4,3,0,2,0,1,1,0,0,1,0,0,4.95505E+20,5.3695E+21,8.93917E+15,4.84786E+16
114044,114045,8,3,17,65,2016,6,15,5,3,3,2,0,0,0,1,0,1,0,0,4.14469E+20,5.35462E+21,7.84582E+15,4.8339E+16
114045,114046,8,2,12,0,2016,6,15,4,3,5,3,0,0,1,0,0,1,0,0,4.55426E+20,5.43057E+21,8.39026E+15,4.90264E+16
114046,114047,8,1,11,0,2016,6,12,7,3,3,7,0,0,0,1,0,0,0,1,5.1215E+20,5.40318E+21,9.1654E+15,4.87815E+16
114047,114048,8,1,19,20,2016,6,7,3,3,5,3,0,0,1,0,0,0,0,0,5.20202E+20,5.40718E+21,9.27519E+15,4.88172E+16
114048,114049,8,3,35,43,2016,6,8,6,3,5,2,0,1,1,1,0,0,0,0,5.12297E+20,5.28066E+21,9.16383E+15,4.76792E+16
114049,114050,8,3,17,5,2016,6,13,6,3,5,3,0,0,0,1,0,0,0,0,4.24199E+20,5.37752E+21,7.97294E+15,4.85462E+16
114050,114051,8,2,16,63,2016,6,12,6,3,0,1,0,0,1,0,0,0,0,0,4.30096E+20,5.40192E+21,8.04872E+15,4.87664E+16
114051,114052,8,1,16,70,2016,6,18,6,2,5,2,0,0,0,0,0,1,0,1,5.38185E+20,5.38585E+21,9.51818E+15,4.86245E+16
114052,114053,8,2,12,0,2016,6,6,5,3,5,3,0,1,1,0,0,0,1,0,4.49944E+20,5.43284E+21,8.31499E+15,4.90464E+16
114053,114054,8,1,16,56,2016,6,8,4,3,0,1,0,0,1,0,0,0,0,0,5.31091E+20,5.39539E+21,9.42263E+15,4.87108E+16
114054,114055,8,4,16,36,2016,6,9,6,3,6,7,0,0,0,1,1,0,0,0,4.95017E+20,5.36901E+21,8.93258E+15,4.84742E+16
114055,114056,8,1,19,8,2016,6,17,3,3,4,1,0,0,0,1,0,0,0,0,5.32714E+20,5.42224E+21,9.44684E+15,4.89522E+16
114056,114057,8,3,17,96,2016,6,16,6,3,5,5,0,0,1,1,0,0,0,0,4.22528E+20,5.36915E+21,7.95187E+15,4.84707E+16
114057,114058,8,2,26,41,2016,6,19,7,3,4,2,0,0,1,1,0,0,0,0,4.77428E+20,5.46709E+21,8.68917E+15,4.93561E+16
114058,114059,8,1,16,33,2016,6,8,3,3,2,6,0,0,0,1,0,0,0,0,5.31713E+20,5.3884E+21,9.43055E+15,4.86478E+16
114059,114060,8,3,26,74,2016,6,14,6,3,6,4,0,0,0,1,1,0,0,0,4.65553E+20,5.32354E+21,8.53764E+15,4.80642E+16
114060,114061,8,3,11,0,2016,6,23,7,2,1,1,2,1,1,0,0,0,0,1,4.14485E+20,5.31783E+21,7.85344E+15,4.80081E+16
114061,114062,8,2,22,0,2016,6,9,5,3,4,3,0,0,1,0,0,0,0,0,4.6171E+20,5.48319E+21,8.47119E+15,4.95001E+16
114062,114063,8,2,15,108,2016,6,6,6,2,5,3,0,0,1,1,0,0,0,0,4.4954E+20,5.4247E+21,8.31048E+15,4.89731E+16
114063,114064,8,1,17,19,2016,6,10,6,3,5,3,0,0,1,1,0,0,0,0,5.51807E+20,5.39325E+21,9.70394E+15,4.86902E+16
114064,114065,8,1,11,0,2016,6,18,6,3,3,6,0,0,1,1,0,0,0,0,5.13979E+20,5.40341E+21,9.19029E+15,4.87836E+16
114065,114066,8,2,25,58,2016,6,11,5,3,2,6,0,0,0,1,0,0,0,0,5.10881E+20,5.4675E+21,9.14984E+15,4.93601E+16
114066,114067,8,1,16,47,2016,6,12,4,3,5,3,0,0,0,1,0,0,0,1,5.1921E+20,5.39232E+21,9.26099E+15,4.86837E+16
114067,114068,8,3,36,81,2016,6,13,3,3,5,3,0,1,1,1,0,0,0,0,4.11702E+20,5.27789E+21,7.82427E+15,4.76484E+16
114068,114069,8,1,16,33,2016,6,16,3,3,5,3,0,0,0,1,0,0,0,0,5.33718E+20,5.38804E+21,9.45774E+15,4.86445E+16
114069,114070,8,2,15,109,2016,6,13,7,3,7,1,0,0,0,1,0,0,0,0,4.63792E+20,5.44002E+21,8.50385E+15,4.9112E+16
114070,114071,8,1,15,28,2016,6,12,5,2,5,3,0,0,1,1,0,0,0,0,5.00883E+20,5.40525E+21,9.01202E+15,4.88002E+16
114071,114072,8,1,15,24,2016,6,7,5,3,2,7,0,0,0,1,0,0,0,0,5.00813E+20,5.38808E+21,9.01104E+15,4.86458E+16
114072,114073,8,2,35,6,2016,6,16,4,3,1,7,0,0,0,1,1,0,0,0,4.70008E+20,5.38269E+21,8.59323E+15,4.85966E+16
114073,114074,8,2,15,103,2016,6,12,5,3,0,7,0,0,0,0,0,1,0,0,4.6755E+20,5.444E+21,8.55503E+15,4.9148E+16
114074,114075,8,2,26,32,2016,6,18,6,3,5,3,0,0,1,1,0,0,0,0,4.68306E+20,5.46296E+21,8.56389E+15,4.93186E+16
114075,114076,8,1,17,26,2016,6,9,5,3,5,2,0,0,0,1,0,0,0,0,5.4719E+20,5.39502E+21,9.64142E+15,4.87064E+16
114076,114077,8,1,21,0,2016,6,17,6,3,2,6,0,0,0,1,0,0,0,1,5.1468E+20,5.44625E+21,9.20139E+15,4.91689E+16
114077,114078,8,3,36,19,2016,6,14,5,3,0,7,0,0,0,1,0,0,0,0,3.94595E+20,5.27655E+21,7.59686E+15,4.76338E+16
114078,114079,8,1,16,77,2016,6,7,4,2,5,3,0,1,0,1,0,1,0,0,5.16098E+20,5.39238E+21,9.21871E+15,4.86843E+16
114079,114080,8,3,36,81,2016,6,22,3,3,5,3,2,0,1,1,0,0,0,0,4.09951E+20,5.2781E+21,7.80092E+15,4.76501E+16
114080,114081,8,1,16,78,2016,6,19,3,3,0,3,0,0,1,1,0,0,0,0,5.10458E+20,5.39303E+21,9.1421E+15,4.86902E+16
114081,114082,8,1,19,67,2016,6,23,5,3,5,3,2,0,0,1,0,0,0,0,5.37453E+20,5.40554E+21,9.51004E+15,4.88017E+16
114082,114083,8,4,37,59,2016,6,6,4,3,5,3,0,0,0,1,0,0,0,0,5.12916E+20,5.32404E+21,9.17338E+15,4.80695E+16
114083,114084,8,2,36,74,2016,6,17,4,3,6,7,0,0,0,1,1,0,0,0,4.72776E+20,5.4218E+21,8.62817E+15,4.89485E+16
114084,114085,8,1,27,89,2016,6,16,7,3,5,3,0,0,0,1,0,0,0,0,5.64204E+20,5.43734E+21,9.87931E+15,4.90855E+16
114085,114086,8,3,35,43,2016,6,10,2,3,5,3,0,0,1,1,0,0,0,0,5.12515E+20,5.27877E+21,9.16668E+15,4.76622E+16
114086,114087,8,1,15,45,2016,6,0,3,3,5,3,2,0,0,1,0,0,0,0,5.00155E+20,5.39488E+21,9.00211E+15,4.8707E+16
114087,114088,8,3,35,63,2016,6,15,6,3,0,7,0,0,1,0,0,0,0,0,4.96935E+20,5.28801E+21,8.95912E+15,4.77455E+16
114088,114089,8,3,35,63,2016,6,9,2,2,0,1,0,0,1,0,0,0,0,0,4.97422E+20,5.28853E+21,8.9656E+15,4.77502E+16
114089,114090,8,3,26,3,2016,6,17,3,3,0,3,0,1,0,0,0,1,0,1,4.64925E+20,5.31903E+21,8.52958E+15,4.80236E+16
114090,114091,8,1,18,80,2016,6,16,3,3,5,3,0,0,0,1,0,0,0,0,5.09603E+20,5.40867E+21,9.13084E+15,4.88309E+16
114091,114092,8,4,37,76,2016,6,20,4,3,6,2,0,1,0,1,1,0,0,0,5.24462E+20,5.32152E+21,9.32822E+15,4.80465E+16
114092,114093,8,3,15,13,2016,6,20,5,3,1,5,0,0,0,1,0,1,0,0,4.04574E+20,5.32475E+21,7.71904E+15,4.80689E+16
114093,114094,8,2,26,98,2016,6,11,4,3,6,4,0,0,0,1,1,0,0,0,4.77148E+20,5.45991E+21,8.68573E+15,4.92915E+16
114094,114095,8,4,36,82,2016,6,7,6,3,0,7,0,0,1,0,0,0,0,0,5.47206E+20,5.29495E+21,9.63047E+15,4.78062E+16
114095,114096,8,1,15,3,2016,6,19,3,3,3,2,0,0,0,1,0,0,0,0,4.99089E+20,5.3923E+21,8.98762E+15,4.86838E+16
114096,114097,8,3,27,50,2016,6,16,6,3,2,6,0,0,0,1,0,0,0,0,4.86707E+20,5.31371E+21,8.82188E+15,4.79766E+16
114097,114098,8,3,36,50,2016,6,8,6,2,5,3,0,0,1,1,0,0,0,0,4.00477E+20,5.27549E+21,7.67538E+15,4.76252E+16
114098,114099,8,2,12,0,2016,6,20,6,3,3,6,0,0,1,1,0,0,0,0,4.6004E+20,5.42477E+21,8.45395E+15,4.89746E+16
114099,114100,8,1,11,0,2016,6,20,6,3,1,1,0,0,1,1,0,0,0,0,5.16969E+20,5.40698E+21,9.23115E+15,4.88155E+16
114100,114101,8,2,12,0,2016,6,23,5,3,5,2,2,0,0,1,0,1,0,0,4.57897E+20,5.42823E+21,8.4243E+15,4.90055E+16
114101,114102,8,3,17,65,2016,6,9,6,3,3,6,0,0,0,1,0,1,0,0,4.11571E+20,5.35625E+21,7.80637E+15,4.83532E+16
114102,114103,8,2,22,0,2016,6,17,6,3,2,6,0,0,0,1,0,0,0,0,4.63487E+20,5.4843E+21,8.49563E+15,4.95102E+16
114103,114104,8,1,17,24,2016,6,15,6,3,5,3,0,0,1,1,0,0,0,0,5.60804E+20,5.3858E+21,9.8251E+15,4.86223E+16
114104,114105,8,3,11,0,2016,6,14,5,3,0,1,0,0,0,0,0,1,0,0,4.113E+20,5.31977E+21,7.81034E+15,4.8025E+16
114105,114106,8,2,26,85,2016,6,7,4,3,6,7,0,0,0,0,1,0,1,0,4.90442E+20,5.45572E+21,8.86866E+15,4.92542E+16
114106,114107,8,1,16,19,2016,6,7,4,3,2,6,0,0,0,1,0,1,0,0,5.22927E+20,5.39827E+21,9.31181E+15,4.8737E+16
114107,114108,8,4,25,20,2016,6,13,6,3,5,3,0,0,1,1,0,0,0,0,5.58445E+20,5.36169E+21,9.78971E+15,4.84056E+16
114108,114109,8,1,11,0,2016,6,18,3,2,5,3,0,0,0,1,0,1,0,0,5.15192E+20,5.40282E+21,9.20678E+15,4.87782E+16
114109,114110,8,1,11,0,2016,6,11,3,3,6,7,0,0,0,1,1,0,0,0,5.12793E+20,5.4026E+21,9.17413E+15,4.87763E+16
114110,114111,8,3,25,49,2016,6,15,6,3,0,1,0,0,1,0,0,0,0,0,4.73206E+20,5.33336E+21,8.63974E+15,4.81529E+16
114111,114112,8,3,11,0,2016,6,14,7,3,0,1,0,0,1,0,0,0,0,0,4.11019E+20,5.31495E+21,7.80756E+15,4.79817E+16
114112,114113,8,2,22,0,2016,6,10,5,1,5,2,0,0,0,1,1,0,0,0,4.62046E+20,5.48314E+21,8.47583E+15,4.94997E+16
114113,114114,8,2,36,43,2016,6,18,6,2,0,1,0,0,0,0,0,1,0,0,4.69094E+20,5.41067E+21,8.57874E+15,4.88482E+16
114114,114115,8,1,21,0,2016,6,14,6,2,5,3,0,0,1,1,0,0,0,0,5.15076E+20,5.44095E+21,9.20661E+15,4.91212E+16
114115,114116,8,4,36,55,2016,6,16,5,3,1,7,0,0,0,1,0,0,0,0,5.71565E+20,5.29302E+21,9.95544E+15,4.77866E+16
114116,114117,8,1,11,0,2016,6,11,4,3,1,5,0,1,0,1,0,0,0,0,5.11543E+20,5.40402E+21,9.15716E+15,4.87891E+16
114117,114118,8,3,17,96,2016,6,7,3,3,5,3,0,1,1,1,0,0,0,0,4.24182E+20,5.36943E+21,7.97419E+15,4.84734E+16
114118,114119,8,4,35,45,2016,6,9,2,3,9,1,0,0,0,1,0,0,0,0,5.36011E+20,5.28977E+21,9.48053E+15,4.77603E+16
114119,114120,8,1,11,0,2016,6,17,4,3,2,6,1,1,0,1,0,0,0,0,5.12699E+20,5.40809E+21,9.17301E+15,4.88257E+16
114120,114121,8,3,17,96,2016,6,17,3,3,6,4,0,0,0,1,1,0,0,0,4.22651E+20,5.36892E+21,7.95357E+15,4.84687E+16
114121,114122,8,4,16,36,2016,6,15,6,3,0,7,0,0,1,1,0,0,0,0,4.95501E+20,5.36922E+21,8.93912E+15,4.84761E+16
114122,114123,8,4,36,64,2016,6,17,2,3,6,6,0,0,1,0,1,0,0,0,5.45687E+20,5.29226E+21,9.6099E+15,4.77821E+16
114123,114124,8,2,26,32,2016,6,19,7,3,3,3,0,0,0,1,0,0,0,0,4.66009E+20,5.46558E+21,8.53207E+15,4.9342E+16
114124,114125,8,2,12,0,2016,6,15,5,3,6,6,0,0,1,0,1,0,0,0,4.55773E+20,5.42643E+21,8.39546E+15,4.89892E+16
114125,114126,8,2,21,0,2016,6,17,6,3,5,2,0,0,0,1,0,0,0,1,4.76984E+20,5.47485E+21,8.6826E+15,4.94259E+16
114126,114127,8,1,16,19,2016,6,15,5,3,5,3,0,0,0,1,0,0,0,0,5.22077E+20,5.39798E+21,9.30024E+15,4.87344E+16
114127,114128,8,1,19,53,2016,6,20,6,3,6,1,0,0,0,0,1,1,0,0,5.33118E+20,5.4263E+21,9.45269E+15,4.89887E+16
114128,114129,8,3,35,75,2016,6,12,5,3,6,4,0,0,0,1,1,0,0,0,4.88755E+20,5.28967E+21,8.84995E+15,4.77603E+16
114129,114130,8,1,11,0,2016,6,7,4,3,6,4,0,0,0,0,1,0,0,1,5.15854E+20,5.406E+21,9.21593E+15,4.88068E+16
114130,114131,8,3,36,50,2016,6,13,3,2,6,4,0,0,0,1,1,0,0,0,4.01854E+20,5.27743E+21,7.69328E+15,4.76428E+16
114131,114132,8,4,35,52,2016,6,7,2,3,2,6,0,0,0,1,0,0,0,0,5.17788E+20,5.29344E+21,9.23752E+15,4.77941E+16
114132,114133,8,1,19,8,2016,6,5,5,3,1,7,2,1,0,1,0,0,0,0,5.30832E+20,5.42128E+21,9.42105E+15,4.89437E+16
114133,114134,8,4,36,69,2016,6,17,4,3,5,3,0,0,1,1,0,0,0,1,5.50425E+20,5.29098E+21,9.67299E+15,4.77702E+16
114134,114135,8,3,17,96,2016,6,13,5,3,4,6,0,0,1,0,0,0,0,0,4.23035E+20,5.36873E+21,7.9588E+15,4.8467E+16
114135,114136,8,2,21,0,2016,6,16,4,3,5,5,0,0,1,1,0,0,0,0,4.77263E+20,5.46778E+21,8.68686E+15,4.93623E+16
114136,114137,8,1,35,19,2016,6,9,7,3,5,3,0,1,0,1,0,0,0,0,5.85873E+20,5.39204E+21,1.01665E+16,4.86755E+16
114137,114138,8,4,25,130,2016,6,10,5,2,6,7,0,0,0,1,1,0,0,0,5.73588E+20,5.37814E+21,9.99719E+15,4.8552E+16
114138,114139,8,1,11,0,2016,6,7,5,3,2,2,0,0,1,0,0,0,0,0,5.16772E+20,5.40754E+21,9.22849E+15,4.88206E+16
114139,114140,8,2,21,0,2016,6,8,4,2,6,4,0,0,1,0,1,0,0,0,4.76242E+20,5.4735E+21,8.67246E+15,4.94137E+16
114140,114141,8,3,35,75,2016,6,14,2,2,6,4,0,0,1,0,1,0,0,0,4.87976E+20,5.28969E+21,8.83955E+15,4.77605E+16
114141,114142,8,3,11,0,2016,6,7,3,2,5,3,0,0,1,0,0,0,0,0,4.14742E+20,5.31847E+21,7.85675E+15,4.80138E+16
114142,114143,8,4,35,59,2016,6,17,2,3,6,7,0,0,0,0,1,0,0,1,5.12788E+20,5.29063E+21,9.17067E+15,4.77689E+16
114143,114144,8,4,15,29,2016,6,12,6,3,1,5,0,0,0,1,0,0,0,0,5.22384E+20,5.3794E+21,9.30342E+15,4.85673E+16
114144,114145,8,3,11,0,2016,6,11,5,3,5,3,0,0,0,1,0,1,0,0,4.15194E+20,5.31743E+21,7.86301E+15,4.80045E+16
114145,114146,8,2,21,0,2016,6,8,4,3,3,5,0,0,1,1,0,0,0,0,4.76922E+20,5.47295E+21,8.68187E+15,4.94088E+16
114146,114147,8,4,26,21,2016,6,17,6,3,6,4,0,0,0,1,1,0,0,0,5.58972E+20,5.32742E+21,9.79205E+15,4.80973E+16
114147,114148,8,4,35,16,2016,6,19,2,3,6,4,0,0,0,1,1,0,0,0,5.34142E+20,5.27849E+21,9.45471E+15,4.76589E+16
114148,114149,8,3,26,74,2016,6,14,6,3,5,3,0,0,1,1,0,0,0,0,4.64865E+20,5.32233E+21,8.52851E+15,4.80533E+16
114149,114150,8,1,11,0,2016,6,13,7,3,6,7,0,0,0,1,1,0,0,0,5.13968E+20,5.40337E+21,9.19015E+15,4.87832E+16
114150,114151,8,4,35,16,2016,6,13,2,3,0,7,0,0,1,0,0,0,0,0,5.35169E+20,5.27762E+21,9.46831E+15,4.7651E+16
114151,114152,8,3,35,43,2016,6,19,6,3,0,7,0,0,1,0,0,0,0,1,5.14771E+20,5.28061E+21,9.1968E+15,4.76787E+16
114152,114153,8,3,17,127,2016,6,15,6,3,4,6,0,0,1,0,0,1,0,0,4.21319E+20,5.35144E+21,7.93883E+15,4.83113E+16
114153,114154,8,2,21,0,2016,6,14,6,3,3,6,0,0,1,1,0,0,0,0,4.75255E+20,5.47438E+21,8.6588E+15,4.94216E+16