FID,OBJECTID,ULAND,UREGBEZ,UKREIS,UGEMEINDE,UJAHR,UMONAT,USTUNDE,UWOCHENTAG,UKATEGORIE,UART,UTYP1,ULICHTVERH,IstStrasse,IstRad,IstPKW,IstFuss,IstKrad,IstGkfz,IstSonstig,LINREFX,LINREFY,XGCSWGS84,YGCSWGS84
114154,114155,8,1,16,68,2016,6,19,6,2,5,3,0,0,0,1,0,1,0,0,5.26298E+20,5.38901E+21,9.35707E+15,4.86536E+16
114155,114156,8,2,12,0,2016,6,15,5,3,5,3,0,0,1,1,0,0,0,0,4.56539E+20,5.42762E+21,8.4058E+15,4.9E+16
114156,114157,8,4,36,64,2016,6,14,3,2,5,2,0,0,1,1,0,0,0,0,5.46447E+20,5.29307E+21,9.62013E+15,4.77893E+16
114157,114158,8,4,25,33,2016,6,12,6,3,7,3,0,0,1,1,0,0,0,0,5.53691E+20,5.34777E+21,9.7237E+15,4.82808E+16
114158,114159,8,4,25,31,2016,6,12,2,3,5,3,0,0,1,0,0,0,0,1,5.70073E+20,5.36825E+21,9.9479E+15,4.84634E+16
114159,114160,8,4,15,91,2016,6,16,2,2,2,6,0,0,0,1,0,1,0,0,5.13692E+20,5.36129E+21,9.185E+15,4.84046E+16
114160,114161,8,3,17,96,2016,6,12,6,2,2,6,0,0,0,1,0,0,1,0,4.22727E+20,5.36894E+21,7.95459E+15,4.84688E+16
114161,114162,8,2,36,70,2016,6,15,7,3,1,7,0,0,0,1,0,1,0,0,4.71445E+20,5.41553E+21,8.61044E+15,4.88921E+16
114162,114163,8,2,15,106,2016,6,13,5,2,1,5,0,0,1,1,0,0,0,0,4.64513E+20,5.4526E+21,8.51263E+15,4.92252E+16
114163,114164,8,2,26,96,2016,6,22,6,3,5,3,2,0,0,1,0,1,0,0,4.74847E+20,5.48947E+21,8.65222E+15,4.95573E+16
114164,114165,8,1,19,8,2016,6,19,5,2,6,4,0,0,0,0,1,1,0,0,5.31125E+20,5.42288E+21,9.42519E+15,4.89581E+16
114165,114166,8,1,21,0,2016,6,16,6,3,4,6,0,0,0,1,0,0,0,0,5.14164E+20,5.44188E+21,9.19415E+15,4.91296E+16
114166,114167,8,3,15,6,2016,6,18,7,3,5,3,0,1,1,1,0,0,0,0,4.03504E+20,5.30855E+21,7.70832E+15,4.7923E+16
114167,114168,8,3,11,0,2016,6,18,6,3,0,7,0,0,1,1,0,0,0,0,4.1529E+20,5.31807E+21,7.86418E+15,4.80103E+16
114168,114169,8,2,11,0,2016,6,20,6,3,2,7,1,0,0,1,0,1,0,0,4.4399E+20,5.40129E+21,8.23785E+15,4.87621E+16
114169,114170,8,1,11,0,2016,6,7,6,3,5,3,0,0,0,0,0,0,1,1,5.16774E+20,5.41025E+21,9.22862E+15,4.8845E+16
114170,114171,8,2,36,33,2016,6,19,5,2,6,4,0,0,0,1,1,0,0,0,4.81249E+20,5.43039E+21,8.7435E+15,4.90261E+16
114171,114172,8,4,36,78,2016,6,16,3,2,4,6,0,1,0,1,0,0,0,1,5.569E+20,5.29198E+21,9.75954E+15,4.77786E+16
114172,114173,8,2,15,9,2016,6,9,3,3,5,3,0,0,0,0,0,0,1,0,4.68018E+20,5.44099E+21,8.56169E+15,4.91209E+16
114173,114174,8,4,15,39,2016,6,13,2,2,9,1,0,0,0,0,0,1,0,0,5.29802E+20,5.37369E+21,9.40355E+15,4.85157E+16
114174,114175,8,2,22,0,2016,6,0,7,3,2,6,2,0,0,1,0,0,0,0,4.61398E+20,5.48167E+21,8.46702E+15,4.94864E+16
114175,114176,8,1,15,13,2016,6,17,5,3,6,7,0,0,0,0,1,0,0,1,4.95607E+20,5.38974E+21,8.94035E+15,4.86607E+16
114176,114177,8,1,15,24,2016,6,21,5,3,1,6,0,0,0,1,0,0,0,0,5.02084E+20,5.38631E+21,9.02829E+15,4.86299E+16
114177,114178,8,2,12,0,2016,6,15,4,3,5,3,0,0,0,1,0,0,0,0,4.54208E+20,5.4287E+21,8.37382E+15,4.90095E+16
114178,114179,8,3,26,74,2016,6,13,2,3,6,4,0,0,0,1,1,0,0,0,4.63753E+20,5.32268E+21,8.51355E+15,4.80564E+16
114179,114180,8,4,16,41,2016,6,16,5,3,5,3,0,0,1,1,0,0,0,0,5.03798E+20,5.37282E+21,9.05142E+15,4.85085E+16
114180,114181,8,2,22,0,2016,6,20,4,3,6,4,0,0,0,1,1,0,0,0,4.61091E+20,5.48345E+21,8.46261E+15,4.95025E+16
114181,114182,8,1,11,0,2016,6,15,4,3,6,4,0,0,0,1,1,0,0,0,5.11882E+20,5.40257E+21,9.16173E+15,4.87761E+16
114182,114183,8,2,31,0,2016,6,0,2,3,0,2,2,1,0,1,0,0,0,0,4.7781E+20,5.41567E+21,8.69727E+15,4.88936E+16
114183,114184,8,3,25,49,2016,6,17,2,2,1,7,0,1,0,1,0,0,0,0,4.71845E+20,5.33471E+21,8.62136E+15,4.8165E+16
114184,114185,8,1,16,33,2016,6,14,5,3,1,6,0,1,0,1,0,0,0,0,5.3213E+20,5.38834E+21,9.4362E+15,4.86473E+16
114185,114186,8,1,16,78,2016,6,18,1,3,4,6,0,1,0,1,0,0,0,0,5.11662E+20,5.39236E+21,9.15844E+15,4.86842E+16
114186,114187,8,1,11,0,2016,6,21,5,3,6,7,0,0,0,1,1,0,0,0,5.12542E+20,5.40163E+21,9.17068E+15,4.87676E+16
114187,114188,8,2,31,0,2016,6,19,2,2,6,4,0,0,0,1,1,0,0,0,4.78776E+20,5.41614E+21,8.71042E+15,4.88978E+16
114188,114189,8,1,15,45,2016,6,16,1,3,5,3,0,0,0,1,0,0,0,0,5.0137E+20,5.39465E+21,9.01862E+15,4.87048E+16
114189,114190,8,2,31,0,2016,6,14,3,3,4,1,0,1,0,1,0,0,0,0,4.75409E+20,5.41636E+21,8.66447E+15,4.88997E+16
114190,114191,8,1,19,67,2016,6,11,7,3,3,2,0,0,1,1,0,0,0,0,5.38253E+20,5.4055E+21,9.52093E+15,4.88013E+16
114191,114192,8,2,36,71,2016,6,15,6,3,0,1,0,1,1,0,0,0,0,0,4.68341E+20,5.42083E+21,8.56768E+15,4.89396E+16
114192,114193,8,1,18,47,2016,6,12,6,3,5,3,0,1,1,0,0,0,0,0,5.07888E+20,5.42762E+21,9.10785E+15,4.90014E+16
114193,114194,8,2,37,28,2016,6,9,2,3,5,3,0,1,1,1,0,0,0,0,4.56173E+20,5.36905E+21,8.40703E+15,4.84731E+16
114194,114195,8,3,36,105,2016,6,19,2,2,8,1,1,1,1,0,0,0,0,0,3.98216E+20,5.26786E+21,7.64707E+15,4.75562E+16
114195,114196,8,3,17,67,2016,6,22,5,3,5,2,2,1,0,1,0,0,0,0,4.34764E+20,5.37441E+21,8.11656E+15,4.85194E+16
114196,114197,8,1,16,7,2016,6,14,1,3,8,1,0,1,0,1,0,0,0,0,5.31699E+20,5.40021E+21,9.43127E+15,4.87541E+16
114197,114198,8,2,26,9,2016,6,10,2,3,0,3,0,1,0,1,0,1,0,0,4.65871E+20,5.47106E+21,8.52969E+15,4.93912E+16
114198,114199,8,4,35,16,2016,6,17,7,3,6,4,0,0,0,1,1,0,0,0,5.35904E+20,5.278E+21,9.47814E+15,4.76544E+16
114199,114200,8,2,16,9,2016,6,16,3,3,2,6,0,1,0,1,0,0,0,0,4.45969E+20,5.41915E+21,8.26243E+15,4.89229E+16
114200,114201,8,1,11,0,2016,6,16,7,3,6,4,0,1,1,0,1,0,0,0,5.18266E+20,5.40264E+21,9.24862E+15,4.87765E+16
114201,114202,8,2,22,0,2016,6,12,6,3,1,7,0,1,0,1,0,0,1,0,4.65353E+20,5.47778E+21,8.52197E+15,4.94517E+16
114202,114203,8,1,15,45,2016,6,17,6,3,2,6,0,0,0,1,0,0,0,0,4.99434E+20,5.39294E+21,8.99232E+15,4.86895E+16
114203,114204,8,2,15,109,2016,6,17,5,3,5,3,0,0,1,1,0,0,0,0,4.61367E+20,5.43474E+21,8.47114E+15,4.90643E+16
114204,114205,8,2,12,0,2016,6,11,4,3,5,2,0,0,1,0,0,0,0,1,4.58145E+20,5.4286E+21,8.42766E+15,4.90089E+16
114205,114206,8,1,11,0,2016,6,13,4,3,6,7,0,0,0,1,1,0,0,0,5.12411E+20,5.40706E+21,9.16906E+15,4.88164E+16
114206,114207,8,2,26,36,2016,6,7,2,3,5,3,0,0,1,1,0,0,0,0,4.68052E+20,5.48047E+21,8.55899E+15,4.9476E+16
114207,114208,8,2,26,96,2016,6,14,5,3,5,3,0,0,1,1,0,0,0,0,4.74506E+20,5.49231E+21,8.64731E+15,4.95828E+16
114208,114209,8,2,12,0,2016,6,17,2,3,4,7,0,1,1,0,0,0,0,0,4.57626E+20,5.4291E+21,8.42051E+15,4.90133E+16
114209,114210,8,1,11,0,2016,6,12,5,3,6,4,0,1,0,1,1,0,0,0,5.0906E+20,5.40682E+21,9.12341E+15,4.88143E+16
114210,114211,8,2,12,0,2016,6,11,2,3,4,2,0,1,1,1,0,0,0,0,4.58687E+20,5.4293E+21,8.435E+15,4.90153E+16
114211,114212,8,2,16,15,2016,6,14,7,3,2,6,0,0,0,1,0,0,0,0,4.50131E+20,5.40627E+21,8.3208E+15,4.88074E+16
114212,114213,8,4,15,61,2016,6,12,4,3,0,1,0,1,1,0,0,0,0,0,5.15914E+20,5.37039E+21,9.21537E+15,4.84864E+16
114213,114214,8,1,15,24,2016,6,17,3,3,1,3,0,0,1,1,0,0,0,0,5.00863E+20,5.38742E+21,9.01172E+15,4.86398E+16
114214,114215,8,1,25,58,2016,6,20,5,3,2,6,0,0,0,1,0,0,0,0,5.07654E+20,5.44406E+21,9.10495E+15,4.91493E+16
114215,114216,8,3,37,126,2016,6,15,6,2,6,4,0,0,1,0,1,0,0,0,4.45883E+20,5.2761E+21,8.27957E+15,4.76361E+16
114216,114217,8,1,18,48,2016,6,11,6,3,8,1,0,0,1,0,0,0,0,0,5.14518E+20,5.41562E+21,9.19806E+15,4.88933E+16
114217,114218,8,4,36,81,2016,6,17,5,3,6,2,0,1,0,1,1,0,0,0,5.62415E+20,5.28232E+21,9.83176E+15,4.76913E+16
114218,114219,8,1,35,32,2016,6,14,4,3,2,7,0,0,0,1,0,0,1,0,5.79323E+20,5.39368E+21,1.00779E+16,4.86911E+16
114219,114220,8,1,11,0,2016,6,18,4,3,5,3,0,0,0,1,0,0,0,0,5.19795E+20,5.40108E+21,9.26935E+15,4.87624E+16
114220,114221,8,2,12,0,2016,6,20,2,3,5,2,0,1,1,1,0,0,0,0,4.60256E+20,5.42724E+21,8.45665E+15,4.89967E+16
114221,114222,8,3,37,116,2016,6,15,4,3,3,6,0,0,1,1,0,0,0,0,4.18275E+20,5.27311E+21,7.91266E+15,4.76063E+16
114222,114223,8,3,37,126,2016,6,7,2,3,2,6,0,1,0,1,0,0,0,0,4.41339E+20,5.27464E+21,8.21929E+15,4.76225E+16
114223,114224,8,1,17,26,2016,6,0,5,3,5,3,2,0,1,1,0,0,0,0,5.47984E+20,5.39472E+21,9.65218E+15,4.87037E+16
114224,114225,8,3,35,75,2016,6,14,4,3,3,2,0,1,1,0,0,0,0,1,4.8787E+20,5.28942E+21,8.83814E+15,4.7758E+16
114225,114226,8,4,36,64,2016,6,20,2,3,5,3,0,0,0,1,0,1,0,0,5.43933E+20,5.29196E+21,9.58646E+15,4.77795E+16
114226,114227,8,1,18,48,2016,6,8,5,3,5,3,0,1,0,1,0,0,0,1,5.14238E+20,5.41463E+21,9.19421E+15,4.88844E+16
114227,114228,8,3,11,0,2016,6,15,6,3,2,6,0,0,0,1,0,0,0,0,4.1648E+20,5.31547E+21,7.88063E+15,4.7987E+16
114228,114229,8,1,19,20,2016,6,6,6,3,5,3,0,1,1,1,0,0,0,0,5.19885E+20,5.40847E+21,9.27094E+15,4.88288E+16
114229,114230,8,3,37,97,2016,6,17,5,3,4,2,0,0,0,1,0,0,0,0,4.34308E+20,5.29048E+21,8.12334E+15,4.77644E+16
114230,114231,8,1,35,19,2016,6,14,4,1,6,4,0,0,0,1,1,0,0,0,5.83842E+20,5.39222E+21,1.0139E+16,4.86774E+16
114231,114232,8,4,37,100,2016,6,12,3,3,0,7,0,0,0,0,0,1,0,0,5.36631E+20,5.31913E+21,9.49129E+15,4.80244E+16
114232,114233,8,2,12,0,2016,6,12,2,3,2,6,0,1,0,0,0,1,0,1,4.61642E+20,5.42761E+21,8.47557E+15,4.90002E+16
114233,114234,8,3,17,153,2016,6,15,2,3,1,1,0,0,1,1,0,0,0,0,4.21603E+20,5.38927E+21,7.93556E+15,4.86516E+16
114234,114235,8,1,15,3,2016,6,8,5,2,3,2,0,0,0,1,0,0,0,1,5.00714E+20,5.393E+21,9.0097E+15,4.86901E+16
114235,114236,8,3,36,81,2016,6,12,5,3,5,3,0,1,0,1,0,1,0,0,4.12599E+20,5.27857E+21,7.83607E+15,4.76546E+16
114236,114237,8,1,11,0,2016,6,11,1,3,5,3,0,1,0,1,0,0,0,0,5.11735E+20,5.40086E+21,9.15968E+15,4.87607E+16
114237,114238,8,1,11,0,2016,6,7,5,3,0,7,0,0,0,0,0,1,0,0,5.14191E+20,5.39895E+21,9.19303E+15,4.87434E+16
114238,114239,8,1,11,0,2016,6,17,1,3,5,3,0,1,0,1,0,0,0,0,5.14896E+20,5.40404E+21,9.2028E+15,4.87891E+16
114239,114240,8,1,11,0,2016,6,9,5,3,6,2,0,0,0,1,1,0,0,0,5.11937E+20,5.40224E+21,9.16247E+15,4.87731E+16
114240,114241,8,4,36,49,2016,6,7,3,3,5,3,0,1,1,1,0,0,0,0,5.78241E+20,5.28309E+21,1.00428E+16,4.76964E+16
114241,114242,8,2,16,15,2016,6,10,2,2,5,3,0,1,1,1,0,0,0,0,4.50482E+20,5.40559E+21,8.32566E+15,4.88014E+16
114242,114243,8,1,21,0,2016,6,19,1,3,5,3,0,0,0,1,0,0,0,0,5.14192E+20,5.44336E+21,9.19459E+15,4.91429E+16
114243,114244,8,3,11,0,2016,6,10,2,3,3,6,0,1,1,0,0,0,1,0,4.13392E+20,5.3154E+21,7.83926E+15,4.7986E+16
114244,114245,8,3,16,56,2016,6,15,5,3,0,7,0,1,0,0,0,1,0,0,4.21957E+20,5.32735E+21,7.95186E+15,4.80946E+16
114245,114246,8,4,35,16,2016,6,4,7,3,0,1,1,1,1,0,0,0,0,0,5.36861E+20,5.28225E+21,9.49123E+15,4.76926E+16
114246,114247,8,1,11,0,2016,6,5,5,3,2,6,1,0,1,1,0,0,0,0,5.20744E+20,5.40251E+21,9.28235E+15,4.87753E+16
114247,114248,8,1,25,46,2016,6,16,2,3,2,6,0,0,0,1,0,0,0,0,5.19648E+20,5.43474E+21,9.26898E+15,4.90652E+16
114248,114249,8,3,17,57,2016,6,19,7,3,5,3,0,1,0,1,0,0,0,0,4.12276E+20,5.38083E+21,7.81073E+15,4.85744E+16
114249,114250,8,1,17,19,2016,6,11,3,2,6,4,0,0,0,1,1,0,0,0,5.52278E+20,5.39413E+21,9.71046E+15,4.8698E+16
114250,114251,8,4,26,13,2016,6,0,6,2,0,1,2,0,1,0,0,0,0,0,5.45484E+20,5.32347E+21,9.61049E+15,4.80629E+16
114251,114252,8,2,21,0,2016,6,14,6,3,5,3,0,0,1,1,0,0,0,0,4.74336E+20,5.4721E+21,8.64628E+15,4.94011E+16
114252,114253,8,1,19,67,2016,6,10,2,3,5,3,0,0,0,1,0,0,0,0,5.38848E+20,5.40612E+21,9.52909E+15,4.88068E+16
114253,114254,8,4,36,39,2016,6,11,7,2,8,7,0,0,0,0,0,0,0,1,5.50436E+20,5.28688E+21,9.67267E+15,4.77334E+16
114254,114255,8,2,26,20,2016,6,18,3,3,2,2,0,1,0,1,0,1,0,0,4.9083E+20,5.46301E+21,8.87382E+15,4.93198E+16
114255,114256,8,1,18,14,2016,6,10,7,3,5,3,0,0,1,1,0,0,0,0,5.21571E+20,5.42088E+21,9.29457E+15,4.89405E+16
114256,114257,8,2,26,84,2016,6,7,6,3,0,7,0,0,1,1,0,0,0,0,4.69911E+20,5.46961E+21,8.58548E+15,4.93785E+16
114257,114258,8,1,16,33,2016,6,7,6,3,5,3,0,0,1,1,0,0,0,0,5.33253E+20,5.38821E+21,9.45144E+15,4.86461E+16
114258,114259,8,2,22,0,2016,6,15,5,3,1,6,0,0,0,1,0,1,0,0,4.61625E+20,5.48366E+21,8.46996E+15,4.95043E+16
114259,114260,8,1,19,91,2016,6,12,4,3,4,2,0,1,0,1,0,0,0,0,5.28271E+20,5.40689E+21,9.38509E+15,4.88143E+16
114260,114261,8,1,19,75,2016,6,18,2,3,8,1,0,0,0,0,0,0,0,1,5.35502E+20,5.42719E+21,9.48535E+15,4.89966E+16
114261,114262,8,1,18,49,2016,6,18,2,3,8,1,0,1,0,1,0,0,0,0,5.19015E+20,5.41947E+21,9.25959E+15,4.89279E+16
114262,114263,8,2,16,24,2016,6,14,1,3,0,7,0,0,1,1,0,0,0,0,4.44743E+20,5.40994E+21,8.24694E+15,4.88399E+16
114263,114264,8,2,12,0,2016,6,16,7,3,6,3,0,0,0,1,1,0,0,0,4.63072E+20,5.42877E+21,8.49502E+15,4.90107E+16
114264,114265,8,3,17,89,2016,6,23,4,3,5,2,2,0,0,1,0,0,0,0,4.31574E+20,5.37572E+21,8.07316E+15,4.85309E+16
114265,114266,8,1,11,0,2016,6,12,3,2,0,1,0,1,0,0,0,1,0,0,5.13392E+20,5.40459E+21,9.18234E+15,4.87942E+16
114266,114267,8,1,19,85,2016,6,16,5,3,5,3,0,0,0,1,0,0,0,0,5.29621E+20,5.41376E+21,9.40398E+15,4.88761E+16
114267,114268,8,3,25,11,2016,6,12,6,3,0,7,0,0,1,0,0,0,0,0,4.73649E+20,5.33855E+21,8.64538E+15,4.81997E+16
114268,114269,8,1,35,20,2016,6,16,6,2,6,4,0,0,0,1,1,0,0,0,5.8608E+20,5.38642E+21,1.01682E+16,4.8625E+16
114269,114270,8,4,21,0,2016,6,17,5,3,5,3,0,0,1,1,0,0,0,0,5.71267E+20,5.36295E+21,9.96315E+15,4.84157E+16
114270,114271,8,1,19,8,2016,6,18,4,3,3,2,0,1,1,1,0,0,0,0,5.31516E+20,5.42309E+21,9.43054E+15,4.89599E+16
114271,114272,8,4,16,41,2016,6,7,3,3,6,4,0,0,1,0,1,0,0,0,5.04628E+20,5.37491E+21,9.06269E+15,4.85273E+16
114272,114273,8,1,18,48,2016,6,6,2,3,5,3,1,1,1,1,0,0,0,0,5.14095E+20,5.41499E+21,9.19227E+15,4.88877E+16
114273,114274,8,1,11,0,2016,6,16,6,3,5,2,0,0,0,1,0,0,0,0,5.12987E+20,5.40491E+21,9.17684E+15,4.87971E+16
114274,114275,8,2,12,0,2016,6,17,5,3,5,7,0,0,0,1,0,0,0,0,4.54345E+20,5.43138E+21,8.37538E+15,4.90336E+16
114275,114276,8,1,18,48,2016,6,12,4,3,1,6,0,1,0,1,0,0,0,0,5.13576E+20,5.4157E+21,9.18522E+15,4.88941E+16
114276,114277,8,4,16,41,2016,6,12,3,3,0,7,0,1,1,0,1,0,0,0,5.04314E+20,5.37362E+21,9.05842E+15,4.85157E+16
114277,114278,8,1,16,77,2016,6,17,2,3,2,6,0,0,0,1,0,0,0,0,5.16008E+20,5.39139E+21,9.21745E+15,4.86754E+16
114278,114279,8,3,17,153,2016,6,5,4,2,0,7,1,1,0,0,0,1,0,0,4.18047E+20,5.388E+21,7.88754E+15,4.86397E+16
114279,114280,8,4,21,0,2016,6,17,2,3,5,3,0,0,0,1,0,0,0,0,5.70653E+20,5.36059E+21,9.95446E+15,4.83945E+16
114280,114281,8,1,18,79,2016,6,19,5,3,8,1,0,0,1,0,0,0,0,0,5.07837E+20,5.42146E+21,9.10703E+15,4.8946E+16
114281,114282,8,2,31,0,2016,6,15,6,3,1,6,0,0,0,1,0,0,0,1,4.78978E+20,5.41525E+21,8.71321E+15,4.88898E+16
114282,114283,8,1,18,46,2016,6,12,6,3,2,6,0,0,0,1,0,0,0,0,5.13603E+20,5.41182E+21,9.18546E+15,4.88592E+16
114283,114284,8,4,21,0,2016,6,18,7,3,1,3,0,1,1,1,0,0,0,0,5.74468E+20,5.36363E+21,1.00065E+16,4.84214E+16
114284,114285,8,4,35,16,2016,6,18,4,2,5,3,0,0,0,1,0,1,0,0,5.35175E+20,5.27807E+21,9.46842E+15,4.7655E+16
114285,114286,8,1,18,46,2016,6,14,4,3,2,6,0,0,0,1,0,0,0,0,5.13617E+20,5.41233E+21,9.18566E+15,4.88638E+16
114286,114287,8,4,15,59,2016,6,6,3,3,5,3,0,0,0,1,0,0,0,0,5.16572E+20,5.36737E+21,9.22416E+15,4.84592E+16
114287,114288,8,1,16,19,2016,6,14,2,3,6,4,0,0,0,1,1,0,0,0,5.22251E+20,5.39884E+21,9.30266E+15,4.87421E+16
114288,114289,8,3,15,74,2016,6,6,4,3,5,3,0,1,0,1,0,0,0,0,3.96543E+20,5.29846E+21,7.61758E+15,4.78312E+16
114289,114290,8,3,35,43,2016,6,6,2,2,5,3,0,1,1,1,0,0,0,0,5.11017E+20,5.28081E+21,9.14679E+15,4.76806E+16
114290,114291,8,1,16,43,2016,6,19,5,3,3,2,0,0,0,1,0,1,0,0,5.42039E+20,5.38029E+21,9.56992E+15,4.85743E+16
114291,114292,8,4,15,89,2016,6,2,7,3,2,6,2,0,0,1,0,0,0,0,5.21595E+20,5.36016E+21,9.29173E+15,4.83942E+16
114292,114293,8,4,35,59,2016,6,9,4,3,6,2,0,0,0,1,1,0,0,0,5.11925E+20,5.29037E+21,9.15914E+15,4.77666E+16
114293,114294,8,3,35,75,2016,6,15,3,3,5,3,0,1,0,1,0,0,0,0,4.89634E+20,5.2889E+21,8.8617E+15,4.77534E+16
114294,114295,8,1,15,28,2016,6,16,2,3,5,2,0,0,1,1,0,0,0,0,5.00703E+20,5.40532E+21,9.00958E+15,4.88009E+16
114295,114296,8,1,18,48,2016,6,17,1,3,2,6,0,0,0,1,0,1,0,0,5.1382E+20,5.41554E+21,9.18854E+15,4.88927E+16
114296,114297,8,1,18,79,2016,6,16,6,3,5,3,0,1,0,1,0,0,0,0,5.08769E+20,5.42113E+21,9.11975E+15,4.8943E+16
114297,114298,8,2,15,21,2016,6,13,2,3,5,2,0,0,1,0,0,0,1,0,4.68733E+20,5.44496E+21,8.57117E+15,4.91566E+16
114298,114299,8,2,26,46,2016,6,16,5,3,5,3,0,0,1,1,0,0,0,0,4.74947E+20,5.45448E+21,8.6558E+15,4.92426E+16
114299,114300,8,3,17,141,2016,6,11,2,2,6,7,0,0,0,0,1,0,1,0,4.17897E+20,5.37715E+21,7.88764E+15,4.85421E+16
114300,114301,8,3,26,74,2016,6,8,5,3,5,3,0,1,0,1,0,0,0,0,4.64468E+20,5.32315E+21,8.52311E+15,4.80606E+16
114301,114302,8,3,36,91,2016,6,18,7,2,4,6,0,0,0,1,0,0,0,0,3.96203E+20,5.27304E+21,7.6191E+15,4.76024E+16
114302,114303,8,1,11,0,2016,6,11,2,3,5,3,0,0,0,1,0,0,0,0,5.18607E+20,5.40117E+21,9.2532E+15,4.87633E+16
114303,114304,8,4,36,64,2016,6,16,7,3,2,6,0,0,0,1,0,0,0,0,5.45781E+20,5.29203E+21,9.61114E+15,4.778E+16
114304,114305,8,2,22,0,2016,6,11,3,3,5,3,0,0,1,1,0,0,0,0,4.61782E+20,5.47924E+21,8.47255E+15,4.94646E+16
114305,114306,8,1,11,0,2016,6,16,7,3,6,4,0,1,0,1,1,0,0,0,5.16006E+20,5.40547E+21,9.21797E+15,4.8802E+16
114306,114307,8,2,22,0,2016,6,11,6,3,6,7,0,0,1,0,1,0,0,0,4.61853E+20,5.47924E+21,8.47354E+15,4.94646E+16
114307,114308,8,1,16,19,2016,6,17,6,3,5,3,0,0,1,1,0,0,0,0,5.23391E+20,5.39839E+21,9.31814E+15,4.87381E+16
114308,114309,8,2,22,0,2016,6,10,5,3,5,3,0,0,1,1,0,0,0,0,4.62068E+20,5.48274E+21,8.47618E+15,4.94961E+16
114309,114310,8,1,17,53,2016,6,19,4,3,6,7,0,0,0,1,1,0,0,0,5.50155E+20,5.40047E+21,9.68237E+15,4.87552E+16
114310,114311,8,1,11,0,2016,6,12,2,2,5,2,0,1,0,1,0,0,0,1,5.12545E+20,5.4029E+21,9.17076E+15,4.8779E+16
114311,114312,8,1,35,16,2016,6,10,1,3,1,6,0,0,0,1,0,0,0,0,5.91226E+20,5.38624E+21,1.02379E+16,4.86225E+16
114312,114313,8,1,19,67,2016,6,9,7,3,3,5,0,0,1,1,0,0,0,0,5.39049E+20,5.40621E+21,9.53182E+15,4.88076E+16
114313,114314,8,3,11,0,2016,6,11,4,3,5,2,0,1,0,1,0,0,0,0,4.12979E+20,5.31638E+21,7.83353E+15,4.79948E+16
114314,114315,8,1,11,0,2016,6,18,2,3,8,1,0,0,0,0,0,1,0,0,5.1145E+20,5.41083E+21,9.15607E+15,4.88503E+16
114315,114316,8,2,37,4,2016,6,11,7,2,0,1,0,0,1,0,0,0,0,0,4.5045E+20,5.37459E+21,8.32894E+15,4.85224E+16
114316,114317,8,3,11,0,2016,6,13,4,3,0,7,0,1,0,1,1,0,0,0,4.19327E+20,5.31393E+21,7.91908E+15,4.79735E+16
114317,114318,8,1,18,68,2016,6,7,3,3,4,6,0,0,0,1,0,1,0,0,5.00505E+20,5.4229E+21,9.0069E+15,4.8959E+16
114318,114319,8,1,27,76,2016,6,17,5,3,4,6,0,0,1,0,0,0,0,0,5.53567E+20,5.44081E+21,9.7341E+15,4.91178E+16
114319,114320,8,4,16,41,2016,6,17,6,3,0,7,0,0,1,0,0,0,0,0,5.04637E+20,5.37364E+21,9.06278E+15,4.85159E+16
114320,114321,8,2,12,0,2016,6,17,6,3,2,7,0,1,1,1,0,0,0,0,4.55748E+20,5.42849E+21,8.3949E+15,4.90077E+16
114321,114322,8,1,11,0,2016,6,7,6,3,6,7,0,0,1,0,1,0,0,0,5.11673E+20,5.40221E+21,9.15887E+15,4.87728E+16
114322,114323,8,1,36,28,2016,6,12,5,3,6,4,0,1,0,1,1,0,0,0,5.68464E+20,5.40465E+21,9.93214E+15,4.87911E+16
114323,114324,8,1,16,78,2016,6,16,4,3,2,6,0,0,0,1,0,0,0,0,5.11828E+20,5.39317E+21,9.16072E+15,4.86915E+16
114324,114325,8,3,26,74,2016,6,14,3,3,5,3,0,0,0,1,0,1,0,0,4.58816E+20,5.32606E+21,8.44698E+15,4.80865E+16
114325,114326,8,4,36,13,2016,6,16,1,3,8,1,0,0,0,0,0,1,0,0,5.43236E+20,5.29861E+21,9.57781E+15,4.78394E+16
114326,114327,8,3,11,0,2016,6,16,4,3,2,6,0,0,0,1,0,0,0,0,4.12055E+20,5.31886E+21,7.82065E+15,4.8017E+16
114327,114328,8,4,15,61,2016,6,18,2,3,1,6,0,1,0,1,0,1,0,0,5.15695E+20,5.37231E+21,9.21248E+15,4.85038E+16
114328,114329,8,1,17,26,2016,6,22,5,3,1,6,2,1,0,1,0,0,0,0,5.47517E+20,5.3954E+21,9.6459E+15,4.87098E+16
114329,114330,8,3,36,50,2016,6,23,7,3,2,6,2,1,0,1,0,0,0,0,4.00507E+20,5.27528E+21,7.67583E+15,4.76233E+16
114330,114331,8,4,36,11,2016,6,14,2,2,5,3,0,0,0,1,0,1,0,0,5.49025E+20,5.29955E+21,9.65528E+15,4.78475E+16