FID,OBJECTID,ULAND,UREGBEZ,UKREIS,UGEMEINDE,UJAHR,UMONAT,USTUNDE,UWOCHENTAG,UKATEGORIE,UART,UTYP1,ULICHTVERH,IstStrasse,IstRad,IstPKW,IstFuss,IstKrad,IstGkfz,IstSonstig,LINREFX,LINREFY,XGCSWGS84,YGCSWGS84
114331,114332,8,1,18,21,2016,6,12,5,3,6,4,0,1,0,1,1,0,0,0,5.20959E+20,5.42734E+21,9.28654E+15,4.89986E+16
114332,114333,8,3,16,11,2016,6,7,6,3,5,3,0,1,1,1,0,0,0,0,4.14918E+20,5.32981E+21,7.85685E+15,4.81159E+16
114333,114334,8,1,21,0,2016,6,7,6,3,1,5,0,1,0,1,0,0,0,1,5.16001E+20,5.44275E+21,9.21937E+15,4.91373E+16
114334,114335,8,4,15,92,2016,6,8,5,3,5,3,0,1,0,1,0,0,0,0,5.18821E+20,5.36549E+21,9.2545E+15,4.84423E+16
114335,114336,8,1,16,80,2016,6,14,4,3,5,3,0,0,0,1,0,0,0,1,5.19609E+20,5.39713E+21,9.26664E+15,4.87269E+16
114336,114337,8,3,17,96,2016,6,13,3,3,6,4,0,0,0,0,1,0,0,1,4.22799E+20,5.37378E+21,7.95467E+15,4.85124E+16
114337,114338,8,4,26,128,2016,6,13,1,3,5,3,0,0,0,1,0,1,0,0,5.59745E+20,5.33109E+21,9.80294E+15,4.81302E+16
114338,114339,8,3,17,146,2016,6,16,2,3,5,3,0,1,0,1,0,1,0,0,4.29554E+20,5.35353E+21,8.04952E+15,4.8331E+16
114339,114340,8,1,15,3,2016,6,13,5,3,2,6,0,0,0,1,0,0,0,0,5.01039E+20,5.39239E+21,9.01412E+15,4.86846E+16
114340,114341,8,3,35,75,2016,6,14,7,3,0,1,0,0,1,0,0,0,0,0,4.89033E+20,5.28835E+21,8.8537E+15,4.77484E+16
114341,114342,8,4,21,0,2016,6,7,4,3,6,7,0,0,0,1,1,0,0,0,5.6982E+20,5.36402E+21,9.94377E+15,4.84255E+16
114342,114343,8,4,21,0,2016,6,18,1,3,0,1,0,1,0,0,0,1,0,0,5.7365E+20,5.36149E+21,9.99508E+15,4.84022E+16
114343,114344,8,1,11,0,2016,6,12,1,3,1,7,0,0,0,1,0,0,0,0,5.08855E+20,5.40785E+21,9.12064E+15,4.88236E+16
114344,114345,8,2,26,96,2016,6,17,3,3,1,6,0,1,0,1,0,0,0,0,4.74314E+20,5.48797E+21,8.64494E+15,4.95438E+16
114345,114346,8,4,21,0,2016,6,11,4,3,5,3,0,1,0,1,0,1,0,0,5.74143E+20,5.36225E+21,1.00019E+16,4.8409E+16
114346,114347,8,3,16,37,2016,6,12,3,3,5,3,0,1,0,1,0,0,0,0,4.0665E+20,5.33455E+21,7.74475E+15,4.81573E+16
114347,114348,8,4,17,31,2016,6,23,1,3,5,3,2,0,0,1,0,0,0,0,4.97259E+20,5.35522E+21,8.963E+15,4.83501E+16
114348,114349,8,3,11,0,2016,6,14,2,3,5,3,0,0,1,1,0,0,0,0,4.15159E+20,5.31588E+21,7.86285E+15,4.79906E+16
114349,114350,8,3,11,0,2016,6,21,5,3,1,1,1,1,1,1,0,0,0,0,4.13326E+20,5.31644E+21,7.83818E+15,4.79954E+16
114350,114351,8,3,17,122,2016,6,10,7,3,6,7,0,0,0,1,1,0,0,0,4.16566E+20,5.36661E+21,7.87172E+15,4.84471E+16
114351,114352,8,3,35,1,2016,6,14,1,3,6,7,0,0,0,1,1,0,0,0,4.88894E+20,5.29926E+21,8.85155E+15,4.78466E+16
114352,114353,8,3,17,113,2016,6,19,7,3,8,1,0,1,0,0,0,1,0,0,4.09409E+20,5.34471E+21,7.77968E+15,4.82491E+16
114353,114354,8,2,16,17,2016,6,14,3,3,6,4,0,1,0,1,1,0,0,0,4.51417E+20,5.40138E+21,8.33889E+15,4.87635E+16
114354,114355,8,4,35,29,2016,6,17,6,2,5,3,0,0,0,0,0,1,0,1,5.44885E+20,5.27256E+21,9.59716E+15,4.76049E+16
114355,114356,8,2,22,0,2016,6,11,6,3,6,4,0,1,0,1,1,0,0,0,4.62393E+20,5.47837E+21,8.48107E+15,4.94568E+16
114356,114357,8,1,11,0,2016,6,14,6,3,5,3,0,0,1,1,0,0,0,0,5.15016E+20,5.4093E+21,9.20463E+15,4.88365E+16
114357,114358,8,2,15,17,2016,6,12,5,3,5,3,0,0,1,1,0,0,0,0,4.54682E+20,5.42181E+21,8.38106E+15,4.89475E+16
114358,114359,8,1,19,20,2016,6,14,7,3,2,2,0,0,0,1,0,0,0,0,5.19959E+20,5.4075E+21,9.2719E+15,4.88201E+16
114359,114360,8,2,26,95,2016,6,13,6,3,2,6,0,1,0,1,0,0,0,0,4.74942E+20,5.46021E+21,8.65538E+15,4.92941E+16
114360,114361,8,1,17,49,2016,6,11,6,3,8,1,0,0,1,0,0,0,0,0,5.55024E+20,5.392E+21,9.74749E+15,4.86787E+16
114361,114362,8,2,35,85,2016,6,15,2,3,6,7,0,0,0,1,1,0,0,0,4.80678E+20,5.39588E+21,8.73732E+15,4.87157E+16
114362,114363,8,2,21,0,2016,6,8,5,3,5,3,0,0,1,1,0,0,0,0,4.76828E+20,5.47248E+21,8.68059E+15,4.94046E+16
114363,114364,8,3,17,96,2016,6,15,7,2,3,7,0,1,0,1,0,0,0,0,4.21115E+20,5.36888E+21,7.9328E+15,4.84681E+16
114364,114365,8,1,16,56,2016,6,9,4,3,5,3,0,1,0,1,0,1,0,0,5.30489E+20,5.39582E+21,9.41448E+15,4.87146E+16
114365,114366,8,3,35,75,2016,6,19,1,3,5,2,0,0,0,1,0,1,0,0,4.87691E+20,5.29007E+21,8.83573E+15,4.77638E+16
114366,114367,8,3,17,65,2016,6,13,1,3,6,2,0,0,0,1,1,0,0,0,4.16011E+20,5.35438E+21,7.86666E+15,4.8337E+16
114367,114368,8,2,12,0,2016,6,12,7,3,5,7,0,0,1,1,0,0,0,0,4.54254E+20,5.42859E+21,8.37446E+15,4.90085E+16
114368,114369,8,3,11,0,2016,6,13,4,3,4,3,0,0,1,0,0,0,0,0,4.13503E+20,5.31642E+21,7.84056E+15,4.79952E+16
114369,114370,8,1,11,0,2016,6,13,3,1,5,3,0,1,1,1,0,0,0,0,5.08689E+20,5.40637E+21,9.11834E+15,4.88103E+16
114370,114371,8,1,25,26,2016,6,17,5,2,6,2,0,0,0,1,1,0,0,0,4.93113E+20,5.44227E+21,8.90559E+15,4.91332E+16
114371,114372,8,3,26,74,2016,6,14,6,3,2,6,0,0,0,1,0,0,0,0,4.60074E+20,5.32256E+21,8.46419E+15,4.8055E+16
114372,114373,8,1,36,88,2016,6,9,6,2,5,3,0,1,0,1,0,1,0,0,5.78149E+20,5.40964E+21,1.00649E+16,4.88348E+16
114373,114374,8,4,36,64,2016,6,21,5,3,0,1,2,1,1,0,0,0,0,0,5.4613E+20,5.29252E+21,9.61584E+15,4.77844E+16
114374,114375,8,1,16,33,2016,6,16,4,2,6,4,0,0,0,1,1,0,0,0,5.33835E+20,5.38715E+21,9.45926E+15,4.86365E+16
114375,114376,8,3,11,0,2016,6,17,3,3,5,4,0,1,1,0,1,0,0,0,4.13717E+20,5.31638E+21,7.84343E+15,4.79949E+16
114376,114377,8,3,17,153,2016,6,12,1,3,3,6,0,0,1,0,0,0,0,1,4.19697E+20,5.39171E+21,7.90921E+15,4.86733E+16
114377,114378,8,1,16,56,2016,6,20,4,3,5,3,0,0,0,1,0,0,0,0,5.29884E+20,5.39557E+21,9.40624E+15,4.87125E+16
114378,114379,8,3,11,0,2016,6,10,3,3,5,3,0,1,1,1,0,0,0,0,4.11774E+20,5.32113E+21,7.81641E+15,4.80374E+16
114379,114380,8,3,15,113,2016,6,15,1,3,1,6,0,0,0,1,0,0,0,1,4.36309E+20,5.30583E+21,8.14779E+15,4.79026E+16
114380,114381,8,2,37,28,2016,6,6,4,3,9,1,0,1,0,1,0,0,0,0,4.60431E+20,5.36839E+21,8.4647E+15,4.84674E+16
114381,114382,8,4,35,36,2016,6,10,2,3,3,2,0,1,1,1,0,0,0,0,5.20991E+20,5.28184E+21,9.27972E+15,4.76896E+16
114382,114383,8,1,18,46,2016,6,10,5,3,1,6,0,0,0,1,0,0,0,0,5.13624E+20,5.41208E+21,9.18575E+15,4.88615E+16
114383,114384,8,2,31,0,2016,6,12,6,3,6,4,0,1,0,1,1,0,0,0,4.78478E+20,5.41624E+21,8.70635E+15,4.88987E+16
114384,114385,8,1,18,48,2016,6,7,6,3,0,3,0,0,1,1,0,0,0,0,5.12237E+20,5.41722E+21,9.167E+15,4.89078E+16
114385,114386,8,3,36,91,2016,6,19,5,3,5,3,0,1,0,1,0,0,0,0,3.95686E+20,5.27177E+21,7.61253E+15,4.7591E+16
114386,114387,8,1,15,2,2016,6,16,4,3,9,6,0,0,0,1,0,1,0,0,4.99377E+20,5.38777E+21,8.99154E+15,4.8643E+16
114387,114388,8,3,15,76,2016,6,13,3,2,5,3,0,1,0,1,0,0,0,0,3.91805E+20,5.29585E+21,7.55495E+15,4.78069E+16
114388,114389,8,3,11,0,2016,6,15,1,3,2,6,0,0,0,1,0,1,0,0,4.15139E+20,5.31902E+21,7.86196E+15,4.80189E+16
114389,114390,8,3,17,141,2016,6,15,2,3,5,3,0,0,1,1,0,0,0,0,4.20529E+20,5.37711E+21,7.92331E+15,4.85421E+16
114390,114391,8,1,11,0,2016,6,15,5,2,0,3,0,1,1,0,0,1,0,0,5.19775E+20,5.40107E+21,9.26908E+15,4.87623E+16
114391,114392,8,3,35,43,2016,6,1,5,3,8,1,2,0,1,0,0,0,0,0,5.12925E+20,5.27866E+21,9.17214E+15,4.76612E+16
114392,114393,8,3,17,26,2016,6,10,7,3,2,2,0,0,0,1,0,1,0,0,4.12228E+20,5.34607E+21,7.81736E+15,4.82618E+16
114393,114394,8,2,35,22,2016,6,12,4,2,6,7,0,0,0,0,0,0,1,1,4.72055E+20,5.37925E+21,8.62122E+15,4.85657E+16
114394,114395,8,3,37,51,2016,6,13,2,2,0,7,0,1,0,0,0,0,1,1,4.37601E+20,5.28703E+21,8.16777E+15,4.77336E+16
114395,114396,8,1,17,19,2016,6,17,5,3,5,7,0,0,0,1,0,0,0,0,5.51664E+20,5.39331E+21,9.70201E+15,4.86907E+16
114396,114397,8,3,17,65,2016,6,19,7,3,4,1,0,1,0,1,0,1,0,0,4.15258E+20,5.35414E+21,7.85655E+15,4.83347E+16
114397,114398,8,4,16,41,2016,6,20,4,3,0,1,0,0,0,0,0,1,0,0,5.05707E+20,5.37541E+21,9.0773E+15,4.85317E+16
114398,114399,8,2,12,0,2016,6,8,3,2,3,2,0,0,0,1,0,0,0,1,4.53389E+20,5.42892E+21,8.36259E+15,4.90114E+16
114399,114400,8,3,15,8,2016,6,0,1,2,0,1,2,1,1,0,0,0,0,0,4.02646E+20,5.30187E+21,7.69834E+15,4.78628E+16
114400,114401,8,1,18,50,2016,6,17,1,3,0,1,0,0,1,0,0,0,0,0,5.07769E+20,5.41718E+21,9.10602E+15,4.89075E+16
114401,114402,8,3,11,0,2016,6,8,2,3,6,4,0,0,1,0,1,0,0,0,4.1491E+20,5.31776E+21,7.85915E+15,4.80075E+16
114402,114403,8,2,12,0,2016,6,8,5,3,5,7,0,1,0,1,0,0,0,1,4.57031E+20,5.42865E+21,8.41242E+15,4.90093E+16
114403,114404,8,3,17,57,2016,6,13,7,3,5,3,0,1,0,1,0,0,0,0,4.13918E+20,5.37318E+21,7.83457E+15,4.85058E+16
114404,114405,8,2,12,0,2016,6,19,1,3,3,2,0,1,1,1,0,0,0,0,4.54284E+20,5.42889E+21,8.37483E+15,4.90112E+16
114405,114406,8,3,17,96,2016,6,15,7,2,8,1,0,1,0,1,0,0,0,0,4.20525E+20,5.36744E+21,7.92509E+15,4.8455E+16
114406,114407,8,1,35,19,2016,6,14,1,2,0,1,0,1,1,0,0,0,0,0,5.86744E+20,5.39128E+21,1.01782E+16,4.86685E+16
114407,114408,8,4,36,49,2016,6,10,7,3,6,7,0,0,0,0,1,0,0,1,5.77801E+20,5.28243E+21,1.00368E+16,4.76905E+16
114408,114409,8,2,26,32,2016,6,17,3,3,1,6,0,1,0,1,1,0,0,0,4.67164E+20,5.46286E+21,8.54819E+15,4.93176E+16
114409,114410,8,1,16,19,2016,6,19,7,3,5,2,0,1,0,1,0,1,0,0,5.2495E+20,5.39736E+21,9.33927E+15,4.87288E+16
114410,114411,8,2,26,95,2016,6,11,6,2,0,7,0,0,1,0,0,0,0,1,4.73918E+20,5.46185E+21,8.64118E+15,4.93089E+16
114411,114412,8,1,16,78,2016,6,22,6,3,6,4,2,0,0,1,1,0,0,0,5.14158E+20,5.39306E+21,9.19238E+15,4.86904E+16
114412,114413,8,2,22,0,2016,6,12,5,2,5,3,0,0,0,1,0,1,0,0,4.62781E+20,5.48092E+21,8.48618E+15,4.94798E+16
114413,114414,8,1,11,0,2016,6,22,4,3,5,3,2,0,0,1,0,0,0,1,5.18301E+20,5.40397E+21,9.24915E+15,4.87885E+16
114414,114415,8,1,18,18,2016,6,16,1,2,4,6,0,1,0,1,0,1,0,0,5.11708E+20,5.43061E+21,9.16016E+15,4.90283E+16
114415,114416,8,1,36,65,2016,6,17,1,3,6,4,0,0,0,1,1,0,0,0,5.58146E+20,5.40557E+21,9.79181E+15,4.88004E+16
114416,114417,8,1,36,42,2016,6,3,1,2,0,1,2,0,1,0,0,0,0,0,5.50225E+20,5.40528E+21,9.68392E+15,4.87984E+16
114417,114418,8,2,16,24,2016,6,19,7,2,8,1,0,0,0,0,0,1,0,0,4.46679E+20,5.40873E+21,8.27347E+15,4.88292E+16
114418,114419,8,2,26,98,2016,6,14,4,2,6,4,0,0,0,1,1,0,0,0,4.78046E+20,5.46008E+21,8.69807E+15,4.9293E+16
114419,114420,8,1,11,0,2016,6,13,3,3,2,7,0,0,1,1,0,0,0,0,5.16981E+20,5.40269E+21,9.23113E+15,4.8777E+16
114420,114421,8,1,19,20,2016,6,9,5,3,0,1,0,1,1,1,0,0,0,0,5.20861E+20,5.40683E+21,9.28415E+15,4.88141E+16
114421,114422,8,3,26,12,2016,6,16,6,2,5,3,0,0,1,1,0,0,0,0,4.63179E+20,5.31297E+21,8.50669E+15,4.7969E+16
114422,114423,8,2,25,33,2016,6,9,6,3,5,3,0,1,0,1,0,0,0,0,5.10573E+20,5.46117E+21,9.14544E+15,4.93032E+16
114423,114424,8,2,26,84,2016,6,17,4,3,5,3,0,0,1,1,0,0,0,0,4.69833E+20,5.46958E+21,8.58441E+15,4.93782E+16
114424,114425,8,1,19,20,2016,6,17,3,3,6,4,0,0,0,1,1,0,0,0,5.20206E+20,5.40585E+21,9.27518E+15,4.88053E+16
114425,114426,8,4,25,84,2016,6,16,6,3,1,1,0,0,1,1,0,0,0,0,5.58178E+20,5.37674E+21,9.78819E+15,4.85411E+16
114426,114427,8,2,15,21,2016,6,20,6,3,5,3,0,0,0,1,0,0,0,0,4.69081E+20,5.44503E+21,8.57593E+15,4.91573E+16
114427,114428,8,1,11,0,2016,6,8,6,3,1,5,0,1,1,1,0,0,0,0,5.13338E+20,5.40194E+21,9.18152E+15,4.87704E+16
114428,114429,8,1,36,44,2016,6,14,5,3,6,4,0,0,0,1,1,0,0,0,5.58487E+20,5.40801E+21,9.7968E+15,4.88223E+16
114429,114430,8,1,11,0,2016,6,18,4,3,5,2,0,0,1,1,0,0,0,0,5.12097E+20,5.3962E+21,9.16446E+15,4.87187E+16
114430,114431,8,2,35,85,2016,6,10,3,3,0,1,0,1,1,0,0,0,0,0,4.80775E+20,5.39793E+21,8.73855E+15,4.87341E+16
114431,114432,8,1,18,73,2016,6,14,1,3,0,1,0,0,0,0,0,1,0,0,4.97184E+20,5.41941E+21,8.96156E+15,4.89276E+16
114432,114433,8,2,22,0,2016,6,10,4,3,1,5,0,0,1,1,0,0,0,0,4.61567E+20,5.48192E+21,8.46934E+15,4.94887E+16
114433,114434,8,4,15,61,2016,6,9,2,3,5,3,0,1,1,1,0,0,0,0,5.14509E+20,5.3717E+21,9.1964E+15,4.84982E+16
114434,114435,8,1,17,60,2016,6,6,5,3,5,3,0,0,0,1,0,0,0,0,5.4244E+20,5.38863E+21,9.5762E+15,4.86493E+16
114435,114436,8,3,11,0,2016,6,7,7,3,2,1,0,1,0,1,0,0,0,0,4.10331E+20,5.31615E+21,7.79809E+15,4.79923E+16
114436,114437,8,4,35,16,2016,6,19,4,3,5,3,0,0,1,0,0,0,0,0,5.35821E+20,5.27797E+21,9.47702E+15,4.76542E+16
114437,114438,8,4,26,21,2016,6,8,3,3,2,6,0,1,0,1,0,1,0,0,5.5915E+20,5.32638E+21,9.7943E+15,4.8088E+16
114438,114439,8,1,25,65,2016,6,16,4,3,5,3,0,0,0,1,0,1,0,0,5.1661E+20,5.4491E+21,9.22798E+15,4.91944E+16
114439,114440,8,4,21,0,2016,6,14,2,3,5,3,0,0,1,0,0,0,0,0,5.72217E+20,5.36194E+21,9.97581E+15,4.84065E+16
114440,114441,8,1,21,0,2016,6,8,3,3,6,4,0,0,0,0,1,0,0,1,5.17164E+20,5.44358E+21,9.23535E+15,4.91448E+16
114441,114442,8,1,18,48,2016,6,14,2,3,5,2,0,0,0,1,0,1,0,0,5.1052E+20,5.41876E+21,9.1436E+15,4.89216E+16
114442,114443,8,2,25,58,2016,6,19,4,3,5,3,0,0,0,1,0,0,0,0,5.07691E+20,5.46497E+21,9.10587E+15,4.93374E+16
114443,114444,8,3,36,81,2016,6,12,4,3,0,7,0,0,1,0,0,0,0,0,4.1195E+20,5.27844E+21,7.82746E+15,4.76534E+16
114444,114445,8,4,21,0,2016,6,17,2,3,5,3,0,0,1,1,0,0,0,0,5.72488E+20,5.35691E+21,9.97861E+15,4.83612E+16
114445,114446,8,1,11,0,2016,6,21,3,2,0,7,2,0,1,0,0,0,0,0,5.12353E+20,5.40214E+21,9.16813E+15,4.87721E+16
114446,114447,8,4,15,14,2016,6,14,5,3,0,1,0,0,1,0,0,0,0,0,5.27139E+20,5.3746E+21,9.36755E+15,4.85239E+16
114447,114448,8,1,18,48,2016,6,20,2,3,0,7,0,0,1,1,0,0,0,0,5.13382E+20,5.41566E+21,9.18258E+15,4.88938E+16
114448,114449,8,2,12,0,2016,6,14,5,3,5,3,0,0,1,1,0,0,0,0,4.55525E+20,5.42876E+21,8.39181E+15,4.90102E+16
114449,114450,8,1,35,19,2016,6,18,5,3,6,4,0,0,0,1,1,0,0,0,5.84174E+20,5.38998E+21,1.0143E+16,4.86572E+16
114450,114451,8,1,16,77,2016,6,12,5,2,2,6,0,0,0,1,0,0,0,0,5.16113E+20,5.39216E+21,9.21891E+15,4.86823E+16
114451,114452,8,1,18,46,2016,6,7,2,3,5,2,0,0,0,1,0,0,0,0,5.14018E+20,5.41148E+21,9.1911E+15,4.88561E+16
114452,114453,8,1,17,26,2016,6,14,2,3,0,3,0,0,1,0,0,1,0,0,5.50344E+20,5.39569E+21,9.68437E+15,4.87122E+16
114453,114454,8,2,26,12,2016,6,16,4,2,5,3,0,0,1,1,0,0,0,0,4.7357E+20,5.47747E+21,8.63536E+15,4.94493E+16
114454,114455,8,4,25,72,2016,6,12,2,3,5,3,0,0,1,0,0,0,0,1,5.83019E+20,5.37205E+21,1.01237E+16,4.84961E+16
114455,114456,8,4,35,42,2016,6,9,2,3,4,7,0,0,0,1,0,0,0,0,5.51838E+20,5.27716E+21,9.69021E+15,4.76458E+16
114456,114457,8,3,27,38,2016,6,22,5,3,6,7,2,0,0,0,1,0,0,1,4.92998E+20,5.31403E+21,8.90617E+15,4.79795E+16
114457,114458,8,1,16,4,2016,6,13,2,3,6,4,0,0,0,1,1,0,0,0,5.28323E+20,5.39651E+21,9.38508E+15,4.87209E+16
114458,114459,8,2,25,58,2016,6,7,5,3,5,2,0,0,1,1,0,0,0,0,5.09109E+20,5.46577E+21,9.1254E+15,4.93446E+16
114459,114460,8,1,21,0,2016,6,8,5,3,5,3,0,0,0,1,0,0,0,0,5.16917E+20,5.44361E+21,9.23197E+15,4.91451E+16
114460,114461,8,1,15,13,2016,6,21,5,3,5,3,1,0,0,1,0,0,0,0,4.95536E+20,5.39032E+21,8.93938E+15,4.86659E+16
114461,114462,8,4,17,13,2016,6,14,3,3,8,1,0,0,1,0,0,0,0,0,5.07583E+20,5.34887E+21,9.10224E+15,4.8293E+16
114462,114463,8,1,21,0,2016,6,20,4,3,8,7,0,0,0,1,0,0,0,0,5.17108E+20,5.44288E+21,9.23455E+15,4.91385E+16
114463,114464,8,4,21,0,2016,6,15,2,3,5,3,0,0,0,1,0,1,0,0,5.74406E+20,5.36195E+21,1.00054E+16,4.84063E+16
114464,114465,8,2,16,7,2016,6,20,3,3,2,6,0,0,0,1,0,0,0,0,4.36282E+20,5.39407E+21,8.1341E+15,4.86964E+16
114465,114466,8,4,15,50,2016,6,10,2,3,4,2,0,0,1,1,0,0,0,0,5.21207E+20,5.37626E+21,9.2873E+15,4.85391E+16
114466,114467,8,4,15,59,2016,6,17,4,2,8,1,0,0,1,0,0,0,0,0,5.17318E+20,5.36754E+21,9.23425E+15,4.84608E+16
114467,114468,8,3,36,24,2016,6,15,2,3,8,1,0,0,0,0,0,1,0,0,3.95634E+20,5.27895E+21,7.61012E+15,4.76555E+16
114468,114469,8,3,36,6,2016,6,13,5,3,5,3,0,0,0,1,0,1,0,0,3.91597E+20,5.28825E+21,7.55406E+15,4.77385E+16
114469,114470,8,3,17,96,2016,6,22,4,3,0,7,2,0,1,0,0,0,0,0,4.23146E+20,5.36449E+21,7.96107E+15,4.84288E+16
114470,114471,8,1,16,19,2016,6,14,2,2,6,1,0,0,0,0,1,0,1,0,5.22669E+20,5.40016E+21,9.30842E+15,4.87541E+16
114471,114472,8,2,22,0,2016,6,22,5,2,5,3,2,0,0,1,0,0,0,0,4.64535E+20,5.48505E+21,8.51004E+15,4.9517E+16
114472,114473,8,1,18,51,2016,6,16,5,3,1,4,0,0,0,1,1,0,0,0,5.09272E+20,5.41491E+21,9.12648E+15,4.88871E+16
114473,114474,8,1,11,0,2016,6,11,5,3,2,6,0,0,0,1,0,0,0,0,5.16048E+20,5.40375E+21,9.21847E+15,4.87865E+16
114474,114475,8,4,16,41,2016,6,18,3,3,9,1,0,0,1,0,0,0,0,0,5.05237E+20,5.37315E+21,9.07091E+15,4.85115E+16
114475,114476,8,1,21,0,2016,6,7,4,3,5,3,0,0,1,1,0,0,0,0,5.1486E+20,5.44123E+21,9.20367E+15,4.91237E+16
114476,114477,8,3,35,75,2016,6,14,2,3,5,2,0,0,1,0,0,0,0,1,4.88044E+20,5.29065E+21,8.84044E+15,4.77691E+16
114477,114478,8,1,15,13,2016,6,11,3,3,5,3,0,0,1,1,0,0,0,0,4.95603E+20,5.3897E+21,8.94028E+15,4.86603E+16
114478,114479,8,3,17,96,2016,6,15,4,3,4,2,0,0,0,0,0,1,0,0,4.22588E+20,5.36891E+21,7.95271E+15,4.84686E+16
114479,114480,8,1,16,49,2016,6,15,2,2,1,6,0,0,0,1,0,1,0,0,5.25162E+20,5.38616E+21,9.34148E+15,4.8628E+16
114480,114481,8,3,36,50,2016,6,12,4,3,5,3,0,0,0,1,0,1,0,0,3.9942E+20,5.27372E+21,7.66173E+15,4.7609E+16
114481,114482,8,1,16,80,2016,6,21,2,3,1,7,1,0,0,1,0,1,0,0,5.20607E+20,5.39708E+21,9.2802E+15,4.87264E+16
114482,114483,8,1,36,88,2016,6,16,5,3,0,6,0,0,0,0,0,1,1,0,5.79974E+20,5.40954E+21,1.00898E+16,4.88337E+16
114483,114484,8,1,16,71,2016,6,17,5,3,1,6,0,0,0,1,0,0,0,1,5.2846E+20,5.39078E+21,9.38656E+15,4.86694E+16
114484,114485,8,4,21,0,2016,6,9,4,3,4,2,0,0,1,1,0,0,0,0,5.72274E+20,5.36076E+21,9.97637E+15,4.83959E+16
114485,114486,8,4,16,36,2016,6,14,3,3,0,7,0,0,1,0,0,0,0,0,4.95206E+20,5.36867E+21,8.93513E+15,4.84712E+16
114486,114487,8,1,19,91,2016,6,13,4,3,5,3,0,0,0,1,0,1,0,0,5.2701E+20,5.4065E+21,9.36788E+15,4.88109E+16
114487,114488,8,3,27,49,2016,6,19,2,3,5,3,0,0,1,1,0,0,0,0,4.73159E+20,5.32428E+21,8.63969E+15,4.80713E+16
114488,114489,8,1,18,48,2016,6,23,3,3,5,3,2,0,0,1,0,0,0,0,5.12474E+20,5.41537E+21,9.17018E+15,4.88912E+16
114489,114490,8,1,16,19,2016,6,9,2,2,5,3,0,0,1,1,0,0,0,0,5.22339E+20,5.39837E+21,9.30382E+15,4.87379E+16
114490,114491,8,2,26,105,2016,6,8,4,2,5,3,0,0,1,1,0,0,0,0,4.70364E+20,5.47974E+21,8.59096E+15,4.94696E+16
114491,114492,8,3,36,69,2016,6,11,4,3,5,3,0,0,1,1,0,0,0,0,4.08553E+20,5.26784E+21,7.78445E+15,4.75575E+16
114492,114493,8,2,26,95,2016,6,17,4,2,5,3,0,0,0,1,0,1,0,0,4.73905E+20,5.46139E+21,8.64104E+15,4.93047E+16
114493,114494,8,3,35,43,2016,6,7,4,3,5,3,0,0,1,1,0,0,0,0,5.12474E+20,5.27857E+21,9.16614E+15,4.76604E+16
114494,114495,8,1,19,79,2016,6,18,4,3,2,6,0,0,0,1,0,0,0,0,5.23187E+20,5.40903E+21,9.31596E+15,4.88338E+16
114495,114496,8,3,27,50,2016,6,18,2,3,3,6,0,0,0,1,0,0,0,0,4.85826E+20,5.31425E+21,8.81005E+15,4.79814E+16
114496,114497,8,1,15,16,2016,6,14,3,3,5,3,0,0,0,1,0,0,0,0,4.86498E+20,5.37756E+21,8.81704E+15,4.8551E+16
114497,114498,8,4,21,0,2016,6,20,5,3,0,3,0,0,1,0,0,1,0,0,5.70868E+20,5.3606E+21,9.95736E+15,4.83946E+16
114498,114499,8,1,15,28,2016,6,15,2,3,5,2,0,0,0,1,0,1,0,0,5.00998E+20,5.40479E+21,9.01359E+15,4.87961E+16
114499,114500,8,2,26,98,2016,6,13,4,2,3,6,0,0,1,1,0,0,0,0,4.77837E+20,5.45959E+21,8.69523E+15,4.92886E+16
114500,114501,8,4,15,78,2016,6,9,4,2,4,5,0,0,1,1,0,0,0,0,5.28725E+20,5.3717E+21,9.38883E+15,4.84978E+16
114501,114502,8,3,17,59,2016,6,19,2,3,5,3,0,0,1,1,0,0,0,0,4.12989E+20,5.35031E+21,7.82674E+15,4.83E+16
114502,114503,8,4,35,34,2016,6,15,2,3,2,6,0,0,1,0,0,0,0,0,5.29768E+20,5.28452E+21,9.39686E+15,4.77134E+16
114503,114504,8,3,26,74,2016,6,17,5,2,5,3,0,0,0,1,0,1,0,0,4.57573E+20,5.32305E+21,8.43059E+15,4.80593E+16
114504,114505,8,1,15,3,2016,6,7,2,3,5,3,0,0,0,0,0,1,1,0,5.0225E+20,5.39249E+21,9.03057E+15,4.86854E+16
114505,114506,8,2,22,0,2016,6,18,5,3,5,3,0,0,1,1,0,0,0,0,4.62847E+20,5.4804E+21,8.48715E+15,4.94751E+16
114506,114507,8,1,19,67,2016,6,6,5,3,6,4,0,0,0,1,1,0,0,0,5.38179E+20,5.40544E+21,9.51991E+15,4.88007E+16
114507,114508,8,3,17,57,2016,6,16,2,3,0,3,0,0,1,1,0,0,0,0,4.12941E+20,5.38039E+21,7.81983E+15,4.85706E+16
114508,114509,8,1,11,0,2016,6,15,3,3,5,3,0,0,0,1,0,0,1,0,5.12991E+20,5.40697E+21,9.17696E+15,4.88156E+16