FID,OBJECTID,ULAND,UREGBEZ,UKREIS,UGEMEINDE,UJAHR,UMONAT,USTUNDE,UWOCHENTAG,UKATEGORIE,UART,UTYP1,ULICHTVERH,IstStrasse,IstRad,IstPKW,IstFuss,IstKrad,IstGkfz,IstSonstig,LINREFX,LINREFY,XGCSWGS84,YGCSWGS84
114509,114510,8,4,37,114,2016,6,13,5,2,2,2,0,0,1,1,0,0,0,0,5.15722E+20,5.33672E+21,9.21152E+15,4.81835E+16
114510,114511,8,3,36,81,2016,6,10,5,3,1,7,0,0,0,1,0,0,0,0,4.10888E+20,5.27812E+21,7.81338E+15,4.76503E+16
114511,114512,8,1,15,3,2016,6,14,2,3,5,3,0,0,1,1,0,0,0,0,5.00286E+20,5.39163E+21,9.00389E+15,4.86777E+16
114512,114513,8,2,37,40,2016,6,8,5,3,0,7,0,0,0,1,0,0,1,0,4.76347E+20,5.36534E+21,8.68019E+15,4.84408E+16
114513,114514,8,1,27,14,2016,6,7,5,2,0,1,0,0,1,0,0,0,0,0,5.78126E+20,5.44317E+21,1.00711E+16,4.91364E+16
114514,114515,8,1,15,45,2016,6,17,5,3,0,7,0,0,1,1,0,0,0,0,5.01186E+20,5.39641E+21,9.01613E+15,4.87207E+16
114515,114516,8,4,16,41,2016,6,16,3,3,0,7,0,0,1,0,0,0,0,0,5.04289E+20,5.37497E+21,9.0581E+15,4.85278E+16
114516,114517,8,3,17,1,2016,6,11,2,3,5,3,0,0,1,1,0,0,0,0,4.30974E+20,5.38754E+21,8.06307E+15,4.86371E+16
114517,114518,8,2,26,84,2016,6,17,3,3,2,6,0,0,1,1,0,0,0,0,4.69145E+20,5.47014E+21,8.57487E+15,4.93832E+16
114518,114519,8,3,17,96,2016,6,15,2,2,6,4,0,0,0,1,1,0,0,0,4.23473E+20,5.36901E+21,7.96467E+15,4.84695E+16
114519,114520,8,4,37,100,2016,6,10,2,3,5,2,0,0,0,1,0,0,0,0,5.37538E+20,5.31748E+21,9.50332E+15,4.80095E+16
114520,114521,8,3,11,0,2016,6,9,5,3,3,6,0,0,0,1,0,0,1,0,4.10921E+20,5.31816E+21,7.80558E+15,4.80105E+16
114521,114522,8,3,11,0,2016,6,19,4,3,0,2,0,0,1,1,0,0,0,0,4.12925E+20,5.31629E+21,7.83283E+15,4.7994E+16
114522,114523,8,1,15,3,2016,6,12,2,3,1,6,0,0,0,1,0,0,0,0,4.99612E+20,5.393E+21,8.99473E+15,4.869E+16
114523,114524,8,2,15,84,2016,6,9,5,3,5,3,0,0,1,1,0,0,0,0,4.71462E+20,5.44657E+21,8.60848E+15,4.91713E+16
114524,114525,8,1,18,48,2016,6,17,5,2,5,3,0,0,0,1,0,1,1,0,5.12757E+20,5.41558E+21,9.17404E+15,4.8893E+16
114525,114526,8,4,35,16,2016,6,18,4,3,0,3,0,0,0,1,0,0,0,1,5.32472E+20,5.27993E+21,9.43257E+15,4.76719E+16
114526,114527,8,3,35,63,2016,6,16,3,3,0,7,0,0,1,0,0,0,0,0,4.9794E+20,5.28843E+21,8.97252E+15,4.77492E+16
114527,114528,8,1,18,67,2016,6,8,4,2,6,4,0,0,0,0,1,0,0,1,5.05622E+20,5.4137E+21,9.07668E+15,4.88762E+16
114528,114529,8,3,15,76,2016,6,0,2,3,0,7,2,0,0,1,0,1,0,0,3.92129E+20,5.29663E+21,7.55907E+15,4.7814E+16
114529,114530,8,1,11,0,2016,6,13,5,3,6,7,0,0,0,0,1,0,0,1,5.13156E+20,5.40272E+21,9.17907E+15,4.87773E+16
114530,114531,8,3,35,43,2016,6,20,3,3,5,2,0,0,1,0,0,0,0,0,5.13039E+20,5.27968E+21,9.17369E+15,4.76703E+16
114531,114532,8,1,16,71,2016,6,19,4,3,2,6,0,0,0,1,0,1,0,0,5.2696E+20,5.39085E+21,9.36618E+15,4.86702E+16
114532,114533,8,3,36,50,2016,6,13,2,3,5,2,0,0,0,1,0,1,0,0,3.98921E+20,5.27308E+21,7.65524E+15,4.76032E+16
114533,114534,8,2,16,43,2016,6,18,3,3,5,3,0,1,0,1,0,0,0,0,4.43786E+20,5.41251E+21,8.23354E+15,4.8863E+16
114534,114535,8,3,11,0,2016,6,14,4,3,0,7,0,0,1,1,0,0,0,0,4.13343E+20,5.31549E+21,7.83859E+15,4.79869E+16
114535,114536,8,1,11,0,2016,6,8,2,2,5,3,0,0,1,0,0,0,0,1,5.19189E+20,5.40226E+21,9.26117E+15,4.87731E+16
114536,114537,8,1,35,25,2016,6,16,5,3,4,6,0,0,1,0,0,0,0,0,5.83667E+20,5.3985E+21,1.01378E+16,4.87339E+16
114537,114538,8,1,16,47,2016,6,7,5,3,1,6,0,0,0,1,0,0,0,0,5.20714E+20,5.39292E+21,9.28145E+15,4.8689E+16
114538,114539,8,2,22,0,2016,6,16,4,3,4,6,0,0,1,1,0,0,0,0,4.63031E+20,5.47779E+21,8.48994E+15,4.94516E+16
114539,114540,8,3,35,43,2016,6,20,4,3,0,3,0,0,0,1,0,1,0,0,5.13723E+20,5.27978E+21,9.1828E+15,4.76713E+16
114540,114541,8,3,26,3,2016,6,18,3,3,5,3,0,0,0,1,0,1,0,0,4.65204E+20,5.3201E+21,8.53323E+15,4.80333E+16
114541,114542,8,1,16,35,2016,6,6,4,3,7,7,0,0,1,0,0,0,0,0,5.27691E+20,5.39346E+21,9.37629E+15,4.86936E+16
114542,114543,8,3,11,0,2016,6,17,2,2,0,1,0,0,0,0,0,1,0,0,4.13652E+20,5.31668E+21,7.8425E+15,4.79976E+16
114543,114544,8,1,16,33,2016,6,15,3,3,0,3,0,0,1,1,0,0,0,0,5.32696E+20,5.3887E+21,9.44392E+15,4.86505E+16
114544,114545,8,1,25,69,2016,6,15,3,2,5,3,0,0,1,1,0,0,0,0,5.24706E+20,5.45373E+21,9.33938E+15,4.92358E+16
114545,114546,8,3,11,0,2016,6,12,4,3,0,7,0,0,0,0,0,0,1,0,4.15321E+20,5.31818E+21,7.86456E+15,4.80113E+16
114546,114547,8,1,11,0,2016,6,7,2,3,5,3,0,0,1,1,0,0,0,0,5.13612E+20,5.40428E+21,9.18533E+15,4.87913E+16
114547,114548,8,2,21,0,2016,6,18,4,3,5,3,0,0,1,1,0,0,0,0,4.7713E+20,5.47246E+21,8.68476E+15,4.94044E+16
114548,114549,8,3,35,43,2016,6,18,4,2,3,6,0,0,1,1,0,0,0,0,5.10909E+20,5.28052E+21,9.14534E+15,4.7678E+16
114549,114550,8,1,15,45,2016,6,16,4,3,0,1,0,0,0,0,0,1,0,0,5.00575E+20,5.39417E+21,9.00782E+15,4.87005E+16
114550,114551,8,2,12,0,2016,6,8,2,3,0,3,0,0,0,1,0,0,0,1,4.61027E+20,5.42754E+21,8.46717E+15,4.89995E+16
114551,114552,8,1,11,0,2016,6,22,3,2,5,7,2,0,0,1,0,0,0,0,5.16113E+20,5.40568E+21,9.21944E+15,4.88039E+16
114552,114553,8,4,16,25,2016,6,23,5,2,0,7,2,0,0,0,0,1,0,0,5.04995E+20,5.3588E+21,9.06746E+15,4.83824E+16
114553,114554,8,1,16,19,2016,6,13,5,3,0,1,0,0,1,1,0,0,0,0,5.24504E+20,5.39808E+21,9.33326E+15,4.87352E+16
114554,114555,8,1,11,0,2016,6,18,2,3,5,3,0,0,1,1,0,0,0,0,5.18305E+20,5.40173E+21,9.24911E+15,4.87683E+16
114555,114556,8,1,11,0,2016,6,21,2,3,5,3,1,0,0,1,0,0,0,0,5.07871E+20,5.39759E+21,9.10704E+15,4.87313E+16
114556,114557,8,2,15,109,2016,6,13,4,3,6,4,0,0,0,1,1,0,0,0,4.6107E+20,5.4357E+21,8.46697E+15,4.90729E+16
114557,114558,8,2,35,6,2016,6,17,2,3,4,6,0,0,0,1,0,1,0,0,4.74188E+20,5.38071E+21,8.65004E+15,4.85789E+16
114558,114559,8,4,37,86,2016,6,10,2,2,0,1,0,1,1,0,0,0,0,0,5.23817E+20,5.30719E+21,9.31877E+15,4.79176E+16
114559,114560,8,4,26,21,2016,6,14,5,3,6,4,0,0,1,0,1,0,0,0,5.58718E+20,5.32761E+21,9.78866E+15,4.80991E+16
114560,114561,8,3,35,43,2016,6,0,5,2,0,1,2,0,1,0,0,0,0,0,5.11938E+20,5.28119E+21,9.15907E+15,4.7684E+16
114561,114562,8,1,11,0,2016,6,7,2,3,2,7,0,0,0,1,0,0,0,0,5.13028E+20,5.40494E+21,9.1774E+15,4.87973E+16
114562,114563,8,2,26,95,2016,6,19,5,3,5,3,0,0,1,1,0,0,0,0,4.73618E+20,5.46166E+21,8.63707E+15,4.93071E+16
114563,114564,8,1,21,0,2016,6,13,5,3,8,1,0,0,0,1,0,0,0,0,5.12556E+20,5.44528E+21,9.17222E+15,4.91602E+16
114564,114565,8,1,15,28,2016,6,19,5,3,0,1,0,0,0,0,0,1,0,0,5.01517E+20,5.40357E+21,9.02065E+15,4.87851E+16
114565,114566,8,3,17,65,2016,6,17,3,3,5,2,0,0,1,1,0,0,0,0,4.16141E+20,5.35474E+21,7.86835E+15,4.83403E+16
114566,114567,8,2,31,0,2016,6,17,2,3,0,1,0,0,1,0,0,0,0,0,4.75499E+20,5.41337E+21,8.66588E+15,4.88728E+16
114567,114568,8,2,22,0,2016,6,18,3,3,5,3,0,0,1,1,0,0,0,0,4.62486E+20,5.48627E+21,8.48161E+15,4.95279E+16
114568,114569,8,4,26,66,2016,6,15,2,3,4,2,0,0,0,1,0,0,0,1,5.84241E+20,5.32553E+21,1.0131E+16,4.80775E+16
114569,114570,8,3,11,0,2016,6,7,5,2,2,6,0,0,1,0,0,0,0,0,4.13407E+20,5.31703E+21,7.83914E+15,4.80007E+16
114570,114571,8,2,22,0,2016,6,23,4,2,5,2,2,0,0,1,0,0,0,0,4.62368E+20,5.47848E+21,8.48072E+15,4.94578E+16
114571,114572,8,2,26,96,2016,6,9,2,3,6,7,0,0,0,1,1,0,0,0,4.73607E+20,5.48845E+21,8.63513E+15,4.95481E+16
114572,114573,8,3,11,0,2016,6,0,5,3,0,1,2,0,1,0,0,0,0,0,4.13804E+20,5.31584E+21,7.8447E+15,4.79901E+16
114573,114574,8,2,12,0,2016,6,7,4,3,6,4,0,0,0,1,1,0,0,0,4.59224E+20,5.4292E+21,8.44236E+15,4.90144E+16
114574,114575,8,4,25,33,2016,6,19,1,3,0,1,0,0,1,0,0,0,0,0,5.53812E+20,5.34785E+21,9.72534E+15,4.82816E+16
114575,114576,8,2,26,84,2016,6,18,5,2,0,1,0,0,0,1,0,1,0,0,4.6719E+20,5.46615E+21,8.54828E+15,4.93472E+16
114576,114577,8,1,19,79,2016,6,18,5,2,4,6,0,0,1,1,0,0,0,0,5.23357E+20,5.41291E+21,9.3185E+15,4.88687E+16
114577,114578,8,1,11,0,2016,6,17,5,3,5,3,0,0,1,1,0,0,0,0,5.16698E+20,5.40529E+21,9.22739E+15,4.88004E+16
114578,114579,8,3,15,6,2016,6,15,3,3,5,3,0,0,1,1,0,0,0,0,4.03951E+20,5.30792E+21,7.71444E+15,4.79174E+16
114579,114580,8,1,15,3,2016,6,12,4,3,2,6,0,0,0,1,0,0,0,0,5.00449E+20,5.39046E+21,9.0061E+15,4.86672E+16
114580,114581,8,2,21,0,2016,6,14,2,3,0,7,0,0,0,0,0,0,0,1,4.77149E+20,5.47261E+21,8.68502E+15,4.94058E+16
114581,114582,8,2,12,0,2016,6,15,3,3,5,3,0,0,1,0,0,1,0,0,4.57276E+20,5.42987E+21,8.41564E+15,4.90203E+16
114582,114583,8,2,12,0,2016,6,8,4,3,0,3,0,0,1,0,0,0,0,0,4.55468E+20,5.42814E+21,8.39111E+15,4.90045E+16
114583,114584,8,4,15,50,2016,6,18,1,3,5,3,0,0,0,1,0,1,0,0,5.21492E+20,5.37698E+21,9.2912E+15,4.85456E+16
114584,114585,8,2,12,0,2016,6,11,4,3,0,7,0,0,0,1,0,0,0,0,4.61753E+20,5.42735E+21,8.47711E+15,4.89978E+16
114585,114586,8,3,37,96,2016,6,15,1,3,2,6,0,0,1,1,0,0,0,0,4.20192E+20,5.26703E+21,7.93927E+15,4.75518E+16
114586,114587,8,1,36,19,2016,6,18,5,3,0,1,0,0,0,1,1,0,0,0,5.8281E+20,5.42364E+21,1.01313E+16,4.89602E+16
114587,114588,8,1,17,49,2016,6,9,5,3,6,7,0,0,0,0,1,0,1,0,5.55956E+20,5.39252E+21,9.76022E+15,4.86832E+16
114588,114589,8,4,26,73,2016,6,17,4,3,4,2,0,0,1,1,0,0,0,0,5.64171E+20,5.33593E+21,9.86315E+15,4.81734E+16
114589,114590,8,3,11,0,2016,6,14,3,3,5,3,0,0,1,1,0,0,0,0,4.132E+20,5.31813E+21,7.83615E+15,4.80106E+16
114590,114591,8,1,15,22,2016,6,20,4,3,3,1,0,0,1,0,0,0,0,0,4.97962E+20,5.38544E+21,8.97234E+15,4.8622E+16
114591,114592,8,2,22,0,2016,6,12,2,3,5,3,0,0,1,0,0,0,0,1,4.6169E+20,5.4834E+21,8.47088E+15,4.9502E+16
114592,114593,8,1,21,0,2016,6,15,3,3,5,3,0,0,1,1,0,0,0,0,5.15652E+20,5.44302E+21,9.2146E+15,4.91398E+16
114593,114594,8,3,36,91,2016,6,14,1,3,4,6,0,0,0,1,0,0,0,0,3.96075E+20,5.27195E+21,7.61765E+15,4.75926E+16
114594,114595,8,1,36,79,2016,6,7,4,3,3,6,0,0,1,0,1,0,0,0,5.59888E+20,5.40184E+21,9.81499E+15,4.87666E+16
114595,114596,8,3,25,14,2016,6,16,4,2,0,1,0,0,1,0,0,0,0,0,4.62696E+20,5.34409E+21,8.4975E+15,4.82489E+16
114596,114597,8,2,22,0,2016,6,17,2,3,2,6,0,0,0,1,0,1,0,0,4.62044E+20,5.48184E+21,8.47592E+15,4.9488E+16
114597,114598,8,1,11,0,2016,6,20,3,3,6,4,0,0,0,1,1,0,0,0,5.13242E+20,5.4034E+21,9.18026E+15,4.87834E+16
114598,114599,8,4,35,16,2016,6,7,5,3,3,6,0,0,1,1,0,1,0,0,5.3624E+20,5.27847E+21,9.48264E+15,4.76586E+16
114599,114600,8,3,37,2,2016,6,17,5,3,8,1,0,0,0,1,0,0,0,0,4.35976E+20,5.27303E+21,8.14815E+15,4.76075E+16
114600,114601,8,3,35,43,2016,6,19,1,3,0,3,0,0,0,1,0,1,0,0,5.12025E+20,5.28033E+21,9.1602E+15,4.76762E+16
114601,114602,8,4,17,22,2016,6,16,4,3,5,3,0,0,0,1,0,1,0,0,4.86027E+20,5.34832E+21,8.81163E+15,4.82879E+16
114602,114603,8,1,11,0,2016,6,17,4,2,6,4,0,0,0,1,1,0,0,0,5.12356E+20,5.40883E+21,9.16836E+15,4.88323E+16
114603,114604,8,2,16,29,2016,6,7,2,3,5,3,0,0,0,1,0,0,0,0,4.54739E+20,5.40212E+21,8.38403E+15,4.87704E+16
114604,114605,8,1,16,49,2016,6,7,3,3,5,3,0,0,0,0,0,1,0,1,5.25459E+20,5.38468E+21,9.34542E+15,4.86146E+16
114605,114606,8,3,25,57,2016,6,0,1,2,1,5,2,1,0,1,0,0,0,0,4.78319E+20,5.35739E+21,8.70726E+15,4.83693E+16
114606,114607,8,1,36,88,2016,6,1,4,2,8,1,2,0,0,0,0,1,0,0,5.81069E+20,5.40973E+21,1.01047E+16,4.88353E+16
114607,114608,8,2,15,102,2016,6,16,2,3,0,7,0,0,1,1,0,0,0,0,4.56712E+20,5.43809E+21,8.40705E+15,4.90942E+16
114608,114609,8,4,36,93,2016,6,17,2,3,4,6,0,0,1,0,0,0,0,1,5.44615E+20,5.3139E+21,9.59783E+15,4.79769E+16
114609,114610,8,3,25,49,2016,6,11,5,3,0,5,0,0,1,1,0,0,0,0,4.7333E+20,5.33399E+21,8.64137E+15,4.81586E+16
114610,114611,8,3,17,96,2016,6,15,1,3,5,2,0,0,1,1,0,0,0,0,4.21194E+20,5.36729E+21,7.93417E+15,4.84538E+16
114611,114612,8,2,26,12,2016,6,12,5,3,1,5,0,0,1,1,0,0,0,0,4.76108E+20,5.47736E+21,8.67038E+15,4.94484E+16
114612,114613,8,1,19,86,2016,6,16,5,3,0,1,0,0,1,0,0,0,0,0,5.35495E+20,5.4055E+21,9.48336E+15,4.88015E+16
114613,114614,8,1,15,3,2016,6,8,5,3,5,2,0,0,1,1,0,0,0,0,5.00779E+20,5.3918E+21,9.01059E+15,4.86792E+16
114614,114615,8,2,12,0,2016,6,16,5,3,0,7,0,0,0,0,0,0,0,1,4.55207E+20,5.43097E+21,8.38722E+15,4.903E+16
114615,114616,8,1,28,7,2016,6,7,5,3,8,1,0,0,0,0,0,1,0,0,5.51704E+20,5.48172E+21,9.71387E+15,4.94859E+16
114616,114617,8,1,16,80,2016,6,17,5,2,5,3,0,0,0,0,0,1,0,1,5.22533E+20,5.3951E+21,9.30629E+15,4.87085E+16
114617,114618,8,3,15,108,2016,6,14,1,3,5,3,0,0,0,1,0,1,0,0,4.02972E+20,5.30243E+21,7.70257E+15,4.78678E+16
114618,114619,8,1,35,19,2016,6,15,4,3,4,2,0,0,0,1,0,0,0,0,5.84822E+20,5.39263E+21,1.01524E+16,4.86809E+16
114619,114620,8,3,15,47,2016,6,12,3,3,0,7,0,0,1,1,0,0,0,0,4.15766E+20,5.32185E+21,7.86981E+15,4.80444E+16
114620,114621,8,2,15,105,2016,6,7,2,3,5,3,0,0,0,1,0,0,0,0,4.57623E+20,5.44143E+21,8.41918E+15,4.91242E+16
114621,114622,8,2,26,31,2016,6,9,3,3,2,6,0,0,0,1,0,0,0,0,4.75101E+20,5.49341E+21,8.65547E+15,4.95927E+16
114622,114623,8,2,15,102,2016,6,9,2,3,5,3,0,0,0,1,0,0,0,0,4.5453E+20,5.43583E+21,8.37742E+15,4.90737E+16
114623,114624,8,3,11,0,2016,6,15,5,2,5,7,0,0,1,1,0,0,0,0,4.09669E+20,5.31652E+21,7.78915E+15,4.79956E+16
114624,114625,8,2,37,40,2016,6,15,4,2,0,1,0,0,1,0,0,0,0,0,4.76429E+20,5.36617E+21,8.68125E+15,4.84482E+16
114625,114626,8,3,16,11,2016,6,19,1,3,4,6,0,0,0,1,0,1,0,0,4.15355E+20,5.32849E+21,7.86298E+15,4.8104E+16
114626,114627,8,2,21,0,2016,6,11,5,3,3,2,0,0,0,1,0,0,0,1,4.77109E+20,5.47284E+21,8.68445E+15,4.94078E+16
114627,114628,8,1,18,48,2016,6,14,5,3,1,7,0,0,1,1,0,0,0,0,5.12741E+20,5.41714E+21,9.17387E+15,4.89071E+16
114628,114629,8,1,11,0,2016,6,15,5,3,2,6,0,0,0,1,0,0,0,0,5.14687E+20,5.40362E+21,9.19995E+15,4.87854E+16
114629,114630,8,3,11,0,2016,6,6,3,2,9,7,0,0,0,1,0,0,0,1,4.13058E+20,5.31817E+21,7.83424E+15,4.80109E+16
114630,114631,8,1,11,0,2016,6,17,4,3,5,2,1,0,0,1,0,0,0,0,5.06358E+20,5.40614E+21,9.0866E+15,4.88082E+16
114631,114632,8,2,15,17,2016,6,21,2,3,5,3,2,1,0,1,0,0,0,0,4.56562E+20,5.42204E+21,8.40672E+15,4.89497E+16
114632,114633,8,1,25,56,2016,6,12,3,2,1,5,0,0,0,1,0,0,0,0,5.1021E+20,5.43564E+21,9.1398E+15,4.90736E+16
114633,114634,8,3,11,0,2016,6,16,3,2,5,3,0,0,0,1,0,1,0,0,4.10066E+20,5.31581E+21,7.79462E+15,4.79892E+16
114634,114635,8,1,11,0,2016,6,7,4,3,3,6,0,0,0,1,0,0,1,0,5.13168E+20,5.40345E+21,9.17926E+15,4.87839E+16
114635,114636,8,1,35,16,2016,6,7,2,3,9,1,0,0,0,1,0,0,0,0,5.9101E+20,5.38165E+21,1.0234E+16,4.85813E+16
114636,114637,8,2,16,23,2016,6,11,3,3,5,3,0,0,1,1,0,0,0,0,4.37299E+20,5.40809E+21,8.14578E+15,4.88226E+16
114637,114638,8,2,31,0,2016,6,12,4,3,6,4,0,0,0,1,1,0,0,0,4.76782E+20,5.4155E+21,8.68325E+15,4.8892E+16
114638,114639,8,3,11,0,2016,6,0,1,3,6,4,2,0,0,1,1,0,0,0,4.16477E+20,5.31572E+21,7.88055E+15,4.79894E+16
114639,114640,8,1,36,88,2016,6,7,5,3,2,6,0,0,0,1,0,0,0,0,5.79477E+20,5.41005E+21,1.00831E+16,4.88383E+16
114640,114641,8,1,16,33,2016,6,7,5,3,1,5,0,0,1,1,0,0,0,0,5.35723E+20,5.38775E+21,9.48494E+15,4.86418E+16
114641,114642,8,4,16,41,2016,6,16,4,3,0,7,0,0,1,1,0,0,0,0,5.04199E+20,5.37379E+21,9.05686E+15,4.85172E+16
114642,114643,8,2,15,103,2016,6,15,3,2,6,7,0,0,0,1,1,0,0,0,4.67494E+20,5.44406E+21,8.55425E+15,4.91485E+16
114643,114644,8,4,37,104,2016,6,23,3,3,2,6,2,0,0,1,0,0,0,0,5.15816E+20,5.32596E+21,9.21238E+15,4.80868E+16
114644,114645,8,1,28,7,2016,6,16,2,3,2,6,0,0,0,1,0,1,0,0,5.56277E+20,5.48224E+21,9.77708E+15,4.94902E+16
114645,114646,8,1,17,19,2016,6,16,3,3,5,3,0,0,1,1,0,0,0,0,5.52221E+20,5.39474E+21,9.70976E+15,4.87035E+16
114646,114647,8,2,36,40,2016,6,16,1,3,0,1,0,0,1,0,0,0,0,0,4.89331E+20,5.42226E+21,8.85427E+15,4.89531E+16
114647,114648,8,1,26,66,2016,6,6,4,3,5,3,0,0,0,1,0,0,0,0,5.3597E+20,5.44981E+21,9.49376E+15,4.92E+16
114648,114649,8,2,31,0,2016,6,16,4,3,2,6,0,0,0,1,0,0,0,0,4.76469E+20,5.41531E+21,8.67898E+15,4.88903E+16
114649,114650,8,2,26,36,2016,6,16,1,3,1,7,0,0,1,1,0,0,0,0,4.68519E+20,5.48029E+21,8.56545E+15,4.94744E+16
114650,114651,8,1,25,102,2016,6,11,4,3,6,7,0,0,0,1,1,0,0,0,5.20876E+20,5.44433E+21,9.28629E+15,4.91514E+16
114651,114652,8,3,17,96,2016,6,15,4,3,3,7,0,0,1,1,0,0,0,0,4.21543E+20,5.36948E+21,7.93847E+15,4.84735E+16
114652,114653,8,4,36,64,2016,6,17,3,2,6,4,0,0,0,1,1,0,0,0,5.45139E+20,5.28841E+21,9.60219E+15,4.77475E+16
114653,114654,8,2,25,109,2016,6,7,2,2,5,3,0,0,0,1,0,0,0,0,5.25477E+20,5.49088E+21,9.35235E+15,4.957E+16
114654,114655,8,1,15,13,2016,6,16,3,3,3,6,0,0,1,1,0,0,0,0,4.96918E+20,5.39013E+21,8.95814E+15,4.86642E+16
114655,114656,8,4,21,0,2016,6,16,5,3,6,7,0,0,1,0,1,0,0,0,5.73213E+20,5.36105E+21,9.98911E+15,4.83984E+16
114656,114657,8,2,26,18,2016,6,15,1,3,5,3,0,0,1,1,0,0,0,0,4.73525E+20,5.47237E+21,8.63507E+15,4.94034E+16
114657,114658,8,1,21,0,2016,6,16,4,3,5,3,0,0,0,1,0,1,0,0,5.15079E+20,5.44103E+21,9.20667E+15,4.9122E+16
114658,114659,8,1,19,86,2016,6,20,2,3,5,3,0,0,0,1,0,1,0,0,5.35266E+20,5.40493E+21,9.4802E+15,4.87964E+16
114659,114660,8,4,37,86,2016,6,6,2,2,5,3,0,0,0,1,0,1,0,0,5.25158E+20,5.30844E+21,9.33679E+15,4.79288E+16
114660,114661,8,3,16,20,2016,6,22,5,3,1,7,2,0,0,1,0,0,0,0,4.08727E+20,5.33862E+21,7.77181E+15,4.81942E+16
114661,114662,8,1,19,67,2016,6,12,2,3,4,2,0,0,1,1,0,0,0,0,5.38255E+20,5.4055E+21,9.52095E+15,4.88013E+16
114662,114663,8,4,37,100,2016,6,22,2,2,0,7,1,0,1,0,0,0,0,0,5.37497E+20,5.31769E+21,9.50278E+15,4.80114E+16
114663,114664,8,4,26,21,2016,6,11,5,3,7,3,0,0,1,1,0,0,0,0,5.59185E+20,5.32679E+21,9.79482E+15,4.80916E+16
114664,114665,8,3,36,81,2016,6,18,5,3,1,5,0,0,0,1,0,1,0,0,4.11768E+20,5.27799E+21,7.82513E+15,4.76493E+16
114665,114666,8,2,21,0,2016,6,17,1,3,0,7,0,0,1,0,1,0,0,0,4.7657E+20,5.47101E+21,8.67713E+15,4.93913E+16
114666,114667,8,2,36,74,2016,6,8,5,2,5,3,0,0,1,0,0,0,0,1,4.72364E+20,5.42204E+21,8.62254E+15,4.89507E+16
114667,114668,8,1,21,0,2016,6,7,5,2,3,2,0,0,0,1,0,1,0,0,5.1074E+20,5.44965E+21,9.14743E+15,4.91996E+16
114668,114669,8,1,15,45,2016,6,16,5,3,5,3,0,0,0,1,0,0,0,0,5.00601E+20,5.39346E+21,9.00816E+15,4.86941E+16
114669,114670,8,2,12,0,2016,6,20,3,2,0,7,0,1,0,0,0,1,0,0,4.55011E+20,5.42812E+21,8.38486E+15,4.90044E+16
114670,114671,8,1,19,67,2016,6,13,2,2,6,4,0,0,1,0,1,0,0,0,5.38614E+20,5.40574E+21,9.52586E+15,4.88035E+16
114671,114672,8,2,21,0,2016,6,11,3,3,5,3,0,0,1,1,0,0,0,0,4.74432E+20,5.47238E+21,8.64759E+15,4.94036E+16
114672,114673,8,1,19,20,2016,6,18,2,3,6,4,0,0,0,1,1,0,0,0,5.20203E+20,5.40588E+21,9.27515E+15,4.88056E+16
114673,114674,8,4,26,21,2016,6,17,2,3,0,4,0,0,1,0,1,0,0,0,5.59337E+20,5.32661E+21,9.79685E+15,4.809E+16
114674,114675,8,3,11,0,2016,6,18,5,3,5,3,0,0,1,1,0,0,0,0,4.1644E+20,5.31597E+21,7.88E+15,4.79915E+16
114675,114676,8,2,31,0,2016,6,16,4,3,5,2,0,0,0,1,0,0,0,0,4.75534E+20,5.41658E+21,8.66616E+15,4.89017E+16
114676,114677,8,2,21,0,2016,6,22,1,3,0,7,1,0,0,1,0,0,0,0,4.78679E+20,5.47312E+21,8.70608E+15,4.94104E+16
114677,114678,8,2,15,102,2016,6,12,5,3,3,2,0,0,1,1,0,0,0,0,4.56854E+20,5.43621E+21,8.4092E+15,4.90773E+16
114678,114679,8,1,15,3,2016,6,15,5,2,5,3,0,0,1,0,0,0,0,1,5.01281E+20,5.39212E+21,9.01741E+15,4.86821E+16
114679,114680,8,2,31,0,2016,6,12,4,3,6,4,0,0,0,1,1,0,0,0,4.8177E+20,5.41786E+21,8.7512E+15,4.89134E+16
114680,114681,8,2,16,7,2016,6,20,1,3,9,7,0,0,1,0,0,0,0,0,4.36561E+20,5.3934E+21,8.13799E+15,4.86904E+16
114681,114682,8,2,22,0,2016,6,7,5,3,0,5,0,0,1,0,0,0,0,0,4.62019E+20,5.4793E+21,8.47582E+15,4.94652E+16
114682,114683,8,1,19,44,2016,6,14,5,2,5,3,0,1,1,1,0,0,0,0,5.4192E+20,5.4254E+21,9.57291E+15,4.898E+16
114683,114684,8,1,11,0,2016,6,18,5,3,3,6,0,0,1,1,0,0,0,0,5.11106E+20,5.40176E+21,9.15114E+15,4.87687E+16
114684,114685,8,2,35,84,2016,6,15,3,3,5,3,0,0,0,1,0,0,0,0,4.76709E+20,5.39429E+21,8.68346E+15,4.87012E+16
114685,114686,8,4,36,10,2016,6,14,3,3,0,7,0,0,1,0,0,0,0,0,5.66592E+20,5.30685E+21,9.89119E+15,4.79115E+16
114686,114687,8,1,18,48,2016,6,17,2,3,4,1,0,0,1,1,0,0,0,0,5.11604E+20,5.41451E+21,9.15828E+15,4.88834E+16