FID,OBJECTID,ULAND,UREGBEZ,UKREIS,UGEMEINDE,UJAHR,UMONAT,USTUNDE,UWOCHENTAG,UKATEGORIE,UART,UTYP1,ULICHTVERH,IstStrasse,IstRad,IstPKW,IstFuss,IstKrad,IstGkfz,IstSonstig,LINREFX,LINREFY,XGCSWGS84,YGCSWGS84
114687,114688,8,2,15,7,2016,6,14,3,3,5,3,0,0,1,0,0,0,0,0,4.76671E+20,5.43131E+21,8.68083E+15,4.90343E+16
114688,114689,8,2,26,32,2016,6,18,4,2,3,2,0,0,1,1,0,0,0,0,4.66375E+20,5.4625E+21,8.53736E+15,4.93143E+16
114689,114690,8,2,16,28,2016,6,17,1,3,8,1,0,0,1,0,0,0,0,0,4.26803E+20,5.39731E+21,8.00473E+15,4.87245E+16
114690,114691,8,1,16,19,2016,6,15,3,3,0,4,0,0,0,0,1,1,0,0,5.23284E+20,5.39866E+21,9.3167E+15,4.87406E+16
114691,114692,8,1,25,65,2016,6,15,2,3,5,3,0,0,1,1,0,0,0,0,5.17071E+20,5.45001E+21,9.23435E+15,4.92027E+16
114692,114693,8,2,12,0,2016,6,14,2,3,5,7,0,0,0,1,0,0,0,1,4.5557E+20,5.42876E+21,8.39243E+15,4.90101E+16
114693,114694,8,1,11,0,2016,6,14,7,3,5,3,0,0,0,1,0,0,0,0,5.08021E+20,5.3969E+21,9.10906E+15,4.87251E+16
114694,114695,8,4,36,64,2016,6,14,1,2,8,1,0,0,0,0,0,1,0,0,5.3899E+20,5.29073E+21,9.52036E+15,4.77688E+16
114695,114696,8,1,28,64,2016,6,16,7,3,0,7,0,0,0,0,0,1,0,1,5.36139E+20,5.50353E+21,9.50098E+15,4.96832E+16
114696,114697,8,2,12,0,2016,6,5,4,3,0,7,0,0,1,0,0,0,0,0,4.57896E+20,5.42824E+21,8.4243E+15,4.90056E+16
114697,114698,8,2,22,0,2016,6,8,6,2,5,3,0,0,0,1,0,0,0,1,4.60181E+20,5.48771E+21,8.44961E+15,4.95407E+16
114698,114699,8,2,12,0,2016,6,14,3,3,5,3,0,1,0,1,0,1,0,0,4.54046E+20,5.42849E+21,8.37163E+15,4.90076E+16
114699,114700,8,2,35,85,2016,6,16,3,3,5,4,0,0,0,1,1,0,0,0,4.83207E+20,5.39363E+21,8.77179E+15,4.86954E+16
114700,114701,8,4,37,104,2016,6,18,6,3,9,3,0,0,0,1,0,1,0,0,5.17822E+20,5.32538E+21,9.23929E+15,4.80815E+16
114701,114702,8,4,37,104,2016,6,14,1,2,1,1,0,0,0,1,0,0,0,0,5.15341E+20,5.32642E+21,9.20602E+15,4.80908E+16
114702,114703,8,2,22,0,2016,6,7,6,3,5,3,0,0,0,1,0,0,0,0,4.63074E+20,5.48077E+21,8.49025E+15,4.94784E+16
114703,114704,8,1,21,0,2016,6,20,4,2,3,2,0,0,1,0,0,0,0,0,5.14071E+20,5.44085E+21,9.19285E+15,4.91204E+16
114704,114705,8,4,35,16,2016,6,1,3,3,2,6,2,0,1,0,0,0,0,1,5.36475E+20,5.27842E+21,9.48577E+15,4.76582E+16
114705,114706,8,1,36,70,2016,6,9,4,3,6,7,0,0,0,0,1,0,0,1,5.62366E+20,5.4131E+21,9.85042E+15,4.88677E+16
114706,114707,8,2,22,0,2016,6,19,6,2,2,6,0,0,0,1,0,0,0,0,4.66861E+20,5.48322E+21,8.54232E+15,4.95007E+16
114707,114708,8,2,22,0,2016,6,13,4,2,1,5,0,0,1,0,0,0,0,0,4.68061E+20,5.47926E+21,8.55921E+15,4.94651E+16
114708,114709,8,2,21,0,2016,6,12,6,3,5,1,0,0,1,1,0,0,0,0,4.77298E+20,5.47257E+21,8.68708E+15,4.94054E+16
114709,114710,8,2,12,0,2016,6,14,3,3,0,1,0,1,1,0,0,0,0,0,4.58387E+20,5.42832E+21,8.43099E+15,4.90064E+16
114710,114711,8,3,35,43,2016,6,21,7,2,8,7,1,0,1,0,0,0,0,0,5.12875E+20,5.27871E+21,9.17148E+15,4.76617E+16
114711,114712,8,4,37,76,2016,6,12,6,3,1,5,0,0,1,1,0,0,0,0,5.24868E+20,5.32207E+21,9.3337E+15,4.80514E+16
114712,114713,8,4,26,70,2016,6,21,1,2,5,3,0,0,1,1,0,0,0,0,5.65642E+20,5.34234E+21,9.88393E+15,4.82309E+16
114713,114714,8,2,16,15,2016,6,8,6,3,5,3,0,0,1,1,0,0,0,0,4.50884E+20,5.40515E+21,8.3312E+15,4.87974E+16
114714,114715,8,1,19,20,2016,6,13,4,3,2,6,0,0,1,1,0,0,0,0,5.20103E+20,5.40656E+21,9.27382E+15,4.88117E+16
114715,114716,8,4,17,2,2016,6,0,3,3,3,1,2,0,1,1,0,0,0,0,4.88873E+20,5.34534E+21,8.85008E+15,4.82612E+16
114716,114717,8,1,19,20,2016,6,7,2,3,0,3,0,0,1,0,0,0,0,1,5.19365E+20,5.41045E+21,9.26394E+15,4.88468E+16
114717,114718,8,2,31,0,2016,6,17,2,3,1,6,0,0,0,1,0,0,0,0,4.75697E+20,5.4154E+21,8.66846E+15,4.88911E+16
114718,114719,8,4,35,5,2016,6,19,6,3,3,2,0,0,1,1,0,0,0,0,5.25957E+20,5.28568E+21,9.34613E+15,4.7724E+16
114719,114720,8,4,16,41,2016,6,22,1,3,0,7,2,0,1,0,0,0,0,0,5.0422E+20,5.37436E+21,9.05715E+15,4.85224E+16
114720,114721,8,2,37,40,2016,6,12,7,3,1,6,0,0,0,1,0,0,0,0,4.77314E+20,5.36712E+21,8.69316E+15,4.84568E+16
114721,114722,8,4,37,78,2016,6,19,6,2,5,3,0,0,1,0,0,1,0,0,5.0786E+20,5.3151E+21,9.10535E+15,4.79891E+16
114722,114723,8,3,15,8,2016,6,14,7,3,5,2,0,1,1,1,0,0,0,0,4.02671E+20,5.30116E+21,7.69883E+15,4.78564E+16
114723,114724,8,2,12,0,2016,6,7,3,3,1,5,0,0,1,1,0,0,0,0,4.60625E+20,5.42464E+21,8.46196E+15,4.89734E+16
114724,114725,8,4,16,25,2016,6,16,6,3,5,3,0,0,0,1,0,0,0,0,5.04387E+20,5.36136E+21,9.05928E+15,4.84053E+16
114725,114726,8,4,26,21,2016,6,8,2,2,5,3,0,0,1,1,0,0,0,0,5.57533E+20,5.32771E+21,9.77276E+15,4.81001E+16
114726,114727,8,2,16,7,2016,6,16,6,3,0,6,0,0,1,0,0,0,0,1,4.36254E+20,5.39408E+21,8.13371E+15,4.86965E+16
114727,114728,8,1,16,20,2016,6,12,4,3,5,2,0,0,1,0,0,1,0,0,5.27427E+20,5.38053E+21,9.37184E+15,4.85773E+16
114728,114729,8,3,17,65,2016,6,9,3,3,4,5,0,0,0,1,0,1,0,0,4.16146E+20,5.35478E+21,7.86841E+15,4.83406E+16
114729,114730,8,1,19,20,2016,6,10,2,3,3,2,0,0,1,1,0,0,0,0,5.20196E+20,5.40684E+21,9.27509E+15,4.88142E+16
114730,114731,8,2,26,84,2016,6,16,2,3,5,3,0,0,0,1,0,1,0,0,4.695E+20,5.47026E+21,8.57977E+15,4.93843E+16
114731,114732,8,4,16,6,2016,6,22,6,3,5,3,2,1,0,1,0,0,0,0,4.98409E+20,5.35925E+21,8.97851E+15,4.83864E+16
114732,114733,8,4,16,41,2016,6,17,1,3,0,7,0,0,1,0,0,0,0,0,5.0211E+20,5.37416E+21,9.02857E+15,4.85206E+16
114733,114734,8,2,21,0,2016,6,4,7,3,0,7,2,1,0,0,0,1,0,0,4.77142E+20,5.46811E+21,8.68518E+15,4.93653E+16
114734,114735,8,3,11,0,2016,6,13,4,3,5,3,0,0,1,1,0,0,0,0,4.10023E+20,5.3168E+21,7.79383E+15,4.79982E+16
114735,114736,8,4,25,72,2016,6,7,2,3,5,3,0,0,0,1,0,0,1,0,5.81853E+20,5.37175E+21,1.01079E+16,4.84935E+16
114736,114737,8,2,16,43,2016,6,6,6,3,2,2,0,0,0,1,0,0,0,0,4.42047E+20,5.41133E+21,8.21E+15,4.88522E+16
114737,114738,8,4,15,50,2016,6,14,2,3,3,2,0,0,0,1,0,1,0,0,5.2251E+20,5.37485E+21,9.30488E+15,4.85263E+16
114738,114739,8,2,16,43,2016,6,7,6,3,1,6,0,0,0,1,0,0,0,0,4.41759E+20,5.41306E+21,8.20584E+15,4.88678E+16
114739,114740,8,4,35,53,2016,6,17,3,3,5,3,0,0,1,1,0,0,0,0,5.08973E+20,5.29255E+21,9.11979E+15,4.77862E+16
114740,114741,8,3,11,0,2016,6,16,3,3,1,5,0,0,1,1,0,0,0,0,4.13804E+20,5.31584E+21,7.8447E+15,4.799E+16
114741,114742,8,1,19,75,2016,6,20,2,3,8,1,0,0,0,0,0,0,0,1,5.36025E+20,5.4276E+21,9.49253E+15,4.90003E+16
114742,114743,8,2,26,59,2016,6,6,2,3,5,3,0,0,1,1,0,0,0,0,4.64936E+20,5.45933E+21,8.51784E+15,4.92857E+16
114743,114744,8,4,15,87,2016,6,15,6,3,5,3,0,0,1,1,0,0,0,0,5.14254E+20,5.38236E+21,9.19331E+15,4.85942E+16
114744,114745,8,4,15,61,2016,6,15,1,2,5,3,0,0,1,0,0,0,0,0,5.14079E+20,5.3708E+21,9.19055E+15,4.84902E+16
114745,114746,8,1,26,66,2016,6,12,7,3,6,7,0,0,0,1,1,0,0,0,5.36123E+20,5.44879E+21,9.49577E+15,4.91908E+16
114746,114747,8,2,35,32,2016,6,18,4,3,4,6,0,0,0,1,0,0,0,0,4.75078E+20,5.37764E+21,8.66229E+15,4.85514E+16
114747,114748,8,2,12,0,2016,6,7,6,3,1,5,0,0,1,0,0,0,0,1,4.53084E+20,5.42777E+21,8.35855E+15,4.9001E+16
114748,114749,8,2,16,43,2016,6,16,3,2,3,6,0,0,1,1,0,0,0,0,4.43407E+20,5.41275E+21,8.22834E+15,4.88651E+16
114749,114750,8,4,15,61,2016,6,10,7,3,5,3,0,0,0,1,0,1,0,0,5.14403E+20,5.37496E+21,9.19508E+15,4.85276E+16
114750,114751,8,2,26,84,2016,6,13,3,3,5,3,0,0,1,0,0,0,0,1,4.69292E+20,5.46996E+21,8.57692E+15,4.93815E+16
114751,114752,8,1,18,63,2016,6,11,3,3,6,4,0,0,0,1,1,0,0,0,5.1503E+20,5.42301E+21,9.20532E+15,4.89598E+16
114752,114753,8,2,21,0,2016,6,16,3,3,5,5,0,1,1,1,0,0,0,0,4.77789E+20,5.47264E+21,8.69383E+15,4.9406E+16
114753,114754,8,2,25,9,2016,6,7,2,3,0,7,0,0,0,1,1,0,0,0,5.19495E+20,5.46895E+21,9.26854E+15,4.9373E+16
114754,114755,8,4,16,41,2016,6,15,6,3,3,6,0,0,1,0,0,0,0,1,5.04093E+20,5.37301E+21,9.05542E+15,4.85102E+16
114755,114756,8,3,35,75,2016,6,0,1,3,1,5,2,0,0,1,0,0,0,0,4.8738E+20,5.29072E+21,8.83157E+15,4.77697E+16
114756,114757,8,2,16,43,2016,6,8,4,3,5,2,0,0,0,1,0,0,0,1,4.43382E+20,5.41273E+21,8.22801E+15,4.8865E+16
114757,114758,8,2,12,0,2016,6,0,6,3,5,3,2,0,1,1,0,0,0,0,4.54575E+20,5.42669E+21,8.37906E+15,4.89915E+16
114758,114759,8,1,28,61,2016,6,11,3,3,0,7,0,0,0,0,0,0,0,1,5.42245E+20,5.49613E+21,9.58482E+15,4.96162E+16
114759,114760,8,3,27,46,2016,6,17,7,2,6,7,0,0,0,1,1,0,0,0,4.80572E+20,5.32442E+21,8.73919E+15,4.80728E+16
114760,114761,8,2,12,0,2016,6,13,3,3,1,5,0,0,0,1,0,0,0,1,4.53981E+20,5.43139E+21,8.3704E+15,4.90337E+16
114761,114762,8,4,15,59,2016,6,9,6,3,2,6,0,0,0,1,0,0,0,1,5.16162E+20,5.36695E+21,9.21859E+15,4.84555E+16
114762,114763,8,3,26,12,2016,6,19,1,3,3,6,0,0,1,0,0,0,1,0,4.61981E+20,5.31098E+21,8.49081E+15,4.7951E+16
114763,114764,8,2,12,0,2016,6,20,6,3,5,3,0,0,1,1,0,0,0,0,4.56839E+20,5.42899E+21,8.40976E+15,4.90123E+16
114764,114765,8,1,18,48,2016,6,16,4,3,5,3,0,0,0,0,0,1,0,1,5.15726E+20,5.41749E+21,9.21462E+15,4.89102E+16
114765,114766,8,3,25,45,2016,6,18,3,3,5,2,0,0,0,1,0,0,0,0,4.69628E+20,5.34764E+21,8.59061E+15,4.82812E+16
114766,114767,8,3,37,116,2016,6,17,6,2,4,3,0,0,1,1,0,0,0,0,4.18511E+20,5.27245E+21,7.91593E+15,4.76003E+16
114767,114768,8,3,26,12,2016,6,1,1,2,9,1,2,0,0,1,0,0,0,0,4.62628E+20,5.3115E+21,8.49944E+15,4.79557E+16
114768,114769,8,1,16,78,2016,6,17,7,3,6,3,0,0,0,1,1,0,0,0,5.09377E+20,5.3945E+21,9.12744E+15,4.87035E+16
114769,114770,8,1,17,26,2016,6,22,6,2,9,1,2,0,0,0,0,0,0,1,5.47609E+20,5.39442E+21,9.64705E+15,4.8701E+16
114770,114771,8,1,25,30,2016,6,8,4,3,5,3,0,0,0,1,0,0,1,0,5.13977E+20,5.43878E+21,9.19148E+15,4.91017E+16
114771,114772,8,4,21,0,2016,6,15,3,3,5,3,0,0,1,1,0,0,0,0,5.71959E+20,5.35995E+21,9.97198E+15,4.83886E+16
114772,114773,8,1,27,103,2016,6,20,4,2,5,3,0,0,1,1,0,0,0,0,5.72432E+20,5.43355E+21,9.99129E+15,4.90506E+16
114773,114774,8,1,18,54,2016,6,18,2,3,5,3,0,0,0,1,0,1,0,0,5.18556E+20,5.42298E+21,9.2535E+15,4.89595E+16
114774,114775,8,3,35,22,2016,6,7,6,3,5,3,0,0,1,1,0,0,0,0,4.82463E+20,5.29694E+21,8.7657E+15,4.78256E+16
114775,114776,8,3,17,40,2016,6,16,1,3,4,6,0,0,0,1,0,0,0,0,4.30663E+20,5.34983E+21,8.0651E+15,4.82979E+16
114776,114777,8,3,11,0,2016,6,15,7,3,4,7,0,1,1,1,0,0,0,0,4.13771E+20,5.31599E+21,7.84423E+15,4.79914E+16
114777,114778,8,3,35,63,2016,6,17,6,3,0,1,0,0,0,0,0,1,0,0,4.96893E+20,5.28771E+21,8.95855E+15,4.77428E+16
114778,114779,8,3,17,96,2016,6,1,1,3,9,7,2,0,1,0,0,0,0,0,4.21738E+20,5.36928E+21,7.94115E+15,4.84718E+16
114779,114780,8,4,15,50,2016,6,20,2,2,6,6,0,0,0,1,1,0,0,0,5.20658E+20,5.3769E+21,9.27989E+15,4.85448E+16
114780,114781,8,1,36,19,2016,6,15,6,3,5,3,0,0,1,1,0,0,0,0,5.82549E+20,5.42341E+21,1.01277E+16,4.89581E+16
114781,114782,8,1,15,3,2016,6,0,4,3,2,6,2,0,0,1,0,0,0,0,5.00709E+20,5.39334E+21,9.00964E+15,4.86931E+16
114782,114783,8,3,17,102,2016,6,13,3,3,8,7,0,0,0,1,0,0,0,0,4.35655E+20,5.37922E+21,8.12789E+15,4.85628E+16
114783,114784,8,1,18,48,2016,6,11,2,3,0,3,0,0,1,1,0,0,0,0,5.13879E+20,5.41593E+21,9.18936E+15,4.88962E+16
114784,114785,8,2,22,0,2016,6,21,2,3,5,3,0,0,1,1,0,0,0,0,4.63248E+20,5.48053E+21,8.49268E+15,4.94763E+16
114785,114786,8,3,35,43,2016,6,13,6,3,3,5,0,0,1,1,0,0,0,0,5.12811E+20,5.2799E+21,9.17067E+15,4.76724E+16
114786,114787,8,1,18,49,2016,6,12,2,3,6,7,0,0,0,0,1,0,0,1,5.1912E+20,5.42016E+21,9.26107E+15,4.89341E+16
114787,114788,8,2,15,9,2016,6,21,2,3,6,4,1,0,0,1,1,0,0,0,4.70156E+20,5.44138E+21,8.59096E+15,4.91245E+16
114788,114789,8,3,35,43,2016,6,12,6,3,2,6,0,0,1,0,0,0,1,0,5.12847E+20,5.27913E+21,9.17112E+15,4.76655E+16
114789,114790,8,3,11,0,2016,6,3,1,3,6,6,2,0,0,1,1,0,0,0,4.13703E+20,5.31674E+21,7.84318E+15,4.79981E+16
114790,114791,8,2,26,82,2016,6,11,7,3,1,5,0,0,0,1,0,0,0,0,4.7661E+20,5.4806E+21,8.67712E+15,4.94776E+16
114791,114792,8,3,15,15,2016,6,16,4,3,5,2,0,0,1,0,0,0,0,0,3.94696E+20,5.31994E+21,7.58766E+15,4.80241E+16
114792,114793,8,4,15,53,2016,6,7,2,3,5,3,0,0,0,1,0,0,0,0,5.36401E+20,5.36176E+21,9.49188E+15,4.84079E+16
114793,114794,8,1,36,19,2016,6,7,6,3,2,6,0,0,0,1,0,1,0,0,5.82667E+20,5.42349E+21,1.01293E+16,4.89588E+16
114794,114795,8,4,35,29,2016,6,12,3,3,8,1,0,0,1,0,0,0,0,0,5.44512E+20,5.2708E+21,9.59203E+15,4.75891E+16
114795,114796,8,3,11,0,2016,6,18,3,3,5,3,0,0,0,0,0,1,0,1,4.10726E+20,5.32251E+21,7.80207E+15,4.80496E+16
114796,114797,8,1,21,0,2016,6,19,3,3,1,7,0,0,0,1,0,1,0,0,5.15359E+20,5.44274E+21,9.21056E+15,4.91373E+16
114797,114798,8,2,22,0,2016,6,13,3,3,4,1,0,0,1,1,0,0,0,0,4.62308E+20,5.47898E+21,8.47985E+15,4.94623E+16
114798,114799,8,1,17,26,2016,6,16,2,3,2,6,0,0,0,1,0,0,0,0,5.48668E+20,5.39437E+21,9.66144E+15,4.87005E+16
114799,114800,8,2,15,106,2016,6,19,2,3,5,3,0,0,0,1,0,0,0,0,4.67023E+20,5.45518E+21,8.54688E+15,4.92485E+16
114800,114801,8,3,35,43,2016,6,17,6,2,5,2,0,0,0,1,0,1,0,0,5.12661E+20,5.28004E+21,9.16867E+15,4.76737E+16
114801,114802,8,2,35,65,2016,6,16,1,3,6,2,0,0,0,1,1,0,0,0,4.74579E+20,5.40438E+21,8.65388E+15,4.87919E+16
114802,114803,8,1,19,41,2016,6,3,7,2,9,1,2,1,1,0,0,0,0,0,5.28031E+20,5.41107E+21,9.38211E+15,4.8852E+16
114803,114804,8,2,21,0,2016,6,8,4,3,8,1,0,1,0,1,0,0,0,0,4.79439E+20,5.47013E+21,8.71672E+15,4.93835E+16
114804,114805,8,2,35,7,2016,6,20,1,3,1,1,0,0,0,1,0,0,0,0,4.8195E+20,5.39858E+21,8.7545E+15,4.874E+16
114805,114806,8,2,12,0,2016,6,14,7,3,5,3,0,0,1,1,0,0,0,0,4.5993E+20,5.42714E+21,8.45221E+15,4.89959E+16
114806,114807,8,3,11,0,2016,6,13,4,3,0,7,0,0,1,0,1,0,0,0,4.15202E+20,5.3181E+21,7.863E+15,4.80106E+16
114807,114808,8,4,15,50,2016,6,7,2,3,0,7,0,0,1,0,0,0,0,0,5.21471E+20,5.37824E+21,9.29098E+15,4.85568E+16
114808,114809,8,1,36,88,2016,6,17,6,3,5,3,0,0,1,1,0,0,0,0,5.78245E+20,5.40929E+21,1.00662E+16,4.88317E+16
114809,114810,8,1,21,0,2016,6,9,3,3,2,6,0,0,0,1,0,0,1,0,5.15939E+20,5.44374E+21,9.21856E+15,4.91463E+16
114810,114811,8,2,22,0,2016,6,16,3,3,5,3,0,0,1,1,0,0,0,0,4.64378E+20,5.48452E+21,8.50791E+15,4.95123E+16
114811,114812,8,1,18,67,2016,6,10,2,2,6,4,0,0,0,1,1,0,0,0,5.06089E+20,5.41346E+21,9.08303E+15,4.88741E+16
114812,114813,8,3,27,2,2016,6,10,6,3,6,7,0,0,0,1,0,0,0,1,4.77216E+20,5.32669E+21,8.69402E+15,4.8093E+16
114813,114814,8,2,31,0,2016,6,21,1,3,8,1,1,0,0,1,0,0,0,0,4.7896E+20,5.41529E+21,8.71297E+15,4.88902E+16
114814,114815,8,1,36,65,2016,6,18,4,3,3,2,0,0,0,1,1,0,0,0,5.59812E+20,5.4052E+21,9.81445E+15,4.87969E+16
114815,114816,8,1,35,16,2016,6,18,6,2,5,3,0,0,1,1,0,0,0,0,5.91624E+20,5.38685E+21,1.02435E+16,4.8628E+16
114816,114817,8,3,15,68,2016,6,13,7,3,5,3,0,0,0,1,0,0,0,0,4.40245E+20,5.30243E+21,8.20091E+15,4.78725E+16
114817,114818,8,1,28,115,2016,6,14,6,3,5,3,0,0,1,1,0,0,0,0,5.47481E+20,5.4966E+21,9.65735E+15,4.96201E+16
114818,114819,8,1,19,55,2016,6,19,3,3,4,6,0,0,1,0,0,0,0,0,5.43803E+20,5.40458E+21,9.5964E+15,4.87926E+16
114819,114820,8,3,35,75,2016,6,15,7,3,0,1,0,1,0,0,0,1,0,0,4.87998E+20,5.28953E+21,8.83985E+15,4.7759E+16
114820,114821,8,3,26,12,2016,6,14,6,3,5,3,0,0,0,1,0,0,0,0,4.62802E+20,5.31139E+21,8.50177E+15,4.79547E+16
114821,114822,8,2,22,0,2016,6,16,1,3,0,1,0,0,0,0,0,1,0,0,4.63055E+20,5.47986E+21,8.49007E+15,4.94703E+16
114822,114823,8,1,16,16,2016,6,17,7,2,0,1,0,1,1,0,0,0,0,0,5.33132E+20,5.38454E+21,9.4495E+15,4.86131E+16
114823,114824,8,1,28,7,2016,6,9,6,3,5,3,0,0,0,1,0,0,0,0,5.56184E+20,5.48181E+21,9.77573E+15,4.94864E+16
114824,114825,8,1,19,79,2016,6,19,4,3,2,6,0,0,0,1,0,1,0,0,5.23367E+20,5.40855E+21,9.31839E+15,4.88295E+16
114825,114826,8,4,21,0,2016,6,19,3,3,8,1,0,0,1,0,0,0,0,0,5.73404E+20,5.36208E+21,9.99188E+15,4.84076E+16
114826,114827,8,1,17,24,2016,6,13,2,3,2,6,0,0,0,1,0,0,0,0,5.61594E+20,5.3859E+21,9.83582E+15,4.86232E+16
114827,114828,8,3,17,151,2016,6,18,6,2,5,3,0,0,1,1,0,0,0,0,4.11834E+20,5.36529E+21,7.80803E+15,4.84345E+16
114828,114829,8,2,26,41,2016,6,14,1,3,5,6,0,0,1,0,1,0,0,0,4.76029E+20,5.46616E+21,8.66996E+15,4.93477E+16
114829,114830,8,2,12,0,2016,6,20,7,3,5,2,0,0,0,1,0,0,0,1,4.57842E+20,5.42889E+21,8.42349E+15,4.90114E+16
114830,114831,8,2,15,97,2016,6,14,1,3,5,3,0,0,0,1,0,0,0,0,4.78749E+20,5.43934E+21,8.70883E+15,4.91066E+16
114831,114832,8,3,36,81,2016,6,7,2,3,6,7,0,0,0,0,1,0,0,1,4.12027E+20,5.2778E+21,7.82862E+15,4.76476E+16
114832,114833,8,3,17,65,2016,6,12,6,3,4,6,0,0,1,0,0,0,0,0,4.13893E+20,5.35411E+21,7.83815E+15,4.83343E+16
114833,114834,8,3,36,69,2016,6,12,2,3,5,3,0,0,1,1,0,0,0,0,4.08297E+20,5.26778E+21,7.78106E+15,4.7557E+16
114834,114835,8,1,27,76,2016,6,20,6,3,3,2,0,0,1,1,0,0,0,0,5.55124E+20,5.44004E+21,9.75533E+15,4.91107E+16
114835,114836,8,1,17,26,2016,6,18,4,3,5,3,0,0,0,1,0,0,0,1,5.47714E+20,5.39466E+21,9.64849E+15,4.87032E+16
114836,114837,8,3,17,96,2016,6,16,3,3,4,6,0,0,0,1,0,0,0,0,4.21814E+20,5.37373E+21,7.94135E+15,4.85118E+16
114837,114838,8,1,16,33,2016,6,13,2,3,5,2,0,0,1,1,0,0,0,0,5.33362E+20,5.38772E+21,9.45288E+15,4.86416E+16
114838,114839,8,1,15,45,2016,6,18,2,3,5,3,0,0,1,1,0,0,0,0,5.01946E+20,5.39464E+21,9.02645E+15,4.87048E+16
114839,114840,8,3,17,57,2016,6,17,6,3,2,7,0,0,0,1,0,1,0,0,4.14523E+20,5.38228E+21,7.84089E+15,4.85878E+16
114840,114841,8,2,15,109,2016,6,12,1,3,0,1,0,1,1,0,0,0,0,0,4.58882E+20,5.43803E+21,8.43678E+15,4.90937E+16
114841,114842,8,2,21,0,2016,6,16,7,3,5,7,0,1,1,1,0,0,0,0,4.74288E+20,5.47231E+21,8.6456E+15,4.94029E+16
114842,114843,8,3,11,0,2016,6,8,4,3,1,5,0,0,1,1,0,0,0,0,4.10017E+20,5.31678E+21,7.79375E+15,4.7998E+16
114843,114844,8,3,36,50,2016,6,8,2,3,5,3,0,0,0,1,0,0,0,0,3.9918E+20,5.27262E+21,7.65879E+15,4.75992E+16
114844,114845,8,1,21,0,2016,6,16,6,3,6,4,0,0,0,1,1,0,0,0,5.14079E+20,5.44235E+21,9.193E+15,4.91338E+16
114845,114846,8,1,18,48,2016,6,16,3,3,0,7,0,0,0,0,0,0,0,1,5.1264E+20,5.41767E+21,9.17251E+15,4.89119E+16
114846,114847,8,1,21,0,2016,6,7,6,3,5,3,0,0,0,1,0,0,0,0,5.1565E+20,5.44195E+21,9.21453E+15,4.91302E+16
114847,114848,8,4,37,88,2016,6,16,3,3,5,3,0,0,0,1,0,0,0,0,5.18284E+20,5.30802E+21,9.24476E+15,4.79252E+16
114848,114849,8,3,11,0,2016,6,12,3,3,2,6,0,0,0,1,0,0,0,0,4.14281E+20,5.32045E+21,7.85018E+15,4.80316E+16
114849,114850,8,1,16,19,2016,6,7,2,3,6,7,0,0,0,0,1,0,0,1,5.20387E+20,5.39944E+21,9.27734E+15,4.87476E+16
114850,114851,8,1,18,78,2016,6,11,2,2,0,7,0,0,0,0,0,1,1,0,5.14627E+20,5.41934E+21,9.19968E+15,4.89268E+16
114851,114852,8,3,17,57,2016,6,5,6,3,1,5,1,0,0,1,0,0,0,0,4.13541E+20,5.38299E+21,7.82742E+15,4.8594E+16
114852,114853,8,1,18,3,2016,6,10,1,2,0,1,0,0,1,0,0,0,0,0,5.10704E+20,5.41733E+21,9.14608E+15,4.89088E+16
114853,114854,8,1,27,59,2016,6,19,7,3,8,1,0,0,0,1,0,0,0,0,5.50407E+20,5.44057E+21,9.69076E+15,4.91159E+16
114854,114855,8,2,12,0,2016,6,18,4,3,2,6,0,0,0,1,0,0,0,0,4.55076E+20,5.42928E+21,8.38563E+15,4.90148E+16
114855,114856,8,1,21,0,2016,6,15,6,3,4,2,0,0,1,1,0,0,0,0,5.15897E+20,5.44202E+21,9.21792E+15,4.91308E+16
114856,114857,8,1,16,78,2016,6,17,3,3,2,6,0,0,0,1,0,0,0,0,5.11005E+20,5.39488E+21,9.14958E+15,4.87068E+16
114857,114858,8,4,36,69,2016,6,12,7,3,4,6,0,0,0,1,0,1,0,0,5.50597E+20,5.29437E+21,9.67569E+15,4.78007E+16
114858,114859,8,2,26,32,2016,6,19,3,3,2,6,0,0,0,1,0,0,1,0,4.66121E+20,5.46519E+21,8.53363E+15,4.93385E+16
114859,114860,8,3,17,11,2016,6,7,6,2,6,4,0,0,0,1,1,0,0,0,4.28011E+20,5.35464E+21,8.02852E+15,4.83409E+16
114860,114861,8,1,36,19,2016,6,16,1,2,0,1,0,0,1,0,0,0,0,0,5.83022E+20,5.4239E+21,1.01342E+16,4.89624E+16
114861,114862,8,1,15,45,2016,6,12,7,3,0,7,0,0,1,1,0,0,0,0,5.00288E+20,5.39499E+21,9.00392E+15,4.8708E+16
114862,114863,8,1,19,20,2016,6,5,6,3,0,3,0,0,0,0,0,1,0,1,5.20919E+20,5.40776E+21,9.285E+15,4.88225E+16
114863,114864,8,2,22,0,2016,6,15,3,3,5,3,0,0,0,1,0,1,0,0,4.61375E+20,5.4866E+21,8.46623E+15,4.95308E+16
114864,114865,8,1,36,50,2016,6,17,2,3,3,2,0,0,1,1,0,0,0,0,5.82287E+20,5.40435E+21,1.01203E+16,4.87867E+16