FID,OBJECTID,ULAND,UREGBEZ,UKREIS,UGEMEINDE,UJAHR,UMONAT,USTUNDE,UWOCHENTAG,UKATEGORIE,UART,UTYP1,ULICHTVERH,IstStrasse,IstRad,IstPKW,IstFuss,IstKrad,IstGkfz,IstSonstig,LINREFX,LINREFY,XGCSWGS84,YGCSWGS84
114865,114866,8,3,16,11,2016,6,10,6,3,2,6,0,0,0,1,0,0,0,0,4.13446E+20,5.33081E+21,7.83688E+15,4.81246E+16
114866,114867,8,1,25,65,2016,6,13,1,3,0,1,0,0,1,0,0,0,0,0,5.17291E+20,5.45124E+21,9.23742E+15,4.92137E+16
114867,114868,8,1,18,21,2016,6,14,7,3,1,5,0,0,1,1,0,0,0,0,5.21471E+20,5.42819E+21,9.29359E+15,4.90062E+16
114868,114869,8,2,22,0,2016,6,18,4,3,5,3,0,0,1,1,0,0,0,0,4.66556E+20,5.47412E+21,8.53887E+15,4.94189E+16
114869,114870,8,1,18,48,2016,6,9,6,3,3,2,0,0,1,1,0,0,0,0,5.13507E+20,5.4157E+21,9.18427E+15,4.88941E+16
114870,114871,8,1,16,77,2016,6,7,3,3,5,3,0,0,0,1,0,1,0,0,5.14263E+20,5.3888E+21,9.19366E+15,4.86521E+16
114871,114872,8,3,27,50,2016,6,11,7,3,6,2,0,0,0,1,1,0,0,0,4.86055E+20,5.31446E+21,8.81312E+15,4.79833E+16
114872,114873,8,3,15,111,2016,6,20,6,3,1,6,0,0,0,0,0,1,0,1,4.00258E+20,5.29992E+21,7.66687E+15,4.78449E+16
114873,114874,8,1,19,79,2016,6,17,1,3,5,3,0,0,0,1,0,1,0,0,5.22415E+20,5.40741E+21,9.30535E+15,4.88193E+16
114874,114875,8,1,15,28,2016,6,11,6,2,6,4,0,0,0,1,1,0,0,0,5.01096E+20,5.40477E+21,9.01493E+15,4.87959E+16
114875,114876,8,1,19,75,2016,6,15,4,3,6,1,0,0,1,0,1,0,0,0,5.36621E+20,5.42784E+21,9.5007E+15,4.90023E+16
114876,114877,8,4,15,61,2016,6,17,3,3,5,3,0,0,0,1,0,1,0,0,5.16352E+20,5.37048E+21,9.2213E+15,4.84872E+16
114877,114878,8,1,25,94,2016,6,11,4,3,5,3,0,0,0,1,0,0,0,0,5.14171E+20,5.4369E+21,9.19408E+15,4.90848E+16
114878,114879,8,4,26,21,2016,6,7,3,3,0,3,0,0,1,0,0,1,0,0,5.59615E+20,5.32669E+21,9.80059E+15,4.80907E+16
114879,114880,8,2,25,14,2016,6,14,4,2,5,3,0,0,1,1,0,0,0,0,5.2369E+20,5.48546E+21,9.32732E+15,4.95213E+16
114880,114881,8,1,16,22,2016,6,13,6,3,4,2,0,0,0,1,0,1,0,0,5.22724E+20,5.38236E+21,9.30818E+15,4.85939E+16
114881,114882,8,1,15,45,2016,6,17,3,3,2,6,0,0,0,1,0,0,0,0,5.00441E+20,5.39669E+21,9.006E+15,4.87232E+16
114882,114883,8,1,15,41,2016,6,17,2,3,2,6,0,0,0,1,0,0,0,0,4.96127E+20,5.40169E+21,8.9473E+15,4.87682E+16
114883,114884,8,3,15,76,2016,6,18,6,3,0,1,0,0,1,0,0,0,0,0,3.92261E+20,5.29691E+21,7.56078E+15,4.78165E+16
114884,114885,8,1,19,8,2016,6,15,1,3,0,2,0,0,0,1,0,1,0,0,5.32714E+20,5.42224E+21,9.44684E+15,4.89522E+16
114885,114886,8,3,11,0,2016,6,16,7,3,1,5,0,0,1,1,0,0,0,0,4.14895E+20,5.31677E+21,7.85913E+15,4.79985E+16
114886,114887,8,3,36,50,2016,6,9,6,2,5,3,0,0,1,0,0,1,0,0,4.00002E+20,5.27459E+21,7.66927E+15,4.7617E+16
114887,114888,8,3,35,75,2016,6,5,2,2,5,3,1,0,0,1,0,1,0,0,4.88953E+20,5.28891E+21,8.8526E+15,4.77535E+16
114888,114889,8,1,16,19,2016,6,19,6,3,5,3,0,0,0,1,1,0,0,0,5.25239E+20,5.39727E+21,9.3432E+15,4.8728E+16
114889,114890,8,1,16,71,2016,6,7,4,2,5,3,0,0,1,1,0,0,0,0,5.28083E+20,5.3917E+21,9.3815E+15,4.86777E+16
114890,114891,8,3,17,89,2016,6,15,3,3,8,7,0,0,0,1,0,0,0,0,4.31112E+20,5.37588E+21,8.06687E+15,4.85323E+16
114891,114892,8,1,15,3,2016,6,21,2,3,6,7,0,0,0,1,1,0,0,0,5.01023E+20,5.3924E+21,9.01389E+15,4.86846E+16
114892,114893,8,1,36,38,2016,6,12,2,3,4,6,0,0,0,0,0,1,0,0,5.90896E+20,5.41514E+21,1.02398E+16,4.88825E+16
114893,114894,8,3,11,0,2016,6,22,6,3,0,1,2,0,1,0,0,0,0,0,4.13708E+20,5.31747E+21,7.84309E+15,4.80047E+16
114894,114895,8,1,18,73,2016,6,17,1,2,0,1,0,0,1,0,0,0,0,0,4.97337E+20,5.42061E+21,8.96364E+15,4.89384E+16
114895,114896,8,2,16,5,2016,6,10,7,3,5,3,0,0,0,1,0,1,0,0,4.45356E+20,5.41769E+21,8.25426E+15,4.89097E+16
114896,114897,8,1,15,3,2016,6,21,2,3,0,1,1,0,1,0,0,0,0,0,5.01278E+20,5.39211E+21,9.01736E+15,4.86821E+16
114897,114898,8,1,36,3,2016,6,7,2,3,4,6,0,0,0,1,0,0,0,0,5.7311E+20,5.42222E+21,9.99853E+15,4.89485E+16
114898,114899,8,3,11,0,2016,6,14,6,3,0,7,0,0,0,1,0,1,0,0,4.12207E+20,5.31746E+21,7.82296E+15,4.80044E+16
114899,114900,8,1,18,49,2016,6,17,1,2,0,1,0,0,1,0,0,0,0,0,5.17062E+20,5.41946E+21,9.23294E+15,4.89278E+16
114900,114901,8,2,36,40,2016,6,14,7,3,6,4,0,0,0,0,1,0,0,1,4.88456E+20,5.42166E+21,8.84233E+15,4.89477E+16
114901,114902,8,3,15,108,2016,6,11,4,3,5,3,0,0,0,0,0,0,0,1,4.04882E+20,5.3048E+21,7.72759E+15,4.78894E+16
114902,114903,8,3,25,53,2016,6,12,2,3,5,3,0,0,0,1,0,0,0,0,4.57316E+20,5.34171E+21,8.42527E+15,4.82272E+16
114903,114904,8,1,16,19,2016,6,22,6,2,4,6,2,0,1,1,0,0,0,0,5.22834E+20,5.39943E+21,9.31062E+15,4.87474E+16
114904,114905,8,4,35,30,2016,6,18,3,3,5,3,0,0,1,1,0,0,0,0,5.39823E+20,5.2726E+21,9.52983E+15,4.76056E+16
114905,114906,8,3,11,0,2016,6,9,3,3,0,1,0,0,0,1,0,1,0,0,4.14745E+20,5.31525E+21,7.85743E+15,4.79849E+16
114906,114907,8,1,11,0,2016,6,13,2,2,5,3,0,0,1,1,0,0,0,0,5.09661E+20,5.39646E+21,9.13135E+15,4.87211E+16
114907,114908,8,4,21,0,2016,6,13,2,2,5,3,0,0,1,1,0,0,0,0,5.75044E+20,5.36465E+21,1.00145E+16,4.84305E+16
114908,114909,8,2,12,0,2016,6,15,6,3,5,3,0,0,1,1,0,0,0,0,4.52485E+20,5.43119E+21,8.34996E+15,4.90317E+16
114909,114910,8,1,16,33,2016,6,4,1,3,5,3,2,0,0,1,0,0,0,0,5.32797E+20,5.38819E+21,9.44526E+15,4.86459E+16
114910,114911,8,1,21,0,2016,6,12,7,3,5,3,0,0,1,1,0,0,0,0,5.16434E+20,5.44293E+21,9.22531E+15,4.9139E+16
114911,114912,8,2,36,76,2016,6,12,4,3,5,3,0,0,1,1,0,0,0,0,4.71519E+20,5.42386E+21,8.61087E+15,4.8967E+16
114912,114913,8,1,11,0,2016,6,15,6,3,5,3,0,0,1,1,0,0,0,0,5.11966E+20,5.40254E+21,9.16287E+15,4.87757E+16
114913,114914,8,1,15,45,2016,6,21,3,3,0,1,0,0,1,0,0,0,0,0,5.00179E+20,5.39537E+21,9.00243E+15,4.87114E+16
114914,114915,8,3,11,0,2016,6,9,4,3,2,6,0,0,0,1,0,0,0,0,4.11115E+20,5.3151E+21,7.80882E+15,4.7983E+16
114915,114916,8,3,25,49,2016,6,11,2,3,3,2,0,0,1,1,0,0,0,0,4.73075E+20,5.33432E+21,8.63792E+15,4.81615E+16
114916,114917,8,1,11,0,2016,6,20,6,3,5,2,0,0,1,1,0,0,0,0,5.11995E+20,5.40197E+21,9.16324E+15,4.87706E+16
114917,114918,8,1,11,0,2016,6,7,3,3,5,2,0,0,1,1,0,0,0,0,5.12941E+20,5.40962E+21,9.17637E+15,4.88394E+16
114918,114919,8,2,12,0,2016,6,11,3,3,3,6,0,0,0,1,0,0,0,0,4.5513E+20,5.42812E+21,8.38648E+15,4.90043E+16
114919,114920,8,1,26,66,2016,6,22,2,3,5,3,2,0,0,1,0,0,0,0,5.359E+20,5.45047E+21,9.49286E+15,4.9206E+16
114920,114921,8,2,12,0,2016,6,13,6,3,6,4,0,0,0,1,1,0,0,0,4.55376E+20,5.42877E+21,8.38978E+15,4.90102E+16
114921,114922,8,1,16,78,2016,6,19,1,3,3,6,0,0,0,1,0,0,0,0,5.14272E+20,5.39326E+21,9.19393E+15,4.86922E+16
114922,114923,8,2,15,101,2016,6,22,4,3,5,3,1,0,1,1,0,0,0,0,4.64806E+20,5.428E+21,8.51879E+15,4.90039E+16
114923,114924,8,1,11,0,2016,6,16,6,2,8,1,0,0,1,0,0,0,0,0,5.14911E+20,5.40245E+21,9.20295E+15,4.87749E+16
114924,114925,8,1,11,0,2016,6,18,3,3,0,7,0,0,0,0,0,1,0,0,5.13274E+20,5.40338E+21,9.18069E+15,4.87832E+16
114925,114926,8,3,16,2,2016,6,19,7,3,7,1,0,0,0,1,0,0,0,0,4.07069E+20,5.33036E+21,7.75129E+15,4.81197E+16
114926,114927,8,2,36,75,2016,6,18,6,3,1,6,0,0,0,1,0,0,0,0,4.82187E+20,5.42242E+21,8.75668E+15,4.89544E+16
114927,114928,8,1,16,19,2016,6,22,1,3,0,1,2,0,0,0,0,1,0,0,5.22025E+20,5.39851E+21,9.29956E+15,4.87393E+16
114928,114929,8,4,15,50,2016,6,12,7,3,2,6,0,1,0,0,0,1,0,0,5.2281E+20,5.37501E+21,9.30895E+15,4.85278E+16
114929,114930,8,2,22,0,2016,6,15,6,3,2,6,0,0,0,1,0,0,0,1,4.62359E+20,5.47851E+21,8.48059E+15,4.94581E+16
114930,114931,8,1,15,24,2016,6,17,1,3,8,1,0,0,1,0,0,0,0,0,5.01236E+20,5.38816E+21,9.01678E+15,4.86465E+16
114931,114932,8,1,11,0,2016,6,11,7,3,1,5,0,0,1,1,0,0,0,0,5.15892E+20,5.39937E+21,9.21618E+15,4.87471E+16
114932,114933,8,1,11,0,2016,6,14,6,3,2,6,0,0,0,1,0,0,0,0,5.11731E+20,5.40081E+21,9.15963E+15,4.87602E+16
114933,114934,8,1,19,68,2016,6,16,4,3,9,1,0,0,0,0,0,1,0,0,5.25273E+20,5.41413E+21,9.34471E+15,4.88796E+16
114934,114935,8,4,21,0,2016,6,9,3,3,2,6,0,0,0,1,0,0,0,0,5.71629E+20,5.36128E+21,9.96776E+15,4.84006E+16
114935,114936,8,1,11,0,2016,6,21,2,3,6,7,2,0,0,1,1,0,0,0,5.1426E+20,5.40614E+21,9.19422E+15,4.88081E+16
114936,114937,8,2,22,0,2016,6,10,6,3,5,3,0,0,0,1,0,0,0,0,4.62701E+20,5.47863E+21,8.48529E+15,4.94592E+16
114937,114938,8,1,15,48,2016,6,12,1,3,0,1,0,0,1,0,0,0,0,0,5.09621E+20,5.38733E+21,9.1306E+15,4.86389E+16
114938,114939,8,3,11,0,2016,6,10,7,3,6,4,0,0,1,0,1,0,0,0,4.1408E+20,5.31595E+21,7.84839E+15,4.79911E+16
114939,114940,8,2,22,0,2016,6,9,6,3,5,7,0,0,1,1,0,0,0,0,4.67186E+20,5.4844E+21,8.54671E+15,4.95113E+16
114940,114941,8,1,11,0,2016,6,0,1,3,2,6,2,0,0,1,0,0,0,0,5.12845E+20,5.40339E+21,9.17486E+15,4.87833E+16
114941,114942,8,3,15,74,2016,6,7,2,3,1,3,0,0,0,1,0,1,0,0,3.97384E+20,5.29611E+21,7.62937E+15,4.78102E+16
114942,114943,8,4,36,81,2016,6,19,5,2,0,2,0,0,0,1,0,1,0,0,5.62858E+20,5.28163E+21,9.83757E+15,4.7685E+16
114943,114944,8,1,11,0,2016,6,11,4,3,6,7,0,0,0,1,1,0,0,0,5.12719E+20,5.40238E+21,9.17311E+15,4.87743E+16
114944,114945,8,3,15,131,2016,6,17,3,3,2,6,0,0,0,1,0,1,0,0,4.07089E+20,5.30738E+21,7.75655E+15,4.7913E+16
114945,114946,8,3,11,0,2016,6,16,2,3,6,3,0,0,1,0,1,0,0,0,4.13609E+20,5.31629E+21,7.842E+15,4.79941E+16
114946,114947,8,4,36,79,2016,6,17,5,3,0,7,0,0,1,1,0,0,0,0,5.53537E+20,5.28929E+21,9.71432E+15,4.77548E+16
114947,114948,8,1,18,48,2016,6,9,4,3,3,3,0,0,1,1,0,0,0,0,5.13691E+20,5.4157E+21,9.18678E+15,4.88941E+16
114948,114949,8,3,27,50,2016,6,17,3,2,5,3,0,0,1,0,0,0,1,0,4.85918E+20,5.31417E+21,8.81129E+15,4.79807E+16
114949,114950,8,1,11,0,2016,6,22,2,3,1,2,2,0,0,1,0,1,0,0,5.17569E+20,5.40243E+21,9.23912E+15,4.87747E+16
114950,114951,8,1,21,0,2016,6,20,2,2,5,3,0,0,1,1,0,0,0,0,5.16313E+20,5.44396E+21,9.22369E+15,4.91482E+16
114951,114952,8,2,22,0,2016,6,13,6,3,5,3,0,0,0,1,0,1,0,0,4.64302E+20,5.48421E+21,8.50689E+15,4.95095E+16
114952,114953,8,4,36,49,2016,6,12,7,3,0,7,0,0,0,0,0,1,0,0,5.77749E+20,5.28243E+21,1.00361E+16,4.76906E+16
114953,114954,8,2,26,85,2016,6,15,7,3,0,3,0,0,0,1,1,0,0,0,4.92986E+20,5.45571E+21,8.90362E+15,4.92541E+16
114954,114955,8,3,36,50,2016,6,12,4,2,5,3,0,0,0,1,0,1,0,0,3.9931E+20,5.27326E+21,7.66038E+15,4.76049E+16
114955,114956,8,2,12,0,2016,6,6,2,1,5,3,0,0,1,0,0,0,1,0,4.52188E+20,5.42916E+21,8.34613E+15,4.90135E+16
114956,114957,8,4,35,5,2016,6,12,5,3,7,7,0,0,1,0,0,0,0,0,5.24696E+20,5.28581E+21,9.32932E+15,4.77252E+16
114957,114958,8,1,19,90,2016,6,12,7,3,0,3,0,0,0,0,0,1,0,1,5.32296E+20,5.40604E+21,9.43984E+15,4.88065E+16
114958,114959,8,2,12,0,2016,7,18,2,3,5,3,0,0,1,1,0,0,0,0,4.52071E+20,5.42696E+21,8.3448E+15,4.89937E+16
114959,114960,8,3,17,65,2016,7,14,2,3,2,2,0,0,0,1,0,0,0,0,4.1315E+20,5.35547E+21,7.82785E+15,4.83464E+16
114960,114961,8,2,12,0,2016,7,10,6,2,6,4,0,0,1,0,1,0,0,0,4.54288E+20,5.42887E+21,8.37489E+15,4.9011E+16
114961,114962,8,1,18,76,2016,7,17,1,3,0,1,0,0,0,0,0,1,0,0,5.03938E+20,5.42309E+21,9.0538E+15,4.89607E+16
114962,114963,8,1,15,15,2016,7,22,2,3,5,3,2,0,0,1,0,0,0,0,4.92688E+20,5.38754E+21,8.90075E+15,4.86409E+16
114963,114964,8,3,26,74,2016,7,12,6,3,5,3,0,0,1,1,0,0,0,0,4.65957E+20,5.32341E+21,8.54307E+15,4.8063E+16
114964,114965,8,3,36,50,2016,6,13,5,2,6,4,0,0,0,1,1,0,0,0,3.99389E+20,5.2737E+21,7.66132E+15,4.76089E+16
114965,114966,8,3,35,79,2016,7,8,3,2,0,7,0,0,1,0,0,0,0,0,5.0075E+20,5.29984E+21,9.01003E+15,4.78519E+16
114966,114967,8,1,11,0,2016,7,21,3,3,1,1,0,0,0,1,0,1,0,0,5.16633E+20,5.40514E+21,9.22649E+15,4.8799E+16
114967,114968,8,2,22,0,2016,7,16,3,3,0,7,0,0,0,1,0,0,0,0,4.63516E+20,5.48414E+21,8.49604E+15,4.95088E+16
114968,114969,8,1,28,139,2016,7,15,6,3,5,3,0,0,0,1,0,0,0,0,5.50881E+20,5.49056E+21,9.70365E+15,4.95655E+16
114969,114970,8,1,16,19,2016,7,13,1,2,5,3,0,0,0,1,0,1,0,0,5.23029E+20,5.39608E+21,9.31309E+15,4.87173E+16
114970,114971,8,4,37,78,2016,7,18,6,2,7,1,0,0,1,0,0,0,0,0,5.08366E+20,5.31565E+21,9.11214E+15,4.79941E+16
114971,114972,8,3,11,0,2016,6,11,5,3,1,1,0,0,0,1,0,0,1,0,4.11119E+20,5.31672E+21,7.80854E+15,4.79976E+16
114972,114973,8,3,17,89,2016,7,19,6,2,4,6,0,0,1,0,0,0,0,1,4.29167E+20,5.37861E+21,8.04006E+15,4.85566E+16
114973,114974,8,2,12,0,2016,6,13,5,3,5,2,0,0,1,1,0,0,0,0,4.56731E+20,5.42885E+21,8.40829E+15,4.9011E+16
114974,114975,8,3,36,50,2016,7,15,3,3,6,4,0,0,0,1,1,0,0,0,3.9953E+20,5.27366E+21,7.6632E+15,4.76086E+16
114975,114976,8,3,17,65,2016,7,13,6,2,5,3,0,0,1,0,0,0,1,0,4.1471E+20,5.3542E+21,7.84915E+15,4.83352E+16
114976,114977,8,2,37,28,2016,6,7,5,2,9,1,0,1,0,0,0,0,0,1,4.60422E+20,5.3684E+21,8.46457E+15,4.84675E+16
114977,114978,8,3,16,56,2016,7,17,3,3,3,2,0,0,1,1,0,0,0,0,4.2273E+20,5.32743E+21,7.96222E+15,4.80954E+16
114978,114979,8,1,11,0,2016,7,10,3,3,5,7,0,0,0,1,0,0,0,1,5.12766E+20,5.40832E+21,9.17394E+15,4.88277E+16
114979,114980,8,1,15,13,2016,7,14,2,3,0,7,0,0,0,1,0,0,1,0,4.96767E+20,5.39015E+21,8.95609E+15,4.86644E+16
114980,114981,8,1,27,76,2016,7,19,6,3,4,6,0,0,1,0,0,0,0,0,5.53632E+20,5.4404E+21,9.73493E+15,4.91141E+16
114981,114982,8,1,15,41,2016,7,0,1,3,6,4,2,0,0,1,1,0,0,0,4.95173E+20,5.40192E+21,8.93431E+15,4.87703E+16
114982,114983,8,4,26,97,2016,7,14,6,2,6,3,0,0,0,1,1,0,0,0,5.35982E+20,5.33294E+21,9.48375E+15,4.81487E+16
114983,114984,8,2,26,84,2016,6,15,5,2,0,1,0,0,1,0,0,0,0,0,4.69078E+20,5.47E+21,8.57397E+15,4.93819E+16
114984,114985,8,2,37,2,2016,7,12,3,3,6,6,0,0,1,0,1,0,0,0,4.55206E+20,5.3547E+21,8.39548E+15,4.83439E+16
114985,114986,8,2,12,0,2016,7,17,2,3,5,3,0,0,1,0,0,0,0,1,4.55885E+20,5.42761E+21,8.39686E+15,4.89998E+16
114986,114987,8,3,17,65,2016,7,23,2,3,5,3,2,0,0,1,0,0,0,0,4.16222E+20,5.35409E+21,7.86957E+15,4.83345E+16
114987,114988,8,1,27,25,2016,7,12,6,2,5,3,0,0,0,1,0,0,1,0,5.5613E+20,5.42751E+21,9.76738E+15,4.8998E+16
114988,114989,8,1,15,3,2016,7,1,1,3,5,3,2,0,0,1,0,0,0,0,5.01508E+20,5.39238E+21,9.02049E+15,4.86845E+16
114989,114990,8,1,15,44,2016,7,17,2,3,0,7,0,0,0,0,0,1,0,0,5.0479E+20,5.39087E+21,9.06506E+15,4.86709E+16
114990,114991,8,1,25,5,2016,7,18,6,3,4,6,0,0,0,1,0,0,0,0,5.15663E+20,5.45203E+21,9.2151E+15,4.92209E+16
114991,114992,8,1,11,0,2016,7,16,2,3,6,7,0,0,0,1,1,0,0,0,5.123E+20,5.40882E+21,9.16761E+15,4.88322E+16
114992,114993,8,2,22,0,2016,7,16,3,3,5,3,0,0,1,1,0,0,0,0,4.64092E+20,5.4862E+21,8.50381E+15,4.95273E+16
114993,114994,8,1,19,79,2016,7,7,6,2,5,3,0,0,0,1,0,1,0,0,5.24096E+20,5.40892E+21,9.32834E+15,4.88328E+16
114994,114995,8,4,15,59,2016,7,17,6,2,0,1,0,1,1,0,0,0,0,0,5.17251E+20,5.36508E+21,9.23324E+15,4.84386E+16
114995,114996,8,1,21,0,2016,7,16,3,3,5,3,0,0,1,1,0,1,0,0,5.15965E+20,5.44388E+21,9.21891E+15,4.91475E+16
114996,114997,8,2,26,98,2016,6,8,5,3,4,6,0,0,1,0,0,0,0,0,4.777E+20,5.46035E+21,8.6933E+15,4.92955E+16
114997,114998,8,2,12,0,2016,7,9,2,3,5,3,0,0,0,1,0,0,0,0,4.55118E+20,5.43068E+21,8.38604E+15,4.90273E+16
114998,114999,8,3,17,57,2016,7,1,2,2,5,3,2,0,0,1,0,1,0,0,4.12144E+20,5.38092E+21,7.80893E+15,4.85752E+16
114999,115000,8,1,19,79,2016,7,8,6,3,0,1,0,0,0,0,0,1,0,0,5.25558E+20,5.4076E+21,9.34818E+15,4.88209E+16
115000,115001,8,1,11,0,2016,7,2,1,3,1,1,2,0,0,1,0,0,0,1,5.12969E+20,5.40125E+21,9.17648E+15,4.87641E+16
115001,115002,8,1,11,0,2016,7,12,2,3,5,3,0,0,1,1,0,0,0,0,5.13387E+20,5.40252E+21,9.18221E+15,4.87755E+16
115002,115003,8,3,16,56,2016,7,19,6,2,4,6,0,0,1,1,0,0,0,0,4.20341E+20,5.32645E+21,7.93033E+15,4.80863E+16
115003,115004,8,1,21,0,2016,7,12,3,3,1,7,0,0,0,1,0,0,0,0,5.16909E+20,5.44351E+21,9.23185E+15,4.91442E+16
115004,115005,8,2,22,0,2016,6,18,5,3,0,5,0,0,1,1,0,0,0,0,4.65045E+20,5.4839E+21,8.51718E+15,4.95068E+16
115005,115006,8,1,19,20,2016,7,17,3,3,6,7,0,0,0,1,1,0,0,0,5.20353E+20,5.40626E+21,9.27721E+15,4.8809E+16
115006,115007,8,2,16,15,2016,6,15,5,3,6,2,0,0,0,1,1,0,0,0,4.50052E+20,5.40621E+21,8.31973E+15,4.88069E+16
115007,115008,8,2,16,41,2016,7,19,2,2,8,1,0,0,1,0,0,0,0,0,4.34221E+20,5.39155E+21,8.10649E+15,4.86735E+16
115008,115009,8,3,17,145,2016,7,11,2,2,0,1,0,0,1,0,0,0,0,0,4.42609E+20,5.34981E+21,8.22615E+15,4.82988E+16
115009,115010,8,1,19,86,2016,7,16,6,3,3,2,0,0,0,1,0,1,0,0,5.3576E+20,5.40529E+21,9.48696E+15,4.87996E+16
115010,115011,8,4,35,34,2016,7,17,7,2,5,3,0,1,1,1,0,0,0,0,5.30145E+20,5.28434E+21,9.40188E+15,4.77117E+16
115011,115012,8,1,11,0,2016,7,19,2,3,5,3,0,0,1,1,0,0,0,0,5.13959E+20,5.4034E+21,9.19002E+15,4.87835E+16
115012,115013,8,3,16,43,2016,7,15,6,2,0,7,0,0,1,0,0,0,0,0,4.12183E+20,5.33094E+21,7.81988E+15,4.81256E+16
115013,115014,8,2,11,0,2016,6,14,5,3,0,6,0,0,0,0,0,0,0,1,4.44323E+20,5.4007E+21,8.24246E+15,4.87568E+16
115014,115015,8,3,26,27,2016,7,17,3,3,0,1,0,0,1,0,0,0,0,0,4.62187E+20,5.30815E+21,8.49383E+15,4.79255E+16
115015,115016,8,4,35,16,2016,7,16,2,2,3,6,0,0,1,1,0,0,0,0,5.31354E+20,5.27999E+21,9.41768E+15,4.76725E+16
115016,115017,8,1,11,0,2016,7,12,2,3,6,4,0,0,0,1,1,0,0,0,5.11838E+20,5.4064E+21,9.16124E+15,4.88105E+16
115017,115018,8,2,16,15,2016,7,12,3,3,6,7,0,0,0,1,1,0,0,0,4.49994E+20,5.40589E+21,8.31898E+15,4.88039E+16
115018,115019,8,4,36,82,2016,7,19,2,3,0,1,0,0,1,0,0,0,0,0,5.46853E+20,5.29396E+21,9.62565E+15,4.77973E+16
115019,115020,8,2,15,9,2016,7,12,3,3,5,3,0,0,0,1,0,0,0,0,4.703E+20,5.44135E+21,8.59293E+15,4.91242E+16
115020,115021,8,3,15,6,2016,7,14,2,3,5,3,0,0,1,1,0,0,0,0,4.01942E+20,5.3105E+21,7.68697E+15,4.79403E+16
115021,115022,8,1,19,20,2016,7,12,6,3,3,2,0,0,1,0,0,0,0,0,5.1985E+20,5.40892E+21,9.27049E+15,4.8833E+16
115022,115023,8,4,36,11,2016,7,15,7,3,5,3,0,0,0,1,0,0,0,0,5.48567E+20,5.2976E+21,9.64894E+15,4.78299E+16
115023,115024,8,3,15,113,2016,7,15,6,3,1,5,0,0,1,1,0,0,0,0,4.40981E+20,5.30736E+21,8.21008E+15,4.79169E+16
115024,115025,8,2,16,7,2016,6,21,5,2,8,6,1,0,1,0,0,0,0,1,4.38707E+20,5.39337E+21,8.16716E+15,4.86904E+16
115025,115026,8,3,36,91,2016,7,0,3,2,5,3,2,0,0,1,0,0,0,0,3.97376E+20,5.27184E+21,7.63498E+15,4.75919E+16
115026,115027,8,4,36,81,2016,7,12,2,3,0,1,0,0,1,0,0,0,0,0,5.62993E+20,5.28231E+21,9.83946E+15,4.76911E+16
115027,115028,8,1,11,0,2016,7,11,2,3,5,3,0,0,0,1,0,0,0,0,5.1304E+20,5.39989E+21,9.1774E+15,4.87518E+16
115028,115029,8,2,26,96,2016,7,17,3,2,6,4,0,0,0,1,1,0,0,0,4.74277E+20,5.48797E+21,8.64443E+15,4.95438E+16
115029,115030,8,1,19,20,2016,7,15,6,3,5,3,0,0,1,1,0,0,0,0,5.19457E+20,5.40665E+21,9.26502E+15,4.88125E+16
115030,115031,8,4,36,49,2016,7,13,7,3,6,7,0,0,0,1,1,0,0,0,5.78007E+20,5.2836E+21,1.00397E+16,4.77011E+16
115031,115032,8,4,21,0,2016,7,9,6,3,6,4,0,0,0,1,1,0,0,0,5.70904E+20,5.36226E+21,9.95812E+15,4.84095E+16
115032,115033,8,2,16,43,2016,6,17,5,3,2,6,0,0,0,1,0,0,0,0,4.41253E+20,5.4108E+21,8.19925E+15,4.88474E+16
115033,115034,8,1,19,68,2016,7,9,6,2,1,7,0,0,0,1,0,0,0,1,5.25335E+20,5.41354E+21,9.3455E+15,4.88743E+16
115034,115035,8,4,21,0,2016,7,11,7,3,3,2,0,0,0,1,0,0,0,1,5.73107E+20,5.36092E+21,9.98765E+15,4.83972E+16
115035,115036,8,4,36,64,2016,7,12,6,3,5,3,0,0,0,1,0,1,0,0,5.45086E+20,5.2918E+21,9.60183E+15,4.77779E+16
115036,115037,8,1,11,0,2016,7,16,2,3,6,4,0,0,0,0,1,0,0,1,5.17044E+20,5.406E+21,9.23212E+15,4.88067E+16
115037,115038,8,1,36,19,2016,6,20,5,3,8,1,0,0,1,0,0,0,0,0,5.869E+20,5.42216E+21,1.01868E+16,4.89462E+16
115038,115039,8,3,11,0,2016,7,13,6,3,3,2,0,0,1,1,0,0,0,0,4.14451E+20,5.31802E+21,7.85293E+15,4.80097E+16
115039,115040,8,3,11,0,2016,7,21,3,3,0,1,1,0,1,0,0,0,0,0,4.10212E+20,5.31474E+21,7.7968E+15,4.79797E+16
115040,115041,8,2,11,0,2016,7,19,2,2,1,2,0,0,0,1,0,1,0,0,4.37582E+20,5.39664E+21,8.15137E+15,4.87197E+16
115041,115042,8,1,18,70,2016,7,17,6,3,5,3,0,0,1,0,0,0,0,0,5.20567E+20,5.42408E+21,9.28101E+15,4.89693E+16
115042,115043,8,4,16,23,2016,7,17,7,1,8,1,0,0,0,1,0,0,0,0,5.10204E+20,5.37166E+21,9.13812E+15,4.8498E+16