FID,OBJECTID,ULAND,UREGBEZ,UKREIS,UGEMEINDE,UJAHR,UMONAT,USTUNDE,UWOCHENTAG,UKATEGORIE,UART,UTYP1,ULICHTVERH,IstStrasse,IstRad,IstPKW,IstFuss,IstKrad,IstGkfz,IstSonstig,LINREFX,LINREFY,XGCSWGS84,YGCSWGS84
115043,115044,8,4,36,10,2016,7,15,1,2,0,7,0,0,1,0,0,0,0,0,5.62031E+20,5.29956E+21,9.82911E+15,4.78464E+16
115044,115045,8,1,18,48,2016,7,15,6,3,5,3,0,0,1,1,0,0,0,0,5.12941E+20,5.41573E+21,9.17656E+15,4.88944E+16
115045,115046,8,3,36,78,2016,7,23,7,3,9,1,2,0,0,1,0,0,0,0,3.92498E+20,5.29032E+21,7.56557E+15,4.77572E+16
115046,115047,8,1,19,87,2016,7,17,3,3,4,2,0,0,1,0,0,1,0,0,5.28696E+20,5.42375E+21,9.39207E+15,4.8966E+16
115047,115048,8,1,36,19,2016,6,20,5,3,0,1,0,0,1,0,0,0,0,0,5.88971E+20,5.42405E+21,1.02155E+16,4.89629E+16
115048,115049,8,1,35,19,2016,7,23,2,2,0,1,2,0,0,1,0,0,0,0,5.8368E+20,5.39455E+21,1.01372E+16,4.86984E+16
115049,115050,8,3,11,0,2016,7,12,2,3,3,2,0,0,1,1,0,0,0,0,4.12965E+20,5.31702E+21,7.83322E+15,4.80005E+16
115050,115051,8,1,18,48,2016,7,22,6,3,0,7,2,0,0,1,0,0,0,0,5.1534E+20,5.41538E+21,9.20928E+15,4.88912E+16
115051,115052,8,2,36,67,2016,7,18,3,2,5,3,0,0,1,1,0,0,0,0,4.87036E+20,5.41082E+21,8.82328E+15,4.88502E+16
115052,115053,8,1,17,19,2016,7,5,2,2,6,4,0,0,0,1,1,0,0,0,5.52223E+20,5.39474E+21,9.70979E+15,4.87035E+16
115053,115054,8,3,15,132,2016,7,16,2,3,5,3,0,0,0,1,0,0,0,0,4.094E+20,5.32222E+21,7.78434E+15,4.80468E+16
115054,115055,8,1,17,51,2016,7,7,6,3,5,3,0,0,0,1,0,0,0,0,5.42505E+20,5.39416E+21,9.57765E+15,4.8699E+16
115055,115056,8,3,36,91,2016,7,13,7,3,5,3,0,0,1,1,0,0,0,0,3.95786E+20,5.27413E+21,7.6133E+15,4.76122E+16
115056,115057,8,4,36,78,2016,7,16,1,2,2,6,0,0,1,0,0,0,0,0,5.59407E+20,5.29199E+21,9.793E+15,4.77785E+16
115057,115058,8,3,11,0,2016,7,0,6,3,0,1,2,0,1,0,0,0,0,0,4.10746E+20,5.31535E+21,7.80383E+15,4.79852E+16
115058,115059,8,1,19,8,2016,7,20,3,3,3,2,0,0,1,1,0,0,0,0,5.32047E+20,5.42043E+21,9.43759E+15,4.8936E+16
115059,115060,8,1,36,60,2016,6,7,5,3,5,3,0,1,0,1,0,1,0,0,5.75481E+20,5.43266E+21,1.00329E+16,4.90422E+16
115060,115061,8,4,36,52,2016,7,12,2,3,3,3,0,0,1,1,0,0,0,0,5.66192E+20,5.29361E+21,9.88381E+15,4.77924E+16
115061,115062,8,2,11,0,2016,7,15,3,3,2,6,0,0,0,1,0,0,0,0,4.40628E+20,5.40441E+21,8.19166E+15,4.87899E+16
115062,115063,8,1,25,102,2016,7,14,2,2,1,6,0,0,0,0,0,1,0,0,5.20903E+20,5.44406E+21,9.28664E+15,4.9149E+16
115063,115064,8,3,36,50,2016,7,7,2,3,5,2,0,0,0,1,0,0,0,0,3.99388E+20,5.27553E+21,7.66089E+15,4.76253E+16
115064,115065,8,1,16,19,2016,7,12,6,3,4,1,0,0,1,0,0,0,0,0,5.2537E+20,5.39657E+21,9.34494E+15,4.87217E+16
115065,115066,8,3,35,75,2016,7,16,7,3,5,3,0,1,0,1,0,0,0,0,4.87771E+20,5.28859E+21,8.83684E+15,4.77506E+16
115066,115067,8,4,16,41,2016,7,18,1,2,5,3,0,0,1,0,0,0,0,1,5.03642E+20,5.37226E+21,9.0493E+15,4.85034E+16
115067,115068,8,3,15,109,2016,7,8,6,3,5,3,0,0,1,1,0,0,0,0,4.22616E+20,5.31462E+21,7.96301E+15,4.79802E+16
115068,115069,8,3,35,22,2016,7,8,7,2,6,2,0,1,0,1,1,0,0,0,4.82916E+20,5.30039E+21,8.77161E+15,4.78566E+16
115069,115070,8,4,15,61,2016,7,20,1,2,7,1,0,0,0,0,0,1,0,0,5.14715E+20,5.37166E+21,9.19919E+15,4.84979E+16
115070,115071,8,3,11,0,2016,7,16,6,3,1,1,0,0,0,1,0,1,0,0,4.14868E+20,5.3207E+21,7.85799E+15,4.80339E+16
115071,115072,8,1,18,60,2016,7,6,3,3,3,2,0,0,1,1,0,0,0,0,5.23132E+20,5.42966E+21,9.31639E+15,4.90194E+16
115072,115073,8,1,27,14,2016,6,7,5,2,0,1,0,1,1,0,0,0,0,0,5.7897E+20,5.44297E+21,1.00826E+16,4.91344E+16
115073,115074,8,4,21,0,2016,7,17,2,3,0,1,0,1,1,0,0,0,0,0,5.70662E+20,5.35856E+21,9.95423E+15,4.83763E+16
115074,115075,8,1,36,65,2016,7,16,3,3,2,6,0,0,0,1,0,0,0,0,5.58905E+20,5.40528E+21,9.8021E+15,4.87977E+16
115075,115076,8,3,36,50,2016,7,9,2,2,6,4,0,0,0,1,1,0,0,0,3.99667E+20,5.2744E+21,7.66487E+15,4.76152E+16
115076,115077,8,1,16,71,2016,7,17,6,3,5,7,0,0,1,0,0,0,0,0,5.27919E+20,5.3911E+21,9.37923E+15,4.86723E+16
115077,115078,8,3,35,43,2016,7,0,7,3,0,2,2,0,1,1,0,0,0,0,5.12953E+20,5.27874E+21,9.17252E+15,4.76619E+16
115078,115079,8,1,11,0,2016,7,13,7,3,0,1,0,1,0,0,0,1,0,0,5.14611E+20,5.4092E+21,9.19911E+15,4.88356E+16
115079,115080,8,2,12,0,2016,7,20,6,3,5,3,0,0,1,1,0,0,0,0,4.60412E+20,5.42729E+21,8.45879E+15,4.89972E+16
115080,115081,8,1,19,20,2016,6,17,5,3,4,2,0,0,1,1,0,0,0,0,5.20429E+20,5.40694E+21,9.27828E+15,4.88151E+16
115081,115082,8,3,36,50,2016,7,11,3,3,2,6,0,0,0,1,0,0,0,0,3.99781E+20,5.27434E+21,7.66639E+15,4.76147E+16
115082,115083,8,3,36,50,2016,7,10,1,3,0,7,0,0,1,0,0,0,0,0,3.99819E+20,5.27529E+21,7.66667E+15,4.76233E+16
115083,115084,8,1,18,73,2016,6,6,5,3,5,3,0,1,1,0,0,0,0,1,4.96784E+20,5.42113E+21,8.95608E+15,4.89431E+16
115084,115085,8,3,17,47,2016,7,16,3,3,1,5,0,0,0,1,0,0,0,0,4.18892E+20,5.36375E+21,7.90372E+15,4.84216E+16
115085,115086,8,4,21,0,2016,7,8,2,3,6,4,0,0,1,0,1,0,0,0,5.731E+20,5.36156E+21,9.98767E+15,4.84029E+16
115086,115087,8,3,35,26,2016,7,16,1,2,8,7,0,0,1,0,0,0,0,0,4.82832E+20,5.2814E+21,8.77123E+15,4.76858E+16
115087,115088,8,1,16,19,2016,7,13,6,3,5,7,0,0,0,1,0,1,0,0,5.23553E+20,5.39852E+21,9.32034E+15,4.87393E+16
115088,115089,8,3,35,43,2016,7,20,7,3,0,1,0,0,1,0,0,0,0,0,5.14135E+20,5.27963E+21,9.18829E+15,4.76699E+16
115089,115090,8,4,26,38,2016,7,13,6,3,5,3,0,0,0,1,0,0,0,1,5.57938E+20,5.31507E+21,9.77649E+15,4.79863E+16
115090,115091,8,3,26,52,2016,7,0,1,3,6,7,2,0,0,1,1,0,0,0,4.50184E+20,5.33042E+21,8.33056E+15,4.81251E+16
115091,115092,8,1,18,79,2016,6,7,5,3,5,3,0,1,0,1,0,0,0,0,5.09273E+20,5.42124E+21,9.12664E+15,4.8944E+16
115092,115093,8,2,16,63,2016,7,19,3,3,2,6,0,0,0,1,0,0,1,0,4.33384E+20,5.40308E+21,8.09326E+15,4.87772E+16
115093,115094,8,1,21,0,2016,7,18,2,3,4,6,0,0,1,0,0,0,0,0,5.1606E+20,5.44439E+21,9.22025E+15,4.91521E+16
115094,115095,8,1,15,3,2016,7,15,6,3,3,6,0,0,0,0,0,1,1,0,4.99124E+20,5.39285E+21,8.9881E+15,4.86887E+16
115095,115096,8,3,25,49,2016,7,20,7,3,8,7,0,0,0,1,0,0,0,0,4.70966E+20,5.33606E+21,8.60944E+15,4.81771E+16
115096,115097,8,3,17,96,2016,7,0,1,3,9,7,2,0,1,0,0,0,0,0,4.21247E+20,5.37022E+21,7.93433E+15,4.84802E+16
115097,115098,8,3,17,65,2016,7,10,7,3,8,7,0,0,1,0,0,0,0,0,4.1592E+20,5.35452E+21,7.8654E+15,4.83383E+16
115098,115099,8,1,18,48,2016,7,8,3,3,3,2,0,0,0,1,1,0,0,0,5.12034E+20,5.41559E+21,9.16418E+15,4.88932E+16
115099,115100,8,1,15,3,2016,7,17,6,2,5,3,0,0,1,1,0,0,0,0,5.01459E+20,5.39343E+21,9.01982E+15,4.86939E+16
115100,115101,8,4,16,41,2016,7,10,6,3,0,7,0,0,1,1,0,0,0,0,5.0368E+20,5.37441E+21,9.04983E+15,4.85228E+16
115101,115102,8,1,18,48,2016,7,8,3,2,6,4,0,0,1,0,1,0,0,0,5.1362E+20,5.41596E+21,9.18583E+15,4.88964E+16
115102,115103,8,1,16,49,2016,6,5,5,3,5,3,1,1,1,1,0,0,0,0,5.25199E+20,5.38496E+21,9.34191E+15,4.86172E+16
115103,115104,8,2,22,0,2016,7,14,3,3,0,7,0,0,1,0,0,0,0,0,4.6205E+20,5.48108E+21,8.47609E+15,4.94812E+16
115104,115105,8,1,19,85,2016,7,16,2,3,0,1,0,0,1,0,0,0,0,1,5.28267E+20,5.41271E+21,9.38544E+15,4.88667E+16
115105,115106,8,3,36,50,2016,7,11,2,2,5,3,0,0,1,1,0,0,0,0,3.99996E+20,5.27414E+21,7.6693E+15,4.7613E+16
115106,115107,8,1,15,3,2016,7,21,6,3,4,6,0,0,0,1,0,0,0,0,5.02554E+20,5.39174E+21,9.0347E+15,4.86787E+16
115107,115108,8,3,11,0,2016,7,20,7,2,0,1,0,0,1,0,0,0,0,0,4.14002E+20,5.31567E+21,7.8474E+15,4.79886E+16
115108,115109,8,3,17,65,2016,7,15,1,3,0,7,0,0,1,0,0,0,0,0,4.12335E+20,5.35356E+21,7.81724E+15,4.83291E+16
115109,115110,8,2,35,85,2016,7,10,6,3,6,4,0,0,0,0,0,0,1,1,4.82474E+20,5.3958E+21,8.76174E+15,4.8715E+16
115110,115111,8,1,18,46,2016,7,14,3,3,6,4,0,0,0,1,1,0,0,0,5.16219E+20,5.4127E+21,9.22116E+15,4.88671E+16
115111,115112,8,1,16,19,2016,6,15,5,3,1,6,0,0,0,1,0,0,0,0,5.22187E+20,5.39844E+21,9.30176E+15,4.87386E+16
115112,115113,8,4,16,41,2016,7,16,2,3,5,3,0,0,1,1,0,0,0,0,5.04575E+20,5.3751E+21,9.06197E+15,4.8529E+16
115113,115114,8,1,11,0,2016,6,17,5,3,1,1,0,0,0,1,0,0,1,1,5.18755E+20,5.40124E+21,9.25522E+15,4.87639E+16
115114,115115,8,1,19,91,2016,7,8,2,3,0,1,0,0,1,0,0,0,0,1,5.26957E+20,5.40678E+21,9.36719E+15,4.88134E+16
115115,115116,8,3,11,0,2016,7,13,2,3,1,5,0,0,1,1,0,0,0,0,4.11725E+20,5.31612E+21,7.81678E+15,4.79923E+16
115116,115117,8,1,11,0,2016,7,9,6,3,6,4,0,0,0,0,1,0,0,1,5.12146E+20,5.40319E+21,9.16534E+15,4.87816E+16
115117,115118,8,3,11,0,2016,7,18,7,3,5,3,0,0,1,0,0,0,0,0,4.12743E+20,5.31594E+21,7.83046E+15,4.79908E+16
115118,115119,8,3,15,74,2016,7,17,1,3,1,5,0,0,1,1,0,0,0,0,3.97245E+20,5.29592E+21,7.62756E+15,4.78084E+16
115119,115120,8,2,36,40,2016,7,19,6,3,4,6,0,0,1,1,0,0,0,0,4.88411E+20,5.42211E+21,8.84171E+15,4.89518E+16
115120,115121,8,1,11,0,2016,6,18,5,2,5,3,0,0,1,1,0,0,0,0,5.13151E+20,5.40676E+21,9.17913E+15,4.88137E+16
115121,115122,8,3,26,74,2016,7,7,3,2,5,3,0,0,1,0,0,0,0,0,4.59721E+20,5.32378E+21,8.45935E+15,4.8066E+16
115122,115123,8,4,16,41,2016,7,6,2,3,3,6,0,0,1,0,0,0,0,1,5.04489E+20,5.3738E+21,9.06079E+15,4.85173E+16
115123,115124,8,3,11,0,2016,7,17,1,3,3,2,0,0,0,1,0,1,0,0,4.13325E+20,5.31704E+21,7.83804E+15,4.80008E+16
115124,115125,8,1,27,14,2016,7,17,3,2,6,4,0,0,0,1,1,0,0,0,5.77439E+20,5.44366E+21,1.00617E+16,4.91408E+16
115125,115126,8,1,11,0,2016,7,11,6,3,0,1,0,0,1,0,0,0,0,0,5.13648E+20,5.4059E+21,9.18587E+15,4.8806E+16
115126,115127,8,2,31,0,2016,7,13,7,3,3,6,0,1,0,1,0,1,0,0,4.77623E+20,5.41517E+21,8.69473E+15,4.88891E+16
115127,115128,8,4,37,104,2016,7,15,6,3,5,3,0,0,0,1,0,0,0,0,5.15558E+20,5.32617E+21,9.20892E+15,4.80886E+16
115128,115129,8,3,16,56,2016,7,16,1,1,8,1,0,0,0,0,0,1,0,0,4.23832E+20,5.32894E+21,7.97676E+15,4.81092E+16
115129,115130,8,1,11,0,2016,6,16,5,3,6,7,0,0,0,1,1,0,0,0,5.15508E+20,5.40643E+21,9.21123E+15,4.88107E+16
115130,115131,8,1,25,13,2016,7,19,3,3,5,3,0,0,0,1,0,0,0,0,5.04891E+20,5.43645E+21,9.06698E+15,4.90808E+16
115131,115132,8,3,11,0,2016,7,11,2,3,5,2,0,0,1,1,0,0,0,0,4.1453E+20,5.31602E+21,7.85439E+15,4.79918E+16
115132,115133,8,4,35,29,2016,6,20,5,2,8,1,0,0,0,0,0,1,0,0,5.43283E+20,5.27097E+21,9.57569E+15,4.75907E+16
115133,115134,8,2,31,0,2016,7,16,7,3,2,6,0,0,0,1,0,0,0,0,4.78556E+20,5.41506E+21,8.70748E+15,4.88881E+16
115134,115135,8,3,11,0,2016,7,15,1,2,4,6,0,0,1,0,0,1,0,0,4.02546E+20,5.31339E+21,7.69441E+15,4.79664E+16
115135,115136,8,2,26,76,2016,7,8,6,3,5,3,0,0,1,1,0,0,0,0,4.75734E+20,5.46552E+21,8.66594E+15,4.93419E+16
115136,115137,8,4,36,10,2016,6,18,4,2,0,1,0,0,0,0,0,1,0,0,5.65001E+20,5.31258E+21,9.87077E+15,4.79632E+16
115137,115138,8,3,15,70,2016,7,7,3,3,5,3,0,0,0,1,0,0,0,0,4.51373E+20,5.30395E+21,8.34954E+15,4.78871E+16
115138,115139,8,3,35,79,2016,7,12,2,3,2,7,0,0,0,1,0,1,0,0,5.00224E+20,5.30229E+21,9.00299E+15,4.7874E+16
115139,115140,8,2,15,17,2016,7,2,1,2,8,6,2,0,0,1,0,0,0,1,4.55766E+20,5.42067E+21,8.39599E+15,4.89374E+16
115140,115141,8,4,35,16,2016,6,17,5,2,5,3,0,1,0,1,0,1,0,0,5.35032E+20,5.27808E+21,9.46653E+15,4.76552E+16
115141,115142,8,2,31,0,2016,7,14,7,3,5,3,0,1,0,1,0,0,0,0,4.75507E+20,5.41658E+21,8.66579E+15,4.89017E+16
115142,115143,8,1,35,26,2016,7,23,6,2,8,1,2,0,0,0,0,1,0,0,5.916E+20,5.39563E+21,1.02451E+16,4.8707E+16
115143,115144,8,4,36,95,2016,6,12,4,3,4,6,0,0,0,1,0,0,0,0,5.3386E+20,5.29701E+21,9.45239E+15,4.78255E+16
115144,115145,8,2,36,40,2016,7,20,3,3,8,6,0,0,0,1,0,1,0,0,4.90409E+20,5.42146E+21,8.86901E+15,4.8946E+16
115145,115146,8,2,25,2,2016,7,19,6,3,4,2,0,0,0,1,0,1,0,0,4.994E+20,5.46641E+21,8.99174E+15,4.93504E+16
115146,115147,8,4,35,16,2016,6,17,4,3,5,3,0,0,1,0,0,0,0,0,5.35919E+20,5.27988E+21,9.47848E+15,4.76713E+16
115147,115148,8,3,36,19,2016,7,6,3,3,2,6,0,0,0,1,0,1,0,0,3.94231E+20,5.27691E+21,7.59194E+15,4.7637E+16
115148,115149,8,3,35,75,2016,7,15,2,3,5,3,0,0,0,1,0,1,0,0,4.8878E+20,5.28972E+21,8.85028E+15,4.77607E+16
115149,115150,8,1,19,67,2016,7,16,2,3,5,3,0,0,0,1,0,0,0,0,5.38513E+20,5.40515E+21,9.52444E+15,4.87982E+16
115150,115151,8,4,26,97,2016,6,21,5,3,3,6,1,0,1,1,0,0,0,0,5.35963E+20,5.33295E+21,9.4835E+15,4.81488E+16
115151,115152,8,2,22,0,2016,7,7,7,3,8,1,0,0,0,1,0,0,0,0,4.61818E+20,5.48233E+21,8.47277E+15,4.94924E+16
115152,115153,8,2,12,0,2016,7,15,1,3,1,5,0,0,1,1,0,0,0,0,4.55006E+20,5.42971E+21,8.38462E+15,4.90187E+16
115153,115154,8,4,21,0,2016,6,10,5,3,6,2,0,0,0,1,1,0,0,0,5.73358E+20,5.36144E+21,9.99114E+15,4.84019E+16
115154,115155,8,3,35,43,2016,7,22,6,3,0,7,2,0,1,0,0,0,0,1,5.13031E+20,5.27935E+21,9.17358E+15,4.76674E+16
115155,115156,8,1,18,3,2016,7,18,3,2,5,3,0,0,1,1,0,0,0,0,5.10449E+20,5.41757E+21,9.1426E+15,4.89109E+16
115156,115157,8,4,25,2,2016,6,11,4,3,5,3,0,0,1,1,0,0,0,0,5.5318E+20,5.35266E+21,9.71743E+15,4.83249E+16
115157,115158,8,1,18,76,2016,7,7,2,2,8,1,0,0,0,1,0,0,0,0,5.04313E+20,5.42612E+21,9.05895E+15,4.8988E+16
115158,115159,8,2,12,0,2016,7,20,2,3,5,7,0,0,0,1,0,1,0,0,4.54325E+20,5.42952E+21,8.37532E+15,4.90168E+16
115159,115160,8,4,17,2,2016,6,7,5,3,1,5,0,0,0,1,0,1,0,0,4.90748E+20,5.34948E+21,8.87525E+15,4.82984E+16
115160,115161,8,2,16,43,2016,7,15,7,2,6,7,0,0,0,1,1,0,0,0,4.42016E+20,5.41135E+21,8.20957E+15,4.88524E+16
115161,115162,8,2,36,46,2016,7,19,1,3,1,7,0,0,1,1,0,0,0,0,4.85792E+20,5.41679E+21,8.80612E+15,4.89039E+16
115162,115163,8,1,17,20,2016,7,7,2,3,8,1,0,0,0,1,0,0,0,0,5.50162E+20,5.39054E+21,9.68127E+15,4.86659E+16
115163,115164,8,2,26,76,2016,7,17,2,3,4,6,0,0,1,0,0,0,0,0,4.75823E+20,5.4653E+21,8.66718E+15,4.93399E+16
115164,115165,8,4,17,2,2016,6,15,5,3,5,3,0,0,0,1,0,0,0,1,4.90615E+20,5.34379E+21,8.87358E+15,4.82473E+16
115165,115166,8,2,15,66,2016,7,18,7,3,5,3,0,0,1,1,0,0,0,0,4.60153E+20,5.45385E+21,8.45262E+15,4.92361E+16
115166,115167,8,2,26,96,2016,7,0,1,2,5,3,2,0,0,1,0,1,0,0,4.74649E+20,5.48764E+21,8.64959E+15,4.95409E+16
115167,115168,8,2,22,0,2016,7,17,6,3,5,3,0,0,1,1,0,0,0,0,4.61651E+20,5.48351E+21,8.47034E+15,4.9503E+16
115168,115169,8,1,16,49,2016,7,16,3,3,0,1,0,0,1,0,0,0,0,0,5.25094E+20,5.38755E+21,9.34064E+15,4.86405E+16
115169,115170,8,4,17,79,2016,6,15,4,3,5,3,0,0,0,1,0,1,0,0,5.02095E+20,5.34097E+21,9.0282E+15,4.82219E+16
115170,115171,8,1,16,49,2016,7,19,2,2,0,7,0,0,0,0,0,1,0,0,5.24545E+20,5.38808E+21,9.33322E+15,4.86453E+16
115171,115172,8,2,26,41,2016,7,19,2,3,4,6,0,0,1,1,0,0,0,0,4.76986E+20,5.4659E+21,8.68315E+15,4.93454E+16
115172,115173,8,4,16,48,2016,6,19,5,3,9,3,0,0,0,0,0,1,0,0,4.96718E+20,5.37952E+21,8.95551E+15,4.85687E+16
115173,115174,8,2,15,9,2016,7,19,7,3,5,3,0,0,0,1,0,0,0,0,4.69393E+20,5.44169E+21,8.58047E+15,4.91273E+16
115174,115175,8,2,22,0,2016,7,11,1,2,3,6,0,0,1,1,0,0,0,0,4.62234E+20,5.47792E+21,8.47893E+15,4.94528E+16
115175,115176,8,2,21,0,2016,7,6,6,3,5,3,0,0,1,1,0,0,0,0,4.76951E+20,5.472E+21,8.68232E+15,4.94003E+16
115176,115177,8,4,15,61,2016,6,9,4,3,5,2,0,0,0,1,0,1,0,0,5.14837E+20,5.37134E+21,9.20083E+15,4.8495E+16
115177,115178,8,3,17,96,2016,7,12,3,3,2,6,0,0,0,1,0,0,0,0,4.20737E+20,5.36575E+21,7.92828E+15,4.84399E+16
115178,115179,8,3,35,75,2016,7,8,2,3,0,1,0,0,1,0,0,0,0,0,4.88886E+20,5.28875E+21,8.85172E+15,4.7752E+16
115179,115180,8,2,16,41,2016,7,17,6,3,5,3,0,0,0,1,0,1,0,0,4.34368E+20,5.39246E+21,8.10835E+15,4.86817E+16
115180,115181,8,1,16,33,2016,7,12,3,3,2,6,0,0,0,1,0,0,1,0,5.31765E+20,5.3881E+21,9.43124E+15,4.86452E+16
115181,115182,8,3,36,105,2016,6,19,4,2,0,1,0,0,1,0,0,0,0,0,4.02509E+20,5.26648E+21,7.70443E+15,4.75444E+16
115182,115183,8,3,35,63,2016,7,10,2,2,0,6,0,0,0,1,0,1,0,0,4.94581E+20,5.28851E+21,8.9277E+15,4.775E+16
115183,115184,8,1,21,0,2016,7,11,3,2,6,6,0,0,1,0,1,0,0,0,5.16812E+20,5.44346E+21,9.23052E+15,4.91438E+16
115184,115185,8,2,26,84,2016,7,9,2,3,0,7,0,0,1,0,0,0,0,0,4.69225E+20,5.47031E+21,8.57597E+15,4.93847E+16
115185,115186,8,4,15,61,2016,6,17,5,3,1,6,0,0,1,1,0,0,0,0,5.16239E+20,5.37082E+21,9.21978E+15,4.84903E+16
115186,115187,8,2,12,0,2016,7,13,7,3,4,6,0,0,0,1,0,0,0,0,4.51241E+20,5.4304E+21,8.33304E+15,4.90246E+16
115187,115188,8,2,16,43,2016,7,13,6,3,8,7,0,0,1,0,0,0,0,0,4.41197E+20,5.41346E+21,8.19811E+15,4.88713E+16
115188,115189,8,3,36,50,2016,6,18,4,3,2,6,0,0,0,1,0,0,0,1,3.98991E+20,5.27247E+21,7.65632E+15,4.75978E+16
115189,115190,8,3,36,6,2016,7,10,3,2,3,2,0,0,1,0,0,0,0,0,3.91021E+20,5.28645E+21,7.54684E+15,4.77222E+16
115190,115191,8,3,17,96,2016,7,14,2,3,1,7,0,0,0,0,0,1,0,1,4.21079E+20,5.37044E+21,7.93201E+15,4.84821E+16
115191,115192,8,2,15,99,2016,7,9,1,3,5,3,0,0,0,1,0,0,0,0,4.63625E+20,5.44668E+21,8.50096E+15,4.91718E+16
115192,115193,8,3,35,63,2016,6,13,5,2,6,2,0,0,0,1,1,0,0,0,4.97086E+20,5.28765E+21,8.96113E+15,4.77422E+16
115193,115194,8,1,35,19,2016,7,19,7,2,6,4,0,0,0,1,1,0,0,0,5.82859E+20,5.39269E+21,1.01257E+16,4.86818E+16
115194,115195,8,4,17,2,2016,7,16,6,2,0,1,0,0,0,0,0,1,0,0,4.9053E+20,5.35064E+21,8.87229E+15,4.83089E+16
115195,115196,8,2,15,7,2016,7,18,1,3,5,3,0,0,0,1,0,0,0,0,4.77993E+20,5.43201E+21,8.69888E+15,4.90406E+16
115196,115197,8,3,17,96,2016,6,14,5,3,5,3,0,1,0,1,0,1,0,0,4.21766E+20,5.36983E+21,7.94142E+15,4.84767E+16
115197,115198,8,1,18,67,2016,7,9,7,3,0,7,0,0,0,0,0,0,0,1,5.0516E+20,5.41381E+21,9.07037E+15,4.88772E+16
115198,115199,8,4,35,29,2016,7,18,6,3,0,7,0,0,0,1,0,0,0,0,5.46065E+20,5.27167E+21,9.61277E+15,4.75968E+16
115199,115200,8,2,15,105,2016,7,3,1,2,0,1,2,0,1,0,0,0,0,0,4.56932E+20,5.4417E+21,8.40967E+15,4.91266E+16
115200,115201,8,3,35,75,2016,6,13,4,3,1,5,0,0,0,1,0,0,0,0,4.89007E+20,5.29144E+21,8.85327E+15,4.77762E+16
115201,115202,8,2,12,0,2016,7,10,3,3,2,6,0,0,0,1,0,0,0,0,4.53375E+20,5.42891E+21,8.3624E+15,4.90113E+16
115202,115203,8,1,16,36,2016,7,17,2,3,2,6,0,0,0,1,0,0,0,0,5.24691E+20,5.3785E+21,9.33462E+15,4.85591E+16
115203,115204,8,3,17,57,2016,6,15,5,3,4,6,0,0,1,1,0,0,0,0,4.13975E+20,5.37289E+21,7.8354E+15,4.85032E+16
115204,115205,8,1,17,24,2016,7,17,7,3,1,7,0,0,0,1,0,0,0,0,5.59491E+20,5.3846E+21,9.8071E+15,4.86117E+16
115205,115206,8,1,21,0,2016,7,21,1,3,3,2,0,0,0,1,0,0,0,0,5.16112E+20,5.4426E+21,9.22089E+15,4.91361E+16
115206,115207,8,3,17,89,2016,6,10,5,3,0,7,0,0,1,0,0,0,0,0,4.31553E+20,5.37685E+21,8.07268E+15,4.8541E+16
115207,115208,8,1,16,19,2016,7,16,7,3,2,1,0,0,1,0,0,0,0,1,5.22802E+20,5.40024E+21,9.31022E+15,4.87548E+16
115208,115209,8,1,15,45,2016,7,16,3,3,2,6,0,0,0,1,0,0,0,0,5.00583E+20,5.39373E+21,9.00793E+15,4.86966E+16
115209,115210,8,3,35,63,2016,6,15,4,3,0,7,0,0,1,0,0,0,0,0,4.98148E+20,5.28732E+21,8.9753E+15,4.77393E+16
115210,115211,8,1,15,45,2016,7,17,3,3,5,3,0,0,0,1,0,1,0,0,5.01336E+20,5.39414E+21,9.01816E+15,4.87003E+16
115211,115212,8,3,25,45,2016,6,19,4,3,6,6,0,0,1,0,1,0,0,0,4.69042E+20,5.34821E+21,8.58267E+15,4.82863E+16
115212,115213,8,2,21,0,2016,7,16,3,2,1,6,0,0,1,1,0,0,0,0,4.76937E+20,5.47295E+21,8.68207E+15,4.94088E+16
115213,115214,8,1,16,27,2016,7,20,2,3,5,3,0,0,0,1,0,0,0,0,5.34438E+20,5.3939E+21,9.468E+15,4.86972E+16
115214,115215,8,2,21,0,2016,7,17,2,2,5,3,0,0,1,0,0,0,0,1,4.78629E+20,5.47333E+21,8.70537E+15,4.94123E+16
115215,115216,8,3,16,56,2016,6,17,5,3,2,6,0,0,0,1,0,0,0,0,4.22596E+20,5.32722E+21,7.96046E+15,4.80936E+16
115216,115217,8,1,11,0,2016,7,12,7,2,2,7,0,0,0,1,0,0,0,0,5.10499E+20,5.40636E+21,9.143E+15,4.88102E+16
115217,115218,8,1,19,79,2016,7,23,1,3,0,7,2,0,0,1,0,0,0,0,5.21237E+20,5.40861E+21,9.28937E+15,4.88301E+16
115218,115219,8,2,15,108,2016,7,17,6,2,6,7,0,0,0,1,1,0,0,0,4.50549E+20,5.42575E+21,8.32414E+15,4.89826E+16
115219,115220,8,1,15,28,2016,7,12,3,3,5,3,0,0,0,0,0,1,0,1,5.00255E+20,5.40498E+21,9.00347E+15,4.87978E+16
115220,115221,8,3,17,96,2016,6,14,4,3,6,4,0,0,0,0,1,1,0,0,4.22355E+20,5.3695E+21,7.94946E+15,4.84738E+16