FID,OBJECTID,ULAND,UREGBEZ,UKREIS,UGEMEINDE,UJAHR,UMONAT,USTUNDE,UWOCHENTAG,UKATEGORIE,UART,UTYP1,ULICHTVERH,IstStrasse,IstRad,IstPKW,IstFuss,IstKrad,IstGkfz,IstSonstig,LINREFX,LINREFY,XGCSWGS84,YGCSWGS84
115221,115222,8,3,17,5,2016,7,13,7,3,0,1,0,0,1,0,0,0,0,0,4.24308E+20,5.37636E+21,7.97464E+15,4.85358E+16
115222,115223,8,2,21,0,2016,7,15,7,3,2,6,0,0,0,1,0,0,0,0,4.76756E+20,5.47213E+21,8.67962E+15,4.94014E+16
115223,115224,8,4,15,61,2016,7,14,4,3,0,1,0,0,1,0,0,0,0,0,5.13893E+20,5.37124E+21,9.18804E+15,4.84942E+16
115224,115225,8,4,21,0,2016,7,15,5,3,0,1,0,0,0,0,0,1,0,0,5.71116E+20,5.36218E+21,9.96098E+15,4.84087E+16
115225,115226,8,1,17,24,2016,7,20,7,3,3,6,0,0,1,0,0,0,0,0,5.61956E+20,5.38648E+21,9.84082E+15,4.86283E+16
115226,115227,8,2,26,41,2016,7,19,6,3,1,6,0,0,0,1,0,0,0,0,4.76945E+20,5.46622E+21,8.68257E+15,4.93483E+16
115227,115228,8,2,15,9,2016,7,15,5,2,5,3,0,0,0,1,0,1,0,0,4.69735E+20,5.44156E+21,8.58517E+15,4.91261E+16
115228,115229,8,4,25,33,2016,7,11,1,3,5,3,0,0,1,1,0,0,0,0,5.5369E+20,5.34765E+21,9.72367E+15,4.82797E+16
115229,115230,8,1,17,18,2016,7,2,1,3,0,1,2,0,1,0,0,0,0,0,5.3906E+20,5.39627E+21,9.53103E+15,4.87182E+16
115230,115231,8,1,36,44,2016,7,17,1,3,8,1,0,0,1,0,0,0,0,0,5.58402E+20,5.4081E+21,9.79566E+15,4.88231E+16
115231,115232,8,3,37,65,2016,7,11,4,3,0,1,0,0,0,0,0,1,0,0,4.46808E+20,5.27386E+21,8.29217E+15,4.76159E+16
115232,115233,8,4,21,0,2016,7,17,5,3,1,5,0,0,0,1,0,1,0,0,5.71492E+20,5.36025E+21,9.96573E+15,4.83914E+16
115233,115234,8,2,22,0,2016,7,9,6,3,5,3,0,0,0,1,0,0,0,0,4.64204E+20,5.47914E+21,8.50599E+15,4.94638E+16
115234,115235,8,2,12,0,2016,7,16,5,3,5,3,0,0,0,1,0,1,0,0,4.52935E+20,5.43037E+21,8.35621E+15,4.90244E+16
115235,115236,8,2,22,0,2016,7,15,6,3,5,3,0,0,0,1,0,0,0,0,4.6602E+20,5.47544E+21,8.53137E+15,4.94307E+16
115236,115237,8,2,12,0,2016,7,12,5,3,5,7,0,0,0,1,0,0,0,0,4.56095E+20,5.42667E+21,8.39984E+15,4.89914E+16
115237,115238,8,3,16,11,2016,7,14,1,3,0,1,0,0,1,1,0,0,0,0,4.16516E+20,5.32984E+21,7.87831E+15,4.81163E+16
115238,115239,8,2,22,0,2016,7,18,6,3,5,3,0,0,1,0,0,1,0,0,4.62342E+20,5.48068E+21,8.48015E+15,4.94776E+16
115239,115240,8,2,12,0,2016,7,13,5,3,1,5,0,0,1,0,0,0,0,1,4.55369E+20,5.42866E+21,8.3897E+15,4.90092E+16
115240,115241,8,4,15,50,2016,7,11,1,3,2,6,0,0,0,1,0,1,0,0,5.2096E+20,5.3764E+21,9.28397E+15,4.85404E+16
115241,115242,8,1,16,35,2016,7,16,1,3,5,2,0,0,0,1,0,0,0,0,5.27315E+20,5.39265E+21,9.37112E+15,4.86863E+16
115242,115243,8,1,16,19,2016,7,17,7,3,0,1,0,0,1,0,0,0,0,0,5.22837E+20,5.398E+21,9.31058E+15,4.87346E+16
115243,115244,8,3,36,84,2016,7,20,4,3,6,4,0,0,0,0,1,1,0,0,4.05477E+20,5.27731E+21,7.74152E+15,4.76423E+16
115244,115245,8,4,21,0,2016,7,23,5,3,6,7,2,0,0,0,1,1,0,0,5.73525E+20,5.36086E+21,9.9933E+15,4.83966E+16
115245,115246,8,2,16,15,2016,7,20,6,3,4,2,0,0,1,1,0,0,0,0,4.49978E+20,5.40616E+21,8.31874E+15,4.88064E+16
115246,115247,8,2,15,109,2016,7,10,5,3,5,2,0,0,0,1,0,0,0,1,4.60604E+20,5.43272E+21,8.46088E+15,4.90461E+16
115247,115248,8,3,15,28,2016,7,12,1,3,8,3,0,0,0,1,0,0,0,0,4.08437E+20,5.31231E+21,7.77353E+15,4.79576E+16
115248,115249,8,3,17,1,2016,7,10,7,2,3,2,0,0,1,1,0,0,0,0,4.31211E+20,5.38659E+21,8.06644E+15,4.86286E+16
115249,115250,8,2,15,99,2016,7,11,7,3,0,1,0,0,1,0,0,0,0,0,4.6195E+20,5.44505E+21,8.47814E+15,4.91571E+16
115250,115251,8,3,35,43,2016,7,12,4,2,5,3,0,0,1,1,0,0,0,0,5.12329E+20,5.28065E+21,9.16427E+15,4.76792E+16
115251,115252,8,4,21,0,2016,7,19,5,3,2,6,0,0,0,0,0,1,0,0,5.74518E+20,5.36185E+21,1.00069E+16,4.84054E+16
115252,115253,8,1,15,21,2016,7,20,7,3,5,3,0,0,1,1,0,0,0,0,4.92126E+20,5.38091E+21,8.89324E+15,4.85812E+16
115253,115254,8,4,35,59,2016,7,1,4,2,8,1,2,0,1,0,0,0,0,0,5.12815E+20,5.28992E+21,9.171E+15,4.77625E+16
115254,115255,8,4,35,52,2016,7,15,6,3,6,7,0,0,0,1,1,0,0,0,5.24233E+20,5.29424E+21,9.32362E+15,4.78011E+16
115255,115256,8,2,12,0,2016,7,13,1,3,0,7,0,0,1,0,0,0,0,0,4.55229E+20,5.4298E+21,8.38765E+15,4.90195E+16
115256,115257,8,3,27,50,2016,7,22,4,3,5,3,2,0,0,1,0,1,0,0,4.85391E+20,5.31427E+21,8.80423E+15,4.79816E+16
115257,115258,8,2,15,106,2016,7,9,6,3,5,3,0,0,0,1,0,0,0,0,4.6452E+20,5.45265E+21,8.51272E+15,4.92256E+16
115258,115259,8,1,15,42,2016,7,15,4,3,1,3,0,0,0,1,0,1,0,0,4.96493E+20,5.40581E+21,8.95223E+15,4.88053E+16
115259,115260,8,2,11,0,2016,7,12,5,2,0,7,0,0,1,0,0,0,0,1,4.45217E+20,5.39973E+21,8.25475E+15,4.87482E+16
115260,115261,8,3,16,11,2016,7,18,7,3,5,3,0,0,0,1,0,0,0,0,4.14739E+20,5.33066E+21,7.85428E+15,4.81235E+16
115261,115262,8,2,15,9,2016,7,12,7,3,5,3,0,0,0,1,0,0,0,0,4.69022E+20,5.44047E+21,8.57549E+15,4.91163E+16
115262,115263,8,3,26,74,2016,7,6,4,3,5,3,0,0,1,1,0,0,0,0,4.59479E+20,5.32004E+21,8.45645E+15,4.80323E+16
115263,115264,8,3,35,98,2016,7,14,5,3,0,1,0,0,1,0,0,0,0,0,5.04007E+20,5.29583E+21,9.05353E+15,4.78158E+16
115264,115265,8,4,35,16,2016,7,9,6,3,5,3,0,0,0,1,0,0,0,0,5.36401E+20,5.27851E+21,9.48479E+15,4.76589E+16
115265,115266,8,2,15,17,2016,7,10,6,3,5,3,0,0,1,1,0,0,0,0,4.56436E+20,5.42112E+21,8.40509E+15,4.89415E+16
115266,115267,8,1,15,3,2016,7,7,4,3,2,6,0,0,0,1,0,0,0,0,4.99766E+20,5.39152E+21,8.99682E+15,4.86767E+16
115267,115268,8,1,15,24,2016,7,14,5,2,5,4,0,0,0,1,1,0,0,0,5.00962E+20,5.38777E+21,9.01306E+15,4.8643E+16
115268,115269,8,4,37,88,2016,7,18,1,3,5,2,0,0,0,1,0,0,0,0,5.17727E+20,5.30888E+21,9.23734E+15,4.7933E+16
115269,115270,8,4,35,34,2016,7,18,3,2,4,2,0,0,1,1,0,0,0,0,5.29253E+20,5.28591E+21,9.3901E+15,4.77259E+16
115270,115271,8,1,36,65,2016,7,18,5,2,4,2,0,0,0,1,0,1,0,0,5.56757E+20,5.40407E+21,9.7727E+15,4.8787E+16
115271,115272,8,3,11,0,2016,7,18,7,3,1,6,0,0,0,1,0,0,0,0,4.13645E+20,5.31711E+21,7.84231E+15,4.80015E+16
115272,115273,8,2,12,0,2016,7,9,7,3,2,6,0,0,0,1,0,0,0,0,4.58564E+20,5.43169E+21,8.43308E+15,4.90367E+16
115273,115274,8,3,26,74,2016,7,17,4,3,3,2,0,0,1,1,0,0,0,0,4.62802E+20,5.32348E+21,8.50073E+15,4.80635E+16
115274,115275,8,3,26,74,2016,7,12,5,3,1,5,0,0,1,1,0,0,0,0,4.64904E+20,5.32308E+21,8.52898E+15,4.806E+16
115275,115276,8,4,37,31,2016,7,18,6,3,5,2,0,0,1,1,0,0,0,0,5.15311E+20,5.34343E+21,9.20622E+15,4.82439E+16
115276,115277,8,2,12,0,2016,7,12,6,3,5,3,0,0,0,1,0,0,0,0,4.54367E+20,5.42833E+21,8.37603E+15,4.90062E+16
115277,115278,8,1,35,19,2016,7,17,5,2,8,1,0,0,1,0,0,0,0,0,5.84744E+20,5.39544E+21,1.01519E+16,4.87062E+16
115278,115279,8,4,15,19,2016,7,21,1,2,4,1,0,0,0,1,0,1,0,0,5.19257E+20,5.37075E+21,9.26063E+15,4.84896E+16
115279,115280,8,1,16,46,2016,7,20,1,2,0,1,0,0,1,0,0,0,0,0,5.27466E+20,5.37785E+21,9.3722E+15,4.85531E+16
115280,115281,8,4,17,79,2016,7,11,6,3,5,3,0,0,0,1,0,1,0,0,4.99699E+20,5.33973E+21,8.99595E+15,4.82108E+16
115281,115282,8,1,36,87,2016,7,23,1,3,2,1,2,0,0,1,0,0,0,0,6.05384E+20,5.41165E+21,1.04365E+16,4.88489E+16
115282,115283,8,1,16,77,2016,7,17,1,3,5,2,0,0,0,1,0,0,0,0,5.15124E+20,5.39037E+21,9.20541E+15,4.86662E+16
115283,115284,8,1,35,16,2016,7,16,1,3,0,3,0,0,1,1,0,0,0,0,5.91319E+20,5.3857E+21,1.02391E+16,4.86177E+16
115284,115285,8,2,15,17,2016,7,16,7,3,0,4,0,0,1,0,1,0,0,0,4.5494E+20,5.42247E+21,8.38451E+15,4.89535E+16
115285,115286,8,3,25,72,2016,7,18,4,2,5,2,0,0,1,1,0,0,0,0,4.72499E+20,5.32999E+21,8.63046E+15,4.81225E+16
115286,115287,8,3,26,12,2016,7,17,5,3,5,3,0,0,1,1,0,0,0,0,4.6283E+20,5.31178E+21,8.50211E+15,4.79583E+16
115287,115288,8,2,12,0,2016,7,7,6,3,0,2,0,0,1,0,0,0,0,0,4.53579E+20,5.43107E+21,8.36495E+15,4.90308E+16
115288,115289,8,1,28,115,2016,7,17,5,3,5,3,0,0,1,1,0,0,0,0,5.4602E+20,5.50113E+21,9.63766E+15,4.96609E+16
115289,115290,8,2,37,40,2016,7,20,1,2,0,1,0,0,1,0,0,0,0,0,4.77072E+20,5.36605E+21,8.68995E+15,4.84472E+16
115290,115291,8,1,16,33,2016,7,15,1,2,0,1,0,0,1,0,0,0,0,0,5.33096E+20,5.38794E+21,9.44929E+15,4.86436E+16
115291,115292,8,4,15,62,2016,7,18,6,2,0,1,0,0,1,0,0,0,0,0,5.19947E+20,5.37841E+21,9.27033E+15,4.85585E+16
115292,115293,8,2,12,0,2016,7,0,1,3,0,7,2,0,1,0,0,0,0,0,4.56068E+20,5.42855E+21,8.39926E+15,4.90083E+16
115293,115294,8,3,17,1,2016,7,22,4,3,5,3,2,0,0,1,0,0,0,0,4.31303E+20,5.38658E+21,8.06768E+15,4.86285E+16
115294,115295,8,3,25,53,2016,7,17,5,3,0,7,0,0,0,1,0,0,0,0,4.54031E+20,5.3425E+21,8.38095E+15,4.8234E+16
115295,115296,8,2,12,0,2016,7,10,6,3,0,7,0,0,1,0,0,0,0,0,4.54476E+20,5.42736E+21,8.37763E+15,4.89975E+16
115296,115297,8,1,21,0,2016,7,17,5,3,4,2,0,0,1,1,0,0,0,0,5.16251E+20,5.44294E+21,9.22281E+15,4.91391E+16
115297,115298,8,3,16,12,2016,7,21,4,3,5,3,1,0,0,1,0,1,0,0,4.03882E+20,5.33284E+21,7.70793E+15,4.81415E+16
115298,115299,8,3,16,9,2016,7,17,5,3,5,2,0,0,1,1,0,0,0,0,4.16866E+20,5.32504E+21,7.88395E+15,4.80732E+16
115299,115300,8,2,12,0,2016,7,8,6,3,5,3,0,0,0,1,0,1,0,0,4.55348E+20,5.42926E+21,8.38934E+15,4.90146E+16
115300,115301,8,4,15,80,2016,7,17,6,3,2,7,0,0,0,1,0,1,0,0,5.10823E+20,5.37359E+21,9.14656E+15,4.85153E+16
115301,115302,8,1,21,0,2016,7,14,5,3,5,3,0,0,0,1,0,0,0,0,5.16647E+20,5.44488E+21,9.22831E+15,4.91566E+16
115302,115303,8,2,12,0,2016,7,14,6,3,5,3,0,0,1,0,0,0,0,0,4.57967E+20,5.42922E+21,8.42516E+15,4.90144E+16
115303,115304,8,3,16,11,2016,7,12,1,3,5,3,0,0,0,1,0,0,0,0,4.15041E+20,5.32862E+21,7.85874E+15,4.81052E+16
115304,115305,8,3,15,15,2016,7,18,7,3,1,6,0,0,0,1,0,0,0,0,3.94981E+20,5.32041E+21,7.59137E+15,4.80284E+16
115305,115306,8,3,16,43,2016,7,7,4,2,5,3,0,0,1,0,0,0,0,1,4.11215E+20,5.33108E+21,7.80684E+15,4.81268E+16
115306,115307,8,3,16,11,2016,7,19,5,3,5,3,0,0,1,1,0,0,0,0,4.14323E+20,5.33E+21,7.84882E+15,4.81175E+16
115307,115308,8,4,15,61,2016,7,12,6,3,0,1,0,0,1,0,0,0,0,0,5.16238E+20,5.37057E+21,9.21976E+15,4.8488E+16
115308,115309,8,3,36,84,2016,7,18,4,3,2,6,0,0,0,1,0,0,0,0,4.05441E+20,5.27726E+21,7.74105E+15,4.76418E+16
115309,115310,8,3,15,6,2016,7,18,5,3,5,3,0,0,1,1,0,0,0,0,4.03294E+20,5.3067E+21,7.70592E+15,4.79063E+16
115310,115311,8,4,35,16,2016,7,17,3,3,5,3,0,0,1,1,0,0,0,0,5.37747E+20,5.2784E+21,9.50272E+15,4.76579E+16
115311,115312,8,1,18,48,2016,7,19,5,3,2,2,0,0,1,1,0,0,0,0,5.13176E+20,5.41597E+21,9.17977E+15,4.88965E+16
115312,115313,8,3,11,0,2016,7,19,7,3,5,2,0,0,1,1,0,0,0,0,4.13096E+20,5.31662E+21,7.83505E+15,4.7997E+16
115313,115314,8,2,12,0,2016,7,12,7,3,3,2,0,0,1,1,0,0,0,0,4.54056E+20,5.42845E+21,8.37177E+15,4.90073E+16
115314,115315,8,3,11,0,2016,7,9,4,3,0,7,0,0,0,1,0,0,0,0,4.17414E+20,5.31501E+21,7.89324E+15,4.7983E+16
115315,115316,8,2,31,0,2016,7,16,1,3,5,3,0,0,0,1,0,0,0,0,4.75867E+20,5.41492E+21,8.6708E+15,4.88867E+16
115316,115317,8,3,15,98,2016,7,23,7,2,6,6,2,0,1,0,1,0,0,0,4.06389E+20,5.31177E+21,7.74622E+15,4.79524E+16
115317,115318,8,2,12,0,2016,7,9,7,3,5,3,0,0,1,1,0,0,0,0,4.56729E+20,5.4239E+21,8.40879E+15,4.89665E+16
115318,115319,8,2,12,0,2016,7,7,4,2,6,2,0,0,0,1,1,0,0,0,4.50432E+20,5.42831E+21,8.32223E+15,4.90057E+16
115319,115320,8,3,36,91,2016,7,14,5,3,5,3,0,0,1,1,0,0,0,0,3.96982E+20,5.27213E+21,7.62968E+15,4.75944E+16
115320,115321,8,3,37,38,2016,7,22,6,3,5,3,2,0,1,1,0,0,0,0,4.3071E+20,5.2771E+21,8.07746E+15,4.76436E+16
115321,115322,8,1,28,115,2016,7,12,6,3,8,4,0,0,0,1,1,0,0,0,5.48426E+20,5.49726E+21,9.67052E+15,4.96259E+16
115322,115323,8,4,21,0,2016,7,17,3,2,4,2,0,0,0,1,0,1,0,0,5.70174E+20,5.36365E+21,9.94849E+15,4.84221E+16
115323,115324,8,1,17,51,2016,7,15,5,3,3,3,0,0,0,1,0,0,0,1,5.42983E+20,5.39521E+21,9.58427E+15,4.87084E+16
115324,115325,8,1,15,3,2016,7,18,1,2,8,1,0,0,1,0,0,0,0,0,5.00584E+20,5.39029E+21,9.00793E+15,4.86657E+16
115325,115326,8,1,28,139,2016,7,21,1,3,5,3,0,0,0,1,0,1,0,0,5.50993E+20,5.49036E+21,9.70516E+15,4.95637E+16
115326,115327,8,3,15,64,2016,7,8,7,3,6,4,0,0,0,1,1,0,0,0,4.21635E+20,5.31415E+21,7.94996E+15,4.79759E+16
115327,115328,8,1,36,19,2016,7,22,7,3,2,6,2,0,0,1,0,0,0,0,5.82791E+20,5.42427E+21,1.01311E+16,4.89658E+16
115328,115329,8,2,12,0,2016,7,11,4,2,5,2,0,0,1,0,0,0,1,0,4.59061E+20,5.42833E+21,8.44021E+15,4.90065E+16
115329,115330,8,3,36,91,2016,7,17,5,2,5,2,0,0,0,1,0,1,0,0,3.95497E+20,5.27201E+21,7.60996E+15,4.75931E+16
115330,115331,8,3,37,65,2016,7,16,6,3,5,3,0,0,1,1,0,0,0,0,4.4735E+20,5.2758E+21,8.29914E+15,4.76335E+16
115331,115332,8,1,25,56,2016,7,18,6,3,0,3,0,0,1,1,0,0,0,0,5.10712E+20,5.43603E+21,9.14668E+15,4.90771E+16
115332,115333,8,3,11,0,2016,7,14,5,3,3,2,0,0,1,1,0,0,0,0,4.13045E+20,5.31664E+21,7.83437E+15,4.79972E+16
115333,115334,8,3,27,46,2016,7,16,6,3,5,3,0,0,0,1,0,0,0,0,4.79449E+20,5.32537E+21,8.72407E+15,4.80813E+16
115334,115335,8,1,19,8,2016,7,17,6,3,4,3,0,0,1,1,0,0,0,0,5.30819E+20,5.42214E+21,9.42095E+15,4.89514E+16
115335,115336,8,4,21,0,2016,7,16,3,3,5,3,0,0,1,0,0,0,0,0,5.72374E+20,5.36031E+21,9.97766E+15,4.83918E+16
115336,115337,8,1,17,26,2016,7,14,5,3,2,6,0,0,0,1,0,0,0,0,5.48195E+20,5.39441E+21,9.65501E+15,4.87009E+16
115337,115338,8,4,26,21,2016,7,9,1,3,8,1,0,0,1,0,0,0,0,0,5.59642E+20,5.32668E+21,9.80094E+15,4.80906E+16
115338,115339,8,1,11,0,2016,7,3,1,3,5,3,2,0,0,1,0,0,0,0,5.17912E+20,5.40259E+21,9.2438E+15,4.87761E+16
115339,115340,8,1,28,7,2016,7,10,1,3,5,3,0,0,0,1,0,0,0,0,5.56688E+20,5.48172E+21,9.78267E+15,4.94855E+16
115340,115341,8,1,35,19,2016,7,16,7,2,5,3,0,0,1,1,0,0,0,0,5.84328E+20,5.39257E+21,1.01456E+16,4.86805E+16
115341,115342,8,2,35,7,2016,7,16,4,3,6,7,0,0,0,1,1,0,0,0,4.84226E+20,5.39838E+21,8.78546E+15,4.87383E+16
115342,115343,8,3,11,0,2016,7,7,5,3,5,3,0,0,0,1,0,0,0,1,4.12577E+20,5.31559E+21,7.8283E+15,4.79876E+16
115343,115344,8,1,18,73,2016,7,13,6,3,0,6,0,0,0,0,0,1,0,0,4.97309E+20,5.41947E+21,8.96327E+15,4.89282E+16
115344,115345,8,1,18,48,2016,7,16,6,3,1,6,0,0,0,1,0,0,0,0,5.14336E+20,5.41593E+21,9.19559E+15,4.88961E+16
115345,115346,8,1,17,25,2016,7,13,5,3,5,3,0,0,1,1,0,0,0,0,5.57413E+20,5.38999E+21,9.77966E+15,4.86603E+16
115346,115347,8,3,17,122,2016,7,23,1,3,8,7,2,0,1,0,0,0,0,0,4.17221E+20,5.36576E+21,7.88074E+15,4.84396E+16
115347,115348,8,3,27,50,2016,7,8,6,3,6,2,0,0,0,0,1,0,0,1,4.85891E+20,5.31426E+21,8.81092E+15,4.79815E+16
115348,115349,8,1,16,78,2016,7,7,5,3,5,3,0,0,1,1,0,0,0,0,5.12249E+20,5.39273E+21,9.16643E+15,4.86875E+16
115349,115350,8,4,15,91,2016,7,14,1,3,1,5,0,0,0,1,0,1,0,0,5.13363E+20,5.35964E+21,9.18051E+15,4.83898E+16
115350,115351,8,1,11,0,2016,7,9,1,3,4,6,0,0,0,1,0,0,0,0,5.1606E+20,5.40619E+21,9.21873E+15,4.88085E+16
115351,115352,8,3,26,3,2016,7,8,6,3,0,1,0,0,1,0,0,0,0,0,4.65761E+20,5.31801E+21,8.54087E+15,4.80144E+16
115352,115353,8,2,31,0,2016,7,16,4,3,4,2,0,0,0,1,0,0,0,0,4.77502E+20,5.41538E+21,8.69307E+15,4.88909E+16
115353,115354,8,3,11,0,2016,7,10,5,2,5,3,0,0,1,1,0,0,0,0,4.13339E+20,5.31535E+21,7.83857E+15,4.79856E+16
115354,115355,8,1,18,46,2016,7,21,6,3,5,3,1,0,1,1,0,0,0,0,5.13311E+20,5.41227E+21,9.1815E+15,4.88632E+16
115355,115356,8,3,26,12,2016,7,8,6,2,5,3,0,0,1,1,0,0,0,0,4.61567E+20,5.3111E+21,8.48525E+15,4.79521E+16
115356,115357,8,1,16,19,2016,7,17,5,3,6,6,0,0,0,1,1,0,0,0,5.23282E+20,5.39614E+21,9.31653E+15,4.87178E+16
115357,115358,8,3,11,0,2016,7,3,1,3,1,7,2,0,1,1,0,0,0,0,4.14785E+20,5.31601E+21,7.85782E+15,4.79917E+16
115358,115359,8,3,11,0,2016,7,12,7,3,4,1,0,0,1,0,0,0,0,0,4.14454E+20,5.31605E+21,7.85337E+15,4.7992E+16
115359,115360,8,2,31,0,2016,7,14,4,3,0,6,0,0,0,0,0,1,0,0,4.75538E+20,5.41658E+21,8.66621E+15,4.89017E+16
115360,115361,8,3,11,0,2016,7,8,5,3,0,7,0,0,0,0,1,0,1,0,4.14143E+20,5.31865E+21,7.84868E+15,4.80154E+16
115361,115362,8,3,17,100,2016,7,14,6,3,5,3,0,0,1,1,0,0,0,0,4.23701E+20,5.36649E+21,7.96822E+15,4.84469E+16
115362,115363,8,3,11,0,2016,7,12,5,3,4,2,0,0,1,1,0,0,0,0,4.13265E+20,5.31695E+21,7.83725E+15,4.79999E+16
115363,115364,8,4,21,0,2016,7,11,3,3,2,6,0,0,0,1,0,0,0,0,5.70958E+20,5.36155E+21,9.95874E+15,4.84031E+16
115364,115365,8,2,22,0,2016,7,13,4,2,0,7,0,0,0,0,0,0,0,1,4.61379E+20,5.48179E+21,8.46675E+15,4.94875E+16
115365,115366,8,1,17,19,2016,7,9,6,3,2,6,0,0,0,1,0,0,0,0,5.52065E+20,5.39437E+21,9.70759E+15,4.87002E+16
115366,115367,8,4,21,0,2016,7,8,3,3,0,1,0,0,1,0,0,0,0,0,5.70554E+20,5.36073E+21,9.95314E+15,4.83958E+16
115367,115368,8,1,15,51,2016,7,18,5,2,0,1,0,0,1,0,0,0,0,0,5.02845E+20,5.38505E+21,9.03861E+15,4.86185E+16
115368,115369,8,2,16,15,2016,7,8,1,3,8,1,0,0,0,0,0,1,0,0,4.47851E+20,5.40829E+21,8.2895E+15,4.88254E+16
115369,115370,8,2,15,103,2016,7,17,7,3,5,6,0,0,0,1,0,1,0,0,4.67E+20,5.44335E+21,8.54754E+15,4.91421E+16
115370,115371,8,1,27,59,2016,7,12,7,3,0,6,0,0,0,1,0,0,0,0,5.50638E+20,5.44012E+21,9.69387E+15,4.91119E+16
115371,115372,8,2,22,0,2016,7,16,4,3,0,7,0,0,0,1,0,1,0,0,4.63725E+20,5.47878E+21,8.49942E+15,4.94606E+16
115372,115373,8,3,11,0,2016,7,11,5,3,5,3,0,0,1,1,0,0,0,0,4.13758E+20,5.31542E+21,7.84417E+15,4.79862E+16
115373,115374,8,3,17,34,2016,7,7,6,3,0,7,0,0,1,0,0,0,0,0,4.26587E+20,5.36224E+21,8.00798E+15,4.8409E+16
115374,115375,8,1,16,77,2016,7,7,6,3,4,6,0,0,0,1,0,0,0,0,5.15213E+20,5.38937E+21,9.20657E+15,4.86572E+16
115375,115376,8,4,21,0,2016,7,20,3,3,3,6,0,0,0,1,0,0,0,0,5.72991E+20,5.36414E+21,9.98665E+15,4.84262E+16
115376,115377,8,1,15,3,2016,7,10,5,3,5,3,0,0,0,1,0,0,0,0,4.99576E+20,5.39255E+21,8.99424E+15,4.8686E+16
115377,115378,8,1,11,0,2016,7,10,1,3,0,1,0,0,1,0,0,0,0,0,5.12926E+20,5.40853E+21,9.17613E+15,4.88296E+16
115378,115379,8,1,11,0,2016,7,18,5,3,5,2,0,0,0,1,0,0,0,1,5.154E+20,5.4063E+21,9.20974E+15,4.88095E+16
115379,115380,8,2,12,0,2016,7,1,7,3,0,6,2,0,0,1,0,1,0,0,4.62524E+20,5.42749E+21,8.48764E+15,4.89991E+16
115380,115381,8,1,26,46,2016,7,14,7,2,5,3,0,0,0,1,0,1,0,0,5.49355E+20,5.45966E+21,9.6787E+15,4.92877E+16
115381,115382,8,2,15,111,2016,7,18,4,3,4,2,0,0,1,1,0,0,0,0,4.57689E+20,5.44569E+21,8.41963E+15,4.91625E+16
115382,115383,8,3,11,0,2016,7,9,5,3,2,1,0,0,0,1,0,0,0,0,4.14201E+20,5.31815E+21,7.84956E+15,4.80109E+16
115383,115384,8,3,17,96,2016,7,18,6,2,5,7,0,0,1,1,0,0,0,0,4.22135E+20,5.36996E+21,7.94639E+15,4.8478E+16
115384,115385,8,1,16,19,2016,7,16,6,3,4,6,0,0,0,1,0,0,0,1,5.20983E+20,5.39716E+21,9.28532E+15,4.87271E+16
115385,115386,8,1,11,0,2016,7,13,5,2,5,2,0,0,0,1,0,0,0,1,5.1826E+20,5.40179E+21,9.2485E+15,4.87688E+16
115386,115387,8,4,25,33,2016,7,12,1,3,8,1,0,0,0,1,0,0,0,0,5.53853E+20,5.34882E+21,9.72602E+15,4.82903E+16
115387,115388,8,4,36,81,2016,7,23,7,3,8,1,2,0,1,0,0,0,0,0,5.62344E+20,5.28206E+21,9.83079E+15,4.76889E+16
115388,115389,8,3,17,96,2016,7,13,6,3,5,3,0,0,1,1,0,0,0,0,4.20357E+20,5.36898E+21,7.92253E+15,4.84689E+16
115389,115390,8,1,25,13,2016,7,16,1,3,1,5,0,0,1,1,0,0,0,0,5.04756E+20,5.43618E+21,9.06513E+15,4.90785E+16
115390,115391,8,2,12,0,2016,7,10,4,3,5,7,0,0,1,1,0,0,0,0,4.5321E+20,5.42926E+21,8.3601E+15,4.90144E+16
115391,115392,8,2,12,0,2016,7,17,5,3,5,2,0,0,0,1,0,0,0,0,4.5972E+20,5.42714E+21,8.44934E+15,4.89958E+16
115392,115393,8,1,11,0,2016,7,9,6,2,6,4,0,0,0,0,1,0,0,1,5.19638E+20,5.4038E+21,9.26735E+15,4.87869E+16
115393,115394,8,3,17,5,2016,7,12,6,3,0,2,0,0,0,0,0,1,0,0,4.25031E+20,5.37879E+21,7.98399E+15,4.85577E+16
115394,115395,8,1,11,0,2016,7,20,5,2,5,7,0,0,0,1,0,1,0,0,5.19517E+20,5.40022E+21,9.26553E+15,4.87547E+16
115395,115396,8,1,25,38,2016,7,11,1,3,5,3,0,0,0,1,0,0,0,0,4.9962E+20,5.43482E+21,8.99479E+15,4.90662E+16
115396,115397,8,1,21,0,2016,7,10,7,3,4,6,0,0,1,0,0,0,0,0,5.15685E+20,5.44308E+21,9.21505E+15,4.91404E+16
115397,115398,8,1,36,49,2016,7,17,4,2,2,6,0,0,1,0,0,0,0,1,5.66373E+20,5.41614E+21,9.90554E+15,4.88947E+16
115398,115399,8,2,12,0,2016,7,9,5,3,5,3,0,0,1,1,0,0,0,0,4.60413E+20,5.42729E+21,8.45879E+15,4.89972E+16