FID,OBJECTID,ULAND,UREGBEZ,UKREIS,UGEMEINDE,UJAHR,UMONAT,USTUNDE,UWOCHENTAG,UKATEGORIE,UART,UTYP1,ULICHTVERH,IstStrasse,IstRad,IstPKW,IstFuss,IstKrad,IstGkfz,IstSonstig,LINREFX,LINREFY,XGCSWGS84,YGCSWGS84
115399,115400,8,3,16,12,2016,7,16,6,3,5,3,0,0,0,1,0,0,0,0,4.02923E+20,5.33394E+21,7.69479E+15,4.81513E+16
115400,115401,8,1,11,0,2016,7,16,6,2,4,6,0,0,0,1,0,1,0,0,5.07649E+20,5.40765E+21,9.1042E+15,4.88218E+16
115401,115402,8,1,11,0,2016,7,7,5,3,6,7,0,0,0,1,0,0,0,1,5.09539E+20,5.39644E+21,9.12969E+15,4.87209E+16
115402,115403,8,3,36,36,2016,7,10,1,3,5,3,0,0,0,1,0,1,0,0,4.13106E+20,5.28177E+21,7.84219E+15,4.76835E+16
115403,115404,8,4,36,39,2016,7,16,7,3,4,6,0,0,0,1,0,1,0,0,5.4962E+20,5.28936E+21,9.66206E+15,4.77557E+16
115404,115405,8,3,15,74,2016,7,13,6,3,5,3,0,0,0,0,0,1,0,1,3.97252E+20,5.29164E+21,7.62867E+15,4.77699E+16
115405,115406,8,1,35,20,2016,7,17,4,3,5,1,0,0,1,1,0,0,0,0,5.86641E+20,5.386E+21,1.01757E+16,4.8621E+16
115406,115407,8,2,35,85,2016,7,15,5,3,5,3,0,0,0,1,0,1,0,0,4.78121E+20,5.39469E+21,8.70262E+15,4.87049E+16
115407,115408,8,4,37,104,2016,7,15,5,3,0,1,0,0,1,0,0,0,0,0,5.16163E+20,5.32587E+21,9.21704E+15,4.80859E+16
115408,115409,8,1,11,0,2016,7,17,5,3,0,1,0,0,1,0,0,0,0,0,5.1582E+20,5.39466E+21,9.21502E+15,4.87047E+16
115409,115410,8,2,35,79,2016,7,15,1,2,6,6,0,0,1,0,1,0,0,0,4.69588E+20,5.40128E+21,8.58616E+15,4.87637E+16
115410,115411,8,4,37,100,2016,7,15,5,2,0,7,0,0,1,0,0,0,0,0,5.37085E+20,5.31782E+21,9.49727E+15,4.80126E+16
115411,115412,8,1,11,0,2016,7,0,5,3,0,1,2,0,0,0,0,1,0,0,5.08835E+20,5.39928E+21,9.12018E+15,4.87464E+16
115412,115413,8,3,16,11,2016,7,2,1,3,6,1,2,0,0,0,1,1,0,0,4.14255E+20,5.33024E+21,7.84786E+15,4.81196E+16
115413,115414,8,4,16,36,2016,7,7,7,3,0,1,0,0,1,0,0,0,0,0,4.86032E+20,5.37108E+21,8.81095E+15,4.84927E+16
115414,115415,8,2,12,0,2016,7,9,7,3,6,4,0,0,0,1,1,0,0,0,4.57063E+20,5.42736E+21,8.413E+15,4.89976E+16
115415,115416,8,1,35,20,2016,7,17,4,3,4,6,0,0,0,1,0,0,0,0,5.8617E+20,5.38634E+21,1.01693E+16,4.86242E+16
115416,115417,8,2,31,0,2016,7,16,5,3,1,7,0,0,0,1,0,0,0,0,4.77801E+20,5.41533E+21,8.69715E+15,4.88905E+16
115417,115418,8,3,15,33,2016,7,8,6,2,7,7,0,0,0,0,1,0,1,0,3.96531E+20,5.30523E+21,7.61581E+15,4.78921E+16
115418,115419,8,1,35,19,2016,7,17,4,3,0,4,0,0,0,0,1,0,0,1,5.85685E+20,5.39117E+21,1.01638E+16,4.86677E+16
115419,115420,8,4,37,44,2016,7,19,5,3,0,1,0,0,1,0,0,0,0,0,5.32547E+20,5.32305E+21,9.43683E+15,4.80599E+16
115420,115421,8,4,16,41,2016,7,7,3,3,5,3,0,0,0,1,0,0,0,0,5.02647E+20,5.37639E+21,9.03586E+15,4.85406E+16
115421,115422,8,1,11,0,2016,7,20,5,3,4,7,0,0,1,1,0,0,0,0,5.12204E+20,5.40321E+21,9.16613E+15,4.87818E+16
115422,115423,8,2,25,58,2016,7,14,7,3,2,6,0,0,0,1,0,0,0,0,5.08196E+20,5.46535E+21,9.11283E+15,4.93408E+16
115423,115424,8,1,19,85,2016,7,11,7,3,6,1,0,0,0,1,1,0,0,0,5.29105E+20,5.4137E+21,9.39693E+15,4.88756E+16
115424,115425,8,1,28,139,2016,7,17,4,2,5,3,0,0,1,1,0,0,0,0,5.53157E+20,5.48852E+21,9.73484E+15,4.9547E+16
115425,115426,8,2,26,65,2016,7,8,5,3,5,3,0,0,0,1,0,0,0,0,4.78281E+20,5.45749E+21,8.70144E+15,4.92698E+16
115426,115427,8,3,36,8,2016,7,12,6,3,3,6,0,0,1,1,0,0,0,0,3.95279E+20,5.27724E+21,7.60581E+15,4.764E+16
115427,115428,8,2,21,0,2016,7,13,7,3,4,2,0,0,1,1,0,0,0,0,4.77845E+20,5.47326E+21,8.69457E+15,4.94116E+16
115428,115429,8,1,19,79,2016,7,19,7,2,0,1,0,0,1,0,0,0,0,0,5.23731E+20,5.40893E+21,9.32337E+15,4.88329E+16
115429,115430,8,1,27,14,2016,7,17,4,2,5,3,0,0,0,1,0,1,0,0,5.7885E+20,5.44161E+21,1.00807E+16,4.91222E+16
115430,115431,8,2,26,76,2016,7,9,5,3,5,2,0,0,0,1,0,0,0,0,4.75083E+20,5.46638E+21,8.65692E+15,4.93497E+16
115431,115432,8,2,12,0,2016,7,17,6,3,5,3,0,0,0,1,0,1,0,0,4.60815E+20,5.42759E+21,8.46426E+15,4.9E+16
115432,115433,8,4,36,82,2016,7,10,5,3,5,3,0,0,0,1,0,0,0,0,5.47823E+20,5.29495E+21,9.63871E+15,4.78061E+16
115433,115434,8,4,15,50,2016,7,15,3,3,5,2,0,0,1,1,0,0,0,0,5.20603E+20,5.37718E+21,9.27916E+15,4.85474E+16
115434,115435,8,4,37,76,2016,7,22,4,3,8,6,2,0,1,1,0,0,0,0,5.20781E+20,5.31963E+21,9.27874E+15,4.80296E+16
115435,115436,8,2,22,0,2016,7,9,7,3,1,5,0,0,1,1,0,0,0,0,4.65893E+20,5.48211E+21,8.52905E+15,4.94907E+16
115436,115437,8,1,18,48,2016,7,14,7,3,5,3,0,0,0,1,0,0,0,0,5.15638E+20,5.41624E+21,9.21337E+15,4.88989E+16
115437,115438,8,1,27,14,2016,7,17,4,2,6,4,0,0,0,0,1,1,0,0,5.79134E+20,5.44212E+21,1.00847E+16,4.91268E+16
115438,115439,8,2,26,63,2016,7,23,5,3,1,7,2,0,0,1,0,1,0,0,4.69574E+20,5.47179E+21,8.58067E+15,4.9398E+16
115439,115440,8,2,12,0,2016,7,11,6,3,2,6,0,0,0,1,0,0,0,1,4.57495E+20,5.42868E+21,8.41876E+15,4.90095E+16
115440,115441,8,4,36,82,2016,7,8,5,3,6,4,0,0,0,1,1,0,0,0,5.47349E+20,5.29514E+21,9.6324E+15,4.78079E+16
115441,115442,8,4,21,0,2016,7,12,4,3,1,6,0,0,0,1,0,0,0,0,5.70767E+20,5.36155E+21,9.95615E+15,4.84031E+16
115442,115443,8,4,15,91,2016,7,9,1,3,1,5,0,0,0,0,0,1,0,1,5.14003E+20,5.35934E+21,9.18914E+15,4.83871E+16
115443,115444,8,4,16,25,2016,7,13,7,3,8,7,0,0,0,0,0,1,0,0,5.03596E+20,5.36124E+21,9.04858E+15,4.84043E+16
115444,115445,8,4,35,35,2016,7,8,5,3,2,6,0,0,0,1,0,0,0,0,5.45187E+20,5.28417E+21,9.60239E+15,4.77094E+16
115445,115446,8,4,15,50,2016,7,7,3,2,5,3,0,0,1,0,0,0,0,0,5.21219E+20,5.37753E+21,9.28753E+15,4.85505E+16
115446,115447,8,4,21,0,2016,7,19,4,2,0,7,0,0,1,0,0,0,0,0,5.7259E+20,5.36065E+21,9.98063E+15,4.83949E+16
115447,115448,8,4,36,64,2016,7,10,1,2,0,7,0,0,0,0,0,1,0,0,5.40519E+20,5.2947E+21,9.54115E+15,4.78044E+16
115448,115449,8,3,37,123,2016,7,19,7,2,4,6,0,0,1,0,0,1,0,0,4.50644E+20,5.27556E+21,8.34301E+15,4.76315E+16
115449,115450,8,1,18,78,2016,7,5,1,3,8,1,1,0,0,0,0,1,0,0,5.13258E+20,5.41969E+21,9.18101E+15,4.893E+16
115450,115451,8,1,18,11,2016,7,10,7,3,6,4,0,0,0,1,1,0,0,0,5.04943E+20,5.40822E+21,9.06735E+15,4.88269E+16
115451,115452,8,1,19,79,2016,7,18,4,3,4,2,0,0,0,1,0,0,0,0,5.21456E+20,5.40928E+21,9.29238E+15,4.88361E+16
115452,115453,8,2,26,62,2016,7,13,5,3,4,6,0,0,1,1,0,0,0,0,4.69631E+20,5.46925E+21,8.58165E+15,4.93752E+16
115453,115454,8,4,26,97,2016,7,17,5,3,5,2,0,0,0,1,0,1,0,0,5.35599E+20,5.33399E+21,9.4787E+15,4.81582E+16
115454,115455,8,4,25,71,2016,7,8,4,3,5,3,0,0,0,1,0,0,0,0,5.51794E+20,5.37105E+21,9.701E+15,4.84905E+16
115455,115456,8,3,17,96,2016,7,11,1,3,5,3,0,0,0,1,0,1,0,0,4.2006E+20,5.37381E+21,7.91758E+15,4.85123E+16
115456,115457,8,3,27,46,2016,7,13,7,3,5,3,0,0,1,1,0,0,0,0,4.80685E+20,5.32488E+21,8.74068E+15,4.80769E+16
115457,115458,8,2,15,105,2016,7,17,6,3,5,3,0,0,1,1,0,0,0,0,4.57362E+20,5.44135E+21,8.41561E+15,4.91235E+16
115458,115459,8,1,18,48,2016,7,15,4,3,5,3,0,0,1,1,0,0,0,0,5.1293E+20,5.41661E+21,9.17644E+15,4.89023E+16
115459,115460,8,2,22,0,2016,7,14,5,3,5,2,0,0,0,1,0,0,0,0,4.62455E+20,5.48786E+21,8.48103E+15,4.95422E+16
115460,115461,8,4,21,0,2016,7,8,5,3,0,4,0,0,0,0,1,1,0,0,5.74452E+20,5.36198E+21,1.0006E+16,4.84066E+16
115461,115462,8,2,12,0,2016,7,0,6,3,1,7,2,0,0,1,0,0,0,1,4.55097E+20,5.43346E+21,8.38544E+15,4.90523E+16
115462,115463,8,1,18,19,2016,7,12,4,3,1,6,0,0,1,1,0,0,0,0,5.06045E+20,5.40543E+21,9.08232E+15,4.88018E+16
115463,115464,8,2,21,0,2016,7,19,5,3,5,3,0,0,1,0,0,0,0,0,4.76307E+20,5.46945E+21,8.6736E+15,4.93773E+16
115464,115465,8,1,17,18,2016,7,23,5,2,0,1,2,0,0,0,0,1,0,0,5.38429E+20,5.39596E+21,9.52243E+15,4.87154E+16
115465,115466,8,2,35,46,2016,7,13,6,3,6,4,0,0,0,1,1,0,0,0,4.7893E+20,5.37737E+21,8.7145E+15,4.85491E+16
115466,115467,8,4,16,41,2016,7,11,4,3,2,6,0,0,0,1,0,0,0,0,5.0523E+20,5.37323E+21,9.07081E+15,4.85121E+16
115467,115468,8,3,36,84,2016,7,0,1,1,0,1,2,0,1,0,0,0,0,0,4.05349E+20,5.27723E+21,7.73983E+15,4.76415E+16
115468,115469,8,2,22,0,2016,7,14,7,3,5,3,0,0,0,1,0,0,0,1,4.65074E+20,5.48377E+21,8.51759E+15,4.95055E+16
115469,115470,8,1,16,19,2016,7,14,4,3,2,6,0,0,1,0,0,0,0,1,5.23299E+20,5.39851E+21,9.31688E+15,4.87392E+16
115470,115471,8,2,21,0,2016,7,12,5,3,1,7,0,0,1,0,0,0,0,1,4.77544E+20,5.47393E+21,8.69038E+15,4.94177E+16
115471,115472,8,2,31,0,2016,7,17,6,3,6,4,0,0,1,0,1,0,0,0,4.80926E+20,5.41155E+21,8.73996E+15,4.88566E+16
115472,115473,8,1,16,46,2016,7,19,4,3,6,4,0,0,0,1,1,0,0,0,5.27708E+20,5.37803E+21,9.37548E+15,4.85548E+16
115473,115474,8,2,11,0,2016,7,17,5,2,0,7,0,0,1,0,0,0,0,0,4.40585E+20,5.40375E+21,8.19117E+15,4.87839E+16
115474,115475,8,3,35,75,2016,7,20,3,3,5,3,0,0,1,1,0,0,0,0,4.88595E+20,5.29015E+21,8.84781E+15,4.77646E+16
115475,115476,8,4,15,60,2016,7,21,4,3,9,1,0,0,0,1,0,0,0,0,5.14272E+20,5.37913E+21,9.19345E+15,4.85651E+16
115476,115477,8,3,35,75,2016,7,7,3,3,0,7,0,0,1,0,0,0,0,0,4.88692E+20,5.28988E+21,8.8491E+15,4.77622E+16
115477,115478,8,4,15,61,2016,7,12,4,3,6,4,0,0,0,1,1,0,0,0,5.15009E+20,5.37145E+21,9.20316E+15,4.8496E+16
115478,115479,8,2,26,49,2016,7,12,1,2,5,3,0,0,1,1,0,0,0,0,4.86139E+20,5.46349E+21,8.80925E+15,4.9324E+16
115479,115480,8,2,21,0,2016,7,19,7,3,2,1,0,0,0,1,0,1,0,0,4.76134E+20,5.47161E+21,8.67109E+15,4.93967E+16
115480,115481,8,1,18,18,2016,7,11,7,3,5,3,0,0,0,1,0,0,0,0,5.1151E+20,5.43075E+21,9.15745E+15,4.90295E+16
115481,115482,8,1,16,80,2016,7,16,4,3,1,5,0,0,1,1,0,0,0,0,5.22306E+20,5.39571E+21,9.30323E+15,4.8714E+16
115482,115483,8,2,16,43,2016,7,23,5,3,0,7,2,0,1,0,0,0,0,0,4.41891E+20,5.41298E+21,8.20764E+15,4.88671E+16
115483,115484,8,2,31,0,2016,7,17,6,3,2,6,0,0,0,1,0,0,0,0,4.78889E+20,5.41535E+21,8.712E+15,4.88908E+16
115484,115485,8,4,21,0,2016,7,8,5,3,3,2,0,0,1,1,0,0,0,0,5.71401E+20,5.3606E+21,9.96456E+15,4.83945E+16
115485,115486,8,3,35,43,2016,7,6,3,3,5,3,0,0,0,1,0,0,0,0,5.13455E+20,5.27985E+21,9.17924E+15,4.76719E+16
115486,115487,8,3,37,96,2016,7,22,5,3,0,7,2,0,1,0,0,0,0,0,4.19676E+20,5.2675E+21,7.93233E+15,4.7556E+16
115487,115488,8,1,11,0,2016,7,18,6,2,6,4,0,0,0,1,1,0,0,0,5.16021E+20,5.40548E+21,9.21817E+15,4.88021E+16
115488,115489,8,3,35,43,2016,7,19,3,2,0,1,0,1,1,0,0,0,0,0,5.12801E+20,5.27871E+21,9.17049E+15,4.76617E+16
115489,115490,8,4,21,0,2016,7,14,4,3,2,6,0,0,0,1,0,0,0,0,5.72413E+20,5.36006E+21,9.97814E+15,4.83896E+16
115490,115491,8,2,36,46,2016,7,12,5,3,5,3,0,0,1,0,0,0,0,1,4.84313E+20,5.41834E+21,8.78588E+15,4.89178E+16
115491,115492,8,2,31,0,2016,7,6,2,2,6,4,0,0,0,1,1,0,0,0,4.77023E+20,5.41541E+21,8.68655E+15,4.88912E+16
115492,115493,8,2,12,0,2016,7,18,4,3,0,1,0,0,1,0,0,0,0,0,4.57097E+20,5.42812E+21,8.41338E+15,4.90045E+16
115493,115494,8,1,11,0,2016,7,17,3,3,1,5,0,0,0,1,0,1,0,0,5.1834E+20,5.40389E+21,9.24968E+15,4.87878E+16
115494,115495,8,1,28,7,2016,7,18,6,3,0,1,0,0,1,0,0,0,0,0,5.5568E+20,5.48297E+21,9.76894E+15,4.94968E+16
115495,115496,8,3,37,22,2016,7,11,6,2,1,5,0,0,1,1,0,0,0,0,4.50012E+20,5.29584E+21,8.33228E+15,4.7814E+16
115496,115497,8,3,27,50,2016,7,12,3,3,8,7,0,1,0,1,0,0,0,0,4.86717E+20,5.31456E+21,8.82198E+15,4.79842E+16
115497,115498,8,4,25,20,2016,7,10,4,3,4,6,0,0,1,1,0,0,0,0,5.58122E+20,5.36198E+21,9.78538E+15,4.84083E+16
115498,115499,8,2,26,95,2016,7,22,2,3,1,5,2,0,1,1,0,0,0,0,4.7461E+20,5.46153E+21,8.65072E+15,4.9306E+16
115499,115500,8,2,12,0,2016,7,9,4,3,2,6,0,0,1,1,0,0,0,0,4.55789E+20,5.4264E+21,8.39568E+15,4.89889E+16
115500,115501,8,2,26,76,2016,7,21,2,3,0,7,1,0,1,1,0,0,0,0,4.75208E+20,5.46605E+21,8.65867E+15,4.93466E+16
115501,115502,8,2,15,101,2016,7,14,4,3,0,6,0,0,0,1,0,1,0,0,4.66755E+20,5.42614E+21,8.54559E+15,4.89873E+16
115502,115503,8,1,11,0,2016,7,7,3,3,2,2,0,0,0,1,0,1,0,0,5.13988E+20,5.40623E+21,9.19052E+15,4.88089E+16
115503,115504,8,2,26,82,2016,7,9,2,3,5,3,0,0,0,1,0,0,1,0,4.75264E+20,5.47974E+21,8.65858E+15,4.94698E+16
115504,115505,8,1,36,65,2016,7,15,4,3,2,6,0,0,0,1,0,0,0,0,5.59033E+20,5.40556E+21,9.80389E+15,4.88002E+16
115505,115506,8,1,11,0,2016,7,6,3,3,1,7,0,0,1,1,0,0,0,0,5.11253E+20,5.40851E+21,9.15333E+15,4.88294E+16
115506,115507,8,1,26,66,2016,7,9,6,3,5,3,0,0,0,1,0,0,0,0,5.36332E+20,5.45035E+21,9.49877E+15,4.92049E+16
115507,115508,8,2,26,95,2016,7,15,5,2,5,3,0,0,0,1,0,1,0,0,4.74049E+20,5.46112E+21,8.64303E+15,4.93023E+16
115508,115509,8,3,26,74,2016,7,5,3,3,5,3,1,1,1,1,0,0,0,0,4.58954E+20,5.32404E+21,8.44903E+15,4.80683E+16
115509,115510,8,4,16,36,2016,7,16,4,3,1,7,0,0,1,0,0,0,0,1,4.94937E+20,5.36948E+21,8.93149E+15,4.84784E+16
115510,115511,8,2,26,84,2016,7,16,2,3,2,6,0,1,0,1,0,0,0,0,4.6905E+20,5.46991E+21,8.57358E+15,4.93811E+16
115511,115512,8,1,36,65,2016,7,21,4,3,4,6,1,1,0,1,0,0,0,0,5.63049E+20,5.40479E+21,9.85845E+15,4.87929E+16
115512,115513,8,1,11,0,2016,7,17,3,3,0,7,0,0,0,0,0,1,0,0,5.16559E+20,5.40079E+21,9.22531E+15,4.87599E+16
115513,115514,8,3,36,50,2016,7,10,5,3,5,3,0,0,1,0,0,0,0,0,4.01771E+20,5.27625E+21,7.69243E+15,4.76322E+16
115514,115515,8,1,11,0,2016,7,16,6,2,6,4,0,0,0,1,1,0,0,0,5.17832E+20,5.40238E+21,9.24271E+15,4.87742E+16
115515,115516,8,3,26,74,2016,7,7,3,3,3,2,0,1,1,0,0,0,0,1,4.59852E+20,5.32372E+21,8.46111E+15,4.80655E+16
115516,115517,8,4,16,41,2016,7,17,4,3,6,3,0,0,0,1,1,0,0,0,5.07973E+20,5.37768E+21,9.10804E+15,4.85522E+16
115517,115518,8,2,26,60,2016,7,7,5,3,5,3,0,0,0,1,0,0,0,0,4.77756E+20,5.46312E+21,8.69391E+15,4.93204E+16
115518,115519,8,3,25,14,2016,7,17,3,3,6,7,0,0,0,1,1,0,0,0,4.64159E+20,5.33964E+21,8.51757E+15,4.8209E+16
115519,115520,8,2,26,98,2016,7,9,5,3,6,4,0,0,1,0,1,0,0,0,4.77137E+20,5.45991E+21,8.68558E+15,4.92915E+16
115520,115521,8,3,25,49,2016,7,7,3,3,5,3,0,1,0,1,0,1,0,0,4.72764E+20,5.33434E+21,8.63374E+15,4.81618E+16
115521,115522,8,2,26,84,2016,7,12,2,3,6,5,0,0,0,1,1,0,0,0,4.68939E+20,5.47062E+21,8.57201E+15,4.93875E+16
115522,115523,8,3,11,0,2016,7,14,6,3,1,6,0,0,0,1,0,0,0,0,4.1401E+20,5.31993E+21,7.84664E+15,4.80269E+16
115523,115524,8,1,36,2,2016,7,15,4,1,6,3,0,0,0,1,1,0,0,0,5.72692E+20,5.42005E+21,9.99244E+15,4.89291E+16
115524,115525,8,1,17,51,2016,7,15,3,3,4,6,0,0,0,1,0,0,0,0,5.42977E+20,5.39484E+21,9.58413E+15,4.87051E+16
115525,115526,8,3,35,75,2016,7,7,5,3,0,7,0,1,1,0,0,0,0,0,4.88634E+20,5.28993E+21,8.84832E+15,4.77627E+16
115526,115527,8,1,11,0,2016,7,11,6,3,0,7,0,0,0,0,0,1,0,0,5.11451E+20,5.40906E+21,9.15604E+15,4.88344E+16
115527,115528,8,3,17,146,2016,7,14,3,2,8,7,0,0,0,0,0,1,0,0,4.31855E+20,5.35557E+21,8.08023E+15,4.83496E+16
115528,115529,8,4,15,50,2016,7,5,4,2,5,3,0,0,0,1,0,1,0,0,5.20247E+20,5.37597E+21,9.27428E+15,4.85365E+16
115529,115530,8,2,26,84,2016,7,15,5,3,2,6,0,0,0,1,0,0,0,0,4.69162E+20,5.47011E+21,8.57512E+15,4.93829E+16
115530,115531,8,2,21,0,2016,7,17,2,3,5,3,0,0,1,1,0,0,0,0,4.73925E+20,5.47272E+21,8.64057E+15,4.94066E+16
115531,115532,8,3,11,0,2016,7,14,6,3,2,6,0,0,0,1,0,0,1,0,4.10407E+20,5.31657E+21,7.79903E+15,4.79961E+16
115532,115533,8,1,35,16,2016,7,12,4,2,0,1,0,1,0,0,0,1,0,0,5.90844E+20,5.38593E+21,1.02327E+16,4.86198E+16
115533,115534,8,4,35,30,2016,7,10,2,2,3,6,0,0,1,1,0,0,0,0,5.40414E+20,5.27178E+21,9.53761E+15,4.75982E+16
115534,115535,8,2,12,0,2016,7,15,6,3,6,7,0,0,1,0,1,0,0,0,4.56421E+20,5.42862E+21,8.40409E+15,4.90089E+16
115535,115536,8,1,28,131,2016,7,7,4,3,5,2,0,0,0,1,0,1,0,0,5.36979E+20,5.51155E+21,9.51339E+15,4.97553E+16
115536,115537,8,3,27,50,2016,7,17,5,3,5,3,0,0,0,1,0,0,0,0,4.85713E+20,5.31422E+21,8.80854E+15,4.79811E+16
115537,115538,8,4,36,81,2016,7,6,5,3,1,5,1,1,1,1,0,0,0,0,5.61675E+20,5.28149E+21,9.82179E+15,4.76838E+16
115538,115539,8,3,17,21,2016,7,7,3,3,5,5,0,0,1,1,0,0,0,0,4.27601E+20,5.37167E+21,8.02004E+15,4.8494E+16
115539,115540,8,3,26,74,2016,7,8,4,3,0,1,0,0,1,0,0,0,0,0,4.60816E+20,5.32237E+21,8.47417E+15,4.80534E+16
115540,115541,8,2,26,62,2016,7,8,5,3,3,5,0,0,1,1,0,0,0,0,4.70088E+20,5.46909E+21,8.58795E+15,4.93738E+16
115541,115542,8,2,21,0,2016,7,10,2,3,6,6,0,0,0,1,1,0,0,0,4.78634E+20,5.47335E+21,8.70545E+15,4.94124E+16
115542,115543,8,1,27,76,2016,7,12,4,3,6,4,0,0,1,0,1,0,0,0,5.53488E+20,5.44025E+21,9.73294E+15,4.91128E+16
115543,115544,8,4,36,81,2016,7,12,2,3,8,7,0,0,0,0,0,0,0,1,5.66711E+20,5.28152E+21,9.88889E+15,4.76837E+16
115544,115545,8,1,25,69,2016,7,21,6,3,0,1,2,0,0,0,0,1,0,0,5.2436E+20,5.45394E+21,9.33464E+15,4.92377E+16
115545,115546,8,2,26,32,2016,7,17,5,3,2,6,0,0,0,1,0,0,0,0,4.6702E+20,5.46495E+21,8.54604E+15,4.93364E+16
115546,115547,8,3,35,43,2016,7,10,6,3,5,2,0,0,1,0,0,0,0,0,5.13309E+20,5.27856E+21,9.17725E+15,4.76603E+16
115547,115548,8,1,19,8,2016,7,8,6,3,5,3,0,0,1,1,0,0,0,0,5.30709E+20,5.41803E+21,9.41914E+15,4.89145E+16
115548,115549,8,3,26,74,2016,7,17,6,3,8,6,0,0,1,0,0,0,0,0,4.62715E+20,5.32397E+21,8.49951E+15,4.80679E+16
115549,115550,8,4,36,55,2016,7,9,5,3,6,6,0,0,0,1,1,0,0,0,5.7651E+20,5.29751E+21,1.00222E+16,4.78264E+16
115550,115551,8,3,17,96,2016,7,19,3,3,5,3,0,0,1,1,0,0,0,0,4.22144E+20,5.36867E+21,7.94676E+15,4.84663E+16
115551,115552,8,3,26,74,2016,7,15,4,3,5,3,0,1,1,1,0,0,0,0,4.65208E+20,5.3234E+21,8.53302E+15,4.80629E+16
115552,115553,8,2,22,0,2016,7,21,2,3,5,5,2,0,1,0,0,0,0,0,4.61932E+20,5.48105E+21,8.47446E+15,4.94809E+16
115553,115554,8,1,26,66,2016,7,11,4,2,6,4,0,1,0,1,1,0,0,0,5.36637E+20,5.45001E+21,9.50293E+15,4.92018E+16
115554,115555,8,4,36,49,2016,7,12,2,3,5,3,0,0,1,1,0,0,0,0,5.78195E+20,5.28301E+21,1.00421E+16,4.76958E+16
115555,115556,8,1,18,73,2016,7,8,6,3,5,3,0,0,0,1,0,0,0,0,4.97031E+20,5.41974E+21,8.95947E+15,4.89306E+16
115556,115557,8,2,26,105,2016,7,20,5,3,1,5,0,0,1,1,0,0,0,0,4.7104E+20,5.47917E+21,8.60033E+15,4.94645E+16
115557,115558,8,3,17,65,2016,7,18,3,3,5,3,0,0,0,1,0,0,0,0,4.14858E+20,5.35491E+21,7.85101E+15,4.83416E+16
115558,115559,8,3,25,57,2016,7,17,4,2,1,5,0,0,1,1,0,0,0,0,4.74394E+20,5.35667E+21,8.65431E+15,4.83627E+16
115559,115560,8,2,22,0,2016,7,15,2,3,3,6,0,0,0,1,0,1,0,0,4.67903E+20,5.4847E+21,8.55659E+15,4.9514E+16
115560,115561,8,1,25,39,2016,7,6,4,3,4,6,0,0,0,1,0,0,0,0,5.11672E+20,5.45925E+21,9.1605E+15,4.92859E+16
115561,115562,8,1,18,48,2016,7,13,3,3,5,3,0,0,0,1,0,0,0,0,5.13851E+20,5.41616E+21,9.18899E+15,4.88982E+16
115562,115563,8,3,17,68,2016,7,17,3,3,5,3,0,0,0,1,0,0,0,0,4.36279E+20,5.38842E+21,8.13492E+15,4.86456E+16
115563,115564,8,3,16,11,2016,7,15,4,3,5,3,0,0,0,1,0,1,0,0,4.12589E+20,5.33116E+21,7.82529E+15,4.81277E+16
115564,115565,8,2,22,0,2016,7,12,2,3,5,3,0,0,1,1,0,0,0,0,4.6225E+20,5.48294E+21,8.47866E+15,4.94979E+16
115565,115566,8,2,21,0,2016,7,17,5,3,5,3,0,0,1,1,0,0,0,0,4.77767E+20,5.47347E+21,8.69349E+15,4.94135E+16
115566,115567,8,1,19,76,2016,7,5,4,3,5,3,0,0,1,0,0,0,0,0,5.41759E+20,5.40656E+21,9.56877E+15,4.88106E+16
115567,115568,8,2,16,9,2016,7,17,2,3,6,7,0,0,0,1,1,0,0,0,4.47445E+20,5.42169E+21,8.28224E+15,4.89459E+16
115568,115569,8,4,36,64,2016,7,15,2,3,0,1,0,0,1,0,0,0,0,0,5.45584E+20,5.29192E+21,9.60849E+15,4.7779E+16
115569,115570,8,3,17,1,2016,7,8,5,2,2,6,0,0,0,1,0,0,0,0,4.31196E+20,5.38659E+21,8.06623E+15,4.86286E+16
115570,115571,8,3,16,56,2016,7,19,3,2,8,1,0,0,1,0,0,0,0,0,4.24856E+20,5.32812E+21,7.99065E+15,4.81019E+16
115571,115572,8,3,11,0,2016,7,16,4,3,0,1,0,1,0,0,0,1,0,0,4.10721E+20,5.31504E+21,7.80355E+15,4.79824E+16
115572,115573,8,2,21,0,2016,7,0,5,3,8,1,2,0,0,1,0,0,0,0,4.73631E+20,5.46769E+21,8.63684E+15,4.93614E+16
115573,115574,8,3,15,74,2016,7,7,3,3,5,3,0,0,1,1,0,0,0,0,3.97531E+20,5.29623E+21,7.63131E+15,4.78113E+16
115574,115575,8,3,11,0,2016,7,20,4,2,5,2,0,0,1,1,0,0,0,0,4.14163E+20,5.3175E+21,7.84918E+15,4.8005E+16
115575,115576,8,2,12,0,2016,7,12,6,3,2,6,0,0,0,1,0,0,0,0,4.58089E+20,5.4302E+21,8.42672E+15,4.90232E+16
115576,115577,8,1,18,6,2016,7,7,4,2,5,3,0,0,1,1,0,0,0,0,5.18123E+20,5.42097E+21,9.24749E+15,4.89414E+16