FID,OBJECTID,ULAND,UREGBEZ,UKREIS,UGEMEINDE,UJAHR,UMONAT,USTUNDE,UWOCHENTAG,UKATEGORIE,UART,UTYP1,ULICHTVERH,IstStrasse,IstRad,IstPKW,IstFuss,IstKrad,IstGkfz,IstSonstig,LINREFX,LINREFY,XGCSWGS84,YGCSWGS84
115577,115578,8,1,16,77,2016,7,22,3,3,0,1,2,1,0,0,0,1,0,0,5.13799E+20,5.38955E+21,9.18738E+15,4.86589E+16
115578,115579,8,3,17,96,2016,7,18,5,2,0,4,0,0,1,0,1,0,0,0,4.24969E+20,5.36818E+21,7.98506E+15,4.84623E+16
115579,115580,8,4,35,59,2016,7,16,5,3,0,3,0,1,1,1,0,0,0,0,5.12281E+20,5.29072E+21,9.16391E+15,4.77698E+16
115580,115581,8,3,15,47,2016,7,18,3,3,4,6,0,1,0,1,0,0,0,0,4.14795E+20,5.32278E+21,7.8566E+15,4.80526E+16
115581,115582,8,4,35,47,2016,7,19,2,3,5,2,0,0,0,1,0,1,0,0,5.12983E+20,5.29536E+21,9.17342E+15,4.78115E+16
115582,115583,8,3,15,74,2016,7,13,5,3,1,6,0,0,1,1,0,0,0,0,3.97467E+20,5.29589E+21,7.63053E+15,4.78082E+16
115583,115584,8,4,35,16,2016,7,7,5,3,6,4,0,1,0,0,1,0,1,0,5.36145E+20,5.2777E+21,9.48132E+15,4.76517E+16
115584,115585,8,2,15,106,2016,7,17,3,3,5,7,0,0,0,1,0,1,0,0,4.65459E+20,5.45111E+21,8.52575E+15,4.92118E+16
115585,115586,8,2,12,0,2016,7,9,4,2,6,4,0,0,0,0,1,0,0,1,4.53374E+20,5.42944E+21,8.36232E+15,4.90161E+16
115586,115587,8,2,21,0,2016,7,11,5,2,6,4,0,0,1,0,1,0,0,0,4.76978E+20,5.47284E+21,8.68264E+15,4.94078E+16
115587,115588,8,2,15,39,2016,7,15,2,3,0,3,0,0,1,0,0,0,0,0,4.73506E+20,5.4527E+21,8.63612E+15,4.92265E+16
115588,115589,8,2,31,0,2016,7,18,6,3,4,2,0,0,1,1,0,0,0,0,4.75633E+20,5.41385E+21,8.66768E+15,4.88771E+16
115589,115590,8,1,17,26,2016,7,6,4,3,5,3,0,0,0,1,0,0,0,0,5.47952E+20,5.39555E+21,9.65183E+15,4.87111E+16
115590,115591,8,1,18,48,2016,7,6,6,3,0,7,0,0,0,1,0,1,0,0,5.14281E+20,5.41561E+21,9.19483E+15,4.88932E+16
115591,115592,8,3,17,65,2016,7,23,6,3,8,7,2,0,0,0,0,1,0,0,4.13635E+20,5.35696E+21,7.83408E+15,4.83599E+16
115592,115593,8,3,36,50,2016,7,17,5,3,5,3,0,0,1,1,0,0,0,0,4.00588E+20,5.27544E+21,7.67688E+15,4.76247E+16
115593,115594,8,4,35,16,2016,7,9,5,3,0,7,0,1,1,1,0,0,0,0,5.36324E+20,5.27852E+21,9.48377E+15,4.7659E+16
115594,115595,8,2,12,0,2016,7,12,3,2,0,7,0,0,0,0,0,0,0,1,4.54764E+20,5.42917E+21,8.38137E+15,4.90138E+16
115595,115596,8,2,12,0,2016,7,17,4,3,5,3,0,0,0,1,0,0,0,0,4.56893E+20,5.42743E+21,8.41067E+15,4.89983E+16
115596,115597,8,2,12,0,2016,7,11,5,3,1,6,0,0,1,1,0,0,0,0,4.60099E+20,5.43064E+21,8.45417E+15,4.90273E+16
115597,115598,8,2,12,0,2016,7,15,2,3,1,3,0,0,1,1,0,0,0,0,4.56618E+20,5.42717E+21,8.40693E+15,4.89959E+16
115598,115599,8,2,37,28,2016,7,13,4,3,5,3,0,0,0,1,0,0,0,0,4.58458E+20,5.3686E+21,8.43799E+15,4.84692E+16
115599,115600,8,1,35,31,2016,7,15,5,2,5,3,0,0,1,1,0,0,0,0,5.95378E+20,5.37873E+21,1.02925E+16,4.85544E+16
115600,115601,8,2,12,0,2016,7,9,2,3,6,7,0,0,0,1,1,0,0,0,4.53011E+20,5.42932E+21,8.35738E+15,4.90149E+16
115601,115602,8,2,26,85,2016,7,14,6,3,2,2,0,0,0,1,0,1,0,0,4.92885E+20,5.45406E+21,8.90226E+15,4.92393E+16
115602,115603,8,1,16,49,2016,7,14,4,3,5,3,0,0,1,1,0,0,0,0,5.25199E+20,5.38616E+21,9.34197E+15,4.8628E+16
115603,115604,8,4,25,137,2016,7,7,2,3,5,3,0,0,1,1,0,0,0,0,5.74054E+20,5.35442E+21,9.9993E+15,4.83386E+16
115604,115605,8,1,18,46,2016,7,11,6,3,6,4,0,0,0,1,1,0,0,0,5.13938E+20,5.41165E+21,9.19001E+15,4.88577E+16
115605,115606,8,3,15,125,2016,7,17,6,3,5,3,0,0,0,1,0,1,0,0,4.11531E+20,5.31072E+21,7.81529E+15,4.79437E+16
115606,115607,8,4,35,59,2016,7,17,5,1,6,7,0,0,0,1,1,0,0,0,5.10217E+20,5.29127E+21,9.13637E+15,4.77747E+16
115607,115608,8,2,12,0,2016,7,21,3,3,6,2,1,1,0,1,1,0,0,0,4.55526E+20,5.42876E+21,8.39182E+15,4.90102E+16
115608,115609,8,2,35,50,2016,7,22,4,3,8,1,2,1,0,1,0,0,0,0,4.74599E+20,5.38979E+21,8.65506E+15,4.86606E+16
115609,115610,8,2,12,0,2016,7,17,2,3,0,1,0,1,1,0,0,0,0,0,4.5763E+20,5.43018E+21,8.42045E+15,4.90231E+16
115610,115611,8,1,36,42,2016,7,14,2,3,0,1,0,0,1,0,0,0,0,0,5.49818E+20,5.4052E+21,9.67837E+15,4.87978E+16
115611,115612,8,1,15,45,2016,7,13,4,3,5,3,0,1,1,1,0,0,0,0,5.0049E+20,5.39454E+21,9.00666E+15,4.87039E+16
115612,115613,8,4,15,61,2016,7,15,2,3,3,2,0,0,1,1,0,0,0,0,5.13617E+20,5.37133E+21,9.18432E+15,4.84949E+16
115613,115614,8,1,28,131,2016,7,9,5,3,9,1,0,0,0,1,0,0,0,0,5.38985E+20,5.51236E+21,9.54131E+15,4.97625E+16
115614,115615,8,1,11,0,2016,7,19,4,3,2,6,0,1,0,1,0,0,0,0,5.08441E+20,5.39837E+21,9.1148E+15,4.87383E+16
115615,115616,8,4,16,41,2016,7,17,2,3,6,4,0,0,0,1,1,0,0,0,5.04206E+20,5.37342E+21,9.05695E+15,4.85139E+16
115616,115617,8,1,16,77,2016,7,10,6,3,0,1,0,0,0,0,0,1,0,0,5.14166E+20,5.39171E+21,9.19244E+15,4.86783E+16
115617,115618,8,1,28,64,2016,7,11,5,3,4,6,0,0,1,1,0,0,0,0,5.37839E+20,5.50204E+21,9.5244E+15,4.96697E+16
115618,115619,8,2,37,28,2016,7,15,3,3,5,3,0,0,0,1,0,0,0,0,4.56738E+20,5.36859E+21,8.41472E+15,4.84689E+16
115619,115620,8,2,31,0,2016,7,18,4,3,6,4,0,1,0,1,1,0,0,0,4.78313E+20,5.41502E+21,8.70417E+15,4.88877E+16
115620,115621,8,1,36,19,2016,7,9,2,2,6,4,0,0,0,0,1,0,0,1,5.82723E+20,5.42398E+21,1.01302E+16,4.89632E+16
115621,115622,8,2,25,109,2016,7,8,5,2,0,1,0,0,1,0,0,0,0,0,5.26069E+20,5.49436E+21,9.36078E+15,4.96013E+16
115622,115623,8,1,11,0,2016,7,13,4,3,0,1,0,1,0,0,0,1,0,0,5.14077E+20,5.40301E+21,9.19162E+15,4.87799E+16
115623,115624,8,4,15,14,2016,7,11,2,3,6,6,0,0,0,1,1,0,0,0,5.25484E+20,5.3752E+21,9.34517E+15,4.85294E+16
115624,115625,8,3,36,91,2016,7,11,5,3,5,3,0,1,1,1,0,0,0,0,3.95931E+20,5.27194E+21,7.61574E+15,4.75925E+16
115625,115626,8,2,36,72,2016,7,9,3,3,2,6,0,0,0,1,0,0,0,1,4.67171E+20,5.41068E+21,8.55252E+15,4.88482E+16
115626,115627,8,2,36,76,2016,7,18,4,3,5,3,0,0,1,1,0,0,0,0,4.71346E+20,5.42347E+21,8.60853E+15,4.89635E+16
115627,115628,8,1,25,26,2016,7,13,5,2,4,2,0,0,0,1,0,1,0,0,4.93122E+20,5.44242E+21,8.90571E+15,4.91346E+16
115628,115629,8,2,31,0,2016,7,18,4,2,2,6,0,0,0,1,0,0,0,0,4.75456E+20,5.41649E+21,8.6651E+15,4.89008E+16
115629,115630,8,2,26,32,2016,7,12,6,3,6,4,0,0,1,0,1,0,0,0,4.66959E+20,5.46297E+21,8.54536E+15,4.93185E+16
115630,115631,8,2,26,62,2016,7,15,3,3,1,5,0,0,1,1,0,0,0,0,4.69723E+20,5.46828E+21,8.58298E+15,4.93665E+16
115631,115632,8,2,25,109,2016,7,6,2,2,5,3,0,0,0,1,0,0,0,0,5.26029E+20,5.49E+21,9.35994E+15,4.9562E+16
115632,115633,8,2,25,52,2016,7,14,6,3,1,1,0,0,0,1,1,0,0,0,5.15271E+20,5.47893E+21,9.21074E+15,4.94629E+16
115633,115634,8,1,11,0,2016,7,14,4,3,6,4,0,0,0,1,1,0,0,0,5.15829E+20,5.40562E+21,9.21556E+15,4.88034E+16
115634,115635,8,1,17,18,2016,7,18,3,3,5,3,0,0,0,1,0,0,0,0,5.3975E+20,5.39647E+21,9.54044E+15,4.872E+16
115635,115636,8,3,37,126,2016,7,10,2,3,0,7,0,1,0,0,0,1,0,1,4.41348E+20,5.27464E+21,8.21941E+15,4.76225E+16
115636,115637,8,3,15,47,2016,7,15,5,3,1,1,0,0,0,1,0,0,0,1,4.15546E+20,5.32163E+21,7.86691E+15,4.80424E+16
115637,115638,8,4,26,128,2016,7,7,5,3,5,3,0,1,1,1,0,0,0,0,5.58695E+20,5.33044E+21,9.78875E+15,4.81245E+16
115638,115639,8,2,22,0,2016,7,14,3,3,6,2,0,0,0,1,1,0,0,0,4.62149E+20,5.48076E+21,8.47748E+15,4.94783E+16
115639,115640,8,2,31,0,2016,7,18,4,3,2,6,0,1,0,1,0,0,0,0,4.77781E+20,5.41534E+21,8.69688E+15,4.88906E+16
115640,115641,8,1,21,0,2016,7,16,5,2,6,4,0,0,0,1,1,0,0,0,5.15871E+20,5.44127E+21,9.21753E+15,4.91241E+16
115641,115642,8,1,27,76,2016,7,16,2,3,4,2,0,0,0,1,0,0,0,0,5.56821E+20,5.43992E+21,9.77856E+15,4.91095E+16
115642,115643,8,2,25,64,2016,7,23,6,3,8,1,2,0,0,1,0,0,0,0,5.05729E+20,5.47246E+21,9.07897E+15,4.94048E+16
115643,115644,8,1,11,0,2016,7,7,4,3,2,6,0,0,0,1,0,0,0,0,5.12703E+20,5.40805E+21,9.17307E+15,4.88253E+16
115644,115645,8,1,16,77,2016,7,7,6,3,1,6,0,0,0,1,0,0,0,0,5.15048E+20,5.3894E+21,9.20434E+15,4.86574E+16
115645,115646,8,1,11,0,2016,7,16,4,3,0,3,0,0,0,1,0,0,0,1,5.11967E+20,5.40254E+21,9.16288E+15,4.87757E+16
115646,115647,8,1,15,3,2016,7,21,3,3,8,1,0,0,0,0,0,1,0,0,5.02816E+20,5.3925E+21,9.03826E+15,4.86856E+16
115647,115648,8,3,11,0,2016,7,16,5,3,5,2,0,0,0,1,0,1,0,0,4.14306E+20,5.31773E+21,7.85105E+15,4.80071E+16
115648,115649,8,4,16,41,2016,7,14,5,3,6,7,0,0,1,0,1,0,0,0,5.04338E+20,5.37374E+21,9.05874E+15,4.85167E+16
115649,115650,8,2,22,0,2016,7,18,3,3,2,6,0,0,0,1,0,0,0,0,4.61877E+20,5.48138E+21,8.47367E+15,4.94838E+16
115650,115651,8,2,36,40,2016,7,16,4,3,0,1,0,0,1,0,0,0,0,0,4.89047E+20,5.42228E+21,8.8504E+15,4.89534E+16
115651,115652,8,1,21,0,2016,7,16,5,3,5,7,0,0,1,1,0,0,0,0,5.165E+20,5.44306E+21,9.22623E+15,4.91401E+16
115652,115653,8,1,19,79,2016,7,16,2,3,0,3,0,1,0,1,0,1,0,0,5.23064E+20,5.4087E+21,9.31426E+15,4.88308E+16
115653,115654,8,4,35,16,2016,7,14,3,3,5,7,0,1,1,0,0,0,0,1,5.33248E+20,5.2784E+21,9.44279E+15,4.76581E+16
115654,115655,8,3,35,28,2016,7,15,2,3,0,7,0,0,1,0,0,0,0,0,4.83905E+20,5.28693E+21,8.78533E+15,4.77355E+16
115655,115656,8,1,16,77,2016,7,15,6,3,5,2,0,0,0,1,0,0,0,0,5.15904E+20,5.38907E+21,9.21594E+15,4.86545E+16
115656,115657,8,1,19,67,2016,7,13,5,3,0,1,0,0,1,1,0,0,0,0,5.39097E+20,5.40568E+21,9.53244E+15,4.88029E+16
115657,115658,8,3,36,50,2016,7,14,6,3,2,7,0,0,0,1,0,0,0,0,3.99309E+20,5.2737E+21,7.66025E+15,4.76089E+16
115658,115659,8,2,16,5,2016,7,19,3,3,5,3,0,0,1,1,0,0,0,0,4.45618E+20,5.41853E+21,8.25772E+15,4.89173E+16
115659,115660,8,2,26,84,2016,7,22,4,3,0,7,2,1,1,0,0,0,0,0,4.6926E+20,5.46968E+21,8.57649E+15,4.9379E+16
115660,115661,8,1,19,79,2016,7,15,2,3,5,3,0,0,0,1,0,0,0,0,5.23135E+20,5.41267E+21,9.31546E+15,4.88666E+16
115661,115662,8,1,19,20,2016,7,16,5,3,2,6,0,0,1,1,0,0,0,0,5.20017E+20,5.4072E+21,9.27268E+15,4.88175E+16
115662,115663,8,4,35,45,2016,7,11,3,3,2,6,0,0,0,1,0,0,0,1,5.35638E+20,5.28776E+21,9.47538E+15,4.77422E+16
115663,115664,8,3,36,50,2016,7,16,6,3,2,6,0,0,0,1,0,0,0,0,4.01788E+20,5.27648E+21,7.69261E+15,4.76343E+16
115664,115665,8,4,16,36,2016,7,19,5,3,5,3,0,0,0,1,0,0,0,0,4.96402E+20,5.36882E+21,8.95132E+15,4.84725E+16
115665,115666,8,2,15,9,2016,7,11,3,3,0,4,0,0,0,0,1,1,0,0,4.70109E+20,5.44126E+21,8.59032E+15,4.91234E+16
115666,115667,8,2,26,13,2016,7,10,4,3,6,4,0,0,0,1,1,0,0,0,4.98676E+20,5.47907E+21,8.98173E+15,4.94643E+16
115667,115668,8,1,18,76,2016,7,6,5,3,0,2,0,0,1,1,0,0,0,0,5.06021E+20,5.42289E+21,9.08226E+15,4.89589E+16
115668,115669,8,1,19,20,2016,7,15,2,3,8,1,0,0,0,1,0,0,0,0,5.19757E+20,5.40805E+21,9.26918E+15,4.88251E+16
115669,115670,8,4,37,104,2016,7,7,3,3,0,1,0,1,1,0,0,0,0,0,5.16306E+20,5.32594E+21,9.21896E+15,4.80865E+16
115670,115671,8,3,35,63,2016,7,13,2,3,8,6,0,0,1,1,0,0,0,0,4.9707E+20,5.28787E+21,8.96091E+15,4.77442E+16
115671,115672,8,1,16,19,2016,7,15,6,3,1,6,0,0,0,1,0,0,0,0,5.22118E+20,5.3981E+21,9.30081E+15,4.87355E+16
115672,115673,8,1,17,24,2016,7,22,5,3,5,3,2,0,0,1,0,1,0,0,5.6108E+20,5.3858E+21,9.82884E+15,4.86223E+16
115673,115674,8,2,15,9,2016,7,8,3,3,2,6,0,0,0,1,0,0,1,0,4.68634E+20,5.44038E+21,8.57017E+15,4.91154E+16
115674,115675,8,2,25,75,2016,7,12,4,2,5,3,0,1,0,1,0,0,0,0,5.27753E+20,5.47756E+21,9.3829E+15,4.94501E+16
115675,115676,8,1,19,90,2016,7,20,2,2,6,6,0,0,0,1,1,0,0,0,5.3257E+20,5.40642E+21,9.44362E+15,4.881E+16
115676,115677,8,4,26,128,2016,7,15,3,3,5,3,0,1,0,1,0,0,0,0,5.59904E+20,5.33234E+21,9.80526E+15,4.81415E+16
115677,115678,8,1,18,48,2016,7,15,3,3,6,4,0,0,0,0,1,0,0,1,5.13761E+20,5.41573E+21,9.18775E+15,4.88943E+16
115678,115679,8,3,35,63,2016,7,14,2,3,1,5,0,0,1,1,0,0,0,0,4.97468E+20,5.28728E+21,8.96622E+15,4.77389E+16
115679,115680,8,1,18,67,2016,7,15,2,3,5,3,0,1,0,1,0,1,0,0,5.05995E+20,5.41354E+21,9.08175E+15,4.88748E+16
115680,115681,8,4,21,0,2016,7,15,3,3,4,2,0,1,1,0,0,0,0,1,5.70428E+20,5.36065E+21,9.95142E+15,4.83951E+16
115681,115682,8,3,26,52,2016,7,13,2,3,3,6,0,0,1,1,0,0,0,0,4.49013E+20,5.32794E+21,8.31513E+15,4.81027E+16
115682,115683,8,1,15,45,2016,7,22,6,3,5,2,2,0,0,1,0,0,0,0,5.00611E+20,5.39422E+21,9.0083E+15,4.87011E+16
115683,115684,8,2,12,0,2016,7,13,5,2,3,2,0,0,0,1,0,0,0,0,4.52021E+20,5.4298E+21,8.34378E+15,4.90192E+16
115684,115685,8,2,15,9,2016,7,10,3,3,5,3,0,0,0,1,0,0,0,0,4.6827E+20,5.44318E+21,8.56496E+15,4.91406E+16
115685,115686,8,2,21,0,2016,7,18,4,3,5,3,0,0,1,1,0,0,0,0,4.77817E+20,5.47273E+21,8.69422E+15,4.94069E+16
115686,115687,8,1,17,24,2016,7,12,5,3,5,3,0,0,1,1,0,0,0,0,5.6143E+20,5.38612E+21,9.83363E+15,4.86251E+16
115687,115688,8,2,12,0,2016,7,9,3,3,2,6,0,0,0,1,0,0,0,0,4.53308E+20,5.42892E+21,8.36148E+15,4.90114E+16
115688,115689,8,1,18,21,2016,7,15,2,3,0,7,0,1,0,1,0,0,0,0,5.2109E+20,5.42734E+21,9.28833E+15,4.89986E+16
115689,115690,8,2,22,0,2016,7,15,6,2,1,6,0,0,0,1,0,1,0,0,4.6474E+20,5.47785E+21,8.51351E+15,4.94523E+16
115690,115691,8,4,21,0,2016,7,21,3,3,0,7,2,1,0,1,0,0,0,0,5.73059E+20,5.35659E+21,9.98625E+15,4.83583E+16
115691,115692,8,1,16,49,2016,7,7,3,3,5,3,0,0,1,1,0,0,0,0,5.25932E+20,5.38466E+21,9.35183E+15,4.86145E+16
115692,115693,8,2,12,0,2016,7,10,5,3,5,2,0,0,1,0,0,0,0,1,4.58385E+20,5.42908E+21,8.43089E+15,4.90133E+16
115693,115694,8,4,16,41,2016,7,14,5,3,5,2,0,0,1,1,0,0,0,0,5.059E+20,5.37532E+21,9.07992E+15,4.8531E+16
115694,115695,8,2,12,0,2016,7,19,3,3,5,3,0,0,1,0,0,0,0,1,4.60601E+20,5.42716E+21,8.46137E+15,4.89961E+16
115695,115696,8,2,26,102,2016,7,7,4,2,5,3,0,0,0,1,0,0,0,0,4.84E+20,5.45318E+21,8.78023E+15,4.92312E+16
115696,115697,8,1,16,46,2016,7,13,5,3,5,3,0,0,0,1,0,1,0,0,5.27739E+20,5.37814E+21,9.37591E+15,4.85557E+16
115697,115698,8,2,31,0,2016,7,16,5,3,8,5,0,0,0,1,0,0,0,1,4.77644E+20,5.4152E+21,8.69502E+15,4.88894E+16
115698,115699,8,4,15,61,2016,7,15,5,3,6,4,0,0,0,1,1,0,0,0,5.16019E+20,5.37375E+21,9.21692E+15,4.85167E+16
115699,115700,8,2,12,0,2016,7,15,3,3,2,6,0,0,1,1,0,0,0,0,4.60828E+20,5.42761E+21,8.46444E+15,4.90001E+16
115700,115701,8,2,22,0,2016,7,15,4,3,2,6,0,0,0,1,0,0,0,0,4.61582E+20,5.48835E+21,8.46892E+15,4.95465E+16
115701,115702,8,1,16,49,2016,7,16,5,3,0,1,0,0,1,0,0,0,0,0,5.24961E+20,5.38503E+21,9.33868E+15,4.86178E+16
115702,115703,8,1,18,81,2016,7,17,2,3,2,6,0,1,0,1,0,0,0,0,5.18469E+20,5.41246E+21,9.25183E+15,4.88649E+16
115703,115704,8,2,15,100,2016,7,8,6,3,3,7,0,0,0,1,0,1,0,1,4.75481E+20,5.4519E+21,8.6633E+15,4.92194E+16
115704,115705,8,4,25,141,2016,7,14,3,3,5,3,0,1,0,1,0,0,0,0,5.65215E+20,5.36274E+21,9.88134E+15,4.84144E+16
115705,115706,8,2,31,0,2016,7,10,5,2,8,1,0,0,0,0,0,1,0,0,4.75283E+20,5.41443E+21,8.66287E+15,4.88824E+16
115706,115707,8,4,15,14,2016,7,23,5,3,0,1,2,0,1,0,0,0,0,0,5.2545E+20,5.37519E+21,9.34472E+15,4.85293E+16
115707,115708,8,1,36,65,2016,7,23,3,3,9,1,2,1,0,1,0,0,0,0,5.64454E+20,5.40579E+21,9.87774E+15,4.88017E+16
115708,115709,8,2,22,0,2016,7,15,4,3,6,4,0,0,0,1,1,0,0,0,4.61414E+20,5.48377E+21,8.46704E+15,4.95053E+16
115709,115710,8,1,16,78,2016,7,5,5,3,0,7,0,1,1,1,0,0,0,0,5.10434E+20,5.39382E+21,9.1418E+15,4.86973E+16
115710,115711,8,1,17,26,2016,7,19,2,3,4,6,0,0,0,1,0,0,0,0,5.4978E+20,5.39706E+21,9.67686E+15,4.87246E+16
115711,115712,8,4,17,75,2016,7,18,3,3,5,3,0,0,1,1,0,0,0,0,5.08982E+20,5.33614E+21,9.12083E+15,4.81784E+16
115712,115713,8,3,17,1,2016,7,5,2,3,5,3,0,0,0,1,0,1,0,0,4.31097E+20,5.38731E+21,8.06478E+15,4.8635E+16
115713,115714,8,1,15,3,2016,7,8,6,3,5,3,0,0,1,1,0,0,0,0,5.02261E+20,5.39226E+21,9.03072E+15,4.86834E+16
115714,115715,8,1,16,12,2016,7,10,2,3,5,3,0,0,0,1,0,0,0,0,5.36229E+20,5.3833E+21,9.49142E+15,4.86018E+16
115715,115716,8,2,15,105,2016,7,11,6,2,0,7,0,0,1,0,0,0,0,0,4.56852E+20,5.441E+21,8.40866E+15,4.91203E+16
115716,115717,8,4,15,59,2016,7,18,3,3,5,3,0,0,0,1,0,0,0,0,5.16907E+20,5.36882E+21,9.22874E+15,4.84723E+16
115717,115718,8,3,16,56,2016,7,11,2,2,4,1,0,0,1,1,0,0,0,0,4.2353E+20,5.32814E+21,7.97284E+15,4.81019E+16
115718,115719,8,1,11,0,2016,7,7,6,3,2,6,0,0,0,1,0,0,0,0,5.1352E+20,5.40434E+21,9.18408E+15,4.87919E+16
115719,115720,8,3,36,91,2016,7,7,6,3,5,3,0,0,0,1,0,1,0,0,3.95841E+20,5.27455E+21,7.61392E+15,4.7616E+16
115720,115721,8,3,37,22,2016,7,11,5,2,0,1,0,1,1,0,0,0,0,0,4.5353E+20,5.29583E+21,8.37927E+15,4.78142E+16
115721,115722,8,1,35,27,2016,7,16,3,3,5,3,0,1,0,1,0,1,0,0,5.91364E+20,5.37638E+21,1.02376E+16,4.85338E+16
115722,115723,8,2,22,0,2016,7,12,4,3,2,6,0,0,0,1,0,0,0,0,4.63522E+20,5.48425E+21,8.49611E+15,4.95098E+16
115723,115724,8,1,16,47,2016,7,8,2,3,5,3,0,0,0,1,0,1,0,0,5.20101E+20,5.39238E+21,9.2731E+15,4.86842E+16
115724,115725,8,4,15,50,2016,7,13,3,3,2,6,0,1,0,1,0,1,0,0,5.21357E+20,5.37647E+21,9.28934E+15,4.85409E+16
115725,115726,8,3,15,7,2016,7,11,2,3,5,3,0,0,0,1,0,1,0,0,4.00996E+20,5.29512E+21,7.67783E+15,4.78019E+16
115726,115727,8,1,11,0,2016,7,16,6,3,5,7,0,0,0,1,0,0,1,0,5.07838E+20,5.40783E+21,9.10679E+15,4.88234E+16
115727,115728,8,1,15,3,2016,7,8,5,3,5,3,0,0,0,1,0,0,0,0,5.0085E+20,5.39135E+21,9.01155E+15,4.86752E+16
115728,115729,8,1,28,7,2016,7,11,3,3,5,3,0,0,0,1,0,0,0,0,5.54566E+20,5.48506E+21,9.75384E+15,4.95157E+16
115729,115730,8,2,22,0,2016,7,13,4,3,5,3,0,0,1,1,0,0,0,0,4.61195E+20,5.48212E+21,8.46418E+15,4.94905E+16
115730,115731,8,1,15,3,2016,7,8,2,3,0,1,0,0,1,0,0,0,0,0,5.00585E+20,5.39029E+21,9.00795E+15,4.86657E+16
115731,115732,8,1,11,0,2016,7,13,5,3,6,2,0,0,0,1,1,0,0,0,5.1146E+20,5.40284E+21,9.15598E+15,4.87784E+16
115732,115733,8,1,27,43,2016,7,7,3,3,5,3,0,0,0,1,0,0,0,0,5.66575E+20,5.44617E+21,9.91323E+15,4.91647E+16
115733,115734,8,2,22,0,2016,7,12,4,3,4,2,0,0,0,1,0,0,0,0,4.64223E+20,5.48392E+21,8.50582E+15,4.95068E+16
115734,115735,8,1,11,0,2016,7,16,2,2,6,4,0,1,0,1,1,0,0,0,5.14932E+20,5.40724E+21,9.20341E+15,4.88179E+16
115735,115736,8,1,11,0,2016,7,12,5,3,1,7,0,0,0,1,0,0,0,0,5.13212E+20,5.40241E+21,9.17982E+15,4.87746E+16
115736,115737,8,3,36,69,2016,7,18,3,3,5,3,0,1,1,1,0,0,0,0,4.08553E+20,5.26784E+21,7.78444E+15,4.75575E+16
115737,115738,8,3,15,64,2016,7,7,2,3,4,6,0,0,1,0,0,0,0,0,4.21806E+20,5.31286E+21,7.95247E+15,4.79643E+16
115738,115739,8,2,31,0,2016,7,19,5,3,5,3,0,0,0,1,0,1,0,0,4.75058E+20,5.41192E+21,8.65995E+15,4.88597E+16
115739,115740,8,1,25,26,2016,7,22,3,3,3,6,2,1,1,1,0,0,0,0,4.93455E+20,5.44262E+21,8.91028E+15,4.91363E+16
115740,115741,8,2,16,43,2016,7,15,4,3,2,6,0,0,0,1,0,0,0,0,4.43246E+20,5.4128E+21,8.22615E+15,4.88655E+16
115741,115742,8,4,36,81,2016,7,17,4,3,2,7,0,1,0,0,0,1,0,1,5.62429E+20,5.2818E+21,9.83187E+15,4.76865E+16
115742,115743,8,1,19,79,2016,7,19,3,2,6,7,0,0,1,0,0,0,0,1,5.2311E+20,5.41248E+21,9.31511E+15,4.88649E+16
115743,115744,8,2,15,9,2016,7,6,4,3,5,2,1,0,1,1,0,0,0,0,4.69392E+20,5.44095E+21,8.58051E+15,4.91207E+16
115744,115745,8,2,15,108,2016,7,11,6,3,5,3,0,0,1,0,0,0,1,0,4.49315E+20,5.42437E+21,8.30746E+15,4.89701E+16
115745,115746,8,3,35,75,2016,7,8,3,2,0,1,0,1,1,0,0,0,0,0,4.88681E+20,5.29127E+21,8.84892E+15,4.77747E+16
115746,115747,8,1,16,77,2016,7,11,3,3,0,1,0,0,1,0,0,0,0,0,5.14251E+20,5.38911E+21,9.1935E+15,4.86549E+16
115747,115748,8,1,28,7,2016,7,16,6,3,2,7,0,0,0,1,0,1,0,0,5.56042E+20,5.48255E+21,9.77388E+15,4.9493E+16
115748,115749,8,3,35,43,2016,7,18,3,3,0,3,0,1,0,1,0,1,0,0,5.12519E+20,5.27878E+21,9.16674E+15,4.76623E+16
115749,115750,8,1,18,77,2016,7,7,3,3,6,7,0,0,0,1,1,0,0,0,5.13246E+20,5.42272E+21,9.18095E+15,4.89572E+16
115750,115751,8,3,11,0,2016,7,11,2,3,0,1,0,0,1,1,0,1,0,0,4.14031E+20,5.31757E+21,7.8474E+15,4.80056E+16
115751,115752,8,2,36,40,2016,7,6,5,3,0,2,1,1,0,0,0,1,1,0,4.89478E+20,5.42293E+21,8.85626E+15,4.89592E+16
115752,115753,8,3,37,39,2016,7,15,5,3,4,7,0,0,0,0,0,0,1,1,4.44697E+20,5.29121E+21,8.26188E+15,4.77718E+16
115753,115754,8,1,18,48,2016,7,19,3,3,0,7,0,0,0,0,0,0,0,1,5.12905E+20,5.41764E+21,9.17613E+15,4.89115E+16