FID,OBJECTID,ULAND,UREGBEZ,UKREIS,UGEMEINDE,UJAHR,UMONAT,USTUNDE,UWOCHENTAG,UKATEGORIE,UART,UTYP1,ULICHTVERH,IstStrasse,IstRad,IstPKW,IstFuss,IstKrad,IstGkfz,IstSonstig,LINREFX,LINREFY,XGCSWGS84,YGCSWGS84
115754,115755,8,2,12,0,2016,7,13,4,3,3,6,0,0,1,0,0,0,0,0,4.56391E+20,5.42548E+21,8.40401E+15,4.89807E+16
115755,115756,8,4,25,33,2016,7,12,4,3,5,3,0,0,1,1,0,0,0,0,5.53697E+20,5.34758E+21,9.72376E+15,4.82791E+16
115756,115757,8,1,11,0,2016,7,19,2,3,0,3,0,0,1,0,0,0,0,0,5.13926E+20,5.40565E+21,9.18964E+15,4.88037E+16
115757,115758,8,1,18,48,2016,7,7,4,3,4,6,0,0,1,0,0,0,0,0,5.13804E+20,5.41522E+21,9.18831E+15,4.88898E+16
115758,115759,8,3,17,96,2016,7,17,2,3,1,7,0,0,0,0,0,0,0,1,4.21084E+20,5.36837E+21,7.93248E+15,4.84635E+16
115759,115760,8,3,17,96,2016,7,15,7,3,0,7,0,0,1,0,0,0,0,0,4.23494E+20,5.3741E+21,7.96402E+15,4.85154E+16
115760,115761,8,3,26,12,2016,7,0,1,3,0,1,2,0,1,0,0,0,0,0,4.62635E+20,5.30961E+21,8.49969E+15,4.79387E+16
115761,115762,8,2,31,0,2016,7,16,4,3,2,6,0,0,0,1,0,1,0,0,4.75996E+20,5.41488E+21,8.67256E+15,4.88864E+16
115762,115763,8,2,16,43,2016,7,7,3,3,2,2,0,0,1,1,0,0,0,0,4.41893E+20,5.41153E+21,8.20788E+15,4.8854E+16
115763,115764,8,1,18,27,2016,7,15,4,3,1,6,0,0,0,1,0,0,0,0,5.02456E+20,5.41248E+21,9.03349E+15,4.88653E+16
115764,115765,8,1,18,67,2016,7,9,1,2,0,7,0,0,1,0,0,0,0,0,5.0674E+20,5.41465E+21,9.09194E+15,4.88847E+16
115765,115766,8,2,22,0,2016,7,18,2,3,3,7,0,0,0,1,0,0,0,0,4.64827E+20,5.4788E+21,8.51463E+15,4.94609E+16
115766,115767,8,4,21,0,2016,7,18,3,3,6,4,0,0,0,1,1,0,0,0,5.73411E+20,5.36097E+21,9.99177E+15,4.83976E+16
115767,115768,8,2,15,90,2016,7,14,1,2,0,3,0,0,1,1,0,0,0,0,4.65021E+20,5.43404E+21,8.52121E+15,4.90583E+16
115768,115769,8,2,15,17,2016,7,13,2,3,5,3,0,0,1,1,0,0,0,0,4.54681E+20,5.41808E+21,8.38147E+15,4.8914E+16
115769,115770,8,3,17,57,2016,7,19,7,3,5,3,0,0,0,1,0,1,0,0,4.13259E+20,5.38008E+21,7.82422E+15,4.85678E+16
115770,115771,8,3,17,68,2016,7,23,7,3,5,3,2,0,0,1,0,1,0,0,4.35443E+20,5.38849E+21,8.12357E+15,4.86462E+16
115771,115772,8,1,11,0,2016,7,14,4,3,2,6,0,0,0,1,0,0,0,0,5.09694E+20,5.39668E+21,9.1318E+15,4.8723E+16
115772,115773,8,2,26,18,2016,7,19,4,3,5,3,0,0,1,1,0,0,0,0,4.72812E+20,5.47301E+21,8.62521E+15,4.94091E+16
115773,115774,8,3,17,89,2016,7,15,7,3,0,7,0,0,1,0,0,0,0,0,4.31688E+20,5.37708E+21,8.07447E+15,4.85431E+16
115774,115775,8,3,16,11,2016,7,15,1,3,1,5,0,0,1,1,0,0,0,0,4.14934E+20,5.32779E+21,7.85747E+15,4.80977E+16
115775,115776,8,1,16,33,2016,7,7,4,3,5,3,0,0,1,1,0,0,0,0,5.33182E+20,5.38862E+21,9.45051E+15,4.86497E+16
115776,115777,8,1,18,74,2016,7,18,1,3,5,3,0,0,0,1,0,1,0,0,5.11031E+20,5.42863E+21,9.15085E+15,4.90105E+16
115777,115778,8,2,15,66,2016,7,11,2,3,0,7,0,0,1,1,0,0,0,0,4.603E+20,5.45396E+21,8.45463E+15,4.92371E+16
115778,115779,8,4,15,59,2016,7,13,3,3,2,6,0,0,0,1,0,0,0,0,5.16673E+20,5.36824E+21,9.22555E+15,4.84671E+16
115779,115780,8,1,36,19,2016,7,13,3,3,5,3,0,0,0,1,0,0,0,0,5.82806E+20,5.42345E+21,1.01312E+16,4.89584E+16
115780,115781,8,1,28,137,2016,7,10,2,2,0,7,0,0,1,0,0,0,0,1,5.60352E+20,5.49591E+21,9.83543E+15,4.96127E+16
115781,115782,8,3,15,74,2016,7,20,7,3,8,1,0,0,0,0,0,1,0,0,3.96604E+20,5.29577E+21,7.61904E+15,4.7807E+16
115782,115783,8,1,15,21,2016,7,8,3,3,5,3,0,0,1,1,0,0,0,0,4.89756E+20,5.38269E+21,8.86107E+15,4.85972E+16
115783,115784,8,4,35,16,2016,7,0,3,2,1,7,2,0,1,1,0,0,0,0,5.36053E+20,5.27837E+21,9.48015E+15,4.76577E+16
115784,115785,8,1,36,44,2016,7,19,4,3,5,3,0,0,0,1,0,0,0,1,5.57542E+20,5.40767E+21,9.78388E+15,4.88194E+16
115785,115786,8,3,17,65,2016,7,15,3,3,5,3,0,0,1,1,0,0,0,0,4.16073E+20,5.355E+21,7.86737E+15,4.83426E+16
115786,115787,8,1,16,49,2016,7,20,3,3,0,1,0,0,1,0,0,0,0,0,5.2383E+20,5.38707E+21,9.32345E+15,4.86362E+16
115787,115788,8,4,21,0,2016,7,14,2,2,4,2,0,0,0,1,0,0,0,0,5.7292E+20,5.36488E+21,9.98582E+15,4.84328E+16
115788,115789,8,4,17,31,2016,7,18,3,3,6,4,0,0,0,1,1,0,0,0,4.98344E+20,5.35588E+21,8.97764E+15,4.83561E+16
115789,115790,8,1,25,38,2016,7,16,3,3,5,3,0,0,0,1,0,0,0,0,5.00273E+20,5.43499E+21,9.00374E+15,4.90678E+16
115790,115791,8,2,31,0,2016,7,16,1,3,5,3,0,0,0,1,0,0,0,0,4.81797E+20,5.41751E+21,8.75158E+15,4.89102E+16
115791,115792,8,1,19,76,2016,7,12,2,3,0,2,0,0,0,1,0,1,0,0,5.4196E+20,5.40648E+21,9.5715E+15,4.88099E+16
115792,115793,8,3,15,47,2016,7,22,7,3,6,4,2,0,1,0,1,0,0,0,4.15827E+20,5.32095E+21,7.87081E+15,4.80363E+16
115793,115794,8,1,11,0,2016,7,9,3,3,6,4,0,0,0,1,1,0,0,0,5.13334E+20,5.40335E+21,9.18151E+15,4.8783E+16
115794,115795,8,3,15,130,2016,7,15,3,1,9,1,0,0,0,1,0,0,0,0,4.1036E+20,5.302E+21,7.80143E+15,4.78651E+16
115795,115796,8,1,19,84,2016,7,15,4,3,5,3,0,0,0,1,0,0,0,0,5.46205E+20,5.41316E+21,9.63007E+15,4.88696E+16
115796,115797,8,1,16,49,2016,7,6,3,3,5,2,0,0,0,1,0,1,0,0,5.25512E+20,5.38439E+21,9.34611E+15,4.8612E+16
115797,115798,8,3,35,43,2016,7,18,2,3,5,3,0,0,1,0,0,0,0,0,5.14395E+20,5.27937E+21,9.19174E+15,4.76676E+16
115798,115799,8,1,11,0,2016,7,12,2,3,5,2,0,0,0,1,0,0,0,0,5.11677E+20,5.40891E+21,9.15911E+15,4.88331E+16
115799,115800,8,3,11,0,2016,7,19,7,3,0,1,0,0,1,0,0,0,0,0,4.10011E+20,5.31645E+21,7.79375E+15,4.7995E+16
115800,115801,8,3,37,127,2016,7,11,1,3,5,3,0,0,0,1,0,0,0,0,4.54756E+20,5.2972E+21,8.3955E+15,4.78265E+16
115801,115802,8,3,37,65,2016,7,15,2,2,0,7,0,0,0,0,0,1,0,0,4.48135E+20,5.27506E+21,8.30967E+15,4.76269E+16
115802,115803,8,2,12,0,2016,7,7,4,3,0,3,0,0,1,0,0,0,0,1,4.56523E+20,5.42855E+21,8.40549E+15,4.90083E+16
115803,115804,8,2,22,0,2016,7,10,3,3,8,5,0,0,0,1,0,0,0,0,4.67511E+20,5.48269E+21,8.55134E+15,4.9496E+16
115804,115805,8,1,18,80,2016,7,19,2,3,5,2,0,0,0,1,0,1,0,0,5.07641E+20,5.41111E+21,9.10417E+15,4.8853E+16
115805,115806,8,4,16,41,2016,7,15,6,3,6,7,0,0,0,1,1,0,0,0,5.0817E+20,5.37722E+21,9.1107E+15,4.8548E+16
115806,115807,8,1,11,0,2016,7,10,2,3,6,4,0,0,0,1,1,0,0,0,5.08062E+20,5.40709E+21,9.10982E+15,4.88168E+16
115807,115808,8,4,36,64,2016,7,11,2,3,5,3,0,0,0,1,0,0,0,0,5.45236E+20,5.29113E+21,9.60376E+15,4.77719E+16
115808,115809,8,3,36,50,2016,7,9,4,3,5,2,0,0,1,1,0,0,0,0,3.99434E+20,5.2737E+21,7.66192E+15,4.76089E+16
115809,115810,8,2,31,0,2016,7,18,3,3,2,6,0,0,0,1,0,0,0,0,4.76111E+20,5.41631E+21,8.67404E+15,4.88993E+16
115810,115811,8,3,16,9,2016,7,12,2,3,3,6,0,0,1,0,0,1,0,0,4.17222E+20,5.32459E+21,7.88881E+15,4.80693E+16
115811,115812,8,3,11,0,2016,7,11,7,3,5,1,0,0,1,1,0,0,0,0,4.13965E+20,5.31802E+21,7.84642E+15,4.80097E+16
115812,115813,8,3,17,47,2016,7,20,1,2,2,6,0,0,0,1,0,1,0,0,4.19573E+20,5.36369E+21,7.91294E+15,4.84213E+16
115813,115814,8,2,12,0,2016,7,18,3,3,0,7,0,0,1,0,0,0,0,0,4.60676E+20,5.42754E+21,8.46237E+15,4.89995E+16
115814,115815,8,1,15,45,2016,7,8,4,1,5,3,0,0,1,0,0,0,1,0,5.00519E+20,5.39391E+21,9.00705E+15,4.86982E+16
115815,115816,8,1,16,33,2016,7,12,1,3,6,4,0,0,1,0,1,0,0,0,5.34494E+20,5.3891E+21,9.46836E+15,4.8654E+16
115816,115817,8,2,21,0,2016,7,13,2,3,5,3,0,0,1,1,0,0,0,0,4.76767E+20,5.47543E+21,8.67958E+15,4.94311E+16
115817,115818,8,4,16,41,2016,7,18,3,3,9,7,0,0,0,0,0,1,0,0,5.05199E+20,5.37523E+21,9.07042E+15,4.85302E+16
115818,115819,8,2,12,0,2016,7,10,1,2,0,1,0,0,1,0,0,0,0,0,4.60576E+20,5.43234E+21,8.46054E+15,4.90427E+16
115819,115820,8,1,11,0,2016,7,11,1,3,0,1,0,0,0,1,0,1,0,0,5.1102E+20,5.40017E+21,9.14992E+15,4.87545E+16
115820,115821,8,2,36,4,2016,7,13,2,3,5,3,0,0,0,1,0,0,0,0,4.7351E+20,5.41358E+21,8.63874E+15,4.88747E+16
115821,115822,8,2,15,46,2016,7,17,1,3,6,7,0,0,1,0,1,0,0,0,4.50604E+20,5.41545E+21,8.32614E+15,4.889E+16
115822,115823,8,3,11,0,2016,7,14,2,3,5,3,0,0,1,1,0,0,0,0,4.14765E+20,5.31747E+21,7.85726E+15,4.80049E+16
115823,115824,8,2,12,0,2016,7,18,7,3,5,2,0,0,0,1,0,1,0,0,4.56683E+20,5.4289E+21,8.40763E+15,4.90115E+16
115824,115825,8,2,12,0,2016,7,23,1,3,2,6,2,0,0,1,0,0,0,0,4.61876E+20,5.42796E+21,8.47874E+15,4.90033E+16
115825,115826,8,1,15,15,2016,7,20,4,2,5,3,0,0,0,1,0,0,0,0,4.92322E+20,5.38773E+21,8.89578E+15,4.86426E+16
115826,115827,8,2,22,0,2016,7,9,4,3,5,3,0,0,1,1,0,0,0,0,4.62616E+20,5.48287E+21,8.48372E+15,4.94973E+16
115827,115828,8,1,11,0,2016,7,1,1,2,0,1,2,0,1,0,0,0,0,0,5.13967E+20,5.40338E+21,9.19014E+15,4.87833E+16
115828,115829,8,2,12,0,2016,7,13,2,2,5,3,0,0,1,1,0,0,0,0,4.53169E+20,5.42882E+21,8.35959E+15,4.90105E+16
115829,115830,8,3,36,103,2016,7,22,3,3,8,1,2,0,1,0,0,0,0,0,4.13325E+20,5.28357E+21,7.84475E+15,4.76997E+16
115830,115831,8,1,35,20,2016,7,23,3,3,0,1,2,0,1,0,0,0,0,0,5.87432E+20,5.38645E+21,1.01865E+16,4.8625E+16
115831,115832,8,2,26,98,2016,7,12,1,3,3,2,0,0,1,0,0,1,0,0,4.76673E+20,5.45991E+21,8.6792E+15,4.92915E+16
115832,115833,8,1,26,72,2016,7,9,2,3,9,1,0,0,0,1,0,0,0,0,5.37306E+20,5.46304E+21,9.51333E+15,4.9319E+16
115833,115834,8,2,12,0,2016,7,4,7,3,0,7,2,0,1,0,0,0,0,0,4.56541E+20,5.42843E+21,8.40575E+15,4.90072E+16
115834,115835,8,1,11,0,2016,7,17,3,3,5,3,0,0,0,1,0,0,0,0,5.17485E+20,5.40237E+21,9.23798E+15,4.8774E+16
115835,115836,8,2,12,0,2016,7,13,2,2,2,6,0,0,0,1,0,0,1,0,4.50215E+20,5.43266E+21,8.31872E+15,4.90448E+16
115836,115837,8,2,26,6,2016,7,11,7,3,2,6,0,0,0,1,0,0,0,0,4.84229E+20,5.46728E+21,8.78282E+15,4.9358E+16
115837,115838,8,2,21,0,2016,7,14,7,3,3,3,0,0,1,0,0,0,0,0,4.77358E+20,5.47122E+21,8.68798E+15,4.93932E+16
115838,115839,8,1,11,0,2016,7,6,4,3,5,2,0,0,1,1,0,0,0,0,5.15642E+20,5.4059E+21,9.21303E+15,4.88059E+16
115839,115840,8,2,16,49,2016,7,21,4,3,5,2,1,0,0,1,0,1,0,0,4.39394E+20,5.40271E+21,8.17512E+15,4.87744E+16
115840,115841,8,3,17,40,2016,7,13,3,3,0,1,0,0,1,0,0,0,0,0,4.31933E+20,5.34714E+21,8.08265E+15,4.82738E+16
115841,115842,8,1,19,84,2016,7,16,3,3,4,1,0,0,1,1,0,0,0,0,5.46559E+20,5.41457E+21,9.63506E+15,4.88824E+16
115842,115843,8,1,19,85,2016,7,7,2,3,6,4,0,0,0,0,1,0,0,1,5.28777E+20,5.41407E+21,9.39249E+15,4.88789E+16
115843,115844,8,4,16,41,2016,7,13,6,3,5,3,0,0,0,1,0,0,0,0,5.05808E+20,5.3741E+21,9.07866E+15,4.852E+16
115844,115845,8,1,11,0,2016,7,11,3,2,4,1,0,0,0,1,0,0,0,1,5.10991E+20,5.40011E+21,9.14953E+15,4.87539E+16
115845,115846,8,3,15,98,2016,7,19,3,3,4,6,0,0,1,0,0,0,0,0,4.07731E+20,5.31233E+21,7.76408E+15,4.79577E+16
115846,115847,8,1,18,48,2016,7,20,4,3,5,3,0,0,1,1,0,0,0,0,5.14968E+20,5.41578E+21,9.20421E+15,4.88948E+16
115847,115848,8,4,25,72,2016,7,9,3,3,0,7,0,0,0,0,0,1,0,0,5.75794E+20,5.36847E+21,1.00253E+16,4.84648E+16
115848,115849,8,1,27,76,2016,7,20,4,3,0,1,0,0,1,0,0,0,0,0,5.5444E+20,5.43999E+21,9.74596E+15,4.91103E+16
115849,115850,8,3,17,65,2016,7,8,3,3,5,3,0,0,1,1,0,0,0,0,4.15832E+20,5.35449E+21,7.86423E+15,4.8338E+16
115850,115851,8,1,16,54,2016,7,19,3,2,0,1,0,0,1,0,0,0,0,0,5.33682E+20,5.38187E+21,9.45675E+15,4.85891E+16
115851,115852,8,1,16,33,2016,7,19,2,3,6,4,0,0,1,0,1,0,0,0,5.32586E+20,5.38835E+21,9.44239E+15,4.86473E+16
115852,115853,8,2,22,0,2016,7,13,7,3,3,6,0,0,0,1,0,0,0,0,4.61726E+20,5.48319E+21,8.47141E+15,4.95001E+16
115853,115854,8,4,21,0,2016,7,21,1,3,0,1,0,0,1,0,0,0,0,0,5.71956E+20,5.36203E+21,9.9723E+15,4.84073E+16
115854,115855,8,4,25,79,2016,7,9,2,3,5,3,0,0,0,1,0,0,0,1,5.55429E+20,5.37298E+21,9.75045E+15,4.85075E+16
115855,115856,8,3,11,0,2016,7,20,4,3,3,6,0,0,0,1,0,1,0,0,4.12983E+20,5.31639E+21,7.83359E+15,4.79949E+16
115856,115857,8,2,22,0,2016,7,7,3,3,6,4,0,0,0,1,1,0,0,0,4.61639E+20,5.4801E+21,8.4705E+15,4.94723E+16
115857,115858,8,4,26,19,2016,7,14,7,3,0,1,0,0,1,0,0,0,0,0,5.81016E+20,5.32041E+21,1.00867E+16,4.80319E+16
115858,115859,8,2,12,0,2016,7,17,2,3,5,3,0,0,1,1,0,0,0,0,4.52242E+20,5.42741E+21,8.34709E+15,4.89977E+16
115859,115860,8,2,12,0,2016,7,23,1,2,5,2,2,0,1,0,0,0,0,0,4.56258E+20,5.4288E+21,8.40184E+15,4.90105E+16
115860,115861,8,3,15,76,2016,7,9,2,3,5,2,0,0,0,0,0,1,0,1,3.94551E+20,5.30077E+21,7.59041E+15,4.78517E+16
115861,115862,8,2,15,109,2016,7,18,7,3,5,3,0,0,0,1,0,0,0,0,4.64209E+20,5.44038E+21,8.50953E+15,4.91152E+16
115862,115863,8,3,17,31,2016,7,18,1,3,3,6,0,0,0,1,0,1,0,0,4.18231E+20,5.36113E+21,7.8953E+15,4.8398E+16
115863,115864,8,1,15,41,2016,7,10,3,3,2,6,0,0,0,1,0,0,0,0,4.95501E+20,5.40222E+21,8.93877E+15,4.8773E+16
115864,115865,8,3,26,74,2016,7,19,2,3,3,5,0,0,0,1,0,0,0,0,4.59213E+20,5.32415E+21,8.45249E+15,4.80694E+16
115865,115866,8,1,11,0,2016,7,18,2,3,1,7,0,0,1,0,0,0,0,1,5.10792E+20,5.4004E+21,9.14683E+15,4.87565E+16
115866,115867,8,2,15,108,2016,7,15,7,2,0,7,0,0,1,0,0,0,0,0,4.48032E+20,5.42346E+21,8.29003E+15,4.89618E+16
115867,115868,8,3,26,74,2016,7,18,1,3,5,3,0,0,1,1,0,0,0,0,4.59632E+20,5.32328E+21,8.4582E+15,4.80615E+16
115868,115869,8,3,36,6,2016,7,7,2,3,5,3,0,0,1,1,0,0,0,0,3.9127E+20,5.28584E+21,7.5503E+15,4.77168E+16
115869,115870,8,2,12,0,2016,7,20,4,3,0,7,0,0,1,0,0,0,0,0,4.48857E+20,5.42749E+21,8.3008E+15,4.89982E+16
115870,115871,8,2,21,0,2016,7,21,3,3,5,3,0,0,1,1,0,0,0,0,4.77049E+20,5.46973E+21,8.6838E+15,4.93798E+16
115871,115872,8,4,25,28,2016,7,9,7,3,0,1,0,0,1,0,0,0,0,0,5.79644E+20,5.33986E+21,1.0072E+16,4.8207E+16
115872,115873,8,2,21,0,2016,7,12,2,3,6,4,0,0,0,1,1,0,0,0,4.76528E+20,5.47413E+21,8.67636E+15,4.94194E+16
115873,115874,8,1,36,10,2016,7,20,1,3,8,1,0,0,1,0,0,0,0,0,5.99241E+20,5.41305E+21,1.03531E+16,4.88624E+16
115874,115875,8,3,11,0,2016,7,7,2,3,5,3,0,0,1,1,0,0,0,0,4.14506E+20,5.31544E+21,7.85419E+15,4.79865E+16
115875,115876,8,2,12,0,2016,7,21,7,3,2,7,1,0,1,1,0,0,0,0,4.51676E+20,5.42838E+21,8.33923E+15,4.90064E+16
115876,115877,8,2,12,0,2016,7,21,7,3,0,1,1,0,0,0,0,1,0,0,4.56396E+20,5.42825E+21,8.40378E+15,4.90056E+16
115877,115878,8,1,11,0,2016,7,13,4,3,2,6,0,0,0,1,0,1,0,0,5.12524E+20,5.40814E+21,9.17063E+15,4.88261E+16
115878,115879,8,2,22,0,2016,7,7,4,3,2,6,0,0,0,1,0,0,0,0,4.61361E+20,5.48661E+21,8.46604E+15,4.95308E+16
115879,115880,8,1,35,20,2016,7,12,2,3,0,1,0,0,1,0,0,0,0,0,5.86427E+20,5.38569E+21,1.01727E+16,4.86183E+16
115880,115881,8,3,35,43,2016,7,8,3,3,5,2,0,0,1,0,0,1,0,0,5.12961E+20,5.27834E+21,9.17261E+15,4.76583E+16
115881,115882,8,1,25,96,2016,7,17,3,2,6,4,0,0,0,1,1,0,0,0,5.14733E+20,5.4508E+21,9.20228E+15,4.92098E+16
115882,115883,8,1,16,79,2016,7,12,4,3,5,3,0,0,1,1,0,0,0,0,5.33837E+20,5.37918E+21,9.45863E+15,4.85648E+16
115883,115884,8,4,25,72,2016,7,10,7,3,0,1,0,0,0,0,0,1,0,0,5.82617E+20,5.37195E+21,1.01183E+16,4.84952E+16
115884,115885,8,2,15,106,2016,7,8,2,3,5,3,0,0,0,1,0,0,0,0,4.65676E+20,5.45261E+21,8.52859E+15,4.92253E+16
115885,115886,8,4,15,60,2016,7,12,3,3,5,3,0,0,0,1,0,1,0,0,5.15046E+20,5.37877E+21,9.20392E+15,4.85618E+16
115886,115887,8,2,15,101,2016,7,2,7,3,0,1,2,0,1,0,0,0,0,0,4.6552E+20,5.42827E+21,8.52853E+15,4.90063E+16
115887,115888,8,4,37,88,2016,7,17,3,3,5,3,0,0,0,1,0,1,0,0,5.19913E+20,5.3083E+21,9.26658E+15,4.79277E+16
115888,115889,8,1,15,3,2016,7,17,4,3,5,3,0,0,0,0,0,1,0,1,5.02636E+20,5.39308E+21,9.03582E+15,4.86907E+16
115889,115890,8,3,17,65,2016,7,9,3,3,5,3,0,0,1,1,0,0,0,0,4.15982E+20,5.35452E+21,7.86624E+15,4.83382E+16
115890,115891,8,1,18,48,2016,7,14,3,3,5,3,0,0,0,1,0,0,0,0,5.12509E+20,5.41506E+21,9.17064E+15,4.88884E+16
115891,115892,8,1,18,81,2016,7,19,2,3,5,3,0,0,1,1,0,0,0,0,5.16362E+20,5.41378E+21,9.22315E+15,4.88768E+16
115892,115893,8,4,21,0,2016,7,7,6,3,5,3,0,0,1,1,0,0,0,0,5.7164E+20,5.35971E+21,9.96764E+15,4.83865E+16
115893,115894,8,1,11,0,2016,7,17,2,3,3,6,0,0,0,1,0,0,0,1,5.13366E+20,5.40334E+21,9.18196E+15,4.87829E+16
115894,115895,8,4,37,100,2016,7,14,2,3,1,5,0,0,1,1,0,0,0,0,5.3771E+20,5.31836E+21,9.5057E+15,4.80174E+16
115895,115896,8,2,31,0,2016,7,13,3,2,6,4,0,0,0,1,1,0,0,0,4.787E+20,5.41535E+21,8.70943E+15,4.88907E+16
115896,115897,8,1,21,0,2016,7,18,2,3,5,3,0,0,0,0,0,1,0,1,5.14423E+20,5.44371E+21,9.19777E+15,4.91461E+16
115897,115898,8,1,18,78,2016,7,15,7,2,8,1,0,0,0,1,0,0,0,0,5.15272E+20,5.42024E+21,9.20853E+15,4.89349E+16
115898,115899,8,1,11,0,2016,7,1,3,3,1,1,2,0,0,1,0,1,0,0,5.17501E+20,5.40519E+21,9.23832E+15,4.87994E+16
115899,115900,8,3,15,52,2016,7,0,3,3,0,1,2,0,1,0,0,0,0,1,4.33667E+20,5.30586E+21,8.11243E+15,4.79026E+16
115900,115901,8,1,19,79,2016,7,17,4,3,5,3,0,0,1,1,0,0,0,0,5.22637E+20,5.40812E+21,9.30841E+15,4.88257E+16
115901,115902,8,1,16,19,2016,7,7,3,2,6,4,0,0,0,0,1,1,0,0,5.24371E+20,5.39751E+21,9.33142E+15,4.87301E+16
115902,115903,8,3,36,91,2016,7,15,2,3,1,5,0,0,0,1,0,1,0,0,3.94346E+20,5.27164E+21,7.59473E+15,4.75896E+16
115903,115904,8,1,16,19,2016,7,19,2,3,0,7,0,0,0,0,0,1,0,0,5.26537E+20,5.39671E+21,9.36082E+15,4.87229E+16
115904,115905,8,1,36,19,2016,7,1,7,3,0,1,2,0,0,0,0,1,0,0,5.82541E+20,5.42351E+21,1.01276E+16,4.8959E+16
115905,115906,8,4,16,41,2016,7,4,1,3,0,7,2,0,1,0,0,0,0,0,5.03578E+20,5.37378E+21,9.04846E+15,4.85171E+16
115906,115907,8,4,15,61,2016,7,12,2,3,2,6,0,0,0,1,0,0,0,0,5.17023E+20,5.36996E+21,9.23037E+15,4.84826E+16
115907,115908,8,3,11,0,2016,7,12,4,3,1,2,0,0,0,1,0,0,0,0,4.12038E+20,5.31475E+21,7.82126E+15,4.798E+16
115908,115909,8,2,22,0,2016,7,19,3,2,5,3,0,0,0,1,0,0,0,1,4.63721E+20,5.48019E+21,8.49924E+15,4.94733E+16
115909,115910,8,4,16,41,2016,7,11,7,2,5,3,0,0,1,1,0,0,0,0,5.01746E+20,5.37437E+21,9.02365E+15,4.85224E+16
115910,115911,8,2,31,0,2016,7,9,2,3,1,5,0,0,0,1,0,0,0,0,4.77786E+20,5.41508E+21,8.69697E+15,4.88883E+16
115911,115912,8,3,17,65,2016,7,15,2,3,9,7,0,0,1,0,0,0,0,0,4.16539E+20,5.35489E+21,7.87369E+15,4.83417E+16
115912,115913,8,1,35,31,2016,7,19,7,3,1,6,0,0,0,0,0,1,0,0,5.94825E+20,5.37882E+21,1.0285E+16,4.85553E+16
115913,115914,8,3,25,49,2016,7,22,1,2,9,1,1,0,0,0,0,1,0,0,4.71709E+20,5.33618E+21,8.61943E+15,4.81783E+16
115914,115915,8,2,26,41,2016,7,12,4,3,1,5,0,0,1,1,0,0,0,0,4.76458E+20,5.46523E+21,8.67593E+15,4.93393E+16
115915,115916,8,2,15,17,2016,7,7,3,3,4,2,0,0,0,0,0,1,1,0,4.55046E+20,5.42113E+21,8.38611E+15,4.89415E+16
115916,115917,8,1,18,19,2016,7,11,4,3,5,3,0,0,0,1,0,0,0,0,5.05444E+20,5.40575E+21,9.07414E+15,4.88047E+16
115917,115918,8,4,15,61,2016,7,2,7,2,0,1,2,0,0,0,0,1,0,0,5.15664E+20,5.37102E+21,9.21201E+15,4.84921E+16
115918,115919,8,2,22,0,2016,7,21,2,3,0,7,0,0,1,0,0,0,0,0,4.61559E+20,5.48218E+21,8.4692E+15,4.9491E+16
115919,115920,8,4,16,41,2016,7,17,3,3,4,2,0,0,0,1,0,0,0,0,5.03087E+20,5.37469E+21,9.04181E+15,4.85253E+16
115920,115921,8,1,35,16,2016,7,1,1,3,4,6,2,0,1,0,0,1,0,0,5.91626E+20,5.38659E+21,1.02434E+16,4.86257E+16
115921,115922,8,2,12,0,2016,7,8,2,3,1,5,0,0,1,1,0,0,0,0,4.56593E+20,5.42878E+21,8.40642E+15,4.90104E+16
115922,115923,8,1,19,87,2016,7,10,7,2,4,2,0,0,0,1,0,1,0,0,5.30258E+20,5.4248E+21,9.41348E+15,4.89754E+16
115923,115924,8,1,27,43,2016,7,14,1,2,4,1,0,0,0,1,0,1,0,0,5.64019E+20,5.44151E+21,9.87743E+15,4.91231E+16
115924,115925,8,3,11,0,2016,7,13,2,3,8,1,0,0,1,0,0,0,0,0,4.13047E+20,5.3182E+21,7.83408E+15,4.80112E+16
115925,115926,8,1,18,14,2016,7,18,7,3,4,6,0,0,0,1,0,1,0,0,5.21764E+20,5.42147E+21,9.29724E+15,4.89458E+16
115926,115927,8,3,15,111,2016,7,13,1,3,8,1,0,0,0,0,0,0,0,1,4.00537E+20,5.29957E+21,7.67068E+15,4.78418E+16
115927,115928,8,1,15,42,2016,7,10,4,3,5,7,0,0,0,1,0,0,0,0,4.9663E+20,5.4062E+21,8.9541E+15,4.88088E+16
115928,115929,8,2,26,96,2016,7,9,4,3,5,3,0,0,0,1,0,1,0,0,4.74951E+20,5.48844E+21,8.65371E+15,4.95481E+16
115929,115930,8,3,35,43,2016,7,10,7,2,7,7,0,0,1,0,0,0,0,0,5.11343E+20,5.28181E+21,9.15116E+15,4.76896E+16
115930,115931,8,2,15,7,2016,7,10,2,3,5,3,0,0,1,1,0,0,0,0,4.77927E+20,5.43167E+21,8.69799E+15,4.90376E+16
115931,115932,8,3,36,91,2016,7,17,3,3,4,2,0,0,1,0,0,0,0,1,3.9669E+20,5.27206E+21,7.62581E+15,4.75938E+16