FID,OBJECTID,ULAND,UREGBEZ,UKREIS,UGEMEINDE,UJAHR,UMONAT,USTUNDE,UWOCHENTAG,UKATEGORIE,UART,UTYP1,ULICHTVERH,IstStrasse,IstRad,IstPKW,IstFuss,IstKrad,IstGkfz,IstSonstig,LINREFX,LINREFY,XGCSWGS84,YGCSWGS84
116110,116111,8,2,22,0,2016,7,8,6,2,0,7,0,0,1,0,0,0,0,0,4.62407E+20,5.48607E+21,8.48054E+15,4.95261E+16
116111,116112,8,2,21,0,2016,7,9,2,3,5,3,0,0,1,0,0,0,0,1,4.76702E+20,5.47181E+21,8.6789E+15,4.93985E+16
116112,116113,8,3,35,43,2016,7,17,5,2,5,3,0,0,1,1,0,0,0,0,5.1263E+20,5.28006E+21,9.16826E+15,4.76738E+16
116113,116114,8,2,15,106,2016,7,14,6,3,2,6,0,0,1,1,0,0,0,0,4.63788E+20,5.45509E+21,8.50245E+15,4.92475E+16
116114,116115,8,3,17,39,2016,7,18,4,3,5,3,0,0,1,0,0,0,0,1,4.40366E+20,5.34714E+21,8.19629E+15,4.82747E+16
116115,116116,8,3,15,48,2016,7,16,5,2,5,2,0,0,0,1,0,1,0,0,3.98445E+20,5.30953E+21,7.6404E+15,4.7931E+16
116116,116117,8,1,17,26,2016,7,14,5,3,5,3,0,0,0,1,0,0,0,0,5.48596E+20,5.39401E+21,9.66041E+15,4.86972E+16
116117,116118,8,4,36,81,2016,7,12,6,2,5,3,0,0,1,1,0,0,0,0,5.58957E+20,5.28311E+21,9.78579E+15,4.76987E+16
116118,116119,8,3,35,63,2016,7,12,7,3,5,2,0,0,1,1,0,0,0,0,4.97338E+20,5.28775E+21,8.96449E+15,4.77431E+16
116119,116120,8,3,11,0,2016,7,13,5,3,5,3,0,0,1,1,0,0,0,0,4.13145E+20,5.3184E+21,7.83535E+15,4.8013E+16
116120,116121,8,2,21,0,2016,7,15,7,3,0,1,0,0,1,0,0,0,0,0,4.76492E+20,5.47286E+21,8.67595E+15,4.94079E+16
116121,116122,8,1,16,33,2016,7,22,5,3,1,1,2,0,1,1,0,0,0,0,5.34048E+20,5.38738E+21,9.46217E+15,4.86385E+16
116122,116123,8,1,11,0,2016,7,19,7,2,1,7,0,0,0,1,0,0,0,1,5.13725E+20,5.40234E+21,9.1868E+15,4.87739E+16
116123,116124,8,2,31,0,2016,7,23,6,3,8,1,2,1,0,1,0,0,0,0,4.76389E+20,5.413E+21,8.67803E+15,4.88695E+16
116124,116125,8,1,15,3,2016,7,19,6,3,9,1,1,1,0,1,0,0,0,0,5.00411E+20,5.38996E+21,9.00558E+15,4.86627E+16
116125,116126,8,2,21,0,2016,7,23,6,3,5,3,2,1,1,1,0,0,0,0,4.7871E+20,5.47305E+21,8.7065E+15,4.94097E+16
116126,116127,8,3,35,43,2016,7,19,5,2,5,3,0,0,1,1,0,0,0,0,5.12895E+20,5.27929E+21,9.17177E+15,4.76669E+16
116127,116128,8,1,36,65,2016,7,20,6,3,1,5,0,0,0,1,0,0,0,0,5.59771E+20,5.40448E+21,9.81378E+15,4.87904E+16
116128,116129,8,3,17,88,2016,7,19,4,2,2,6,0,0,1,0,0,0,0,0,4.37761E+20,5.35514E+21,8.16E+15,4.83463E+16
116129,116130,8,2,12,0,2016,7,17,5,3,5,3,0,0,0,1,0,0,0,0,4.60333E+20,5.42513E+21,8.45792E+15,4.89778E+16
116130,116131,8,1,16,33,2016,7,13,5,3,5,3,0,1,0,1,0,0,0,0,5.33708E+20,5.3871E+21,9.45753E+15,4.8636E+16
116131,116132,8,1,15,45,2016,7,13,5,3,1,6,0,0,0,1,0,0,0,0,4.99657E+20,5.39522E+21,8.99534E+15,4.871E+16
116132,116133,8,1,19,86,2016,7,13,2,3,0,1,0,0,1,0,0,0,0,0,5.35202E+20,5.40513E+21,9.47935E+15,4.87981E+16
116133,116134,8,1,18,12,2016,7,21,6,3,1,5,2,1,0,1,0,0,0,0,4.97248E+20,5.41397E+21,8.96247E+15,4.88787E+16
116134,116135,8,3,37,116,2016,7,19,1,3,5,2,0,0,1,1,0,0,0,0,4.17702E+20,5.27575E+21,7.90455E+15,4.76299E+16
116135,116136,8,1,35,19,2016,7,18,1,3,1,6,0,0,0,1,0,0,0,0,5.8534E+20,5.39481E+21,1.01598E+16,4.87005E+16
116136,116137,8,1,36,88,2016,7,13,2,3,0,3,0,0,1,1,0,0,0,0,5.80107E+20,5.40975E+21,1.00916E+16,4.88355E+16
116137,116138,8,3,35,43,2016,7,15,5,3,5,2,0,0,1,1,0,0,0,0,5.1296E+20,5.27834E+21,9.1726E+15,4.76583E+16
116138,116139,8,1,35,19,2016,7,7,6,2,3,2,0,0,1,1,0,0,0,0,5.84588E+20,5.39138E+21,1.01489E+16,4.86698E+16
116139,116140,8,1,11,0,2016,7,7,2,3,0,2,0,0,0,1,0,0,0,1,5.1335E+20,5.40334E+21,9.18173E+15,4.87829E+16
116140,116141,8,1,15,3,2016,7,17,5,3,0,4,0,0,0,1,1,0,0,0,5.01518E+20,5.39171E+21,9.02062E+15,4.86784E+16
116141,116142,8,3,11,0,2016,7,10,2,3,5,3,0,0,1,0,0,0,0,0,4.13796E+20,5.31505E+21,7.84476E+15,4.7983E+16
116142,116143,8,1,18,46,2016,7,9,2,3,5,3,0,0,1,1,0,0,0,0,5.13291E+20,5.41092E+21,9.18118E+15,4.88511E+16
116143,116144,8,3,11,0,2016,7,0,1,3,0,1,2,1,1,0,0,0,0,0,4.13743E+20,5.31648E+21,7.84376E+15,4.79958E+16
116144,116145,8,1,11,0,2016,7,19,1,3,6,4,0,0,0,1,1,0,0,0,5.1141E+20,5.40354E+21,9.15533E+15,4.87848E+16
116145,116146,8,2,12,0,2016,7,8,7,3,1,5,0,0,0,1,0,0,0,1,4.52919E+20,5.42834E+21,8.35623E+15,4.90062E+16
116146,116147,8,1,15,3,2016,7,12,5,3,8,1,0,1,0,0,0,0,1,0,5.00855E+20,5.39266E+21,9.01161E+15,4.8687E+16
116147,116148,8,2,15,84,2016,7,18,7,3,5,3,0,0,0,1,0,0,0,0,4.72179E+20,5.44736E+21,8.61826E+15,4.91784E+16
116148,116149,8,3,15,76,2016,7,0,6,2,5,3,2,0,1,0,0,1,0,0,3.9229E+20,5.29698E+21,7.56114E+15,4.78172E+16
116149,116150,8,2,25,109,2016,7,13,6,3,5,3,0,0,1,1,0,0,0,0,5.26624E+20,5.49238E+21,9.36833E+15,4.95834E+16
116150,116151,8,3,17,31,2016,7,15,7,3,0,4,0,0,0,1,1,0,0,0,4.18617E+20,5.35865E+21,7.90099E+15,4.83757E+16
116151,116152,8,3,17,11,2016,7,15,2,3,5,3,0,0,0,1,0,0,0,0,4.28476E+20,5.35515E+21,8.03471E+15,4.83455E+16
116152,116153,8,1,15,3,2016,7,12,5,3,0,1,0,1,1,0,0,0,0,0,5.00208E+20,5.39297E+21,9.00283E+15,4.86898E+16
116153,116154,8,3,35,43,2016,7,17,6,3,5,3,0,1,1,1,0,0,0,0,5.12089E+20,5.2799E+21,9.16105E+15,4.76724E+16
116154,116155,8,2,31,0,2016,7,17,6,3,0,2,0,0,0,0,1,0,0,1,4.77949E+20,5.4156E+21,8.69916E+15,4.88929E+16
116155,116156,8,2,31,0,2016,7,17,2,2,5,3,0,0,0,1,0,1,0,0,4.79094E+20,5.41616E+21,8.71476E+15,4.8898E+16
116156,116157,8,4,35,59,2016,7,17,7,3,5,3,0,0,1,1,0,0,0,0,5.12761E+20,5.28988E+21,9.17028E+15,4.77622E+16
116157,116158,8,2,12,0,2016,7,9,5,3,6,4,0,0,0,0,1,0,0,1,4.56884E+20,5.4277E+21,8.41051E+15,4.90007E+16
116158,116159,8,2,22,0,2016,7,19,7,3,5,3,0,0,0,1,0,0,0,0,4.63298E+20,5.47742E+21,8.49366E+15,4.94483E+16
116159,116160,8,1,11,0,2016,7,15,5,3,6,7,0,0,0,1,1,0,0,0,5.18304E+20,5.40281E+21,9.24914E+15,4.87781E+16
116160,116161,8,1,16,80,2016,7,18,7,3,1,5,0,1,1,1,0,0,0,0,5.22229E+20,5.39536E+21,9.30216E+15,4.87109E+16
116161,116162,8,2,12,0,2016,7,11,6,3,0,2,0,0,0,1,0,1,0,0,4.54765E+20,5.42751E+21,8.38156E+15,4.89988E+16
116162,116163,8,1,11,0,2016,7,21,6,3,5,2,2,1,0,1,0,0,0,0,5.14651E+20,5.40929E+21,9.19966E+15,4.88364E+16
116163,116164,8,2,22,0,2016,7,17,6,2,5,2,0,0,0,1,0,0,0,0,4.63613E+20,5.48539E+21,8.49726E+15,4.952E+16
116164,116165,8,3,27,49,2016,7,4,5,3,7,1,2,1,1,0,0,0,0,0,4.73762E+20,5.32382E+21,8.64781E+15,4.80671E+16
116165,116166,8,2,12,0,2016,7,20,6,3,0,1,0,1,1,0,0,0,0,0,4.51837E+20,5.42972E+21,8.34127E+15,4.90185E+16
116166,116167,8,2,26,84,2016,7,8,2,3,5,2,0,0,1,1,0,0,0,0,4.69855E+20,5.46969E+21,8.5847E+15,4.93792E+16
116167,116168,8,2,12,0,2016,7,17,5,3,4,6,0,0,1,0,0,0,0,0,4.57056E+20,5.42847E+21,8.41278E+15,4.90076E+16
116168,116169,8,1,11,0,2016,7,10,5,3,2,6,0,0,0,1,0,0,0,0,5.09565E+20,5.39662E+21,9.13005E+15,4.87226E+16
116169,116170,8,1,11,0,2016,7,15,7,2,5,7,0,0,1,0,0,0,0,0,5.08588E+20,5.39633E+21,9.11676E+15,4.87199E+16
116170,116171,8,1,11,0,2016,7,11,6,3,5,2,0,0,1,1,0,0,0,0,5.16687E+20,5.40563E+21,9.22725E+15,4.88034E+16
116171,116172,8,2,16,43,2016,7,23,6,2,4,2,2,1,0,1,0,1,0,0,4.41373E+20,5.41216E+21,8.2007E+15,4.88596E+16
116172,116173,8,2,16,43,2016,7,11,2,3,5,2,0,0,0,1,0,1,0,0,4.41625E+20,5.41245E+21,8.20408E+15,4.88623E+16
116173,116174,8,3,26,74,2016,7,12,5,3,6,4,0,0,0,1,1,0,0,0,4.59251E+20,5.32334E+21,8.45308E+15,4.80621E+16
116174,116175,8,1,36,88,2016,7,13,6,3,4,2,0,0,0,1,0,0,0,0,5.80837E+20,5.40969E+21,1.01016E+16,4.88349E+16
116175,116176,8,1,16,33,2016,7,16,2,3,2,6,0,0,0,1,0,0,0,0,5.33402E+20,5.38791E+21,9.45345E+15,4.86434E+16
116176,116177,8,3,17,96,2016,7,22,4,2,5,2,2,0,0,1,0,0,0,0,4.2272E+20,5.36893E+21,7.95449E+15,4.84688E+16
116177,116178,8,2,26,54,2016,7,7,5,3,9,1,0,1,0,0,0,1,0,0,4.7852E+20,5.45286E+21,8.70498E+15,4.92281E+16
116178,116179,8,3,35,43,2016,7,12,4,2,6,4,0,0,0,0,1,0,0,1,5.13932E+20,5.28004E+21,9.18559E+15,4.76736E+16
116179,116180,8,3,11,0,2016,7,18,4,3,5,3,0,0,0,1,0,0,0,0,4.11314E+20,5.31706E+21,7.81109E+15,4.80007E+16
116180,116181,8,2,26,82,2016,7,8,5,2,5,3,0,1,1,1,0,0,0,0,4.74998E+20,5.48031E+21,8.65488E+15,4.94749E+16
116181,116182,8,4,37,123,2016,7,5,4,3,8,6,0,0,0,1,0,0,0,1,5.10636E+20,5.31013E+21,9.14243E+15,4.79444E+16
116182,116183,8,4,35,36,2016,7,21,6,3,8,1,2,0,0,0,0,1,0,0,5.21173E+20,5.28232E+21,9.28218E+15,4.76939E+16
116183,116184,8,1,35,19,2016,7,19,2,3,1,7,0,0,0,1,0,1,0,0,5.84082E+20,5.39152E+21,1.01421E+16,4.86711E+16
116184,116185,8,3,26,5,2016,7,18,5,3,5,3,0,0,1,1,0,0,0,0,4.65716E+20,5.29843E+21,8.54183E+15,4.78383E+16
116185,116186,8,1,19,20,2016,7,15,6,3,0,1,0,0,1,0,0,0,0,0,5.19757E+20,5.40805E+21,9.26917E+15,4.88252E+16
116186,116187,8,4,35,29,2016,7,15,1,2,0,1,0,0,1,0,0,0,0,0,5.46026E+20,5.2715E+21,9.61224E+15,4.75953E+16
116187,116188,8,2,25,117,2016,7,18,1,3,4,2,0,0,0,1,0,0,0,0,5.16001E+20,5.47224E+21,9.22055E+15,4.94027E+16
116188,116189,8,3,26,31,2016,7,13,7,3,0,7,0,0,1,0,0,0,0,1,4.58198E+20,5.33129E+21,8.43817E+15,4.81335E+16
116189,116190,8,4,36,49,2016,7,7,4,3,4,2,0,0,0,1,0,1,0,0,5.77456E+20,5.28226E+21,1.00322E+16,4.76891E+16
116190,116191,8,4,16,31,2016,7,12,6,3,4,7,0,0,1,1,0,0,0,0,5.02454E+20,5.36297E+21,9.03317E+15,4.84199E+16
116191,116192,8,2,12,0,2016,7,9,2,3,5,2,0,0,1,0,0,1,0,0,4.55647E+20,5.42833E+21,8.39354E+15,4.90062E+16
116192,116193,8,1,17,19,2016,7,7,2,3,5,3,0,0,1,1,0,0,0,0,5.5221E+20,5.3947E+21,9.7096E+15,4.87031E+16
116193,116194,8,3,15,15,2016,7,17,2,3,5,3,0,0,0,1,0,0,0,0,4.00645E+20,5.31559E+21,7.66843E+15,4.79859E+16
116194,116195,8,4,35,16,2016,7,18,4,3,5,3,0,0,1,1,0,0,0,0,5.36731E+20,5.2797E+21,9.48929E+15,4.76696E+16
116195,116196,8,1,18,48,2016,7,12,2,3,5,7,0,0,1,1,0,0,0,0,5.15506E+20,5.41562E+21,9.21155E+15,4.88933E+16
116196,116197,8,3,25,49,2016,7,15,5,3,1,6,0,0,0,1,0,0,0,0,4.72548E+20,5.33409E+21,8.63084E+15,4.81594E+16
116197,116198,8,3,26,3,2016,7,14,1,3,6,6,0,0,1,0,1,0,0,0,4.65082E+20,5.3197E+21,8.53164E+15,4.80297E+16
116198,116199,8,1,18,60,2016,7,2,1,3,5,3,2,0,0,1,0,0,0,0,5.23518E+20,5.4302E+21,9.3217E+15,4.90242E+16
116199,116200,8,3,17,65,2016,7,14,7,2,4,6,0,0,0,1,0,0,0,0,4.15708E+20,5.35452E+21,7.86256E+15,4.83382E+16
116200,116201,8,3,17,96,2016,7,11,2,2,5,2,0,0,0,1,0,1,0,0,4.22277E+20,5.37044E+21,7.94822E+15,4.84823E+16
116201,116202,8,4,21,0,2016,7,6,4,3,5,3,0,0,1,1,0,0,0,0,5.7064E+20,5.36111E+21,9.95437E+15,4.83992E+16
116202,116203,8,3,25,49,2016,7,19,6,3,6,6,0,1,0,1,1,0,0,0,4.72383E+20,5.33508E+21,8.62857E+15,4.81684E+16
116203,116204,8,2,26,76,2016,7,11,6,3,1,2,0,0,1,1,0,0,0,0,4.75159E+20,5.46553E+21,8.65802E+15,4.9342E+16
116204,116205,8,2,36,28,2016,7,19,2,3,6,4,0,0,1,0,1,0,0,0,4.93973E+20,5.42242E+21,8.91768E+15,4.89547E+16
116205,116206,8,3,36,50,2016,7,12,7,3,0,1,0,0,1,0,0,0,0,0,4.0099E+20,5.27632E+21,7.68202E+15,4.76327E+16
116206,116207,8,2,26,32,2016,7,11,5,3,5,3,0,1,0,1,0,0,0,0,4.6817E+20,5.46272E+21,8.56204E+15,4.93164E+16
116207,116208,8,2,21,0,2016,7,12,7,3,5,3,0,0,0,1,0,0,0,0,4.76604E+20,5.47151E+21,8.67757E+15,4.93958E+16
116208,116209,8,2,15,108,2016,7,8,1,3,1,5,0,0,1,1,0,0,0,0,4.48466E+20,5.42324E+21,8.29599E+15,4.896E+16
116209,116210,8,4,37,104,2016,7,12,7,3,2,6,0,0,1,1,0,0,0,0,5.16518E+20,5.32596E+21,9.22181E+15,4.80867E+16
116210,116211,8,2,26,85,2016,7,10,7,3,5,3,0,0,0,1,0,1,0,0,4.91135E+20,5.45511E+21,8.8782E+15,4.92487E+16
116211,116212,8,4,26,70,2016,7,8,4,2,0,2,0,0,1,1,0,0,0,0,5.65343E+20,5.3431E+21,9.88002E+15,4.82378E+16
116212,116213,8,1,36,88,2016,7,3,7,3,6,7,2,0,0,1,1,0,0,0,5.8031E+20,5.40987E+21,1.00944E+16,4.88366E+16
116213,116214,8,3,11,0,2016,7,16,6,3,5,3,0,1,0,1,0,0,0,1,4.11218E+20,5.3183E+21,7.80954E+15,4.80118E+16
116214,116215,8,1,11,0,2016,7,17,6,3,1,5,0,0,1,1,0,0,0,0,5.14129E+20,5.40895E+21,9.19253E+15,4.88334E+16
116215,116216,8,2,26,37,2016,7,17,6,2,6,4,0,0,0,1,1,0,0,0,4.66256E+20,5.46868E+21,8.5352E+15,4.93699E+16
116216,116217,8,2,22,0,2016,7,11,2,3,0,3,0,0,1,0,0,0,0,1,4.63232E+20,5.48392E+21,8.49213E+15,4.95068E+16
116217,116218,8,2,16,43,2016,7,18,6,2,8,1,0,0,1,0,0,0,0,0,4.41652E+20,5.41167E+21,8.20457E+15,4.88553E+16
116218,116219,8,2,22,0,2016,7,18,5,3,2,6,0,0,0,1,0,0,0,0,4.63431E+20,5.47777E+21,8.49546E+15,4.94515E+16
116219,116220,8,4,17,2,2016,7,18,4,3,6,4,0,0,0,1,1,0,0,0,4.90954E+20,5.34658E+21,8.87809E+15,4.82724E+16
116220,116221,8,4,36,49,2016,7,14,6,3,0,7,0,0,1,0,0,0,0,0,5.78233E+20,5.28322E+21,1.00427E+16,4.76976E+16
116221,116222,8,2,12,0,2016,7,13,2,3,2,6,0,0,0,1,0,0,0,1,4.54302E+20,5.42836E+21,8.37514E+15,4.90064E+16
116222,116223,8,3,25,11,2016,7,17,5,3,5,3,0,0,0,1,0,0,0,0,4.72529E+20,5.33976E+21,8.63022E+15,4.82105E+16
116223,116224,8,4,16,25,2016,7,10,4,2,1,2,0,0,0,1,0,0,0,1,5.04211E+20,5.36141E+21,9.0569E+15,4.84058E+16
116224,116225,8,1,15,51,2016,7,8,7,3,4,6,0,0,0,1,0,0,0,0,5.04033E+20,5.38588E+21,9.05474E+15,4.8626E+16
116225,116226,8,2,31,0,2016,7,6,6,3,1,7,0,0,0,1,0,0,0,0,4.77536E+20,5.41568E+21,8.69353E+15,4.88937E+16
116226,116227,8,4,36,64,2016,7,23,5,1,0,1,2,0,1,0,0,0,0,0,5.46744E+20,5.2925E+21,9.62403E+15,4.77842E+16
116227,116228,8,2,26,18,2016,7,10,6,3,1,5,0,0,0,1,0,0,0,0,4.73521E+20,5.47232E+21,8.63502E+15,4.9403E+16
116228,116229,8,3,17,41,2016,7,20,5,3,0,1,0,0,0,0,0,1,0,0,4.38186E+20,5.34819E+21,8.16675E+15,4.82839E+16
116229,116230,8,2,15,99,2016,7,19,6,3,0,7,0,0,0,0,0,1,0,0,4.623E+20,5.44519E+21,8.48292E+15,4.91584E+16
116230,116231,8,3,36,50,2016,7,17,4,3,5,3,0,0,1,1,0,0,0,0,3.9866E+20,5.27295E+21,7.65179E+15,4.76021E+16
116231,116232,8,2,26,28,2016,7,15,5,3,5,3,0,0,0,1,0,0,0,0,4.72007E+20,5.48459E+21,8.61329E+15,4.95133E+16
116232,116233,8,4,15,61,2016,7,15,4,3,0,7,0,0,0,0,0,1,0,0,5.15077E+20,5.37526E+21,9.20423E+15,4.85303E+16
116233,116234,8,4,26,70,2016,7,9,6,2,6,4,0,0,0,1,1,0,0,0,5.65445E+20,5.34195E+21,9.88121E+15,4.82274E+16
116234,116235,8,1,35,32,2016,7,9,2,2,6,4,0,0,0,0,1,0,0,1,5.79352E+20,5.39324E+21,1.00782E+16,4.86872E+16
116235,116236,8,3,17,96,2016,7,7,5,3,5,3,0,0,1,1,0,0,0,0,4.21389E+20,5.36983E+21,7.93633E+15,4.84767E+16
116236,116237,8,1,19,20,2016,7,11,6,3,6,4,0,0,0,0,1,0,0,1,5.20077E+20,5.40707E+21,9.27348E+15,4.88163E+16
116237,116238,8,4,25,71,2016,7,2,1,3,1,5,2,0,0,1,0,1,0,0,5.54813E+20,5.37174E+21,9.74195E+15,4.84964E+16
116238,116239,8,2,12,0,2016,7,1,1,2,0,7,2,0,1,0,0,0,0,0,4.55634E+20,5.42858E+21,8.39332E+15,4.90085E+16
116239,116240,8,3,25,49,2016,7,14,7,2,5,3,0,0,1,0,0,0,0,1,4.72204E+20,5.33321E+21,8.62628E+15,4.81515E+16
116240,116241,8,3,25,45,2016,7,15,2,3,1,6,0,0,0,1,0,0,0,0,4.72327E+20,5.34965E+21,8.62686E+15,4.82994E+16
116241,116242,8,4,15,61,2016,7,16,4,3,6,4,0,0,0,1,1,0,0,0,5.16311E+20,5.37083E+21,9.22076E+15,4.84904E+16
116242,116243,8,1,35,20,2016,7,23,6,2,0,1,2,0,1,0,0,0,0,0,5.86072E+20,5.38602E+21,1.01679E+16,4.86213E+16
116243,116244,8,1,15,21,2016,7,18,2,3,0,7,0,0,1,0,0,0,0,0,4.89666E+20,5.3819E+21,8.85987E+15,4.85901E+16
116244,116245,8,2,16,59,2016,7,12,5,3,0,7,0,0,0,0,0,0,0,1,4.524E+20,5.3976E+21,8.35271E+15,4.87296E+16
116245,116246,8,4,15,61,2016,7,8,4,3,2,2,0,0,0,1,0,0,0,0,5.11115E+20,5.36906E+21,9.15039E+15,4.84746E+16
116246,116247,8,3,11,0,2016,7,8,2,3,0,7,0,0,1,0,0,0,0,0,4.14998E+20,5.31702E+21,7.86048E+15,4.80008E+16
116247,116248,8,1,18,48,2016,7,7,2,2,0,1,0,0,0,0,0,1,0,0,5.15477E+20,5.41463E+21,9.21112E+15,4.88844E+16
116248,116249,8,3,15,7,2016,7,22,1,3,8,1,2,0,0,0,0,1,0,0,4.00579E+20,5.29241E+21,7.67288E+15,4.77774E+16
116249,116250,8,1,11,0,2016,7,4,1,3,1,1,2,0,0,1,0,0,0,0,5.18023E+20,5.40221E+21,9.2453E+15,4.87726E+16
116250,116251,8,3,11,0,2016,7,20,7,3,1,5,0,0,0,1,0,0,0,1,4.13583E+20,5.31904E+21,7.84109E+15,4.80188E+16
116251,116252,8,4,15,50,2016,7,6,4,3,0,2,0,0,1,0,0,0,0,1,5.22016E+20,5.37579E+21,9.29824E+15,4.85348E+16
116252,116253,8,3,17,141,2016,7,16,6,2,0,3,0,0,0,0,0,1,0,1,4.20394E+20,5.37673E+21,7.92155E+15,4.85386E+16
116253,116254,8,2,26,68,2016,7,9,6,3,2,1,0,0,0,1,0,0,0,0,4.69209E+20,5.46032E+21,8.57652E+15,4.92948E+16
116254,116255,8,2,26,84,2016,7,7,2,3,5,3,0,0,1,1,0,0,0,0,4.6682E+20,5.46774E+21,8.54305E+15,4.93615E+16
116255,116256,8,3,35,43,2016,7,10,6,3,0,1,0,0,1,0,0,0,0,0,5.13031E+20,5.27935E+21,9.17358E+15,4.76674E+16
116256,116257,8,2,31,0,2016,7,21,6,3,1,6,2,1,0,1,0,0,0,0,4.78939E+20,5.41689E+21,8.7126E+15,4.89046E+16
116257,116258,8,2,36,43,2016,7,17,2,2,4,6,0,0,1,0,0,1,0,0,4.70557E+20,5.40969E+21,8.59874E+15,4.88395E+16
116258,116259,8,4,35,59,2016,7,9,7,3,0,7,0,0,1,0,0,0,0,0,5.14528E+20,5.28882E+21,9.19384E+15,4.77526E+16
116259,116260,8,2,22,0,2016,7,11,7,3,3,6,0,0,0,1,0,0,0,0,4.62199E+20,5.48132E+21,8.47812E+15,4.94833E+16
116260,116261,8,1,25,56,2016,7,15,7,3,0,7,0,0,1,1,0,0,0,0,5.10919E+20,5.43591E+21,9.14951E+15,4.9076E+16
116261,116262,8,2,12,0,2016,7,15,6,3,2,2,0,0,0,1,0,1,0,0,4.59823E+20,5.4287E+21,8.4506E+15,4.90099E+16
116262,116263,8,4,36,64,2016,7,15,5,3,0,1,0,0,0,0,0,1,0,0,5.45699E+20,5.29151E+21,9.60998E+15,4.77753E+16
116263,116264,8,2,22,0,2016,7,16,6,3,2,6,0,0,0,1,0,0,0,0,4.64507E+20,5.48292E+21,8.50984E+15,4.94979E+16
116264,116265,8,3,17,96,2016,7,11,5,2,8,7,0,0,0,1,0,0,0,0,4.21238E+20,5.36771E+21,7.93468E+15,4.84576E+16
116265,116266,8,2,15,7,2016,7,12,6,3,1,5,0,0,1,0,0,1,0,0,4.7804E+20,5.43219E+21,8.69951E+15,4.90422E+16
116266,116267,8,3,36,50,2016,7,10,4,3,5,3,0,0,1,1,0,0,0,0,3.99279E+20,5.27367E+21,7.65986E+15,4.76086E+16
116267,116268,8,4,21,0,2016,7,8,3,3,5,3,0,0,0,1,0,0,0,1,5.72211E+20,5.36194E+21,9.97573E+15,4.84065E+16
116268,116269,8,2,12,0,2016,7,19,4,3,2,6,0,0,1,0,0,0,0,0,4.55413E+20,5.42868E+21,8.39029E+15,4.90094E+16
116269,116270,8,2,35,79,2016,7,14,3,2,6,4,0,0,0,0,1,0,0,1,4.66922E+20,5.40014E+21,8.54998E+15,4.87534E+16
116270,116271,8,3,11,0,2016,7,20,5,2,5,3,0,0,0,1,0,1,0,0,4.10475E+20,5.31574E+21,7.80011E+15,4.79887E+16
116271,116272,8,2,35,60,2016,7,18,4,3,0,1,0,0,1,0,0,0,0,0,4.77379E+20,5.37947E+21,8.69338E+15,4.85679E+16
116272,116273,8,4,36,82,2016,7,18,4,3,6,4,0,0,0,1,1,0,0,0,5.48413E+20,5.29503E+21,9.64659E+15,4.78068E+16
116273,116274,8,3,35,75,2016,7,13,2,2,8,1,0,1,1,0,0,0,0,0,4.86754E+20,5.28997E+21,8.82324E+15,4.7763E+16
116274,116275,8,2,22,0,2016,7,20,7,3,0,6,0,0,0,1,0,1,0,0,4.62253E+20,5.47868E+21,8.47912E+15,4.94596E+16
116275,116276,8,3,25,11,2016,7,15,4,3,0,1,0,0,1,0,0,0,0,0,4.73415E+20,5.34123E+21,8.64207E+15,4.82237E+16
116276,116277,8,3,17,145,2016,7,17,3,2,8,7,0,0,0,1,0,0,0,0,4.44087E+20,5.35222E+21,8.24576E+15,4.83207E+16
116277,116278,8,2,12,0,2016,7,18,4,3,5,3,0,0,1,0,0,0,0,0,4.56754E+20,5.43025E+21,8.40846E+15,4.90236E+16
116278,116279,8,2,31,0,2016,7,12,3,2,6,4,0,0,0,1,1,0,0,0,4.78379E+20,5.41486E+21,8.70508E+15,4.88863E+16
116279,116280,8,4,15,50,2016,7,14,6,3,5,3,0,0,0,1,0,0,0,0,5.22454E+20,5.37535E+21,9.30414E+15,4.85308E+16
116280,116281,8,2,36,61,2016,7,12,3,3,5,3,0,0,0,1,0,0,0,0,4.89411E+20,5.43339E+21,8.85508E+15,4.90533E+16
116281,116282,8,2,31,0,2016,7,11,7,3,4,6,0,0,1,0,0,0,0,0,4.75676E+20,5.41461E+21,8.66822E+15,4.8884E+16
116282,116283,8,2,36,46,2016,7,14,3,3,6,4,0,0,0,1,1,0,0,0,4.83717E+20,5.41814E+21,8.77775E+15,4.89159E+16
116283,116284,8,2,21,0,2016,7,3,5,3,0,1,2,0,1,0,0,0,0,0,4.77761E+20,5.4736E+21,8.69339E+15,4.94147E+16
116284,116285,8,4,35,16,2016,7,13,2,3,3,6,0,0,1,0,0,0,0,0,5.36915E+20,5.27883E+21,9.49166E+15,4.76618E+16
116285,116286,8,1,21,0,2016,7,21,7,3,2,6,2,0,0,1,0,0,0,0,5.15031E+20,5.44449E+21,9.20614E+15,4.9153E+16
116286,116287,8,2,22,0,2016,7,7,6,3,2,6,0,0,0,1,0,0,1,0,4.64359E+20,5.48299E+21,8.50779E+15,4.94985E+16
116287,116288,8,1,18,48,2016,7,9,6,3,0,5,0,0,1,1,0,0,0,0,5.13726E+20,5.41567E+21,9.18726E+15,4.88938E+16