FID,OBJECTID,ULAND,UREGBEZ,UKREIS,UGEMEINDE,UJAHR,UMONAT,USTUNDE,UWOCHENTAG,UKATEGORIE,UART,UTYP1,ULICHTVERH,IstStrasse,IstRad,IstPKW,IstFuss,IstKrad,IstGkfz,IstSonstig,LINREFX,LINREFY,XGCSWGS84,YGCSWGS84
116288,116289,8,2,26,59,2016,7,17,3,3,2,6,0,0,0,1,0,0,0,0,4.64974E+20,5.45828E+21,8.51846E+15,4.92763E+16
116289,116290,8,1,36,65,2016,7,11,5,3,1,1,0,0,1,1,0,0,0,0,5.6108E+20,5.40554E+21,9.83176E+15,4.87998E+16
116290,116291,8,3,17,65,2016,7,12,6,3,5,3,0,0,1,1,0,0,0,0,4.15472E+20,5.35467E+21,7.85933E+15,4.83396E+16
116291,116292,8,4,16,25,2016,7,16,6,3,0,7,0,0,0,1,1,0,0,0,5.04292E+20,5.36147E+21,9.05799E+15,4.84063E+16
116292,116293,8,1,11,0,2016,7,16,4,3,5,3,0,0,0,1,0,0,0,1,5.14512E+20,5.40406E+21,9.19758E+15,4.87894E+16
116293,116294,8,1,36,88,2016,7,11,6,2,6,4,0,0,0,1,1,0,0,0,5.8009E+20,5.41016E+21,1.00915E+16,4.88392E+16
116294,116295,8,1,11,0,2016,7,19,7,3,1,5,0,0,1,1,0,0,0,0,5.09995E+20,5.40821E+21,9.13617E+15,4.88268E+16
116295,116296,8,1,16,22,2016,7,18,4,3,2,6,0,0,0,1,0,0,0,0,5.2277E+20,5.38201E+21,9.30879E+15,4.85908E+16
116296,116297,8,2,15,17,2016,7,11,6,3,5,3,0,0,1,1,0,0,0,0,4.56656E+20,5.42135E+21,8.40807E+15,4.89435E+16
116297,116298,8,3,26,3,2016,7,21,4,3,6,6,1,0,1,0,1,0,0,0,4.64944E+20,5.31949E+21,8.5298E+15,4.80277E+16
116298,116299,8,1,15,45,2016,7,17,6,3,2,6,0,0,0,1,0,0,0,0,5.02209E+20,5.39474E+21,9.03002E+15,4.87057E+16
116299,116300,8,3,36,50,2016,7,17,3,3,0,7,0,0,0,0,0,0,0,1,4.0178E+20,5.27649E+21,7.69251E+15,4.76343E+16
116300,116301,8,2,25,14,2016,7,18,3,3,0,1,0,0,1,0,0,0,0,0,5.23343E+20,5.4853E+21,9.32251E+15,4.95199E+16
116301,116302,8,1,18,51,2016,7,15,5,3,6,7,0,0,0,1,0,0,0,1,5.09336E+20,5.41531E+21,9.12736E+15,4.88907E+16
116302,116303,8,4,36,64,2016,7,15,4,3,0,1,0,0,1,0,0,0,0,0,5.46585E+20,5.29372E+21,9.62204E+15,4.77951E+16
116303,116304,8,3,11,0,2016,7,12,6,3,4,6,0,0,1,0,0,0,0,0,4.17183E+20,5.31563E+21,7.89002E+15,4.79886E+16
116304,116305,8,4,36,49,2016,7,14,3,3,6,7,0,0,1,1,1,0,0,0,5.78165E+20,5.28299E+21,1.00417E+16,4.76956E+16
116305,116306,8,1,19,8,2016,7,11,6,3,0,1,0,0,1,0,0,0,0,0,5.32111E+20,5.4205E+21,9.43847E+15,4.89366E+16
116306,116307,8,2,16,59,2016,7,14,4,2,5,3,0,0,1,1,0,0,0,0,4.52158E+20,5.3976E+21,8.34942E+15,4.87296E+16
116307,116308,8,4,21,0,2016,7,16,5,3,5,3,0,0,0,1,0,1,0,0,5.70389E+20,5.36262E+21,9.95122E+15,4.84128E+16
116308,116309,8,2,22,0,2016,7,17,3,3,1,7,0,1,1,1,0,0,0,0,4.61329E+20,5.48182E+21,8.46606E+15,4.94878E+16
116309,116310,8,3,11,0,2016,7,17,5,2,1,7,0,0,1,1,0,0,0,0,4.14772E+20,5.31526E+21,7.85779E+15,4.79849E+16
116310,116311,8,1,11,0,2016,7,11,5,3,0,1,0,0,1,0,0,0,0,0,5.07305E+20,5.39688E+21,9.09933E+15,4.87249E+16
116311,116312,8,2,31,0,2016,7,18,4,3,5,3,0,0,1,1,0,0,0,0,4.76973E+20,5.41531E+21,8.68586E+15,4.88903E+16
116312,116313,8,3,36,81,2016,7,16,4,3,0,1,0,0,1,0,0,0,0,0,4.11386E+20,5.278E+21,7.82005E+15,4.76493E+16
116313,116314,8,4,37,76,2016,7,18,5,2,1,5,0,0,1,1,0,0,0,0,5.25121E+20,5.32203E+21,9.33709E+15,4.80511E+16
116314,116315,8,2,26,84,2016,7,10,3,3,3,6,0,0,1,0,0,0,1,0,4.68958E+20,5.47021E+21,8.57231E+15,4.93838E+16
116315,116316,8,3,35,21,2016,7,18,5,3,1,1,0,1,1,1,0,0,0,0,4.91906E+20,5.30074E+21,8.89179E+15,4.786E+16
116316,116317,8,1,11,0,2016,7,23,5,3,5,3,2,1,0,1,0,0,0,0,5.06152E+20,5.39986E+21,9.0837E+15,4.87518E+16
116317,116318,8,2,31,0,2016,7,15,4,2,0,1,0,0,1,0,0,0,0,0,4.75893E+20,5.41477E+21,8.67116E+15,4.88854E+16
116318,116319,8,4,16,36,2016,7,21,4,3,0,7,2,0,1,0,0,0,0,0,4.95329E+20,5.36949E+21,8.93679E+15,4.84785E+16
116319,116320,8,2,26,84,2016,7,12,6,3,5,2,0,0,1,1,0,0,0,0,4.69246E+20,5.46974E+21,8.5763E+15,4.93796E+16
116320,116321,8,4,21,0,2016,7,19,3,3,5,3,0,0,0,1,0,1,0,0,5.73552E+20,5.3613E+21,9.99374E+15,4.84005E+16
116321,116322,8,1,18,46,2016,7,17,4,2,4,2,0,0,0,1,0,0,0,0,5.14078E+20,5.41123E+21,9.19191E+15,4.88539E+16
116322,116323,8,2,26,12,2016,7,9,3,3,5,3,0,0,1,1,0,0,0,0,4.7609E+20,5.47792E+21,8.6701E+15,4.94535E+16
116323,116324,8,2,22,0,2016,7,9,5,3,5,2,0,0,0,1,0,0,0,0,4.63367E+20,5.48588E+21,8.49381E+15,4.95244E+16
116324,116325,8,3,26,74,2016,7,14,4,3,5,3,0,0,1,1,0,0,0,0,4.595E+20,5.32009E+21,8.45673E+15,4.80328E+16
116325,116326,8,4,26,97,2016,7,14,2,3,2,6,0,0,1,0,0,0,0,0,5.35377E+20,5.33337E+21,9.47566E+15,4.81526E+16
116326,116327,8,2,16,43,2016,7,9,7,3,5,3,0,0,0,1,0,0,0,0,4.41384E+20,5.41202E+21,8.20087E+15,4.88584E+16
116327,116328,8,3,17,40,2016,7,16,4,3,5,3,0,0,1,1,0,0,0,0,4.31811E+20,5.34746E+21,8.08096E+15,4.82767E+16
116328,116329,8,4,21,0,2016,7,9,2,2,2,6,0,0,1,0,0,0,0,0,5.70406E+20,5.35709E+21,9.95053E+15,4.83631E+16
116329,116330,8,3,16,9,2016,7,11,4,3,3,6,0,0,1,0,0,0,0,0,4.16759E+20,5.32481E+21,7.88256E+15,4.80711E+16
116330,116331,8,3,35,43,2016,7,7,3,3,1,7,0,0,0,1,0,0,0,0,5.11221E+20,5.28122E+21,9.14952E+15,4.76843E+16
116331,116332,8,1,36,44,2016,7,18,4,3,5,3,0,0,1,1,0,0,0,0,5.58262E+20,5.40833E+21,9.79378E+15,4.88252E+16
116332,116333,8,2,21,0,2016,7,8,3,3,2,6,0,0,0,1,0,0,0,1,4.76575E+20,5.47248E+21,8.67711E+15,4.94045E+16
116333,116334,8,2,12,0,2016,7,18,5,3,0,7,0,0,1,0,0,0,0,0,4.54254E+20,5.42888E+21,8.37443E+15,4.90111E+16
116334,116335,8,3,16,11,2016,7,3,7,2,0,1,2,0,1,0,0,0,0,0,4.13957E+20,5.33061E+21,7.84378E+15,4.81229E+16
116335,116336,8,4,21,0,2016,7,20,2,3,5,3,0,0,0,1,0,0,0,0,5.72179E+20,5.36143E+21,9.97521E+15,4.84019E+16
116336,116337,8,1,18,48,2016,7,12,7,3,4,6,0,0,0,1,0,0,0,0,5.11395E+20,5.41546E+21,9.15545E+15,4.8892E+16
116337,116338,8,2,21,0,2016,7,18,6,3,2,6,0,0,1,1,0,0,0,0,4.78436E+20,5.47114E+21,8.70284E+15,4.93926E+16
116338,116339,8,3,26,3,2016,7,20,4,3,8,1,0,0,0,0,0,1,0,0,4.64938E+20,5.32011E+21,8.52967E+15,4.80333E+16
116339,116340,8,1,16,80,2016,7,13,6,3,0,7,0,0,1,0,0,0,0,0,5.19058E+20,5.39475E+21,9.25904E+15,4.87055E+16
116340,116341,8,2,21,0,2016,7,12,3,3,5,7,0,0,1,1,0,0,0,0,4.77699E+20,5.47275E+21,8.69259E+15,4.9407E+16
116341,116342,8,1,25,21,2016,7,6,5,3,9,1,2,0,0,1,0,0,0,0,5.23862E+20,5.44768E+21,9.32742E+15,4.91815E+16
116342,116343,8,3,16,37,2016,7,19,6,3,5,3,0,0,0,1,0,0,0,0,4.06831E+20,5.33407E+21,7.7473E+15,4.81531E+16
116343,116344,8,3,17,96,2016,7,12,3,2,8,7,0,0,1,0,0,0,0,0,4.21838E+20,5.36886E+21,7.94258E+15,4.8468E+16
116344,116345,8,4,21,0,2016,7,17,4,2,6,4,0,0,0,1,1,0,0,0,5.72177E+20,5.35662E+21,9.97435E+15,4.83586E+16
116345,116346,8,2,21,0,2016,7,16,3,3,4,6,0,0,0,1,0,1,0,0,4.77505E+20,5.46978E+21,8.69008E+15,4.93803E+16
116346,116347,8,3,35,43,2016,7,15,6,3,6,6,0,0,0,1,1,0,0,0,5.1108E+20,5.28041E+21,9.14761E+15,4.7677E+16
116347,116348,8,2,16,43,2016,7,17,3,3,5,3,0,0,0,1,0,0,0,0,4.40536E+20,5.41296E+21,8.18916E+15,4.88667E+16
116348,116349,8,2,26,96,2016,7,21,7,3,5,3,2,0,0,1,0,1,0,0,4.74645E+20,5.48808E+21,8.64951E+15,4.95448E+16
116349,116350,8,4,35,29,2016,7,11,6,3,1,7,0,0,1,1,0,0,0,0,5.45059E+20,5.27113E+21,9.59934E+15,4.7592E+16
116350,116351,8,1,15,45,2016,7,0,4,3,5,3,2,1,0,1,0,0,0,0,4.98665E+20,5.39384E+21,8.98185E+15,4.86976E+16
116351,116352,8,2,12,0,2016,7,8,6,3,5,3,0,0,0,1,0,0,0,0,4.54002E+20,5.43198E+21,8.37063E+15,4.9039E+16
116352,116353,8,1,11,0,2016,7,16,6,3,2,6,0,0,0,1,0,0,0,0,5.16131E+20,5.40558E+21,9.21968E+15,4.8803E+16
116353,116354,8,3,36,50,2016,7,14,3,3,0,7,0,0,0,0,1,0,0,1,3.99276E+20,5.27405E+21,7.65974E+15,4.7612E+16
116354,116355,8,2,16,43,2016,7,18,3,3,5,3,0,0,1,1,0,0,0,0,4.40597E+20,5.41277E+21,8.19002E+15,4.88651E+16
116355,116356,8,1,11,0,2016,7,7,5,3,3,6,0,0,1,0,0,0,0,0,5.13935E+20,5.40554E+21,9.18977E+15,4.88027E+16
116356,116357,8,4,35,30,2016,7,15,4,3,4,6,0,1,1,1,0,0,0,0,5.40803E+20,5.27164E+21,9.54278E+15,4.75969E+16
116357,116358,8,2,15,109,2016,7,20,6,2,6,4,0,0,0,1,1,0,0,0,4.6212E+20,5.43506E+21,8.4814E+15,4.90673E+16
116358,116359,8,4,36,5,2016,7,13,3,2,3,2,0,0,0,1,0,1,0,0,5.40919E+20,5.3087E+21,9.54781E+15,4.79303E+16
116359,116360,8,4,15,61,2016,7,21,6,3,0,1,2,0,1,0,0,0,0,0,5.16574E+20,5.37277E+21,9.22439E+15,4.85079E+16
116360,116361,8,1,11,0,2016,7,13,4,3,5,3,0,0,0,1,0,1,0,0,5.18917E+20,5.40208E+21,9.25745E+15,4.87714E+16
116361,116362,8,1,35,19,2016,7,15,6,2,9,7,0,0,0,1,1,0,0,0,5.83446E+20,5.39322E+21,1.01338E+16,4.86864E+16
116362,116363,8,4,35,15,2016,7,6,5,3,5,3,0,0,0,1,0,0,0,0,5.20316E+20,5.29545E+21,9.27137E+15,4.78121E+16
116363,116364,8,2,16,9,2016,7,20,3,3,5,2,0,1,1,1,0,0,0,0,4.46336E+20,5.41988E+21,8.26735E+15,4.89295E+16
116364,116365,8,3,35,43,2016,7,19,5,2,0,7,1,0,1,0,0,0,0,0,5.14015E+20,5.28005E+21,9.1867E+15,4.76737E+16
116365,116366,8,1,11,0,2016,7,9,5,3,5,2,0,0,1,1,0,0,0,0,5.10339E+20,5.40215E+21,9.14071E+15,4.87722E+16
116366,116367,8,2,26,95,2016,7,18,4,2,0,3,0,0,1,1,0,0,0,0,4.74405E+20,5.46126E+21,8.64793E+15,4.93035E+16
116367,116368,8,4,16,6,2016,7,11,4,3,0,7,0,1,0,0,0,1,0,0,4.97837E+20,5.36014E+21,8.97079E+15,4.83944E+16
116368,116369,8,2,26,18,2016,7,9,6,3,5,3,0,0,1,1,0,0,0,0,4.73255E+20,5.4728E+21,8.63133E+15,4.94073E+16
116369,116370,8,4,21,0,2016,7,23,2,3,4,2,2,0,0,1,0,1,0,0,5.70703E+20,5.36119E+21,9.95523E+15,4.83999E+16
116370,116371,8,3,15,6,2016,7,17,4,3,5,2,0,0,1,1,0,0,0,0,4.0383E+20,5.30792E+21,7.71282E+15,4.79174E+16
116371,116372,8,4,15,59,2016,7,17,3,2,3,6,0,0,1,0,0,0,0,0,5.16381E+20,5.36865E+21,9.22163E+15,4.84708E+16
116372,116373,8,1,28,14,2016,7,11,4,2,4,2,0,0,1,1,0,0,0,0,5.46294E+20,5.48128E+21,9.63913E+15,4.94824E+16
116373,116374,8,2,16,5,2016,7,7,3,3,3,5,0,0,0,1,0,1,0,0,4.44775E+20,5.41764E+21,8.24633E+15,4.89093E+16
116374,116375,8,2,22,0,2016,7,8,5,3,5,3,0,0,0,1,0,0,0,0,4.63577E+20,5.47767E+21,8.49747E+15,4.94506E+16
116375,116376,8,1,18,48,2016,7,18,6,3,4,6,0,0,1,0,0,0,0,0,5.11853E+20,5.41755E+21,9.16176E+15,4.89107E+16
116376,116377,8,1,27,14,2016,7,20,4,3,0,3,0,0,1,0,0,1,0,0,5.79211E+20,5.44242E+21,1.00858E+16,4.91295E+16
116377,116378,8,4,16,41,2016,7,17,5,3,0,7,0,1,1,0,0,0,0,0,5.03679E+20,5.37423E+21,9.04983E+15,4.85212E+16
116378,116379,8,2,15,100,2016,7,14,3,3,5,3,0,0,0,1,0,0,0,0,4.74309E+20,5.45177E+21,8.64721E+15,4.92182E+16
116379,116380,8,3,11,0,2016,7,20,5,3,2,6,0,0,0,1,0,1,0,0,4.13659E+20,5.31711E+21,7.84251E+15,4.80014E+16
116380,116381,8,4,36,64,2016,7,4,4,3,0,1,2,0,1,0,0,0,0,0,5.46479E+20,5.2935E+21,9.6206E+15,4.77932E+16
116381,116382,8,2,26,105,2016,7,16,4,3,1,7,0,0,1,0,0,0,0,1,4.70107E+20,5.478E+21,8.58755E+15,4.94539E+16
116382,116383,8,4,36,64,2016,7,7,4,3,4,6,0,0,1,1,0,0,0,0,5.45633E+20,5.29058E+21,9.609E+15,4.7767E+16
116383,116384,8,4,16,41,2016,7,18,2,2,0,1,0,0,1,0,0,0,0,0,5.04564E+20,5.37643E+21,9.06184E+15,4.85409E+16
116384,116385,8,3,15,133,2016,7,21,4,2,8,1,1,0,0,1,0,0,0,0,3.94879E+20,5.32833E+21,7.58805E+15,4.80996E+16
116385,116386,8,3,27,50,2016,7,15,3,2,2,2,0,0,0,1,0,1,0,0,4.86528E+20,5.314E+21,8.81947E+15,4.79792E+16
116386,116387,8,1,27,46,2016,7,19,4,2,0,1,0,0,0,0,0,1,0,0,5.71768E+20,5.45187E+21,9.98548E+15,4.92155E+16
116387,116388,8,2,15,102,2016,7,9,3,3,7,7,0,0,1,0,0,0,0,0,4.56141E+20,5.43701E+21,8.39934E+15,4.90844E+16
116388,116389,8,2,12,0,2016,7,14,3,3,5,2,0,0,1,0,0,1,0,0,4.52236E+20,5.43098E+21,8.34658E+15,4.90299E+16
116389,116390,8,3,11,0,2016,7,16,7,3,0,7,0,0,0,0,1,0,0,1,4.13212E+20,5.31544E+21,7.83686E+15,4.79864E+16
116390,116391,8,4,25,31,2016,7,11,7,2,0,1,0,0,1,0,0,0,0,0,5.66517E+20,5.3673E+21,9.89965E+15,4.84553E+16
116391,116392,8,1,17,25,2016,7,11,4,3,6,2,0,0,0,1,1,0,0,1,5.5734E+20,5.38985E+21,9.77864E+15,4.86591E+16
116392,116393,8,2,15,7,2016,7,6,6,3,5,7,0,0,0,1,0,1,0,0,4.78016E+20,5.43124E+21,8.69923E+15,4.90337E+16
116393,116394,8,4,15,61,2016,7,13,2,2,6,4,0,0,0,1,1,0,0,0,5.16107E+20,5.37124E+21,9.21802E+15,4.84941E+16
116394,116395,8,1,27,8,2016,7,7,7,3,4,2,0,0,1,1,0,0,0,0,5.70825E+20,5.46146E+21,9.97423E+15,4.93017E+16
116395,116396,8,2,12,0,2016,7,20,3,3,0,7,0,0,1,0,0,0,0,0,4.56224E+20,5.42871E+21,8.40138E+15,4.90097E+16
116396,116397,8,3,26,74,2016,7,14,6,3,0,1,0,0,1,0,0,0,0,0,4.54905E+20,5.32273E+21,8.39482E+15,4.80562E+16
116397,116398,8,4,26,70,2016,7,21,6,3,0,7,2,0,1,0,0,0,0,0,5.64954E+20,5.34186E+21,9.87459E+15,4.82266E+16
116398,116399,8,1,15,42,2016,7,16,4,3,1,7,0,0,1,1,0,0,0,0,4.94931E+20,5.40624E+21,8.93096E+15,4.88091E+16
116399,116400,8,1,36,29,2016,7,22,6,3,0,1,2,0,0,0,0,1,0,0,5.69371E+20,5.41103E+21,9.94558E+15,4.88484E+16
116400,116401,8,1,11,0,2016,7,16,6,3,5,3,0,0,0,1,1,0,0,0,5.15361E+20,5.39918E+21,9.20895E+15,4.87455E+16
116401,116402,8,2,11,0,2016,7,11,3,3,8,7,0,0,1,0,0,0,0,0,4.40057E+20,5.4039E+21,8.18396E+15,4.87852E+16
116402,116403,8,3,36,81,2016,7,8,5,3,5,3,0,0,1,1,0,0,0,0,4.1174E+20,5.27828E+21,7.8247E+15,4.76519E+16
116403,116404,8,1,11,0,2016,7,7,5,3,5,2,0,0,1,1,0,0,0,1,5.15295E+20,5.39738E+21,9.20798E+15,4.87293E+16
116404,116405,8,4,26,21,2016,7,8,4,2,1,1,0,1,1,0,0,0,0,1,5.60119E+20,5.3291E+21,9.8077E+15,4.81123E+16
116405,116406,8,1,16,14,2016,7,7,6,3,5,3,0,1,1,1,0,0,0,0,5.27022E+20,5.39588E+21,9.36735E+15,4.87153E+16
116406,116407,8,3,11,0,2016,7,10,3,3,8,1,0,0,0,1,0,0,0,0,4.10906E+20,5.3147E+21,7.80611E+15,4.79794E+16
116407,116408,8,2,16,41,2016,7,19,3,2,0,7,0,1,1,0,0,0,0,0,4.34092E+20,5.3918E+21,8.10471E+15,4.86758E+16
116408,116409,8,1,19,8,2016,7,11,5,3,6,4,0,0,0,1,1,0,0,0,5.32047E+20,5.42111E+21,9.43764E+15,4.8942E+16
116409,116410,8,4,36,81,2016,7,20,4,3,0,1,0,1,0,0,0,1,0,0,5.58172E+20,5.28781E+21,9.77596E+15,4.77411E+16
116410,116411,8,3,15,7,2016,7,11,6,3,9,1,0,0,0,1,0,0,0,0,4.00249E+20,5.29489E+21,7.66792E+15,4.77997E+16
116411,116412,8,1,11,0,2016,7,12,4,3,2,6,0,0,0,1,0,0,0,0,5.13705E+20,5.40191E+21,9.18651E+15,4.87701E+16
116412,116413,8,1,25,26,2016,7,14,6,2,6,4,0,0,0,1,1,0,0,0,4.93429E+20,5.44231E+21,8.90992E+15,4.91336E+16
116413,116414,8,1,26,11,2016,7,16,4,3,5,3,0,0,0,1,0,0,0,0,5.2933E+20,5.44768E+21,9.40247E+15,4.91813E+16
116414,116415,8,4,21,0,2016,7,16,5,3,0,6,0,0,1,1,0,0,0,0,5.70093E+20,5.35625E+21,9.94616E+15,4.83555E+16
116415,116416,8,1,36,19,2016,7,8,3,3,0,1,0,0,1,0,0,0,0,0,5.83151E+20,5.42447E+21,1.01361E+16,4.89675E+16
116416,116417,8,3,36,105,2016,7,9,5,2,5,2,0,0,1,1,0,0,0,0,3.99224E+20,5.26727E+21,7.66061E+15,4.7551E+16
116417,116418,8,1,11,0,2016,7,16,5,3,5,3,0,0,0,1,0,1,0,0,5.1729E+20,5.40396E+21,9.23539E+15,4.87884E+16
116418,116419,8,2,26,95,2016,7,18,4,2,5,3,0,0,1,0,0,0,0,1,4.7394E+20,5.46056E+21,8.64157E+15,4.92972E+16
116419,116420,8,3,36,91,2016,7,16,4,3,5,2,0,0,1,1,0,0,0,0,3.97165E+20,5.27215E+21,7.6321E+15,4.75946E+16
116420,116421,8,4,15,61,2016,7,17,2,2,5,3,0,0,0,1,0,1,0,0,5.17345E+20,5.37895E+21,9.2351E+15,4.85634E+16
116421,116422,8,2,26,55,2016,7,12,6,3,0,3,0,0,0,1,0,1,0,0,4.97148E+20,5.45995E+21,8.96077E+15,4.92923E+16
116422,116423,8,4,25,72,2016,7,12,3,3,2,6,0,0,0,1,0,0,0,0,5.82961E+20,5.37165E+21,1.01229E+16,4.84925E+16
116423,116424,8,1,21,0,2016,7,17,4,3,5,3,0,0,1,1,0,0,0,0,5.16524E+20,5.44446E+21,9.22661E+15,4.91527E+16
116424,116425,8,1,36,10,2016,7,7,3,3,2,6,0,0,0,1,0,0,1,0,6.00956E+20,5.41131E+21,1.03761E+16,4.88466E+16
116425,116426,8,2,26,96,2016,7,17,5,3,5,3,0,0,0,1,0,1,0,0,4.73876E+20,5.48812E+21,8.63887E+15,4.95451E+16
116426,116427,8,2,22,0,2016,7,14,4,3,5,3,0,0,1,1,0,0,0,0,4.65973E+20,5.48274E+21,8.53009E+15,4.94964E+16
116427,116428,8,3,35,43,2016,7,23,4,2,0,7,2,1,1,0,0,0,0,0,5.13065E+20,5.2788E+21,9.17402E+15,4.76624E+16
116428,116429,8,4,15,61,2016,7,6,2,3,3,2,0,0,1,0,0,1,0,0,5.13084E+20,5.37146E+21,9.17711E+15,4.84961E+16
116429,116430,8,2,21,0,2016,7,19,7,3,1,5,0,0,1,1,0,0,0,0,4.7737E+20,5.47279E+21,8.68806E+15,4.94074E+16
116430,116431,8,3,36,91,2016,7,16,4,3,6,4,0,0,0,1,1,0,0,0,3.95707E+20,5.27193E+21,7.61277E+15,4.75924E+16
116431,116432,8,3,17,96,2016,7,13,3,3,5,3,0,0,1,1,0,0,0,0,4.22669E+20,5.36973E+21,7.95365E+15,4.8476E+16
116432,116433,8,1,25,6,2016,7,19,4,3,4,2,0,0,0,1,0,1,0,0,5.07235E+20,5.45438E+21,9.0994E+15,4.92422E+16
116433,116434,8,1,35,19,2016,7,12,3,2,0,7,0,0,0,0,0,0,0,1,5.85711E+20,5.39118E+21,1.01641E+16,4.86678E+16
116434,116435,8,2,26,32,2016,7,22,4,2,5,3,2,0,1,1,0,0,0,0,4.6637E+20,5.4642E+21,8.53715E+15,4.93296E+16
116435,116436,8,3,35,63,2016,7,10,3,3,0,2,0,0,1,1,0,0,0,0,4.96943E+20,5.28803E+21,8.95922E+15,4.77456E+16
116436,116437,8,1,19,79,2016,7,9,4,3,5,3,0,0,1,1,0,0,0,0,5.22788E+20,5.40857E+21,9.3105E+15,4.88297E+16
116437,116438,8,4,21,0,2016,7,12,3,2,5,3,0,0,1,1,0,0,0,0,5.72157E+20,5.36076E+21,9.9748E+15,4.83959E+16
116438,116439,8,2,15,108,2016,7,13,5,3,5,3,0,0,0,1,0,0,0,0,4.48053E+20,5.42322E+21,8.29036E+15,4.89597E+16
116439,116440,8,3,17,9,2016,7,20,7,3,0,7,0,0,1,0,0,0,0,0,4.25049E+20,5.36206E+21,7.98723E+15,4.84072E+16
116440,116441,8,3,35,75,2016,7,17,2,3,0,7,0,0,1,0,0,0,0,0,4.87573E+20,5.2905E+21,8.83415E+15,4.77677E+16
116441,116442,8,1,18,73,2016,7,15,7,3,5,3,0,0,1,1,0,0,0,0,4.99095E+20,5.41823E+21,8.98764E+15,4.8917E+16
116442,116443,8,2,21,0,2016,7,5,6,3,1,5,0,0,1,1,0,0,0,0,4.77435E+20,5.46986E+21,8.68912E+15,4.9381E+16
116443,116444,8,1,16,49,2016,7,17,6,3,5,3,0,0,1,1,0,0,0,0,5.25461E+20,5.38468E+21,9.34545E+15,4.86147E+16
116444,116445,8,1,18,67,2016,7,17,3,3,5,3,0,0,0,1,0,0,0,0,5.06132E+20,5.41422E+21,9.08363E+15,4.88809E+16
116445,116446,8,1,35,16,2016,7,12,5,3,0,7,0,0,0,1,0,1,0,0,5.89719E+20,5.38547E+21,1.02173E+16,4.86158E+16
116446,116447,8,3,17,96,2016,7,17,6,3,0,7,0,0,1,0,0,0,0,0,4.21579E+20,5.3693E+21,7.93899E+15,4.8472E+16
116447,116448,8,3,35,75,2016,7,22,6,3,5,7,2,0,0,1,0,1,0,0,4.88963E+20,5.28945E+21,8.85272E+15,4.77583E+16
116448,116449,8,1,18,48,2016,7,9,3,3,5,3,0,0,0,1,0,0,0,0,5.13748E+20,5.41606E+21,9.18757E+15,4.88973E+16
116449,116450,8,2,31,0,2016,7,11,7,3,2,2,0,0,1,1,0,0,0,0,4.81494E+20,5.41768E+21,8.74743E+15,4.89118E+16
116450,116451,8,3,35,43,2016,7,18,2,3,0,1,0,0,1,0,0,0,0,0,5.12808E+20,5.28163E+21,9.17068E+15,4.76879E+16
116451,116452,8,4,36,11,2016,7,11,6,3,5,3,0,0,0,1,0,0,0,0,5.48508E+20,5.29772E+21,9.64816E+15,4.7831E+16
116452,116453,8,1,16,78,2016,7,17,4,3,5,3,0,0,1,1,0,0,0,0,5.10278E+20,5.39425E+21,9.13968E+15,4.87012E+16
116453,116454,8,2,12,0,2016,7,15,6,3,3,6,0,0,0,1,0,1,0,0,4.54277E+20,5.42884E+21,8.37474E+15,4.90107E+16
116454,116455,8,1,15,50,2016,7,16,6,3,0,1,0,0,1,0,0,0,0,0,4.90728E+20,5.39967E+21,8.87386E+15,4.875E+16
116455,116456,8,3,11,0,2016,7,8,3,3,0,7,0,0,1,1,0,0,0,0,4.14192E+20,5.31822E+21,7.84943E+15,4.80115E+16
116456,116457,8,1,18,48,2016,7,8,3,3,3,7,0,0,1,0,0,0,0,0,5.13432E+20,5.41568E+21,9.18326E+15,4.88939E+16
116457,116458,8,1,18,80,2016,7,18,5,3,5,3,0,0,0,1,0,1,0,0,5.06551E+20,5.41063E+21,9.08929E+15,4.88486E+16
116458,116459,8,4,36,64,2016,7,8,4,3,2,6,0,0,0,1,0,0,0,0,5.46492E+20,5.29315E+21,9.62074E+15,4.779E+16
116459,116460,8,2,15,9,2016,7,13,6,2,6,4,0,0,0,1,1,0,0,0,4.70341E+20,5.44105E+21,8.59351E+15,4.91216E+16
116460,116461,8,4,35,24,2016,7,12,3,3,5,3,0,0,1,1,0,0,0,0,5.27898E+20,5.27981E+21,9.37164E+15,4.76711E+16
116461,116462,8,1,18,50,2016,7,15,6,3,2,3,0,0,0,1,0,1,0,0,5.06001E+20,5.41723E+21,9.0819E+15,4.89079E+16
116462,116463,8,1,19,1,2016,7,16,4,3,5,3,0,0,1,1,0,0,0,0,5.5343E+20,5.41483E+21,9.72881E+15,4.88842E+16
116463,116464,8,4,25,39,2016,7,11,5,3,5,3,0,0,1,1,0,0,0,0,5.65672E+20,5.3523E+21,9.88588E+15,4.83205E+16
116464,116465,8,4,16,41,2016,7,17,6,3,6,7,0,0,0,1,1,0,0,0,5.04412E+20,5.37389E+21,9.05975E+15,4.85181E+16
116465,116466,8,1,11,0,2016,7,7,4,3,5,3,0,0,1,0,0,0,0,1,5.0989E+20,5.40676E+21,9.13471E+15,4.88138E+16