FID,OBJECTID,ULAND,UREGBEZ,UKREIS,UGEMEINDE,UJAHR,UMONAT,USTUNDE,UWOCHENTAG,UKATEGORIE,UART,UTYP1,ULICHTVERH,IstStrasse,IstRad,IstPKW,IstFuss,IstKrad,IstGkfz,IstSonstig,LINREFX,LINREFY,XGCSWGS84,YGCSWGS84
116644,116645,8,1,35,20,2016,8,18,2,3,8,1,0,0,1,0,0,0,0,0,5.86387E+20,5.38676E+21,1.01724E+16,4.8628E+16
116645,116646,8,3,35,43,2016,8,14,2,3,5,2,0,0,0,1,0,1,0,0,5.11488E+20,5.28025E+21,9.15304E+15,4.76756E+16
116646,116647,8,3,25,1,2016,8,16,1,3,0,7,0,0,1,0,1,0,0,0,4.56398E+20,5.3457E+21,8.41249E+15,4.8263E+16
116647,116648,8,1,17,37,2016,8,20,1,3,4,2,0,0,0,1,0,1,0,0,5.54854E+20,5.39802E+21,9.74598E+15,4.87328E+16
116648,116649,8,2,12,0,2016,8,14,4,3,5,2,0,0,1,0,0,0,0,0,4.57211E+20,5.42806E+21,8.41494E+15,4.9004E+16
116649,116650,8,3,35,75,2016,8,13,6,3,1,7,0,0,1,1,0,0,0,0,4.88471E+20,5.28987E+21,8.84615E+15,4.77621E+16
116650,116651,8,4,21,0,2016,7,7,7,2,0,1,0,0,1,0,0,0,0,0,5.72408E+20,5.36101E+21,9.97823E+15,4.83981E+16
116651,116652,8,2,35,46,2016,8,10,1,3,0,7,0,0,1,0,0,0,0,0,4.78495E+20,5.37645E+21,8.70865E+15,4.85408E+16
116652,116653,8,1,28,47,2016,8,17,2,2,8,1,0,0,0,0,0,0,0,1,5.52146E+20,5.49474E+21,9.72169E+15,4.9603E+16
116653,116654,8,3,16,14,2016,8,5,3,2,1,5,1,0,0,1,0,1,0,0,4.26049E+20,5.33032E+21,8.00629E+15,4.81218E+16
116654,116655,8,2,26,98,2016,8,17,7,3,5,3,0,0,1,1,0,0,0,0,4.78179E+20,5.4601E+21,8.6999E+15,4.92932E+16
116655,116656,8,3,35,98,2016,8,22,7,3,0,7,2,1,1,0,0,0,0,0,5.02322E+20,5.29432E+21,9.031E+15,4.78022E+16
116656,116657,8,2,16,41,2016,8,12,4,3,5,3,0,0,1,1,0,0,0,0,4.34927E+20,5.3914E+21,8.11611E+15,4.86723E+16
116657,116658,8,3,11,0,2016,8,8,6,3,5,1,0,0,1,1,0,0,0,0,4.12757E+20,5.31797E+21,7.83024E+15,4.80091E+16
116658,116659,8,1,17,19,2016,8,21,6,3,0,1,2,0,1,0,0,0,0,0,5.51825E+20,5.39393E+21,9.70427E+15,4.86962E+16
116659,116660,8,1,18,71,2016,8,16,2,3,5,3,0,0,0,1,0,0,0,0,5.09585E+20,5.41911E+21,9.13085E+15,4.89249E+16
116660,116661,8,4,16,41,2016,8,19,5,2,5,3,1,1,1,1,0,0,0,0,5.0429E+20,5.37404E+21,9.05809E+15,4.85195E+16
116661,116662,8,1,25,56,2016,8,15,6,3,4,2,0,1,1,1,0,0,0,0,5.11197E+20,5.43603E+21,9.15332E+15,4.9077E+16
116662,116663,8,1,36,88,2016,8,16,4,3,3,5,0,0,0,1,0,0,0,0,5.78893E+20,5.40984E+21,1.00751E+16,4.88365E+16
116663,116664,8,1,11,0,2016,8,12,2,3,6,7,0,0,0,1,1,0,0,0,5.12742E+20,5.40229E+21,9.17342E+15,4.87735E+16
116664,116665,8,3,11,0,2016,8,16,3,3,5,2,0,0,0,1,1,0,0,0,4.12065E+20,5.31759E+21,7.82104E+15,4.80055E+16
116665,116666,8,2,22,0,2016,8,12,7,3,2,6,0,0,0,1,0,0,0,0,4.61495E+20,5.48248E+21,8.46828E+15,4.94938E+16
116666,116667,8,1,36,88,2016,8,19,4,2,5,3,0,0,1,1,0,0,0,0,5.79109E+20,5.40875E+21,1.00778E+16,4.88267E+16
116667,116668,8,2,22,0,2016,8,10,6,3,2,6,0,0,0,1,0,0,0,0,4.63607E+20,5.4835E+21,8.49736E+15,4.9503E+16
116668,116669,8,4,26,21,2016,8,9,4,3,5,3,0,0,1,1,0,0,0,0,5.58996E+20,5.32746E+21,9.79237E+15,4.80977E+16
116669,116670,8,4,37,44,2016,8,19,5,3,5,2,1,1,1,0,0,0,0,0,5.2955E+20,5.32426E+21,9.39668E+15,4.80709E+16
116670,116671,8,4,37,78,2016,7,20,1,3,0,1,0,0,1,0,0,0,0,0,5.07904E+20,5.31604E+21,9.10595E+15,4.79976E+16
116671,116672,8,3,17,65,2016,8,8,5,3,5,3,0,0,0,1,0,0,0,0,4.14042E+20,5.35464E+21,7.84004E+15,4.83391E+16
116672,116673,8,1,17,49,2016,8,16,5,2,6,1,0,0,0,1,1,0,0,0,5.5667E+20,5.39218E+21,9.76987E+15,4.86801E+16
116673,116674,8,1,16,33,2016,8,12,3,3,5,2,0,0,1,0,0,0,0,0,5.33276E+20,5.38795E+21,9.45174E+15,4.86437E+16
116674,116675,8,4,25,79,2016,7,12,7,3,5,3,0,0,0,1,0,1,0,0,5.55436E+20,5.37297E+21,9.75055E+15,4.85074E+16
116675,116676,8,2,16,7,2016,8,17,3,3,2,6,0,1,0,1,0,0,0,0,4.36307E+20,5.39406E+21,8.13444E+15,4.86963E+16
116676,116677,8,1,18,79,2016,8,18,7,3,5,3,0,0,0,1,0,0,0,0,5.07532E+20,5.42316E+21,9.1029E+15,4.89613E+16
116677,116678,8,1,19,24,2016,8,3,4,2,6,6,2,0,0,0,1,0,0,1,5.38092E+20,5.43394E+21,9.52139E+15,4.90572E+16
116678,116679,8,4,16,41,2016,8,12,4,3,6,6,0,0,1,0,1,0,0,0,5.04218E+20,5.37376E+21,9.05711E+15,4.8517E+16
116679,116680,8,4,35,16,2016,7,16,1,3,6,6,0,1,1,0,1,0,0,0,5.36E+20,5.27748E+21,9.47937E+15,4.76497E+16
116680,116681,8,3,36,69,2016,8,12,5,2,5,3,0,0,1,1,0,0,0,0,4.07491E+20,5.26877E+21,7.77014E+15,4.75657E+16
116681,116682,8,1,16,33,2016,8,11,5,3,1,1,0,0,1,1,0,0,0,0,5.32654E+20,5.3874E+21,9.44324E+15,4.86388E+16
116682,116683,8,4,16,41,2016,8,16,2,3,5,3,0,0,0,1,0,0,0,0,5.06288E+20,5.37393E+21,9.08516E+15,4.85185E+16
116683,116684,8,4,17,2,2016,7,16,7,2,6,4,0,0,0,1,1,0,0,0,4.88962E+20,5.34675E+21,8.85125E+15,4.82738E+16
116684,116685,8,3,15,7,2016,8,16,1,3,4,2,0,0,0,1,0,1,0,0,4.00431E+20,5.2948E+21,7.67036E+15,4.77989E+16
116685,116686,8,1,35,19,2016,8,18,5,3,2,6,0,0,0,1,0,0,0,0,5.84415E+20,5.3918E+21,1.01466E+16,4.86736E+16
116686,116687,8,1,17,18,2016,8,11,4,3,0,1,0,0,1,0,0,0,0,0,5.39642E+20,5.3963E+21,9.53895E+15,4.87184E+16
116687,116688,8,4,15,61,2016,8,8,4,3,0,1,0,0,1,0,0,0,0,0,5.15451E+20,5.37028E+21,9.2091E+15,4.84855E+16
116688,116689,8,3,36,50,2016,7,11,1,3,5,3,0,0,1,1,0,0,0,0,3.99477E+20,5.27383E+21,7.66246E+15,4.761E+16
116689,116690,8,3,25,49,2016,8,17,3,3,1,2,0,0,0,1,0,0,0,0,4.73169E+20,5.33428E+21,8.63918E+15,4.81612E+16
116690,116691,8,1,28,39,2016,8,12,5,3,0,7,0,0,1,0,1,0,0,0,5.29216E+20,5.51244E+21,9.40567E+15,4.97637E+16
116691,116692,8,1,16,48,2016,8,10,4,2,0,1,0,0,1,0,0,0,0,0,5.34335E+20,5.39142E+21,9.46641E+15,4.86749E+16
116692,116693,8,3,35,75,2016,8,7,4,3,5,3,0,0,0,1,0,0,0,0,4.88334E+20,5.28776E+21,8.84437E+15,4.77431E+16
116693,116694,8,3,27,50,2016,7,7,1,3,5,3,1,1,0,1,0,0,0,0,4.86678E+20,5.31439E+21,8.82146E+15,4.79827E+16
116694,116695,8,2,31,0,2016,8,14,5,3,2,6,0,0,0,1,0,0,0,0,4.75572E+20,5.41549E+21,8.66674E+15,4.88919E+16
116695,116696,8,3,35,43,2016,8,14,2,3,0,6,0,0,1,0,0,0,0,1,5.13321E+20,5.27873E+21,9.17742E+15,4.76619E+16
116696,116697,8,3,37,126,2016,7,15,7,3,5,3,0,0,1,1,0,0,0,0,4.41174E+20,5.27471E+21,8.21708E+15,4.76231E+16
116697,116698,8,3,36,69,2016,8,18,1,3,5,3,0,0,0,1,0,0,0,0,4.0824E+20,5.26822E+21,7.78021E+15,4.75609E+16
116698,116699,8,2,26,9,2016,8,14,1,2,2,6,0,0,0,1,0,1,0,0,4.65725E+20,5.47054E+21,8.52773E+15,4.93866E+16
116699,116700,8,4,26,97,2016,8,19,6,3,5,2,1,1,1,1,0,0,0,0,5.36105E+20,5.33296E+21,9.4854E+15,4.81488E+16
116700,116701,8,1,27,8,2016,8,12,6,2,5,3,0,0,0,1,0,0,0,0,5.79675E+20,5.46325E+21,1.00963E+16,4.93168E+16
116701,116702,8,3,17,57,2016,7,21,1,3,6,2,2,0,0,1,1,0,0,0,4.11989E+20,5.38082E+21,7.80685E+15,4.85742E+16
116702,116703,8,3,15,15,2016,8,15,3,3,3,2,0,0,1,0,0,0,0,0,3.94481E+20,5.32069E+21,7.58459E+15,4.80307E+16
116703,116704,8,2,26,37,2016,8,17,7,3,5,3,0,0,0,1,0,0,0,0,4.65843E+20,5.46862E+21,8.52952E+15,4.93693E+16
116704,116705,8,3,11,0,2016,8,20,7,3,0,1,2,0,0,0,0,1,0,0,4.13777E+20,5.31704E+21,7.8441E+15,4.80008E+16
116705,116706,8,2,12,0,2016,7,14,1,3,3,6,0,0,1,0,0,0,0,0,4.55507E+20,5.42663E+21,8.3918E+15,4.8991E+16
116706,116707,8,3,27,7,2016,8,15,2,3,5,3,0,0,1,1,0,0,0,0,4.872E+20,5.3289E+21,8.82804E+15,4.81133E+16
116707,116708,8,3,35,79,2016,7,18,7,3,5,3,0,0,0,1,0,1,0,0,5.00479E+20,5.30101E+21,9.0064E+15,4.78624E+16
116708,116709,8,3,17,110,2016,8,3,1,3,9,1,2,0,0,1,0,0,0,0,4.27553E+20,5.38044E+21,8.01787E+15,4.85728E+16
116709,116710,8,4,36,64,2016,8,15,7,3,2,6,0,0,0,1,0,1,0,0,5.43554E+20,5.29221E+21,9.58142E+15,4.77818E+16
116710,116711,8,1,15,45,2016,8,10,4,3,5,3,0,0,0,1,0,0,0,0,4.99816E+20,5.39479E+21,8.9975E+15,4.87061E+16
116711,116712,8,3,25,12,2016,8,2,6,3,0,7,2,1,0,1,1,0,0,0,4.63864E+20,5.3557E+21,8.51223E+15,4.83535E+16
116712,116713,8,1,19,20,2016,8,17,6,3,1,5,0,1,1,1,0,0,0,0,5.19984E+20,5.4074E+21,9.27224E+15,4.88193E+16
116713,116714,8,1,15,45,2016,8,14,4,3,1,5,0,0,0,1,0,0,0,0,4.99866E+20,5.39491E+21,8.99819E+15,4.87072E+16
116714,116715,8,2,21,0,2016,7,11,1,3,1,5,0,0,1,1,0,0,0,0,4.77577E+20,5.47434E+21,8.69082E+15,4.94213E+16
116715,116716,8,2,37,40,2016,8,19,3,2,1,5,0,1,1,0,0,0,0,1,4.75761E+20,5.37072E+21,8.67195E+15,4.84891E+16
116716,116717,8,1,28,6,2016,8,13,7,3,5,3,0,1,0,1,0,0,0,0,5.49894E+20,5.47528E+21,9.68806E+15,4.94281E+16
116717,116718,8,1,15,50,2016,8,14,4,3,6,1,0,0,0,1,1,0,0,0,4.89161E+20,5.40159E+21,8.85249E+15,4.87672E+16
116718,116719,8,2,11,0,2016,8,10,6,3,5,2,0,0,1,1,0,0,0,0,4.4298E+20,5.40646E+21,8.2234E+15,4.88085E+16
116719,116720,8,3,35,43,2016,8,19,4,3,1,5,0,0,1,1,0,0,0,0,5.1301E+20,5.27929E+21,9.17329E+15,4.76668E+16
116720,116721,8,4,21,0,2016,8,5,5,3,5,3,0,0,0,1,0,0,0,1,5.73285E+20,5.36092E+21,9.99006E+15,4.83971E+16
116721,116722,8,3,27,50,2016,8,14,7,2,6,6,0,0,1,0,1,0,0,0,4.87376E+20,5.31551E+21,8.83079E+15,4.79928E+16
116722,116723,8,1,15,15,2016,8,18,4,3,0,1,0,0,0,0,0,1,0,0,4.92776E+20,5.38766E+21,8.90194E+15,4.8642E+16
116723,116724,8,2,36,4,2016,8,18,6,3,1,6,0,1,0,1,0,1,0,0,4.74031E+20,5.41351E+21,8.64584E+15,4.8874E+16
116724,116725,8,4,36,3,2016,8,12,5,3,5,3,0,0,1,0,0,0,0,0,5.80867E+20,5.3056E+21,1.0082E+16,4.78987E+16
116725,116726,8,2,22,0,2016,7,14,1,3,5,3,0,0,0,1,0,0,0,0,4.69496E+20,5.47645E+21,8.57923E+15,4.944E+16
116726,116727,8,3,36,50,2016,8,14,5,3,5,3,0,0,0,1,0,0,0,0,4.00286E+20,5.27438E+21,7.6731E+15,4.76151E+16
116727,116728,8,1,16,19,2016,8,14,5,3,6,7,0,0,0,0,1,1,0,0,5.2258E+20,5.39894E+21,9.30714E+15,4.8743E+16
116728,116729,8,1,36,65,2016,8,8,3,3,6,1,0,0,1,0,1,0,0,0,5.58889E+20,5.40527E+21,9.80189E+15,4.87977E+16
116729,116730,8,1,15,3,2016,8,6,7,3,5,3,0,0,1,1,0,0,0,0,5.00802E+20,5.39136E+21,9.0109E+15,4.86753E+16
116730,116731,8,1,11,0,2016,8,13,4,3,6,4,0,0,1,0,1,0,0,0,5.13275E+20,5.40269E+21,9.18069E+15,4.87771E+16
116731,116732,8,4,36,64,2016,8,7,4,2,5,3,0,0,1,1,0,0,0,0,5.45782E+20,5.29322E+21,9.61127E+15,4.77907E+16
116732,116733,8,2,22,0,2016,7,8,1,2,9,1,0,0,0,1,0,0,0,0,4.60541E+20,5.4858E+21,8.45478E+15,4.95236E+16
116733,116734,8,3,11,0,2016,8,13,5,3,2,1,0,0,1,1,0,0,0,0,4.14663E+20,5.31664E+21,7.85605E+15,4.79974E+16
116734,116735,8,3,35,43,2016,7,10,7,3,5,3,0,0,0,1,0,1,0,0,5.13239E+20,5.27849E+21,9.17632E+15,4.76597E+16
116735,116736,8,2,16,7,2016,7,21,1,3,9,1,1,0,0,0,0,1,0,0,4.38022E+20,5.39497E+21,8.15761E+15,4.87047E+16
116736,116737,8,3,17,96,2016,8,16,5,3,0,1,0,1,0,0,0,1,0,0,4.20236E+20,5.37E+21,7.92069E+15,4.84781E+16
116737,116738,8,1,15,3,2016,8,18,5,3,2,6,0,1,0,1,0,0,0,0,5.01182E+20,5.39233E+21,9.01606E+15,4.8684E+16
116738,116739,8,1,11,0,2016,8,14,3,2,5,3,0,0,1,1,0,0,0,0,5.17532E+20,5.40259E+21,9.23863E+15,4.87761E+16
116739,116740,8,3,27,50,2016,7,12,7,3,6,4,0,0,0,1,1,0,0,0,4.86336E+20,5.3144E+21,8.81689E+15,4.79828E+16
116740,116741,8,1,27,14,2016,8,15,5,2,6,7,0,0,0,1,1,0,0,0,5.79085E+20,5.44252E+21,1.00841E+16,4.91304E+16
116741,116742,8,4,36,64,2016,8,16,3,3,5,3,0,0,1,0,0,0,0,1,5.45949E+20,5.29292E+21,9.61346E+15,4.7788E+16
116742,116743,8,3,26,12,2016,8,11,4,2,9,1,0,0,1,0,0,0,0,0,4.67858E+20,5.30521E+21,8.56995E+15,4.78994E+16
116743,116744,8,2,16,7,2016,7,1,1,2,9,7,2,0,0,1,0,0,0,0,4.38459E+20,5.3944E+21,8.16363E+15,4.86996E+16
116744,116745,8,2,31,0,2016,8,14,5,3,0,1,0,0,1,0,0,0,0,0,4.78339E+20,5.41515E+21,8.7045E+15,4.88889E+16
116745,116746,8,3,27,49,2016,8,14,2,3,5,3,0,0,1,1,0,0,0,0,4.72813E+20,5.32505E+21,8.63499E+15,4.80782E+16
116746,116747,8,3,25,49,2016,7,23,7,3,0,1,2,0,1,0,0,0,0,0,4.75787E+20,5.33059E+21,8.6746E+15,4.81281E+16
116747,116748,8,3,26,12,2016,8,12,1,2,0,1,0,0,0,0,0,1,0,0,4.6653E+20,5.31431E+21,8.55147E+15,4.79812E+16
116748,116749,8,1,27,76,2016,8,15,1,3,8,1,0,0,1,0,0,0,0,0,5.54839E+20,5.44249E+21,9.75176E+15,4.91328E+16
116749,116750,8,4,15,50,2016,8,11,6,2,6,4,0,0,1,0,1,0,0,0,5.20727E+20,5.37687E+21,9.28082E+15,4.85446E+16
116750,116751,8,1,25,111,2016,8,16,6,2,5,3,0,0,0,1,0,1,0,0,5.26114E+20,5.45423E+21,9.35876E+15,4.92403E+16
116751,116752,8,4,35,16,2016,8,14,3,3,6,4,0,0,1,0,1,0,0,0,5.36206E+20,5.27756E+21,9.48211E+15,4.76505E+16
116752,116753,8,1,36,65,2016,7,18,1,3,1,1,0,0,0,1,0,0,0,0,5.57114E+20,5.40427E+21,9.77758E+15,4.87888E+16
116753,116754,8,3,11,0,2016,8,19,1,3,0,1,0,0,0,0,0,1,0,0,4.10883E+20,5.3154E+21,7.80565E+15,4.79857E+16
116754,116755,8,4,26,97,2016,8,21,3,3,1,1,2,0,0,1,0,1,0,0,5.35828E+20,5.33303E+21,9.4817E+15,4.81495E+16
116755,116756,8,3,17,34,2016,8,13,4,3,9,7,0,0,1,1,0,0,0,0,4.26568E+20,5.36221E+21,8.00772E+15,4.84088E+16
116756,116757,8,1,21,0,2016,7,13,1,3,5,3,0,0,1,1,0,0,0,0,5.14576E+20,5.44399E+21,9.19987E+15,4.91486E+16
116757,116758,8,3,17,26,2016,8,10,3,3,0,7,0,0,0,1,0,0,0,0,4.12026E+20,5.34642E+21,7.81456E+15,4.82648E+16
116758,116759,8,3,11,0,2016,8,8,7,2,5,2,0,0,0,1,0,1,0,0,4.0977E+20,5.31696E+21,7.79041E+15,4.79995E+16
116759,116760,8,3,27,46,2016,8,15,2,3,5,3,0,0,0,1,0,0,0,0,4.8079E+20,5.32482E+21,8.7421E+15,4.80763E+16
116760,116761,8,3,16,9,2016,8,18,1,2,0,1,0,0,1,0,0,0,0,0,4.18117E+20,5.32423E+21,7.90089E+15,4.80661E+16
116761,116762,8,4,15,61,2016,8,7,7,3,8,1,0,0,0,1,0,0,0,0,5.16023E+20,5.37377E+21,9.21697E+15,4.85168E+16
116762,116763,8,4,21,0,2016,8,14,3,3,0,7,0,0,1,1,0,0,0,0,5.72051E+20,5.36048E+21,9.97332E+15,4.83934E+16
116763,116764,8,3,11,0,2016,8,8,6,3,0,3,0,0,1,0,0,0,0,1,4.14098E+20,5.31611E+21,7.84859E+15,4.79925E+16
116764,116765,8,4,25,17,2016,8,17,6,2,5,3,0,1,0,1,0,0,0,1,5.57857E+20,5.36777E+21,9.7826E+15,4.84604E+16
116765,116766,8,1,16,56,2016,7,17,1,3,0,7,0,0,1,1,0,0,0,0,5.3183E+20,5.39578E+21,9.43271E+15,4.87142E+16
116766,116767,8,2,22,0,2016,8,15,3,3,5,3,0,1,0,1,0,0,0,0,4.61678E+20,5.48054E+21,8.47101E+15,4.94763E+16
116767,116768,8,1,19,85,2016,8,13,7,3,1,5,0,0,1,1,0,0,0,0,5.2921E+20,5.41418E+21,9.3984E+15,4.88799E+16
116768,116769,8,3,11,0,2016,8,11,3,3,5,2,0,0,1,1,0,0,0,0,4.10367E+20,5.31571E+21,7.79868E+15,4.79884E+16
116769,116770,8,2,22,0,2016,8,20,7,2,5,2,1,0,1,1,0,0,0,0,4.61623E+20,5.48369E+21,8.46993E+15,4.95046E+16
116770,116771,8,4,21,0,2016,8,7,3,3,0,2,0,0,0,1,0,0,0,1,5.7336E+20,5.36144E+21,9.99116E+15,4.84018E+16
116771,116772,8,2,22,0,2016,8,14,6,3,5,3,0,0,0,1,0,0,0,0,4.63129E+20,5.47882E+21,8.49118E+15,4.94609E+16
116772,116773,8,4,35,16,2016,8,8,5,2,0,1,0,0,1,0,0,0,0,0,5.36628E+20,5.28221E+21,9.48813E+15,4.76922E+16
116773,116774,8,4,35,16,2016,8,13,5,2,5,3,0,0,1,1,0,0,0,0,5.36891E+20,5.27807E+21,9.49128E+15,4.7655E+16
116774,116775,8,1,11,0,2016,8,17,5,3,3,6,0,0,0,1,0,1,0,0,5.13728E+20,5.40256E+21,9.18685E+15,4.87759E+16
116775,116776,8,1,17,51,2016,8,17,3,3,5,3,0,1,1,1,0,0,0,0,5.41818E+20,5.39575E+21,9.56848E+15,4.87134E+16
116776,116777,8,3,17,96,2016,7,17,7,3,0,3,0,0,1,1,0,0,0,0,4.19725E+20,5.36806E+21,7.91415E+15,4.84605E+16
116777,116778,8,2,21,0,2016,8,19,4,3,6,7,0,0,0,1,1,0,0,0,4.81114E+20,5.47427E+21,8.73959E+15,4.94208E+16
116778,116779,8,3,35,43,2016,8,14,4,3,0,1,0,1,1,0,0,0,0,0,5.11102E+20,5.28213E+21,9.14795E+15,4.76925E+16
116779,116780,8,2,26,10,2016,8,10,3,1,0,1,0,0,1,0,0,0,0,0,4.83924E+20,5.45877E+21,8.77896E+15,4.92815E+16
116780,116781,8,4,35,34,2016,8,10,5,3,3,2,0,0,1,1,0,0,0,0,5.29197E+20,5.28543E+21,9.38931E+15,4.77216E+16
116781,116782,8,2,22,0,2016,8,7,5,3,5,2,0,0,1,1,0,0,0,0,4.63593E+20,5.47884E+21,8.49759E+15,4.94611E+16
116782,116783,8,2,26,101,2016,8,12,2,3,5,3,0,0,0,1,0,0,0,0,4.86921E+20,5.46005E+21,8.82012E+15,4.9293E+16
116783,116784,8,1,26,66,2016,8,18,5,3,4,6,0,0,0,1,0,0,0,0,5.3686E+20,5.45023E+21,9.50601E+15,4.92037E+16
116784,116785,8,1,15,45,2016,8,18,2,3,4,2,0,0,1,1,0,0,0,0,5.00564E+20,5.39623E+21,9.00767E+15,4.87191E+16
116785,116786,8,3,11,0,2016,8,14,5,2,0,7,0,0,1,0,0,0,0,0,4.0256E+20,5.31337E+21,7.69459E+15,4.79663E+16
116786,116787,8,2,15,109,2016,8,10,4,3,3,3,0,0,1,1,0,0,0,0,4.61146E+20,5.43415E+21,8.46816E+15,4.9059E+16
116787,116788,8,3,17,114,2016,8,12,4,3,0,3,0,0,0,1,0,1,0,0,4.05635E+20,5.34593E+21,7.72858E+15,4.82595E+16
116788,116789,8,2,16,43,2016,8,12,3,3,5,2,0,0,1,0,0,0,0,0,4.42382E+20,5.4115E+21,8.21454E+15,4.88538E+16
116789,116790,8,1,36,60,2016,8,2,1,2,0,1,2,0,0,0,0,1,0,0,5.75496E+20,5.43264E+21,1.00331E+16,4.9042E+16
116790,116791,8,2,26,85,2016,8,9,2,3,5,3,0,0,0,1,0,0,0,1,4.90667E+20,5.45599E+21,8.87174E+15,4.92566E+16
116791,116792,8,3,35,43,2016,8,11,7,1,6,4,0,0,0,0,1,0,0,1,5.11058E+20,5.28102E+21,9.14733E+15,4.76825E+16
116792,116793,8,2,15,39,2016,8,18,3,3,8,1,0,0,1,0,0,0,0,0,4.7304E+20,5.45225E+21,8.62976E+15,4.92224E+16
116793,116794,8,2,25,58,2016,8,11,2,3,5,3,0,0,1,1,0,0,0,0,5.0767E+20,5.46575E+21,9.10559E+15,4.93444E+16
116794,116795,8,2,15,17,2016,8,13,3,3,5,3,0,0,1,0,0,0,0,0,4.5627E+20,5.42166E+21,8.40276E+15,4.89463E+16
116795,116796,8,3,35,43,2016,8,14,5,3,5,3,0,0,1,1,0,0,0,0,5.12912E+20,5.27935E+21,9.17199E+15,4.76674E+16
116796,116797,8,1,21,0,2016,8,9,5,3,0,5,0,0,1,1,0,0,0,0,5.13939E+20,5.44286E+21,9.1911E+15,4.91384E+16
116797,116798,8,4,15,19,2016,8,1,1,2,0,1,2,0,1,0,0,0,0,0,5.17855E+20,5.36954E+21,9.24161E+15,4.84787E+16
116798,116799,8,1,28,131,2016,8,17,7,3,5,3,0,0,1,1,0,0,0,0,5.39089E+20,5.5127E+21,9.5428E+15,4.97655E+16
116799,116800,8,3,11,0,2016,8,14,6,3,1,5,0,0,1,1,0,0,0,0,4.13923E+20,5.31572E+21,7.84631E+15,4.7989E+16
116800,116801,8,2,15,96,2016,8,11,3,3,5,3,0,0,1,1,0,0,0,0,4.63776E+20,5.41876E+21,8.50553E+15,4.89207E+16
116801,116802,8,1,16,19,2016,8,13,1,3,1,1,0,0,0,1,0,0,0,1,5.2247E+20,5.39885E+21,9.30563E+15,4.87422E+16
116802,116803,8,2,22,0,2016,8,18,2,3,0,1,0,0,1,0,0,0,0,0,4.60704E+20,5.48221E+21,8.45739E+15,4.94913E+16
116803,116804,8,3,15,95,2016,8,16,7,3,0,4,0,0,1,0,1,0,0,0,4.2908E+20,5.31941E+21,8.04883E+15,4.8024E+16
116804,116805,8,1,36,88,2016,8,7,4,3,0,3,0,0,0,1,0,1,0,0,5.78577E+20,5.41008E+21,1.00709E+16,4.88387E+16
116805,116806,8,4,25,72,2016,8,1,6,3,8,1,2,1,0,1,0,0,0,0,5.83053E+20,5.37166E+21,1.01241E+16,4.84926E+16
116806,116807,8,2,35,79,2016,8,15,1,3,0,7,0,0,0,1,1,0,0,0,4.6888E+20,5.39841E+21,8.57674E+15,4.87379E+16
116807,116808,8,1,27,76,2016,8,14,4,3,4,2,0,0,0,1,0,0,0,0,5.50767E+20,5.43996E+21,9.69563E+15,4.91104E+16
116808,116809,8,1,18,46,2016,8,14,7,3,5,3,0,0,1,1,0,0,0,0,5.13381E+20,5.41192E+21,9.18243E+15,4.88601E+16
116809,116810,8,3,15,115,2016,8,9,5,3,0,1,0,0,1,0,0,0,0,0,4.08185E+20,5.32184E+21,7.76813E+15,4.80432E+16
116810,116811,8,2,26,76,2016,8,8,6,3,5,3,0,1,0,1,0,0,0,0,4.75233E+20,5.46583E+21,8.65903E+15,4.93447E+16
116811,116812,8,1,21,0,2016,8,17,4,3,1,5,0,0,0,1,0,0,0,1,5.13997E+20,5.44251E+21,9.19189E+15,4.91353E+16
116812,116813,8,2,12,0,2016,8,8,3,3,0,7,0,1,1,1,0,0,0,0,4.56768E+20,5.42719E+21,8.40899E+15,4.89961E+16
116813,116814,8,4,16,41,2016,8,10,7,3,4,6,0,0,1,0,0,0,0,0,5.03559E+20,5.37383E+21,9.0482E+15,4.85175E+16
116814,116815,8,2,15,102,2016,8,16,2,3,5,3,0,0,0,1,0,1,0,0,4.55748E+20,5.43542E+21,8.39414E+15,4.907E+16
116815,116816,8,2,21,0,2016,8,19,7,3,0,7,0,0,1,1,0,0,0,0,4.78698E+20,5.47304E+21,8.70635E+15,4.94097E+16
116816,116817,8,1,21,0,2016,8,15,4,3,5,3,0,0,0,1,0,0,0,0,5.15427E+20,5.44424E+21,9.21155E+15,4.91508E+16
116817,116818,8,3,27,50,2016,8,21,6,2,0,7,2,0,0,0,0,1,0,0,4.88659E+20,5.31682E+21,8.84795E+15,4.80046E+16
116818,116819,8,3,17,96,2016,8,8,4,2,0,7,0,0,1,0,0,0,0,0,4.25156E+20,5.36987E+21,7.98728E+15,4.84775E+16
116819,116820,8,1,35,19,2016,8,7,6,2,0,1,0,1,1,0,0,0,0,0,5.84605E+20,5.39138E+21,1.01491E+16,4.86698E+16
116820,116821,8,1,18,79,2016,8,14,3,3,1,5,0,0,0,1,0,1,0,0,5.10823E+20,5.42219E+21,9.14783E+15,4.89526E+16
116821,116822,8,1,11,0,2016,8,7,6,3,1,5,0,1,1,1,0,0,0,0,5.11685E+20,5.40592E+21,9.15914E+15,4.88061E+16