FID,OBJECTID,ULAND,UREGBEZ,UKREIS,UGEMEINDE,UJAHR,UMONAT,USTUNDE,UWOCHENTAG,UKATEGORIE,UART,UTYP1,ULICHTVERH,IstStrasse,IstRad,IstPKW,IstFuss,IstKrad,IstGkfz,IstSonstig,LINREFX,LINREFY,XGCSWGS84,YGCSWGS84
116822,116823,8,2,22,0,2016,8,14,5,3,5,2,0,0,1,1,0,0,0,0,4.64538E+20,5.48504E+21,8.51007E+15,4.9517E+16
116823,116824,8,2,12,0,2016,8,10,2,2,6,6,0,0,1,0,1,0,0,0,4.5693E+20,5.4273E+21,8.41118E+15,4.89971E+16
116824,116825,8,2,15,109,2016,8,10,6,3,5,7,0,0,0,1,0,0,0,1,4.61644E+20,5.44003E+21,8.47442E+15,4.9112E+16
116825,116826,8,1,36,88,2016,8,16,3,3,2,2,0,0,0,1,0,1,0,0,5.81153E+20,5.41315E+21,1.01066E+16,4.8866E+16
116826,116827,8,1,19,20,2016,8,8,6,3,0,7,0,1,1,0,0,0,0,1,5.1966E+20,5.4055E+21,9.26774E+15,4.88022E+16
116827,116828,8,2,22,0,2016,8,17,5,2,1,5,0,0,1,1,0,0,0,0,4.63262E+20,5.47888E+21,8.49302E+15,4.94615E+16
116828,116829,8,2,12,0,2016,8,11,2,3,5,2,0,0,1,1,0,0,0,0,4.56537E+20,5.42682E+21,8.40586E+15,4.89928E+16
116829,116830,8,2,11,0,2016,8,14,7,3,5,3,0,0,1,1,0,0,0,0,4.43739E+20,5.40095E+21,8.23449E+15,4.87591E+16
116830,116831,8,1,19,79,2016,8,17,4,3,5,3,0,0,0,1,0,0,0,0,5.25178E+20,5.40752E+21,9.34299E+15,4.88201E+16
116831,116832,8,3,11,0,2016,8,18,4,3,2,6,0,0,0,1,0,0,0,0,4.13504E+20,5.31642E+21,7.84056E+15,4.79952E+16
116832,116833,8,1,28,131,2016,8,18,3,2,0,1,0,0,1,0,0,0,0,0,5.36697E+20,5.51071E+21,9.50939E+15,4.97477E+16
116833,116834,8,4,26,8,2016,8,17,5,3,0,1,0,0,1,0,0,0,0,0,5.29368E+20,5.33174E+21,9.39475E+15,4.81382E+16
116834,116835,8,2,11,0,2016,8,9,2,3,5,3,0,0,0,1,0,0,0,0,4.40796E+20,5.40412E+21,8.19399E+15,4.87873E+16
116835,116836,8,1,25,39,2016,8,6,5,3,5,3,0,0,0,1,0,0,0,0,5.11636E+20,5.45856E+21,9.15999E+15,4.92797E+16
116836,116837,8,4,35,59,2016,8,1,1,3,1,1,2,0,1,1,0,0,0,0,5.13424E+20,5.28999E+21,9.17913E+15,4.77632E+16
116837,116838,8,3,11,0,2016,8,12,5,2,5,3,0,0,1,0,0,0,0,0,4.14028E+20,5.31494E+21,7.84788E+15,4.7982E+16
116838,116839,8,1,19,68,2016,8,15,5,2,5,3,0,0,1,1,0,0,0,0,5.258E+20,5.41323E+21,9.35183E+15,4.88715E+16
116839,116840,8,1,16,16,2016,8,11,2,3,2,6,0,0,0,1,0,0,0,1,5.33443E+20,5.38564E+21,9.45382E+15,4.86229E+16
116840,116841,8,2,12,0,2016,8,9,5,2,1,3,0,0,1,0,0,0,0,0,4.53356E+20,5.42884E+21,8.36215E+15,4.90107E+16
116841,116842,8,1,15,28,2016,8,16,4,2,0,1,0,0,1,0,0,0,0,0,5.02712E+20,5.40384E+21,9.03692E+15,4.87876E+16
116842,116843,8,3,36,91,2016,8,10,4,3,3,6,0,0,1,1,0,0,0,0,3.96801E+20,5.27279E+21,7.62711E+15,4.76003E+16
116843,116844,8,2,25,58,2016,8,13,1,3,8,1,0,0,1,0,0,0,0,0,5.11408E+20,5.4694E+21,9.15716E+15,4.93772E+16
116844,116845,8,1,26,45,2016,8,15,3,2,8,7,0,0,0,0,0,1,0,0,5.46121E+20,5.47077E+21,9.63551E+15,4.93879E+16
116845,116846,8,3,17,96,2016,8,22,5,3,3,6,2,0,1,1,0,0,0,0,4.21869E+20,5.36944E+21,7.9429E+15,4.84733E+16
116846,116847,8,1,36,20,2016,8,14,2,3,4,1,0,0,0,1,0,1,0,0,5.61325E+20,5.41587E+21,9.83664E+15,4.88928E+16
116847,116848,8,1,19,85,2016,8,15,5,3,3,6,0,0,0,1,0,0,0,1,5.29076E+20,5.41371E+21,9.39654E+15,4.88757E+16
116848,116849,8,3,17,96,2016,8,17,1,3,1,5,0,0,1,1,0,0,0,0,4.22446E+20,5.3654E+21,7.95145E+15,4.8437E+16
116849,116850,8,1,19,20,2016,8,17,7,2,5,3,0,0,1,1,0,0,0,0,5.2085E+20,5.4069E+21,9.28401E+15,4.88147E+16
116850,116851,8,3,36,50,2016,8,18,5,3,1,1,0,0,1,0,0,0,0,1,3.99284E+20,5.27254E+21,7.66018E+15,4.75985E+16
116851,116852,8,2,12,0,2016,8,20,6,2,8,1,1,0,0,0,0,1,0,0,4.52365E+20,5.42897E+21,8.34858E+15,4.90118E+16
116852,116853,8,1,26,69,2016,8,17,3,3,5,3,0,0,0,1,0,0,0,0,5.3546E+20,5.44761E+21,9.48656E+15,4.91802E+16
116853,116854,8,4,26,44,2016,8,15,7,3,5,2,0,0,1,1,0,0,0,0,5.76201E+20,5.32722E+21,1.00234E+16,4.80937E+16
116854,116855,8,1,36,88,2016,8,11,2,3,2,6,0,0,0,1,0,0,0,0,5.80031E+20,5.4096E+21,1.00906E+16,4.88343E+16
116855,116856,8,2,22,0,2016,8,4,7,3,1,5,2,0,1,1,0,0,0,0,4.60628E+20,5.48186E+21,8.45638E+15,4.94881E+16
116856,116857,8,1,11,0,2016,8,10,4,3,3,6,0,0,0,1,0,1,0,0,5.15787E+20,5.39911E+21,9.21475E+15,4.87449E+16
116857,116858,8,3,11,0,2016,8,3,4,3,0,1,2,1,1,0,0,0,0,0,4.13653E+20,5.31668E+21,7.84251E+15,4.79976E+16
116858,116859,8,1,19,20,2016,8,17,3,3,2,6,0,0,0,1,0,1,0,0,5.20081E+20,5.40706E+21,9.27354E+15,4.88162E+16
116859,116860,8,1,21,0,2016,8,0,1,3,0,7,2,0,0,1,0,0,0,0,5.16384E+20,5.4454E+21,9.22472E+15,4.91612E+16
116860,116861,8,1,36,2,2016,8,15,2,2,2,6,0,0,1,0,0,0,0,0,5.68685E+20,5.41626E+21,9.9371E+15,4.88955E+16
116861,116862,8,3,17,96,2016,8,11,7,3,6,2,0,0,0,1,1,0,0,0,4.21966E+20,5.3693E+21,7.94424E+15,4.8472E+16
116862,116863,8,1,19,8,2016,8,17,3,3,5,3,0,0,0,1,0,0,0,0,5.3157E+20,5.42146E+21,9.43115E+15,4.89453E+16
116863,116864,8,1,35,16,2016,8,7,2,3,5,3,0,0,1,0,0,1,0,0,5.92161E+20,5.38614E+21,1.02506E+16,4.86215E+16
116864,116865,8,2,31,0,2016,8,14,1,3,0,1,0,0,1,0,0,0,0,0,4.77989E+20,5.41544E+21,8.69972E+15,4.88915E+16
116865,116866,8,1,11,0,2016,8,9,4,3,5,3,0,0,1,1,0,0,0,0,5.19595E+20,5.40143E+21,9.26666E+15,4.87656E+16
116866,116867,8,1,16,56,2016,8,19,7,3,0,1,0,0,0,0,0,1,0,0,5.30997E+20,5.39552E+21,9.42137E+15,4.87119E+16
116867,116868,8,2,26,59,2016,8,12,6,3,1,5,0,0,0,1,0,1,0,0,4.64923E+20,5.46044E+21,8.51757E+15,4.92957E+16
116868,116869,8,1,11,0,2016,8,12,4,3,5,3,0,0,1,1,0,0,0,0,5.16175E+20,5.40537E+21,9.22026E+15,4.88011E+16
116869,116870,8,1,18,48,2016,8,11,3,3,6,7,0,0,0,1,1,0,0,0,5.12193E+20,5.41518E+21,9.16634E+15,4.88895E+16
116870,116871,8,4,15,78,2016,8,12,7,3,0,1,0,0,1,0,0,0,0,0,5.30073E+20,5.36657E+21,9.40671E+15,4.84516E+16
116871,116872,8,1,17,19,2016,8,3,2,3,2,6,2,0,1,0,0,1,0,0,5.50706E+20,5.39393E+21,9.68907E+15,4.86963E+16
116872,116873,8,2,12,0,2016,8,14,7,3,5,3,0,0,1,1,0,0,0,0,4.608E+20,5.42968E+21,8.46386E+15,4.90187E+16
116873,116874,8,4,36,64,2016,8,14,3,2,5,3,0,1,0,1,0,0,0,0,5.43135E+20,5.29165E+21,9.57578E+15,4.77768E+16
116874,116875,8,4,35,66,2016,8,12,3,3,1,5,0,0,1,1,0,0,0,0,5.17969E+20,5.2848E+21,9.23957E+15,4.77163E+16
116875,116876,8,3,35,75,2016,8,14,6,3,2,6,0,0,1,0,0,0,0,0,4.89586E+20,5.28889E+21,8.86105E+15,4.77533E+16
116876,116877,8,2,12,0,2016,8,19,6,3,5,3,0,0,0,1,0,0,0,0,4.51781E+20,5.42727E+21,8.3408E+15,4.89964E+16
116877,116878,8,1,17,26,2016,8,17,3,3,1,6,0,0,0,1,0,0,0,0,5.48952E+20,5.3936E+21,9.66519E+15,4.86936E+16
116878,116879,8,1,16,35,2016,8,17,6,3,1,6,0,0,0,1,0,0,0,0,5.27733E+20,5.39235E+21,9.37679E+15,4.86836E+16
116879,116880,8,2,15,106,2016,8,14,5,3,0,7,0,0,0,0,0,0,0,1,4.66562E+20,5.45471E+21,8.54059E+15,4.92442E+16
116880,116881,8,1,19,79,2016,8,8,2,3,5,3,0,0,1,1,0,0,0,0,5.23589E+20,5.4125E+21,9.32165E+15,4.88651E+16
116881,116882,8,1,35,19,2016,8,21,7,2,0,7,2,0,0,0,0,1,0,0,5.85949E+20,5.39394E+21,1.01679E+16,4.86925E+16
116882,116883,8,1,19,79,2016,8,15,5,2,5,3,0,0,1,1,0,0,0,0,5.234E+20,5.40774E+21,9.31878E+15,4.88222E+16
116883,116884,8,2,12,0,2016,8,4,5,3,5,3,2,0,0,1,0,0,0,0,4.5148E+20,5.42819E+21,8.33657E+15,4.90047E+16
116884,116885,8,4,26,21,2016,8,10,3,3,0,1,0,0,1,0,0,0,0,0,5.59579E+20,5.33064E+21,9.80066E+15,4.81262E+16
116885,116886,8,3,11,0,2016,8,22,4,3,5,3,2,0,0,1,0,0,0,0,4.14531E+20,5.31867E+21,7.85389E+15,4.80156E+16
116886,116887,8,1,16,49,2016,8,6,3,3,1,6,0,0,0,1,0,0,0,0,5.25121E+20,5.38459E+21,9.34083E+15,4.86139E+16
116887,116888,8,4,16,41,2016,8,6,5,3,5,3,0,0,1,1,0,0,0,0,5.05016E+20,5.37529E+21,9.06795E+15,4.85307E+16
116888,116889,8,3,17,65,2016,8,13,6,3,5,2,0,0,0,1,0,1,0,0,4.14044E+20,5.35464E+21,7.84008E+15,4.83391E+16
116889,116890,8,3,15,132,2016,8,18,4,3,4,2,0,0,1,1,0,0,0,0,4.09096E+20,5.32223E+21,7.78025E+15,4.80469E+16
116890,116891,8,1,25,102,2016,8,14,6,3,5,3,0,1,1,1,0,0,0,0,5.21357E+20,5.44373E+21,9.29284E+15,4.9146E+16
116891,116892,8,1,16,33,2016,8,8,3,3,5,3,0,0,1,1,0,0,0,0,5.33272E+20,5.38859E+21,9.45173E+15,4.86495E+16
116892,116893,8,4,36,64,2016,8,12,5,3,2,2,0,0,1,0,0,0,0,0,5.45139E+20,5.29097E+21,9.60245E+15,4.77706E+16
116893,116894,8,2,12,0,2016,8,8,5,3,5,2,0,0,1,1,0,0,0,0,4.55164E+20,5.43338E+21,8.38637E+15,4.90516E+16
116894,116895,8,1,19,8,2016,8,14,2,2,4,6,0,0,0,1,0,0,0,0,5.31284E+20,5.41971E+21,9.42712E+15,4.89295E+16
116895,116896,8,1,19,67,2016,8,12,5,2,0,1,0,0,1,0,0,0,0,0,5.37725E+20,5.40555E+21,9.51375E+15,4.88018E+16
116896,116897,8,1,15,29,2016,8,11,2,3,0,7,0,0,0,1,0,0,0,1,4.96994E+20,5.39908E+21,8.95911E+15,4.87447E+16
116897,116898,8,2,26,98,2016,8,16,5,3,5,2,0,0,0,1,0,1,0,0,4.77764E+20,5.46042E+21,8.69417E+15,4.92961E+16
116898,116899,8,4,26,21,2016,8,10,3,2,2,1,0,0,0,1,0,0,0,0,5.58886E+20,5.32775E+21,9.79094E+15,4.81002E+16
116899,116900,8,3,11,0,2016,8,12,4,3,6,1,0,0,0,1,1,0,0,0,4.14016E+20,5.31758E+21,7.8472E+15,4.80057E+16
116900,116901,8,1,16,14,2016,8,17,3,3,5,3,0,0,0,1,0,0,0,0,5.2839E+20,5.39574E+21,9.38594E+15,4.8714E+16
116901,116902,8,2,16,15,2016,8,17,1,3,5,3,0,0,0,1,0,1,0,0,4.49598E+20,5.40705E+21,8.31345E+15,4.88144E+16
116902,116903,8,4,15,19,2016,8,15,3,2,4,6,0,0,0,1,0,0,0,0,5.19492E+20,5.37035E+21,9.26379E+15,4.8486E+16
116903,116904,8,1,18,63,2016,8,19,2,3,0,6,0,0,1,0,0,0,0,0,5.14371E+20,5.42212E+21,9.19629E+15,4.89519E+16
116904,116905,8,2,37,54,2016,8,19,1,3,1,5,0,0,1,1,0,0,0,0,4.6807E+20,5.3751E+21,8.56753E+15,4.85282E+16
116905,116906,8,4,17,31,2016,8,13,3,3,1,2,0,0,1,1,0,0,0,0,4.97348E+20,5.35648E+21,8.96419E+15,4.83615E+16
116906,116907,8,1,18,48,2016,8,16,7,3,5,2,0,0,0,1,0,1,0,0,5.13605E+20,5.41484E+21,9.18559E+15,4.88864E+16
116907,116908,8,1,15,42,2016,8,17,5,3,6,1,0,0,0,1,1,0,0,0,4.96012E+20,5.40613E+21,8.94568E+15,4.88081E+16
116908,116909,8,4,16,36,2016,8,20,1,3,0,4,1,0,0,0,1,1,0,0,4.96488E+20,5.36958E+21,8.95248E+15,4.84793E+16
116909,116910,8,1,16,19,2016,8,12,3,3,5,3,0,0,1,1,0,0,0,0,5.24199E+20,5.3978E+21,9.3291E+15,4.87328E+16
116910,116911,8,1,16,49,2016,8,14,1,3,0,7,0,0,0,0,0,1,0,0,5.2554E+20,5.38623E+21,9.34661E+15,4.86287E+16
116911,116912,8,1,18,48,2016,8,20,2,3,1,3,0,0,1,1,0,0,0,0,5.14967E+20,5.41612E+21,9.20421E+15,4.88978E+16
116912,116913,8,3,11,0,2016,8,9,7,3,0,1,0,0,1,1,0,0,0,0,4.13683E+20,5.31558E+21,7.84313E+15,4.79877E+16
116913,116914,8,4,16,41,2016,8,19,3,3,3,2,0,0,1,1,0,0,0,0,5.04164E+20,5.37186E+21,9.05637E+15,4.84999E+16
116914,116915,8,1,15,48,2016,8,18,7,3,5,3,0,0,0,1,0,0,0,0,5.09761E+20,5.38726E+21,9.13249E+15,4.86383E+16
116915,116916,8,2,16,43,2016,8,17,6,3,5,7,0,0,0,1,0,0,0,0,4.42759E+20,5.41299E+21,8.21947E+15,4.88673E+16
116916,116917,8,1,11,0,2016,8,22,3,3,2,7,2,0,0,1,0,1,0,0,5.11418E+20,5.40609E+21,9.15551E+15,4.88077E+16
116917,116918,8,3,35,43,2016,8,1,7,3,8,1,2,0,0,1,0,0,0,0,5.12764E+20,5.28E+21,9.17004E+15,4.76732E+16
116918,116919,8,1,21,0,2016,8,23,6,3,1,6,2,0,0,1,0,0,0,1,5.1612E+20,5.44296E+21,9.221E+15,4.91392E+16
116919,116920,8,2,31,0,2016,8,17,6,3,4,2,0,0,0,1,0,1,0,0,4.75428E+20,5.41478E+21,8.66483E+15,4.88855E+16
116920,116921,8,4,16,41,2016,8,14,3,3,0,1,0,0,1,0,0,0,0,0,5.05818E+20,5.37522E+21,9.07881E+15,4.85301E+16
116921,116922,8,1,11,0,2016,8,20,3,3,5,3,0,0,1,1,0,0,0,0,5.17172E+20,5.40279E+21,9.23374E+15,4.87778E+16
116922,116923,8,4,25,72,2016,8,15,7,2,8,1,0,0,1,0,0,0,0,0,5.83441E+20,5.37016E+21,1.01291E+16,4.8479E+16
116923,116924,8,1,18,71,2016,8,17,2,3,5,3,0,0,0,0,0,1,0,1,5.10131E+20,5.41874E+21,9.1383E+15,4.89215E+16
116924,116925,8,2,21,0,2016,8,13,7,3,5,3,0,0,1,1,0,0,0,0,4.77632E+20,5.47192E+21,8.69171E+15,4.93996E+16
116925,116926,8,3,36,91,2016,8,17,3,3,5,3,0,0,1,1,0,0,0,0,3.96761E+20,5.27208E+21,7.62675E+15,4.75939E+16
116926,116927,8,3,35,75,2016,8,17,6,2,5,3,0,0,0,1,0,0,0,0,4.8902E+20,5.29132E+21,8.85345E+15,4.77752E+16
116927,116928,8,2,15,17,2016,8,11,4,3,0,1,0,0,1,0,0,0,0,0,4.56103E+20,5.42114E+21,8.40054E+15,4.89417E+16
116928,116929,8,1,18,48,2016,8,17,6,2,5,3,0,0,1,1,0,0,0,0,5.12937E+20,5.41574E+21,9.1765E+15,4.88944E+16
116929,116930,8,4,35,18,2016,8,19,2,2,0,1,0,0,1,0,0,0,0,0,5.24659E+20,5.27982E+21,9.32849E+15,4.76713E+16
116930,116931,8,1,16,56,2016,8,13,6,3,2,6,0,0,0,1,0,0,1,0,5.32738E+20,5.39451E+21,9.44494E+15,4.87027E+16
116931,116932,8,2,15,47,2016,8,22,5,3,9,7,2,1,0,1,0,0,0,0,4.59421E+20,5.40977E+21,8.44698E+15,4.88396E+16
116932,116933,8,1,17,12,2016,8,19,2,3,2,6,0,0,1,1,0,0,0,0,5.45104E+20,5.3882E+21,9.61232E+15,4.86452E+16
116933,116934,8,1,11,0,2016,8,12,5,2,1,5,0,0,1,1,0,0,0,0,5.1099E+20,5.40947E+21,9.14977E+15,4.88381E+16
116934,116935,8,1,16,19,2016,8,17,2,3,2,5,0,0,0,1,0,0,0,0,5.20383E+20,5.39862E+21,9.27724E+15,4.87402E+16
116935,116936,8,1,17,26,2016,8,8,2,3,5,3,0,0,0,1,0,1,0,0,5.48043E+20,5.39596E+21,9.65312E+15,4.87148E+16
116936,116937,8,2,11,0,2016,8,12,7,3,6,7,0,0,0,1,1,0,0,0,4.44274E+20,5.40123E+21,8.24173E+15,4.87616E+16
116937,116938,8,3,35,43,2016,8,1,3,3,0,1,2,0,1,0,0,0,0,0,5.1424E+20,5.2808E+21,9.18973E+15,4.76804E+16
116938,116939,8,2,35,85,2016,8,6,4,3,0,7,0,0,1,0,0,0,0,0,4.80871E+20,5.39575E+21,8.73995E+15,4.87145E+16
116939,116940,8,4,37,44,2016,8,13,2,2,5,3,0,0,1,0,0,1,0,0,5.33482E+20,5.32184E+21,9.44928E+15,4.8049E+16
116940,116941,8,4,35,29,2016,8,17,5,3,4,1,0,0,0,1,0,1,0,0,5.44809E+20,5.27402E+21,9.59631E+15,4.7618E+16
116941,116942,8,2,12,0,2016,8,17,5,2,1,5,0,0,1,1,0,0,0,0,4.54965E+20,5.4301E+21,8.38401E+15,4.90221E+16
116942,116943,8,1,17,26,2016,8,20,2,2,8,1,1,0,0,0,0,1,0,0,5.45961E+20,5.39564E+21,9.62478E+15,4.87121E+16
116943,116944,8,1,11,0,2016,8,14,5,2,2,6,0,0,0,1,0,0,0,0,5.12601E+20,5.4088E+21,9.17171E+15,4.88321E+16
116944,116945,8,1,11,0,2016,8,18,2,3,2,6,0,0,1,1,0,0,0,0,5.11156E+20,5.40097E+21,9.1518E+15,4.87617E+16
116945,116946,8,2,26,98,2016,8,15,5,2,0,7,0,1,1,0,0,0,0,1,4.78326E+20,5.46026E+21,8.70192E+15,4.92947E+16
116946,116947,8,3,26,74,2016,8,14,3,3,0,1,0,0,0,0,0,1,0,0,4.6453E+20,5.32338E+21,8.52392E+15,4.80627E+16
116947,116948,8,2,31,0,2016,8,13,4,3,5,3,0,0,0,1,0,0,0,0,4.7724E+20,5.41552E+21,8.68949E+15,4.88923E+16
116948,116949,8,4,21,0,2016,8,15,2,3,5,3,0,0,0,1,0,0,0,0,5.74679E+20,5.36202E+21,1.00091E+16,4.84069E+16
116949,116950,8,1,17,44,2016,8,16,1,2,5,3,0,0,0,1,0,1,0,0,5.38885E+20,5.3915E+21,9.52821E+15,4.86753E+16
116950,116951,8,1,16,33,2016,8,17,2,3,5,3,0,0,1,1,0,0,0,0,5.33927E+20,5.38893E+21,9.46066E+15,4.86525E+16
116951,116952,8,2,26,49,2016,8,12,5,3,6,4,0,0,0,1,1,0,0,0,4.86419E+20,5.46315E+21,8.81312E+15,4.93209E+16
116952,116953,8,3,17,96,2016,8,17,3,3,5,3,0,0,1,1,0,0,0,0,4.22155E+20,5.36951E+21,7.94675E+15,4.84739E+16
116953,116954,8,2,26,6,2016,8,14,4,3,1,2,0,0,1,1,0,0,0,0,4.83963E+20,5.46718E+21,8.77916E+15,4.93572E+16
116954,116955,8,4,15,59,2016,8,14,2,3,1,7,0,0,0,1,0,0,0,0,5.16793E+20,5.3687E+21,9.2272E+15,4.84712E+16
116955,116956,8,3,17,9,2016,8,14,5,3,5,3,0,0,1,1,0,0,0,0,4.2507E+20,5.36273E+21,7.98739E+15,4.84133E+16
116956,116957,8,1,16,80,2016,8,14,2,3,1,7,0,0,0,1,0,0,0,0,5.18589E+20,5.39871E+21,9.25284E+15,4.87411E+16
116957,116958,8,1,11,0,2016,8,6,5,3,2,6,0,0,0,1,0,0,0,0,5.15412E+20,5.40647E+21,9.20991E+15,4.88111E+16
116958,116959,8,3,27,50,2016,8,10,1,3,5,3,0,0,0,1,0,0,0,0,4.86678E+20,5.31439E+21,8.82147E+15,4.79827E+16
116959,116960,8,1,25,26,2016,8,18,7,2,0,1,0,0,1,0,0,0,0,0,4.9274E+20,5.44244E+21,8.90048E+15,4.91347E+16
116960,116961,8,3,11,0,2016,8,13,6,3,3,2,0,0,0,1,0,1,0,0,4.13098E+20,5.31661E+21,7.83509E+15,4.79969E+16
116961,116962,8,3,36,103,2016,8,14,2,3,0,7,0,0,1,1,0,0,0,1,4.15658E+20,5.28664E+21,7.87524E+15,4.77276E+16
116962,116963,8,1,16,71,2016,8,17,1,3,5,3,0,0,0,1,0,1,0,0,5.28892E+20,5.39098E+21,9.39243E+15,4.86712E+16
116963,116964,8,1,16,80,2016,8,15,2,3,5,3,0,0,0,1,0,1,0,0,5.18324E+20,5.39489E+21,9.24907E+15,4.87068E+16
116964,116965,8,2,26,96,2016,8,1,7,3,0,4,2,0,1,0,1,0,0,0,4.75684E+20,5.48778E+21,8.6639E+15,4.95422E+16
116965,116966,8,3,17,96,2016,8,22,7,3,0,7,2,0,0,0,0,1,0,0,4.20583E+20,5.37006E+21,7.92538E+15,4.84787E+16
116966,116967,8,3,35,75,2016,8,17,2,3,8,1,0,0,1,0,0,0,0,0,4.89813E+20,5.2881E+21,8.86411E+15,4.77462E+16
116967,116968,8,1,15,28,2016,8,11,2,3,8,1,0,0,1,0,0,0,0,0,4.9941E+20,5.40505E+21,8.99197E+15,4.87985E+16
116968,116969,8,1,11,0,2016,8,17,5,3,0,7,0,0,0,0,1,1,0,0,5.12683E+20,5.40222E+21,9.17262E+15,4.87729E+16
116969,116970,8,2,31,0,2016,8,18,1,3,3,6,0,0,1,0,0,0,0,1,4.79192E+20,5.41537E+21,8.71614E+15,4.8891E+16
116970,116971,8,3,17,96,2016,8,20,3,3,0,7,1,0,1,0,0,0,0,0,4.22055E+20,5.37053E+21,7.9452E+15,4.8483E+16
116971,116972,8,1,16,49,2016,8,3,7,3,0,1,2,0,1,0,0,0,0,0,5.2467E+20,5.38625E+21,9.3348E+15,4.86288E+16
116972,116973,8,2,26,107,2016,8,19,6,3,4,6,0,0,0,1,0,0,0,0,4.75443E+20,5.48342E+21,8.66083E+15,4.95029E+16
116973,116974,8,3,17,26,2016,8,21,3,3,0,7,1,0,1,0,0,0,0,0,4.13501E+20,5.34489E+21,7.83474E+15,4.82513E+16
116974,116975,8,3,35,63,2016,8,17,2,3,0,3,0,0,1,1,0,0,0,0,4.97558E+20,5.28802E+21,8.96742E+15,4.77455E+16
116975,116976,8,4,15,78,2016,8,12,7,3,0,6,0,0,1,0,0,0,0,0,5.30055E+20,5.3665E+21,9.40647E+15,4.84509E+16
116976,116977,8,1,15,44,2016,8,15,2,3,1,7,0,0,0,0,0,1,0,1,5.04447E+20,5.38947E+21,9.06038E+15,4.86583E+16
116977,116978,8,2,15,9,2016,8,15,7,3,5,3,0,0,0,1,0,0,0,0,4.69044E+20,5.44068E+21,8.57576E+15,4.91182E+16
116978,116979,8,3,17,1,2016,8,18,3,3,5,3,0,0,0,1,0,0,0,0,4.31992E+20,5.38688E+21,8.07699E+15,4.86313E+16
116979,116980,8,3,26,12,2016,8,14,6,3,2,6,0,0,1,1,0,0,0,0,4.61079E+20,5.31168E+21,8.47867E+15,4.79573E+16
116980,116981,8,2,25,58,2016,8,18,4,3,5,3,0,0,0,1,0,1,0,1,5.09438E+20,5.4655E+21,9.12993E+15,4.93421E+16
116981,116982,8,1,21,0,2016,8,15,6,3,5,3,0,0,0,1,0,0,0,0,5.15712E+20,5.44525E+21,9.21551E+15,4.91599E+16
116982,116983,8,3,11,0,2016,8,15,3,3,3,1,0,0,0,1,0,0,0,0,4.12983E+20,5.32027E+21,7.8328E+15,4.80298E+16
116983,116984,8,3,36,69,2016,8,18,6,3,1,5,0,0,1,1,0,0,0,0,4.08509E+20,5.26798E+21,7.78383E+15,4.75588E+16
116984,116985,8,2,12,0,2016,8,14,6,3,5,3,0,0,1,1,0,0,0,0,4.51823E+20,5.42723E+21,8.34138E+15,4.89961E+16
116985,116986,8,3,26,74,2016,8,16,2,3,2,6,0,0,0,1,0,1,0,0,4.6479E+20,5.32293E+21,8.52744E+15,4.80587E+16
116986,116987,8,1,18,46,2016,8,21,6,3,3,6,2,0,0,1,0,0,0,0,5.12949E+20,5.41149E+21,9.17653E+15,4.88562E+16
116987,116988,8,2,12,0,2016,8,12,5,3,0,7,0,0,0,0,0,1,0,0,4.59226E+20,5.4281E+21,8.44249E+15,4.90044E+16
116988,116989,8,1,11,0,2016,8,16,2,3,4,6,0,0,0,1,0,0,0,0,5.13377E+20,5.40558E+21,9.18217E+15,4.88031E+16
116989,116990,8,1,18,81,2016,8,20,7,1,6,4,0,0,0,1,1,0,0,0,5.20513E+20,5.4132E+21,9.27974E+15,4.88715E+16
116990,116991,8,3,11,0,2016,8,10,3,3,0,1,0,1,1,0,0,0,0,0,4.11968E+20,5.3159E+21,7.82009E+15,4.79904E+16
116991,116992,8,2,22,0,2016,8,8,4,3,5,3,0,0,0,1,0,0,0,0,4.62551E+20,5.48111E+21,8.483E+15,4.94815E+16
116992,116993,8,3,17,57,2016,8,11,2,3,0,7,0,0,1,0,0,0,0,0,4.12575E+20,5.38292E+21,7.81434E+15,4.85933E+16
116993,116994,8,4,21,0,2016,8,17,5,3,0,6,0,0,0,1,0,1,0,0,5.72653E+20,5.36071E+21,9.98148E+15,4.83954E+16
116994,116995,8,4,35,16,2016,8,19,4,3,5,3,0,0,0,1,0,0,0,0,5.36493E+20,5.27901E+21,9.48606E+15,4.76634E+16
116995,116996,8,4,35,59,2016,8,13,1,2,7,6,0,0,1,0,1,0,0,0,5.12818E+20,5.29003E+21,9.17106E+15,4.77635E+16
116996,116997,8,3,11,0,2016,8,18,2,3,5,2,0,0,1,1,0,0,0,0,4.13664E+20,5.31557E+21,7.84288E+15,4.79876E+16
116997,116998,8,1,11,0,2016,8,15,6,3,0,5,0,1,0,1,0,1,0,0,5.17628E+20,5.40239E+21,9.23992E+15,4.87742E+16
116998,116999,8,2,11,0,2016,8,11,5,3,5,3,0,0,0,1,0,0,0,0,4.40143E+20,5.40347E+21,8.1852E+15,4.87813E+16
116999,117000,8,1,11,0,2016,8,19,2,3,6,4,0,0,0,1,1,0,0,0,5.08227E+20,5.4068E+21,9.11206E+15,4.88141E+16