FID,OBJECTID,ULAND,UREGBEZ,UKREIS,UGEMEINDE,UJAHR,UMONAT,USTUNDE,UWOCHENTAG,UKATEGORIE,UART,UTYP1,ULICHTVERH,IstStrasse,IstRad,IstPKW,IstFuss,IstKrad,IstGkfz,IstSonstig,LINREFX,LINREFY,XGCSWGS84,YGCSWGS84
117000,117001,8,4,15,61,2016,8,23,4,3,0,1,2,1,1,0,0,0,0,0,5.15443E+20,5.37094E+21,9.20901E+15,4.84914E+16
117001,117002,8,1,16,19,2016,8,9,2,3,5,3,0,0,0,1,0,1,0,0,5.23009E+20,5.39816E+21,9.31292E+15,4.8736E+16
117002,117003,8,2,25,14,2016,8,19,5,3,5,3,0,0,0,1,0,0,0,0,5.24192E+20,5.48521E+21,9.33425E+15,4.95191E+16
117003,117004,8,2,12,0,2016,8,11,3,3,5,2,0,0,1,0,0,1,0,0,4.5613E+20,5.4289E+21,8.40007E+15,4.90114E+16
117004,117005,8,2,22,0,2016,8,6,4,3,5,3,0,0,0,1,0,0,0,0,4.63178E+20,5.48072E+21,8.49169E+15,4.9478E+16
117005,117006,8,2,12,0,2016,8,21,1,3,0,7,2,0,0,1,0,1,0,1,4.60586E+20,5.43173E+21,8.46073E+15,4.90372E+16
117006,117007,8,3,11,0,2016,8,16,2,3,5,2,0,0,1,1,0,0,0,0,4.13619E+20,5.31556E+21,7.84228E+15,4.79875E+16
117007,117008,8,3,16,38,2016,8,16,5,3,0,6,0,0,1,0,0,0,0,1,3.97123E+20,5.333E+21,7.61705E+15,4.81419E+16
117008,117009,8,1,11,0,2016,8,17,2,3,5,3,0,0,1,1,0,0,0,0,5.12995E+20,5.40234E+21,9.17687E+15,4.8774E+16
117009,117010,8,3,36,50,2016,8,9,4,3,0,3,0,0,0,1,0,1,0,0,4.00508E+20,5.27555E+21,7.67578E+15,4.76257E+16
117010,117011,8,3,11,0,2016,8,11,1,2,5,3,0,0,1,1,0,0,0,0,4.10255E+20,5.31499E+21,7.79732E+15,4.79819E+16
117011,117012,8,1,18,73,2016,8,11,7,3,5,3,0,0,0,1,0,0,0,0,4.96253E+20,5.42062E+21,8.94883E+15,4.89385E+16
117012,117013,8,2,37,28,2016,8,11,6,2,2,1,0,0,0,1,0,0,0,0,4.56794E+20,5.36822E+21,8.41552E+15,4.84656E+16
117013,117014,8,2,35,46,2016,8,16,3,3,4,6,0,0,0,1,0,1,0,0,4.80394E+20,5.38122E+21,8.73415E+15,4.85837E+16
117014,117015,8,3,11,0,2016,8,18,2,3,0,1,0,0,1,1,0,0,0,0,4.1464E+20,5.31762E+21,7.85555E+15,4.80062E+16
117015,117016,8,4,26,120,2016,8,13,7,3,5,3,0,0,0,1,0,0,0,0,5.61243E+20,5.32426E+21,9.8221E+15,4.80686E+16
117016,117017,8,2,26,107,2016,8,3,3,2,5,3,2,0,1,0,0,1,0,0,4.75511E+20,5.48281E+21,8.6618E+15,4.94974E+16
117017,117018,8,2,22,0,2016,8,8,4,3,6,7,0,0,1,0,1,0,0,0,4.63871E+20,5.48379E+21,8.50098E+15,4.95057E+16
117018,117019,8,3,11,0,2016,8,16,2,3,0,7,0,0,1,1,0,0,0,0,4.10731E+20,5.31903E+21,7.80286E+15,4.80183E+16
117019,117020,8,1,17,53,2016,8,16,1,3,2,6,0,0,0,1,0,1,0,0,5.50617E+20,5.40118E+21,9.68876E+15,4.87616E+16
117020,117021,8,4,35,30,2016,8,1,1,2,9,1,2,0,1,0,0,0,0,0,5.43157E+20,5.27391E+21,9.57431E+15,4.76171E+16
117021,117022,8,3,15,37,2016,8,23,7,2,9,1,2,0,1,0,0,0,0,0,4.33489E+20,5.30065E+21,8.11085E+15,4.78558E+16
117022,117023,8,4,16,36,2016,8,14,1,3,2,7,0,0,1,0,0,0,0,0,4.97454E+20,5.37251E+21,8.96553E+15,4.85057E+16
117023,117024,8,2,26,60,2016,8,19,1,3,9,1,1,0,0,0,0,1,0,0,4.77696E+20,5.4638E+21,8.69305E+15,4.93265E+16
117024,117025,8,2,22,0,2016,8,18,3,3,5,3,0,0,1,1,0,0,0,0,4.63146E+20,5.4822E+21,8.49111E+15,4.94913E+16
117025,117026,8,1,15,45,2016,8,8,7,3,5,3,0,0,0,1,0,0,0,0,4.97312E+20,5.39591E+21,8.96345E+15,4.87162E+16
117026,117027,8,2,22,0,2016,8,6,6,2,4,1,1,0,0,1,0,0,0,0,4.6486E+20,5.4741E+21,8.51549E+15,4.94186E+16
117027,117028,8,2,12,0,2016,8,9,2,2,9,7,0,0,1,0,0,0,0,0,4.5696E+20,5.42719E+21,8.4116E+15,4.89961E+16
117028,117029,8,3,37,126,2016,8,8,7,3,4,2,0,0,0,1,0,0,0,0,4.45341E+20,5.27576E+21,8.27241E+15,4.7633E+16
117029,117030,8,4,16,41,2016,8,11,1,2,0,7,0,0,1,0,0,0,0,0,5.04791E+20,5.37676E+21,9.06491E+15,4.8544E+16
117030,117031,8,2,12,0,2016,8,11,7,3,1,7,0,0,1,1,1,0,0,0,4.55645E+20,5.42848E+21,8.39348E+15,4.90076E+16
117031,117032,8,4,15,61,2016,8,12,1,2,0,1,0,0,1,0,0,0,0,0,5.13757E+20,5.37031E+21,9.18618E+15,4.84857E+16
117032,117033,8,2,22,0,2016,8,23,7,3,1,5,2,0,1,1,0,0,0,0,4.61588E+20,5.48208E+21,8.46961E+15,4.94902E+16
117033,117034,8,2,26,98,2016,8,10,3,2,5,3,0,0,1,1,0,0,0,0,4.77144E+20,5.45991E+21,8.68567E+15,4.92915E+16
117034,117035,8,4,35,59,2016,8,12,6,2,5,2,0,0,0,0,0,1,0,1,5.14852E+20,5.2901E+21,9.1982E+15,4.77641E+16
117035,117036,8,1,18,67,2016,8,11,6,2,5,3,0,0,0,1,0,1,0,0,5.05734E+20,5.41365E+21,9.0782E+15,4.88758E+16
117036,117037,8,1,16,77,2016,8,10,6,3,5,3,0,0,1,1,0,0,0,0,5.1634E+20,5.39154E+21,9.22197E+15,4.86767E+16
117037,117038,8,1,35,19,2016,8,19,5,3,6,7,0,0,0,0,1,0,1,0,5.84804E+20,5.39233E+21,1.0152E+16,4.86783E+16
117038,117039,8,3,36,69,2016,8,11,1,3,0,1,0,1,0,0,0,1,0,1,4.09492E+20,5.27005E+21,7.79646E+15,4.75775E+16
117039,117040,8,2,22,0,2016,8,9,4,3,5,3,0,0,1,1,0,0,0,0,4.61128E+20,5.48215E+21,8.46325E+15,4.94908E+16
117040,117041,8,2,26,76,2016,8,10,4,3,5,3,0,0,1,1,0,0,0,0,4.75252E+20,5.4656E+21,8.6593E+15,4.93426E+16
117041,117042,8,1,15,3,2016,8,12,5,3,1,1,0,0,0,1,0,0,0,0,5.00069E+20,5.39314E+21,9.00093E+15,4.86913E+16
117042,117043,8,3,27,50,2016,8,20,3,3,6,4,0,0,0,1,1,0,0,0,4.86152E+20,5.31413E+21,8.81443E+15,4.79803E+16
117043,117044,8,1,19,85,2016,8,20,6,3,6,2,2,0,0,0,1,0,0,1,5.29175E+20,5.41352E+21,9.39788E+15,4.8874E+16
117044,117045,8,3,36,91,2016,8,18,5,3,1,1,0,1,1,1,0,0,0,0,3.94902E+20,5.27144E+21,7.60219E+15,4.75878E+16
117045,117046,8,4,15,61,2016,8,7,2,3,2,6,0,0,0,1,0,0,0,0,5.14381E+20,5.37097E+21,9.19464E+15,4.84916E+16
117046,117047,8,4,15,61,2016,8,10,1,3,2,2,0,0,1,0,0,0,0,0,5.15157E+20,5.37099E+21,9.20515E+15,4.84918E+16
117047,117048,8,2,16,17,2016,8,15,5,3,5,2,0,0,0,1,0,0,0,0,4.51667E+20,5.40256E+21,8.34217E+15,4.87742E+16
117048,117049,8,3,16,17,2016,8,19,2,3,0,2,0,0,0,0,0,1,0,1,4.11343E+20,5.34089E+21,7.80652E+15,4.82151E+16
117049,117050,8,3,37,126,2016,8,13,5,3,5,3,0,1,0,1,0,0,0,0,4.4291E+20,5.27393E+21,8.24028E+15,4.76162E+16
117050,117051,8,2,26,96,2016,8,16,4,3,5,3,0,0,1,1,0,0,0,0,4.75906E+20,5.48976E+21,8.66684E+15,4.95599E+16
117051,117052,8,1,11,0,2016,8,17,5,3,6,4,0,0,0,1,1,0,0,0,5.15377E+20,5.40681E+21,9.20945E+15,4.88141E+16
117052,117053,8,3,16,43,2016,8,12,3,3,0,2,0,0,1,0,0,0,0,0,4.12384E+20,5.33068E+21,7.82263E+15,4.81234E+16
117053,117054,8,3,37,62,2016,8,9,2,2,0,1,0,0,1,0,0,0,0,0,4.56137E+20,5.27442E+21,8.41624E+15,4.76217E+16
117054,117055,8,1,36,19,2016,8,17,1,2,8,1,0,0,0,0,0,1,0,0,5.84784E+20,5.42314E+21,1.01581E+16,4.89553E+16
117055,117056,8,3,15,52,2016,8,9,3,2,0,4,0,0,0,1,1,0,0,0,4.33005E+20,5.30631E+21,8.1035E+15,4.79066E+16
117056,117057,8,3,35,75,2016,8,9,2,3,9,6,0,0,1,0,0,0,0,1,4.88063E+20,5.28956E+21,8.84072E+15,4.77593E+16
117057,117058,8,3,11,0,2016,8,10,3,3,5,3,0,0,0,1,0,0,0,0,4.11716E+20,5.32124E+21,7.81561E+15,4.80383E+16
117058,117059,8,1,15,24,2016,8,12,6,3,0,1,0,0,1,0,0,0,0,0,5.01491E+20,5.38609E+21,9.02024E+15,4.86279E+16
117059,117060,8,2,15,17,2016,8,13,1,3,0,7,0,0,1,0,0,0,0,0,4.59283E+20,5.42009E+21,8.44407E+15,4.89324E+16
117060,117061,8,2,15,96,2016,8,18,5,3,2,6,0,0,0,1,0,0,0,0,4.64229E+20,5.4136E+21,8.51217E+15,4.88743E+16
117061,117062,8,2,15,9,2016,8,15,2,2,0,7,0,0,1,0,0,0,0,0,4.70321E+20,5.44152E+21,8.5932E+15,4.91258E+16
117062,117063,8,2,31,0,2016,8,19,7,3,0,1,0,1,0,0,0,1,0,0,4.78688E+20,5.41634E+21,8.70921E+15,4.88997E+16
117063,117064,8,4,36,64,2016,8,21,6,2,8,1,2,0,0,1,0,0,0,0,5.4539E+20,5.29325E+21,9.60603E+15,4.7791E+16
117064,117065,8,3,11,0,2016,8,11,3,3,5,3,0,0,0,1,0,0,0,0,4.11726E+20,5.32124E+21,7.81575E+15,4.80384E+16
117065,117066,8,3,35,63,2016,8,10,2,3,5,3,0,0,0,1,0,0,0,0,4.97775E+20,5.28851E+21,8.97032E+15,4.775E+16
117066,117067,8,1,19,20,2016,8,14,1,3,0,1,0,0,0,0,0,1,0,0,5.20459E+20,5.40693E+21,9.27869E+15,4.8815E+16
117067,117068,8,2,26,84,2016,8,19,4,3,2,6,0,0,0,1,0,0,0,0,4.6715E+20,5.46604E+21,8.54773E+15,4.93462E+16
117068,117069,8,1,19,89,2016,8,15,7,3,4,6,0,0,1,1,0,0,0,0,5.33376E+20,5.41012E+21,9.45489E+15,4.88431E+16
117069,117070,8,2,22,0,2016,8,13,2,3,5,3,0,0,1,1,0,0,0,0,4.61295E+20,5.48146E+21,8.46563E+15,4.94846E+16
117070,117071,8,2,25,58,2016,8,13,4,3,5,3,0,0,0,0,0,1,0,1,5.09038E+20,5.46592E+21,9.12444E+15,4.9346E+16
117071,117072,8,2,16,63,2016,8,0,7,3,0,7,2,0,1,0,0,0,0,0,4.29983E+20,5.40201E+21,8.04716E+15,4.87672E+16
117072,117073,8,4,26,31,2016,8,15,5,3,5,3,0,0,1,1,0,0,0,0,5.83272E+20,5.32819E+21,1.01185E+16,4.81015E+16
117073,117074,8,3,36,91,2016,8,17,6,3,3,6,0,0,1,1,0,0,0,0,3.96562E+20,5.2725E+21,7.624E+15,4.75977E+16
117074,117075,8,2,22,0,2016,8,16,4,3,5,3,0,0,1,1,0,0,0,0,4.61415E+20,5.48329E+21,8.46709E+15,4.9501E+16
117075,117076,8,3,11,0,2016,8,17,3,3,0,1,0,0,0,0,0,1,0,0,4.1129E+20,5.31538E+21,7.81111E+15,4.79855E+16
117076,117077,8,3,35,63,2016,8,14,2,3,5,3,0,0,1,1,0,0,0,0,4.97156E+20,5.28781E+21,8.96207E+15,4.77437E+16
117077,117078,8,4,25,141,2016,8,21,7,3,5,3,2,1,0,1,0,1,0,0,5.67873E+20,5.36297E+21,9.91729E+15,4.84163E+16
117078,117079,8,2,22,0,2016,8,4,4,2,0,1,2,0,0,1,0,0,0,0,4.61577E+20,5.48248E+21,8.46942E+15,4.94938E+16
117079,117080,8,1,11,0,2016,8,17,7,2,0,6,0,1,0,1,0,1,0,0,5.13157E+20,5.40657E+21,9.17921E+15,4.8812E+16
117080,117081,8,4,36,64,2016,8,7,4,3,4,6,0,0,0,1,0,0,0,0,5.46126E+20,5.29205E+21,9.61574E+15,4.77802E+16
117081,117082,8,2,15,106,2016,8,14,6,2,4,2,0,0,0,1,0,1,0,0,4.67714E+20,5.45422E+21,8.55645E+15,4.92399E+16
117082,117083,8,2,31,0,2016,8,16,3,3,1,6,0,0,0,1,0,0,0,1,4.78675E+20,5.41509E+21,8.7091E+15,4.88884E+16
117083,117084,8,1,26,45,2016,8,18,6,3,5,3,0,0,0,0,0,1,0,1,5.45589E+20,5.47097E+21,9.62821E+15,4.93897E+16
117084,117085,8,3,11,0,2016,8,13,5,3,3,2,0,1,1,1,0,0,0,0,4.1204E+20,5.31475E+21,7.82129E+15,4.798E+16
117085,117086,8,3,35,66,2016,8,16,2,2,0,1,0,0,1,0,0,0,0,0,5.08655E+20,5.28239E+21,9.11535E+15,4.76948E+16
117086,117087,8,1,15,3,2016,8,16,2,3,3,2,0,0,1,1,0,0,0,0,5.00786E+20,5.39173E+21,9.01068E+15,4.86786E+16
117087,117088,8,3,17,1,2016,8,12,6,3,5,3,0,0,0,1,0,1,0,0,4.31497E+20,5.38688E+21,8.07027E+15,4.86312E+16
117088,117089,8,2,36,40,2016,8,9,3,3,6,7,0,0,0,0,1,0,1,0,4.87654E+20,5.42195E+21,8.83138E+15,4.89504E+16
117089,117090,8,2,15,106,2016,8,0,6,3,9,5,2,0,0,1,0,0,0,0,4.65137E+20,5.45249E+21,8.5212E+15,4.92242E+16
117090,117091,8,3,11,0,2016,8,15,5,3,0,1,0,1,1,0,0,0,0,0,4.14109E+20,5.31617E+21,7.84873E+15,4.79931E+16
117091,117092,8,3,35,43,2016,8,10,2,3,5,3,0,0,0,1,0,1,0,0,5.13237E+20,5.27828E+21,9.17628E+15,4.76578E+16
117092,117093,8,1,16,33,2016,8,17,2,3,5,2,0,0,1,1,0,0,0,0,5.33398E+20,5.38759E+21,9.45337E+15,4.86405E+16
117093,117094,8,3,15,131,2016,8,22,7,3,1,1,2,1,0,1,0,1,0,0,4.05715E+20,5.30804E+21,7.73803E+15,4.79187E+16
117094,117095,8,2,16,43,2016,8,14,4,2,0,7,0,0,1,0,0,0,0,0,4.42566E+20,5.41244E+21,8.21691E+15,4.88623E+16
117095,117096,8,4,15,61,2016,8,18,4,3,6,3,0,0,0,1,1,0,0,0,5.15801E+20,5.37033E+21,9.21384E+15,4.84859E+16
117096,117097,8,2,25,42,2016,8,16,3,3,5,3,0,0,1,1,0,0,0,0,5.04824E+20,5.46225E+21,9.06637E+15,4.93129E+16
117097,117098,8,1,17,37,2016,8,17,6,2,8,1,0,0,0,0,0,1,0,0,5.5722E+20,5.39817E+21,9.77818E+15,4.87339E+16
117098,117099,8,3,25,45,2016,8,14,2,3,4,2,0,0,0,1,0,0,0,0,4.6859E+20,5.34956E+21,8.57648E+15,4.82985E+16
117099,117100,8,3,16,9,2016,8,12,1,3,9,1,0,0,1,0,0,0,0,0,4.16992E+20,5.32443E+21,7.88576E+15,4.80677E+16
117100,117101,8,1,36,88,2016,8,12,5,3,5,3,0,0,0,1,0,1,0,0,5.81407E+20,5.4096E+21,1.01093E+16,4.8834E+16
117101,117102,8,3,11,0,2016,8,13,2,3,5,3,0,0,1,1,0,0,0,0,4.1168E+20,5.31457E+21,7.81649E+15,4.79783E+16
117102,117103,8,3,36,91,2016,8,0,5,2,8,1,2,0,0,0,0,1,0,0,3.97369E+20,5.27198E+21,7.63486E+15,4.75931E+16
117103,117104,8,1,28,115,2016,8,15,5,3,6,5,0,0,0,1,1,0,0,0,5.484E+20,5.49748E+21,9.67019E+15,4.96279E+16
117104,117105,8,3,27,49,2016,8,16,2,3,3,2,0,0,1,1,0,0,0,0,4.72289E+20,5.32445E+21,8.62799E+15,4.80727E+16
117105,117106,8,3,36,69,2016,8,5,5,3,6,4,1,0,0,1,1,0,0,0,4.08257E+20,5.26847E+21,7.78038E+15,4.75631E+16
117106,117107,8,2,15,90,2016,8,14,4,3,5,3,0,0,1,1,0,0,0,0,4.64294E+20,5.433E+21,8.51135E+15,4.90489E+16
117107,117108,8,3,37,126,2016,8,7,4,2,0,7,0,0,1,0,0,0,0,0,4.41977E+20,5.27356E+21,8.22793E+15,4.76128E+16
117108,117109,8,2,22,0,2016,8,14,3,3,2,6,0,0,0,1,0,0,0,0,4.62838E+20,5.48278E+21,8.48681E+15,4.94965E+16
117109,117110,8,4,37,104,2016,8,8,5,2,0,1,0,1,0,0,0,1,0,0,5.11471E+20,5.32634E+21,9.15405E+15,4.80903E+16
117110,117111,8,3,17,96,2016,8,5,2,3,5,3,1,0,0,1,1,0,0,0,4.2088E+20,5.36569E+21,7.93022E+15,4.84394E+16
117111,117112,8,1,15,28,2016,8,17,1,2,9,1,0,0,0,1,0,0,0,0,5.00996E+20,5.40479E+21,9.01356E+15,4.87961E+16
117112,117113,8,1,27,76,2016,8,10,5,2,9,1,0,0,1,0,0,0,0,0,5.56612E+20,5.43986E+21,9.77569E+15,4.9109E+16
117113,117114,8,2,35,80,2016,8,16,2,2,0,7,0,0,1,0,0,0,0,0,4.81401E+20,5.38641E+21,8.74757E+15,4.86305E+16
117114,117115,8,2,22,0,2016,8,18,7,3,5,3,0,1,0,1,0,1,0,0,4.62582E+20,5.48202E+21,8.48333E+15,4.94897E+16
117115,117116,8,4,16,6,2016,8,14,5,3,0,7,0,0,1,0,0,0,0,0,4.98601E+20,5.35921E+21,8.98111E+15,4.8386E+16
117116,117117,8,4,35,59,2016,8,13,6,3,0,1,0,0,1,0,0,0,0,0,5.12864E+20,5.28978E+21,9.17166E+15,4.77613E+16
117117,117118,8,2,22,0,2016,8,19,3,3,2,6,0,0,0,1,0,0,0,1,4.62626E+20,5.48431E+21,8.48373E+15,4.95103E+16
117118,117119,8,3,15,22,2016,8,0,2,2,9,1,2,0,0,1,0,0,0,0,3.96505E+20,5.30036E+21,7.61662E+15,4.78483E+16
117119,117120,8,1,18,81,2016,8,14,1,3,0,7,0,1,1,0,0,0,0,0,5.20257E+20,5.4128E+21,9.27622E+15,4.88679E+16
117120,117121,8,2,15,105,2016,8,9,4,3,5,3,0,0,0,1,0,1,0,0,4.57362E+20,5.44135E+21,8.41561E+15,4.91235E+16
117121,117122,8,3,36,57,2016,8,14,4,3,5,3,0,0,0,1,0,1,0,0,4.08117E+20,5.2773E+21,7.77667E+15,4.76426E+16
117122,117123,8,2,22,0,2016,8,19,3,3,2,6,0,0,0,1,0,0,0,0,4.63827E+20,5.48475E+21,8.50028E+15,4.95143E+16
117123,117124,8,3,15,48,2016,8,13,2,2,1,5,0,0,0,1,0,0,1,0,3.94828E+20,5.30713E+21,7.59257E+15,4.79088E+16
117124,117125,8,1,26,85,2016,8,4,1,2,8,1,2,1,0,1,0,0,0,0,5.46105E+20,5.44494E+21,9.63231E+15,4.91555E+16
117125,117126,8,2,22,0,2016,8,10,3,3,1,5,0,0,1,1,0,0,0,0,4.6462E+20,5.48464E+21,8.51124E+15,4.95134E+16
117126,117127,8,3,11,0,2016,8,17,2,2,0,6,0,0,1,0,0,0,0,0,4.14962E+20,5.32067E+21,7.85926E+15,4.80337E+16
117127,117128,8,1,36,88,2016,8,8,2,3,2,6,0,0,0,1,0,0,1,0,5.77771E+20,5.40857E+21,1.00596E+16,4.88252E+16
117128,117129,8,2,15,108,2016,8,11,4,3,5,3,0,0,1,1,0,0,0,0,4.48203E+20,5.42337E+21,8.29238E+15,4.89611E+16
117129,117130,8,2,12,0,2016,8,18,7,3,0,1,0,1,1,0,0,0,0,0,4.54282E+20,5.42886E+21,8.3748E+15,4.9011E+16
117130,117131,8,3,36,69,2016,8,14,6,3,5,3,0,0,1,1,0,0,0,0,4.08234E+20,5.26842E+21,7.78008E+15,4.75627E+16
117131,117132,8,2,15,17,2016,8,11,4,2,6,6,0,0,0,1,1,0,0,0,4.54642E+20,5.42111E+21,8.38059E+15,4.89412E+16
117132,117133,8,2,22,0,2016,8,1,3,2,9,1,2,0,0,1,0,0,0,0,4.6706E+20,5.48021E+21,8.54532E+15,4.94737E+16
117133,117134,8,3,11,0,2016,8,10,2,3,1,7,0,0,1,1,0,0,0,0,4.13859E+20,5.31731E+21,7.84515E+15,4.80033E+16
117134,117135,8,4,15,78,2016,8,9,7,3,5,3,0,0,1,1,0,0,0,0,5.29803E+20,5.37078E+21,9.40335E+15,4.84895E+16
117135,117136,8,2,11,0,2016,8,18,4,3,1,5,0,0,0,1,0,1,0,0,4.40664E+20,5.40491E+21,8.19207E+15,4.87943E+16
117136,117137,8,2,11,0,2016,8,14,4,2,5,3,0,0,0,1,0,1,0,0,4.40318E+20,5.4037E+21,8.18755E+15,4.87834E+16
117137,117138,8,1,18,79,2016,8,20,7,3,6,4,2,0,0,1,1,0,0,0,5.07594E+20,5.42147E+21,9.10371E+15,4.89461E+16
117138,117139,8,3,11,0,2016,8,6,6,3,5,3,0,0,0,1,0,0,0,0,4.14572E+20,5.31916E+21,7.85433E+15,4.802E+16
117139,117140,8,2,21,0,2016,8,10,3,1,6,2,0,0,0,0,1,0,1,0,4.77145E+20,5.47454E+21,8.68486E+15,4.94231E+16
117140,117141,8,2,11,0,2016,8,21,6,3,0,7,2,0,1,0,0,0,0,0,4.43304E+20,5.40216E+21,8.2284E+15,4.87699E+16
117141,117142,8,2,26,68,2016,8,19,5,3,5,3,0,0,0,1,0,0,0,0,4.68527E+20,5.46099E+21,8.56708E+15,4.93009E+16
117142,117143,8,2,12,0,2016,8,20,2,3,1,5,2,0,1,1,0,0,0,0,4.61488E+20,5.42718E+21,8.47351E+15,4.89963E+16
117143,117144,8,1,16,78,2016,8,17,2,3,2,6,0,0,0,1,0,0,0,0,5.12264E+20,5.39374E+21,9.16666E+15,4.86966E+16
117144,117145,8,2,15,46,2016,8,20,7,2,5,3,2,0,0,0,0,1,0,1,4.49606E+20,5.41562E+21,8.3125E+15,4.88915E+16
117145,117146,8,1,19,38,2016,8,9,5,3,0,1,0,0,1,0,0,0,0,0,5.27298E+20,5.42343E+21,9.37295E+15,4.89632E+16
117146,117147,8,4,16,41,2016,8,18,2,2,1,3,0,0,1,1,0,0,0,0,5.04215E+20,5.37437E+21,9.05708E+15,4.85224E+16
117147,117148,8,4,36,82,2016,8,15,5,3,6,4,0,1,0,1,1,0,0,0,5.46588E+20,5.29399E+21,9.62212E+15,4.77976E+16
117148,117149,8,1,35,19,2016,8,14,4,3,0,1,0,0,1,0,0,0,0,0,5.84979E+20,5.39487E+21,1.01549E+16,4.8701E+16
117149,117150,8,3,35,75,2016,8,12,4,3,6,3,0,0,1,0,1,0,0,0,4.87686E+20,5.29053E+21,8.83566E+15,4.7768E+16
117150,117151,8,2,15,21,2016,8,9,3,3,1,7,0,0,1,1,0,0,0,0,4.69684E+20,5.44461E+21,8.58424E+15,4.91535E+16
117151,117152,8,1,15,3,2016,8,5,6,3,5,3,1,0,1,1,0,0,0,0,5.00803E+20,5.39136E+21,9.0109E+15,4.86753E+16
117152,117153,8,1,11,0,2016,8,12,7,3,1,7,0,0,1,1,0,0,0,0,5.14258E+20,5.40369E+21,9.1941E+15,4.8786E+16
117153,117154,8,3,35,66,2016,8,14,4,3,6,6,0,0,1,0,1,0,0,0,5.08634E+20,5.28243E+21,9.11507E+15,4.76952E+16
117154,117155,8,2,21,0,2016,8,12,6,3,2,6,0,0,0,1,0,0,0,0,4.77108E+20,5.47262E+21,8.68445E+15,4.94058E+16
117155,117156,8,2,15,47,2016,8,14,3,3,8,1,0,0,0,0,0,1,0,0,4.60936E+20,5.41043E+21,8.46756E+15,4.88456E+16
117156,117157,8,1,19,20,2016,8,18,6,3,0,1,0,1,0,0,0,1,0,0,5.19356E+20,5.40908E+21,9.26376E+15,4.88344E+16
117157,117158,8,2,22,0,2016,8,15,5,3,5,3,0,0,0,1,0,0,0,0,4.62541E+20,5.4811E+21,8.48286E+15,4.94814E+16
117158,117159,8,2,36,31,2016,8,19,2,3,6,7,0,0,0,1,1,0,0,0,4.81804E+20,5.42005E+21,8.75156E+15,4.89331E+16
117159,117160,8,4,15,14,2016,8,11,1,2,0,1,0,0,1,0,0,0,0,0,5.25494E+20,5.37584E+21,9.34536E+15,4.85351E+16
117160,117161,8,1,18,80,2016,8,19,5,3,6,4,0,0,0,1,1,0,0,0,5.06538E+20,5.41099E+21,9.08912E+15,4.88519E+16
117161,117162,8,3,17,57,2016,8,15,2,3,2,6,0,0,0,1,0,0,0,0,4.12595E+20,5.38085E+21,7.81506E+15,4.85746E+16
117162,117163,8,3,17,100,2016,8,15,5,3,0,7,0,0,0,1,0,0,0,0,4.23856E+20,5.36752E+21,7.97012E+15,4.84562E+16
117163,117164,8,1,28,6,2016,8,6,4,3,8,1,0,0,0,1,0,0,0,0,5.50233E+20,5.47389E+21,9.69257E+15,4.94156E+16
117164,117165,8,3,17,9,2016,8,16,4,3,0,6,0,0,1,0,0,0,0,1,4.25034E+20,5.36192E+21,7.98705E+15,4.84059E+16
117165,117166,8,2,12,0,2016,8,10,3,3,1,5,0,0,1,1,0,0,0,0,4.56474E+20,5.42876E+21,8.40479E+15,4.90102E+16
117166,117167,8,2,12,0,2016,8,15,3,3,2,6,0,0,0,1,0,0,0,0,4.60018E+20,5.42718E+21,8.45341E+15,4.89962E+16
117167,117168,8,2,31,0,2016,8,13,2,3,0,7,0,0,0,1,1,1,0,0,4.76614E+20,5.41545E+21,8.68096E+15,4.88916E+16
117168,117169,8,2,25,58,2016,8,17,2,3,4,6,0,0,0,1,0,1,0,0,5.07716E+20,5.46577E+21,9.10622E+15,4.93446E+16
117169,117170,8,1,25,98,2016,8,15,4,2,9,1,0,0,0,0,0,1,0,0,5.25945E+20,5.43604E+21,9.35527E+15,4.90767E+16
117170,117171,8,2,21,0,2016,8,15,7,3,9,6,0,1,0,1,0,0,0,0,4.78418E+20,5.4712E+21,8.70258E+15,4.93931E+16
117171,117172,8,2,16,15,2016,8,17,1,3,1,2,0,0,1,1,0,0,0,0,4.50314E+20,5.40589E+21,8.32335E+15,4.8804E+16
117172,117173,8,1,18,40,2016,8,6,5,3,5,3,1,0,1,0,0,0,0,1,5.10042E+20,5.4322E+21,9.13742E+15,4.90426E+16
117173,117174,8,3,11,0,2016,8,8,2,3,2,6,0,0,1,1,0,0,0,0,4.1501E+20,5.31747E+21,7.86054E+15,4.80048E+16
117174,117175,8,1,35,19,2016,8,17,3,3,0,7,0,0,0,0,0,1,0,0,5.82997E+20,5.39245E+21,1.01275E+16,4.86796E+16
117175,117176,8,2,26,32,2016,8,13,2,3,5,2,0,0,1,1,0,0,0,0,4.66609E+20,5.46294E+21,8.54054E+15,4.93183E+16
117176,117177,8,1,19,67,2016,8,18,1,3,1,5,0,0,1,1,0,0,0,0,5.37832E+20,5.40501E+21,9.51514E+15,4.87969E+16
117177,117178,8,1,21,0,2016,8,20,4,3,5,3,0,0,0,1,0,1,0,0,5.14993E+20,5.44236E+21,9.20554E+15,4.91339E+16