FID,OBJECTID,ULAND,UREGBEZ,UKREIS,UGEMEINDE,UJAHR,UMONAT,USTUNDE,UWOCHENTAG,UKATEGORIE,UART,UTYP1,ULICHTVERH,IstStrasse,IstRad,IstPKW,IstFuss,IstKrad,IstGkfz,IstSonstig,LINREFX,LINREFY,XGCSWGS84,YGCSWGS84
117178,117179,8,1,27,76,2016,8,9,7,3,5,3,0,0,1,1,0,0,0,0,5.51915E+20,5.44025E+21,9.71139E+15,4.91129E+16
117179,117180,8,3,17,96,2016,8,13,6,3,5,2,0,0,1,0,0,0,0,0,4.21877E+20,5.3685E+21,7.94317E+15,4.84648E+16
117180,117181,8,1,21,0,2016,8,17,3,3,5,3,0,0,1,1,0,0,0,0,5.15727E+20,5.44284E+21,9.21561E+15,4.91382E+16
117181,117182,8,2,16,43,2016,8,1,6,3,0,7,2,1,1,0,0,0,0,0,4.41841E+20,5.41225E+21,8.20707E+15,4.88605E+16
117182,117183,8,4,25,20,2016,8,16,6,3,1,6,0,0,0,1,0,0,0,0,5.58763E+20,5.36152E+21,9.79398E+15,4.84041E+16
117183,117184,8,1,18,46,2016,8,16,4,3,4,2,0,0,0,1,0,0,0,0,5.13626E+20,5.4113E+21,9.18576E+15,4.88545E+16
117184,117185,8,1,18,80,2016,8,14,3,3,2,6,0,0,0,1,0,0,0,0,5.07324E+20,5.41126E+21,9.09984E+15,4.88542E+16
117185,117186,8,2,22,0,2016,8,16,2,3,4,6,0,0,1,1,0,0,0,0,4.68129E+20,5.47909E+21,8.56016E+15,4.94636E+16
117186,117187,8,4,35,29,2016,8,16,7,3,0,1,0,0,1,0,0,0,0,0,5.45238E+20,5.27055E+21,9.60165E+15,4.75867E+16
117187,117188,8,1,17,15,2016,8,17,4,3,5,2,0,0,0,1,0,1,0,0,5.58502E+20,5.39262E+21,9.79483E+15,4.86838E+16
117188,117189,8,1,11,0,2016,8,14,7,3,6,2,0,0,0,1,1,0,0,0,5.18186E+20,5.40617E+21,9.24769E+15,4.88082E+16
117189,117190,8,3,16,56,2016,8,11,4,3,5,3,0,0,1,1,0,0,0,0,4.23752E+20,5.32887E+21,7.9757E+15,4.81086E+16
117190,117191,8,3,11,0,2016,8,14,6,3,5,3,0,0,0,1,0,0,0,1,4.11293E+20,5.32107E+21,7.80997E+15,4.80367E+16
117191,117192,8,1,17,26,2016,8,9,3,3,1,6,0,0,0,1,0,1,0,0,5.48118E+20,5.39444E+21,9.65397E+15,4.87011E+16
117192,117193,8,1,28,7,2016,8,11,6,2,3,6,0,0,1,1,0,0,0,0,5.55757E+20,5.48241E+21,9.76991E+15,4.94917E+16
117193,117194,8,2,22,0,2016,8,15,5,3,1,5,0,0,1,0,0,0,0,1,4.61744E+20,5.48445E+21,8.47153E+15,4.95115E+16
117194,117195,8,2,15,64,2016,8,15,2,3,5,3,0,0,0,1,0,0,0,0,4.79984E+20,5.45288E+21,8.72508E+15,4.92283E+16
117195,117196,8,1,15,21,2016,8,15,2,3,0,3,0,0,0,0,0,1,0,0,4.8976E+20,5.38269E+21,8.86111E+15,4.85972E+16
117196,117197,8,1,18,79,2016,8,18,5,3,5,3,0,0,1,1,0,0,0,0,5.10128E+20,5.42119E+21,9.13832E+15,4.89435E+16
117197,117198,8,3,35,43,2016,8,20,2,3,0,1,1,0,1,0,0,0,0,0,5.11413E+20,5.28218E+21,9.1521E+15,4.76929E+16
117198,117199,8,2,12,0,2016,8,10,2,3,5,3,0,0,1,1,0,0,0,0,4.54349E+20,5.43315E+21,8.37525E+15,4.90495E+16
117199,117200,8,4,25,31,2016,8,6,2,2,5,3,0,0,0,1,0,0,1,0,5.64583E+20,5.36944E+21,9.87383E+15,4.84748E+16
117200,117201,8,3,35,43,2016,8,23,7,2,7,7,2,1,0,0,1,1,0,0,5.13758E+20,5.28025E+21,9.18328E+15,4.76755E+16
117201,117202,8,1,17,26,2016,8,12,4,2,1,1,0,0,1,1,0,0,0,0,5.48382E+20,5.39667E+21,9.65781E+15,4.87211E+16
117202,117203,8,3,16,56,2016,8,8,4,3,8,1,0,0,1,0,0,0,0,0,4.22918E+20,5.32729E+21,7.96477E+15,4.80942E+16
117203,117204,8,1,16,78,2016,8,15,3,3,5,3,0,0,0,1,0,0,0,0,5.12771E+20,5.39275E+21,9.17352E+15,4.86877E+16
117204,117205,8,1,18,46,2016,8,16,6,3,2,3,0,0,1,1,0,0,0,0,5.13083E+20,5.41247E+21,9.17839E+15,4.88651E+16
117205,117206,8,2,22,0,2016,8,10,5,3,5,2,0,0,1,1,0,0,0,0,4.61382E+20,5.48311E+21,8.46666E+15,4.94994E+16
117206,117207,8,2,12,0,2016,8,0,2,3,5,3,2,0,1,1,0,0,0,0,4.54203E+20,5.43103E+21,8.37348E+15,4.90304E+16
117207,117208,8,4,15,61,2016,8,17,1,3,2,6,0,0,0,1,0,0,0,0,5.17017E+20,5.36995E+21,9.23029E+15,4.84825E+16
117208,117209,8,1,17,14,2016,8,20,5,3,4,6,2,0,1,0,0,1,0,0,5.54179E+20,5.38434E+21,9.73501E+15,4.86098E+16
117209,117210,8,3,15,50,2016,8,14,2,3,6,4,0,0,1,0,1,0,0,0,3.99517E+20,5.30325E+21,7.6562E+15,4.78747E+16
117210,117211,8,3,17,96,2016,8,15,5,3,5,3,0,1,1,1,0,0,0,0,4.21722E+20,5.36931E+21,7.94093E+15,4.8472E+16
117211,117212,8,1,11,0,2016,8,6,4,1,4,6,0,0,0,1,0,0,0,0,5.15887E+20,5.40681E+21,9.2164E+15,4.88141E+16
117212,117213,8,3,16,43,2016,8,18,4,3,0,7,0,0,0,0,0,1,0,1,4.07725E+20,5.32877E+21,7.76045E+15,4.81055E+16
117213,117214,8,1,16,33,2016,8,23,3,3,4,2,2,0,0,1,0,0,0,0,5.33215E+20,5.38923E+21,9.45102E+15,4.86552E+16
117214,117215,8,2,12,0,2016,8,12,2,3,3,6,0,0,1,1,0,0,0,0,4.55748E+20,5.4285E+21,8.39489E+15,4.90078E+16
117215,117216,8,3,17,65,2016,8,13,5,2,1,5,0,0,1,1,0,0,0,0,4.16221E+20,5.35405E+21,7.86956E+15,4.83341E+16
117216,117217,8,1,11,0,2016,8,14,4,3,5,3,0,0,1,1,0,0,0,0,5.12326E+20,5.39544E+21,9.16755E+15,4.87118E+16
117217,117218,8,2,12,0,2016,8,17,4,3,5,2,0,0,0,1,0,0,0,0,4.59286E+20,5.42827E+21,8.44329E+15,4.9006E+16
117218,117219,8,1,16,19,2016,8,9,3,3,4,6,0,0,0,1,0,1,0,0,5.2164E+20,5.3999E+21,9.2944E+15,4.87518E+16
117219,117220,8,1,11,0,2016,8,8,6,3,5,3,0,0,1,1,0,0,0,0,5.08912E+20,5.40649E+21,9.12139E+15,4.88113E+16
117220,117221,8,2,16,49,2016,8,17,2,1,0,7,0,0,1,0,0,1,0,0,4.34065E+20,5.40146E+21,8.10279E+15,4.87626E+16
117221,117222,8,3,17,96,2016,8,6,1,2,0,7,0,1,1,0,0,0,0,0,4.22396E+20,5.36947E+21,7.95002E+15,4.84736E+16
117222,117223,8,4,25,8,2016,8,18,5,3,0,1,0,0,1,0,0,0,0,0,5.66103E+20,5.38197E+21,9.89638E+15,4.85874E+16
117223,117224,8,2,12,0,2016,8,8,2,3,7,7,0,0,1,0,0,0,0,1,4.61978E+20,5.42177E+21,8.48071E+15,4.89477E+16
117224,117225,8,2,36,40,2016,8,6,7,3,9,1,1,0,0,1,0,0,0,0,4.85249E+20,5.42014E+21,8.79859E+15,4.8934E+16
117225,117226,8,4,36,64,2016,8,15,6,3,5,3,0,0,1,1,0,0,0,0,5.45903E+20,5.29318E+21,9.61287E+15,4.77903E+16
117226,117227,8,1,15,45,2016,8,18,3,2,0,1,0,0,1,0,0,0,0,0,5.01293E+20,5.39573E+21,9.01758E+15,4.87146E+16
117227,117228,8,1,28,115,2016,8,6,2,3,5,3,0,0,0,0,0,1,0,1,5.47587E+20,5.49677E+21,9.65884E+15,4.96216E+16
117228,117229,8,1,18,48,2016,8,14,1,3,5,2,0,0,1,1,0,0,0,0,5.14245E+20,5.41561E+21,9.19434E+15,4.88932E+16
117229,117230,8,2,25,109,2016,8,18,1,2,8,1,0,0,1,0,0,0,0,0,5.24793E+20,5.49266E+21,9.34302E+15,4.95861E+16
117230,117231,8,1,11,0,2016,8,16,3,3,5,2,0,0,0,1,0,0,0,0,5.15761E+20,5.40348E+21,9.21455E+15,4.87841E+16
117231,117232,8,1,26,46,2016,8,11,2,3,4,2,0,0,0,1,0,1,0,0,5.49341E+20,5.45971E+21,9.67851E+15,4.92881E+16
117232,117233,8,1,16,49,2016,8,4,5,3,2,6,2,0,0,1,0,0,0,0,5.2455E+20,5.38418E+21,9.33305E+15,4.86102E+16
117233,117234,8,1,36,88,2016,8,4,2,3,5,3,2,0,1,1,0,0,0,0,5.7824E+20,5.40928E+21,1.00661E+16,4.88316E+16
117234,117235,8,1,11,0,2016,8,9,4,3,2,6,0,0,0,1,0,0,0,0,5.12795E+20,5.40876E+21,9.17434E+15,4.88317E+16
117235,117236,8,2,15,100,2016,8,11,7,3,2,6,0,0,0,1,0,0,0,0,4.7452E+20,5.4507E+21,8.65018E+15,4.92086E+16
117236,117237,8,3,36,81,2016,8,9,6,3,0,1,0,0,0,0,0,1,0,0,4.12747E+20,5.27933E+21,7.83789E+15,4.76615E+16
117237,117238,8,1,11,0,2016,8,15,4,3,3,6,0,0,0,1,0,0,0,0,5.16902E+20,5.40037E+21,9.22996E+15,4.87561E+16
117238,117239,8,1,11,0,2016,8,15,3,3,2,6,0,0,0,1,0,1,0,0,5.18489E+20,5.40189E+21,9.25162E+15,4.87697E+16
117239,117240,8,1,25,65,2016,8,8,2,2,6,3,0,0,0,1,1,0,0,0,5.16558E+20,5.44875E+21,9.22726E+15,4.91914E+16
117240,117241,8,4,17,79,2016,8,3,7,3,1,5,2,0,0,1,0,1,0,0,5.01004E+20,5.34055E+21,9.01352E+15,4.82182E+16
117241,117242,8,1,11,0,2016,8,13,4,3,4,6,0,0,1,1,0,0,0,0,5.09533E+20,5.3986E+21,9.12966E+15,4.87403E+16
117242,117243,8,1,11,0,2016,8,19,7,3,5,3,0,1,0,1,0,0,0,1,5.12149E+20,5.3964E+21,9.16518E+15,4.87205E+16
117243,117244,8,2,12,0,2016,8,8,4,3,5,3,0,0,1,1,0,0,0,0,4.54076E+20,5.42569E+21,8.37234E+15,4.89824E+16
117244,117245,8,2,26,37,2016,8,10,6,3,5,7,0,0,1,1,0,0,0,0,4.66156E+20,5.4692E+21,8.53378E+15,4.93746E+16
117245,117246,8,1,11,0,2016,8,20,4,3,1,1,1,0,1,1,0,0,0,0,5.13267E+20,5.40224E+21,9.18056E+15,4.87731E+16
117246,117247,8,1,18,48,2016,8,16,7,3,5,3,0,1,1,1,0,0,0,0,5.11889E+20,5.41725E+21,9.16224E+15,4.89081E+16
117247,117248,8,3,17,65,2016,8,11,6,2,1,5,0,0,0,1,0,1,0,0,4.14539E+20,5.35473E+21,7.84673E+15,4.83399E+16
117248,117249,8,1,11,0,2016,8,15,3,3,1,7,0,0,0,1,0,1,0,0,5.15148E+20,5.40269E+21,9.20619E+15,4.8777E+16
117249,117250,8,2,12,0,2016,8,7,6,3,5,2,0,0,1,1,0,0,0,0,4.54055E+20,5.42845E+21,8.37175E+15,4.90073E+16
117250,117251,8,2,22,0,2016,8,15,5,3,9,5,0,0,0,1,0,0,0,0,4.63527E+20,5.48483E+21,8.49612E+15,4.9515E+16
117251,117252,8,1,19,85,2016,8,14,2,2,5,3,0,0,0,1,1,0,0,0,5.28051E+20,5.41249E+21,9.38248E+15,4.88648E+16
117252,117253,8,1,16,33,2016,8,14,2,3,2,6,0,0,0,1,0,0,0,1,5.32267E+20,5.38828E+21,9.43807E+15,4.86467E+16
117253,117254,8,2,12,0,2016,8,3,7,3,1,5,2,0,1,1,0,0,0,0,4.55452E+20,5.42843E+21,8.39085E+15,4.90071E+16
117254,117255,8,4,25,33,2016,8,7,2,2,6,4,0,0,0,1,1,0,0,0,5.53405E+20,5.34827E+21,9.71991E+15,4.82854E+16
117255,117256,8,4,26,21,2016,8,18,3,3,0,1,0,0,1,0,0,0,0,0,5.58308E+20,5.3257E+21,9.78289E+15,4.80819E+16
117256,117257,8,2,12,0,2016,8,18,4,3,5,3,0,0,1,1,0,0,0,0,4.55135E+20,5.42879E+21,8.38648E+15,4.90104E+16
117257,117258,8,4,37,31,2016,8,16,2,2,9,1,0,1,0,1,0,0,0,0,5.16876E+20,5.34379E+21,9.22732E+15,4.82471E+16
117258,117259,8,1,16,33,2016,8,15,6,2,6,4,0,0,0,1,1,0,0,0,5.33422E+20,5.38807E+21,9.45373E+15,4.86448E+16
117259,117260,8,3,15,22,2016,8,4,1,3,9,1,2,0,0,1,0,0,0,0,3.97478E+20,5.30107E+21,7.62946E+15,4.78548E+16
117260,117261,8,1,16,47,2016,8,16,5,3,2,6,0,0,0,1,0,0,0,0,5.20098E+20,5.39262E+21,9.27307E+15,4.86863E+16
117261,117262,8,3,15,6,2016,8,17,2,2,3,2,0,0,1,1,0,0,0,0,4.0286E+20,5.30826E+21,7.69977E+15,4.79203E+16
117262,117263,8,4,35,18,2016,8,14,2,3,5,3,0,0,1,0,0,0,0,0,5.23365E+20,5.28014E+21,9.31127E+15,4.76742E+16
117263,117264,8,1,21,0,2016,8,19,6,3,1,7,0,0,0,1,0,0,0,0,5.15519E+20,5.44308E+21,9.21277E+15,4.91403E+16
117264,117265,8,2,22,0,2016,8,16,5,2,2,2,0,0,0,1,0,1,0,0,4.62232E+20,5.48413E+21,8.4783E+15,4.95086E+16
117265,117266,8,1,18,48,2016,8,9,2,3,0,2,0,0,0,1,0,1,0,0,5.13804E+20,5.4158E+21,9.18833E+15,4.8895E+16
117266,117267,8,4,26,13,2016,8,6,1,2,9,1,1,0,0,1,0,0,0,0,5.45085E+20,5.32337E+21,9.60512E+15,4.80621E+16
117267,117268,8,1,15,28,2016,8,17,5,3,4,5,0,0,0,1,0,0,0,0,5.0125E+20,5.40498E+21,9.01703E+15,4.87978E+16
117268,117269,8,3,26,74,2016,8,15,2,3,2,6,0,0,0,1,0,0,0,0,4.60273E+20,5.32245E+21,8.46687E+15,4.80541E+16
117269,117270,8,3,15,113,2016,8,6,5,2,0,1,0,0,1,0,0,0,0,0,4.41573E+20,5.30695E+21,8.21805E+15,4.79132E+16
117270,117271,8,4,16,41,2016,8,11,3,3,0,7,0,0,1,1,0,0,0,0,5.03301E+20,5.3743E+21,9.04471E+15,4.85218E+16
117271,117272,8,2,36,76,2016,8,6,4,3,0,1,0,0,1,0,0,0,0,0,4.71656E+20,5.42365E+21,8.61275E+15,4.89651E+16
117272,117273,8,4,35,16,2016,8,16,2,3,2,6,0,0,0,1,0,0,0,0,5.34544E+20,5.27822E+21,9.46004E+15,4.76564E+16
117273,117274,8,4,35,59,2016,8,17,5,3,0,1,0,0,1,0,0,0,0,0,5.12192E+20,5.29066E+21,9.16272E+15,4.77692E+16
117274,117275,8,1,18,48,2016,8,2,2,3,5,3,2,0,0,1,0,0,0,0,5.1245E+20,5.41589E+21,9.16987E+15,4.88958E+16
117275,117276,8,1,15,3,2016,8,14,5,3,6,7,0,0,0,1,1,0,0,0,5.00676E+20,5.3922E+21,9.00918E+15,4.86828E+16
117276,117277,8,2,26,32,2016,8,2,2,3,8,1,2,0,0,1,0,0,0,0,4.67295E+20,5.46268E+21,8.55E+15,4.93159E+16
117277,117278,8,2,22,0,2016,8,13,7,3,5,3,0,0,1,1,0,0,0,0,4.6312E+20,5.48288E+21,8.49069E+15,4.94974E+16
117278,117279,8,4,35,29,2016,8,19,6,2,4,6,0,0,1,1,0,0,0,0,5.45237E+20,5.27055E+21,9.60165E+15,4.75867E+16
117279,117280,8,4,15,61,2016,8,19,3,3,0,1,0,0,1,0,0,0,0,0,5.16704E+20,5.37394E+21,9.2262E+15,4.85184E+16
117280,117281,8,4,26,21,2016,8,13,2,3,6,7,0,0,0,1,1,0,0,0,5.58596E+20,5.32756E+21,9.78702E+15,4.80986E+16
117281,117282,8,3,35,43,2016,8,9,3,3,1,5,0,0,1,1,0,0,0,0,5.13827E+20,5.28097E+21,9.18424E+15,4.7682E+16
117282,117283,8,2,26,10,2016,8,17,4,3,4,6,0,0,0,1,0,1,0,0,4.83926E+20,5.45858E+21,8.779E+15,4.92798E+16
117283,117284,8,4,17,75,2016,8,14,2,3,4,6,0,0,0,1,0,0,0,0,5.10809E+20,5.33279E+21,9.14532E+15,4.81483E+16
117284,117285,8,1,18,80,2016,8,12,2,3,6,4,0,0,0,1,1,0,0,0,5.0949E+20,5.40865E+21,9.1293E+15,4.88307E+16
117285,117286,8,1,19,85,2016,8,15,1,3,0,1,0,0,1,0,0,0,0,0,5.29351E+20,5.41349E+21,9.40027E+15,4.88737E+16
117286,117287,8,1,18,79,2016,8,17,2,3,4,7,0,0,0,1,0,1,0,0,5.09451E+20,5.42102E+21,9.12907E+15,4.8942E+16
117287,117288,8,1,21,0,2016,8,5,2,3,4,6,0,0,0,1,0,0,0,0,5.15271E+20,5.44638E+21,9.2095E+15,4.917E+16
117288,117289,8,3,35,43,2016,8,18,3,3,1,4,0,0,1,1,1,0,0,0,5.12375E+20,5.27896E+21,9.16483E+15,4.76639E+16
117289,117290,8,1,36,65,2016,8,17,7,2,4,2,0,0,0,1,0,0,0,0,5.6107E+20,5.4046E+21,9.83148E+15,4.87914E+16
117290,117291,8,3,35,75,2016,8,11,6,3,5,3,0,0,0,1,0,0,0,0,4.88451E+20,5.29033E+21,8.84587E+15,4.77663E+16
117291,117292,8,4,15,61,2016,8,19,2,3,1,5,0,0,1,1,0,0,0,0,5.14849E+20,5.37219E+21,9.20103E+15,4.85026E+16
117292,117293,8,1,17,26,2016,8,18,2,3,2,6,0,0,0,1,0,0,0,0,5.48034E+20,5.39664E+21,9.65308E+15,4.8721E+16
117293,117294,8,1,19,86,2016,8,19,2,3,2,6,0,0,1,1,0,0,0,0,5.35043E+20,5.40526E+21,9.47719E+15,4.87993E+16
117294,117295,8,3,36,69,2016,8,9,7,3,5,3,0,0,0,1,0,0,0,0,4.0788E+20,5.26916E+21,7.77523E+15,4.75693E+16
117295,117296,8,1,17,24,2016,8,19,2,3,5,3,0,0,0,1,0,0,0,0,5.60192E+20,5.38647E+21,9.81689E+15,4.86284E+16
117296,117297,8,1,15,41,2016,8,12,1,2,0,7,0,0,1,0,0,0,0,0,4.96008E+20,5.40168E+21,8.94567E+15,4.87681E+16
117297,117298,8,3,35,43,2016,8,17,3,2,0,7,0,0,1,0,0,0,0,0,5.13491E+20,5.27981E+21,9.17971E+15,4.76716E+16
117298,117299,8,1,16,49,2016,8,18,7,3,5,3,0,0,0,1,0,0,0,0,5.25477E+20,5.38602E+21,9.34574E+15,4.86267E+16
117299,117300,8,3,11,0,2016,8,9,6,3,5,3,0,0,1,1,0,0,0,0,4.13274E+20,5.31695E+21,7.83738E+15,4.79999E+16
117300,117301,8,1,35,16,2016,8,14,6,3,1,6,0,0,0,1,0,1,0,0,5.90529E+20,5.38601E+21,1.02284E+16,4.86206E+16
117301,117302,8,2,21,0,2016,8,18,5,3,6,2,0,0,0,1,1,0,0,0,4.77119E+20,5.47246E+21,8.68461E+15,4.94044E+16
117302,117303,8,1,16,33,2016,8,11,2,3,1,5,0,0,0,0,0,1,0,1,5.33147E+20,5.38821E+21,9.45001E+15,4.86461E+16
117303,117304,8,1,15,52,2016,8,9,2,3,1,7,0,0,0,1,0,0,0,0,4.93422E+20,5.40772E+21,8.91039E+15,4.88224E+16
117304,117305,8,3,37,62,2016,8,17,2,3,5,3,0,0,1,1,0,0,0,0,4.54572E+20,5.27431E+21,8.39543E+15,4.76206E+16
117305,117306,8,1,11,0,2016,8,16,6,2,5,3,0,0,1,1,0,0,0,0,5.07978E+20,5.40603E+21,9.10866E+15,4.88072E+16
117306,117307,8,2,12,0,2016,8,15,6,3,0,3,0,0,1,1,0,0,0,0,4.55028E+20,5.4285E+21,8.38505E+15,4.90077E+16
117307,117308,8,1,18,73,2016,8,15,4,2,5,2,0,0,1,0,0,0,0,1,4.98414E+20,5.42192E+21,8.97834E+15,4.89502E+16
117308,117309,8,1,11,0,2016,8,12,7,2,5,3,0,0,0,1,0,1,0,0,5.12325E+20,5.40281E+21,9.16776E+15,4.87782E+16
117309,117310,8,3,27,49,2016,8,7,6,3,4,2,0,0,1,1,0,0,0,0,4.72473E+20,5.32526E+21,8.63042E+15,4.808E+16
117310,117311,8,2,31,0,2016,8,11,3,3,3,6,0,0,0,1,0,1,0,0,4.77236E+20,5.41552E+21,8.68945E+15,4.88923E+16
117311,117312,8,4,16,22,2016,8,13,1,3,0,7,0,0,1,0,0,0,0,0,5.09988E+20,5.37548E+21,9.13529E+15,4.85323E+16
117312,117313,8,3,11,0,2016,8,13,6,3,8,1,0,0,1,0,0,0,0,0,4.10879E+20,5.3147E+21,7.80575E+15,4.79794E+16
117313,117314,8,4,35,30,2016,8,8,4,3,0,3,0,0,0,0,0,0,0,1,5.43383E+20,5.27339E+21,9.57727E+15,4.76125E+16
117314,117315,8,4,25,14,2016,8,16,6,3,4,2,0,0,0,1,0,0,0,0,5.7275E+20,5.37029E+21,9.98446E+15,4.84815E+16
117315,117316,8,1,11,0,2016,8,6,6,3,5,3,0,0,0,1,0,1,0,0,5.12046E+20,5.40912E+21,9.16415E+15,4.8835E+16
117316,117317,8,2,12,0,2016,8,17,6,3,1,5,0,0,0,1,0,1,0,0,4.59448E+20,5.4287E+21,8.44547E+15,4.90098E+16
117317,117318,8,1,36,7,2016,8,20,4,3,0,1,0,0,1,0,0,0,0,0,5.70755E+20,5.3988E+21,9.96233E+15,4.87382E+16
117318,117319,8,2,26,76,2016,8,16,3,3,5,3,0,0,0,1,0,1,0,0,4.74459E+20,5.46545E+21,8.64839E+15,4.93412E+16
117319,117320,8,1,36,10,2016,8,18,4,3,4,6,0,0,1,1,0,0,0,0,5.99074E+20,5.4127E+21,1.03507E+16,4.88594E+16
117320,117321,8,2,22,0,2016,8,21,5,2,5,3,2,0,1,0,0,0,0,0,4.62878E+20,5.48149E+21,8.48748E+15,4.94849E+16
117321,117322,8,2,26,85,2016,8,11,3,3,1,6,0,0,0,1,0,0,0,0,4.90581E+20,5.45541E+21,8.87057E+15,4.92514E+16
117322,117323,8,1,36,19,2016,8,12,4,3,5,3,0,0,0,1,0,0,0,0,5.86462E+20,5.42359E+21,1.01812E+16,4.89592E+16
117323,117324,8,4,36,9,2016,8,17,6,2,2,2,0,0,0,1,0,1,0,0,5.56225E+20,5.30694E+21,9.75247E+15,4.79133E+16
117324,117325,8,3,11,0,2016,8,16,6,3,2,6,0,0,0,1,1,0,0,0,4.11987E+20,5.31471E+21,7.82058E+15,4.79797E+16
117325,117326,8,4,25,33,2016,8,11,4,3,5,3,0,0,0,0,0,1,0,1,5.55564E+20,5.3478E+21,9.74895E+15,4.8281E+16
117326,117327,8,3,36,78,2016,8,14,1,3,4,3,0,0,0,1,0,0,0,1,3.98589E+20,5.29015E+21,7.64686E+15,4.77567E+16
117327,117328,8,1,11,0,2016,8,15,1,2,0,3,0,1,1,1,0,0,0,0,5.12234E+20,5.40633E+21,9.16663E+15,4.88098E+16
117328,117329,8,1,27,14,2016,8,10,4,3,5,3,0,0,1,1,0,0,0,0,5.79086E+20,5.44366E+21,1.00843E+16,4.91406E+16
117329,117330,8,2,26,38,2016,8,13,3,3,4,6,0,0,1,0,0,0,0,0,4.71148E+20,5.48007E+21,8.60176E+15,4.94726E+16
117330,117331,8,1,35,16,2016,8,23,5,2,0,1,2,0,1,0,0,0,0,0,5.91488E+20,5.38592E+21,1.02414E+16,4.86197E+16
117331,117332,8,1,11,0,2016,8,18,6,3,1,5,0,0,1,1,0,0,0,0,5.1636E+20,5.40852E+21,9.22292E+15,4.88295E+16
117332,117333,8,2,26,96,2016,8,18,1,3,5,3,0,0,1,1,0,0,0,0,4.74167E+20,5.48965E+21,8.6428E+15,4.95589E+16
117333,117334,8,4,17,79,2016,8,14,4,3,5,3,0,0,0,0,0,1,0,1,5.01093E+20,5.34455E+21,9.01472E+15,4.82542E+16
117334,117335,8,1,11,0,2016,8,15,6,2,0,4,0,0,1,0,1,0,0,0,5.16526E+20,5.40654E+21,9.22509E+15,4.88116E+16
117335,117336,8,3,17,59,2016,8,10,1,3,5,3,0,0,1,1,0,0,0,0,4.12859E+20,5.34972E+21,7.82511E+15,4.82946E+16
117336,117337,8,4,26,97,2016,8,17,6,2,4,6,0,0,1,1,0,0,0,0,5.36673E+20,5.3342E+21,9.49316E+15,4.816E+16
117337,117338,8,4,17,51,2016,8,18,7,3,0,1,0,0,1,0,0,0,0,0,4.90664E+20,5.35799E+21,8.87393E+15,4.8375E+16
117338,117339,8,4,37,104,2016,8,17,5,3,5,3,0,0,0,1,0,0,0,0,5.17572E+20,5.32727E+21,9.23601E+15,4.80984E+16
117339,117340,8,1,25,110,2016,8,8,4,2,5,3,0,0,1,1,0,0,0,0,5.27197E+20,5.44229E+21,9.37282E+15,4.91329E+16
117340,117341,8,2,22,0,2016,8,10,3,3,3,2,0,0,1,1,0,0,0,0,4.61449E+20,5.48185E+21,8.46771E+15,4.94881E+16
117341,117342,8,1,18,48,2016,8,14,2,3,0,7,0,0,1,0,0,0,0,0,5.14842E+20,5.41713E+21,9.20255E+15,4.89069E+16
117342,117343,8,1,15,28,2016,8,18,5,2,5,3,0,0,1,1,0,0,0,0,5.00409E+20,5.40424E+21,9.00556E+15,4.87911E+16
117343,117344,8,4,26,21,2016,8,16,5,3,8,1,0,0,1,0,0,0,0,0,5.58729E+20,5.32761E+21,9.78882E+15,4.80991E+16
117344,117345,8,1,17,24,2016,8,12,1,3,5,3,0,0,0,1,0,0,0,1,5.61979E+20,5.38549E+21,9.84099E+15,4.86194E+16
117345,117346,8,1,18,48,2016,8,8,6,2,5,3,0,0,1,0,0,0,0,1,5.11903E+20,5.41602E+21,9.1624E+15,4.8897E+16
117346,117347,8,2,26,32,2016,8,13,7,3,0,3,0,0,0,1,0,0,0,0,4.66086E+20,5.46472E+21,8.5332E+15,4.93343E+16
117347,117348,8,1,21,0,2016,8,18,4,2,6,4,0,0,0,1,1,0,0,0,5.16233E+20,5.4434E+21,9.22257E+15,4.91432E+16
117348,117349,8,1,18,48,2016,8,9,7,3,0,3,0,0,1,1,0,0,0,0,5.16092E+20,5.41817E+21,9.21964E+15,4.89163E+16
117349,117350,8,3,27,46,2016,8,16,6,3,5,3,0,0,0,1,0,0,0,0,4.80789E+20,5.32482E+21,8.74208E+15,4.80764E+16
117350,117351,8,2,22,0,2016,8,7,3,3,5,3,0,0,0,1,0,0,0,1,4.60412E+20,5.48553E+21,8.45303E+15,4.95211E+16
117351,117352,8,4,26,11,2016,8,18,1,2,0,1,0,0,1,0,0,0,0,0,5.52151E+20,5.33191E+21,9.70099E+15,4.81383E+16
117352,117353,8,3,26,74,2016,8,8,7,3,0,1,0,0,1,0,0,0,0,0,4.64149E+20,5.32323E+21,8.51882E+15,4.80613E+16
117353,117354,8,1,25,87,2016,8,13,4,3,3,6,0,0,1,1,0,0,0,0,5.06792E+20,5.45745E+21,9.09337E+15,4.92697E+16
117354,117355,8,1,36,88,2016,8,10,7,3,4,6,0,0,0,1,0,0,1,0,5.78556E+20,5.41288E+21,1.00711E+16,4.88639E+16