FID,OBJECTID,ULAND,UREGBEZ,UKREIS,UGEMEINDE,UJAHR,UMONAT,USTUNDE,UWOCHENTAG,UKATEGORIE,UART,UTYP1,ULICHTVERH,IstStrasse,IstRad,IstPKW,IstFuss,IstKrad,IstGkfz,IstSonstig,LINREFX,LINREFY,XGCSWGS84,YGCSWGS84
117533,117534,8,2,35,85,2016,8,8,5,3,0,7,0,0,1,0,0,0,0,0,4.83066E+20,5.39291E+21,8.7699E+15,4.8689E+16
117534,117535,8,1,15,45,2016,8,7,6,3,5,3,0,0,1,1,0,0,0,0,5.00645E+20,5.39356E+21,9.00876E+15,4.86951E+16
117535,117536,8,3,15,47,2016,8,20,3,3,5,3,0,0,1,1,0,0,0,0,4.15348E+20,5.32104E+21,7.86436E+15,4.80371E+16
117536,117537,8,4,26,28,2016,8,10,6,3,5,3,0,0,0,1,0,0,0,1,5.69364E+20,5.34317E+21,9.93418E+15,4.8238E+16
117537,117538,8,1,11,0,2016,8,15,3,3,5,3,0,0,1,1,0,0,0,0,5.15053E+20,5.4066E+21,9.20503E+15,4.88122E+16
117538,117539,8,2,12,0,2016,8,16,6,3,0,6,0,0,0,0,0,1,0,0,4.54265E+20,5.42933E+21,8.37452E+15,4.90152E+16
117539,117540,8,2,16,43,2016,8,6,4,3,5,3,0,0,1,1,0,0,0,0,4.42067E+20,5.41264E+21,8.21008E+15,4.8864E+16
117540,117541,8,3,27,50,2016,8,21,1,2,1,5,2,0,0,1,0,0,0,1,4.86238E+20,5.31437E+21,8.81558E+15,4.79825E+16
117541,117542,8,4,26,21,2016,8,12,7,3,0,1,0,0,0,0,0,1,0,0,5.58561E+20,5.32739E+21,9.78652E+15,4.8097E+16
117542,117543,8,2,31,0,2016,8,13,5,3,2,6,0,0,0,1,0,0,0,0,4.7745E+20,5.41569E+21,8.69235E+15,4.88938E+16
117543,117544,8,3,15,76,2016,8,13,3,2,5,3,0,0,0,1,0,0,0,0,3.91805E+20,5.29586E+21,7.55495E+15,4.7807E+16
117544,117545,8,2,26,95,2016,8,18,5,3,5,3,0,0,1,1,0,0,0,0,4.74021E+20,5.4607E+21,8.64268E+15,4.92985E+16
117545,117546,8,1,15,28,2016,8,9,6,2,2,2,0,0,0,1,0,0,0,0,5.01107E+20,5.40476E+21,9.01507E+15,4.87959E+16
117546,117547,8,2,15,110,2016,8,18,3,2,6,4,0,0,0,1,1,0,0,0,4.60916E+20,5.41985E+21,8.46639E+15,4.89304E+16
117547,117548,8,1,11,0,2016,8,17,3,2,6,4,0,0,0,1,1,0,0,0,5.15243E+20,5.40297E+21,9.20749E+15,4.87795E+16
117548,117549,8,2,15,105,2016,8,12,5,3,5,3,0,0,0,1,0,0,0,0,4.56996E+20,5.44134E+21,8.41059E+15,4.91234E+16
117549,117550,8,1,11,0,2016,8,10,3,3,0,3,0,0,0,1,0,0,0,1,5.13005E+20,5.40854E+21,9.1772E+15,4.88297E+16
117550,117551,8,2,15,21,2016,8,9,4,3,4,7,0,0,0,1,0,0,0,0,4.69356E+20,5.44463E+21,8.57974E+15,4.91537E+16
117551,117552,8,2,26,13,2016,8,18,5,3,2,6,0,0,0,1,0,0,0,0,4.99027E+20,5.47992E+21,8.98657E+15,4.94719E+16
117552,117553,8,2,25,58,2016,8,13,1,3,5,3,0,0,1,1,0,0,0,0,5.07528E+20,5.46569E+21,9.10364E+15,4.93438E+16
117553,117554,8,3,35,98,2016,8,11,7,3,2,6,0,0,1,0,0,0,0,0,5.03911E+20,5.29584E+21,9.05224E+15,4.78159E+16
117554,117555,8,2,37,28,2016,8,17,3,3,8,1,0,0,0,1,0,0,0,0,4.58494E+20,5.36833E+21,8.4385E+15,4.84667E+16
117555,117556,8,1,11,0,2016,8,8,3,3,5,3,0,0,1,1,0,0,0,0,5.12297E+20,5.40883E+21,9.16756E+15,4.88323E+16
117556,117557,8,1,16,19,2016,8,14,2,3,1,3,0,0,0,1,0,1,0,0,5.21343E+20,5.39826E+21,9.29027E+15,4.8737E+16
117557,117558,8,1,11,0,2016,8,16,5,3,2,6,0,0,0,1,0,1,0,0,5.11613E+20,5.40334E+21,9.15809E+15,4.8783E+16
117558,117559,8,1,11,0,2016,8,18,3,3,6,4,0,0,0,0,1,1,0,0,5.15232E+20,5.40368E+21,9.20736E+15,4.8786E+16
117559,117560,8,1,35,16,2016,8,10,2,3,5,3,0,0,0,1,0,0,0,0,5.91512E+20,5.38671E+21,1.02419E+16,4.86267E+16
117560,117561,8,1,21,0,2016,8,18,5,3,1,6,0,0,0,1,0,0,0,0,5.16251E+20,5.4434E+21,9.22282E+15,4.91432E+16
117561,117562,8,2,22,0,2016,8,16,5,3,0,1,0,0,1,0,0,0,0,0,4.62457E+20,5.4884E+21,8.48101E+15,4.9547E+16
117562,117563,8,2,16,63,2016,8,18,1,3,8,1,0,0,1,0,0,0,0,0,4.26718E+20,5.40031E+21,8.00304E+15,4.87515E+16
117563,117564,8,3,15,48,2016,8,12,7,3,5,2,0,0,1,1,0,0,0,0,3.97875E+20,5.31048E+21,7.63254E+15,4.79395E+16
117564,117565,8,1,19,90,2016,8,9,7,3,8,1,0,0,1,1,0,0,0,0,5.30739E+20,5.40697E+21,9.41871E+15,4.8815E+16
117565,117566,8,3,11,0,2016,8,15,6,2,5,3,0,0,1,1,0,0,0,0,4.14965E+20,5.32039E+21,7.85936E+15,4.80312E+16
117566,117567,8,4,36,55,2016,8,13,2,3,3,2,0,0,0,1,0,1,0,0,5.75717E+20,5.29851E+21,1.00118E+16,4.78355E+16
117567,117568,8,4,36,55,2016,8,14,1,2,5,3,0,0,0,1,0,1,0,0,5.75504E+20,5.29813E+21,1.00089E+16,4.78321E+16
117568,117569,8,1,15,3,2016,9,7,6,3,2,6,0,0,0,1,0,1,0,1,4.99044E+20,5.39267E+21,8.98701E+15,4.86871E+16
117569,117570,8,2,22,0,2016,9,15,6,3,2,6,0,0,0,1,0,0,0,0,4.63829E+20,5.48377E+21,8.50039E+15,4.95054E+16
117570,117571,8,2,22,0,2016,9,18,5,3,1,6,0,0,0,1,0,0,1,0,4.63094E+20,5.4788E+21,8.4907E+15,4.94608E+16
117571,117572,8,1,16,33,2016,8,17,4,3,1,6,0,0,1,1,0,0,0,0,5.33433E+20,5.3882E+21,9.45388E+15,4.8646E+16
117572,117573,8,3,35,75,2016,9,16,1,3,0,1,0,0,0,0,0,1,0,0,4.92018E+20,5.28692E+21,8.89353E+15,4.77356E+16
117573,117574,8,4,36,64,2016,9,23,6,3,0,7,2,0,0,0,1,1,0,0,5.46037E+20,5.29239E+21,9.61459E+15,4.77833E+16
117574,117575,8,2,12,0,2016,8,10,3,3,5,2,0,0,1,0,0,0,0,1,4.53668E+20,5.43107E+21,8.36617E+15,4.90307E+16
117575,117576,8,1,17,15,2016,9,18,5,2,6,4,0,0,0,1,1,0,0,0,5.59466E+20,5.39277E+21,9.80793E+15,4.86852E+16
117576,117577,8,3,35,63,2016,9,19,6,2,0,7,0,0,1,0,0,0,0,0,4.98086E+20,5.28728E+21,8.97447E+15,4.77389E+16
117577,117578,8,3,25,45,2016,8,16,4,2,8,1,0,0,1,0,0,0,0,0,4.68753E+20,5.34855E+21,8.57875E+15,4.82894E+16
117578,117579,8,1,19,91,2016,9,11,7,2,4,6,0,0,1,1,0,0,0,0,5.28806E+20,5.40713E+21,9.3924E+15,4.88164E+16
117579,117580,8,4,26,21,2016,9,21,6,2,0,1,2,0,1,0,0,0,0,0,5.59608E+20,5.32663E+21,9.80048E+15,4.80902E+16
117580,117581,8,2,22,0,2016,9,0,6,3,5,5,2,0,1,0,0,1,0,0,4.63879E+20,5.48339E+21,8.50112E+15,4.9502E+16
117581,117582,8,1,15,21,2016,8,11,4,3,0,1,0,0,1,0,0,0,0,0,4.89478E+20,5.38244E+21,8.8573E+15,4.8595E+16
117582,117583,8,1,19,85,2016,8,15,3,3,5,3,0,0,1,0,0,0,0,1,5.29631E+20,5.41329E+21,9.40408E+15,4.88719E+16
117583,117584,8,1,19,67,2016,9,16,5,3,5,3,0,0,0,1,0,0,0,0,5.38419E+20,5.40562E+21,9.52319E+15,4.88024E+16
117584,117585,8,1,15,44,2016,8,23,4,3,0,1,2,0,1,0,0,0,0,0,5.0437E+20,5.38973E+21,9.05935E+15,4.86606E+16
117585,117586,8,3,16,11,2016,8,8,4,3,5,3,0,0,0,1,0,0,0,0,4.12573E+20,5.33113E+21,7.82508E+15,4.81274E+16
117586,117587,8,1,19,20,2016,9,14,1,3,5,3,0,0,0,1,0,0,0,0,5.19768E+20,5.40803E+21,9.26933E+15,4.88249E+16
117587,117588,8,1,19,90,2016,8,7,3,1,0,7,0,0,0,0,0,0,1,1,5.32442E+20,5.40648E+21,9.44187E+15,4.88104E+16
117588,117589,8,2,16,5,2016,9,19,5,3,0,7,0,0,1,0,0,0,0,0,4.45788E+20,5.41772E+21,8.26015E+15,4.891E+16
117589,117590,8,1,15,24,2016,8,14,4,3,5,3,0,0,1,1,0,0,0,0,5.00857E+20,5.38748E+21,9.01163E+15,4.86404E+16
117590,117591,8,3,17,89,2016,9,15,1,3,8,7,0,0,0,0,0,1,0,0,4.30829E+20,5.37549E+21,8.0631E+15,4.85287E+16
117591,117592,8,3,17,96,2016,9,12,6,3,8,1,0,0,1,0,0,0,0,0,4.20975E+20,5.36944E+21,7.9308E+15,4.84731E+16
117592,117593,8,3,15,76,2016,8,15,4,2,0,1,0,0,1,0,0,0,0,0,3.91998E+20,5.29671E+21,7.55731E+15,4.78147E+16
117593,117594,8,3,26,68,2016,9,4,7,2,9,1,2,0,0,1,0,0,0,0,4.47428E+20,5.32274E+21,8.29448E+15,4.80558E+16
117594,117595,8,1,11,0,2016,8,13,4,3,5,3,0,0,0,1,0,0,0,0,5.15258E+20,5.40307E+21,9.2077E+15,4.87804E+16
117595,117596,8,1,18,73,2016,8,14,3,3,0,1,0,0,1,0,0,0,0,0,4.98979E+20,5.4178E+21,8.98606E+15,4.89132E+16
117596,117597,8,1,18,79,2016,9,14,5,3,5,3,0,0,1,1,0,0,0,0,5.10128E+20,5.42119E+21,9.13831E+15,4.89436E+16
117597,117598,8,3,15,74,2016,8,16,4,3,2,7,0,0,0,1,0,0,0,1,3.95762E+20,5.29598E+21,7.60775E+15,4.78087E+16
117598,117599,8,4,35,57,2016,9,14,7,3,9,1,0,0,1,0,0,0,0,0,5.45454E+20,5.27832E+21,9.60533E+15,4.76567E+16
117599,117600,8,1,16,81,2016,9,19,6,3,1,6,0,0,0,1,0,1,0,0,5.17711E+20,5.38559E+21,9.24034E+15,4.86231E+16
117600,117601,8,2,22,0,2016,9,12,7,2,1,5,0,0,1,1,0,0,0,0,4.65504E+20,5.47706E+21,8.52411E+15,4.94452E+16
117601,117602,8,3,36,91,2016,8,14,4,3,3,6,0,0,1,1,0,0,0,0,3.95573E+20,5.27192E+21,7.61098E+15,4.75923E+16
117602,117603,8,1,15,45,2016,9,12,6,2,5,3,0,0,1,1,0,0,0,0,4.99214E+20,5.39289E+21,8.98932E+15,4.86891E+16
117603,117604,8,2,35,8,2016,9,14,7,2,8,1,0,0,0,0,0,1,0,0,4.8142E+20,5.40323E+21,8.74708E+15,4.87818E+16
117604,117605,8,1,28,139,2016,9,21,7,3,1,1,2,0,1,1,0,0,0,0,5.51945E+20,5.49215E+21,9.71857E+15,4.95797E+16
117605,117606,8,1,15,3,2016,9,18,6,3,0,6,0,0,0,0,0,0,0,1,4.96923E+20,5.39342E+21,8.95819E+15,4.86938E+16
117606,117607,8,4,36,64,2016,8,9,3,3,0,1,0,0,0,0,0,1,0,0,5.4513E+20,5.28762E+21,9.60199E+15,4.77404E+16
117607,117608,8,1,18,73,2016,8,15,3,3,2,2,0,0,0,1,0,1,0,0,4.98272E+20,5.41833E+21,8.97642E+15,4.89179E+16
117608,117609,8,4,15,14,2016,9,17,5,3,8,1,0,0,0,0,0,1,0,0,5.26986E+20,5.37458E+21,9.36548E+15,4.85237E+16
117609,117610,8,3,11,0,2016,8,15,4,3,2,6,0,0,0,1,0,1,0,0,4.1202E+20,5.31726E+21,7.8205E+15,4.80026E+16
117610,117611,8,4,15,61,2016,9,19,7,2,6,4,0,0,0,1,1,0,0,0,5.15283E+20,5.37213E+21,9.20689E+15,4.85021E+16
117611,117612,8,1,11,0,2016,9,15,6,3,2,6,0,0,0,1,0,0,0,0,5.15865E+20,5.40601E+21,9.21607E+15,4.88069E+16
117612,117613,8,2,15,66,2016,9,18,7,3,5,3,0,0,0,1,0,0,0,0,4.60438E+20,5.45485E+21,8.45644E+15,4.92452E+16
117613,117614,8,2,22,0,2016,9,16,6,3,5,3,0,0,1,1,0,0,0,0,4.62769E+20,5.47823E+21,8.48628E+15,4.94556E+16
117614,117615,8,4,36,55,2016,8,13,3,3,0,7,0,0,0,1,0,0,0,0,5.77354E+20,5.29877E+21,1.00337E+16,4.78376E+16
117615,117616,8,4,35,52,2016,9,16,6,3,9,1,0,0,0,1,0,0,0,0,5.22367E+20,5.28969E+21,9.29847E+15,4.77602E+16
117616,117617,8,1,18,48,2016,8,18,3,3,0,7,0,0,0,0,0,0,0,1,5.15002E+20,5.41537E+21,9.20466E+15,4.88911E+16
117617,117618,8,1,16,56,2016,9,16,5,3,2,6,0,0,0,1,0,0,0,0,5.30587E+20,5.39595E+21,9.41582E+15,4.87158E+16
117618,117619,8,4,36,55,2016,8,6,3,3,4,6,1,0,0,1,0,0,0,0,5.73933E+20,5.29623E+21,9.9876E+15,4.78152E+16
117619,117620,8,4,35,57,2016,9,15,6,3,1,5,0,0,0,1,0,0,0,0,5.44346E+20,5.27942E+21,9.5907E+15,4.76667E+16
117620,117621,8,1,17,24,2016,8,20,3,3,6,4,1,0,1,0,1,0,0,0,5.61976E+20,5.38427E+21,9.84077E+15,4.86085E+16
117621,117622,8,1,16,77,2016,9,8,5,3,5,3,0,0,0,1,0,0,1,1,5.15984E+20,5.39253E+21,9.21717E+15,4.86856E+16
117622,117623,8,3,15,47,2016,8,19,4,3,5,3,0,0,0,0,0,1,0,0,4.15387E+20,5.32152E+21,7.8648E+15,4.80413E+16
117623,117624,8,3,35,75,2016,9,17,7,3,2,6,0,0,0,1,0,0,0,0,4.8881E+20,5.28762E+21,8.85073E+15,4.77418E+16
117624,117625,8,1,11,0,2016,9,20,6,3,2,6,2,0,0,1,0,0,0,0,5.11732E+20,5.40081E+21,9.15963E+15,4.87601E+16
117625,117626,8,2,22,0,2016,9,21,6,3,6,7,2,0,0,1,1,0,0,0,4.61407E+20,5.4821E+21,8.46711E+15,4.94903E+16
117626,117627,8,2,22,0,2016,9,12,5,3,5,5,0,0,1,1,0,0,0,0,4.64288E+20,5.48455E+21,8.50667E+15,4.95125E+16
117627,117628,8,4,35,30,2016,8,14,3,3,1,5,0,0,1,1,0,0,0,0,5.39807E+20,5.2727E+21,9.52963E+15,4.76064E+16
117628,117629,8,3,26,27,2016,9,16,1,3,1,7,0,0,0,1,0,0,0,0,4.61762E+20,5.30821E+21,8.48813E+15,4.79261E+16
117629,117630,8,1,16,78,2016,8,11,3,3,5,3,0,0,0,1,0,0,0,0,5.11005E+20,5.39489E+21,9.14959E+15,4.8707E+16
117630,117631,8,1,15,44,2016,9,21,5,2,8,1,2,0,1,0,0,0,0,0,5.04368E+20,5.39015E+21,9.05932E+15,4.86644E+16
117631,117632,8,3,17,89,2016,9,18,6,3,0,7,0,0,1,0,0,0,0,0,4.32826E+20,5.37407E+21,8.09038E+15,4.85162E+16
117632,117633,8,3,11,0,2016,8,17,4,2,4,3,0,0,1,1,0,0,0,0,4.14297E+20,5.31771E+21,7.85094E+15,4.8007E+16
117633,117634,8,1,18,48,2016,9,15,7,3,0,7,0,0,1,0,0,0,0,0,5.11131E+20,5.41543E+21,9.15186E+15,4.88917E+16
117634,117635,8,3,16,56,2016,9,9,6,2,5,3,0,0,1,1,0,0,0,0,4.225E+20,5.32692E+21,7.95923E+15,4.80908E+16
117635,117636,8,3,11,0,2016,8,20,4,2,5,3,1,0,1,1,0,0,0,0,4.1367E+20,5.31667E+21,7.84274E+15,4.79975E+16
117636,117637,8,1,18,79,2016,9,12,7,2,3,6,0,0,1,0,0,0,0,0,5.09933E+20,5.42306E+21,9.13569E+15,4.89604E+16
117637,117638,8,1,11,0,2016,9,9,6,3,2,2,0,0,0,1,0,0,1,0,5.09234E+20,5.39672E+21,9.12555E+15,4.87234E+16
117638,117639,8,2,21,0,2016,9,15,6,3,5,3,0,0,1,1,0,0,0,0,4.75386E+20,5.47266E+21,8.66072E+15,4.94061E+16
117639,117640,8,1,26,45,2016,9,7,5,3,0,7,0,0,0,0,0,0,0,1,5.4619E+20,5.47015E+21,9.63639E+15,4.93823E+16
117640,117641,8,4,35,16,2016,8,15,3,3,5,3,0,0,1,1,0,0,0,0,5.35352E+20,5.27784E+21,9.47077E+15,4.7653E+16
117641,117642,8,3,17,151,2016,9,8,1,2,9,1,0,0,0,1,0,0,0,0,4.09879E+20,5.36574E+21,7.78151E+15,4.84384E+16
117642,117643,8,1,15,3,2016,8,22,3,3,4,2,2,0,0,1,0,0,0,0,5.00773E+20,5.39214E+21,9.0105E+15,4.86823E+16
117643,117644,8,3,15,115,2016,9,0,6,2,6,7,2,0,0,1,1,0,0,0,4.07783E+20,5.32073E+21,7.76296E+15,4.80332E+16
117644,117645,8,3,11,0,2016,8,22,4,3,4,7,2,0,1,0,0,0,0,0,4.13764E+20,5.31637E+21,7.84406E+15,4.79948E+16
117645,117646,8,3,16,10,2016,9,1,7,2,0,1,2,0,1,0,0,0,0,0,4.33148E+20,5.33839E+21,8.1004E+15,4.81952E+16
117646,117647,8,1,25,108,2016,9,12,7,3,5,3,0,0,1,1,0,0,0,0,4.94475E+20,5.43376E+21,8.92437E+15,4.90567E+16
117647,117648,8,4,16,41,2016,8,10,3,3,0,7,0,0,0,1,0,0,0,1,5.04233E+20,5.3761E+21,9.05734E+15,4.8538E+16
117648,117649,8,1,11,0,2016,8,10,3,3,1,5,0,0,0,1,0,0,0,0,5.07677E+20,5.39638E+21,9.10437E+15,4.87204E+16
117649,117650,8,2,15,39,2016,8,15,4,2,5,3,0,0,1,1,0,0,0,0,4.72986E+20,5.45186E+21,8.62904E+15,4.92189E+16
117650,117651,8,4,35,5,2016,9,16,5,3,0,7,0,0,1,0,0,0,0,0,5.26199E+20,5.28653E+21,9.34941E+15,4.77316E+16
117651,117652,8,2,26,54,2016,9,7,6,2,6,4,0,0,0,1,1,0,0,0,4.79838E+20,5.45475E+21,8.72298E+15,4.92452E+16
117652,117653,8,4,15,61,2016,8,19,3,3,5,3,1,0,0,1,0,1,0,0,5.15647E+20,5.37168E+21,9.21181E+15,4.84981E+16
117653,117654,8,1,11,0,2016,8,8,3,3,5,7,0,0,1,1,0,0,0,0,5.14868E+20,5.40205E+21,9.20235E+15,4.87713E+16
117654,117655,8,1,19,53,2016,9,11,5,3,0,1,0,0,0,0,0,1,0,0,5.33017E+20,5.42554E+21,9.45124E+15,4.89819E+16
117655,117656,8,3,35,75,2016,8,17,3,3,5,3,0,0,1,1,0,0,0,0,4.8774E+20,5.29032E+21,8.83639E+15,4.77661E+16
117656,117657,8,2,12,0,2016,8,9,4,3,5,3,0,0,1,1,0,0,0,0,4.53209E+20,5.42926E+21,8.36009E+15,4.90144E+16
117657,117658,8,1,18,48,2016,9,14,1,3,1,7,0,0,1,1,0,0,0,0,5.13878E+20,5.4157E+21,9.18934E+15,4.88941E+16
117658,117659,8,4,36,52,2016,8,11,2,3,4,1,0,1,0,1,0,1,0,0,5.67743E+20,5.29279E+21,9.90439E+15,4.77849E+16
117659,117660,8,2,37,45,2016,8,14,4,3,2,6,0,0,0,1,0,1,0,0,4.62267E+20,5.36318E+21,8.49001E+15,4.84207E+16
117660,117661,8,4,35,59,2016,9,15,5,3,8,7,0,0,1,0,0,0,0,0,5.12444E+20,5.29015E+21,9.16606E+15,4.77646E+16
117661,117662,8,2,31,0,2016,9,16,7,2,0,7,0,0,0,1,0,0,0,1,4.78966E+20,5.41524E+21,8.71306E+15,4.88898E+16
117662,117663,8,4,21,0,2016,9,17,5,3,0,6,0,0,1,1,0,0,0,0,5.70752E+20,5.36223E+21,9.95607E+15,4.84093E+16
117663,117664,8,3,35,43,2016,8,17,3,3,0,7,0,0,1,0,0,0,0,0,5.13642E+20,5.27996E+21,9.18173E+15,4.76729E+16
117664,117665,8,4,17,2,2016,8,12,2,3,5,3,0,0,1,1,0,0,0,0,4.88949E+20,5.34792E+21,8.85103E+15,4.82844E+16
117665,117666,8,1,11,0,2016,9,19,5,3,5,2,0,0,0,0,0,1,0,0,5.15856E+20,5.406E+21,9.21594E+15,4.88068E+16
117666,117667,8,2,31,0,2016,8,10,4,3,5,3,0,0,0,1,0,0,1,0,4.77052E+20,5.41468E+21,8.68699E+15,4.88846E+16
117667,117668,8,3,36,91,2016,9,16,7,3,1,6,0,0,0,1,0,0,0,0,3.96299E+20,5.27197E+21,7.62063E+15,4.75928E+16
117668,117669,8,4,21,0,2016,9,14,5,3,0,1,0,0,1,0,0,0,0,0,5.71593E+20,5.36218E+21,9.96742E+15,4.84087E+16
117669,117670,8,4,21,0,2016,9,19,7,3,0,7,0,0,1,0,0,0,0,0,5.73166E+20,5.36137E+21,9.98853E+15,4.84012E+16
117670,117671,8,4,21,0,2016,9,7,5,3,1,3,0,0,0,1,0,0,0,0,5.71741E+20,5.36516E+21,9.96993E+15,4.84355E+16
117671,117672,8,2,21,0,2016,9,23,7,3,0,7,2,0,1,0,0,0,0,0,4.77967E+20,5.47296E+21,8.69628E+15,4.94089E+16
117672,117673,8,3,17,96,2016,8,15,3,3,3,6,0,0,0,1,0,1,0,0,4.22267E+20,5.36799E+21,7.94854E+15,4.84603E+16
117673,117674,8,4,35,16,2016,9,18,6,3,2,2,0,0,0,1,0,0,0,1,5.36585E+20,5.27854E+21,9.48724E+15,4.76592E+16
117674,117675,8,4,17,79,2016,8,14,2,3,2,2,0,0,0,1,0,0,0,0,5.00107E+20,5.34751E+21,9.00144E+15,4.82808E+16
117675,117676,8,1,11,0,2016,9,12,5,3,5,3,0,0,0,1,0,0,0,0,5.07643E+20,5.40799E+21,9.10413E+15,4.88249E+16
117676,117677,8,3,15,56,2016,9,11,6,3,4,6,0,0,0,1,0,1,0,0,4.13823E+20,5.31056E+21,7.84601E+15,4.79426E+16
117677,117678,8,2,26,54,2016,8,8,4,3,5,3,0,0,1,0,0,0,0,1,4.80377E+20,5.45514E+21,8.73037E+15,4.92487E+16
117678,117679,8,3,35,75,2016,9,13,7,2,5,7,0,0,0,1,0,1,0,0,4.92701E+20,5.28919E+21,8.90261E+15,4.7756E+16
117679,117680,8,1,17,26,2016,9,16,7,3,5,7,0,0,1,1,0,0,0,0,5.48148E+20,5.39437E+21,9.65436E+15,4.87005E+16
117680,117681,8,4,16,41,2016,9,16,5,3,5,2,0,0,0,1,0,1,0,0,5.04288E+20,5.37434E+21,9.05807E+15,4.85221E+16
117681,117682,8,2,21,0,2016,9,14,6,2,1,5,0,0,1,1,0,0,0,0,4.74307E+20,5.47308E+21,8.64581E+15,4.94099E+16
117682,117683,8,2,21,0,2016,9,17,5,3,1,6,0,0,0,1,0,0,0,0,4.76606E+20,5.47286E+21,8.67751E+15,4.94079E+16
117683,117684,8,3,17,31,2016,8,15,3,3,0,7,0,0,1,0,0,0,0,0,4.18286E+20,5.35884E+21,7.89649E+15,4.83774E+16
117684,117685,8,3,17,97,2016,9,20,1,3,1,7,1,1,1,1,0,0,0,0,4.25266E+20,5.3651E+21,7.98963E+15,4.84346E+16
117685,117686,8,1,36,88,2016,9,18,7,3,8,1,0,0,0,1,0,1,0,0,5.77902E+20,5.40976E+21,1.00616E+16,4.8836E+16
117686,117687,8,2,16,17,2016,9,11,6,3,0,6,0,0,1,1,0,0,0,0,4.51325E+20,5.40199E+21,8.33757E+15,4.87691E+16
117687,117688,8,3,15,73,2016,8,10,3,3,5,2,0,0,0,1,0,1,0,0,4.12447E+20,5.31307E+21,7.82708E+15,4.79649E+16
117688,117689,8,3,35,77,2016,9,18,1,3,5,3,0,0,0,1,0,0,0,1,4.94871E+20,5.29383E+21,8.93151E+15,4.77978E+16
117689,117690,8,4,26,21,2016,9,10,6,3,5,3,0,0,1,0,0,0,0,1,5.58422E+20,5.32713E+21,9.78462E+15,4.80948E+16
117690,117691,8,3,36,91,2016,8,17,2,3,5,3,0,0,0,1,0,0,0,0,3.95888E+20,5.27243E+21,7.61505E+15,4.75969E+16
117691,117692,8,1,11,0,2016,9,16,5,3,4,6,0,0,1,0,0,0,0,0,5.16808E+20,5.40738E+21,9.22898E+15,4.88191E+16
117692,117693,8,2,12,0,2016,9,10,6,3,5,2,0,0,0,1,0,0,0,0,4.58398E+20,5.43121E+21,8.43085E+15,4.90324E+16
117693,117694,8,2,26,96,2016,8,17,4,3,0,5,0,0,0,1,0,1,0,0,4.75902E+20,5.48764E+21,8.66691E+15,4.95409E+16
117694,117695,8,1,15,3,2016,9,17,7,3,2,6,0,0,0,1,0,0,0,0,5.00705E+20,5.39222E+21,9.00958E+15,4.8683E+16
117695,117696,8,4,15,61,2016,9,8,5,2,5,3,0,0,1,0,0,0,0,1,5.14736E+20,5.37237E+21,9.1995E+15,4.85043E+16
117696,117697,8,2,12,0,2016,9,7,6,3,0,7,0,0,1,0,0,0,0,1,4.55145E+20,5.43275E+21,8.38618E+15,4.90459E+16
117697,117698,8,3,11,0,2016,8,8,3,2,0,7,0,1,1,0,0,0,0,1,4.11636E+20,5.32143E+21,7.8145E+15,4.804E+16
117698,117699,8,1,19,79,2016,9,14,5,3,6,4,0,0,0,1,1,0,0,0,5.23103E+20,5.40873E+21,9.3148E+15,4.88312E+16
117699,117700,8,3,11,0,2016,8,23,3,3,3,2,2,0,1,1,0,0,0,0,4.14593E+20,5.31825E+21,7.85479E+15,4.80118E+16
117700,117701,8,1,21,0,2016,9,0,1,3,5,3,2,0,0,1,0,0,0,0,5.14151E+20,5.44128E+21,9.19396E+15,4.91242E+16
117701,117702,8,3,35,43,2016,8,20,2,3,5,3,1,0,0,1,0,0,0,0,5.11196E+20,5.28027E+21,9.14916E+15,4.76757E+16
117702,117703,8,2,22,0,2016,8,12,4,3,1,3,0,0,1,1,0,0,0,0,4.62468E+20,5.47927E+21,8.48202E+15,4.94649E+16
117703,117704,8,4,15,61,2016,9,13,5,3,0,7,0,0,0,1,0,1,0,0,5.14252E+20,5.37057E+21,9.19289E+15,4.84881E+16
117704,117705,8,2,37,28,2016,9,15,7,3,5,3,0,0,0,1,0,0,0,1,4.58052E+20,5.36817E+21,8.43254E+15,4.84653E+16
117705,117706,8,2,12,0,2016,9,12,6,3,5,3,0,0,1,0,0,0,0,0,4.55502E+20,5.42851E+21,8.39152E+15,4.90079E+16
117706,117707,8,2,22,0,2016,8,16,4,3,5,3,0,0,0,1,0,1,0,0,4.61084E+20,5.48207E+21,8.46265E+15,4.94901E+16
117707,117708,8,3,11,0,2016,8,16,3,2,4,6,0,0,1,0,0,0,0,0,4.10568E+20,5.3166E+21,7.80118E+15,4.79965E+16
117708,117709,8,4,36,82,2016,8,19,2,2,1,7,1,1,1,1,0,0,0,0,5.47846E+20,5.29404E+21,9.63892E+15,4.77979E+16
117709,117710,8,1,18,79,2016,9,17,5,3,5,3,0,0,0,1,0,0,0,0,5.0745E+20,5.42118E+21,9.10174E+15,4.89435E+16
117710,117711,8,2,21,0,2016,8,14,4,2,9,1,0,0,0,0,0,1,0,0,4.76623E+20,5.47001E+21,8.67791E+15,4.93823E+16