FID,OBJECTID,ULAND,UREGBEZ,UKREIS,UGEMEINDE,UJAHR,UMONAT,USTUNDE,UWOCHENTAG,UKATEGORIE,UART,UTYP1,ULICHTVERH,IstStrasse,IstRad,IstPKW,IstFuss,IstKrad,IstGkfz,IstSonstig,LINREFX,LINREFY,XGCSWGS84,YGCSWGS84
117711,117712,8,4,35,59,2016,9,15,7,3,5,2,0,0,1,0,0,0,0,0,5.14943E+20,5.28864E+21,9.19936E+15,4.77509E+16
117712,117713,8,3,35,63,2016,9,10,5,3,0,1,0,0,1,0,0,0,0,0,4.96974E+20,5.28723E+21,8.95963E+15,4.77384E+16
117713,117714,8,2,22,0,2016,9,11,7,3,5,2,0,0,0,1,0,0,0,1,4.61632E+20,5.48369E+21,8.47005E+15,4.95046E+16
117714,117715,8,3,11,0,2016,8,13,3,3,1,1,0,0,0,1,0,0,0,1,4.10676E+20,5.31504E+21,7.80295E+15,4.79824E+16
117715,117716,8,3,35,43,2016,9,10,5,3,0,1,0,0,1,0,0,0,0,0,5.1376E+20,5.28171E+21,9.18335E+15,4.76887E+16
117716,117717,8,3,11,0,2016,8,15,3,3,3,2,0,0,1,0,0,0,0,0,4.13165E+20,5.31836E+21,7.83563E+15,4.80127E+16
117717,117718,8,3,26,74,2016,8,8,2,3,5,3,0,0,1,1,0,0,0,0,4.58646E+20,5.32327E+21,8.44496E+15,4.80614E+16
117718,117719,8,4,37,78,2016,8,8,4,3,6,1,0,0,0,1,1,0,0,0,5.08516E+20,5.31573E+21,9.11415E+15,4.79948E+16
117719,117720,8,2,15,9,2016,8,8,4,3,5,3,0,0,1,1,0,0,0,0,4.69761E+20,5.44112E+21,8.58557E+15,4.91222E+16
117720,117721,8,4,16,41,2016,9,12,7,2,3,6,0,0,1,0,0,0,0,0,5.03628E+20,5.37369E+21,9.04913E+15,4.85163E+16
117721,117722,8,3,35,79,2016,9,20,5,3,9,1,0,0,0,0,0,1,0,0,5.07454E+20,5.30039E+21,9.09964E+15,4.78568E+16
117722,117723,8,2,15,99,2016,9,11,7,3,3,2,0,0,1,0,0,0,0,0,4.63204E+20,5.44741E+21,8.49512E+15,4.91784E+16
117723,117724,8,2,12,0,2016,9,7,6,3,5,3,0,0,1,1,0,0,0,0,4.58895E+20,5.43127E+21,8.43764E+15,4.90329E+16
117724,117725,8,2,15,9,2016,8,19,3,3,6,4,0,0,0,1,1,0,0,0,4.70103E+20,5.44118E+21,8.59024E+15,4.91227E+16
117725,117726,8,4,21,0,2016,9,14,6,3,1,6,0,0,0,1,0,1,0,0,5.69802E+20,5.3565E+21,9.94228E+15,4.83578E+16
117726,117727,8,3,26,74,2016,8,9,2,3,5,3,0,0,0,1,0,0,0,0,4.64043E+20,5.32233E+21,8.51748E+15,4.80532E+16
117727,117728,8,4,26,21,2016,8,9,4,3,3,2,0,0,1,0,0,0,1,0,5.58421E+20,5.32713E+21,9.78461E+15,4.80948E+16
117728,117729,8,2,12,0,2016,9,12,6,3,0,2,0,0,0,1,0,0,0,1,4.55374E+20,5.42877E+21,8.38975E+15,4.90102E+16
117729,117730,8,2,15,97,2016,8,14,4,3,1,5,0,0,1,1,0,0,0,0,4.75722E+20,5.44376E+21,8.66709E+15,4.91462E+16
117730,117731,8,3,27,50,2016,9,16,7,3,2,2,0,0,0,1,0,0,0,0,4.86844E+20,5.31361E+21,8.82372E+15,4.79757E+16
117731,117732,8,3,17,96,2016,8,11,2,3,5,3,0,0,1,0,0,0,0,0,4.21919E+20,5.36958E+21,7.94354E+15,4.84745E+16
117732,117733,8,4,26,70,2016,8,21,4,2,8,1,2,0,1,0,0,0,0,0,5.65893E+20,5.34207E+21,9.88727E+15,4.82284E+16
117733,117734,8,2,15,96,2016,8,11,4,3,0,7,0,0,0,1,0,0,0,0,4.61237E+20,5.41601E+21,8.47113E+15,4.88958E+16
117734,117735,8,3,36,50,2016,9,19,7,3,0,1,1,0,1,0,0,0,0,0,3.99357E+20,5.27396E+21,7.66084E+15,4.76112E+16
117735,117736,8,3,35,43,2016,9,17,5,2,8,7,0,0,0,0,0,1,0,0,5.14374E+20,5.28062E+21,9.19151E+15,4.76788E+16
117736,117737,8,2,12,0,2016,9,15,6,3,5,2,0,0,1,1,0,0,0,0,4.54295E+20,5.42916E+21,8.37495E+15,4.90136E+16
117737,117738,8,2,22,0,2016,9,18,5,3,1,6,0,0,0,1,0,0,0,0,4.62458E+20,5.47805E+21,8.48201E+15,4.94539E+16
117738,117739,8,2,12,0,2016,8,10,3,3,5,3,0,0,1,0,0,0,0,0,4.55646E+20,5.42875E+21,8.39347E+15,4.901E+16
117739,117740,8,3,27,18,2016,9,13,1,3,0,7,0,0,1,0,0,0,0,0,4.73157E+20,5.30782E+21,8.64069E+15,4.79231E+16
117740,117741,8,4,21,0,2016,9,19,6,3,6,2,0,0,0,1,1,0,0,0,5.72836E+20,5.36114E+21,9.98404E+15,4.83992E+16
117741,117742,8,3,11,0,2016,8,16,2,3,5,3,0,0,1,0,0,0,0,0,4.1151E+20,5.31889E+21,7.81333E+15,4.80172E+16
117742,117743,8,4,15,61,2016,8,17,4,3,5,3,0,0,0,1,0,1,0,0,5.1429E+20,5.37048E+21,9.19339E+15,4.84872E+16
117743,117744,8,2,37,45,2016,9,18,6,3,5,2,0,0,1,1,0,0,0,0,4.59219E+20,5.36239E+21,8.44888E+15,4.84134E+16
117744,117745,8,2,12,0,2016,8,19,4,3,5,3,0,0,1,0,0,0,0,0,4.51144E+20,5.4278E+21,8.33203E+15,4.90011E+16
117745,117746,8,1,11,0,2016,9,10,7,3,5,3,0,0,0,1,0,1,0,0,5.11063E+20,5.39762E+21,9.15044E+15,4.87315E+16
117746,117747,8,3,26,52,2016,9,22,5,2,0,1,2,0,0,0,0,1,0,0,4.51008E+20,5.33031E+21,8.34165E+15,4.81241E+16
117747,117748,8,1,36,28,2016,9,16,6,3,5,3,0,0,0,1,0,1,0,0,5.68738E+20,5.40588E+21,9.93609E+15,4.88021E+16
117748,117749,8,2,12,0,2016,8,21,3,3,5,3,2,0,1,0,0,0,0,0,4.55339E+20,5.42803E+21,8.38936E+15,4.90036E+16
117749,117750,8,3,11,0,2016,8,9,2,2,0,1,0,0,1,0,0,0,0,0,4.11333E+20,5.31545E+21,7.81167E+15,4.79862E+16
117750,117751,8,1,11,0,2016,9,16,7,3,0,1,0,0,1,0,0,0,0,0,5.12387E+20,5.40663E+21,9.16873E+15,4.88126E+16
117751,117752,8,3,16,9,2016,9,15,5,3,5,3,0,0,1,1,0,0,0,0,4.16883E+20,5.32453E+21,7.88428E+15,4.80686E+16
117752,117753,8,1,27,14,2016,9,14,6,3,5,3,0,0,1,1,0,0,0,0,5.7646E+20,5.44305E+21,1.00482E+16,4.91355E+16
117753,117754,8,2,15,111,2016,9,10,5,3,5,3,0,0,0,1,0,0,0,0,4.58129E+20,5.44746E+21,8.42549E+15,4.91785E+16
117754,117755,8,2,35,7,2016,8,16,3,3,2,2,0,0,0,1,0,1,0,0,4.81578E+20,5.3993E+21,8.74941E+15,4.87464E+16
117755,117756,8,3,17,8,2016,9,14,1,2,0,1,0,0,0,0,0,1,0,0,4.44879E+20,5.37158E+21,8.2539E+15,4.84949E+16
117756,117757,8,3,11,0,2016,8,16,2,3,2,6,0,0,0,1,0,1,0,0,4.11315E+20,5.31705E+21,7.8111E+15,4.80006E+16
117757,117758,8,2,36,30,2016,9,16,6,3,4,6,0,0,0,1,0,0,0,0,4.767E+20,5.41854E+21,8.68196E+15,4.89193E+16
117758,117759,8,2,12,0,2016,8,11,4,3,6,7,0,0,1,0,1,0,0,0,4.60297E+20,5.42642E+21,8.4573E+15,4.89894E+16
117759,117760,8,3,17,65,2016,9,16,7,3,5,3,0,0,1,1,0,0,0,0,4.16254E+20,5.35455E+21,7.86991E+15,4.83386E+16
117760,117761,8,2,31,0,2016,8,21,3,3,0,2,2,0,0,1,0,1,0,0,4.78491E+20,5.41502E+21,8.70658E+15,4.88878E+16
117761,117762,8,2,26,103,2016,8,16,2,3,0,3,0,0,0,1,0,1,0,0,4.73175E+20,5.45639E+21,8.63133E+15,4.92597E+16
117762,117763,8,2,16,43,2016,8,10,4,3,8,1,0,0,1,0,0,0,0,0,4.41232E+20,5.41253E+21,8.19871E+15,4.88629E+16
117763,117764,8,4,25,39,2016,9,19,7,2,5,3,0,0,1,1,0,0,0,0,5.6395E+20,5.34937E+21,9.8622E+15,4.82943E+16
117764,117765,8,1,19,20,2016,9,16,5,3,5,3,0,0,0,1,0,1,0,0,5.21056E+20,5.4069E+21,9.28681E+15,4.88148E+16
117765,117766,8,2,26,98,2016,8,14,3,3,2,6,0,0,0,1,0,1,0,0,4.77535E+20,5.45998E+21,8.69105E+15,4.92921E+16
117766,117767,8,1,36,10,2016,8,10,4,2,0,1,0,0,1,0,0,0,0,0,5.98922E+20,5.41465E+21,1.03492E+16,4.88769E+16
117767,117768,8,1,18,48,2016,9,17,1,3,0,7,0,0,0,0,0,1,0,0,5.12928E+20,5.41661E+21,9.1764E+15,4.89023E+16
117768,117769,8,2,26,96,2016,8,11,2,3,5,5,0,0,1,1,0,0,0,0,4.73878E+20,5.488E+21,8.63892E+15,4.9544E+16
117769,117770,8,2,31,0,2016,9,12,6,3,6,4,0,0,0,1,1,0,0,0,4.77956E+20,5.41588E+21,8.69925E+15,4.88955E+16
117770,117771,8,4,21,0,2016,8,10,4,2,6,4,0,0,0,1,1,0,0,0,5.70919E+20,5.3606E+21,9.95805E+15,4.83945E+16
117771,117772,8,3,16,17,2016,9,18,5,3,5,2,0,0,1,1,0,0,0,0,4.09748E+20,5.34083E+21,7.78507E+15,4.82143E+16
117772,117773,8,2,31,0,2016,9,21,7,3,1,7,2,0,0,1,0,1,0,0,4.7734E+20,5.41538E+21,8.69087E+15,4.8891E+16
117773,117774,8,3,15,6,2016,9,12,5,2,6,4,0,0,0,1,1,0,0,0,4.02772E+20,5.30822E+21,7.6986E+15,4.79199E+16
117774,117775,8,2,26,3,2016,8,18,3,2,5,3,0,0,0,1,0,0,0,0,4.65491E+20,5.45908E+21,8.52549E+15,4.92835E+16
117775,117776,8,2,22,0,2016,8,12,2,3,2,6,0,0,0,1,0,0,0,1,4.6419E+20,5.47912E+21,8.5058E+15,4.94637E+16
117776,117777,8,4,15,61,2016,8,16,4,3,2,6,0,0,0,1,0,1,0,0,5.14754E+20,5.36952E+21,9.19964E+15,4.84786E+16
117777,117778,8,1,28,7,2016,8,16,4,3,5,3,0,0,1,1,0,0,0,0,5.54188E+20,5.48496E+21,9.7486E+15,4.95148E+16
117778,117779,8,3,37,106,2016,9,13,7,3,1,1,0,0,1,1,0,0,0,0,4.62322E+20,5.29246E+21,8.49699E+15,4.77844E+16
117779,117780,8,3,36,50,2016,9,17,5,2,0,1,0,0,1,0,0,0,0,0,3.99736E+20,5.27335E+21,7.66602E+15,4.76058E+16
117780,117781,8,2,12,0,2016,9,23,7,3,0,7,2,0,1,0,0,0,0,0,4.54883E+20,5.43286E+21,8.38258E+15,4.90469E+16
117781,117782,8,1,21,0,2016,9,20,6,3,3,6,1,0,1,1,0,0,0,0,5.13095E+20,5.44431E+21,9.17958E+15,4.91514E+16
117782,117783,8,3,36,50,2016,9,13,5,3,5,3,0,0,1,1,0,0,0,0,3.99399E+20,5.27487E+21,7.66119E+15,4.76194E+16
117783,117784,8,2,22,0,2016,9,15,7,3,1,6,0,0,0,1,0,0,0,0,4.61758E+20,5.48251E+21,8.47192E+15,4.94941E+16
117784,117785,8,2,22,0,2016,8,14,3,3,5,3,0,0,1,1,0,0,0,0,4.62908E+20,5.48089E+21,8.48795E+15,4.94795E+16
117785,117786,8,4,21,0,2016,9,10,6,3,5,3,0,0,0,1,0,0,0,1,5.74888E+20,5.36415E+21,1.00123E+16,4.84261E+16
117786,117787,8,2,22,0,2016,8,11,2,3,5,3,0,0,1,1,0,0,0,0,4.64335E+20,5.48472E+21,8.5073E+15,4.95141E+16
117787,117788,8,4,15,50,2016,8,14,4,3,0,1,0,0,1,0,0,0,0,0,5.21205E+20,5.37614E+21,9.28726E+15,4.8538E+16
117788,117789,8,1,28,7,2016,8,18,4,3,0,1,0,0,1,0,0,0,0,0,5.55186E+20,5.48296E+21,9.7621E+15,4.94967E+16
117789,117790,8,3,35,63,2016,9,11,7,3,2,2,0,0,0,1,0,0,0,0,4.98078E+20,5.2875E+21,8.97436E+15,4.77409E+16
117790,117791,8,3,11,0,2016,9,16,5,3,1,1,0,0,1,1,0,0,0,0,4.13064E+20,5.31663E+21,7.83462E+15,4.79971E+16
117791,117792,8,1,19,20,2016,9,13,6,2,5,3,0,0,1,1,0,0,0,0,5.2085E+20,5.4069E+21,9.28401E+15,4.88147E+16
117792,117793,8,2,21,0,2016,9,13,5,2,0,1,0,0,1,0,0,0,0,0,4.76914E+20,5.47284E+21,8.68176E+15,4.94078E+16
117793,117794,8,2,22,0,2016,8,16,3,3,5,3,0,0,1,0,0,0,0,1,4.62067E+20,5.4793E+21,8.47649E+15,4.94651E+16
117794,117795,8,4,17,75,2016,9,13,1,2,8,1,0,0,1,0,0,0,0,0,5.10679E+20,5.33375E+21,9.14359E+15,4.81569E+16
117795,117796,8,3,37,96,2016,8,13,4,2,5,3,0,0,1,1,0,0,0,0,4.19295E+20,5.2672E+21,7.92733E+15,4.75532E+16
117796,117797,8,2,26,98,2016,9,17,6,3,5,3,0,0,1,1,0,0,0,0,4.78089E+20,5.45913E+21,8.69871E+15,4.92845E+16
117797,117798,8,2,25,14,2016,8,20,4,2,0,1,2,0,1,0,0,0,0,0,5.23704E+20,5.48552E+21,9.32751E+15,4.95218E+16
117798,117799,8,2,26,105,2016,8,18,3,3,5,3,0,0,1,0,0,1,0,0,4.71337E+20,5.47721E+21,8.60457E+15,4.94469E+16
117799,117800,8,4,16,36,2016,9,0,1,3,0,7,2,0,1,0,0,0,0,0,4.94949E+20,5.36912E+21,8.93166E+15,4.84752E+16
117800,117801,8,4,15,91,2016,9,15,6,3,4,3,0,0,1,1,0,0,0,0,5.14521E+20,5.3554E+21,9.196E+15,4.83516E+16
117801,117802,8,2,26,40,2016,8,7,2,2,5,3,0,0,0,1,0,1,0,0,4.7456E+20,5.4955E+21,8.64785E+15,4.96115E+16
117802,117803,8,3,36,69,2016,8,13,4,2,5,3,0,0,0,1,0,0,0,0,4.08533E+20,5.2692E+21,7.78389E+15,4.75697E+16
117803,117804,8,2,26,107,2016,9,14,6,3,5,3,0,0,0,1,0,0,0,0,4.75255E+20,5.48312E+21,8.65825E+15,4.95002E+16
117804,117805,8,1,21,0,2016,8,22,4,3,5,3,2,0,1,1,0,0,0,0,5.16336E+20,5.44307E+21,9.22398E+15,4.91402E+16
117805,117806,8,1,11,0,2016,9,17,7,3,0,1,0,0,0,0,0,1,0,0,5.17318E+20,5.40515E+21,9.23582E+15,4.87991E+16
117806,117807,8,3,11,0,2016,9,7,5,2,0,7,0,0,1,0,0,0,0,1,4.14096E+20,5.31805E+21,7.84818E+15,4.801E+16
117807,117808,8,1,19,67,2016,9,15,6,2,4,2,0,0,1,1,0,0,0,0,5.36243E+20,5.40509E+21,9.49351E+15,4.87978E+16
117808,117809,8,1,19,41,2016,9,21,5,3,2,6,2,0,0,0,0,1,0,0,5.25418E+20,5.41033E+21,9.34644E+15,4.88454E+16
117809,117810,8,2,21,0,2016,8,9,3,3,2,6,0,0,0,1,0,0,0,0,4.77602E+20,5.47215E+21,8.69129E+15,4.94017E+16
117810,117811,8,2,16,7,2016,9,13,1,2,8,1,0,0,1,0,0,0,0,0,4.35735E+20,5.3967E+21,8.12626E+15,4.872E+16
117811,117812,8,2,15,106,2016,8,15,2,3,7,7,0,0,1,0,0,0,0,0,4.66769E+20,5.45557E+21,8.54336E+15,4.9252E+16
117812,117813,8,2,22,0,2016,9,11,6,3,5,3,0,0,1,1,0,0,0,0,4.59903E+20,5.48809E+21,8.44574E+15,4.95441E+16
117813,117814,8,1,19,20,2016,8,18,4,3,5,3,0,0,1,1,0,0,0,0,5.19768E+20,5.40803E+21,9.26933E+15,4.8825E+16
117814,117815,8,3,16,12,2016,9,12,7,3,8,6,0,0,1,1,0,0,0,0,4.03751E+20,5.33122E+21,7.70653E+15,4.8127E+16
117815,117816,8,3,15,64,2016,9,1,5,3,9,1,2,0,0,1,0,0,0,0,4.21701E+20,5.31402E+21,7.95086E+15,4.79747E+16
117816,117817,8,2,15,99,2016,8,11,3,3,0,7,0,0,0,0,0,1,0,0,4.6231E+20,5.44518E+21,8.48307E+15,4.91583E+16
117817,117818,8,2,35,85,2016,9,12,5,3,5,3,0,0,0,1,0,0,0,0,4.78121E+20,5.39469E+21,8.70263E+15,4.87049E+16
117818,117819,8,1,18,48,2016,9,10,6,3,0,7,0,0,0,0,0,0,0,1,5.13828E+20,5.41594E+21,9.18866E+15,4.88962E+16
117819,117820,8,2,15,17,2016,8,17,3,3,5,3,0,0,1,1,0,0,0,0,4.5558E+20,5.42055E+21,8.39346E+15,4.89363E+16
117820,117821,8,2,12,0,2016,8,17,2,3,5,3,0,0,0,1,0,0,0,0,4.54687E+20,5.42723E+21,8.38052E+15,4.89963E+16
117821,117822,8,1,18,81,2016,9,16,5,3,5,3,0,0,0,1,1,0,0,0,5.18563E+20,5.41242E+21,9.2531E+15,4.88645E+16
117822,117823,8,1,19,93,2016,8,16,4,3,5,3,0,0,1,0,0,0,0,0,5.24943E+20,5.40469E+21,9.33963E+15,4.87947E+16
117823,117824,8,1,15,45,2016,9,16,1,3,6,4,0,0,0,1,1,0,0,0,5.00861E+20,5.39701E+21,9.01171E+15,4.87261E+16
117824,117825,8,2,12,0,2016,8,17,2,3,2,2,0,0,0,1,0,0,0,0,4.55993E+20,5.42826E+21,8.39827E+15,4.90057E+16
117825,117826,8,1,17,26,2016,8,11,4,3,6,4,0,1,0,1,1,0,0,0,5.47984E+20,5.39472E+21,9.65218E+15,4.87037E+16
117826,117827,8,2,31,0,2016,9,15,5,3,6,4,0,0,0,1,1,0,0,0,4.78302E+20,5.41504E+21,8.70401E+15,4.8888E+16
117827,117828,8,2,26,84,2016,9,12,7,3,4,7,0,0,0,1,0,0,0,0,4.68771E+20,5.4708E+21,8.56968E+15,4.93891E+16
117828,117829,8,2,12,0,2016,8,10,3,3,5,3,0,0,1,0,0,0,0,1,4.60227E+20,5.42525E+21,8.45645E+15,4.89789E+16
117829,117830,8,1,18,11,2016,8,8,2,2,7,7,0,0,1,0,0,0,0,1,5.04604E+20,5.40765E+21,9.06272E+15,4.88218E+16
117830,117831,8,3,27,50,2016,8,11,4,3,0,1,0,0,0,0,0,1,0,0,4.86067E+20,5.31491E+21,8.81327E+15,4.79873E+16
117831,117832,8,1,17,24,2016,8,11,4,3,5,3,0,0,0,1,0,0,0,0,5.61953E+20,5.38609E+21,9.84072E+15,4.86248E+16
117832,117833,8,3,36,50,2016,9,3,7,3,1,1,2,0,1,1,0,0,0,0,3.99359E+20,5.27439E+21,7.66077E+15,4.76151E+16
117833,117834,8,1,36,82,2016,8,18,2,3,5,3,0,0,1,1,0,0,0,0,5.87244E+20,5.4155E+21,1.01901E+16,4.88863E+16
117834,117835,8,3,26,10,2016,8,9,4,3,5,3,0,0,0,1,0,0,0,0,4.66147E+20,5.32676E+21,8.54535E+15,4.80932E+16
117835,117836,8,1,16,33,2016,8,10,4,3,0,7,0,0,1,0,0,0,0,0,5.32945E+20,5.38839E+21,9.44728E+15,4.86477E+16
117836,117837,8,1,16,33,2016,9,2,7,2,9,1,2,0,0,1,0,0,0,0,5.33972E+20,5.38805E+21,9.46119E+15,4.86446E+16
117837,117838,8,2,22,0,2016,9,16,5,3,1,5,0,0,0,1,0,0,0,0,4.62248E+20,5.48192E+21,8.47874E+15,4.94888E+16
117838,117839,8,2,26,84,2016,9,10,7,2,6,4,0,0,0,1,1,0,0,0,4.70072E+20,5.46988E+21,8.58767E+15,4.93809E+16
117839,117840,8,3,35,63,2016,9,20,6,3,5,3,1,0,1,1,0,0,0,0,4.97302E+20,5.28751E+21,8.964E+15,4.7741E+16
117840,117841,8,1,36,88,2016,8,17,2,3,0,4,0,0,0,0,1,0,0,1,5.78243E+20,5.4093E+21,1.00661E+16,4.88318E+16
117841,117842,8,3,26,3,2016,9,16,7,3,1,5,0,0,1,1,0,0,0,0,4.64935E+20,5.31917E+21,8.52971E+15,4.80248E+16
117842,117843,8,1,16,49,2016,9,8,5,3,1,5,0,0,0,1,0,0,0,1,5.25799E+20,5.38652E+21,9.35015E+15,4.86312E+16
117843,117844,8,1,18,48,2016,9,5,6,3,4,6,2,0,0,1,0,0,1,0,5.11266E+20,5.41885E+21,9.15379E+15,4.89225E+16
117844,117845,8,2,12,0,2016,9,11,4,3,6,7,0,0,0,1,1,0,0,0,4.56647E+20,5.42858E+21,8.40717E+15,4.90086E+16
117845,117846,8,1,11,0,2016,9,7,4,2,0,6,0,0,1,1,0,0,0,0,5.12296E+20,5.40423E+21,9.16741E+15,4.87909E+16
117846,117847,8,3,26,5,2016,9,13,5,3,1,3,0,0,1,1,0,0,0,0,4.65062E+20,5.29854E+21,8.53308E+15,4.78393E+16
117847,117848,8,3,15,73,2016,9,8,6,2,5,3,0,0,1,0,0,1,0,0,4.12678E+20,5.31391E+21,7.83001E+15,4.79725E+16
117848,117849,8,4,17,54,2016,9,20,2,3,5,3,0,0,1,1,0,0,0,0,4.79472E+20,5.34806E+21,8.72328E+15,4.82854E+16
117849,117850,8,2,35,20,2016,9,15,4,2,0,1,0,0,1,0,0,0,0,0,4.76144E+20,5.38174E+21,8.6765E+15,4.85883E+16
117850,117851,8,2,22,0,2016,9,19,6,3,0,1,0,0,1,0,0,0,0,0,4.628E+20,5.48378E+21,8.48618E+15,4.95055E+16
117851,117852,8,3,11,0,2016,9,12,3,2,4,7,0,0,0,1,0,0,1,0,4.13964E+20,5.31819E+21,7.84637E+15,4.80112E+16
117852,117853,8,3,35,63,2016,9,8,6,3,0,3,0,0,1,0,0,1,0,0,4.98346E+20,5.2876E+21,8.97794E+15,4.77418E+16
117853,117854,8,1,16,58,2016,9,13,5,3,0,1,0,0,1,0,0,0,0,0,5.34614E+20,5.39489E+21,9.47049E+15,4.87061E+16
117854,117855,8,1,18,48,2016,9,12,6,2,5,3,0,0,1,1,0,0,0,0,5.15177E+20,5.41556E+21,9.20706E+15,4.88928E+16
117855,117856,8,4,37,31,2016,9,14,3,3,4,2,0,0,1,1,0,0,0,0,5.15814E+20,5.34387E+21,9.21302E+15,4.82478E+16
117856,117857,8,4,15,61,2016,9,8,2,2,4,6,0,0,0,1,0,0,0,0,5.14395E+20,5.3717E+21,9.19486E+15,4.84982E+16
117857,117858,8,2,36,40,2016,9,12,4,3,5,3,0,0,0,1,0,0,0,0,4.88708E+20,5.42209E+21,8.84576E+15,4.89516E+16
117858,117859,8,4,35,67,2016,9,16,3,3,0,7,0,0,1,0,0,0,0,0,5.30159E+20,5.29134E+21,9.40255E+15,4.77747E+16
117859,117860,8,3,11,0,2016,9,19,3,3,2,6,0,0,0,1,0,0,0,0,4.13078E+20,5.32028E+21,7.83407E+15,4.80299E+16
117860,117861,8,3,17,96,2016,9,14,5,3,6,4,0,0,0,1,1,0,0,0,4.23327E+20,5.36903E+21,7.96269E+15,4.84697E+16
117861,117862,8,4,16,41,2016,9,6,2,3,4,2,0,0,0,1,0,0,0,0,5.03567E+20,5.37442E+21,9.04831E+15,4.85228E+16
117862,117863,8,2,26,37,2016,9,9,4,2,5,3,0,0,1,1,0,0,0,0,4.66209E+20,5.46911E+21,8.53452E+15,4.93738E+16
117863,117864,8,4,35,59,2016,9,16,3,3,9,7,0,0,1,0,0,0,0,0,5.11816E+20,5.29043E+21,9.1577E+15,4.77671E+16
117864,117865,8,3,17,96,2016,9,10,5,3,3,2,0,0,1,0,0,0,0,1,4.21903E+20,5.36935E+21,7.94338E+15,4.84725E+16
117865,117866,8,2,22,0,2016,9,16,6,3,6,4,0,1,1,0,1,0,0,0,4.61275E+20,5.48185E+21,8.46531E+15,4.94881E+16
117866,117867,8,2,26,84,2016,9,14,3,3,3,2,0,0,1,1,0,0,0,0,4.68987E+20,5.47014E+21,8.5727E+15,4.93831E+16
117867,117868,8,4,35,16,2016,9,6,3,3,0,7,0,0,1,0,0,0,0,0,5.35546E+20,5.27808E+21,9.47337E+15,4.76552E+16
117868,117869,8,3,35,43,2016,9,10,2,3,0,3,0,1,0,1,0,1,0,0,5.13437E+20,5.27958E+21,9.17899E+15,4.76695E+16
117869,117870,8,2,22,0,2016,9,8,4,3,1,6,0,0,0,1,0,0,0,0,4.62159E+20,5.48222E+21,8.47748E+15,4.94914E+16
117870,117871,8,2,22,0,2016,9,10,3,3,1,5,0,0,1,1,0,0,0,0,4.61364E+20,5.48313E+21,8.46641E+15,4.94996E+16
117871,117872,8,3,11,0,2016,9,19,5,3,5,3,0,0,1,0,0,0,0,0,4.0981E+20,5.31675E+21,7.79099E+15,4.79977E+16
117872,117873,8,1,16,72,2016,9,12,5,3,0,1,0,0,1,0,0,0,0,0,5.30572E+20,5.39341E+21,9.41543E+15,4.86929E+16
117873,117874,8,4,36,82,2016,9,12,6,3,4,6,0,0,1,0,0,0,0,0,5.48017E+20,5.29507E+21,9.64131E+15,4.78071E+16
117874,117875,8,2,22,0,2016,9,16,3,3,2,2,0,0,1,1,0,0,0,0,4.61159E+20,5.48167E+21,8.46373E+15,4.94864E+16
117875,117876,8,1,16,77,2016,9,7,5,3,5,3,0,0,1,1,0,0,0,0,5.18264E+20,5.38856E+21,9.24797E+15,4.86498E+16
117876,117877,8,4,15,61,2016,9,7,6,3,5,3,0,0,1,1,0,0,0,0,5.13747E+20,5.37197E+21,9.1861E+15,4.85007E+16
117877,117878,8,1,18,11,2016,9,18,7,3,5,3,0,0,1,1,0,0,0,0,5.03247E+20,5.40919E+21,9.04424E+15,4.88357E+16
117878,117879,8,1,16,70,2016,9,16,5,3,3,2,0,0,1,1,0,0,0,0,5.39194E+20,5.38523E+21,9.53182E+15,4.86189E+16
117879,117880,8,4,26,21,2016,9,16,3,2,5,3,0,0,1,1,0,0,0,0,5.58919E+20,5.32768E+21,9.79137E+15,4.80997E+16
117880,117881,8,4,36,82,2016,9,7,2,2,6,4,0,1,0,1,1,0,0,0,5.47951E+20,5.2949E+21,9.64041E+15,4.78057E+16
117881,117882,8,2,22,0,2016,9,8,4,3,5,5,0,0,0,1,0,1,1,0,4.6272E+20,5.48467E+21,8.48499E+15,4.95135E+16
117882,117883,8,2,22,0,2016,9,12,3,2,9,1,0,0,0,1,0,0,0,0,4.6712E+20,5.47942E+21,8.54621E+15,4.94665E+16
117883,117884,8,3,36,50,2016,9,13,5,3,5,3,0,0,0,1,0,1,0,0,3.99258E+20,5.27346E+21,7.65964E+15,4.76067E+16
117884,117885,8,4,37,114,2016,9,11,4,3,0,6,0,0,1,0,0,0,0,0,5.15729E+20,5.33687E+21,9.21162E+15,4.81848E+16
117885,117886,8,1,16,49,2016,9,16,6,3,5,3,0,0,0,1,0,0,0,1,5.25924E+20,5.38656E+21,9.35185E+15,4.86316E+16
117886,117887,8,4,16,41,2016,9,17,6,3,0,7,0,0,0,0,0,1,0,0,5.02548E+20,5.37611E+21,9.03451E+15,4.85381E+16
117887,117888,8,4,21,0,2016,9,15,3,3,2,6,0,0,0,1,0,0,0,0,5.72522E+20,5.36055E+21,9.97969E+15,4.8394E+16
117888,117889,8,3,11,0,2016,9,13,6,3,5,3,0,0,1,1,0,0,0,0,4.14082E+20,5.31797E+21,7.84799E+15,4.80092E+16