FID,OBJECTID,ULAND,UREGBEZ,UKREIS,UGEMEINDE,UJAHR,UMONAT,USTUNDE,UWOCHENTAG,UKATEGORIE,UART,UTYP1,ULICHTVERH,IstStrasse,IstRad,IstPKW,IstFuss,IstKrad,IstGkfz,IstSonstig,LINREFX,LINREFY,XGCSWGS84,YGCSWGS84
117889,117890,8,4,35,66,2016,9,19,2,2,2,6,0,0,1,0,0,0,0,0,5.18049E+20,5.28656E+21,9.24072E+15,4.77321E+16
117890,117891,8,2,22,0,2016,9,13,4,3,5,3,0,0,0,1,0,0,0,1,4.62448E+20,5.48752E+21,8.48096E+15,4.95391E+16
117891,117892,8,4,25,72,2016,9,19,3,3,5,3,0,0,1,1,0,0,0,0,5.82766E+20,5.37231E+21,1.01204E+16,4.84985E+16
117892,117893,8,2,12,0,2016,9,14,6,3,1,5,0,0,1,1,0,0,0,0,4.58552E+20,5.42876E+21,8.43321E+15,4.90103E+16
117893,117894,8,3,26,74,2016,9,0,2,3,0,6,2,1,1,0,0,0,0,1,4.63973E+20,5.32244E+21,8.51653E+15,4.80542E+16
117894,117895,8,2,21,0,2016,9,18,4,3,6,2,0,0,0,1,1,0,0,0,4.77673E+20,5.47361E+21,8.69218E+15,4.94147E+16
117895,117896,8,2,21,0,2016,9,9,3,3,5,3,0,0,1,1,0,0,0,0,4.75644E+20,5.4726E+21,8.66427E+15,4.94056E+16
117896,117897,8,3,11,0,2016,9,13,5,3,1,5,0,0,1,1,0,0,0,0,4.14159E+20,5.31751E+21,7.84913E+15,4.80051E+16
117897,117898,8,4,36,81,2016,9,14,4,3,5,7,0,0,1,1,0,0,0,0,5.62799E+20,5.28192E+21,9.83682E+15,4.76876E+16
117898,117899,8,1,16,19,2016,9,16,6,3,2,6,0,0,0,1,0,1,0,0,5.23446E+20,5.3978E+21,9.31885E+15,4.87328E+16
117899,117900,8,2,21,0,2016,9,8,4,3,6,4,0,0,0,1,1,0,0,0,4.77122E+20,5.47248E+21,8.68465E+15,4.94045E+16
117900,117901,8,4,21,0,2016,9,17,3,3,3,6,0,0,0,1,0,1,0,0,5.73082E+20,5.36093E+21,9.98733E+15,4.83973E+16
117901,117902,8,3,11,0,2016,9,10,5,3,2,6,0,0,0,1,0,0,0,0,4.1355E+20,5.31731E+21,7.841E+15,4.80032E+16
117902,117903,8,3,26,74,2016,9,16,2,3,5,2,0,0,0,1,0,0,0,0,4.65728E+20,5.32434E+21,8.53992E+15,4.80714E+16
117903,117904,8,2,21,0,2016,9,12,4,3,5,3,0,0,1,1,0,0,0,0,4.76969E+20,5.46906E+21,8.68274E+15,4.93738E+16
117904,117905,8,2,22,0,2016,9,13,6,3,2,7,0,0,0,1,0,1,0,0,4.63024E+20,5.48455E+21,8.48921E+15,4.95124E+16
117905,117906,8,2,21,0,2016,9,17,3,2,0,7,0,0,1,0,0,0,0,0,4.77182E+20,5.47487E+21,8.68535E+15,4.9426E+16
117906,117907,8,3,35,43,2016,9,13,6,2,9,7,0,0,1,0,0,0,0,0,5.13465E+20,5.27934E+21,9.17935E+15,4.76673E+16
117907,117908,8,2,21,0,2016,9,22,6,3,5,3,2,0,1,1,0,0,0,0,4.73949E+20,5.4731E+21,8.64087E+15,4.94101E+16
117908,117909,8,2,12,0,2016,9,11,3,3,2,2,0,0,0,1,0,0,0,0,4.54281E+20,5.42886E+21,8.37479E+15,4.90109E+16
117909,117910,8,3,27,2,2016,9,17,6,3,2,6,0,0,0,1,0,0,0,0,4.78759E+20,5.32705E+21,8.71473E+15,4.80963E+16
117910,117911,8,4,36,6,2016,9,15,4,2,0,1,0,0,1,0,0,0,0,0,5.57452E+20,5.28348E+21,9.76578E+15,4.77022E+16
117911,117912,8,1,15,3,2016,9,16,6,3,5,3,0,0,1,1,0,0,0,0,5.0077E+20,5.39289E+21,9.01047E+15,4.8689E+16
117912,117913,8,2,15,96,2016,9,17,4,3,5,3,0,0,0,0,0,1,0,1,4.64038E+20,5.41799E+21,8.50917E+15,4.89138E+16
117913,117914,8,4,25,33,2016,9,21,3,3,4,6,2,0,0,1,0,1,0,0,5.51677E+20,5.34848E+21,9.69665E+15,4.82874E+16
117914,117915,8,3,11,0,2016,9,7,5,3,5,3,0,0,1,1,0,0,0,0,4.11744E+20,5.32112E+21,7.81601E+15,4.80372E+16
117915,117916,8,3,11,0,2016,9,11,2,3,5,3,0,1,1,0,0,0,0,1,4.14621E+20,5.31762E+21,7.85529E+15,4.80062E+16
117916,117917,8,2,21,0,2016,9,13,6,3,3,3,0,0,0,1,0,1,0,0,4.77931E+20,5.47285E+21,8.69578E+15,4.9408E+16
117917,117918,8,2,16,7,2016,9,8,3,2,4,6,0,0,1,0,0,0,0,0,4.35853E+20,5.39361E+21,8.12834E+15,4.86922E+16
117918,117919,8,3,36,91,2016,9,20,6,3,4,2,1,0,0,1,0,1,0,0,3.96286E+20,5.27197E+21,7.62045E+15,4.75928E+16
117919,117920,8,4,17,31,2016,9,18,3,3,0,1,0,0,1,0,0,0,0,0,4.97029E+20,5.35785E+21,8.95988E+15,4.83738E+16
117920,117921,8,3,11,0,2016,9,15,2,3,5,2,0,0,1,1,0,0,0,0,4.12403E+20,5.3176E+21,7.82557E+15,4.80057E+16
117921,117922,8,1,36,88,2016,9,18,3,3,1,6,0,0,0,1,0,0,0,0,5.8023E+20,5.41058E+21,1.00935E+16,4.8843E+16
117922,117923,8,4,35,57,2016,9,17,4,3,5,3,0,0,1,1,0,0,0,0,5.44218E+20,5.27819E+21,9.58886E+15,4.76556E+16
117923,117924,8,1,15,3,2016,9,10,6,3,3,6,0,0,0,1,0,1,0,0,5.00818E+20,5.39155E+21,9.01111E+15,4.8677E+16
117924,117925,8,4,16,25,2016,9,14,3,3,2,6,0,0,0,0,0,1,0,0,5.03894E+20,5.36117E+21,9.05261E+15,4.84037E+16
117925,117926,8,2,37,28,2016,9,10,2,3,5,3,0,0,0,1,0,0,0,0,4.58527E+20,5.3682E+21,8.43896E+15,4.84656E+16
117926,117927,8,2,12,0,2016,9,16,4,3,5,3,0,0,1,1,0,0,0,0,4.53485E+20,5.4307E+21,8.3637E+15,4.90274E+16
117927,117928,8,4,16,41,2016,9,11,3,3,0,7,0,0,1,0,0,0,0,0,5.06432E+20,5.37516E+21,9.08712E+15,4.85295E+16
117928,117929,8,1,35,16,2016,9,12,3,3,8,1,0,0,0,0,0,1,0,0,5.89276E+20,5.38347E+21,1.02109E+16,4.8598E+16
117929,117930,8,3,11,0,2016,9,22,5,3,5,2,2,0,0,1,0,1,0,0,4.10402E+20,5.31647E+21,7.79899E+15,4.79953E+16
117930,117931,8,2,31,0,2016,9,15,2,3,5,3,0,0,0,1,0,0,0,0,4.75746E+20,5.41496E+21,8.66915E+15,4.88871E+16
117931,117932,8,1,35,15,2016,9,9,3,2,5,3,0,0,0,1,0,0,0,0,5.76254E+20,5.38615E+21,1.00348E+16,4.86238E+16
117932,117933,8,4,37,31,2016,9,15,4,2,0,1,0,0,1,0,0,0,0,0,5.15046E+20,5.34648E+21,9.20277E+15,4.82713E+16
117933,117934,8,1,16,78,2016,9,16,7,2,5,3,0,0,0,1,0,1,0,0,5.12254E+20,5.39261E+21,9.16649E+15,4.86864E+16
117934,117935,8,4,37,31,2016,9,15,4,2,0,1,0,0,1,0,0,0,0,0,5.15048E+20,5.34645E+21,9.20279E+15,4.82711E+16
117935,117936,8,4,15,61,2016,9,7,3,2,5,2,0,0,1,0,0,0,0,0,5.14929E+20,5.36993E+21,9.20203E+15,4.84823E+16
117936,117937,8,2,36,76,2016,9,12,2,3,6,7,0,0,0,1,1,0,0,0,4.73857E+20,5.42293E+21,8.64287E+15,4.89587E+16
117937,117938,8,2,12,0,2016,9,13,4,3,5,3,0,0,1,1,0,0,0,0,4.53251E+20,5.42949E+21,8.36064E+15,4.90166E+16
117938,117939,8,1,25,102,2016,9,7,3,2,6,4,0,0,0,1,1,0,0,0,5.2173E+20,5.44412E+21,9.29798E+15,4.91495E+16
117939,117940,8,3,11,0,2016,9,14,5,3,1,6,0,0,0,1,0,0,0,0,4.10407E+20,5.31656E+21,7.79903E+15,4.79961E+16
117940,117941,8,4,21,0,2016,9,20,4,3,5,3,1,0,0,1,0,0,0,0,5.69326E+20,5.3628E+21,9.9369E+15,4.84145E+16
117941,117942,8,3,11,0,2016,9,17,5,3,2,6,0,0,0,1,0,0,0,0,4.1196E+20,5.3147E+21,7.82023E+15,4.79795E+16
117942,117943,8,4,25,81,2016,9,15,4,3,0,1,0,0,1,0,0,0,0,0,5.46497E+20,5.34276E+21,9.62619E+15,4.82363E+16
117943,117944,8,4,21,0,2016,9,13,6,3,0,7,0,0,0,1,0,0,0,0,5.69787E+20,5.3626E+21,9.94309E+15,4.84127E+16
117944,117945,8,4,15,50,2016,9,17,3,3,5,3,0,0,1,1,0,0,0,0,5.21073E+20,5.37639E+21,9.28549E+15,4.85403E+16
117945,117946,8,2,12,0,2016,9,8,6,3,2,6,0,0,0,1,0,1,0,0,4.56586E+20,5.42683E+21,8.40653E+15,4.89929E+16
117946,117947,8,2,26,102,2016,9,16,2,3,5,3,0,0,0,0,0,1,0,1,4.83454E+20,5.45287E+21,8.77275E+15,4.92284E+16
117947,117948,8,1,36,89,2016,9,14,4,2,9,1,0,0,1,1,0,0,0,0,5.82012E+20,5.4215E+21,1.01199E+16,4.8941E+16
117948,117949,8,2,12,0,2016,9,15,6,3,2,6,0,0,0,1,0,0,0,0,4.56457E+20,5.42704E+21,8.40474E+15,4.89947E+16
117949,117950,8,1,25,65,2016,9,8,3,3,5,3,0,0,1,0,0,0,0,1,5.14733E+20,5.44934E+21,9.20222E+15,4.91967E+16
117950,117951,8,2,12,0,2016,9,18,5,3,2,6,0,0,0,1,0,0,0,0,4.57698E+20,5.43025E+21,8.42137E+15,4.90237E+16
117951,117952,8,3,26,74,2016,9,17,6,3,6,7,0,0,1,1,1,0,0,0,4.59888E+20,5.32291E+21,8.46167E+15,4.80582E+16
117952,117953,8,4,25,33,2016,9,8,4,3,4,2,0,0,0,1,0,1,0,0,5.53697E+20,5.34772E+21,9.72378E+15,4.82804E+16
117953,117954,8,1,11,0,2016,9,8,6,3,1,5,0,0,1,1,0,0,0,0,5.11696E+20,5.40308E+21,9.15921E+15,4.87806E+16
117954,117955,8,1,36,88,2016,9,14,4,3,5,3,0,0,0,1,0,1,0,0,5.80335E+20,5.41045E+21,1.00949E+16,4.88419E+16
117955,117956,8,4,15,92,2016,9,18,3,3,5,3,0,0,1,1,0,0,0,0,5.18992E+20,5.36368E+21,9.25672E+15,4.8426E+16
117956,117957,8,2,12,0,2016,9,7,5,3,5,2,0,0,1,0,0,0,0,1,4.59529E+20,5.42719E+21,8.44672E+15,4.89963E+16
117957,117958,8,1,11,0,2016,9,14,6,3,5,3,0,0,1,1,0,0,0,0,5.12665E+20,5.40879E+21,9.17257E+15,4.88319E+16
117958,117959,8,4,15,61,2016,9,17,6,3,4,5,0,0,0,1,0,0,0,0,5.15456E+20,5.37266E+21,9.20926E+15,4.85069E+16
117959,117960,8,4,15,53,2016,9,14,3,2,0,7,0,0,0,1,1,0,0,0,5.36761E+20,5.36225E+21,9.49678E+15,4.84123E+16
117960,117961,8,2,12,0,2016,9,14,5,3,5,2,0,0,1,1,0,0,0,0,4.60182E+20,5.42722E+21,8.45565E+15,4.89966E+16
117961,117962,8,2,35,33,2016,9,16,6,3,8,2,0,0,1,0,0,0,0,1,4.59024E+20,5.4029E+21,8.44225E+15,4.87778E+16
117962,117963,8,2,22,0,2016,9,7,2,3,4,2,0,0,0,1,0,0,0,1,4.65457E+20,5.4776E+21,8.52343E+15,4.94501E+16
117963,117964,8,1,17,61,2016,9,18,4,3,0,6,0,0,1,0,0,0,0,1,5.63433E+20,5.39572E+21,9.86229E+15,4.87113E+16
117964,117965,8,1,36,65,2016,9,12,6,3,3,7,0,0,1,1,0,0,0,0,5.58415E+20,5.40549E+21,9.79547E+15,4.87996E+16
117965,117966,8,1,21,0,2016,9,7,3,3,5,3,0,0,1,1,0,0,0,0,5.16798E+20,5.44415E+21,9.23035E+15,4.915E+16
117966,117967,8,3,26,74,2016,9,15,6,3,1,1,0,0,0,1,0,0,0,0,4.63088E+20,5.32558E+21,8.50439E+15,4.80824E+16
117967,117968,8,4,25,33,2016,9,13,4,2,0,1,0,0,1,0,0,0,0,0,5.55729E+20,5.34749E+21,9.75113E+15,4.82782E+16
117968,117969,8,1,11,0,2016,9,16,6,3,5,3,0,0,1,1,0,0,0,0,5.15536E+20,5.40366E+21,9.2115E+15,4.87858E+16
117969,117970,8,3,37,126,2016,9,16,3,3,4,2,0,0,0,1,0,0,0,0,4.44657E+20,5.27544E+21,8.26335E+15,4.763E+16
117970,117971,8,2,25,33,2016,9,16,4,2,6,4,0,0,0,0,1,0,0,1,5.10453E+20,5.46172E+21,9.14381E+15,4.93082E+16
117971,117972,8,3,36,50,2016,9,17,3,3,2,6,0,0,1,1,0,0,0,0,3.99163E+20,5.27347E+21,7.65837E+15,4.76068E+16
117972,117973,8,2,26,84,2016,9,15,5,2,0,1,0,0,1,0,0,0,0,0,4.69033E+20,5.47004E+21,8.57334E+15,4.93823E+16
117973,117974,8,2,22,0,2016,9,13,2,3,6,7,0,0,0,1,1,0,0,0,4.61114E+20,5.48184E+21,8.46308E+15,4.94879E+16
117974,117975,8,1,19,20,2016,9,18,3,3,4,2,0,0,1,1,0,0,0,0,5.20575E+20,5.40548E+21,9.28019E+15,4.8802E+16
117975,117976,8,4,15,50,2016,9,23,4,3,9,1,2,0,0,1,0,0,0,0,5.21399E+20,5.37584E+21,9.28988E+15,4.85353E+16
117976,117977,8,1,27,71,2016,9,13,6,3,5,3,0,0,1,1,0,0,0,0,5.74688E+20,5.45522E+21,1.00262E+16,4.92452E+16
117977,117978,8,1,15,28,2016,9,18,3,2,6,4,0,0,0,1,1,0,0,0,5.00726E+20,5.40487E+21,9.00988E+15,4.87968E+16
117978,117979,8,3,35,75,2016,9,17,3,3,5,2,0,0,1,1,0,0,0,0,4.88684E+20,5.28988E+21,8.84899E+15,4.77622E+16
117979,117980,8,2,21,0,2016,9,10,2,3,5,3,0,0,1,0,0,0,0,1,4.7753E+20,5.47099E+21,8.69036E+15,4.93912E+16
117980,117981,8,1,25,46,2016,9,15,4,3,5,3,0,0,0,1,0,0,0,0,5.19565E+20,5.43387E+21,9.2678E+15,4.90574E+16
117981,117982,8,1,17,26,2016,9,7,3,3,1,2,0,0,0,1,0,0,1,0,5.48476E+20,5.3946E+21,9.65884E+15,4.87026E+16
117982,117983,8,2,22,0,2016,9,17,5,3,3,2,0,0,1,1,0,0,0,0,4.62617E+20,5.48028E+21,8.48398E+15,4.9474E+16
117983,117984,8,4,16,26,2016,9,16,4,3,5,3,0,0,1,0,0,1,0,0,5.05177E+20,5.3636E+21,9.06999E+15,4.84255E+16
117984,117985,8,1,11,0,2016,9,8,7,3,5,3,0,0,1,1,0,0,0,0,5.13958E+20,5.4034E+21,9.19001E+15,4.87834E+16
117985,117986,8,3,35,43,2016,9,10,3,3,1,7,0,0,1,1,0,0,0,0,5.13281E+20,5.2784E+21,9.17687E+15,4.76589E+16
117986,117987,8,1,18,19,2016,9,0,7,3,1,7,2,0,1,1,0,0,0,0,5.05038E+20,5.4055E+21,9.06861E+15,4.88025E+16
117987,117988,8,4,15,59,2016,9,12,4,3,5,3,0,0,0,1,0,1,0,0,5.16742E+20,5.36907E+21,9.22652E+15,4.84745E+16
117988,117989,8,3,27,50,2016,9,0,3,2,0,1,2,0,1,0,0,0,0,0,4.87376E+20,5.31551E+21,8.83079E+15,4.79928E+16
117989,117990,8,2,21,0,2016,9,13,2,3,5,3,0,0,1,1,0,0,0,0,4.7591E+20,5.47409E+21,8.66785E+15,4.94191E+16
117990,117991,8,1,25,56,2016,9,13,4,3,5,3,0,0,0,1,0,0,0,0,5.12924E+20,5.43574E+21,9.17696E+15,4.90744E+16
117991,117992,8,1,17,33,2016,9,14,3,3,1,1,0,0,1,1,0,0,0,0,5.58825E+20,5.38713E+21,9.79842E+15,4.86345E+16
117992,117993,8,2,21,0,2016,9,17,5,3,5,2,0,0,0,1,0,1,0,0,4.7738E+20,5.4675E+21,8.68849E+15,4.93598E+16
117993,117994,8,3,36,50,2016,9,18,4,3,5,3,0,0,1,1,0,0,0,0,4.00087E+20,5.27326E+21,7.6707E+15,4.7605E+16
117994,117995,8,4,35,66,2016,9,10,5,3,0,7,0,0,1,0,0,0,0,0,5.18911E+20,5.28686E+21,9.25222E+15,4.77348E+16
117995,117996,8,4,21,0,2016,9,9,6,3,2,6,0,0,0,1,0,0,0,1,5.73794E+20,5.36197E+21,9.99712E+15,4.84066E+16
117996,117997,8,3,27,50,2016,9,18,3,3,0,1,0,0,1,0,0,0,0,0,4.87376E+20,5.31551E+21,8.83079E+15,4.79928E+16
117997,117998,8,2,31,0,2016,9,7,6,3,4,2,0,0,0,1,0,0,0,0,4.76489E+20,5.4153E+21,8.67926E+15,4.88902E+16
117998,117999,8,2,16,15,2016,9,12,2,3,0,2,0,0,1,1,0,0,0,0,4.49078E+20,5.40633E+21,8.30646E+15,4.88079E+16
117999,118000,8,1,21,0,2016,9,15,4,3,0,7,0,0,1,0,0,0,0,0,5.15685E+20,5.44541E+21,9.21514E+15,4.91613E+16
118000,118001,8,1,26,45,2016,9,12,6,3,0,1,0,0,1,0,0,0,0,0,5.48675E+20,5.47065E+21,9.6707E+15,4.93866E+16
118001,118002,8,1,16,19,2016,9,18,3,3,5,3,0,0,1,1,0,0,0,0,5.23339E+20,5.39786E+21,9.31741E+15,4.87333E+16
118002,118003,8,2,21,0,2016,9,14,5,3,5,2,0,0,0,1,0,0,0,0,4.77176E+20,5.47167E+21,8.68545E+15,4.93973E+16
118003,118004,8,2,16,43,2016,9,17,2,3,5,3,0,0,0,1,0,0,0,0,4.41603E+20,5.4123E+21,8.20381E+15,4.88609E+16
118004,118005,8,1,19,20,2016,9,19,4,3,5,2,0,0,0,1,0,0,0,0,5.2014E+20,5.40628E+21,9.27431E+15,4.88092E+16
118005,118006,8,1,16,33,2016,9,21,3,3,5,3,2,0,1,1,0,0,0,0,5.33346E+20,5.38674E+21,9.45259E+15,4.86329E+16
118006,118007,8,2,16,9,2016,9,10,5,3,4,6,0,0,0,1,0,0,0,0,4.4638E+20,5.41998E+21,8.26793E+15,4.89304E+16
118007,118008,8,3,27,50,2016,9,11,4,3,6,3,0,0,0,0,1,0,0,1,4.86503E+20,5.31438E+21,8.81912E+15,4.79826E+16
118008,118009,8,3,35,43,2016,9,18,5,3,5,3,0,0,1,0,0,0,0,0,5.13031E+20,5.27935E+21,9.17358E+15,4.76674E+16
118009,118010,8,1,18,48,2016,9,17,4,3,4,6,0,0,0,1,0,1,0,0,5.1968E+20,5.41721E+21,9.26857E+15,4.89075E+16
118010,118011,8,3,26,74,2016,9,18,3,3,2,6,0,0,0,1,0,0,0,0,4.58873E+20,5.32374E+21,8.44797E+15,4.80656E+16
118011,118012,8,2,15,106,2016,9,8,5,3,5,3,0,0,1,1,0,0,0,0,4.67144E+20,5.45446E+21,8.5486E+15,4.92421E+16
118012,118013,8,2,26,65,2016,9,17,6,3,5,3,0,0,0,1,0,0,0,0,4.79102E+20,5.45614E+21,8.7128E+15,4.92577E+16
118013,118014,8,2,15,9,2016,9,12,2,3,6,4,0,0,0,1,1,0,0,0,4.70155E+20,5.44138E+21,8.59094E+15,4.91245E+16
118014,118015,8,1,15,21,2016,9,16,4,2,0,1,0,0,1,0,0,0,0,0,4.90418E+20,5.38297E+21,8.87004E+15,4.85997E+16
118015,118016,8,1,25,66,2016,9,20,6,3,2,6,2,0,0,1,0,1,0,0,5.14098E+20,5.43279E+21,9.19293E+15,4.90478E+16
118016,118017,8,1,16,41,2016,9,18,3,3,4,6,0,0,1,0,0,0,0,0,5.19541E+20,5.3843E+21,9.2651E+15,4.86115E+16
118017,118018,8,3,17,57,2016,9,17,6,2,6,4,0,0,0,1,1,0,0,0,4.13072E+20,5.38023E+21,7.82164E+15,4.85692E+16
118018,118019,8,3,26,74,2016,9,16,4,3,6,4,0,0,1,0,1,0,0,0,4.65263E+20,5.32336E+21,8.53376E+15,4.80626E+16
118019,118020,8,4,21,0,2016,9,0,5,3,9,1,2,0,1,0,0,0,0,0,5.71943E+20,5.36203E+21,9.97212E+15,4.84073E+16
118020,118021,8,3,26,55,2016,9,10,3,3,6,6,0,0,0,0,1,1,0,0,4.40135E+20,5.33266E+21,8.19522E+15,4.81444E+16
118021,118022,8,2,12,0,2016,9,11,2,3,2,7,0,0,0,1,0,0,0,0,4.52458E+20,5.42928E+21,8.34982E+15,4.90146E+16
118022,118023,8,3,15,50,2016,9,6,6,3,5,7,1,0,1,1,0,0,0,0,4.01459E+20,5.30408E+21,7.68198E+15,4.78825E+16
118023,118024,8,3,17,34,2016,9,16,4,3,5,3,0,0,1,1,0,0,0,0,4.26064E+20,5.36294E+21,8.0008E+15,4.84153E+16
118024,118025,8,4,25,31,2016,9,6,5,3,5,3,0,0,0,1,0,0,0,0,5.70655E+20,5.36858E+21,9.95582E+15,4.84663E+16
118025,118026,8,1,15,2,2016,9,19,4,2,4,2,0,0,1,1,0,0,0,0,4.99656E+20,5.38652E+21,8.99533E+15,4.86317E+16
118026,118027,8,3,26,27,2016,9,9,3,3,2,6,0,0,0,1,0,0,0,0,4.63048E+20,5.30772E+21,8.50538E+15,4.79218E+16
118027,118028,8,2,15,59,2016,9,13,5,3,5,3,0,0,1,1,0,0,0,0,4.85588E+20,5.43498E+21,8.80269E+15,4.90675E+16
118028,118029,8,2,16,43,2016,9,17,2,3,4,7,0,0,0,1,0,0,0,1,4.40787E+20,5.41193E+21,8.19273E+15,4.88575E+16
118029,118030,8,1,25,81,2016,9,18,6,3,0,1,0,0,1,0,0,0,0,0,4.98788E+20,5.43473E+21,8.9834E+15,4.90654E+16
118030,118031,8,1,15,45,2016,9,7,3,3,5,3,0,0,1,1,0,0,0,0,5.01274E+20,5.39484E+21,9.01732E+15,4.87066E+16
118031,118032,8,3,17,41,2016,9,12,3,3,5,3,0,0,0,1,0,1,0,0,4.37416E+20,5.34817E+21,8.15639E+15,4.82837E+16
118032,118033,8,1,15,45,2016,9,0,2,2,8,1,2,1,0,1,0,0,0,0,5.04729E+20,5.39695E+21,9.0643E+15,4.87256E+16
118033,118034,8,1,15,45,2016,9,12,3,3,1,6,0,0,0,1,0,0,0,0,4.99548E+20,5.39492E+21,8.99386E+15,4.87073E+16
118034,118035,8,2,12,0,2016,9,12,5,3,0,7,0,0,0,1,0,0,0,0,4.55845E+20,5.42948E+21,8.39612E+15,4.90166E+16
118035,118036,8,1,17,51,2016,9,17,4,2,4,1,0,0,0,1,0,0,0,0,5.40255E+20,5.39719E+21,9.54738E+15,4.87264E+16
118036,118037,8,3,17,65,2016,9,15,3,3,4,6,0,0,1,0,0,0,0,0,4.15867E+20,5.35442E+21,7.86472E+15,4.83374E+16
118037,118038,8,1,15,45,2016,9,16,3,3,0,1,0,0,0,0,0,1,0,0,4.98444E+20,5.39336E+21,8.97886E+15,4.86933E+16
118038,118039,8,2,12,0,2016,9,0,5,3,2,6,2,0,0,1,0,0,0,0,4.56852E+20,5.42864E+21,8.40997E+15,4.90091E+16
118039,118040,8,1,35,16,2016,9,20,2,3,5,3,2,0,0,1,0,0,0,0,5.92313E+20,5.38579E+21,1.02526E+16,4.86184E+16
118040,118041,8,1,19,20,2016,9,20,6,2,4,2,2,0,1,1,0,0,0,0,5.20362E+20,5.40691E+21,9.27737E+15,4.88148E+16
118041,118042,8,1,15,28,2016,9,22,3,3,0,1,2,0,0,0,0,1,0,0,5.01396E+20,5.40355E+21,9.01901E+15,4.87849E+16
118042,118043,8,3,17,89,2016,9,19,4,3,0,1,2,0,0,0,0,0,0,1,4.3128E+20,5.37555E+21,8.0692E+15,4.85293E+16
118043,118044,8,4,25,72,2016,9,12,7,3,5,3,0,0,0,1,0,1,0,0,5.82288E+20,5.37211E+21,1.01139E+16,4.84967E+16
118044,118045,8,3,17,5,2016,9,7,4,2,5,3,0,0,0,1,0,0,1,0,4.23865E+20,5.37678E+21,7.96856E+15,4.85395E+16
118045,118046,8,3,17,65,2016,9,15,3,2,1,6,0,0,1,1,0,0,0,1,4.13197E+20,5.35423E+21,7.82874E+15,4.83353E+16
118046,118047,8,1,26,46,2016,9,17,2,3,5,3,0,0,0,1,0,0,0,0,5.49525E+20,5.45606E+21,9.68059E+15,4.92553E+16
118047,118048,8,1,16,68,2016,9,19,4,3,0,5,0,0,0,1,0,1,0,0,5.26102E+20,5.38868E+21,9.3544E+15,4.86507E+16
118048,118049,8,1,11,0,2016,9,22,3,3,4,7,2,0,1,1,0,0,0,0,5.12991E+20,5.40224E+21,9.17681E+15,4.8773E+16
118049,118050,8,1,36,10,2016,9,13,5,3,6,3,0,0,0,1,1,0,0,0,5.98727E+20,5.41305E+21,1.03461E+16,4.88625E+16
118050,118051,8,3,11,0,2016,9,11,4,3,1,6,0,0,0,1,0,0,0,0,4.14202E+20,5.31588E+21,7.85003E+15,4.79904E+16
118051,118052,8,4,25,72,2016,9,3,5,3,8,1,2,0,0,1,0,0,0,0,5.83508E+20,5.37163E+21,1.01303E+16,4.84922E+16
118052,118053,8,4,15,61,2016,9,22,6,2,5,3,2,0,1,1,0,0,0,0,5.14929E+20,5.36994E+21,9.20203E+15,4.84824E+16
118053,118054,8,3,11,0,2016,9,2,4,3,0,1,2,0,1,0,0,0,0,0,4.13254E+20,5.31712E+21,7.83707E+15,4.80015E+16
118054,118055,8,4,26,70,2016,9,13,6,3,0,1,0,0,1,0,0,0,0,0,5.66253E+20,5.33994E+21,9.89178E+15,4.82092E+16
118055,118056,8,3,17,110,2016,9,13,3,2,5,2,0,0,0,1,0,1,0,0,4.26677E+20,5.38258E+21,8.00563E+15,4.8592E+16
118056,118057,8,2,26,96,2016,9,14,6,3,6,2,0,0,0,1,1,0,0,0,4.75763E+20,5.48861E+21,8.66494E+15,4.95497E+16
118057,118058,8,1,19,76,2016,9,10,2,3,5,3,0,0,1,0,0,0,0,1,5.41868E+20,5.40596E+21,9.57019E+15,4.88052E+16
118058,118059,8,1,16,33,2016,9,16,4,2,5,3,0,0,1,1,0,0,0,0,5.31533E+20,5.38924E+21,9.42817E+15,4.86554E+16
118059,118060,8,1,11,0,2016,9,6,3,3,4,6,0,0,0,1,0,1,0,0,5.16004E+20,5.40781E+21,9.21803E+15,4.88231E+16
118060,118061,8,1,36,19,2016,9,20,5,3,0,1,2,0,1,0,0,0,0,0,5.82777E+20,5.42374E+21,1.01309E+16,4.8961E+16
118061,118062,8,3,11,0,2016,9,15,4,3,5,3,0,0,0,1,0,1,0,0,4.12074E+20,5.31719E+21,7.82124E+15,4.8002E+16
118062,118063,8,4,15,61,2016,9,8,5,3,2,6,0,0,0,1,0,0,0,0,5.15798E+20,5.37185E+21,9.21386E+15,4.84996E+16
118063,118064,8,1,16,80,2016,9,17,4,3,5,3,0,0,1,1,0,0,0,0,5.21929E+20,5.39559E+21,9.2981E+15,4.87129E+16
118064,118065,8,3,16,20,2016,9,15,3,3,0,1,0,0,1,1,0,0,0,0,4.08654E+20,5.33903E+21,7.77073E+15,4.8198E+16
118065,118066,8,1,36,19,2016,9,4,5,3,0,1,2,0,1,0,0,0,0,0,5.81228E+20,5.42295E+21,1.01095E+16,4.89541E+16
118066,118067,8,1,16,19,2016,9,19,4,2,1,7,0,0,1,0,0,0,0,1,5.22131E+20,5.3988E+21,9.30102E+15,4.87418E+16