FID,OBJECTID,ULAND,UREGBEZ,UKREIS,UGEMEINDE,UJAHR,UMONAT,USTUNDE,UWOCHENTAG,UKATEGORIE,UART,UTYP1,ULICHTVERH,IstStrasse,IstRad,IstPKW,IstFuss,IstKrad,IstGkfz,IstSonstig,LINREFX,LINREFY,XGCSWGS84,YGCSWGS84
118067,118068,8,1,19,20,2016,9,17,6,3,3,5,0,0,1,1,0,0,0,0,5.19381E+20,5.40871E+21,9.26408E+15,4.8831E+16
118068,118069,8,1,11,0,2016,9,19,3,2,5,2,0,0,1,0,0,0,0,1,5.09412E+20,5.4068E+21,9.12821E+15,4.88141E+16
118069,118070,8,3,15,13,2016,9,18,3,3,5,3,0,0,1,0,0,0,0,0,4.04244E+20,5.32435E+21,7.7147E+15,4.80652E+16
118070,118071,8,1,36,88,2016,9,18,5,3,8,1,0,0,1,1,0,0,0,0,5.8091E+20,5.41071E+21,1.01028E+16,4.88441E+16
118071,118072,8,2,26,84,2016,9,10,6,3,5,3,0,0,1,1,0,0,0,0,4.68254E+20,5.47218E+21,8.56244E+15,4.94015E+16
118072,118073,8,1,17,26,2016,9,9,2,3,5,3,0,0,1,1,0,0,0,0,5.48567E+20,5.39512E+21,9.66014E+15,4.87072E+16
118073,118074,8,1,15,28,2016,9,17,4,3,1,7,0,0,0,1,0,0,0,0,5.00224E+20,5.40489E+21,9.00305E+15,4.8797E+16
118074,118075,8,1,19,44,2016,9,11,6,3,5,3,0,0,1,1,0,0,0,0,5.42415E+20,5.42527E+21,9.57966E+15,4.89789E+16
118075,118076,8,1,11,0,2016,9,14,3,3,2,6,0,0,0,1,0,0,1,0,5.11185E+20,5.4063E+21,9.15233E+15,4.88096E+16
118076,118077,8,3,36,8,2016,9,14,6,3,4,2,0,0,0,1,0,1,0,0,3.95153E+20,5.27553E+21,7.60454E+15,4.76247E+16
118077,118078,8,3,11,0,2016,9,11,4,3,5,2,0,0,1,0,0,0,0,1,4.10976E+20,5.31471E+21,7.80704E+15,4.79795E+16
118078,118079,8,3,35,43,2016,9,10,5,3,3,6,0,0,1,0,0,0,0,1,5.12485E+20,5.28013E+21,9.16633E+15,4.76744E+16
118079,118080,8,1,15,21,2016,9,0,4,2,6,2,2,0,0,1,1,0,0,0,4.90325E+20,5.38271E+21,8.86878E+15,4.85974E+16
118080,118081,8,3,36,81,2016,9,11,3,3,5,2,0,0,1,1,0,0,0,0,4.11033E+20,5.27787E+21,7.81536E+15,4.76481E+16
118081,118082,8,1,26,11,2016,9,8,5,2,6,7,0,0,0,0,1,0,1,0,5.31981E+20,5.44702E+21,9.43879E+15,4.91752E+16
118082,118083,8,1,15,3,2016,9,19,2,2,2,6,0,0,0,1,0,1,0,0,5.0079E+20,5.39171E+21,9.01073E+15,4.86784E+16
118083,118084,8,1,19,79,2016,9,15,6,3,6,4,0,0,0,0,1,0,0,1,5.2412E+20,5.40881E+21,9.32866E+15,4.88318E+16
118084,118085,8,1,11,0,2016,9,13,3,3,0,1,0,0,0,0,0,1,0,0,5.09981E+20,5.39721E+21,9.13572E+15,4.87279E+16
118085,118086,8,2,15,106,2016,9,14,4,3,4,2,0,0,0,1,0,1,0,0,4.65254E+20,5.45237E+21,8.52282E+15,4.92231E+16
118086,118087,8,3,36,50,2016,9,16,3,3,5,2,0,0,1,1,0,0,0,0,3.99802E+20,5.27466E+21,7.6666E+15,4.76176E+16
118087,118088,8,2,12,0,2016,9,16,4,3,4,6,0,0,1,0,0,0,0,0,4.54724E+20,5.42881E+21,8.38086E+15,4.90105E+16
118088,118089,8,4,36,82,2016,9,10,5,2,1,7,0,0,1,1,0,0,0,0,5.47434E+20,5.29438E+21,9.63345E+15,4.7801E+16
118089,118090,8,3,11,0,2016,9,15,3,3,5,3,0,0,1,1,0,0,0,0,4.14213E+20,5.31538E+21,7.85027E+15,4.7986E+16
118090,118091,8,1,11,0,2016,9,21,2,2,5,3,2,0,1,1,0,0,0,0,5.07818E+20,5.39904E+21,9.10634E+15,4.87444E+16
118091,118092,8,1,11,0,2016,9,12,4,3,5,7,0,0,0,1,0,0,0,0,5.11947E+20,5.40178E+21,9.16259E+15,4.87689E+16
118092,118093,8,4,36,82,2016,9,14,2,2,0,7,0,0,1,0,0,0,0,0,5.47228E+20,5.29447E+21,9.63071E+15,4.78018E+16
118093,118094,8,1,21,0,2016,9,21,5,3,5,3,2,0,1,1,0,0,0,0,5.15894E+20,5.44202E+21,9.21787E+15,4.91308E+16
118094,118095,8,1,11,0,2016,9,5,2,2,2,6,2,0,0,1,0,1,0,0,5.14922E+20,5.40669E+21,9.20325E+15,4.8813E+16
118095,118096,8,4,36,10,2016,9,16,2,3,5,3,0,0,1,1,0,0,0,0,5.63145E+20,5.30476E+21,9.84476E+15,4.78931E+16
118096,118097,8,2,15,107,2016,9,12,4,2,5,3,0,0,1,1,0,0,0,0,4.62458E+20,5.45586E+21,8.4841E+15,4.92544E+16
118097,118098,8,1,11,0,2016,9,19,7,2,5,3,0,0,0,1,0,0,0,0,5.13537E+20,5.40434E+21,9.18431E+15,4.8792E+16
118098,118099,8,3,11,0,2016,9,16,3,2,5,2,0,0,0,1,0,0,0,0,4.10642E+20,5.3155E+21,7.8024E+15,4.79866E+16
118099,118100,8,1,11,0,2016,9,11,2,3,3,7,0,1,0,0,0,0,0,1,5.17322E+20,5.40837E+21,9.23601E+15,4.8828E+16
118100,118101,8,1,11,0,2016,9,19,4,3,1,5,2,0,0,1,0,1,0,0,5.13085E+20,5.40426E+21,9.17815E+15,4.87912E+16
118101,118102,8,4,35,16,2016,9,8,2,3,5,3,0,1,1,1,0,0,0,0,5.33576E+20,5.27895E+21,9.44721E+15,4.76631E+16
118102,118103,8,1,18,48,2016,9,12,5,3,3,7,0,0,1,1,0,0,0,0,5.13669E+20,5.4157E+21,9.18648E+15,4.88941E+16
118103,118104,8,4,35,24,2016,9,14,1,2,0,7,0,0,1,0,0,0,0,0,5.27331E+20,5.27917E+21,9.36405E+15,4.76653E+16
118104,118105,8,1,11,0,2016,9,8,4,2,0,1,0,0,1,0,0,0,0,0,5.10842E+20,5.39895E+21,9.14748E+15,4.87435E+16
118105,118106,8,4,26,73,2016,9,10,2,2,2,6,0,0,1,0,0,0,0,0,5.64164E+20,5.33598E+21,9.86307E+15,4.81738E+16
118106,118107,8,1,17,26,2016,9,15,5,3,5,3,0,0,1,1,0,0,0,0,5.48442E+20,5.39441E+21,9.65836E+15,4.87008E+16
118107,118108,8,2,12,0,2016,9,11,4,3,5,3,0,0,1,1,0,0,0,0,4.55094E+20,5.42882E+21,8.38592E+15,4.90106E+16
118108,118109,8,4,21,0,2016,9,10,6,3,0,3,0,0,1,1,0,0,0,0,5.70113E+20,5.35622E+21,9.94643E+15,4.83553E+16
118109,118110,8,2,25,109,2016,9,13,6,2,5,3,0,0,1,1,0,0,0,0,5.26024E+20,5.48999E+21,9.35987E+15,4.9562E+16
118110,118111,8,4,35,16,2016,9,16,1,3,0,7,0,0,1,0,0,0,0,0,5.3773E+20,5.28018E+21,9.50264E+15,4.76739E+16
118111,118112,8,2,12,0,2016,9,11,2,3,1,5,0,0,1,1,0,0,0,0,4.53599E+20,5.43073E+21,8.36525E+15,4.90277E+16
118112,118113,8,1,18,59,2016,9,17,4,3,5,3,0,0,0,1,0,0,0,1,5.01698E+20,5.41963E+21,9.02318E+15,4.89296E+16
118113,118114,8,4,35,59,2016,9,14,7,3,0,6,0,0,1,0,0,0,0,0,5.14738E+20,5.28867E+21,9.19663E+15,4.77512E+16
118114,118115,8,1,11,0,2016,9,17,3,3,5,2,0,0,0,1,0,0,0,1,5.13968E+20,5.40878E+21,9.19032E+15,4.88318E+16
118115,118116,8,1,36,88,2016,9,17,2,3,2,6,0,0,0,1,0,0,0,0,5.80348E+20,5.40986E+21,1.00949E+16,4.88365E+16
118116,118117,8,3,26,27,2016,9,10,4,3,4,2,0,0,1,1,0,0,0,0,4.61944E+20,5.30824E+21,8.49056E+15,4.79263E+16
118117,118118,8,3,35,43,2016,9,14,1,3,6,4,0,0,0,1,1,0,0,0,5.11679E+20,5.28089E+21,9.15561E+15,4.76813E+16
118118,118119,8,1,16,19,2016,9,8,2,3,5,3,0,0,0,1,0,1,0,0,5.21467E+20,5.40107E+21,9.2921E+15,4.87622E+16
118119,118120,8,1,28,7,2016,9,11,5,2,5,3,0,0,1,1,0,0,0,0,5.56187E+20,5.48223E+21,9.77583E+15,4.94901E+16
118120,118121,8,4,25,39,2016,9,11,7,2,5,3,0,0,1,0,0,0,0,1,5.66082E+20,5.35298E+21,9.89152E+15,4.83265E+16
118121,118122,8,3,17,5,2016,9,9,3,2,4,2,0,0,0,1,0,0,0,0,4.23851E+20,5.37669E+21,7.96838E+15,4.85387E+16
118122,118123,8,4,17,2,2016,9,18,7,3,0,1,0,0,1,0,0,0,0,0,4.88868E+20,5.34795E+21,8.84995E+15,4.82847E+16
118123,118124,8,4,16,36,2016,9,17,2,3,5,3,0,0,1,1,0,0,0,0,4.95225E+20,5.36935E+21,8.93539E+15,4.84772E+16
118124,118125,8,1,19,93,2016,9,23,7,2,0,1,2,0,1,0,0,0,0,0,5.23215E+20,5.40657E+21,9.31621E+15,4.88117E+16
118125,118126,8,4,35,54,2016,9,7,2,3,5,3,0,0,0,1,0,0,0,0,5.22476E+20,5.28181E+21,9.29951E+15,4.76893E+16
118126,118127,8,3,17,116,2016,9,7,4,3,8,1,0,0,1,0,0,0,0,0,4.33753E+20,5.38892E+21,8.10056E+15,4.86498E+16
118127,118128,8,3,11,0,2016,9,15,4,3,5,3,0,0,0,0,0,0,1,1,4.1402E+20,5.31791E+21,7.84718E+15,4.80087E+16
118128,118129,8,3,17,96,2016,9,20,1,3,6,4,1,0,0,1,1,0,0,0,4.22419E+20,5.37137E+21,7.94998E+15,4.84907E+16
118129,118130,8,1,18,79,2016,9,19,5,3,1,6,0,0,0,1,0,0,0,0,5.09711E+20,5.42165E+21,9.13263E+15,4.89477E+16
118130,118131,8,2,22,0,2016,9,16,3,3,1,6,0,0,0,1,0,0,0,1,4.62658E+20,5.48431E+21,8.48417E+15,4.95103E+16
118131,118132,8,4,16,41,2016,9,22,7,3,3,6,2,0,1,0,0,0,0,0,5.03768E+20,5.37249E+21,9.05101E+15,4.85055E+16
118132,118133,8,3,11,0,2016,9,9,3,3,5,3,0,0,1,0,0,0,0,1,4.13065E+20,5.31539E+21,7.83489E+15,4.79859E+16
118133,118134,8,4,15,59,2016,9,13,4,3,5,3,0,0,0,1,0,0,1,0,5.16755E+20,5.37007E+21,9.22674E+15,4.84835E+16
118134,118135,8,3,35,75,2016,9,13,2,3,5,2,0,0,0,1,0,0,0,1,4.90509E+20,5.28953E+21,8.87336E+15,4.77591E+16
118135,118136,8,2,21,0,2016,9,20,4,3,5,3,2,0,1,1,0,0,0,0,4.77596E+20,5.46996E+21,8.69132E+15,4.93819E+16
118136,118137,8,2,26,82,2016,9,19,4,2,0,4,2,0,1,0,1,0,0,0,4.75696E+20,5.48045E+21,8.66451E+15,4.94762E+16
118137,118138,8,1,19,83,2016,9,5,2,3,0,1,1,0,1,0,0,0,0,0,5.34498E+20,5.41954E+21,9.47097E+15,4.89278E+16
118138,118139,8,1,16,22,2016,9,19,5,3,5,3,0,0,1,1,0,0,0,0,5.22982E+20,5.38254E+21,9.31169E+15,4.85955E+16
118139,118140,8,2,21,0,2016,9,16,3,3,5,3,0,0,1,1,0,0,0,0,4.7549E+20,5.47052E+21,8.66228E+15,4.93869E+16
118140,118141,8,2,15,108,2016,9,16,4,3,6,7,0,0,0,1,1,0,0,0,4.47521E+20,5.42273E+21,8.28315E+15,4.89553E+16
118141,118142,8,4,15,61,2016,9,3,7,3,1,5,2,0,0,1,0,1,0,0,5.16265E+20,5.37056E+21,9.22013E+15,4.84879E+16
118142,118143,8,2,37,27,2016,9,16,2,3,0,7,0,0,0,1,1,0,0,0,4.81845E+20,5.37124E+21,8.75427E+15,4.8494E+16
118143,118144,8,2,31,0,2016,9,13,3,3,0,1,0,0,1,0,0,0,0,0,4.74799E+20,5.41203E+21,8.6564E+15,4.88607E+16
118144,118145,8,1,11,0,2016,9,14,4,2,6,4,0,0,0,1,1,0,0,0,5.12692E+20,5.40878E+21,9.17294E+15,4.88319E+16
118145,118146,8,3,36,81,2016,9,8,2,2,8,1,0,0,0,0,0,1,0,0,4.10234E+20,5.2771E+21,7.80489E+15,4.7641E+16
118146,118147,8,2,15,17,2016,9,19,5,3,2,6,0,0,0,1,0,0,0,0,4.55923E+20,5.42155E+21,8.39803E+15,4.89453E+16
118147,118148,8,1,36,65,2016,9,17,3,3,2,6,0,0,0,1,0,0,0,0,5.59999E+20,5.40572E+21,9.81707E+15,4.88016E+16
118148,118149,8,1,19,86,2016,9,7,4,3,4,6,0,0,0,1,0,0,0,0,5.35684E+20,5.40476E+21,9.48588E+15,4.87948E+16
118149,118150,8,3,37,116,2016,9,19,7,3,5,3,0,0,0,1,0,0,0,0,4.18026E+20,5.27076E+21,7.9098E+15,4.75851E+16
118150,118151,8,1,15,42,2016,9,18,3,3,1,5,0,0,0,1,0,0,0,1,4.96001E+20,5.40617E+21,8.94554E+15,4.88085E+16
118151,118152,8,2,12,0,2016,9,19,2,3,5,2,0,0,1,1,0,0,0,0,4.57085E+20,5.4284E+21,8.41319E+15,4.9007E+16
118152,118153,8,4,35,16,2016,9,11,4,2,5,3,0,0,1,0,0,0,0,1,5.35628E+20,5.27797E+21,9.47445E+15,4.76541E+16
118153,118154,8,2,26,96,2016,9,18,5,3,5,3,0,0,0,1,0,1,0,0,4.76401E+20,5.488E+21,8.67379E+15,4.95441E+16
118154,118155,8,2,12,0,2016,9,8,3,3,2,6,0,0,0,1,0,0,0,0,4.5879E+20,5.42658E+21,8.43669E+15,4.89908E+16
118155,118156,8,1,28,64,2016,9,9,4,3,6,4,0,0,0,1,1,0,0,0,5.37763E+20,5.50218E+21,9.52337E+15,4.9671E+16
118156,118157,8,3,36,50,2016,9,13,7,3,5,3,0,0,0,1,0,1,0,0,3.98921E+20,5.27308E+21,7.65524E+15,4.76032E+16
118157,118158,8,1,17,26,2016,9,13,3,3,1,6,0,0,0,1,0,1,0,0,5.48516E+20,5.39482E+21,9.65942E+15,4.87046E+16
118158,118159,8,2,26,96,2016,9,14,2,3,2,2,0,0,0,1,0,0,0,0,4.73392E+20,5.48847E+21,8.63217E+15,4.95483E+16
118159,118160,8,4,15,50,2016,9,0,4,3,9,1,2,0,0,1,0,0,0,0,5.1985E+20,5.3757E+21,9.26889E+15,4.85341E+16
118160,118161,8,4,15,59,2016,9,11,3,3,1,5,0,0,0,1,0,0,0,0,5.16742E+20,5.36789E+21,9.22647E+15,4.84639E+16
118161,118162,8,1,17,7,2016,9,15,4,3,0,1,0,0,1,0,0,0,0,0,5.59201E+20,5.38396E+21,9.80308E+15,4.86059E+16
118162,118163,8,3,36,50,2016,9,21,7,3,2,6,2,0,0,1,0,0,0,0,4.00523E+20,5.27629E+21,7.67582E+15,4.76324E+16
118163,118164,8,1,11,0,2016,9,17,3,3,5,3,0,0,0,1,0,1,0,0,5.16694E+20,5.40698E+21,9.2274E+15,4.88155E+16
118164,118165,8,1,28,14,2016,9,16,2,3,4,6,0,0,0,1,0,0,0,0,5.44684E+20,5.48497E+21,9.61731E+15,4.95157E+16
118165,118166,8,3,17,153,2016,9,11,4,3,4,7,0,0,1,1,0,0,0,0,4.21616E+20,5.39251E+21,7.93512E+15,4.86807E+16
118166,118167,8,3,11,0,2016,9,19,4,3,0,1,1,0,0,0,0,1,0,0,4.04507E+20,5.31508E+21,7.7203E+15,4.79819E+16
118167,118168,8,3,17,26,2016,9,16,1,2,1,2,0,0,1,1,0,0,0,0,4.11817E+20,5.3469E+21,7.81164E+15,4.82692E+16
118168,118169,8,1,11,0,2016,9,16,2,3,6,4,0,0,0,1,1,0,0,0,5.12899E+20,5.40949E+21,9.17579E+15,4.88382E+16
118169,118170,8,3,11,0,2016,9,14,1,3,2,1,0,0,0,1,0,0,0,0,4.13862E+20,5.31707E+21,7.84523E+15,4.80011E+16
118170,118171,8,3,35,43,2016,9,7,3,3,5,3,0,0,1,0,0,0,0,0,5.13076E+20,5.27997E+21,9.17419E+15,4.76729E+16
118171,118172,8,1,11,0,2016,9,8,2,3,2,6,0,0,0,1,0,1,0,0,5.16573E+20,5.40689E+21,9.22575E+15,4.88148E+16
118172,118173,8,2,12,0,2016,9,8,5,2,5,3,0,0,1,0,0,0,0,0,4.55366E+20,5.42847E+21,8.38967E+15,4.90075E+16
118173,118174,8,4,36,8,2016,9,17,3,2,4,2,0,0,1,1,0,0,0,0,5.47696E+20,5.31037E+21,9.63871E+15,4.79449E+16
118174,118175,8,3,35,75,2016,9,14,7,3,2,6,0,0,0,1,0,1,0,0,4.88829E+20,5.28788E+21,8.85098E+15,4.77442E+16
118175,118176,8,4,26,21,2016,9,8,2,3,5,2,0,0,1,1,0,0,0,0,5.59397E+20,5.32795E+21,9.79783E+15,4.8102E+16
118176,118177,8,4,35,16,2016,9,14,2,3,5,3,0,0,0,1,0,1,0,0,5.36943E+20,5.28E+21,9.49213E+15,4.76723E+16
118177,118178,8,3,16,9,2016,9,14,4,3,0,1,0,0,1,0,0,0,0,0,4.18081E+20,5.32425E+21,7.9004E+15,4.80662E+16
118178,118179,8,2,12,0,2016,9,14,4,3,1,5,0,0,1,1,0,0,0,0,4.55278E+20,5.42848E+21,8.38848E+15,4.90076E+16
118179,118180,8,2,31,0,2016,9,10,1,3,2,6,0,0,0,1,0,0,0,0,4.76266E+20,5.41394E+21,8.6763E+15,4.8878E+16
118180,118181,8,1,17,49,2016,9,12,2,3,4,6,0,0,0,0,0,1,1,0,5.57121E+20,5.39266E+21,9.77606E+15,4.86843E+16
118181,118182,8,1,16,19,2016,9,7,5,3,5,3,0,0,0,1,0,0,0,0,5.23299E+20,5.39627E+21,9.31677E+15,4.8719E+16
118182,118183,8,2,22,0,2016,9,9,3,3,5,3,0,0,0,1,0,1,0,0,4.6433E+20,5.48515E+21,8.50718E+15,4.9518E+16
118183,118184,8,3,35,43,2016,9,11,7,3,0,7,0,0,1,0,0,0,0,0,5.124E+20,5.28016E+21,9.1652E+15,4.76747E+16
118184,118185,8,3,11,0,2016,9,17,3,3,2,6,0,0,0,1,0,1,0,0,4.09496E+20,5.31544E+21,7.78706E+15,4.79859E+16
118185,118186,8,1,19,20,2016,9,10,5,3,6,4,0,0,0,1,1,0,0,0,5.20227E+20,5.40658E+21,9.27551E+15,4.88119E+16
118186,118187,8,3,27,54,2016,9,14,7,3,5,3,0,0,0,1,0,0,0,0,4.85634E+20,5.31807E+21,8.80736E+15,4.80158E+16
118187,118188,8,3,15,8,2016,9,7,3,2,5,3,0,0,1,1,0,0,0,0,4.02544E+20,5.30112E+21,7.69716E+15,4.78561E+16
118188,118189,8,4,17,13,2016,9,11,7,2,0,7,0,0,0,0,0,0,0,1,5.12215E+20,5.34677E+21,9.16463E+15,4.82741E+16
118189,118190,8,4,15,61,2016,9,7,2,3,2,6,0,0,0,1,0,0,0,0,5.13444E+20,5.37234E+21,9.18201E+15,4.8504E+16
118190,118191,8,2,25,58,2016,9,6,4,3,3,3,1,0,0,1,0,0,0,0,5.08833E+20,5.46518E+21,9.12159E+15,4.93393E+16
118191,118192,8,1,11,0,2016,9,15,5,2,5,2,0,0,1,0,0,1,0,0,5.12533E+20,5.40164E+21,9.17056E+15,4.87676E+16
118192,118193,8,2,16,29,2016,9,16,3,3,0,1,0,0,0,0,0,1,0,0,4.55683E+20,5.40246E+21,8.39683E+15,4.87736E+16
118193,118194,8,1,36,88,2016,9,6,4,2,4,6,1,0,1,0,0,0,0,0,5.79889E+20,5.40973E+21,1.00887E+16,4.88354E+16
118194,118195,8,3,17,51,2016,9,21,7,3,0,1,2,0,1,0,0,0,0,0,4.42576E+20,5.34058E+21,8.22696E+15,4.82159E+16
118195,118196,8,2,37,28,2016,9,13,2,3,1,7,0,0,0,0,0,1,0,1,4.56793E+20,5.36783E+21,8.41554E+15,4.84622E+16
118196,118197,8,2,26,98,2016,9,18,3,3,5,3,0,0,0,1,0,0,0,1,4.75292E+20,5.45969E+21,8.66022E+15,4.92894E+16
118197,118198,8,4,25,33,2016,9,20,3,3,0,2,2,0,1,0,0,0,0,1,5.54436E+20,5.34572E+21,9.73348E+15,4.82623E+16
118198,118199,8,3,11,0,2016,9,21,2,3,5,3,2,0,0,1,0,0,0,0,4.15696E+20,5.31565E+21,7.87009E+15,4.79886E+16
118199,118200,8,1,16,19,2016,9,10,4,3,3,6,0,0,0,1,0,0,0,0,5.22735E+20,5.39817E+21,9.3092E+15,4.87362E+16
118200,118201,8,3,17,96,2016,9,5,2,2,5,3,2,0,0,1,0,0,0,0,4.21245E+20,5.36782E+21,7.93475E+15,4.84586E+16
118201,118202,8,2,16,43,2016,9,13,4,3,5,3,0,0,1,1,0,0,0,0,4.4208E+20,5.41195E+21,8.21037E+15,4.88578E+16
118202,118203,8,2,21,0,2016,9,19,5,3,4,5,0,0,1,1,0,0,0,0,4.76959E+20,5.46912E+21,8.68259E+15,4.93744E+16
118203,118204,8,1,28,131,2016,9,13,3,3,5,3,0,0,1,1,0,0,0,0,5.3444E+20,5.51421E+21,9.47836E+15,4.97793E+16
118204,118205,8,1,25,65,2016,9,6,4,2,8,1,1,0,1,0,0,0,0,0,5.18798E+20,5.45009E+21,9.25805E+15,4.92033E+16
118205,118206,8,3,17,127,2016,9,11,7,2,0,7,0,0,1,0,0,0,0,0,4.2138E+20,5.35114E+21,7.93971E+15,4.83086E+16
118206,118207,8,1,16,33,2016,9,9,3,3,5,3,0,0,1,1,0,0,0,0,5.33048E+20,5.38814E+21,9.44865E+15,4.86455E+16
118207,118208,8,2,25,58,2016,9,10,2,3,5,3,0,0,0,1,0,0,0,0,5.08891E+20,5.4654E+21,9.12239E+15,4.93412E+16
118208,118209,8,3,35,2,2016,9,11,4,3,8,7,0,0,1,0,0,0,0,0,5.07645E+20,5.28401E+21,9.10191E+15,4.77094E+16
118209,118210,8,2,15,17,2016,9,8,1,2,9,3,0,0,0,1,0,0,0,0,4.54314E+20,5.41979E+21,8.37626E+15,4.89294E+16
118210,118211,8,3,37,45,2016,9,12,3,3,6,7,0,0,0,0,1,0,0,1,4.3768E+20,5.28925E+21,8.16851E+15,4.77536E+16
118211,118212,8,1,11,0,2016,9,14,2,2,1,5,0,0,0,1,0,0,0,1,5.15235E+20,5.40396E+21,9.20741E+15,4.87884E+16
118212,118213,8,2,12,0,2016,9,15,5,2,0,7,0,0,1,0,0,0,0,0,4.53446E+20,5.42788E+21,8.36349E+15,4.90021E+16
118213,118214,8,1,18,80,2016,9,10,3,3,5,3,0,0,0,1,0,0,0,0,5.09084E+20,5.40883E+21,9.12378E+15,4.88324E+16
118214,118215,8,1,19,83,2016,9,19,4,3,2,1,0,0,1,1,0,0,0,0,5.37091E+20,5.41891E+21,9.50632E+15,4.8922E+16
118215,118216,8,3,17,65,2016,9,19,7,3,8,7,0,0,1,0,0,0,0,0,4.15506E+20,5.35202E+21,7.86033E+15,4.83157E+16
118216,118217,8,1,11,0,2016,9,9,3,2,6,2,0,0,0,1,1,0,0,0,5.1519E+20,5.40281E+21,9.20677E+15,4.87781E+16
118217,118218,8,1,15,29,2016,9,0,2,3,2,6,2,0,0,1,0,0,0,1,5.02044E+20,5.4022E+21,9.02782E+15,4.87728E+16
118218,118219,8,3,27,50,2016,9,15,4,2,1,2,0,0,1,1,0,0,0,0,4.86551E+20,5.31577E+21,8.81972E+15,4.79951E+16
118219,118220,8,2,12,0,2016,9,15,1,3,0,7,0,0,1,0,0,0,0,0,4.61386E+20,5.42775E+21,8.47206E+15,4.90015E+16
118220,118221,8,1,11,0,2016,9,13,2,3,5,7,0,0,0,1,0,1,0,0,5.12134E+20,5.40121E+21,9.16511E+15,4.87638E+16
118221,118222,8,1,35,10,2016,9,19,5,3,4,6,0,0,1,1,0,0,0,0,6.00943E+20,5.39192E+21,1.03711E+16,4.86722E+16
118222,118223,8,3,17,153,2016,9,12,3,3,5,3,0,0,1,1,0,0,0,0,4.22614E+20,5.39205E+21,7.94876E+15,4.86767E+16
118223,118224,8,3,17,65,2016,9,12,7,3,5,3,0,0,1,1,0,0,0,0,4.14043E+20,5.35464E+21,7.84006E+15,4.83391E+16
118224,118225,8,4,21,0,2016,9,14,2,3,5,3,0,0,0,1,0,1,0,0,5.69835E+20,5.355E+21,9.94247E+15,4.83444E+16
118225,118226,8,2,36,4,2016,9,19,4,3,5,3,0,0,0,1,0,1,0,0,4.73463E+20,5.41327E+21,8.63811E+15,4.88718E+16
118226,118227,8,1,18,14,2016,9,15,7,3,5,3,0,0,0,1,0,0,0,0,5.21749E+20,5.42093E+21,9.297E+15,4.89409E+16
118227,118228,8,4,36,8,2016,9,17,2,3,5,7,0,0,0,1,0,0,0,0,5.47634E+20,5.31022E+21,9.63787E+15,4.79435E+16
118228,118229,8,3,17,89,2016,9,14,4,3,0,7,0,0,1,0,0,0,0,0,4.31893E+20,5.37554E+21,8.07751E+15,4.85292E+16
118229,118230,8,3,11,0,2016,9,18,4,3,6,4,0,0,1,0,1,0,0,0,4.13338E+20,5.31649E+21,7.83832E+15,4.79959E+16
118230,118231,8,1,17,14,2016,9,11,1,3,0,1,0,0,1,0,0,0,0,0,5.52778E+20,5.38282E+21,9.71581E+15,4.85962E+16
118231,118232,8,1,18,50,2016,9,18,5,3,5,3,1,1,1,0,0,0,0,0,5.06047E+20,5.41645E+21,9.08252E+15,4.8901E+16
118232,118233,8,3,17,57,2016,9,10,7,3,6,7,0,0,0,1,1,0,0,0,4.12952E+20,5.3812E+21,7.81981E+15,4.85778E+16
118233,118234,8,3,36,91,2016,9,17,3,2,5,3,0,0,0,1,0,1,0,0,3.96853E+20,5.27185E+21,7.62802E+15,4.75919E+16
118234,118235,8,1,17,15,2016,9,16,4,3,4,6,0,0,1,1,0,0,0,0,5.58592E+20,5.39505E+21,9.79639E+15,4.87058E+16
118235,118236,8,3,36,91,2016,9,9,2,2,6,4,0,0,0,1,1,0,0,0,3.96687E+20,5.27207E+21,7.62576E+15,4.75938E+16
118236,118237,8,2,26,96,2016,9,10,4,3,6,7,0,0,0,1,1,0,0,0,4.75107E+20,5.48896E+21,8.65584E+15,4.95527E+16
118237,118238,8,2,22,0,2016,9,19,5,3,6,7,1,0,0,1,1,0,0,0,4.61667E+20,5.48182E+21,8.47072E+15,4.94878E+16
118238,118239,8,1,11,0,2016,9,13,5,3,2,6,0,0,0,1,0,1,0,0,5.13958E+20,5.40445E+21,9.19004E+15,4.87929E+16
118239,118240,8,2,12,0,2016,9,20,3,3,5,3,1,0,1,1,0,0,0,0,4.5129E+20,5.43217E+21,8.3335E+15,4.90405E+16
118240,118241,8,4,21,0,2016,9,15,4,3,5,3,0,0,1,1,0,0,0,0,5.71767E+20,5.36477E+21,9.97021E+15,4.8432E+16
118241,118242,8,1,16,41,2016,9,16,5,2,6,4,0,0,0,1,1,0,0,0,5.19831E+20,5.38473E+21,9.26906E+15,4.86153E+16
118242,118243,8,2,21,0,2016,9,14,3,3,6,4,0,0,0,1,1,0,0,0,4.77199E+20,5.47265E+21,8.68571E+15,4.94061E+16
118243,118244,8,2,12,0,2016,9,7,4,3,5,3,0,0,1,1,0,0,0,0,4.58959E+20,5.42836E+21,8.43882E+15,4.90068E+16
118244,118245,8,3,16,17,2016,9,12,7,3,5,3,0,0,0,1,0,1,0,0,4.08672E+20,5.34179E+21,7.77037E+15,4.82228E+16