FID,OBJECTID,ULAND,UREGBEZ,UKREIS,UGEMEINDE,UJAHR,UMONAT,USTUNDE,UWOCHENTAG,UKATEGORIE,UART,UTYP1,ULICHTVERH,IstStrasse,IstRad,IstPKW,IstFuss,IstKrad,IstGkfz,IstSonstig,LINREFX,LINREFY,XGCSWGS84,YGCSWGS84
118245,118246,8,2,12,0,2016,9,16,2,3,0,7,0,0,0,0,0,0,0,1,4.60812E+20,5.42784E+21,8.4642E+15,4.90022E+16
118246,118247,8,2,12,0,2016,9,7,3,3,2,2,0,0,1,1,0,0,0,0,4.55054E+20,5.4288E+21,8.38537E+15,4.90104E+16
118247,118248,8,1,11,0,2016,9,6,4,3,5,7,0,0,0,1,0,1,0,0,5.06146E+20,5.40699E+21,9.08372E+15,4.88158E+16
118248,118249,8,3,15,6,2016,9,14,2,3,4,6,0,0,1,0,0,0,0,0,4.02136E+20,5.30774E+21,7.69019E+15,4.79156E+16
118249,118250,8,2,12,0,2016,9,7,4,3,5,3,0,0,0,1,0,0,0,1,4.60394E+20,5.43083E+21,8.4582E+15,4.90291E+16
118250,118251,8,2,15,108,2016,9,15,5,3,6,7,0,0,1,0,1,0,0,0,4.49691E+20,5.42489E+21,8.31252E+15,4.89749E+16
118251,118252,8,1,21,0,2016,9,7,3,2,0,7,0,0,1,0,0,0,0,0,5.16192E+20,5.44227E+21,9.22196E+15,4.91331E+16
118252,118253,8,1,19,85,2016,9,13,4,3,0,5,0,0,1,0,0,0,0,1,5.29439E+20,5.41404E+21,9.40151E+15,4.88786E+16
118253,118254,8,3,11,0,2016,9,13,7,3,5,2,0,0,1,1,0,0,0,0,4.11972E+20,5.31491E+21,7.82034E+15,4.79814E+16
118254,118255,8,1,16,77,2016,9,7,3,2,0,7,0,0,1,0,0,0,0,0,5.15533E+20,5.39107E+21,9.21099E+15,4.86725E+16
118255,118256,8,2,16,43,2016,9,10,2,3,5,2,0,0,1,0,0,0,0,0,4.41151E+20,5.41174E+21,8.19773E+15,4.88558E+16
118256,118257,8,4,35,57,2016,9,8,4,2,5,3,0,0,1,1,0,0,0,0,5.44515E+20,5.27972E+21,9.59298E+15,4.76694E+16
118257,118258,8,1,28,126,2016,9,16,1,3,3,2,0,0,1,0,0,0,0,0,5.66762E+20,5.48015E+21,9.92148E+15,4.94704E+16
118258,118259,8,3,35,66,2016,9,6,3,3,0,3,1,0,1,1,0,0,0,0,5.09586E+20,5.28215E+21,9.12775E+15,4.76927E+16
118259,118260,8,2,15,9,2016,9,16,7,3,0,7,0,0,0,0,0,0,0,1,4.70233E+20,5.44156E+21,8.592E+15,4.91262E+16
118260,118261,8,1,15,21,2016,9,15,3,2,5,3,0,0,0,1,0,1,0,0,4.89758E+20,5.3819E+21,8.8611E+15,4.85901E+16
118261,118262,8,2,26,96,2016,9,18,2,3,5,7,0,0,1,0,0,0,0,1,4.75171E+20,5.4869E+21,8.65685E+15,4.95342E+16
118262,118263,8,4,35,16,2016,9,7,4,2,8,6,0,0,0,1,0,1,0,0,5.33451E+20,5.27948E+21,9.44559E+15,4.76678E+16
118263,118264,8,4,15,61,2016,9,9,3,3,1,6,0,0,0,1,0,0,0,0,5.13826E+20,5.37197E+21,9.18717E+15,4.85007E+16
118264,118265,8,1,18,73,2016,9,9,4,3,5,3,0,0,1,1,0,0,0,0,4.98079E+20,5.41567E+21,8.97379E+15,4.88939E+16
118265,118266,8,2,26,54,2016,9,18,7,2,8,1,0,0,1,0,0,0,0,0,4.77507E+20,5.45452E+21,8.69097E+15,4.92431E+16
118266,118267,8,1,11,0,2016,9,14,3,2,6,4,0,0,0,1,1,0,0,0,5.16591E+20,5.4056E+21,9.22595E+15,4.88032E+16
118267,118268,8,1,35,19,2016,9,12,2,3,5,3,0,0,0,1,0,0,0,0,5.8311E+20,5.39337E+21,1.01293E+16,4.86878E+16
118268,118269,8,3,25,49,2016,9,16,4,3,5,3,0,0,0,1,0,1,0,0,4.72351E+20,5.33415E+21,8.6282E+15,4.816E+16
118269,118270,8,1,28,20,2016,9,18,1,2,5,2,0,0,1,1,0,0,0,0,5.801E+20,5.48456E+21,1.01064E+16,4.95083E+16
118270,118271,8,4,37,78,2016,9,13,1,3,6,7,0,0,0,1,1,0,0,0,5.08079E+20,5.31595E+21,9.1083E+15,4.79968E+16
118271,118272,8,1,21,0,2016,9,10,5,3,6,7,0,0,0,0,1,0,0,1,5.15908E+20,5.44323E+21,9.21812E+15,4.91417E+16
118272,118273,8,2,22,0,2016,9,9,7,3,1,5,0,0,1,1,0,0,0,0,4.62865E+20,5.47792E+21,8.48763E+15,4.94528E+16
118273,118274,8,4,21,0,2016,9,2,1,3,1,6,2,0,1,0,0,0,0,0,5.74089E+20,5.3611E+21,1.0001E+16,4.83987E+16
118274,118275,8,4,36,64,2016,9,18,3,2,5,3,0,0,1,1,0,0,0,0,5.44362E+20,5.29217E+21,9.5922E+15,4.77814E+16
118275,118276,8,2,26,105,2016,9,16,7,3,1,5,0,0,1,1,0,0,0,0,4.71645E+20,5.47708E+21,8.60883E+15,4.94457E+16
118276,118277,8,4,26,1,2016,9,13,2,3,1,7,0,0,1,1,0,0,0,0,5.66303E+20,5.34578E+21,9.89337E+15,4.82617E+16
118277,118278,8,4,35,30,2016,9,17,2,3,0,1,0,0,1,0,0,0,0,0,5.41223E+20,5.27094E+21,9.5483E+15,4.75906E+16
118278,118279,8,3,17,152,2016,9,13,4,2,4,6,0,0,1,0,0,0,0,1,4.06767E+20,5.34975E+21,7.74298E+15,4.82941E+16
118279,118280,8,2,12,0,2016,9,15,4,3,5,2,0,0,0,1,0,0,0,0,4.54361E+20,5.43456E+21,8.37524E+15,4.90622E+16
118280,118281,8,1,21,0,2016,9,18,1,3,2,6,0,0,0,1,0,0,0,0,5.14265E+20,5.44112E+21,9.19551E+15,4.91227E+16
118281,118282,8,1,16,49,2016,9,15,5,3,1,6,0,0,0,1,0,0,0,0,5.24343E+20,5.38737E+21,9.33044E+15,4.86389E+16
118282,118283,8,2,26,28,2016,9,13,3,3,5,3,0,0,0,1,0,0,0,0,4.70842E+20,5.48393E+21,8.59725E+15,4.95073E+16
118283,118284,8,2,22,0,2016,9,19,7,3,5,3,0,0,0,1,0,0,0,0,4.64615E+20,5.48369E+21,8.51126E+15,4.95048E+16
118284,118285,8,3,11,0,2016,9,20,3,3,4,3,2,0,0,1,0,1,0,0,4.11855E+20,5.31902E+21,7.81794E+15,4.80184E+16
118285,118286,8,1,16,19,2016,9,13,4,3,0,3,0,0,1,1,0,0,0,0,5.22563E+20,5.39925E+21,9.30693E+15,4.87458E+16
118286,118287,8,3,17,96,2016,9,15,2,3,5,3,0,0,0,1,0,0,0,0,4.22471E+20,5.3697E+21,7.95098E+15,4.84756E+16
118287,118288,8,2,21,0,2016,9,21,4,2,0,6,2,0,0,0,0,1,0,0,4.74278E+20,5.47528E+21,8.64527E+15,4.94297E+16
118288,118289,8,3,16,9,2016,9,18,3,3,4,2,0,0,1,1,0,0,0,0,4.18885E+20,5.32495E+21,7.91106E+15,4.80726E+16
118289,118290,8,2,22,0,2016,9,9,7,3,5,3,0,0,0,1,0,0,0,0,4.61464E+20,5.48135E+21,8.46797E+15,4.94836E+16
118290,118291,8,4,16,41,2016,9,17,2,3,3,6,0,0,1,0,0,0,0,1,5.0285E+20,5.37421E+21,9.0386E+15,4.8521E+16
118291,118292,8,2,26,84,2016,9,16,4,2,2,6,0,0,1,1,0,0,0,0,4.68707E+20,5.47109E+21,8.56877E+15,4.93917E+16
118292,118293,8,1,25,6,2016,9,20,1,3,6,4,2,0,0,1,1,0,0,0,5.07435E+20,5.45418E+21,9.10214E+15,4.92404E+16
118293,118294,8,1,15,29,2016,9,7,5,3,5,3,0,0,1,1,0,0,0,0,4.97742E+20,5.39864E+21,8.96928E+15,4.87408E+16
118294,118295,8,2,21,0,2016,9,15,3,3,5,3,0,0,1,1,0,0,0,0,4.77971E+20,5.47296E+21,8.69633E+15,4.94089E+16
118295,118296,8,2,12,0,2016,9,8,4,3,0,3,0,0,0,1,0,1,0,0,4.55716E+20,5.43116E+21,8.39417E+15,4.90318E+16
118296,118297,8,2,21,0,2016,9,13,7,3,4,2,0,0,1,1,0,0,0,0,4.76746E+20,5.46894E+21,8.67968E+15,4.93727E+16
118297,118298,8,2,37,28,2016,9,12,2,3,6,4,0,0,0,1,1,0,0,0,4.56967E+20,5.36815E+21,8.41786E+15,4.8465E+16
118298,118299,8,2,36,4,2016,9,11,3,3,5,3,0,0,0,1,0,0,0,0,4.73559E+20,5.41348E+21,8.6394E+15,4.88737E+16
118299,118300,8,4,21,0,2016,9,16,3,3,5,3,0,0,0,1,0,0,0,0,5.73793E+20,5.36197E+21,9.99711E+15,4.84066E+16
118300,118301,8,3,36,50,2016,9,13,2,3,1,6,0,0,0,1,0,0,0,0,4.00737E+20,5.27564E+21,7.67881E+15,4.76265E+16
118301,118302,8,2,12,0,2016,9,11,5,3,5,3,0,0,0,1,0,0,0,0,4.53161E+20,5.42713E+21,8.35968E+15,4.89953E+16
118302,118303,8,2,26,38,2016,9,10,5,3,5,3,0,0,1,0,0,0,0,0,4.71481E+20,5.48025E+21,8.60634E+15,4.94742E+16
118303,118304,8,1,15,24,2016,9,9,3,2,3,2,0,0,0,1,0,1,0,0,5.02179E+20,5.38637E+21,9.02957E+15,4.86304E+16
118304,118305,8,1,27,46,2016,9,18,4,3,2,2,0,0,0,0,0,1,0,1,5.71562E+20,5.45029E+21,9.98237E+15,4.92012E+16
118305,118306,8,2,21,0,2016,9,9,7,3,5,3,0,0,1,0,0,0,0,1,4.73807E+20,5.47284E+21,8.63894E+15,4.94077E+16
118306,118307,8,1,16,49,2016,9,13,3,3,5,3,0,0,1,1,0,0,0,0,5.24559E+20,5.38582E+21,9.33327E+15,4.8625E+16
118307,118308,8,2,26,85,2016,9,8,2,3,0,3,0,0,0,1,0,0,0,0,4.88561E+20,5.45744E+21,8.84276E+15,4.92696E+16
118308,118309,8,3,36,81,2016,9,12,4,3,5,3,0,0,1,1,0,0,0,0,4.10123E+20,5.27783E+21,7.80326E+15,4.76476E+16
118309,118310,8,3,37,38,2016,9,14,3,3,5,3,0,0,0,1,0,1,0,0,4.30536E+20,5.27673E+21,8.07519E+15,4.76403E+16
118310,118311,8,1,18,48,2016,9,21,7,3,4,1,2,0,0,1,0,0,0,1,5.16022E+20,5.4181E+21,9.21868E+15,4.89156E+16
118311,118312,8,1,11,0,2016,9,21,3,3,0,1,2,0,0,0,0,1,0,0,5.15071E+20,5.40339E+21,9.20516E+15,4.87833E+16
118312,118313,8,1,26,85,2016,9,15,2,3,8,1,0,0,0,0,0,1,0,0,5.469E+20,5.44936E+21,9.64373E+15,4.91953E+16
118313,118314,8,3,17,57,2016,9,9,4,3,6,3,0,0,1,0,0,0,0,1,4.12509E+20,5.38068E+21,7.81392E+15,4.85731E+16
118314,118315,8,3,11,0,2016,9,20,4,3,4,3,1,0,1,0,0,0,0,1,4.12151E+20,5.31878E+21,7.82195E+15,4.80162E+16
118315,118316,8,1,19,55,2016,9,2,1,3,8,1,2,0,0,1,0,0,0,0,5.44126E+20,5.40455E+21,9.60079E+15,4.87924E+16
118316,118317,8,1,18,54,2016,9,12,3,3,5,3,0,0,0,1,0,0,0,0,5.18819E+20,5.42351E+21,9.25711E+15,4.89642E+16
118317,118318,8,1,19,8,2016,9,10,4,3,2,6,0,0,0,1,0,0,0,0,5.3138E+20,5.42155E+21,9.42857E+15,4.8946E+16
118318,118319,8,2,16,43,2016,9,12,7,3,1,6,0,0,0,1,0,0,0,0,4.41586E+20,5.41206E+21,8.20361E+15,4.88588E+16
118319,118320,8,1,15,3,2016,9,7,3,3,1,6,0,0,0,1,0,0,0,0,5.00851E+20,5.39155E+21,9.01156E+15,4.8677E+16
118320,118321,8,2,12,0,2016,9,18,2,2,0,7,0,0,1,0,0,0,0,0,4.56413E+20,5.42401E+21,8.40447E+15,4.89675E+16
118321,118322,8,3,27,50,2016,9,16,4,3,0,1,0,0,1,0,0,0,0,0,4.87048E+20,5.31494E+21,8.82641E+15,4.79877E+16
118322,118323,8,1,18,21,2016,9,17,1,3,4,6,0,0,0,1,1,0,0,0,5.21936E+20,5.42808E+21,9.29994E+15,4.90053E+16
118323,118324,8,3,35,75,2016,9,10,3,3,5,3,0,0,0,1,0,1,0,0,4.87977E+20,5.29131E+21,8.83953E+15,4.7775E+16
118324,118325,8,3,35,79,2016,9,19,1,3,5,3,0,0,0,1,0,1,0,0,5.01307E+20,5.30056E+21,9.01747E+15,4.78584E+16
118325,118326,8,1,36,88,2016,9,10,5,3,2,6,0,0,0,1,0,0,0,0,5.80215E+20,5.41041E+21,1.00932E+16,4.88415E+16
118326,118327,8,3,17,96,2016,9,7,3,3,5,3,0,0,1,1,0,0,0,0,4.2104E+20,5.36896E+21,7.93177E+15,4.84688E+16
118327,118328,8,2,15,103,2016,9,16,7,3,5,3,0,0,0,1,0,0,0,0,4.65152E+20,5.44149E+21,8.52237E+15,4.91253E+16
118328,118329,8,4,21,0,2016,9,19,2,3,6,4,0,0,0,1,1,0,0,0,5.71932E+20,5.3602E+21,9.97166E+15,4.83909E+16
118329,118330,8,2,31,0,2016,9,8,4,3,6,7,0,0,1,0,1,0,0,0,4.7785E+20,5.41492E+21,8.69785E+15,4.88869E+16
118330,118331,8,1,18,48,2016,9,15,1,3,2,6,0,0,0,1,0,0,0,0,5.13338E+20,5.41529E+21,9.18196E+15,4.88904E+16
118331,118332,8,1,16,19,2016,9,15,5,3,3,6,0,0,0,1,0,0,0,0,5.22265E+20,5.39643E+21,9.30272E+15,4.87205E+16
118332,118333,8,1,18,73,2016,9,11,5,3,0,1,0,0,1,0,0,0,0,0,4.97309E+20,5.42028E+21,8.96325E+15,4.89354E+16
118333,118334,8,2,15,105,2016,9,13,7,3,4,2,0,0,0,1,0,0,0,0,4.57345E+20,5.44211E+21,8.41529E+15,4.91303E+16
118334,118335,8,3,11,0,2016,9,17,3,3,4,3,0,0,0,1,0,0,0,0,4.14032E+20,5.31568E+21,7.84779E+15,4.79886E+16
118335,118336,8,2,12,0,2016,9,14,7,3,5,7,0,0,1,1,0,0,0,0,4.61819E+20,5.42759E+21,8.47799E+15,4.9E+16
118336,118337,8,4,16,6,2016,9,10,2,3,2,6,0,0,0,1,0,0,0,0,4.98499E+20,5.35933E+21,8.97972E+15,4.83871E+16
118337,118338,8,2,22,0,2016,9,19,4,2,1,5,0,0,1,1,0,0,0,0,4.61562E+20,5.48189E+21,8.46927E+15,4.94884E+16
118338,118339,8,1,11,0,2016,9,6,5,2,4,6,2,0,0,1,0,1,0,0,5.11699E+20,5.40731E+21,9.15937E+15,4.88186E+16
118339,118340,8,2,15,84,2016,9,15,3,3,6,1,0,0,0,1,1,0,0,0,4.73154E+20,5.44525E+21,8.63179E+15,4.91595E+16
118340,118341,8,1,36,50,2016,9,15,4,2,0,7,0,0,0,1,1,0,0,0,5.81209E+20,5.40404E+21,1.01055E+16,4.8784E+16
118341,118342,8,1,36,42,2016,9,23,7,3,5,3,2,0,0,1,0,0,0,0,5.51653E+20,5.40476E+21,9.7033E+15,4.87937E+16
118342,118343,8,1,18,79,2016,9,17,3,3,6,4,0,0,1,0,1,0,0,0,5.08579E+20,5.4224E+21,9.11719E+15,4.89544E+16
118343,118344,8,2,35,46,2016,9,8,2,3,2,6,0,0,0,1,0,0,0,1,4.80016E+20,5.37763E+21,8.7292E+15,4.85514E+16
118344,118345,8,4,36,81,2016,9,17,4,3,5,3,0,0,1,1,0,0,0,0,5.62532E+20,5.28158E+21,9.83322E+15,4.76846E+16
118345,118346,8,2,26,6,2016,9,7,3,3,5,3,0,0,0,1,0,0,0,0,4.83445E+20,5.4661E+21,8.77207E+15,4.93474E+16
118346,118347,8,4,15,61,2016,9,17,3,3,2,6,0,0,0,1,0,0,0,0,5.1585E+20,5.37061E+21,9.21451E+15,4.84884E+16
118347,118348,8,2,21,0,2016,9,14,3,3,2,6,0,0,0,1,0,0,0,0,4.77318E+20,5.46907E+21,8.68755E+15,4.9374E+16
118348,118349,8,2,15,17,2016,9,6,4,3,0,6,1,0,0,1,0,1,0,0,4.5649E+20,5.42118E+21,8.40582E+15,4.8942E+16
118349,118350,8,1,21,0,2016,9,3,7,3,8,1,2,0,0,1,0,0,0,0,5.15428E+20,5.44098E+21,9.21144E+15,4.91215E+16
118350,118351,8,2,12,0,2016,9,13,3,3,5,3,0,0,1,1,0,0,0,0,4.5462E+20,5.42908E+21,8.37941E+15,4.90129E+16
118351,118352,8,4,15,61,2016,9,18,4,2,6,7,0,0,0,0,1,0,0,1,5.15387E+20,5.37095E+21,9.20826E+15,4.84915E+16
118352,118353,8,3,16,56,2016,9,19,2,3,4,2,1,0,1,1,0,0,0,0,4.24232E+20,5.32923E+21,7.98207E+15,4.81118E+16
118353,118354,8,2,15,66,2016,9,16,4,3,2,6,0,0,0,1,0,0,0,0,4.60972E+20,5.45048E+21,8.4642E+15,4.92059E+16
118354,118355,8,2,15,59,2016,9,12,5,3,4,2,0,0,0,1,0,0,0,0,4.85762E+20,5.43493E+21,8.80507E+15,4.90671E+16
118355,118356,8,1,25,1,2016,9,16,3,3,5,3,0,0,1,1,0,0,0,0,5.21438E+20,5.43527E+21,9.29351E+15,4.907E+16
118356,118357,8,1,21,0,2016,9,17,4,3,5,3,0,0,0,1,0,0,0,1,5.16921E+20,5.44361E+21,9.23201E+15,4.91451E+16
118357,118358,8,1,16,33,2016,9,14,3,3,2,6,0,0,1,0,0,0,1,0,5.32751E+20,5.38806E+21,9.44461E+15,4.86447E+16
118358,118359,8,2,21,0,2016,9,13,2,3,5,3,0,0,0,1,0,0,0,0,4.77003E+20,5.47285E+21,8.683E+15,4.94079E+16
118359,118360,8,3,35,43,2016,9,15,4,3,5,3,0,0,1,0,0,0,0,0,5.12671E+20,5.27822E+21,9.16875E+15,4.76573E+16
118360,118361,8,1,11,0,2016,9,21,1,3,1,5,2,0,1,1,0,0,0,0,5.15953E+20,5.40569E+21,9.21726E+15,4.8804E+16
118361,118362,8,3,36,69,2016,9,7,3,3,2,2,0,0,0,1,0,0,0,0,4.0509E+20,5.26665E+21,7.73868E+15,4.75463E+16
118362,118363,8,3,35,43,2016,9,13,1,3,0,7,0,0,1,0,0,0,0,0,5.11057E+20,5.28101E+21,9.14733E+15,4.76824E+16
118363,118364,8,1,17,19,2016,9,18,3,2,9,1,0,0,0,0,0,1,0,0,5.52998E+20,5.39372E+21,9.72019E+15,4.86943E+16
118364,118365,8,3,35,75,2016,9,13,4,3,5,3,0,0,0,1,0,1,0,0,4.88051E+20,5.29063E+21,8.84053E+15,4.77689E+16
118365,118366,8,2,15,9,2016,9,20,1,2,5,3,2,1,0,1,0,1,0,0,4.74041E+20,5.43878E+21,8.64437E+15,4.91013E+16
118366,118367,8,2,31,0,2016,9,17,6,3,2,6,0,0,0,1,0,1,0,0,4.75143E+20,5.41679E+21,8.66081E+15,4.89036E+16
118367,118368,8,1,11,0,2016,9,0,1,3,4,1,2,1,0,1,0,0,0,0,5.13011E+20,5.4043E+21,9.17715E+15,4.87915E+16
118368,118369,8,2,12,0,2016,9,13,7,2,3,6,0,0,1,1,0,0,0,0,4.61513E+20,5.42709E+21,8.47385E+15,4.89955E+16
118369,118370,8,1,15,21,2016,9,16,7,3,5,3,0,0,1,1,0,0,0,0,4.90938E+20,5.38001E+21,8.87716E+15,4.85731E+16
118370,118371,8,4,15,61,2016,9,20,5,3,1,5,1,0,0,1,0,0,0,0,5.15927E+20,5.37044E+21,9.21555E+15,4.84869E+16
118371,118372,8,4,15,48,2016,9,7,6,2,0,7,1,0,1,0,0,0,0,0,5.42057E+20,5.35799E+21,9.56792E+15,4.83736E+16
118372,118373,8,2,26,37,2016,9,11,4,3,5,2,0,0,1,1,0,0,0,0,4.65934E+20,5.4659E+21,8.531E+15,4.93449E+16
118373,118374,8,2,26,41,2016,9,10,6,3,5,3,0,0,0,1,0,0,0,0,4.77342E+20,5.4664E+21,8.68803E+15,4.93499E+16
118374,118375,8,4,36,49,2016,9,7,3,2,0,1,1,0,1,0,0,0,0,0,5.78155E+20,5.28328E+21,1.00417E+16,4.76982E+16
118375,118376,8,2,26,96,2016,9,7,6,3,5,3,0,0,1,1,0,0,0,0,4.73896E+20,5.48799E+21,8.63916E+15,4.95439E+16
118376,118377,8,2,37,28,2016,9,9,3,3,6,6,0,0,1,0,1,0,0,0,4.56331E+20,5.36836E+21,8.40924E+15,4.84669E+16
118377,118378,8,2,26,96,2016,9,8,6,3,0,7,0,0,1,0,0,0,0,0,4.7597E+20,5.4895E+21,8.66774E+15,4.95576E+16
118378,118379,8,4,26,21,2016,9,13,7,3,5,3,0,0,1,1,0,0,0,0,5.58684E+20,5.32699E+21,9.78813E+15,4.80935E+16
118379,118380,8,4,25,8,2016,9,10,6,3,1,7,0,0,0,1,0,0,1,0,5.63951E+20,5.38138E+21,9.86711E+15,4.85823E+16
118380,118381,8,1,15,3,2016,9,9,3,3,5,3,0,0,0,1,0,0,0,1,5.00383E+20,5.39256E+21,9.0052E+15,4.86861E+16
118381,118382,8,4,15,50,2016,9,23,5,3,8,1,2,0,1,0,0,0,0,0,5.21039E+20,5.37693E+21,9.28505E+15,4.85452E+16
118382,118383,8,3,17,57,2016,9,16,6,3,1,5,0,0,0,1,0,0,0,0,4.13554E+20,5.37966E+21,7.8283E+15,4.8564E+16
118383,118384,8,2,15,9,2016,9,11,4,3,6,7,0,0,0,1,1,0,0,0,4.70448E+20,5.44125E+21,8.59496E+15,4.91234E+16
118384,118385,8,3,17,40,2016,9,18,2,2,8,7,0,0,1,0,0,0,0,0,4.32844E+20,5.34744E+21,8.09487E+15,4.82766E+16
118385,118386,8,2,26,56,2016,9,0,6,3,0,7,2,0,1,1,0,0,0,0,4.84955E+20,5.47131E+21,8.79266E+15,4.93943E+16
118386,118387,8,4,16,41,2016,9,13,3,2,4,2,0,0,0,1,0,1,0,0,5.06083E+20,5.37378E+21,9.08237E+15,4.85171E+16
118387,118388,8,2,21,0,2016,9,9,3,3,2,6,0,0,0,1,0,0,0,0,4.77215E+20,5.47263E+21,8.68592E+15,4.9406E+16
118388,118389,8,4,15,78,2016,9,8,2,3,5,3,0,0,1,1,0,0,0,0,5.2978E+20,5.37129E+21,9.40308E+15,4.8494E+16
118389,118390,8,4,36,5,2016,9,17,4,3,0,7,0,0,1,0,0,0,0,1,5.41092E+20,5.3087E+21,9.55012E+15,4.79303E+16
118390,118391,8,1,11,0,2016,9,17,3,3,2,6,0,0,0,1,0,0,0,0,5.13808E+20,5.40405E+21,9.18799E+15,4.87893E+16
118391,118392,8,4,16,41,2016,9,15,6,2,0,6,0,0,0,0,0,0,0,1,5.04227E+20,5.37373E+21,9.05723E+15,4.85166E+16
118392,118393,8,1,19,79,2016,9,17,4,3,5,3,0,0,0,1,0,0,0,0,5.23073E+20,5.41066E+21,9.31449E+15,4.88485E+16
118393,118394,8,3,15,109,2016,9,14,2,2,7,1,0,0,1,0,0,0,0,0,4.21437E+20,5.31612E+21,7.94694E+15,4.79936E+16
118394,118395,8,1,19,8,2016,9,16,2,3,0,6,0,0,1,1,0,0,0,0,5.31475E+20,5.42264E+21,9.42994E+15,4.89559E+16
118395,118396,8,2,22,0,2016,9,15,6,3,0,3,0,0,1,1,0,0,0,0,4.62948E+20,5.48289E+21,8.48831E+15,4.94975E+16
118396,118397,8,3,26,27,2016,9,17,7,3,6,4,0,1,0,1,1,0,0,0,4.60202E+20,5.3021E+21,8.46781E+15,4.7871E+16
118397,118398,8,3,25,49,2016,9,12,3,3,6,7,0,0,0,1,1,0,0,0,4.74603E+20,5.33443E+21,8.65846E+15,4.81626E+16
118398,118399,8,2,12,0,2016,9,8,3,3,6,3,0,0,0,1,1,0,0,0,4.5951E+20,5.42917E+21,8.44627E+15,4.90141E+16
118399,118400,8,4,15,61,2016,9,16,4,3,5,3,0,0,1,1,0,0,0,0,5.15042E+20,5.37019E+21,9.20355E+15,4.84846E+16
118400,118401,8,3,11,0,2016,9,9,6,3,5,2,0,0,0,0,0,1,0,1,4.14075E+20,5.31798E+21,7.8479E+15,4.80093E+16
118401,118402,8,1,27,14,2016,9,5,2,2,5,1,2,1,1,1,0,0,0,0,5.79095E+20,5.44343E+21,1.00844E+16,4.91386E+16
118402,118403,8,3,17,65,2016,9,13,1,3,0,1,0,1,0,0,0,1,0,0,4.13989E+20,5.35543E+21,7.83917E+15,4.83462E+16
118403,118404,8,2,21,0,2016,9,7,6,3,0,7,1,0,1,0,0,0,0,0,4.7613E+20,5.46989E+21,8.67113E+15,4.93813E+16
118404,118405,8,1,21,0,2016,9,21,1,3,8,1,2,1,0,1,0,0,0,0,5.173E+20,5.44578E+21,9.23731E+15,4.91646E+16
118405,118406,8,2,15,9,2016,9,17,7,3,2,6,0,0,0,1,0,0,0,0,4.68591E+20,5.44275E+21,8.5694E+15,4.91368E+16
118406,118407,8,1,18,68,2016,9,9,7,3,2,6,0,0,0,1,0,0,0,0,5.01273E+20,5.4228E+21,9.01739E+15,4.89581E+16
118407,118408,8,3,11,0,2016,9,13,6,3,2,1,0,0,0,1,0,0,0,0,4.15214E+20,5.32092E+21,7.86259E+15,4.80359E+16
118408,118409,8,2,26,96,2016,9,14,2,3,2,6,0,0,0,1,0,0,0,0,4.75939E+20,5.48988E+21,8.66728E+15,4.95611E+16
118409,118410,8,1,15,3,2016,9,17,2,3,0,1,0,0,0,0,0,1,0,0,5.00672E+20,5.39343E+21,9.00914E+15,4.86939E+16
118410,118411,8,2,12,0,2016,9,7,6,3,3,7,0,0,1,0,0,0,0,1,4.5352E+20,5.43194E+21,8.36404E+15,4.90386E+16
118411,118412,8,2,22,0,2016,9,5,1,2,9,5,2,1,0,1,0,0,0,1,4.69132E+20,5.47691E+21,8.57417E+15,4.9444E+16
118412,118413,8,2,15,102,2016,9,10,7,3,1,5,0,0,1,1,0,0,0,0,4.56369E+20,5.43871E+21,8.40228E+15,4.90997E+16
118413,118414,8,1,21,0,2016,9,17,7,2,6,4,0,0,0,1,1,0,0,0,5.16361E+20,5.44305E+21,9.22432E+15,4.91401E+16
118414,118415,8,4,35,16,2016,9,11,4,2,8,1,0,0,1,0,0,0,0,0,5.35535E+20,5.27834E+21,9.47324E+15,4.76574E+16
118415,118416,8,2,37,19,2016,9,0,1,3,1,5,2,1,0,1,0,0,0,0,4.63074E+20,5.36826E+21,8.50046E+15,4.84664E+16
118416,118417,8,2,12,0,2016,9,17,6,3,1,5,0,0,1,1,0,0,0,0,4.56382E+20,5.42387E+21,8.40405E+15,4.89662E+16
118417,118418,8,4,35,16,2016,9,11,7,3,0,7,0,0,0,1,0,1,0,0,5.36611E+20,5.27886E+21,9.48762E+15,4.76621E+16
118418,118419,8,1,15,16,2016,9,19,7,2,5,2,1,0,1,1,0,0,0,0,4.87318E+20,5.37783E+21,8.82814E+15,4.85535E+16
118419,118420,8,1,11,0,2016,9,15,7,3,2,6,0,0,0,1,0,0,0,0,5.06412E+20,5.40632E+21,9.08733E+15,4.88098E+16
118420,118421,8,1,17,19,2016,9,18,3,3,9,1,0,0,0,0,0,1,0,0,5.52999E+20,5.39372E+21,9.72021E+15,4.86943E+16
118421,118422,8,3,35,63,2016,9,17,5,3,2,2,0,0,0,1,0,1,0,0,4.982E+20,5.28736E+21,8.97599E+15,4.77396E+16
118422,118423,8,3,37,126,2016,9,16,6,2,5,2,0,0,0,1,0,1,0,0,4.44702E+20,5.27503E+21,8.26399E+15,4.76263E+16