FID,OBJECTID,ULAND,UREGBEZ,UKREIS,UGEMEINDE,UJAHR,UMONAT,USTUNDE,UWOCHENTAG,UKATEGORIE,UART,UTYP1,ULICHTVERH,IstStrasse,IstRad,IstPKW,IstFuss,IstKrad,IstGkfz,IstSonstig,LINREFX,LINREFY,XGCSWGS84,YGCSWGS84
118423,118424,8,3,26,74,2016,9,17,5,3,5,3,0,0,0,1,0,1,0,0,4.60131E+20,5.3228E+21,8.46493E+15,4.80573E+16
118424,118425,8,3,35,43,2016,9,16,6,2,0,1,0,0,1,0,0,0,0,0,5.13366E+20,5.27825E+21,9.178E+15,4.76575E+16
118425,118426,8,3,11,0,2016,9,14,4,3,2,1,0,0,0,1,0,0,0,0,4.143E+20,5.31772E+21,7.85097E+15,4.8007E+16
118426,118427,8,1,11,0,2016,9,12,4,3,6,2,0,0,0,1,1,0,0,0,5.14619E+20,5.40414E+21,9.19903E+15,4.87901E+16
118427,118428,8,2,11,0,2016,9,14,6,3,6,6,0,1,1,0,1,0,0,0,4.43695E+20,5.40182E+21,8.23376E+15,4.87668E+16
118428,118429,8,3,11,0,2016,9,17,3,3,0,3,0,0,0,0,1,0,0,1,4.14191E+20,5.31637E+21,7.84979E+15,4.79949E+16
118429,118430,8,3,36,81,2016,9,12,7,3,1,5,0,0,1,1,0,0,0,0,4.11632E+20,5.27802E+21,7.82331E+15,4.76496E+16
118430,118431,8,4,15,61,2016,9,7,6,2,6,4,0,0,0,1,1,0,0,0,5.12434E+20,5.37169E+21,9.16831E+15,4.84982E+16
118431,118432,8,1,11,0,2016,9,15,3,3,5,3,0,0,1,1,0,0,0,0,5.15168E+20,5.40689E+21,9.20661E+15,4.88148E+16
118432,118433,8,3,16,3,2016,9,8,5,2,9,1,0,0,0,1,0,0,0,0,4.29827E+20,5.33601E+21,8.05612E+15,4.81735E+16
118433,118434,8,4,15,61,2016,9,19,6,3,5,3,1,0,0,1,0,0,0,0,5.11692E+20,5.37127E+21,9.15825E+15,4.84944E+16
118434,118435,8,3,16,49,2016,9,14,6,3,0,7,0,0,0,1,0,1,0,0,4.01576E+20,5.33981E+21,7.67532E+15,4.82039E+16
118435,118436,8,2,16,43,2016,9,17,4,3,6,6,0,0,1,0,1,0,0,0,4.41456E+20,5.41228E+21,8.20181E+15,4.88608E+16
118436,118437,8,3,15,132,2016,9,13,2,2,5,3,0,0,1,1,0,0,0,0,4.09045E+20,5.32372E+21,7.77926E+15,4.80603E+16
118437,118438,8,1,36,65,2016,9,11,6,3,8,6,0,0,0,0,0,1,0,0,5.58757E+20,5.40521E+21,9.80008E+15,4.87971E+16
118438,118439,8,4,15,61,2016,9,10,3,3,0,5,0,0,1,1,0,0,0,0,5.15697E+20,5.37141E+21,9.21247E+15,4.84956E+16
118439,118440,8,2,22,0,2016,9,14,4,3,5,3,0,0,1,1,0,0,0,0,4.62247E+20,5.47869E+21,8.47904E+15,4.94597E+16
118440,118441,8,1,35,19,2016,9,7,6,3,2,6,0,0,0,1,0,0,0,0,5.83835E+20,5.39251E+21,1.01389E+16,4.868E+16
118441,118442,8,4,21,0,2016,9,15,3,3,6,4,0,0,0,1,1,0,0,0,5.73578E+20,5.36187E+21,9.99418E+15,4.84057E+16
118442,118443,8,1,35,16,2016,9,14,6,3,4,1,0,0,1,1,0,0,0,0,5.91682E+20,5.38618E+21,1.02441E+16,4.8622E+16
118443,118444,8,2,26,96,2016,9,14,3,3,5,3,0,0,1,1,0,0,0,0,4.75002E+20,5.48611E+21,8.65457E+15,4.95271E+16
118444,118445,8,1,11,0,2016,9,13,3,3,5,3,0,0,1,1,0,0,0,0,5.12622E+20,5.40274E+21,9.17181E+15,4.87775E+16
118445,118446,8,1,11,0,2016,9,15,5,3,0,3,0,0,0,1,0,1,0,0,5.11524E+20,5.39761E+21,9.15671E+15,4.87314E+16
118446,118447,8,1,17,26,2016,9,15,4,3,8,1,0,0,0,1,0,0,0,0,5.47972E+20,5.3945E+21,9.65198E+15,4.87017E+16
118447,118448,8,2,12,0,2016,9,18,2,3,1,5,0,0,1,1,0,0,0,0,4.55731E+20,5.4284E+21,8.39467E+15,4.90069E+16
118448,118449,8,1,17,49,2016,9,15,2,3,1,7,0,0,0,1,1,0,0,0,5.55863E+20,5.39219E+21,9.75891E+15,4.86802E+16
118449,118450,8,1,27,62,2016,9,7,6,3,4,6,0,0,1,1,0,0,0,0,5.48619E+20,5.42924E+21,9.6649E+15,4.90141E+16
118450,118451,8,3,15,47,2016,9,19,7,2,0,7,2,0,1,0,0,0,0,0,4.16587E+20,5.31895E+21,7.88139E+15,4.80184E+16
118451,118452,8,3,17,65,2016,9,6,3,3,4,2,1,0,1,1,0,0,0,0,4.16387E+20,5.35453E+21,7.87171E+15,4.83384E+16
118452,118453,8,1,18,48,2016,9,7,3,3,5,3,0,0,0,1,0,1,0,0,5.1488E+20,5.41537E+21,9.203E+15,4.88911E+16
118453,118454,8,2,15,107,2016,9,17,3,3,4,6,0,0,1,0,0,0,0,0,4.62225E+20,5.45644E+21,8.48084E+15,4.92595E+16
118454,118455,8,3,35,75,2016,9,7,2,3,3,2,0,0,0,1,0,1,0,0,4.88692E+20,5.28988E+21,8.8491E+15,4.77622E+16
118455,118456,8,4,25,141,2016,9,13,4,3,0,6,0,0,0,1,0,1,0,0,5.66258E+20,5.36378E+21,9.89559E+15,4.84237E+16
118456,118457,8,2,12,0,2016,9,17,6,3,0,3,0,0,0,0,0,1,0,1,4.55971E+20,5.4279E+21,8.39801E+15,4.90024E+16
118457,118458,8,2,22,0,2016,9,17,2,3,0,7,0,0,1,0,0,0,0,0,4.6251E+20,5.48577E+21,8.48199E+15,4.95234E+16
118458,118459,8,1,11,0,2016,9,21,2,3,0,1,2,0,1,0,0,0,0,0,5.1121E+20,5.40222E+21,9.15257E+15,4.87729E+16
118459,118460,8,1,26,66,2016,9,7,6,3,5,3,0,0,0,1,0,0,0,0,5.3709E+20,5.45036E+21,9.50918E+15,4.92049E+16
118460,118461,8,2,16,15,2016,9,0,1,2,0,7,2,1,1,0,0,0,0,0,4.49668E+20,5.40642E+21,8.31448E+15,4.88087E+16
118461,118462,8,2,36,50,2016,9,20,7,2,0,7,2,1,0,1,0,0,0,0,4.86317E+20,5.42407E+21,8.81304E+15,4.89694E+16
118462,118463,8,1,25,78,2016,9,1,7,3,1,1,2,0,1,1,0,0,0,0,5.18106E+20,5.45351E+21,9.24871E+15,4.92341E+16
118463,118464,8,3,36,50,2016,9,19,5,3,1,5,1,0,1,1,0,0,0,0,3.99114E+20,5.27437E+21,7.6575E+15,4.76149E+16
118464,118465,8,4,36,64,2016,9,17,6,3,5,3,0,0,1,1,0,0,0,0,5.45782E+20,5.29322E+21,9.61127E+15,4.77907E+16
118465,118466,8,3,17,59,2016,9,16,4,2,5,3,0,0,1,1,0,0,0,0,4.15436E+20,5.34797E+21,7.86019E+15,4.82793E+16
118466,118467,8,3,37,116,2016,9,6,4,3,0,7,1,0,0,0,1,0,1,0,4.17517E+20,5.27459E+21,7.90231E+15,4.76195E+16
118467,118468,8,2,12,0,2016,9,14,6,2,5,3,0,0,1,1,0,0,0,0,4.63289E+20,5.42806E+21,8.49805E+15,4.90043E+16
118468,118469,8,1,25,26,2016,9,13,2,3,6,4,0,0,0,1,1,0,0,0,4.93146E+20,5.44253E+21,8.90604E+15,4.91356E+16
118469,118470,8,3,11,0,2016,9,14,1,3,5,3,0,0,1,1,0,0,0,0,4.11245E+20,5.31632E+21,7.81032E+15,4.7994E+16
118470,118471,8,1,26,66,2016,9,19,6,3,5,3,0,0,1,1,0,0,0,0,5.33565E+20,5.44876E+21,9.46066E+15,4.91907E+16
118471,118472,8,1,11,0,2016,9,20,1,3,5,2,2,1,0,1,0,0,0,0,5.11735E+20,5.40087E+21,9.15968E+15,4.87607E+16
118472,118473,8,2,12,0,2016,9,13,7,3,1,7,0,0,1,1,0,0,0,0,4.5702E+20,5.42849E+21,8.41228E+15,4.90078E+16
118473,118474,8,1,16,78,2016,9,11,7,3,1,6,0,0,0,1,0,0,0,0,5.10201E+20,5.39379E+21,9.13863E+15,4.8697E+16
118474,118475,8,3,11,0,2016,9,8,5,2,5,3,0,0,1,0,0,1,0,0,4.12964E+20,5.31701E+21,7.83321E+15,4.80005E+16
118475,118476,8,3,26,3,2016,9,10,6,2,6,7,0,0,1,0,1,0,0,0,4.65051E+20,5.31873E+21,8.5313E+15,4.80209E+16
118476,118477,8,2,15,97,2016,9,15,4,2,4,6,0,0,0,1,0,1,0,0,4.81203E+20,5.44082E+21,8.74239E+15,4.91199E+16
118477,118478,8,4,36,64,2016,9,7,3,3,0,1,0,0,1,0,0,0,0,0,5.46813E+20,5.29344E+21,9.62506E+15,4.77926E+16
118478,118479,8,1,26,46,2016,9,10,6,3,6,7,0,0,0,0,1,0,0,1,5.50182E+20,5.45877E+21,9.68996E+15,4.92796E+16
118479,118480,8,2,12,0,2016,9,15,3,3,0,7,0,0,0,0,1,0,0,1,4.60391E+20,5.42736E+21,8.4585E+15,4.89979E+16
118480,118481,8,1,11,0,2016,9,16,3,3,1,5,0,0,1,1,0,0,0,0,5.15606E+20,5.39446E+21,9.2121E+15,4.8703E+16
118481,118482,8,1,25,98,2016,9,8,6,3,0,1,0,0,1,0,0,0,0,0,5.23552E+20,5.43718E+21,9.32257E+15,4.90871E+16
118482,118483,8,4,35,16,2016,9,8,7,3,0,7,0,1,1,0,0,0,0,0,5.35056E+20,5.27762E+21,9.4668E+15,4.7651E+16
118483,118484,8,4,26,70,2016,9,8,6,2,8,6,0,0,1,1,0,0,0,0,5.66643E+20,5.33993E+21,9.89703E+15,4.82091E+16
118484,118485,8,1,16,19,2016,9,17,3,3,5,3,0,0,0,1,0,0,0,0,5.20261E+20,5.39867E+21,9.27557E+15,4.87407E+16
118485,118486,8,3,11,0,2016,9,15,5,2,0,1,0,0,1,0,0,0,0,0,4.15047E+20,5.31713E+21,7.8611E+15,4.80018E+16
118486,118487,8,2,22,0,2016,9,13,4,2,5,7,0,0,0,1,0,0,0,0,4.63316E+20,5.48049E+21,8.49362E+15,4.9476E+16
118487,118488,8,1,25,58,2016,9,7,6,3,5,3,0,0,0,1,0,0,0,0,5.08441E+20,5.44322E+21,9.11574E+15,4.91417E+16
118488,118489,8,4,16,41,2016,9,17,3,2,5,3,0,0,0,1,0,1,0,0,5.03804E+20,5.37291E+21,9.0515E+15,4.85093E+16
118489,118490,8,2,21,0,2016,9,15,3,3,3,2,0,0,1,1,0,0,0,0,4.76685E+20,5.47184E+21,8.67867E+15,4.93988E+16
118490,118491,8,4,15,89,2016,9,8,2,3,2,2,0,0,0,0,0,1,0,1,5.20802E+20,5.35934E+21,9.28097E+15,4.83869E+16
118491,118492,8,4,36,55,2016,9,15,4,2,5,3,0,0,0,1,0,1,0,0,5.74423E+20,5.30045E+21,9.99487E+15,4.78531E+16
118492,118493,8,2,12,0,2016,9,11,6,3,5,3,0,0,1,1,0,0,0,0,4.5594E+20,5.42595E+21,8.3978E+15,4.89849E+16
118493,118494,8,1,15,3,2016,9,12,4,3,2,6,0,0,0,1,0,0,0,0,5.03293E+20,5.39269E+21,9.04474E+15,4.86872E+16
118494,118495,8,2,31,0,2016,9,19,2,3,3,6,0,0,0,1,0,0,0,0,4.78121E+20,5.41527E+21,8.70153E+15,4.889E+16
118495,118496,8,1,15,28,2016,9,17,2,3,6,4,0,0,0,1,1,0,0,0,5.01615E+20,5.40373E+21,9.02199E+15,4.87866E+16
118496,118497,8,1,21,0,2016,9,13,4,3,5,3,0,0,0,1,0,1,0,0,5.13058E+20,5.44302E+21,9.17903E+15,4.91399E+16
118497,118498,8,3,36,69,2016,9,9,2,2,6,4,0,0,0,0,1,0,0,1,4.08839E+20,5.26799E+21,7.78821E+15,4.75589E+16
118498,118499,8,1,19,20,2016,9,8,2,3,3,2,0,0,0,1,0,0,1,0,5.19119E+20,5.40679E+21,9.26042E+15,4.88138E+16
118499,118500,8,1,19,91,2016,9,13,6,2,6,4,0,0,0,1,1,0,0,0,5.28405E+20,5.40623E+21,9.38687E+15,4.88084E+16
118500,118501,8,4,36,64,2016,9,15,7,2,0,7,0,0,0,0,0,0,0,1,5.428E+20,5.29226E+21,9.57136E+15,4.77823E+16
118501,118502,8,3,36,50,2016,9,7,3,3,5,2,0,0,1,0,0,0,0,0,3.9999E+20,5.27457E+21,7.66911E+15,4.76169E+16
118502,118503,8,2,12,0,2016,9,15,3,3,5,3,0,0,0,1,0,0,0,1,4.53774E+20,5.42857E+21,8.3679E+15,4.90083E+16
118503,118504,8,3,25,14,2016,9,16,2,2,3,2,0,0,1,1,0,0,0,0,4.63306E+20,5.34003E+21,8.50607E+15,4.82124E+16
118504,118505,8,4,15,61,2016,9,19,4,3,5,3,0,0,0,1,0,0,0,0,5.13313E+20,5.37235E+21,9.18023E+15,4.85042E+16
118505,118506,8,2,15,17,2016,9,7,6,3,5,3,1,0,1,1,0,0,0,0,4.54684E+20,5.42111E+21,8.38117E+15,4.89412E+16
118506,118507,8,1,36,88,2016,9,18,2,2,6,4,0,1,0,1,1,0,0,0,5.80835E+20,5.40968E+21,1.01015E+16,4.88349E+16
118507,118508,8,3,37,126,2016,9,21,1,2,9,1,2,1,0,1,0,0,0,0,4.41852E+20,5.2759E+21,8.22595E+15,4.76339E+16
118508,118509,8,1,18,19,2016,9,15,6,2,2,2,0,0,0,1,0,0,0,0,5.05561E+20,5.40583E+21,9.07574E+15,4.88054E+16
118509,118510,8,2,12,0,2016,9,15,1,3,5,3,0,1,0,1,0,0,0,0,4.55908E+20,5.43023E+21,8.39689E+15,4.90234E+16
118510,118511,8,2,26,85,2016,9,0,7,2,4,2,2,0,0,1,0,1,0,0,4.92442E+20,5.45426E+21,8.89617E+15,4.92411E+16
118511,118512,8,1,19,79,2016,9,23,7,3,3,1,2,1,0,1,0,1,0,0,5.22166E+20,5.4086E+21,9.30202E+15,4.883E+16
118512,118513,8,3,11,0,2016,9,12,5,3,5,3,0,0,0,1,0,1,0,0,4.14254E+20,5.32052E+21,7.8498E+15,4.80322E+16
118513,118514,8,1,18,7,2016,9,12,6,3,5,3,0,0,1,1,0,0,0,0,5.10706E+20,5.42754E+21,9.14637E+15,4.90007E+16
118514,118515,8,2,22,0,2016,9,9,1,3,5,2,0,1,0,1,0,0,0,0,4.64303E+20,5.48421E+21,8.5069E+15,4.95095E+16
118515,118516,8,3,11,0,2016,9,15,7,3,5,2,0,0,0,1,0,0,0,1,4.14547E+20,5.31718E+21,7.8544E+15,4.80022E+16
118516,118517,8,1,27,76,2016,9,13,7,3,1,1,0,0,1,1,0,0,0,0,5.53648E+20,5.44076E+21,9.73521E+15,4.91173E+16
118517,118518,8,3,35,43,2016,9,23,4,3,0,1,2,0,1,0,0,0,0,0,5.13344E+20,5.27915E+21,9.17774E+15,4.76656E+16
118518,118519,8,2,12,0,2016,9,0,1,2,0,7,2,1,1,0,0,0,0,0,4.611E+20,5.42752E+21,8.46817E+15,4.89994E+16
118519,118520,8,4,25,71,2016,9,18,6,2,9,7,0,0,1,0,0,0,0,0,5.5105E+20,5.37079E+21,9.6909E+15,4.84881E+16
118520,118521,8,4,36,81,2016,9,16,7,3,4,1,0,0,0,1,0,1,0,0,5.60606E+20,5.28283E+21,9.80773E+15,4.76961E+16
118521,118522,8,2,15,101,2016,9,9,7,3,2,3,0,0,1,1,0,0,0,0,4.65975E+20,5.42841E+21,8.53474E+15,4.90076E+16
118522,118523,8,1,11,0,2016,9,18,7,3,5,2,0,0,0,1,0,0,0,1,5.11524E+20,5.4096E+21,9.15705E+15,4.88393E+16
118523,118524,8,2,12,0,2016,9,11,5,3,0,7,0,0,0,0,0,0,0,1,4.60541E+20,5.43151E+21,8.46014E+15,4.90352E+16
118524,118525,8,3,17,40,2016,9,6,6,3,5,2,1,1,0,1,0,0,0,0,4.32944E+20,5.34783E+21,8.09616E+15,4.82801E+16
118525,118526,8,2,22,0,2016,9,18,4,3,5,3,0,0,1,1,0,0,0,0,4.62221E+20,5.48282E+21,8.47828E+15,4.94968E+16
118526,118527,8,1,16,33,2016,9,11,6,3,1,6,0,0,0,1,0,0,0,0,5.33506E+20,5.38734E+21,9.45481E+15,4.86382E+16
118527,118528,8,3,17,96,2016,9,11,6,3,0,7,0,0,1,1,0,0,0,0,4.22086E+20,5.36983E+21,7.94576E+15,4.84768E+16
118528,118529,8,3,11,0,2016,9,7,4,3,6,4,0,0,1,0,1,0,0,0,4.13689E+20,5.31614E+21,7.8431E+15,4.79927E+16
118529,118530,8,1,11,0,2016,9,15,4,3,5,2,0,0,1,1,0,0,0,0,5.14215E+20,5.40393E+21,9.19353E+15,4.87882E+16
118530,118531,8,1,16,78,2016,9,15,6,3,5,3,0,0,1,1,0,0,0,0,5.10711E+20,5.39327E+21,9.14554E+15,4.86923E+16
118531,118532,8,3,11,0,2016,9,11,3,2,6,7,0,0,0,0,1,0,0,1,4.14058E+20,5.31657E+21,7.84795E+15,4.79967E+16
118532,118533,8,4,26,21,2016,9,18,7,2,0,1,0,1,1,0,0,0,0,0,5.58802E+20,5.32728E+21,9.78975E+15,4.8096E+16
118533,118534,8,4,15,59,2016,9,20,6,3,5,2,2,0,0,1,0,1,0,0,5.16742E+20,5.36845E+21,9.22649E+15,4.8469E+16
118534,118535,8,1,11,0,2016,9,17,3,2,6,4,0,0,0,1,1,0,0,0,5.18731E+20,5.40285E+21,9.25495E+15,4.87784E+16
118535,118536,8,2,31,0,2016,9,13,5,3,1,6,0,0,0,1,0,0,0,0,4.78324E+20,5.41498E+21,8.70431E+15,4.88874E+16
118536,118537,8,3,16,9,2016,9,7,6,2,5,3,0,1,0,1,0,1,0,0,4.17676E+20,5.32509E+21,7.89482E+15,4.80738E+16
118537,118538,8,2,12,0,2016,9,7,4,3,2,6,0,0,0,1,0,0,0,0,4.55914E+20,5.43023E+21,8.39697E+15,4.90234E+16
118538,118539,8,3,17,151,2016,9,16,2,3,2,6,0,0,0,1,0,0,0,0,4.13428E+20,5.36778E+21,7.82905E+15,4.84572E+16
118539,118540,8,1,11,0,2016,9,21,6,2,4,6,2,0,0,1,0,0,0,1,5.17668E+20,5.3993E+21,9.24034E+15,4.87465E+16
118540,118541,8,4,15,61,2016,9,7,3,3,5,2,0,0,1,0,0,0,0,1,5.13764E+20,5.37046E+21,9.18627E+15,4.84871E+16
118541,118542,8,2,16,43,2016,9,20,3,3,1,1,2,0,0,1,0,0,0,0,4.40812E+20,5.41398E+21,8.19279E+15,4.88759E+16
118542,118543,8,3,36,50,2016,9,9,2,3,2,6,0,1,0,1,0,0,0,0,4.00341E+20,5.27506E+21,7.67368E+15,4.76213E+16
118543,118544,8,4,26,8,2016,9,18,3,2,0,3,0,0,1,0,0,0,0,0,5.33741E+20,5.33196E+21,9.45354E+15,4.814E+16
118544,118545,8,1,11,0,2016,9,12,6,3,6,4,0,0,0,1,1,0,0,0,5.11911E+20,5.40084E+21,9.16207E+15,4.87605E+16
118545,118546,8,2,26,98,2016,9,20,3,3,0,7,2,0,1,0,0,0,0,0,4.77415E+20,5.45995E+21,8.6894E+15,4.92919E+16
118546,118547,8,1,11,0,2016,9,13,3,3,6,7,0,0,0,0,1,0,0,1,5.12947E+20,5.40206E+21,9.1762E+15,4.87714E+16
118547,118548,8,2,31,0,2016,9,16,5,2,6,4,0,0,0,1,1,0,0,0,4.76481E+20,5.41542E+21,8.67915E+15,4.88913E+16
118548,118549,8,1,15,46,2016,9,12,4,2,0,7,0,0,1,0,0,0,0,0,5.08811E+20,5.38987E+21,9.11966E+15,4.86619E+16
118549,118550,8,3,11,0,2016,9,16,2,3,3,6,0,0,0,1,0,1,0,0,4.14127E+20,5.3193E+21,7.84834E+15,4.80212E+16
118550,118551,8,1,18,48,2016,9,21,2,3,4,7,2,0,0,1,0,0,0,0,5.16027E+20,5.41574E+21,9.21866E+15,4.88944E+16
118551,118552,8,4,36,55,2016,9,16,5,3,5,3,0,0,0,1,0,0,0,0,5.75476E+20,5.29694E+21,1.00083E+16,4.78214E+16
118552,118553,8,3,26,74,2016,9,15,7,2,5,3,0,0,1,1,0,0,0,0,4.64384E+20,5.32236E+21,8.52205E+15,4.80535E+16
118553,118554,8,3,17,65,2016,9,15,3,3,8,7,0,0,1,0,0,0,0,0,4.13986E+20,5.35545E+21,7.83913E+15,4.83464E+16
118554,118555,8,1,19,79,2016,9,15,3,2,0,1,0,0,0,0,0,0,0,1,5.22276E+20,5.40825E+21,9.30351E+15,4.88269E+16
118555,118556,8,3,37,126,2016,9,13,4,3,5,3,0,0,1,1,0,0,0,0,4.38969E+20,5.27417E+21,8.18781E+15,4.7618E+16
118556,118557,8,2,12,0,2016,9,15,6,2,5,3,0,0,1,1,0,0,0,0,4.557E+20,5.42909E+21,8.39417E+15,4.90131E+16
118557,118558,8,4,21,0,2016,9,20,4,3,3,6,2,0,1,0,0,0,0,0,5.72584E+20,5.36065E+21,9.98054E+15,4.83948E+16
118558,118559,8,2,12,0,2016,9,7,6,3,2,6,0,0,0,1,0,0,0,1,4.56382E+20,5.42822E+21,8.40359E+15,4.90053E+16
118559,118560,8,2,26,56,2016,9,20,2,3,6,7,2,0,0,1,1,0,0,0,4.85737E+20,5.46986E+21,8.8035E+15,4.93812E+16
118560,118561,8,1,11,0,2016,9,13,2,3,5,3,0,0,0,1,0,0,0,1,5.18278E+20,5.40712E+21,9.24898E+15,4.88168E+16
118561,118562,8,4,35,57,2016,9,12,5,3,8,1,0,0,1,0,0,0,0,0,5.46564E+20,5.28128E+21,9.62043E+15,4.76833E+16
118562,118563,8,2,21,0,2016,9,1,1,3,4,2,2,1,0,1,0,0,0,0,4.76571E+20,5.4725E+21,8.67706E+15,4.94047E+16
118563,118564,8,2,31,0,2016,9,22,7,3,1,6,2,1,0,1,0,1,0,0,4.78656E+20,5.41587E+21,8.7088E+15,4.88954E+16
118564,118565,8,2,25,58,2016,9,11,7,2,5,3,0,0,0,1,0,1,0,0,5.09994E+20,5.46895E+21,9.13767E+15,4.93732E+16
118565,118566,8,3,17,31,2016,9,15,4,3,0,3,0,0,0,0,0,1,0,1,4.16936E+20,5.35666E+21,7.8787E+15,4.83577E+16
118566,118567,8,4,26,97,2016,9,16,5,3,5,1,0,0,0,1,0,1,0,0,5.34748E+20,5.33384E+21,9.46724E+15,4.81569E+16
118567,118568,8,4,35,16,2016,9,14,7,3,0,7,0,0,1,0,0,0,0,0,5.3026E+20,5.28179E+21,9.40324E+15,4.76888E+16
118568,118569,8,1,36,65,2016,9,17,7,3,6,6,0,0,0,1,1,0,0,0,5.56972E+20,5.40515E+21,9.77577E+15,4.87967E+16
118569,118570,8,4,35,16,2016,9,20,6,3,0,7,2,1,1,0,0,0,0,0,5.35872E+20,5.27988E+21,9.47786E+15,4.76713E+16
118570,118571,8,1,16,33,2016,9,15,3,3,4,3,0,0,1,1,0,0,0,0,5.33118E+20,5.38838E+21,9.44963E+15,4.86476E+16
118571,118572,8,2,26,107,2016,9,9,5,3,5,3,0,0,0,1,0,0,0,0,4.74197E+20,5.48442E+21,8.64356E+15,4.95119E+16
118572,118573,8,1,25,58,2016,9,18,2,3,5,7,1,0,1,1,0,0,0,0,5.0729E+20,5.44377E+21,9.09996E+15,4.91467E+16
118573,118574,8,3,11,0,2016,9,16,1,2,6,1,0,1,1,0,1,0,0,0,4.12244E+20,5.31803E+21,7.82336E+15,4.80095E+16
118574,118575,8,4,26,70,2016,9,15,5,3,2,6,0,0,0,1,0,0,0,0,5.65324E+20,5.3425E+21,9.87967E+15,4.82323E+16
118575,118576,8,1,17,24,2016,9,20,1,3,6,7,2,1,0,1,1,0,0,0,5.62139E+20,5.38484E+21,9.84307E+15,4.86136E+16
118576,118577,8,2,12,0,2016,9,12,7,3,1,7,0,0,1,1,0,0,0,0,4.55673E+20,5.42957E+21,8.39376E+15,4.90174E+16
118577,118578,8,1,18,7,2016,9,22,7,3,5,3,2,1,0,1,0,0,0,0,5.10236E+20,5.42716E+21,9.13994E+15,4.89972E+16
118578,118579,8,2,26,85,2016,9,20,5,2,6,6,2,0,0,1,1,0,0,0,4.94161E+20,5.45156E+21,8.91982E+15,4.92168E+16
118579,118580,8,3,17,65,2016,9,12,6,3,5,2,0,0,0,1,0,0,0,0,4.14049E+20,5.35464E+21,7.84015E+15,4.83391E+16
118580,118581,8,2,12,0,2016,9,15,4,3,5,2,0,0,1,1,0,0,0,0,4.56398E+20,5.42745E+21,8.40389E+15,4.89984E+16
118581,118582,8,1,11,0,2016,9,9,4,2,1,7,0,0,0,1,0,0,0,0,5.05425E+20,5.39954E+21,9.0738E+15,4.87488E+16
118582,118583,8,4,26,87,2016,9,6,5,3,0,7,2,0,0,0,0,1,0,0,5.74977E+20,5.32448E+21,1.00065E+16,4.80692E+16
118583,118584,8,2,12,0,2016,9,18,3,3,5,3,0,0,1,0,0,0,0,0,4.51067E+20,5.43178E+21,8.3305E+15,4.90369E+16
118584,118585,8,1,11,0,2016,9,8,3,3,2,6,0,0,0,1,0,0,0,1,5.13581E+20,5.40882E+21,9.18506E+15,4.88322E+16
118585,118586,8,2,26,62,2016,9,8,5,3,5,3,0,0,1,1,0,0,0,0,4.69467E+20,5.46851E+21,8.57944E+15,4.93686E+16
118586,118587,8,1,28,7,2016,9,7,4,3,5,3,0,0,1,1,0,0,0,0,5.56079E+20,5.48278E+21,9.77442E+15,4.94951E+16
118587,118588,8,2,22,0,2016,9,11,4,3,4,2,0,0,0,0,0,0,1,1,4.60761E+20,5.48299E+21,8.4581E+15,4.94983E+16
118588,118589,8,4,26,21,2016,9,0,5,3,5,3,2,0,0,1,0,1,0,0,5.57796E+20,5.32772E+21,9.7763E+15,4.81001E+16
118589,118590,8,4,17,75,2016,9,10,3,3,5,3,0,0,0,1,0,0,0,0,5.08104E+20,5.33624E+21,9.10901E+15,4.81794E+16
118590,118591,8,4,25,141,2016,9,18,5,3,4,6,0,0,1,1,0,0,0,0,5.65055E+20,5.36278E+21,9.87918E+15,4.84148E+16
118591,118592,8,2,22,0,2016,9,17,3,3,1,5,0,0,1,0,0,1,0,0,4.62141E+20,5.48107E+21,8.47734E+15,4.94811E+16
118592,118593,8,4,16,41,2016,9,10,2,3,3,2,0,0,0,1,1,0,0,0,5.04704E+20,5.37504E+21,9.06372E+15,4.85285E+16
118593,118594,8,1,11,0,2016,9,20,5,3,6,7,2,0,0,1,1,0,0,0,5.10901E+20,5.39741E+21,9.14824E+15,4.87296E+16
118594,118595,8,1,15,45,2016,9,8,4,2,0,7,0,0,1,0,0,0,0,0,4.99747E+20,5.39553E+21,8.99656E+15,4.87128E+16
118595,118596,8,2,12,0,2016,9,20,2,3,5,1,2,0,0,0,0,1,0,1,4.6126E+20,5.42268E+21,8.47081E+15,4.89559E+16
118596,118597,8,1,16,33,2016,9,11,2,3,5,3,0,0,0,0,0,1,0,1,5.34287E+20,5.38762E+21,9.46544E+15,4.86407E+16
118597,118598,8,4,21,0,2016,9,12,5,3,4,3,0,0,1,0,0,0,0,0,5.73553E+20,5.36126E+21,9.99374E+15,4.84002E+16
118598,118599,8,2,22,0,2016,9,12,1,3,5,3,0,1,0,1,0,0,0,0,4.6156E+20,5.483E+21,8.46913E+15,4.94984E+16
118599,118600,8,3,16,10,2016,9,16,7,2,4,6,0,0,0,1,0,0,0,0,4.32212E+20,5.34055E+21,8.08747E+15,4.82145E+16
118600,118601,8,1,28,6,2016,9,11,7,3,4,2,0,0,0,0,0,1,0,1,5.50715E+20,5.47525E+21,9.69938E+15,4.94278E+16