FID,OBJECTID,ULAND,UREGBEZ,UKREIS,UGEMEINDE,UJAHR,UMONAT,USTUNDE,UWOCHENTAG,UKATEGORIE,UART,UTYP1,ULICHTVERH,IstStrasse,IstRad,IstPKW,IstFuss,IstKrad,IstGkfz,IstSonstig,LINREFX,LINREFY,XGCSWGS84,YGCSWGS84
118601,118602,8,3,11,0,2016,9,17,3,3,6,4,0,0,0,1,1,0,0,0,4.10685E+20,5.31651E+21,7.80277E+15,4.79956E+16
118602,118603,8,3,36,69,2016,9,7,2,3,5,3,0,0,0,0,0,0,0,1,4.0788E+20,5.26916E+21,7.77522E+15,4.75693E+16
118603,118604,8,1,19,76,2016,9,14,2,3,8,7,0,0,0,0,0,1,0,0,5.42582E+20,5.4063E+21,9.57995E+15,4.88082E+16
118604,118605,8,4,16,36,2016,9,12,5,3,6,4,0,0,0,1,1,0,0,0,4.95293E+20,5.36955E+21,8.93631E+15,4.84791E+16
118605,118606,8,3,37,96,2016,9,19,3,3,4,2,1,0,1,1,0,0,0,0,4.19295E+20,5.2672E+21,7.92732E+15,4.75532E+16
118606,118607,8,2,15,7,2016,9,8,3,3,5,3,0,0,1,1,0,0,0,0,4.79174E+20,5.43185E+21,8.71504E+15,4.90391E+16
118607,118608,8,3,35,75,2016,9,16,2,3,5,3,0,0,0,1,0,1,0,0,4.87512E+20,5.28972E+21,8.83336E+15,4.77607E+16
118608,118609,8,4,16,41,2016,9,7,4,2,6,4,0,0,1,0,1,0,0,0,5.04148E+20,5.37285E+21,9.05616E+15,4.85087E+16
118609,118610,8,2,35,85,2016,9,15,6,3,5,3,0,1,0,1,0,0,1,0,4.79702E+20,5.39506E+21,8.7241E+15,4.87082E+16
118610,118611,8,1,36,65,2016,9,16,2,3,0,4,0,0,0,0,1,1,0,0,5.61912E+20,5.40457E+21,9.84294E+15,4.87911E+16
118611,118612,8,4,37,100,2016,9,18,1,3,5,3,0,1,1,1,0,0,0,0,5.37194E+20,5.31837E+21,9.49877E+15,4.80175E+16
118612,118613,8,2,15,97,2016,9,2,1,3,8,1,2,1,0,1,0,0,0,0,4.83373E+20,5.4434E+21,8.77203E+15,4.91432E+16
118613,118614,8,2,21,0,2016,9,21,7,3,4,6,2,1,1,0,0,0,0,0,4.76824E+20,5.47222E+21,8.68055E+15,4.94023E+16
118614,118615,8,1,19,79,2016,9,4,7,3,4,1,2,0,0,1,0,0,0,0,5.24086E+20,5.40949E+21,9.32824E+15,4.88379E+16
118615,118616,8,2,22,0,2016,9,1,5,3,3,3,2,0,1,1,0,0,0,0,4.61693E+20,5.48088E+21,8.47118E+15,4.94793E+16
118616,118617,8,3,16,51,2016,9,6,4,3,5,2,2,0,0,1,0,1,0,0,3.99805E+20,5.33544E+21,7.65252E+15,4.81643E+16
118617,118618,8,1,36,19,2016,9,12,3,2,0,1,0,1,0,0,0,1,0,0,5.83395E+20,5.42366E+21,1.01393E+16,4.89602E+16
118618,118619,8,2,16,15,2016,9,15,7,3,5,3,0,0,0,1,0,0,0,0,4.49338E+20,5.40615E+21,8.31002E+15,4.88062E+16
118619,118620,8,3,16,43,2016,9,15,6,3,5,3,0,0,1,1,0,0,0,0,4.11558E+20,5.33118E+21,7.81143E+15,4.81277E+16
118620,118621,8,1,18,48,2016,9,16,2,3,3,6,0,0,1,0,0,0,0,0,5.14208E+20,5.41561E+21,9.19384E+15,4.88932E+16
118621,118622,8,4,15,61,2016,9,17,5,3,2,6,0,0,0,1,0,0,0,0,5.16009E+20,5.37286E+21,9.21675E+15,4.85086E+16
118622,118623,8,4,15,61,2016,9,21,1,2,5,3,2,0,1,1,0,0,0,0,5.1566E+20,5.37678E+21,9.21217E+15,4.85439E+16
118623,118624,8,1,11,0,2016,9,16,1,3,0,1,0,0,1,0,0,0,0,0,5.14002E+20,5.40282E+21,9.19059E+15,4.87782E+16
118624,118625,8,1,27,46,2016,9,11,5,2,9,7,0,0,0,0,0,0,0,1,5.67897E+20,5.45016E+21,9.93204E+15,4.92004E+16
118625,118626,8,4,15,19,2016,9,4,7,3,1,1,2,0,0,1,0,0,0,0,5.18414E+20,5.3704E+21,9.2492E+15,4.84865E+16
118626,118627,8,4,15,50,2016,9,13,5,3,5,3,0,0,1,0,0,0,0,0,5.20411E+20,5.37609E+21,9.27651E+15,4.85376E+16
118627,118628,8,1,16,47,2016,9,16,4,2,1,7,0,0,1,0,0,0,0,1,5.19667E+20,5.39291E+21,9.26723E+15,4.86889E+16
118628,118629,8,2,26,41,2016,9,17,6,3,5,3,0,0,1,1,0,0,0,0,4.76848E+20,5.46694E+21,8.6812E+15,4.93548E+16
118629,118630,8,3,36,50,2016,9,14,5,3,5,3,0,0,0,1,0,1,0,0,3.98474E+20,5.27373E+21,7.64915E+15,4.7609E+16
118630,118631,8,3,16,11,2016,9,19,3,2,5,2,0,0,1,1,0,0,0,0,4.16307E+20,5.3296E+21,7.87556E+15,4.81142E+16
118631,118632,8,2,12,0,2016,9,8,6,2,5,3,0,0,1,0,0,0,0,1,4.54686E+20,5.42724E+21,8.38051E+15,4.89964E+16
118632,118633,8,3,35,43,2016,9,12,5,3,5,2,0,0,0,1,0,1,0,0,5.12484E+20,5.28013E+21,9.16632E+15,4.76744E+16
118633,118634,8,3,17,152,2016,9,13,1,3,1,6,0,0,1,0,0,0,0,0,4.09639E+20,5.34984E+21,7.78167E+15,4.82953E+16
118634,118635,8,1,19,85,2016,9,6,3,3,5,3,1,1,0,1,0,0,0,0,5.29622E+20,5.41376E+21,9.40399E+15,4.88761E+16
118635,118636,8,1,25,102,2016,9,19,5,3,5,3,0,0,0,1,0,0,0,0,5.23635E+20,5.4452E+21,9.32417E+15,4.91592E+16
118636,118637,8,3,17,73,2016,9,20,7,3,6,7,2,0,0,1,1,0,0,0,4.10363E+20,5.34743E+21,7.79194E+15,4.82737E+16
118637,118638,8,4,15,60,2016,9,13,2,2,6,4,0,0,0,1,1,0,0,0,5.15047E+20,5.37876E+21,9.20394E+15,4.85618E+16
118638,118639,8,4,35,5,2016,9,6,5,3,5,3,0,0,0,1,0,1,0,0,5.26405E+20,5.28637E+21,9.35214E+15,4.77302E+16
118639,118640,8,1,11,0,2016,9,9,4,3,6,7,0,0,1,0,1,0,0,0,5.13572E+20,5.40325E+21,9.18475E+15,4.87821E+16
118640,118641,8,2,16,43,2016,9,15,6,1,6,4,0,0,0,1,1,0,0,0,4.41539E+20,5.41092E+21,8.20313E+15,4.88485E+16
118641,118642,8,2,22,0,2016,9,5,3,3,5,3,2,1,0,1,0,1,0,0,4.63405E+20,5.48556E+21,8.49437E+15,4.95216E+16
118642,118643,8,1,11,0,2016,9,14,3,3,1,7,0,0,1,1,0,0,0,0,5.12896E+20,5.4087E+21,9.17572E+15,4.88311E+16
118643,118644,8,2,15,66,2016,9,15,7,3,0,7,0,0,0,0,0,1,0,1,4.60967E+20,5.45049E+21,8.46413E+15,4.92059E+16
118644,118645,8,1,16,49,2016,9,13,3,3,4,6,0,0,1,0,0,0,0,0,5.24796E+20,5.38585E+21,9.33649E+15,4.86252E+16
118645,118646,8,4,15,61,2016,9,19,7,3,1,5,1,0,1,1,0,0,0,0,5.14135E+20,5.37052E+21,9.19129E+15,4.84876E+16
118646,118647,8,3,35,43,2016,9,7,2,3,5,7,0,0,1,1,0,0,0,0,5.11133E+20,5.28163E+21,9.14836E+15,4.76879E+16
118647,118648,8,2,16,43,2016,9,10,2,3,1,5,0,0,1,0,0,0,0,1,4.40832E+20,5.41185E+21,8.19336E+15,4.88568E+16
118648,118649,8,3,26,12,2016,9,16,5,3,6,7,0,0,0,1,1,0,0,0,4.62893E+20,5.3121E+21,8.50293E+15,4.79611E+16
118649,118650,8,2,26,96,2016,9,12,1,3,0,7,0,0,1,0,0,0,0,0,4.74683E+20,5.48902E+21,8.64998E+15,4.95533E+16
118650,118651,8,3,36,91,2016,9,13,3,3,6,4,0,0,0,0,1,0,0,1,3.9593E+20,5.27196E+21,7.61572E+15,4.75927E+16
118651,118652,8,1,16,77,2016,9,7,6,3,0,7,0,0,1,0,0,0,0,0,5.15724E+20,5.39107E+21,9.21358E+15,4.86725E+16
118652,118653,8,2,15,9,2016,9,10,3,3,4,6,0,1,1,0,0,0,0,1,4.70762E+20,5.44125E+21,8.59927E+15,4.91234E+16
118653,118654,8,2,11,0,2016,9,18,7,3,5,3,0,0,1,1,0,0,0,0,4.42632E+20,5.40279E+21,8.21917E+15,4.87755E+16
118654,118655,8,1,26,69,2016,9,14,4,3,3,6,0,0,0,0,0,1,0,1,5.37264E+20,5.44745E+21,9.5113E+15,4.91787E+16
118655,118656,8,3,17,40,2016,9,14,7,2,5,3,0,0,1,1,0,0,0,0,4.32708E+20,5.34738E+21,8.09305E+15,4.82761E+16
118656,118657,8,2,12,0,2016,9,7,2,3,5,3,0,0,1,1,0,0,0,0,4.52906E+20,5.4291E+21,8.35597E+15,4.9013E+16
118657,118658,8,3,35,43,2016,9,11,6,3,0,6,0,0,0,1,0,1,0,0,5.13022E+20,5.279E+21,9.17345E+15,4.76642E+16
118658,118659,8,1,36,88,2016,9,16,2,2,0,1,0,0,1,0,0,0,0,0,5.79057E+20,5.40933E+21,1.00773E+16,4.88319E+16
118659,118660,8,2,37,28,2016,9,15,5,1,8,1,0,0,1,0,0,0,0,0,4.55473E+20,5.36859E+21,8.39761E+15,4.84688E+16
118660,118661,8,1,11,0,2016,9,0,2,3,0,1,2,0,0,0,0,1,0,0,5.06845E+20,5.3984E+21,9.0931E+15,4.87386E+16
118661,118662,8,1,15,13,2016,9,15,1,3,1,5,0,0,1,1,0,0,0,0,4.95231E+20,5.38938E+21,8.93524E+15,4.86575E+16
118662,118663,8,3,15,15,2016,9,10,7,2,0,7,0,0,0,1,1,0,0,0,3.94813E+20,5.32028E+21,7.58915E+15,4.80271E+16
118663,118664,8,3,36,50,2016,9,14,2,3,6,7,0,0,0,1,1,0,0,0,3.99252E+20,5.27435E+21,7.65935E+15,4.76147E+16
118664,118665,8,2,11,0,2016,9,21,2,2,8,7,2,0,0,1,0,0,0,0,4.43545E+20,5.40212E+21,8.23169E+15,4.87695E+16
118665,118666,8,3,17,96,2016,9,7,5,2,1,5,0,0,1,1,0,0,0,0,4.2262E+20,5.36863E+21,7.9532E+15,4.8466E+16
118666,118667,8,1,16,77,2016,9,6,2,3,5,3,2,1,1,1,0,0,0,0,5.14349E+20,5.3894E+21,9.19485E+15,4.86575E+16
118667,118668,8,1,18,48,2016,9,2,1,2,8,7,2,0,0,1,1,0,0,0,5.15965E+20,5.4159E+21,9.21782E+15,4.88958E+16
118668,118669,8,4,36,9,2016,9,16,5,3,5,3,0,0,0,1,0,0,0,0,5.54836E+20,5.30601E+21,9.73377E+15,4.79051E+16
118669,118670,8,1,36,42,2016,9,19,7,3,8,1,0,0,1,0,0,0,0,0,5.50873E+20,5.40534E+21,9.69275E+15,4.87989E+16
118670,118671,8,3,15,74,2016,9,16,6,2,6,7,0,0,0,1,1,0,0,0,3.96906E+20,5.29487E+21,7.62329E+15,4.7799E+16
118671,118672,8,1,15,45,2016,9,16,2,2,6,4,0,0,0,1,1,0,0,0,4.99858E+20,5.39489E+21,8.99807E+15,4.87071E+16
118672,118673,8,3,17,96,2016,9,8,5,2,5,3,0,0,1,1,0,0,0,0,4.20775E+20,5.36842E+21,7.92828E+15,4.84639E+16
118673,118674,8,3,35,43,2016,9,14,1,3,1,5,0,0,1,1,0,0,0,0,5.11474E+20,5.28102E+21,9.15287E+15,4.76824E+16
118674,118675,8,4,36,81,2016,9,13,7,3,1,2,0,0,1,1,0,0,0,0,5.62707E+20,5.28156E+21,9.83555E+15,4.76844E+16
118675,118676,8,1,26,11,2016,9,17,3,3,5,3,0,0,0,1,0,1,0,0,5.29498E+20,5.4475E+21,9.40475E+15,4.91796E+16
118676,118677,8,1,25,81,2016,9,13,5,3,6,4,0,0,0,1,1,0,0,0,4.9817E+20,5.43453E+21,8.97495E+15,4.90637E+16
118677,118678,8,4,15,50,2016,9,10,7,3,8,1,0,0,1,0,0,0,0,0,5.20458E+20,5.37728E+21,9.2772E+15,4.85483E+16
118678,118679,8,1,25,38,2016,9,16,5,3,5,3,0,0,0,1,0,1,0,0,5.00226E+20,5.43524E+21,9.00309E+15,4.907E+16
118679,118680,8,4,15,62,2016,9,16,7,3,9,7,0,0,1,0,0,0,0,0,5.19619E+20,5.37912E+21,9.26592E+15,4.85649E+16
118680,118681,8,1,15,45,2016,9,12,4,2,6,7,0,0,0,0,1,0,0,1,4.98999E+20,5.39677E+21,8.98638E+15,4.87239E+16
118681,118682,8,2,31,0,2016,9,12,6,3,4,2,0,0,0,1,0,0,0,0,4.81697E+20,5.4174E+21,8.75022E+15,4.89093E+16
118682,118683,8,3,15,6,2016,9,17,5,3,5,2,0,0,0,1,0,0,1,0,4.03504E+20,5.30855E+21,7.70832E+15,4.7923E+16
118683,118684,8,3,16,39,2016,9,13,3,3,5,3,0,0,1,1,0,0,0,0,4.17731E+20,5.32742E+21,7.8951E+15,4.80948E+16
118684,118685,8,3,11,0,2016,9,15,1,3,2,6,0,0,1,1,0,0,0,0,4.1627E+20,5.31562E+21,7.87779E+15,4.79884E+16
118685,118686,8,1,18,48,2016,9,15,3,3,2,6,0,0,0,1,0,0,0,0,5.13835E+20,5.41526E+21,9.18873E+15,4.88901E+16
118686,118687,8,1,19,90,2016,9,6,5,3,0,7,2,0,1,0,0,0,0,1,5.30961E+20,5.40678E+21,9.42172E+15,4.88132E+16
118687,118688,8,4,15,61,2016,9,17,7,3,7,1,0,0,1,0,0,0,0,0,5.13705E+20,5.37131E+21,9.18551E+15,4.84948E+16
118688,118689,8,3,11,0,2016,9,18,7,2,0,1,0,0,1,0,0,0,0,0,4.14573E+20,5.31821E+21,7.85453E+15,4.80115E+16
118689,118690,8,3,36,107,2016,9,16,2,3,2,6,0,0,0,1,0,1,0,0,4.09845E+20,5.28651E+21,7.79776E+15,4.77257E+16
118690,118691,8,3,16,43,2016,9,17,5,2,5,3,0,0,1,1,0,0,0,0,4.11673E+20,5.33206E+21,7.81279E+15,4.81357E+16
118691,118692,8,4,26,21,2016,9,21,3,3,6,6,2,0,1,0,1,0,0,0,5.58565E+20,5.32739E+21,9.78658E+15,4.80971E+16
118692,118693,8,3,11,0,2016,9,17,5,3,5,3,0,0,1,0,0,0,0,0,4.13366E+20,5.31666E+21,7.83867E+15,4.79973E+16
118693,118694,8,1,15,29,2016,9,7,4,3,2,6,0,0,0,1,0,0,0,0,4.97258E+20,5.39882E+21,8.9627E+15,4.87424E+16
118694,118695,8,2,16,43,2016,9,13,6,3,8,6,0,0,1,0,0,0,0,1,4.41513E+20,5.4121E+21,8.20261E+15,4.88591E+16
118695,118696,8,3,36,91,2016,9,13,5,3,1,5,0,0,1,1,0,0,0,0,3.95884E+20,5.2721E+21,7.61508E+15,4.75939E+16
118696,118697,8,2,12,0,2016,9,17,3,3,6,4,0,0,0,1,1,0,0,0,4.56577E+20,5.42877E+21,8.4062E+15,4.90103E+16
118697,118698,8,1,15,45,2016,9,17,3,3,2,6,0,0,0,1,0,0,0,0,5.0062E+20,5.39363E+21,9.00842E+15,4.86957E+16
118698,118699,8,1,36,66,2016,9,18,7,3,4,6,0,0,1,1,0,0,0,0,5.55364E+20,5.4136E+21,9.75502E+15,4.88729E+16
118699,118700,8,3,17,65,2016,9,21,2,2,1,6,2,0,0,1,0,1,0,0,4.12997E+20,5.35613E+21,7.82565E+15,4.83524E+16
118700,118701,8,2,15,17,2016,9,7,2,3,3,6,0,0,1,0,0,0,0,0,4.55984E+20,5.42131E+21,8.3989E+15,4.89431E+16
118701,118702,8,3,11,0,2016,9,18,5,3,0,1,0,0,1,0,0,0,0,0,4.14016E+20,5.31814E+21,7.84708E+15,4.80107E+16
118702,118703,8,2,22,0,2016,9,20,1,3,9,1,2,0,0,1,0,0,0,0,4.61955E+20,5.4778E+21,8.47509E+15,4.94517E+16
118703,118704,8,4,35,16,2016,9,6,3,2,0,7,1,1,1,0,0,0,0,0,5.34592E+20,5.27805E+21,9.46066E+15,4.76549E+16
118704,118705,8,1,15,45,2016,9,13,6,3,2,6,0,0,0,1,0,0,0,0,4.99494E+20,5.39485E+21,8.99312E+15,4.87067E+16
118705,118706,8,1,36,65,2016,9,8,3,3,5,3,0,0,1,0,0,0,0,0,5.57327E+20,5.40477E+21,9.78055E+15,4.87933E+16
118706,118707,8,1,28,7,2016,9,13,6,3,5,2,0,0,1,1,0,0,0,0,5.55743E+20,5.4823E+21,9.7697E+15,4.94908E+16
118707,118708,8,2,16,43,2016,9,14,3,3,5,3,0,0,1,1,0,0,0,0,4.42931E+20,5.41302E+21,8.22181E+15,4.88675E+16
118708,118709,8,3,35,75,2016,9,5,2,3,1,4,2,0,1,1,1,0,0,0,4.87537E+20,5.2906E+21,8.83367E+15,4.77686E+16
118709,118710,8,1,36,88,2016,9,8,7,3,5,3,0,0,1,1,0,0,0,0,5.79857E+20,5.41067E+21,1.00884E+16,4.88439E+16
118710,118711,8,1,35,16,2016,9,15,4,3,5,3,0,0,0,1,0,1,0,0,5.91443E+20,5.38656E+21,1.02409E+16,4.86254E+16
118711,118712,8,3,11,0,2016,9,14,7,2,0,1,0,0,1,0,0,0,0,0,4.1327E+20,5.31528E+21,7.83766E+15,4.7985E+16
118712,118713,8,3,11,0,2016,9,14,2,3,0,3,0,0,1,1,0,0,0,0,4.13004E+20,5.31511E+21,7.83413E+15,4.79834E+16
118713,118714,8,2,11,0,2016,9,21,2,2,1,5,2,0,0,1,0,0,0,0,4.4439E+20,5.40055E+21,8.2434E+15,4.87555E+16
118714,118715,8,2,12,0,2016,9,16,5,3,5,3,0,0,1,1,0,0,0,0,4.54344E+20,5.42976E+21,8.37555E+15,4.90191E+16
118715,118716,8,1,15,28,2016,9,18,2,3,2,6,0,0,0,1,0,0,0,0,5.01264E+20,5.404E+21,9.01721E+15,4.8789E+16
118716,118717,8,1,25,6,2016,9,14,1,3,4,2,0,0,1,1,0,0,0,0,5.07059E+20,5.45389E+21,9.09698E+15,4.92377E+16
118717,118718,8,1,19,79,2016,9,21,5,3,9,1,2,0,0,0,0,1,0,0,5.23955E+20,5.40939E+21,9.32645E+15,4.8837E+16
118718,118719,8,4,26,21,2016,9,14,5,3,3,6,0,0,1,0,0,0,0,1,5.59571E+20,5.32609E+21,9.79991E+15,4.80853E+16
118719,118720,8,3,37,126,2016,9,17,7,2,0,1,0,0,1,0,0,0,0,0,4.45041E+20,5.27566E+21,8.26843E+15,4.7632E+16
118720,118721,8,1,26,72,2016,9,11,7,3,6,7,0,0,0,1,1,0,0,0,5.43374E+20,5.46742E+21,9.5973E+15,4.9358E+16
118721,118722,8,3,11,0,2016,9,7,6,2,5,3,0,0,1,1,0,0,0,0,4.10213E+20,5.31707E+21,7.79632E+15,4.80006E+16
118722,118723,8,1,25,17,2016,9,14,7,3,5,3,0,0,0,1,0,0,0,0,5.02489E+20,5.43221E+21,9.03406E+15,4.90428E+16
118723,118724,8,1,25,65,2016,9,10,4,3,5,3,0,0,0,1,0,1,0,0,5.16919E+20,5.44856E+21,9.23219E+15,4.91896E+16
118724,118725,8,2,12,0,2016,9,0,7,3,3,2,2,0,1,1,0,0,0,0,4.56904E+20,5.4273E+21,8.41082E+15,4.89971E+16
118725,118726,8,2,35,84,2016,9,19,2,3,0,7,0,0,1,0,0,0,0,1,4.78455E+20,5.39403E+21,8.70719E+15,4.86989E+16
118726,118727,8,3,17,40,2016,9,10,6,3,0,7,0,0,1,0,0,0,0,0,4.3203E+20,5.34712E+21,8.08396E+15,4.82737E+16
118727,118728,8,1,21,0,2016,9,16,2,2,6,4,0,0,0,1,1,0,0,0,5.15998E+20,5.44369E+21,9.21937E+15,4.91458E+16
118728,118729,8,2,15,9,2016,9,19,5,3,5,3,1,0,0,1,0,0,1,0,4.70697E+20,5.44217E+21,8.59831E+15,4.91317E+16
118729,118730,8,4,15,59,2016,9,13,1,2,4,6,0,0,0,1,0,0,0,0,5.20945E+20,5.36738E+21,9.2833E+15,4.84592E+16
118730,118731,8,1,11,0,2016,9,17,1,3,2,6,0,0,0,1,0,0,0,0,5.07725E+20,5.39854E+21,9.10507E+15,4.87398E+16
118731,118732,8,1,19,20,2016,9,13,5,3,5,3,0,0,1,1,0,0,0,0,5.20147E+20,5.40732E+21,9.27445E+15,4.88185E+16
118732,118733,8,3,36,91,2016,9,16,7,3,4,6,0,0,0,1,0,0,0,0,3.94541E+20,5.27259E+21,7.5971E+15,4.75981E+16
118733,118734,8,1,16,50,2016,9,11,4,3,0,5,0,0,1,0,0,0,0,0,5.2707E+20,5.38875E+21,9.36754E+15,4.86513E+16
118734,118735,8,2,22,0,2016,9,19,6,3,6,4,0,0,1,0,1,0,0,0,4.62411E+20,5.48051E+21,8.48112E+15,4.94761E+16
118735,118736,8,2,37,4,2016,9,12,5,3,3,2,0,0,1,1,0,0,0,0,4.5397E+20,5.37255E+21,8.37684E+15,4.85044E+16
118736,118737,8,3,11,0,2016,9,7,3,3,3,6,0,1,0,1,0,0,0,0,4.14873E+20,5.32072E+21,7.85805E+15,4.80341E+16
118737,118738,8,4,25,71,2016,9,17,3,3,3,6,0,0,0,1,0,1,0,0,5.55035E+20,5.37202E+21,9.745E+15,4.84989E+16
118738,118739,8,2,35,46,2016,9,15,5,2,6,4,0,0,0,1,1,0,0,0,4.80916E+20,5.37751E+21,8.7414E+15,4.85504E+16
118739,118740,8,3,17,145,2016,9,14,1,3,6,4,0,0,0,1,1,0,0,0,4.42354E+20,5.3498E+21,8.22271E+15,4.82987E+16
118740,118741,8,1,21,0,2016,9,15,3,3,5,2,0,0,1,1,0,0,0,0,5.15775E+20,5.44596E+21,9.2164E+15,4.91663E+16
118741,118742,8,1,18,48,2016,9,18,5,2,5,3,0,0,0,1,0,1,0,0,5.14298E+20,5.41534E+21,9.19505E+15,4.88909E+16
118742,118743,8,2,35,57,2016,9,17,5,3,0,7,0,0,0,1,0,1,0,1,4.90925E+20,5.39692E+21,8.87661E+15,4.87252E+16
118743,118744,8,1,11,0,2016,9,18,4,3,5,3,0,0,0,1,0,0,0,1,5.125E+20,5.40812E+21,9.1703E+15,4.8826E+16
118744,118745,8,2,12,0,2016,9,12,6,3,4,2,0,0,1,0,0,0,0,1,4.53581E+20,5.42925E+21,8.36518E+15,4.90144E+16
118745,118746,8,2,26,85,2016,9,15,3,3,3,2,0,0,0,1,0,1,0,0,4.91314E+20,5.45555E+21,8.88064E+15,4.92527E+16
118746,118747,8,1,11,0,2016,9,7,3,3,6,2,1,1,0,1,1,0,0,0,5.11388E+20,5.40393E+21,9.15504E+15,4.87883E+16
118747,118748,8,1,21,0,2016,9,22,7,3,5,3,2,0,0,1,0,0,0,0,5.14423E+20,5.44371E+21,9.19777E+15,4.91461E+16
118748,118749,8,2,31,0,2016,9,20,7,3,5,3,2,0,0,1,0,1,0,0,4.75786E+20,5.41501E+21,8.66969E+15,4.88876E+16
118749,118750,8,3,15,50,2016,9,15,2,3,1,5,0,0,0,1,0,1,0,0,3.99959E+20,5.30293E+21,7.66218E+15,4.78719E+16
118750,118751,8,2,12,0,2016,9,18,2,3,0,7,1,0,1,0,0,0,0,0,4.55116E+20,5.42955E+21,8.38613E+15,4.90172E+16
118751,118752,8,3,35,75,2016,9,7,2,3,5,2,0,0,1,1,0,0,0,0,4.88849E+20,5.28788E+21,8.85125E+15,4.77442E+16
118752,118753,8,2,22,0,2016,9,7,2,3,0,6,0,0,1,0,0,0,0,1,4.61766E+20,5.48165E+21,8.47211E+15,4.94863E+16
118753,118754,8,2,36,71,2016,9,11,5,3,8,1,0,0,0,0,0,1,0,0,4.68143E+20,5.42023E+21,8.56502E+15,4.89342E+16
118754,118755,8,2,26,82,2016,9,12,1,3,1,5,0,0,1,1,0,0,0,0,4.74777E+20,5.48031E+21,8.65183E+15,4.94749E+16
118755,118756,8,4,15,14,2016,9,10,3,3,6,7,0,0,1,0,1,0,0,0,5.25556E+20,5.37506E+21,9.34614E+15,4.85281E+16
118756,118757,8,1,16,33,2016,9,17,6,3,5,2,0,0,0,1,0,0,0,0,5.33756E+20,5.38753E+21,9.45822E+15,4.86399E+16
118757,118758,8,2,15,99,2016,9,18,3,3,6,4,0,0,0,1,1,0,0,0,4.63403E+20,5.44669E+21,8.49791E+15,4.91719E+16
118758,118759,8,4,21,0,2016,9,11,2,3,5,3,0,0,1,1,0,0,0,0,5.7164E+20,5.35971E+21,9.96764E+15,4.83865E+16
118759,118760,8,1,19,91,2016,9,15,7,2,5,3,0,0,1,0,0,0,0,1,5.28921E+20,5.40374E+21,9.39373E+15,4.87859E+16
118760,118761,8,1,27,76,2016,9,7,4,3,5,3,1,0,0,1,0,1,0,0,5.53172E+20,5.43883E+21,9.72842E+15,4.91E+16
118761,118762,8,2,22,0,2016,9,16,7,3,1,5,0,0,0,1,0,0,0,0,4.60096E+20,5.48864E+21,8.44834E+15,4.95491E+16
118762,118763,8,2,12,0,2016,9,11,2,3,3,6,0,0,1,1,0,0,0,0,4.55103E+20,5.43036E+21,8.38587E+15,4.90245E+16
118763,118764,8,3,36,50,2016,9,21,6,3,5,3,2,0,0,1,0,1,0,0,3.9892E+20,5.27307E+21,7.65523E+15,4.76032E+16
118764,118765,8,1,36,88,2016,9,10,2,3,0,7,0,0,0,0,0,1,0,0,5.7942E+20,5.41029E+21,1.00824E+16,4.88405E+16
118765,118766,8,2,26,37,2016,9,7,5,3,5,2,1,0,1,1,0,0,0,0,4.66337E+20,5.46892E+21,8.5363E+15,4.9372E+16
118766,118767,8,1,11,0,2016,9,18,2,3,0,7,0,0,1,0,0,0,0,0,5.0651E+20,5.39741E+21,9.08852E+15,4.87297E+16
118767,118768,8,1,16,19,2016,9,13,1,3,3,1,0,0,1,0,0,0,0,0,5.25782E+20,5.39632E+21,9.35052E+15,4.87194E+16
118768,118769,8,1,17,42,2016,9,17,5,3,5,3,0,0,1,1,0,0,0,0,5.53591E+20,5.3928E+21,9.72813E+15,4.8686E+16
118769,118770,8,2,25,1,2016,9,6,5,2,9,1,1,0,0,1,0,0,0,0,5.27525E+20,5.47215E+21,9.37938E+15,4.94014E+16
118770,118771,8,1,16,77,2016,9,8,2,3,5,3,0,1,1,1,0,0,0,0,5.16492E+20,5.38942E+21,9.22395E+15,4.86576E+16
118771,118772,8,2,12,0,2016,9,12,1,2,5,3,0,0,1,1,0,0,0,0,4.56497E+20,5.4249E+21,8.40553E+15,4.89755E+16
118772,118773,8,1,15,24,2016,9,17,6,3,0,1,0,0,0,0,0,1,0,0,5.01059E+20,5.38673E+21,9.01437E+15,4.86337E+16
118773,118774,8,1,15,28,2016,9,19,7,3,8,7,1,0,1,0,0,0,0,0,5.03017E+20,5.40155E+21,9.04105E+15,4.87669E+16
118774,118775,8,3,16,2,2016,9,16,6,3,5,3,0,0,1,1,0,0,0,0,4.07069E+20,5.33036E+21,7.75129E+15,4.81197E+16
118775,118776,8,1,18,46,2016,9,17,2,3,5,3,0,0,0,1,0,0,1,0,5.12693E+20,5.41259E+21,9.17308E+15,4.88661E+16
118776,118777,8,2,25,58,2016,9,14,5,3,6,4,0,0,0,1,1,0,0,0,5.1132E+20,5.46645E+21,9.15587E+15,4.93507E+16
118777,118778,8,4,15,78,2016,9,15,1,3,5,3,0,0,0,1,0,1,0,0,5.28676E+20,5.37148E+21,9.38816E+15,4.84958E+16
118778,118779,8,4,36,82,2016,9,17,7,3,0,7,0,0,1,0,0,0,0,0,5.48217E+20,5.29596E+21,9.64408E+15,4.78152E+16