FID,OBJECTID,ULAND,UREGBEZ,UKREIS,UGEMEINDE,UJAHR,UMONAT,USTUNDE,UWOCHENTAG,UKATEGORIE,UART,UTYP1,ULICHTVERH,IstStrasse,IstRad,IstPKW,IstFuss,IstKrad,IstGkfz,IstSonstig,LINREFX,LINREFY,XGCSWGS84,YGCSWGS84
118956,118957,8,2,21,0,2016,10,18,7,3,0,7,0,1,1,0,0,0,0,0,4.77169E+20,5.47481E+21,8.68517E+15,4.94256E+16
118957,118958,8,4,21,0,2016,9,13,6,3,6,2,0,0,0,1,1,0,0,0,5.73562E+20,5.36139E+21,9.99389E+15,4.84014E+16
118958,118959,8,1,11,0,2016,9,14,5,3,2,6,0,0,0,1,0,1,0,0,5.10043E+20,5.40235E+21,9.1367E+15,4.87741E+16
118959,118960,8,1,26,66,2016,10,13,2,3,5,2,0,0,0,1,0,0,0,0,5.37942E+20,5.44988E+21,9.52084E+15,4.92005E+16
118960,118961,8,2,12,0,2016,10,11,1,3,5,3,0,0,1,0,0,0,0,0,4.56977E+20,5.42847E+21,8.4117E+15,4.90077E+16
118961,118962,8,2,12,0,2016,9,16,5,3,0,7,0,0,1,0,0,0,0,0,4.5797E+20,5.42843E+21,8.42528E+15,4.90074E+16
118962,118963,8,3,11,0,2016,10,11,7,3,5,3,0,0,0,1,0,1,0,0,4.11587E+20,5.32155E+21,7.81381E+15,4.80411E+16
118963,118964,8,2,12,0,2016,9,18,5,3,0,7,0,0,1,0,0,0,0,0,4.60326E+20,5.42953E+21,8.45739E+15,4.90174E+16
118964,118965,8,4,15,50,2016,10,15,7,3,0,1,0,0,1,0,0,0,0,0,5.20476E+20,5.37555E+21,9.27736E+15,4.85328E+16
118965,118966,8,3,17,40,2016,9,16,5,2,5,2,0,0,1,0,0,1,0,0,4.32931E+20,5.34776E+21,8.096E+15,4.82795E+16
118966,118967,8,1,25,58,2016,10,7,3,3,6,4,0,0,0,1,1,0,0,0,5.08E+20,5.44397E+21,9.10971E+15,4.91485E+16
118967,118968,8,4,21,0,2016,9,13,5,3,6,2,0,0,0,1,1,0,0,0,5.72163E+20,5.36017E+21,9.97478E+15,4.83905E+16
118968,118969,8,2,12,0,2016,10,14,7,3,1,7,0,1,0,1,0,0,0,0,4.55823E+20,5.42899E+21,8.39587E+15,4.90122E+16
118969,118970,8,3,36,50,2016,9,16,6,3,1,6,0,0,0,1,0,1,0,0,3.99221E+20,5.27398E+21,7.65902E+15,4.76113E+16
118970,118971,8,4,35,29,2016,9,17,4,3,5,3,0,0,1,1,0,0,0,0,5.44578E+20,5.27081E+21,9.59291E+15,4.75892E+16
118971,118972,8,1,16,77,2016,10,16,2,3,2,6,0,0,0,1,0,0,0,0,5.16991E+20,5.39071E+21,9.23077E+15,4.86692E+16
118972,118973,8,2,22,0,2016,9,11,6,2,0,7,0,0,1,0,0,0,0,0,4.64506E+20,5.48642E+21,8.50951E+15,4.95293E+16
118973,118974,8,2,26,68,2016,9,12,4,3,5,3,0,0,1,1,0,0,0,0,4.68233E+20,5.46095E+21,8.56305E+15,4.93005E+16
118974,118975,8,2,12,0,2016,9,17,5,3,4,2,0,0,1,1,0,0,0,0,4.59928E+20,5.42714E+21,8.45219E+15,4.89959E+16
118975,118976,8,1,18,48,2016,10,7,3,2,2,6,0,1,0,1,0,0,0,0,5.1381E+20,5.41524E+21,9.1884E+15,4.88899E+16
118976,118977,8,1,19,67,2016,9,12,6,3,6,1,0,0,1,0,1,0,0,0,5.38595E+20,5.40618E+21,9.52564E+15,4.88074E+16
118977,118978,8,3,17,57,2016,9,13,5,2,3,5,0,0,0,1,0,1,0,0,4.11769E+20,5.38145E+21,7.80373E+15,4.85799E+16
118978,118979,8,2,12,0,2016,9,18,5,3,0,6,1,0,1,0,0,0,0,1,4.62215E+20,5.42391E+21,8.48374E+15,4.89669E+16
118979,118980,8,3,11,0,2016,9,8,5,3,4,6,0,0,1,1,0,1,0,0,4.1381E+20,5.31819E+21,7.84432E+15,4.80112E+16
118980,118981,8,1,19,79,2016,10,17,3,3,0,5,0,0,1,1,0,0,0,0,5.22305E+20,5.40822E+21,9.30389E+15,4.88265E+16
118981,118982,8,4,25,139,2016,9,14,5,3,5,3,0,0,0,1,0,0,0,0,5.49294E+20,5.36658E+21,9.66664E+15,4.84504E+16
118982,118983,8,1,15,45,2016,10,15,7,3,5,3,0,1,0,1,0,1,0,0,4.97671E+20,5.39703E+21,8.96833E+15,4.87263E+16
118983,118984,8,2,11,0,2016,9,15,5,3,0,3,0,0,0,1,0,0,0,1,4.447E+20,5.40024E+21,8.24766E+15,4.87527E+16
118984,118985,8,3,16,11,2016,9,14,6,3,0,7,0,0,1,1,0,0,0,0,4.14942E+20,5.32986E+21,7.85716E+15,4.81163E+16
118985,118986,8,4,35,16,2016,9,12,4,3,6,4,0,0,1,0,1,0,0,0,5.35136E+20,5.27766E+21,9.46788E+15,4.76514E+16
118986,118987,8,2,15,66,2016,9,14,6,3,6,3,0,0,0,1,1,0,0,0,4.60632E+20,5.45347E+21,8.45923E+15,4.92328E+16
118987,118988,8,2,25,74,2016,9,12,4,3,8,1,0,1,1,0,0,0,0,0,5.0366E+20,5.46793E+21,9.05041E+15,4.93641E+16
118988,118989,8,1,11,0,2016,10,15,3,3,1,5,0,0,0,1,0,0,0,0,5.12884E+20,5.40162E+21,9.17533E+15,4.87675E+16
118989,118990,8,1,18,48,2016,9,21,6,3,0,7,2,0,0,1,1,0,0,0,5.13825E+20,5.41545E+21,9.1886E+15,4.88918E+16
118990,118991,8,3,36,36,2016,10,15,1,3,4,6,0,0,0,1,0,0,0,0,4.12643E+20,5.2819E+21,7.836E+15,4.76846E+16
118991,118992,8,1,35,19,2016,9,17,5,3,5,3,0,0,0,1,0,0,0,0,5.84134E+20,5.39213E+21,1.01429E+16,4.86766E+16
118992,118993,8,4,26,70,2016,9,14,4,3,2,6,0,0,0,1,0,0,0,0,5.6514E+20,5.34082E+21,9.87693E+15,4.82173E+16
118993,118994,8,1,16,78,2016,10,18,1,3,5,3,0,0,1,1,0,0,0,0,5.12783E+20,5.39312E+21,9.1737E+15,4.8691E+16
118994,118995,8,4,26,21,2016,9,16,4,3,5,3,0,0,1,1,0,0,0,0,5.59364E+20,5.32676E+21,9.79722E+15,4.80913E+16
118995,118996,8,1,35,25,2016,9,18,6,3,0,3,0,0,0,1,0,1,0,0,5.83506E+20,5.39823E+21,1.01356E+16,4.87315E+16
118996,118997,8,2,25,10,2016,9,2,4,3,8,1,2,0,1,0,0,0,0,0,5.06237E+20,5.4686E+21,9.08591E+15,4.93701E+16
118997,118998,8,4,35,16,2016,10,11,2,3,5,3,0,0,0,1,0,1,0,0,5.37599E+20,5.27803E+21,9.5007E+15,4.76546E+16
118998,118999,8,4,25,141,2016,9,16,4,3,6,4,0,0,1,0,1,0,0,0,5.66363E+20,5.36373E+21,9.89701E+15,4.84232E+16
118999,119000,8,3,17,1,2016,10,3,2,2,8,1,2,0,1,0,0,0,0,0,4.30738E+20,5.38649E+21,8.06003E+15,4.86277E+16
119000,119001,8,3,17,96,2016,10,19,1,2,8,7,1,0,0,1,0,0,0,0,4.21522E+20,5.36957E+21,7.93817E+15,4.84744E+16
119001,119002,8,1,35,26,2016,9,11,5,3,5,3,0,0,0,1,0,0,0,0,5.91736E+20,5.39472E+21,1.02467E+16,4.86988E+16
119002,119003,8,4,21,0,2016,10,20,7,2,0,4,2,0,0,0,1,0,0,1,5.73148E+20,5.36092E+21,9.98821E+15,4.83972E+16
119003,119004,8,3,11,0,2016,9,17,5,3,0,1,0,0,1,0,0,0,0,0,4.14094E+20,5.31805E+21,7.84814E+15,4.80099E+16
119004,119005,8,4,16,41,2016,9,18,5,3,0,7,0,0,1,1,0,0,0,0,5.04209E+20,5.37272E+21,9.05698E+15,4.85075E+16
119005,119006,8,2,21,0,2016,10,0,7,3,1,6,2,1,0,1,0,0,0,0,4.77126E+20,5.47184E+21,8.68475E+15,4.93988E+16
119006,119007,8,4,15,61,2016,9,7,6,3,2,6,0,0,0,1,0,0,0,0,5.1049E+20,5.36483E+21,9.14183E+15,4.84365E+16
119007,119008,8,3,35,43,2016,10,23,2,2,0,7,2,1,1,0,0,0,0,0,5.13147E+20,5.2783E+21,9.17509E+15,4.7658E+16
119008,119009,8,2,22,0,2016,10,7,7,3,2,6,0,1,0,1,0,0,0,1,4.63154E+20,5.48069E+21,8.49136E+15,4.94777E+16
119009,119010,8,4,37,88,2016,9,7,6,3,6,4,1,0,0,1,1,0,0,0,5.19357E+20,5.30755E+21,9.2591E+15,4.79209E+16
119010,119011,8,4,21,0,2016,9,17,4,3,3,6,0,0,1,1,0,0,0,0,5.71494E+20,5.36059E+21,9.96581E+15,4.83944E+16
119011,119012,8,2,16,17,2016,10,1,2,3,5,3,2,0,1,1,0,0,0,0,4.51197E+20,5.40178E+21,8.33585E+15,4.87671E+16
119012,119013,8,2,35,79,2016,10,15,1,3,2,6,0,0,0,1,0,0,0,0,4.6702E+20,5.40029E+21,8.55129E+15,4.87548E+16
119013,119014,8,1,28,139,2016,9,11,5,3,9,1,0,0,1,0,0,0,0,0,5.50823E+20,5.49096E+21,9.70289E+15,4.95691E+16
119014,119015,8,3,17,96,2016,10,9,7,3,6,4,0,0,1,0,1,0,0,0,4.22024E+20,5.36915E+21,7.94505E+15,4.84706E+16
119015,119016,8,3,11,0,2016,9,17,5,3,5,3,0,0,0,1,0,1,0,0,4.141E+20,5.31806E+21,7.84822E+15,4.801E+16
119016,119017,8,1,25,65,2016,10,12,3,3,5,3,0,0,0,1,0,0,0,0,5.16576E+20,5.44857E+21,9.22749E+15,4.91898E+16
119017,119018,8,4,16,41,2016,9,7,5,2,0,7,0,0,1,0,0,0,0,0,5.04341E+20,5.37371E+21,9.05879E+15,4.85165E+16
119018,119019,8,1,36,88,2016,10,10,7,2,8,1,0,0,0,1,0,0,0,0,5.77824E+20,5.41624E+21,1.00618E+16,4.88942E+16
119019,119020,8,1,27,76,2016,9,12,5,3,6,4,0,0,1,0,1,0,0,0,5.55096E+20,5.43877E+21,9.75477E+15,4.90993E+16
119020,119021,8,4,36,64,2016,9,6,6,2,0,7,2,0,1,0,0,0,0,0,5.46197E+20,5.29282E+21,9.61676E+15,4.77871E+16
119021,119022,8,4,17,79,2016,9,17,4,3,2,6,0,0,0,1,0,0,0,0,5.00078E+20,5.34418E+21,9.00105E+15,4.82508E+16
119022,119023,8,1,11,0,2016,10,11,2,3,5,2,0,0,0,1,0,1,0,0,5.1258E+20,5.40708E+21,9.17136E+15,4.88166E+16
119023,119024,8,2,21,0,2016,9,9,6,3,5,2,0,0,1,0,0,0,0,1,4.77267E+20,5.47018E+21,8.68678E+15,4.93839E+16
119024,119025,8,2,22,0,2016,9,10,4,3,1,6,0,0,1,1,0,0,0,0,4.61846E+20,5.47751E+21,8.47361E+15,4.94491E+16
119025,119026,8,4,16,25,2016,9,13,4,3,0,7,0,0,1,1,0,0,0,0,5.03666E+20,5.36069E+21,9.04953E+15,4.83993E+16
119026,119027,8,1,19,6,2016,10,9,2,3,8,1,0,0,0,0,0,1,0,0,5.38967E+20,5.42408E+21,9.53241E+15,4.89684E+16
119027,119028,8,2,26,96,2016,9,16,6,3,5,3,0,0,0,1,0,0,0,0,4.75864E+20,5.48674E+21,8.66644E+15,4.95328E+16
119028,119029,8,1,27,46,2016,9,12,5,3,2,6,0,0,0,1,0,0,0,0,5.70007E+20,5.44718E+21,9.96047E+15,4.91734E+16
119029,119030,8,2,12,0,2016,9,8,5,3,4,2,0,0,0,1,0,0,0,0,4.53354E+20,5.42615E+21,8.36243E+15,4.89865E+16
119030,119031,8,1,26,66,2016,9,17,5,3,1,6,0,0,0,1,1,0,0,0,5.36274E+20,5.44967E+21,9.49792E+15,4.91988E+16
119031,119032,8,2,26,63,2016,9,23,6,2,0,1,2,0,0,0,0,1,0,0,4.70564E+20,5.47138E+21,8.59434E+15,4.93944E+16
119032,119033,8,4,15,61,2016,9,17,4,3,0,2,0,0,1,0,0,0,1,0,5.1633E+20,5.37302E+21,9.2211E+15,4.85101E+16
119033,119034,8,2,12,0,2016,9,13,6,3,0,6,0,0,0,0,0,1,0,0,4.58973E+20,5.42728E+21,8.43911E+15,4.8997E+16
119034,119035,8,2,21,0,2016,9,20,4,3,5,5,2,0,1,1,0,0,0,0,4.74401E+20,5.47446E+21,8.64702E+15,4.94223E+16
119035,119036,8,1,11,0,2016,10,7,3,3,5,3,0,0,1,1,0,0,0,0,5.11513E+20,5.40218E+21,9.1567E+15,4.87725E+16
119036,119037,8,1,18,19,2016,9,10,6,3,0,2,0,0,1,1,0,0,0,0,5.05286E+20,5.40498E+21,9.07198E+15,4.87978E+16
119037,119038,8,4,16,11,2016,9,12,4,3,5,3,0,0,1,1,0,0,0,0,5.04382E+20,5.36831E+21,9.05928E+15,4.84679E+16
119038,119039,8,1,15,41,2016,10,16,3,3,5,3,0,0,0,1,0,0,0,0,4.94879E+20,5.40247E+21,8.93029E+15,4.87752E+16
119039,119040,8,1,17,26,2016,9,13,6,3,6,7,0,0,0,1,1,0,0,0,5.4616E+20,5.39222E+21,9.62711E+15,4.86813E+16
119040,119041,8,2,12,0,2016,9,14,5,3,4,2,0,0,1,1,0,0,0,0,4.53168E+20,5.42793E+21,8.35968E+15,4.90025E+16
119041,119042,8,4,26,21,2016,10,12,1,3,5,3,0,1,0,1,0,0,0,1,5.57804E+20,5.32771E+21,9.7764E+15,4.81E+16
119042,119043,8,1,26,66,2016,9,13,5,3,5,3,0,0,1,1,0,0,0,0,5.36124E+20,5.44877E+21,9.49579E+15,4.91907E+16
119043,119044,8,3,36,50,2016,9,13,4,3,0,1,0,0,1,0,0,0,0,0,3.99621E+20,5.27339E+21,7.66447E+15,4.76061E+16
119044,119045,8,1,19,67,2016,10,17,1,3,2,6,0,0,0,1,0,0,0,0,5.37952E+20,5.40598E+21,9.51687E+15,4.88057E+16
119045,119046,8,1,35,19,2016,9,17,6,3,5,3,0,0,1,1,0,0,0,0,5.84445E+20,5.39244E+21,1.01472E+16,4.86793E+16
119046,119047,8,2,21,0,2016,9,8,4,3,5,2,0,0,1,1,0,0,0,0,4.77687E+20,5.47289E+21,8.69242E+15,4.94083E+16
119047,119048,8,4,15,61,2016,10,15,2,3,0,1,0,0,1,0,0,0,0,0,5.1678E+20,5.37099E+21,9.22711E+15,4.84918E+16
119048,119049,8,4,15,50,2016,9,12,5,3,5,3,0,0,1,1,0,0,0,0,5.2135E+20,5.37653E+21,9.28924E+15,4.85415E+16
119049,119050,8,2,12,0,2016,10,13,7,3,5,3,0,1,0,1,0,0,0,0,4.52034E+20,5.42846E+21,8.34411E+15,4.90072E+16
119050,119051,8,3,26,74,2016,9,12,4,3,2,6,0,0,0,1,0,0,0,0,4.62703E+20,5.32405E+21,8.49934E+15,4.80687E+16
119051,119052,8,2,26,84,2016,10,20,2,3,2,6,2,1,0,1,0,0,0,0,4.68718E+20,5.46984E+21,8.56902E+15,4.93805E+16
119052,119053,8,2,12,0,2016,10,16,1,3,3,2,0,0,0,1,0,0,0,0,4.52437E+20,5.42764E+21,8.34972E+15,4.89998E+16
119053,119054,8,1,25,102,2016,9,16,5,3,6,4,0,0,0,1,1,0,0,0,5.20833E+20,5.44407E+21,9.28568E+15,4.91491E+16
119054,119055,8,4,15,78,2016,10,13,7,3,0,7,0,0,0,1,0,1,0,0,5.30117E+20,5.36764E+21,9.40738E+15,4.84612E+16
119055,119056,8,3,26,74,2016,10,16,1,3,3,3,0,0,0,1,0,0,0,0,4.62692E+20,5.32488E+21,8.49913E+15,4.80761E+16
119056,119057,8,1,25,1,2016,9,22,5,3,9,1,2,0,0,1,0,0,0,0,5.21374E+20,5.43471E+21,9.29261E+15,4.90649E+16
119057,119058,8,3,25,51,2016,9,18,4,3,0,1,0,0,1,0,0,0,0,0,4.51879E+20,5.34888E+21,8.35125E+15,4.82913E+16
119058,119059,8,4,37,104,2016,10,13,7,3,5,3,0,0,0,1,0,0,0,1,5.16591E+20,5.32457E+21,9.22274E+15,4.80741E+16
119059,119060,8,2,16,15,2016,9,16,4,3,3,5,0,0,1,1,0,0,0,0,4.49883E+20,5.40557E+21,8.31751E+15,4.88011E+16
119060,119061,8,2,22,0,2016,10,18,7,3,1,6,1,1,0,1,0,0,0,0,4.65826E+20,5.47709E+21,8.52855E+15,4.94455E+16
119061,119062,8,4,21,0,2016,9,7,6,3,0,5,0,0,1,1,0,0,0,0,5.70259E+20,5.36129E+21,9.94925E+15,4.84008E+16
119062,119063,8,3,25,49,2016,9,17,4,3,5,3,0,0,1,1,0,0,0,0,4.72251E+20,5.33415E+21,8.62685E+15,4.816E+16
119063,119064,8,1,18,47,2016,10,18,2,2,1,5,1,1,1,1,0,0,0,0,5.08218E+20,5.42768E+21,9.11237E+15,4.9002E+16
119064,119065,8,2,36,43,2016,10,16,1,2,0,1,0,0,1,0,0,0,0,0,4.69668E+20,5.41108E+21,8.58653E+15,4.88519E+16
119065,119066,8,1,25,5,2016,9,15,5,3,6,3,0,0,0,1,1,0,0,0,5.14295E+20,5.45362E+21,9.19637E+15,4.92352E+16
119066,119067,8,3,16,11,2016,10,12,7,3,5,3,0,0,1,1,0,0,0,0,4.1373E+20,5.33076E+21,7.84071E+15,4.81243E+16
119067,119068,8,2,12,0,2016,9,16,5,3,6,7,0,0,1,0,1,0,0,0,4.53944E+20,5.43194E+21,8.36984E+15,4.90386E+16
119068,119069,8,1,21,0,2016,10,20,3,3,5,3,2,0,0,1,0,0,0,0,5.16171E+20,5.44413E+21,9.22175E+15,4.91498E+16
119069,119070,8,3,37,96,2016,9,17,5,3,4,2,0,0,0,1,0,0,0,0,4.20657E+20,5.26718E+21,7.94542E+15,4.75532E+16
119070,119071,8,2,37,28,2016,9,7,5,3,5,3,1,0,0,0,0,1,0,1,4.5751E+20,5.36849E+21,8.42517E+15,4.84681E+16
119071,119072,8,1,35,19,2016,10,19,3,3,2,6,2,0,1,1,0,0,0,0,5.85949E+20,5.391E+21,1.01673E+16,4.86661E+16
119072,119073,8,3,36,50,2016,9,7,5,2,3,2,2,0,1,0,0,0,0,1,3.98962E+20,5.27391E+21,7.6556E+15,4.76107E+16
119073,119074,8,2,12,0,2016,10,17,7,2,2,6,0,1,1,0,0,0,0,0,4.54919E+20,5.42851E+21,8.38355E+15,4.90078E+16
119074,119075,8,3,36,91,2016,9,20,6,2,0,7,2,0,1,0,0,0,0,0,3.95717E+20,5.27402E+21,7.6124E+15,4.76112E+16
119075,119076,8,3,17,5,2016,9,18,4,3,5,3,0,0,0,1,0,0,0,0,4.2395E+20,5.37636E+21,7.96978E+15,4.85357E+16
119076,119077,8,1,18,48,2016,10,22,2,3,8,7,2,1,1,0,0,0,0,0,5.14696E+20,5.41442E+21,9.20046E+15,4.88826E+16
119077,119078,8,2,22,0,2016,9,9,6,3,3,2,0,0,0,0,0,1,0,1,4.65745E+20,5.47375E+21,8.52773E+15,4.94154E+16
119078,119079,8,1,21,0,2016,9,7,5,3,2,6,0,0,0,1,0,0,0,0,5.14468E+20,5.448E+21,9.19854E+15,4.91847E+16
119079,119080,8,1,18,48,2016,10,17,3,3,0,3,0,0,1,1,0,1,0,0,5.1355E+20,5.4157E+21,9.18486E+15,4.88941E+16
119080,119081,8,2,35,85,2016,9,15,5,3,0,1,0,0,0,0,0,1,0,0,4.78089E+20,5.39662E+21,8.70209E+15,4.87222E+16
119081,119082,8,1,21,0,2016,9,10,5,3,5,3,0,0,0,1,0,0,0,0,5.16247E+20,5.44159E+21,9.22269E+15,4.9127E+16
119082,119083,8,3,17,65,2016,9,20,4,3,4,2,2,0,0,1,0,1,0,0,4.13658E+20,5.35576E+21,7.83464E+15,4.83491E+16
119083,119084,8,1,35,19,2016,9,11,6,3,0,7,0,0,0,1,0,0,0,0,5.84786E+20,5.39252E+21,1.01518E+16,4.868E+16
119084,119085,8,2,16,7,2016,9,6,4,3,5,3,1,0,1,1,0,0,0,0,4.35381E+20,5.3959E+21,8.12156E+15,4.87128E+16
119085,119086,8,1,21,0,2016,10,11,7,3,0,7,0,0,0,1,0,0,0,0,5.12341E+20,5.44794E+21,9.16935E+15,4.91841E+16
119086,119087,8,1,21,0,2016,9,8,5,3,2,6,0,0,0,1,0,0,0,1,5.15691E+20,5.4455E+21,9.21523E+15,4.91621E+16
119087,119088,8,3,27,50,2016,9,12,6,3,0,5,0,0,0,1,0,0,0,0,4.85742E+20,5.31413E+21,8.80893E+15,4.79803E+16
119088,119089,8,3,16,43,2016,9,13,4,3,6,4,0,0,0,1,1,0,0,0,4.11557E+20,5.33118E+21,7.81142E+15,4.81277E+16
119089,119090,8,1,11,0,2016,10,14,2,3,0,7,0,1,0,0,0,1,0,0,5.08154E+20,5.40306E+21,9.11099E+15,4.87805E+16
119090,119091,8,2,16,43,2016,9,12,6,3,2,6,0,0,0,1,0,0,0,0,4.41219E+20,5.41247E+21,8.19856E+15,4.88624E+16
119091,119092,8,2,15,9,2016,9,17,4,3,0,3,0,0,0,1,0,1,0,0,4.70321E+20,5.44106E+21,8.59324E+15,4.91217E+16
119092,119093,8,1,15,3,2016,10,17,3,3,5,3,0,0,1,1,0,0,0,0,5.00456E+20,5.39195E+21,9.0062E+15,4.86806E+16
119093,119094,8,1,11,0,2016,9,7,6,3,5,3,0,0,0,0,0,1,0,1,5.18567E+20,5.40632E+21,9.25288E+15,4.88095E+16
119094,119095,8,4,15,14,2016,10,15,1,2,5,2,0,0,0,1,0,0,0,1,5.26104E+20,5.37429E+21,9.35352E+15,4.85211E+16
119095,119096,8,1,21,0,2016,9,14,5,3,0,7,0,0,1,1,0,0,0,0,5.16E+20,5.4428E+21,9.21936E+15,4.91378E+16
119096,119097,8,3,15,47,2016,9,9,4,3,5,2,0,0,1,1,0,0,0,0,4.15755E+20,5.32184E+21,7.86966E+15,4.80443E+16
119097,119098,8,1,17,26,2016,10,1,1,2,9,1,2,0,0,1,0,0,0,0,5.50889E+20,5.3958E+21,9.69178E+15,4.87131E+16
119098,119099,8,2,11,0,2016,9,18,4,3,0,7,0,0,1,0,0,0,0,0,4.42524E+20,5.4063E+21,8.21721E+15,4.8807E+16
119099,119100,8,3,35,75,2016,10,23,2,3,0,1,2,0,1,0,0,0,0,0,4.89158E+20,5.2881E+21,8.85537E+15,4.77462E+16
119100,119101,8,4,36,55,2016,10,13,2,3,0,7,0,0,1,0,0,0,0,0,5.76336E+20,5.29728E+21,1.00199E+16,4.78243E+16
119101,119102,8,3,11,0,2016,9,22,4,3,6,4,2,0,1,0,1,0,0,0,4.15942E+20,5.31532E+21,7.87345E+15,4.79857E+16
119102,119103,8,3,26,74,2016,10,15,1,3,3,2,0,0,1,0,0,0,0,1,4.64895E+20,5.32232E+21,8.52891E+15,4.80532E+16
119103,119104,8,1,19,90,2016,9,16,5,3,4,2,0,0,0,1,0,1,0,0,5.32433E+20,5.40611E+21,9.44171E+15,4.88072E+16
119104,119105,8,3,11,0,2016,9,17,4,2,0,2,0,0,1,1,0,0,0,0,4.14771E+20,5.31905E+21,7.85702E+15,4.80191E+16
119105,119106,8,4,36,8,2016,10,11,7,3,6,7,0,0,0,1,1,0,0,0,5.48036E+20,5.31127E+21,9.64337E+15,4.7953E+16
119106,119107,8,2,31,0,2016,9,17,5,3,1,6,0,0,0,1,0,0,0,0,4.79353E+20,5.41544E+21,8.71833E+15,4.88916E+16
119107,119108,8,2,21,0,2016,10,16,7,3,4,5,0,1,0,1,0,0,0,0,4.81757E+20,5.47455E+21,8.74845E+15,4.94234E+16
119108,119109,8,4,15,61,2016,9,7,6,3,2,7,0,0,0,1,0,1,0,0,5.1586E+20,5.37147E+21,9.21468E+15,4.84962E+16
119109,119110,8,3,11,0,2016,9,14,4,3,0,7,0,0,1,1,0,0,0,0,4.14177E+20,5.32075E+21,7.84872E+15,4.80343E+16
119110,119111,8,1,19,85,2016,10,18,2,3,2,6,1,1,0,1,0,0,0,0,5.29231E+20,5.41405E+21,9.39868E+15,4.88787E+16
119111,119112,8,2,35,80,2016,9,15,6,3,9,1,0,0,0,1,0,0,0,0,4.82528E+20,5.38424E+21,8.76296E+15,4.8611E+16
119112,119113,8,1,27,99,2016,10,21,1,3,5,3,2,0,0,1,0,1,0,0,5.62182E+20,5.44666E+21,9.85305E+15,4.91696E+16
119113,119114,8,1,19,20,2016,9,16,5,3,5,3,0,0,0,1,0,0,0,0,5.19539E+20,5.4093E+21,9.26627E+15,4.88364E+16
119114,119115,8,2,31,0,2016,10,13,7,3,1,6,0,0,0,1,0,0,0,0,4.75786E+20,5.41501E+21,8.66969E+15,4.88876E+16
119115,119116,8,4,37,104,2016,9,7,6,3,2,2,0,0,0,1,0,0,0,0,5.16423E+20,5.32651E+21,9.22055E+15,4.80916E+16
119116,119117,8,2,12,0,2016,9,18,4,3,0,4,0,0,0,0,1,0,0,1,4.55032E+20,5.4288E+21,8.38507E+15,4.90104E+16
119117,119118,8,2,22,0,2016,10,14,2,3,2,2,0,0,0,1,0,0,0,0,4.61678E+20,5.48474E+21,8.47059E+15,4.95141E+16
119118,119119,8,2,35,32,2016,10,0,1,3,1,5,2,0,0,1,0,0,0,0,4.73368E+20,5.37686E+21,8.63916E+15,4.85443E+16
119119,119120,8,1,18,50,2016,9,18,5,3,5,2,0,0,0,0,0,0,0,1,5.06936E+20,5.41688E+21,9.09465E+15,4.89049E+16
119120,119121,8,3,27,50,2016,10,14,7,3,2,6,0,0,0,1,0,0,0,0,4.86715E+20,5.31454E+21,8.82197E+15,4.79841E+16
119121,119122,8,2,31,0,2016,9,13,5,3,5,2,0,0,1,1,0,0,0,0,4.79492E+20,5.41612E+21,8.72019E+15,4.88977E+16
119122,119123,8,1,25,65,2016,10,13,3,3,0,4,0,0,0,0,1,0,0,1,5.1613E+20,5.44689E+21,9.2213E+15,4.91746E+16
119123,119124,8,3,36,50,2016,9,9,5,3,5,2,0,0,1,1,0,0,0,0,3.99529E+20,5.27288E+21,7.66338E+15,4.76015E+16
119124,119125,8,2,12,0,2016,10,10,7,2,0,5,0,1,1,1,0,0,0,0,4.60932E+20,5.42757E+21,8.46587E+15,4.89998E+16
119125,119126,8,1,18,48,2016,9,23,5,3,0,7,2,0,0,1,0,1,0,0,5.14036E+20,5.41616E+21,9.19151E+15,4.88982E+16
119126,119127,8,3,35,43,2016,9,14,6,3,2,6,0,0,0,1,0,0,0,0,5.11623E+20,5.28053E+21,9.15485E+15,4.7678E+16
119127,119128,8,1,16,19,2016,10,17,2,3,0,7,0,1,0,0,0,1,0,0,5.21479E+20,5.39748E+21,9.29208E+15,4.873E+16
119128,119129,8,2,22,0,2016,9,13,6,3,5,3,0,0,0,1,0,0,0,0,4.63073E+20,5.48078E+21,8.49024E+15,4.94785E+16
119129,119130,8,2,16,17,2016,9,13,4,2,6,2,0,0,0,1,1,0,0,0,4.51135E+20,5.40136E+21,8.33507E+15,4.87634E+16
119130,119131,8,1,18,79,2016,10,11,3,3,1,5,0,0,1,1,0,0,0,0,5.09449E+20,5.42296E+21,9.12908E+15,4.89595E+16
119131,119132,8,3,26,74,2016,10,19,2,3,5,3,2,0,1,1,0,0,0,0,4.62673E+20,5.32486E+21,8.49888E+15,4.80759E+16
119132,119133,8,4,35,16,2016,10,18,4,3,5,3,0,0,0,1,0,0,0,0,5.36892E+20,5.27807E+21,9.49129E+15,4.76549E+16
119133,119134,8,1,25,65,2016,10,0,6,3,0,7,2,0,0,0,0,0,0,1,5.16171E+20,5.44838E+21,9.22192E+15,4.9188E+16