FID,OBJECTID,ULAND,UREGBEZ,UKREIS,UGEMEINDE,UJAHR,UMONAT,USTUNDE,UWOCHENTAG,UKATEGORIE,UART,UTYP1,ULICHTVERH,IstStrasse,IstRad,IstPKW,IstFuss,IstKrad,IstGkfz,IstSonstig,LINREFX,LINREFY,XGCSWGS84,YGCSWGS84
119134,119135,8,1,11,0,2016,10,14,6,3,5,7,0,0,1,1,0,0,0,0,5.11849E+20,5.40037E+21,9.16121E+15,4.87562E+16
119135,119136,8,3,11,0,2016,10,0,1,3,4,2,2,0,1,1,0,0,0,0,4.13994E+20,5.31763E+21,7.8469E+15,4.80061E+16
119136,119137,8,2,31,0,2016,10,16,3,3,0,7,0,0,1,0,0,0,0,0,4.78327E+20,5.41515E+21,8.70435E+15,4.88889E+16
119137,119138,8,1,36,88,2016,10,13,4,3,5,3,0,0,0,1,0,0,0,0,5.81004E+20,5.41324E+21,1.01046E+16,4.88668E+16
119138,119139,8,2,36,40,2016,10,17,3,3,0,1,0,1,0,1,0,0,0,0,4.8911E+20,5.42229E+21,8.85125E+15,4.89535E+16
119139,119140,8,3,26,74,2016,10,15,6,3,6,4,0,0,0,1,1,0,0,0,4.60138E+20,5.32279E+21,8.46504E+15,4.80571E+16
119140,119141,8,4,35,16,2016,10,16,4,2,8,1,0,0,1,0,0,0,0,0,5.3477E+20,5.27839E+21,9.46306E+15,4.7658E+16
119141,119142,8,3,11,0,2016,10,15,7,3,1,1,0,0,0,1,0,0,0,0,4.10845E+20,5.31587E+21,7.80505E+15,4.79899E+16
119142,119143,8,1,35,19,2016,10,15,4,3,4,6,0,0,0,1,0,0,0,0,5.84033E+20,5.39084E+21,1.01413E+16,4.86649E+16
119143,119144,8,1,11,0,2016,10,0,6,3,6,4,2,0,0,1,1,0,0,0,5.12099E+20,5.4019E+21,9.16466E+15,4.87699E+16
119144,119145,8,1,36,88,2016,10,17,3,3,5,3,0,0,0,1,0,0,0,0,5.86862E+20,5.40544E+21,1.01828E+16,4.87959E+16
119145,119146,8,1,35,19,2016,10,17,4,3,5,2,0,0,0,1,0,0,0,0,5.83837E+20,5.39235E+21,1.01389E+16,4.86785E+16
119146,119147,8,1,18,11,2016,10,7,3,3,3,2,0,0,0,1,0,1,0,0,5.05343E+20,5.40819E+21,9.0728E+15,4.88267E+16
119147,119148,8,1,11,0,2016,10,18,6,3,2,6,1,0,0,1,0,0,0,0,5.13698E+20,5.4042E+21,9.18649E+15,4.87907E+16
119148,119149,8,2,21,0,2016,10,21,3,3,4,2,2,0,0,1,0,0,0,0,4.75383E+20,5.47401E+21,8.66058E+15,4.94183E+16
119149,119150,8,1,27,75,2016,10,19,4,3,0,1,2,0,0,0,0,1,0,0,5.71372E+20,5.46631E+21,9.98261E+15,4.93454E+16
119150,119151,8,2,25,58,2016,10,8,3,3,0,1,0,0,1,1,0,0,0,0,5.09756E+20,5.46598E+21,9.13432E+15,4.93465E+16
119151,119152,8,3,26,74,2016,10,6,6,2,5,3,2,1,1,1,0,0,0,0,4.65831E+20,5.32426E+21,8.54132E+15,4.80707E+16
119152,119153,8,3,17,65,2016,10,16,4,3,5,3,0,0,1,1,0,0,0,0,4.159E+20,5.35427E+21,7.86518E+15,4.8336E+16
119153,119154,8,1,11,0,2016,10,11,7,3,2,6,0,0,0,1,0,0,0,0,5.16395E+20,5.40645E+21,9.2233E+15,4.88109E+16
119154,119155,8,3,17,47,2016,10,19,2,3,2,6,2,0,0,1,0,0,0,0,4.198E+20,5.36466E+21,7.91583E+15,4.843E+16
119155,119156,8,1,25,58,2016,10,11,4,3,5,3,0,0,0,1,0,0,0,0,5.09511E+20,5.44416E+21,9.13043E+15,4.91502E+16
119156,119157,8,2,37,40,2016,10,5,1,3,1,1,2,0,0,1,0,0,0,0,4.77401E+20,5.36647E+21,8.69437E+15,4.84509E+16
119157,119158,8,4,36,82,2016,10,16,5,3,5,3,0,0,0,1,0,0,0,0,5.47733E+20,5.29633E+21,9.63766E+15,4.78186E+16
119158,119159,8,1,16,19,2016,10,9,3,3,0,7,0,0,1,0,1,0,0,0,5.25264E+20,5.39662E+21,9.3435E+15,4.87221E+16
119159,119160,8,1,28,131,2016,10,17,6,3,2,6,0,0,0,1,0,1,0,0,5.36046E+20,5.51144E+21,9.50042E+15,4.97544E+16
119160,119161,8,4,21,0,2016,10,15,7,3,2,6,0,0,0,1,0,0,0,1,5.72534E+20,5.36059E+21,9.97986E+15,4.83943E+16
119161,119162,8,3,17,127,2016,10,9,6,3,5,3,0,0,0,1,0,0,0,0,4.21715E+20,5.35211E+21,7.94404E+15,4.83173E+16
119162,119163,8,3,11,0,2016,10,23,4,2,0,1,2,0,1,0,0,0,0,0,4.09759E+20,5.3174E+21,7.79017E+15,4.80035E+16
119163,119164,8,3,36,50,2016,10,9,2,3,1,5,0,0,1,1,0,0,0,0,3.99413E+20,5.27336E+21,7.66172E+15,4.76058E+16
119164,119165,8,1,25,110,2016,10,18,2,3,6,4,1,0,0,1,1,0,0,0,5.26448E+20,5.44297E+21,9.36261E+15,4.9139E+16
119165,119166,8,1,19,20,2016,10,7,4,3,0,3,0,0,0,1,0,1,0,0,5.19467E+20,5.40854E+21,9.26525E+15,4.88295E+16
119166,119167,8,2,22,0,2016,10,21,1,3,5,3,2,0,0,1,0,0,0,0,4.62017E+20,5.48023E+21,8.4757E+15,4.94735E+16
119167,119168,8,4,36,82,2016,10,12,5,3,5,3,0,0,1,1,0,0,0,0,5.47313E+20,5.29506E+21,9.63191E+15,4.78072E+16
119168,119169,8,4,16,25,2016,10,14,2,3,5,3,0,0,0,1,0,0,0,0,5.03755E+20,5.36235E+21,9.05074E+15,4.84143E+16
119169,119170,8,1,11,0,2016,10,19,5,2,6,7,2,1,0,0,1,0,0,1,5.08253E+20,5.39711E+21,9.11222E+15,4.8727E+16
119170,119171,8,1,28,131,2016,10,16,6,3,5,3,0,0,1,1,0,0,0,0,5.35994E+20,5.51445E+21,9.49998E+15,4.97814E+16
119171,119172,8,2,26,95,2016,10,22,4,3,0,7,2,0,0,0,0,1,0,0,4.74373E+20,5.4614E+21,8.64748E+15,4.93048E+16
119172,119173,8,1,11,0,2016,10,15,7,3,2,6,0,0,0,1,0,0,0,0,5.16281E+20,5.40551E+21,9.22172E+15,4.88024E+16
119173,119174,8,2,15,9,2016,10,16,2,3,5,3,0,0,1,1,0,0,0,0,4.69778E+20,5.44173E+21,8.58574E+15,4.91277E+16
119174,119175,8,4,35,16,2016,10,16,5,3,5,3,0,0,0,1,0,1,0,0,5.38217E+20,5.27701E+21,9.50884E+15,4.76453E+16
119175,119176,8,4,26,70,2016,10,15,1,2,0,7,0,0,0,1,1,0,0,0,5.65284E+20,5.34198E+21,9.87905E+15,4.82277E+16
119176,119177,8,2,12,0,2016,10,18,3,3,0,7,0,0,1,0,0,0,0,1,4.57062E+20,5.42846E+21,8.41286E+15,4.90076E+16
119177,119178,8,1,18,48,2016,10,15,4,3,1,7,0,0,0,1,0,1,0,0,5.1205E+20,5.41573E+21,9.16439E+15,4.88944E+16
119178,119179,8,1,11,0,2016,10,19,1,3,5,2,2,0,0,1,0,1,0,0,5.16778E+20,5.40439E+21,9.22844E+15,4.87923E+16
119179,119180,8,4,36,64,2016,10,13,6,3,4,2,0,0,0,1,0,0,0,0,5.44993E+20,5.2925E+21,9.60066E+15,4.77843E+16
119180,119181,8,2,36,71,2016,10,17,2,3,5,3,0,0,1,1,0,0,0,0,4.68253E+20,5.42137E+21,8.56644E+15,4.89444E+16
119181,119182,8,1,16,33,2016,10,15,2,3,5,3,0,0,1,0,0,0,0,0,5.33182E+20,5.3879E+21,9.45045E+15,4.86433E+16
119182,119183,8,3,16,20,2016,10,8,3,3,9,7,0,0,0,1,0,0,1,0,4.09051E+20,5.33867E+21,7.77615E+15,4.81947E+16
119183,119184,8,1,15,45,2016,10,16,4,2,5,3,0,0,1,1,0,0,0,0,4.98433E+20,5.39496E+21,8.9787E+15,4.87077E+16
119184,119185,8,1,17,38,2016,10,2,1,3,4,6,2,0,0,1,0,0,0,0,5.47185E+20,5.39782E+21,9.64167E+15,4.87316E+16
119185,119186,8,4,21,0,2016,10,14,5,2,6,4,0,0,0,1,1,0,0,0,5.7247E+20,5.36056E+21,9.97898E+15,4.8394E+16
119186,119187,8,4,26,21,2016,10,14,4,2,5,3,0,0,1,1,0,0,0,0,5.59154E+20,5.32637E+21,9.79435E+15,4.80878E+16
119187,119188,8,1,27,14,2016,10,16,6,3,6,4,0,0,0,1,1,0,0,0,5.78251E+20,5.44328E+21,1.00728E+16,4.91373E+16
119188,119189,8,4,16,36,2016,10,14,5,3,0,7,0,0,0,1,0,0,0,0,4.95206E+20,5.36846E+21,8.93514E+15,4.84693E+16
119189,119190,8,3,11,0,2016,10,11,1,3,4,6,0,1,1,0,0,0,0,0,4.14418E+20,5.31837E+21,7.85243E+15,4.80129E+16
119190,119191,8,2,22,0,2016,10,15,3,3,2,6,0,0,0,1,0,0,0,0,4.63112E+20,5.47798E+21,8.49103E+15,4.94533E+16
119191,119192,8,1,17,26,2016,10,15,4,3,6,4,0,0,0,1,1,0,0,0,5.48202E+20,5.39441E+21,9.65511E+15,4.87009E+16
119192,119193,8,2,22,0,2016,10,21,3,3,1,5,2,0,0,1,0,0,0,0,4.63219E+20,5.47794E+21,8.49251E+15,4.9453E+16
119193,119194,8,3,11,0,2016,10,16,6,3,2,6,0,0,0,1,0,0,0,0,4.1288E+20,5.3177E+21,7.83195E+15,4.80066E+16
119194,119195,8,3,17,114,2016,10,14,4,2,4,6,0,0,1,0,0,1,0,0,4.05632E+20,5.34694E+21,7.72831E+15,4.82687E+16
119195,119196,8,2,12,0,2016,10,12,7,3,5,3,0,0,1,1,0,0,0,0,4.54841E+20,5.43281E+21,8.38201E+15,4.90465E+16
119196,119197,8,2,22,0,2016,10,6,3,3,5,3,2,0,0,1,0,0,0,0,4.64143E+20,5.48329E+21,8.50478E+15,4.95011E+16
119197,119198,8,3,36,91,2016,10,13,6,3,5,3,0,0,0,1,0,0,0,0,3.94503E+20,5.27357E+21,7.59637E+15,4.76069E+16
119198,119199,8,4,15,50,2016,10,15,4,3,5,3,0,0,1,1,0,0,0,0,5.21042E+20,5.37693E+21,9.2851E+15,4.85451E+16
119199,119200,8,2,37,28,2016,10,16,7,3,2,6,0,0,0,1,0,0,0,0,4.57677E+20,5.36853E+21,8.42743E+15,4.84685E+16
119200,119201,8,4,15,61,2016,10,10,5,2,0,1,0,0,0,0,0,1,0,0,5.16677E+20,5.37051E+21,9.2257E+15,4.84875E+16
119201,119202,8,2,16,7,2016,10,15,3,3,5,2,0,0,0,1,0,1,0,0,4.36311E+20,5.39548E+21,8.13428E+15,4.87091E+16
119202,119203,8,1,17,26,2016,10,9,4,2,6,4,0,0,0,1,1,0,0,0,5.48256E+20,5.39405E+21,9.65579E+15,4.86976E+16
119203,119204,8,1,19,18,2016,10,12,3,3,9,1,0,0,0,1,0,0,0,0,5.28301E+20,5.41903E+21,9.38634E+15,4.89235E+16
119204,119205,8,2,22,0,2016,10,18,3,3,6,7,0,0,0,1,1,0,0,0,4.61264E+20,5.48169E+21,8.46517E+15,4.94866E+16
119205,119206,8,4,15,61,2016,10,19,7,3,5,3,2,0,0,1,0,0,0,0,5.16478E+20,5.3709E+21,9.22302E+15,4.8491E+16
119206,119207,8,3,36,50,2016,10,17,6,3,5,3,0,0,1,1,0,0,0,0,3.99008E+20,5.27342E+21,7.65632E+15,4.76063E+16
119207,119208,8,3,15,30,2016,10,17,4,3,6,4,0,0,0,0,1,0,0,1,4.0656E+20,5.32754E+21,7.74508E+15,4.80942E+16
119208,119209,8,4,35,59,2016,10,14,6,3,0,3,0,0,1,1,0,0,0,0,5.12537E+20,5.2901E+21,9.16731E+15,4.77641E+16
119209,119210,8,3,11,0,2016,10,7,2,3,2,6,0,0,0,1,0,1,0,0,4.13177E+20,5.31677E+21,7.83611E+15,4.79983E+16
119210,119211,8,1,16,79,2016,10,19,4,3,5,3,2,0,1,1,0,0,0,0,5.33742E+20,5.38039E+21,9.45744E+15,4.85757E+16
119211,119212,8,2,31,0,2016,10,17,1,3,6,4,0,0,0,1,1,0,0,0,4.77726E+20,5.41536E+21,8.69613E+15,4.88908E+16
119212,119213,8,1,15,42,2016,10,7,4,3,1,5,1,0,0,1,0,0,0,0,4.96519E+20,5.40586E+21,8.9526E+15,4.88057E+16
119213,119214,8,3,36,50,2016,10,8,5,3,5,2,0,0,1,0,0,0,0,1,3.98836E+20,5.27394E+21,7.65391E+15,4.7611E+16
119214,119215,8,1,25,26,2016,10,13,3,3,5,3,0,0,1,1,0,0,0,0,4.93862E+20,5.44204E+21,8.91587E+15,4.91312E+16
119215,119216,8,1,15,21,2016,10,11,4,3,6,7,0,0,0,1,1,0,0,0,4.87615E+20,5.38563E+21,8.83193E+15,4.86236E+16
119216,119217,8,1,17,49,2016,10,15,3,2,5,7,0,0,1,1,0,0,0,0,5.55765E+20,5.39204E+21,9.75755E+15,4.86789E+16
119217,119218,8,1,26,66,2016,10,10,6,2,3,6,0,0,1,1,0,0,0,0,5.37324E+20,5.45047E+21,9.51241E+15,4.92058E+16
119218,119219,8,2,12,0,2016,10,19,2,3,5,3,2,0,0,1,0,0,0,0,4.5512E+20,5.42904E+21,8.38624E+15,4.90126E+16
119219,119220,8,1,18,48,2016,10,12,2,3,0,1,0,0,0,0,0,1,0,0,5.12478E+20,5.41499E+21,9.17021E+15,4.88877E+16
119220,119221,8,3,17,1,2016,10,19,3,3,6,2,2,0,0,1,1,0,0,0,4.32229E+20,5.38646E+21,8.08027E+15,4.86275E+16
119221,119222,8,1,15,3,2016,10,10,4,3,5,3,0,0,0,1,0,0,0,0,5.01846E+20,5.39226E+21,9.02508E+15,4.86834E+16
119222,119223,8,2,15,102,2016,10,0,1,3,4,1,2,1,0,1,0,0,0,0,4.56694E+20,5.43824E+21,8.40678E+15,4.90955E+16
119223,119224,8,3,25,49,2016,10,0,5,3,5,3,2,0,0,1,0,0,0,0,4.72199E+20,5.33301E+21,8.62623E+15,4.81497E+16
119224,119225,8,3,35,43,2016,10,17,2,3,2,6,0,0,0,1,0,0,0,0,5.123E+20,5.27855E+21,9.16382E+15,4.76602E+16
119225,119226,8,4,37,100,2016,10,15,4,3,5,2,0,0,0,1,0,0,0,0,5.37588E+20,5.31804E+21,9.50404E+15,4.80146E+16
119226,119227,8,3,27,49,2016,10,0,5,2,5,3,2,0,0,1,0,1,0,0,4.72429E+20,5.32512E+21,8.62983E+15,4.80787E+16
119227,119228,8,1,11,0,2016,10,18,3,3,4,6,2,0,0,1,0,0,0,0,5.15563E+20,5.4049E+21,9.21192E+15,4.87969E+16
119228,119229,8,1,21,0,2016,10,16,6,3,2,6,0,0,0,1,0,0,0,0,5.13893E+20,5.44435E+21,9.19053E+15,4.91518E+16
119229,119230,8,2,26,85,2016,10,12,4,3,5,3,0,0,0,1,0,0,0,0,4.9131E+20,5.45554E+21,8.88058E+15,4.92526E+16
119230,119231,8,4,21,0,2016,10,14,6,3,5,3,0,0,0,1,0,1,0,0,5.70178E+20,5.36226E+21,9.94831E+15,4.84096E+16
119231,119232,8,2,22,0,2016,10,23,2,3,5,3,2,0,0,0,0,1,0,1,4.66854E+20,5.48539E+21,8.54204E+15,4.95202E+16
119232,119233,8,1,11,0,2016,10,15,2,3,6,4,0,0,1,0,1,0,0,0,5.08407E+20,5.39767E+21,9.11433E+15,4.8732E+16
119233,119234,8,3,11,0,2016,10,19,3,3,0,7,1,0,1,1,0,0,0,0,4.12122E+20,5.3163E+21,7.82206E+15,4.7994E+16
119234,119235,8,1,11,0,2016,10,20,4,3,5,2,2,0,0,1,0,0,0,0,5.1517E+20,5.40689E+21,9.20664E+15,4.88148E+16
119235,119236,8,1,16,80,2016,10,15,1,3,5,3,0,1,0,1,0,0,0,0,5.18655E+20,5.39788E+21,9.2537E+15,4.87337E+16
119236,119237,8,2,22,0,2016,10,7,3,3,5,3,0,0,0,1,0,0,0,0,4.61963E+20,5.48216E+21,8.47477E+15,4.94909E+16
119237,119238,8,3,17,96,2016,10,16,5,3,0,7,0,0,1,0,0,0,0,0,4.2148E+20,5.36908E+21,7.9377E+15,4.847E+16
119238,119239,8,3,11,0,2016,10,19,6,3,3,6,0,0,1,1,0,0,0,0,4.1415E+20,5.31569E+21,7.84937E+15,4.79888E+16
119239,119240,8,4,21,0,2016,10,16,4,3,4,2,0,0,0,1,0,0,0,0,5.71415E+20,5.36124E+21,9.96486E+15,4.84003E+16
119240,119241,8,2,11,0,2016,10,14,7,3,0,3,0,0,0,1,0,1,0,0,4.4082E+20,5.40371E+21,8.19438E+15,4.87836E+16
119241,119242,8,1,19,67,2016,10,19,6,3,5,3,0,0,1,1,0,0,0,0,5.389E+20,5.4062E+21,9.52981E+15,4.88076E+16
119242,119243,8,3,16,11,2016,10,17,5,2,8,1,0,0,0,0,0,1,0,0,4.15191E+20,5.32915E+21,7.86065E+15,4.81099E+16
119243,119244,8,1,19,20,2016,10,23,6,3,6,7,2,0,0,1,1,0,0,1,5.20353E+20,5.40607E+21,9.27719E+15,4.88073E+16
119244,119245,8,2,22,0,2016,10,21,4,3,5,3,2,0,0,1,0,1,0,0,4.62237E+20,5.48083E+21,8.47869E+15,4.94789E+16
119245,119246,8,4,21,0,2016,10,18,6,3,0,2,2,1,1,1,0,0,0,0,5.71415E+20,5.36124E+21,9.96486E+15,4.84002E+16
119246,119247,8,1,36,65,2016,10,17,2,3,6,4,0,0,0,1,1,0,0,0,5.58751E+20,5.40551E+21,9.80005E+15,4.87998E+16
119247,119248,8,3,16,38,2016,10,9,5,2,0,7,0,0,1,1,0,0,0,0,3.97079E+20,5.33301E+21,7.61646E+15,4.8142E+16
119248,119249,8,3,16,11,2016,10,15,1,3,4,2,0,1,1,1,0,0,0,0,4.1484E+20,5.33028E+21,7.85572E+15,4.81201E+16
119249,119250,8,2,12,0,2016,10,7,3,3,2,6,0,0,0,1,0,0,0,0,4.54739E+20,5.42791E+21,8.38116E+15,4.90025E+16
119250,119251,8,4,35,16,2016,10,14,3,3,1,7,0,0,0,1,0,1,0,0,5.36417E+20,5.27881E+21,9.48503E+15,4.76616E+16
119251,119252,8,2,22,0,2016,10,15,3,3,5,3,0,0,0,1,0,0,0,1,4.61991E+20,5.47929E+21,8.47544E+15,4.94651E+16
119252,119253,8,2,12,0,2016,10,7,6,2,0,7,0,0,1,0,0,0,0,0,4.5563E+20,5.42702E+21,8.39344E+15,4.89945E+16
119253,119254,8,3,36,57,2016,10,13,4,3,4,6,0,0,1,1,0,0,0,0,4.09164E+20,5.27788E+21,7.79048E+15,4.7648E+16
119254,119255,8,1,17,26,2016,10,13,7,3,0,7,0,0,0,1,0,0,0,0,5.46231E+20,5.39289E+21,9.62814E+15,4.86873E+16
119255,119256,8,3,11,0,2016,10,13,5,3,5,3,0,0,1,1,0,0,0,0,4.1253E+20,5.31532E+21,7.82774E+15,4.79852E+16
119256,119257,8,1,36,19,2016,10,21,3,3,8,1,2,0,0,1,0,0,0,0,5.87628E+20,5.42309E+21,1.0197E+16,4.89545E+16
119257,119258,8,4,35,59,2016,10,7,3,2,5,2,0,0,0,1,0,1,0,0,5.14708E+20,5.28884E+21,9.19623E+15,4.77528E+16
119258,119259,8,1,18,48,2016,10,18,3,3,1,3,2,0,0,1,0,0,0,1,5.13049E+20,5.41604E+21,9.17804E+15,4.88972E+16
119259,119260,8,2,26,18,2016,10,7,3,3,1,5,0,0,1,1,0,0,0,0,4.73336E+20,5.47153E+21,8.63253E+15,4.93959E+16
119260,119261,8,4,26,14,2016,10,10,3,3,5,3,0,0,1,0,0,0,0,1,5.48957E+20,5.31668E+21,9.65632E+15,4.80015E+16
119261,119262,8,2,21,0,2016,10,20,3,3,1,5,2,0,0,1,0,1,0,0,4.76231E+20,5.47186E+21,8.6724E+15,4.93989E+16
119262,119263,8,2,26,95,2016,10,11,6,3,0,7,0,0,1,0,0,0,0,0,4.74067E+20,5.46043E+21,8.64333E+15,4.92961E+16
119263,119264,8,3,17,65,2016,10,12,4,3,5,3,0,0,0,1,0,0,0,0,4.15982E+20,5.35451E+21,7.86624E+15,4.83382E+16
119264,119265,8,4,25,72,2016,10,7,3,3,8,1,0,1,1,0,0,0,0,0,5.77999E+20,5.37069E+21,1.00556E+16,4.84845E+16
119265,119266,8,2,12,0,2016,10,2,1,3,0,7,2,1,0,1,0,0,0,1,4.56242E+20,5.42704E+21,8.40181E+15,4.89947E+16
119266,119267,8,3,11,0,2016,10,20,5,3,5,3,2,0,1,1,0,0,0,1,4.13798E+20,5.31607E+21,7.84458E+15,4.79922E+16
119267,119268,8,1,16,19,2016,10,15,3,3,5,3,0,1,0,1,0,0,0,1,5.22901E+20,5.39613E+21,9.31134E+15,4.87178E+16
119268,119269,8,1,19,20,2016,10,11,6,3,2,6,0,0,0,1,0,1,0,0,5.1996E+20,5.40679E+21,9.27187E+15,4.88138E+16
119269,119270,8,4,16,41,2016,10,20,6,3,0,7,2,0,1,0,0,0,0,0,5.04686E+20,5.37581E+21,9.06347E+15,4.85354E+16
119270,119271,8,2,31,0,2016,10,17,2,3,4,6,0,0,1,0,0,0,0,1,4.76754E+20,5.4176E+21,8.68275E+15,4.89109E+16
119271,119272,8,1,16,49,2016,10,15,2,3,3,6,0,0,1,1,0,0,0,0,5.25265E+20,5.38598E+21,9.34287E+15,4.86263E+16
119272,119273,8,2,25,14,2016,10,14,6,3,6,4,0,0,0,1,1,0,0,0,5.23529E+20,5.48548E+21,9.32509E+15,4.95214E+16
119273,119274,8,3,11,0,2016,10,17,4,3,5,3,0,0,0,1,1,0,0,0,4.10267E+20,5.31574E+21,7.79733E+15,4.79887E+16
119274,119275,8,3,11,0,2016,10,7,2,3,4,1,0,0,0,1,0,1,0,0,4.11133E+20,5.31875E+21,7.80831E+15,4.80159E+16
119275,119276,8,2,25,2,2016,10,17,2,2,5,3,0,0,0,1,0,1,0,0,4.99047E+20,5.46626E+21,8.98688E+15,4.9349E+16
119276,119277,8,4,17,79,2016,10,15,3,3,0,1,0,0,1,0,0,0,0,0,4.99372E+20,5.34837E+21,8.99153E+15,4.82885E+16
119277,119278,8,2,22,0,2016,10,5,1,3,5,3,2,0,0,1,0,0,1,0,4.61886E+20,5.48754E+21,8.4732E+15,4.95393E+16
119278,119279,8,3,11,0,2016,10,10,5,3,2,6,0,0,0,1,0,0,0,0,4.13043E+20,5.32026E+21,7.83361E+15,4.80297E+16
119279,119280,8,1,11,0,2016,10,8,3,3,0,1,0,0,0,0,0,1,0,0,5.19459E+20,5.40164E+21,9.26481E+15,4.87674E+16
119280,119281,8,1,15,28,2016,10,18,5,2,6,4,0,0,0,1,1,0,0,0,5.01436E+20,5.40543E+21,9.01956E+15,4.88018E+16
119281,119282,8,1,19,20,2016,10,11,6,2,5,3,0,0,1,1,0,0,0,0,5.19957E+20,5.40679E+21,9.27184E+15,4.88138E+16
119282,119283,8,2,22,0,2016,10,6,4,3,2,6,1,0,0,1,0,0,1,0,4.60942E+20,5.48531E+21,8.46036E+15,4.95192E+16
119283,119284,8,4,15,89,2016,10,14,6,2,3,6,0,0,0,1,0,0,0,0,5.23272E+20,5.35824E+21,9.31427E+15,4.83769E+16
119284,119285,8,2,16,15,2016,10,15,2,3,5,3,0,0,0,1,0,0,0,0,4.50132E+20,5.40626E+21,8.32082E+15,4.88074E+16
119285,119286,8,3,36,19,2016,10,7,5,3,4,6,0,0,0,1,0,1,0,1,3.95435E+20,5.27705E+21,7.60793E+15,4.76384E+16
119286,119287,8,4,37,104,2016,10,15,1,3,5,3,0,0,0,1,0,0,0,0,5.16533E+20,5.32595E+21,9.22201E+15,4.80866E+16
119287,119288,8,3,11,0,2016,10,12,3,3,0,7,0,0,1,0,0,0,0,0,4.14577E+20,5.31691E+21,7.85484E+15,4.79997E+16
119288,119289,8,3,37,62,2016,10,8,3,3,5,3,2,0,0,1,0,0,0,0,4.57096E+20,5.27854E+21,8.4286E+15,4.76589E+16
119289,119290,8,1,11,0,2016,10,18,1,3,2,6,0,0,1,0,0,1,0,0,5.16758E+20,5.40759E+21,9.2283E+15,4.88211E+16
119290,119291,8,2,15,106,2016,10,21,3,3,5,3,2,0,0,1,0,1,0,0,4.65126E+20,5.45247E+21,8.52106E+15,4.9224E+16
119291,119292,8,3,16,11,2016,10,19,3,3,6,4,2,0,0,1,1,0,0,0,4.14825E+20,5.33026E+21,7.85551E+15,4.81199E+16
119292,119293,8,3,37,124,2016,10,17,3,2,1,7,0,0,0,0,0,1,1,0,4.55126E+20,5.2833E+21,8.40188E+15,4.77015E+16
119293,119294,8,1,35,32,2016,10,5,1,3,9,1,2,0,0,1,0,0,0,0,5.78553E+20,5.39355E+21,1.00674E+16,4.86901E+16
119294,119295,8,3,36,50,2016,10,7,5,3,6,4,1,0,1,0,1,0,0,0,3.99728E+20,5.27405E+21,7.66575E+15,4.76121E+16
119295,119296,8,4,21,0,2016,10,13,4,2,1,6,0,0,1,1,0,0,0,0,5.7192E+20,5.3602E+21,9.9715E+15,4.83909E+16
119296,119297,8,1,18,46,2016,10,13,6,3,5,2,0,0,0,1,0,1,0,0,5.13037E+20,5.41399E+21,9.17781E+15,4.88787E+16
119297,119298,8,3,36,91,2016,10,16,5,2,6,7,0,0,0,1,1,0,0,0,3.94422E+20,5.2722E+21,7.59562E+15,4.75946E+16
119298,119299,8,3,16,54,2016,10,4,1,2,0,7,2,0,0,1,1,0,0,0,4.17839E+20,5.33646E+21,7.89481E+15,4.81761E+16
119299,119300,8,2,22,0,2016,10,8,3,3,3,5,0,0,1,1,0,0,0,0,4.61808E+20,5.48315E+21,8.47254E+15,4.94998E+16
119300,119301,8,3,36,69,2016,10,21,3,3,0,7,2,1,0,0,0,1,0,1,4.09745E+20,5.26902E+21,7.80005E+15,4.75683E+16
119301,119302,8,2,12,0,2016,10,7,3,3,3,6,1,0,1,1,0,0,0,0,4.56872E+20,5.42821E+21,8.41029E+15,4.90053E+16
119302,119303,8,2,25,58,2016,10,13,6,3,5,3,0,0,1,1,0,0,0,0,5.08272E+20,5.46534E+21,9.11387E+15,4.93407E+16
119303,119304,8,3,17,96,2016,10,12,4,3,2,6,0,0,0,1,0,0,0,0,4.22632E+20,5.36953E+21,7.9532E+15,4.84742E+16
119304,119305,8,1,16,77,2016,10,14,7,3,0,5,0,0,0,1,0,0,0,0,5.14013E+20,5.38854E+21,9.19026E+15,4.86497E+16
119305,119306,8,3,35,75,2016,10,13,3,3,5,2,0,0,1,1,0,0,0,0,4.88003E+20,5.29077E+21,8.83988E+15,4.77701E+16
119306,119307,8,2,22,0,2016,10,23,6,3,5,2,2,1,0,1,0,0,0,0,4.63161E+20,5.48068E+21,8.49146E+15,4.94777E+16
119307,119308,8,4,16,25,2016,10,9,4,3,6,3,0,0,0,0,1,0,0,1,5.02953E+20,5.36172E+21,9.0399E+15,4.84086E+16
119308,119309,8,1,11,0,2016,10,15,7,3,1,5,0,0,1,1,0,0,0,0,5.18001E+20,5.4061E+21,9.24517E+15,4.88076E+16
119309,119310,8,1,18,79,2016,10,11,6,3,6,4,0,0,0,1,1,0,0,0,5.09144E+20,5.42137E+21,9.12488E+15,4.89452E+16