FID,OBJECTID,ULAND,UREGBEZ,UKREIS,UGEMEINDE,UJAHR,UMONAT,USTUNDE,UWOCHENTAG,UKATEGORIE,UART,UTYP1,ULICHTVERH,IstStrasse,IstRad,IstPKW,IstFuss,IstKrad,IstGkfz,IstSonstig,LINREFX,LINREFY,XGCSWGS84,YGCSWGS84
119310,119311,8,3,11,0,2016,10,14,5,3,3,6,0,0,1,1,0,0,0,0,4.04664E+20,5.31475E+21,7.72246E+15,4.7979E+16
119311,119312,8,2,21,0,2016,10,4,3,2,6,4,2,0,0,1,1,0,0,0,4.7644E+20,5.47416E+21,8.67515E+15,4.94196E+16
119312,119313,8,3,35,43,2016,10,17,3,3,5,2,0,0,0,1,0,1,0,0,5.11601E+20,5.27998E+21,9.15455E+15,4.76731E+16
119313,119314,8,1,19,91,2016,10,9,3,3,8,1,0,0,0,1,0,0,0,0,5.28238E+20,5.40784E+21,9.38471E+15,4.88229E+16
119314,119315,8,2,15,109,2016,10,16,3,3,2,6,0,0,1,1,0,0,0,0,4.61184E+20,5.43421E+21,8.46868E+15,4.90595E+16
119315,119316,8,2,22,0,2016,10,16,6,3,4,2,0,0,0,1,0,1,0,0,4.6409E+20,5.48339E+21,8.50404E+15,4.95021E+16
119316,119317,8,3,17,5,2016,10,17,4,2,4,2,0,0,0,1,0,1,0,0,4.23778E+20,5.37636E+21,7.96746E+15,4.85357E+16
119317,119318,8,4,15,61,2016,10,7,6,3,0,3,2,1,0,1,0,1,0,0,5.17037E+20,5.37038E+21,9.23056E+15,4.84863E+16
119318,119319,8,3,15,6,2016,10,18,2,3,5,3,0,0,1,1,0,0,0,0,4.02921E+20,5.30748E+21,7.70076E+15,4.79133E+16
119319,119320,8,3,26,74,2016,10,17,3,3,6,7,0,0,1,0,1,0,0,0,4.60695E+20,5.32245E+21,8.47254E+15,4.80541E+16
119320,119321,8,2,35,85,2016,10,17,1,2,1,7,0,0,0,1,0,0,0,0,4.81106E+20,5.39597E+21,8.74313E+15,4.87165E+16
119321,119322,8,2,12,0,2016,10,12,5,3,5,2,0,0,1,1,0,0,0,0,4.55247E+20,5.42927E+21,8.38795E+15,4.90147E+16
119322,119323,8,1,15,50,2016,10,12,3,2,6,7,0,0,0,1,1,0,0,0,4.9036E+20,5.4004E+21,8.86884E+15,4.87565E+16
119323,119324,8,2,12,0,2016,10,20,5,3,2,2,2,0,1,0,0,0,0,0,4.555E+20,5.42665E+21,8.39171E+15,4.89911E+16
119324,119325,8,1,21,0,2016,10,9,3,3,6,7,0,0,0,1,1,0,0,0,5.16101E+20,5.44251E+21,9.22073E+15,4.91352E+16
119325,119326,8,3,26,74,2016,10,16,3,3,8,1,0,0,1,0,0,0,0,0,4.62727E+20,5.32465E+21,8.49962E+15,4.8074E+16
119326,119327,8,1,18,79,2016,10,14,3,3,2,6,0,0,0,1,0,0,0,0,5.10643E+20,5.42243E+21,9.14538E+15,4.89547E+16
119327,119328,8,2,12,0,2016,10,13,3,3,5,3,0,0,1,1,0,0,0,0,4.54327E+20,5.42952E+21,8.37535E+15,4.90168E+16
119328,119329,8,2,31,0,2016,10,12,4,3,4,2,0,0,0,1,0,1,0,0,4.76333E+20,5.4139E+21,8.67721E+15,4.88776E+16
119329,119330,8,2,12,0,2016,10,14,2,2,6,7,0,0,0,0,1,0,0,1,4.54799E+20,5.4288E+21,8.38189E+15,4.90105E+16
119330,119331,8,1,25,65,2016,10,10,2,3,1,6,0,1,0,1,0,0,1,0,5.1693E+20,5.4486E+21,9.23235E+15,4.919E+16
119331,119332,8,3,26,74,2016,10,20,3,3,5,3,2,0,0,1,0,0,0,0,4.59406E+20,5.32257E+21,8.45524E+15,4.80551E+16
119332,119333,8,2,22,0,2016,10,13,1,3,1,5,0,0,1,1,0,0,0,0,4.63025E+20,5.47801E+21,8.48983E+15,4.94537E+16
119333,119334,8,2,37,28,2016,10,11,5,3,6,7,0,0,0,0,1,0,0,1,4.57123E+20,5.36846E+21,8.41995E+15,4.84678E+16
119334,119335,8,4,16,36,2016,10,19,2,3,5,3,2,0,1,1,0,0,0,0,4.95952E+20,5.36959E+21,8.94522E+15,4.84794E+16
119335,119336,8,1,11,0,2016,10,23,5,3,1,5,2,1,1,1,0,0,0,0,5.12669E+20,5.4019E+21,9.17242E+15,4.877E+16
119336,119337,8,1,17,26,2016,10,17,6,3,5,3,0,0,0,1,0,1,0,0,5.48571E+20,5.39511E+21,9.66019E+15,4.87071E+16
119337,119338,8,2,22,0,2016,10,16,4,3,5,3,0,0,1,1,0,0,0,0,4.61563E+20,5.4892E+21,8.46858E+15,4.95541E+16
119338,119339,8,3,35,43,2016,10,7,6,3,6,6,0,0,1,0,1,0,0,0,5.12482E+20,5.28115E+21,9.16632E+15,4.76836E+16
119339,119340,8,4,25,108,2016,10,10,6,3,0,7,0,0,0,0,0,0,0,1,5.54116E+20,5.36048E+21,9.73107E+15,4.83951E+16
119340,119341,8,2,22,0,2016,10,13,4,2,5,3,0,0,0,1,0,0,0,0,4.6183E+20,5.48496E+21,8.47267E+15,4.9516E+16
119341,119342,8,3,35,43,2016,10,20,6,2,0,1,2,0,1,0,0,0,0,0,5.1256E+20,5.28048E+21,9.16734E+15,4.76776E+16
119342,119343,8,2,26,84,2016,10,16,2,3,0,7,0,0,1,0,0,0,0,0,4.69807E+20,5.46976E+21,8.58403E+15,4.93798E+16
119343,119344,8,1,15,45,2016,10,8,2,3,5,3,0,1,0,1,0,0,0,0,5.00505E+20,5.39396E+21,9.00686E+15,4.86987E+16
119344,119345,8,3,11,0,2016,10,9,3,3,5,3,0,0,1,1,0,0,0,0,4.13855E+20,5.31624E+21,7.84531E+15,4.79936E+16
119345,119346,8,4,17,2,2016,10,15,3,2,5,3,0,0,0,1,0,0,0,1,4.90315E+20,5.34646E+21,8.86948E+15,4.82713E+16
119346,119347,8,1,17,26,2016,10,13,1,3,5,3,0,1,0,1,0,1,0,0,5.47025E+20,5.39384E+21,9.63904E+15,4.86958E+16
119347,119348,8,2,31,0,2016,10,12,5,3,5,3,0,0,0,1,0,0,0,0,4.78331E+20,5.41532E+21,8.70439E+15,4.88904E+16
119348,119349,8,2,26,32,2016,10,8,6,2,4,6,0,0,1,1,0,0,0,0,4.68009E+20,5.46209E+21,8.55988E+15,4.93107E+16
119349,119350,8,4,21,0,2016,10,17,4,3,2,6,1,0,0,1,0,0,0,0,5.72474E+20,5.36066E+21,9.97907E+15,4.83949E+16
119350,119351,8,1,16,33,2016,10,11,6,3,5,3,0,0,0,1,0,0,0,0,5.33665E+20,5.38869E+21,9.45708E+15,4.86504E+16
119351,119352,8,2,26,91,2016,10,7,5,3,1,5,1,0,0,1,0,0,0,0,4.94149E+20,5.4602E+21,8.91954E+15,4.92945E+16
119352,119353,8,2,26,38,2016,10,12,3,3,4,6,0,0,1,1,0,0,0,0,4.7189E+20,5.4798E+21,8.61201E+15,4.94702E+16
119353,119354,8,3,27,16,2016,10,7,3,3,5,3,0,0,1,0,0,0,1,0,4.95116E+20,5.31957E+21,8.93449E+15,4.80294E+16
119354,119355,8,2,12,0,2016,10,8,3,3,5,3,0,0,0,1,0,1,0,0,4.53641E+20,5.42575E+21,8.3664E+15,4.89829E+16
119355,119356,8,2,12,0,2016,10,9,2,3,5,3,0,0,1,1,0,0,0,0,4.56449E+20,5.42455E+21,8.4049E+15,4.89724E+16
119356,119357,8,2,25,91,2016,10,15,5,3,6,1,0,0,0,1,1,0,0,0,5.24196E+20,5.47704E+21,9.3338E+15,4.94456E+16
119357,119358,8,3,26,74,2016,10,20,1,3,6,6,2,0,1,0,1,0,0,0,4.58839E+20,5.32271E+21,8.44761E+15,4.80563E+16
119358,119359,8,2,12,0,2016,10,13,3,3,6,4,0,0,0,0,1,0,0,1,4.54732E+20,5.42882E+21,8.38096E+15,4.90106E+16
119359,119360,8,3,17,116,2016,10,8,3,3,0,7,0,0,1,0,0,0,0,0,4.32106E+20,5.38838E+21,8.07829E+15,4.86448E+16
119360,119361,8,1,11,0,2016,10,12,1,3,5,3,0,0,0,1,0,0,0,0,5.18747E+20,5.40329E+21,9.25519E+15,4.87824E+16
119361,119362,8,2,12,0,2016,10,7,3,3,6,7,2,0,1,0,1,0,0,0,4.56433E+20,5.42862E+21,8.40425E+15,4.90089E+16
119362,119363,8,2,26,98,2016,10,8,6,3,5,3,0,0,1,0,0,0,0,1,4.78288E+20,5.46011E+21,8.7014E+15,4.92934E+16
119363,119364,8,4,15,50,2016,10,6,4,3,3,7,0,0,0,1,0,1,0,0,5.20001E+20,5.37676E+21,9.27098E+15,4.85436E+16
119364,119365,8,1,11,0,2016,10,19,7,2,6,4,2,1,0,1,1,0,0,0,5.12803E+20,5.40867E+21,9.17445E+15,4.88309E+16
119365,119366,8,2,22,0,2016,10,16,5,3,1,2,0,0,0,0,0,1,0,1,4.64823E+20,5.47441E+21,8.51496E+15,4.94214E+16
119366,119367,8,2,12,0,2016,10,7,3,3,5,3,0,0,1,1,0,0,0,0,4.53604E+20,5.4307E+21,8.36533E+15,4.90274E+16
119367,119368,8,3,15,70,2016,10,7,3,3,6,4,0,0,0,1,1,0,0,0,4.51184E+20,5.30366E+21,8.34705E+15,4.78844E+16
119368,119369,8,1,19,85,2016,10,6,3,3,6,4,2,0,0,1,1,0,0,0,5.2917E+20,5.41382E+21,9.39783E+15,4.88766E+16
119369,119370,8,1,36,19,2016,10,7,3,3,4,2,1,0,1,1,0,0,0,0,5.83088E+20,5.42312E+21,1.0135E+16,4.89554E+16
119370,119371,8,2,21,0,2016,10,18,6,2,6,2,0,0,1,0,1,0,0,0,4.77248E+20,5.47506E+21,8.68624E+15,4.94278E+16
119371,119372,8,3,11,0,2016,10,15,4,3,5,3,0,0,1,1,0,0,0,0,4.13554E+20,5.31568E+21,7.84138E+15,4.79886E+16
119372,119373,8,2,26,18,2016,10,11,6,2,5,3,0,0,1,0,0,0,1,0,4.73208E+20,5.47127E+21,8.63079E+15,4.93935E+16
119373,119374,8,3,17,65,2016,10,18,4,3,5,3,0,0,1,1,0,0,0,0,4.11788E+20,5.35528E+21,7.80951E+15,4.83445E+16
119374,119375,8,3,11,0,2016,10,9,3,3,0,7,0,0,1,0,0,0,0,0,4.15453E+20,5.31556E+21,7.86685E+15,4.79877E+16
119375,119376,8,2,15,7,2016,10,17,5,3,2,6,0,0,0,1,0,0,0,0,4.78017E+20,5.43169E+21,8.69922E+15,4.90377E+16
119376,119377,8,3,11,0,2016,10,22,3,3,5,3,2,0,1,0,0,0,0,0,4.14109E+20,5.3168E+21,7.8486E+15,4.79987E+16
119377,119378,8,1,16,49,2016,10,12,3,3,2,6,0,0,0,1,0,0,0,0,5.25437E+20,5.38507E+21,9.34514E+15,4.86182E+16
119378,119379,8,1,16,78,2016,10,18,6,3,5,2,1,0,0,1,0,1,0,0,5.12836E+20,5.39329E+21,9.17442E+15,4.86925E+16
119379,119380,8,2,12,0,2016,10,18,2,3,0,2,1,0,0,1,0,0,0,1,4.55644E+20,5.42875E+21,8.39344E+15,4.90101E+16
119380,119381,8,1,18,19,2016,10,17,2,3,5,2,0,0,0,1,0,0,0,0,5.06422E+20,5.40632E+21,9.08747E+15,4.88099E+16
119381,119382,8,3,17,65,2016,10,7,3,2,1,7,0,0,1,0,0,0,0,1,4.15069E+20,5.35494E+21,7.85384E+15,4.83419E+16
119382,119383,8,2,12,0,2016,10,17,3,3,3,6,0,0,1,1,0,0,0,0,4.53895E+20,5.4289E+21,8.36952E+15,4.90113E+16
119383,119384,8,1,36,18,2016,10,18,1,2,8,1,1,1,0,0,0,1,0,0,5.89324E+20,5.42727E+21,1.0221E+16,4.89919E+16
119384,119385,8,1,18,67,2016,10,20,5,2,0,4,2,0,0,0,1,0,1,0,5.05827E+20,5.4151E+21,9.07949E+15,4.88888E+16
119385,119386,8,3,11,0,2016,10,12,2,2,2,6,0,0,0,1,0,0,0,0,4.13062E+20,5.32029E+21,7.83386E+15,4.803E+16
119386,119387,8,1,36,9,2016,10,17,2,3,0,1,0,0,1,0,0,0,0,0,5.67398E+20,5.40851E+21,9.91827E+15,4.88259E+16
119387,119388,8,2,12,0,2016,10,14,3,3,1,5,0,0,1,1,0,0,0,0,4.54857E+20,5.42851E+21,8.38271E+15,4.90078E+16
119388,119389,8,2,36,40,2016,10,12,1,3,5,3,0,0,1,1,0,0,0,0,4.89429E+20,5.42313E+21,8.85559E+15,4.8961E+16
119389,119390,8,1,19,20,2016,10,19,5,3,5,3,2,0,1,1,0,0,0,0,5.20217E+20,5.40712E+21,9.2754E+15,4.88167E+16
119390,119391,8,1,11,0,2016,10,11,3,2,4,6,0,0,0,1,0,0,0,0,5.16798E+20,5.41024E+21,9.22896E+15,4.88449E+16
119391,119392,8,1,16,19,2016,10,10,6,3,2,6,0,0,0,1,0,0,0,0,5.25419E+20,5.39623E+21,9.34558E+15,4.87186E+16
119392,119393,8,2,15,90,2016,10,12,4,3,0,3,0,0,0,1,0,0,0,1,4.65072E+20,5.43391E+21,8.52192E+15,4.9057E+16
119393,119394,8,3,27,49,2016,10,10,6,3,0,7,0,0,0,0,0,0,0,1,4.7259E+20,5.32452E+21,8.63204E+15,4.80733E+16
119394,119395,8,2,21,0,2016,10,19,2,3,5,2,2,0,0,1,0,0,0,0,4.77552E+20,5.47201E+21,8.6906E+15,4.94003E+16
119395,119396,8,1,18,46,2016,10,21,5,3,5,3,2,0,0,1,0,0,0,1,5.13029E+20,5.41398E+21,9.1777E+15,4.88786E+16
119396,119397,8,1,11,0,2016,10,20,2,3,1,5,2,0,0,1,0,0,0,0,5.12196E+20,5.40333E+21,9.16602E+15,4.87828E+16
119397,119398,8,3,11,0,2016,10,10,3,3,5,3,0,0,1,1,0,0,0,0,4.14566E+20,5.3182E+21,7.85445E+15,4.80114E+16
119398,119399,8,1,16,18,2016,10,13,1,3,5,2,0,0,0,1,0,0,0,0,5.3168E+20,5.37783E+21,9.42929E+15,4.85527E+16
119399,119400,8,1,36,19,2016,10,12,3,3,2,2,0,0,1,1,0,0,0,0,5.85599E+20,5.42335E+21,1.01693E+16,4.89571E+16
119400,119401,8,4,21,0,2016,10,16,4,3,2,7,0,0,0,1,0,1,0,0,5.7202E+20,5.35631E+21,9.97218E+15,4.83559E+16
119401,119402,8,1,11,0,2016,10,4,7,3,1,1,2,0,0,1,0,0,0,0,5.08502E+20,5.40642E+21,9.11581E+15,4.88107E+16
119402,119403,8,3,37,96,2016,10,12,7,3,4,1,0,0,0,1,0,0,0,1,4.1837E+20,5.2697E+21,7.91456E+15,4.75755E+16
119403,119404,8,1,27,14,2016,10,7,6,3,5,3,1,0,1,1,0,0,0,0,5.74505E+20,5.44338E+21,1.00215E+16,4.91387E+16
119404,119405,8,2,22,0,2016,10,4,1,3,1,7,2,0,0,1,0,0,0,0,4.64266E+20,5.48344E+21,8.50646E+15,4.95026E+16
119405,119406,8,2,22,0,2016,10,15,4,3,1,6,0,0,0,1,0,0,0,0,4.61745E+20,5.48446E+21,8.47154E+15,4.95115E+16
119406,119407,8,3,16,20,2016,10,13,5,3,6,4,0,0,0,0,1,0,0,1,4.08668E+20,5.33884E+21,7.77096E+15,4.81962E+16
119407,119408,8,1,11,0,2016,10,0,4,3,2,6,2,0,0,1,0,0,0,0,5.13678E+20,5.40421E+21,9.18622E+15,4.87907E+16
119408,119409,8,2,11,0,2016,10,15,7,3,2,2,0,0,0,1,0,1,0,0,4.41699E+20,5.40359E+21,8.20636E+15,4.87826E+16
119409,119410,8,4,36,11,2016,10,7,6,3,5,3,0,0,0,1,0,0,0,1,5.48594E+20,5.29746E+21,9.64928E+15,4.78287E+16
119410,119411,8,1,18,48,2016,10,16,1,2,5,3,0,0,0,1,0,0,0,0,5.12776E+20,5.41559E+21,9.1743E+15,4.88932E+16
119411,119412,8,3,11,0,2016,10,20,2,3,5,3,2,1,1,1,0,0,0,0,4.10999E+20,5.31604E+21,7.80707E+15,4.79915E+16
119412,119413,8,4,36,9,2016,10,9,4,2,5,3,0,0,0,1,0,0,0,0,5.53761E+20,5.30355E+21,9.71907E+15,4.7883E+16
119413,119414,8,3,15,6,2016,10,14,5,3,6,4,0,0,0,1,1,0,0,0,4.02828E+20,5.30787E+21,7.69943E+15,4.79168E+16
119414,119415,8,1,25,8,2016,10,14,6,3,0,1,0,0,1,0,0,0,0,0,5.2265E+20,5.43216E+21,9.30993E+15,4.90419E+16
119415,119416,8,2,22,0,2016,10,15,4,3,4,2,0,0,1,1,0,0,0,0,4.62831E+20,5.47907E+21,8.48705E+15,4.94632E+16
119416,119417,8,3,15,59,2016,10,7,5,3,5,3,1,1,0,1,0,1,0,0,3.992E+20,5.32136E+21,7.64772E+15,4.80376E+16
119417,119418,8,1,18,73,2016,10,18,6,3,6,6,2,0,0,1,1,0,0,0,4.98856E+20,5.41827E+21,8.98439E+15,4.89174E+16
119418,119419,8,2,26,96,2016,10,14,4,3,2,7,0,0,0,1,0,1,0,0,4.7521E+20,5.48844E+21,8.6573E+15,4.9548E+16
119419,119420,8,3,15,132,2016,10,7,5,3,5,3,2,1,1,1,0,0,0,0,4.09398E+20,5.32245E+21,7.78426E+15,4.80489E+16
119420,119421,8,1,11,0,2016,10,10,4,3,0,4,0,0,0,0,1,0,0,1,5.13942E+20,5.40445E+21,9.18983E+15,4.87929E+16
119421,119422,8,1,36,21,2016,10,18,7,3,1,1,1,0,0,1,0,0,0,0,5.75559E+20,5.40684E+21,1.00291E+16,4.881E+16
119422,119423,8,4,36,81,2016,10,21,6,3,8,1,2,0,0,1,0,0,0,0,5.62408E+20,5.28154E+21,9.83156E+15,4.76842E+16
119423,119424,8,1,18,46,2016,10,10,1,3,7,1,0,0,0,0,0,1,0,0,5.13531E+20,5.41099E+21,9.18445E+15,4.88517E+16
119424,119425,8,2,26,13,2016,10,13,2,3,6,2,0,0,0,1,1,0,0,0,4.98916E+20,5.48024E+21,8.98503E+15,4.94748E+16
119425,119426,8,2,22,0,2016,10,7,2,3,5,2,1,0,1,1,0,0,0,0,4.64793E+20,5.47764E+21,8.51426E+15,4.94504E+16
119426,119427,8,3,11,0,2016,10,11,4,3,5,3,0,0,0,1,0,1,0,0,4.10983E+20,5.3147E+21,7.80714E+15,4.79794E+16
119427,119428,8,3,11,0,2016,10,22,5,3,6,7,2,0,0,1,1,0,0,0,4.15119E+20,5.31587E+21,7.86231E+15,4.79905E+16
119428,119429,8,1,18,68,2016,10,17,6,3,0,7,0,0,0,0,0,1,0,1,5.01268E+20,5.4228E+21,9.01732E+15,4.89581E+16
119429,119430,8,3,37,116,2016,10,12,7,3,2,6,0,0,1,0,0,0,0,1,4.19767E+20,5.27049E+21,7.933E+15,4.75828E+16
119430,119431,8,2,15,17,2016,10,6,1,3,0,7,0,0,0,0,0,1,0,1,4.56526E+20,5.42114E+21,8.40631E+15,4.89417E+16
119431,119432,8,1,36,88,2016,10,15,7,3,2,6,0,0,0,1,0,0,0,0,5.80231E+20,5.40976E+21,1.00933E+16,4.88356E+16
119432,119433,8,4,36,8,2016,10,16,6,3,5,3,0,0,1,1,0,0,0,0,5.47561E+20,5.31081E+21,9.63695E+15,4.79488E+16
119433,119434,8,2,26,32,2016,10,15,2,2,5,2,0,0,0,1,0,1,0,0,4.66469E+20,5.4639E+21,8.53854E+15,4.93269E+16
119434,119435,8,4,25,33,2016,10,14,1,3,3,6,0,0,1,0,0,0,0,0,5.53327E+20,5.34905E+21,9.71895E+15,4.82924E+16
119435,119436,8,2,26,103,2016,10,11,4,2,8,1,0,0,0,1,0,0,0,0,4.71595E+20,5.45585E+21,8.60965E+15,4.92547E+16
119436,119437,8,3,11,0,2016,10,16,5,3,1,1,0,0,0,1,0,0,0,0,4.1194E+20,5.31502E+21,7.81989E+15,4.79824E+16
119437,119438,8,1,18,67,2016,10,16,6,3,4,3,0,0,0,1,0,0,0,0,5.05822E+20,5.41432E+21,9.07942E+15,4.88818E+16
119438,119439,8,4,25,88,2016,10,14,6,3,5,7,0,0,0,1,0,0,0,0,5.62352E+20,5.35023E+21,9.8408E+15,4.83022E+16
119439,119440,8,3,36,69,2016,10,17,7,3,1,1,0,0,0,1,0,0,0,1,4.08028E+20,5.26902E+21,7.77722E+15,4.75681E+16
119440,119441,8,4,16,41,2016,10,7,6,2,5,3,2,0,1,1,0,0,0,0,5.05004E+20,5.37542E+21,9.06778E+15,4.85319E+16
119441,119442,8,1,15,45,2016,10,13,1,3,0,1,0,0,1,0,0,0,0,0,5.00908E+20,5.39604E+21,9.01235E+15,4.87174E+16
119442,119443,8,1,16,78,2016,10,21,2,3,2,6,2,1,0,1,0,0,0,0,5.11005E+20,5.39489E+21,9.14959E+15,4.87069E+16
119443,119444,8,1,18,51,2016,10,11,6,3,2,6,0,0,0,1,0,0,0,0,5.09114E+20,5.41504E+21,9.12432E+15,4.88882E+16
119444,119445,8,2,12,0,2016,10,18,1,3,5,3,0,0,0,1,0,1,0,0,4.53118E+20,5.42896E+21,8.35888E+15,4.90117E+16
119445,119446,8,2,21,0,2016,10,7,4,3,5,3,1,0,1,1,0,0,0,0,4.74296E+20,5.47231E+21,8.64571E+15,4.94029E+16
119446,119447,8,2,12,0,2016,10,14,5,3,0,6,0,0,0,0,0,0,0,1,4.55733E+20,5.42831E+21,8.39471E+15,4.90061E+16
119447,119448,8,1,11,0,2016,10,17,1,2,6,4,0,0,0,1,1,0,0,0,5.14504E+20,5.40882E+21,9.19764E+15,4.88322E+16
119448,119449,8,2,12,0,2016,10,16,2,3,0,7,0,0,1,0,0,0,0,0,4.63301E+20,5.4283E+21,8.49819E+15,4.90065E+16
119449,119450,8,3,16,11,2016,10,17,1,3,1,6,0,0,0,1,0,0,0,0,4.12562E+20,5.33114E+21,7.82493E+15,4.81275E+16
119450,119451,8,2,21,0,2016,10,9,4,3,1,7,0,0,0,1,0,1,0,0,4.75383E+20,5.473E+21,8.66065E+15,4.94092E+16
119451,119452,8,2,37,28,2016,10,18,5,3,5,3,1,0,0,1,0,0,0,0,4.58339E+20,5.36856E+21,8.43638E+15,4.84688E+16
119452,119453,8,1,17,26,2016,10,20,6,3,5,3,2,0,0,1,0,1,0,0,5.4645E+20,5.39513E+21,9.63137E+15,4.87075E+16
119453,119454,8,4,15,50,2016,10,13,6,3,5,3,0,0,1,1,0,0,0,0,5.21277E+20,5.3762E+21,9.28824E+15,4.85386E+16
119454,119455,8,3,36,50,2016,10,23,7,3,5,3,2,0,0,1,0,0,0,0,3.99442E+20,5.27371E+21,7.66202E+15,4.76089E+16
119455,119456,8,1,16,33,2016,10,14,6,3,5,3,0,0,0,1,0,0,0,0,5.32222E+20,5.38857E+21,9.43747E+15,4.86494E+16
119456,119457,8,2,15,17,2016,10,18,1,3,0,7,0,0,1,0,0,0,0,0,4.56198E+20,5.42075E+21,8.40188E+15,4.89381E+16
119457,119458,8,2,21,0,2016,10,8,4,3,5,3,0,0,0,1,0,0,0,0,4.78475E+20,5.46909E+21,8.70349E+15,4.93741E+16
119458,119459,8,2,26,41,2016,10,18,5,3,0,7,0,0,1,0,0,0,0,0,4.77405E+20,5.46591E+21,8.68893E+15,4.93455E+16
119459,119460,8,1,11,0,2016,10,16,4,3,6,4,0,0,0,1,1,0,0,0,5.18245E+20,5.40178E+21,9.24829E+15,4.87688E+16
119460,119461,8,1,17,42,2016,10,14,7,2,5,3,0,0,1,1,0,0,0,0,5.54698E+20,5.3937E+21,9.74329E+15,4.8694E+16
119461,119462,8,4,15,61,2016,10,18,6,3,0,6,0,0,1,0,0,0,0,0,5.16584E+20,5.37115E+21,9.22447E+15,4.84933E+16
119462,119463,8,1,36,35,2016,10,3,1,3,5,3,2,0,0,1,0,0,0,0,5.79966E+20,5.43148E+21,1.0094E+16,4.9031E+16
119463,119464,8,1,11,0,2016,10,8,4,3,5,3,0,0,0,1,0,0,0,0,5.13012E+20,5.40904E+21,9.17731E+15,4.88342E+16
119464,119465,8,4,25,134,2016,10,13,7,2,0,1,0,0,1,0,0,0,0,0,5.46238E+20,5.37352E+21,9.62608E+15,4.85131E+16
119465,119466,8,4,15,61,2016,10,6,6,3,5,3,2,0,0,1,0,1,0,0,5.11841E+20,5.37111E+21,9.16026E+15,4.8493E+16
119466,119467,8,1,36,82,2016,10,15,1,3,5,3,0,0,0,1,0,1,0,0,5.89278E+20,5.41435E+21,1.02176E+16,4.88757E+16
119467,119468,8,3,17,1,2016,10,8,2,3,5,3,0,0,0,1,0,0,0,0,4.32531E+20,5.3873E+21,8.08424E+15,4.86352E+16
119468,119469,8,1,16,19,2016,10,13,6,3,2,6,0,0,0,1,0,0,0,0,5.22423E+20,5.39811E+21,9.30495E+15,4.87356E+16
119469,119470,8,2,21,0,2016,10,18,4,3,5,3,1,0,1,1,0,0,0,0,4.77845E+20,5.47325E+21,8.69457E+15,4.94116E+16
119470,119471,8,2,26,96,2016,10,14,5,3,0,7,0,0,1,0,0,0,0,0,4.76403E+20,5.488E+21,8.67381E+15,4.95441E+16
119471,119472,8,4,37,100,2016,10,7,3,3,8,7,0,0,1,0,0,0,0,0,5.32684E+20,5.31637E+21,9.43815E+15,4.79998E+16
119472,119473,8,2,16,49,2016,10,12,1,3,4,1,0,0,0,1,0,0,0,0,4.38864E+20,5.40208E+21,8.168E+15,4.87687E+16
119473,119474,8,1,19,20,2016,10,15,7,3,0,7,0,0,1,0,0,0,0,1,5.2142E+20,5.40698E+21,9.29178E+15,4.88154E+16
119474,119475,8,4,15,73,2016,10,13,6,3,0,6,0,0,0,0,0,1,0,1,5.16788E+20,5.35306E+21,9.2265E+15,4.83305E+16
119475,119476,8,1,11,0,2016,10,11,1,3,0,1,0,0,0,0,0,1,0,0,5.14383E+20,5.40406E+21,9.19582E+15,4.87894E+16
119476,119477,8,2,22,0,2016,10,18,2,3,5,2,1,0,1,1,0,0,0,0,4.62162E+20,5.48077E+21,8.47766E+15,4.94784E+16
119477,119478,8,2,22,0,2016,10,16,2,3,5,5,0,0,1,1,0,0,0,0,4.64211E+20,5.48475E+21,8.50558E+15,4.95144E+16
119478,119479,8,3,11,0,2016,10,9,4,2,6,1,0,0,1,0,1,0,0,0,4.14149E+20,5.31629E+21,7.84924E+15,4.79942E+16
119479,119480,8,2,26,84,2016,10,15,5,3,1,5,0,0,1,1,0,0,0,0,4.68938E+20,5.47062E+21,8.57199E+15,4.93875E+16
119480,119481,8,2,15,17,2016,10,7,2,2,0,7,0,0,1,0,0,0,0,0,4.56332E+20,5.4209E+21,8.4037E+15,4.89395E+16
119481,119482,8,3,16,10,2016,10,16,4,3,5,3,0,0,0,1,0,0,0,0,4.33197E+20,5.33847E+21,8.10106E+15,4.81959E+16
119482,119483,8,2,22,0,2016,10,14,5,3,5,3,0,0,1,1,0,0,0,0,4.63827E+20,5.48474E+21,8.50029E+15,4.95142E+16
119483,119484,8,1,16,19,2016,10,20,6,3,0,7,2,0,1,1,0,0,0,0,5.22697E+20,5.39852E+21,9.30871E+15,4.87393E+16
119484,119485,8,2,16,43,2016,10,8,4,3,5,3,1,0,1,1,0,0,0,0,4.42193E+20,5.41105E+21,8.21204E+15,4.88497E+16
119485,119486,8,2,21,0,2016,10,12,5,3,5,3,0,0,1,0,0,0,0,1,4.77003E+20,5.47285E+21,8.683E+15,4.94079E+16