FID,OBJECTID,ULAND,UREGBEZ,UKREIS,UGEMEINDE,UJAHR,UMONAT,USTUNDE,UWOCHENTAG,UKATEGORIE,UART,UTYP1,ULICHTVERH,IstStrasse,IstRad,IstPKW,IstFuss,IstKrad,IstGkfz,IstSonstig,LINREFX,LINREFY,XGCSWGS84,YGCSWGS84
119486,119487,8,3,35,43,2016,10,11,7,3,5,3,0,1,0,1,0,1,0,0,5.11462E+20,5.28125E+21,9.15273E+15,4.76845E+16
119487,119488,8,2,21,0,2016,10,0,2,3,5,3,2,0,0,1,0,0,0,0,4.74074E+20,5.47164E+21,8.64269E+15,4.93969E+16
119488,119489,8,4,15,61,2016,10,19,1,2,5,3,2,0,0,1,0,1,0,0,5.13965E+20,5.37205E+21,9.18905E+15,4.85014E+16
119489,119490,8,2,15,99,2016,10,17,4,3,0,1,0,0,1,1,0,0,0,0,4.62624E+20,5.445E+21,8.48738E+15,4.91567E+16
119490,119491,8,2,16,43,2016,10,13,5,3,3,2,0,0,1,1,0,0,0,0,4.42113E+20,5.41272E+21,8.2107E+15,4.88648E+16
119491,119492,8,1,15,54,2016,10,17,6,3,6,4,0,0,0,1,1,0,0,0,4.93105E+20,5.39569E+21,8.90627E+15,4.87142E+16
119492,119493,8,3,36,81,2016,10,19,6,3,0,1,2,1,1,0,0,0,0,0,4.11097E+20,5.2776E+21,7.81628E+15,4.76457E+16
119493,119494,8,1,15,4,2016,10,8,6,3,5,3,0,0,0,1,0,0,1,0,4.88367E+20,5.37441E+21,8.84246E+15,4.85227E+16
119494,119495,8,3,27,49,2016,10,21,7,2,8,1,2,0,0,1,0,0,0,0,4.72222E+20,5.32393E+21,8.62713E+15,4.8068E+16
119495,119496,8,3,35,79,2016,10,13,6,3,6,4,0,0,0,1,1,0,0,0,5.00892E+20,5.29999E+21,9.01192E+15,4.78532E+16
119496,119497,8,1,11,0,2016,10,2,1,2,8,1,2,0,0,1,0,0,0,0,5.18627E+20,5.40114E+21,9.25347E+15,4.8763E+16
119497,119498,8,1,19,8,2016,10,19,2,3,4,1,2,1,0,1,0,1,0,0,5.31834E+20,5.42171E+21,9.43477E+15,4.89475E+16
119498,119499,8,3,11,0,2016,10,2,1,3,8,1,2,0,1,0,0,0,0,0,4.13562E+20,5.31911E+21,7.8408E+15,4.80194E+16
119499,119500,8,2,15,9,2016,10,10,4,3,3,6,0,0,1,1,0,0,0,0,4.68767E+20,5.44267E+21,8.57181E+15,4.91361E+16
119500,119501,8,1,36,28,2016,10,7,5,3,5,3,0,0,1,1,0,0,0,0,5.6815E+20,5.40533E+21,9.92799E+15,4.87972E+16
119501,119502,8,4,26,21,2016,10,14,3,3,5,3,0,0,1,1,0,0,0,0,5.57806E+20,5.32771E+21,9.77643E+15,4.81001E+16
119502,119503,8,1,15,24,2016,10,12,6,2,5,3,0,0,1,1,0,0,0,0,5.01737E+20,5.38619E+21,9.02358E+15,4.86288E+16
119503,119504,8,1,19,41,2016,10,10,7,2,4,1,0,0,0,1,0,1,0,0,5.27092E+20,5.40871E+21,9.36915E+15,4.88308E+16
119504,119505,8,3,35,63,2016,10,13,6,3,5,3,0,0,1,1,0,0,0,0,4.9514E+20,5.28885E+21,8.93516E+15,4.7753E+16
119505,119506,8,1,35,16,2016,10,19,1,3,6,7,2,0,0,1,1,0,0,0,5.90444E+20,5.38224E+21,1.02264E+16,4.85867E+16
119506,119507,8,3,35,43,2016,10,17,2,3,5,2,0,1,1,1,0,0,0,0,5.11866E+20,5.28041E+21,9.15808E+15,4.7677E+16
119507,119508,8,3,27,50,2016,10,14,7,3,6,4,0,0,0,1,1,0,0,0,4.86776E+20,5.31458E+21,8.82277E+15,4.79843E+16
119508,119509,8,1,11,0,2016,10,14,6,2,3,7,0,0,0,1,0,1,0,0,5.10289E+20,5.39534E+21,9.13986E+15,4.8711E+16
119509,119510,8,3,15,113,2016,10,13,7,3,8,1,0,0,0,0,0,1,0,0,4.41505E+20,5.30762E+21,8.21706E+15,4.79192E+16
119510,119511,8,3,16,9,2016,10,11,6,3,6,4,0,0,0,1,1,0,0,0,4.16991E+20,5.32442E+21,7.88574E+15,4.80677E+16
119511,119512,8,1,11,0,2016,10,16,1,2,0,1,0,0,1,0,0,0,0,0,5.12744E+20,5.39947E+21,9.17336E+15,4.87481E+16
119512,119513,8,4,35,29,2016,10,15,1,3,5,3,0,0,1,1,0,0,0,0,5.44318E+20,5.27076E+21,9.58944E+15,4.75888E+16
119513,119514,8,1,11,0,2016,10,20,6,3,1,1,2,0,0,1,0,1,0,0,5.08889E+20,5.4063E+21,9.12107E+15,4.88096E+16
119514,119515,8,2,22,0,2016,10,16,1,3,5,3,0,0,0,1,0,0,0,0,4.66222E+20,5.47401E+21,8.53427E+15,4.94178E+16
119515,119516,8,2,15,9,2016,10,10,4,3,5,3,0,0,0,1,0,0,0,0,4.68136E+20,5.44294E+21,8.56315E+15,4.91385E+16
119516,119517,8,1,36,65,2016,10,17,5,3,5,3,0,0,1,1,0,0,0,0,5.56831E+20,5.40412E+21,9.77371E+15,4.87875E+16
119517,119518,8,4,26,120,2016,10,6,3,3,7,1,2,0,1,0,0,0,0,1,5.60795E+20,5.32428E+21,9.81608E+15,4.80689E+16
119518,119519,8,1,18,48,2016,10,11,7,3,4,2,0,0,1,1,0,0,0,0,5.132E+20,5.41587E+21,9.18009E+15,4.88956E+16
119519,119520,8,3,11,0,2016,10,4,6,3,0,1,2,0,1,0,0,0,0,0,4.14111E+20,5.31641E+21,7.8487E+15,4.79952E+16
119520,119521,8,1,27,14,2016,10,17,1,2,6,4,0,0,0,1,1,0,0,0,5.79093E+20,5.44253E+21,1.00842E+16,4.91305E+16
119521,119522,8,3,11,0,2016,10,18,2,3,2,7,1,1,0,1,0,0,0,1,4.11398E+20,5.31977E+21,7.81164E+15,4.80251E+16
119522,119523,8,3,35,75,2016,10,7,4,2,5,3,0,0,1,1,0,0,0,0,4.88168E+20,5.29016E+21,8.8421E+15,4.77647E+16
119523,119524,8,1,11,0,2016,10,22,6,3,0,7,2,0,0,0,0,1,0,0,5.16314E+20,5.40609E+21,9.22219E+15,4.88075E+16
119524,119525,8,2,12,0,2016,10,17,4,3,0,7,0,0,1,1,0,0,0,0,4.54031E+20,5.42845E+21,8.37143E+15,4.90072E+16
119525,119526,8,1,36,88,2016,10,14,5,3,3,5,0,0,1,1,0,0,0,0,5.80724E+20,5.40976E+21,1.01E+16,4.88356E+16
119526,119527,8,2,12,0,2016,10,8,4,3,5,3,0,0,1,1,0,0,0,0,4.55493E+20,5.4284E+21,8.39142E+15,4.90069E+16
119527,119528,8,1,36,88,2016,10,19,5,3,6,4,1,0,0,0,1,0,0,1,5.79474E+20,5.41005E+21,1.00831E+16,4.88383E+16
119528,119529,8,4,15,61,2016,10,10,3,3,5,3,0,0,1,1,0,0,0,0,5.15842E+20,5.37127E+21,9.21443E+15,4.84944E+16
119529,119530,8,1,18,46,2016,10,20,7,3,5,2,2,0,0,1,0,0,0,0,5.14326E+20,5.412E+21,9.19532E+15,4.88608E+16
119530,119531,8,3,11,0,2016,10,17,6,3,5,3,0,0,0,1,0,1,0,0,4.14186E+20,5.31788E+21,7.84941E+15,4.80085E+16
119531,119532,8,2,26,84,2016,10,17,2,3,3,6,0,1,0,1,0,0,0,0,4.67218E+20,5.46608E+21,8.54867E+15,4.93466E+16
119532,119533,8,3,11,0,2016,10,12,4,3,5,1,0,0,0,1,0,0,0,0,4.10625E+20,5.32253E+21,7.80071E+15,4.80498E+16
119533,119534,8,1,35,16,2016,10,23,5,3,7,1,2,0,0,1,0,0,0,0,5.91012E+20,5.38607E+21,1.0235E+16,4.86211E+16
119534,119535,8,4,37,100,2016,10,16,5,3,5,3,0,0,1,1,0,0,0,0,5.37128E+20,5.31749E+21,9.49782E+15,4.80096E+16
119535,119536,8,3,15,51,2016,10,11,7,3,0,7,0,0,0,0,0,0,0,1,4.18153E+20,5.3227E+21,7.90167E+15,4.80523E+16
119536,119537,8,4,36,81,2016,10,8,7,2,5,3,0,0,1,1,0,0,0,0,5.61621E+20,5.28156E+21,9.82108E+15,4.76845E+16
119537,119538,8,2,21,0,2016,10,9,2,2,0,7,0,0,1,1,0,0,0,0,4.75423E+20,5.4739E+21,8.66114E+15,4.94173E+16
119538,119539,8,3,17,96,2016,10,0,1,2,1,1,2,0,0,1,0,0,0,0,4.22226E+20,5.3703E+21,7.94756E+15,4.8481E+16
119539,119540,8,1,17,26,2016,10,11,7,2,6,4,0,0,0,1,1,0,0,0,5.4799E+20,5.39546E+21,9.65234E+15,4.87103E+16
119540,119541,8,2,35,46,2016,10,12,6,3,2,6,0,0,0,1,0,0,0,0,4.79106E+20,5.37716E+21,8.7169E+15,4.85472E+16
119541,119542,8,2,22,0,2016,10,14,2,3,2,7,0,0,1,1,0,0,0,0,4.60894E+20,5.48285E+21,8.45995E+15,4.9497E+16
119542,119543,8,4,26,21,2016,10,19,1,3,6,7,1,0,0,1,1,0,0,0,5.58628E+20,5.32771E+21,9.78748E+15,4.81E+16
119543,119544,8,2,31,0,2016,10,19,4,3,6,6,2,0,0,1,1,0,0,0,4.8137E+20,5.41159E+21,8.74602E+15,4.8857E+16
119544,119545,8,1,27,14,2016,10,23,5,2,5,3,2,0,1,1,0,0,0,0,5.75552E+20,5.44232E+21,1.00356E+16,4.91291E+16
119545,119546,8,4,36,49,2016,10,5,5,3,3,2,2,0,1,0,0,0,0,0,5.78252E+20,5.28309E+21,1.00429E+16,4.76965E+16
119546,119547,8,2,35,6,2016,10,15,6,3,6,5,0,0,0,1,1,0,0,0,4.70733E+20,5.38137E+21,8.60315E+15,4.85847E+16
119547,119548,8,2,12,0,2016,10,21,7,3,5,3,2,0,1,0,0,0,0,1,4.57419E+20,5.42871E+21,8.41771E+15,4.90098E+16
119548,119549,8,2,31,0,2016,10,17,6,3,1,6,0,0,0,1,0,0,0,0,4.7647E+20,5.4153E+21,8.67901E+15,4.88902E+16
119549,119550,8,4,36,9,2016,10,13,7,3,1,5,0,0,0,1,0,0,0,1,5.56227E+20,5.30693E+21,9.7525E+15,4.79132E+16
119550,119551,8,1,18,10,2016,10,13,2,2,0,1,0,0,1,0,0,0,0,0,5.0684E+20,5.43199E+21,9.09359E+15,4.90407E+16
119551,119552,8,4,35,16,2016,10,17,5,3,0,7,1,0,1,0,0,0,0,0,5.36875E+20,5.27937E+21,9.49118E+15,4.76666E+16
119552,119553,8,3,11,0,2016,10,1,1,3,6,7,2,0,0,1,1,0,0,0,4.14114E+20,5.31637E+21,7.84875E+15,4.79949E+16
119553,119554,8,1,18,48,2016,10,11,4,2,6,4,0,0,0,1,1,0,0,0,5.13824E+20,5.41545E+21,9.1886E+15,4.88918E+16
119554,119555,8,2,25,58,2016,10,19,5,2,6,4,1,0,0,1,1,0,0,0,5.10834E+20,5.46728E+21,9.1492E+15,4.93581E+16
119555,119556,8,4,15,61,2016,10,8,3,3,6,4,0,0,0,1,1,0,0,0,5.16498E+20,5.37026E+21,9.22327E+15,4.84852E+16
119556,119557,8,1,35,16,2016,10,16,4,3,2,6,0,0,1,0,0,0,0,0,5.90084E+20,5.38595E+21,1.02224E+16,4.86202E+16
119557,119558,8,1,19,79,2016,10,16,5,3,1,1,0,0,0,1,0,0,0,0,5.2351E+20,5.41203E+21,9.32053E+15,4.88608E+16
119558,119559,8,4,35,16,2016,10,7,5,3,5,3,0,0,0,1,0,0,0,0,5.36631E+20,5.2823E+21,9.48817E+15,4.76931E+16
119559,119560,8,2,31,0,2016,10,20,6,3,2,6,2,0,0,1,0,0,0,0,4.77869E+20,5.41519E+21,8.69809E+15,4.88893E+16
119560,119561,8,2,36,46,2016,10,15,7,3,5,3,0,0,0,1,0,0,0,0,4.86501E+20,5.41699E+21,8.81578E+15,4.89057E+16
119561,119562,8,4,35,59,2016,10,15,5,2,4,6,0,0,0,1,0,1,0,1,5.14852E+20,5.29009E+21,9.19819E+15,4.7764E+16
119562,119563,8,2,22,0,2016,10,17,1,3,5,3,0,0,1,1,0,0,0,0,4.61237E+20,5.4822E+21,8.46475E+15,4.94912E+16
119563,119564,8,1,27,76,2016,10,19,4,3,8,1,2,0,0,1,0,0,0,0,5.53455E+20,5.44079E+21,9.73256E+15,4.91176E+16
119564,119565,8,1,19,8,2016,10,18,5,3,4,2,1,0,1,1,0,0,0,0,5.31026E+20,5.42151E+21,9.42373E+15,4.89458E+16
119565,119566,8,3,35,75,2016,10,15,3,3,2,6,0,1,0,1,0,0,0,0,4.901E+20,5.28887E+21,8.86791E+15,4.77532E+16
119566,119567,8,1,17,49,2016,10,13,7,3,5,3,0,1,1,1,0,0,0,0,5.5616E+20,5.39169E+21,9.76288E+15,4.86757E+16
119567,119568,8,2,36,71,2016,10,17,6,3,5,3,0,0,1,1,0,0,0,0,4.69027E+20,5.42142E+21,8.577E+15,4.89449E+16
119568,119569,8,1,19,76,2016,10,18,1,3,5,3,1,0,0,1,0,0,0,0,5.43119E+20,5.40653E+21,9.58729E+15,4.88103E+16
119569,119570,8,2,15,17,2016,10,6,2,3,6,4,2,0,0,1,1,0,0,0,4.56844E+20,5.42086E+21,8.41069E+15,4.89392E+16
119570,119571,8,4,36,82,2016,10,13,4,2,1,2,0,0,1,1,0,0,0,0,5.47735E+20,5.2964E+21,9.63769E+15,4.78192E+16
119571,119572,8,1,18,48,2016,10,17,5,3,1,6,0,0,0,1,0,0,0,0,5.13466E+20,5.4155E+21,9.18372E+15,4.88923E+16
119572,119573,8,1,16,78,2016,10,22,7,3,5,3,2,0,0,1,0,0,0,0,5.14355E+20,5.39327E+21,9.19507E+15,4.86923E+16
119573,119574,8,2,26,56,2016,10,12,6,3,6,4,0,0,0,1,1,0,0,0,4.85232E+20,5.47136E+21,8.79648E+15,4.93947E+16
119574,119575,8,1,19,87,2016,10,6,1,3,9,1,2,0,0,1,0,0,0,0,5.30211E+20,5.42568E+21,9.41291E+15,4.89833E+16
119575,119576,8,3,25,57,2016,10,21,2,3,5,3,2,1,0,1,0,0,0,0,4.74354E+20,5.35676E+21,8.65376E+15,4.83635E+16
119576,119577,8,2,26,85,2016,10,20,7,2,8,7,2,0,1,0,0,0,0,0,4.91989E+20,5.4545E+21,8.88994E+15,4.92432E+16
119577,119578,8,4,21,0,2016,10,22,5,2,5,3,2,0,1,1,0,0,0,0,5.72087E+20,5.36193E+21,9.97406E+15,4.84064E+16
119578,119579,8,1,26,46,2016,10,18,4,3,1,7,1,0,0,1,0,0,0,0,5.49721E+20,5.45875E+21,9.68362E+15,4.92795E+16
119579,119580,8,1,17,19,2016,10,17,5,2,0,7,0,0,0,1,0,1,0,0,5.52412E+20,5.39419E+21,9.71229E+15,4.86985E+16
119580,119581,8,3,35,43,2016,10,14,3,3,5,2,0,0,0,1,0,0,0,1,5.12797E+20,5.27844E+21,9.17043E+15,4.76593E+16
119581,119582,8,1,16,78,2016,10,11,7,2,5,2,0,0,1,1,0,0,0,0,5.12155E+20,5.39067E+21,9.16509E+15,4.8669E+16
119582,119583,8,2,22,0,2016,10,13,6,3,5,3,0,0,0,1,0,0,0,1,4.68001E+20,5.47937E+21,8.55837E+15,4.94661E+16
119583,119584,8,4,36,81,2016,10,12,7,3,3,6,0,0,0,1,0,0,0,1,5.62414E+20,5.28232E+21,9.83174E+15,4.76912E+16
119584,119585,8,2,25,14,2016,10,17,2,3,5,3,0,0,1,1,0,0,0,0,5.22755E+20,5.48551E+21,9.3144E+15,4.95218E+16
119585,119586,8,2,22,0,2016,10,23,2,3,5,2,2,0,0,1,0,1,0,0,4.64432E+20,5.48469E+21,8.50865E+15,4.95138E+16
119586,119587,8,3,11,0,2016,10,7,4,3,0,7,0,0,1,1,0,0,0,0,4.1007E+20,5.31484E+21,7.79488E+15,4.79806E+16
119587,119588,8,1,16,19,2016,10,13,5,3,1,6,0,0,0,1,0,0,0,0,5.22117E+20,5.3981E+21,9.30079E+15,4.87355E+16
119588,119589,8,4,21,0,2016,10,12,5,3,1,5,0,0,1,1,0,0,0,0,5.71869E+20,5.36094E+21,9.97094E+15,4.83975E+16
119589,119590,8,4,15,61,2016,10,12,5,3,5,2,0,0,1,1,0,0,0,0,5.15121E+20,5.37169E+21,9.20468E+15,4.84981E+16
119590,119591,8,1,19,67,2016,10,16,4,3,2,6,0,0,0,1,0,0,0,0,5.37986E+20,5.40653E+21,9.51739E+15,4.88106E+16
119591,119592,8,1,16,19,2016,10,8,5,3,5,2,0,0,1,1,0,0,0,0,5.23363E+20,5.3966E+21,9.31766E+15,4.8722E+16
119592,119593,8,3,27,46,2016,10,15,3,3,5,3,0,1,0,1,0,1,0,0,4.80195E+20,5.32506E+21,8.7341E+15,4.80785E+16
119593,119594,8,2,26,18,2016,10,7,6,3,5,3,0,0,0,1,0,0,0,0,4.73102E+20,5.4717E+21,8.62929E+15,4.93974E+16
119594,119595,8,2,26,32,2016,10,5,2,2,2,6,2,0,0,1,0,1,0,0,4.66681E+20,5.46394E+21,8.54145E+15,4.93273E+16
119595,119596,8,4,15,61,2016,10,14,1,3,4,2,0,0,1,1,0,0,0,0,5.15916E+20,5.37039E+21,9.2154E+15,4.84865E+16
119596,119597,8,1,16,49,2016,10,13,5,3,5,3,0,0,1,1,0,0,0,0,5.2567E+20,5.38722E+21,9.34843E+15,4.86375E+16
119597,119598,8,3,37,126,2016,10,16,5,3,6,4,0,0,0,0,1,0,0,1,4.45468E+20,5.27589E+21,8.27408E+15,4.76341E+16
119598,119599,8,2,21,0,2016,10,7,6,3,5,3,1,0,1,1,0,0,0,0,4.76131E+20,5.47269E+21,8.67097E+15,4.94064E+16
119599,119600,8,2,26,32,2016,10,6,7,3,5,2,2,0,1,1,0,0,0,0,4.66403E+20,5.4641E+21,8.53762E+15,4.93287E+16
119600,119601,8,2,16,15,2016,10,8,6,3,0,7,0,0,1,0,0,0,0,0,4.49732E+20,5.40562E+21,8.31545E+15,4.88015E+16
119601,119602,8,4,17,2,2016,10,14,7,3,5,3,0,0,0,1,0,0,0,0,4.88847E+20,5.34523E+21,8.84973E+15,4.82602E+16
119602,119603,8,2,25,33,2016,10,22,7,3,9,1,2,0,0,0,0,0,0,1,5.10369E+20,5.46087E+21,9.14262E+15,4.93005E+16
119603,119604,8,2,15,7,2016,10,9,6,3,1,6,0,0,0,1,0,0,0,0,4.78641E+20,5.43166E+21,8.70776E+15,4.90375E+16
119604,119605,8,4,16,15,2016,10,16,7,3,5,3,0,0,0,1,0,1,0,0,5.07822E+20,5.36752E+21,9.10581E+15,4.84608E+16
119605,119606,8,1,36,65,2016,10,7,2,2,6,2,1,0,0,1,1,0,0,0,5.60051E+20,5.40573E+21,9.81777E+15,4.88017E+16
119606,119607,8,3,11,0,2016,10,5,1,3,0,1,2,0,1,0,0,0,0,0,4.12338E+20,5.31437E+21,7.82535E+15,4.79766E+16
119607,119608,8,1,18,48,2016,10,17,4,3,2,6,0,0,0,1,0,0,0,0,5.10864E+20,5.41877E+21,9.1483E+15,4.89218E+16
119608,119609,8,1,15,45,2016,10,9,5,3,2,6,0,0,0,1,0,0,0,0,4.99866E+20,5.39488E+21,8.99817E+15,4.8707E+16
119609,119610,8,3,36,69,2016,10,19,5,3,1,5,2,0,0,1,0,0,0,0,4.08753E+20,5.26831E+21,7.787E+15,4.75618E+16
119610,119611,8,1,15,3,2016,10,13,7,3,2,6,0,0,0,1,0,0,0,0,5.00718E+20,5.39339E+21,9.00975E+15,4.86936E+16
119611,119612,8,2,15,7,2016,10,20,6,3,2,6,2,0,0,1,0,0,0,0,4.77307E+20,5.43169E+21,8.6895E+15,4.90377E+16
119612,119613,8,2,22,0,2016,10,0,7,3,3,2,2,0,0,1,0,0,0,1,4.62034E+20,5.48196E+21,8.47578E+15,4.9489E+16
119613,119614,8,3,35,75,2016,10,16,5,3,8,6,0,0,1,1,0,0,0,0,4.87793E+20,5.29015E+21,8.8371E+15,4.77646E+16
119614,119615,8,1,18,81,2016,10,19,4,3,5,3,2,0,0,1,0,0,0,0,5.19917E+20,5.41529E+21,9.27171E+15,4.88902E+16
119615,119616,8,1,15,3,2016,10,16,5,3,2,7,0,0,0,1,0,0,0,0,5.01327E+20,5.39307E+21,9.01803E+15,4.86907E+16
119616,119617,8,3,26,74,2016,10,11,3,2,2,6,0,0,0,1,0,0,0,0,4.6062E+20,5.32197E+21,8.47158E+15,4.80498E+16
119617,119618,8,1,15,42,2016,10,17,2,3,5,3,1,1,0,1,0,0,0,0,4.96035E+20,5.40653E+21,8.946E+15,4.88118E+16
119618,119619,8,3,35,43,2016,10,7,5,3,0,6,0,0,1,0,0,0,0,0,5.13629E+20,5.27996E+21,9.18156E+15,4.76729E+16
119619,119620,8,2,35,84,2016,10,17,1,3,9,1,0,1,0,0,0,1,0,0,4.74268E+20,5.39555E+21,8.65021E+15,4.87125E+16
119620,119621,8,1,18,46,2016,10,17,4,3,0,7,0,0,1,0,0,0,0,0,5.1329E+20,5.41091E+21,9.18116E+15,4.8851E+16
119621,119622,8,1,11,0,2016,10,15,5,3,5,3,0,0,0,1,0,0,0,0,5.07852E+20,5.39784E+21,9.10679E+15,4.87336E+16
119622,119623,8,3,17,96,2016,10,17,3,3,6,4,0,0,0,1,1,0,0,0,4.22235E+20,5.36874E+21,7.94798E+15,4.84669E+16
119623,119624,8,1,15,3,2016,10,13,7,3,5,3,0,0,1,0,0,0,0,0,5.00807E+20,5.392E+21,9.01097E+15,4.86811E+16
119624,119625,8,2,15,102,2016,10,16,6,3,5,3,0,0,0,1,0,0,0,0,4.55679E+20,5.43604E+21,8.39312E+15,4.90756E+16
119625,119626,8,1,18,48,2016,10,14,1,3,2,7,0,0,1,1,0,0,0,0,5.13572E+20,5.41561E+21,9.18516E+15,4.88933E+16
119626,119627,8,3,11,0,2016,10,13,2,3,1,5,0,0,0,1,0,0,0,0,4.11796E+20,5.31778E+21,7.8174E+15,4.80072E+16
119627,119628,8,4,37,47,2016,10,20,5,2,5,3,2,0,0,1,0,1,0,0,5.1725E+20,5.34066E+21,9.23223E+15,4.82189E+16
119628,119629,8,1,18,80,2016,10,8,4,2,0,1,0,0,1,0,0,0,0,0,5.07112E+20,5.41136E+21,9.09696E+15,4.88551E+16
119629,119630,8,4,35,30,2016,10,16,4,3,0,1,0,0,1,0,0,0,0,0,5.40646E+20,5.27177E+21,9.54069E+15,4.75981E+16
119630,119631,8,3,17,96,2016,10,18,3,3,0,7,0,0,1,0,0,0,0,0,4.22736E+20,5.3737E+21,7.95383E+15,4.85117E+16
119631,119632,8,1,11,0,2016,10,9,7,3,5,2,0,0,0,1,0,0,0,1,5.11798E+20,5.40254E+21,9.16058E+15,4.87757E+16
119632,119633,8,2,12,0,2016,10,13,6,3,5,3,0,0,1,1,0,0,0,0,4.60435E+20,5.43102E+21,8.45874E+15,4.90308E+16
119633,119634,8,1,11,0,2016,10,10,7,3,5,2,0,0,0,1,0,0,0,1,5.14649E+20,5.40929E+21,9.19963E+15,4.88364E+16
119634,119635,8,2,16,22,2016,10,7,6,2,3,6,1,0,1,0,0,0,0,1,4.34574E+20,5.40498E+21,8.10916E+15,4.87943E+16
119635,119636,8,2,37,28,2016,10,12,2,3,5,3,0,0,0,1,0,1,0,0,4.56317E+20,5.36862E+21,8.40903E+15,4.84692E+16
119636,119637,8,3,16,11,2016,10,12,4,2,5,3,0,0,1,1,0,0,0,0,4.1501E+20,5.33005E+21,7.85804E+15,4.8118E+16
119637,119638,8,4,25,81,2016,10,17,4,2,6,3,0,0,0,1,1,0,0,0,5.47777E+20,5.34166E+21,9.64331E+15,4.82263E+16
119638,119639,8,3,35,75,2016,10,12,5,1,6,4,0,0,0,0,1,0,0,1,4.88115E+20,5.2896E+21,8.84141E+15,4.77597E+16
119639,119640,8,4,16,41,2016,10,22,4,3,0,1,2,0,1,0,0,0,0,0,5.04848E+20,5.3736E+21,9.06564E+15,4.85155E+16
119640,119641,8,2,21,0,2016,10,19,7,3,2,6,2,0,0,1,0,0,0,0,4.78769E+20,5.47298E+21,8.70733E+15,4.94092E+16
119641,119642,8,2,21,0,2016,10,7,2,3,5,2,0,1,0,1,0,1,0,0,4.76714E+20,5.47285E+21,8.67901E+15,4.94078E+16
119642,119643,8,3,17,96,2016,10,5,1,3,5,2,2,0,0,1,0,0,0,0,4.22717E+20,5.36893E+21,7.95446E+15,4.84688E+16
119643,119644,8,1,16,19,2016,10,18,4,3,2,6,0,0,0,1,0,1,0,0,5.22026E+20,5.39853E+21,9.29957E+15,4.87394E+16
119644,119645,8,3,37,126,2016,10,18,4,2,4,6,1,0,0,1,0,0,0,0,4.43217E+20,5.27652E+21,8.24404E+15,4.76396E+16
119645,119646,8,3,26,74,2016,10,14,5,3,0,1,0,0,1,0,0,0,0,0,4.5932E+20,5.32274E+21,8.45406E+15,4.80566E+16
119646,119647,8,2,22,0,2016,10,16,2,3,3,6,0,0,1,1,0,0,0,0,4.60967E+20,5.48237E+21,8.461E+15,4.94927E+16
119647,119648,8,4,35,16,2016,10,0,1,2,0,7,2,0,1,0,0,0,0,0,5.35148E+20,5.2776E+21,9.46803E+15,4.76508E+16
119648,119649,8,2,12,0,2016,10,7,4,3,5,3,1,0,0,1,0,1,0,0,4.58374E+20,5.43083E+21,8.43056E+15,4.9029E+16
119649,119650,8,3,35,75,2016,10,18,4,3,0,1,1,0,1,0,0,0,0,0,4.87896E+20,5.29011E+21,8.83848E+15,4.77643E+16
119650,119651,8,4,17,75,2016,10,12,5,2,5,3,0,0,0,0,0,1,1,0,5.08695E+20,5.33651E+21,9.11698E+15,4.81818E+16
119651,119652,8,2,15,46,2016,10,19,7,2,0,7,2,0,1,0,0,0,0,0,4.51019E+20,5.4146E+21,8.3319E+15,4.88824E+16
119652,119653,8,1,15,45,2016,10,14,6,2,5,3,0,0,1,1,0,0,0,0,5.00613E+20,5.39423E+21,9.00834E+15,4.87011E+16
119653,119654,8,4,16,11,2016,10,16,7,2,8,1,0,0,1,0,0,0,0,0,5.04504E+20,5.36646E+21,9.06091E+15,4.84512E+16
119654,119655,8,1,36,42,2016,10,16,2,2,0,7,0,0,1,0,0,0,1,0,5.48297E+20,5.40485E+21,9.65761E+15,4.87948E+16
119655,119656,8,3,16,56,2016,10,22,5,2,0,1,2,0,1,0,0,0,0,0,4.23488E+20,5.32856E+21,7.9722E+15,4.81057E+16
119656,119657,8,3,15,98,2016,10,2,1,3,1,1,2,0,0,1,0,0,0,1,4.03972E+20,5.31249E+21,7.7137E+15,4.79585E+16
119657,119658,8,1,15,3,2016,10,15,4,3,5,3,0,0,0,1,0,0,0,0,4.99137E+20,5.39219E+21,8.98828E+15,4.86827E+16
119658,119659,8,3,17,65,2016,10,19,3,3,0,1,1,0,1,0,0,0,0,0,4.14723E+20,5.35464E+21,7.84923E+15,4.83392E+16
119659,119660,8,3,35,35,2016,10,7,2,3,9,6,1,1,1,1,0,0,0,0,4.83906E+20,5.2898E+21,8.78524E+15,4.77614E+16
119660,119661,8,1,11,0,2016,10,13,7,3,5,3,0,0,1,1,0,0,0,0,5.07684E+20,5.39765E+21,9.1045E+15,4.87318E+16
119661,119662,8,1,15,45,2016,10,8,5,3,0,7,0,1,0,1,0,0,0,0,5.00378E+20,5.39436E+21,9.00514E+15,4.87023E+16
119662,119663,8,3,25,49,2016,10,10,7,3,6,4,0,0,0,1,1,0,0,0,4.72172E+20,5.33518E+21,8.62573E+15,4.81692E+16