FID,OBJECTID,ULAND,UREGBEZ,UKREIS,UGEMEINDE,UJAHR,UMONAT,USTUNDE,UWOCHENTAG,UKATEGORIE,UART,UTYP1,ULICHTVERH,IstStrasse,IstRad,IstPKW,IstFuss,IstKrad,IstGkfz,IstSonstig,LINREFX,LINREFY,XGCSWGS84,YGCSWGS84
119663,119664,8,1,18,48,2016,10,11,6,3,5,2,0,0,0,1,0,1,0,0,5.19322E+20,5.41722E+21,9.26368E+15,4.89077E+16
119664,119665,8,4,16,41,2016,10,11,3,2,0,7,0,1,1,0,0,0,0,1,5.04985E+20,5.37583E+21,9.06753E+15,4.85355E+16
119665,119666,8,3,16,56,2016,10,10,4,3,6,4,0,0,0,1,1,0,0,0,4.2285E+20,5.32754E+21,7.96382E+15,4.80965E+16
119666,119667,8,1,11,0,2016,10,12,3,3,5,3,0,0,0,1,0,0,0,0,5.15192E+20,5.40282E+21,9.20678E+15,4.87782E+16
119667,119668,8,2,12,0,2016,10,13,2,3,6,4,0,1,0,0,1,0,0,1,4.5689E+20,5.42815E+21,8.41054E+15,4.90047E+16
119668,119669,8,2,22,0,2016,10,4,1,3,1,5,2,1,1,1,0,0,0,0,4.62284E+20,5.48279E+21,8.47915E+15,4.94966E+16
119669,119670,8,4,36,82,2016,10,18,6,3,0,7,2,0,0,0,1,1,0,0,5.47599E+20,5.29443E+21,9.63567E+15,4.78015E+16
119670,119671,8,1,27,14,2016,10,13,2,3,2,2,0,1,0,1,0,1,0,0,5.77311E+20,5.44306E+21,1.00599E+16,4.91355E+16
119671,119672,8,1,11,0,2016,10,12,5,3,2,2,0,0,0,1,0,0,0,0,5.18469E+20,5.40188E+21,9.25134E+15,4.87697E+16
119672,119673,8,4,15,59,2016,10,15,3,3,6,2,0,0,0,1,1,0,0,0,5.16849E+20,5.36797E+21,9.22793E+15,4.84647E+16
119673,119674,8,3,16,56,2016,10,7,4,3,4,2,2,1,0,1,0,0,0,1,4.23217E+20,5.32787E+21,7.96868E+15,4.80994E+16
119674,119675,8,1,18,48,2016,10,14,6,3,1,6,0,0,0,1,0,0,0,0,5.12764E+20,5.41558E+21,9.17414E+15,4.8893E+16
119675,119676,8,4,15,14,2016,10,6,3,3,6,4,2,1,0,0,1,1,0,0,5.25587E+20,5.37505E+21,9.34657E+15,4.85281E+16
119676,119677,8,3,16,53,2016,10,8,4,3,5,3,0,0,1,1,0,0,0,0,4.04458E+20,5.34216E+21,7.71357E+15,4.82255E+16
119677,119678,8,1,18,79,2016,10,16,6,3,8,2,0,0,1,0,0,0,0,0,5.09304E+20,5.42321E+21,9.1271E+15,4.89617E+16
119678,119679,8,3,37,126,2016,10,13,3,3,6,7,0,0,0,0,1,0,0,1,4.41087E+20,5.27465E+21,8.21593E+15,4.76226E+16
119679,119680,8,3,15,74,2016,10,7,4,3,5,3,1,1,1,1,0,0,0,0,3.97287E+20,5.29631E+21,7.62803E+15,4.78119E+16
119680,119681,8,1,11,0,2016,10,19,3,2,6,2,2,1,0,1,1,0,0,0,5.1513E+20,5.40983E+21,9.2062E+15,4.88413E+16
119681,119682,8,2,15,9,2016,10,16,5,3,5,3,0,1,0,1,0,1,0,0,4.69443E+20,5.44103E+21,8.5812E+15,4.91214E+16
119682,119683,8,2,26,96,2016,10,15,2,3,5,3,0,1,1,1,0,0,0,0,4.76154E+20,5.48833E+21,8.67035E+15,4.95471E+16
119683,119684,8,2,22,0,2016,10,16,1,3,6,4,0,0,0,1,1,0,0,0,4.61543E+20,5.483E+21,8.46889E+15,4.94984E+16
119684,119685,8,4,21,0,2016,10,7,6,3,0,1,1,1,0,0,0,1,0,0,5.72335E+20,5.3612E+21,9.97728E+15,4.83998E+16
119685,119686,8,1,15,29,2016,10,4,2,3,1,7,2,1,0,1,0,0,0,0,4.97339E+20,5.39829E+21,8.9638E+15,4.87376E+16
119686,119687,8,1,11,0,2016,10,17,5,3,2,6,1,0,0,1,0,0,0,0,5.13503E+20,5.40327E+21,9.18381E+15,4.87823E+16
119687,119688,8,3,35,28,2016,10,18,3,3,5,3,1,0,0,1,0,0,0,0,4.83549E+20,5.28635E+21,8.78061E+15,4.77303E+16
119688,119689,8,3,11,0,2016,10,11,4,3,6,4,0,0,0,1,1,0,0,0,4.14771E+20,5.32077E+21,7.85668E+15,4.80345E+16
119689,119690,8,1,17,19,2016,10,17,6,3,2,6,0,0,0,1,0,0,0,0,5.51961E+20,5.39378E+21,9.7061E+15,4.86949E+16
119690,119691,8,1,19,79,2016,10,19,5,2,5,2,2,1,0,1,0,0,0,0,5.21456E+20,5.40928E+21,9.29238E+15,4.88361E+16
119691,119692,8,3,16,14,2016,10,10,7,3,8,6,0,0,0,1,0,1,0,0,4.25023E+20,5.32892E+21,7.99276E+15,4.81091E+16
119692,119693,8,2,12,0,2016,10,19,2,3,5,3,1,1,1,1,0,0,0,0,4.61868E+20,5.42789E+21,8.47863E+15,4.90027E+16
119693,119694,8,1,28,131,2016,10,11,5,3,5,3,0,1,0,1,0,1,0,0,5.35922E+20,5.51115E+21,9.49867E+15,4.97517E+16
119694,119695,8,2,22,0,2016,10,19,2,3,2,6,2,1,0,1,0,0,0,0,4.64613E+20,5.48522E+21,8.51109E+15,4.95185E+16
119695,119696,8,1,35,16,2016,10,11,2,3,4,2,0,0,0,1,0,0,0,0,5.8976E+20,5.38553E+21,1.02179E+16,4.86164E+16
119696,119697,8,2,22,0,2016,10,17,1,3,6,5,0,0,0,1,1,0,0,0,4.6123E+20,5.48122E+21,8.46475E+15,4.94824E+16
119697,119698,8,4,16,41,2016,10,7,6,3,0,7,2,1,0,0,0,1,0,1,5.03534E+20,5.37417E+21,9.04786E+15,4.85207E+16
119698,119699,8,3,35,75,2016,10,13,3,3,4,7,0,0,0,1,0,0,0,0,4.88402E+20,5.29081E+21,8.8452E+15,4.77706E+16
119699,119700,8,3,11,0,2016,10,18,4,3,4,2,2,0,0,1,0,1,0,0,4.09945E+20,5.31696E+21,7.79275E+15,4.79996E+16
119700,119701,8,1,17,31,2016,10,17,6,3,8,1,0,0,0,1,0,0,0,0,5.52938E+20,5.37547E+21,9.71704E+15,4.85301E+16
119701,119702,8,4,15,61,2016,10,13,6,3,2,6,0,0,0,1,0,0,0,0,5.16278E+20,5.37014E+21,9.22029E+15,4.84842E+16
119702,119703,8,1,16,78,2016,10,8,5,2,0,1,0,1,1,0,0,0,0,0,5.09574E+20,5.39351E+21,9.1301E+15,4.86945E+16
119703,119704,8,3,11,0,2016,10,14,7,3,0,7,0,0,1,0,0,0,0,1,4.14077E+20,5.31592E+21,7.84834E+15,4.79908E+16
119704,119705,8,3,35,75,2016,10,16,6,3,2,2,0,1,0,1,0,0,0,0,4.88693E+20,5.28988E+21,8.84911E+15,4.77621E+16
119705,119706,8,1,11,0,2016,10,17,2,3,5,3,0,0,0,1,0,0,0,0,5.1114E+20,5.39813E+21,9.15151E+15,4.87361E+16
119706,119707,8,1,17,18,2016,10,15,6,2,4,1,0,0,0,1,0,1,0,0,5.38483E+20,5.39598E+21,9.52317E+15,4.87157E+16
119707,119708,8,3,17,5,2016,10,17,3,3,5,3,0,0,0,1,0,0,0,0,4.24329E+20,5.37625E+21,7.97494E+15,4.85348E+16
119708,119709,8,3,11,0,2016,10,20,4,3,3,2,2,0,1,1,0,0,0,0,4.14615E+20,5.31748E+21,7.85524E+15,4.80049E+16
119709,119710,8,4,26,62,2016,10,0,1,3,6,4,2,0,0,1,1,0,0,0,5.53145E+20,5.32079E+21,9.71298E+15,4.80382E+16
119710,119711,8,3,16,56,2016,10,6,3,3,3,2,1,1,1,1,0,0,0,0,4.23484E+20,5.32821E+21,7.97222E+15,4.81026E+16
119711,119712,8,3,11,0,2016,10,8,4,3,1,6,0,1,0,1,0,0,0,0,4.10156E+20,5.31545E+21,7.79589E+15,4.79861E+16
119712,119713,8,1,16,19,2016,10,15,6,3,5,3,0,0,1,1,0,0,0,0,5.21159E+20,5.39809E+21,9.28777E+15,4.87354E+16
119713,119714,8,3,35,43,2016,10,8,6,3,2,6,0,0,1,0,0,0,0,1,5.13435E+20,5.27992E+21,9.17898E+15,4.76725E+16
119714,119715,8,1,11,0,2016,10,10,5,3,2,6,0,0,0,1,0,0,0,0,5.12947E+20,5.40135E+21,9.17618E+15,4.8765E+16
119715,119716,8,2,15,59,2016,10,15,7,3,6,6,0,0,0,1,1,0,0,0,4.83154E+20,5.4375E+21,8.76927E+15,4.90901E+16
119716,119717,8,1,16,19,2016,10,13,6,3,5,3,0,0,1,0,0,0,0,1,5.2185E+20,5.39869E+21,9.2972E+15,4.87408E+16
119717,119718,8,3,16,9,2016,10,8,3,3,0,3,0,1,1,1,0,0,0,0,4.18218E+20,5.32443E+21,7.90222E+15,4.80679E+16
119718,119719,8,3,36,50,2016,10,7,4,2,5,3,1,0,1,0,0,0,0,0,3.99594E+20,5.27223E+21,7.66438E+15,4.75957E+16
119719,119720,8,1,11,0,2016,10,18,3,2,6,4,1,0,1,0,1,0,0,0,5.07629E+20,5.39615E+21,9.10372E+15,4.87184E+16
119720,119721,8,2,15,7,2016,10,21,2,2,8,1,2,1,0,1,0,0,0,0,4.77442E+20,5.43163E+21,8.69137E+15,4.90371E+16
119721,119722,8,2,21,0,2016,10,18,1,3,6,7,1,0,0,1,1,0,0,0,4.78517E+20,5.46769E+21,8.70414E+15,4.93615E+16
119722,119723,8,3,25,53,2016,10,23,6,3,7,7,2,0,0,0,0,0,0,1,4.57846E+20,5.34158E+21,8.43241E+15,4.82261E+16
119723,119724,8,1,27,76,2016,10,10,2,2,1,1,0,0,0,1,0,0,0,0,5.54567E+20,5.44071E+21,9.74778E+15,4.91168E+16
119724,119725,8,1,11,0,2016,10,0,3,3,0,1,2,1,1,0,0,0,0,0,5.11362E+20,5.40094E+21,9.15461E+15,4.87614E+16
119725,119726,8,2,16,43,2016,10,21,1,3,5,3,2,1,0,1,0,0,0,0,4.41386E+20,5.41202E+21,8.20089E+15,4.88584E+16
119726,119727,8,3,17,96,2016,10,13,6,3,2,6,0,0,0,1,0,0,0,0,4.21228E+20,5.36808E+21,7.93448E+15,4.84609E+16
119727,119728,8,1,21,0,2016,10,11,2,3,5,3,0,1,0,1,0,0,0,0,5.16902E+20,5.44346E+21,9.23175E+15,4.91437E+16
119728,119729,8,1,11,0,2016,10,19,5,3,5,3,2,0,1,1,0,0,0,0,5.12361E+20,5.40141E+21,9.16822E+15,4.87656E+16
119729,119730,8,1,16,33,2016,10,19,6,3,2,6,2,1,0,1,0,0,0,0,5.32689E+20,5.38811E+21,9.44378E+15,4.86452E+16
119730,119731,8,3,16,17,2016,10,17,3,3,0,6,0,0,1,1,0,0,0,0,4.08774E+20,5.34149E+21,7.77182E+15,4.82201E+16
119731,119732,8,2,12,0,2016,10,14,4,3,5,2,0,0,0,1,0,0,0,0,4.54312E+20,5.42933E+21,8.37516E+15,4.90152E+16
119732,119733,8,4,35,16,2016,10,18,2,2,4,2,1,1,0,1,0,1,0,0,5.374E+20,5.27856E+21,9.4981E+15,4.76593E+16
119733,119734,8,2,12,0,2016,10,0,5,3,1,6,2,1,0,1,0,0,0,0,4.57851E+20,5.43038E+21,8.42345E+15,4.90249E+16
119734,119735,8,2,25,14,2016,10,19,2,3,5,2,2,1,0,1,0,0,0,0,5.23069E+20,5.48556E+21,9.31874E+15,4.95223E+16
119735,119736,8,1,35,20,2016,10,11,2,3,5,3,0,0,1,1,0,0,0,0,5.86085E+20,5.38644E+21,1.01682E+16,4.86251E+16
119736,119737,8,1,25,65,2016,10,19,1,2,4,2,2,0,0,1,0,1,0,0,5.16963E+20,5.44871E+21,9.2328E+15,4.9191E+16
119737,119738,8,3,17,57,2016,10,9,6,3,6,7,0,1,0,1,1,0,0,0,4.1273E+20,5.38116E+21,7.81681E+15,4.85775E+16
119738,119739,8,4,15,53,2016,10,16,1,3,5,2,0,0,0,1,0,0,0,0,5.37023E+20,5.36272E+21,9.50035E+15,4.84166E+16
119739,119740,8,4,36,83,2016,10,19,4,3,0,1,2,0,1,0,0,0,0,0,5.29409E+20,5.30213E+21,9.39327E+15,4.78718E+16
119740,119741,8,3,11,0,2016,10,9,3,3,2,2,0,1,0,1,0,1,0,0,4.12185E+20,5.31708E+21,7.82276E+15,4.80009E+16
119741,119742,8,2,37,4,2016,10,16,4,3,8,1,0,0,0,1,1,0,0,0,4.53963E+20,5.37297E+21,8.3767E+15,4.85082E+16
119742,119743,8,4,26,21,2016,10,17,4,2,5,3,0,0,1,1,0,0,0,0,5.59727E+20,5.32926E+21,9.80245E+15,4.81138E+16
119743,119744,8,3,11,0,2016,10,11,3,3,2,1,0,1,0,1,0,0,0,0,4.1306E+20,5.3203E+21,7.83383E+15,4.80301E+16
119744,119745,8,2,36,44,2016,10,10,4,3,5,3,0,0,0,1,0,0,0,1,4.83757E+20,5.40753E+21,8.77872E+15,4.88206E+16
119745,119746,8,1,15,21,2016,10,7,6,3,0,1,1,1,1,0,0,0,0,0,4.90138E+20,5.38238E+21,8.86626E+15,4.85944E+16
119746,119747,8,3,11,0,2016,10,0,3,3,0,7,2,1,1,0,0,1,0,0,4.13966E+20,5.31723E+21,7.84659E+15,4.80025E+16
119747,119748,8,2,35,46,2016,10,19,4,2,6,2,2,0,0,1,1,0,0,0,4.79075E+20,5.37686E+21,8.7165E+15,4.85445E+16
119748,119749,8,1,25,79,2016,10,9,5,3,6,4,0,1,0,0,1,0,1,0,5.11974E+20,5.45427E+21,9.1645E+15,4.92411E+16
119749,119750,8,2,12,0,2016,10,22,7,3,1,7,2,0,1,1,0,0,0,0,4.57204E+20,5.42847E+21,8.41481E+15,4.90076E+16
119750,119751,8,2,22,0,2016,10,7,2,3,6,5,2,1,0,1,1,0,0,0,4.62143E+20,5.48288E+21,8.4772E+15,4.94973E+16
119751,119752,8,3,11,0,2016,10,7,3,3,0,1,0,1,0,1,0,1,0,0,4.10759E+20,5.31797E+21,7.80346E+15,4.80088E+16
119752,119753,8,2,31,0,2016,10,11,4,3,5,3,0,0,0,1,0,0,0,0,4.78537E+20,5.41532E+21,8.7072E+15,4.88905E+16
119753,119754,8,1,11,0,2016,10,12,6,3,5,2,0,0,0,1,0,0,0,0,5.10516E+20,5.40194E+21,9.14311E+15,4.87704E+16
119754,119755,8,3,16,11,2016,10,15,6,3,0,1,0,0,0,0,0,1,0,0,4.15223E+20,5.32838E+21,7.86123E+15,4.81031E+16
119755,119756,8,1,16,19,2016,10,6,5,2,4,2,2,1,1,1,0,0,0,0,5.24948E+20,5.39704E+21,9.33923E+15,4.87259E+16
119756,119757,8,1,11,0,2016,10,16,6,3,6,4,0,0,0,1,1,0,0,0,5.14166E+20,5.4035E+21,9.19285E+15,4.87844E+16
119757,119758,8,1,18,79,2016,10,14,5,3,6,4,0,1,0,1,1,0,0,0,5.09904E+20,5.42277E+21,9.13529E+15,4.89578E+16
119758,119759,8,2,35,85,2016,10,13,7,3,4,6,0,0,0,1,0,0,0,0,4.82752E+20,5.39334E+21,8.76563E+15,4.86928E+16
119759,119760,8,2,11,0,2016,10,15,2,2,0,1,0,1,0,0,0,1,0,0,4.44198E+20,5.40094E+21,8.24073E+15,4.87589E+16
119760,119761,8,3,15,74,2016,10,6,6,3,4,2,2,1,0,1,0,0,0,0,3.95643E+20,5.29604E+21,7.60615E+15,4.78092E+16
119761,119762,8,3,37,96,2016,10,20,1,3,6,7,2,1,0,1,1,0,0,0,4.19963E+20,5.26811E+21,7.93604E+15,4.75614E+16
119762,119763,8,3,11,0,2016,10,11,3,3,2,1,0,0,1,1,0,0,0,0,4.14578E+20,5.31565E+21,7.85511E+15,4.79884E+16
119763,119764,8,2,36,72,2016,10,16,4,3,0,1,2,1,0,0,0,1,0,0,4.65365E+20,5.4105E+21,8.52792E+15,4.88465E+16
119764,119765,8,4,36,81,2016,10,7,2,3,3,6,0,0,1,1,0,0,0,0,5.62359E+20,5.28159E+21,9.83092E+15,4.76846E+16
119765,119766,8,1,11,0,2016,10,14,6,3,2,6,0,0,0,1,0,0,0,0,5.12415E+20,5.40707E+21,9.16912E+15,4.88165E+16
119766,119767,8,1,17,19,2016,10,18,1,3,5,2,1,0,1,1,0,0,0,0,5.52008E+20,5.39443E+21,9.70683E+15,4.87007E+16
119767,119768,8,3,11,0,2016,10,19,6,3,1,6,2,0,0,1,0,0,0,0,4.13557E+20,5.31904E+21,7.84075E+15,4.80188E+16
119768,119769,8,1,19,42,2016,10,14,2,3,5,3,0,0,0,1,0,0,0,0,5.28771E+20,5.41496E+21,9.39247E+15,4.88869E+16
119769,119770,8,4,17,25,2016,10,16,4,3,6,4,0,0,0,1,1,0,0,0,4.85972E+20,5.35895E+21,8.81054E+15,4.83836E+16
119770,119771,8,2,21,0,2016,10,20,7,3,5,3,2,1,1,0,0,0,0,0,4.74378E+20,5.47235E+21,8.64684E+15,4.94033E+16
119771,119772,8,1,11,0,2016,10,5,6,3,5,2,2,1,0,1,0,0,0,0,5.13183E+20,5.4101E+21,9.17967E+15,4.88437E+16
119772,119773,8,2,16,7,2016,10,17,7,3,5,3,0,0,0,1,0,0,0,0,4.35682E+20,5.3956E+21,8.12571E+15,4.87101E+16
119773,119774,8,3,11,0,2016,10,18,6,3,5,3,0,0,1,1,0,0,0,0,4.09801E+20,5.31704E+21,7.79081E+15,4.80003E+16
119774,119775,8,3,36,50,2016,10,13,1,3,5,3,0,1,0,1,0,0,0,0,3.99357E+20,5.27345E+21,7.66095E+15,4.76067E+16
119775,119776,8,4,36,82,2016,10,20,5,3,8,7,2,0,0,1,0,0,0,0,5.47759E+20,5.29479E+21,9.63784E+15,4.78047E+16
119776,119777,8,3,36,103,2016,10,12,3,3,8,7,0,1,0,0,0,0,1,0,4.15283E+20,5.28497E+21,7.87057E+15,4.77126E+16
119777,119778,8,2,26,62,2016,10,20,4,3,7,7,2,1,1,0,0,0,0,1,4.70392E+20,5.468E+21,8.59222E+15,4.9364E+16
119778,119779,8,4,36,81,2016,10,19,2,3,3,6,2,1,1,0,0,0,0,0,5.56965E+20,5.27625E+21,9.75835E+15,4.76371E+16
119779,119780,8,3,36,91,2016,10,15,2,3,5,3,0,0,1,1,0,0,0,0,3.97404E+20,5.27214E+21,7.63528E+15,4.75946E+16
119780,119781,8,1,15,3,2016,10,10,1,3,1,6,0,0,0,1,0,0,0,0,4.99526E+20,5.39274E+21,8.99356E+15,4.86877E+16
119781,119782,8,2,12,0,2016,10,12,6,3,0,7,0,0,1,1,0,0,0,0,4.55876E+20,5.42686E+21,8.39682E+15,4.89931E+16
119782,119783,8,1,19,8,2016,10,21,2,3,0,3,2,1,0,0,0,1,0,1,5.31662E+20,5.42262E+21,9.4325E+15,4.89557E+16
119783,119784,8,4,16,41,2016,10,8,4,3,4,2,0,0,0,1,0,0,0,0,5.02765E+20,5.37548E+21,9.03746E+15,4.85324E+16
119784,119785,8,3,36,91,2016,10,10,3,3,5,3,0,0,0,1,0,0,0,0,3.94713E+20,5.27258E+21,7.59939E+15,4.75981E+16
119785,119786,8,4,15,78,2016,10,16,5,3,5,3,0,0,0,1,0,1,0,0,5.29178E+20,5.37136E+21,9.39494E+15,4.84947E+16
119786,119787,8,2,12,0,2016,10,22,3,3,0,2,2,1,1,1,0,0,0,0,4.56538E+20,5.42682E+21,8.40587E+15,4.89928E+16
119787,119788,8,2,26,96,2016,10,19,4,2,5,3,2,1,0,1,0,0,0,0,4.75064E+20,5.48859E+21,8.65527E+15,4.95494E+16
119788,119789,8,1,15,29,2016,10,6,5,2,6,4,2,1,0,1,1,0,0,0,4.96724E+20,5.3991E+21,8.95543E+15,4.87449E+16
119789,119790,8,2,25,58,2016,10,16,3,3,0,1,0,0,0,1,0,1,0,0,5.07907E+20,5.46606E+21,9.10886E+15,4.93472E+16
119790,119791,8,2,21,0,2016,10,16,4,3,5,3,0,0,1,1,0,0,0,0,4.76681E+20,5.47005E+21,8.67871E+15,4.93827E+16
119791,119792,8,4,35,16,2016,10,20,2,3,5,3,2,1,1,1,0,0,0,0,5.3652E+20,5.27855E+21,9.48638E+15,4.76594E+16
119792,119793,8,2,16,17,2016,10,10,5,3,5,3,0,1,0,1,0,1,0,0,4.51424E+20,5.40223E+21,8.33889E+15,4.87712E+16
119793,119794,8,2,36,72,2016,10,21,2,3,5,3,2,1,0,1,0,0,0,0,4.67046E+20,5.41049E+21,8.55083E+15,4.88465E+16
119794,119795,8,1,15,3,2016,10,22,1,3,2,6,2,1,0,1,0,0,1,0,5.01123E+20,5.39251E+21,9.01526E+15,4.86856E+16
119795,119796,8,2,12,0,2016,10,14,6,3,0,7,0,0,1,0,0,0,0,0,4.55799E+20,5.43356E+21,8.39504E+15,4.90534E+16
119796,119797,8,4,16,31,2016,10,20,4,3,4,6,2,0,0,1,0,0,0,0,5.02934E+20,5.36246E+21,9.03965E+15,4.84153E+16
119797,119798,8,2,22,0,2016,10,7,3,3,3,5,1,0,1,1,0,0,0,0,4.61733E+20,5.48094E+21,8.47172E+15,4.94799E+16
119798,119799,8,2,21,0,2016,10,17,4,3,6,4,0,0,1,0,1,0,0,0,4.78399E+20,5.47301E+21,8.70223E+15,4.94094E+16
119799,119800,8,4,15,61,2016,10,13,5,3,2,6,0,0,0,1,0,0,0,0,5.10956E+20,5.3702E+21,9.14826E+15,4.84848E+16
119800,119801,8,1,19,8,2016,10,19,5,3,5,3,2,1,0,1,0,0,0,0,5.30933E+20,5.42306E+21,9.42257E+15,4.89597E+16
119801,119802,8,2,12,0,2016,10,15,7,3,0,1,0,1,1,0,0,0,0,0,4.55932E+20,5.42873E+21,8.39739E+15,4.90099E+16
119802,119803,8,2,12,0,2016,10,15,2,3,5,3,0,0,1,1,0,0,0,0,4.54621E+20,5.42911E+21,8.37942E+15,4.90133E+16
119803,119804,8,3,16,43,2016,10,18,1,3,5,3,2,1,0,1,0,0,0,1,4.11673E+20,5.33206E+21,7.8128E+15,4.81357E+16
119804,119805,8,2,22,0,2016,10,12,2,3,5,3,0,1,0,1,0,0,0,0,4.67854E+20,5.48544E+21,8.55585E+15,4.95208E+16
119805,119806,8,4,36,55,2016,10,12,7,2,5,3,0,0,0,1,0,1,0,0,5.76197E+20,5.29748E+21,1.00181E+16,4.78261E+16
119806,119807,8,2,12,0,2016,10,9,6,3,6,4,0,0,0,1,1,0,0,0,4.53168E+20,5.42882E+21,8.35958E+15,4.90105E+16
119807,119808,8,2,22,0,2016,10,10,3,3,5,2,0,0,0,1,0,0,0,1,4.61791E+20,5.48497E+21,8.47213E+15,4.95161E+16
119808,119809,8,2,12,0,2016,10,11,4,3,2,6,0,0,0,1,0,0,0,0,4.58949E+20,5.43218E+21,8.43829E+15,4.90411E+16
119809,119810,8,3,37,116,2016,10,6,5,3,6,4,2,0,1,0,1,0,0,0,4.17401E+20,5.27631E+21,7.90043E+15,4.76349E+16
119810,119811,8,2,26,98,2016,10,8,6,3,0,7,0,0,1,1,0,0,0,0,4.77895E+20,5.46024E+21,8.69598E+15,4.92945E+16
119811,119812,8,1,17,53,2016,10,6,5,3,6,7,2,1,0,1,1,0,0,0,5.50377E+20,5.40089E+21,9.68545E+15,4.8759E+16
119812,119813,8,1,18,67,2016,10,23,7,3,0,7,2,0,1,0,0,0,0,0,5.06273E+20,5.41314E+21,9.08554E+15,4.88712E+16
119813,119814,8,2,25,64,2016,10,20,6,3,9,1,2,1,0,1,0,0,0,0,5.06047E+20,5.47261E+21,9.08335E+15,4.94061E+16
119814,119815,8,3,16,11,2016,10,10,1,3,5,2,0,0,1,1,0,0,0,0,4.14642E+20,5.32949E+21,7.8532E+15,4.81129E+16
119815,119816,8,3,35,75,2016,10,19,5,3,4,6,2,0,0,1,0,0,0,0,4.87432E+20,5.29144E+21,8.83224E+15,4.77762E+16
119816,119817,8,2,22,0,2016,10,18,3,3,0,7,1,0,0,0,1,0,0,1,4.62375E+20,5.48292E+21,8.4804E+15,4.94978E+16
119817,119818,8,2,12,0,2016,10,9,4,3,5,3,0,1,1,1,0,0,0,0,4.56536E+20,5.42771E+21,8.40576E+15,4.90008E+16
119818,119819,8,4,35,16,2016,10,12,2,3,6,4,0,0,0,0,1,1,0,0,5.37689E+20,5.27765E+21,9.50187E+15,4.76511E+16
119819,119820,8,2,16,7,2016,10,16,3,3,2,6,0,0,0,1,0,0,0,0,4.36025E+20,5.39345E+21,8.1307E+15,4.86908E+16
119820,119821,8,2,12,0,2016,10,10,4,3,0,1,0,1,0,0,0,1,0,0,4.55375E+20,5.42874E+21,8.38976E+15,4.90099E+16
119821,119822,8,3,35,43,2016,10,19,5,3,0,1,1,0,1,0,0,0,0,0,5.12745E+20,5.27899E+21,9.16975E+15,4.76642E+16
119822,119823,8,2,22,0,2016,10,14,6,2,6,4,0,1,0,1,1,0,0,0,4.65449E+20,5.47577E+21,8.52347E+15,4.94336E+16
119823,119824,8,1,15,50,2016,10,19,5,3,5,3,2,1,0,1,0,0,0,0,4.91139E+20,5.40002E+21,8.87945E+15,4.87532E+16
119824,119825,8,1,28,7,2016,10,16,7,3,6,4,0,0,0,1,1,0,0,0,5.56006E+20,5.48234E+21,9.77335E+15,4.94911E+16
119825,119826,8,3,25,12,2016,10,17,5,3,5,3,0,1,0,1,0,0,0,0,4.63439E+20,5.35498E+21,8.50655E+15,4.8347E+16
119826,119827,8,2,15,106,2016,10,13,3,3,4,2,0,0,0,1,0,0,0,0,4.64966E+20,5.45264E+21,8.51884E+15,4.92255E+16
119827,119828,8,1,27,76,2016,10,19,4,3,1,5,2,0,0,1,0,0,0,0,5.51697E+20,5.43903E+21,9.70825E+15,4.91019E+16
119828,119829,8,4,26,134,2016,10,17,2,2,5,3,0,0,1,0,0,0,0,0,5.61589E+20,5.33775E+21,9.82869E+15,4.819E+16
119829,119830,8,2,12,0,2016,10,6,2,3,2,6,2,1,0,1,0,0,1,0,4.52212E+20,5.42935E+21,8.34645E+15,4.90152E+16
119830,119831,8,4,36,81,2016,10,12,7,3,2,6,0,0,0,1,0,0,0,0,5.61999E+20,5.28148E+21,9.8261E+15,4.76837E+16
119831,119832,8,2,21,0,2016,10,16,6,3,5,5,0,1,0,1,0,0,0,0,4.78563E+20,5.46855E+21,8.70472E+15,4.93693E+16
119832,119833,8,1,18,48,2016,10,7,2,3,1,3,2,1,1,1,0,0,0,0,5.15966E+20,5.4159E+21,9.21783E+15,4.88958E+16
119833,119834,8,4,15,29,2016,10,11,4,2,6,7,0,0,0,0,1,0,0,1,5.22496E+20,5.3798E+21,9.30496E+15,4.85709E+16
119834,119835,8,2,15,102,2016,10,12,3,3,0,7,0,0,1,0,0,0,0,0,4.56674E+20,5.43816E+21,8.40652E+15,4.90947E+16
119835,119836,8,1,18,50,2016,10,7,4,3,4,6,0,0,1,1,0,0,0,0,5.05985E+20,5.41632E+21,9.08166E+15,4.88998E+16
119836,119837,8,4,21,0,2016,10,0,7,3,4,6,2,0,0,1,0,0,0,0,5.73347E+20,5.36093E+21,9.99089E+15,4.83972E+16
119837,119838,8,2,21,0,2016,10,8,6,2,5,2,0,0,1,0,0,0,0,1,4.76622E+20,5.47446E+21,8.67764E+15,4.94224E+16
119838,119839,8,1,18,46,2016,10,17,2,3,2,6,0,1,0,1,0,0,0,0,5.14332E+20,5.41201E+21,9.1954E+15,4.88609E+16