FID,OBJECTID,ULAND,UREGBEZ,UKREIS,UGEMEINDE,UJAHR,UMONAT,USTUNDE,UWOCHENTAG,UKATEGORIE,UART,UTYP1,ULICHTVERH,IstStrasse,IstRad,IstPKW,IstFuss,IstKrad,IstGkfz,IstSonstig,LINREFX,LINREFY,XGCSWGS84,YGCSWGS84
119839,119840,8,3,35,97,2016,10,11,4,3,5,3,0,0,0,1,0,0,0,0,4.86442E+20,5.29536E+21,8.81891E+15,4.78114E+16
119840,119841,8,1,25,69,2016,10,11,7,3,5,3,0,1,0,1,0,0,0,0,5.24694E+20,5.45389E+21,9.33923E+15,4.92372E+16
119841,119842,8,3,17,57,2016,10,15,5,3,5,3,0,0,1,0,0,0,0,0,4.12785E+20,5.38022E+21,7.81776E+15,4.8569E+16
119842,119843,8,2,15,96,2016,10,17,3,3,6,7,0,1,0,1,1,0,0,0,4.63731E+20,5.41834E+21,8.50496E+15,4.8917E+16
119843,119844,8,1,18,48,2016,10,10,4,3,0,7,0,0,0,0,0,0,0,1,5.13805E+20,5.41585E+21,9.18834E+15,4.88955E+16
119844,119845,8,4,21,0,2016,10,16,2,3,5,3,0,0,0,1,0,0,0,0,5.71319E+20,5.36219E+21,9.96372E+15,4.84088E+16
119845,119846,8,2,12,0,2016,10,8,5,3,5,3,0,1,1,1,0,0,0,0,4.5725E+20,5.42778E+21,8.41551E+15,4.90014E+16
119846,119847,8,2,26,84,2016,10,12,2,3,4,7,0,1,0,1,0,0,0,0,4.69357E+20,5.46971E+21,8.57784E+15,4.93794E+16
119847,119848,8,4,16,41,2016,10,11,7,3,0,7,0,0,1,0,0,0,0,1,5.04441E+20,5.3732E+21,9.06013E+15,4.85119E+16
119848,119849,8,2,16,7,2016,10,15,6,3,0,2,0,0,1,1,0,0,0,0,4.36384E+20,5.39424E+21,8.13546E+15,4.86979E+16
119849,119850,8,3,15,74,2016,10,17,1,3,2,6,1,1,0,1,0,0,0,0,3.97597E+20,5.29591E+21,7.63227E+15,4.78084E+16
119850,119851,8,3,25,49,2016,10,12,4,3,1,5,0,0,0,1,0,0,0,0,4.72454E+20,5.33461E+21,8.62955E+15,4.81641E+16
119851,119852,8,1,28,131,2016,10,8,3,3,5,3,0,0,0,0,0,0,1,0,5.41449E+20,5.51346E+21,9.57564E+15,4.97722E+16
119852,119853,8,1,18,46,2016,10,10,4,3,5,3,0,0,0,1,0,1,0,0,5.1321E+20,5.4125E+21,9.18012E+15,4.88653E+16
119853,119854,8,3,16,9,2016,10,7,5,3,3,2,0,0,1,1,0,0,0,0,4.17412E+20,5.32474E+21,7.89134E+15,4.80705E+16
119854,119855,8,3,11,0,2016,10,16,5,3,1,6,0,0,0,1,0,0,0,0,4.14766E+20,5.31648E+21,7.85747E+15,4.79959E+16
119855,119856,8,1,19,20,2016,10,5,3,3,8,1,2,1,0,1,0,0,0,0,5.20872E+20,5.40744E+21,9.28433E+15,4.88196E+16
119856,119857,8,1,16,78,2016,10,8,4,3,4,2,0,0,1,1,0,0,0,0,5.10349E+20,5.39452E+21,9.14066E+15,4.87036E+16
119857,119858,8,4,21,0,2016,10,16,2,3,0,1,0,0,1,0,0,0,0,0,5.71181E+20,5.36059E+21,9.96159E+15,4.83944E+16
119858,119859,8,1,28,7,2016,10,10,5,3,6,4,0,1,0,1,1,0,0,0,5.55739E+20,5.48229E+21,9.76966E+15,4.94907E+16
119859,119860,8,2,22,0,2016,10,16,2,2,6,7,0,1,0,1,1,0,0,0,4.62947E+20,5.48569E+21,8.48804E+15,4.95227E+16
119860,119861,8,2,12,0,2016,10,18,6,3,6,7,2,1,0,1,1,0,0,0,4.61343E+20,5.4276E+21,8.47148E+15,4.90001E+16
119861,119862,8,1,16,80,2016,10,11,4,3,0,7,0,0,0,1,0,0,0,0,5.18629E+20,5.39881E+21,9.25339E+15,4.8742E+16
119862,119863,8,3,11,0,2016,10,7,5,3,5,3,1,0,1,1,0,0,0,0,4.10278E+20,5.31646E+21,7.79733E+15,4.79952E+16
119863,119864,8,2,16,7,2016,10,6,6,2,0,7,2,1,0,0,0,1,0,0,4.35875E+20,5.39493E+21,8.12844E+15,4.87041E+16
119864,119865,8,1,16,81,2016,10,9,5,3,9,1,0,1,0,1,0,0,0,0,5.16848E+20,5.38716E+21,9.22869E+15,4.86372E+16
119865,119866,8,1,19,76,2016,10,14,7,3,4,6,0,0,1,1,0,0,0,0,5.42457E+20,5.40635E+21,9.57826E+15,4.88087E+16
119866,119867,8,1,36,88,2016,10,22,6,2,8,1,2,0,0,0,0,1,0,0,5.78453E+20,5.4093E+21,1.0069E+16,4.88317E+16
119867,119868,8,3,11,0,2016,10,18,1,3,2,2,2,1,0,1,0,0,0,0,4.13499E+20,5.31642E+21,7.84049E+15,4.79952E+16
119868,119869,8,1,18,81,2016,10,16,5,3,2,6,0,1,0,1,0,0,0,0,5.16352E+20,5.41372E+21,9.22302E+15,4.88763E+16
119869,119870,8,1,19,84,2016,10,14,7,3,5,3,0,0,0,1,0,0,0,0,5.46141E+20,5.41408E+21,9.62931E+15,4.8878E+16
119870,119871,8,2,12,0,2016,10,11,2,2,2,2,0,1,0,1,0,0,0,0,4.58992E+20,5.42728E+21,8.43938E+15,4.8997E+16
119871,119872,8,1,35,19,2016,10,20,6,3,5,3,2,0,0,1,0,0,0,0,5.85323E+20,5.39441E+21,1.01595E+16,4.86968E+16
119872,119873,8,2,22,0,2016,10,0,1,3,1,5,2,0,1,1,0,0,0,0,4.63089E+20,5.4813E+21,8.4904E+15,4.94832E+16
119873,119874,8,1,19,20,2016,10,11,3,3,0,1,0,1,1,0,0,0,0,0,5.20103E+20,5.40628E+21,9.2738E+15,4.88092E+16
119874,119875,8,1,11,0,2016,10,9,4,3,2,6,0,1,0,1,0,0,0,0,5.12973E+20,5.40122E+21,9.17653E+15,4.87638E+16
119875,119876,8,3,11,0,2016,10,17,5,2,5,3,0,0,1,1,0,0,0,0,4.14269E+20,5.31691E+21,7.85072E+15,4.79997E+16
119876,119877,8,4,15,50,2016,10,12,7,2,5,3,0,0,0,1,0,1,0,0,5.20443E+20,5.37662E+21,9.27696E+15,4.85423E+16
119877,119878,8,1,28,7,2016,10,18,6,3,6,4,2,0,0,1,1,0,0,0,5.56056E+20,5.4828E+21,9.7741E+15,4.94953E+16
119878,119879,8,1,15,21,2016,10,10,7,3,5,3,0,0,0,1,0,0,0,0,4.89699E+20,5.3824E+21,8.86029E+15,4.85946E+16
119879,119880,8,3,36,91,2016,10,17,5,3,5,3,0,0,0,1,0,1,0,0,3.94531E+20,5.27253E+21,7.59699E+15,4.75976E+16
119880,119881,8,1,19,79,2016,10,11,3,3,6,4,0,0,0,1,1,0,0,0,5.23109E+20,5.40847E+21,9.31486E+15,4.88288E+16
119881,119882,8,1,11,0,2016,10,7,4,3,5,3,1,1,1,1,0,0,0,0,5.07786E+20,5.39845E+21,9.1059E+15,4.8739E+16
119882,119883,8,4,21,0,2016,10,17,2,3,8,1,0,0,1,0,0,0,0,0,5.69738E+20,5.3574E+21,9.94156E+15,4.83659E+16
119883,119884,8,3,36,50,2016,10,14,5,3,2,7,0,0,1,1,0,0,0,0,4.01205E+20,5.27608E+21,7.68494E+15,4.76306E+16
119884,119885,8,1,18,48,2016,10,6,3,3,5,3,2,1,1,1,0,0,0,0,5.14875E+20,5.41537E+21,9.20293E+15,4.88911E+16
119885,119886,8,1,11,0,2016,10,1,4,3,8,1,2,1,0,1,0,0,0,0,5.0942E+20,5.40682E+21,9.12831E+15,4.88143E+16
119886,119887,8,4,21,0,2016,10,19,2,3,6,4,2,1,1,0,1,0,0,0,5.72961E+20,5.3611E+21,9.98571E+15,4.83988E+16
119887,119888,8,3,36,91,2016,10,17,7,3,5,3,0,0,0,1,0,0,0,1,3.95856E+20,5.27218E+21,7.61469E+15,4.75946E+16
119888,119889,8,2,25,74,2016,10,19,6,2,6,7,2,1,0,1,1,0,0,0,5.06803E+20,5.46692E+21,9.09368E+15,4.9355E+16
119889,119890,8,1,16,80,2016,10,14,2,3,6,4,0,1,0,1,1,0,0,0,5.20047E+20,5.39586E+21,9.27253E+15,4.87155E+16
119890,119891,8,3,17,96,2016,10,0,4,3,0,7,2,0,0,0,0,1,0,0,4.21132E+20,5.36963E+21,7.93289E+15,4.84749E+16
119891,119892,8,2,12,0,2016,10,9,5,3,2,6,0,0,1,1,0,0,0,0,4.55282E+20,5.42875E+21,8.3885E+15,4.901E+16
119892,119893,8,1,17,26,2016,10,19,3,3,5,2,2,1,1,1,0,0,0,0,5.49771E+20,5.39451E+21,9.67643E+15,4.87017E+16
119893,119894,8,1,11,0,2016,10,9,4,3,0,7,0,0,0,1,0,0,0,1,5.10739E+20,5.39738E+21,9.14603E+15,4.87293E+16
119894,119895,8,3,36,91,2016,10,13,2,3,5,3,0,1,1,1,0,0,0,0,3.96778E+20,5.27193E+21,7.627E+15,4.75925E+16
119895,119896,8,2,11,0,2016,10,23,5,3,8,7,2,1,0,1,0,0,0,0,4.40313E+20,5.39961E+21,8.18808E+15,4.87466E+16
119896,119897,8,2,22,0,2016,10,19,2,3,3,2,2,1,0,1,0,0,0,1,4.61707E+20,5.48106E+21,8.47136E+15,4.9481E+16
119897,119898,8,3,36,50,2016,10,16,7,3,5,2,0,0,0,1,0,0,0,0,3.99255E+20,5.27297E+21,7.65971E+15,4.76023E+16
119898,119899,8,1,19,85,2016,10,12,6,3,2,6,0,0,0,1,0,0,0,0,5.28836E+20,5.41366E+21,9.39327E+15,4.88752E+16
119899,119900,8,2,15,17,2016,10,7,2,3,5,3,1,1,1,1,0,0,0,0,4.56581E+20,5.42162E+21,8.40702E+15,4.89459E+16
119900,119901,8,3,35,79,2016,10,16,7,3,2,6,0,0,0,1,0,0,0,0,5.00098E+20,5.29919E+21,9.00131E+15,4.7846E+16
119901,119902,8,1,19,41,2016,10,15,6,3,2,6,0,1,1,1,0,0,0,0,5.25924E+20,5.40981E+21,9.35331E+15,4.88408E+16
119902,119903,8,3,17,96,2016,10,18,4,3,5,2,1,1,1,1,0,0,0,0,4.21728E+20,5.36879E+21,7.94111E+15,4.84673E+16
119903,119904,8,1,16,33,2016,10,17,3,3,3,6,1,0,0,1,0,0,0,0,5.32792E+20,5.38819E+21,9.44518E+15,4.86459E+16
119904,119905,8,4,36,64,2016,10,7,3,3,4,6,1,1,0,1,0,0,0,0,5.46715E+20,5.29288E+21,9.62369E+15,4.77876E+16
119905,119906,8,2,31,0,2016,10,17,5,3,4,1,0,1,0,0,0,1,1,0,4.77744E+20,5.41428E+21,8.69644E+15,4.88811E+16
119906,119907,8,4,25,39,2016,10,20,3,3,0,3,2,0,0,1,0,1,0,0,5.66024E+20,5.35217E+21,9.89061E+15,4.83193E+16
119907,119908,8,1,21,0,2016,10,19,5,3,5,3,2,1,0,1,0,0,0,0,5.15081E+20,5.44103E+21,9.20669E+15,4.9122E+16
119908,119909,8,1,15,3,2016,10,12,7,2,5,2,0,0,1,1,0,0,0,0,5.00794E+20,5.39169E+21,9.01079E+15,4.86782E+16
119909,119910,8,2,21,0,2016,10,17,2,3,4,1,1,1,0,1,0,0,0,0,4.78417E+20,5.4712E+21,8.70257E+15,4.93931E+16
119910,119911,8,1,16,47,2016,10,6,3,3,2,6,2,1,0,1,0,0,0,0,5.20039E+20,5.39313E+21,9.27229E+15,4.86909E+16
119911,119912,8,4,25,31,2016,10,6,3,3,4,2,2,1,0,1,0,0,0,0,5.70286E+20,5.36796E+21,9.95074E+15,4.84609E+16
119912,119913,8,2,26,95,2016,10,10,5,2,0,1,0,1,1,0,0,0,0,0,4.73887E+20,5.46206E+21,8.64075E+15,4.93107E+16
119913,119914,8,1,16,19,2016,10,7,3,3,5,3,2,1,0,1,0,0,0,1,5.26002E+20,5.39666E+21,9.35354E+15,4.87224E+16
119914,119915,8,4,25,20,2016,10,7,3,3,5,3,1,1,0,1,0,0,0,0,5.61046E+20,5.36536E+21,9.82539E+15,4.84384E+16
119915,119916,8,2,22,0,2016,10,12,5,3,5,3,0,1,1,1,0,0,0,0,4.61746E+20,5.48303E+21,8.4717E+15,4.94987E+16
119916,119917,8,1,17,26,2016,10,10,5,3,5,3,0,1,0,1,0,0,0,0,5.48463E+20,5.39457E+21,9.65867E+15,4.87022E+16
119917,119918,8,1,11,0,2016,10,12,7,3,5,2,0,0,0,1,0,1,0,0,5.10517E+20,5.40194E+21,9.14313E+15,4.87704E+16
119918,119919,8,1,15,45,2016,10,17,2,2,6,7,0,0,0,1,1,0,0,0,5.00004E+20,5.39495E+21,9.00006E+15,4.87076E+16
119919,119920,8,1,18,73,2016,10,15,6,3,0,7,0,0,1,0,0,0,0,0,4.97492E+20,5.4197E+21,8.96576E+15,4.89302E+16
119920,119921,8,2,22,0,2016,10,21,1,3,5,2,2,0,0,1,0,0,0,0,4.63161E+20,5.48068E+21,8.49146E+15,4.94777E+16
119921,119922,8,2,22,0,2016,10,13,5,3,5,5,0,1,0,1,0,0,1,0,4.60077E+20,5.48231E+21,8.44872E+15,4.94921E+16
119922,119923,8,1,16,72,2016,10,14,3,2,5,3,0,1,0,1,0,1,0,0,5.30999E+20,5.39266E+21,9.42117E+15,4.86862E+16
119923,119924,8,3,36,82,2016,10,14,2,3,4,1,0,1,0,1,0,0,0,0,4.15206E+20,5.27297E+21,7.87187E+15,4.76046E+16
119924,119925,8,1,18,48,2016,10,6,4,2,6,2,2,0,0,1,1,0,0,0,5.13434E+20,5.41605E+21,9.18329E+15,4.88973E+16
119925,119926,8,3,11,0,2016,10,15,1,3,9,5,0,0,1,1,0,0,0,0,4.14842E+20,5.31592E+21,7.85859E+15,4.79909E+16
119926,119927,8,1,15,28,2016,10,17,6,3,5,3,0,0,0,1,0,1,0,0,5.00776E+20,5.40485E+21,9.01056E+15,4.87966E+16
119927,119928,8,1,17,42,2016,10,17,2,3,8,1,2,0,0,1,0,0,0,0,5.55375E+20,5.39491E+21,9.75264E+15,4.87048E+16
119928,119929,8,1,18,48,2016,10,17,7,3,4,2,0,0,1,1,0,0,0,0,5.10745E+20,5.41856E+21,9.14668E+15,4.89199E+16
119929,119930,8,2,26,96,2016,10,12,3,3,0,1,0,1,0,0,0,1,0,0,4.75232E+20,5.48849E+21,8.65759E+15,4.95485E+16
119930,119931,8,2,15,103,2016,10,16,5,3,5,3,0,0,1,1,0,0,0,0,4.66591E+20,5.44331E+21,8.54193E+15,4.91417E+16
119931,119932,8,3,17,65,2016,10,9,2,3,5,2,0,0,0,1,0,0,0,0,4.12944E+20,5.35369E+21,7.82543E+15,4.83304E+16
119932,119933,8,1,11,0,2016,10,12,4,3,0,7,0,0,1,0,0,0,0,0,5.1317E+20,5.40296E+21,9.17927E+15,4.87795E+16
119933,119934,8,2,26,58,2016,10,9,2,2,6,7,0,0,0,0,1,0,0,1,4.91461E+20,5.46261E+21,8.88251E+15,4.93161E+16
119934,119935,8,2,12,0,2016,10,22,1,3,5,2,2,0,0,1,0,0,0,0,4.5684E+20,5.42849E+21,8.40983E+15,4.90078E+16
119935,119936,8,1,15,3,2016,10,17,6,3,5,3,0,0,0,1,0,0,0,0,4.99024E+20,5.39245E+21,8.98674E+15,4.86851E+16
119936,119937,8,2,22,0,2016,10,12,3,3,2,6,0,1,0,1,0,0,0,0,4.61902E+20,5.48494E+21,8.47366E+15,4.95159E+16
119937,119938,8,2,15,17,2016,10,7,5,3,0,3,1,0,1,1,0,0,0,0,4.54865E+20,5.42183E+21,8.38355E+15,4.89478E+16
119938,119939,8,1,18,48,2016,10,18,7,3,6,7,2,0,0,1,1,0,0,0,5.15152E+20,5.41636E+21,9.20674E+15,4.89E+16
119939,119940,8,2,22,0,2016,10,8,3,2,5,3,0,1,1,1,0,0,0,0,4.62067E+20,5.4793E+21,8.47649E+15,4.94651E+16
119940,119941,8,2,12,0,2016,10,9,5,3,3,6,0,0,1,1,0,0,0,0,4.53196E+20,5.42603E+21,8.36028E+15,4.89854E+16
119941,119942,8,1,15,29,2016,10,10,7,3,2,7,0,1,0,1,0,0,0,0,4.97243E+20,5.39866E+21,8.96251E+15,4.87409E+16
119942,119943,8,2,21,0,2016,10,9,3,3,5,3,0,1,1,1,0,0,0,0,4.75654E+20,5.47309E+21,8.66438E+15,4.941E+16
119943,119944,8,1,36,88,2016,10,14,5,3,5,3,0,0,1,1,0,0,0,0,5.79932E+20,5.40949E+21,1.00892E+16,4.88333E+16
119944,119945,8,3,17,65,2016,10,14,2,3,5,3,0,0,0,1,0,0,0,0,4.13448E+20,5.35531E+21,7.83189E+15,4.8345E+16
119945,119946,8,1,11,0,2016,10,16,6,2,6,2,0,0,0,1,1,0,0,0,5.15382E+20,5.40662E+21,9.20952E+15,4.88124E+16
119946,119947,8,4,36,82,2016,10,20,3,3,5,3,2,1,1,1,0,0,0,0,5.48049E+20,5.29617E+21,9.64187E+15,4.78171E+16
119947,119948,8,2,11,0,2016,10,13,2,3,1,5,0,0,0,1,0,0,0,0,4.44547E+20,5.40002E+21,8.2456E+15,4.87507E+16
119948,119949,8,2,12,0,2016,10,15,1,2,5,3,0,0,1,0,0,0,0,0,4.5378E+20,5.43086E+21,8.36772E+15,4.90289E+16
119949,119950,8,4,26,70,2016,10,18,2,2,5,3,2,0,0,1,0,0,0,0,5.663E+20,5.34204E+21,9.89274E+15,4.82281E+16
119950,119951,8,1,11,0,2016,10,10,6,3,6,4,0,0,0,1,1,0,0,0,5.12539E+20,5.40331E+21,9.17069E+15,4.87826E+16
119951,119952,8,2,26,98,2016,10,17,3,2,6,4,0,0,0,1,1,0,0,0,4.77284E+20,5.46051E+21,8.68756E+15,4.92969E+16
119952,119953,8,1,35,16,2016,10,11,5,2,6,4,0,0,0,1,1,0,0,0,5.914E+20,5.38678E+21,1.02404E+16,4.86274E+16
119953,119954,8,1,11,0,2016,10,12,7,3,1,5,0,0,1,1,0,0,0,0,5.11465E+20,5.40403E+21,9.15609E+15,4.87892E+16
119954,119955,8,2,15,9,2016,10,16,4,3,5,3,0,0,1,1,0,0,0,0,4.70381E+20,5.44206E+21,8.59398E+15,4.91307E+16
119955,119956,8,1,11,0,2016,10,6,6,2,5,2,2,0,0,1,0,1,0,0,5.15917E+20,5.40584E+21,9.21677E+15,4.88054E+16
119956,119957,8,1,16,33,2016,10,15,2,3,5,3,0,0,0,1,0,1,0,0,5.33542E+20,5.38725E+21,9.45529E+15,4.86374E+16
119957,119958,8,4,36,64,2016,10,14,3,3,5,3,0,1,1,1,0,0,0,0,5.4626E+20,5.29274E+21,9.6176E+15,4.77863E+16
119958,119959,8,1,11,0,2016,10,21,6,3,5,3,2,0,0,1,0,0,0,0,5.0863E+20,5.39708E+21,9.11734E+15,4.87267E+16
119959,119960,8,4,35,66,2016,10,11,3,2,8,7,0,1,0,1,0,0,0,0,5.18255E+20,5.2861E+21,9.24344E+15,4.7728E+16
119960,119961,8,2,11,0,2016,10,9,2,3,6,4,0,0,0,1,1,0,0,0,4.44133E+20,5.40103E+21,8.23983E+15,4.87598E+16
119961,119962,8,2,31,0,2016,10,16,1,3,1,1,0,0,0,1,0,0,0,0,4.78206E+20,5.41555E+21,8.70268E+15,4.88925E+16
119962,119963,8,2,15,66,2016,10,13,3,3,5,3,0,0,1,1,0,0,0,0,4.60283E+20,5.45369E+21,8.45442E+15,4.92347E+16
119963,119964,8,1,28,7,2016,10,15,5,2,2,1,0,0,0,1,0,1,0,0,5.55799E+20,5.48213E+21,9.77045E+15,4.94892E+16
119964,119965,8,1,11,0,2016,10,23,7,3,6,7,2,0,0,1,1,0,0,0,5.12582E+20,5.40259E+21,9.17126E+15,4.87762E+16
119965,119966,8,1,19,85,2016,10,15,4,3,2,6,0,0,0,1,0,0,0,0,5.28578E+20,5.41347E+21,9.38973E+15,4.88736E+16
119966,119967,8,2,22,0,2016,10,21,1,3,5,2,2,0,0,1,0,0,0,0,4.61503E+20,5.48249E+21,8.4684E+15,4.94938E+16
119967,119968,8,4,37,104,2016,10,17,5,3,2,6,0,0,0,1,0,0,0,0,5.11367E+20,5.3266E+21,9.15266E+15,4.80925E+16
119968,119969,8,1,16,19,2016,10,13,2,3,5,2,0,0,0,1,0,1,0,0,5.24877E+20,5.39897E+21,9.33839E+15,4.87433E+16
119969,119970,8,2,22,0,2016,10,20,1,3,5,3,2,0,0,1,0,0,0,0,4.61635E+20,5.48243E+21,8.47023E+15,4.94933E+16
119970,119971,8,4,21,0,2016,10,15,2,3,2,6,0,0,0,1,0,1,0,0,5.70832E+20,5.36134E+21,9.95699E+15,4.84012E+16
119971,119972,8,4,36,9,2016,10,22,6,3,8,1,2,0,0,1,0,0,0,0,5.57159E+20,5.30991E+21,9.76537E+15,4.79399E+16
119972,119973,8,2,15,66,2016,10,17,3,3,5,3,0,0,0,1,0,0,0,0,4.60171E+20,5.45404E+21,8.45285E+15,4.92379E+16
119973,119974,8,1,26,66,2016,10,7,5,2,5,3,1,0,0,1,0,1,0,0,5.35025E+20,5.44898E+21,9.48072E+15,4.91926E+16
119974,119975,8,4,21,0,2016,10,16,2,3,6,7,0,0,0,1,1,0,0,0,5.7058E+20,5.36081E+21,9.95351E+15,4.83965E+16
119975,119976,8,2,12,0,2016,10,16,3,3,0,6,0,0,1,1,0,0,0,0,4.5874E+20,5.43077E+21,8.43558E+15,4.90284E+16
119976,119977,8,1,15,45,2016,10,17,5,3,5,3,0,0,0,1,0,0,0,0,5.00222E+20,5.39747E+21,9.00301E+15,4.87303E+16
119977,119978,8,4,35,34,2016,10,19,6,3,6,4,2,0,0,1,1,0,0,0,5.29666E+20,5.28503E+21,9.39554E+15,4.77179E+16
119978,119979,8,1,18,71,2016,10,13,4,3,5,3,0,0,1,1,0,0,0,0,5.08714E+20,5.41855E+21,9.11895E+15,4.89198E+16
119979,119980,8,2,21,0,2016,10,14,1,3,1,5,0,0,1,1,0,0,0,0,4.77344E+20,5.47289E+21,8.68769E+15,4.94083E+16
119980,119981,8,4,35,16,2016,10,5,5,2,2,6,2,0,0,1,0,1,0,0,5.3513E+20,5.27863E+21,9.46788E+15,4.76601E+16
119981,119982,8,1,15,45,2016,10,10,2,3,5,3,0,0,0,1,0,1,0,0,5.00773E+20,5.39508E+21,9.01051E+15,4.87087E+16
119982,119983,8,4,21,0,2016,10,13,6,3,1,6,0,0,0,1,0,0,0,0,5.72553E+20,5.36055E+21,9.98011E+15,4.83939E+16
119983,119984,8,2,12,0,2016,10,7,3,3,5,3,1,1,1,1,0,0,0,0,4.5243E+20,5.43146E+21,8.34918E+15,4.90342E+16
119984,119985,8,1,15,24,2016,10,7,5,3,6,4,2,0,0,1,1,0,0,0,5.01456E+20,5.38618E+21,9.01976E+15,4.86287E+16
119985,119986,8,3,17,5,2016,10,15,2,3,1,5,0,0,1,1,0,0,0,0,4.2472E+20,5.37711E+21,7.98007E+15,4.85425E+16
119986,119987,8,4,25,33,2016,10,8,3,3,6,4,1,1,0,1,1,0,0,0,5.53429E+20,5.34778E+21,9.72017E+15,4.8281E+16
119987,119988,8,1,18,48,2016,10,11,2,3,6,4,0,0,0,0,1,1,0,0,5.1183E+20,5.41481E+21,9.16138E+15,4.88861E+16
119988,119989,8,2,26,85,2016,10,19,1,3,1,6,2,0,0,1,0,0,0,0,4.92012E+20,5.45449E+21,8.89025E+15,4.92431E+16
119989,119990,8,3,15,15,2016,10,13,2,3,5,3,0,0,1,1,0,0,0,0,3.94572E+20,5.32029E+21,7.58591E+15,4.80272E+16
119990,119991,8,1,36,65,2016,10,10,2,3,2,6,0,0,1,1,0,0,0,0,5.58373E+20,5.40516E+21,9.79485E+15,4.87967E+16
119991,119992,8,1,36,10,2016,10,0,1,3,9,1,2,0,0,1,0,0,0,0,5.99093E+20,5.4123E+21,1.03509E+16,4.88557E+16
119992,119993,8,4,36,49,2016,10,22,5,3,9,7,2,0,0,1,0,0,0,0,5.78146E+20,5.28285E+21,1.00415E+16,4.76943E+16
119993,119994,8,4,25,72,2016,10,18,6,3,8,1,2,0,0,1,0,0,0,0,5.83708E+20,5.37235E+21,1.01331E+16,4.84987E+16
119994,119995,8,2,12,0,2016,10,15,3,3,6,7,0,0,1,1,1,0,0,0,4.57896E+20,5.42824E+21,8.4243E+15,4.90056E+16
119995,119996,8,1,11,0,2016,10,6,5,3,5,3,2,0,0,0,0,1,0,1,5.15278E+20,5.40369E+21,9.20799E+15,4.8786E+16
119996,119997,8,3,11,0,2016,10,17,2,3,5,2,1,0,1,1,0,0,0,0,4.11635E+20,5.31601E+21,7.8156E+15,4.79913E+16
119997,119998,8,4,35,24,2016,10,10,5,3,5,3,0,0,1,1,0,0,0,0,5.27183E+20,5.27917E+21,9.36207E+15,4.76654E+16
119998,119999,8,4,15,61,2016,10,11,3,2,5,3,0,0,0,1,0,0,1,0,5.11219E+20,5.37136E+21,9.15186E+15,4.84952E+16
119999,120000,8,1,36,88,2016,10,9,2,3,2,2,0,0,0,1,0,0,1,0,5.78891E+20,5.40866E+21,1.00749E+16,4.88259E+16
120000,120001,8,1,35,20,2016,10,13,1,3,5,3,0,0,1,1,0,0,0,0,5.85596E+20,5.38083E+21,1.01604E+16,4.85747E+16
120001,120002,8,4,21,0,2016,10,9,2,3,0,4,0,0,0,0,1,0,0,1,5.73533E+20,5.36093E+21,9.99341E+15,4.83972E+16
120002,120003,8,4,25,141,2016,10,6,5,3,5,2,2,0,1,1,0,0,0,0,5.68E+20,5.36275E+21,9.91897E+15,4.84143E+16
120003,120004,8,2,16,43,2016,10,6,3,3,6,2,2,1,0,1,1,0,0,0,4.41555E+20,5.41093E+21,8.20335E+15,4.88486E+16
120004,120005,8,1,11,0,2016,10,10,5,3,5,2,0,0,0,1,0,1,0,0,5.13129E+20,5.40146E+21,9.17866E+15,4.8766E+16
120005,120006,8,4,21,0,2016,10,10,5,3,6,4,0,0,0,1,1,0,0,0,5.7147E+20,5.36025E+21,9.96543E+15,4.83914E+16
120006,120007,8,1,36,65,2016,10,13,3,3,4,1,0,1,0,1,0,0,0,0,5.61499E+20,5.40427E+21,9.83727E+15,4.87884E+16
120007,120008,8,1,11,0,2016,10,9,5,3,5,3,0,0,0,1,0,1,0,0,5.07929E+20,5.39808E+21,9.10783E+15,4.87357E+16
120008,120009,8,3,37,96,2016,10,16,6,3,6,4,0,0,0,1,1,0,0,0,4.20577E+20,5.26723E+21,7.94435E+15,4.75537E+16
120009,120010,8,1,35,19,2016,10,22,3,3,9,1,2,1,0,1,0,0,0,0,5.81659E+20,5.39244E+21,1.01094E+16,4.86797E+16
120010,120011,8,1,11,0,2016,10,7,5,3,5,2,2,0,1,1,0,0,0,0,5.12531E+20,5.40164E+21,9.17054E+15,4.87676E+16
120011,120012,8,4,16,36,2016,10,15,5,2,6,4,0,0,1,0,1,0,0,0,4.95023E+20,5.36922E+21,8.93266E+15,4.84761E+16
120012,120013,8,1,15,3,2016,10,13,2,3,6,4,0,0,0,1,1,0,0,0,4.99939E+20,5.39113E+21,8.99918E+15,4.86732E+16
120013,120014,8,3,37,126,2016,10,15,3,3,5,3,0,1,0,1,0,0,0,0,4.45046E+20,5.27582E+21,8.26847E+15,4.76334E+16
120014,120015,8,1,21,0,2016,10,16,3,3,0,7,0,0,1,0,1,0,0,0,5.15997E+20,5.44285E+21,9.21932E+15,4.91382E+16