FID,OBJECTID,ULAND,UREGBEZ,UKREIS,UGEMEINDE,UJAHR,UMONAT,USTUNDE,UWOCHENTAG,UKATEGORIE,UART,UTYP1,ULICHTVERH,IstStrasse,IstRad,IstPKW,IstFuss,IstKrad,IstGkfz,IstSonstig,LINREFX,LINREFY,XGCSWGS84,YGCSWGS84
120015,120016,8,1,11,0,2016,10,15,5,2,6,4,0,0,0,1,1,0,0,0,5.14665E+20,5.40433E+21,9.19967E+15,4.87918E+16
120016,120017,8,3,36,14,2016,10,16,6,3,5,3,0,0,1,1,0,0,0,0,3.9324E+20,5.28042E+21,7.57789E+15,4.76684E+16
120017,120018,8,1,19,20,2016,10,15,4,3,6,2,0,0,0,0,1,0,0,1,5.20108E+20,5.40822E+21,9.27397E+15,4.88266E+16
120018,120019,8,1,21,0,2016,10,13,1,3,5,3,0,0,0,1,0,0,0,0,5.13903E+20,5.44213E+21,9.19058E+15,4.91319E+16
120019,120020,8,4,16,41,2016,10,6,5,3,3,6,2,0,0,1,0,0,0,0,4.9985E+20,5.37151E+21,8.99797E+15,4.84967E+16
120020,120021,8,3,36,50,2016,10,19,6,3,5,3,2,0,0,1,0,0,0,0,4.01116E+20,5.27603E+21,7.68377E+15,4.76301E+16
120021,120022,8,1,36,88,2016,10,19,4,3,8,1,2,0,0,1,0,0,0,0,5.80256E+20,5.41307E+21,1.00943E+16,4.88654E+16
120022,120023,8,4,15,60,2016,10,14,5,2,2,7,0,0,1,0,0,0,0,1,5.15041E+20,5.37809E+21,9.20383E+15,4.85557E+16
120023,120024,8,1,15,3,2016,10,11,2,3,5,2,0,0,0,1,0,0,0,0,5.00531E+20,5.39157E+21,9.00722E+15,4.86772E+16
120024,120025,8,3,36,50,2016,10,8,3,3,3,2,0,1,1,0,0,0,0,0,4.00725E+20,5.27545E+21,7.6787E+15,4.76249E+16
120025,120026,8,1,18,80,2016,10,10,1,3,9,1,0,0,0,0,0,0,0,1,5.0945E+20,5.40866E+21,9.12877E+15,4.88308E+16
120026,120027,8,4,17,63,2016,10,21,2,3,9,1,2,0,0,1,0,0,0,0,5.06523E+20,5.3365E+21,9.08775E+15,4.81817E+16
120027,120028,8,1,19,85,2016,10,7,3,3,6,4,2,1,0,1,1,0,0,0,5.29324E+20,5.41308E+21,9.39988E+15,4.887E+16
120028,120029,8,1,11,0,2016,10,7,5,3,1,5,1,0,0,1,0,0,0,0,5.15274E+20,5.40698E+21,9.20805E+15,4.88156E+16
120029,120030,8,3,36,69,2016,10,11,2,3,2,6,0,0,0,1,0,0,0,1,4.06727E+20,5.26742E+21,7.76027E+15,4.75535E+16
120030,120031,8,3,35,43,2016,10,6,6,3,5,3,2,0,1,0,0,0,0,1,5.12119E+20,5.28162E+21,9.16149E+15,4.76878E+16
120031,120032,8,1,15,45,2016,10,21,4,2,1,7,2,0,0,1,0,0,0,0,5.01498E+20,5.39534E+21,9.02036E+15,4.87111E+16
120032,120033,8,1,36,88,2016,10,16,2,3,4,2,0,0,1,1,0,0,0,0,5.80132E+20,5.40946E+21,1.00919E+16,4.88329E+16
120033,120034,8,1,15,45,2016,10,17,1,3,2,6,2,0,0,1,0,0,0,0,5.00572E+20,5.39436E+21,9.00777E+15,4.87022E+16
120034,120035,8,4,16,36,2016,10,14,5,3,5,3,0,0,1,1,0,0,0,0,4.95935E+20,5.36964E+21,8.945E+15,4.84798E+16
120035,120036,8,1,11,0,2016,10,15,2,3,1,5,0,0,1,1,0,0,0,0,5.13531E+20,5.40225E+21,9.18416E+15,4.87731E+16
120036,120037,8,4,35,20,2016,10,2,6,2,9,1,2,0,0,1,0,0,0,0,5.224E+20,5.2961E+21,9.29923E+15,4.78178E+16
120037,120038,8,1,11,0,2016,10,13,2,3,5,3,0,0,0,1,0,1,0,0,5.09889E+20,5.40677E+21,9.1347E+15,4.88138E+16
120038,120039,8,1,15,3,2016,10,15,1,3,0,3,0,0,0,1,0,1,0,0,5.01066E+20,5.39228E+21,9.01448E+15,4.86835E+16
120039,120040,8,3,36,94,2016,10,14,2,3,4,6,0,0,1,1,0,0,0,0,4.16697E+20,5.29174E+21,7.88813E+15,4.77736E+16
120040,120041,8,3,17,96,2016,10,15,6,3,3,2,0,0,1,1,0,0,0,0,4.22641E+20,5.36915E+21,7.95339E+15,4.84708E+16
120041,120042,8,1,19,85,2016,10,17,3,3,6,7,0,1,0,1,1,0,0,0,5.29339E+20,5.41388E+21,9.40014E+15,4.88772E+16
120042,120043,8,1,11,0,2016,10,7,5,3,6,4,1,0,0,1,1,0,0,0,5.11446E+20,5.40245E+21,9.15579E+15,4.8775E+16
120043,120044,8,3,36,91,2016,10,13,2,3,5,3,0,0,1,1,0,0,0,0,3.95525E+20,5.27217E+21,7.61029E+15,4.75945E+16
120044,120045,8,3,35,75,2016,10,3,3,3,8,1,2,1,0,1,0,0,0,0,4.92648E+20,5.28906E+21,8.90191E+15,4.77548E+16
120045,120046,8,1,35,19,2016,10,19,2,2,5,3,2,0,0,1,0,0,0,0,5.85848E+20,5.39508E+21,1.01668E+16,4.87028E+16
120046,120047,8,1,15,3,2016,10,12,1,3,2,6,0,0,0,1,0,0,0,0,5.00779E+20,5.39179E+21,9.01059E+15,4.86792E+16
120047,120048,8,3,35,75,2016,10,16,5,3,5,3,0,0,1,1,0,0,0,0,4.88251E+20,5.28871E+21,8.84325E+15,4.77517E+16
120048,120049,8,1,19,67,2016,10,7,3,3,5,3,2,1,1,0,0,0,0,1,5.38702E+20,5.40635E+21,9.52712E+15,4.88089E+16
120049,120050,8,3,17,96,2016,10,4,6,3,8,1,2,0,0,1,0,0,0,0,4.22722E+20,5.37105E+21,7.95414E+15,4.84878E+16
120050,120051,8,1,19,87,2016,10,16,3,3,4,6,0,1,0,1,0,0,1,0,5.29393E+20,5.42884E+21,9.40196E+15,4.90117E+16
120051,120052,8,4,21,0,2016,10,21,4,3,2,6,2,0,0,1,0,0,0,0,5.73778E+20,5.36124E+21,9.99678E+15,4.84E+16
120052,120053,8,4,36,64,2016,10,15,5,2,6,4,0,0,0,1,1,0,0,0,5.46367E+20,5.29221E+21,9.61897E+15,4.77816E+16
120053,120054,8,1,18,48,2016,10,14,3,3,2,2,0,0,0,1,0,0,0,0,5.13853E+20,5.4162E+21,9.18901E+15,4.88986E+16
120054,120055,8,3,36,105,2016,10,16,4,3,1,3,0,0,1,1,0,0,0,0,3.99151E+20,5.26765E+21,7.65954E+15,4.75544E+16
120055,120056,8,3,36,91,2016,10,8,2,2,5,3,0,0,0,1,0,1,0,0,3.96566E+20,5.27152E+21,7.62428E+15,4.75888E+16
120056,120057,8,3,27,19,2016,10,11,5,2,5,3,0,0,0,1,0,1,0,0,4.82705E+20,5.3317E+21,8.76753E+15,4.81383E+16
120057,120058,8,3,26,3,2016,10,9,3,3,8,1,0,1,0,1,0,0,0,0,4.66814E+20,5.31944E+21,8.55489E+15,4.80274E+16
120058,120059,8,1,35,27,2016,10,19,2,3,8,1,2,0,0,0,0,1,0,0,5.91433E+20,5.37708E+21,1.02387E+16,4.85402E+16
120059,120060,8,1,11,0,2016,10,11,1,3,5,3,0,0,0,1,0,1,0,0,5.16172E+20,5.40538E+21,9.22023E+15,4.88012E+16
120060,120061,8,3,26,74,2016,10,12,5,2,6,4,0,0,0,1,1,0,0,0,4.65E+20,5.32359E+21,8.53022E+15,4.80646E+16
120061,120062,8,1,18,19,2016,10,12,3,2,5,3,0,1,1,1,0,0,0,0,5.0562E+20,5.4052E+21,9.07654E+15,4.87998E+16
120062,120063,8,3,35,43,2016,10,18,4,3,5,3,2,0,1,1,0,0,0,0,5.12751E+20,5.27814E+21,9.16981E+15,4.76565E+16
120063,120064,8,3,15,50,2016,10,18,6,3,1,7,0,0,0,1,0,0,0,0,3.98954E+20,5.30378E+21,7.64855E+15,4.78794E+16
120064,120065,8,3,17,122,2016,10,12,5,3,6,7,0,0,0,1,1,0,0,0,4.17044E+20,5.36754E+21,7.878E+15,4.84555E+16
120065,120066,8,1,11,0,2016,10,8,2,3,3,2,0,0,0,0,0,1,1,0,5.14938E+20,5.40724E+21,9.20349E+15,4.8818E+16
120066,120067,8,3,17,96,2016,10,7,3,3,3,6,2,1,1,0,0,0,0,1,4.21985E+20,5.36956E+21,7.94444E+15,4.84743E+16
120067,120068,8,3,36,50,2016,10,5,2,3,7,7,2,0,0,1,0,0,0,1,3.9938E+20,5.27403E+21,7.66112E+15,4.76118E+16
120068,120069,8,3,15,6,2016,10,13,3,3,1,5,0,1,1,1,0,0,0,0,4.02823E+20,5.30787E+21,7.69936E+15,4.79168E+16
120069,120070,8,1,35,32,2016,10,17,2,3,4,6,2,0,0,1,0,0,0,1,5.74764E+20,5.39265E+21,1.00157E+16,4.86824E+16
120070,120071,8,1,11,0,2016,10,1,1,3,1,5,2,0,0,1,0,0,0,0,5.1108E+20,5.40849E+21,9.15097E+15,4.88292E+16
120071,120072,8,1,17,26,2016,10,7,3,3,6,7,2,1,0,1,1,0,0,0,5.49474E+20,5.39384E+21,9.67232E+15,4.86957E+16
120072,120073,8,4,36,64,2016,10,15,4,2,5,2,0,0,0,1,0,0,0,0,5.45287E+20,5.2914E+21,9.60447E+15,4.77744E+16
120073,120074,8,3,11,0,2016,10,13,6,3,4,6,0,0,1,1,0,0,0,0,4.13595E+20,5.31654E+21,7.84176E+15,4.79963E+16
120074,120075,8,1,25,65,2016,10,12,4,3,5,3,0,0,1,1,0,0,0,0,5.16779E+20,5.44817E+21,9.23026E+15,4.91861E+16
120075,120076,8,1,11,0,2016,10,13,1,2,5,2,0,0,0,1,0,1,0,0,5.14195E+20,5.40912E+21,9.19344E+15,4.88349E+16
120076,120077,8,3,17,65,2016,10,16,5,2,9,1,0,0,0,1,0,0,0,0,4.1717E+20,5.35138E+21,7.88289E+15,4.83102E+16
120077,120078,8,1,11,0,2016,10,10,2,2,6,7,0,0,0,1,1,0,0,0,5.12896E+20,5.40234E+21,9.17553E+15,4.87739E+16
120078,120079,8,1,11,0,2016,10,15,1,3,2,3,0,0,0,1,0,0,0,0,5.12531E+20,5.40813E+21,9.17073E+15,4.8826E+16
120079,120080,8,3,36,50,2016,10,17,2,3,5,3,1,0,0,1,0,0,0,0,3.99357E+20,5.27345E+21,7.66095E+15,4.76066E+16
120080,120081,8,2,36,71,2016,10,7,6,3,5,2,1,1,0,1,0,1,0,0,4.68986E+20,5.42174E+21,8.57642E+15,4.89478E+16
120081,120082,8,1,17,26,2016,10,13,3,3,0,3,0,0,0,1,0,0,0,1,5.47835E+20,5.3945E+21,9.65013E+15,4.87017E+16
120082,120083,8,3,27,50,2016,10,1,4,3,1,5,2,1,0,1,0,0,0,0,4.86884E+20,5.31435E+21,8.82423E+15,4.79823E+16
120083,120084,8,2,12,0,2016,10,19,2,2,5,7,2,0,0,1,0,0,0,1,4.56003E+20,5.427E+21,8.39854E+15,4.89943E+16
120084,120085,8,1,11,0,2016,10,9,4,2,2,2,0,0,1,1,0,0,0,0,5.13355E+20,5.40551E+21,9.18187E+15,4.88024E+16
120085,120086,8,1,16,49,2016,10,14,3,3,6,4,0,0,1,0,1,0,0,0,5.25563E+20,5.38609E+21,9.34691E+15,4.86273E+16
120086,120087,8,3,26,74,2016,10,13,4,3,5,3,0,0,1,1,0,0,0,0,4.60129E+20,5.32367E+21,8.46483E+15,4.80651E+16
120087,120088,8,2,22,0,2016,10,9,6,3,4,2,0,0,1,1,0,0,0,0,4.61707E+20,5.4843E+21,8.47104E+15,4.95101E+16
120088,120089,8,1,18,48,2016,10,20,4,3,0,2,2,0,0,1,0,1,0,0,5.13176E+20,5.41597E+21,9.17977E+15,4.88966E+16
120089,120090,8,4,21,0,2016,10,11,7,2,0,1,0,0,1,0,0,0,0,0,5.75353E+20,5.36452E+21,1.00186E+16,4.84294E+16
120090,120091,8,3,16,43,2016,10,14,5,2,5,3,0,0,1,1,0,0,0,0,4.11806E+20,5.33071E+21,7.81486E+15,4.81236E+16
120091,120092,8,4,35,59,2016,10,14,1,3,3,6,0,0,1,1,0,0,0,0,5.12156E+20,5.29063E+21,9.16223E+15,4.77689E+16
120092,120093,8,2,22,0,2016,10,9,6,3,1,2,0,0,0,1,0,0,0,0,4.67902E+20,5.48472E+21,8.55658E+15,4.95142E+16
120093,120094,8,1,16,33,2016,10,17,3,3,5,3,1,0,0,1,0,0,0,1,5.30506E+20,5.38809E+21,9.41414E+15,4.86451E+16
120094,120095,8,3,25,49,2016,10,7,4,3,4,2,1,1,0,1,0,1,0,0,4.71425E+20,5.33421E+21,8.61574E+15,4.81605E+16
120095,120096,8,2,36,40,2016,10,8,2,3,4,6,0,0,0,1,0,0,0,1,4.89118E+20,5.42222E+21,8.85136E+15,4.89528E+16
120096,120097,8,3,11,0,2016,10,14,3,2,1,5,0,1,1,1,0,0,0,0,4.13181E+20,5.31522E+21,7.83648E+15,4.79844E+16
120097,120098,8,1,21,0,2016,10,2,2,2,4,1,2,0,0,1,0,0,0,0,5.15727E+20,5.44508E+21,9.2157E+15,4.91583E+16
120098,120099,8,4,15,61,2016,10,14,7,3,5,3,0,0,0,1,0,0,0,0,5.14248E+20,5.37057E+21,9.19283E+15,4.84881E+16
120099,120100,8,4,37,104,2016,10,14,2,2,5,3,0,0,0,1,0,1,0,0,5.15757E+20,5.32581E+21,9.21158E+15,4.80854E+16
120100,120101,8,3,11,0,2016,10,15,5,2,1,5,0,0,1,1,0,0,0,0,4.14214E+20,5.31606E+21,7.85016E+15,4.79921E+16
120101,120102,8,1,11,0,2016,10,17,3,3,0,2,0,0,0,1,0,0,0,1,5.1341E+20,5.4033E+21,9.18255E+15,4.87826E+16
120102,120103,8,3,25,53,2016,10,13,4,2,5,3,0,0,0,1,0,0,0,0,4.57191E+20,5.34226E+21,8.42352E+15,4.82321E+16
120103,120104,8,1,26,46,2016,10,10,2,3,6,7,0,0,0,1,1,0,0,0,5.49316E+20,5.45985E+21,9.67818E+15,4.92894E+16
120104,120105,8,3,37,60,2016,10,15,7,3,6,7,0,0,0,1,1,0,0,0,4.68038E+20,5.27781E+21,8.57438E+15,4.76529E+16
120105,120106,8,4,26,44,2016,10,14,2,3,5,3,0,0,0,1,0,0,0,0,5.80055E+20,5.32645E+21,1.0075E+16,4.80863E+16
120106,120107,8,3,11,0,2016,10,7,5,3,5,3,0,0,0,1,1,0,0,0,4.11007E+20,5.31669E+21,7.80705E+15,4.79974E+16
120107,120108,8,4,36,64,2016,10,4,1,3,1,5,2,1,0,1,0,0,0,0,5.45811E+20,5.29173E+21,9.6115E+15,4.77773E+16
120108,120109,8,2,16,15,2016,10,13,6,3,5,2,0,0,0,1,0,1,0,0,4.50315E+20,5.40643E+21,8.32329E+15,4.88088E+16
120109,120110,8,1,11,0,2016,10,4,3,3,0,7,2,1,0,1,0,0,0,0,5.12822E+20,5.40252E+21,9.17451E+15,4.87756E+16
120110,120111,8,3,11,0,2016,10,8,4,3,5,2,0,0,1,1,0,0,0,0,4.14588E+20,5.31825E+21,7.85473E+15,4.80118E+16
120111,120112,8,2,26,20,2016,10,13,2,3,5,3,0,0,1,1,0,0,0,0,4.90315E+20,5.4626E+21,8.86674E+15,4.93161E+16
120112,120113,8,3,11,0,2016,10,22,5,3,2,6,2,0,1,0,0,0,0,0,4.17245E+20,5.31584E+21,7.89082E+15,4.79905E+16
120113,120114,8,3,11,0,2016,10,14,3,3,3,6,0,1,1,1,0,0,0,0,4.14579E+20,5.31823E+21,7.85462E+15,4.80116E+16
120114,120115,8,1,21,0,2016,10,13,2,3,6,7,0,0,1,0,1,0,0,0,5.16131E+20,5.44288E+21,9.22115E+15,4.91385E+16
120115,120116,8,3,37,66,2016,10,2,7,3,1,5,2,0,0,1,0,0,0,0,4.30385E+20,5.26861E+21,8.07448E+15,4.75671E+16
120116,120117,8,3,36,50,2016,10,13,2,3,5,3,0,0,0,1,0,0,0,0,3.98779E+20,5.27312E+21,7.65334E+15,4.76036E+16
120117,120118,8,2,35,85,2016,10,10,5,3,5,3,0,0,1,1,0,0,0,0,4.80355E+20,5.39856E+21,8.73281E+15,4.87398E+16
120118,120119,8,4,37,100,2016,10,16,2,2,5,3,0,0,0,1,0,1,0,0,5.37991E+20,5.31793E+21,9.50943E+15,4.80135E+16
120119,120120,8,3,11,0,2016,10,16,4,3,5,3,0,0,1,1,0,0,0,0,4.14024E+20,5.31551E+21,7.84771E+15,4.79871E+16
120120,120121,8,2,16,43,2016,10,23,6,3,5,3,2,0,0,1,0,0,0,0,4.41921E+20,5.4123E+21,8.20814E+15,4.88609E+16
120121,120122,8,2,15,17,2016,10,18,4,3,5,3,2,0,1,1,0,0,0,0,4.56894E+20,5.4216E+21,8.41129E+15,4.89458E+16
120122,120123,8,2,15,17,2016,10,18,6,3,5,3,1,0,1,1,0,0,0,0,4.55576E+20,5.42154E+21,8.3933E+15,4.89452E+16
120123,120124,8,3,37,65,2016,10,9,2,3,5,3,0,0,0,1,0,0,0,0,4.49203E+20,5.27442E+21,8.32397E+15,4.76212E+16
120124,120125,8,3,36,50,2016,10,17,4,2,8,1,0,0,0,0,0,1,0,0,4.00917E+20,5.27656E+21,7.681E+15,4.76349E+16
120125,120126,8,2,26,37,2016,10,10,2,3,5,3,0,0,0,1,0,1,0,0,4.66545E+20,5.46788E+21,8.53925E+15,4.93627E+16
120126,120127,8,2,31,0,2016,10,13,5,3,2,6,0,0,0,1,0,0,0,0,4.76142E+20,5.4154E+21,8.67452E+15,4.88911E+16
120127,120128,8,3,11,0,2016,10,8,3,3,5,2,0,1,1,1,0,0,0,0,4.1334E+20,5.31707E+21,7.83824E+15,4.80011E+16
120128,120129,8,3,27,36,2016,10,17,7,2,6,6,0,0,0,1,1,0,0,0,4.90513E+20,5.31857E+21,8.87277E+15,4.80203E+16
120129,120130,8,3,11,0,2016,10,16,4,3,0,1,0,0,1,0,0,0,0,0,4.14331E+20,5.31578E+21,7.85177E+15,4.79896E+16
120130,120131,8,2,12,0,2016,10,7,6,3,3,6,1,0,1,1,0,0,0,0,4.56868E+20,5.42846E+21,8.41021E+15,4.90075E+16
120131,120132,8,1,19,67,2016,10,12,4,3,0,3,0,0,0,1,0,0,0,1,5.39534E+20,5.40721E+21,9.53854E+15,4.88167E+16
120132,120133,8,3,25,49,2016,10,7,7,3,2,7,2,1,0,1,0,0,0,0,4.74092E+20,5.33202E+21,8.65174E+15,4.81409E+16
120133,120134,8,2,26,98,2016,10,12,5,3,5,3,0,0,0,1,0,0,0,0,4.77726E+20,5.46018E+21,8.69367E+15,4.9294E+16
120134,120135,8,4,21,0,2016,10,3,1,3,8,1,2,0,0,1,0,0,0,0,5.73376E+20,5.36144E+21,9.99138E+15,4.84018E+16
120135,120136,8,2,26,85,2016,10,14,7,3,5,3,0,0,0,1,0,1,0,0,4.91123E+20,5.45497E+21,8.87804E+15,4.92474E+16
120136,120137,8,3,35,75,2016,10,12,2,3,5,2,0,0,1,1,0,0,0,0,4.89031E+20,5.28925E+21,8.85364E+15,4.77565E+16
120137,120138,8,2,25,58,2016,10,6,5,3,5,3,2,0,1,1,0,0,0,0,5.08934E+20,5.46559E+21,9.12299E+15,4.9343E+16
120138,120139,8,4,15,85,2016,10,11,1,2,8,1,0,0,0,0,0,1,0,0,5.32213E+20,5.34457E+21,9.43397E+15,4.82535E+16
120139,120140,8,3,36,50,2016,10,11,3,3,5,3,0,0,0,1,0,0,0,0,3.99313E+20,5.27295E+21,7.66048E+15,4.76021E+16
120140,120141,8,2,16,7,2016,10,11,7,3,5,3,0,0,0,1,0,1,0,0,4.36541E+20,5.39425E+21,8.13758E+15,4.86981E+16
120141,120142,8,3,25,9,2016,10,4,2,2,8,1,2,1,0,1,0,0,0,0,4.68018E+20,5.34142E+21,8.56939E+15,4.82252E+16
120142,120143,8,3,36,24,2016,10,10,2,3,3,2,0,0,0,1,0,0,0,1,3.95086E+20,5.27764E+21,7.60314E+15,4.76437E+16
120143,120144,8,2,15,17,2016,10,13,4,2,8,1,0,0,0,1,0,0,0,0,4.55738E+20,5.42174E+21,8.3955E+15,4.8947E+16
120144,120145,8,2,12,0,2016,10,13,6,3,5,3,0,0,0,1,0,0,0,0,4.60427E+20,5.42625E+21,8.45909E+15,4.89878E+16
120145,120146,8,1,18,40,2016,10,8,4,3,5,3,0,0,0,1,0,0,0,0,5.10541E+20,5.43195E+21,9.14423E+15,4.90403E+16
120146,120147,8,1,19,20,2016,10,10,2,3,5,3,0,0,0,1,0,0,1,0,5.19576E+20,5.40735E+21,9.26668E+15,4.88188E+16
120147,120148,8,2,15,17,2016,10,15,7,3,0,7,0,0,1,0,0,0,0,0,4.55041E+20,5.42235E+21,8.3859E+15,4.89524E+16
120148,120149,8,3,37,126,2016,10,1,1,3,8,1,2,0,0,1,0,0,0,0,4.43411E+20,5.27455E+21,8.24687E+15,4.76219E+16
120149,120150,8,1,36,88,2016,10,12,6,3,5,3,0,0,1,1,0,0,0,0,5.80543E+20,5.41004E+21,1.00976E+16,4.88381E+16
120150,120151,8,3,35,43,2016,10,20,2,2,0,3,2,0,1,1,0,0,0,0,5.12754E+20,5.27813E+21,9.16985E+15,4.76565E+16
120151,120152,8,2,12,0,2016,10,16,4,3,6,7,0,0,1,0,1,0,0,0,4.57245E+20,5.4285E+21,8.41536E+15,4.90079E+16
120152,120153,8,2,22,0,2016,10,11,2,3,5,3,0,0,1,1,0,0,0,0,4.63682E+20,5.47802E+21,8.49889E+15,4.94538E+16
120153,120154,8,1,25,65,2016,10,17,6,3,5,3,0,0,0,1,0,0,0,0,5.16919E+20,5.44856E+21,9.23219E+15,4.91896E+16
120154,120155,8,4,36,82,2016,10,12,2,2,5,3,0,0,0,1,0,1,0,0,5.48151E+20,5.29603E+21,9.64321E+15,4.78158E+16
120155,120156,8,2,31,0,2016,10,17,4,3,2,6,0,0,0,1,0,0,0,0,4.77027E+20,5.4153E+21,8.6866E+15,4.88902E+16
120156,120157,8,2,22,0,2016,10,7,2,3,6,4,0,1,0,0,1,1,0,0,4.64979E+20,5.48468E+21,8.5162E+15,4.95137E+16
120157,120158,8,1,19,8,2016,10,15,2,3,0,1,0,0,0,0,0,1,0,0,5.31104E+20,5.41835E+21,9.42455E+15,4.89173E+16
120158,120159,8,1,28,139,2016,10,11,7,3,3,7,0,0,1,1,0,0,0,0,5.51332E+20,5.49077E+21,9.70991E+15,4.95674E+16
120159,120160,8,4,21,0,2016,10,16,2,2,5,2,0,0,1,1,0,0,0,0,5.73676E+20,5.36096E+21,9.99535E+15,4.83975E+16
120160,120161,8,2,22,0,2016,10,13,5,3,2,6,0,0,0,1,0,1,0,0,4.64039E+20,5.47921E+21,8.50371E+15,4.94645E+16
120161,120162,8,1,19,20,2016,10,16,6,3,6,4,0,0,0,1,1,0,0,0,5.19714E+20,5.40834E+21,9.26861E+15,4.88277E+16
120162,120163,8,3,27,46,2016,10,7,2,3,5,3,2,1,1,1,0,0,0,0,4.80506E+20,5.32451E+21,8.7383E+15,4.80736E+16
120163,120164,8,2,22,0,2016,10,10,4,3,2,6,0,0,1,1,0,0,0,0,4.62675E+20,5.48098E+21,8.48473E+15,4.94803E+16
120164,120165,8,2,22,0,2016,10,9,2,3,5,3,0,0,0,1,0,0,0,0,4.61542E+20,5.48809E+21,8.46839E+15,4.95442E+16
120165,120166,8,2,22,0,2016,10,17,5,3,1,5,0,0,0,1,0,0,0,0,4.65577E+20,5.48181E+21,8.52471E+15,4.9488E+16
120166,120167,8,2,31,0,2016,10,14,3,3,4,2,0,0,0,1,0,0,0,0,4.76961E+20,5.41567E+21,8.68567E+15,4.88935E+16
120167,120168,8,1,18,70,2016,10,16,2,3,0,2,0,0,0,1,0,0,0,0,5.19984E+20,5.42358E+21,9.27303E+15,4.89648E+16
120168,120169,8,1,28,7,2016,10,12,7,3,0,1,0,0,0,0,0,1,0,0,5.52841E+20,5.47768E+21,9.72902E+15,4.94495E+16
120169,120170,8,2,35,85,2016,10,15,3,2,6,4,0,1,0,1,1,0,0,0,4.82745E+20,5.39366E+21,8.76551E+15,4.86957E+16
120170,120171,8,1,18,48,2016,10,15,2,3,0,7,0,0,0,0,0,0,0,1,5.13805E+20,5.41585E+21,9.18835E+15,4.88954E+16
120171,120172,8,1,19,93,2016,10,9,7,2,6,3,0,0,0,1,1,0,0,0,5.23466E+20,5.40612E+21,9.3196E+15,4.88076E+16
120172,120173,8,2,21,0,2016,10,18,5,3,5,3,2,0,1,1,0,0,0,0,4.7444E+20,5.47239E+21,8.64768E+15,4.94036E+16
120173,120174,8,3,16,11,2016,10,10,2,3,2,6,0,1,0,1,0,0,0,0,4.12327E+20,5.33125E+21,7.82174E+15,4.81285E+16
120174,120175,8,2,21,0,2016,10,8,4,2,4,6,0,1,1,1,0,0,0,0,4.7497E+20,5.47515E+21,8.65482E+15,4.94286E+16
120175,120176,8,1,18,63,2016,10,8,6,3,1,5,0,0,0,1,0,0,0,1,5.15071E+20,5.42307E+21,9.20589E+15,4.89603E+16
120176,120177,8,2,16,15,2016,10,7,4,3,5,3,2,0,1,0,0,0,0,1,4.50591E+20,5.40555E+21,8.32716E+15,4.8801E+16
120177,120178,8,2,21,0,2016,10,7,5,3,2,6,1,0,1,1,0,0,0,0,4.7741E+20,5.46866E+21,8.68884E+15,4.93702E+16
120178,120179,8,3,26,74,2016,10,12,1,2,1,6,0,0,0,0,0,1,0,0,4.60206E+20,5.3225E+21,8.46598E+15,4.80546E+16
120179,120180,8,2,26,103,2016,10,8,3,3,6,4,0,0,0,1,1,0,0,0,4.72699E+20,5.45701E+21,8.62474E+15,4.92652E+16
120180,120181,8,3,11,0,2016,10,9,2,3,1,5,0,1,1,1,0,0,0,0,4.12087E+20,5.31556E+21,7.82176E+15,4.79873E+16
120181,120182,8,2,16,15,2016,10,16,4,3,1,5,0,0,0,1,0,1,0,0,4.48909E+20,5.40691E+21,8.30408E+15,4.88131E+16
120182,120183,8,1,18,48,2016,10,17,6,3,2,6,0,0,0,1,0,0,0,0,5.11404E+20,5.41557E+21,9.15558E+15,4.88929E+16
120183,120184,8,3,11,0,2016,10,13,2,3,5,2,0,1,0,1,0,0,0,1,4.11667E+20,5.31925E+21,7.81536E+15,4.80204E+16
120184,120185,8,2,16,7,2016,10,12,4,3,6,6,0,0,1,0,1,0,0,0,4.35824E+20,5.39461E+21,8.12779E+15,4.87012E+16
120185,120186,8,1,16,81,2016,10,7,6,3,5,3,0,0,0,1,0,1,0,0,5.18723E+20,5.38671E+21,9.25412E+15,4.86332E+16
120186,120187,8,1,36,88,2016,10,13,4,3,2,7,0,0,1,0,0,0,0,1,5.81051E+20,5.41255E+21,1.01051E+16,4.88606E+16
120187,120188,8,2,15,21,2016,10,18,5,2,5,3,0,0,0,1,0,1,0,0,4.69342E+20,5.44445E+21,8.57956E+15,4.91521E+16
120188,120189,8,3,17,57,2016,10,10,1,3,0,7,0,0,1,0,0,0,0,0,4.16465E+20,5.38226E+21,7.86722E+15,4.85879E+16
120189,120190,8,2,26,46,2016,10,7,3,3,5,3,1,1,0,1,0,1,0,0,4.76928E+20,5.45472E+21,8.683E+15,4.92449E+16
120190,120191,8,1,18,70,2016,10,16,7,3,5,3,0,0,0,1,0,0,0,1,5.19776E+20,5.42367E+21,9.27019E+15,4.89656E+16