FID,OBJECTID,ULAND,UREGBEZ,UKREIS,UGEMEINDE,UJAHR,UMONAT,USTUNDE,UWOCHENTAG,UKATEGORIE,UART,UTYP1,ULICHTVERH,IstStrasse,IstRad,IstPKW,IstFuss,IstKrad,IstGkfz,IstSonstig,LINREFX,LINREFY,XGCSWGS84,YGCSWGS84
120368,120369,8,2,16,49,2016,11,11,7,3,1,6,0,1,0,1,0,0,0,0,4.39025E+20,5.40195E+21,8.17021E+15,4.87676E+16
120369,120370,8,1,16,78,2016,11,12,4,3,0,6,0,0,0,1,0,0,0,0,5.11851E+20,5.39238E+21,9.16101E+15,4.86844E+16
120370,120371,8,4,36,49,2016,11,17,2,2,6,4,2,1,1,0,1,0,0,0,5.77827E+20,5.28211E+21,1.00371E+16,4.76877E+16
120371,120372,8,2,22,0,2016,11,15,4,3,6,7,0,1,1,0,1,0,0,0,4.61411E+20,5.48179E+21,8.46719E+15,4.94875E+16
120372,120373,8,1,16,78,2016,11,9,6,3,5,3,0,0,0,1,0,0,0,0,5.08792E+20,5.39481E+21,9.1195E+15,4.87062E+16
120373,120374,8,3,36,69,2016,11,18,3,3,2,6,2,0,0,1,0,0,0,0,4.08496E+20,5.26936E+21,7.78337E+15,4.75712E+16
120374,120375,8,4,36,81,2016,11,17,4,3,5,3,2,1,1,1,0,0,0,0,5.61647E+20,5.28288E+21,9.82161E+15,4.76964E+16
120375,120376,8,1,16,19,2016,11,9,4,3,6,7,0,0,0,0,1,0,0,1,5.22691E+20,5.39876E+21,9.30864E+15,4.87415E+16
120376,120377,8,3,15,74,2016,11,18,2,3,1,1,2,0,1,1,0,0,0,0,3.96768E+20,5.29604E+21,7.62117E+15,4.78095E+16
120377,120378,8,2,22,0,2016,11,16,4,3,5,3,0,0,1,1,0,0,0,0,4.61757E+20,5.48462E+21,8.47169E+15,4.9513E+16
120378,120379,8,1,11,0,2016,11,22,6,3,4,6,2,0,0,1,0,0,0,0,5.11912E+20,5.39583E+21,9.16193E+15,4.87154E+16
120379,120380,8,2,26,98,2016,11,6,3,3,5,3,1,0,1,1,0,0,0,0,4.76252E+20,5.46098E+21,8.67334E+15,4.93011E+16
120380,120381,8,1,16,33,2016,11,5,2,3,0,2,2,2,0,0,0,1,0,0,5.31912E+20,5.38906E+21,9.4333E+15,4.86538E+16
120381,120382,8,3,35,75,2016,11,15,3,3,6,4,0,0,0,1,1,0,0,0,4.88618E+20,5.28768E+21,8.84817E+15,4.77424E+16
120382,120383,8,4,26,21,2016,11,10,4,3,5,2,0,0,1,1,0,0,0,0,5.57533E+20,5.32771E+21,9.77277E+15,4.81001E+16
120383,120384,8,2,22,0,2016,11,19,4,3,5,3,2,1,0,1,0,0,0,0,4.61109E+20,5.48185E+21,8.46301E+15,4.9488E+16
120384,120385,8,4,35,59,2016,11,17,5,3,7,7,2,0,1,0,0,0,0,1,5.13188E+20,5.28962E+21,9.17598E+15,4.77598E+16
120385,120386,8,1,15,3,2016,11,12,7,2,8,1,0,1,0,1,0,0,0,0,4.98369E+20,5.39266E+21,8.97784E+15,4.8687E+16
120386,120387,8,1,15,3,2016,11,5,4,3,3,1,2,1,0,1,0,0,0,0,4.98464E+20,5.39296E+21,8.97913E+15,4.86896E+16
120387,120388,8,3,15,33,2016,11,14,2,3,5,3,0,0,0,1,0,0,1,0,3.96536E+20,5.30522E+21,7.61587E+15,4.7892E+16
120388,120389,8,3,17,65,2016,11,17,4,3,2,6,2,1,0,1,0,0,0,0,4.15633E+20,5.35435E+21,7.86157E+15,4.83367E+16
120389,120390,8,4,26,97,2016,11,9,5,3,5,3,0,1,1,1,0,0,0,0,5.344E+20,5.33421E+21,9.46259E+15,4.81602E+16
120390,120391,8,3,17,151,2016,11,19,3,3,9,7,1,0,1,0,0,0,0,0,4.11396E+20,5.37005E+21,7.8011E+15,4.84774E+16
120391,120392,8,4,21,0,2016,11,18,4,3,5,3,2,0,0,0,0,1,0,1,5.72055E+20,5.36054E+21,9.97338E+15,4.83939E+16
120392,120393,8,1,15,28,2016,11,16,2,3,5,3,1,0,0,1,0,0,0,0,5.00404E+20,5.40433E+21,9.0055E+15,4.8792E+16
120393,120394,8,1,18,19,2016,11,11,7,2,9,7,0,1,0,1,0,0,0,0,5.05499E+20,5.40579E+21,9.07489E+15,4.88051E+16
120394,120395,8,1,15,13,2016,11,7,2,3,0,6,0,1,0,1,0,1,0,0,4.96482E+20,5.38998E+21,8.95222E+15,4.86629E+16
120395,120396,8,2,12,0,2016,11,18,3,3,5,3,2,0,0,1,0,0,0,0,4.53167E+20,5.42793E+21,8.35967E+15,4.90025E+16
120396,120397,8,4,21,0,2016,11,18,4,3,8,1,2,0,1,0,0,0,0,0,5.72402E+20,5.36126E+21,9.97819E+15,4.84004E+16
120397,120398,8,2,21,0,2016,11,21,4,3,3,2,2,1,1,1,0,0,0,0,4.76895E+20,5.4725E+21,8.68152E+15,4.94048E+16
120398,120399,8,4,16,41,2016,11,21,5,3,0,7,2,0,1,0,0,0,0,0,5.03862E+20,5.37448E+21,9.0523E+15,4.85234E+16
120399,120400,8,1,36,65,2016,11,21,7,3,5,3,2,1,0,1,0,0,0,0,5.58623E+20,5.40521E+21,9.79825E+15,4.87971E+16
120400,120401,8,3,11,0,2016,11,7,2,3,3,7,1,1,1,0,0,0,0,1,4.17315E+20,5.31527E+21,7.89186E+15,4.79854E+16
120401,120402,8,4,25,141,2016,11,11,4,3,1,6,0,1,0,1,0,0,0,1,5.68242E+20,5.3625E+21,9.9222E+15,4.84119E+16
120402,120403,8,1,11,0,2016,11,6,2,3,5,3,2,1,0,1,0,1,0,0,5.15398E+20,5.4063E+21,9.20973E+15,4.88095E+16
120403,120404,8,1,19,79,2016,11,17,7,2,6,4,2,1,0,1,1,0,0,0,5.22378E+20,5.4084E+21,9.3049E+15,4.88282E+16
120404,120405,8,3,11,0,2016,11,10,2,3,5,3,0,1,1,1,0,0,0,0,4.12368E+20,5.31641E+21,7.82535E+15,4.7995E+16
120405,120406,8,4,15,60,2016,11,18,5,3,8,1,2,0,0,1,0,0,0,0,5.14927E+20,5.37832E+21,9.2023E+15,4.85578E+16
120406,120407,8,2,26,41,2016,11,16,3,3,1,6,0,0,0,1,0,0,0,0,4.76133E+20,5.46485E+21,8.67147E+15,4.93359E+16
120407,120408,8,3,11,0,2016,11,20,2,3,5,3,2,0,1,1,0,0,0,0,4.14099E+20,5.31806E+21,7.84821E+15,4.801E+16
120408,120409,8,3,17,89,2016,11,14,4,3,5,3,0,1,0,1,0,0,0,0,4.32231E+20,5.37575E+21,8.08205E+15,4.85312E+16
120409,120410,8,4,17,57,2016,11,22,5,2,6,7,2,0,0,1,1,0,0,0,4.82353E+20,5.33995E+21,8.76245E+15,4.82125E+16
120410,120411,8,2,22,0,2016,11,16,3,3,3,6,0,0,0,1,0,1,0,0,4.61703E+20,5.48244E+21,8.47116E+15,4.94934E+16
120411,120412,8,1,18,60,2016,11,13,7,3,5,3,0,1,0,1,0,0,0,0,5.23122E+20,5.43003E+21,9.31626E+15,4.90227E+16
120412,120413,8,3,11,0,2016,11,18,2,2,0,1,2,0,1,0,0,0,0,0,4.13421E+20,5.31826E+21,7.83909E+15,4.80117E+16
120413,120414,8,3,17,89,2016,11,12,4,3,6,2,0,1,0,1,1,0,0,0,4.32076E+20,5.37564E+21,8.07997E+15,4.85302E+16
120414,120415,8,2,21,0,2016,11,9,3,3,5,3,0,0,1,1,0,0,0,0,4.7717E+20,5.46966E+21,8.68548E+15,4.93792E+16
120415,120416,8,4,21,0,2016,11,17,4,3,6,4,1,0,0,1,1,0,0,0,5.7169E+20,5.36063E+21,9.96846E+15,4.83948E+16
120416,120417,8,1,11,0,2016,11,17,2,3,3,6,2,0,0,1,0,0,0,1,5.14522E+20,5.40406E+21,9.19772E+15,4.87894E+16
120417,120418,8,1,18,48,2016,11,9,7,2,0,1,0,1,0,0,0,1,0,0,5.12412E+20,5.41557E+21,9.16934E+15,4.88929E+16
120418,120419,8,1,11,0,2016,11,13,4,3,5,3,0,1,1,1,0,0,0,0,5.06558E+20,5.40593E+21,9.08932E+15,4.88063E+16
120419,120420,8,3,11,0,2016,11,16,2,3,5,3,1,0,0,1,0,0,0,0,4.11338E+20,5.32095E+21,7.8106E+15,4.80357E+16
120420,120421,8,2,22,0,2016,11,8,3,3,5,3,0,1,0,1,0,0,0,0,4.64926E+20,5.47658E+21,8.51619E+15,4.94408E+16
120421,120422,8,1,11,0,2016,11,11,2,3,5,3,0,0,0,1,0,0,0,0,5.17069E+20,5.40289E+21,9.23234E+15,4.87788E+16
120422,120423,8,2,15,17,2016,11,12,3,3,5,3,0,0,1,1,0,0,0,0,4.56118E+20,5.42116E+21,8.40074E+15,4.89418E+16
120423,120424,8,4,16,41,2016,11,9,4,3,5,3,0,1,0,1,0,0,0,0,5.03543E+20,5.37333E+21,9.04797E+15,4.85131E+16
120424,120425,8,2,15,106,2016,11,16,4,3,4,2,0,1,0,1,0,1,0,0,4.64969E+20,5.45264E+21,8.51888E+15,4.92256E+16
120425,120426,8,4,35,16,2016,11,20,1,2,5,3,2,1,1,1,0,0,0,0,5.3401E+20,5.27834E+21,9.45294E+15,4.76576E+16
120426,120427,8,2,12,0,2016,11,22,3,2,5,3,2,0,0,1,0,0,0,0,4.54949E+20,5.4275E+21,8.38407E+15,4.89988E+16
120427,120428,8,4,16,41,2016,11,9,4,3,2,6,0,0,0,1,0,0,0,0,5.05696E+20,5.37507E+21,9.07715E+15,4.85287E+16
120428,120429,8,2,12,0,2016,11,18,4,3,1,7,2,1,1,1,0,0,0,0,4.54775E+20,5.42852E+21,8.38159E+15,4.90079E+16
120429,120430,8,1,11,0,2016,11,17,4,3,2,7,2,1,0,0,0,1,0,1,5.13935E+20,5.40178E+21,9.18964E+15,4.87689E+16
120430,120431,8,3,11,0,2016,11,13,2,3,6,4,0,0,0,0,1,0,0,1,4.11468E+20,5.3181E+21,7.81294E+15,4.801E+16
120431,120432,8,2,26,38,2016,11,18,4,3,4,6,1,0,0,1,0,0,0,0,4.71501E+20,5.4814E+21,8.60653E+15,4.94845E+16
120432,120433,8,3,17,114,2016,11,9,5,3,5,3,0,0,0,1,0,1,0,0,4.04727E+20,5.34649E+21,7.71621E+15,4.82644E+16
120433,120434,8,4,37,100,2016,11,18,1,2,8,1,2,1,0,1,0,0,0,0,5.33578E+20,5.31912E+21,9.45035E+15,4.80245E+16
120434,120435,8,1,19,79,2016,11,13,3,3,1,6,0,0,0,1,0,0,0,0,5.24178E+20,5.4085E+21,9.32944E+15,4.8829E+16
120435,120436,8,3,35,100,2016,11,12,4,3,0,1,0,0,1,0,0,0,0,0,4.87825E+20,5.28606E+21,8.83764E+15,4.77278E+16
120436,120437,8,2,12,0,2016,11,17,4,2,6,2,2,1,0,1,1,0,0,0,4.61787E+20,5.42739E+21,8.47758E+15,4.89982E+16
120437,120438,8,3,17,1,2016,11,14,5,3,2,6,0,0,0,1,0,0,0,0,4.31026E+20,5.38661E+21,8.06392E+15,4.86287E+16
120438,120439,8,1,18,79,2016,11,0,7,3,9,1,2,0,0,1,0,0,0,0,5.07374E+20,5.42157E+21,9.10072E+15,4.8947E+16
120439,120440,8,4,37,76,2016,11,15,3,3,5,3,0,0,0,1,0,1,0,0,5.2465E+20,5.32148E+21,9.33075E+15,4.80462E+16
120440,120441,8,3,11,0,2016,11,14,2,3,0,7,0,0,0,1,0,0,0,0,4.14955E+20,5.31691E+21,7.85992E+15,4.79998E+16
120441,120442,8,1,16,47,2016,11,11,7,3,5,3,0,1,0,1,0,0,0,0,5.20121E+20,5.39228E+21,9.27337E+15,4.86832E+16
120442,120443,8,4,36,81,2016,11,16,3,3,5,3,0,0,1,1,0,0,0,0,5.62408E+20,5.28212E+21,9.83164E+15,4.76894E+16
120443,120444,8,2,12,0,2016,11,17,2,3,5,2,2,0,1,1,0,0,0,0,4.5597E+20,5.4279E+21,8.39799E+15,4.90024E+16
120444,120445,8,3,16,17,2016,11,8,5,3,5,3,0,0,1,1,0,0,0,0,4.08789E+20,5.34146E+21,7.77203E+15,4.82198E+16
120445,120446,8,1,17,19,2016,11,14,3,3,5,3,0,0,0,1,0,0,0,0,5.51532E+20,5.39369E+21,9.70026E+15,4.86941E+16
120446,120447,8,3,15,6,2016,11,12,4,3,5,2,0,0,0,1,0,0,0,0,4.03203E+20,5.3083E+21,7.70435E+15,4.79207E+16
120447,120448,8,4,21,0,2016,11,12,1,3,2,6,0,0,0,1,0,0,0,0,5.73793E+20,5.36197E+21,9.99711E+15,4.84066E+16
120448,120449,8,3,36,69,2016,11,10,4,3,3,2,0,0,1,1,0,0,0,0,4.09559E+20,5.26985E+21,7.7974E+15,4.75757E+16
120449,120450,8,3,16,24,2016,11,10,5,3,0,1,0,0,1,0,0,0,0,0,4.09622E+20,5.33462E+21,7.78469E+15,4.81584E+16
120450,120451,8,2,21,0,2016,11,18,3,3,5,3,2,0,1,0,0,0,0,0,4.77216E+20,5.47144E+21,8.68601E+15,4.93952E+16
120451,120452,8,1,16,77,2016,11,11,7,3,0,7,0,1,1,0,0,0,0,0,5.14589E+20,5.38856E+21,9.19808E+15,4.86499E+16
120452,120453,8,1,15,28,2016,11,18,3,3,1,5,2,0,1,1,0,0,0,0,5.00617E+20,5.4053E+21,9.0084E+15,4.88007E+16
120453,120454,8,2,12,0,2016,11,10,4,3,1,5,0,1,1,1,0,0,0,0,4.55477E+20,5.42841E+21,8.39119E+15,4.9007E+16
120454,120455,8,3,26,74,2016,11,17,1,3,5,3,2,1,0,1,0,0,0,0,4.59565E+20,5.32257E+21,8.45737E+15,4.80551E+16
120455,120456,8,1,11,0,2016,11,18,3,3,2,7,2,0,0,1,0,1,0,0,5.1285E+20,5.40853E+21,9.17508E+15,4.88296E+16
120456,120457,8,2,35,46,2016,11,18,4,3,0,1,2,1,0,1,0,0,0,0,4.79463E+20,5.37542E+21,8.72182E+15,4.85315E+16
120457,120458,8,3,26,3,2016,11,17,1,3,2,6,1,1,0,1,0,0,0,0,4.6493E+20,5.3192E+21,8.52963E+15,4.80251E+16
120458,120459,8,1,15,3,2016,11,12,7,3,6,4,0,1,0,1,1,0,0,0,5.01203E+20,5.39276E+21,9.01634E+15,4.86879E+16
120459,120460,8,3,11,0,2016,11,7,5,3,5,7,0,0,1,1,0,0,0,0,4.1282E+20,5.31773E+21,7.83113E+15,4.80069E+16
120460,120461,8,2,26,41,2016,11,13,3,3,5,3,0,0,0,1,0,0,0,1,4.77253E+20,5.46625E+21,8.68682E+15,4.93485E+16
120461,120462,8,1,15,44,2016,11,11,7,3,2,6,0,0,0,1,0,0,0,0,5.04507E+20,5.39058E+21,9.06121E+15,4.86683E+16
120462,120463,8,2,31,0,2016,11,6,2,3,5,3,1,0,0,1,0,0,1,0,4.78729E+20,5.41606E+21,8.70978E+15,4.88971E+16
120463,120464,8,3,16,10,2016,11,17,4,3,2,6,1,1,0,1,0,0,0,1,4.30894E+20,5.33586E+21,8.07049E+15,4.81722E+16
120464,120465,8,3,17,57,2016,11,10,1,3,6,7,0,0,0,1,1,0,0,0,4.13042E+20,5.37929E+21,7.82144E+15,4.85606E+16
120465,120466,8,1,11,0,2016,11,11,3,2,2,6,0,0,0,1,0,0,0,0,5.10164E+20,5.39623E+21,9.13819E+15,4.8719E+16
120466,120467,8,1,11,0,2016,11,13,4,3,5,2,0,1,0,1,0,0,0,0,5.10776E+20,5.39697E+21,9.14652E+15,4.87257E+16
120467,120468,8,2,21,0,2016,11,15,1,3,2,6,0,0,0,1,0,1,0,0,4.76893E+20,5.47203E+21,8.68152E+15,4.94005E+16
120468,120469,8,1,18,76,2016,11,7,2,3,6,6,0,0,0,1,1,0,0,0,5.01692E+20,5.42675E+21,9.02312E+15,4.89937E+16
120469,120470,8,4,17,31,2016,11,16,2,3,6,4,0,0,0,0,1,0,0,1,4.97299E+20,5.35514E+21,8.96355E+15,4.83494E+16
120470,120471,8,1,27,14,2016,11,17,5,3,5,3,2,0,1,1,0,0,0,0,5.79115E+20,5.44158E+21,1.00843E+16,4.9122E+16
120471,120472,8,4,16,41,2016,11,17,5,3,5,3,2,1,0,1,0,1,0,0,5.02885E+20,5.37546E+21,9.03908E+15,4.85323E+16
120472,120473,8,2,15,102,2016,11,12,6,3,5,3,0,1,0,1,0,0,1,0,4.54725E+20,5.43621E+21,8.38004E+15,4.90771E+16
120473,120474,8,4,15,60,2016,11,7,4,3,5,3,1,1,0,1,0,0,0,1,5.16333E+20,5.37928E+21,9.22139E+15,4.85664E+16
120474,120475,8,1,28,7,2016,11,12,5,2,6,4,0,0,0,1,1,0,0,0,5.55769E+20,5.48244E+21,9.77009E+15,4.9492E+16
120475,120476,8,3,25,49,2016,11,12,6,3,5,3,0,0,1,1,0,0,0,0,4.71943E+20,5.33399E+21,8.62271E+15,4.81586E+16
120476,120477,8,1,15,3,2016,11,16,6,3,5,3,2,1,0,1,0,0,0,0,5.00457E+20,5.39195E+21,9.00621E+15,4.86806E+16
120477,120478,8,3,35,25,2016,11,14,3,2,6,7,0,0,0,0,1,0,0,1,4.99304E+20,5.28324E+21,8.99073E+15,4.77025E+16
120478,120479,8,4,26,70,2016,11,19,3,3,5,3,2,1,0,1,0,0,0,0,5.65205E+20,5.34169E+21,9.87795E+15,4.82251E+16
120479,120480,8,4,16,41,2016,11,18,5,3,1,6,2,1,0,1,0,0,0,0,5.04193E+20,5.37379E+21,9.05678E+15,4.85172E+16
120480,120481,8,3,37,126,2016,11,7,5,3,3,6,0,1,0,1,0,1,0,0,4.41152E+20,5.27497E+21,8.21676E+15,4.76254E+16
120481,120482,8,2,21,0,2016,11,6,4,3,5,2,1,1,0,1,0,0,0,0,4.77191E+20,5.47125E+21,8.68567E+15,4.93935E+16
120482,120483,8,3,11,0,2016,11,15,2,3,0,7,0,0,1,1,0,0,0,0,4.10837E+20,5.31692E+21,7.80472E+15,4.79994E+16
120483,120484,8,3,36,50,2016,11,23,5,3,2,6,2,1,0,1,0,0,0,0,3.99274E+20,5.27356E+21,7.65982E+15,4.76077E+16
120484,120485,8,1,18,48,2016,11,13,6,3,0,7,0,0,0,0,1,0,0,1,5.11401E+20,5.41727E+21,9.15558E+15,4.89082E+16
120485,120486,8,3,11,0,2016,11,11,4,3,5,3,0,1,0,1,0,1,0,0,4.12545E+20,5.31538E+21,7.82793E+15,4.79857E+16
120486,120487,8,3,36,50,2016,11,13,7,3,5,3,0,0,0,1,0,0,0,0,3.99109E+20,5.27581E+21,7.65711E+15,4.76278E+16
120487,120488,8,1,27,14,2016,11,9,5,3,4,2,0,1,0,1,0,0,0,0,5.76683E+20,5.44376E+21,1.00514E+16,4.91419E+16
120488,120489,8,3,17,65,2016,11,20,6,3,0,1,2,1,0,0,0,1,0,0,4.1595E+20,5.35467E+21,7.86578E+15,4.83396E+16
120489,120490,8,3,11,0,2016,11,19,3,2,0,1,2,0,1,0,0,0,0,0,4.11346E+20,5.31631E+21,7.81166E+15,4.7994E+16
120490,120491,8,4,17,2,2016,11,7,3,3,6,4,0,0,0,1,1,0,0,0,4.88653E+20,5.34645E+21,8.84708E+15,4.82711E+16
120491,120492,8,3,36,50,2016,11,6,5,3,5,2,2,1,0,1,0,0,0,0,3.99206E+20,5.27299E+21,7.65906E+15,4.76025E+16
120492,120493,8,1,26,46,2016,11,19,4,3,6,4,2,1,0,1,1,0,0,0,5.48941E+20,5.45829E+21,9.67283E+15,4.92754E+16
120493,120494,8,1,11,0,2016,11,20,7,3,5,7,2,0,0,1,0,0,0,0,5.12847E+20,5.40896E+21,9.17506E+15,4.88335E+16
120494,120495,8,1,15,37,2016,11,6,2,3,5,3,2,0,1,1,0,0,0,0,4.91691E+20,5.38529E+21,8.88726E+15,4.86206E+16
120495,120496,8,2,22,0,2016,11,17,7,3,3,6,2,0,0,1,0,1,0,0,4.6181E+20,5.48233E+21,8.47265E+15,4.94924E+16
120496,120497,8,1,16,78,2016,11,14,6,3,2,6,0,1,0,1,0,0,0,0,5.14503E+20,5.39332E+21,9.19708E+15,4.86927E+16
120497,120498,8,2,22,0,2016,11,13,2,3,6,2,0,0,1,0,1,0,0,0,4.62722E+20,5.48584E+21,8.48491E+15,4.9524E+16
120498,120499,8,2,22,0,2016,11,14,3,3,5,3,0,1,0,1,0,0,0,1,4.62782E+20,5.48386E+21,8.48593E+15,4.95062E+16
120499,120500,8,4,15,59,2016,11,9,3,3,5,3,0,0,0,1,0,0,0,0,5.1696E+20,5.36861E+21,9.22946E+15,4.84704E+16
120500,120501,8,3,35,75,2016,11,12,5,3,5,3,0,1,0,1,0,0,0,0,4.91155E+20,5.28877E+21,8.882E+15,4.77522E+16
120501,120502,8,1,17,19,2016,11,7,4,3,0,1,1,1,1,0,0,0,0,0,5.52279E+20,5.39359E+21,9.7104E+15,4.86932E+16
120502,120503,8,4,17,57,2016,11,16,1,3,9,1,1,0,0,1,0,0,0,0,4.82725E+20,5.33984E+21,8.76747E+15,4.82116E+16
120503,120504,8,1,28,58,2016,11,9,2,3,5,3,0,0,1,1,0,0,0,0,5.59135E+20,5.48259E+21,9.81659E+15,4.94931E+16
120504,120505,8,1,15,21,2016,11,17,3,3,2,6,1,0,0,1,0,0,0,0,4.905E+20,5.38288E+21,8.87114E+15,4.8599E+16
120505,120506,8,2,22,0,2016,11,13,5,3,1,6,0,0,0,1,0,0,0,0,4.62596E+20,5.48033E+21,8.4837E+15,4.94744E+16
120506,120507,8,3,35,43,2016,11,19,5,3,5,3,2,1,1,1,0,0,0,0,5.11602E+20,5.28054E+21,9.15457E+15,4.76781E+16
120507,120508,8,2,15,106,2016,11,12,6,3,6,4,0,1,0,1,1,0,0,0,4.64683E+20,5.45318E+21,8.51491E+15,4.92304E+16
120508,120509,8,1,11,0,2016,11,13,5,3,2,2,0,0,0,1,0,0,0,0,5.16272E+20,5.4064E+21,9.22163E+15,4.88104E+16
120509,120510,8,2,22,0,2016,11,8,2,3,6,2,0,0,0,1,1,0,0,0,4.61811E+20,5.48233E+21,8.47267E+15,4.94924E+16
120510,120511,8,1,28,7,2016,11,18,3,3,0,1,1,1,0,0,0,1,0,0,5.56413E+20,5.4823E+21,9.77896E+15,4.94907E+16
120511,120512,8,3,27,50,2016,11,8,5,3,5,3,0,1,1,1,0,0,0,0,4.86191E+20,5.31461E+21,8.81494E+15,4.79846E+16
120512,120513,8,2,31,0,2016,11,14,6,3,2,6,0,1,0,1,0,0,0,0,4.77969E+20,5.41529E+21,8.69945E+15,4.88902E+16
120513,120514,8,1,18,11,2016,11,8,5,3,3,6,0,0,0,1,0,0,0,0,5.04838E+20,5.40767E+21,9.06592E+15,4.8822E+16
120514,120515,8,4,21,0,2016,11,9,6,3,4,2,0,1,1,1,0,0,0,0,5.72652E+20,5.36071E+21,9.98147E+15,4.83954E+16
120515,120516,8,1,17,42,2016,11,19,1,2,8,1,2,0,0,1,0,0,0,0,5.55453E+20,5.39542E+21,9.75378E+15,4.87093E+16
120516,120517,8,1,16,49,2016,11,13,2,3,6,4,0,0,0,1,1,0,0,0,5.25978E+20,5.3841E+21,9.35242E+15,4.86094E+16
120517,120518,8,3,11,0,2016,11,11,2,3,4,6,0,0,1,1,0,0,0,1,4.14508E+20,5.31781E+21,7.85374E+15,4.80079E+16
120518,120519,8,1,19,67,2016,11,18,5,3,6,4,2,0,0,1,1,0,0,0,5.38176E+20,5.40592E+21,9.51991E+15,4.88051E+16
120519,120520,8,3,27,25,2016,11,10,5,2,6,7,0,0,0,1,1,0,0,0,4.80315E+20,5.30961E+21,8.73642E+15,4.79395E+16
120520,120521,8,1,36,88,2016,11,17,6,3,2,6,2,1,0,1,0,0,0,0,5.80264E+20,5.40979E+21,1.00938E+16,4.88359E+16
120521,120522,8,3,36,14,2016,11,7,4,3,5,3,0,0,0,1,0,0,0,0,3.95809E+20,5.28051E+21,7.61207E+15,4.76696E+16
120522,120523,8,4,15,61,2016,11,11,7,3,5,3,0,0,1,1,0,0,0,0,5.16276E+20,5.36956E+21,9.22024E+15,4.8479E+16
120523,120524,8,1,19,75,2016,11,23,5,3,8,1,2,1,0,1,0,0,0,0,5.37422E+20,5.42779E+21,9.51165E+15,4.90018E+16
120524,120525,8,3,26,74,2016,11,19,6,3,5,3,2,1,1,1,0,0,0,0,4.6541E+20,5.32364E+21,8.53572E+15,4.80651E+16
120525,120526,8,1,15,3,2016,11,9,6,3,5,3,0,1,1,1,0,0,0,0,5.00706E+20,5.39339E+21,9.0096E+15,4.86936E+16
120526,120527,8,1,18,67,2016,11,14,5,3,5,3,0,1,0,1,0,0,0,1,5.05527E+20,5.41453E+21,9.07539E+15,4.88837E+16
120527,120528,8,3,35,75,2016,11,12,6,3,6,1,0,1,1,0,1,0,0,0,4.88103E+20,5.28889E+21,8.84127E+15,4.77533E+16
120528,120529,8,4,15,78,2016,11,22,7,3,8,1,2,1,0,1,0,0,0,0,5.30271E+20,5.37161E+21,9.40975E+15,4.84969E+16
120529,120530,8,1,11,0,2016,11,19,6,3,5,3,2,1,0,1,0,0,0,0,5.11805E+20,5.40188E+21,9.16065E+15,4.87698E+16
120530,120531,8,3,36,50,2016,11,21,3,3,5,3,2,0,1,1,0,0,0,0,3.9901E+20,5.27256E+21,7.65655E+15,4.75986E+16
120531,120532,8,4,36,81,2016,11,12,3,3,2,2,0,0,0,1,0,1,0,0,5.62323E+20,5.28231E+21,9.83053E+15,4.76912E+16
120532,120533,8,2,31,0,2016,11,7,2,2,6,2,2,0,0,1,1,0,0,0,4.77237E+20,5.41553E+21,8.68945E+15,4.88923E+16
120533,120534,8,3,17,57,2016,11,10,5,3,6,4,0,0,0,1,1,0,0,0,4.12513E+20,5.3801E+21,7.8141E+15,4.85679E+16
120534,120535,8,2,26,68,2016,11,6,4,3,5,3,2,1,0,1,0,0,0,0,4.69616E+20,5.46026E+21,8.58213E+15,4.92943E+16
120535,120536,8,1,17,26,2016,11,7,6,3,6,4,1,1,0,1,1,0,0,0,5.48567E+20,5.39509E+21,9.66014E+15,4.8707E+16
120536,120537,8,2,15,106,2016,11,10,4,2,5,3,0,1,1,1,0,0,0,0,4.66811E+20,5.45425E+21,8.54405E+15,4.92401E+16
120537,120538,8,2,31,0,2016,11,11,7,3,5,3,0,0,0,1,0,0,0,0,4.77287E+20,5.4157E+21,8.69013E+15,4.88939E+16
120538,120539,8,1,18,51,2016,11,22,5,3,1,5,2,1,0,1,0,0,0,0,5.09542E+20,5.41555E+21,9.13018E+15,4.88928E+16
120539,120540,8,1,15,45,2016,11,14,6,3,5,3,0,1,0,1,0,0,0,0,5.01373E+20,5.39464E+21,9.01866E+15,4.87048E+16
120540,120541,8,3,36,91,2016,11,15,6,3,5,3,0,0,0,1,0,1,0,0,3.94533E+20,5.27254E+21,7.59701E+15,4.75977E+16
120541,120542,8,2,12,0,2016,11,17,3,3,4,2,2,1,0,1,0,0,0,0,4.60726E+20,5.42712E+21,8.4631E+15,4.89957E+16
120542,120543,8,4,16,36,2016,11,16,3,3,5,3,2,1,0,1,0,0,0,0,4.96017E+20,5.36939E+21,8.9461E+15,4.84776E+16
120543,120544,8,3,17,1,2016,11,18,5,3,5,2,2,1,0,1,0,1,0,0,4.31621E+20,5.38696E+21,8.07194E+15,4.8632E+16