FID,OBJECTID,ULAND,UREGBEZ,UKREIS,UGEMEINDE,UJAHR,UMONAT,USTUNDE,UWOCHENTAG,UKATEGORIE,UART,UTYP1,ULICHTVERH,IstStrasse,IstRad,IstPKW,IstFuss,IstKrad,IstGkfz,IstSonstig,LINREFX,LINREFY,XGCSWGS84,YGCSWGS84
120544,120545,8,3,26,60,2016,11,16,3,3,6,6,1,1,0,1,1,0,0,0,4.42055E+20,5.33131E+21,8.22121E+15,4.81324E+16
120545,120546,8,4,21,0,2016,11,20,3,3,0,7,2,1,0,0,0,0,0,1,5.73555E+20,5.3619E+21,9.99388E+15,4.84059E+16
120546,120547,8,3,11,0,2016,11,17,5,3,4,3,2,1,1,1,0,0,0,0,4.15202E+20,5.31743E+21,7.86312E+15,4.80045E+16
120547,120548,8,3,36,50,2016,11,16,5,3,5,3,1,1,0,1,0,0,0,0,3.99356E+20,5.27345E+21,7.66094E+15,4.76066E+16
120548,120549,8,2,21,0,2016,11,13,4,3,6,4,0,1,1,0,1,0,0,0,4.76428E+20,5.47408E+21,8.67499E+15,4.9419E+16
120549,120550,8,1,35,16,2016,11,9,7,2,0,1,0,0,0,0,0,1,0,0,5.90924E+20,5.38163E+21,1.02328E+16,4.85812E+16
120550,120551,8,2,22,0,2016,11,22,2,3,5,2,2,0,0,1,0,0,0,0,4.63156E+20,5.48069E+21,8.49139E+15,4.94777E+16
120551,120552,8,2,16,43,2016,11,14,3,3,5,3,0,1,0,1,0,1,0,0,4.40482E+20,5.41375E+21,8.18832E+15,4.88738E+16
120552,120553,8,4,15,14,2016,11,17,3,3,1,5,2,1,0,1,0,1,0,0,5.26061E+20,5.37492E+21,9.35297E+15,4.85269E+16
120553,120554,8,3,11,0,2016,11,16,5,3,5,3,1,1,1,0,0,0,0,1,4.13177E+20,5.31677E+21,7.83612E+15,4.79983E+16
120554,120555,8,1,16,33,2016,11,13,4,3,5,7,0,1,1,1,0,0,0,0,5.33253E+20,5.38821E+21,9.45144E+15,4.86461E+16
120555,120556,8,2,22,0,2016,11,22,1,2,8,1,2,1,0,1,0,0,0,0,4.59378E+20,5.48558E+21,8.43874E+15,4.95215E+16
120556,120557,8,1,18,46,2016,11,6,4,3,4,2,2,1,0,1,0,0,0,0,5.14325E+20,5.412E+21,9.19531E+15,4.88608E+16
120557,120558,8,1,11,0,2016,11,20,7,3,3,6,2,0,0,1,0,0,0,0,5.13429E+20,5.40329E+21,9.1828E+15,4.87825E+16
120558,120559,8,1,11,0,2016,11,20,2,3,5,3,2,0,0,1,0,0,0,0,5.0853E+20,5.40661E+21,9.11619E+15,4.88125E+16
120559,120560,8,2,21,0,2016,11,10,2,3,6,2,0,0,0,1,1,0,0,0,4.77293E+20,5.46997E+21,8.68715E+15,4.9382E+16
120560,120561,8,1,18,48,2016,11,9,3,3,2,6,0,0,0,1,0,0,0,0,5.1307E+20,5.41683E+21,9.17835E+15,4.89043E+16
120561,120562,8,2,15,9,2016,11,15,5,3,6,4,0,0,0,1,1,0,0,0,4.6864E+20,5.44037E+21,8.57025E+15,4.91154E+16
120562,120563,8,3,11,0,2016,11,9,5,3,3,6,0,1,1,0,0,0,0,0,4.12984E+20,5.31814E+21,7.83324E+15,4.80107E+16
120563,120564,8,2,26,96,2016,11,12,6,3,2,6,0,1,0,1,0,0,0,0,4.75878E+20,5.4889E+21,8.6665E+15,4.95523E+16
120564,120565,8,1,16,47,2016,11,19,5,3,5,3,2,0,1,1,0,0,0,0,5.2012E+20,5.39228E+21,9.27335E+15,4.86832E+16
120565,120566,8,1,18,48,2016,11,13,5,3,0,7,0,1,0,0,0,0,0,1,5.14224E+20,5.41593E+21,9.19406E+15,4.88961E+16
120566,120567,8,3,36,78,2016,11,15,6,3,5,3,0,0,1,1,0,0,0,0,3.93431E+20,5.2906E+21,7.57795E+15,4.776E+16
120567,120568,8,4,35,59,2016,11,18,7,2,5,3,2,0,0,1,0,0,0,0,5.1595E+20,5.29398E+21,9.21299E+15,4.7799E+16
120568,120569,8,4,21,0,2016,11,12,5,3,5,3,0,1,0,1,0,0,0,1,5.73987E+20,5.36155E+21,9.99965E+15,4.84027E+16
120569,120570,8,3,11,0,2016,11,13,2,3,1,7,0,0,1,0,0,0,0,1,4.15102E+20,5.31568E+21,7.86213E+15,4.79888E+16
120570,120571,8,1,19,85,2016,11,15,2,3,3,2,0,0,0,1,0,1,0,0,5.31586E+20,5.41253E+21,9.43068E+15,4.8865E+16
120571,120572,8,1,11,0,2016,11,14,3,3,5,3,0,1,0,1,0,1,0,0,5.17586E+20,5.4041E+21,9.23943E+15,4.87897E+16
120572,120573,8,1,28,115,2016,11,12,5,3,2,6,0,1,0,1,0,0,0,0,5.48445E+20,5.4973E+21,9.67079E+15,4.96263E+16
120573,120574,8,3,11,0,2016,11,17,5,3,2,1,2,1,0,1,0,0,0,0,4.11042E+20,5.31836E+21,7.80717E+15,4.80124E+16
120574,120575,8,2,15,9,2016,11,7,6,3,6,4,2,1,0,1,1,0,0,0,4.66603E+20,5.43771E+21,8.54256E+15,4.90913E+16
120575,120576,8,4,17,2,2016,11,16,4,3,6,4,0,1,0,1,1,0,0,0,4.88618E+20,5.34615E+21,8.84662E+15,4.82684E+16
120576,120577,8,1,17,26,2016,11,17,5,3,6,4,2,1,0,1,1,0,0,0,5.49972E+20,5.39364E+21,9.67907E+15,4.86938E+16
120577,120578,8,3,26,74,2016,11,7,6,3,5,3,0,1,1,1,0,0,0,0,4.65641E+20,5.32357E+21,8.53883E+15,4.80645E+16
120578,120579,8,4,25,28,2016,11,7,5,3,5,3,0,1,1,1,0,0,0,0,5.80026E+20,5.33997E+21,1.00771E+16,4.82079E+16
120579,120580,8,3,35,43,2016,11,13,3,3,0,7,0,0,1,0,0,0,0,0,5.11968E+20,5.28126E+21,9.15947E+15,4.76846E+16
120580,120581,8,4,35,59,2016,11,17,3,3,5,3,2,1,1,1,0,0,0,0,5.13888E+20,5.28943E+21,9.18532E+15,4.77581E+16
120581,120582,8,3,11,0,2016,11,8,5,3,5,3,0,1,1,1,0,0,0,0,4.13669E+20,5.31668E+21,7.84272E+15,4.79976E+16
120582,120583,8,2,12,0,2016,11,16,5,3,2,6,2,1,0,1,0,0,0,0,4.55918E+20,5.43023E+21,8.39703E+15,4.90234E+16
120583,120584,8,2,22,0,2016,11,13,4,3,6,7,0,0,0,1,1,0,0,0,4.61794E+20,5.48285E+21,8.47238E+15,4.94971E+16
120584,120585,8,2,26,32,2016,11,13,7,3,6,4,0,0,0,1,1,0,0,0,4.67768E+20,5.46324E+21,8.55647E+15,4.9321E+16
120585,120586,8,2,12,0,2016,11,11,5,2,2,6,0,1,0,1,0,1,0,0,4.53405E+20,5.42893E+21,8.3628E+15,4.90115E+16
120586,120587,8,1,19,67,2016,11,7,6,3,6,4,1,1,0,0,1,1,0,0,5.40397E+20,5.40843E+21,9.5504E+15,4.88275E+16
120587,120588,8,3,15,4,2016,11,11,4,3,5,3,0,1,0,1,0,0,0,0,3.94284E+20,5.29575E+21,7.58807E+15,4.78064E+16
120588,120589,8,3,26,27,2016,11,0,7,2,6,2,2,1,0,1,1,0,0,0,4.61907E+20,5.30838E+21,8.49006E+15,4.79276E+16
120589,120590,8,1,11,0,2016,11,22,5,3,5,2,2,1,0,1,0,1,0,0,5.11801E+20,5.4009E+21,9.16058E+15,4.8761E+16
120590,120591,8,3,26,74,2016,11,21,6,2,6,6,2,1,0,1,1,0,0,0,4.64805E+20,5.32241E+21,8.52769E+15,4.8054E+16
120591,120592,8,3,11,0,2016,11,17,3,3,0,1,1,0,1,0,0,0,0,0,4.14053E+20,5.31524E+21,7.84816E+15,4.79847E+16
120592,120593,8,4,25,33,2016,11,15,3,3,5,3,0,1,0,1,0,0,0,0,5.53419E+20,5.34778E+21,9.72004E+15,4.82809E+16
120593,120594,8,2,31,0,2016,11,16,5,3,5,3,1,1,0,1,0,0,0,0,4.77029E+20,5.41534E+21,8.68663E+15,4.88905E+16
120594,120595,8,2,15,9,2016,11,0,4,3,5,3,2,1,0,1,0,0,0,0,4.6937E+20,5.44083E+21,8.58023E+15,4.91196E+16
120595,120596,8,1,18,48,2016,11,9,7,3,0,7,0,1,1,0,0,0,0,0,5.16301E+20,5.41752E+21,9.22247E+15,4.89104E+16
120596,120597,8,1,16,41,2016,11,6,2,3,6,2,2,0,0,1,1,0,0,0,5.20028E+20,5.38411E+21,9.27171E+15,4.86097E+16
120597,120598,8,2,22,0,2016,11,9,2,3,5,3,0,0,0,1,0,0,0,0,4.6041E+20,5.48225E+21,8.45332E+15,4.94916E+16
120598,120599,8,3,17,1,2016,11,16,3,3,5,3,2,1,0,1,0,0,0,0,4.31369E+20,5.38679E+21,8.06855E+15,4.86304E+16
120599,120600,8,1,35,16,2016,11,21,3,3,0,3,2,1,0,1,0,0,0,1,5.90929E+20,5.38588E+21,1.02338E+16,4.86194E+16
120600,120601,8,2,26,76,2016,11,0,2,3,6,6,2,0,0,0,1,0,0,1,4.75766E+20,5.46562E+21,8.66637E+15,4.93429E+16
120601,120602,8,2,36,46,2016,11,8,3,3,5,3,0,0,0,1,0,0,0,0,4.84041E+20,5.418E+21,8.78218E+15,4.89148E+16
120602,120603,8,4,15,61,2016,11,17,3,3,1,5,2,1,1,1,0,0,0,0,5.15482E+20,5.37272E+21,9.2096E+15,4.85074E+16
120603,120604,8,2,26,103,2016,11,16,5,3,2,6,0,1,0,1,0,0,0,0,4.74381E+20,5.45489E+21,8.64799E+15,4.92462E+16
120604,120605,8,1,18,48,2016,11,12,4,2,6,2,0,1,0,0,1,0,1,0,5.11309E+20,5.4155E+21,9.15428E+15,4.88924E+16
120605,120606,8,4,36,81,2016,11,18,6,3,6,7,2,1,0,1,1,0,0,0,5.62341E+20,5.28205E+21,9.83074E+15,4.76889E+16
120606,120607,8,4,25,71,2016,11,20,1,3,8,1,2,1,0,1,0,0,0,0,5.53654E+20,5.3714E+21,9.72622E+15,4.84934E+16
120607,120608,8,1,15,21,2016,11,14,2,2,0,7,0,0,0,1,0,0,0,0,4.92343E+20,5.38034E+21,8.8962E+15,4.85761E+16
120608,120609,8,1,16,19,2016,11,11,3,3,0,7,0,1,1,1,0,0,0,0,5.23029E+20,5.39841E+21,9.31322E+15,4.87383E+16
120609,120610,8,2,26,37,2016,11,16,5,3,5,2,1,1,0,0,0,0,1,1,4.65775E+20,5.46668E+21,8.52875E+15,4.93518E+16
120610,120611,8,2,26,84,2016,11,10,5,3,5,3,0,1,1,1,0,0,0,0,4.69288E+20,5.46957E+21,8.5769E+15,4.93781E+16
120611,120612,8,2,22,0,2016,11,17,6,3,1,5,2,1,0,1,0,0,0,0,4.62909E+20,5.47864E+21,8.48817E+15,4.94593E+16
120612,120613,8,1,11,0,2016,11,11,5,3,5,3,0,0,1,1,0,0,0,0,5.19155E+20,5.40439E+21,9.2608E+15,4.87922E+16
120613,120614,8,1,11,0,2016,11,8,5,3,5,3,0,1,1,1,0,0,0,0,5.1261E+20,5.40114E+21,9.1716E+15,4.87631E+16
120614,120615,8,2,22,0,2016,11,5,5,3,1,6,2,1,1,0,0,0,1,0,4.61781E+20,5.48543E+21,8.47196E+15,4.95203E+16
120615,120616,8,2,31,0,2016,11,16,6,3,5,3,1,1,0,1,0,1,0,0,4.75985E+20,5.41609E+21,8.67234E+15,4.88973E+16
120616,120617,8,1,18,48,2016,11,12,5,3,5,3,0,0,1,1,0,0,0,0,5.14863E+20,5.41562E+21,9.20278E+15,4.88934E+16
120617,120618,8,4,26,21,2016,11,16,6,3,0,3,1,1,1,1,0,0,0,0,5.57781E+20,5.32774E+21,9.7761E+15,4.81003E+16
120618,120619,8,2,12,0,2016,11,14,1,2,1,6,0,0,0,1,0,0,0,0,4.5334E+20,5.43176E+21,8.3616E+15,4.9037E+16
120619,120620,8,1,16,49,2016,11,6,2,3,2,6,0,0,0,1,0,0,0,0,5.2538E+20,5.38654E+21,9.34447E+15,4.86314E+16
120620,120621,8,3,36,50,2016,11,13,2,3,6,4,0,0,0,1,1,0,0,0,3.98954E+20,5.27425E+21,7.65541E+15,4.76138E+16
120621,120622,8,1,21,0,2016,11,12,5,3,2,6,0,0,0,1,0,0,0,0,5.16174E+20,5.44312E+21,9.22176E+15,4.91407E+16
120622,120623,8,2,22,0,2016,11,9,5,3,5,3,0,1,0,1,0,0,0,0,4.64495E+20,5.48388E+21,8.50959E+15,4.95065E+16
120623,120624,8,1,36,88,2016,11,20,6,3,6,6,2,1,0,1,1,0,0,0,5.82594E+20,5.40774E+21,1.01251E+16,4.88172E+16
120624,120625,8,4,16,23,2016,11,21,4,2,8,7,2,1,0,1,0,0,0,0,5.09172E+20,5.37319E+21,9.12419E+15,4.85118E+16
120625,120626,8,1,11,0,2016,11,17,5,3,6,4,2,1,0,1,1,0,0,0,5.11821E+20,5.40143E+21,9.16086E+15,4.87657E+16
120626,120627,8,3,25,49,2016,11,17,6,3,4,2,2,1,0,1,0,0,0,0,4.73131E+20,5.33236E+21,8.6388E+15,4.81439E+16
120627,120628,8,1,11,0,2016,11,7,6,3,6,4,0,1,0,1,1,0,0,0,5.13981E+20,5.40307E+21,9.19032E+15,4.87805E+16
120628,120629,8,3,26,74,2016,11,20,3,3,0,1,2,1,1,0,0,0,0,0,4.58911E+20,5.32419E+21,8.44844E+15,4.80697E+16
120629,120630,8,4,21,0,2016,11,17,3,3,2,6,2,1,0,1,0,0,0,0,5.71711E+20,5.36181E+21,9.96895E+15,4.84054E+16
120630,120631,8,2,22,0,2016,11,14,5,3,3,6,0,0,0,1,0,1,0,0,4.61759E+20,5.48239E+21,8.47194E+15,4.94929E+16
120631,120632,8,3,35,75,2016,11,19,6,3,1,7,2,1,0,1,0,0,0,0,4.8805E+20,5.28966E+21,8.84054E+15,4.77602E+16
120632,120633,8,4,25,2,2016,11,5,7,3,6,6,2,0,0,1,1,0,0,0,5.53367E+20,5.35288E+21,9.71998E+15,4.83268E+16
120633,120634,8,4,36,81,2016,11,8,5,3,0,3,0,1,0,1,0,0,0,1,5.61567E+20,5.28302E+21,9.82056E+15,4.76976E+16
120634,120635,8,1,11,0,2016,11,18,4,3,5,2,2,1,1,1,0,0,0,0,5.07362E+20,5.39787E+21,9.10012E+15,4.87338E+16
120635,120636,8,3,11,0,2016,11,7,2,3,5,3,0,0,1,1,0,0,0,0,4.12333E+20,5.3145E+21,7.82526E+15,4.79778E+16
120636,120637,8,2,22,0,2016,11,14,5,3,5,3,0,0,0,1,0,0,0,0,4.61204E+20,5.482E+21,8.46431E+15,4.94894E+16
120637,120638,8,2,31,0,2016,11,7,4,2,6,2,2,1,0,0,1,1,0,0,4.775E+20,5.41538E+21,8.69305E+15,4.88909E+16
120638,120639,8,1,18,46,2016,11,13,6,3,0,6,0,1,0,1,0,1,0,0,5.13624E+20,5.41211E+21,9.18575E+15,4.88618E+16
120639,120640,8,2,15,7,2016,11,12,4,3,6,4,0,1,0,1,1,0,0,0,4.79068E+20,5.4314E+21,8.71361E+15,4.90352E+16
120640,120641,8,3,11,0,2016,11,21,7,3,5,1,2,0,1,1,0,0,0,0,4.14809E+20,5.3158E+21,7.85818E+15,4.79898E+16
120641,120642,8,1,11,0,2016,11,16,5,3,5,3,1,0,1,1,0,0,0,0,5.11498E+20,5.39526E+21,9.15629E+15,4.87103E+16
120642,120643,8,3,15,74,2016,11,11,6,3,5,3,0,1,0,1,0,0,0,0,3.95193E+20,5.2961E+21,7.60012E+15,4.78097E+16
120643,120644,8,2,12,0,2016,11,7,3,3,5,3,0,0,0,1,0,0,0,0,4.58399E+20,5.43147E+21,8.43083E+15,4.90347E+16
120644,120645,8,4,16,41,2016,11,16,3,3,0,7,0,1,1,0,0,0,0,0,5.04285E+20,5.37394E+21,9.05803E+15,4.85186E+16
120645,120646,8,2,22,0,2016,11,16,5,3,5,3,0,1,0,1,0,1,0,0,4.63252E+20,5.48607E+21,8.49222E+15,4.95261E+16
120646,120647,8,1,21,0,2016,11,7,4,3,6,4,0,1,0,1,1,0,0,0,5.14012E+20,5.44343E+21,9.19212E+15,4.91436E+16
120647,120648,8,1,11,0,2016,11,19,7,3,5,1,2,0,0,1,0,0,0,1,5.08507E+20,5.39726E+21,9.11568E+15,4.87283E+16
120648,120649,8,2,15,17,2016,11,18,5,3,5,3,2,1,0,1,0,0,0,0,4.56532E+20,5.42203E+21,8.4063E+15,4.89497E+16
120649,120650,8,2,21,0,2016,11,8,4,3,5,3,0,1,0,1,0,0,0,0,4.77105E+20,5.47217E+21,8.68444E+15,4.94018E+16
120650,120651,8,2,16,7,2016,11,16,7,3,0,1,1,1,0,0,0,1,0,0,4.34742E+20,5.39705E+21,8.1127E+15,4.87231E+16
120651,120652,8,4,36,5,2016,11,0,4,3,5,3,2,1,0,1,0,1,0,0,5.40574E+20,5.30857E+21,9.54318E+15,4.79291E+16
120652,120653,8,2,22,0,2016,11,13,2,3,0,7,0,0,1,0,0,0,0,0,4.61908E+20,5.48122E+21,8.47411E+15,4.94824E+16
120653,120654,8,2,22,0,2016,11,17,3,3,0,7,2,1,0,0,0,0,0,1,4.61689E+20,5.48106E+21,8.47111E+15,4.9481E+16
120654,120655,8,4,15,50,2016,11,15,3,3,1,5,0,1,1,1,0,0,0,0,5.21206E+20,5.37626E+21,9.28728E+15,4.85391E+16
120655,120656,8,1,28,139,2016,11,12,5,2,6,4,0,1,0,1,1,0,0,0,5.51381E+20,5.49037E+21,9.71054E+15,4.95638E+16
120656,120657,8,1,16,72,2016,11,9,4,3,6,6,0,1,0,0,1,0,1,0,5.31316E+20,5.39292E+21,9.4255E+15,4.86885E+16
120657,120658,8,3,36,69,2016,11,14,1,3,5,3,0,0,0,1,0,0,0,0,4.07779E+20,5.2685E+21,7.77402E+15,4.75634E+16
120658,120659,8,1,11,0,2016,11,12,2,2,2,7,0,0,1,0,0,0,1,0,5.06831E+20,5.3984E+21,9.09291E+15,4.87386E+16
120659,120660,8,2,22,0,2016,11,18,2,3,5,3,2,0,0,1,0,0,0,1,4.69511E+20,5.47625E+21,8.57945E+15,4.94381E+16
120660,120661,8,1,19,91,2016,11,17,3,3,6,4,2,1,0,1,1,0,0,0,5.26923E+20,5.40678E+21,9.36672E+15,4.88135E+16
120661,120662,8,2,12,0,2016,11,19,5,3,6,7,2,1,1,0,1,0,0,0,4.56715E+20,5.42765E+21,8.4082E+15,4.90002E+16
120662,120663,8,2,26,65,2016,11,22,6,3,5,3,2,1,0,1,0,0,0,0,4.7853E+20,5.4571E+21,8.70489E+15,4.92662E+16
120663,120664,8,1,16,19,2016,11,7,5,3,3,6,0,1,0,1,0,1,0,0,5.25518E+20,5.39685E+21,9.34697E+15,4.87242E+16
120664,120665,8,4,15,50,2016,11,15,6,3,5,3,0,1,0,1,0,0,0,0,5.22469E+20,5.37544E+21,9.30435E+15,4.85316E+16
120665,120666,8,1,16,8,2016,11,14,1,2,3,6,0,0,0,1,1,0,0,0,5.21518E+20,5.38134E+21,9.29178E+15,4.85848E+16
120666,120667,8,1,16,47,2016,11,16,2,3,0,1,2,0,0,0,0,1,0,0,5.20094E+20,5.39238E+21,9.273E+15,4.86841E+16
120667,120668,8,3,11,0,2016,11,17,2,3,2,6,2,0,0,1,0,0,0,0,4.10249E+20,5.31579E+21,7.79708E+15,4.79891E+16
120668,120669,8,2,15,101,2016,11,7,5,3,0,3,1,1,0,1,0,1,0,0,4.66878E+20,5.42374E+21,8.54747E+15,4.89657E+16
120669,120670,8,1,36,19,2016,11,15,6,2,2,6,0,1,0,1,0,0,0,1,5.84264E+20,5.42343E+21,1.01511E+16,4.89581E+16
120670,120671,8,3,17,1,2016,11,11,4,3,1,5,0,1,1,1,0,0,0,0,4.31345E+20,5.38705E+21,8.06818E+15,4.86328E+16
120671,120672,8,3,37,126,2016,11,10,7,3,5,3,0,0,0,1,0,0,0,0,4.45418E+20,5.27581E+21,8.27343E+15,4.76334E+16
120672,120673,8,4,25,33,2016,11,17,4,2,6,2,2,1,0,1,1,0,0,0,5.53056E+20,5.34913E+21,9.71532E+15,4.82931E+16
120673,120674,8,1,21,0,2016,11,17,2,3,5,3,2,0,1,1,0,0,0,0,5.14182E+20,5.44483E+21,9.1945E+15,4.91561E+16
120674,120675,8,1,11,0,2016,11,23,3,2,6,4,2,1,0,0,1,1,0,0,5.13976E+20,5.40878E+21,9.19044E+15,4.88319E+16
120675,120676,8,2,22,0,2016,11,21,5,3,5,3,2,1,0,1,0,0,0,0,4.62016E+20,5.48023E+21,8.47569E+15,4.94735E+16
120676,120677,8,2,11,0,2016,11,14,5,3,6,2,0,1,0,1,1,0,0,0,4.4359E+20,5.40194E+21,8.23232E+15,4.87679E+16
120677,120678,8,2,15,106,2016,11,12,6,3,5,3,0,1,0,1,0,0,0,0,4.66815E+20,5.45425E+21,8.5441E+15,4.92402E+16
120678,120679,8,1,11,0,2016,11,18,5,2,5,3,2,0,0,1,0,1,0,0,5.19534E+20,5.40375E+21,9.26594E+15,4.87864E+16
120679,120680,8,4,21,0,2016,11,17,4,3,3,2,2,1,1,1,0,0,0,0,5.70101E+20,5.3614E+21,9.94713E+15,4.84019E+16
120680,120681,8,3,35,63,2016,11,8,6,3,5,3,0,0,1,1,0,0,0,0,4.97497E+20,5.28772E+21,8.96661E+15,4.77428E+16
120681,120682,8,4,36,10,2016,11,7,5,3,2,6,1,1,1,1,0,0,0,0,5.66916E+20,5.3065E+21,9.89548E+15,4.79083E+16
120682,120683,8,3,36,50,2016,11,8,3,2,5,3,0,0,1,1,0,0,0,0,3.99243E+20,5.27464E+21,7.65916E+15,4.76173E+16
120683,120684,8,4,35,59,2016,11,7,3,3,0,1,0,0,1,0,0,0,0,0,5.12585E+20,5.29061E+21,9.16796E+15,4.77687E+16
120684,120685,8,2,31,0,2016,11,17,2,3,1,6,2,0,0,1,0,0,0,1,4.76881E+20,5.41627E+21,8.68455E+15,4.8899E+16
120685,120686,8,2,16,15,2016,11,14,5,3,5,3,0,1,1,1,0,0,0,0,4.50298E+20,5.40573E+21,8.32314E+15,4.88026E+16
120686,120687,8,2,22,0,2016,11,12,4,3,0,7,0,0,1,0,0,0,0,0,4.62209E+20,5.48102E+21,8.47828E+15,4.94806E+16
120687,120688,8,2,31,0,2016,11,14,7,3,6,7,0,0,0,1,1,0,0,0,4.75831E+20,5.41288E+21,8.67043E+15,4.88684E+16
120688,120689,8,4,21,0,2016,11,18,4,3,6,4,2,1,0,1,1,0,0,0,5.71358E+20,5.36037E+21,9.96395E+15,4.83925E+16
120689,120690,8,3,11,0,2016,11,10,6,3,5,3,0,1,1,1,0,0,0,0,4.10976E+20,5.3147E+21,7.80704E+15,4.79794E+16
120690,120691,8,2,31,0,2016,11,5,3,3,4,2,2,0,0,1,0,0,1,0,4.75978E+20,5.41488E+21,8.67231E+15,4.88864E+16
120691,120692,8,3,26,74,2016,11,6,6,2,6,4,2,1,0,1,1,0,0,0,4.64147E+20,5.3224E+21,8.51886E+15,4.80539E+16
120692,120693,8,3,17,96,2016,11,17,3,3,5,3,2,1,1,1,0,0,0,0,4.21898E+20,5.36932E+21,7.94331E+15,4.84722E+16
120693,120694,8,4,25,71,2016,11,12,3,3,5,3,0,0,1,1,0,0,0,0,5.5051E+20,5.37112E+21,9.68363E+15,4.84912E+16
120694,120695,8,1,18,48,2016,11,21,5,2,6,4,2,1,0,1,1,0,0,0,5.14626E+20,5.41592E+21,9.19955E+15,4.88961E+16
120695,120696,8,2,21,0,2016,11,15,4,3,5,3,0,0,0,1,0,0,0,0,4.76493E+20,5.47121E+21,8.67605E+15,4.93931E+16
120696,120697,8,1,21,0,2016,11,19,7,3,5,3,2,0,0,1,0,0,0,0,5.1435E+20,5.44439E+21,9.1968E+15,4.91522E+16
120697,120698,8,1,16,19,2016,11,5,2,2,5,2,2,0,0,1,0,0,0,0,5.25163E+20,5.39644E+21,9.34212E+15,4.87205E+16
120698,120699,8,2,22,0,2016,11,13,2,3,5,3,0,0,0,1,0,0,0,0,4.64769E+20,5.47769E+21,8.51393E+15,4.94509E+16
120699,120700,8,2,12,0,2016,11,18,3,3,5,3,2,1,0,1,0,0,0,0,4.53556E+20,5.42985E+21,8.36477E+15,4.90198E+16
120700,120701,8,3,36,50,2016,11,16,3,3,2,6,0,0,0,1,0,0,0,0,4.00741E+20,5.27564E+21,7.67886E+15,4.76265E+16
120701,120702,8,1,35,19,2016,11,5,5,2,9,1,2,1,0,1,0,0,0,0,5.86778E+20,5.39525E+21,1.01795E+16,4.87042E+16
120702,120703,8,2,12,0,2016,11,7,6,3,5,3,0,1,1,1,0,0,0,0,4.53241E+20,5.4293E+21,8.36052E+15,4.90148E+16
120703,120704,8,1,19,20,2016,11,19,5,3,1,5,2,0,0,1,0,1,0,0,5.19978E+20,5.40695E+21,9.27213E+15,4.88152E+16
120704,120705,8,4,15,61,2016,11,16,3,3,5,3,1,1,1,1,0,0,0,0,5.14586E+20,5.37146E+21,9.19743E+15,4.84961E+16
120705,120706,8,4,25,72,2016,11,18,5,3,6,4,2,1,0,1,1,0,0,0,5.82626E+20,5.37195E+21,1.01184E+16,4.84952E+16
120706,120707,8,1,15,28,2016,11,18,4,3,2,6,1,1,0,1,0,0,0,0,5.00735E+20,5.40396E+21,9.01001E+15,4.87886E+16
120707,120708,8,4,37,104,2016,11,16,6,3,5,3,1,1,0,1,0,0,0,0,5.14572E+20,5.32497E+21,9.19565E+15,4.80779E+16
120708,120709,8,1,11,0,2016,11,20,2,3,0,1,2,0,1,0,0,0,0,0,5.12976E+20,5.40214E+21,9.1766E+15,4.87721E+16
120709,120710,8,2,12,0,2016,11,0,2,3,4,2,2,0,1,1,0,0,0,0,4.56972E+20,5.42715E+21,8.41177E+15,4.89958E+16
120710,120711,8,1,16,77,2016,11,16,3,3,5,3,1,1,0,1,0,0,0,0,5.17256E+20,5.39082E+21,9.23438E+15,4.86702E+16
120711,120712,8,2,12,0,2016,11,14,5,3,6,4,0,0,0,0,1,0,0,1,4.56854E+20,5.42849E+21,8.41002E+15,4.90078E+16
120712,120713,8,2,22,0,2016,11,9,6,2,6,2,0,1,0,1,1,0,0,0,4.61343E+20,5.48143E+21,8.46629E+15,4.94843E+16
120713,120714,8,1,15,45,2016,11,17,5,3,5,3,2,0,0,1,0,0,0,0,4.99629E+20,5.39518E+21,8.99496E+15,4.87096E+16
120714,120715,8,4,21,0,2016,11,19,4,3,2,6,2,1,0,1,0,0,0,0,5.73092E+20,5.36171E+21,9.98759E+15,4.84043E+16
120715,120716,8,3,36,50,2016,11,6,6,3,7,7,2,1,1,0,0,0,0,0,3.99709E+20,5.27333E+21,7.66567E+15,4.76056E+16
120716,120717,8,4,21,0,2016,11,12,7,3,6,4,0,0,0,0,1,0,0,1,5.73511E+20,5.36097E+21,9.99312E+15,4.83976E+16
120717,120718,8,4,17,79,2016,11,13,5,3,5,3,0,0,0,1,0,0,0,0,5.02806E+20,5.33946E+21,9.03776E+15,4.82084E+16
120718,120719,8,3,17,89,2016,11,16,4,1,8,1,1,1,1,0,0,0,0,0,4.33307E+20,5.37188E+21,8.09724E+15,4.84965E+16
120719,120720,8,2,26,105,2016,11,16,1,3,5,3,0,0,0,1,0,0,0,0,4.71706E+20,5.47687E+21,8.60968E+15,4.94438E+16
120720,120721,8,3,17,57,2016,11,7,3,3,0,1,1,0,1,0,0,0,0,0,4.12402E+20,5.38044E+21,7.81252E+15,4.85709E+16