FID,OBJECTID,ULAND,UREGBEZ,UKREIS,UGEMEINDE,UJAHR,UMONAT,USTUNDE,UWOCHENTAG,UKATEGORIE,UART,UTYP1,ULICHTVERH,IstStrasse,IstRad,IstPKW,IstFuss,IstKrad,IstGkfz,IstSonstig,LINREFX,LINREFY,XGCSWGS84,YGCSWGS84
120721,120722,8,1,18,79,2016,11,14,7,3,5,3,0,1,0,1,0,0,0,0,5.07339E+20,5.42143E+21,9.10022E+15,4.89457E+16
120722,120723,8,4,15,61,2016,11,12,6,3,5,2,0,1,0,1,0,0,0,0,5.16075E+20,5.37413E+21,9.21769E+15,4.85201E+16
120723,120724,8,2,16,7,2016,11,7,3,3,5,3,1,0,0,1,0,1,0,0,4.36162E+20,5.39375E+21,8.13252E+15,4.86935E+16
120724,120725,8,4,36,82,2016,11,10,2,3,2,6,0,0,0,1,0,0,0,1,5.46703E+20,5.29457E+21,9.62372E+15,4.78028E+16
120725,120726,8,4,37,76,2016,11,17,5,3,0,1,2,1,1,0,0,0,0,0,5.24977E+20,5.32219E+21,9.33517E+15,4.80525E+16
120726,120727,8,1,36,88,2016,11,16,2,3,2,6,1,0,0,1,0,0,0,0,5.80281E+20,5.40952E+21,1.0094E+16,4.88335E+16
120727,120728,8,4,15,59,2016,11,15,7,3,2,6,0,1,0,1,0,0,0,0,5.17011E+20,5.36993E+21,9.23019E+15,4.84822E+16
120728,120729,8,1,18,79,2016,11,12,6,3,5,2,0,0,0,1,0,0,0,0,5.0977E+20,5.421E+21,9.13343E+15,4.89419E+16
120729,120730,8,2,22,0,2016,11,5,5,3,5,3,2,0,0,1,0,0,0,0,4.65455E+20,5.47632E+21,8.52351E+15,4.94385E+16
120730,120731,8,4,15,61,2016,11,0,6,3,6,7,2,1,0,1,1,0,0,0,5.14576E+20,5.36875E+21,9.1972E+15,4.84717E+16
120731,120732,8,4,15,92,2016,11,12,6,3,5,3,0,1,0,1,0,0,0,0,5.19288E+20,5.36218E+21,9.26065E+15,4.84124E+16
120732,120733,8,4,21,0,2016,11,15,4,3,1,6,0,0,0,1,0,1,0,0,5.73168E+20,5.36138E+21,9.98856E+15,4.84014E+16
120733,120734,8,4,15,53,2016,11,12,6,3,4,5,0,1,0,1,0,1,0,0,5.3643E+20,5.36205E+21,9.49228E+15,4.84106E+16
120734,120735,8,1,35,20,2016,11,18,3,2,4,6,2,0,0,1,0,0,0,0,5.87261E+20,5.38568E+21,1.0184E+16,4.86181E+16
120735,120736,8,3,25,45,2016,11,15,2,2,8,1,0,0,0,0,0,1,0,0,4.66183E+20,5.34743E+21,8.5442E+15,4.82792E+16
120736,120737,8,3,36,50,2016,11,13,4,3,5,3,0,0,1,1,0,0,0,0,3.99664E+20,5.27489E+21,7.66471E+15,4.76196E+16
120737,120738,8,4,21,0,2016,11,13,5,3,6,7,0,0,0,1,1,0,0,0,5.73641E+20,5.36119E+21,9.99491E+15,4.83996E+16
120738,120739,8,2,12,0,2016,11,3,6,3,1,5,2,0,0,1,0,0,0,0,4.55705E+20,5.42825E+21,8.39433E+15,4.90056E+16
120739,120740,8,1,19,67,2016,11,13,2,3,8,1,0,0,1,0,0,0,0,0,5.39288E+20,5.40506E+21,9.53497E+15,4.87973E+16
120740,120741,8,4,26,21,2016,11,11,5,2,3,6,0,1,1,1,0,0,0,0,5.59001E+20,5.32651E+21,9.79231E+15,4.80891E+16
120741,120742,8,2,16,23,2016,11,14,5,3,6,4,0,0,0,1,1,0,0,0,4.37695E+20,5.40777E+21,8.15122E+15,4.88198E+16
120742,120743,8,3,35,75,2016,11,8,6,3,5,3,0,1,0,1,0,0,0,0,4.87654E+20,5.29019E+21,8.83525E+15,4.7765E+16
120743,120744,8,4,15,61,2016,11,12,4,3,1,7,0,0,0,1,0,0,0,0,5.15962E+20,5.37073E+21,9.21604E+15,4.84895E+16
120744,120745,8,2,15,17,2016,11,17,4,3,8,1,2,0,0,1,0,0,0,0,4.57161E+20,5.42096E+21,8.41501E+15,4.89401E+16
120745,120746,8,1,11,0,2016,11,13,2,3,5,3,0,0,1,1,0,0,0,0,5.17076E+20,5.40289E+21,9.23243E+15,4.87787E+16
120746,120747,8,1,36,88,2016,11,11,6,3,0,3,0,0,0,1,0,1,0,0,5.80094E+20,5.41155E+21,1.00918E+16,4.88517E+16
120747,120748,8,2,36,40,2016,11,14,4,3,0,7,0,0,0,0,0,1,0,0,4.90569E+20,5.42262E+21,8.87117E+15,4.89564E+16
120748,120749,8,2,22,0,2016,11,17,6,3,6,7,1,0,0,1,1,0,0,0,4.62164E+20,5.48143E+21,8.47763E+15,4.94843E+16
120749,120750,8,4,21,0,2016,11,18,7,3,6,4,2,1,0,1,1,0,0,0,5.7215E+20,5.36075E+21,9.9747E+15,4.83958E+16
120750,120751,8,1,18,48,2016,11,16,4,2,5,2,0,0,0,1,0,1,0,0,5.14594E+20,5.41592E+21,9.19912E+15,4.88961E+16
120751,120752,8,3,11,0,2016,11,18,5,3,1,1,2,0,0,1,0,0,0,0,4.14561E+20,5.31828E+21,7.85436E+15,4.80121E+16
120752,120753,8,2,12,0,2016,11,6,7,3,5,7,2,1,0,1,0,0,0,0,4.55073E+20,5.43016E+21,8.38549E+15,4.90227E+16
120753,120754,8,1,17,26,2016,11,11,5,3,1,6,0,0,0,1,0,0,0,0,5.48641E+20,5.39457E+21,9.66109E+15,4.87023E+16
120754,120755,8,3,35,75,2016,11,17,6,3,5,3,2,1,0,1,0,1,0,0,4.89894E+20,5.28919E+21,8.86516E+15,4.7756E+16
120755,120756,8,3,17,73,2016,11,16,4,3,5,2,1,0,1,1,0,0,0,0,4.11884E+20,5.34922E+21,7.81207E+15,4.82901E+16
120756,120757,8,3,17,57,2016,11,14,1,3,5,3,0,0,0,1,0,0,0,0,4.128E+20,5.38037E+21,7.81793E+15,4.85704E+16
120757,120758,8,3,25,49,2016,11,7,3,3,1,6,0,0,0,1,0,0,0,0,4.7306E+20,5.33446E+21,8.63771E+15,4.81629E+16
120758,120759,8,1,16,77,2016,11,16,7,3,4,1,1,0,0,1,0,0,0,0,5.14923E+20,5.38957E+21,9.20265E+15,4.8659E+16
120759,120760,8,3,26,12,2016,11,13,6,2,5,3,0,1,0,1,0,1,0,0,4.62004E+20,5.3105E+21,8.49116E+15,4.79467E+16
120760,120761,8,2,22,0,2016,11,8,3,2,5,3,0,0,0,1,0,0,0,0,4.62549E+20,5.4811E+21,8.48297E+15,4.94814E+16
120761,120762,8,1,15,45,2016,11,9,3,3,3,6,0,0,1,1,0,0,0,0,5.0024E+20,5.39571E+21,9.00327E+15,4.87144E+16
120762,120763,8,4,21,0,2016,11,18,3,3,3,6,2,0,0,1,0,1,0,0,5.72576E+20,5.36052E+21,9.98041E+15,4.83936E+16
120763,120764,8,1,25,65,2016,11,18,7,3,1,5,2,1,0,1,0,1,0,0,5.14876E+20,5.44919E+21,9.20419E+15,4.91953E+16
120764,120765,8,4,17,2,2016,11,17,6,1,6,4,2,1,0,0,1,0,1,0,4.90806E+20,5.34996E+21,8.87602E+15,4.83028E+16
120765,120766,8,2,12,0,2016,11,15,3,3,0,7,0,0,0,0,0,0,0,1,4.55753E+20,5.42874E+21,8.39493E+15,4.901E+16
120766,120767,8,1,18,48,2016,11,8,3,2,3,6,0,0,1,1,0,0,0,0,5.13761E+20,5.41571E+21,9.18774E+15,4.88941E+16
120767,120768,8,3,11,0,2016,11,12,2,3,6,1,0,0,0,1,1,0,0,0,4.17479E+20,5.31505E+21,7.8941E+15,4.79834E+16
120768,120769,8,1,18,73,2016,11,16,1,3,6,4,1,0,1,0,1,0,0,0,4.96606E+20,5.42007E+21,8.95365E+15,4.89336E+16
120769,120770,8,3,36,69,2016,11,7,3,3,5,3,1,0,1,0,0,0,0,0,4.08152E+20,5.26839E+21,7.779E+15,4.75624E+16
120770,120771,8,1,15,3,2016,11,6,7,3,8,1,2,1,0,1,0,0,0,0,5.0041E+20,5.38996E+21,9.00556E+15,4.86627E+16
120771,120772,8,3,15,22,2016,11,18,6,2,9,1,2,1,0,1,0,0,0,0,4.01244E+20,5.30064E+21,7.67989E+15,4.78515E+16
120772,120773,8,2,12,0,2016,11,18,3,3,6,2,2,0,0,0,1,0,0,1,4.53577E+20,5.42878E+21,8.36517E+15,4.90102E+16
120773,120774,8,4,25,141,2016,11,14,2,3,5,2,0,0,1,1,0,0,0,0,5.67929E+20,5.36292E+21,9.91804E+15,4.84158E+16
120774,120775,8,3,16,56,2016,11,9,4,3,3,2,0,0,0,1,0,1,0,0,4.23523E+20,5.32867E+21,7.97266E+15,4.81067E+16
120775,120776,8,4,17,79,2016,11,9,5,3,3,7,0,1,1,1,0,0,0,0,5.00924E+20,5.33974E+21,9.01243E+15,4.82109E+16
120776,120777,8,3,15,74,2016,11,13,6,3,2,6,0,0,1,1,0,0,0,0,3.97476E+20,5.29596E+21,7.63064E+15,4.78088E+16
120777,120778,8,1,26,46,2016,11,7,2,3,4,6,0,0,1,1,0,0,0,0,5.49857E+20,5.45937E+21,9.68556E+15,4.9285E+16
120778,120779,8,4,15,50,2016,11,11,7,3,2,6,0,1,0,1,0,0,0,0,5.21326E+20,5.37667E+21,9.28894E+15,4.85428E+16
120779,120780,8,3,37,127,2016,11,17,5,2,6,4,2,1,0,1,1,0,0,0,4.5476E+20,5.29704E+21,8.39557E+15,4.78251E+16
120780,120781,8,2,26,62,2016,11,6,2,3,4,3,2,0,0,1,1,0,0,0,4.70148E+20,5.46893E+21,8.58879E+15,4.93724E+16
120781,120782,8,4,36,82,2016,11,12,7,3,5,2,0,1,0,1,0,0,0,0,5.47496E+20,5.29568E+21,9.63442E+15,4.78127E+16
120782,120783,8,3,36,45,2016,11,11,7,3,6,7,0,0,0,1,1,0,0,0,3.99496E+20,5.28539E+21,7.66006E+15,4.77141E+16
120783,120784,8,1,25,38,2016,11,7,6,3,4,2,2,0,0,1,0,1,0,0,4.99662E+20,5.43526E+21,8.99538E+15,4.90702E+16
120784,120785,8,2,26,82,2016,11,18,5,3,3,6,2,0,1,1,0,0,0,0,4.75509E+20,5.48037E+21,8.66194E+15,4.94755E+16
120785,120786,8,3,36,50,2016,11,18,6,2,6,4,2,1,0,1,1,0,0,0,3.99206E+20,5.27298E+21,7.65905E+15,4.76024E+16
120786,120787,8,4,36,81,2016,11,10,4,3,0,5,0,0,1,1,0,0,0,0,5.63113E+20,5.28152E+21,9.84096E+15,4.7684E+16
120787,120788,8,1,26,46,2016,11,15,3,3,5,3,0,0,0,1,0,1,0,0,5.49556E+20,5.45956E+21,9.68145E+15,4.92867E+16
120788,120789,8,3,11,0,2016,11,14,2,3,5,3,0,0,1,1,0,0,0,0,4.1285E+20,5.31616E+21,7.83186E+15,4.79928E+16
120789,120790,8,3,11,0,2016,11,8,4,3,1,3,0,0,1,0,0,0,0,0,4.1353E+20,5.31744E+21,7.84071E+15,4.80044E+16
120790,120791,8,3,35,98,2016,11,7,5,3,5,3,2,1,0,1,0,0,0,1,5.02177E+20,5.29434E+21,9.02908E+15,4.78024E+16
120791,120792,8,2,26,54,2016,11,10,6,3,5,3,0,0,0,1,0,1,0,0,4.80217E+20,5.45506E+21,8.72817E+15,4.9248E+16
120792,120793,8,4,21,0,2016,11,15,7,3,6,7,0,1,0,0,1,0,0,1,5.74257E+20,5.36358E+21,1.00037E+16,4.8421E+16
120793,120794,8,1,18,80,2016,11,9,2,3,5,2,0,0,1,1,0,0,0,0,5.09108E+20,5.40891E+21,9.1241E+15,4.88331E+16
120794,120795,8,4,36,64,2016,11,16,5,3,3,6,0,0,0,1,0,1,0,0,5.46437E+20,5.29306E+21,9.61999E+15,4.77892E+16
120795,120796,8,1,19,55,2016,11,16,5,3,2,1,0,0,1,1,0,0,0,0,5.43179E+20,5.40512E+21,9.58796E+15,4.87976E+16
120796,120797,8,3,36,91,2016,11,14,6,3,5,3,0,1,0,1,0,1,0,0,3.95695E+20,5.27521E+21,7.61183E+15,4.76219E+16
120797,120798,8,1,15,28,2016,11,16,6,3,5,3,0,0,1,1,0,0,0,0,5.00246E+20,5.40496E+21,9.00335E+15,4.87976E+16
120798,120799,8,2,26,107,2016,11,18,5,1,0,4,2,0,0,0,1,0,0,1,4.75129E+20,5.48291E+21,8.65652E+15,4.94983E+16
120799,120800,8,3,11,0,2016,11,15,6,3,0,1,0,1,1,0,0,0,0,0,4.13861E+20,5.31624E+21,7.84539E+15,4.79936E+16
120800,120801,8,3,11,0,2016,11,15,6,3,5,3,0,1,1,0,0,0,0,0,4.14619E+20,5.31762E+21,7.85526E+15,4.80062E+16
120801,120802,8,4,21,0,2016,11,8,4,3,3,7,0,1,0,1,0,0,0,0,5.73449E+20,5.36145E+21,9.99237E+15,4.84019E+16
120802,120803,8,2,22,0,2016,11,14,4,3,2,6,0,0,0,1,0,1,0,0,4.62691E+20,5.48059E+21,8.48498E+15,4.94768E+16
120803,120804,8,2,26,76,2016,11,20,6,3,5,3,2,0,0,1,0,0,0,0,4.75733E+20,5.46552E+21,8.66593E+15,4.93419E+16
120804,120805,8,1,15,28,2016,11,11,4,3,6,4,0,0,0,1,1,0,0,0,5.00166E+20,5.40541E+21,9.00226E+15,4.88017E+16
120805,120806,8,3,11,0,2016,11,11,5,3,0,7,0,1,0,0,0,1,0,0,4.13105E+20,5.31663E+21,7.83518E+15,4.7997E+16
120806,120807,8,2,26,103,2016,11,5,7,3,6,7,2,1,0,1,1,0,0,0,4.73302E+20,5.45666E+21,8.63306E+15,4.92621E+16
120807,120808,8,1,11,0,2016,11,20,5,3,6,4,2,0,0,1,1,0,0,0,5.13375E+20,5.40332E+21,9.18207E+15,4.87827E+16
120808,120809,8,2,12,0,2016,11,11,6,3,5,3,0,1,1,1,0,0,0,0,4.56706E+20,5.4284E+21,8.408E+15,4.90069E+16
120809,120810,8,3,17,65,2016,11,12,4,3,5,7,0,0,1,1,0,0,0,0,4.16966E+20,5.35487E+21,7.87945E+15,4.83415E+16
120810,120811,8,2,22,0,2016,11,18,1,3,5,2,2,0,0,1,0,0,0,0,4.62028E+20,5.48023E+21,8.47586E+15,4.94736E+16
120811,120812,8,3,37,123,2016,11,11,4,3,5,3,0,0,0,1,0,0,0,0,4.51499E+20,5.27674E+21,8.35426E+15,4.76423E+16
120812,120813,8,1,36,65,2016,11,10,4,3,0,1,0,0,1,0,0,0,0,0,5.60419E+20,5.40709E+21,9.82298E+15,4.88139E+16
120813,120814,8,1,11,0,2016,11,9,2,3,6,4,0,0,0,1,1,0,0,0,5.11708E+20,5.40344E+21,9.15938E+15,4.87839E+16
120814,120815,8,1,25,65,2016,11,17,6,3,0,1,2,0,1,0,0,0,0,0,5.16112E+20,5.44644E+21,9.22104E+15,4.91705E+16
120815,120816,8,4,17,2,2016,11,11,3,3,5,3,0,0,0,1,0,0,0,0,4.89736E+20,5.347E+21,8.86167E+15,4.82761E+16
120816,120817,8,1,11,0,2016,11,19,7,2,6,4,2,0,0,1,1,0,0,0,5.12493E+20,5.40718E+21,9.17018E+15,4.88175E+16
120817,120818,8,2,26,95,2016,11,21,6,3,0,3,2,0,0,1,0,0,0,0,4.74216E+20,5.46089E+21,8.64535E+15,4.93002E+16
120818,120819,8,2,26,98,2016,11,14,3,3,2,6,0,0,0,1,0,0,0,0,4.78167E+20,5.4606E+21,8.6997E+15,4.92977E+16
120819,120820,8,1,17,42,2016,11,19,3,2,5,2,2,0,1,0,0,0,1,0,5.53867E+20,5.39269E+21,9.73186E+15,4.86849E+16
120820,120821,8,3,25,49,2016,11,21,5,2,6,2,2,0,0,1,1,0,0,0,4.72543E+20,5.33412E+21,8.63078E+15,4.81597E+16
120821,120822,8,2,12,0,2016,11,18,2,3,2,6,2,0,0,1,0,0,0,0,4.54939E+20,5.42929E+21,8.38375E+15,4.90148E+16
120822,120823,8,1,18,48,2016,11,14,1,3,5,2,0,0,1,1,0,0,0,0,5.1374E+20,5.41571E+21,9.18745E+15,4.88941E+16
120823,120824,8,3,36,50,2016,11,21,7,2,1,5,2,0,1,1,0,0,0,0,4.00513E+20,5.27393E+21,7.67622E+15,4.76112E+16
120824,120825,8,3,17,57,2016,11,11,3,3,5,3,0,0,0,1,0,0,0,0,4.11936E+20,5.38086E+21,7.80612E+15,4.85746E+16
120825,120826,8,1,11,0,2016,11,19,7,3,2,6,2,1,0,1,0,0,0,0,5.11058E+20,5.39734E+21,9.15037E+15,4.87289E+16
120826,120827,8,2,22,0,2016,11,13,6,3,5,3,0,0,0,1,0,0,0,0,4.6169E+20,5.48331E+21,8.47089E+15,4.95012E+16
120827,120828,8,2,22,0,2016,11,9,3,3,1,5,0,0,1,1,0,0,0,0,4.61386E+20,5.48167E+21,8.46686E+15,4.94865E+16
120828,120829,8,1,11,0,2016,11,7,3,3,1,7,2,0,1,1,0,0,0,0,5.13328E+20,5.40261E+21,9.1814E+15,4.87763E+16
120829,120830,8,3,17,65,2016,11,13,5,3,5,2,0,0,0,1,0,1,0,0,4.16142E+20,5.35475E+21,7.86836E+15,4.83403E+16
120830,120831,8,2,16,43,2016,11,17,2,3,5,3,2,0,1,1,0,0,0,0,4.41339E+20,5.41319E+21,8.20009E+15,4.88689E+16
120831,120832,8,3,35,43,2016,11,14,7,3,0,1,0,1,0,0,0,1,0,0,5.13541E+20,5.28025E+21,9.1804E+15,4.76755E+16
120832,120833,8,1,18,48,2016,11,12,6,3,0,7,0,0,0,0,0,0,0,1,5.14062E+20,5.41593E+21,9.19186E+15,4.88962E+16
120833,120834,8,2,22,0,2016,11,10,5,3,3,7,0,0,1,1,0,0,0,0,4.62738E+20,5.48196E+21,8.4855E+15,4.94891E+16
120834,120835,8,2,22,0,2016,11,10,6,3,5,3,0,1,0,1,0,0,0,0,4.66059E+20,5.47562E+21,8.5319E+15,4.94323E+16
120835,120836,8,2,22,0,2016,11,15,6,3,5,3,0,0,0,1,0,0,0,0,4.64493E+20,5.48388E+21,8.50956E+15,4.95065E+16
120836,120837,8,4,21,0,2016,11,10,4,3,0,1,0,1,1,0,0,0,0,0,5.71136E+20,5.3595E+21,9.96079E+15,4.83847E+16
120837,120838,8,2,31,0,2016,11,8,4,3,5,3,0,0,0,1,0,0,0,0,4.77509E+20,5.41519E+21,8.69319E+15,4.88892E+16
120838,120839,8,2,25,14,2016,11,5,6,3,5,3,2,0,0,1,0,1,0,0,5.23994E+20,5.48744E+21,9.33163E+15,4.95391E+16
120839,120840,8,2,21,0,2016,11,20,6,3,6,4,2,0,0,1,1,0,0,0,4.76165E+20,5.47274E+21,8.67144E+15,4.94069E+16
120840,120841,8,1,36,88,2016,11,17,3,2,6,7,2,0,0,1,1,0,0,0,5.77682E+20,5.41062E+21,1.00588E+16,4.88437E+16
120841,120842,8,3,36,81,2016,11,19,2,3,0,1,2,0,1,0,0,0,0,0,4.11919E+20,5.27806E+21,7.82713E+15,4.76499E+16
120842,120843,8,3,36,81,2016,11,7,4,2,6,4,1,0,0,1,1,0,0,0,4.11113E+20,5.27758E+21,7.81649E+15,4.76455E+16
120843,120844,8,3,17,1,2016,11,19,5,2,0,7,2,0,1,0,0,0,0,0,4.31764E+20,5.38631E+21,8.07399E+15,4.86261E+16
120844,120845,8,2,12,0,2016,11,13,6,3,5,3,0,0,1,0,0,0,0,0,4.55431E+20,5.43059E+21,8.39033E+15,4.90266E+16
120845,120846,8,1,25,13,2016,11,17,2,3,5,3,2,0,1,0,0,0,0,0,5.04893E+20,5.43645E+21,9.06701E+15,4.90809E+16
120846,120847,8,1,11,0,2016,11,11,6,3,5,3,0,0,0,1,0,0,0,0,5.11523E+20,5.40312E+21,9.15685E+15,4.8781E+16
120847,120848,8,2,12,0,2016,11,15,5,2,5,3,0,0,1,0,0,0,0,0,4.55843E+20,5.42866E+21,8.39618E+15,4.90092E+16
120848,120849,8,2,21,0,2016,11,7,6,3,4,7,1,1,0,1,0,1,0,0,4.77412E+20,5.47452E+21,8.68853E+15,4.9423E+16
120849,120850,8,4,15,61,2016,11,17,4,3,6,4,2,0,0,1,1,0,0,0,5.16188E+20,5.37134E+21,9.21911E+15,4.8495E+16
120850,120851,8,2,16,7,2016,11,19,4,3,6,4,2,0,0,1,1,0,0,0,4.35878E+20,5.39382E+21,8.12865E+15,4.86941E+16
120851,120852,8,1,15,28,2016,11,15,2,3,5,3,0,0,1,1,0,0,0,0,5.01158E+20,5.40476E+21,9.01577E+15,4.87958E+16
120852,120853,8,2,15,17,2016,11,21,6,3,4,2,2,0,0,1,0,0,0,0,4.54313E+20,5.41979E+21,8.37625E+15,4.89294E+16
120853,120854,8,4,36,11,2016,11,17,3,3,8,6,1,0,1,1,0,0,0,0,5.48681E+20,5.29712E+21,9.65041E+15,4.78256E+16
120854,120855,8,2,31,0,2016,11,12,5,3,6,7,0,0,1,0,1,0,0,0,4.78079E+20,5.41557E+21,8.70093E+15,4.88927E+16
120855,120856,8,2,11,0,2016,11,14,7,3,6,4,0,1,1,0,1,0,0,0,4.43736E+20,5.40096E+21,8.23445E+15,4.87591E+16
120856,120857,8,1,19,8,2016,11,15,4,3,5,3,0,0,0,1,0,0,0,0,5.31524E+20,5.42265E+21,9.43062E+15,4.89559E+16
120857,120858,8,3,17,57,2016,11,10,5,3,0,7,0,0,0,0,0,1,0,0,4.13644E+20,5.37938E+21,7.82958E+15,4.85616E+16
120858,120859,8,3,11,0,2016,11,7,7,3,5,2,2,1,1,1,0,0,0,0,4.1423E+20,5.31606E+21,7.85036E+15,4.79921E+16
120859,120860,8,1,18,48,2016,11,17,5,3,5,3,2,0,1,1,0,0,0,0,5.12124E+20,5.41603E+21,9.16542E+15,4.88971E+16
120860,120861,8,2,26,95,2016,11,13,6,3,5,3,0,1,0,1,0,1,0,0,4.73656E+20,5.46252E+21,8.63754E+15,4.93148E+16
120861,120862,8,4,35,59,2016,11,14,4,3,6,4,0,0,1,0,1,0,0,0,5.12403E+20,5.29067E+21,9.16553E+15,4.77693E+16
120862,120863,8,1,19,67,2016,11,11,4,3,6,6,0,0,0,1,1,0,0,0,5.37388E+20,5.40894E+21,9.50946E+15,4.88323E+16
120863,120864,8,4,21,0,2016,11,9,1,2,0,7,0,1,1,0,0,0,0,1,5.73043E+20,5.36036E+21,9.9867E+15,4.83922E+16
120864,120865,8,3,36,91,2016,11,7,3,3,8,1,0,0,0,1,0,0,0,0,3.94616E+20,5.27334E+21,7.59792E+15,4.76049E+16
120865,120866,8,4,35,34,2016,11,17,6,3,0,7,1,0,0,1,1,0,0,0,5.28936E+20,5.28561E+21,9.38584E+15,4.77233E+16
120866,120867,8,1,18,79,2016,11,6,6,2,4,6,2,1,0,1,0,0,0,0,5.08447E+20,5.42179E+21,9.11537E+15,4.8949E+16
120867,120868,8,2,26,6,2016,11,17,3,3,0,3,2,0,1,1,0,0,0,0,4.83775E+20,5.46682E+21,8.77658E+15,4.93539E+16
120868,120869,8,1,16,77,2016,11,7,3,3,6,1,1,0,0,1,1,0,0,0,5.15981E+20,5.38876E+21,9.21699E+15,4.86517E+16
120869,120870,8,3,17,31,2016,11,12,5,3,0,3,0,0,1,1,0,0,0,0,4.16896E+20,5.3588E+21,7.87773E+15,4.83769E+16
120870,120871,8,1,21,0,2016,11,14,6,3,5,3,0,1,0,1,0,1,0,0,5.16974E+20,5.4443E+21,9.23277E+15,4.91513E+16
120871,120872,8,3,11,0,2016,11,11,3,3,2,6,0,0,0,1,0,0,0,0,4.13036E+20,5.32026E+21,7.83352E+15,4.80297E+16
120872,120873,8,1,18,50,2016,11,11,3,3,6,4,0,0,0,1,1,0,0,0,5.06053E+20,5.41692E+21,9.0826E+15,4.89052E+16
120873,120874,8,3,11,0,2016,11,14,2,3,5,3,0,0,0,1,0,1,0,0,4.14336E+20,5.31939E+21,7.85113E+15,4.80221E+16
120874,120875,8,2,21,0,2016,11,13,1,2,4,6,0,0,1,0,0,0,0,1,4.79161E+20,5.47078E+21,8.71285E+15,4.93894E+16
120875,120876,8,3,15,6,2016,11,9,3,2,0,1,0,0,1,0,0,0,0,0,4.03674E+20,5.30683E+21,7.71098E+15,4.79076E+16
120876,120877,8,4,26,21,2016,11,17,6,2,6,4,2,1,0,1,1,0,0,0,5.59049E+20,5.3273E+21,9.79306E+15,4.80962E+16
120877,120878,8,1,21,0,2016,11,13,6,3,5,3,0,1,1,1,0,0,0,0,5.15783E+20,5.4433E+21,9.21641E+15,4.91423E+16
120878,120879,8,2,15,17,2016,11,9,3,3,6,7,0,0,1,0,1,0,0,0,4.5714E+20,5.42068E+21,8.41475E+15,4.89375E+16
120879,120880,8,4,35,16,2016,11,14,2,3,0,1,0,0,1,0,0,0,0,0,5.3587E+20,5.27799E+21,9.47768E+15,4.76543E+16
120880,120881,8,3,16,10,2016,11,17,5,3,1,6,2,0,0,1,0,0,0,0,4.30958E+20,5.33606E+21,8.07132E+15,4.81741E+16
120881,120882,8,3,26,74,2016,11,12,6,3,5,3,0,0,0,1,0,0,0,0,4.63478E+20,5.32321E+21,8.50982E+15,4.80611E+16
120882,120883,8,1,35,16,2016,11,16,2,2,0,1,1,0,1,0,0,0,0,0,5.89054E+20,5.38349E+21,1.02079E+16,4.85981E+16
120883,120884,8,3,27,18,2016,11,21,7,3,3,2,2,0,0,1,0,0,0,0,4.74285E+20,5.30795E+21,8.65578E+15,4.79244E+16
120884,120885,8,1,15,28,2016,11,10,6,3,1,7,0,0,0,1,0,0,0,0,5.01569E+20,5.40409E+21,9.02136E+15,4.87898E+16
120885,120886,8,2,21,0,2016,11,15,5,2,3,6,0,0,0,1,0,1,0,0,4.76546E+20,5.47337E+21,8.67667E+15,4.94125E+16
120886,120887,8,1,19,55,2016,11,9,6,3,0,7,0,0,1,0,1,0,0,0,5.44303E+20,5.40449E+21,9.60319E+15,4.87918E+16
120887,120888,8,2,26,96,2016,11,16,2,3,6,4,0,0,0,0,1,0,0,1,4.76105E+20,5.4891E+21,8.66963E+15,4.9554E+16
120888,120889,8,1,11,0,2016,11,18,1,3,4,1,2,0,0,1,0,0,0,0,5.10989E+20,5.40016E+21,9.1495E+15,4.87543E+16
120889,120890,8,3,17,56,2016,11,21,7,3,8,7,2,0,0,1,0,0,0,0,4.3448E+20,5.382E+21,8.11152E+15,4.85877E+16
120890,120891,8,2,31,0,2016,11,7,5,3,5,2,1,0,0,1,0,0,0,0,4.76917E+20,5.41539E+21,8.68509E+15,4.8891E+16
120891,120892,8,1,18,48,2016,11,19,6,3,5,2,2,1,0,1,0,0,0,0,5.15884E+20,5.41589E+21,9.21671E+15,4.88958E+16
120892,120893,8,1,11,0,2016,11,9,5,3,0,6,0,0,0,1,0,0,0,1,5.10353E+20,5.40215E+21,9.14091E+15,4.87723E+16
120893,120894,8,1,26,66,2016,11,17,3,3,5,3,2,0,0,1,0,1,0,0,5.36196E+20,5.44986E+21,9.49686E+15,4.92005E+16
120894,120895,8,3,15,113,2016,11,17,2,3,6,4,2,1,0,1,1,0,0,0,4.41308E+20,5.30699E+21,8.21451E+15,4.79136E+16
120895,120896,8,3,11,0,2016,11,19,4,3,2,1,2,0,0,1,0,0,0,0,4.13059E+20,5.3203E+21,7.83381E+15,4.80301E+16
120896,120897,8,3,15,48,2016,11,19,5,3,5,2,2,0,1,1,0,0,0,0,3.98982E+20,5.31014E+21,7.64743E+15,4.79366E+16