FID,OBJECTID,ULAND,UREGBEZ,UKREIS,UGEMEINDE,UJAHR,UMONAT,USTUNDE,UWOCHENTAG,UKATEGORIE,UART,UTYP1,ULICHTVERH,IstStrasse,IstRad,IstPKW,IstFuss,IstKrad,IstGkfz,IstSonstig,LINREFX,LINREFY,XGCSWGS84,YGCSWGS84
120897,120898,8,2,31,0,2016,11,21,6,2,6,4,2,0,0,1,1,0,0,0,4.78844E+20,5.41537E+21,8.71139E+15,4.8891E+16
120898,120899,8,1,18,67,2016,11,11,2,3,2,6,0,0,0,1,0,0,0,0,5.05301E+20,5.41374E+21,9.0723E+15,4.88766E+16
120899,120900,8,4,21,0,2016,11,16,5,3,6,4,1,1,1,0,1,0,0,0,5.73484E+20,5.36198E+21,9.99293E+15,4.84067E+16
120900,120901,8,1,21,0,2016,11,10,5,3,0,3,0,0,0,1,0,0,0,1,5.16182E+20,5.4431E+21,9.22186E+15,4.91405E+16
120901,120902,8,1,18,46,2016,11,13,6,3,5,3,0,1,0,1,0,0,0,1,5.1405E+20,5.41414E+21,9.19163E+15,4.88801E+16
120902,120903,8,4,15,59,2016,11,7,4,3,4,6,0,0,0,1,0,0,1,0,5.16674E+20,5.36781E+21,9.22555E+15,4.84632E+16
120903,120904,8,2,12,0,2016,11,7,4,3,2,6,1,0,0,1,0,0,0,0,4.52481E+20,5.42826E+21,8.35025E+15,4.90054E+16
120904,120905,8,1,17,51,2016,11,17,6,3,6,4,2,1,0,1,1,0,0,0,5.42947E+20,5.39504E+21,9.58376E+15,4.87069E+16
120905,120906,8,4,21,0,2016,11,18,4,3,4,2,2,0,0,1,0,0,0,0,5.73551E+20,5.36147E+21,9.99375E+15,4.84021E+16
120906,120907,8,2,26,32,2016,11,15,4,3,5,2,0,0,0,1,0,0,0,0,4.66414E+20,5.4641E+21,8.53777E+15,4.93287E+16
120907,120908,8,3,36,81,2016,11,14,5,2,6,4,0,1,0,1,1,0,0,0,4.11105E+20,5.27751E+21,7.8164E+15,4.76448E+16
120908,120909,8,2,21,0,2016,11,1,6,2,0,7,2,0,1,0,0,0,0,0,4.7778E+20,5.47304E+21,8.69369E+15,4.94096E+16
120909,120910,8,1,17,33,2016,11,17,4,3,6,4,2,0,0,1,1,0,0,0,5.58497E+20,5.3882E+21,9.79413E+15,4.86441E+16
120910,120911,8,3,15,47,2016,11,17,5,3,6,7,2,0,0,1,1,0,0,0,4.15625E+20,5.3216E+21,7.86797E+15,4.80421E+16
120911,120912,8,2,35,46,2016,11,22,7,3,5,3,2,0,0,1,0,0,0,0,4.79671E+20,5.37728E+21,8.72455E+15,4.85482E+16
120912,120913,8,1,11,0,2016,11,12,5,3,2,7,0,0,0,1,0,1,0,0,5.12713E+20,5.4081E+21,9.17321E+15,4.88257E+16
120913,120914,8,1,16,47,2016,11,17,6,3,6,2,2,1,0,1,1,0,0,0,5.20028E+20,5.39273E+21,9.27212E+15,4.86873E+16
120914,120915,8,3,17,65,2016,11,17,4,2,5,2,2,0,1,1,0,0,0,0,4.15541E+20,5.35442E+21,7.86031E+15,4.83373E+16
120915,120916,8,3,11,0,2016,11,2,1,3,6,6,2,0,1,0,1,0,0,0,4.13901E+20,5.31623E+21,7.84593E+15,4.79936E+16
120916,120917,8,1,11,0,2016,11,8,2,3,5,3,0,0,1,1,0,0,0,0,5.08414E+20,5.40729E+21,9.11462E+15,4.88185E+16
120917,120918,8,1,27,14,2016,11,8,6,3,5,3,0,0,1,1,0,0,0,0,5.79031E+20,5.44267E+21,1.00834E+16,4.91318E+16
120918,120919,8,4,21,0,2016,11,7,3,3,5,3,0,1,0,1,0,0,0,0,5.70885E+20,5.36257E+21,9.95792E+15,4.84123E+16
120919,120920,8,1,15,45,2016,11,16,6,3,2,6,2,1,0,1,0,0,1,0,4.98778E+20,5.39405E+21,8.98339E+15,4.86995E+16
120920,120921,8,2,36,40,2016,11,18,3,3,2,6,2,0,0,1,0,0,0,0,4.88873E+20,5.4222E+21,8.84802E+15,4.89526E+16
120921,120922,8,1,18,79,2016,11,15,3,3,3,2,0,0,1,0,0,1,0,0,5.08967E+20,5.42212E+21,9.12248E+15,4.89519E+16
120922,120923,8,2,15,110,2016,11,7,2,2,0,7,2,0,1,0,0,0,0,0,4.61322E+20,5.41808E+21,8.4721E+15,4.89145E+16
120923,120924,8,1,19,20,2016,11,0,1,3,8,1,2,0,0,1,0,0,1,0,5.20511E+20,5.40818E+21,9.27946E+15,4.88262E+16
120924,120925,8,3,36,50,2016,11,7,3,3,1,5,0,0,0,1,0,0,0,1,3.99199E+20,5.27292E+21,7.65897E+15,4.76019E+16
120925,120926,8,1,15,44,2016,11,7,6,3,6,4,2,1,0,1,1,0,0,0,5.04366E+20,5.38993E+21,9.0593E+15,4.86624E+16
120926,120927,8,1,36,88,2016,11,18,3,3,5,3,2,0,1,1,0,0,0,0,5.80295E+20,5.40923E+21,1.00941E+16,4.88308E+16
120927,120928,8,4,15,92,2016,11,13,2,3,5,3,0,0,0,1,0,0,0,0,5.19109E+20,5.36487E+21,9.25836E+15,4.84367E+16
120928,120929,8,3,36,91,2016,11,15,4,3,2,7,0,0,0,1,0,0,0,0,3.95695E+20,5.27521E+21,7.61183E+15,4.76219E+16
120929,120930,8,3,36,50,2016,11,18,5,3,3,6,2,1,0,1,0,1,0,0,3.99805E+20,5.27467E+21,7.66664E+15,4.76176E+16
120930,120931,8,3,17,96,2016,11,19,3,3,3,6,2,0,0,1,0,0,0,0,4.21151E+20,5.36872E+21,7.93332E+15,4.84666E+16
120931,120932,8,4,21,0,2016,11,17,6,3,6,2,2,1,0,1,1,0,0,0,5.71614E+20,5.36061E+21,9.96744E+15,4.83946E+16
120932,120933,8,1,11,0,2016,11,1,6,2,2,6,2,0,0,1,0,0,0,1,5.14412E+20,5.40407E+21,9.19622E+15,4.87895E+16
120933,120934,8,2,22,0,2016,11,6,3,3,5,3,2,0,1,1,0,0,0,0,4.61474E+20,5.48059E+21,8.46818E+15,4.94768E+16
120934,120935,8,1,11,0,2016,11,7,3,3,5,3,1,0,0,1,0,1,0,0,5.14983E+20,5.40241E+21,9.20393E+15,4.87745E+16
120935,120936,8,3,36,57,2016,11,12,5,3,6,4,0,1,0,1,1,0,0,0,4.08104E+20,5.27747E+21,7.77646E+15,4.76441E+16
120936,120937,8,2,21,0,2016,11,16,2,3,1,5,0,0,1,1,0,0,0,0,4.78529E+20,5.47309E+21,8.70401E+15,4.94101E+16
120937,120938,8,3,11,0,2016,11,17,7,3,1,6,2,0,0,1,0,0,0,0,4.1405E+20,5.3157E+21,7.84803E+15,4.79888E+16
120938,120939,8,1,18,67,2016,11,7,6,3,5,3,1,0,1,1,0,0,0,0,5.0549E+20,5.41387E+21,9.07487E+15,4.88777E+16
120939,120940,8,2,26,84,2016,11,17,5,3,5,3,2,0,1,0,0,0,0,0,4.69122E+20,5.47029E+21,8.57455E+15,4.93846E+16
120940,120941,8,1,11,0,2016,11,16,6,3,2,6,2,1,0,1,0,0,0,0,5.16732E+20,5.40443E+21,9.22781E+15,4.87927E+16
120941,120942,8,4,26,21,2016,11,12,4,3,3,3,0,0,1,1,0,0,0,0,5.59009E+20,5.32732E+21,9.79253E+15,4.80964E+16
120942,120943,8,2,31,0,2016,11,18,4,3,1,6,2,0,0,1,0,0,0,0,4.77668E+20,5.41537E+21,8.69535E+15,4.88909E+16
120943,120944,8,3,36,69,2016,11,7,5,3,5,3,0,1,1,1,0,0,0,0,4.07577E+20,5.26819E+21,7.7714E+15,4.75606E+16
120944,120945,8,2,26,84,2016,11,23,6,3,5,3,2,0,0,1,0,0,0,0,4.69579E+20,5.47085E+21,8.58081E+15,4.93896E+16
120945,120946,8,1,17,38,2016,11,16,2,2,6,4,2,0,0,1,1,0,0,0,5.46923E+20,5.39737E+21,9.63806E+15,4.87276E+16
120946,120947,8,3,27,50,2016,11,17,5,3,5,3,2,0,0,1,0,0,0,0,4.85346E+20,5.31436E+21,8.80362E+15,4.79824E+16
120947,120948,8,3,36,50,2016,11,0,6,3,2,6,2,0,0,1,0,0,0,0,3.99303E+20,5.2749E+21,7.65991E+15,4.76197E+16
120948,120949,8,1,25,65,2016,11,19,2,3,6,7,2,0,0,1,1,0,0,0,5.16513E+20,5.4473E+21,9.22658E+15,4.91783E+16
120949,120950,8,1,11,0,2016,11,16,6,3,3,6,2,0,1,1,0,0,0,0,5.10805E+20,5.39534E+21,9.14687E+15,4.8711E+16
120950,120951,8,2,15,9,2016,11,17,5,3,5,3,2,0,1,1,0,0,0,0,4.68948E+20,5.44036E+21,8.57448E+15,4.91153E+16
120951,120952,8,1,11,0,2016,11,11,6,3,5,3,0,0,0,1,0,0,0,0,5.11211E+20,5.40582E+21,9.15268E+15,4.88053E+16
120952,120953,8,4,16,48,2016,11,13,4,2,4,6,0,0,1,1,0,0,0,0,4.9298E+20,5.37833E+21,8.90487E+15,4.85581E+16
120953,120954,8,2,16,8,2016,11,12,4,3,8,1,0,0,0,1,0,0,0,0,4.41197E+20,5.39104E+21,8.20132E+15,4.86697E+16
120954,120955,8,1,16,49,2016,11,15,2,3,5,3,0,0,0,1,0,0,0,0,5.25365E+20,5.38555E+21,9.34419E+15,4.86225E+16
120955,120956,8,2,21,0,2016,11,11,6,3,5,7,0,0,1,1,0,0,0,0,4.76729E+20,5.47163E+21,8.67929E+15,4.93969E+16
120956,120957,8,1,15,3,2016,11,12,4,3,0,1,0,1,0,0,0,1,0,0,5.00386E+20,5.39213E+21,9.00525E+15,4.86822E+16
120957,120958,8,3,11,0,2016,11,12,5,3,5,3,0,0,1,0,0,1,0,0,4.139E+20,5.31714E+21,7.84573E+15,4.80017E+16
120958,120959,8,2,15,9,2016,11,13,7,3,5,3,0,0,0,1,0,0,0,0,4.64923E+20,5.44211E+21,8.51917E+15,4.91308E+16
120959,120960,8,1,11,0,2016,11,9,5,3,1,5,0,0,1,1,0,0,0,0,5.11529E+20,5.40214E+21,9.15691E+15,4.87722E+16
120960,120961,8,1,11,0,2016,11,9,6,2,5,3,0,0,1,1,0,0,0,0,5.12831E+20,5.40297E+21,9.17465E+15,4.87796E+16
120961,120962,8,3,11,0,2016,11,17,3,3,5,2,2,0,1,1,0,0,0,0,4.14201E+20,5.31815E+21,7.84955E+15,4.80109E+16
120962,120963,8,1,25,5,2016,11,10,3,3,1,6,0,0,0,1,0,0,0,0,5.15662E+20,5.45197E+21,9.21509E+15,4.92203E+16
120963,120964,8,3,11,0,2016,11,10,7,3,2,1,0,1,0,1,0,0,0,0,4.13465E+20,5.32044E+21,7.83923E+15,4.80314E+16
120964,120965,8,1,19,8,2016,11,13,5,3,8,1,0,0,0,1,1,0,0,0,5.31884E+20,5.42253E+21,9.43552E+15,4.89549E+16
120965,120966,8,4,37,53,2016,11,10,5,3,6,7,0,1,0,1,1,0,0,0,5.28003E+20,5.31977E+21,9.37563E+15,4.80306E+16
120966,120967,8,3,35,79,2016,11,21,4,3,5,3,2,0,0,1,0,0,0,0,5.00694E+20,5.29965E+21,9.00927E+15,4.78502E+16
120967,120968,8,1,26,46,2016,11,7,4,3,0,1,2,0,1,1,0,0,0,0,5.4999E+20,5.45924E+21,9.68738E+15,4.92838E+16
120968,120969,8,4,26,14,2016,11,10,1,3,0,7,0,0,0,1,0,0,0,1,5.49057E+20,5.31704E+21,9.6577E+15,4.80048E+16
120969,120970,8,4,15,61,2016,11,15,3,2,0,1,0,0,1,0,0,0,0,0,5.16647E+20,5.37444E+21,9.22545E+15,4.85228E+16
120970,120971,8,4,16,41,2016,11,17,6,3,6,4,2,1,0,1,1,0,0,0,5.04522E+20,5.37399E+21,9.06123E+15,4.8519E+16
120971,120972,8,2,26,85,2016,11,0,3,3,5,3,2,0,0,1,0,0,0,0,4.91074E+20,5.45516E+21,8.87735E+15,4.92492E+16
120972,120973,8,1,16,33,2016,11,13,3,3,5,3,0,0,1,1,0,0,0,0,5.33399E+20,5.38869E+21,9.45346E+15,4.86503E+16
120973,120974,8,3,11,0,2016,11,9,5,3,0,1,0,1,1,0,0,0,0,0,4.15658E+20,5.31607E+21,7.8695E+15,4.79924E+16
120974,120975,8,2,31,0,2016,11,0,2,3,5,2,2,0,0,1,0,1,0,0,4.77502E+20,5.41538E+21,8.69307E+15,4.8891E+16
120975,120976,8,1,16,77,2016,11,11,1,3,5,3,0,0,0,1,0,0,0,0,5.15735E+20,5.39205E+21,9.21377E+15,4.86813E+16
120976,120977,8,2,22,0,2016,12,12,6,3,5,3,0,0,0,1,0,0,0,0,4.61416E+20,5.48436E+21,8.46702E+15,4.95107E+16
120977,120978,8,4,21,0,2016,11,6,2,3,5,2,1,0,1,1,0,0,0,0,5.71363E+20,5.36042E+21,9.96401E+15,4.83929E+16
120978,120979,8,3,35,43,2016,11,6,3,3,5,3,1,0,1,1,0,0,0,0,5.1206E+20,5.28089E+21,9.16068E+15,4.76813E+16
120979,120980,8,2,12,0,2016,12,10,5,3,6,4,0,0,0,1,1,0,0,0,4.53248E+20,5.42891E+21,8.36067E+15,4.90113E+16
120980,120981,8,1,21,0,2016,11,22,4,3,8,7,2,0,0,1,0,0,0,0,5.18409E+20,5.44479E+21,9.25248E+15,4.91556E+16
120981,120982,8,1,19,91,2016,11,16,2,3,2,6,0,0,0,1,0,0,0,0,5.28387E+20,5.40599E+21,9.38661E+15,4.88062E+16
120982,120983,8,1,19,76,2016,12,12,5,3,5,3,0,0,0,1,0,0,0,0,5.41714E+20,5.40626E+21,9.56813E+15,4.88079E+16
120983,120984,8,3,11,0,2016,11,16,4,3,2,6,0,0,0,1,0,0,0,0,4.13156E+20,5.31543E+21,7.8361E+15,4.79862E+16
120984,120985,8,2,22,0,2016,11,13,7,3,2,6,0,0,0,1,0,0,0,0,4.64124E+20,5.4783E+21,8.50496E+15,4.94563E+16
120985,120986,8,3,35,43,2016,11,9,2,2,3,6,0,0,1,0,0,0,0,0,5.13339E+20,5.27889E+21,9.17767E+15,4.76632E+16
120986,120987,8,2,22,0,2016,11,15,4,3,5,2,0,0,1,1,0,0,0,0,4.62713E+20,5.47864E+21,8.48547E+15,4.94593E+16
120987,120988,8,2,15,17,2016,12,18,7,3,5,3,2,0,0,1,0,0,0,0,4.55412E+20,5.42116E+21,8.3911E+15,4.89418E+16
120988,120989,8,1,18,11,2016,11,15,2,3,2,7,0,0,0,1,0,0,0,0,5.04965E+20,5.40824E+21,9.06765E+15,4.88271E+16
120989,120990,8,1,18,67,2016,11,11,2,3,1,6,0,0,0,1,0,0,0,1,5.05872E+20,5.41424E+21,9.08009E+15,4.88811E+16
120990,120991,8,3,36,50,2016,12,11,6,3,3,2,0,0,1,1,0,0,0,0,3.99117E+20,5.27357E+21,7.65773E+15,4.76077E+16
120991,120992,8,1,17,49,2016,11,16,2,3,5,3,2,0,1,1,0,0,0,0,5.56431E+20,5.39272E+21,9.76669E+15,4.86849E+16
120992,120993,8,1,16,19,2016,12,9,5,3,6,7,0,0,0,1,1,0,0,0,5.24399E+20,5.39759E+21,9.33179E+15,4.87308E+16
120993,120994,8,2,12,0,2016,11,8,4,2,5,2,0,0,1,1,0,0,0,0,4.5115E+20,5.42779E+21,8.33211E+15,4.90011E+16
120994,120995,8,2,12,0,2016,12,13,6,3,3,6,0,0,1,1,0,0,0,0,4.54427E+20,5.42884E+21,8.3768E+15,4.90107E+16
120995,120996,8,1,18,40,2016,11,6,7,2,1,1,2,0,0,1,0,0,0,0,5.10979E+20,5.43152E+21,9.15022E+15,4.90365E+16
120996,120997,8,2,22,0,2016,11,17,3,3,1,6,2,0,0,1,0,0,0,0,4.62947E+20,5.48263E+21,8.48832E+15,4.94951E+16
120997,120998,8,3,11,0,2016,11,18,2,3,3,7,2,0,1,0,0,0,0,0,4.14027E+20,5.31523E+21,7.84781E+15,4.79846E+16
120998,120999,8,1,35,19,2016,12,18,7,3,5,3,2,0,0,1,0,1,0,0,5.84875E+20,5.39263E+21,1.01531E+16,4.86809E+16
120999,121000,8,1,16,78,2016,11,13,2,3,5,3,0,0,0,1,0,0,0,0,5.13637E+20,5.39301E+21,9.18529E+15,4.869E+16
121000,121001,8,2,15,17,2016,12,17,6,3,6,2,2,1,0,1,1,0,0,0,4.56382E+20,5.42083E+21,8.40438E+15,4.89389E+16
121001,121002,8,1,18,68,2016,12,18,6,3,1,6,0,0,0,1,0,0,0,0,5.01309E+20,5.42277E+21,9.01788E+15,4.89578E+16
121002,121003,8,3,35,43,2016,11,10,3,3,0,3,0,0,1,1,0,0,0,0,5.12889E+20,5.27896E+21,9.17168E+15,4.76639E+16
121003,121004,8,2,22,0,2016,11,9,3,2,6,2,0,0,0,0,1,0,1,0,4.63108E+20,5.48493E+21,8.49032E+15,4.95159E+16
121004,121005,8,2,12,0,2016,11,17,2,3,2,6,2,0,0,1,0,0,0,0,4.54734E+20,5.4293E+21,8.38094E+15,4.90149E+16
121005,121006,8,1,36,65,2016,12,11,6,3,2,6,0,1,0,1,0,0,0,0,5.58088E+20,5.40498E+21,9.79094E+15,4.87951E+16
121006,121007,8,2,22,0,2016,11,6,3,2,5,2,2,0,0,1,0,1,1,0,4.60941E+20,5.48531E+21,8.46036E+15,4.95192E+16
121007,121008,8,2,26,84,2016,11,9,4,3,1,6,0,0,0,1,0,0,0,0,4.67274E+20,5.47264E+21,8.5489E+15,4.94056E+16
121008,121009,8,2,22,0,2016,11,11,2,3,3,2,0,0,0,1,0,0,0,1,4.61724E+20,5.4832E+21,8.47137E+15,4.95002E+16
121009,121010,8,1,11,0,2016,12,12,6,3,2,6,0,0,0,1,0,0,0,1,5.19652E+20,5.4001E+21,9.26736E+15,4.87536E+16
121010,121011,8,1,21,0,2016,11,16,4,3,5,3,0,0,0,1,0,0,0,0,5.16343E+20,5.44189E+21,9.22402E+15,4.91296E+16
121011,121012,8,1,11,0,2016,12,8,7,3,0,7,1,2,1,0,0,0,0,0,5.06423E+20,5.40636E+21,9.08748E+15,4.88102E+16
121012,121013,8,1,16,50,2016,11,17,2,3,6,6,2,0,0,1,1,0,0,0,5.2674E+20,5.38801E+21,9.36302E+15,4.86446E+16
121013,121014,8,2,26,96,2016,12,7,6,3,0,7,0,0,0,1,1,0,0,0,4.75885E+20,5.48848E+21,8.66663E+15,4.95484E+16
121014,121015,8,1,16,19,2016,11,11,3,3,0,3,0,0,1,1,0,0,0,0,5.23391E+20,5.39839E+21,9.31813E+15,4.87381E+16
121015,121016,8,3,26,74,2016,11,7,3,3,6,7,1,0,0,1,1,0,0,0,4.63694E+20,5.32325E+21,8.51271E+15,4.80615E+16
121016,121017,8,1,21,0,2016,11,10,2,3,1,6,0,0,0,1,0,0,0,0,5.16136E+20,5.44272E+21,9.22122E+15,4.91371E+16
121017,121018,8,3,11,0,2016,12,0,5,3,2,2,2,0,0,1,0,0,0,0,4.12664E+20,5.31784E+21,7.82902E+15,4.80079E+16
121018,121019,8,1,19,67,2016,11,14,4,3,2,6,0,0,0,1,0,1,0,0,5.38428E+20,5.406E+21,9.52336E+15,4.88058E+16
121019,121020,8,1,11,0,2016,11,10,2,3,2,6,0,0,0,1,0,0,0,0,5.14388E+20,5.40407E+21,9.19588E+15,4.87894E+16
121020,121021,8,1,36,44,2016,12,14,5,3,2,2,0,0,0,1,0,0,0,1,5.58583E+20,5.40789E+21,9.79809E+15,4.88212E+16
121021,121022,8,4,15,91,2016,11,13,4,3,2,6,0,0,0,1,0,0,0,0,5.13588E+20,5.35942E+21,9.18354E+15,4.83878E+16
121022,121023,8,3,26,3,2016,12,7,5,2,4,1,0,2,0,1,0,0,0,1,4.66371E+20,5.31923E+21,8.54896E+15,4.80255E+16
121023,121024,8,1,19,20,2016,11,16,4,3,0,2,0,0,1,1,0,0,0,0,5.19426E+20,5.40861E+21,9.26469E+15,4.88302E+16
121024,121025,8,1,11,0,2016,11,6,2,3,4,6,2,0,0,1,0,0,0,1,5.20375E+20,5.40232E+21,9.27731E+15,4.87736E+16
121025,121026,8,2,22,0,2016,12,17,5,3,1,3,1,0,1,1,0,0,0,0,4.61047E+20,5.48174E+21,8.46217E+15,4.9487E+16
121026,121027,8,4,35,59,2016,11,17,4,3,5,3,2,0,1,1,0,0,0,0,5.15188E+20,5.29128E+21,9.20273E+15,4.77747E+16
121027,121028,8,4,16,36,2016,11,18,2,3,2,6,2,0,1,1,0,0,0,0,4.97985E+20,5.36932E+21,8.97274E+15,4.8477E+16
121028,121029,8,4,17,2,2016,11,11,3,3,5,3,0,0,1,1,0,0,0,0,4.88886E+20,5.34639E+21,8.85022E+15,4.82706E+16
121029,121030,8,2,31,0,2016,12,12,5,2,2,6,0,0,0,1,0,0,0,0,4.77222E+20,5.41544E+21,8.68926E+15,4.88915E+16
121030,121031,8,1,18,46,2016,11,7,4,3,5,3,1,0,0,1,0,0,0,0,5.16362E+20,5.41378E+21,9.22315E+15,4.88768E+16
121031,121032,8,1,11,0,2016,11,0,2,3,0,1,2,0,1,0,0,0,0,0,5.1431E+20,5.40216E+21,9.19476E+15,4.87723E+16
121032,121033,8,1,18,48,2016,12,16,5,3,1,2,0,0,0,1,0,0,0,0,5.137E+20,5.41663E+21,9.18693E+15,4.89025E+16
121033,121034,8,3,11,0,2016,11,17,4,3,1,7,2,0,0,1,0,0,0,0,4.11336E+20,5.32096E+21,7.81057E+15,4.80358E+16
121034,121035,8,2,22,0,2016,12,16,6,3,1,5,2,1,1,1,0,0,0,0,4.63072E+20,5.47828E+21,8.49045E+15,4.94561E+16
121035,121036,8,1,21,0,2016,11,13,7,3,2,6,0,0,0,1,0,0,0,0,5.16165E+20,5.44309E+21,9.22163E+15,4.91404E+16
121036,121037,8,2,16,43,2016,11,13,3,2,2,6,0,0,1,1,0,0,0,0,4.41746E+20,5.41179E+21,8.20584E+15,4.88563E+16
121037,121038,8,3,26,74,2016,11,15,2,3,5,3,0,0,1,1,0,0,0,0,4.59462E+20,5.32309E+21,8.45593E+15,4.80598E+16
121038,121039,8,2,16,17,2016,11,16,4,3,0,7,0,0,0,0,0,1,0,0,4.51324E+20,5.40199E+21,8.33756E+15,4.8769E+16
121039,121040,8,1,19,79,2016,11,15,7,3,6,7,0,0,0,0,1,0,0,1,5.25604E+20,5.40768E+21,9.34881E+15,4.88215E+16
121040,121041,8,3,35,43,2016,11,12,2,3,1,2,0,0,1,1,0,0,0,0,5.13788E+20,5.28001E+21,9.18369E+15,4.76733E+16
121041,121042,8,3,17,65,2016,11,17,3,3,5,2,2,0,1,1,0,0,0,0,4.11613E+20,5.35628E+21,7.80693E+15,4.83535E+16
121042,121043,8,2,16,7,2016,11,9,4,3,6,4,0,0,0,1,1,0,0,0,4.36372E+20,5.3942E+21,8.13531E+15,4.86976E+16
121043,121044,8,2,16,7,2016,12,10,7,3,5,3,0,0,0,1,0,0,0,0,4.36406E+20,5.39475E+21,8.13568E+15,4.87025E+16
121044,121045,8,1,16,4,2016,11,18,2,2,0,1,1,0,1,0,0,0,0,0,5.27949E+20,5.39679E+21,9.38002E+15,4.87235E+16
121045,121046,8,4,15,73,2016,12,18,6,2,5,2,2,1,1,1,0,0,0,0,5.17685E+20,5.35052E+21,9.2385E+15,4.83076E+16
121046,121047,8,1,11,0,2016,12,9,5,3,5,3,0,0,0,1,0,0,0,0,5.14946E+20,5.39577E+21,9.20319E+15,4.87148E+16
121047,121048,8,2,26,76,2016,11,7,4,3,5,3,2,0,1,1,0,0,0,0,4.74692E+20,5.46583E+21,8.65158E+15,4.93447E+16
121048,121049,8,2,12,0,2016,12,14,6,3,1,5,0,0,1,1,0,0,0,0,4.55231E+20,5.42743E+21,8.38795E+15,4.89982E+16
121049,121050,8,1,19,79,2016,11,1,7,3,8,1,2,0,0,1,0,0,0,0,5.23084E+20,5.41071E+21,9.31466E+15,4.88489E+16
121050,121051,8,2,15,66,2016,11,10,3,3,2,6,0,0,0,1,0,0,0,0,4.60239E+20,5.45378E+21,8.45381E+15,4.92355E+16
121051,121052,8,2,22,0,2016,11,12,4,3,5,3,0,0,1,1,0,0,0,0,4.6247E+20,5.48306E+21,8.48169E+15,4.9499E+16
121052,121053,8,2,12,0,2016,11,11,2,2,3,2,0,0,1,0,0,0,1,0,4.56216E+20,5.42871E+21,8.40127E+15,4.90097E+16
121053,121054,8,1,25,5,2016,12,19,7,3,6,2,2,0,0,1,1,0,0,0,5.15798E+20,5.45246E+21,9.21696E+15,4.92247E+16
121054,121055,8,4,26,70,2016,11,17,1,2,8,1,2,0,0,1,0,0,0,0,5.6084E+20,5.34033E+21,9.81898E+15,4.82132E+16
121055,121056,8,2,11,0,2016,12,10,7,3,0,1,0,2,0,0,0,1,0,0,4.46184E+20,5.39874E+21,8.26804E+15,4.87393E+16
121056,121057,8,4,16,41,2016,11,18,1,2,0,7,1,1,1,0,0,0,0,0,5.02383E+20,5.37403E+21,9.03228E+15,4.85194E+16
121057,121058,8,4,15,14,2016,11,16,1,3,6,4,2,1,0,0,1,0,0,1,5.25427E+20,5.37555E+21,9.34443E+15,4.85326E+16
121058,121059,8,3,15,7,2016,12,12,6,3,8,1,0,1,0,1,0,0,0,0,4.01218E+20,5.29661E+21,7.68046E+15,4.78152E+16
121059,121060,8,1,28,115,2016,12,6,6,3,2,2,2,0,0,1,0,0,0,0,5.47588E+20,5.49677E+21,9.65886E+15,4.96216E+16
121060,121061,8,2,15,9,2016,11,11,3,3,5,3,0,0,1,1,0,0,0,0,4.69467E+20,5.44108E+21,8.58153E+15,4.91218E+16
121061,121062,8,2,22,0,2016,11,10,2,3,5,3,0,0,0,1,0,0,0,1,4.64686E+20,5.48495E+21,8.51212E+15,4.95161E+16
121062,121063,8,4,26,14,2016,12,13,5,3,5,3,0,0,0,1,0,0,0,1,5.48678E+20,5.31659E+21,9.65257E+15,4.80008E+16
121063,121064,8,1,16,19,2016,11,14,4,3,6,7,0,0,0,1,1,0,0,0,5.22011E+20,5.39864E+21,9.29938E+15,4.87404E+16
121064,121065,8,4,35,16,2016,12,3,6,3,9,1,2,1,1,0,0,0,0,0,5.33417E+20,5.27872E+21,9.44507E+15,4.7661E+16
121065,121066,8,3,37,126,2016,11,17,1,2,0,1,2,0,0,0,0,1,0,0,4.41321E+20,5.27464E+21,8.21904E+15,4.76225E+16
121066,121067,8,2,22,0,2016,12,0,6,3,2,6,2,1,0,1,0,0,0,0,4.63603E+20,5.48316E+21,8.49732E+15,4.95E+16
121067,121068,8,1,15,16,2016,11,13,3,3,5,3,0,0,0,1,0,0,0,0,4.86499E+20,5.37756E+21,8.81706E+15,4.8551E+16
121068,121069,8,3,36,50,2016,11,17,3,3,0,1,1,1,0,0,0,1,0,0,3.99941E+20,5.2728E+21,7.66887E+15,4.76009E+16
121069,121070,8,2,12,0,2016,12,18,6,2,1,7,2,0,0,1,0,0,0,0,4.58257E+20,5.42912E+21,8.42914E+15,4.90136E+16
121070,121071,8,1,16,80,2016,12,13,6,3,1,6,0,0,0,1,0,0,0,0,5.22117E+20,5.39576E+21,9.30067E+15,4.87145E+16
121071,121072,8,3,36,91,2016,11,16,3,3,6,4,0,0,0,1,1,0,0,0,3.94596E+20,5.27322E+21,7.59769E+15,4.76038E+16
121072,121073,8,2,12,0,2016,11,12,3,3,5,3,0,0,0,1,0,0,0,0,4.53254E+20,5.43077E+21,8.36053E+15,4.9028E+16