FID,OBJECTID,ULAND,UREGBEZ,UKREIS,UGEMEINDE,UJAHR,UMONAT,USTUNDE,UWOCHENTAG,UKATEGORIE,UART,UTYP1,ULICHTVERH,IstStrasse,IstRad,IstPKW,IstFuss,IstKrad,IstGkfz,IstSonstig,LINREFX,LINREFY,XGCSWGS84,YGCSWGS84
121073,121074,8,1,28,115,2016,11,5,2,3,0,7,2,2,1,0,0,0,0,0,5.47542E+20,5.49688E+21,9.65824E+15,4.96226E+16
121074,121075,8,3,26,74,2016,12,16,5,2,6,7,1,0,0,1,1,0,0,0,4.60643E+20,5.32317E+21,8.47178E+15,4.80606E+16
121075,121076,8,1,15,41,2016,11,11,4,3,5,3,0,0,1,1,0,0,0,0,4.9556E+20,5.40168E+21,8.93957E+15,4.87681E+16
121076,121077,8,3,35,75,2016,11,10,1,3,5,2,0,1,0,1,0,0,0,0,4.8777E+20,5.2886E+21,8.83684E+15,4.77506E+16
121077,121078,8,2,21,0,2016,12,13,5,3,5,3,0,0,0,1,0,0,0,0,4.76247E+20,5.47286E+21,8.67256E+15,4.9408E+16
121078,121079,8,4,26,21,2016,11,17,4,2,6,4,2,0,0,1,1,0,0,0,5.58702E+20,5.32605E+21,9.78824E+15,4.8085E+16
121079,121080,8,1,19,86,2016,11,10,7,3,8,1,0,0,0,1,0,0,0,0,5.35305E+20,5.40526E+21,9.48076E+15,4.87993E+16
121080,121081,8,4,15,61,2016,11,11,2,2,5,3,0,0,1,1,0,0,0,0,5.1496E+20,5.37257E+21,9.20253E+15,4.85061E+16
121081,121082,8,3,11,0,2016,11,13,3,3,3,2,0,0,1,1,0,0,0,0,4.14285E+20,5.31942E+21,7.85043E+15,4.80224E+16
121082,121083,8,2,16,7,2016,11,14,4,3,6,3,0,0,1,0,1,0,0,0,4.36348E+20,5.39377E+21,8.13504E+15,4.86937E+16
121083,121084,8,3,11,0,2016,12,11,5,3,5,2,0,0,0,1,0,0,0,1,4.14544E+20,5.31718E+21,7.85436E+15,4.80022E+16
121084,121085,8,1,11,0,2016,11,16,4,3,6,4,1,0,0,1,1,0,0,0,5.11696E+20,5.40135E+21,9.15916E+15,4.8765E+16
121085,121086,8,3,26,3,2016,11,17,1,3,6,2,2,0,0,1,1,0,0,0,4.64877E+20,5.31862E+21,8.52897E+15,4.80199E+16
121086,121087,8,1,19,79,2016,12,6,5,3,5,2,2,0,0,1,0,0,0,0,5.21456E+20,5.40928E+21,9.29238E+15,4.88361E+16
121087,121088,8,3,35,22,2016,11,17,4,3,1,5,1,0,0,1,0,1,0,0,4.82834E+20,5.30009E+21,8.77052E+15,4.78539E+16
121088,121089,8,1,18,71,2016,11,0,7,3,0,7,2,0,0,1,0,0,0,0,5.11153E+20,5.41892E+21,9.15225E+15,4.89231E+16
121089,121090,8,3,35,43,2016,11,9,2,3,5,3,0,0,0,1,0,0,0,0,5.11464E+20,5.28124E+21,9.15275E+15,4.76844E+16
121090,121091,8,2,12,0,2016,11,17,4,3,2,6,2,1,0,1,0,1,0,0,4.56909E+20,5.42864E+21,8.41076E+15,4.90092E+16
121091,121092,8,2,15,109,2016,12,12,7,3,5,3,0,0,0,1,0,0,0,0,4.6144E+20,5.43496E+21,8.47211E+15,4.90663E+16
121092,121093,8,3,11,0,2016,11,0,1,3,5,3,2,0,0,1,0,0,0,0,4.14662E+20,5.31663E+21,7.85605E+15,4.79972E+16
121093,121094,8,3,11,0,2016,11,18,1,3,5,3,2,0,1,1,0,0,0,0,4.14575E+20,5.3185E+21,7.8545E+15,4.80141E+16
121094,121095,8,4,15,53,2016,12,16,6,3,6,4,2,1,0,1,1,0,0,0,5.37019E+20,5.36197E+21,9.50024E+15,4.84098E+16
121095,121096,8,1,15,50,2016,12,12,6,2,6,4,0,0,0,1,1,0,0,0,4.89001E+20,5.40176E+21,8.85031E+15,4.87687E+16
121096,121097,8,2,12,0,2016,11,7,3,3,5,3,0,0,1,1,0,0,0,0,4.55525E+20,5.42876E+21,8.39182E+15,4.90102E+16
121097,121098,8,3,11,0,2016,11,16,1,3,5,3,2,0,1,1,0,0,0,0,4.12921E+20,5.31628E+21,7.83278E+15,4.79939E+16
121098,121099,8,1,17,26,2016,12,13,5,3,5,7,0,0,0,1,0,1,0,0,5.48278E+20,5.39441E+21,9.65614E+15,4.87008E+16
121099,121100,8,2,12,0,2016,11,15,4,3,5,3,0,0,0,1,0,0,0,0,4.58647E+20,5.42876E+21,8.43451E+15,4.90104E+16
121100,121101,8,2,15,17,2016,12,9,6,3,5,2,0,1,1,1,0,0,0,0,4.55702E+20,5.42168E+21,8.39501E+15,4.89464E+16
121101,121102,8,1,11,0,2016,11,11,7,3,2,6,0,0,0,1,0,0,0,0,5.09007E+20,5.39679E+21,9.12247E+15,4.87241E+16
121102,121103,8,2,11,0,2016,11,15,3,3,6,7,0,0,0,1,1,0,0,0,4.44551E+20,5.40122E+21,8.24549E+15,4.87616E+16
121103,121104,8,3,17,1,2016,11,19,2,3,5,3,2,0,1,1,0,0,0,0,4.31955E+20,5.38712E+21,8.07645E+15,4.86334E+16
121104,121105,8,1,18,7,2016,12,17,7,2,5,3,2,0,1,1,0,0,0,0,5.10348E+20,5.4277E+21,9.14148E+15,4.90021E+16
121105,121106,8,2,12,0,2016,11,20,1,2,9,1,2,0,0,0,0,1,0,0,4.53233E+20,5.42585E+21,8.36081E+15,4.89838E+16
121106,121107,8,3,11,0,2016,12,8,6,3,3,3,0,0,0,1,0,0,0,0,4.13406E+20,5.31723E+21,7.83908E+15,4.80025E+16
121107,121108,8,1,26,60,2016,12,11,6,3,5,2,0,0,1,1,0,0,0,0,5.44727E+20,5.46047E+21,9.61516E+15,4.92953E+16
121108,121109,8,3,11,0,2016,11,13,3,3,6,4,0,0,0,1,1,0,0,0,4.11813E+20,5.31556E+21,7.81807E+15,4.79873E+16
121109,121110,8,1,15,45,2016,11,18,3,3,6,4,2,0,0,1,1,0,0,0,5.00328E+20,5.39505E+21,9.00445E+15,4.87085E+16
121110,121111,8,2,12,0,2016,11,16,2,2,5,3,2,0,1,1,0,0,0,0,4.58376E+20,5.43083E+21,8.43059E+15,4.9029E+16
121111,121112,8,3,35,79,2016,12,9,5,3,6,7,0,0,0,1,1,0,0,0,5.0105E+20,5.30008E+21,9.01403E+15,4.78541E+16
121112,121113,8,4,36,49,2016,11,13,3,3,1,6,0,0,0,1,0,0,0,0,5.77807E+20,5.28228E+21,1.00369E+16,4.76892E+16
121113,121114,8,2,22,0,2016,11,15,2,3,5,3,0,0,0,1,0,0,1,0,4.60734E+20,5.48889E+21,8.45714E+15,4.95513E+16
121114,121115,8,1,11,0,2016,12,6,6,3,0,7,2,1,1,0,0,0,0,1,5.15521E+20,5.40804E+21,9.21147E+15,4.88252E+16
121115,121116,8,4,36,64,2016,11,17,3,3,2,6,2,0,0,1,0,0,0,0,5.45298E+20,5.29155E+21,9.60463E+15,4.77757E+16
121116,121117,8,1,11,0,2016,12,13,7,3,6,7,0,0,0,1,1,0,0,0,5.16366E+20,5.40651E+21,9.22292E+15,4.88113E+16
121117,121118,8,2,31,0,2016,11,17,1,3,0,6,2,1,0,1,0,1,0,0,4.78659E+20,5.41624E+21,8.70882E+15,4.88987E+16
121118,121119,8,2,31,0,2016,12,13,6,3,5,3,0,1,0,1,0,1,0,0,4.75128E+20,5.41633E+21,8.66063E+15,4.88994E+16
121119,121120,8,1,11,0,2016,12,16,6,3,5,3,0,0,0,1,0,0,0,0,5.0819E+20,5.398E+21,9.11138E+15,4.8735E+16
121120,121121,8,1,17,18,2016,11,7,3,3,5,3,2,0,1,1,0,0,0,0,5.38865E+20,5.39511E+21,9.52828E+15,4.87078E+16
121121,121122,8,3,11,0,2016,11,0,3,3,5,1,2,0,0,0,0,1,0,0,4.14029E+20,5.31569E+21,7.84774E+15,4.79888E+16
121122,121123,8,1,27,14,2016,11,15,2,3,0,7,0,0,0,0,0,0,0,1,5.78131E+20,5.44317E+21,1.00711E+16,4.91363E+16
121123,121124,8,3,11,0,2016,12,13,5,3,7,2,0,0,0,1,1,0,0,0,4.11716E+20,5.32124E+21,7.81561E+15,4.80383E+16
121124,121125,8,4,35,59,2016,11,15,3,3,5,2,0,0,0,1,0,0,0,0,5.11587E+20,5.29149E+21,9.15467E+15,4.77767E+16
121125,121126,8,2,22,0,2016,11,17,1,3,1,4,2,0,0,1,1,0,0,0,4.61013E+20,5.48212E+21,8.46166E+15,4.94905E+16
121126,121127,8,2,15,39,2016,12,12,5,3,5,3,0,0,0,1,0,0,0,0,4.73211E+20,5.45136E+21,8.63215E+15,4.92145E+16
121127,121128,8,4,15,80,2016,11,18,4,3,1,5,2,0,1,1,0,0,0,0,5.10956E+20,5.37396E+21,9.14836E+15,4.85186E+16
121128,121129,8,1,11,0,2016,11,11,7,3,1,5,0,0,1,1,0,0,0,0,5.08668E+20,5.40781E+21,9.11809E+15,4.88232E+16
121129,121130,8,1,27,99,2016,11,4,1,3,8,1,2,1,0,1,0,0,0,0,5.6207E+20,5.44662E+21,9.85152E+15,4.91693E+16
121130,121131,8,2,22,0,2016,12,14,5,3,6,4,0,0,0,1,1,0,0,0,4.61688E+20,5.48172E+21,8.47102E+15,4.94869E+16
121131,121132,8,4,36,82,2016,11,8,4,3,4,2,0,0,1,1,0,0,0,0,5.47504E+20,5.29409E+21,9.63436E+15,4.77984E+16
121132,121133,8,4,17,2,2016,11,7,2,3,8,7,0,0,0,1,0,0,0,0,4.88478E+20,5.34578E+21,8.84474E+15,4.82651E+16
121133,121134,8,2,31,0,2016,11,18,3,2,6,4,2,0,0,1,1,0,0,0,4.79133E+20,5.41569E+21,8.71531E+15,4.88938E+16
121134,121135,8,2,12,0,2016,12,13,5,3,2,6,0,0,0,1,0,1,0,0,4.55735E+20,5.42833E+21,8.39474E+15,4.90063E+16
121135,121136,8,4,35,16,2016,11,7,3,3,5,3,0,0,0,1,0,0,0,0,5.37539E+20,5.27844E+21,9.49995E+15,4.76583E+16
121136,121137,8,1,19,20,2016,11,21,1,3,5,3,2,0,0,1,0,0,0,0,5.19766E+20,5.40803E+21,9.2693E+15,4.88249E+16
121137,121138,8,1,19,8,2016,12,15,5,3,8,1,0,0,0,1,0,0,0,0,5.29887E+20,5.422E+21,9.40821E+15,4.89502E+16
121138,121139,8,3,11,0,2016,11,20,4,3,6,4,2,0,0,1,1,0,0,0,4.15159E+20,5.31694E+21,7.86265E+15,4.80001E+16
121139,121140,8,1,11,0,2016,11,10,7,3,6,7,0,0,0,0,1,0,0,1,5.16509E+20,5.40746E+21,9.2249E+15,4.88199E+16
121140,121141,8,1,36,88,2016,11,12,3,3,5,3,0,0,0,1,0,0,0,0,5.81162E+20,5.41264E+21,1.01066E+16,4.88614E+16
121141,121142,8,3,27,49,2016,11,7,2,3,5,3,1,0,1,1,0,0,0,0,4.72921E+20,5.32494E+21,8.63644E+15,4.80772E+16
121142,121143,8,2,12,0,2016,11,13,4,3,1,5,0,0,0,1,0,0,0,0,4.58679E+20,5.42824E+21,8.435E+15,4.90057E+16
121143,121144,8,2,12,0,2016,12,10,7,3,3,2,0,0,1,1,0,0,0,0,4.55092E+20,5.42928E+21,8.38583E+15,4.90147E+16
121144,121145,8,1,11,0,2016,11,12,1,3,5,2,0,0,1,1,0,0,0,0,5.12476E+20,5.40154E+21,9.16978E+15,4.87667E+16
121145,121146,8,3,35,63,2016,11,13,2,3,0,7,0,0,1,0,0,0,0,0,4.98002E+20,5.28835E+21,8.97335E+15,4.77485E+16
121146,121147,8,2,31,0,2016,11,15,3,3,0,7,0,0,0,0,0,0,0,1,4.78382E+20,5.41527E+21,8.70509E+15,4.889E+16
121147,121148,8,1,35,20,2016,11,9,4,3,1,5,0,0,1,1,0,0,0,0,5.86665E+20,5.38601E+21,1.0176E+16,4.86212E+16
121148,121149,8,2,16,24,2016,12,11,7,3,6,7,0,0,0,1,1,0,0,0,4.47193E+20,5.40852E+21,8.2805E+15,4.88274E+16
121149,121150,8,4,21,0,2016,11,9,7,3,9,1,0,0,0,0,0,0,1,0,5.72758E+20,5.36039E+21,9.98285E+15,4.83925E+16
121150,121151,8,4,16,36,2016,12,9,6,3,0,2,0,2,1,0,0,0,0,0,4.94777E+20,5.36978E+21,8.92932E+15,4.84812E+16
121151,121152,8,1,15,45,2016,12,17,5,3,5,3,1,0,1,1,0,0,0,0,5.00215E+20,5.39541E+21,9.00292E+15,4.87117E+16
121152,121153,8,2,15,105,2016,11,6,4,2,6,4,2,0,0,0,1,0,0,1,4.5788E+20,5.44264E+21,8.42257E+15,4.91351E+16
121153,121154,8,2,12,0,2016,12,13,6,3,5,2,0,0,1,1,0,0,0,0,4.52599E+20,5.42655E+21,8.35207E+15,4.89901E+16
121154,121155,8,4,21,0,2016,11,14,6,3,6,4,0,0,0,1,1,0,0,0,5.71584E+20,5.36022E+21,9.96696E+15,4.83911E+16
121155,121156,8,1,28,64,2016,11,7,3,3,5,3,0,0,0,1,0,0,0,1,5.36988E+20,5.50156E+21,9.51256E+15,4.96655E+16
121156,121157,8,2,12,0,2016,11,8,2,3,2,2,0,0,0,1,0,0,0,0,4.56532E+20,5.43031E+21,8.40542E+15,4.90242E+16
121157,121158,8,1,27,14,2016,12,18,7,3,6,7,2,0,0,1,1,0,0,0,5.78076E+20,5.44318E+21,1.00704E+16,4.91365E+16
121158,121159,8,4,15,19,2016,11,11,7,3,0,1,0,0,0,0,0,1,0,0,5.18072E+20,5.37025E+21,9.24457E+15,4.84852E+16
121159,121160,8,2,12,0,2016,12,16,6,3,1,5,0,0,0,1,0,0,0,1,4.58408E+20,5.42851E+21,8.43126E+15,4.90081E+16
121160,121161,8,1,15,3,2016,12,6,6,2,6,4,2,1,0,1,1,0,0,0,5.0137E+20,5.39297E+21,9.01862E+15,4.86898E+16
121161,121162,8,3,35,43,2016,11,14,7,3,6,2,0,0,0,1,1,0,0,0,5.13279E+20,5.27839E+21,9.17685E+15,4.76588E+16
121162,121163,8,3,16,11,2016,12,13,6,3,2,6,0,0,0,1,0,0,0,0,4.1268E+20,5.33131E+21,7.82648E+15,4.81291E+16
121163,121164,8,1,36,43,2016,12,17,6,3,2,6,2,1,0,0,0,1,0,1,5.70251E+20,5.40829E+21,9.9571E+15,4.88236E+16
121164,121165,8,4,21,0,2016,11,17,6,3,0,6,2,0,1,0,1,0,0,0,5.72694E+20,5.36073E+21,9.98204E+15,4.83955E+16
121165,121166,8,1,19,85,2016,11,11,3,3,5,2,0,0,0,1,0,1,0,0,5.29386E+20,5.41374E+21,9.40076E+15,4.88759E+16
121166,121167,8,2,22,0,2016,11,1,2,3,5,3,2,0,0,1,0,0,0,0,4.66017E+20,5.47728E+21,8.53118E+15,4.94472E+16
121167,121168,8,4,36,49,2016,12,16,5,3,6,7,1,0,0,1,1,0,0,0,5.78116E+20,5.28288E+21,1.00411E+16,4.76946E+16
121168,121169,8,4,26,70,2016,11,11,3,3,5,3,0,0,0,1,0,0,0,1,5.6558E+20,5.3421E+21,9.88305E+15,4.82287E+16
121169,121170,8,4,36,81,2016,12,7,6,3,0,1,0,2,0,0,0,1,0,0,5.62559E+20,5.28155E+21,9.83357E+15,4.76843E+16
121170,121171,8,3,25,53,2016,11,2,7,3,6,7,2,0,0,1,1,0,0,0,4.5446E+20,5.34181E+21,8.38681E+15,4.82279E+16
121171,121172,8,2,22,0,2016,12,12,6,3,1,7,0,0,1,0,0,0,0,1,4.62011E+20,5.48094E+21,8.47555E+15,4.94799E+16
121172,121173,8,1,16,56,2016,11,11,3,3,6,4,0,0,0,1,1,0,0,0,5.30355E+20,5.3956E+21,9.41264E+15,4.87127E+16
121173,121174,8,2,26,84,2016,11,8,3,3,1,6,0,0,0,1,0,0,0,0,4.69121E+20,5.46992E+21,8.57456E+15,4.93812E+16
121174,121175,8,2,26,32,2016,11,10,3,3,5,3,0,0,1,0,0,0,0,1,4.67744E+20,5.46313E+21,8.55615E+15,4.932E+16
121175,121176,8,1,19,20,2016,11,13,3,3,6,6,0,0,1,0,1,0,0,0,5.19475E+20,5.40853E+21,9.26536E+15,4.88294E+16
121176,121177,8,1,36,65,2016,11,16,2,3,5,7,1,0,0,1,0,0,0,0,5.58402E+20,5.40569E+21,9.79532E+15,4.88015E+16
121177,121178,8,3,27,55,2016,12,12,5,1,0,7,0,0,0,0,0,0,1,0,4.78578E+20,5.3187E+21,8.71271E+15,4.80212E+16
121178,121179,8,3,17,96,2016,11,15,7,3,0,1,0,0,1,0,0,0,0,0,4.24844E+20,5.36799E+21,7.9834E+15,4.84605E+16
121179,121180,8,2,26,18,2016,12,19,5,3,5,3,2,0,1,1,0,0,0,0,4.72815E+20,5.47174E+21,8.62534E+15,4.93977E+16
121180,121181,8,4,37,104,2016,11,8,4,3,2,6,0,0,0,1,0,0,0,0,5.16348E+20,5.32613E+21,9.21953E+15,4.80883E+16
121181,121182,8,4,15,78,2016,11,0,2,3,2,6,2,0,0,1,0,0,0,0,5.28583E+20,5.37153E+21,9.38691E+15,4.84963E+16
121182,121183,8,2,26,32,2016,11,8,3,3,5,3,0,0,0,1,0,0,0,0,4.66615E+20,5.46373E+21,8.54056E+15,4.93254E+16
121183,121184,8,2,22,0,2016,12,21,5,3,2,6,2,0,0,1,0,0,0,0,4.62771E+20,5.48092E+21,8.48605E+15,4.94798E+16
121184,121185,8,3,17,57,2016,11,20,7,3,5,3,2,0,0,1,0,0,0,0,4.12145E+20,5.38093E+21,7.80894E+15,4.85753E+16
121185,121186,8,1,18,80,2016,12,13,5,3,2,6,0,0,0,1,0,0,0,0,5.09003E+20,5.4084E+21,9.12267E+15,4.88285E+16
121186,121187,8,2,15,9,2016,11,15,4,2,6,4,0,0,0,1,1,0,0,0,4.70378E+20,5.44206E+21,8.59395E+15,4.91306E+16
121187,121188,8,2,26,32,2016,12,14,6,2,5,2,0,1,0,1,0,1,0,0,4.66962E+20,5.46321E+21,8.54539E+15,4.93207E+16
121188,121189,8,4,25,71,2016,11,16,6,3,0,1,1,1,1,0,0,0,0,0,5.51774E+20,5.37115E+21,9.70075E+15,4.84913E+16
121189,121190,8,3,11,0,2016,12,12,5,3,5,3,0,0,0,1,0,0,0,1,4.11716E+20,5.32124E+21,7.81562E+15,4.80383E+16
121190,121191,8,4,21,0,2016,11,21,3,3,6,4,2,0,0,1,1,0,0,0,5.70957E+20,5.36265E+21,9.95891E+15,4.8413E+16
121191,121192,8,3,16,11,2016,11,13,7,3,5,3,0,0,0,1,0,0,0,0,4.14636E+20,5.32944E+21,7.85314E+15,4.81125E+16
121192,121193,8,1,21,0,2016,12,7,5,3,5,3,1,0,1,1,0,0,0,0,5.15075E+20,5.44104E+21,9.20661E+15,4.9122E+16
121193,121194,8,3,37,51,2016,11,7,4,2,6,4,1,0,0,1,1,0,0,0,4.37607E+20,5.2871E+21,8.16784E+15,4.77343E+16
121194,121195,8,4,16,41,2016,11,7,6,3,6,4,1,0,0,0,1,1,0,0,5.04062E+20,5.3726E+21,9.05499E+15,4.85065E+16
121195,121196,8,3,35,43,2016,11,9,2,3,3,6,0,0,0,1,0,0,1,0,5.13106E+20,5.27925E+21,9.17458E+15,4.76665E+16
121196,121197,8,1,21,0,2016,11,7,4,3,6,2,0,0,0,1,1,0,0,0,5.14178E+20,5.44482E+21,9.19445E+15,4.91561E+16
121197,121198,8,2,15,9,2016,12,19,7,3,1,5,2,0,0,1,0,0,0,0,4.69719E+20,5.44213E+21,8.58491E+15,4.91313E+16
121198,121199,8,3,15,15,2016,11,16,7,3,0,6,0,0,1,0,0,0,0,1,3.9505E+20,5.32006E+21,7.59238E+15,4.80252E+16
121199,121200,8,4,15,92,2016,12,17,6,3,6,7,2,0,0,1,1,0,0,0,5.1922E+20,5.36432E+21,9.25983E+15,4.84317E+16
121200,121201,8,2,12,0,2016,12,19,6,3,3,6,2,0,1,1,0,0,0,0,4.56795E+20,5.42878E+21,8.40917E+15,4.90104E+16
121201,121202,8,4,15,50,2016,11,16,6,3,6,4,0,0,0,1,1,0,0,0,5.21009E+20,5.37615E+21,9.28461E+15,4.85381E+16
121202,121203,8,1,19,20,2016,11,17,3,3,5,7,2,0,1,1,0,0,0,0,5.2E+20,5.40734E+21,9.27246E+15,4.88187E+16
121203,121204,8,2,26,32,2016,11,11,2,3,4,2,0,0,1,1,0,0,0,0,4.68075E+20,5.46247E+21,8.56075E+15,4.93141E+16
121204,121205,8,1,19,20,2016,11,10,3,3,6,5,0,0,1,1,1,0,0,0,5.20116E+20,5.40693E+21,9.27401E+15,4.88151E+16
121205,121206,8,3,17,73,2016,11,6,2,3,5,2,2,0,1,1,0,0,0,0,4.10467E+20,5.34772E+21,7.79329E+15,4.82763E+16
121206,121207,8,2,16,15,2016,12,16,7,2,0,7,1,0,0,0,0,0,0,1,4.49642E+20,5.40518E+21,8.31428E+15,4.87976E+16
121207,121208,8,3,11,0,2016,11,2,7,2,6,4,2,0,0,1,1,0,0,0,4.13805E+20,5.31697E+21,7.84449E+15,4.80002E+16
121208,121209,8,3,36,50,2016,12,9,6,3,6,4,0,0,0,1,1,0,0,0,3.99444E+20,5.27371E+21,7.66205E+15,4.7609E+16
121209,121210,8,1,27,76,2016,12,13,6,2,6,4,0,0,0,0,1,0,0,1,5.52333E+20,5.43951E+21,9.71703E+15,4.91062E+16
121210,121211,8,2,22,0,2016,11,17,3,3,5,7,2,0,0,1,0,1,0,0,4.60289E+20,5.48873E+21,8.451E+15,4.95499E+16
121211,121212,8,1,18,46,2016,11,14,3,3,0,6,0,0,0,1,0,0,0,1,5.13185E+20,5.41354E+21,9.17981E+15,4.88747E+16
121212,121213,8,2,15,109,2016,11,13,2,3,2,6,0,0,0,1,0,0,0,0,4.60604E+20,5.4327E+21,8.46089E+15,4.90459E+16
121213,121214,8,4,26,35,2016,12,13,5,1,5,3,0,0,0,1,0,0,0,0,5.39818E+20,5.32954E+21,9.535E+15,4.81179E+16
121214,121215,8,4,21,0,2016,11,5,3,3,1,6,2,0,0,1,0,0,0,0,5.72286E+20,5.36083E+21,9.97655E+15,4.83965E+16
121215,121216,8,4,17,44,2016,12,11,6,3,5,3,0,0,0,1,0,0,0,0,4.96766E+20,5.33602E+21,8.95649E+15,4.81774E+16
121216,121217,8,2,31,0,2016,11,15,7,3,5,3,0,1,0,1,0,0,0,0,4.75989E+20,5.41679E+21,8.67235E+15,4.89036E+16
121217,121218,8,2,22,0,2016,12,18,5,3,6,4,2,0,0,1,1,0,0,0,4.63491E+20,5.48306E+21,8.49579E+15,4.94991E+16
121218,121219,8,4,36,64,2016,11,19,4,3,0,1,2,0,1,0,0,0,0,0,5.44836E+20,5.29189E+21,9.59851E+15,4.77788E+16
121219,121220,8,4,21,0,2016,11,13,3,3,4,6,0,0,0,1,0,0,1,0,5.73308E+20,5.36092E+21,9.99038E+15,4.83972E+16
121220,121221,8,1,18,46,2016,12,11,7,3,5,3,0,1,1,1,0,0,0,0,5.13577E+20,5.41149E+21,9.18509E+15,4.88563E+16
121221,121222,8,2,26,96,2016,11,16,7,3,5,3,0,0,0,1,0,0,0,0,4.75192E+20,5.48839E+21,8.65705E+15,4.95476E+16
121222,121223,8,2,35,80,2016,12,6,6,3,9,1,2,2,0,1,0,0,0,0,4.78624E+20,5.38908E+21,8.70975E+15,4.86544E+16
121223,121224,8,1,15,3,2016,12,7,6,3,5,2,2,1,1,1,0,0,0,0,5.01117E+20,5.3921E+21,9.01518E+15,4.86819E+16
121224,121225,8,2,22,0,2016,11,17,3,3,3,7,2,0,0,1,0,1,0,0,4.60304E+20,5.48874E+21,8.4512E+15,4.955E+16
121225,121226,8,1,28,20,2016,11,6,2,3,8,1,1,2,0,1,0,0,0,0,5.73755E+20,5.47724E+21,1.00175E+16,4.94434E+16
121226,121227,8,3,17,41,2016,12,14,5,3,6,2,0,0,0,1,1,0,0,0,4.38874E+20,5.34838E+21,8.17601E+15,4.82857E+16
121227,121228,8,4,16,36,2016,11,12,3,3,6,3,0,0,0,1,1,0,0,0,4.95301E+20,5.36964E+21,8.93642E+15,4.84798E+16
121228,121229,8,2,21,0,2016,12,18,5,3,6,4,2,0,0,1,1,0,0,0,4.78554E+20,5.46855E+21,8.70459E+15,4.93693E+16
121229,121230,8,4,21,0,2016,11,13,4,3,5,3,0,0,0,1,0,0,0,0,5.6979E+20,5.35745E+21,9.94227E+15,4.83663E+16
121230,121231,8,3,27,50,2016,11,11,6,3,5,3,0,0,1,1,0,0,0,0,4.87821E+20,5.31333E+21,8.83681E+15,4.79732E+16
121231,121232,8,4,15,53,2016,11,7,2,3,5,2,0,0,1,1,0,0,0,0,5.37672E+20,5.36211E+21,9.50907E+15,4.8411E+16
121232,121233,8,3,11,0,2016,12,10,5,3,5,3,0,0,1,1,0,0,0,0,4.10851E+20,5.31588E+21,7.80512E+15,4.799E+16
121233,121234,8,1,15,45,2016,12,0,3,3,2,7,2,0,0,1,0,0,0,1,4.97558E+20,5.39646E+21,8.9668E+15,4.87211E+16
121234,121235,8,2,16,7,2016,12,13,3,3,1,5,0,0,1,1,0,0,0,0,4.366E+20,5.39348E+21,8.13851E+15,4.86911E+16
121235,121236,8,3,16,20,2016,12,9,4,3,0,1,0,2,1,0,0,0,0,0,4.09036E+20,5.33828E+21,7.77603E+15,4.81913E+16
121236,121237,8,3,36,50,2016,12,16,3,3,4,6,1,0,0,1,0,0,0,1,3.9928E+20,5.27367E+21,7.65988E+15,4.76086E+16
121237,121238,8,1,16,20,2016,12,10,2,2,6,4,0,0,0,1,1,0,0,0,5.26569E+20,5.3823E+21,9.36032E+15,4.85932E+16
121238,121239,8,2,11,0,2016,12,12,4,3,6,3,0,0,0,1,1,0,0,0,4.44032E+20,5.40106E+21,8.23846E+15,4.876E+16
121239,121240,8,3,17,96,2016,12,15,7,3,0,7,0,0,1,0,0,0,0,0,4.2183E+20,5.36885E+21,7.94248E+15,4.84679E+16
121240,121241,8,1,15,3,2016,12,18,3,3,6,4,2,0,0,1,1,0,0,0,5.00398E+20,5.39061E+21,9.00541E+15,4.86686E+16
121241,121242,8,1,16,33,2016,12,17,4,3,5,3,2,0,0,1,0,0,0,0,5.31391E+20,5.38827E+21,9.42617E+15,4.86467E+16
121242,121243,8,3,17,113,2016,12,11,6,3,5,3,0,0,0,0,0,1,0,1,4.09332E+20,5.34444E+21,7.7787E+15,4.82467E+16
121243,121244,8,1,16,33,2016,12,20,2,2,6,7,2,0,0,1,1,0,0,0,5.33275E+20,5.38795E+21,9.45173E+15,4.86438E+16
121244,121245,8,1,15,45,2016,12,15,2,3,5,3,0,0,0,1,0,0,0,0,5.01373E+20,5.39464E+21,9.01866E+15,4.87048E+16
121245,121246,8,1,21,0,2016,12,7,6,3,5,3,0,0,1,1,0,0,0,0,5.12747E+20,5.44485E+21,9.17482E+15,4.91564E+16
121246,121247,8,1,15,44,2016,12,15,2,3,4,6,0,0,0,1,0,1,0,0,5.04815E+20,5.38916E+21,9.06538E+15,4.86555E+16
121247,121248,8,1,18,71,2016,12,13,4,3,8,3,0,0,0,1,0,0,0,0,5.0881E+20,5.41865E+21,9.12026E+15,4.89208E+16
121248,121249,8,2,26,3,2016,12,17,5,2,4,2,2,1,0,1,0,0,0,1,4.65879E+20,5.45988E+21,8.53077E+15,4.92907E+16
121249,121250,8,3,17,141,2016,12,15,7,3,1,5,0,0,0,1,0,0,0,1,4.20225E+20,5.38075E+21,7.91849E+15,4.85747E+16