FID,OBJECTID,ULAND,UREGBEZ,UKREIS,UGEMEINDE,UJAHR,UMONAT,USTUNDE,UWOCHENTAG,UKATEGORIE,UART,UTYP1,ULICHTVERH,IstStrasse,IstRad,IstPKW,IstFuss,IstKrad,IstGkfz,IstSonstig,LINREFX,LINREFY,XGCSWGS84,YGCSWGS84
121250,121251,8,4,36,5,2016,12,7,3,3,0,1,1,2,0,0,0,1,0,0,5.40209E+20,5.30915E+21,9.53834E+15,4.79344E+16
121251,121252,8,1,15,3,2016,12,23,3,3,5,3,2,2,0,1,0,1,0,0,5.00543E+20,5.39237E+21,9.00738E+15,4.86844E+16
121252,121253,8,2,22,0,2016,12,14,7,3,5,5,0,0,0,1,0,1,0,0,4.59244E+20,5.48832E+21,8.4366E+15,4.95461E+16
121253,121254,8,3,15,64,2016,12,21,6,3,4,2,2,0,1,1,0,0,0,0,4.21693E+20,5.31275E+21,7.95099E+15,4.79633E+16
121254,121255,8,1,11,0,2016,12,8,2,3,5,3,0,0,1,0,0,0,0,1,5.12987E+20,5.40266E+21,9.17676E+15,4.87768E+16
121255,121256,8,1,11,0,2016,12,15,6,2,5,3,0,0,0,0,0,1,0,1,5.12229E+20,5.40239E+21,9.16644E+15,4.87744E+16
121256,121257,8,1,18,49,2016,12,13,5,3,0,1,0,0,1,0,0,0,0,0,5.18896E+20,5.42089E+21,9.25804E+15,4.89407E+16
121257,121258,8,2,12,0,2016,12,7,3,3,2,6,1,0,1,1,0,0,0,0,4.55113E+20,5.42849E+21,8.38622E+15,4.90077E+16
121258,121259,8,4,35,57,2016,12,17,3,3,4,1,2,0,0,1,0,0,0,0,5.44162E+20,5.28125E+21,9.58843E+15,4.76831E+16
121259,121260,8,1,11,0,2016,12,14,3,3,6,6,0,0,1,1,1,0,0,0,5.08474E+20,5.40717E+21,9.11544E+15,4.88175E+16
121260,121261,8,2,11,0,2016,12,17,5,3,5,2,2,0,0,1,0,0,0,0,4.42041E+20,5.40308E+21,8.21109E+15,4.8778E+16
121261,121262,8,4,21,0,2016,12,15,3,3,5,7,0,1,0,1,0,0,0,0,5.7145E+20,5.36008E+21,9.96513E+15,4.83898E+16
121262,121263,8,1,17,10,2016,12,23,4,3,6,7,2,0,0,1,1,0,0,0,5.67144E+20,5.39058E+21,9.91188E+15,4.86646E+16
121263,121264,8,1,11,0,2016,12,7,3,3,5,2,1,0,0,1,0,1,0,0,5.19663E+20,5.40119E+21,9.26756E+15,4.87634E+16
121264,121265,8,1,11,0,2016,12,13,5,3,5,2,0,0,0,1,0,0,0,1,5.11449E+20,5.40247E+21,9.15584E+15,4.87751E+16
121265,121266,8,1,36,50,2016,12,23,7,3,1,5,2,1,0,1,0,0,0,0,5.8108E+20,5.40521E+21,1.0104E+16,4.87946E+16
121266,121267,8,3,11,0,2016,12,20,3,3,5,3,2,1,1,1,0,0,0,0,4.14133E+20,5.31969E+21,7.84834E+15,4.80247E+16
121267,121268,8,2,26,62,2016,12,18,6,2,8,1,2,0,0,1,0,0,0,0,4.6923E+20,5.46924E+21,8.57613E+15,4.93751E+16
121268,121269,8,1,11,0,2016,12,19,2,3,2,6,2,0,0,1,0,0,0,0,5.11765E+20,5.40253E+21,9.16014E+15,4.87757E+16
121269,121270,8,3,27,50,2016,12,7,5,3,0,1,2,2,1,0,0,0,0,0,4.87478E+20,5.3145E+21,8.83219E+15,4.79837E+16
121270,121271,8,1,11,0,2016,12,11,3,3,2,6,0,0,0,1,0,0,0,0,5.1618E+20,5.4054E+21,9.22034E+15,4.88014E+16
121271,121272,8,1,15,45,2016,12,9,3,2,2,6,0,0,1,1,0,0,0,0,4.99005E+20,5.39558E+21,8.98648E+15,4.87133E+16
121272,121273,8,4,37,104,2016,12,13,2,2,6,4,0,0,0,1,1,0,0,0,5.17165E+20,5.32619E+21,9.2305E+15,4.80887E+16
121273,121274,8,3,17,145,2016,12,19,4,2,9,1,2,2,0,0,0,1,0,0,4.41905E+20,5.3491E+21,8.21676E+15,4.82925E+16
121274,121275,8,4,21,0,2016,12,12,6,3,5,3,0,0,0,1,0,1,0,0,5.72393E+20,5.36007E+21,9.97786E+15,4.83896E+16
121275,121276,8,3,11,0,2016,12,10,3,3,5,3,0,0,1,1,0,0,0,0,4.14899E+20,5.31678E+21,7.85919E+15,4.79986E+16
121276,121277,8,1,11,0,2016,12,15,2,3,2,6,0,0,0,1,0,0,0,0,5.10529E+20,5.40195E+21,9.14329E+15,4.87705E+16
121277,121278,8,2,21,0,2016,12,18,4,3,5,3,2,0,1,1,0,0,0,0,4.74985E+20,5.47357E+21,8.65513E+15,4.94143E+16
121278,121279,8,3,37,60,2016,12,13,4,3,5,3,0,0,0,1,0,0,0,0,4.68284E+20,5.27735E+21,8.57769E+15,4.76487E+16
121279,121280,8,1,17,26,2016,12,14,7,3,9,1,0,0,0,0,0,1,0,0,5.47841E+20,5.39557E+21,9.65033E+15,4.87113E+16
121280,121281,8,3,11,0,2016,12,18,3,3,6,4,2,0,1,0,1,0,0,0,4.1181E+20,5.31528E+21,7.8181E+15,4.79847E+16
121281,121282,8,1,11,0,2016,12,7,2,3,6,7,2,2,0,1,0,0,0,1,5.10128E+20,5.40238E+21,9.13785E+15,4.87743E+16
121282,121283,8,2,12,0,2016,12,8,4,3,5,3,0,0,1,0,0,0,0,1,4.5612E+20,5.42806E+21,8.40002E+15,4.90039E+16
121283,121284,8,2,31,0,2016,12,13,7,2,0,7,0,0,1,1,0,0,0,0,4.77854E+20,5.41508E+21,8.69789E+15,4.88883E+16
121284,121285,8,4,15,61,2016,12,11,2,2,5,2,0,1,1,1,0,0,0,0,5.16037E+20,5.37015E+21,9.21703E+15,4.84843E+16
121285,121286,8,1,36,65,2016,12,11,3,3,5,3,0,0,0,1,0,0,0,0,5.5852E+20,5.40485E+21,9.79681E+15,4.87939E+16
121286,121287,8,3,11,0,2016,12,18,4,3,3,1,2,0,1,0,0,1,0,0,4.11576E+20,5.31712E+21,7.81458E+15,4.80012E+16
121287,121288,8,3,11,0,2016,12,14,3,2,0,1,0,2,1,0,0,0,0,0,4.15955E+20,5.31537E+21,7.87363E+15,4.79861E+16
121288,121289,8,1,18,46,2016,12,5,2,3,5,3,2,0,0,1,0,0,0,1,5.11645E+20,5.41123E+21,9.15874E+15,4.8854E+16
121289,121290,8,1,26,46,2016,12,5,4,3,0,1,2,2,0,0,0,1,0,0,5.49859E+20,5.45653E+21,9.68523E+15,4.92595E+16
121290,121291,8,3,11,0,2016,12,8,5,3,5,2,0,0,1,1,0,0,0,0,4.14163E+20,5.31549E+21,7.84959E+15,4.79869E+16
121291,121292,8,3,17,57,2016,12,14,7,3,2,6,0,0,0,1,0,0,0,0,4.12329E+20,5.38114E+21,7.81139E+15,4.85772E+16
121292,121293,8,4,16,41,2016,12,7,3,3,5,3,0,1,0,1,0,0,0,0,5.02211E+20,5.3761E+21,9.02996E+15,4.8538E+16
121293,121294,8,3,37,39,2016,12,9,2,3,5,3,0,2,0,1,0,0,0,0,4.4442E+20,5.29098E+21,8.25821E+15,4.77698E+16
121294,121295,8,1,16,56,2016,12,17,4,3,5,3,2,1,0,1,0,1,0,0,5.29985E+20,5.39577E+21,9.40763E+15,4.87142E+16
121295,121296,8,3,17,96,2016,12,18,7,3,2,6,2,0,1,1,0,0,0,0,4.20633E+20,5.36766E+21,7.92651E+15,4.84571E+16
121296,121297,8,3,36,8,2016,12,8,2,2,4,6,0,1,0,1,0,0,0,0,3.9551E+20,5.27695E+21,7.60894E+15,4.76375E+16
121297,121298,8,1,36,88,2016,12,19,3,3,5,2,2,0,0,1,0,0,0,0,5.79462E+20,5.40941E+21,1.00828E+16,4.88325E+16
121298,121299,8,1,15,45,2016,12,14,4,3,6,7,0,0,1,0,1,0,0,0,4.99885E+20,5.39493E+21,8.99844E+15,4.87074E+16
121299,121300,8,3,26,74,2016,12,19,6,3,6,4,2,0,0,1,1,0,0,0,4.60118E+20,5.32286E+21,8.46476E+15,4.80578E+16
121300,121301,8,1,11,0,2016,12,8,2,3,5,3,0,0,0,1,0,1,0,0,5.1545E+20,5.40616E+21,9.21042E+15,4.88083E+16
121301,121302,8,3,17,57,2016,12,17,6,3,6,4,2,0,0,1,1,0,0,0,4.12646E+20,5.38054E+21,7.81581E+15,4.85718E+16
121302,121303,8,1,15,45,2016,12,14,4,3,4,6,0,0,1,1,0,0,0,0,5.00139E+20,5.39517E+21,9.00189E+15,4.87096E+16
121303,121304,8,2,21,0,2016,12,16,5,3,5,3,1,1,1,1,0,0,0,0,4.7715E+20,5.47217E+21,8.68505E+15,4.94018E+16
121304,121305,8,3,17,65,2016,12,21,7,3,8,1,2,0,0,1,0,0,0,0,4.13642E+20,5.35554E+21,7.83447E+15,4.83471E+16
121305,121306,8,4,16,41,2016,12,18,3,3,4,2,2,0,0,1,0,0,0,0,5.04404E+20,5.37293E+21,9.05963E+15,4.85094E+16
121306,121307,8,1,16,71,2016,12,7,4,3,5,3,1,0,1,1,0,0,0,0,5.28045E+20,5.39091E+21,9.38093E+15,4.86706E+16
121307,121308,8,3,36,89,2016,12,12,2,3,9,7,0,0,0,1,0,0,0,0,4.18326E+20,5.2929E+21,7.90965E+15,4.77842E+16
121308,121309,8,2,15,17,2016,12,21,7,3,1,1,2,0,0,1,0,0,1,0,4.54757E+20,5.4209E+21,8.38219E+15,4.89393E+16
121309,121310,8,2,12,0,2016,12,13,6,3,5,3,0,0,1,1,0,0,0,0,4.5493E+20,5.42929E+21,8.38362E+15,4.90148E+16
121310,121311,8,1,11,0,2016,12,8,2,3,6,4,0,0,0,1,1,0,0,0,5.14403E+20,5.4041E+21,9.19609E+15,4.87897E+16
121311,121312,8,3,15,4,2016,12,14,6,3,4,6,0,0,1,1,0,0,0,0,3.95102E+20,5.29337E+21,7.59957E+15,4.77852E+16
121312,121313,8,4,37,31,2016,12,20,1,3,8,7,2,0,0,1,0,0,0,0,5.17716E+20,5.34533E+21,9.2387E+15,4.82609E+16
121313,121314,8,4,37,76,2016,12,14,1,3,8,1,0,0,0,1,0,0,0,0,5.23863E+20,5.32186E+21,9.32021E+15,4.80495E+16
121314,121315,8,1,18,48,2016,12,11,6,3,2,6,0,1,0,1,0,0,0,0,5.11349E+20,5.41866E+21,9.15492E+15,4.89208E+16
121315,121316,8,1,35,19,2016,12,20,5,3,5,3,2,1,0,1,0,0,0,0,5.83878E+20,5.39372E+21,1.01398E+16,4.86909E+16
121316,121317,8,4,16,25,2016,12,8,3,2,6,3,0,1,0,1,1,0,0,0,5.04295E+20,5.36139E+21,9.05803E+15,4.84056E+16
121317,121318,8,3,35,75,2016,12,13,2,3,5,3,0,0,1,1,0,0,0,0,4.89001E+20,5.28933E+21,8.85324E+15,4.77573E+16
121318,121319,8,4,26,45,2016,12,6,4,2,5,1,2,2,0,1,0,0,1,0,5.3442E+20,5.32724E+21,9.4623E+15,4.80975E+16
121319,121320,8,1,17,18,2016,12,11,7,2,6,3,0,0,0,1,1,0,0,0,5.38491E+20,5.39579E+21,9.52326E+15,4.87139E+16
121320,121321,8,2,12,0,2016,12,15,3,3,3,2,0,0,1,1,0,0,0,0,4.58783E+20,5.42724E+21,8.43652E+15,4.89967E+16
121321,121322,8,2,21,0,2016,12,4,6,3,0,7,2,0,1,0,0,0,0,0,4.79006E+20,5.47329E+21,8.71058E+15,4.94119E+16
121322,121323,8,4,36,10,2016,12,18,1,3,5,3,2,1,0,1,0,0,0,0,5.66738E+20,5.30636E+21,9.89307E+15,4.79071E+16
121323,121324,8,3,17,146,2016,12,14,5,3,5,3,0,0,0,1,0,0,0,0,4.30611E+20,5.35568E+21,8.06344E+15,4.83505E+16
121324,121325,8,3,35,75,2016,12,17,2,3,2,6,2,1,0,1,0,0,0,0,4.88049E+20,5.28867E+21,8.84055E+15,4.77512E+16
121325,121326,8,1,35,16,2016,12,9,3,3,5,3,0,1,0,1,0,0,0,0,5.91064E+20,5.38688E+21,1.02359E+16,4.86283E+16
121326,121327,8,4,36,8,2016,12,19,5,3,6,2,2,1,0,1,1,0,0,0,5.47566E+20,5.31082E+21,9.63703E+15,4.79489E+16
121327,121328,8,1,18,48,2016,12,14,5,3,0,1,0,0,0,0,1,0,0,1,5.11878E+20,5.41749E+21,9.16211E+15,4.89102E+16
121328,121329,8,1,35,19,2016,12,15,3,2,6,7,0,0,0,1,1,0,0,0,5.90572E+20,5.40041E+21,1.02322E+16,4.87502E+16
121329,121330,8,4,15,59,2016,12,13,3,3,2,6,0,0,0,1,0,0,0,0,5.16336E+20,5.36848E+21,9.22101E+15,4.84692E+16
121330,121331,8,3,27,49,2016,12,10,2,3,8,1,0,2,0,1,0,0,0,0,4.72257E+20,5.32381E+21,8.62761E+15,4.8067E+16
121331,121332,8,3,27,50,2016,12,16,4,3,1,6,0,0,0,1,0,0,0,0,4.8653E+20,5.31443E+21,8.81949E+15,4.7983E+16
121332,121333,8,4,36,64,2016,12,13,6,3,6,4,0,0,0,1,1,0,0,0,5.45926E+20,5.29249E+21,9.61311E+15,4.77841E+16
121333,121334,8,2,31,0,2016,12,8,3,3,3,6,0,0,0,1,0,0,0,1,4.77396E+20,5.41563E+21,8.69162E+15,4.88932E+16
121334,121335,8,4,16,48,2016,12,2,1,3,6,7,2,1,0,0,1,1,0,0,4.93988E+20,5.37692E+21,8.91854E+15,4.85454E+16
121335,121336,8,2,26,38,2016,12,14,4,3,5,3,0,0,0,1,0,1,0,0,4.7147E+20,5.47957E+21,8.60624E+15,4.94681E+16
121336,121337,8,3,11,0,2016,12,8,7,3,0,7,0,1,1,0,0,0,0,0,4.15942E+20,5.31532E+21,7.87345E+15,4.79857E+16
121337,121338,8,3,26,17,2016,12,18,2,3,6,6,2,1,0,1,1,0,0,0,4.40801E+20,5.32233E+21,8.2056E+15,4.80515E+16
121338,121339,8,1,28,138,2016,12,4,3,3,8,1,2,2,0,0,0,0,1,0,5.38862E+20,5.48467E+21,9.53686E+15,4.95134E+16
121339,121340,8,1,11,0,2016,12,9,4,2,5,3,0,0,0,1,0,1,0,0,5.11969E+20,5.40098E+21,9.16287E+15,4.87617E+16
121340,121341,8,3,17,141,2016,12,12,4,3,5,3,0,0,0,1,0,0,0,0,4.20183E+20,5.37639E+21,7.91875E+15,4.85355E+16
121341,121342,8,4,15,61,2016,12,17,6,2,6,4,2,0,1,0,1,0,0,0,5.16334E+20,5.37302E+21,9.22115E+15,4.85101E+16
121342,121343,8,2,31,0,2016,12,16,3,3,6,4,1,0,0,1,1,0,0,0,4.78596E+20,5.41613E+21,8.70796E+15,4.88978E+16
121343,121344,8,4,15,59,2016,12,19,1,3,1,1,2,0,0,1,0,1,0,0,5.16673E+20,5.36824E+21,9.22556E+15,4.84671E+16
121344,121345,8,2,12,0,2016,12,20,4,3,5,3,2,0,0,1,0,0,0,0,4.52977E+20,5.42822E+21,8.35703E+15,4.90051E+16
121345,121346,8,3,11,0,2016,12,17,7,2,1,5,2,0,1,0,0,1,0,0,4.13644E+20,5.31574E+21,7.84258E+15,4.79892E+16
121346,121347,8,3,36,50,2016,12,13,2,3,1,5,0,0,0,1,1,0,1,0,3.99952E+20,5.27499E+21,7.66851E+15,4.76206E+16
121347,121348,8,1,11,0,2016,12,0,4,3,5,3,2,0,1,1,0,0,0,0,5.16137E+20,5.40296E+21,9.21966E+15,4.87795E+16
121348,121349,8,3,25,57,2016,12,18,6,3,6,6,2,1,0,1,1,0,0,0,4.72535E+20,5.35666E+21,8.62922E+15,4.83625E+16
121349,121350,8,3,17,96,2016,12,16,1,3,0,7,1,0,1,0,0,0,0,0,4.22293E+20,5.36397E+21,7.94965E+15,4.84241E+16
121350,121351,8,3,11,0,2016,12,17,1,3,0,7,1,0,1,1,0,0,0,0,4.17469E+20,5.31501E+21,7.89398E+15,4.7983E+16
121351,121352,8,1,28,7,2016,12,20,6,3,5,3,2,1,0,1,0,0,0,0,5.56688E+20,5.48172E+21,9.78268E+15,4.94855E+16
121352,121353,8,2,16,43,2016,12,13,5,2,5,2,0,0,1,1,0,0,0,0,4.41222E+20,5.41248E+21,8.19859E+15,4.88625E+16
121353,121354,8,4,15,50,2016,12,15,3,3,0,1,0,2,1,0,0,0,0,0,5.2094E+20,5.37545E+21,9.28364E+15,4.85318E+16
121354,121355,8,3,11,0,2016,12,8,1,3,0,1,0,0,1,0,0,0,0,0,4.04437E+20,5.31703E+21,7.71892E+15,4.79994E+16
121355,121356,8,1,18,73,2016,12,6,4,3,2,6,2,0,0,1,0,0,0,0,4.97395E+20,5.42081E+21,8.96442E+15,4.89402E+16
121356,121357,8,2,22,0,2016,12,14,5,3,1,7,0,0,0,1,0,0,0,0,4.61834E+20,5.47753E+21,8.47344E+15,4.94492E+16
121357,121358,8,2,31,0,2016,12,2,7,3,6,4,2,1,0,1,1,0,0,0,4.78343E+20,5.41544E+21,8.70455E+15,4.88915E+16
121358,121359,8,3,37,128,2016,12,23,3,3,8,1,2,1,0,1,0,0,0,0,4.51186E+20,5.28234E+21,8.34947E+15,4.76926E+16
121359,121360,8,3,15,47,2016,12,7,2,2,6,4,2,0,0,1,1,0,0,0,4.15146E+20,5.32161E+21,7.86154E+15,4.80421E+16
121360,121361,8,3,11,0,2016,12,15,6,3,1,6,0,0,1,1,0,0,0,0,4.09683E+20,5.31657E+21,7.78933E+15,4.7996E+16
121361,121362,8,2,26,68,2016,12,13,1,3,5,3,0,0,1,1,0,0,0,0,4.68461E+20,5.46048E+21,8.56622E+15,4.92963E+16
121362,121363,8,1,17,15,2016,12,10,6,3,6,7,0,0,0,1,1,0,0,0,5.5961E+20,5.39294E+21,9.80992E+15,4.86867E+16
121363,121364,8,1,25,65,2016,12,17,5,3,5,3,2,0,1,1,0,0,0,0,5.16463E+20,5.44901E+21,9.22595E+15,4.91936E+16
121364,121365,8,1,28,58,2016,12,5,3,3,9,1,2,2,0,1,0,0,0,0,5.61829E+20,5.48684E+21,9.85445E+15,4.95311E+16
121365,121366,8,3,37,96,2016,12,11,3,3,5,3,0,0,0,1,0,0,0,1,4.19656E+20,5.26685E+21,7.93218E+15,4.75501E+16
121366,121367,8,3,15,59,2016,12,13,2,3,5,3,0,0,0,0,0,0,1,1,4.00012E+20,5.32183E+21,7.6585E+15,4.8042E+16
121367,121368,8,4,15,61,2016,12,13,4,3,2,6,0,1,0,1,0,0,0,0,5.11924E+20,5.37104E+21,9.1614E+15,4.84924E+16
121368,121369,8,1,17,26,2016,12,17,7,3,1,6,1,0,0,1,0,0,0,0,5.50351E+20,5.393E+21,9.68414E+15,4.8688E+16
121369,121370,8,2,31,0,2016,12,17,3,3,5,3,2,0,0,1,0,0,0,0,4.77956E+20,5.41577E+21,8.69925E+15,4.88945E+16
121370,121371,8,2,12,0,2016,12,12,2,3,1,7,0,0,1,1,0,0,0,0,4.56994E+20,5.42759E+21,8.41202E+15,4.89997E+16
121371,121372,8,1,16,33,2016,12,16,5,2,5,3,0,1,1,1,0,0,0,0,5.34267E+20,5.3872E+21,9.46512E+15,4.86369E+16
121372,121373,8,1,36,19,2016,12,9,7,3,6,7,0,0,0,1,1,0,0,0,5.82786E+20,5.42366E+21,1.0131E+16,4.89603E+16
121373,121374,8,2,31,0,2016,12,16,3,3,1,6,1,0,0,1,0,0,0,0,4.79227E+20,5.41538E+21,8.71661E+15,4.88911E+16
121374,121375,8,2,26,96,2016,12,7,6,3,5,3,0,1,0,1,0,1,0,0,4.74323E+20,5.48617E+21,8.64518E+15,4.95276E+16
121375,121376,8,2,12,0,2016,12,22,1,2,0,7,2,0,1,0,0,0,0,0,4.56875E+20,5.42813E+21,8.41034E+15,4.90045E+16
121376,121377,8,3,35,63,2016,12,13,5,2,5,3,0,0,1,0,0,0,0,1,4.9793E+20,5.2873E+21,8.9724E+15,4.7739E+16
121377,121378,8,1,17,15,2016,12,17,5,3,5,3,2,0,1,1,0,0,0,0,5.59396E+20,5.39266E+21,9.80696E+15,4.86841E+16
121378,121379,8,2,26,84,2016,12,15,2,3,5,3,0,0,1,1,0,0,0,0,4.69152E+20,5.46981E+21,8.575E+15,4.93802E+16
121379,121380,8,1,28,58,2016,12,8,3,3,9,1,0,2,0,1,0,0,0,0,5.61813E+20,5.48686E+21,9.85422E+15,4.95312E+16
121380,121381,8,2,25,14,2016,12,16,2,3,5,3,1,0,0,1,0,0,0,0,5.23562E+20,5.48572E+21,9.32556E+15,4.95236E+16
121381,121382,8,3,25,53,2016,12,17,4,2,6,4,2,1,0,1,1,0,0,0,4.54125E+20,5.34221E+21,8.38224E+15,4.82314E+16
121382,121383,8,4,25,141,2016,12,13,6,3,3,6,0,0,1,1,0,0,0,0,5.68077E+20,5.36277E+21,9.92E+15,4.84144E+16
121383,121384,8,2,26,63,2016,12,17,3,3,1,5,2,0,1,1,0,0,0,0,4.70614E+20,5.4715E+21,8.59501E+15,4.93955E+16
121384,121385,8,2,12,0,2016,12,1,1,3,0,7,2,0,1,0,0,0,0,0,4.56805E+20,5.42866E+21,8.40933E+15,4.90094E+16
121385,121386,8,2,21,0,2016,12,17,4,3,0,7,2,0,0,0,0,1,0,0,4.77203E+20,5.47112E+21,8.68584E+15,4.93924E+16
121386,121387,8,2,26,98,2016,12,12,7,3,6,7,0,0,0,1,1,0,0,0,4.7813E+20,5.46021E+21,8.69922E+15,4.92943E+16
121387,121388,8,2,11,0,2016,12,20,1,2,6,4,2,0,0,1,1,0,0,0,4.44668E+20,5.40143E+21,8.24706E+15,4.87635E+16
121388,121389,8,3,11,0,2016,12,12,4,3,3,2,0,1,1,1,0,0,0,0,4.13762E+20,5.31752E+21,7.8438E+15,4.80051E+16
121389,121390,8,2,35,85,2016,12,13,7,3,2,6,0,1,0,1,0,0,0,0,4.82337E+20,5.39499E+21,8.75992E+15,4.87077E+16
121390,121391,8,2,22,0,2016,12,14,2,2,6,5,0,0,0,1,1,0,0,0,4.61192E+20,5.48158E+21,8.46419E+15,4.94856E+16
121391,121392,8,1,25,65,2016,12,16,3,3,6,4,2,0,0,1,1,0,0,0,5.16373E+20,5.44799E+21,9.22468E+15,4.91845E+16
121392,121393,8,3,11,0,2016,12,10,4,3,2,6,0,1,0,1,0,0,0,1,4.124E+20,5.31759E+21,7.82553E+15,4.80056E+16
121393,121394,8,2,22,0,2016,12,18,3,2,5,3,2,1,1,1,0,0,0,0,4.62549E+20,5.4811E+21,8.48296E+15,4.94814E+16
121394,121395,8,1,25,46,2016,12,3,1,2,8,1,2,0,0,0,0,1,0,0,5.19205E+20,5.4343E+21,9.26289E+15,4.90612E+16
121395,121396,8,1,36,88,2016,12,12,4,3,2,2,0,1,0,1,0,0,0,0,5.80134E+20,5.40946E+21,1.0092E+16,4.8833E+16
121396,121397,8,2,26,3,2016,12,18,7,3,5,3,2,0,0,1,0,0,0,0,4.65888E+20,5.45987E+21,8.53089E+15,4.92906E+16
121397,121398,8,3,36,50,2016,12,17,3,3,3,2,2,0,1,1,0,0,0,0,3.9996E+20,5.27438E+21,7.66876E+15,4.76151E+16
121398,121399,8,2,22,0,2016,12,15,2,3,6,4,0,0,0,1,1,0,0,0,4.61528E+20,5.48301E+21,8.46868E+15,4.94985E+16
121399,121400,8,1,11,0,2016,12,13,4,3,2,7,0,0,1,1,0,0,0,0,5.17037E+20,5.40525E+21,9.232E+15,4.88E+16
121400,121401,8,3,17,1,2016,12,12,6,3,6,3,0,0,0,1,1,0,0,0,4.31756E+20,5.38643E+21,8.07386E+15,4.86272E+16
121401,121402,8,1,11,0,2016,12,10,1,3,5,3,0,0,0,1,0,1,0,0,5.12809E+20,5.40336E+21,9.17436E+15,4.87831E+16
121402,121403,8,2,26,96,2016,12,9,2,2,0,7,0,2,1,0,0,0,0,0,4.7628E+20,5.48518E+21,8.67228E+15,4.95187E+16
121403,121404,8,1,21,0,2016,12,19,3,3,0,7,2,0,0,1,0,0,0,0,5.16342E+20,5.44582E+21,9.22417E+15,4.9165E+16
121404,121405,8,1,11,0,2016,12,0,4,3,0,1,2,2,1,0,0,0,0,0,5.11181E+20,5.39557E+21,9.152E+15,4.87131E+16
121405,121406,8,3,35,99,2016,12,12,6,3,5,3,0,0,1,0,0,0,0,1,4.95342E+20,5.29846E+21,8.93775E+15,4.78394E+16
121406,121407,8,1,11,0,2016,12,11,1,3,0,1,0,0,0,1,0,0,0,0,5.11107E+20,5.40075E+21,9.15113E+15,4.87597E+16
121407,121408,8,2,12,0,2016,12,7,6,3,0,1,1,2,0,0,0,1,0,0,4.56095E+20,5.42488E+21,8.40003E+15,4.89753E+16
121408,121409,8,1,18,48,2016,12,18,4,2,6,2,2,0,0,1,1,0,0,0,5.13339E+20,5.41529E+21,9.18197E+15,4.88904E+16
121409,121410,8,2,21,0,2016,12,13,5,3,0,1,0,0,1,0,0,0,0,0,4.77108E+20,5.47272E+21,8.68444E+15,4.94068E+16
121410,121411,8,2,22,0,2016,12,11,7,3,1,7,0,0,0,1,0,0,0,0,4.62871E+20,5.4791E+21,8.48761E+15,4.94635E+16
121411,121412,8,3,35,43,2016,12,9,3,3,8,7,0,0,0,1,0,0,0,0,5.11956E+20,5.28121E+21,9.15931E+15,4.76842E+16
121412,121413,8,2,21,0,2016,12,7,2,3,5,3,0,0,1,1,0,0,0,0,4.76924E+20,5.47391E+21,8.68184E+15,4.94175E+16
121413,121414,8,2,21,0,2016,12,17,7,3,1,5,2,0,0,1,0,0,0,0,4.74531E+20,5.47245E+21,8.64893E+15,4.94042E+16
121414,121415,8,2,12,0,2016,12,17,6,3,0,4,2,0,0,0,1,0,0,1,4.55761E+20,5.42873E+21,8.39504E+15,4.90098E+16
121415,121416,8,1,11,0,2016,12,4,1,3,1,1,2,0,0,1,0,0,0,0,5.08903E+20,5.40683E+21,9.12127E+15,4.88144E+16
121416,121417,8,1,11,0,2016,12,1,6,3,6,7,2,0,0,1,1,0,0,0,5.12717E+20,5.40239E+21,9.17308E+15,4.87744E+16
121417,121418,8,1,18,48,2016,12,20,5,3,2,6,2,0,0,1,0,0,0,0,5.14888E+20,5.41592E+21,9.20312E+15,4.88961E+16
121418,121419,8,4,25,108,2016,12,22,7,3,0,5,2,0,0,1,0,0,0,0,5.5507E+20,5.35869E+21,9.74371E+15,4.8379E+16
121419,121420,8,1,19,67,2016,12,16,6,3,6,4,1,0,0,1,1,0,0,0,5.38723E+20,5.40613E+21,9.52739E+15,4.8807E+16
121420,121421,8,1,36,2,2016,12,9,5,3,5,3,0,0,0,1,0,0,0,1,5.72419E+20,5.42033E+21,9.98876E+15,4.89317E+16
121421,121422,8,2,22,0,2016,12,12,7,2,1,3,0,1,0,1,0,0,0,0,4.68779E+20,5.47673E+21,8.56933E+15,4.94424E+16
121422,121423,8,4,35,16,2016,12,17,3,2,4,6,2,0,1,1,0,0,0,0,5.37617E+20,5.27908E+21,9.50103E+15,4.7664E+16
121423,121424,8,2,21,0,2016,12,12,2,3,1,6,0,0,0,1,0,0,0,0,4.76235E+20,5.47284E+21,8.67241E+15,4.94077E+16
121424,121425,8,4,26,97,2016,12,9,4,3,0,7,0,1,0,1,0,0,0,0,5.35385E+20,5.33351E+21,9.47577E+15,4.81538E+16
121425,121426,8,1,36,88,2016,12,13,7,2,5,3,0,0,1,1,0,0,0,0,5.78243E+20,5.40929E+21,1.00662E+16,4.88317E+16