FID,OBJECTID,ULAND,UREGBEZ,UKREIS,UGEMEINDE,UJAHR,UMONAT,USTUNDE,UWOCHENTAG,UKATEGORIE,UART,UTYP1,ULICHTVERH,IstStrasse,IstRad,IstPKW,IstFuss,IstKrad,IstGkfz,IstSonstig,LINREFX,LINREFY,XGCSWGS84,YGCSWGS84
121426,121427,8,2,22,0,2016,12,12,3,2,5,2,0,0,1,1,0,0,0,0,4.61987E+20,5.48216E+21,8.47511E+15,4.94909E+16
121427,121428,8,2,22,0,2016,12,15,6,3,5,5,0,0,0,1,0,0,0,0,4.59958E+20,5.49225E+21,8.44608E+15,4.95815E+16
121428,121429,8,4,25,88,2016,12,9,7,3,2,6,0,0,0,1,0,0,0,0,5.61145E+20,5.34969E+21,9.82444E+15,4.82974E+16
121429,121430,8,3,26,12,2016,12,14,5,3,8,1,0,2,0,0,0,1,0,0,4.67063E+20,5.31449E+21,8.5586E+15,4.79828E+16
121430,121431,8,2,16,43,2016,12,9,2,3,5,3,0,0,0,1,0,0,0,1,4.42376E+20,5.41305E+21,8.21425E+15,4.88677E+16
121431,121432,8,1,19,68,2016,12,7,3,3,2,6,1,2,0,1,0,0,0,0,5.26498E+20,5.41294E+21,9.36133E+15,4.88689E+16
121432,121433,8,1,18,48,2016,12,19,3,3,4,2,2,1,0,1,0,0,0,0,5.1451E+20,5.41592E+21,9.19797E+15,4.88961E+16
121433,121434,8,3,26,75,2016,12,21,3,3,8,1,2,2,0,1,0,0,0,0,4.58979E+20,5.31895E+21,8.44985E+15,4.80225E+16
121434,121435,8,2,11,0,2016,12,15,2,3,1,5,0,0,0,1,0,0,0,1,4.4403E+20,5.40125E+21,8.2384E+15,4.87617E+16
121435,121436,8,3,35,43,2016,12,18,4,3,4,6,2,0,1,0,0,0,0,0,5.11856E+20,5.27996E+21,9.15795E+15,4.76729E+16
121436,121437,8,1,11,0,2016,12,12,7,3,2,6,0,0,0,1,0,0,0,0,5.12769E+20,5.40833E+21,9.17398E+15,4.88278E+16
121437,121438,8,4,16,41,2016,12,14,7,3,2,6,0,0,0,0,0,1,0,0,5.04156E+20,5.37198E+21,9.05626E+15,4.85009E+16
121438,121439,8,2,22,0,2016,12,8,4,3,0,1,1,1,1,0,0,0,0,0,4.62372E+20,5.48E+21,8.48063E+15,4.94715E+16
121439,121440,8,2,26,32,2016,12,15,7,3,5,2,0,0,1,1,0,0,0,0,4.66385E+20,5.46261E+21,8.53749E+15,4.93153E+16
121440,121441,8,1,28,45,2016,12,17,2,2,6,7,2,0,0,1,1,0,0,0,5.5688E+20,5.5064E+21,9.7889E+15,4.97074E+16
121441,121442,8,1,18,79,2016,12,8,3,2,0,7,0,0,0,0,0,0,0,1,5.09544E+20,5.42307E+21,9.13038E+15,4.89604E+16
121442,121443,8,3,11,0,2016,12,16,4,3,5,3,1,0,1,0,0,0,0,0,4.13894E+20,5.31593E+21,7.84589E+15,4.79909E+16
121443,121444,8,4,15,80,2016,12,19,7,3,5,3,2,0,0,1,0,0,0,0,5.10818E+20,5.37427E+21,9.14651E+15,4.85214E+16
121444,121445,8,1,19,79,2016,12,15,4,3,0,1,0,1,0,0,0,1,0,0,5.23372E+20,5.40854E+21,9.31846E+15,4.88294E+16
121445,121446,8,3,11,0,2016,12,8,5,3,2,6,0,0,1,1,0,0,0,0,4.10261E+20,5.31447E+21,7.79752E+15,4.79772E+16
121446,121447,8,2,22,0,2016,12,11,7,2,5,3,0,1,1,1,0,0,0,0,4.65802E+20,5.47587E+21,8.52833E+15,4.94345E+16
121447,121448,8,3,17,57,2016,12,9,4,3,0,1,0,2,1,0,0,0,0,0,4.1225E+20,5.37912E+21,7.81073E+15,4.85591E+16
121448,121449,8,4,21,0,2016,12,16,6,3,0,1,0,0,1,0,0,0,0,0,5.72936E+20,5.36041E+21,9.98526E+15,4.83926E+16
121449,121450,8,2,22,0,2016,12,14,3,3,5,3,0,0,1,1,0,0,0,0,4.63318E+20,5.47825E+21,8.49386E+15,4.94558E+16
121450,121451,8,4,15,61,2016,12,10,7,2,0,1,0,2,1,0,0,0,0,0,5.14895E+20,5.3777E+21,9.20184E+15,4.85522E+16
121451,121452,8,2,26,98,2016,12,7,4,3,5,3,2,1,1,1,0,0,0,0,4.76268E+20,5.46097E+21,8.67357E+15,4.9301E+16
121452,121453,8,2,22,0,2016,12,12,7,3,2,6,0,0,0,1,0,0,0,0,4.62331E+20,5.48416E+21,8.47968E+15,4.95089E+16
121453,121454,8,1,27,25,2016,12,7,2,3,0,7,0,0,1,1,0,0,0,0,5.56407E+20,5.42782E+21,9.77121E+15,4.90007E+16
121454,121455,8,4,37,104,2016,12,15,3,2,8,1,0,2,0,1,0,0,0,0,5.09631E+20,5.327E+21,9.12934E+15,4.80962E+16
121455,121456,8,3,26,74,2016,12,13,6,3,6,4,0,0,0,1,1,0,0,0,4.64064E+20,5.32313E+21,8.51769E+15,4.80605E+16
121456,121457,8,4,15,61,2016,12,11,7,3,2,6,0,0,0,1,0,0,0,0,5.11535E+20,5.37089E+21,9.15612E+15,4.8491E+16
121457,121458,8,1,35,19,2016,12,5,6,3,5,2,2,1,0,1,0,0,1,0,5.84889E+20,5.39231E+21,1.01532E+16,4.86781E+16
121458,121459,8,3,17,56,2016,12,17,5,3,2,6,2,0,0,1,0,0,0,0,4.34472E+20,5.38279E+21,8.11129E+15,4.85947E+16
121459,121460,8,2,21,0,2016,12,11,7,3,9,7,0,0,0,1,0,0,0,0,4.76917E+20,5.4683E+21,8.68207E+15,4.93669E+16
121460,121461,8,3,17,153,2016,12,6,3,3,0,7,2,2,1,0,0,0,0,0,4.21683E+20,5.39088E+21,7.93634E+15,4.8666E+16
121461,121462,8,1,26,47,2016,12,7,2,3,1,6,1,0,0,1,0,0,0,0,5.50567E+20,5.4527E+21,9.69448E+15,4.9225E+16
121462,121463,8,3,15,6,2016,12,7,3,3,5,2,0,0,1,1,0,0,0,0,4.03319E+20,5.30695E+21,7.7062E+15,4.79086E+16
121463,121464,8,1,21,0,2016,12,13,2,3,0,7,0,0,0,0,0,1,0,0,5.12943E+20,5.44739E+21,9.17759E+15,4.91792E+16
121464,121465,8,3,36,50,2016,12,7,6,2,4,6,1,1,1,0,0,0,0,0,3.9855E+20,5.2724E+21,7.65047E+15,4.7597E+16
121465,121466,8,3,36,91,2016,12,14,7,3,2,1,0,0,0,1,0,1,0,0,3.9698E+20,5.27214E+21,7.62964E+15,4.75945E+16
121466,121467,8,1,18,79,2016,12,17,6,3,1,7,2,0,0,1,1,0,0,0,5.09529E+20,5.42329E+21,9.13019E+15,4.89624E+16
121467,121468,8,1,25,1,2016,12,16,5,3,6,2,1,1,0,1,1,0,0,0,5.21503E+20,5.43697E+21,9.29449E+15,4.90852E+16
121468,121469,8,1,17,18,2016,12,7,3,3,4,1,0,0,1,1,0,0,0,0,5.38782E+20,5.39492E+21,9.52713E+15,4.87061E+16
121469,121470,8,3,11,0,2016,12,9,3,3,8,1,0,1,1,0,0,0,0,0,4.15116E+20,5.31598E+21,7.86226E+15,4.79915E+16
121470,121471,8,1,18,46,2016,12,10,2,3,7,7,0,0,1,0,0,0,0,0,5.13614E+20,5.41237E+21,9.18562E+15,4.88641E+16
121471,121472,8,4,16,41,2016,12,17,4,3,5,2,2,1,1,1,0,0,0,0,5.03483E+20,5.37439E+21,9.04717E+15,4.85226E+16
121472,121473,8,4,25,19,2016,12,14,7,3,6,4,0,0,0,1,1,0,0,0,5.75929E+20,5.37233E+21,1.00278E+16,4.84995E+16
121473,121474,8,2,21,0,2016,12,11,3,3,3,2,0,0,0,1,0,0,0,1,4.77358E+20,5.4729E+21,8.68787E+15,4.94083E+16
121474,121475,8,2,16,43,2016,12,14,6,3,1,6,0,0,0,1,0,0,0,0,4.41913E+20,5.4123E+21,8.20803E+15,4.88609E+16
121475,121476,8,3,36,91,2016,12,9,7,3,2,6,0,0,0,1,0,0,0,0,3.9638E+20,5.27148E+21,7.62182E+15,4.75884E+16
121476,121477,8,3,11,0,2016,12,21,4,3,6,2,2,2,0,1,1,0,0,0,4.14604E+20,5.31926E+21,7.85474E+15,4.8021E+16
121477,121478,8,2,12,0,2016,12,15,7,3,5,3,0,0,1,1,0,0,0,0,4.55007E+20,5.42664E+21,8.38496E+15,4.8991E+16
121478,121479,8,2,12,0,2016,12,4,7,2,0,7,2,1,1,0,0,0,0,0,4.56037E+20,5.42856E+21,8.39884E+15,4.90084E+16
121479,121480,8,2,22,0,2016,12,18,3,2,6,4,2,0,0,1,1,0,0,0,4.61627E+20,5.48378E+21,8.46998E+15,4.95055E+16
121480,121481,8,2,35,22,2016,12,11,6,3,5,3,0,0,0,1,0,0,0,0,4.71869E+20,5.37894E+21,8.61872E+15,4.85629E+16
121481,121482,8,3,35,63,2016,12,12,7,3,0,1,0,0,1,0,0,0,0,0,4.97703E+20,5.28896E+21,8.96935E+15,4.7754E+16
121482,121483,8,4,26,13,2016,12,15,5,3,5,2,0,0,1,1,0,0,0,0,5.44096E+20,5.32325E+21,9.59184E+15,4.8061E+16
121483,121484,8,1,18,11,2016,12,14,5,3,5,2,0,0,1,1,0,0,0,0,5.05263E+20,5.40801E+21,9.0717E+15,4.8825E+16
121484,121485,8,1,16,33,2016,12,9,3,3,2,6,0,0,0,1,0,0,0,1,5.32121E+20,5.38834E+21,9.43609E+15,4.86473E+16
121485,121486,8,1,16,19,2016,12,20,2,3,2,6,2,0,0,1,0,0,0,0,5.22166E+20,5.39651E+21,9.30138E+15,4.87212E+16
121486,121487,8,3,26,10,2016,12,13,4,3,1,5,0,0,0,1,0,0,0,0,4.66794E+20,5.32718E+21,8.55402E+15,4.80971E+16
121487,121488,8,4,21,0,2016,12,17,6,2,5,3,2,0,1,0,0,0,0,1,5.72469E+20,5.36056E+21,9.97898E+15,4.8394E+16
121488,121489,8,2,16,28,2016,12,8,3,2,0,1,0,2,1,0,0,0,0,0,4.26677E+20,5.39693E+21,8.00308E+15,4.8721E+16
121489,121490,8,2,22,0,2016,12,9,4,2,6,7,0,0,0,0,1,0,0,1,4.6135E+20,5.48181E+21,8.46635E+15,4.94877E+16
121490,121491,8,2,21,0,2016,12,10,7,2,0,1,0,2,1,0,0,0,0,0,4.77193E+20,5.47565E+21,8.68545E+15,4.94331E+16
121491,121492,8,1,18,11,2016,12,16,4,3,5,3,1,0,0,1,0,1,0,0,5.04869E+20,5.4082E+21,9.06634E+15,4.88268E+16
121492,121493,8,3,11,0,2016,12,8,4,1,2,6,0,1,1,0,0,0,1,0,4.13276E+20,5.31586E+21,7.83762E+15,4.79902E+16
121493,121494,8,1,18,1,2016,12,17,1,3,5,3,2,1,0,1,0,0,0,1,5.23703E+20,5.41894E+21,9.32357E+15,4.8923E+16
121494,121495,8,1,36,65,2016,12,14,6,3,6,6,0,0,0,1,1,0,0,0,5.58675E+20,5.40563E+21,9.79902E+15,4.88009E+16
121495,121496,8,3,11,0,2016,12,17,1,3,3,2,2,1,0,1,0,0,0,1,4.14572E+20,5.31733E+21,7.85469E+15,4.80035E+16
121496,121497,8,3,36,45,2016,12,16,2,3,0,1,0,2,0,0,0,1,0,0,3.98568E+20,5.28799E+21,7.64709E+15,4.77373E+16
121497,121498,8,2,26,12,2016,12,8,5,3,0,1,0,1,1,0,0,0,0,0,4.766E+20,5.47726E+21,8.67718E+15,4.94476E+16
121498,121499,8,1,17,19,2016,12,16,4,3,5,3,0,0,0,1,0,0,0,0,5.50666E+20,5.39394E+21,9.68853E+15,4.86965E+16
121499,121500,8,2,12,0,2016,12,18,5,3,5,3,2,0,0,1,0,0,0,0,4.54687E+20,5.42723E+21,8.38052E+15,4.89963E+16
121500,121501,8,2,26,96,2016,12,21,7,3,6,4,2,0,0,0,1,0,0,1,4.75064E+20,5.48852E+21,8.65527E+15,4.95488E+16
121501,121502,8,3,11,0,2016,12,9,2,3,0,1,0,2,1,0,0,0,0,0,4.14967E+20,5.31524E+21,7.8604E+15,4.79848E+16
121502,121503,8,1,19,20,2016,12,16,3,2,5,3,0,0,1,1,0,0,0,0,5.19862E+20,5.40755E+21,9.27058E+15,4.88206E+16
121503,121504,8,1,11,0,2016,12,17,3,3,6,6,2,0,1,0,1,0,0,0,5.13177E+20,5.40329E+21,9.17937E+15,4.87824E+16
121504,121505,8,3,11,0,2016,12,7,2,3,0,1,0,2,1,0,0,0,0,0,4.15628E+20,5.31608E+21,7.8691E+15,4.79924E+16
121505,121506,8,1,27,71,2016,12,14,3,3,6,7,0,0,0,1,1,0,0,0,5.76304E+20,5.45891E+21,1.00491E+16,4.92782E+16
121506,121507,8,1,16,70,2016,12,13,3,3,6,7,0,0,0,1,1,0,0,0,5.40158E+20,5.38469E+21,9.54483E+15,4.8614E+16
121507,121508,8,2,12,0,2016,12,18,2,3,5,3,2,1,1,1,0,0,0,0,4.5164E+20,5.42885E+21,8.33868E+15,4.90106E+16
121508,121509,8,4,21,0,2016,12,19,6,3,4,3,2,0,1,1,0,0,0,0,5.72832E+20,5.36046E+21,9.98386E+15,4.83931E+16
121509,121510,8,2,21,0,2016,12,9,5,3,0,1,0,1,1,0,0,0,0,0,4.76582E+20,5.47199E+21,8.67724E+15,4.94002E+16
121510,121511,8,1,11,0,2016,12,7,5,3,6,2,0,0,0,1,1,0,0,0,5.11459E+20,5.40247E+21,9.15596E+15,4.87751E+16
121511,121512,8,1,16,49,2016,12,8,4,3,5,3,1,1,1,1,0,0,0,0,5.25381E+20,5.3865E+21,9.34448E+15,4.86311E+16
121512,121513,8,1,15,28,2016,12,14,6,3,2,6,0,0,0,1,0,0,0,0,5.01015E+20,5.40479E+21,9.01382E+15,4.87961E+16
121513,121514,8,2,12,0,2016,12,13,7,3,5,3,0,0,0,1,0,0,0,0,4.54049E+20,5.42863E+21,8.37165E+15,4.90088E+16
121514,121515,8,2,31,0,2016,12,18,2,2,0,2,2,0,0,0,0,1,0,0,4.79751E+20,5.41812E+21,8.72362E+15,4.89157E+16
121515,121516,8,1,17,61,2016,12,9,3,3,8,1,0,1,0,1,0,0,0,0,5.67213E+20,5.39587E+21,9.91368E+15,4.87122E+16
121516,121517,8,4,16,41,2016,12,19,2,3,6,4,2,1,0,1,1,0,0,0,5.05474E+20,5.37522E+21,9.07414E+15,4.85301E+16
121517,121518,8,3,17,96,2016,12,8,6,3,3,6,0,1,1,1,0,0,0,0,4.21299E+20,5.36689E+21,7.93566E+15,4.84502E+16
121518,121519,8,2,12,0,2016,12,18,4,3,6,4,2,0,0,1,1,0,0,0,4.56899E+20,5.42865E+21,8.41061E+15,4.90093E+16
121519,121520,8,1,11,0,2016,12,14,5,3,5,3,0,0,1,1,0,0,0,0,5.13964E+20,5.40502E+21,9.19015E+15,4.8798E+16
121520,121521,8,1,16,56,2016,12,11,4,3,5,3,0,1,0,1,0,1,0,0,5.31098E+20,5.39518E+21,9.42271E+15,4.87089E+16
121521,121522,8,3,35,79,2016,12,16,6,3,9,1,1,0,0,1,0,0,0,0,4.96028E+20,5.29546E+21,8.94694E+15,4.78125E+16
121522,121523,8,4,37,78,2016,12,6,4,3,1,5,2,1,0,1,0,1,1,0,5.08702E+20,5.31571E+21,9.11664E+15,4.79946E+16
121523,121524,8,3,11,0,2016,12,13,5,3,5,2,0,0,1,1,0,0,0,0,4.13876E+20,5.31773E+21,7.84529E+15,4.8007E+16
121524,121525,8,1,15,28,2016,12,8,4,3,5,2,0,0,1,1,0,0,0,0,5.01998E+20,5.40402E+21,9.0272E+15,4.87892E+16
121525,121526,8,2,12,0,2016,12,11,6,3,2,6,0,1,0,1,0,0,0,0,4.60902E+20,5.42753E+21,8.46546E+15,4.89994E+16
121526,121527,8,4,17,79,2016,12,6,5,3,6,2,2,0,0,1,1,0,0,0,4.98832E+20,5.33961E+21,8.98427E+15,4.82097E+16
121527,121528,8,2,12,0,2016,12,16,1,3,2,6,0,0,0,1,0,0,0,0,4.56964E+20,5.42718E+21,8.41166E+15,4.8996E+16
121528,121529,8,1,18,48,2016,12,10,7,3,5,3,0,0,0,1,0,0,0,0,5.13197E+20,5.41555E+21,9.18004E+15,4.88928E+16
121529,121530,8,2,26,59,2016,12,17,2,3,8,1,2,0,0,1,0,0,0,0,4.64886E+20,5.46029E+21,8.51707E+15,4.92944E+16
121530,121531,8,3,17,89,2016,12,10,2,3,0,7,0,0,1,0,0,0,0,0,4.31866E+20,5.37773E+21,8.07677E+15,4.8549E+16
121531,121532,8,1,11,0,2016,12,15,4,2,0,7,0,0,0,1,0,0,0,0,5.11508E+20,5.41001E+21,9.15685E+15,4.88429E+16
121532,121533,8,2,37,54,2016,12,20,4,3,6,7,2,0,0,1,1,0,0,0,4.68267E+20,5.37461E+21,8.57023E+15,4.85238E+16
121533,121534,8,2,22,0,2016,12,13,1,3,5,3,0,0,0,1,0,0,0,1,4.63495E+20,5.48631E+21,8.49555E+15,4.95283E+16
121534,121535,8,1,11,0,2016,12,13,4,3,6,4,0,0,0,0,1,0,0,1,5.14355E+20,5.4089E+21,9.1956E+15,4.88329E+16
121535,121536,8,2,12,0,2016,12,17,6,3,5,3,2,0,1,1,0,0,0,0,4.58396E+20,5.43145E+21,8.4308E+15,4.90346E+16
121536,121537,8,3,25,53,2016,12,18,5,2,6,4,2,1,0,1,1,0,0,0,4.5394E+20,5.34241E+21,8.37974E+15,4.82333E+16
121537,121538,8,2,26,82,2016,12,0,1,3,9,1,2,0,0,1,0,0,0,0,4.76673E+20,5.48055E+21,8.67799E+15,4.94772E+16
121538,121539,8,2,22,0,2016,12,20,2,2,3,6,2,0,0,0,0,1,0,1,4.61913E+20,5.48275E+21,8.47403E+15,4.94962E+16
121539,121540,8,2,22,0,2016,12,20,6,3,6,7,2,0,0,1,1,0,0,0,4.61162E+20,5.48254E+21,8.46367E+15,4.94943E+16
121540,121541,8,4,15,50,2016,12,13,5,3,0,1,0,1,1,0,0,0,0,0,5.20801E+20,5.37708E+21,9.28184E+15,4.85464E+16
121541,121542,8,2,15,9,2016,12,0,1,3,5,3,2,0,0,1,0,0,0,0,4.70328E+20,5.44141E+21,8.5933E+15,4.91248E+16
121542,121543,8,2,22,0,2016,12,16,2,3,1,6,2,1,0,1,0,0,0,0,4.63858E+20,5.48381E+21,8.5008E+15,4.95059E+16
121543,121544,8,3,16,14,2016,12,8,2,2,0,1,0,2,1,0,0,0,0,0,4.25786E+20,5.33021E+21,8.00278E+15,4.81208E+16
121544,121545,8,1,11,0,2016,12,12,4,3,6,7,0,0,0,0,1,0,1,0,5.15893E+20,5.40565E+21,9.21644E+15,4.88036E+16
121545,121546,8,2,31,0,2016,12,6,4,3,2,6,2,1,0,1,0,0,0,0,4.7835E+20,5.4154E+21,8.70465E+15,4.88912E+16
121546,121547,8,1,35,19,2016,12,23,1,1,0,1,2,0,1,0,0,0,0,0,5.84865E+20,5.39259E+21,1.01529E+16,4.86806E+16
121547,121548,8,1,16,77,2016,12,12,6,3,1,5,0,0,0,1,0,0,0,0,5.16805E+20,5.39088E+21,9.22826E+15,4.86707E+16
121548,121549,8,2,12,0,2016,12,13,1,3,0,7,0,1,1,0,0,0,0,0,4.5623E+20,5.42871E+21,8.40146E+15,4.90097E+16
121549,121550,8,2,26,105,2016,12,18,2,3,5,3,2,1,1,1,0,0,0,0,4.70614E+20,5.47821E+21,8.59452E+15,4.94559E+16
121550,121551,8,1,16,19,2016,12,23,7,3,1,7,2,0,0,1,0,0,0,0,5.21808E+20,5.40063E+21,9.29672E+15,4.87583E+16
121551,121552,8,2,12,0,2016,12,6,5,3,5,3,2,1,0,1,0,1,0,0,4.51912E+20,5.42848E+21,8.34244E+15,4.90074E+16
121552,121553,8,4,21,0,2016,12,20,4,3,1,6,2,1,0,1,0,0,0,0,5.72502E+20,5.36055E+21,9.97942E+15,4.8394E+16
121553,121554,8,1,11,0,2016,12,15,4,3,5,3,0,0,1,1,0,0,0,0,5.19194E+20,5.40223E+21,9.26124E+15,4.87728E+16
121554,121555,8,2,12,0,2016,12,23,5,2,0,1,2,0,1,0,0,0,0,0,4.58781E+20,5.4282E+21,8.4364E+15,4.90053E+16
121555,121556,8,1,35,19,2016,12,7,5,3,2,6,0,0,0,1,0,0,0,0,5.83835E+20,5.39253E+21,1.01389E+16,4.86801E+16
121556,121557,8,1,11,0,2016,12,14,4,2,6,3,0,0,0,1,1,0,0,0,5.16183E+20,5.4053E+21,9.22038E+15,4.88005E+16
121557,121558,8,2,26,97,2016,12,7,4,3,9,7,1,0,0,1,0,0,0,0,4.85728E+20,5.46789E+21,8.80344E+15,4.93635E+16
121558,121559,8,2,12,0,2016,12,7,5,3,2,2,2,1,0,1,0,0,0,0,4.53857E+20,5.42954E+21,8.36892E+15,4.9017E+16
121559,121560,8,4,15,59,2016,12,16,7,3,0,1,0,1,1,0,0,0,0,0,5.17335E+20,5.36892E+21,9.23454E+15,4.84732E+16
121560,121561,8,1,25,65,2016,12,13,3,3,5,3,0,0,0,1,0,0,0,0,5.16376E+20,5.44808E+21,9.22472E+15,4.91853E+16
121561,121562,8,1,11,0,2016,12,8,3,3,4,6,1,0,1,1,0,0,0,0,5.15577E+20,5.40615E+21,9.21216E+15,4.88082E+16
121562,121563,8,2,22,0,2016,12,7,2,3,5,3,0,1,0,1,0,0,0,0,4.61527E+20,5.48381E+21,8.4686E+15,4.95057E+16
121563,121564,8,4,15,61,2016,12,12,6,3,5,3,0,0,1,1,0,0,0,0,5.12569E+20,5.37138E+21,9.17013E+15,4.84955E+16
121564,121565,8,1,35,27,2016,12,13,5,3,2,6,0,0,0,1,0,0,0,0,5.91232E+20,5.37701E+21,1.0236E+16,4.85396E+16
121565,121566,8,4,17,51,2016,12,9,4,3,0,1,0,2,1,0,0,0,0,0,4.90713E+20,5.35954E+21,8.87455E+15,4.8389E+16
121566,121567,8,3,11,0,2016,12,19,5,3,0,1,2,1,1,0,0,0,0,0,4.13951E+20,5.31642E+21,7.84655E+15,4.79953E+16
121567,121568,8,1,11,0,2016,12,14,4,3,6,2,0,0,0,1,1,0,0,0,5.12973E+20,5.40628E+21,9.17669E+15,4.88094E+16
121568,121569,8,1,11,0,2016,12,6,6,3,5,3,2,0,0,1,0,0,1,0,5.19334E+20,5.40113E+21,9.26309E+15,4.87628E+16
121569,121570,8,1,35,19,2016,12,12,7,3,4,2,0,0,0,1,0,0,0,0,5.81709E+20,5.39244E+21,1.011E+16,4.86797E+16
121570,121571,8,2,22,0,2016,12,16,2,2,5,5,0,0,1,0,0,1,0,0,4.64823E+20,5.48595E+21,8.51393E+15,4.95251E+16
121571,121572,8,2,22,0,2016,12,14,7,3,3,2,0,0,1,0,0,0,0,1,4.61012E+20,5.48211E+21,8.46166E+15,4.94904E+16
121572,121573,8,2,21,0,2016,12,16,2,3,5,3,2,0,1,1,0,0,0,0,4.77472E+20,5.47434E+21,8.68938E+15,4.94213E+16
121573,121574,8,1,18,19,2016,12,14,3,2,8,7,0,1,1,0,0,0,0,0,5.0541E+20,5.40556E+21,9.07368E+15,4.8803E+16
121574,121575,8,4,21,0,2016,12,20,2,3,5,3,2,1,0,1,0,0,0,0,5.73068E+20,5.36093E+21,9.98713E+15,4.83973E+16
121575,121576,8,2,21,0,2016,12,11,2,3,2,6,0,1,0,1,0,0,0,0,4.75767E+20,5.4741E+21,8.66588E+15,4.94191E+16
121576,121577,8,3,25,14,2016,12,17,6,3,4,6,2,1,0,1,0,0,0,1,4.63906E+20,5.34368E+21,8.51383E+15,4.82453E+16
121577,121578,8,3,37,126,2016,12,14,4,3,5,3,0,0,0,1,0,1,0,0,4.42914E+20,5.2739E+21,8.24034E+15,4.7616E+16
121578,121579,8,1,11,0,2016,12,12,4,3,6,6,0,0,0,1,1,0,0,0,5.12588E+20,5.40759E+21,9.17149E+15,4.88212E+16
121579,121580,8,2,12,0,2016,12,1,6,2,6,7,2,0,0,0,1,0,0,1,4.57159E+20,5.42864E+21,8.41417E+15,4.90092E+16
121580,121581,8,4,15,14,2016,12,14,5,2,6,2,0,1,0,1,1,0,0,0,5.25817E+20,5.37475E+21,9.34965E+15,4.85253E+16
121581,121582,8,1,35,19,2016,12,9,1,3,1,2,0,2,0,1,0,0,0,0,5.84801E+20,5.39497E+21,1.01525E+16,4.8702E+16
121582,121583,8,1,17,19,2016,12,11,7,3,0,1,0,0,1,0,0,0,0,0,5.54089E+20,5.39517E+21,9.7352E+15,4.87072E+16
121583,121584,8,2,21,0,2016,12,7,2,2,1,5,0,1,0,1,0,1,0,0,4.74939E+20,5.47367E+21,8.65449E+15,4.94152E+16
121584,121585,8,1,11,0,2016,12,16,4,3,5,3,0,0,0,1,0,0,0,0,5.12629E+20,5.40265E+21,9.17189E+15,4.87767E+16
121585,121586,8,2,22,0,2016,12,15,4,3,6,2,0,0,0,1,1,0,0,0,4.61347E+20,5.48169E+21,8.46632E+15,4.94866E+16
121586,121587,8,2,21,0,2016,12,4,1,3,9,1,2,0,0,1,0,0,0,0,4.74925E+20,5.4719E+21,8.65441E+15,4.93993E+16
121587,121588,8,3,37,62,2016,12,19,2,3,8,1,2,2,0,1,0,0,0,0,4.54094E+20,5.2785E+21,8.38862E+15,4.76582E+16
121588,121589,8,3,16,56,2016,12,17,6,2,0,4,2,0,1,0,1,0,0,0,4.21531E+20,5.32648E+21,7.9463E+15,4.80868E+16
121589,121590,8,2,22,0,2016,12,14,4,3,6,1,0,0,0,1,1,0,0,0,4.61816E+20,5.48127E+21,8.47283E+15,4.94829E+16
121590,121591,8,3,36,91,2016,12,7,4,3,9,1,1,0,0,1,0,0,0,0,3.95502E+20,5.27463E+21,7.60939E+15,4.76167E+16
121591,121592,8,4,36,82,2016,12,0,3,3,6,3,2,0,1,0,1,0,0,0,5.47513E+20,5.29562E+21,9.63464E+15,4.78121E+16
121592,121593,8,2,16,43,2016,12,19,6,3,1,5,2,0,0,1,0,0,0,0,4.4079E+20,5.41353E+21,8.19255E+15,4.88719E+16
121593,121594,8,3,27,49,2016,12,7,5,3,5,3,2,1,0,1,0,0,0,0,4.71095E+20,5.32507E+21,8.61192E+15,4.80783E+16
121594,121595,8,1,25,65,2016,12,19,1,3,5,3,2,1,0,1,1,0,0,0,5.16311E+20,5.44862E+21,9.22386E+15,4.91902E+16
121595,121596,8,2,12,0,2016,12,15,2,3,5,3,0,0,0,1,0,0,0,0,4.58777E+20,5.43196E+21,8.43596E+15,4.90391E+16
121596,121597,8,1,35,20,2016,12,13,5,3,5,3,0,0,0,1,0,0,0,0,5.86836E+20,5.38683E+21,1.01785E+16,4.86285E+16
121597,121598,8,4,25,135,2016,12,6,3,3,2,1,2,2,0,1,0,0,0,0,5.70585E+20,5.3749E+21,9.95595E+15,4.85232E+16
121598,121599,8,2,21,0,2016,12,7,4,2,1,1,0,0,0,1,0,0,0,0,4.75674E+20,5.46852E+21,8.66494E+15,4.93689E+16
121599,121600,8,2,35,20,2016,12,10,5,2,9,1,0,2,0,1,0,0,0,0,4.7648E+20,5.38237E+21,8.68102E+15,4.8594E+16
121600,121601,8,1,28,82,2016,12,17,3,3,6,1,2,1,0,1,1,0,0,0,5.66766E+20,5.47233E+21,9.92021E+15,4.94E+16
121601,121602,8,2,12,0,2016,12,7,6,3,5,3,1,1,0,1,0,0,0,0,4.57371E+20,5.42781E+21,8.41716E+15,4.90017E+16
121602,121603,8,3,11,0,2016,12,15,5,2,5,3,0,0,0,1,0,1,0,0,4.04422E+20,5.31678E+21,7.71878E+15,4.79971E+16