FID,OBJECTID,ULAND,UREGBEZ,UKREIS,UGEMEINDE,UJAHR,UMONAT,USTUNDE,UWOCHENTAG,UKATEGORIE,UART,UTYP1,ULICHTVERH,IstStrasse,IstRad,IstPKW,IstFuss,IstKrad,IstGkfz,IstSonstig,LINREFX,LINREFY,XGCSWGS84,YGCSWGS84
121603,121604,8,1,19,67,2016,12,14,1,3,5,3,0,1,0,1,0,1,0,0,5.38031E+20,5.40621E+21,9.51797E+15,4.88077E+16
121604,121605,8,1,35,19,2016,12,22,2,2,8,1,2,1,0,1,0,0,0,0,5.91643E+20,5.39758E+21,1.02461E+16,4.87245E+16
121605,121606,8,1,26,66,2016,12,15,5,3,3,6,0,0,0,1,0,0,0,0,5.35658E+20,5.45029E+21,9.48952E+15,4.92044E+16
121606,121607,8,4,15,61,2016,12,8,3,3,1,5,0,1,0,1,0,0,0,0,5.12251E+20,5.37162E+21,9.16583E+15,4.84976E+16
121607,121608,8,2,26,98,2016,12,8,5,3,5,3,0,0,0,1,0,0,1,0,4.7753E+20,5.46028E+21,8.69096E+15,4.92948E+16
121608,121609,8,3,17,96,2016,12,21,7,3,6,4,2,0,0,1,1,0,0,0,4.20089E+20,5.37057E+21,7.9186E+15,4.84832E+16
121609,121610,8,1,35,19,2016,12,12,2,3,2,6,0,1,0,1,0,0,0,1,5.85421E+20,5.39357E+21,1.01607E+16,4.86893E+16
121610,121611,8,1,19,86,2016,12,8,3,2,0,1,0,2,1,0,0,0,0,0,5.35361E+20,5.40561E+21,9.48156E+15,4.88025E+16
121611,121612,8,1,11,0,2016,12,17,3,3,8,1,2,1,1,0,0,0,0,0,5.10348E+20,5.40027E+21,9.14079E+15,4.87554E+16
121612,121613,8,2,25,58,2016,12,17,2,3,6,4,2,1,0,1,1,0,0,0,5.0909E+20,5.46527E+21,9.12513E+15,4.93401E+16
121613,121614,8,4,16,41,2016,12,3,6,3,0,7,2,1,1,0,0,0,0,0,5.04051E+20,5.3748E+21,9.05487E+15,4.85263E+16
121614,121615,8,3,36,105,2016,12,18,4,3,5,2,2,0,1,1,0,0,0,0,4.01588E+20,5.26641E+21,7.6922E+15,4.75436E+16
121615,121616,8,1,16,56,2016,12,16,3,2,0,1,2,0,1,0,0,0,0,0,5.29764E+20,5.39623E+21,9.40465E+15,4.87184E+16
121616,121617,8,1,19,67,2016,12,14,2,3,0,1,0,0,1,0,0,0,0,0,5.39163E+20,5.40494E+21,9.53326E+15,4.87963E+16
121617,121618,8,4,26,70,2016,12,10,6,2,0,1,0,1,1,0,0,0,0,0,5.65769E+20,5.34211E+21,9.88561E+15,4.82288E+16
121618,121619,8,1,25,69,2016,12,14,5,3,6,4,0,0,0,1,1,0,0,0,5.21652E+20,5.45588E+21,9.29755E+15,4.92553E+16
121619,121620,8,3,35,75,2016,12,9,4,3,2,6,0,1,0,1,0,0,0,0,4.87929E+20,5.28932E+21,8.83894E+15,4.77572E+16
121620,121621,8,4,15,50,2016,12,7,3,3,0,1,2,2,1,0,0,0,0,0,5.21403E+20,5.37683E+21,9.28998E+15,4.85442E+16
121621,121622,8,2,15,66,2016,12,20,7,3,0,7,2,0,0,1,0,0,0,0,4.60092E+20,5.45436E+21,8.45173E+15,4.92407E+16
121622,121623,8,1,18,48,2016,12,7,2,3,4,3,0,0,0,1,0,0,0,0,5.15543E+20,5.41659E+21,9.21209E+15,4.89021E+16
121623,121624,8,1,17,49,2016,12,8,3,3,4,6,0,2,0,1,0,0,0,0,5.5634E+20,5.39201E+21,9.76536E+15,4.86786E+16
121624,121625,8,4,16,41,2016,12,11,2,3,5,3,0,1,1,1,0,0,0,0,5.04451E+20,5.37387E+21,9.06028E+15,4.85179E+16
121625,121626,8,3,17,9,2016,12,17,6,3,5,3,2,0,1,1,0,0,0,0,4.25237E+20,5.36289E+21,7.98962E+15,4.84147E+16
121626,121627,8,2,21,0,2016,12,10,4,2,0,7,0,0,0,1,1,0,0,0,4.78056E+20,5.47313E+21,8.69749E+15,4.94104E+16
121627,121628,8,3,27,10,2016,12,21,4,2,9,1,2,0,0,1,0,0,0,0,4.80431E+20,5.32953E+21,8.73707E+15,4.81187E+16
121628,121629,8,3,35,43,2016,12,8,3,3,5,5,0,0,0,1,0,1,0,0,5.13061E+20,5.27916E+21,9.17397E+15,4.76657E+16
121629,121630,8,2,31,0,2016,12,14,6,3,5,3,0,0,0,1,0,0,0,1,4.80855E+20,5.41731E+21,8.73873E+15,4.89084E+16
121630,121631,8,4,15,59,2016,12,7,5,3,9,1,1,2,0,1,0,0,0,0,5.17588E+20,5.36605E+21,9.23784E+15,4.84473E+16
121631,121632,8,1,11,0,2016,12,21,1,3,4,6,2,1,0,1,0,0,0,0,5.11932E+20,5.39568E+21,9.16221E+15,4.87141E+16
121632,121633,8,3,35,43,2016,12,9,3,2,5,3,0,1,1,1,0,0,0,0,5.10472E+20,5.28107E+21,9.13953E+15,4.7683E+16
121633,121634,8,2,12,0,2016,12,10,6,3,1,5,0,0,1,1,0,0,0,0,4.63135E+20,5.42898E+21,8.49586E+15,4.90126E+16
121634,121635,8,4,21,0,2016,12,21,5,3,4,6,2,0,0,1,0,0,0,0,5.73392E+20,5.36094E+21,9.9915E+15,4.83973E+16
121635,121636,8,4,16,36,2016,12,18,7,3,2,6,2,1,0,1,0,0,0,0,4.95206E+20,5.36865E+21,8.93514E+15,4.8471E+16
121636,121637,8,1,19,85,2016,12,12,7,3,2,6,0,0,0,1,0,0,0,0,5.28878E+20,5.41369E+21,9.39383E+15,4.88755E+16
121637,121638,8,1,18,19,2016,12,6,2,3,5,3,2,1,1,1,0,0,0,0,5.05068E+20,5.40535E+21,9.06901E+15,4.88011E+16
121638,121639,8,3,27,2,2016,12,12,2,2,6,4,0,0,0,1,1,0,0,0,4.78584E+20,5.327E+21,8.71237E+15,4.80959E+16
121639,121640,8,2,12,0,2016,12,16,6,3,0,2,0,0,0,1,0,0,0,1,4.53552E+20,5.42984E+21,8.36471E+15,4.90197E+16
121640,121641,8,3,17,41,2016,12,9,3,2,0,1,0,2,1,0,0,0,0,0,4.38092E+20,5.34815E+21,8.16549E+15,4.82835E+16
121641,121642,8,2,12,0,2016,12,16,4,3,6,4,1,0,0,1,1,0,0,0,4.52617E+20,5.42711E+21,8.35225E+15,4.89951E+16
121642,121643,8,2,12,0,2016,12,6,1,3,6,7,2,1,0,1,1,0,0,0,4.55939E+20,5.42874E+21,8.39748E+15,4.901E+16
121643,121644,8,3,17,47,2016,12,7,3,2,0,1,1,2,1,0,0,0,0,0,4.17467E+20,5.36261E+21,7.88468E+15,4.84113E+16
121644,121645,8,2,12,0,2016,12,10,6,3,0,7,0,0,0,1,0,0,0,0,4.60058E+20,5.43066E+21,8.45361E+15,4.90276E+16
121645,121646,8,3,27,50,2016,12,7,5,3,2,6,0,1,0,1,0,0,0,0,4.86723E+20,5.31438E+21,8.82207E+15,4.79826E+16
121646,121647,8,4,15,73,2016,12,9,7,3,5,3,0,1,0,1,0,1,0,0,5.17698E+20,5.35051E+21,9.23868E+15,4.83075E+16
121647,121648,8,1,16,42,2016,12,18,2,3,6,4,2,0,0,1,1,0,0,0,5.17317E+20,5.38194E+21,9.23484E+15,4.85903E+16
121648,121649,8,1,19,8,2016,12,11,5,3,5,3,0,0,0,1,0,1,0,0,5.31888E+20,5.42252E+21,9.43557E+15,4.89548E+16
121649,121650,8,1,16,49,2016,12,7,2,3,5,2,1,1,1,1,0,0,0,0,5.25374E+20,5.38651E+21,9.34437E+15,4.86311E+16
121650,121651,8,3,16,11,2016,12,7,2,3,5,3,1,0,1,1,0,0,0,0,4.15301E+20,5.32945E+21,7.86206E+15,4.81127E+16
121651,121652,8,3,11,0,2016,12,20,3,2,6,4,2,1,0,0,1,0,0,1,4.14573E+20,5.31854E+21,7.85447E+15,4.80144E+16
121652,121653,8,2,12,0,2016,12,11,4,3,4,2,0,0,0,1,0,1,0,0,4.59682E+20,5.42715E+21,8.44883E+15,4.89959E+16
121653,121654,8,1,36,88,2016,12,0,1,3,1,1,2,1,0,1,0,1,0,0,5.81488E+20,5.41291E+21,1.01111E+16,4.88638E+16
121654,121655,8,1,17,44,2016,12,12,6,3,5,3,0,0,0,1,0,0,0,0,5.38689E+20,5.39147E+21,9.52554E+15,4.8675E+16
121655,121656,8,3,37,128,2016,12,18,7,3,0,1,2,2,0,1,0,0,0,0,4.46817E+20,5.28133E+21,8.29138E+15,4.76831E+16
121656,121657,8,1,16,49,2016,12,21,2,3,1,5,2,0,0,1,0,0,1,0,5.25541E+20,5.38419E+21,9.3465E+15,4.86102E+16
121657,121658,8,1,18,46,2016,12,6,5,3,5,2,2,1,0,1,0,0,0,0,5.14327E+20,5.412E+21,9.19534E+15,4.88608E+16
121658,121659,8,3,27,50,2016,12,7,4,3,4,2,1,1,1,1,0,0,0,0,4.86998E+20,5.31449E+21,8.82575E+15,4.79836E+16
121659,121660,8,3,11,0,2016,12,21,3,3,9,1,2,1,0,0,0,1,0,0,4.10701E+20,5.3179E+21,7.8027E+15,4.80082E+16
121660,121661,8,2,22,0,2016,12,15,5,3,1,5,0,0,0,1,0,0,0,0,4.6476E+20,5.47731E+21,8.51383E+15,4.94474E+16
121661,121662,8,2,22,0,2016,12,9,7,3,8,7,0,0,0,1,0,0,0,0,4.63769E+20,5.4827E+21,8.49967E+15,4.94959E+16
121662,121663,8,1,16,33,2016,12,6,2,3,5,3,2,1,0,1,0,0,0,0,5.31534E+20,5.38809E+21,9.4281E+15,4.86451E+16
121663,121664,8,2,12,0,2016,12,18,3,3,0,3,2,0,0,1,0,0,0,1,4.54632E+20,5.42866E+21,8.37962E+15,4.90092E+16
121664,121665,8,1,36,88,2016,12,7,4,2,6,4,1,1,0,1,1,0,0,0,5.76886E+20,5.41502E+21,1.00487E+16,4.88834E+16
121665,121666,8,2,22,0,2016,12,21,5,3,6,7,2,0,1,0,1,0,0,0,4.61469E+20,5.48203E+21,8.46797E+15,4.94897E+16
121666,121667,8,4,21,0,2016,12,16,7,3,1,6,0,0,0,1,0,0,0,0,5.7191E+20,5.36148E+21,9.97159E+15,4.84023E+16
121667,121668,8,1,28,61,2016,12,16,3,2,9,1,1,1,0,1,0,0,0,0,5.43318E+20,5.49657E+21,9.59972E+15,4.96201E+16
121668,121669,8,1,16,19,2016,12,12,3,3,5,2,0,0,0,1,0,1,0,0,5.20925E+20,5.39807E+21,9.28458E+15,4.87353E+16
121669,121670,8,1,15,29,2016,12,15,2,2,9,1,0,1,0,1,0,0,0,0,4.96668E+20,5.40022E+21,8.95466E+15,4.8755E+16
121670,121671,8,4,17,75,2016,12,3,6,3,8,1,2,1,0,1,0,0,0,0,5.11095E+20,5.33612E+21,9.14924E+15,4.81783E+16
121671,121672,8,1,17,17,2016,12,20,5,3,1,5,2,1,0,1,0,0,1,0,5.47369E+20,5.38844E+21,9.6431E+15,4.86472E+16
121672,121673,8,3,17,65,2016,12,12,4,3,6,4,0,0,1,0,1,0,0,0,4.16265E+20,5.35462E+21,7.87004E+15,4.83392E+16
121673,121674,8,2,15,17,2016,12,13,3,3,5,3,0,0,1,0,0,0,0,1,4.56411E+20,5.42103E+21,8.40477E+15,4.89406E+16
121674,121675,8,1,11,0,2016,12,17,6,3,0,1,2,0,0,1,0,1,0,0,5.1138E+20,5.4028E+21,9.1549E+15,4.87781E+16
121675,121676,8,1,36,65,2016,12,17,7,3,1,1,2,0,0,1,0,0,0,0,5.5926E+20,5.40568E+21,9.807E+15,4.88013E+16
121676,121677,8,1,11,0,2016,12,20,2,3,5,3,2,0,1,1,0,0,0,0,5.11519E+20,5.40275E+21,9.15679E+15,4.87777E+16
121677,121678,8,4,15,61,2016,12,18,2,3,6,2,2,1,0,1,1,0,0,0,5.16301E+20,5.37338E+21,9.22073E+15,4.85134E+16
121678,121679,8,3,17,89,2016,12,17,6,3,6,7,2,0,0,1,1,0,0,0,4.31963E+20,5.37582E+21,8.0784E+15,4.85318E+16
121679,121680,8,1,18,46,2016,12,11,3,3,5,3,0,1,0,1,0,1,0,0,5.13475E+20,5.41247E+21,9.18373E+15,4.88651E+16
121680,121681,8,1,11,0,2016,12,7,3,1,6,4,2,0,0,0,1,0,0,1,5.18509E+20,5.40115E+21,9.25187E+15,4.87631E+16
121681,121682,8,1,11,0,2016,12,15,2,3,2,6,0,0,0,1,0,0,0,0,5.08416E+20,5.39839E+21,9.11447E+15,4.87385E+16
121682,121683,8,3,35,75,2016,12,5,6,2,5,2,2,0,1,1,0,0,0,0,4.89029E+20,5.28925E+21,8.85361E+15,4.77565E+16
121683,121684,8,1,11,0,2016,12,16,5,3,4,6,1,1,1,1,0,0,0,0,5.19469E+20,5.40164E+21,9.26494E+15,4.87674E+16
121684,121685,8,3,17,57,2016,12,16,4,3,0,7,1,0,1,0,0,0,0,0,4.16204E+20,5.37988E+21,7.86416E+15,4.85664E+16
121685,121686,8,2,12,0,2016,12,12,3,3,0,3,0,1,0,0,0,0,0,1,4.55391E+20,5.42707E+21,8.39017E+15,4.89949E+16
121686,121687,8,2,15,9,2016,12,21,6,3,2,6,2,0,0,1,0,1,0,0,4.69537E+20,5.43598E+21,8.58287E+15,4.90759E+16
121687,121688,8,4,17,79,2016,12,18,5,3,5,3,2,0,0,1,0,1,0,0,4.99912E+20,5.33977E+21,8.99882E+15,4.82112E+16
121688,121689,8,3,36,50,2016,12,10,7,3,5,3,0,0,0,1,0,0,0,0,3.99356E+20,5.27345E+21,7.66094E+15,4.76066E+16
121689,121690,8,1,18,79,2016,12,15,7,3,0,1,0,0,1,0,0,0,0,0,5.1077E+20,5.42168E+21,9.14709E+15,4.8948E+16
121690,121691,8,4,35,29,2016,12,3,1,3,8,1,2,2,0,1,0,0,0,0,5.44045E+20,5.2728E+21,9.58601E+15,4.76071E+16
121691,121692,8,2,35,46,2016,12,7,3,2,2,2,2,0,0,1,0,0,0,0,4.79195E+20,5.3772E+21,8.7181E+15,4.85476E+16
121692,121693,8,1,35,19,2016,12,10,4,3,2,6,0,1,0,1,0,0,0,0,5.83812E+20,5.39269E+21,1.01386E+16,4.86816E+16
121693,121694,8,2,22,0,2016,12,19,1,3,6,4,2,0,0,1,1,0,0,0,4.61781E+20,5.48411E+21,8.47207E+15,4.95084E+16
121694,121695,8,1,35,19,2016,12,13,4,3,2,6,0,0,0,1,0,0,0,0,5.85133E+20,5.39187E+21,1.01564E+16,4.8674E+16
121695,121696,8,3,17,57,2016,12,13,4,2,1,5,0,0,1,1,0,0,0,0,4.12501E+20,5.38041E+21,7.81386E+15,4.85707E+16
121696,121697,8,2,31,0,2016,12,15,3,2,6,4,0,0,0,0,1,0,0,1,4.77884E+20,5.41546E+21,8.69828E+15,4.88917E+16
121697,121698,8,2,22,0,2016,12,16,6,3,8,2,0,0,0,1,1,0,0,0,4.61366E+20,5.482E+21,8.46655E+15,4.94894E+16
121698,121699,8,3,37,96,2016,12,10,5,2,6,7,0,0,0,0,1,0,0,1,4.20853E+20,5.26706E+21,7.94805E+15,4.75521E+16
121699,121700,8,4,21,0,2016,12,20,1,3,5,3,2,1,0,1,0,0,0,0,5.70754E+20,5.36223E+21,9.95609E+15,4.84093E+16
121700,121701,8,3,16,53,2016,12,13,2,2,5,3,0,0,1,1,0,0,0,0,4.04472E+20,5.34216E+21,7.71377E+15,4.82255E+16
121701,121702,8,2,36,46,2016,12,20,3,3,5,3,2,0,0,1,0,0,0,0,4.84324E+20,5.41831E+21,8.78603E+15,4.89175E+16
121702,121703,8,1,27,25,2016,12,7,4,3,2,7,1,0,1,1,0,0,0,0,5.56439E+20,5.42818E+21,9.7717E+15,4.90039E+16
121703,121704,8,1,28,7,2016,12,19,1,2,6,4,2,1,0,1,1,0,0,0,5.55758E+20,5.48241E+21,9.76994E+15,4.94918E+16
121704,121705,8,1,15,45,2016,12,10,6,3,5,3,0,0,0,1,0,0,0,0,5.01321E+20,5.39556E+21,9.01795E+15,4.87131E+16
121705,121706,8,1,35,16,2016,12,7,3,3,0,1,2,2,0,0,0,1,0,0,5.91454E+20,5.38644E+21,1.02411E+16,4.86243E+16
121706,121707,8,1,16,19,2016,12,6,3,3,6,4,2,0,0,1,1,0,0,0,5.20148E+20,5.39945E+21,9.27409E+15,4.87478E+16
121707,121708,8,4,17,79,2016,12,11,1,3,9,1,0,2,0,1,0,0,0,0,5.02915E+20,5.3394E+21,9.03923E+15,4.82078E+16
121708,121709,8,4,26,66,2016,12,22,6,3,1,5,2,1,0,1,0,0,0,0,5.84471E+20,5.32483E+21,1.0134E+16,4.80712E+16
121709,121710,8,1,11,0,2016,12,12,5,3,6,4,0,0,0,1,1,0,0,0,5.12816E+20,5.40858E+21,9.17462E+15,4.88301E+16
121710,121711,8,2,15,17,2016,12,17,6,3,2,6,2,1,0,1,0,0,0,0,4.55468E+20,5.42283E+21,8.39169E+15,4.89567E+16
121711,121712,8,3,17,34,2016,12,16,5,3,0,7,1,0,1,0,0,0,0,0,4.27275E+20,5.36183E+21,8.01735E+15,4.84054E+16
121712,121713,8,3,26,74,2016,12,6,7,3,6,4,2,0,0,1,1,0,0,0,4.64927E+20,5.32394E+21,8.52921E+15,4.80678E+16
121713,121714,8,4,15,61,2016,12,16,1,3,6,4,1,1,0,1,1,0,0,0,5.1675E+20,5.37064E+21,9.2267E+15,4.84887E+16
121714,121715,8,1,11,0,2016,12,10,5,3,6,4,0,0,0,1,1,0,0,0,5.15634E+20,5.40729E+21,9.21298E+15,4.88184E+16
121715,121716,8,2,25,14,2016,12,6,3,3,9,1,2,2,0,1,0,0,0,0,5.19489E+20,5.47976E+21,9.26899E+15,4.94702E+16
121716,121717,8,2,22,0,2016,12,19,5,3,6,7,2,0,1,0,1,0,0,0,4.61863E+20,5.48149E+21,8.47347E+15,4.94849E+16
121717,121718,8,3,35,63,2016,12,19,7,3,5,3,2,0,1,1,0,0,0,0,4.99156E+20,5.28665E+21,8.98874E+15,4.77333E+16
121718,121719,8,1,19,86,2016,12,18,3,3,5,2,2,0,0,1,0,0,0,0,5.34899E+20,5.40629E+21,9.47532E+15,4.88086E+16
121719,121720,8,1,11,0,2016,12,10,3,3,6,4,0,1,0,1,1,0,0,0,5.11061E+20,5.39745E+21,9.15041E+15,4.87299E+16
121720,121721,8,3,26,74,2016,12,13,1,3,5,3,0,1,0,1,0,0,0,0,4.5924E+20,5.32334E+21,8.45293E+15,4.8062E+16
121721,121722,8,4,16,41,2016,12,7,6,3,6,4,1,1,0,1,1,0,0,0,5.03827E+20,5.37318E+21,9.05181E+15,4.85117E+16
121722,121723,8,1,11,0,2016,12,17,5,3,0,2,2,0,0,1,0,0,0,1,5.13346E+20,5.40335E+21,9.18168E+15,4.8783E+16
121723,121724,8,3,36,91,2016,12,16,4,2,0,1,0,0,0,0,0,1,0,0,3.96442E+20,5.27373E+21,7.62211E+15,4.76087E+16
121724,121725,8,2,22,0,2016,12,7,3,3,3,6,1,0,0,1,0,0,1,0,4.60896E+20,5.48239E+21,8.46003E+15,4.94928E+16
121725,121726,8,3,36,105,2016,12,9,4,3,5,3,0,0,1,1,0,0,0,0,4.00023E+20,5.26696E+21,7.67129E+15,4.75484E+16
121726,121727,8,2,22,0,2016,12,18,3,3,5,2,0,0,1,1,0,0,0,0,4.6262E+20,5.48286E+21,8.48378E+15,4.94973E+16
121727,121728,8,2,21,0,2016,12,19,7,3,2,6,2,0,0,1,0,0,0,0,4.78655E+20,5.47303E+21,8.70575E+15,4.94096E+16
121728,121729,8,3,26,74,2016,12,10,1,3,6,1,0,2,0,1,1,0,0,0,4.59842E+20,5.32306E+21,8.46104E+15,4.80596E+16
121729,121730,8,1,17,26,2016,12,12,3,3,2,6,0,0,0,1,0,0,0,1,5.49942E+20,5.39581E+21,9.67892E+15,4.87133E+16
121730,121731,8,4,16,25,2016,12,7,2,3,5,2,1,1,1,1,0,0,0,0,5.0507E+20,5.3618E+21,9.06851E+15,4.84094E+16
121731,121732,8,3,17,40,2016,12,8,6,3,6,7,0,1,0,1,1,0,0,0,4.32752E+20,5.34761E+21,8.09361E+15,4.82781E+16
121732,121733,8,1,25,65,2016,12,20,4,3,0,7,2,0,0,0,1,0,0,1,5.16737E+20,5.44792E+21,9.22968E+15,4.91839E+16
121733,121734,8,3,36,50,2016,12,13,4,3,5,3,0,0,1,0,0,0,0,1,3.99436E+20,5.2737E+21,7.66194E+15,4.76089E+16
121734,121735,8,3,17,1,2016,12,16,3,2,5,3,1,0,1,1,0,0,0,0,4.32039E+20,5.38596E+21,8.07778E+15,4.8623E+16
121735,121736,8,2,31,0,2016,12,16,6,3,2,6,1,0,0,1,0,0,0,0,4.78529E+20,5.416E+21,8.70706E+15,4.88966E+16
121736,121737,8,4,15,61,2016,12,16,5,3,0,1,2,0,1,0,0,0,0,0,5.15556E+20,5.37126E+21,9.21056E+15,4.84943E+16
121737,121738,8,3,26,31,2016,12,10,7,2,9,1,0,0,0,1,0,0,0,0,4.58948E+20,5.33567E+21,8.44783E+15,4.8173E+16
121738,121739,8,1,17,26,2016,12,12,7,3,6,4,0,0,0,1,1,0,0,0,5.4793E+20,5.39475E+21,9.65144E+15,4.87039E+16
121739,121740,8,3,15,6,2016,12,14,1,3,2,6,0,0,0,1,0,0,0,0,4.03464E+20,5.30785E+21,7.70794E+15,4.79167E+16
121740,121741,8,3,11,0,2016,12,12,2,3,6,4,0,0,0,1,1,0,0,0,4.12897E+20,5.31732E+21,7.83225E+15,4.80032E+16
121741,121742,8,1,11,0,2016,12,7,6,3,6,7,1,0,0,0,1,0,0,1,5.08261E+20,5.39711E+21,9.11233E+15,4.8727E+16
121742,121743,8,2,37,28,2016,12,16,7,2,5,3,1,0,0,1,0,0,0,0,4.58461E+20,5.3686E+21,8.43803E+15,4.84692E+16
121743,121744,8,1,26,66,2016,12,10,7,3,5,3,0,0,1,1,0,0,0,0,5.36641E+20,5.449E+21,9.5029E+15,4.91927E+16
121744,121745,8,3,11,0,2016,12,8,1,3,9,1,0,1,0,1,0,0,0,0,4.13497E+20,5.31642E+21,7.84048E+15,4.79952E+16
121745,121746,8,3,35,63,2016,12,11,2,3,0,7,0,0,1,0,0,0,0,0,4.97932E+20,5.2871E+21,8.97242E+15,4.77372E+16
121746,121747,8,3,11,0,2016,12,19,6,3,5,3,2,2,1,0,0,0,0,0,4.13589E+20,5.31733E+21,7.84153E+15,4.80034E+16
121747,121748,8,1,19,76,2016,12,6,4,2,6,2,2,1,0,1,1,0,0,0,5.41543E+20,5.40642E+21,9.56582E+15,4.88094E+16
121748,121749,8,3,11,0,2016,12,0,1,3,5,2,2,0,0,1,0,0,0,0,4.1309E+20,5.31721E+21,7.83486E+15,4.80023E+16
121749,121750,8,1,36,88,2016,12,18,3,3,5,2,2,0,1,0,0,0,0,1,5.79752E+20,5.41141E+21,1.00871E+16,4.88505E+16
121750,121751,8,2,15,9,2016,12,15,6,3,5,3,0,0,1,1,0,0,0,0,4.67452E+20,5.44235E+21,8.55381E+15,4.91331E+16
121751,121752,8,3,27,50,2016,12,17,5,3,1,6,1,1,0,1,0,0,0,0,4.8655E+20,5.31442E+21,8.81975E+15,4.7983E+16
121752,121753,8,3,11,0,2016,12,17,7,3,0,1,2,0,1,0,0,0,0,0,4.13481E+20,5.31525E+21,7.84049E+15,4.79847E+16
121753,121754,8,3,35,75,2016,12,17,2,3,5,3,2,1,0,1,0,0,0,0,4.91322E+20,5.28875E+21,8.88421E+15,4.77521E+16
121754,121755,8,1,15,10,2016,12,17,6,2,6,4,2,1,0,1,1,0,0,0,4.8729E+20,5.38917E+21,8.82741E+15,4.86554E+16
121755,121756,8,3,35,75,2016,12,12,3,2,5,3,0,0,1,0,0,0,1,0,4.8878E+20,5.28972E+21,8.85028E+15,4.77607E+16
121756,121757,8,2,15,101,2016,12,12,2,2,6,5,0,0,0,1,1,0,0,0,4.66963E+20,5.42449E+21,8.54856E+15,4.89724E+16
121757,121758,8,3,17,96,2016,12,6,6,3,4,6,2,0,0,1,0,1,0,0,4.21304E+20,5.36674E+21,7.93576E+15,4.84489E+16
121758,121759,8,2,31,0,2016,12,16,3,3,1,6,1,0,0,1,0,0,0,0,4.78277E+20,5.41527E+21,8.70366E+15,4.889E+16
121759,121760,8,2,25,2,2016,12,9,7,3,5,3,0,1,0,1,0,0,0,0,4.9959E+20,5.46671E+21,8.99435E+15,4.93531E+16
121760,121761,8,1,18,19,2016,12,12,4,2,6,2,0,0,0,1,1,0,0,0,5.05426E+20,5.40611E+21,9.07391E+15,4.88079E+16
121761,121762,8,3,35,43,2016,12,7,2,3,2,6,2,0,1,0,0,0,0,0,5.13766E+20,5.28E+21,9.18338E+15,4.76732E+16
121762,121763,8,2,21,0,2016,12,6,1,3,4,2,2,1,0,1,0,0,0,0,4.75914E+20,5.4741E+21,8.6679E+15,4.94191E+16
121763,121764,8,4,16,36,2016,12,14,3,3,5,3,0,0,0,1,0,0,0,0,4.96069E+20,5.36921E+21,8.94681E+15,4.8476E+16
121764,121765,8,2,26,76,2016,12,0,3,3,0,6,2,0,0,0,0,0,0,1,4.75182E+20,5.46573E+21,8.65833E+15,4.93438E+16
121765,121766,8,2,16,24,2016,12,17,5,2,6,3,2,1,0,1,1,0,0,0,4.45383E+20,5.40886E+21,8.2558E+15,4.88303E+16
121766,121767,8,4,36,82,2016,12,12,4,3,5,3,0,0,1,1,0,0,0,0,5.47192E+20,5.29586E+21,9.63038E+15,4.78143E+16
121767,121768,8,2,16,43,2016,12,17,5,3,5,2,2,0,1,0,0,0,0,1,4.41694E+20,5.4104E+21,8.20532E+15,4.88438E+16
121768,121769,8,2,26,96,2016,12,7,3,3,6,2,1,0,0,1,1,0,0,0,4.75931E+20,5.48931E+21,8.66721E+15,4.95559E+16
121769,121770,8,2,15,39,2016,12,19,5,3,1,5,2,1,0,1,0,0,0,0,4.73287E+20,5.45156E+21,8.63318E+15,4.92163E+16
121770,121771,8,1,36,88,2016,12,17,5,3,6,7,2,0,0,0,1,0,0,1,5.77748E+20,5.40837E+21,1.00592E+16,4.88234E+16
121771,121772,8,2,22,0,2016,12,5,3,3,6,2,2,0,0,1,1,0,0,0,4.61981E+20,5.48501E+21,8.47476E+15,4.95165E+16
121772,121773,8,2,22,0,2016,12,14,7,3,1,5,0,1,0,1,0,0,0,0,4.61741E+20,5.48132E+21,8.4718E+15,4.94833E+16
121773,121774,8,4,36,81,2016,12,7,5,2,5,3,0,1,1,1,0,0,0,0,5.62257E+20,5.28268E+21,9.82971E+15,4.76945E+16
121774,121775,8,1,11,0,2016,12,18,4,3,5,2,2,1,0,1,0,1,0,0,5.08907E+20,5.40683E+21,9.12133E+15,4.88144E+16
121775,121776,8,3,35,75,2016,12,11,2,2,3,6,0,0,1,1,0,0,0,0,4.87577E+20,5.2905E+21,8.8342E+15,4.77677E+16
121776,121777,8,3,35,43,2016,12,14,3,3,8,3,0,0,0,1,0,1,0,0,5.12888E+20,5.27864E+21,9.17166E+15,4.7661E+16
121777,121778,8,2,22,0,2016,12,21,3,3,3,6,2,0,0,1,0,0,0,0,4.61957E+20,5.48217E+21,8.47469E+15,4.9491E+16
121778,121779,8,1,36,65,2016,12,22,5,2,6,4,2,1,0,0,1,0,0,1,5.60266E+20,5.40494E+21,9.82059E+15,4.87946E+16