FID,OBJECTID,ULAND,UREGBEZ,UKREIS,UGEMEINDE,UJAHR,UMONAT,USTUNDE,UWOCHENTAG,UKATEGORIE,UART,UTYP1,ULICHTVERH,IstStrasse,IstRad,IstPKW,IstFuss,IstKrad,IstGkfz,IstSonstig,LINREFX,LINREFY,XGCSWGS84,YGCSWGS84
121779,121780,8,3,16,10,2016,12,20,4,3,8,1,2,0,0,1,0,0,0,0,4.30973E+20,5.33594E+21,8.07153E+15,4.8173E+16
121780,121781,8,1,28,7,2016,12,20,5,2,6,4,2,1,0,1,1,0,0,0,5.56037E+20,5.48259E+21,9.77381E+15,4.94934E+16
121781,121782,8,1,19,67,2016,12,12,6,3,0,4,0,0,0,1,1,0,0,0,5.38901E+20,5.40609E+21,9.5298E+15,4.88066E+16
121782,121783,8,3,26,3,2016,12,20,5,3,5,3,2,1,0,1,0,0,0,0,4.65239E+20,5.32034E+21,8.53369E+15,4.80354E+16
121783,121784,8,3,35,75,2016,12,13,3,3,2,6,0,0,0,1,0,0,0,0,4.89057E+20,5.28988E+21,8.85397E+15,4.77622E+16
121784,121785,8,3,35,75,2016,12,7,2,3,0,3,0,1,1,1,0,0,0,0,4.87987E+20,5.29081E+21,8.83967E+15,4.77705E+16
121785,121786,8,3,17,1,2016,12,19,5,3,0,7,2,1,1,0,0,0,0,0,4.31318E+20,5.38667E+21,8.06787E+15,4.86294E+16
121786,121787,8,4,25,33,2016,12,3,3,3,0,7,2,0,1,0,0,0,0,0,5.51501E+20,5.34823E+21,9.69424E+15,4.82852E+16
121787,121788,8,1,11,0,2016,12,14,2,3,5,3,0,0,0,1,0,0,0,0,5.11619E+20,5.40292E+21,9.15815E+15,4.87792E+16
121788,121789,8,3,25,49,2016,12,17,2,3,6,7,2,1,0,1,1,0,0,0,4.71897E+20,5.33514E+21,8.62202E+15,4.81689E+16
121789,121790,8,1,35,19,2016,12,15,3,3,4,1,0,0,0,1,0,0,0,0,5.86379E+20,5.39168E+21,1.01733E+16,4.86722E+16
121790,121791,8,3,17,96,2016,12,15,6,3,5,3,0,1,1,1,0,0,0,0,4.2042E+20,5.36912E+21,7.92335E+15,4.84702E+16
121791,121792,8,2,22,0,2016,12,15,3,3,1,6,0,0,0,1,0,0,0,0,4.63855E+20,5.48372E+21,8.50076E+15,4.95051E+16
121792,121793,8,2,22,0,2016,12,7,3,3,6,4,2,0,0,1,1,0,0,0,4.61644E+20,5.48133E+21,8.47045E+15,4.94834E+16
121793,121794,8,2,11,0,2016,12,16,4,3,0,6,0,0,0,1,0,0,0,1,4.43927E+20,5.40152E+21,8.23696E+15,4.87642E+16
121794,121795,8,1,27,52,2016,12,15,5,3,5,2,0,0,1,1,0,0,0,0,5.40864E+20,5.43604E+21,9.55955E+15,4.90759E+16
121795,121796,8,3,25,49,2016,12,19,2,3,2,6,2,0,0,1,0,0,0,0,4.72778E+20,5.33434E+21,8.63393E+15,4.81617E+16
121796,121797,8,1,19,20,2016,12,7,6,3,6,4,2,1,0,1,1,0,0,0,5.20077E+20,5.40707E+21,9.27349E+15,4.88163E+16
121797,121798,8,3,27,50,2016,12,7,3,3,6,4,2,1,0,1,1,0,0,0,4.85817E+20,5.31449E+21,8.80993E+15,4.79836E+16
121798,121799,8,3,17,88,2016,12,12,2,3,4,6,0,1,0,1,0,0,0,1,4.37536E+20,5.35769E+21,8.15659E+15,4.83693E+16
121799,121800,8,3,26,74,2016,12,20,2,3,5,3,2,1,0,1,0,0,0,0,4.62692E+20,5.32488E+21,8.49912E+15,4.80761E+16
121800,121801,8,3,17,57,2016,12,17,6,2,5,3,2,1,0,1,0,1,0,0,4.13843E+20,5.37948E+21,7.83225E+15,4.85625E+16
121801,121802,8,2,22,0,2016,12,6,3,3,5,3,2,0,0,1,0,0,0,0,4.63192E+20,5.48434E+21,8.49155E+15,4.95105E+16
121802,121803,8,1,11,0,2016,12,4,3,2,5,3,2,1,0,1,0,1,0,0,5.08674E+20,5.40638E+21,9.11815E+15,4.88104E+16
121803,121804,8,3,15,47,2016,12,15,6,3,4,2,0,1,0,1,0,0,0,0,4.15231E+20,5.32222E+21,7.86257E+15,4.80476E+16
121804,121805,8,2,16,15,2016,12,15,3,3,0,7,0,0,1,0,0,0,0,0,4.49906E+20,5.40609E+21,8.31776E+15,4.88058E+16
121805,121806,8,1,36,65,2016,12,7,4,3,6,4,1,0,0,1,1,0,0,0,5.58207E+20,5.40507E+21,9.79258E+15,4.87959E+16
121806,121807,8,1,15,50,2016,12,14,4,3,6,7,0,0,0,1,1,0,0,0,4.90451E+20,5.39965E+21,8.87009E+15,4.87498E+16
121807,121808,8,1,26,47,2016,12,11,5,3,8,1,0,1,0,1,0,0,0,0,5.49025E+20,5.4501E+21,9.673E+15,4.92017E+16
121808,121809,8,3,17,57,2016,12,22,2,2,9,1,2,0,0,1,0,0,0,0,4.13839E+20,5.37945E+21,7.8322E+15,4.85622E+16
121809,121810,8,1,18,71,2016,12,10,6,3,1,7,0,0,0,1,0,0,0,1,5.0893E+20,5.41896E+21,9.1219E+15,4.89235E+16
121810,121811,8,3,26,74,2016,12,13,3,3,2,6,0,0,0,1,0,0,0,0,4.60596E+20,5.32266E+21,8.47119E+15,4.8056E+16
121811,121812,8,1,26,66,2016,12,19,2,3,5,3,2,1,0,1,0,0,0,0,5.35689E+20,5.44929E+21,9.48986E+15,4.91954E+16
121812,121813,8,3,11,0,2016,12,16,6,3,0,1,0,1,1,0,0,0,0,0,4.13948E+20,5.31642E+21,7.84652E+15,4.79953E+16
121813,121814,8,2,15,7,2016,12,17,3,3,5,3,2,0,0,1,0,0,0,0,4.78334E+20,5.4318E+21,8.70355E+15,4.90387E+16
121814,121815,8,2,21,0,2016,12,14,7,3,2,6,0,1,0,1,0,0,0,0,4.79569E+20,5.47353E+21,8.71833E+15,4.94141E+16
121815,121816,8,3,36,105,2016,12,9,5,3,4,6,0,0,0,1,0,1,0,0,4.01092E+20,5.26705E+21,7.68547E+15,4.75493E+16
121816,121817,8,1,16,33,2016,12,4,4,3,6,4,2,0,0,1,1,0,0,0,5.33277E+20,5.38794E+21,9.45175E+15,4.86436E+16
121817,121818,8,3,16,43,2016,12,7,2,3,5,3,2,0,1,1,0,0,0,0,4.11423E+20,5.33235E+21,7.80938E+15,4.81382E+16
121818,121819,8,1,28,7,2016,12,0,1,3,9,1,2,1,0,1,0,0,0,0,5.54821E+20,5.4827E+21,9.75703E+15,4.94945E+16
121819,121820,8,1,28,7,2016,12,10,7,3,5,3,0,1,0,1,0,0,0,0,5.552E+20,5.48313E+21,9.76232E+15,4.94983E+16
121820,121821,8,1,19,67,2016,12,11,4,3,6,2,0,0,0,0,1,0,0,1,5.38886E+20,5.40605E+21,9.5296E+15,4.88062E+16
121821,121822,8,3,36,50,2016,12,0,2,3,5,3,2,0,1,1,0,0,0,0,4.00069E+20,5.27452E+21,7.67019E+15,4.76163E+16
121822,121823,8,1,17,24,2016,12,8,6,3,5,3,0,0,1,1,0,0,0,0,5.62054E+20,5.38611E+21,9.84211E+15,4.8625E+16
121823,121824,8,1,21,0,2016,12,13,1,3,1,6,0,0,0,1,0,0,0,0,5.16414E+20,5.44503E+21,9.22512E+15,4.91579E+16
121824,121825,8,4,36,12,2016,12,2,3,3,8,1,2,1,0,1,0,0,0,0,5.49442E+20,5.29879E+21,9.66077E+15,4.78406E+16
121825,121826,8,1,19,85,2016,12,15,5,2,5,2,0,0,1,1,0,0,0,0,5.29039E+20,5.41393E+21,9.39605E+15,4.88776E+16
121826,121827,8,1,19,67,2016,12,15,5,3,6,4,0,0,0,1,1,0,0,0,5.3818E+20,5.40594E+21,9.51997E+15,4.88053E+16
121827,121828,8,2,15,103,2016,12,0,3,3,5,3,2,0,1,0,0,0,1,0,4.65206E+20,5.4422E+21,8.52305E+15,4.91316E+16
121828,121829,8,1,21,0,2016,12,9,7,3,5,3,0,0,0,1,0,0,0,0,5.15075E+20,5.44104E+21,9.20661E+15,4.9122E+16
121829,121830,8,3,36,50,2016,12,11,5,3,6,4,0,0,0,1,1,0,0,0,3.99348E+20,5.27395E+21,7.66072E+15,4.76111E+16
121830,121831,8,4,36,64,2016,12,15,3,3,3,6,0,0,1,0,0,0,0,0,5.47383E+20,5.29396E+21,9.63272E+15,4.77972E+16
121831,121832,8,3,25,61,2016,12,15,1,3,6,4,0,0,0,1,1,0,0,0,4.75205E+20,5.35338E+21,8.66545E+15,4.83331E+16
121832,121833,8,3,11,0,2016,12,10,2,3,5,2,0,0,1,1,0,0,0,0,4.14363E+20,5.3178E+21,7.85181E+15,4.80077E+16
121833,121834,8,3,27,50,2016,12,16,3,3,5,3,1,0,0,1,0,0,0,0,4.865E+20,5.31431E+21,8.81909E+15,4.7982E+16
121834,121835,8,1,36,65,2016,12,19,3,3,8,1,2,0,0,1,0,0,0,0,5.58359E+20,5.40576E+21,9.79473E+15,4.88021E+16
121835,121836,8,4,15,61,2016,12,20,3,2,6,4,2,1,0,0,1,0,0,1,5.15311E+20,5.37411E+21,9.20734E+15,4.85199E+16
121836,121837,8,1,36,19,2016,12,16,3,3,6,4,1,0,0,0,1,1,0,0,5.8267E+20,5.4235E+21,1.01293E+16,4.89589E+16
121837,121838,8,1,19,8,2016,12,10,5,3,5,3,0,0,0,1,0,0,0,0,5.32043E+20,5.42049E+21,9.43754E+15,4.89365E+16
121838,121839,8,4,26,87,2016,12,18,4,3,6,2,2,0,0,1,1,0,0,0,5.70505E+20,5.32512E+21,9.94654E+15,4.80755E+16
121839,121840,8,1,17,11,2016,12,22,5,3,9,1,2,2,0,1,0,0,0,0,5.45608E+20,5.40008E+21,9.62048E+15,4.87521E+16
121840,121841,8,1,35,20,2016,12,15,3,3,5,3,0,0,1,1,0,0,0,0,5.86554E+20,5.38617E+21,1.01745E+16,4.86226E+16
121841,121842,8,3,11,0,2016,12,18,5,3,0,3,2,1,1,1,0,0,0,0,4.12905E+20,5.31806E+21,7.8322E+15,4.80099E+16
121842,121843,8,4,15,61,2016,12,7,3,3,5,3,2,0,1,1,0,0,0,0,5.14523E+20,5.36965E+21,9.19652E+15,4.84798E+16
121843,121844,8,3,11,0,2016,12,17,2,3,5,2,2,0,1,1,0,0,0,0,4.14073E+20,5.31797E+21,7.84788E+15,4.80093E+16
121844,121845,8,1,17,26,2016,12,8,3,3,5,3,0,0,0,1,0,1,0,0,5.50861E+20,5.39055E+21,9.69076E+15,4.86659E+16
121845,121846,8,2,12,0,2016,12,9,6,2,5,3,0,1,0,1,0,1,0,0,4.60433E+20,5.42729E+21,8.45907E+15,4.89972E+16
121846,121847,8,2,26,96,2016,12,13,3,3,5,3,0,0,0,1,1,0,0,0,4.75874E+20,5.48891E+21,8.66644E+15,4.95523E+16
121847,121848,8,1,28,7,2016,12,10,3,3,4,6,0,0,0,1,0,0,0,1,5.56887E+20,5.48307E+21,9.78561E+15,4.94976E+16
121848,121849,8,1,19,67,2016,12,2,4,3,6,7,2,0,0,0,1,0,0,1,5.38697E+20,5.40613E+21,9.52702E+15,4.88069E+16
121849,121850,8,2,15,102,2016,12,8,2,3,5,3,0,0,0,1,0,1,0,0,4.54726E+20,5.43621E+21,8.38006E+15,4.90771E+16
121850,121851,8,1,11,0,2016,12,15,6,2,5,2,0,0,0,1,0,0,0,0,5.18205E+20,5.40177E+21,9.24775E+15,4.87686E+16
121851,121852,8,3,16,9,2016,12,8,3,3,0,3,0,1,0,1,0,1,0,0,4.16072E+20,5.32454E+21,7.87339E+15,4.80686E+16
121852,121853,8,2,36,71,2016,12,16,4,3,5,3,1,0,0,1,0,1,0,0,4.68438E+20,5.42309E+21,8.56884E+15,4.89599E+16
121853,121854,8,1,16,80,2016,12,10,5,3,5,3,0,0,0,1,0,0,0,0,5.22115E+20,5.396E+21,9.30065E+15,4.87166E+16
121854,121855,8,1,11,0,2016,12,14,6,3,5,2,0,0,0,1,0,0,0,0,5.16186E+20,5.40527E+21,9.22041E+15,4.88003E+16
121855,121856,8,3,11,0,2016,12,8,5,3,0,1,0,0,1,0,0,0,0,0,4.10422E+20,5.31649E+21,7.79925E+15,4.79954E+16
121856,121857,8,2,16,63,2016,12,12,2,2,0,7,0,0,1,0,0,0,0,0,4.33497E+20,5.40328E+21,8.09477E+15,4.87789E+16
121857,121858,8,4,15,61,2016,12,15,2,3,6,4,0,0,0,1,1,0,0,0,5.15012E+20,5.37141E+21,9.2032E+15,4.84956E+16
121858,121859,8,2,12,0,2016,12,22,6,3,6,4,2,0,0,0,1,0,0,1,4.55764E+20,5.42877E+21,8.39508E+15,4.90102E+16
121859,121860,8,1,27,76,2016,12,12,3,2,6,4,0,0,0,1,1,0,0,0,5.56178E+20,5.43979E+21,9.76974E+15,4.91084E+16
121860,121861,8,1,17,26,2016,12,18,7,3,6,2,2,1,0,1,1,0,0,0,5.47798E+20,5.39542E+21,9.64973E+15,4.871E+16
121861,121862,8,1,21,0,2016,12,12,4,3,5,3,0,0,1,0,1,0,0,0,5.16261E+20,5.4434E+21,9.22295E+15,4.91432E+16
121862,121863,8,1,11,0,2016,12,14,4,3,5,3,0,0,0,1,0,0,0,0,5.18732E+20,5.40331E+21,9.255E+15,4.87825E+16
121863,121864,8,2,35,46,2016,12,16,2,3,2,6,2,0,0,1,0,0,0,0,4.79981E+20,5.37758E+21,8.72874E+15,4.8551E+16
121864,121865,8,1,11,0,2016,12,22,6,2,6,4,2,0,0,1,1,0,0,0,5.14208E+20,5.40471E+21,9.19346E+15,4.87952E+16
121865,121866,8,1,25,6,2016,12,22,1,3,2,2,2,0,0,1,0,0,0,0,5.08179E+20,5.45346E+21,9.11235E+15,4.92339E+16
121866,121867,8,1,16,19,2016,12,15,5,3,6,4,0,0,0,1,1,0,0,0,5.22115E+20,5.3987E+21,9.3008E+15,4.87409E+16
121867,121868,8,2,15,106,2016,12,13,2,3,3,2,0,0,0,1,0,1,0,0,4.66685E+20,5.45466E+21,8.54229E+15,4.92438E+16
121868,121869,8,2,31,0,2016,12,18,6,3,2,6,2,0,0,1,0,0,0,0,4.77312E+20,5.41631E+21,8.69044E+15,4.88993E+16
121869,121870,8,1,25,61,2016,12,8,3,3,5,3,0,0,0,1,0,0,1,0,5.03475E+20,5.44744E+21,9.04768E+15,4.91797E+16
121870,121871,8,1,11,0,2016,12,15,7,3,0,7,0,0,0,1,0,1,0,0,5.18319E+20,5.40152E+21,9.2493E+15,4.87664E+16
121871,121872,8,1,18,63,2016,12,10,4,3,5,3,0,2,1,1,0,0,0,0,5.14657E+20,5.42331E+21,9.20024E+15,4.89625E+16
121872,121873,8,2,25,14,2016,12,19,2,2,5,3,2,0,1,1,0,0,0,0,5.24474E+20,5.48598E+21,9.33819E+15,4.9526E+16
121873,121874,8,1,15,41,2016,12,18,1,3,5,3,2,0,0,1,0,0,0,0,4.92893E+20,5.4024E+21,8.90327E+15,4.87746E+16
121874,121875,8,4,21,0,2016,12,14,3,2,6,4,0,0,0,0,1,0,0,1,5.7355E+20,5.36097E+21,9.99365E+15,4.83976E+16
121875,121876,8,1,25,65,2016,12,18,3,3,5,3,2,0,0,1,0,0,0,0,5.16939E+20,5.44992E+21,9.23253E+15,4.92019E+16
121876,121877,8,1,15,45,2016,12,5,5,3,1,5,2,0,0,1,0,0,0,0,4.99885E+20,5.39623E+21,8.99844E+15,4.87191E+16
121877,121878,8,1,15,21,2016,12,11,5,3,1,3,0,1,0,1,0,0,0,0,4.87956E+20,5.38555E+21,8.83657E+15,4.86229E+16
121878,121879,8,1,15,28,2016,12,18,5,3,6,4,2,1,0,1,1,0,0,0,5.01074E+20,5.40505E+21,9.01463E+15,4.87984E+16
121879,121880,8,1,19,67,2016,12,7,3,3,6,4,1,0,0,0,1,0,0,1,5.38651E+20,5.40611E+21,9.5264E+15,4.88068E+16
121880,121881,8,3,11,0,2016,12,13,5,3,1,1,0,0,0,1,0,0,0,1,4.1255E+20,5.31535E+21,7.82801E+15,4.79854E+16
121881,121882,8,4,21,0,2016,12,16,3,3,5,3,1,0,1,0,0,0,0,1,5.73552E+20,5.36097E+21,9.99368E+15,4.83976E+16
121882,121883,8,1,11,0,2016,12,16,5,3,0,4,2,0,0,0,1,0,0,1,5.12085E+20,5.40269E+21,9.16449E+15,4.87771E+16
121883,121884,8,1,19,20,2016,12,12,3,3,6,4,0,0,0,1,1,0,0,0,5.20554E+20,5.40631E+21,9.27994E+15,4.88094E+16
121884,121885,8,1,11,0,2016,12,5,7,3,5,3,2,0,0,1,0,0,0,0,5.11334E+20,5.40196E+21,9.15425E+15,4.87705E+16
121885,121886,8,2,12,0,2016,12,22,5,3,5,2,2,1,0,1,0,0,0,1,4.56377E+20,5.42446E+21,8.40393E+15,4.89715E+16
121886,121887,8,1,15,3,2016,12,11,4,3,5,3,0,0,0,1,0,0,0,0,4.99089E+20,5.3923E+21,8.98762E+15,4.86838E+16
121887,121888,8,2,21,0,2016,12,15,2,3,5,3,0,0,0,1,0,0,0,0,4.77318E+20,5.47082E+21,8.68745E+15,4.93896E+16
121888,121889,8,3,35,43,2016,12,11,3,3,5,2,0,0,1,1,0,0,0,0,5.12017E+20,5.28033E+21,9.1601E+15,4.76762E+16
121889,121890,8,1,18,40,2016,12,7,3,2,6,4,1,0,0,1,1,0,0,0,5.09997E+20,5.43202E+21,9.13679E+15,4.9041E+16
121890,121891,8,4,36,11,2016,12,15,4,3,2,6,0,0,0,1,0,0,0,0,5.48508E+20,5.29696E+21,9.64809E+15,4.78242E+16
121891,121892,8,3,35,75,2016,12,16,4,3,5,2,1,0,0,1,0,1,0,0,4.88217E+20,5.28879E+21,8.84279E+15,4.77524E+16
121892,121893,8,4,35,66,2016,12,9,4,3,8,7,0,1,0,1,0,0,0,0,5.1746E+20,5.28567E+21,9.23283E+15,4.77242E+16
121893,121894,8,4,36,55,2016,12,11,5,3,5,3,0,0,1,1,0,0,0,0,5.76206E+20,5.29746E+21,1.00182E+16,4.7826E+16
121894,121895,8,2,26,98,2016,12,11,5,3,1,6,0,0,0,1,0,0,0,0,4.7775E+20,5.45994E+21,8.69401E+15,4.92918E+16
121895,121896,8,3,35,75,2016,12,14,3,3,4,2,0,0,1,1,0,0,0,0,4.87723E+20,5.2904E+21,8.83615E+15,4.77669E+16
121896,121897,8,2,21,0,2016,12,10,2,3,5,3,0,0,0,1,0,0,0,0,4.7711E+20,5.47434E+21,8.68437E+15,4.94213E+16
121897,121898,8,1,15,45,2016,12,14,3,2,0,7,0,0,0,0,1,0,0,1,5.00025E+20,5.39477E+21,9.00034E+15,4.87059E+16
121898,121899,8,2,26,37,2016,12,12,6,3,5,3,0,0,0,1,0,0,0,0,4.66704E+20,5.46857E+21,8.54138E+15,4.9369E+16
121899,121900,8,2,21,0,2016,12,18,2,3,4,2,2,0,1,1,0,0,0,0,4.7682E+20,5.47029E+21,8.68062E+15,4.93848E+16
121900,121901,8,2,15,105,2016,12,7,3,3,0,1,1,2,0,0,0,1,0,0,4.5766E+20,5.44109E+21,8.41972E+15,4.91212E+16
121901,121902,8,2,22,0,2016,12,19,6,3,1,7,2,1,0,1,0,1,0,0,4.62966E+20,5.48237E+21,8.48861E+15,4.94928E+16
121902,121903,8,3,11,0,2016,12,11,3,3,2,6,0,0,0,1,0,0,1,0,4.13689E+20,5.32041E+21,7.84225E+15,4.80312E+16
121903,121904,8,1,17,26,2016,12,7,3,3,2,7,0,0,0,1,0,0,0,0,5.49311E+20,5.39756E+21,9.67055E+15,4.87291E+16
121904,121905,8,2,22,0,2016,12,17,4,3,3,6,1,0,0,1,0,0,0,0,4.6494E+20,5.4789E+21,8.51617E+15,4.94617E+16
121905,121906,8,4,21,0,2016,12,8,4,2,4,2,0,0,1,1,0,0,0,0,5.73563E+20,5.36189E+21,9.99399E+15,4.84058E+16
121906,121907,8,2,15,100,2016,12,20,2,3,5,3,2,0,1,1,0,0,0,0,4.73786E+20,5.45008E+21,8.64013E+15,4.92029E+16
121907,121908,8,4,25,50,2016,12,18,5,1,6,4,2,1,0,1,1,0,0,0,5.57895E+20,5.3466E+21,9.7802E+15,4.827E+16
121908,121909,8,2,12,0,2016,12,10,3,2,0,2,0,0,0,1,0,0,0,1,4.60767E+20,5.4275E+21,8.46361E+15,4.89991E+16
121909,121910,8,2,16,43,2016,12,19,2,3,5,2,2,0,1,1,0,0,0,0,4.41928E+20,5.41296E+21,8.20814E+15,4.88669E+16
121910,121911,8,3,35,43,2016,12,14,2,3,2,2,0,0,0,1,0,0,0,0,5.13862E+20,5.28003E+21,9.18466E+15,4.76735E+16
121911,121912,8,2,22,0,2016,12,20,6,3,5,3,2,0,1,1,0,0,0,0,4.61746E+20,5.48303E+21,8.4717E+15,4.94987E+16
121912,121913,8,1,16,77,2016,12,9,3,3,2,6,0,0,0,1,0,0,0,0,5.14508E+20,5.39167E+21,9.19708E+15,4.86779E+16
121913,121914,8,4,37,104,2016,12,14,6,3,2,2,0,1,0,1,0,0,0,0,5.16796E+20,5.32362E+21,9.22545E+15,4.80656E+16
121914,121915,8,1,19,79,2016,12,17,4,3,4,6,2,0,0,1,0,0,0,0,5.25886E+20,5.40793E+21,9.35267E+15,4.88238E+16
121915,121916,8,1,16,47,2016,12,17,3,3,5,3,2,0,1,1,0,0,0,0,5.1968E+20,5.3924E+21,9.26737E+15,4.86843E+16
121916,121917,8,1,36,42,2016,12,10,4,3,5,3,0,0,0,1,0,0,0,1,5.48073E+20,5.40474E+21,9.65456E+15,4.87938E+16
121917,121918,8,1,18,10,2016,12,13,4,3,5,3,0,0,0,1,0,0,0,0,5.08651E+20,5.43003E+21,9.11833E+15,4.90231E+16
121918,121919,8,4,21,0,2016,12,13,4,3,0,3,0,0,1,0,1,0,0,0,5.73658E+20,5.36113E+21,9.99514E+15,4.83991E+16
121919,121920,8,2,16,43,2016,12,8,2,2,5,3,0,0,1,0,0,0,1,0,4.41367E+20,5.41216E+21,8.20061E+15,4.88596E+16
121920,121921,8,4,21,0,2016,12,12,5,3,2,6,0,1,0,1,0,0,0,0,5.71777E+20,5.35982E+21,9.9695E+15,4.83874E+16
121921,121922,8,2,12,0,2016,12,23,3,3,3,6,2,0,1,1,0,0,0,0,4.5642E+20,5.42736E+21,8.40421E+15,4.89976E+16
121922,121923,8,1,36,9,2016,12,20,2,3,1,5,2,1,0,1,0,0,0,0,5.67818E+20,5.40813E+21,9.92393E+15,4.88224E+16
121923,121924,8,2,21,0,2016,12,10,6,3,5,2,0,0,0,1,0,0,0,1,4.75091E+20,5.47143E+21,8.65673E+15,4.93951E+16
121924,121925,8,1,16,78,2016,12,20,3,2,6,4,2,0,0,1,1,0,0,0,5.10181E+20,5.39398E+21,9.13836E+15,4.86988E+16
121925,121926,8,4,37,104,2016,12,6,6,3,8,1,2,2,0,1,0,0,0,0,5.09801E+20,5.32954E+21,9.13169E+15,4.81191E+16
121926,121927,8,2,26,84,2016,12,18,5,3,6,2,2,1,0,1,1,0,0,0,4.69188E+20,5.47031E+21,8.57545E+15,4.93847E+16
121927,121928,8,1,17,26,2016,12,10,4,3,5,3,0,0,0,1,0,0,0,0,5.48077E+20,5.39508E+21,9.65348E+15,4.87069E+16
121928,121929,8,1,36,38,2016,12,15,2,3,3,2,0,0,1,1,0,0,0,0,5.91311E+20,5.41394E+21,1.02452E+16,4.88717E+16
121929,121930,8,3,37,116,2016,12,10,7,3,2,6,0,1,0,1,0,0,0,0,4.18275E+20,5.27311E+21,7.91267E+15,4.76062E+16
121930,121931,8,4,15,61,2016,12,11,3,3,6,7,0,0,0,1,1,0,0,0,5.11987E+20,5.37122E+21,9.16225E+15,4.8494E+16
121931,121932,8,1,11,0,2016,12,18,3,3,6,4,2,0,0,1,1,0,0,0,5.07491E+20,5.3986E+21,9.10189E+15,4.87404E+16
121932,121933,8,1,19,20,2016,12,7,2,3,1,5,1,0,1,1,0,0,0,0,5.19524E+20,5.40881E+21,9.26604E+15,4.88319E+16
121933,121934,8,4,25,14,2016,12,17,5,3,5,3,2,1,0,1,0,0,0,0,5.72769E+20,5.37104E+21,9.98485E+15,4.84883E+16
121934,121935,8,3,17,65,2016,12,12,7,3,6,4,0,1,0,1,1,0,0,0,4.14228E+20,5.35532E+21,7.84242E+15,4.83453E+16
121935,121936,8,1,11,0,2016,12,12,4,2,1,7,0,0,0,1,0,0,0,0,5.13097E+20,5.40209E+21,9.17825E+15,4.87717E+16
121936,121937,8,4,17,51,2016,12,15,4,3,6,7,0,1,0,1,1,0,0,0,4.90876E+20,5.35792E+21,8.8768E+15,4.83743E+16
121937,121938,8,4,16,23,2016,12,22,4,3,5,3,2,0,1,1,0,0,0,0,5.10696E+20,5.37128E+21,9.14478E+15,4.84946E+16
121938,121939,8,1,11,0,2016,12,12,3,3,4,7,0,0,0,1,0,1,0,0,5.11673E+20,5.40926E+21,9.15907E+15,4.88362E+16
121939,121940,8,4,36,81,2016,12,15,6,3,4,2,0,1,1,1,0,0,0,0,5.61818E+20,5.28297E+21,9.8239E+15,4.76971E+16
121940,121941,8,2,26,56,2016,12,16,5,3,5,3,2,1,1,1,0,0,0,0,4.85215E+20,5.47105E+21,8.79626E+15,4.9392E+16
121941,121942,8,1,11,0,2016,12,15,4,3,9,3,0,0,0,1,0,0,0,0,5.06729E+20,5.39848E+21,9.09152E+15,4.87393E+16
121942,121943,8,1,18,48,2016,12,13,2,3,5,3,0,0,1,1,0,0,0,0,5.13179E+20,5.41596E+21,9.17981E+15,4.88964E+16
121943,121944,8,3,35,63,2016,12,19,3,3,6,2,2,0,0,1,1,0,0,0,4.95369E+20,5.28895E+21,8.93821E+15,4.77539E+16
121944,121945,8,1,11,0,2016,12,13,3,3,5,2,0,0,0,0,0,0,0,1,5.18203E+20,5.40176E+21,9.24772E+15,4.87686E+16
121945,121946,8,3,15,15,2016,12,17,4,2,2,1,2,1,0,1,0,1,0,0,3.95276E+20,5.32102E+21,7.59518E+15,4.80339E+16
121946,121947,8,4,15,61,2016,12,7,4,3,5,2,2,0,1,1,0,0,0,0,5.16309E+20,5.37146E+21,9.22075E+15,4.8496E+16
121947,121948,8,3,37,96,2016,12,10,4,2,0,7,0,1,1,0,0,0,0,0,4.20586E+20,5.26727E+21,7.94447E+15,4.7554E+16
121948,121949,8,4,35,16,2016,12,16,4,2,0,7,0,0,1,0,0,0,0,0,5.36119E+20,5.2775E+21,9.48095E+15,4.76498E+16
121949,121950,8,3,16,11,2016,12,19,4,3,2,6,2,1,1,1,0,0,0,0,4.12588E+20,5.33112E+21,7.82528E+15,4.81273E+16
121950,121951,8,1,11,0,2016,12,7,3,3,5,3,1,0,1,1,0,0,0,0,5.11395E+20,5.40613E+21,9.15519E+15,4.88081E+16
121951,121952,8,4,35,16,2016,12,17,6,3,1,6,2,0,0,1,0,0,0,0,5.36118E+20,5.27845E+21,9.48102E+15,4.76585E+16
121952,121953,8,2,22,0,2016,12,22,5,3,5,3,2,1,0,1,0,0,0,1,4.60304E+20,5.48821E+21,8.45126E+15,4.95452E+16
121953,121954,8,4,16,41,2016,12,16,3,3,0,7,1,0,0,0,0,1,0,0,5.02893E+20,5.37547E+21,9.03918E+15,4.85323E+16
121954,121955,8,1,18,80,2016,12,23,2,3,5,3,2,0,0,1,0,0,0,0,5.09264E+20,5.40872E+21,9.12623E+15,4.88314E+16