FID,OBJECTID,ULAND,UREGBEZ,UKREIS,UGEMEINDE,UJAHR,UMONAT,USTUNDE,UWOCHENTAG,UKATEGORIE,UART,UTYP1,ULICHTVERH,IstStrasse,IstRad,IstPKW,IstFuss,IstKrad,IstGkfz,IstSonstig,LINREFX,LINREFY,XGCSWGS84,YGCSWGS84
121955,121956,8,1,19,79,2016,12,17,3,3,6,3,2,0,0,0,1,1,0,0,5.2317E+20,5.40859E+21,9.31571E+15,4.88299E+16
121956,121957,8,2,21,0,2016,12,11,6,3,5,3,0,0,0,1,0,0,0,1,4.76873E+20,5.47165E+21,8.68127E+15,4.93971E+16
121957,121958,8,2,26,9,2016,12,9,3,3,2,2,0,0,1,1,0,0,0,0,4.65796E+20,5.47288E+21,8.52851E+15,4.94076E+16
121958,121959,8,4,26,73,2016,12,6,2,3,5,3,1,1,1,1,0,0,0,0,5.66461E+20,5.33725E+21,9.89416E+15,4.81851E+16
121959,121960,8,2,11,0,2016,12,18,4,3,6,4,2,0,0,1,1,0,0,0,4.4083E+20,5.40348E+21,8.19455E+15,4.87815E+16
121960,121961,8,1,16,19,2016,12,21,2,3,5,3,2,0,0,1,0,0,0,0,5.23109E+20,5.39986E+21,9.31439E+15,4.87513E+16
121961,121962,8,4,16,41,2016,12,11,5,3,4,6,0,0,1,1,0,0,0,0,5.02875E+20,5.37546E+21,9.03894E+15,4.85323E+16
121962,121963,8,2,37,30,2016,12,6,3,3,5,3,2,0,0,1,0,0,0,0,4.63161E+20,5.36527E+21,8.5019E+15,4.84395E+16
121963,121964,8,4,16,41,2016,12,14,5,3,0,1,0,1,0,0,0,1,0,0,5.03388E+20,5.3751E+21,9.04589E+15,4.8529E+16
121964,121965,8,2,22,0,2016,12,18,5,3,5,3,2,1,0,1,0,0,0,0,4.61655E+20,5.48053E+21,8.47068E+15,4.94762E+16
121965,121966,8,3,35,43,2016,12,15,3,3,6,6,0,0,0,0,1,0,0,1,5.12124E+20,5.2808E+21,9.16154E+15,4.76805E+16
121966,121967,8,1,15,41,2016,12,17,2,3,6,7,2,0,0,1,1,0,0,0,4.95494E+20,5.40168E+21,8.93867E+15,4.87681E+16
121967,121968,8,1,11,0,2016,12,16,3,3,5,3,2,0,0,1,0,0,0,0,5.15262E+20,5.40348E+21,9.20776E+15,4.87841E+16
121968,121969,8,4,26,70,2016,12,13,2,3,8,1,0,0,1,0,0,0,0,0,5.65252E+20,5.34101E+21,9.87847E+15,4.82189E+16
121969,121970,8,1,36,28,2016,12,16,4,3,5,2,0,0,0,1,0,0,0,0,5.68412E+20,5.40579E+21,9.93163E+15,4.88014E+16
121970,121971,8,1,11,0,2016,12,12,4,2,6,7,0,0,0,1,1,0,0,0,5.13252E+20,5.40446E+21,9.18044E+15,4.8793E+16
121971,121972,8,3,15,15,2016,12,11,4,3,0,1,0,0,0,0,1,0,0,1,3.94452E+20,5.32047E+21,7.58426E+15,4.80288E+16
121972,121973,8,1,15,3,2016,12,5,2,3,5,3,2,1,0,1,0,0,0,0,4.99642E+20,5.39148E+21,8.99513E+15,4.86764E+16
121973,121974,8,4,15,61,2016,12,22,5,3,1,1,2,2,0,1,0,0,0,0,5.17421E+20,5.37339E+21,9.23589E+15,4.85134E+16
121974,121975,8,2,31,0,2016,12,18,3,2,6,7,2,0,0,0,1,0,0,1,4.76015E+20,5.41477E+21,8.67283E+15,4.88854E+16
121975,121976,8,1,19,85,2016,12,21,2,3,6,7,2,1,0,1,1,0,0,0,5.29818E+20,5.41319E+21,9.40662E+15,4.8871E+16
121976,121977,8,3,15,108,2016,12,9,4,2,0,1,0,0,0,0,0,1,0,0,4.05206E+20,5.30415E+21,7.73207E+15,4.78837E+16
121977,121978,8,3,11,0,2016,12,11,4,3,3,2,0,0,1,1,0,0,0,0,4.14488E+20,5.31808E+21,7.85342E+15,4.80103E+16
121978,121979,8,4,26,128,2016,12,6,2,3,2,6,2,1,0,1,0,0,0,0,5.60353E+20,5.33106E+21,9.81111E+15,4.813E+16
121979,121980,8,3,36,91,2016,12,16,6,3,3,6,0,0,1,1,0,0,0,0,3.96103E+20,5.27195E+21,7.61802E+15,4.75926E+16
121980,121981,8,3,17,100,2016,12,17,2,3,0,6,2,0,1,0,0,0,0,0,4.24E+20,5.3663E+21,7.9723E+15,4.84452E+16
121981,121982,8,2,16,43,2016,12,10,6,3,5,3,0,1,1,1,0,0,0,0,4.41611E+20,5.41202E+21,8.20395E+15,4.88584E+16
121982,121983,8,4,21,0,2016,12,16,2,3,2,6,1,0,0,1,0,0,0,0,5.73066E+20,5.36093E+21,9.98711E+15,4.83973E+16
121983,121984,8,3,26,17,2016,12,12,6,3,6,2,0,1,0,1,1,0,0,0,4.40813E+20,5.32242E+21,8.20575E+15,4.80523E+16
121984,121985,8,1,19,8,2016,12,12,4,3,5,3,0,0,1,0,0,0,0,1,5.30763E+20,5.41965E+21,9.42E+15,4.8929E+16
121985,121986,8,1,11,0,2016,12,21,2,3,5,1,2,0,0,1,0,0,0,0,5.16153E+20,5.40547E+21,9.21998E+15,4.8802E+16
121986,121987,8,3,11,0,2016,12,11,7,3,6,4,0,0,0,1,1,0,0,0,4.146E+20,5.31681E+21,7.85518E+15,4.79989E+16
121987,121988,8,4,21,0,2016,12,17,3,3,6,4,2,0,0,1,1,0,0,0,5.71E+20,5.36268E+21,9.95949E+15,4.84132E+16
121988,121989,8,2,12,0,2016,12,16,4,3,6,4,2,0,0,1,1,0,0,0,4.5521E+20,5.43109E+21,8.38725E+15,4.90311E+16
121989,121990,8,1,16,77,2016,12,12,5,3,0,6,0,0,0,1,0,0,0,0,5.1517E+20,5.38913E+21,9.20598E+15,4.86551E+16
121990,121991,8,2,12,0,2016,12,12,4,3,5,2,0,0,1,1,0,0,0,0,4.53575E+20,5.42893E+21,8.36513E+15,4.90115E+16
121991,121992,8,4,21,0,2016,12,16,2,3,3,2,2,1,1,0,0,0,0,1,5.71388E+20,5.36078E+21,9.96441E+15,4.83961E+16
121992,121993,8,3,17,151,2016,12,6,6,2,0,1,2,1,1,0,0,0,0,0,4.11503E+20,5.36601E+21,7.80339E+15,4.8441E+16
121993,121994,8,2,22,0,2016,12,9,5,2,0,7,0,0,1,0,0,0,0,0,4.63285E+20,5.48684E+21,8.4926E+15,4.9533E+16
121994,121995,8,4,21,0,2016,12,9,3,3,4,2,0,0,0,1,0,0,0,0,5.70638E+20,5.36112E+21,9.95433E+15,4.83993E+16
121995,121996,8,1,11,0,2016,12,16,2,3,6,6,2,0,0,1,1,0,0,0,5.16226E+20,5.40332E+21,9.22088E+15,4.87827E+16
121996,121997,8,2,22,0,2016,12,17,5,3,5,2,2,0,0,1,0,0,0,1,4.62575E+20,5.48468E+21,8.48298E+15,4.95136E+16
121997,121998,8,1,16,19,2016,12,7,4,3,8,1,0,1,0,1,0,0,0,0,5.22451E+20,5.39947E+21,9.30541E+15,4.87479E+16
121998,121999,8,4,37,105,2016,12,23,1,3,6,7,2,1,0,1,1,0,0,0,5.19742E+20,5.32361E+21,9.26499E+15,4.80655E+16
121999,122000,8,3,35,99,2016,12,15,3,3,5,3,0,0,0,1,0,0,0,0,4.94637E+20,5.29821E+21,8.92833E+15,4.78372E+16
122000,122001,8,4,25,33,2016,12,7,2,3,6,4,2,1,0,1,1,0,0,0,5.52917E+20,5.34823E+21,9.71333E+15,4.8285E+16
122001,122002,8,2,35,46,2016,12,7,4,3,0,4,2,0,0,1,1,0,0,0,4.79699E+20,5.37794E+21,8.72489E+15,4.85543E+16
122002,122003,8,3,35,100,2016,12,9,4,3,5,3,0,0,0,1,0,0,0,0,4.88499E+20,5.28631E+21,8.84662E+15,4.773E+16
122003,122004,8,2,31,0,2016,12,18,4,3,6,2,2,0,0,1,1,0,0,0,4.76047E+20,5.41635E+21,8.67317E+15,4.88997E+16
122004,122005,8,4,15,61,2016,12,12,5,3,5,2,0,0,0,1,0,0,0,0,5.15164E+20,5.37136E+21,9.20526E+15,4.84952E+16
122005,122006,8,2,21,0,2016,12,8,5,3,6,4,0,0,0,1,1,0,0,0,4.76135E+20,5.4727E+21,8.67103E+15,4.94065E+16
122006,122007,8,4,15,61,2016,12,16,3,3,2,6,2,0,0,1,0,0,0,0,5.11842E+20,5.37111E+21,9.16028E+15,4.8493E+16
122007,122008,8,4,25,33,2016,12,14,1,3,0,1,0,1,0,0,0,1,0,0,5.53248E+20,5.34782E+21,9.71774E+15,4.82813E+16
122008,122009,8,1,16,49,2016,12,16,3,3,1,5,2,0,0,1,0,1,0,0,5.24863E+20,5.38633E+21,9.33743E+15,4.86296E+16
122009,122010,8,2,12,0,2016,12,19,6,3,5,3,2,1,0,1,0,0,0,0,4.54687E+20,5.42723E+21,8.38053E+15,4.89963E+16
122010,122011,8,2,15,99,2016,12,13,3,3,5,3,0,0,1,0,0,0,0,1,4.63784E+20,5.44813E+21,8.50301E+15,4.91849E+16
122011,122012,8,4,16,41,2016,12,13,2,3,2,6,0,0,0,1,0,0,0,0,5.01376E+20,5.3761E+21,9.01864E+15,4.8538E+16
122012,122013,8,1,15,45,2016,12,17,4,2,2,6,2,1,0,1,0,0,0,0,5.04539E+20,5.3967E+21,9.06172E+15,4.87233E+16
122013,122014,8,1,18,11,2016,12,15,4,3,8,1,0,0,0,1,0,0,0,0,5.04857E+20,5.40847E+21,9.06618E+15,4.88292E+16
122014,122015,8,2,36,40,2016,12,18,4,3,5,2,2,0,0,1,0,0,0,0,4.89377E+20,5.4227E+21,8.85489E+15,4.89571E+16
122015,122016,8,2,12,0,2016,12,12,6,3,5,2,0,1,1,1,0,0,0,0,4.55241E+20,5.42927E+21,8.38788E+15,4.90147E+16
122016,122017,8,3,26,74,2016,12,11,3,3,5,3,0,1,0,1,0,0,1,0,4.64275E+20,5.3222E+21,8.5206E+15,4.8052E+16
122017,122018,8,3,37,126,2016,12,15,2,2,8,7,0,0,0,1,0,0,0,0,4.43532E+20,5.27683E+21,8.24819E+15,4.76424E+16
122018,122019,8,2,26,32,2016,12,11,4,2,1,5,0,0,1,1,0,0,0,0,4.67172E+20,5.46288E+21,8.5483E+15,4.93178E+16
122019,122020,8,2,22,0,2016,12,10,4,3,5,3,0,0,1,1,0,0,0,0,4.64292E+20,5.48421E+21,8.50675E+15,4.95095E+16
122020,122021,8,4,15,50,2016,12,21,5,3,0,1,2,2,1,0,0,0,0,0,5.2151E+20,5.37647E+21,9.29142E+15,4.8541E+16
122021,122022,8,2,31,0,2016,12,12,3,3,1,7,0,0,0,1,0,0,0,1,4.79312E+20,5.41643E+21,8.71772E+15,4.89005E+16
122022,122023,8,3,17,1,2016,12,19,1,3,5,3,2,1,0,1,0,0,0,0,4.32047E+20,5.38596E+21,8.07788E+15,4.86231E+16
122023,122024,8,3,37,123,2016,12,18,2,3,8,1,2,1,0,1,0,0,0,0,4.51757E+20,5.28087E+21,8.35725E+15,4.76795E+16
122024,122025,8,1,21,0,2016,12,13,4,3,6,4,0,0,0,1,1,0,0,0,5.15451E+20,5.44098E+21,9.21176E+15,4.91215E+16
122025,122026,8,1,16,19,2016,12,8,6,2,6,7,0,0,0,1,0,0,0,1,5.2396E+20,5.3963E+21,9.32576E+15,4.87193E+16
122026,122027,14,7,13,0,2016,1,23,4,3,3,6,2,1,1,1,0,0,0,0,7.35067E+20,5.69015E+21,1.23732E+16,5.13141E+16
122027,122028,14,6,12,0,2016,1,15,7,2,9,1,0,0,0,1,0,0,0,0,8.3724E+20,5.66268E+21,1.3809E+16,5.10166E+16
122028,122029,14,7,30,70,2016,1,17,2,2,5,3,2,1,1,1,0,0,0,0,7.31001E+20,5.71412E+21,1.23306E+16,5.15309E+16
122029,122030,14,7,29,410,2016,1,6,5,2,6,2,2,2,0,1,1,0,0,0,7.60328E+20,5.69765E+21,1.27404E+16,5.13704E+16
122030,122031,14,7,13,0,2016,1,15,6,3,0,1,0,1,1,0,0,0,0,0,7.36855E+20,5.69341E+21,1.2401E+16,5.13425E+16
122031,122032,14,7,13,0,2016,1,4,6,3,9,1,2,1,0,1,0,0,0,0,7.27382E+20,5.69211E+21,1.22644E+16,5.13347E+16
122032,122033,14,5,22,180,2016,1,10,7,3,6,7,0,0,0,0,1,0,0,1,8.03935E+20,5.64803E+21,1.33233E+16,5.09038E+16
122033,122034,8,1,15,3,2016,12,13,6,3,6,7,0,0,0,1,1,0,0,0,5.00295E+20,5.39158E+21,9.004E+15,4.86772E+16
122034,122035,14,7,13,0,2016,1,14,7,3,0,5,0,0,1,1,0,0,0,0,7.29354E+20,5.69489E+21,1.22944E+16,5.13589E+16
122035,122036,14,7,30,270,2016,1,14,6,3,6,6,0,0,0,1,1,0,0,0,7.23924E+20,5.69863E+21,1.22189E+16,5.13946E+16
122036,122037,14,6,12,0,2016,1,16,4,3,3,2,2,2,0,1,0,0,0,0,8.30657E+20,5.66984E+21,1.3722E+16,5.10846E+16
122037,122038,14,7,13,0,2016,1,10,2,3,4,2,0,1,0,1,0,0,0,0,7.30412E+20,5.69095E+21,1.23071E+16,5.13231E+16
122038,122039,14,6,12,0,2016,1,14,4,3,5,3,0,1,0,1,0,0,0,0,8.36053E+20,5.66544E+21,1.37947E+16,5.1042E+16
122039,122040,14,7,13,0,2016,1,14,6,2,5,3,0,0,0,1,0,0,0,1,7.31775E+20,5.69102E+21,1.23266E+16,5.13232E+16
122040,122041,14,5,22,260,2016,1,15,4,3,5,3,0,1,0,1,0,0,0,0,7.66519E+20,5.64532E+21,1.27905E+16,5.08979E+16
122041,122042,14,5,24,30,2016,1,7,3,2,6,4,2,1,0,1,1,0,0,0,7.3859E+20,5.63444E+21,1.23869E+16,5.08124E+16
122042,122043,14,6,12,0,2016,1,2,6,3,0,1,2,1,1,0,0,0,0,0,8.28768E+20,5.66598E+21,1.36916E+16,5.1051E+16
122043,122044,14,6,26,120,2016,1,6,6,2,8,1,2,2,0,1,0,0,0,0,8.85253E+20,5.72712E+21,1.45599E+16,5.15632E+16
122044,122045,14,7,13,0,2016,1,16,3,2,5,3,1,0,0,1,0,0,0,1,7.29939E+20,5.6912E+21,1.23004E+16,5.13256E+16
122045,122046,14,5,23,320,2016,1,6,6,2,5,7,2,2,1,1,0,0,0,0,7.19554E+20,5.59858E+21,1.20959E+16,5.0498E+16
122046,122047,8,1,11,0,2016,12,20,6,3,1,5,2,0,0,1,0,1,0,0,5.1172E+20,5.40286E+21,9.15953E+15,4.87786E+16
122047,122048,14,6,12,0,2016,1,14,6,2,8,1,0,1,0,1,0,0,0,0,8.33839E+20,5.67051E+21,1.37679E+16,5.10888E+16
122048,122049,14,7,13,0,2016,1,11,3,3,5,3,0,2,1,1,0,0,0,0,7.34793E+20,5.69284E+21,1.23711E+16,5.13382E+16
122049,122050,14,7,13,0,2016,1,16,2,3,6,4,2,1,0,1,1,0,0,0,7.3733E+20,5.69307E+21,1.24076E+16,5.13393E+16
122050,122051,14,7,13,0,2016,1,7,3,3,0,7,0,1,0,1,0,0,0,0,7.36672E+20,5.69327E+21,1.23983E+16,5.13413E+16
122051,122052,14,7,13,0,2016,1,13,4,3,2,6,0,1,0,1,0,1,0,0,7.36968E+20,5.6927E+21,1.24021E+16,5.13361E+16
122052,122053,14,7,13,0,2016,1,18,3,3,5,2,2,0,0,1,0,0,0,0,7.30843E+20,5.69389E+21,1.23152E+16,5.13494E+16
122053,122054,14,5,23,320,2016,1,15,1,2,8,1,0,2,1,0,0,0,0,0,7.22238E+20,5.60074E+21,1.2135E+16,5.05163E+16
122054,122055,14,7,30,70,2016,1,10,6,3,6,4,0,1,0,1,0,0,0,1,7.30394E+20,5.71446E+21,1.23221E+16,5.15342E+16
122055,122056,8,4,36,82,2016,12,14,5,3,1,3,0,0,0,1,0,1,0,0,5.46819E+20,5.29642E+21,9.62546E+15,4.78194E+16
122056,122057,14,7,29,260,2016,1,17,3,2,5,3,2,0,0,1,0,1,0,0,7.36798E+20,5.68666E+21,1.23957E+16,5.1282E+16
122057,122058,14,6,28,190,2016,1,7,2,3,8,1,0,2,0,1,0,0,0,0,8.61163E+20,5.66134E+21,1.41473E+16,5.099E+16
122058,122059,14,7,29,260,2016,1,9,6,3,1,6,0,2,0,1,0,0,0,0,7.35017E+20,5.68554E+21,1.23695E+16,5.12726E+16
122059,122060,14,6,25,640,2016,1,7,1,3,9,1,1,2,0,1,0,0,0,0,8.65069E+20,5.70097E+21,1.4243E+16,5.13425E+16
122060,122061,8,4,36,64,2016,12,10,5,3,5,3,0,1,0,1,0,0,0,0,5.45207E+20,5.28887E+21,9.60314E+15,4.77516E+16
122061,122062,14,7,29,10,2016,1,11,5,3,5,3,0,1,0,1,0,0,0,0,7.5454E+20,5.67229E+21,1.26394E+16,5.11453E+16
122062,122063,14,5,22,420,2016,1,12,6,3,0,1,0,0,0,1,0,0,0,0,7.82745E+20,5.64246E+21,1.30184E+16,5.08646E+16
122063,122064,14,6,25,250,2016,1,17,2,3,1,3,2,1,0,1,0,0,0,0,8.5562E+20,5.69298E+21,1.40999E+16,5.12769E+16
122064,122065,14,7,13,0,2016,1,12,3,3,6,4,0,1,0,1,1,0,0,0,7.33693E+20,5.69073E+21,1.23539E+16,5.13198E+16
122065,122066,8,4,16,41,2016,12,17,5,3,5,3,2,1,1,0,0,1,0,0,5.04465E+20,5.37341E+21,9.06046E+15,4.85138E+16
122066,122067,14,7,30,330,2016,1,11,4,2,8,7,0,1,0,1,0,0,0,0,7.7676E+20,5.68688E+21,1.29676E+16,5.12659E+16
122067,122068,14,7,13,0,2016,1,17,6,3,4,6,2,0,1,1,0,0,0,0,7.35695E+20,5.69334E+21,1.23843E+16,5.13424E+16
122068,122069,8,4,16,36,2016,12,11,5,2,0,7,0,1,1,0,0,0,0,0,4.95568E+20,5.36909E+21,8.94004E+15,4.84749E+16
122069,122070,14,5,24,330,2016,1,18,2,3,9,1,2,1,0,1,0,0,0,0,7.46626E+20,5.62744E+21,1.24961E+16,5.07463E+16
122070,122071,14,7,29,50,2016,1,7,5,3,1,1,2,2,0,1,0,0,0,1,7.44442E+20,5.66815E+21,1.24925E+16,5.11127E+16
122071,122072,14,5,11,0,2016,1,17,6,3,0,7,1,1,1,0,0,0,0,0,7.73521E+20,5.63829E+21,1.28846E+16,5.08316E+16
122072,122073,14,6,12,0,2016,1,16,3,2,9,1,2,1,0,1,0,0,0,0,8.32154E+20,5.67422E+21,1.37473E+16,5.11229E+16
122073,122074,14,7,13,0,2016,1,9,5,3,6,4,0,2,0,1,1,0,0,0,7.3475E+20,5.69385E+21,1.23711E+16,5.13473E+16
122074,122075,8,4,36,49,2016,12,15,7,2,6,4,0,0,0,1,1,0,0,0,5.78139E+20,5.28281E+21,1.00414E+16,4.7694E+16
122075,122076,14,6,26,85,2016,1,17,6,2,6,4,2,2,0,1,1,0,0,0,8.9356E+20,5.6652E+21,1.4611E+16,5.10034E+16
122076,122077,14,6,12,0,2016,1,15,2,3,1,6,0,1,0,1,0,0,0,0,8.32423E+20,5.66228E+21,1.37402E+16,5.10158E+16
122077,122078,14,7,13,0,2016,1,8,3,3,3,6,1,0,1,0,0,0,0,1,7.34277E+20,5.6955E+21,1.23654E+16,5.13624E+16
122078,122079,8,3,36,79,2016,12,9,5,3,5,3,0,0,0,1,0,0,0,0,4.17094E+20,5.29316E+21,7.89314E+15,4.77864E+16
122079,122080,14,6,26,600,2016,1,16,4,3,5,3,0,1,1,1,0,0,0,0,8.90731E+20,5.71988E+21,1.46305E+16,5.14946E+16
122080,122081,14,6,28,270,2016,1,15,6,3,3,5,0,0,0,1,0,0,0,1,8.46782E+20,5.657E+21,1.39391E+16,5.096E+16
122081,122082,14,7,13,0,2016,1,13,2,3,6,4,0,1,0,1,1,0,0,0,7.32019E+20,5.69186E+21,1.23307E+16,5.13306E+16
122082,122083,14,7,13,0,2016,1,11,5,3,6,4,0,1,0,1,1,0,0,0,7.36159E+20,5.69978E+21,1.23953E+16,5.14E+16
122083,122084,8,3,37,96,2016,12,6,7,2,8,1,2,0,0,1,0,0,0,0,4.19545E+20,5.26796E+21,7.93051E+15,4.75601E+16
122084,122085,14,6,25,250,2016,1,9,6,3,0,1,0,2,0,0,0,1,0,0,8.55055E+20,5.69249E+21,1.40913E+16,5.12729E+16
122085,122086,14,7,29,260,2016,1,15,3,3,1,6,0,0,0,1,0,0,0,0,7.39169E+20,5.68667E+21,1.24296E+16,5.12811E+16
122086,122087,14,6,27,180,2016,1,12,6,2,6,4,0,0,0,0,1,0,0,1,8.01237E+20,5.66516E+21,1.32993E+16,5.10588E+16
122087,122088,8,3,36,84,2016,12,11,5,3,4,6,0,0,0,1,0,0,0,0,4.05371E+20,5.27598E+21,7.7404E+15,4.76303E+16
122088,122089,14,7,13,0,2016,1,17,7,3,5,3,2,1,1,1,0,0,0,0,7.34291E+20,5.69562E+21,1.23657E+16,5.13635E+16
122089,122090,14,6,25,20,2016,1,1,6,3,0,7,2,0,1,0,0,0,0,0,8.80217E+20,5.68332E+21,1.44407E+16,5.11745E+16
122090,122091,14,6,28,110,2016,1,12,6,3,6,4,0,0,0,1,1,0,0,0,8.27329E+20,5.659E+21,1.36648E+16,5.09893E+16
122091,122092,8,3,36,50,2016,12,15,5,3,9,1,0,0,0,1,0,0,0,0,4.0216E+20,5.27594E+21,7.69768E+15,4.76295E+16
122092,122093,14,6,25,250,2016,1,18,4,2,5,3,2,1,1,1,0,0,0,0,8.55908E+20,5.69317E+21,1.41042E+16,5.12785E+16
122093,122094,14,6,12,0,2016,1,13,7,3,1,5,0,0,1,1,0,0,0,0,8.30509E+20,5.66903E+21,1.37191E+16,5.10774E+16
122094,122095,14,7,13,0,2016,1,9,3,3,8,1,0,2,0,1,0,0,0,0,7.3842E+20,5.69362E+21,1.24236E+16,5.13438E+16
122095,122096,14,6,12,0,2016,1,22,3,3,1,1,2,2,0,1,0,0,1,0,8.28859E+20,5.66622E+21,1.36931E+16,5.10531E+16
122096,122097,8,3,25,11,2016,12,11,7,3,8,7,0,0,0,1,0,0,0,0,4.73066E+20,5.34191E+21,8.63732E+15,4.82298E+16
122097,122098,14,6,12,0,2016,1,20,6,3,5,3,2,1,0,1,0,0,0,0,8.36943E+20,5.66649E+21,1.38083E+16,5.10509E+16
122098,122099,14,7,13,0,2016,1,14,3,3,9,5,0,1,1,0,0,0,0,1,7.37187E+20,5.69385E+21,1.24061E+16,5.13463E+16
122099,122100,14,6,12,0,2016,1,13,6,3,2,6,0,0,0,1,0,0,0,1,8.34661E+20,5.66633E+21,1.37757E+16,5.10508E+16
122100,122101,14,5,24,330,2016,1,15,7,3,6,7,0,0,0,1,1,0,0,0,7.45833E+20,5.62736E+21,1.24848E+16,5.07459E+16
122101,122102,8,3,35,43,2016,12,22,5,3,9,1,2,2,0,1,0,0,0,0,5.13159E+20,5.2793E+21,9.17527E+15,4.76669E+16
122102,122103,8,3,17,65,2016,12,5,7,3,8,1,2,2,0,1,0,0,0,0,4.13251E+20,5.35708E+21,7.82888E+15,4.83609E+16
122103,122104,8,3,11,0,2016,12,5,7,2,9,1,2,1,0,1,0,0,0,0,4.1326E+20,5.31797E+21,7.83699E+15,4.80091E+16
122104,122105,14,6,12,0,2016,1,18,3,3,5,3,2,1,0,1,0,0,0,0,8.32926E+20,5.6643E+21,1.37492E+16,5.10336E+16
122105,122106,14,6,12,0,2016,1,7,2,3,1,5,1,1,0,1,0,0,0,0,8.29783E+20,5.66235E+21,1.37027E+16,5.10179E+16
122106,122107,14,6,12,0,2016,1,6,3,3,5,2,2,1,1,0,0,0,0,1,8.38472E+20,5.66129E+21,1.38252E+16,5.10034E+16
122107,122108,8,3,15,64,2016,12,12,7,3,5,1,0,0,1,1,0,0,0,0,4.22221E+20,5.31346E+21,7.95793E+15,4.79697E+16
122108,122109,14,7,29,260,2016,1,20,3,3,5,3,2,1,1,1,0,0,0,0,7.39255E+20,5.68669E+21,1.24309E+16,5.12812E+16
122109,122110,14,6,12,0,2016,1,8,2,3,6,4,0,2,0,1,1,0,0,0,8.3421E+20,5.66653E+21,1.37695E+16,5.10529E+16
122110,122111,14,6,12,0,2016,1,7,6,3,0,1,1,2,1,0,0,0,0,0,8.32733E+20,5.66652E+21,1.37485E+16,5.10536E+16
122111,122112,8,3,35,43,2016,12,10,5,3,0,7,0,2,1,0,0,0,0,0,5.12564E+20,5.27932E+21,9.16735E+15,4.76672E+16
122112,122113,14,7,13,0,2016,1,9,5,3,5,5,0,1,1,1,0,0,0,0,7.36835E+20,5.69262E+21,1.24002E+16,5.13354E+16
122113,122114,8,2,26,84,2016,12,21,7,2,5,3,2,1,0,1,0,0,0,0,4.69287E+20,5.46997E+21,8.57686E+15,4.93816E+16
122114,122115,14,6,12,0,2016,1,1,2,3,0,7,2,1,1,1,0,0,0,0,8.32686E+20,5.66852E+21,1.37496E+16,5.10716E+16
122115,122116,8,3,35,43,2016,12,7,5,3,0,1,0,2,1,0,0,0,0,0,5.1276E+20,5.27929E+21,9.16996E+15,4.76669E+16
122116,122117,14,6,25,240,2016,1,14,4,2,6,4,0,1,0,1,1,0,0,0,8.65902E+20,5.71102E+21,1.42652E+16,5.14319E+16
122117,122118,14,6,12,0,2016,1,6,6,2,0,1,2,2,1,0,0,0,0,0,8.31871E+20,5.66996E+21,1.37393E+16,5.1085E+16
122118,122119,14,6,12,0,2016,1,15,2,3,6,4,0,0,0,1,1,0,0,0,8.31967E+20,5.66573E+21,1.37368E+16,5.10469E+16
122119,122120,14,6,12,0,2016,1,1,3,3,8,1,2,2,0,1,0,0,0,0,8.34783E+20,5.66656E+21,1.37776E+16,5.10528E+16
122120,122121,14,6,12,0,2016,1,11,4,3,5,2,0,1,1,1,0,0,0,0,8.30807E+20,5.66366E+21,1.37184E+16,5.1029E+16
122121,122122,14,7,13,0,2016,1,7,3,3,0,4,0,1,0,1,1,0,0,0,7.37578E+20,5.69261E+21,1.24108E+16,5.1335E+16
122122,122123,14,7,13,0,2016,1,14,1,3,5,3,0,1,0,1,0,0,0,0,7.3281E+20,5.69092E+21,1.23414E+16,5.13219E+16
122123,122124,8,3,26,74,2016,12,13,5,3,2,6,0,0,0,1,0,0,0,0,4.62753E+20,5.32502E+21,8.49993E+15,4.80773E+16
122124,122125,14,5,11,0,2016,1,18,3,3,1,6,2,0,0,1,0,0,0,1,7.74445E+20,5.63742E+21,1.2897E+16,5.08233E+16
122125,122126,14,7,13,0,2016,1,15,5,3,3,2,0,0,1,1,0,0,0,0,7.35066E+20,5.69088E+21,1.23737E+16,5.13206E+16
122126,122127,8,2,22,0,2016,12,9,7,3,4,6,0,2,0,1,0,0,0,0,4.6546E+20,5.47755E+21,8.52346E+15,4.94497E+16
122127,122128,14,6,12,0,2016,1,13,6,3,3,5,0,1,0,1,0,0,0,0,8.33857E+20,5.66428E+21,1.37624E+16,5.10329E+16
122128,122129,14,6,12,0,2016,1,17,6,3,5,2,1,0,1,1,0,0,0,0,8.32268E+20,5.66737E+21,1.37426E+16,5.10615E+16
122129,122130,14,5,22,110,2016,1,9,2,2,9,1,0,2,0,0,0,1,0,0,7.97915E+20,5.63255E+21,1.32254E+16,5.07681E+16
122130,122131,8,3,17,65,2016,12,11,5,3,5,2,0,1,0,1,0,0,0,1,4.16091E+20,5.35487E+21,7.86764E+15,4.83415E+16
122131,122132,14,6,12,0,2016,1,14,4,3,6,4,0,1,0,1,1,0,0,0,8.34196E+20,5.6665E+21,1.37692E+16,5.10526E+16