FID,OBJECTID,ULAND,UREGBEZ,UKREIS,UGEMEINDE,UJAHR,UMONAT,USTUNDE,UWOCHENTAG,UKATEGORIE,UART,UTYP1,ULICHTVERH,IstStrasse,IstRad,IstPKW,IstFuss,IstKrad,IstGkfz,IstSonstig,LINREFX,LINREFY,XGCSWGS84,YGCSWGS84
122132,122133,14,6,12,0,2016,1,10,7,2,0,1,0,1,1,0,0,0,0,0,8.29411E+20,5.66534E+21,1.37001E+16,5.10449E+16
122133,122134,14,5,21,310,2016,1,6,3,2,6,2,1,1,0,1,1,0,0,0,7.68015E+20,5.63049E+21,1.28009E+16,5.07642E+16
122134,122135,14,5,23,320,2016,1,16,2,3,6,2,1,1,0,1,1,0,0,0,7.22097E+20,5.59828E+21,1.21315E+16,5.04944E+16
122135,122136,14,7,13,0,2016,1,18,5,3,1,6,2,1,0,1,0,0,0,0,7.33673E+20,5.69285E+21,1.2355E+16,5.13388E+16
122136,122137,8,2,16,15,2016,12,18,7,3,4,7,2,0,0,1,0,0,0,0,4.50877E+20,5.40511E+21,8.3311E+15,4.87971E+16
122137,122138,14,5,22,80,2016,1,14,6,3,6,4,0,1,0,1,1,0,0,0,7.92614E+20,5.67127E+21,1.31815E+16,5.1118E+16
122138,122139,14,5,21,310,2016,1,5,6,3,9,1,2,2,0,1,0,0,0,0,7.72744E+20,5.6294E+21,1.2867E+16,5.07522E+16
122139,122140,8,3,17,57,2016,12,7,5,3,0,1,1,2,0,0,0,1,0,0,4.12581E+20,5.37967E+21,7.81511E+15,4.8564E+16
122140,122141,14,6,12,0,2016,1,13,7,3,6,6,0,1,0,0,1,0,0,1,8.28937E+20,5.66535E+21,1.36934E+16,5.10453E+16
122141,122142,8,2,12,0,2016,12,22,7,2,0,1,2,0,1,0,0,0,0,0,4.56437E+20,5.42714E+21,8.40446E+15,4.89957E+16
122142,122143,14,5,24,320,2016,1,9,2,3,0,7,0,0,0,0,1,0,0,1,7.47968E+20,5.61915E+21,1.25095E+16,5.06713E+16
122143,122144,14,5,11,0,2016,1,12,2,2,0,7,0,1,0,0,0,0,0,1,7.77145E+20,5.6372E+21,1.29351E+16,5.08201E+16
122144,122145,14,5,23,10,2016,1,14,2,3,9,1,0,2,0,1,0,0,0,0,7.33841E+20,5.57986E+21,1.22854E+16,5.03244E+16
122145,122146,8,2,12,0,2016,12,12,7,3,2,6,0,1,0,1,0,0,0,0,4.57339E+20,5.42859E+21,8.41664E+15,4.90087E+16
122146,122147,14,6,26,600,2016,1,18,3,3,5,3,2,1,1,1,0,0,0,0,8.90698E+20,5.7204E+21,1.46306E+16,5.14993E+16
122147,122148,14,7,13,0,2016,1,13,2,3,2,6,0,0,0,1,0,0,0,0,7.34787E+20,5.6946E+21,1.23722E+16,5.13541E+16
122148,122149,14,5,22,60,2016,1,8,6,3,2,6,0,1,0,1,0,0,0,0,7.68319E+20,5.64582E+21,1.28164E+16,5.09015E+16
122149,122150,14,7,13,0,2016,1,6,2,3,6,2,2,1,0,0,1,0,0,1,7.35397E+20,5.6895E+21,1.23775E+16,5.1308E+16
122150,122151,14,5,23,340,2016,1,7,2,2,6,4,2,1,0,1,1,0,0,0,7.3388E+20,5.61306E+21,1.23067E+16,5.06225E+16
122151,122152,8,1,36,65,2016,12,20,7,3,0,1,2,1,1,0,0,0,0,0,5.57388E+20,5.40481E+21,9.78139E+15,4.87936E+16
122152,122153,14,5,11,0,2016,1,12,6,3,5,5,0,1,0,1,0,0,0,0,7.79657E+20,5.63787E+21,1.29712E+16,5.08249E+16
122153,122154,14,6,25,240,2016,1,7,3,1,6,4,1,1,0,1,1,0,0,0,8.66339E+20,5.71229E+21,1.42728E+16,5.1443E+16
122154,122155,14,5,22,330,2016,1,19,6,3,0,1,2,2,1,0,0,0,0,0,7.77692E+20,5.64663E+21,1.295E+16,5.09044E+16
122155,122156,8,3,17,122,2016,12,6,5,3,5,3,2,2,1,1,0,0,0,0,4.17894E+20,5.3678E+21,7.88944E+15,4.8458E+16
122156,122157,8,1,27,25,2016,12,11,7,3,5,2,0,0,0,1,0,0,0,0,5.5638E+20,5.42747E+21,9.77079E+15,4.89975E+16
122157,122158,14,7,13,0,2016,1,21,2,3,9,1,2,1,0,1,0,0,0,0,7.36336E+20,5.69113E+21,1.23921E+16,5.13223E+16
122158,122159,14,5,11,0,2016,1,5,2,2,6,2,2,1,0,1,1,0,0,0,7.77518E+20,5.63799E+21,1.29409E+16,5.0827E+16
122159,122160,14,7,13,0,2016,1,16,2,2,6,4,2,2,0,1,1,0,0,0,7.30541E+20,5.69368E+21,1.23107E+16,5.13475E+16
122160,122161,14,6,12,0,2016,1,11,4,3,6,4,0,0,0,1,1,0,0,0,8.31044E+20,5.66952E+21,1.37272E+16,5.10815E+16
122161,122162,14,6,26,370,2016,1,9,3,3,3,7,0,1,0,1,0,0,0,0,9.06289E+20,5.69896E+21,1.48295E+16,5.12966E+16
122162,122163,14,5,11,0,2016,1,11,2,3,2,7,0,1,0,1,0,0,0,0,7.75664E+20,5.63521E+21,1.29126E+16,5.0803E+16
122163,122164,14,5,22,250,2016,1,14,6,3,4,6,0,1,0,1,0,0,0,0,7.7853E+20,5.66826E+21,1.29784E+16,5.1098E+16
122164,122165,8,3,17,9,2016,12,18,5,2,5,3,2,0,1,1,0,0,0,0,4.24276E+20,5.36138E+21,7.97691E+15,4.8401E+16
122165,122166,14,6,12,0,2016,1,7,3,3,5,3,2,1,1,1,0,0,0,0,8.34756E+20,5.66433E+21,1.37752E+16,5.10328E+16
122166,122167,14,6,12,0,2016,1,11,5,3,2,6,0,1,0,1,0,0,1,0,8.32897E+20,5.66455E+21,1.3749E+16,5.10358E+16
122167,122168,8,3,16,20,2016,12,12,5,3,3,2,0,0,1,1,0,0,0,0,4.08274E+20,5.33805E+21,7.76583E+15,4.8189E+16
122168,122169,14,5,21,550,2016,1,5,5,3,4,1,2,1,0,1,0,0,1,0,7.70409E+20,5.60421E+21,1.28156E+16,5.05272E+16
122169,122170,8,1,25,58,2016,12,10,7,2,8,1,0,0,0,1,0,0,0,0,5.07307E+20,5.44378E+21,9.1002E+15,4.91468E+16
122170,122171,14,5,22,180,2016,1,18,2,2,6,2,2,1,0,1,1,0,0,0,8.04848E+20,5.64984E+21,1.33378E+16,5.09196E+16
122171,122172,14,7,30,200,2016,1,15,2,2,5,3,0,2,0,1,1,0,0,0,7.81725E+20,5.68457E+21,1.30367E+16,5.12428E+16
122172,122173,8,3,36,91,2016,12,10,5,3,6,4,0,1,0,0,1,0,0,1,3.96328E+20,5.27198E+21,7.62101E+15,4.75929E+16
122173,122174,14,5,11,0,2016,1,15,4,3,8,1,0,1,0,1,0,0,0,0,7.7731E+20,5.64214E+21,1.29412E+16,5.08643E+16
122174,122175,14,5,11,0,2016,1,17,6,3,0,6,2,1,0,1,1,0,0,0,7.72221E+20,5.63477E+21,1.28635E+16,5.08006E+16
122175,122176,8,3,11,0,2016,12,13,5,3,1,5,0,1,1,1,0,0,0,0,4.13432E+20,5.31701E+21,7.83948E+15,4.80005E+16
122176,122177,14,5,11,0,2016,1,16,3,3,2,6,2,1,0,1,0,0,0,0,7.75885E+20,5.63476E+21,1.29154E+16,5.07988E+16
122177,122178,14,5,11,0,2016,1,20,5,3,1,5,2,0,0,1,0,0,0,0,7.78789E+20,5.63382E+21,1.29558E+16,5.0789E+16
122178,122179,8,1,17,19,2016,12,12,7,3,2,6,0,0,1,1,0,0,0,0,5.52065E+20,5.39441E+21,9.7076E+15,4.87006E+16
122179,122180,14,5,24,330,2016,1,13,5,3,4,2,0,0,0,1,0,0,0,0,7.44651E+20,5.62118E+21,1.2464E+16,5.06909E+16
122180,122181,14,5,11,0,2016,1,13,6,3,2,6,0,0,0,1,0,0,0,0,7.74576E+20,5.63642E+21,1.28981E+16,5.08143E+16
122181,122182,8,1,16,19,2016,12,12,7,3,1,7,0,0,0,1,0,0,0,0,5.22181E+20,5.3973E+21,9.30161E+15,4.87283E+16
122182,122183,14,5,11,0,2016,1,5,6,3,1,5,2,1,0,1,0,0,0,0,7.75909E+20,5.63396E+21,1.29151E+16,5.07916E+16
122183,122184,14,7,13,0,2016,1,15,1,3,3,7,0,1,1,1,0,0,0,0,7.34959E+20,5.69339E+21,1.23738E+16,5.13431E+16
122184,122185,14,6,27,100,2016,1,18,2,3,9,1,2,2,0,1,0,0,0,0,8.15862E+20,5.66808E+21,1.35099E+16,5.10771E+16
122185,122186,8,3,11,0,2016,12,2,5,2,8,1,2,2,0,1,0,0,0,0,4.12881E+20,5.32022E+21,7.83145E+15,4.80293E+16
122186,122187,14,5,11,0,2016,1,14,4,3,5,3,0,0,1,1,0,0,0,0,7.76903E+20,5.63885E+21,1.29329E+16,5.0835E+16
122187,122188,14,5,11,0,2016,1,9,6,3,3,2,0,1,0,0,0,0,0,1,7.7699E+20,5.63862E+21,1.2934E+16,5.08329E+16
122188,122189,14,7,13,0,2016,1,16,2,3,6,4,0,1,0,1,1,0,0,0,7.36552E+20,5.69346E+21,1.23967E+16,5.13431E+16
122189,122190,14,5,21,710,2016,1,12,5,2,6,4,0,1,0,0,1,0,0,1,7.69679E+20,5.6156E+21,1.28135E+16,5.06298E+16
122190,122191,8,4,15,61,2016,12,16,6,3,5,3,0,0,1,1,0,0,0,0,5.15329E+20,5.37706E+21,9.2077E+15,4.85465E+16
122191,122192,14,5,24,30,2016,1,12,5,3,3,5,0,1,0,1,0,1,0,0,7.38637E+20,5.63452E+21,1.23877E+16,5.08132E+16
122192,122193,14,6,25,100,2016,1,17,3,3,6,2,2,0,0,1,1,0,0,0,8.66749E+20,5.67976E+21,1.42453E+16,5.11515E+16
122193,122194,14,5,11,0,2016,1,12,6,3,0,3,0,0,0,1,0,0,0,1,7.69821E+20,5.63757E+21,1.28316E+16,5.08268E+16
122194,122195,8,3,11,0,2016,12,3,5,3,0,1,2,2,1,0,0,0,0,0,4.12849E+20,5.31616E+21,7.83184E+15,4.79928E+16
122195,122196,14,7,30,70,2016,1,17,6,3,5,3,0,0,0,1,0,0,0,0,7.32332E+20,5.71337E+21,1.23493E+16,5.15236E+16
122196,122197,8,4,15,61,2016,12,14,6,2,3,2,0,0,1,1,0,0,0,0,5.15868E+20,5.37059E+21,9.21476E+15,4.84882E+16
122197,122198,8,2,26,13,2016,12,12,5,3,3,2,0,0,0,1,0,1,0,0,4.98752E+20,5.47887E+21,8.98278E+15,4.94625E+16
122198,122199,14,5,11,0,2016,1,16,4,3,3,6,1,1,0,1,0,1,0,0,7.72198E+20,5.63574E+21,1.28639E+16,5.08093E+16
122199,122200,14,7,13,0,2016,1,5,6,3,5,3,2,1,1,1,0,0,0,0,7.35305E+20,5.69369E+21,1.2379E+16,5.13457E+16
122200,122201,14,6,12,0,2016,1,7,2,3,5,2,1,0,1,1,0,0,0,0,8.28454E+20,5.66909E+21,1.36899E+16,5.10791E+16
122201,122202,14,6,12,0,2016,1,18,2,2,0,1,2,2,1,0,0,0,0,0,8.31618E+20,5.66489E+21,1.37311E+16,5.10396E+16
122202,122203,8,4,15,89,2016,12,12,6,3,5,3,0,0,0,1,0,0,0,0,5.21965E+20,5.35963E+21,9.29669E+15,4.83895E+16
122203,122204,14,5,24,80,2016,1,9,5,3,0,1,0,2,1,0,0,0,0,0,7.49442E+20,5.63503E+21,1.25411E+16,5.08132E+16
122204,122205,14,6,26,110,2016,1,17,3,2,6,4,2,1,0,1,1,0,0,0,9.1841E+20,5.68295E+21,1.49838E+16,5.11446E+16
122205,122206,14,5,22,440,2016,1,8,6,2,8,1,0,1,0,1,0,0,0,0,7.94647E+20,5.64556E+21,1.31896E+16,5.08864E+16
122206,122207,8,2,22,0,2016,12,9,5,3,0,5,0,0,0,1,0,0,0,1,4.61652E+20,5.48233E+21,8.47047E+15,4.94924E+16
122207,122208,8,2,37,19,2016,12,13,6,3,4,1,0,2,0,1,0,0,0,1,4.63536E+20,5.36902E+21,8.50664E+15,4.84733E+16
122208,122209,14,7,13,0,2016,1,10,1,3,1,3,0,1,1,1,0,0,0,0,7.34283E+20,5.6935E+21,1.23642E+16,5.13444E+16
122209,122210,14,6,12,0,2016,1,16,2,3,6,4,0,0,0,1,1,0,0,0,8.33939E+20,5.6669E+21,1.3766E+16,5.10563E+16
122210,122211,14,6,12,0,2016,1,15,2,3,5,2,0,1,0,1,0,0,0,1,8.33678E+20,5.66653E+21,1.37619E+16,5.10531E+16
122211,122212,14,7,13,0,2016,1,12,7,3,5,3,0,0,0,1,0,0,0,0,7.35264E+20,5.69521E+21,1.23794E+16,5.13594E+16
122212,122213,14,6,12,0,2016,1,21,2,2,6,4,2,1,0,0,1,0,0,1,8.30172E+20,5.66925E+21,1.37145E+16,5.10795E+16
122213,122214,8,2,22,0,2016,12,14,6,3,1,5,0,0,1,1,0,0,0,0,4.62214E+20,5.48897E+21,8.4776E+15,4.95522E+16
122214,122215,14,5,23,170,2016,1,18,5,2,6,2,2,0,0,1,1,0,0,0,7.38378E+20,5.60752E+21,1.23666E+16,5.05709E+16
122215,122216,14,6,27,230,2016,1,11,3,3,6,2,0,1,0,1,1,0,0,0,7.97494E+20,5.69229E+21,1.32685E+16,5.1304E+16
122216,122217,14,6,12,0,2016,1,12,2,2,6,2,0,1,0,1,1,0,0,0,8.29471E+20,5.66522E+21,1.37009E+16,5.10438E+16
122217,122218,14,7,13,0,2016,1,15,5,3,5,3,0,2,0,1,0,0,0,0,7.37938E+20,5.69551E+21,1.24179E+16,5.13609E+16
122218,122219,8,2,22,0,2016,12,21,5,3,2,6,2,0,0,1,0,0,0,0,4.62005E+20,5.48162E+21,8.47541E+15,4.9486E+16
122219,122220,14,5,24,300,2016,1,8,4,2,6,2,0,1,0,1,1,0,0,0,7.38948E+20,5.62515E+21,1.2386E+16,5.07289E+16
122220,122221,8,2,22,0,2016,12,16,6,3,5,2,0,0,0,1,0,0,0,1,4.61632E+20,5.48369E+21,8.47006E+15,4.95046E+16
122221,122222,14,6,25,450,2016,1,17,7,3,9,1,2,2,0,1,0,0,0,0,8.479E+20,5.68463E+21,1.39815E+16,5.12068E+16
122222,122223,8,2,21,0,2016,12,5,5,3,0,7,2,1,1,0,0,0,0,1,4.75637E+20,5.4726E+21,8.66417E+15,4.94056E+16
122223,122224,14,5,24,330,2016,1,5,3,3,5,3,2,1,1,1,0,0,0,0,7.46096E+20,5.62264E+21,1.24854E+16,5.07034E+16
122224,122225,14,7,13,0,2016,1,14,5,3,6,4,0,2,0,0,1,0,0,1,7.3202E+20,5.69071E+21,1.233E+16,5.13203E+16
122225,122226,14,5,23,450,2016,1,6,3,3,6,7,2,1,0,1,1,0,0,0,7.17236E+20,5.59276E+21,1.20599E+16,5.04466E+16
122226,122227,14,6,27,10,2016,1,13,3,3,5,2,0,1,1,1,0,0,0,0,8.20196E+20,5.67341E+21,1.35763E+16,5.11225E+16
122227,122228,14,5,24,200,2016,1,2,1,3,1,1,2,2,0,1,0,0,0,0,7.49729E+20,5.63015E+21,1.25418E+16,5.07692E+16
122228,122229,14,6,12,0,2016,1,18,5,3,1,6,2,2,0,1,0,0,0,0,8.27948E+20,5.66632E+21,1.36802E+16,5.10545E+16
122229,122230,8,2,15,106,2016,12,20,5,3,0,1,2,2,0,1,0,0,0,0,4.6426E+20,5.45235E+21,8.50917E+15,4.92229E+16
122230,122231,14,5,21,370,2016,1,7,3,2,4,7,0,1,0,1,0,0,0,0,7.63022E+20,5.61332E+21,1.2718E+16,5.06123E+16
122231,122232,8,1,36,19,2016,12,11,6,2,5,3,0,0,0,1,0,0,0,0,5.83135E+20,5.42472E+21,1.01359E+16,4.89698E+16
122232,122233,14,6,12,0,2016,1,11,5,3,5,2,0,0,0,1,0,0,0,1,8.32132E+20,5.66577E+21,1.37392E+16,5.10472E+16
122233,122234,14,6,26,110,2016,1,10,7,3,6,4,0,1,0,1,1,0,0,0,9.18289E+20,5.68323E+21,1.49824E+16,5.11472E+16
122234,122235,14,5,21,40,2016,1,9,2,2,0,7,0,1,0,1,0,0,0,0,7.76036E+20,5.62267E+21,1.29085E+16,5.06902E+16
122235,122236,8,1,21,0,2016,12,9,5,3,5,3,0,0,0,1,0,0,1,0,5.15986E+20,5.44262E+21,9.21916E+15,4.91362E+16
122236,122237,14,7,29,50,2016,1,14,3,2,8,1,0,0,1,0,0,0,0,0,7.4441E+20,5.66911E+21,1.24927E+16,5.11212E+16
122237,122238,14,5,11,0,2016,1,14,5,2,6,4,0,1,0,1,1,0,0,0,7.7855E+20,5.6392E+21,1.29565E+16,5.08374E+16
122238,122239,14,5,22,360,2016,1,17,2,3,2,2,1,2,0,1,0,0,0,0,7.77758E+20,5.65707E+21,1.29589E+16,5.0998E+16
122239,122240,14,7,13,0,2016,1,17,2,3,5,3,2,1,1,1,0,0,0,0,7.33845E+20,5.69509E+21,1.2359E+16,5.13588E+16
122240,122241,14,5,22,80,2016,1,9,2,3,0,5,0,0,0,1,0,0,0,1,7.89499E+20,5.6717E+21,1.31375E+16,5.11235E+16
122241,122242,8,1,36,88,2016,12,15,6,3,5,2,0,0,1,1,0,0,0,0,5.81227E+20,5.41345E+21,1.01076E+16,4.88686E+16
122242,122243,14,7,30,70,2016,1,9,5,3,3,2,0,1,1,1,0,0,0,0,7.31988E+20,5.71348E+21,1.23444E+16,5.15247E+16
122243,122244,14,5,24,330,2016,1,10,2,3,2,6,0,1,0,1,0,0,0,0,7.47464E+20,5.62642E+21,1.25073E+16,5.07367E+16
122244,122245,14,5,23,300,2016,1,7,4,3,5,3,1,1,1,1,0,0,0,0,7.25509E+20,5.58969E+21,1.21744E+16,5.04159E+16
122245,122246,8,1,36,88,2016,12,12,6,3,2,6,0,0,0,1,0,0,0,0,5.81016E+20,5.41245E+21,1.01046E+16,4.88597E+16
122246,122247,14,7,30,70,2016,1,9,5,3,0,1,0,2,1,0,0,0,0,0,7.32134E+20,5.71381E+21,1.23467E+16,5.15276E+16
122247,122248,14,5,23,160,2016,1,10,4,3,8,1,0,1,0,1,0,0,0,0,7.43517E+20,5.58346E+21,1.24234E+16,5.03528E+16
122248,122249,8,1,17,26,2016,12,14,5,3,5,3,0,0,0,1,0,0,0,0,5.48441E+20,5.39441E+21,9.65835E+15,4.87008E+16
122249,122250,14,7,13,0,2016,1,16,6,3,4,2,2,1,0,1,0,0,0,0,7.36464E+20,5.69641E+21,1.23974E+16,5.13696E+16
122250,122251,14,7,13,0,2016,1,15,1,3,5,3,0,0,0,1,0,0,0,0,7.3531E+20,5.68976E+21,1.23764E+16,5.13104E+16
122251,122252,14,6,28,110,2016,1,14,7,3,2,6,0,1,0,1,0,0,0,0,8.26109E+20,5.66005E+21,1.36485E+16,5.09994E+16
122252,122253,14,6,25,40,2016,1,1,1,2,0,1,2,0,0,1,0,0,0,0,8.62371E+20,5.67789E+21,1.4181E+16,5.11375E+16
122253,122254,8,1,25,6,2016,12,11,6,3,2,6,0,1,0,1,0,0,0,0,5.07846E+20,5.45436E+21,9.10779E+15,4.92419E+16
122254,122255,14,7,29,160,2016,1,18,5,3,6,7,2,1,0,1,1,0,0,0,7.59429E+20,5.68261E+21,1.27166E+16,5.12358E+16
122255,122256,14,6,12,0,2016,1,7,3,3,6,4,2,1,0,0,1,0,0,1,8.2825E+20,5.66652E+21,1.36847E+16,5.10561E+16
122256,122257,14,7,13,0,2016,1,16,4,3,4,3,1,2,0,1,0,0,0,0,7.34607E+20,5.69245E+21,1.23682E+16,5.13349E+16
122257,122258,8,1,17,19,2016,12,13,5,3,5,3,0,0,0,1,0,0,0,0,5.50612E+20,5.39363E+21,9.68775E+15,4.86937E+16
122258,122259,14,6,12,0,2016,1,6,3,3,5,3,2,1,0,1,0,0,0,0,8.28203E+20,5.6668E+21,1.36843E+16,5.10588E+16
122259,122260,14,7,13,0,2016,1,13,4,3,2,6,0,1,0,1,0,0,0,0,7.38707E+20,5.69106E+21,1.2426E+16,5.13207E+16
122260,122261,8,1,17,51,2016,12,16,5,2,0,7,0,0,1,0,0,0,0,0,5.4228E+20,5.39468E+21,9.57465E+15,4.87037E+16
122261,122262,8,1,19,20,2016,12,15,6,2,6,2,0,0,0,1,1,0,0,0,5.20337E+20,5.40613E+21,9.27698E+15,4.88078E+16
122262,122263,14,6,12,0,2016,1,11,1,3,1,5,0,0,0,1,0,0,0,0,8.28385E+20,5.66655E+21,1.36867E+16,5.10564E+16
122263,122264,14,6,12,0,2016,1,20,7,2,2,6,2,0,0,1,0,1,0,0,8.28569E+20,5.66692E+21,1.36896E+16,5.10596E+16
122264,122265,14,7,13,0,2016,1,20,7,2,5,2,2,0,0,1,0,0,0,0,7.34188E+20,5.69289E+21,1.23624E+16,5.1339E+16
122265,122266,14,7,13,0,2016,1,5,3,3,6,2,2,1,0,1,1,0,0,0,7.34548E+20,5.69853E+21,1.23713E+16,5.13894E+16
122266,122267,14,6,12,0,2016,1,20,3,3,0,1,2,1,1,0,0,0,0,0,8.33779E+20,5.66469E+21,1.37616E+16,5.10366E+16
122267,122268,14,6,12,0,2016,1,18,2,3,2,6,2,0,0,1,0,0,0,0,8.3336E+20,5.6669E+21,1.37577E+16,5.10566E+16
122268,122269,14,7,13,0,2016,1,15,4,3,6,2,0,1,0,1,1,0,0,0,7.35069E+20,5.69088E+21,1.23737E+16,5.13206E+16
122269,122270,8,1,16,15,2016,12,22,5,3,0,7,2,0,1,0,0,0,0,0,5.23828E+20,5.39353E+21,9.3238E+15,4.86944E+16
122270,122271,14,5,24,80,2016,1,9,4,2,6,2,0,1,0,1,1,0,0,0,7.49444E+20,5.63503E+21,1.25411E+16,5.08132E+16
122271,122272,8,1,17,24,2016,12,12,6,3,4,2,0,0,0,1,0,0,0,0,5.5954E+20,5.38467E+21,9.80778E+15,4.86123E+16
122272,122273,14,7,13,0,2016,1,14,4,3,5,3,0,0,0,1,0,0,0,1,7.32058E+20,5.69294E+21,1.23319E+16,5.13403E+16
122273,122274,14,6,12,0,2016,1,14,7,3,6,4,0,0,0,1,1,0,0,0,8.31969E+20,5.66573E+21,1.37369E+16,5.10469E+16
122274,122275,14,5,11,0,2016,1,14,7,2,4,2,0,0,0,1,0,0,0,0,7.75511E+20,5.63796E+21,1.29125E+16,5.08277E+16
122275,122276,14,7,29,150,2016,1,17,4,3,6,2,2,1,0,1,1,0,0,0,7.58885E+20,5.66288E+21,1.26946E+16,5.1059E+16
122276,122277,8,1,16,77,2016,12,14,6,3,2,6,0,0,0,1,0,0,0,0,5.16106E+20,5.39151E+21,9.21878E+15,4.86764E+16
122277,122278,14,6,12,0,2016,1,12,7,3,0,7,0,0,0,1,0,0,0,1,8.34905E+20,5.66566E+21,1.37785E+16,5.10446E+16
122278,122279,14,5,22,450,2016,1,1,6,3,9,1,2,1,0,1,0,0,0,0,7.82957E+20,5.68051E+21,1.30511E+16,5.12058E+16
122279,122280,14,7,13,0,2016,1,16,3,3,2,2,2,0,0,1,0,0,0,0,7.31771E+20,5.68974E+21,1.23257E+16,5.13117E+16
122280,122281,14,6,27,260,2016,1,18,4,3,9,1,2,1,0,1,0,0,0,0,7.95103E+20,5.68377E+21,1.32272E+16,5.12289E+16
122281,122282,8,1,16,77,2016,12,10,5,2,6,4,0,0,0,1,1,0,0,0,5.15971E+20,5.38894E+21,9.21685E+15,4.86534E+16
122282,122283,14,5,11,0,2016,1,7,3,3,2,6,0,1,0,1,0,0,0,0,7.76456E+20,5.63871E+21,1.29264E+16,5.08339E+16
122283,122284,14,5,11,0,2016,1,14,5,3,2,6,0,1,0,1,0,0,0,0,7.7754E+20,5.63536E+21,1.29393E+16,5.08034E+16
122284,122285,14,6,12,0,2016,2,23,7,3,0,7,2,0,0,1,0,0,0,0,8.32616E+20,5.67307E+21,1.37528E+16,5.11124E+16
122285,122286,14,5,23,320,2016,1,8,6,3,5,3,0,1,0,1,0,0,0,0,7.23256E+20,5.59758E+21,1.21474E+16,5.04876E+16
122286,122287,14,6,12,0,2016,2,17,6,3,5,3,2,1,0,1,0,0,0,1,8.32472E+20,5.6689E+21,1.37469E+16,5.10751E+16
122287,122288,14,6,12,0,2016,2,17,4,3,5,3,2,1,0,1,0,0,0,0,8.32897E+20,5.66455E+21,1.3749E+16,5.10358E+16
122288,122289,14,6,27,260,2016,1,20,4,3,9,1,2,0,0,1,0,0,0,0,7.94987E+20,5.6842E+21,1.32259E+16,5.12328E+16
122289,122290,14,6,12,0,2016,1,14,6,3,5,3,0,2,1,0,0,0,0,1,8.32467E+20,5.66749E+21,1.37456E+16,5.10624E+16
122290,122291,14,5,24,330,2016,1,22,6,3,5,2,2,0,0,1,0,0,0,0,7.47289E+20,5.62302E+21,1.25025E+16,5.07063E+16
122291,122292,14,5,11,0,2016,1,14,5,3,6,4,0,2,0,0,1,0,0,1,7.7387E+20,5.63521E+21,1.28872E+16,5.08038E+16
122292,122293,14,6,12,0,2016,1,22,4,3,6,4,2,0,0,0,1,0,0,1,8.26731E+20,5.66576E+21,1.36624E+16,5.10502E+16
122293,122294,14,7,13,0,2016,2,7,3,2,6,2,1,1,0,1,1,0,0,0,7.3665E+20,5.69272E+21,1.23976E+16,5.13364E+16
122294,122295,14,6,12,0,2016,2,7,6,3,5,3,0,1,0,1,0,0,0,0,8.36618E+20,5.66564E+21,1.38029E+16,5.10435E+16
122295,122296,14,6,25,450,2016,2,19,3,2,0,7,2,1,1,0,0,0,0,0,8.50927E+20,5.68222E+21,1.40223E+16,5.11834E+16
122296,122297,14,6,12,0,2016,1,18,4,3,7,1,2,1,1,0,0,0,0,0,8.36087E+20,5.66554E+21,1.37952E+16,5.10429E+16
122297,122298,14,6,27,150,2016,2,17,3,3,5,3,1,1,1,1,0,0,0,0,8.28678E+20,5.67374E+21,1.36973E+16,5.11206E+16
122298,122299,14,6,27,10,2016,2,16,3,3,8,1,0,0,0,1,0,0,0,0,8.20757E+20,5.67426E+21,1.3585E+16,5.11298E+16
122299,122300,14,6,12,0,2016,1,10,4,2,5,3,0,0,1,1,0,0,0,0,8.36503E+20,5.66459E+21,1.38003E+16,5.10341E+16
122300,122301,14,6,12,0,2016,2,11,2,2,5,2,0,0,0,1,0,1,0,0,8.31249E+20,5.66259E+21,1.37238E+16,5.10193E+16
122301,122302,14,7,30,180,2016,1,11,5,3,8,1,0,2,0,1,0,0,0,0,7.3926E+20,5.72098E+21,1.24541E+16,5.1589E+16
122302,122303,14,5,24,330,2016,1,10,6,3,9,1,0,0,0,1,0,0,0,0,7.47178E+20,5.62583E+21,1.25028E+16,5.07316E+16
122303,122304,14,7,30,200,2016,1,12,4,2,5,7,0,1,0,1,0,0,0,0,7.80709E+20,5.68395E+21,1.30217E+16,5.12378E+16
122304,122305,14,6,12,0,2016,1,12,4,3,0,6,0,0,0,0,0,0,0,1,8.35495E+20,5.66555E+21,1.37868E+16,5.10433E+16
122305,122306,14,6,12,0,2016,2,18,3,2,6,4,2,0,0,1,1,0,0,0,8.34373E+20,5.66297E+21,1.37685E+16,5.10209E+16
122306,122307,14,5,11,0,2016,1,16,2,3,5,3,0,1,0,1,0,0,0,0,7.75892E+20,5.63704E+21,1.29172E+16,5.08192E+16
122307,122308,14,6,12,0,2016,2,17,6,3,0,4,2,1,0,0,1,0,0,1,8.31955E+20,5.66576E+21,1.37367E+16,5.10473E+16