FID,OBJECTID,ULAND,UREGBEZ,UKREIS,UGEMEINDE,UJAHR,UMONAT,USTUNDE,UWOCHENTAG,UKATEGORIE,UART,UTYP1,ULICHTVERH,IstStrasse,IstRad,IstPKW,IstFuss,IstKrad,IstGkfz,IstSonstig,LINREFX,LINREFY,XGCSWGS84,YGCSWGS84
122308,122309,14,6,12,0,2016,2,14,3,3,2,6,0,0,0,1,0,0,0,0,8.37414E+20,5.66311E+21,1.38118E+16,5.10203E+16
122309,122310,14,6,12,0,2016,2,13,7,3,5,7,0,0,0,1,0,0,0,0,8.33028E+20,5.66594E+21,1.37521E+16,5.10482E+16
122310,122311,14,5,22,460,2016,2,22,2,3,9,1,2,0,0,1,0,0,0,0,7.61848E+20,5.64711E+21,1.27255E+16,5.09162E+16
122311,122312,14,7,13,0,2016,1,7,5,3,0,1,1,1,0,1,0,0,0,0,7.39899E+20,5.69356E+21,1.24447E+16,5.13426E+16
122312,122313,14,7,13,0,2016,1,9,6,3,3,6,0,0,0,1,0,1,0,0,7.34084E+20,5.69513E+21,1.23624E+16,5.13591E+16
122313,122314,14,7,30,70,2016,1,9,4,3,0,1,0,1,1,0,0,0,0,0,7.31472E+20,5.71324E+21,1.23368E+16,5.15228E+16
122314,122315,14,5,11,0,2016,2,15,2,3,5,3,0,0,1,1,0,0,0,0,7.74282E+20,5.63924E+21,1.28961E+16,5.08398E+16
122315,122316,14,7,13,0,2016,1,17,5,2,5,2,2,1,1,1,0,0,0,0,7.35973E+20,5.69288E+21,1.2388E+16,5.13382E+16
122316,122317,14,7,13,0,2016,1,20,6,3,4,2,2,1,1,1,0,0,0,0,7.3464E+20,5.69541E+21,1.23706E+16,5.13614E+16
122317,122318,14,7,13,0,2016,1,11,4,3,5,2,0,1,1,1,0,0,0,0,7.35758E+20,5.69289E+21,1.23849E+16,5.13384E+16
122318,122319,14,6,12,0,2016,2,17,4,3,5,3,1,1,1,1,0,0,0,0,8.31548E+20,5.66681E+21,1.37319E+16,5.10568E+16
122319,122320,14,6,12,0,2016,1,7,4,2,5,2,1,0,0,1,0,0,0,0,8.30012E+20,5.66564E+21,1.3709E+16,5.10473E+16
122320,122321,14,7,30,270,2016,1,11,7,2,6,7,0,2,0,1,1,0,0,0,7.24004E+20,5.69959E+21,1.22207E+16,5.14032E+16
122321,122322,14,5,21,690,2016,2,16,6,3,5,3,0,1,0,1,0,0,0,0,7.87449E+20,5.62981E+21,1.30752E+16,5.07488E+16
122322,122323,14,6,12,0,2016,2,14,3,3,6,4,0,0,0,1,1,0,0,0,8.32808E+20,5.66919E+21,1.3752E+16,5.10775E+16
122323,122324,14,7,13,0,2016,1,15,4,3,5,3,0,0,0,1,0,0,0,0,7.35445E+20,5.69169E+21,1.23797E+16,5.13277E+16
122324,122325,14,6,12,0,2016,2,12,7,3,5,3,0,0,0,1,0,0,0,0,8.35446E+20,5.66649E+21,1.3787E+16,5.10518E+16
122325,122326,14,7,13,0,2016,1,22,6,2,5,3,2,0,0,1,0,0,0,0,7.37137E+20,5.69443E+21,1.24057E+16,5.13515E+16
122326,122327,14,7,13,0,2016,1,7,4,3,5,3,0,1,1,1,0,0,0,0,7.36075E+20,5.69152E+21,1.23886E+16,5.13259E+16
122327,122328,14,5,22,570,2016,2,12,6,2,6,4,0,0,0,1,1,0,0,0,7.802E+20,5.66626E+21,1.30007E+16,5.10793E+16
122328,122329,14,6,12,0,2016,2,7,4,3,6,4,0,0,1,0,1,0,0,0,8.34877E+20,5.66567E+21,1.37782E+16,5.10447E+16
122329,122330,14,5,21,530,2016,1,13,4,3,6,6,0,1,0,1,1,0,0,0,7.57017E+20,5.61229E+21,1.26326E+16,5.06058E+16
122330,122331,14,5,22,180,2016,2,7,6,3,6,4,1,1,0,1,1,0,0,0,8.05978E+20,5.64867E+21,1.33528E+16,5.09084E+16
122331,122332,14,6,12,0,2016,2,14,4,3,5,3,0,0,0,1,0,0,0,0,8.34126E+20,5.66698E+21,1.37687E+16,5.10569E+16
122332,122333,14,5,11,0,2016,1,15,4,3,0,3,0,0,1,1,0,0,0,0,7.76907E+20,5.63739E+21,1.29318E+16,5.08219E+16
122333,122334,14,7,13,0,2016,1,13,6,3,6,4,0,0,0,1,1,0,0,0,7.31836E+20,5.69146E+21,1.23278E+16,5.13271E+16
122334,122335,14,6,25,20,2016,1,16,6,3,4,2,1,0,0,1,0,0,0,0,8.79013E+20,5.6834E+21,1.44237E+16,5.11761E+16
122335,122336,14,7,13,0,2016,2,14,5,3,4,2,0,0,0,1,0,1,0,0,7.33187E+20,5.69586E+21,1.235E+16,5.13661E+16
122336,122337,14,5,11,0,2016,2,12,3,2,6,7,0,0,0,1,1,0,0,0,7.742E+20,5.63572E+21,1.28923E+16,5.08082E+16
122337,122338,14,7,13,0,2016,1,10,4,2,2,6,0,1,1,1,0,0,0,0,7.37599E+20,5.69346E+21,1.24117E+16,5.13427E+16
122338,122339,14,5,11,0,2016,2,12,7,2,0,7,0,0,0,0,0,0,0,1,7.75003E+20,5.63917E+21,1.29062E+16,5.08387E+16
122339,122340,14,6,25,100,2016,1,18,6,3,5,3,2,0,1,1,0,0,0,0,8.66744E+20,5.67976E+21,1.42452E+16,5.11515E+16
122340,122341,14,7,30,70,2016,2,13,5,2,6,4,0,0,0,1,1,0,0,0,7.32056E+20,5.71337E+21,1.23453E+16,5.15237E+16
122341,122342,14,5,21,550,2016,2,16,4,3,6,7,0,0,0,1,1,0,0,0,7.66243E+20,5.60703E+21,1.27589E+16,5.05545E+16
122342,122343,14,5,11,0,2016,1,6,4,3,4,2,2,0,1,1,0,0,0,0,7.74477E+20,5.63934E+21,1.28989E+16,5.08406E+16
122343,122344,14,5,22,360,2016,2,17,2,3,5,3,2,0,0,1,0,1,0,0,7.78419E+20,5.65772E+21,1.29688E+16,5.10035E+16
122344,122345,14,6,12,0,2016,1,17,6,3,2,6,2,1,0,1,0,0,0,0,8.28764E+20,5.66943E+21,1.36947E+16,5.10819E+16
122345,122346,14,6,27,10,2016,1,14,6,3,6,2,0,0,0,1,1,0,0,0,8.20718E+20,5.6746E+21,1.35848E+16,5.11328E+16
122346,122347,14,6,12,0,2016,1,12,4,3,6,4,0,2,0,1,1,0,0,0,8.29502E+20,5.66503E+21,1.37012E+16,5.10421E+16
122347,122348,14,6,28,270,2016,1,12,6,3,4,2,0,1,0,1,0,0,0,0,8.46228E+20,5.65802E+21,1.39322E+16,5.09695E+16
122348,122349,14,6,28,110,2016,1,7,6,2,8,7,0,1,0,1,0,0,0,0,8.25734E+20,5.66084E+21,1.36438E+16,5.10067E+16
122349,122350,14,6,12,0,2016,1,12,4,3,6,4,0,1,0,1,1,0,0,0,8.32518E+20,5.66315E+21,1.37423E+16,5.10236E+16
122350,122351,14,5,11,0,2016,2,11,7,3,4,6,0,0,0,1,0,0,0,0,7.74873E+20,5.63404E+21,1.29005E+16,5.07928E+16
122351,122352,14,5,22,180,2016,2,11,3,2,5,3,0,0,0,0,0,1,1,0,8.05585E+20,5.6483E+21,1.3347E+16,5.09053E+16
122352,122353,14,5,24,320,2016,2,9,2,3,2,2,0,1,0,1,0,0,0,0,7.47564E+20,5.61893E+21,1.25037E+16,5.06695E+16
122353,122354,14,5,11,0,2016,1,10,4,3,6,6,0,0,0,1,1,0,0,0,7.76347E+20,5.63877E+21,1.2925E+16,5.08345E+16
122354,122355,14,7,13,0,2016,2,21,1,3,2,2,2,0,0,1,0,0,0,0,7.35609E+20,5.69532E+21,1.23844E+16,5.13602E+16
122355,122356,14,6,12,0,2016,1,23,6,3,1,5,2,0,0,1,0,0,0,0,8.34651E+20,5.66776E+21,1.37769E+16,5.10636E+16
122356,122357,14,6,12,0,2016,1,18,4,3,1,7,2,2,0,1,0,0,0,0,8.35706E+20,5.6664E+21,1.37906E+16,5.10508E+16
122357,122358,14,5,22,180,2016,1,15,4,2,6,7,0,0,0,0,1,0,0,1,8.04504E+20,5.6471E+21,1.33306E+16,5.08952E+16
122358,122359,14,5,24,30,2016,1,19,3,3,5,3,2,1,1,0,0,0,0,0,7.38342E+20,5.63495E+21,1.23838E+16,5.08172E+16
122359,122360,14,7,29,170,2016,2,6,2,3,5,2,2,1,1,1,0,0,0,0,7.2938E+20,5.67214E+21,1.22802E+16,5.11546E+16
122360,122361,14,7,13,0,2016,2,9,5,3,5,3,0,0,0,1,0,0,0,0,7.31245E+20,5.69132E+21,1.23192E+16,5.13261E+16
122361,122362,14,7,29,260,2016,2,5,2,3,5,3,2,1,1,1,0,0,0,0,7.34746E+20,5.6871E+21,1.23666E+16,5.12867E+16
122362,122363,14,7,13,0,2016,1,9,3,3,3,2,0,1,1,1,0,0,0,0,7.35092E+20,5.69397E+21,1.23761E+16,5.13483E+16
122363,122364,14,6,12,0,2016,2,14,1,3,5,3,0,0,0,1,0,0,0,0,8.30289E+20,5.67095E+21,1.37177E+16,5.10947E+16
122364,122365,14,6,26,610,2016,1,18,5,2,8,1,2,2,0,1,0,0,0,0,9.0975E+20,5.65513E+21,1.48292E+16,5.0902E+16
122365,122366,14,6,12,0,2016,1,9,6,3,1,6,0,0,1,1,0,0,0,0,8.36931E+20,5.6657E+21,1.38074E+16,5.10438E+16
122366,122367,14,6,12,0,2016,1,16,4,3,4,7,1,1,0,1,0,0,0,0,8.29501E+20,5.66507E+21,1.37012E+16,5.10424E+16
122367,122368,14,7,13,0,2016,2,16,3,3,5,3,0,1,1,1,0,0,0,0,7.34464E+20,5.69119E+21,1.23653E+16,5.13236E+16
122368,122369,14,7,13,0,2016,1,10,3,3,2,6,0,1,0,1,0,0,0,0,7.34695E+20,5.69337E+21,1.237E+16,5.13431E+16
122369,122370,14,7,13,0,2016,1,13,6,3,5,3,0,0,0,1,0,0,0,0,7.32776E+20,5.69135E+21,1.23412E+16,5.13258E+16
122370,122371,14,7,29,160,2016,2,18,5,2,5,3,2,1,0,1,0,1,0,0,7.59819E+20,5.68235E+21,1.2722E+16,5.12332E+16
122371,122372,14,5,11,0,2016,1,10,4,2,2,7,0,2,0,1,0,0,0,1,7.74666E+20,5.63472E+21,1.28981E+16,5.0799E+16
122372,122373,14,7,30,110,2016,2,10,6,3,0,7,0,0,1,1,0,0,0,0,7.5444E+20,5.70817E+21,1.26636E+16,5.14674E+16
122373,122374,14,6,12,0,2016,1,17,6,3,5,3,2,0,0,1,0,0,0,0,8.34286E+20,5.66564E+21,1.37697E+16,5.10448E+16
122374,122375,14,7,13,0,2016,1,6,1,3,1,7,0,1,0,1,0,0,0,0,7.30268E+20,5.69021E+21,1.23045E+16,5.13165E+16
122375,122376,14,6,28,160,2016,2,9,5,3,0,1,0,0,1,0,0,0,0,0,8.43624E+20,5.65695E+21,1.38942E+16,5.09615E+16
122376,122377,14,7,13,0,2016,2,7,2,3,5,3,2,1,1,1,0,0,0,0,7.3814E+20,5.69052E+21,1.24175E+16,5.13161E+16
122377,122378,14,7,30,70,2016,2,10,6,3,5,3,0,0,1,1,0,0,0,0,7.29502E+20,5.71542E+21,1.23099E+16,5.15431E+16
122378,122379,14,6,12,0,2016,2,16,1,3,2,6,0,0,1,1,0,0,0,1,8.38126E+20,5.66468E+21,1.38234E+16,5.10339E+16
122379,122380,14,6,26,290,2016,1,15,5,2,6,4,0,1,0,1,1,0,0,0,8.96735E+20,5.6761E+21,1.46679E+16,5.10987E+16
122380,122381,14,7,13,0,2016,1,19,3,3,4,2,2,0,1,1,0,0,0,0,7.34324E+20,5.69214E+21,1.23639E+16,5.13322E+16
122381,122382,14,6,12,0,2016,2,16,5,2,0,7,0,0,1,1,0,0,0,0,8.30516E+20,5.66445E+21,1.3715E+16,5.10363E+16
122382,122383,14,7,13,0,2016,2,13,3,3,5,2,0,1,1,1,0,0,0,0,7.39967E+20,5.69176E+21,1.24445E+16,5.13264E+16
122383,122384,14,7,13,0,2016,1,9,3,3,3,2,0,1,1,1,0,0,0,0,7.32438E+20,5.69061E+21,1.23359E+16,5.13192E+16
122384,122385,14,6,25,240,2016,1,12,6,3,3,6,0,2,1,1,0,0,0,0,8.67087E+20,5.71096E+21,1.42821E+16,5.14306E+16
122385,122386,14,5,22,180,2016,1,5,6,3,0,7,2,1,1,1,0,0,0,0,8.04988E+20,5.64794E+21,1.33382E+16,5.09024E+16
122386,122387,14,6,12,0,2016,2,22,5,3,5,2,2,1,0,1,0,0,0,1,8.36823E+20,5.66662E+21,1.38067E+16,5.10521E+16
122387,122388,14,7,13,0,2016,1,9,3,3,1,6,0,0,0,1,0,0,0,0,7.31534E+20,5.69163E+21,1.23236E+16,5.13288E+16
122388,122389,14,7,29,160,2016,2,16,6,2,9,1,0,1,0,1,0,0,0,0,7.60073E+20,5.68044E+21,1.27242E+16,5.1216E+16
122389,122390,14,7,13,0,2016,2,14,2,3,4,6,0,0,1,1,0,0,0,0,7.34304E+20,5.69515E+21,1.23656E+16,5.13592E+16
122390,122391,14,5,22,80,2016,2,18,5,3,5,3,2,1,1,1,0,0,0,0,7.88004E+20,5.67141E+21,1.31159E+16,5.11216E+16
122391,122392,14,6,25,100,2016,2,8,3,3,3,6,0,0,0,1,0,0,0,0,8.67355E+20,5.68033E+21,1.42545E+16,5.11562E+16
122392,122393,14,7,13,0,2016,1,14,3,2,4,2,0,1,0,1,0,0,0,1,7.39503E+20,5.69391E+21,1.24393E+16,5.13459E+16
122393,122394,14,6,28,60,2016,1,23,6,3,8,1,2,2,0,1,0,0,0,0,8.24586E+20,5.64269E+21,1.36114E+16,5.08447E+16
122394,122395,14,5,22,260,2016,1,10,6,3,2,2,0,0,0,1,0,1,0,0,7.67436E+20,5.64323E+21,1.2802E+16,5.08788E+16
122395,122396,14,7,13,0,2016,1,7,3,3,5,3,1,2,1,1,0,0,0,0,7.37284E+20,5.6891E+21,1.24043E+16,5.13037E+16
122396,122397,14,7,13,0,2016,1,14,3,3,5,3,0,0,0,1,0,0,0,0,7.35263E+20,5.69522E+21,1.23794E+16,5.13594E+16
122397,122398,14,7,13,0,2016,2,22,2,2,6,1,2,0,0,1,1,0,0,0,7.37284E+20,5.69442E+21,1.24078E+16,5.13514E+16
122398,122399,14,5,22,180,2016,2,18,5,3,6,3,1,1,0,1,1,0,0,0,8.04904E+20,5.65012E+21,1.33388E+16,5.0922E+16
122399,122400,14,7,13,0,2016,2,14,2,2,0,5,0,0,1,1,0,0,0,0,7.34484E+20,5.69544E+21,1.23684E+16,5.13618E+16
122400,122401,14,7,13,0,2016,1,18,3,3,5,3,2,0,1,1,0,0,0,0,7.3178E+20,5.69174E+21,1.23272E+16,5.13296E+16
122401,122402,14,5,22,540,2016,2,22,1,2,8,1,2,0,0,0,0,1,0,0,7.90816E+20,5.6593E+21,1.31463E+16,5.10116E+16
122402,122403,14,6,27,210,2016,1,9,5,3,5,3,0,2,0,1,0,0,0,0,8.24854E+20,5.67397E+21,1.36431E+16,5.11249E+16
122403,122404,14,5,11,0,2016,1,16,6,3,3,6,0,0,0,1,0,0,0,1,7.7644E+20,5.63866E+21,1.29262E+16,5.08335E+16
122404,122405,14,5,23,300,2016,2,14,4,3,2,6,0,1,0,1,0,0,0,0,7.27599E+20,5.58935E+21,1.22035E+16,5.0412E+16
122405,122406,14,7,13,0,2016,2,18,2,2,0,6,2,0,0,1,0,1,0,0,7.34806E+20,5.69155E+21,1.23704E+16,5.13267E+16
122406,122407,14,6,26,290,2016,1,15,3,2,8,1,0,1,1,0,0,0,0,0,8.97764E+20,5.67674E+21,1.46833E+16,5.11038E+16
122407,122408,14,5,24,320,2016,2,15,7,3,6,2,0,0,0,1,1,0,0,0,7.48358E+20,5.61948E+21,1.25153E+16,5.06741E+16
122408,122409,14,5,11,0,2016,1,9,6,2,5,3,0,1,0,1,0,0,0,1,7.75941E+20,5.64068E+21,1.29206E+16,5.08519E+16
122409,122410,14,5,24,300,2016,1,6,5,2,8,7,2,1,0,1,0,0,0,0,7.38489E+20,5.62504E+21,1.23794E+16,5.07281E+16
122410,122411,14,7,13,0,2016,1,7,3,3,6,4,1,1,0,1,1,0,0,0,7.35646E+20,5.69592E+21,1.23853E+16,5.13656E+16
122411,122412,14,6,25,20,2016,1,11,3,2,8,1,0,1,0,0,0,1,0,0,8.8024E+20,5.68464E+21,1.44424E+16,5.11864E+16
122412,122413,14,6,25,240,2016,2,6,2,3,5,3,2,1,1,0,0,0,1,0,8.64228E+20,5.71171E+21,1.42419E+16,5.14392E+16
122413,122414,14,5,11,0,2016,1,6,2,2,6,2,2,1,0,1,1,0,0,0,7.77522E+20,5.63798E+21,1.2941E+16,5.08269E+16
122414,122415,14,7,13,0,2016,2,17,4,3,2,6,1,0,0,1,0,0,0,0,7.30533E+20,5.69151E+21,1.23092E+16,5.13281E+16
122415,122416,14,6,25,20,2016,2,10,2,3,8,3,0,1,0,1,0,0,0,1,8.76382E+20,5.68719E+21,1.43902E+16,5.12117E+16
122416,122417,14,7,29,170,2016,2,10,6,3,1,7,0,1,1,1,0,0,0,0,7.29397E+20,5.67197E+21,1.22804E+16,5.11531E+16
122417,122418,14,5,24,180,2016,2,17,7,3,9,1,2,0,0,1,0,0,0,0,7.64299E+20,5.64035E+21,1.27554E+16,5.08543E+16
122418,122419,14,6,27,30,2016,1,6,5,3,9,1,2,2,0,1,0,0,0,0,8.26293E+20,5.68356E+21,1.36723E+16,5.121E+16
122419,122420,14,5,23,20,2016,1,7,5,2,8,1,1,1,0,1,0,0,0,0,7.41237E+20,5.6017E+21,1.24031E+16,5.05174E+16
122420,122421,14,7,13,0,2016,1,12,3,3,0,7,0,0,0,0,0,0,0,1,7.36933E+20,5.69228E+21,1.24014E+16,5.13323E+16
122421,122422,14,7,13,0,2016,2,9,4,3,5,3,0,0,0,1,0,0,0,0,7.34649E+20,5.69118E+21,1.23679E+16,5.13234E+16
122422,122423,14,6,25,190,2016,2,10,3,2,0,7,0,0,0,0,0,0,0,1,8.79801E+20,5.67679E+21,1.44279E+16,5.11164E+16
122423,122424,14,7,29,245,2016,1,14,3,1,0,7,0,0,1,0,0,0,0,0,7.69524E+20,5.70139E+21,1.28751E+16,5.13996E+16
122424,122425,14,6,27,210,2016,2,21,3,3,1,6,2,0,1,1,0,0,0,0,8.24598E+20,5.67223E+21,1.36379E+16,5.11094E+16
122425,122426,14,6,12,0,2016,1,15,3,2,6,6,0,1,0,1,1,0,0,0,8.33617E+20,5.66441E+21,1.37591E+16,5.10342E+16
122426,122427,14,5,23,300,2016,1,7,7,3,4,1,0,2,0,1,0,0,0,0,7.2553E+20,5.59063E+21,1.21753E+16,5.04243E+16
122427,122428,14,7,30,270,2016,2,16,4,3,6,4,0,0,0,0,1,0,0,1,7.23858E+20,5.69916E+21,1.22183E+16,5.13994E+16
122428,122429,14,6,12,0,2016,2,7,2,3,5,3,1,1,1,1,0,0,0,0,8.32978E+20,5.6673E+21,1.37527E+16,5.10605E+16
122429,122430,14,6,26,180,2016,1,12,3,2,8,1,0,2,0,1,0,0,0,0,9.03742E+20,5.66811E+21,1.47586E+16,5.10224E+16
122430,122431,14,7,13,0,2016,2,19,6,3,0,5,2,1,1,1,0,0,0,0,7.36072E+20,5.6936E+21,1.23899E+16,5.13446E+16
122431,122432,14,7,13,0,2016,1,15,5,3,6,4,0,0,0,1,1,0,0,0,7.29483E+20,5.68983E+21,1.2293E+16,5.13134E+16
122432,122433,14,6,26,610,2016,1,5,3,3,4,6,2,2,0,1,0,0,0,0,9.13821E+20,5.66011E+21,1.48925E+16,5.09437E+16
122433,122434,14,7,13,0,2016,2,19,4,3,5,3,2,0,1,1,0,0,0,0,7.34755E+20,5.69211E+21,1.237E+16,5.13317E+16
122434,122435,14,5,21,170,2016,2,22,3,3,9,1,2,1,0,1,0,0,0,0,7.55015E+20,5.60054E+21,1.25963E+16,5.05012E+16
122435,122436,14,6,12,0,2016,1,8,3,3,5,2,0,1,1,1,0,0,0,0,8.33622E+20,5.66609E+21,1.37607E+16,5.10492E+16
122436,122437,14,6,28,270,2016,1,12,6,3,5,3,0,1,0,1,0,0,0,0,8.46783E+20,5.65697E+21,1.39391E+16,5.09598E+16
122437,122438,14,7,13,0,2016,1,18,5,2,3,6,2,0,1,1,0,0,0,0,7.31544E+20,5.68885E+21,1.23219E+16,5.13038E+16
122438,122439,14,6,12,0,2016,1,20,3,3,3,5,2,1,0,1,0,1,0,0,8.30638E+20,5.66558E+21,1.37178E+16,5.10464E+16
122439,122440,14,7,13,0,2016,1,11,6,3,5,3,0,0,1,1,0,0,0,0,7.35094E+20,5.68978E+21,1.23734E+16,5.13107E+16
122440,122441,14,7,13,0,2016,1,5,5,2,5,3,2,0,1,1,0,0,0,0,7.39918E+20,5.69456E+21,1.24457E+16,5.13516E+16
122441,122442,14,7,13,0,2016,2,7,4,2,3,2,0,1,1,0,0,0,1,0,7.36699E+20,5.6898E+21,1.23964E+16,5.13102E+16
122442,122443,14,5,21,460,2016,2,10,2,3,6,6,0,1,0,1,1,0,0,0,8.06659E+20,5.62101E+21,1.33394E+16,5.06601E+16
122443,122444,14,6,25,310,2016,1,14,3,3,6,1,0,2,0,1,1,0,0,0,8.53846E+20,5.71171E+21,1.40932E+16,5.14458E+16
122444,122445,14,7,13,0,2016,2,11,6,2,1,5,0,0,1,1,0,0,0,0,7.31576E+20,5.69344E+21,1.23254E+16,5.1345E+16
122445,122446,14,7,13,0,2016,1,19,5,3,5,3,2,0,1,1,0,0,0,0,7.33389E+20,5.69214E+21,1.23505E+16,5.13326E+16
122446,122447,14,6,12,0,2016,2,6,4,3,5,2,2,0,1,0,0,0,0,1,8.37332E+20,5.6669E+21,1.38142E+16,5.10543E+16
122447,122448,14,5,11,0,2016,2,12,3,3,4,2,0,0,0,1,0,0,0,0,7.70555E+20,5.63641E+21,1.28411E+16,5.08161E+16
122448,122449,14,6,12,0,2016,1,14,3,3,0,5,0,0,0,1,0,0,0,0,8.27502E+20,5.6661E+21,1.36737E+16,5.10529E+16
122449,122450,14,5,21,500,2016,2,6,5,2,0,7,1,2,0,1,0,0,0,0,7.75109E+20,5.60317E+21,1.28809E+16,5.05157E+16
122450,122451,14,5,23,330,2016,2,13,7,2,2,2,0,0,0,1,0,0,0,0,7.25641E+20,5.60343E+21,1.21845E+16,5.05392E+16
122451,122452,14,6,12,0,2016,1,7,6,3,6,2,1,1,0,1,1,0,0,0,8.33243E+20,5.66903E+21,1.3758E+16,5.10758E+16
122452,122453,14,6,25,480,2016,1,13,5,2,6,4,0,0,0,1,1,0,0,0,8.44164E+20,5.67376E+21,1.39179E+16,5.11118E+16
122453,122454,14,6,25,310,2016,1,19,3,3,5,3,2,2,1,1,0,0,0,0,8.53871E+20,5.71246E+21,1.40943E+16,5.14524E+16
122454,122455,14,5,21,30,2016,1,5,3,3,4,1,2,2,0,1,0,0,0,0,7.62309E+20,5.61333E+21,1.27079E+16,5.06128E+16
122455,122456,14,6,12,0,2016,1,7,3,3,5,3,1,2,0,1,0,0,0,1,8.3221E+20,5.66463E+21,1.37393E+16,5.1037E+16
122456,122457,14,7,13,0,2016,2,11,6,3,6,7,0,0,0,1,1,0,0,0,7.35304E+20,5.68989E+21,1.23765E+16,5.13116E+16
122457,122458,14,5,11,0,2016,2,15,2,3,2,6,0,0,0,1,0,0,0,0,7.73743E+20,5.6368E+21,1.28866E+16,5.08181E+16
122458,122459,14,5,21,710,2016,2,8,2,2,9,1,0,1,0,0,0,1,0,0,7.67003E+20,5.61583E+21,1.27759E+16,5.06331E+16
122459,122460,14,5,11,0,2016,1,17,3,3,3,6,1,1,0,1,0,0,0,0,7.75287E+20,5.63915E+21,1.29102E+16,5.08384E+16
122460,122461,14,5,11,0,2016,2,5,5,2,4,2,2,1,0,1,0,1,0,0,7.751E+20,5.63959E+21,1.29079E+16,5.08425E+16
122461,122462,14,7,13,0,2016,2,17,7,3,6,7,1,1,0,1,1,0,0,0,7.30847E+20,5.69184E+21,1.23139E+16,5.13309E+16
122462,122463,14,6,12,0,2016,1,6,5,3,3,6,1,0,1,0,0,0,0,1,8.30388E+20,5.67106E+21,1.37193E+16,5.10957E+16
122463,122464,14,6,12,0,2016,1,11,3,3,6,7,0,2,0,0,1,0,0,1,8.31122E+20,5.66584E+21,1.37249E+16,5.10484E+16
122464,122465,14,5,23,300,2016,1,7,2,2,6,4,0,1,0,1,1,0,0,0,7.25551E+20,5.58997E+21,1.21751E+16,5.04184E+16
122465,122466,14,5,11,0,2016,1,10,2,2,2,6,0,1,0,1,0,0,0,0,7.73509E+20,5.63665E+21,1.28832E+16,5.08169E+16
122466,122467,14,5,11,0,2016,2,6,4,3,2,6,1,1,0,1,0,0,0,0,7.72389E+20,5.63834E+21,1.28686E+16,5.08326E+16
122467,122468,14,5,11,0,2016,2,12,2,2,8,7,0,1,0,1,0,0,0,0,7.71652E+20,5.63826E+21,1.28581E+16,5.08322E+16
122468,122469,14,7,13,0,2016,1,0,1,2,6,4,2,1,0,1,1,0,0,0,7.35171E+20,5.69356E+21,1.2377E+16,5.13446E+16
122469,122470,14,5,22,60,2016,2,15,4,3,5,3,0,1,1,1,0,0,0,0,7.67612E+20,5.64618E+21,1.28066E+16,5.09052E+16
122470,122471,14,7,13,0,2016,1,19,1,3,5,3,2,0,1,1,0,0,0,0,7.37896E+20,5.6914E+21,1.24146E+16,5.13241E+16
122471,122472,14,5,23,320,2016,1,6,2,3,5,3,0,1,0,1,0,0,0,0,7.22048E+20,5.59878E+21,1.21311E+16,5.04988E+16
122472,122473,14,7,13,0,2016,2,15,4,3,0,1,0,1,0,0,0,1,0,0,7.34731E+20,5.69015E+21,1.23684E+16,5.13142E+16
122473,122474,14,7,13,0,2016,2,14,7,3,5,3,0,0,1,1,0,0,0,0,7.2721E+20,5.69356E+21,1.22629E+16,5.13479E+16
122474,122475,14,6,12,0,2016,1,16,5,3,6,4,2,1,0,1,1,0,0,0,8.38795E+20,5.664E+21,1.38323E+16,5.10275E+16
122475,122476,14,6,12,0,2016,1,11,5,3,5,3,0,0,1,1,0,0,0,0,8.3831E+20,5.66065E+21,1.38223E+16,5.09978E+16
122476,122477,14,6,12,0,2016,1,6,3,3,5,3,2,1,0,1,0,0,0,0,8.2957E+20,5.6646E+21,1.37017E+16,5.10382E+16
122477,122478,14,7,29,50,2016,2,16,2,2,6,4,0,0,0,1,1,0,0,0,7.44903E+20,5.67002E+21,1.25003E+16,5.11292E+16
122478,122479,14,5,24,80,2016,1,16,2,3,4,1,0,1,0,1,0,0,0,0,7.51969E+20,5.63526E+21,1.25771E+16,5.08142E+16
122479,122480,14,6,12,0,2016,1,0,7,2,5,3,2,0,0,1,0,0,0,1,8.30014E+20,5.66684E+21,1.37101E+16,5.10581E+16
122480,122481,14,5,24,330,2016,2,7,3,2,6,7,0,1,0,1,1,0,0,0,7.46115E+20,5.62502E+21,1.24873E+16,5.07248E+16
122481,122482,14,5,21,670,2016,1,8,3,2,5,3,0,2,0,1,0,0,1,0,7.88409E+20,5.62082E+21,1.30818E+16,5.06677E+16
122482,122483,14,7,13,0,2016,2,14,6,2,6,4,0,0,0,1,1,0,0,0,7.29695E+20,5.68426E+21,1.22925E+16,5.12633E+16
122483,122484,14,6,12,0,2016,1,11,5,3,0,2,0,1,1,0,0,0,0,1,8.31275E+20,5.66725E+21,1.37284E+16,5.1061E+16