FID,OBJECTID,ULAND,UREGBEZ,UKREIS,UGEMEINDE,UJAHR,UMONAT,USTUNDE,UWOCHENTAG,UKATEGORIE,UART,UTYP1,ULICHTVERH,IstStrasse,IstRad,IstPKW,IstFuss,IstKrad,IstGkfz,IstSonstig,LINREFX,LINREFY,XGCSWGS84,YGCSWGS84
122484,122485,14,7,13,0,2016,2,10,6,2,1,3,0,0,1,1,0,0,0,0,7.35277E+20,5.69102E+21,1.23768E+16,5.13217E+16
122485,122486,14,7,13,0,2016,2,18,7,3,4,2,1,0,0,1,0,0,0,0,7.36595E+20,5.69975E+21,1.24015E+16,5.13996E+16
122486,122487,14,6,27,210,2016,1,17,5,3,6,2,1,1,0,1,1,0,0,0,8.24083E+20,5.67205E+21,1.36304E+16,5.11081E+16
122487,122488,14,6,12,0,2016,1,11,5,3,5,3,0,0,0,1,0,0,0,0,8.3692E+20,5.66498E+21,1.38066E+16,5.10374E+16
122488,122489,14,5,11,0,2016,1,10,3,3,1,7,0,2,0,1,0,0,0,0,7.74464E+20,5.63579E+21,1.2896E+16,5.08088E+16
122489,122490,14,5,23,120,2016,2,16,3,3,6,7,0,1,0,1,1,0,0,0,7.38986E+20,5.59692E+21,1.23684E+16,5.04755E+16
122490,122491,14,5,24,170,2016,1,16,2,3,5,3,0,0,0,1,0,0,0,0,7.41967E+20,5.6197E+21,1.24251E+16,5.06788E+16
122491,122492,14,6,25,480,2016,1,13,6,2,6,4,0,2,0,1,1,0,0,0,8.4393E+20,5.67256E+21,1.39134E+16,5.11012E+16
122492,122493,14,6,12,0,2016,1,17,5,3,5,3,2,1,0,1,0,0,0,1,8.35495E+20,5.66555E+21,1.37868E+16,5.10433E+16
122493,122494,14,7,30,310,2016,2,14,3,3,9,1,0,1,0,1,0,0,0,0,7.76337E+20,5.72146E+21,1.29885E+16,5.15764E+16
122494,122495,14,6,12,0,2016,1,20,1,3,5,3,2,0,1,1,0,0,0,0,8.29193E+20,5.66516E+21,1.36969E+16,5.10434E+16
122495,122496,14,5,11,0,2016,1,10,3,3,5,3,0,0,0,1,0,0,0,0,7.7483E+20,5.6395E+21,1.2904E+16,5.08419E+16
122496,122497,14,6,25,20,2016,2,10,6,3,5,5,0,0,1,1,0,0,0,0,8.79909E+20,5.68537E+21,1.44385E+16,5.11931E+16
122497,122498,14,6,12,0,2016,1,15,5,1,5,3,0,0,1,0,0,0,0,1,8.29167E+20,5.66579E+21,1.36971E+16,5.10491E+16
122498,122499,14,6,12,0,2016,1,12,1,3,6,4,0,0,0,0,1,0,0,1,8.32818E+20,5.66589E+21,1.37491E+16,5.10479E+16
122499,122500,14,7,30,330,2016,2,9,3,3,5,3,0,1,1,1,0,0,0,0,7.7484E+20,5.68855E+21,1.29414E+16,5.12819E+16
122500,122501,14,5,24,190,2016,1,18,7,3,5,3,2,1,0,1,0,0,0,0,7.43693E+20,5.63888E+21,1.24622E+16,5.08502E+16
122501,122502,14,5,24,330,2016,1,22,2,3,5,3,2,1,0,1,0,0,0,0,7.44945E+20,5.62623E+21,1.24715E+16,5.07361E+16
122502,122503,14,7,13,0,2016,2,19,4,3,2,2,2,0,1,1,0,0,0,0,7.32321E+20,5.69062E+21,1.23342E+16,5.13194E+16
122503,122504,14,7,30,110,2016,2,18,3,2,6,4,2,1,0,1,1,0,0,0,7.52284E+20,5.70735E+21,1.2632E+16,5.1461E+16
122504,122505,14,7,29,260,2016,2,18,2,3,2,2,2,0,0,1,0,0,0,0,7.34703E+20,5.68696E+21,1.23659E+16,5.12856E+16
122505,122506,14,5,24,320,2016,1,17,2,3,8,1,1,1,0,1,0,0,0,0,7.48045E+20,5.62102E+21,1.25119E+16,5.0688E+16
122506,122507,14,6,26,610,2016,2,11,4,3,6,6,0,0,1,0,1,0,0,0,9.08266E+20,5.65388E+21,1.48068E+16,5.08919E+16
122507,122508,14,6,27,210,2016,1,8,6,2,2,6,0,1,0,1,0,0,0,0,8.22289E+20,5.67158E+21,1.36044E+16,5.11049E+16
122508,122509,14,5,22,570,2016,1,14,5,3,5,3,0,1,0,1,0,0,0,0,7.81477E+20,5.66619E+21,1.30188E+16,5.10781E+16
122509,122510,14,5,11,0,2016,1,17,3,3,2,6,2,1,0,1,0,0,0,0,7.71996E+20,5.63564E+21,1.2861E+16,5.08085E+16
122510,122511,14,5,24,330,2016,1,3,7,2,9,1,2,2,0,1,0,0,0,0,7.44263E+20,5.62288E+21,1.24597E+16,5.07063E+16
122511,122512,14,7,13,0,2016,2,7,3,3,5,2,0,1,1,1,0,0,0,0,7.36799E+20,5.69377E+21,1.24004E+16,5.13458E+16
122512,122513,14,7,13,0,2016,1,16,7,2,6,7,1,1,0,1,1,0,0,0,7.33723E+20,5.69339E+21,1.23561E+16,5.13436E+16
122513,122514,14,7,13,0,2016,1,5,2,3,6,2,2,1,0,1,1,0,0,0,7.31175E+20,5.69192E+21,1.23186E+16,5.13315E+16
122514,122515,14,6,26,110,2016,2,15,4,3,1,3,0,0,0,1,0,0,0,0,9.15599E+20,5.68301E+21,1.49439E+16,5.11472E+16
122515,122516,14,7,13,0,2016,2,23,7,3,3,6,2,0,0,1,0,0,0,1,7.36661E+20,5.69557E+21,1.23997E+16,5.1362E+16
122516,122517,14,7,13,0,2016,1,14,4,3,5,3,0,0,0,1,0,0,0,0,7.37776E+20,5.69374E+21,1.24144E+16,5.13451E+16
122517,122518,14,5,22,50,2016,1,13,3,2,9,1,0,2,0,0,0,0,0,1,8.02126E+20,5.64148E+21,1.32923E+16,5.0846E+16
122518,122519,14,7,13,0,2016,2,21,7,3,3,6,2,0,1,1,0,0,0,0,7.37032E+20,5.68955E+21,1.2401E+16,5.13079E+16
122519,122520,14,5,11,0,2016,1,15,6,3,6,4,0,2,0,0,1,0,0,1,7.76214E+20,5.63875E+21,1.29231E+16,5.08345E+16
122520,122521,14,7,13,0,2016,1,18,4,2,0,1,2,0,0,1,0,1,0,0,7.36261E+20,5.69635E+21,1.23944E+16,5.13691E+16
122521,122522,14,7,13,0,2016,1,14,2,3,5,3,0,0,0,1,0,0,0,0,7.29368E+20,5.69071E+21,1.2292E+16,5.13213E+16
122522,122523,14,7,13,0,2016,1,16,2,2,3,6,0,1,1,1,0,0,0,0,7.31754E+20,5.69304E+21,1.23276E+16,5.13414E+16
122523,122524,14,7,13,0,2016,1,10,7,3,2,6,0,0,0,1,0,0,0,1,7.29836E+20,5.69445E+21,1.23011E+16,5.13548E+16
122524,122525,14,7,13,0,2016,2,19,3,3,5,2,2,1,1,1,0,0,0,0,7.35121E+20,5.69398E+21,1.23765E+16,5.13484E+16
122525,122526,14,7,13,0,2016,1,19,7,3,4,6,2,1,0,1,0,0,0,0,7.37865E+20,5.6929E+21,1.24151E+16,5.13375E+16
122526,122527,14,6,27,10,2016,2,22,6,2,0,1,2,0,1,0,0,0,0,0,8.20282E+20,5.67354E+21,1.35776E+16,5.11236E+16
122527,122528,14,6,25,20,2016,2,16,7,3,0,1,1,0,1,0,0,0,0,0,8.80093E+20,5.68499E+21,1.44407E+16,5.11896E+16
122528,122529,14,5,11,0,2016,1,15,5,3,2,6,0,1,0,1,0,0,0,0,7.75897E+20,5.64185E+21,1.29209E+16,5.08624E+16
122529,122530,14,7,13,0,2016,1,7,4,2,6,4,0,0,0,1,1,0,0,0,7.31174E+20,5.69192E+21,1.23186E+16,5.13315E+16
122530,122531,14,7,13,0,2016,1,10,2,3,1,6,0,1,0,1,0,0,0,1,7.39636E+20,5.69235E+21,1.24401E+16,5.13318E+16
122531,122532,14,6,12,0,2016,2,13,2,3,2,2,0,0,0,1,0,0,0,0,8.38832E+20,5.66204E+21,1.3831E+16,5.10099E+16
122532,122533,14,6,12,0,2016,1,9,2,3,5,3,0,1,0,1,0,1,0,0,8.30419E+20,5.6639E+21,1.37132E+16,5.10314E+16
122533,122534,14,7,13,0,2016,1,7,6,3,2,6,1,2,0,1,0,0,0,1,7.32654E+20,5.69227E+21,1.234E+16,5.1334E+16
122534,122535,14,7,13,0,2016,1,15,4,3,5,3,0,0,1,1,0,0,0,0,7.35105E+20,5.6949E+21,1.23769E+16,5.13566E+16
122535,122536,14,7,13,0,2016,2,15,3,3,3,6,0,0,1,1,0,0,0,0,7.32412E+20,5.69093E+21,1.23357E+16,5.13221E+16
122536,122537,14,5,22,190,2016,1,9,7,2,8,7,0,0,0,0,0,0,0,1,7.73247E+20,5.66569E+21,1.29012E+16,5.10776E+16
122537,122538,14,6,12,0,2016,2,18,2,3,5,3,2,0,1,1,0,0,0,0,8.33069E+20,5.66402E+21,1.37509E+16,5.1031E+16
122538,122539,14,6,12,0,2016,1,7,2,1,0,7,1,1,1,1,0,0,0,0,8.32188E+20,5.66865E+21,1.37426E+16,5.1073E+16
122539,122540,14,6,27,270,2016,1,9,1,3,0,1,0,2,1,0,0,0,0,0,7.97053E+20,5.69504E+21,1.32644E+16,5.13289E+16
122540,122541,14,7,13,0,2016,2,14,3,3,5,3,0,1,1,1,0,0,0,0,7.35154E+20,5.69374E+21,1.23768E+16,5.13462E+16
122541,122542,14,5,11,0,2016,1,13,7,2,5,3,0,0,0,1,0,0,0,0,7.77093E+20,5.63475E+21,1.29325E+16,5.07981E+16
122542,122543,14,6,12,0,2016,2,15,6,2,3,6,0,0,1,1,0,0,0,0,8.27555E+20,5.66716E+21,1.36754E+16,5.10623E+16
122543,122544,14,6,26,610,2016,1,18,4,3,2,6,1,0,0,1,0,0,0,0,9.08304E+20,5.65339E+21,1.48068E+16,5.08874E+16
122544,122545,14,7,13,0,2016,1,5,2,3,5,3,2,2,0,1,0,0,0,0,7.33453E+20,5.69549E+21,1.23536E+16,5.13626E+16
122545,122546,14,6,26,370,2016,1,7,6,3,6,4,2,1,0,1,1,0,0,0,9.06344E+20,5.69918E+21,1.48306E+16,5.12985E+16
122546,122547,14,5,24,330,2016,2,11,1,3,6,4,0,0,0,1,1,0,0,0,7.46017E+20,5.62378E+21,1.2485E+16,5.07137E+16
122547,122548,14,6,27,60,2016,3,14,5,3,1,5,0,0,1,1,0,0,0,0,8.15563E+20,5.69197E+21,1.35266E+16,5.12915E+16
122548,122549,14,7,13,0,2016,2,20,4,3,1,1,0,0,0,1,0,0,0,0,7.31042E+20,5.69366E+21,1.23179E+16,5.13472E+16
122549,122550,14,5,24,250,2016,2,6,2,3,6,4,1,1,0,1,1,0,0,0,7.49402E+20,5.6227E+21,1.25322E+16,5.07025E+16
122550,122551,14,7,13,0,2016,3,15,6,3,0,2,0,0,0,1,0,0,0,1,7.31411E+20,5.69164E+21,1.23218E+16,5.13289E+16
122551,122552,14,7,13,0,2016,2,19,5,3,2,6,2,0,0,1,0,0,0,0,7.35662E+20,5.69604E+21,1.23857E+16,5.13666E+16
122552,122553,14,6,25,20,2016,2,18,2,3,5,3,2,0,0,1,0,0,0,1,8.79478E+20,5.68428E+21,1.44312E+16,5.11836E+16
122553,122554,14,7,13,0,2016,2,8,6,2,5,3,0,0,1,1,0,0,0,0,7.40048E+20,5.68927E+21,1.2444E+16,5.1304E+16
122554,122555,14,7,13,0,2016,2,13,4,3,5,3,0,0,1,1,0,0,0,0,7.33798E+20,5.69331E+21,1.23571E+16,5.13429E+16
122555,122556,14,7,30,310,2016,2,15,1,2,0,6,0,1,0,0,0,1,0,0,7.7721E+20,5.72008E+21,1.3E+16,5.15636E+16
122556,122557,14,7,13,0,2016,2,9,5,3,5,3,0,1,1,1,0,0,0,0,7.35563E+20,5.69269E+21,1.2382E+16,5.13366E+16
122557,122558,14,7,30,330,2016,2,10,2,3,6,7,0,0,0,1,1,0,0,0,7.75033E+20,5.68785E+21,1.29436E+16,5.12755E+16
122558,122559,14,5,23,450,2016,2,13,2,3,9,1,0,2,0,0,0,0,0,1,7.12681E+20,5.59264E+21,1.19958E+16,5.04472E+16
122559,122560,14,7,13,0,2016,2,13,2,3,3,5,0,1,0,1,0,1,0,0,7.36446E+20,5.6935E+21,1.23952E+16,5.13435E+16
122560,122561,14,7,13,0,2016,2,9,5,3,2,6,0,0,0,1,0,0,0,0,7.38864E+20,5.69449E+21,1.24305E+16,5.13514E+16
122561,122562,14,7,13,0,2016,2,8,2,3,5,3,0,0,1,0,0,0,0,0,7.34999E+20,5.69303E+21,1.23741E+16,5.13399E+16
122562,122563,14,7,13,0,2016,2,9,2,3,1,3,0,0,1,1,0,0,0,0,7.3428E+20,5.6935E+21,1.23642E+16,5.13444E+16
122563,122564,14,7,13,0,2016,2,15,5,3,5,3,0,1,0,1,1,0,0,1,7.38138E+20,5.69052E+21,1.24175E+16,5.13161E+16
122564,122565,14,5,11,0,2016,3,19,4,3,0,1,2,1,1,0,0,0,0,0,7.74712E+20,5.63841E+21,1.29015E+16,5.08321E+16
122565,122566,14,7,13,0,2016,2,13,6,3,0,7,0,0,0,1,0,0,0,0,7.34029E+20,5.69086E+21,1.23588E+16,5.13208E+16
122566,122567,14,7,13,0,2016,2,20,4,3,5,2,2,0,1,1,0,0,0,0,7.3485E+20,5.6921E+21,1.23714E+16,5.13316E+16
122567,122568,14,7,13,0,2016,2,20,1,2,0,1,2,0,1,0,0,0,0,0,7.35402E+20,5.6908E+21,1.23785E+16,5.13197E+16
122568,122569,14,7,13,0,2016,2,11,5,3,5,3,0,0,1,1,0,0,0,0,7.33654E+20,5.69071E+21,1.23534E+16,5.13196E+16
122569,122570,14,7,13,0,2016,2,10,2,2,6,4,0,0,0,1,1,0,0,0,7.37378E+20,5.69267E+21,1.2408E+16,5.13357E+16
122570,122571,14,7,13,0,2016,2,15,6,3,6,4,0,0,0,1,1,0,0,0,7.34784E+20,5.69365E+21,1.23715E+16,5.13456E+16
122571,122572,14,5,24,80,2016,2,13,2,3,8,1,0,2,1,0,0,0,0,0,7.5031E+20,5.63677E+21,1.25546E+16,5.08285E+16
122572,122573,14,7,13,0,2016,2,14,2,3,5,3,0,1,1,0,0,0,0,1,7.36081E+20,5.69263E+21,1.23894E+16,5.13358E+16
122573,122574,14,6,12,0,2016,3,9,5,3,0,7,0,1,0,1,0,0,0,0,8.26914E+20,5.66706E+21,1.36662E+16,5.10618E+16
122574,122575,14,5,11,0,2016,3,7,4,3,5,2,0,1,0,1,0,0,0,1,7.74572E+20,5.63641E+21,1.2898E+16,5.08142E+16
122575,122576,14,7,13,0,2016,2,12,6,3,5,3,0,0,1,1,0,0,0,0,7.35299E+20,5.69024E+21,1.23766E+16,5.13148E+16
122576,122577,14,7,13,0,2016,2,7,4,3,1,6,0,0,0,1,0,0,0,1,7.31262E+20,5.69778E+21,1.23237E+16,5.13841E+16
122577,122578,14,7,13,0,2016,2,12,1,3,5,3,0,0,1,1,0,0,0,0,7.38444E+20,5.69093E+21,1.24221E+16,5.13196E+16
122578,122579,14,5,23,320,2016,3,13,3,3,5,3,0,1,0,1,0,0,0,1,7.21733E+20,5.60007E+21,1.21275E+16,5.05106E+16
122579,122580,14,7,13,0,2016,2,12,6,3,5,3,0,0,0,1,1,0,0,0,7.37396E+20,5.69346E+21,1.24088E+16,5.13427E+16
122580,122581,14,7,13,0,2016,2,14,4,2,6,2,0,0,0,1,1,0,0,0,7.35535E+20,5.69291E+21,1.23818E+16,5.13386E+16
122581,122582,14,7,13,0,2016,2,11,1,3,5,3,0,1,0,1,0,0,0,0,7.36566E+20,5.68836E+21,1.23935E+16,5.12973E+16
122582,122583,14,7,29,260,2016,3,9,6,3,5,3,0,0,0,1,0,0,0,1,7.35382E+20,5.68647E+21,1.23753E+16,5.12808E+16
122583,122584,14,7,13,0,2016,2,9,5,3,5,3,0,0,1,1,0,0,0,0,7.34605E+20,5.69245E+21,1.23681E+16,5.13349E+16
122584,122585,14,7,13,0,2016,2,16,6,3,6,4,1,0,0,1,1,0,0,0,7.3616E+20,5.68749E+21,1.23871E+16,5.12897E+16
122585,122586,14,5,24,190,2016,2,19,2,3,5,1,2,2,0,1,0,0,0,0,7.43214E+20,5.63906E+21,1.24555E+16,5.0852E+16
122586,122587,14,7,13,0,2016,2,18,2,2,6,4,2,1,0,1,1,0,0,0,7.34192E+20,5.6929E+21,1.23625E+16,5.13391E+16
122587,122588,14,7,29,160,2016,2,10,1,2,5,3,0,1,0,1,0,0,0,0,7.59874E+20,5.68297E+21,1.27232E+16,5.12388E+16
122588,122589,14,6,12,0,2016,3,11,5,3,1,5,0,0,0,1,0,0,0,1,8.35846E+20,5.66208E+21,1.37886E+16,5.1012E+16
122589,122590,14,6,25,240,2016,2,16,4,2,5,3,0,0,0,1,0,0,0,0,8.6585E+20,5.71267E+21,1.42662E+16,5.14467E+16
122590,122591,14,7,13,0,2016,2,19,1,3,5,2,2,1,0,1,0,0,0,0,7.31925E+20,5.69056E+21,1.23285E+16,5.1319E+16
122591,122592,14,7,30,70,2016,2,14,2,3,6,4,0,1,0,1,1,0,0,0,7.31863E+20,5.71376E+21,1.23428E+16,5.15273E+16
122592,122593,14,6,26,610,2016,3,14,6,3,5,3,0,0,0,1,0,0,0,0,9.07274E+20,5.65389E+21,1.47928E+16,5.08926E+16
122593,122594,14,7,13,0,2016,2,12,5,3,6,4,0,0,0,0,1,0,0,1,7.27684E+20,5.69065E+21,1.22678E+16,5.13215E+16
122594,122595,14,7,13,0,2016,2,15,2,3,6,2,0,1,0,1,1,0,0,0,7.34323E+20,5.69588E+21,1.23663E+16,5.13658E+16
122595,122596,14,6,28,110,2016,3,8,6,3,2,2,0,0,0,1,0,0,0,1,8.25954E+20,5.65989E+21,1.36461E+16,5.0998E+16
122596,122597,14,6,26,290,2016,2,11,5,3,1,7,0,0,0,1,0,0,0,1,8.96959E+20,5.67597E+21,1.4671E+16,5.10974E+16
122597,122598,14,7,13,0,2016,2,14,6,3,6,3,0,0,0,1,1,0,0,0,7.28536E+20,5.68994E+21,1.22795E+16,5.13148E+16
122598,122599,14,6,27,360,2016,2,14,4,3,6,4,0,0,0,1,1,0,0,0,8.02514E+20,5.69602E+21,1.33434E+16,5.13348E+16
122599,122600,14,6,26,290,2016,2,6,2,3,9,1,0,2,0,1,0,0,0,0,8.97715E+20,5.67573E+21,1.46815E+16,5.10947E+16
122600,122601,14,6,28,270,2016,2,14,2,2,0,7,0,0,1,0,0,0,0,0,8.48083E+20,5.65735E+21,1.39579E+16,5.09624E+16
122601,122602,14,6,12,0,2016,2,11,1,2,6,4,0,1,0,1,1,0,0,0,8.33208E+20,5.66292E+21,1.37519E+16,5.10211E+16
122602,122603,14,6,12,0,2016,3,16,5,3,6,7,0,0,0,1,1,0,0,0,8.34753E+20,5.67355E+21,1.37837E+16,5.11154E+16
122603,122604,14,6,27,60,2016,2,9,4,2,5,3,0,0,1,1,0,0,0,0,8.16245E+20,5.68956E+21,1.35342E+16,5.12694E+16
122604,122605,14,6,26,600,2016,2,12,2,3,5,3,0,1,0,1,0,0,0,1,8.90588E+20,5.72024E+21,1.46288E+16,5.1498E+16
122605,122606,14,6,28,90,2016,3,15,6,2,0,1,0,0,1,0,0,0,0,0,8.20254E+20,5.65111E+21,1.35574E+16,5.09225E+16
122606,122607,14,6,25,30,2016,2,15,5,3,7,7,0,0,1,0,1,0,0,0,8.50932E+20,5.70238E+21,1.40422E+16,5.1364E+16
122607,122608,14,5,23,270,2016,3,7,3,3,5,3,0,1,0,1,0,0,0,1,7.30408E+20,5.59975E+21,1.22494E+16,5.05043E+16
122608,122609,14,6,26,110,2016,2,19,6,3,6,4,2,0,0,1,1,0,0,0,9.18408E+20,5.6841E+21,1.49851E+16,5.11549E+16
122609,122610,14,6,12,0,2016,2,15,4,3,0,3,0,0,0,0,0,0,0,1,8.30345E+20,5.6667E+21,1.37147E+16,5.10566E+16
122610,122611,14,6,12,0,2016,2,21,1,3,3,2,2,1,0,1,0,1,0,0,8.32688E+20,5.66852E+21,1.37496E+16,5.10716E+16
122611,122612,14,6,12,0,2016,2,14,6,3,5,3,0,0,1,1,0,0,0,0,8.293E+20,5.6702E+21,1.3703E+16,5.10885E+16
122612,122613,14,6,12,0,2016,2,8,4,3,5,3,0,0,1,1,0,0,0,0,8.28571E+20,5.6665E+21,1.36893E+16,5.10558E+16
122613,122614,14,5,24,80,2016,2,15,7,3,0,1,0,0,1,0,0,0,0,0,7.49597E+20,5.63559E+21,1.25437E+16,5.08181E+16
122614,122615,14,6,12,0,2016,3,19,5,3,2,6,2,0,0,1,0,0,0,0,8.35006E+20,5.66563E+21,1.37799E+16,5.10443E+16
122615,122616,14,6,12,0,2016,2,20,2,3,5,3,2,1,0,1,0,0,0,0,8.30349E+20,5.66418E+21,1.37124E+16,5.1034E+16
122616,122617,14,6,12,0,2016,2,8,2,3,5,3,0,0,1,1,0,0,0,0,8.31913E+20,5.66875E+21,1.37388E+16,5.1074E+16
122617,122618,14,6,28,220,2016,2,17,5,3,6,2,2,0,0,1,1,0,0,0,8.35092E+20,5.65484E+21,1.37712E+16,5.09476E+16
122618,122619,14,5,24,180,2016,3,21,3,3,7,1,2,1,0,1,0,0,0,0,7.63807E+20,5.64078E+21,1.27487E+16,5.08585E+16
122619,122620,14,6,12,0,2016,2,13,4,2,5,3,0,0,0,1,0,0,0,0,8.29528E+20,5.66489E+21,1.37014E+16,5.10409E+16
122620,122621,14,7,29,360,2016,2,23,7,3,1,1,2,1,0,1,0,0,0,0,7.40536E+20,5.66522E+21,1.24349E+16,5.1088E+16
122621,122622,14,6,12,0,2016,2,12,5,3,2,2,0,0,0,1,0,0,0,0,8.29978E+20,5.67026E+21,1.37127E+16,5.10887E+16
122622,122623,14,6,12,0,2016,2,6,5,3,5,3,1,1,0,1,0,1,0,0,8.36379E+20,5.66483E+21,1.37987E+16,5.10364E+16
122623,122624,14,6,12,0,2016,2,14,2,3,2,6,0,0,0,1,0,0,0,0,8.34033E+20,5.66528E+21,1.37658E+16,5.10418E+16
122624,122625,14,6,25,90,2016,2,12,2,3,6,4,0,2,0,1,1,0,0,0,8.86742E+20,5.67538E+21,1.45251E+16,5.10991E+16
122625,122626,14,6,12,0,2016,2,14,2,2,5,2,0,0,0,1,0,1,0,0,8.30995E+20,5.66642E+21,1.37236E+16,5.10537E+16
122626,122627,14,6,12,0,2016,2,13,5,3,5,3,0,0,0,1,0,0,0,1,8.33962E+20,5.66586E+21,1.37653E+16,5.1047E+16
122627,122628,14,5,24,330,2016,3,16,3,3,2,6,0,0,0,1,0,0,0,0,7.46243E+20,5.62438E+21,1.24887E+16,5.07189E+16
122628,122629,14,5,22,490,2016,2,12,6,2,0,1,0,0,1,0,0,0,0,0,7.65948E+20,5.66256E+21,1.2795E+16,5.10529E+16
122629,122630,14,6,12,0,2016,2,16,4,3,5,3,0,1,1,1,0,0,0,0,8.35076E+20,5.66298E+21,1.37785E+16,5.10205E+16
122630,122631,14,7,29,50,2016,2,9,7,3,5,3,0,0,1,1,0,0,0,0,7.44772E+20,5.66949E+21,1.24981E+16,5.11245E+16
122631,122632,14,6,12,0,2016,3,7,6,3,2,6,0,0,0,1,0,0,0,0,8.27193E+20,5.67042E+21,1.36732E+16,5.10917E+16
122632,122633,14,6,12,0,2016,2,21,5,2,8,1,2,0,0,1,0,0,0,0,8.29245E+20,5.6695E+21,1.37016E+16,5.10823E+16
122633,122634,14,5,11,0,2016,2,21,6,3,5,3,2,0,0,1,0,0,0,0,7.77428E+20,5.63994E+21,1.29411E+16,5.08445E+16
122634,122635,14,6,27,140,2016,2,6,2,3,5,2,0,1,1,1,0,0,0,0,8.13436E+20,5.67821E+21,1.34841E+16,5.11692E+16
122635,122636,14,7,13,0,2016,2,14,7,3,5,3,0,0,1,1,0,0,0,0,7.3928E+20,5.68938E+21,1.24331E+16,5.13054E+16
122636,122637,14,6,12,0,2016,3,7,5,3,5,2,0,0,1,1,0,0,0,0,8.31629E+20,5.66628E+21,1.37325E+16,5.10521E+16
122637,122638,14,6,12,0,2016,2,16,4,3,0,7,0,0,1,1,0,0,0,0,8.32673E+20,5.66808E+21,1.3749E+16,5.10677E+16
122638,122639,14,5,11,0,2016,2,10,6,2,5,3,0,0,0,1,1,0,0,0,7.7763E+20,5.63762E+21,1.29423E+16,5.08236E+16
122639,122640,14,6,27,210,2016,2,8,2,3,5,3,0,1,1,1,0,0,0,0,8.25005E+20,5.67249E+21,1.36439E+16,5.11115E+16
122640,122641,14,5,11,0,2016,2,18,2,3,5,2,1,0,1,1,0,0,0,0,7.76871E+20,5.64064E+21,1.29338E+16,5.08511E+16
122641,122642,14,5,21,550,2016,3,6,5,3,1,5,0,1,0,1,0,0,0,0,7.68017E+20,5.60742E+21,1.27842E+16,5.05571E+16
122642,122643,14,7,30,340,2016,3,7,3,3,4,1,0,2,0,1,0,0,0,0,7.2648E+20,5.70574E+21,1.22602E+16,5.14575E+16
122643,122644,14,5,24,330,2016,2,5,5,3,5,3,2,2,1,1,0,0,0,0,7.46441E+20,5.62495E+21,1.24918E+16,5.0724E+16
122644,122645,14,7,13,0,2016,2,11,7,3,5,3,0,0,0,1,0,0,0,0,7.40916E+20,5.69519E+21,1.24604E+16,5.13568E+16
122645,122646,14,6,28,400,2016,2,8,2,3,8,1,0,1,0,1,0,0,0,0,8.21437E+20,5.65868E+21,1.35809E+16,5.09897E+16
122646,122647,14,5,22,120,2016,3,7,6,3,6,2,1,2,0,1,1,0,0,0,7.72358E+20,5.66055E+21,1.28847E+16,5.10318E+16
122647,122648,14,6,12,0,2016,2,16,5,3,3,7,0,0,0,1,0,0,0,1,8.30676E+20,5.66655E+21,1.37192E+16,5.10551E+16
122648,122649,14,5,24,330,2016,2,15,5,3,2,6,0,0,0,1,0,0,0,0,7.42685E+20,5.62447E+21,1.24384E+16,5.07213E+16
122649,122650,14,6,12,0,2016,2,12,4,3,0,7,0,1,1,1,0,0,0,0,8.35604E+20,5.66726E+21,1.379E+16,5.10585E+16
122650,122651,14,6,12,0,2016,2,19,2,3,2,3,2,2,1,1,0,0,0,0,8.3E+20,5.66562E+21,1.37088E+16,5.10471E+16
122651,122652,14,6,25,20,2016,2,11,7,3,5,3,0,0,1,1,0,0,0,0,8.79278E+20,5.68412E+21,1.44282E+16,5.11823E+16
122652,122653,14,5,11,0,2016,3,21,5,3,1,6,2,0,0,1,0,0,0,0,7.7647E+20,5.63752E+21,1.29257E+16,5.08232E+16
122653,122654,14,6,12,0,2016,3,10,7,2,6,4,0,0,0,1,1,0,0,0,8.34498E+20,5.66583E+21,1.37729E+16,5.10464E+16
122654,122655,14,5,11,0,2016,2,11,2,3,1,7,0,0,0,1,0,0,0,0,7.78622E+20,5.63862E+21,1.29571E+16,5.08322E+16
122655,122656,14,6,12,0,2016,2,10,2,3,3,2,0,1,1,1,0,0,0,0,8.28534E+20,5.66501E+21,1.36874E+16,5.10425E+16
122656,122657,14,5,21,30,2016,3,13,6,3,6,7,0,0,0,0,1,0,0,1,7.62635E+20,5.6103E+21,1.27104E+16,5.05854E+16
122657,122658,14,6,12,0,2016,2,11,5,3,5,3,0,0,1,1,0,0,0,0,8.33622E+20,5.66609E+21,1.37607E+16,5.10492E+16
122658,122659,14,7,30,310,2016,2,14,5,3,6,6,0,0,0,1,1,0,0,0,7.77257E+20,5.71996E+21,1.30005E+16,5.15625E+16
122659,122660,14,6,12,0,2016,2,15,4,3,5,2,0,0,1,1,0,0,0,0,8.32709E+20,5.66481E+21,1.37465E+16,5.10383E+16
122660,122661,14,6,12,0,2016,2,10,7,3,5,3,0,0,0,1,0,0,0,1,8.29054E+20,5.66563E+21,1.36953E+16,5.10477E+16