FID,OBJECTID,ULAND,UREGBEZ,UKREIS,UGEMEINDE,UJAHR,UMONAT,USTUNDE,UWOCHENTAG,UKATEGORIE,UART,UTYP1,ULICHTVERH,IstStrasse,IstRad,IstPKW,IstFuss,IstKrad,IstGkfz,IstSonstig,LINREFX,LINREFY,XGCSWGS84,YGCSWGS84
122661,122662,14,5,24,20,2016,3,17,6,3,5,1,1,0,1,1,0,0,0,0,7.58042E+20,5.6402E+21,1.26666E+16,5.08558E+16
122662,122663,14,5,24,330,2016,2,19,4,3,4,2,2,1,1,1,0,0,0,0,7.48724E+20,5.62619E+21,1.25249E+16,5.07342E+16
122663,122664,14,7,13,0,2016,2,12,1,3,5,7,0,1,0,1,0,0,0,0,7.3236E+20,5.69074E+21,1.23348E+16,5.13204E+16
122664,122665,14,5,22,360,2016,2,9,2,3,4,2,0,2,0,1,0,0,0,0,7.78829E+20,5.65617E+21,1.29734E+16,5.09895E+16
122665,122666,14,7,13,0,2016,2,17,1,3,0,1,2,1,0,0,0,1,0,0,7.35468E+20,5.69197E+21,1.23802E+16,5.13302E+16
122666,122667,14,7,30,230,2016,2,11,4,3,0,3,0,0,0,1,0,0,0,0,7.86723E+20,5.69061E+21,1.3113E+16,5.12944E+16
122667,122668,14,7,13,0,2016,3,20,3,3,5,2,2,1,1,1,0,0,0,0,7.34796E+20,5.69147E+21,1.23702E+16,5.1326E+16
122668,122669,14,7,13,0,2016,2,18,5,3,2,6,2,0,0,1,0,0,0,0,7.34743E+20,5.69088E+21,1.23691E+16,5.13207E+16
122669,122670,14,6,12,0,2016,2,15,4,2,6,4,0,0,0,0,1,0,0,1,8.36677E+20,5.66142E+21,1.37998E+16,5.10056E+16
122670,122671,14,5,11,0,2016,2,7,2,3,5,3,1,1,0,1,0,0,0,0,7.77523E+20,5.63543E+21,1.29391E+16,5.0804E+16
122671,122672,14,6,27,230,2016,2,22,1,3,5,3,2,1,0,1,0,0,0,0,8.00213E+20,5.69182E+21,1.3307E+16,5.12984E+16
122672,122673,14,7,29,160,2016,2,14,4,3,5,3,0,0,0,1,0,0,0,0,7.59146E+20,5.68277E+21,1.27127E+16,5.12373E+16
122673,122674,14,7,13,0,2016,3,17,3,3,2,6,0,0,0,1,0,0,0,0,7.30899E+20,5.69745E+21,1.23183E+16,5.13812E+16
122674,122675,14,7,13,0,2016,2,15,5,3,5,3,0,1,1,1,0,0,0,0,7.36137E+20,5.69347E+21,1.23907E+16,5.13434E+16
122675,122676,14,5,11,0,2016,2,18,4,3,6,3,2,1,0,0,1,0,0,1,7.76527E+20,5.63978E+21,1.29283E+16,5.08435E+16
122676,122677,14,6,12,0,2016,2,9,7,3,5,2,0,0,1,0,0,0,0,1,8.32939E+20,5.66583E+21,1.37507E+16,5.10473E+16
122677,122678,14,7,29,260,2016,2,17,4,3,6,2,0,1,0,1,1,0,0,0,7.39074E+20,5.68696E+21,1.24285E+16,5.12837E+16
122678,122679,14,6,12,0,2016,2,15,1,2,2,6,0,1,0,1,0,0,0,0,8.34693E+20,5.66639E+21,1.37762E+16,5.10513E+16
122679,122680,14,7,13,0,2016,2,19,5,3,5,3,2,0,0,1,0,0,0,0,7.32597E+20,5.69162E+21,1.23388E+16,5.13282E+16
122680,122681,14,5,11,0,2016,2,8,2,3,2,2,0,1,0,1,0,0,0,0,7.76473E+20,5.6375E+21,1.29258E+16,5.08231E+16
122681,122682,14,7,13,0,2016,2,12,7,3,3,5,0,0,1,1,0,0,0,0,7.34052E+20,5.69351E+21,1.23609E+16,5.13446E+16
122682,122683,14,7,13,0,2016,3,8,4,3,0,5,0,0,1,0,0,0,0,1,7.34327E+20,5.69217E+21,1.2364E+16,5.13325E+16
122683,122684,14,7,13,0,2016,3,9,3,3,5,3,0,1,0,1,0,0,0,0,7.37091E+20,5.69633E+21,1.24063E+16,5.13687E+16
122684,122685,14,7,13,0,2016,2,7,5,3,5,3,0,0,1,1,0,0,0,0,7.36572E+20,5.69717E+21,1.23995E+16,5.13764E+16
122685,122686,14,5,11,0,2016,2,11,4,3,0,6,0,0,0,1,0,0,0,1,7.74612E+20,5.63897E+21,1.29005E+16,5.08372E+16
122686,122687,14,5,11,0,2016,2,17,7,2,6,4,2,0,0,0,1,0,0,1,7.74148E+20,5.63564E+21,1.28915E+16,5.08075E+16
122687,122688,14,5,22,90,2016,2,16,2,3,4,6,1,2,0,1,0,0,0,0,8.0963E+20,5.63211E+21,1.33907E+16,5.0758E+16
122688,122689,14,5,11,0,2016,3,11,6,3,5,3,0,0,0,1,0,0,0,0,7.76514E+20,5.63794E+21,1.29267E+16,5.0827E+16
122689,122690,14,5,24,250,2016,2,8,6,3,0,1,0,2,0,0,0,1,0,0,7.51973E+20,5.62115E+21,1.25675E+16,5.06876E+16
122690,122691,14,5,24,80,2016,3,16,5,2,6,4,0,0,0,1,1,0,0,0,7.50183E+20,5.63571E+21,1.25521E+16,5.0819E+16
122691,122692,14,7,13,0,2016,2,14,4,3,0,7,0,1,0,1,1,0,0,0,7.31949E+20,5.6967E+21,1.23328E+16,5.13741E+16
122692,122693,14,7,13,0,2016,2,7,5,3,1,5,0,0,1,0,0,0,0,1,7.38788E+20,5.69108E+21,1.24271E+16,5.13208E+16
122693,122694,14,7,13,0,2016,2,12,1,3,2,2,0,0,0,1,0,0,0,0,7.34913E+20,5.69088E+21,1.23715E+16,5.13206E+16
122694,122695,14,7,13,0,2016,2,22,7,3,8,6,2,1,0,1,0,0,0,0,7.3489E+20,5.69532E+21,1.23741E+16,5.13605E+16
122695,122696,14,5,23,320,2016,2,4,6,2,5,3,2,1,0,1,0,0,0,0,7.22957E+20,5.59981E+21,1.21445E+16,5.05077E+16
122696,122697,14,5,24,330,2016,3,16,4,3,4,2,0,1,0,1,0,0,0,0,7.46819E+20,5.62473E+21,1.2497E+16,5.07219E+16
122697,122698,14,5,11,0,2016,2,11,4,2,4,2,0,1,0,1,0,0,0,0,7.76327E+20,5.63852E+21,1.29245E+16,5.08323E+16
122698,122699,14,5,24,330,2016,2,11,6,2,0,3,0,0,1,0,0,0,0,1,7.44214E+20,5.62295E+21,1.2459E+16,5.0707E+16
122699,122700,14,7,13,0,2016,2,15,1,3,5,3,0,0,0,1,0,0,0,0,7.37839E+20,5.69504E+21,1.24162E+16,5.13567E+16
122700,122701,14,5,24,120,2016,3,15,5,3,6,4,0,0,0,1,1,0,0,0,7.61069E+20,5.63419E+21,1.27052E+16,5.08005E+16
122701,122702,14,6,28,270,2016,2,11,4,3,6,7,0,0,0,1,1,0,0,0,8.46929E+20,5.65729E+21,1.39414E+16,5.09625E+16
122702,122703,14,7,13,0,2016,2,15,5,3,5,3,0,0,1,1,0,0,0,0,7.34447E+20,5.69378E+21,1.23667E+16,5.13469E+16
122703,122704,14,5,11,0,2016,2,5,4,3,5,3,2,1,0,1,0,1,0,0,7.76847E+20,5.63942E+21,1.29325E+16,5.08401E+16
122704,122705,14,6,12,0,2016,2,5,4,3,6,6,2,1,1,0,1,0,0,0,8.33926E+20,5.66904E+21,1.37677E+16,5.10755E+16
122705,122706,14,7,13,0,2016,2,20,5,2,0,1,1,1,0,1,0,0,0,0,7.34295E+20,5.69089E+21,1.23627E+16,5.1321E+16
122706,122707,14,5,24,330,2016,2,9,3,3,6,4,0,1,0,1,1,0,0,0,7.45608E+20,5.6245E+21,1.24797E+16,5.07203E+16
122707,122708,14,7,13,0,2016,2,10,1,3,5,2,0,0,1,1,0,0,0,0,7.37273E+20,5.69441E+21,1.24077E+16,5.13513E+16
122708,122709,14,7,13,0,2016,2,23,7,3,5,3,2,1,0,1,0,0,0,0,7.35884E+20,5.6926E+21,1.23865E+16,5.13357E+16
122709,122710,14,7,29,160,2016,2,14,6,3,5,3,0,0,1,1,0,0,0,0,7.59543E+20,5.68178E+21,1.27176E+16,5.12283E+16
122710,122711,14,7,13,0,2016,3,9,4,3,6,2,0,1,0,1,1,0,0,0,7.36545E+20,5.69266E+21,1.23961E+16,5.13359E+16
122711,122712,14,5,24,330,2016,2,10,3,3,5,3,0,1,0,1,0,0,0,0,7.48722E+20,5.62618E+21,1.25249E+16,5.0734E+16
122712,122713,14,7,13,0,2016,2,21,1,2,3,2,2,0,0,1,0,0,0,0,7.33389E+20,5.69766E+21,1.23541E+16,5.13821E+16
122713,122714,14,7,29,140,2016,3,15,5,3,2,6,0,0,0,1,0,0,0,0,7.49203E+20,5.66263E+21,1.25566E+16,5.1061E+16
122714,122715,14,6,12,0,2016,2,18,4,3,5,3,2,1,1,1,0,0,0,0,8.30879E+20,5.66386E+21,1.37197E+16,5.10308E+16
122715,122716,14,6,12,0,2016,2,6,2,3,5,3,0,1,1,1,0,0,0,0,8.40053E+20,5.66221E+21,1.38485E+16,5.10107E+16
122716,122717,14,6,26,290,2016,3,17,3,2,6,1,1,1,0,1,1,0,0,0,9.01354E+20,5.67798E+21,1.47357E+16,5.11124E+16
122717,122718,14,6,26,610,2016,2,13,5,3,5,3,0,0,0,1,0,0,0,0,9.09283E+20,5.65421E+21,1.48216E+16,5.08941E+16
122718,122719,14,5,24,300,2016,2,15,3,3,1,6,0,0,0,1,0,0,0,0,7.38065E+20,5.62469E+21,1.23732E+16,5.07252E+16
122719,122720,14,7,13,0,2016,2,13,6,3,3,6,0,0,0,1,0,0,0,0,7.34638E+20,5.69148E+21,1.23679E+16,5.13261E+16
122720,122721,14,7,30,310,2016,3,7,6,3,2,2,0,0,0,1,0,0,0,0,7.76353E+20,5.72055E+21,1.2988E+16,5.15682E+16
122721,122722,14,5,11,0,2016,2,12,4,2,0,7,0,0,0,0,0,0,0,1,7.75635E+20,5.63482E+21,1.29119E+16,5.07994E+16
122722,122723,14,7,13,0,2016,2,19,6,3,6,2,2,0,0,1,1,0,0,0,7.40195E+20,5.69173E+21,1.24477E+16,5.1326E+16
122723,122724,14,7,13,0,2016,3,20,4,3,5,3,2,0,1,1,0,0,0,0,7.35699E+20,5.68734E+21,1.23804E+16,5.12885E+16
122724,122725,14,7,30,110,2016,3,11,6,3,5,3,0,0,1,0,0,0,0,1,7.5231E+20,5.70733E+21,1.26323E+16,5.14608E+16
122725,122726,14,7,13,0,2016,2,5,7,3,5,3,2,2,1,0,0,0,0,1,7.33513E+20,5.69319E+21,1.2353E+16,5.1342E+16
122726,122727,14,6,12,0,2016,2,17,7,3,0,1,2,1,1,0,0,0,0,0,8.37165E+20,5.66395E+21,1.38091E+16,5.1028E+16
122727,122728,14,7,13,0,2016,2,8,3,3,3,2,0,0,1,1,0,0,0,0,7.35666E+20,5.6925E+21,1.23834E+16,5.13349E+16
122728,122729,14,6,12,0,2016,2,17,2,3,3,6,2,0,1,1,0,0,0,0,8.3736E+20,5.66688E+21,1.38146E+16,5.10542E+16
122729,122730,14,6,28,160,2016,3,11,3,3,3,3,0,1,1,1,0,0,0,0,8.41212E+20,5.65843E+21,1.38614E+16,5.09762E+16
122730,122731,14,5,24,330,2016,2,11,3,2,6,7,0,1,0,0,1,0,0,1,7.44379E+20,5.62131E+21,1.24603E+16,5.06922E+16
122731,122732,14,6,26,610,2016,2,10,6,3,5,3,0,0,1,1,0,0,0,0,9.08221E+20,5.65451E+21,1.48069E+16,5.08975E+16
122732,122733,14,7,13,0,2016,2,22,3,3,5,3,2,0,0,1,0,0,0,0,7.38218E+20,5.69109E+21,1.2419E+16,5.13211E+16
122733,122734,14,6,25,200,2016,2,7,5,3,2,6,0,2,0,1,0,0,0,0,8.51132E+20,5.67799E+21,1.40211E+16,5.11454E+16
122734,122735,14,6,12,0,2016,2,11,1,2,6,6,0,0,1,0,1,0,0,0,8.3368E+20,5.66788E+21,1.37632E+16,5.10652E+16
122735,122736,14,6,12,0,2016,2,12,7,3,5,3,0,0,1,1,0,0,0,0,8.36385E+20,5.66337E+21,1.37974E+16,5.10232E+16
122736,122737,14,5,22,490,2016,2,9,7,3,6,7,0,0,0,1,1,0,0,0,7.66221E+20,5.66182E+21,1.27983E+16,5.10461E+16
122737,122738,14,7,29,70,2016,2,16,7,3,4,2,0,0,0,1,0,0,0,0,7.50919E+20,5.69028E+21,1.26003E+16,5.13085E+16
122738,122739,14,5,11,0,2016,2,17,7,3,6,6,2,1,0,1,1,0,0,0,7.7772E+20,5.63956E+21,1.2945E+16,5.0841E+16
122739,122740,14,6,25,20,2016,2,7,3,3,0,1,0,1,1,0,0,0,0,0,8.80117E+20,5.68341E+21,1.44394E+16,5.11754E+16
122740,122741,14,6,12,0,2016,2,11,2,3,5,3,0,0,1,1,0,0,0,0,8.33001E+20,5.66583E+21,1.37516E+16,5.10472E+16
122741,122742,14,6,12,0,2016,3,7,3,2,5,3,0,2,0,1,0,0,0,0,8.34535E+20,5.6661E+21,1.37737E+16,5.10488E+16
122742,122743,14,6,12,0,2016,2,8,5,3,5,3,0,0,1,1,0,0,0,0,8.31069E+20,5.66417E+21,1.37226E+16,5.10335E+16
122743,122744,14,7,13,0,2016,2,11,3,3,2,6,0,1,0,1,0,0,0,0,7.34611E+20,5.69322E+21,1.23687E+16,5.13418E+16
122744,122745,14,6,26,610,2016,2,20,6,2,6,4,2,0,0,1,1,0,0,0,9.07222E+20,5.65455E+21,1.47928E+16,5.08986E+16
122745,122746,14,7,13,0,2016,3,10,5,3,2,6,0,0,0,1,0,0,0,0,7.35107E+20,5.69463E+21,1.23768E+16,5.13542E+16
122746,122747,14,6,28,110,2016,2,16,3,3,5,3,0,0,1,1,0,0,0,0,8.24725E+20,5.65765E+21,1.36266E+16,5.09786E+16
122747,122748,14,6,12,0,2016,2,10,5,3,3,5,0,0,1,1,0,0,0,0,8.38701E+20,5.66354E+21,1.38305E+16,5.10234E+16
122748,122749,14,7,13,0,2016,2,16,7,3,3,2,0,0,1,1,0,0,0,0,7.35321E+20,5.69263E+21,1.23785E+16,5.13362E+16
122749,122750,14,6,12,0,2016,2,7,6,3,0,1,1,2,1,0,0,0,0,0,8.30675E+20,5.66614E+21,1.37188E+16,5.10513E+16
122750,122751,14,6,25,240,2016,3,10,4,3,5,3,0,1,1,1,0,0,0,0,8.6606E+20,5.71129E+21,1.42678E+16,5.14343E+16
122751,122752,14,7,29,260,2016,2,15,3,3,1,1,0,0,1,0,0,0,0,1,7.34328E+20,5.68546E+21,1.23596E+16,5.12723E+16
122752,122753,14,6,12,0,2016,3,17,4,3,6,4,2,1,0,0,1,0,0,1,8.29141E+20,5.66525E+21,1.36962E+16,5.10443E+16
122753,122754,14,5,11,0,2016,3,15,3,3,6,4,0,1,0,1,1,0,0,0,7.74619E+20,5.63534E+21,1.28979E+16,5.08046E+16
122754,122755,14,6,12,0,2016,2,8,5,3,6,7,0,0,1,0,1,0,0,0,8.34787E+20,5.66319E+21,1.37746E+16,5.10226E+16
122755,122756,14,6,25,480,2016,2,9,3,3,6,2,0,1,0,1,1,0,0,0,8.44183E+20,5.67561E+21,1.39199E+16,5.11283E+16
122756,122757,14,6,12,0,2016,2,11,6,3,5,3,0,1,0,1,0,0,1,0,8.32138E+20,5.66813E+21,1.37415E+16,5.10684E+16
122757,122758,14,7,13,0,2016,2,15,7,3,6,4,0,0,0,1,1,0,0,0,7.34509E+20,5.69516E+21,1.23685E+16,5.13592E+16
122758,122759,14,6,12,0,2016,2,16,3,3,0,4,0,0,0,0,1,0,0,1,8.3285E+20,5.66589E+21,1.37495E+16,5.10479E+16
122759,122760,14,6,12,0,2016,2,12,5,2,6,4,0,0,0,0,1,0,1,0,8.33465E+20,5.66758E+21,1.37598E+16,5.10627E+16
122760,122761,14,6,26,110,2016,2,13,3,3,6,4,0,0,0,0,1,0,0,1,9.18051E+20,5.68397E+21,1.49799E+16,5.11541E+16
122761,122762,14,7,13,0,2016,2,8,7,3,1,5,0,0,0,1,0,1,0,0,7.37965E+20,5.69369E+21,1.24171E+16,5.13446E+16
122762,122763,14,5,11,0,2016,2,18,7,3,5,2,2,1,0,1,0,0,0,0,7.77296E+20,5.63982E+21,1.29392E+16,5.08435E+16
122763,122764,14,5,11,0,2016,2,6,6,3,6,7,1,1,0,1,0,0,0,1,7.74612E+20,5.6399E+21,1.29012E+16,5.08455E+16
122764,122765,14,6,12,0,2016,3,10,4,3,6,7,0,1,0,0,1,0,0,1,8.32288E+20,5.66314E+21,1.3739E+16,5.10236E+16
122765,122766,14,6,12,0,2016,2,10,3,3,5,3,0,1,0,1,0,0,0,0,8.36589E+20,5.66521E+21,1.38021E+16,5.10396E+16
122766,122767,14,5,11,0,2016,2,16,7,3,1,6,0,1,0,1,1,0,0,0,7.77914E+20,5.63983E+21,1.2948E+16,5.08433E+16
122767,122768,14,6,26,290,2016,2,15,7,3,3,6,0,0,0,1,0,0,0,0,8.96129E+20,5.67401E+21,1.4657E+16,5.10805E+16
122768,122769,14,5,21,450,2016,2,21,7,2,1,1,2,1,1,1,0,0,0,0,7.64093E+20,5.62448E+21,1.27411E+16,5.0712E+16
122769,122770,14,5,22,180,2016,2,9,3,2,6,7,0,1,0,1,1,0,0,0,8.05241E+20,5.6491E+21,1.33427E+16,5.09127E+16
122770,122771,14,6,12,0,2016,2,13,2,3,2,2,0,0,0,1,0,0,0,0,8.33097E+20,5.66618E+21,1.37533E+16,5.10503E+16
122771,122772,14,6,25,240,2016,2,11,7,3,5,3,0,0,1,1,0,0,0,0,8.66005E+20,5.71136E+21,1.4267E+16,5.14349E+16
122772,122773,14,7,13,0,2016,3,7,5,2,4,2,0,0,0,1,0,0,0,0,7.41209E+20,5.69606E+21,1.24652E+16,5.13645E+16
122773,122774,14,7,13,0,2016,2,7,2,3,5,3,0,1,1,1,0,0,0,0,7.38069E+20,5.69006E+21,1.24162E+16,5.13119E+16
122774,122775,14,5,11,0,2016,2,20,2,2,3,6,2,1,1,0,0,0,0,1,7.76468E+20,5.63752E+21,1.29257E+16,5.08233E+16
122775,122776,14,6,12,0,2016,2,5,5,3,5,3,2,0,1,1,0,0,0,0,8.32989E+20,5.66663E+21,1.37522E+16,5.10544E+16
122776,122777,14,6,12,0,2016,2,17,3,2,5,3,0,0,1,1,0,0,0,0,8.36325E+20,5.66718E+21,1.38001E+16,5.10574E+16
122777,122778,14,5,24,300,2016,2,6,5,3,1,6,2,1,0,1,0,0,0,0,7.37426E+20,5.62377E+21,1.23636E+16,5.07171E+16
122778,122779,14,7,13,0,2016,3,12,6,2,5,3,0,0,1,1,0,0,0,0,7.35634E+20,5.69665E+21,1.23857E+16,5.13721E+16
122779,122780,14,7,13,0,2016,2,8,6,3,5,3,0,0,1,1,0,0,0,0,7.32553E+20,5.69261E+21,1.23388E+16,5.13371E+16
122780,122781,14,6,12,0,2016,2,13,7,3,2,6,0,0,0,1,0,0,0,1,8.33374E+20,5.66613E+21,1.37572E+16,5.10497E+16
122781,122782,14,6,12,0,2016,2,11,6,3,5,3,0,0,1,1,0,0,0,0,8.36974E+20,5.6667E+21,1.38089E+16,5.10528E+16
122782,122783,14,7,13,0,2016,2,11,2,3,4,2,0,0,0,1,0,0,0,0,7.35544E+20,5.69294E+21,1.23819E+16,5.13389E+16
122783,122784,14,5,11,0,2016,2,10,2,3,3,2,0,1,1,0,0,0,0,1,7.6995E+20,5.64138E+21,1.28362E+16,5.08609E+16
122784,122785,14,5,11,0,2016,3,22,3,3,6,4,2,1,0,1,1,0,0,0,7.7505E+20,5.63351E+21,1.29026E+16,5.0788E+16
122785,122786,14,6,27,10,2016,2,16,3,3,5,3,0,0,1,1,0,0,0,0,8.20911E+20,5.67439E+21,1.35873E+16,5.11309E+16
122786,122787,14,5,24,80,2016,2,16,5,3,5,3,0,0,0,1,0,0,0,1,7.50326E+20,5.63556E+21,1.2554E+16,5.08176E+16
122787,122788,14,5,11,0,2016,3,20,3,2,5,3,2,2,0,1,0,0,0,0,7.69262E+20,5.6432E+21,1.28278E+16,5.08776E+16
122788,122789,14,5,11,0,2016,2,18,5,3,2,6,2,0,0,1,0,0,0,0,7.754E+20,5.63985E+21,1.29123E+16,5.08447E+16
122789,122790,14,5,21,550,2016,2,6,3,3,4,2,1,1,0,1,0,0,0,0,7.66904E+20,5.60639E+21,1.27678E+16,5.05485E+16
122790,122791,14,6,26,110,2016,2,16,5,3,2,6,0,0,0,1,0,0,0,0,9.17167E+20,5.6856E+21,1.49692E+16,5.11693E+16
122791,122792,14,7,13,0,2016,2,9,2,2,9,7,0,0,0,1,0,0,0,0,7.34856E+20,5.69563E+21,1.23738E+16,5.13633E+16
122792,122793,14,6,12,0,2016,2,15,6,2,5,3,0,0,1,1,0,0,0,0,8.33872E+20,5.67479E+21,1.37723E+16,5.11271E+16
122793,122794,14,5,11,0,2016,2,11,7,2,5,3,0,0,0,1,0,0,0,0,7.7795E+20,5.63744E+21,1.29466E+16,5.08218E+16
122794,122795,14,5,11,0,2016,2,8,6,3,0,7,0,0,0,0,1,0,0,1,7.76152E+20,5.6385E+21,1.2922E+16,5.08322E+16
122795,122796,14,6,12,0,2016,3,11,4,3,6,7,0,1,0,0,1,0,0,1,8.32715E+20,5.66756E+21,1.37491E+16,5.10629E+16
122796,122797,14,5,24,200,2016,2,18,2,3,4,1,2,2,0,1,0,0,0,0,7.52896E+20,5.62569E+21,1.25836E+16,5.07279E+16
122797,122798,14,5,11,0,2016,2,2,5,2,9,1,2,2,0,1,0,0,0,0,7.76113E+20,5.6395E+21,1.29222E+16,5.08412E+16
122798,122799,14,5,11,0,2016,2,14,3,3,0,7,0,0,0,0,0,0,0,1,7.71775E+20,5.63682E+21,1.28587E+16,5.08192E+16
122799,122800,14,6,12,0,2016,2,17,5,3,0,1,2,1,1,0,0,0,0,0,8.31071E+20,5.66689E+21,1.37252E+16,5.10579E+16
122800,122801,14,7,13,0,2016,3,17,5,3,5,3,0,0,0,1,0,0,0,1,7.38855E+20,5.69343E+21,1.24297E+16,5.13419E+16
122801,122802,14,6,25,200,2016,2,16,2,3,2,6,0,0,0,1,0,1,0,0,8.51169E+20,5.67795E+21,1.40216E+16,5.1145E+16
122802,122803,14,5,23,230,2016,2,7,4,2,8,1,1,2,0,1,0,0,0,0,7.3032E+20,5.58602E+21,1.22397E+16,5.03811E+16
122803,122804,14,5,24,330,2016,2,23,2,3,1,5,2,1,0,1,0,1,0,0,7.46815E+20,5.62357E+21,1.24962E+16,5.07115E+16
122804,122805,14,7,30,360,2016,2,7,6,3,0,7,1,2,0,1,0,0,0,0,7.47635E+20,5.71177E+21,1.25683E+16,5.15028E+16
122805,122806,14,5,11,0,2016,2,12,6,3,5,3,0,0,0,1,0,0,0,0,7.75997E+20,5.63719E+21,1.29188E+16,5.08206E+16
122806,122807,14,6,27,10,2016,3,13,5,3,5,3,0,0,1,0,0,0,0,1,8.18189E+20,5.67535E+21,1.35494E+16,5.1141E+16
122807,122808,14,6,25,240,2016,2,5,2,3,5,2,2,0,1,1,0,0,0,0,8.64418E+20,5.71128E+21,1.42442E+16,5.14352E+16
122808,122809,14,5,23,320,2016,2,8,4,3,2,6,0,0,0,1,0,0,0,0,7.22444E+20,5.59765E+21,1.2136E+16,5.04886E+16
122809,122810,14,7,13,0,2016,2,21,6,3,5,3,2,0,1,1,0,0,0,0,7.3517E+20,5.69358E+21,1.2377E+16,5.13448E+16
122810,122811,14,5,24,300,2016,2,15,5,2,2,2,0,0,0,1,0,1,0,0,7.38038E+20,5.6268E+21,1.23742E+16,5.07441E+16
122811,122812,14,6,12,0,2016,3,7,4,3,5,2,0,1,0,1,0,1,0,0,8.34568E+20,5.66831E+21,1.37762E+16,5.10686E+16
122812,122813,14,5,23,340,2016,2,17,2,3,6,4,0,0,0,1,1,0,0,0,7.30637E+20,5.61219E+21,1.22603E+16,5.06159E+16
122813,122814,14,6,12,0,2016,2,19,5,3,0,7,2,0,0,1,0,1,0,0,8.37864E+20,5.66437E+21,1.38194E+16,5.10313E+16
122814,122815,14,6,12,0,2016,3,16,6,2,6,4,0,0,0,1,1,0,0,0,8.38786E+20,5.66083E+21,1.38292E+16,5.09991E+16
122815,122816,14,6,12,0,2016,3,16,4,3,5,2,0,0,1,1,0,0,0,0,8.35029E+20,5.66421E+21,1.3779E+16,5.10316E+16
122816,122817,14,7,13,0,2016,3,21,1,3,5,3,2,0,0,1,0,0,0,0,7.33984E+20,5.69541E+21,1.23612E+16,5.13617E+16
122817,122818,14,7,13,0,2016,3,8,6,3,6,4,0,0,0,0,1,0,0,1,7.32374E+20,5.69629E+21,1.23387E+16,5.13702E+16
122818,122819,14,6,26,110,2016,3,21,1,3,6,4,2,0,0,1,1,0,0,0,9.18331E+20,5.68401E+21,1.49839E+16,5.11542E+16
122819,122820,14,6,27,20,2016,3,15,4,3,6,4,0,1,0,0,1,0,0,1,8.09367E+20,5.68137E+21,1.34288E+16,5.11998E+16
122820,122821,14,7,13,0,2016,3,8,5,3,0,6,0,0,0,0,0,0,0,1,7.40084E+20,5.69393E+21,1.24476E+16,5.13458E+16
122821,122822,14,6,12,0,2016,3,17,2,3,5,2,0,0,0,1,0,1,0,0,8.29477E+20,5.67044E+21,1.37057E+16,5.10906E+16
122822,122823,14,5,21,495,2016,3,15,5,3,9,1,0,0,0,1,0,0,0,0,8.04393E+20,5.62502E+21,1.33108E+16,5.06972E+16
122823,122824,14,5,24,330,2016,3,20,3,2,0,1,2,1,1,0,0,0,0,0,7.47267E+20,5.62517E+21,1.25037E+16,5.07256E+16
122824,122825,14,5,11,0,2016,3,13,4,3,2,2,0,0,0,1,0,0,0,0,7.77916E+20,5.63509E+21,1.29444E+16,5.08007E+16
122825,122826,14,7,30,310,2016,3,10,5,3,5,3,0,0,1,0,0,0,0,1,7.77403E+20,5.71983E+21,1.30025E+16,5.15612E+16
122826,122827,14,7,13,0,2016,3,17,4,2,2,6,0,0,0,1,0,0,0,0,7.33705E+20,5.69073E+21,1.23541E+16,5.13198E+16
122827,122828,14,5,11,0,2016,3,9,1,3,2,6,0,0,0,1,0,0,0,0,7.78831E+20,5.63924E+21,1.29605E+16,5.08376E+16
122828,122829,14,6,12,0,2016,3,14,1,3,2,6,0,0,0,1,0,0,0,0,8.34105E+20,5.66528E+21,1.37668E+16,5.10417E+16
122829,122830,14,6,12,0,2016,3,7,6,3,5,3,0,0,1,1,0,0,0,0,8.32957E+20,5.6643E+21,1.37496E+16,5.10336E+16
122830,122831,14,6,12,0,2016,3,10,5,3,6,7,0,0,0,1,1,0,0,0,8.36349E+20,5.66151E+21,1.37952E+16,5.10066E+16
122831,122832,14,6,28,270,2016,3,12,1,3,2,6,0,1,0,1,0,0,0,0,8.4695E+20,5.65709E+21,1.39415E+16,5.09607E+16
122832,122833,14,6,12,0,2016,3,8,5,3,0,6,0,0,0,1,0,0,0,1,8.33007E+20,5.66529E+21,1.37512E+16,5.10425E+16
122833,122834,14,7,13,0,2016,3,6,4,3,4,2,1,0,0,1,0,0,0,0,7.41302E+20,5.68688E+21,1.24603E+16,5.12821E+16
122834,122835,14,7,13,0,2016,3,20,3,3,3,6,2,1,1,1,0,0,0,0,7.33258E+20,5.69209E+21,1.23486E+16,5.13321E+16
122835,122836,14,5,11,0,2016,3,7,4,2,6,4,0,0,0,0,1,0,0,1,7.76451E+20,5.63757E+21,1.29255E+16,5.08237E+16
122836,122837,14,5,22,190,2016,3,17,4,3,5,3,0,0,1,1,0,0,0,0,7.73535E+20,5.66579E+21,1.29054E+16,5.10783E+16