FID,OBJECTID,ULAND,UREGBEZ,UKREIS,UGEMEINDE,UJAHR,UMONAT,USTUNDE,UWOCHENTAG,UKATEGORIE,UART,UTYP1,ULICHTVERH,IstStrasse,IstRad,IstPKW,IstFuss,IstKrad,IstGkfz,IstSonstig,LINREFX,LINREFY,XGCSWGS84,YGCSWGS84
122837,122838,14,5,11,0,2016,3,15,7,3,0,2,0,0,0,1,0,0,0,1,7.71905E+20,5.64138E+21,1.2864E+16,5.086E+16
122838,122839,14,7,29,50,2016,3,16,6,3,6,2,0,0,0,1,1,0,0,0,7.45412E+20,5.67072E+21,1.25081E+16,5.11353E+16
122839,122840,14,7,13,0,2016,3,9,4,3,5,2,0,0,1,1,0,0,0,0,7.3506E+20,5.69105E+21,1.23737E+16,5.13221E+16
122840,122841,14,6,26,600,2016,3,15,2,2,0,7,0,0,0,0,0,0,0,1,8.90957E+20,5.71922E+21,1.4633E+16,5.14886E+16
122841,122842,14,5,23,360,2016,3,20,2,2,8,7,2,1,0,1,0,0,0,0,7.43412E+20,5.6018E+21,1.24338E+16,5.05174E+16
122842,122843,14,7,30,70,2016,3,20,3,3,6,6,2,0,0,0,1,0,0,1,7.30062E+20,5.71247E+21,1.2316E+16,5.15165E+16
122843,122844,14,5,21,20,2016,3,12,5,3,6,2,0,1,0,1,1,0,0,0,7.83807E+20,5.61112E+21,1.30094E+16,5.05829E+16
122844,122845,14,7,13,0,2016,3,10,3,3,1,5,0,1,1,1,0,0,0,0,7.33587E+20,5.69071E+21,1.23524E+16,5.13196E+16
122845,122846,14,5,22,360,2016,3,5,6,3,2,2,2,1,0,1,0,0,0,0,7.77996E+20,5.65625E+21,1.29616E+16,5.09906E+16
122846,122847,14,7,13,0,2016,3,16,3,3,2,6,0,0,0,1,0,0,0,0,7.35408E+20,5.69058E+21,1.23784E+16,5.13177E+16
122847,122848,14,7,13,0,2016,3,10,4,3,6,4,0,0,0,1,1,0,0,0,7.29711E+20,5.69714E+21,1.2301E+16,5.1379E+16
122848,122849,14,5,24,330,2016,3,22,3,2,6,4,2,1,0,1,1,0,0,0,7.46091E+20,5.62265E+21,1.24853E+16,5.07035E+16
122849,122850,14,7,29,50,2016,3,15,5,3,5,3,0,0,1,1,0,0,0,0,7.45412E+20,5.66922E+21,1.25071E+16,5.11218E+16
122850,122851,14,6,26,600,2016,3,9,6,2,5,3,0,0,1,1,0,0,0,0,8.90701E+20,5.7204E+21,1.46306E+16,5.14993E+16
122851,122852,14,7,13,0,2016,3,9,3,3,8,1,0,0,0,1,0,0,0,0,7.35427E+20,5.69909E+21,1.23843E+16,5.13942E+16
122852,122853,14,6,12,0,2016,3,17,2,3,5,3,0,0,0,1,0,0,0,0,8.34289E+20,5.66564E+21,1.37698E+16,5.10448E+16
122853,122854,14,7,13,0,2016,3,14,3,3,2,6,0,0,0,1,0,0,0,0,7.36679E+20,5.69558E+21,1.23999E+16,5.13621E+16
122854,122855,14,7,13,0,2016,3,7,6,3,0,2,0,0,1,0,0,0,0,1,7.35589E+20,5.69224E+21,1.23821E+16,5.13326E+16
122855,122856,14,5,11,0,2016,3,10,2,2,5,3,0,0,1,1,0,0,0,0,7.69943E+20,5.63862E+21,1.28341E+16,5.08362E+16
122856,122857,14,6,27,230,2016,3,14,4,3,5,3,0,0,1,1,0,0,0,0,7.99109E+20,5.69227E+21,1.32915E+16,5.1303E+16
122857,122858,14,7,13,0,2016,3,14,5,3,2,6,0,0,0,1,0,0,0,0,7.35093E+20,5.69482E+21,1.23767E+16,5.13559E+16
122858,122859,14,7,13,0,2016,3,16,2,3,4,2,0,0,1,1,0,0,0,0,7.36071E+20,5.68967E+21,1.23873E+16,5.13093E+16
122859,122860,14,5,22,180,2016,3,16,7,2,0,7,0,0,1,0,0,0,0,0,8.04186E+20,5.64897E+21,1.33277E+16,5.0912E+16
122860,122861,14,7,13,0,2016,3,8,4,3,5,3,0,0,1,0,0,0,0,1,7.38825E+20,5.69576E+21,1.24308E+16,5.13628E+16
122861,122862,14,5,11,0,2016,3,11,6,3,5,3,0,0,1,1,0,0,0,0,7.76576E+20,5.63967E+21,1.29289E+16,5.08425E+16
122862,122863,14,6,26,110,2016,3,16,5,2,5,3,0,0,1,1,0,0,0,0,9.18187E+20,5.68583E+21,1.49839E+16,5.11705E+16
122863,122864,14,6,12,0,2016,3,19,3,3,6,6,2,0,1,0,1,0,0,0,8.32262E+20,5.66971E+21,1.37447E+16,5.10824E+16
122864,122865,14,6,12,0,2016,3,12,6,3,5,3,0,0,1,1,0,0,0,0,8.35536E+20,5.66727E+21,1.3789E+16,5.10587E+16
122865,122866,14,7,13,0,2016,3,11,3,3,2,6,0,0,0,1,0,0,0,0,7.33471E+20,5.69442E+21,1.23532E+16,5.1353E+16
122866,122867,14,5,24,300,2016,3,13,7,3,0,3,0,0,0,1,0,0,0,1,7.37941E+20,5.62517E+21,1.23718E+16,5.07296E+16
122867,122868,14,7,13,0,2016,3,23,6,3,6,4,2,0,0,1,1,0,0,0,7.35734E+20,5.69541E+21,1.23863E+16,5.13609E+16
122868,122869,14,6,12,0,2016,3,9,4,3,5,2,0,0,1,1,0,0,0,0,8.35901E+20,5.66622E+21,1.37932E+16,5.1049E+16
122869,122870,14,6,26,110,2016,3,7,5,3,5,3,0,0,0,1,0,0,0,0,9.18606E+20,5.68343E+21,1.49871E+16,5.11488E+16
122870,122871,14,5,21,550,2016,3,10,2,3,6,6,0,0,0,1,1,0,0,0,7.67746E+20,5.6073E+21,1.27803E+16,5.05562E+16
122871,122872,14,6,28,10,2016,3,17,5,2,8,1,0,1,1,0,0,0,0,0,8.31304E+20,5.63022E+21,1.36952E+16,5.07291E+16
122872,122873,14,7,13,0,2016,3,17,4,3,8,1,0,0,0,1,0,0,0,0,7.38473E+20,5.69079E+21,1.24224E+16,5.13183E+16
122873,122874,14,5,24,300,2016,3,9,3,2,9,7,0,0,0,1,0,0,0,0,7.37339E+20,5.62353E+21,1.23622E+16,5.0715E+16
122874,122875,14,6,25,20,2016,3,11,3,2,5,3,0,0,1,0,0,0,0,0,8.81601E+20,5.68328E+21,1.44604E+16,5.11733E+16
122875,122876,14,7,13,0,2016,3,16,5,3,2,6,0,0,0,1,0,0,0,0,7.387E+20,5.69099E+21,1.24258E+16,5.13201E+16
122876,122877,14,6,26,290,2016,3,7,4,2,2,2,0,2,0,1,0,1,0,0,8.97914E+20,5.67714E+21,1.46858E+16,5.11072E+16
122877,122878,14,6,12,0,2016,3,17,3,3,5,3,0,0,1,1,0,0,0,0,8.34969E+20,5.67407E+21,1.37872E+16,5.112E+16
122878,122879,14,6,12,0,2016,3,6,5,3,5,3,0,0,0,1,0,1,0,0,8.27783E+20,5.66704E+21,1.36785E+16,5.10611E+16
122879,122880,14,7,30,300,2016,3,12,4,3,6,7,0,0,0,1,1,0,0,0,7.42895E+20,5.69783E+21,1.24906E+16,5.13797E+16
122880,122881,14,5,11,0,2016,3,15,6,3,5,3,0,0,0,1,0,0,0,0,7.717E+20,5.64213E+21,1.28616E+16,5.08669E+16
122881,122882,14,7,13,0,2016,3,16,4,3,3,2,0,0,1,1,0,0,0,0,7.37125E+20,5.69206E+21,1.2404E+16,5.13303E+16
122882,122883,14,6,12,0,2016,3,15,1,3,0,7,0,0,1,0,0,0,0,0,8.35248E+20,5.66881E+21,1.37863E+16,5.10726E+16
122883,122884,14,6,12,0,2016,3,7,5,2,0,7,0,0,0,1,0,0,0,0,8.27234E+20,5.6697E+21,1.36731E+16,5.10853E+16
122884,122885,14,6,12,0,2016,3,17,4,3,5,3,0,0,1,1,0,0,0,0,8.30543E+20,5.66903E+21,1.37196E+16,5.10774E+16
122885,122886,14,7,13,0,2016,3,10,3,3,1,2,0,1,0,1,0,0,0,0,7.38843E+20,5.68915E+21,1.24266E+16,5.13035E+16
122886,122887,14,5,11,0,2016,3,6,6,3,9,1,1,0,0,1,0,0,0,0,7.73104E+20,5.63626E+21,1.28771E+16,5.08136E+16
122887,122888,14,6,12,0,2016,3,15,3,3,6,6,0,0,0,1,1,0,0,0,8.33996E+20,5.66407E+21,1.37641E+16,5.10309E+16
122888,122889,14,5,11,0,2016,3,18,4,3,0,7,2,0,0,0,0,0,0,1,7.75661E+20,5.63795E+21,1.29146E+16,5.08275E+16
122889,122890,14,7,13,0,2016,3,14,6,2,3,1,0,1,1,0,0,0,0,0,7.3589E+20,5.68877E+21,1.23841E+16,5.13013E+16
122890,122891,14,6,27,210,2016,3,9,4,3,5,3,0,0,0,1,0,0,0,0,8.2647E+20,5.67207E+21,1.36644E+16,5.11069E+16
122891,122892,14,7,30,90,2016,3,14,7,3,3,6,0,0,1,0,0,1,0,0,7.67168E+20,5.72736E+21,1.28609E+16,5.16337E+16
122892,122893,14,6,28,110,2016,3,8,7,3,5,3,0,0,0,1,0,1,0,0,8.26071E+20,5.65881E+21,1.36468E+16,5.09883E+16
122893,122894,14,5,11,0,2016,3,17,5,3,0,7,0,0,1,0,0,0,0,0,7.7742E+20,5.63958E+21,1.29408E+16,5.08413E+16
122894,122895,14,7,13,0,2016,3,22,2,3,5,3,2,0,0,1,0,0,0,0,7.32322E+20,5.69063E+21,1.23342E+16,5.13194E+16
122895,122896,14,6,28,160,2016,3,14,3,2,5,3,0,0,0,1,0,0,0,0,8.41109E+20,5.65887E+21,1.38603E+16,5.09802E+16
122896,122897,14,6,27,210,2016,3,7,3,3,6,2,0,0,0,1,1,0,0,0,8.27524E+20,5.67134E+21,1.36788E+16,5.10998E+16
122897,122898,14,7,13,0,2016,3,16,4,3,1,5,0,0,1,1,0,0,0,0,7.33002E+20,5.69178E+21,1.23447E+16,5.13295E+16
122898,122899,14,7,13,0,2016,3,15,3,3,1,2,0,0,0,1,0,0,0,1,7.4324E+20,5.6942E+21,1.2493E+16,5.13469E+16
122899,122900,14,7,13,0,2016,3,12,5,3,3,5,0,0,1,1,0,0,0,0,7.35758E+20,5.6929E+21,1.23849E+16,5.13385E+16
122900,122901,14,6,12,0,2016,3,18,6,3,3,2,1,0,1,0,0,0,0,0,8.28975E+20,5.66624E+21,1.36948E+16,5.10533E+16
122901,122902,14,5,21,590,2016,3,20,3,3,6,2,2,1,0,1,1,0,0,0,7.66245E+20,5.62474E+21,1.27717E+16,5.07134E+16
122902,122903,14,5,11,0,2016,3,9,2,3,5,3,0,0,0,1,0,0,0,0,7.74763E+20,5.63967E+21,1.29032E+16,5.08434E+16
122903,122904,14,7,29,50,2016,3,10,6,2,6,4,0,0,0,1,1,0,0,0,7.44924E+20,5.66972E+21,1.25004E+16,5.11265E+16
122904,122905,14,5,23,200,2016,3,8,4,3,5,3,0,0,0,1,0,0,0,0,7.36832E+20,5.57864E+21,1.23266E+16,5.03122E+16
122905,122906,14,6,12,0,2016,3,8,2,3,0,3,0,1,1,1,0,0,0,0,8.30542E+20,5.66904E+21,1.37196E+16,5.10774E+16
122906,122907,14,7,13,0,2016,3,10,2,3,0,2,0,1,1,1,0,0,0,0,7.36542E+20,5.69043E+21,1.23945E+16,5.13159E+16
122907,122908,14,5,23,320,2016,3,18,2,3,5,3,2,0,1,1,0,0,0,0,7.22567E+20,5.59836E+21,1.21382E+16,5.04949E+16
122908,122909,14,5,23,20,2016,3,15,6,2,4,6,0,0,0,1,0,0,0,0,7.40148E+20,5.59901E+21,1.23861E+16,5.04938E+16
122909,122910,14,6,12,0,2016,3,13,2,3,5,3,0,0,0,1,0,0,0,0,8.36737E+20,5.66015E+21,1.37995E+16,5.09942E+16
122910,122911,14,6,26,110,2016,3,13,4,3,6,6,0,1,0,0,1,0,0,1,9.17337E+20,5.68553E+21,1.49715E+16,5.11685E+16
122911,122912,14,5,24,180,2016,3,0,5,3,6,4,2,1,0,1,1,0,0,0,7.64821E+20,5.64019E+21,1.27627E+16,5.08526E+16
122912,122913,14,6,27,60,2016,3,10,5,3,3,6,0,0,1,0,0,0,0,1,8.16184E+20,5.69233E+21,1.35358E+16,5.12943E+16
122913,122914,14,7,13,0,2016,3,14,2,3,3,5,0,0,1,1,0,0,0,0,7.36301E+20,5.69277E+21,1.23926E+16,5.13371E+16
122914,122915,14,6,12,0,2016,3,8,4,3,6,6,0,0,1,0,1,0,0,0,8.33659E+20,5.6658E+21,1.3761E+16,5.10466E+16
122915,122916,14,7,29,160,2016,3,19,2,3,6,2,1,0,0,1,1,0,0,0,7.60225E+20,5.68215E+21,1.27276E+16,5.12313E+16
122916,122917,14,7,13,0,2016,3,17,5,2,6,4,1,0,0,1,1,0,0,0,7.37656E+20,5.69206E+21,1.24116E+16,5.133E+16
122917,122918,14,6,25,250,2016,3,20,7,3,5,3,2,0,1,1,0,0,0,0,8.55676E+20,5.69395E+21,1.41016E+16,5.12855E+16
122918,122919,14,7,13,0,2016,3,10,6,3,2,6,0,0,0,1,0,0,0,0,7.3157E+20,5.6966E+21,1.23273E+16,5.13733E+16
122919,122920,14,6,25,240,2016,3,13,7,3,1,7,0,0,1,1,0,0,0,0,8.63744E+20,5.71156E+21,1.42349E+16,5.14382E+16
122920,122921,14,7,13,0,2016,3,1,6,3,3,2,2,0,0,1,0,0,0,0,7.35058E+20,5.6909E+21,1.23736E+16,5.13207E+16
122921,122922,14,6,26,450,2016,3,17,1,2,5,3,0,0,1,1,0,0,0,0,9.05127E+20,5.67866E+21,1.479E+16,5.11158E+16
122922,122923,14,6,27,210,2016,3,16,4,3,5,3,0,1,1,1,0,0,0,0,8.26048E+20,5.67173E+21,1.36581E+16,5.11041E+16
122923,122924,14,7,29,260,2016,3,12,5,3,5,3,0,0,0,1,0,0,0,0,7.34561E+20,5.6867E+21,1.23637E+16,5.12833E+16
122924,122925,14,7,30,300,2016,3,14,2,3,0,7,0,0,0,0,1,0,0,1,7.42536E+20,5.69706E+21,1.24849E+16,5.13729E+16
122925,122926,14,6,26,520,2016,3,7,4,3,8,6,1,1,0,1,0,0,0,0,9.12062E+20,5.68799E+21,1.48993E+16,5.11943E+16
122926,122927,14,7,13,0,2016,3,10,2,3,5,2,0,0,0,1,0,0,0,0,7.37068E+20,5.68905E+21,1.24012E+16,5.13033E+16
122927,122928,14,6,26,290,2016,3,12,5,3,4,6,0,0,0,1,0,1,0,0,8.97892E+20,5.67715E+21,1.46855E+16,5.11073E+16
122928,122929,14,7,13,0,2016,3,10,4,3,5,3,0,0,0,1,0,1,0,0,7.32742E+20,5.69613E+21,1.23438E+16,5.13686E+16
122929,122930,14,6,12,0,2016,3,10,1,2,5,3,0,0,0,1,0,0,0,0,8.32521E+20,5.6645E+21,1.37436E+16,5.10356E+16
122930,122931,14,5,21,530,2016,3,14,5,2,5,3,0,0,0,1,0,0,0,0,7.57128E+20,5.61176E+21,1.26338E+16,5.0601E+16
122931,122932,14,7,13,0,2016,3,13,3,3,5,3,0,1,1,0,0,0,1,0,7.41307E+20,5.69399E+21,1.24652E+16,5.13459E+16
122932,122933,14,6,12,0,2016,3,6,5,3,5,3,0,0,1,1,0,0,0,0,8.28005E+20,5.66551E+21,1.36803E+16,5.10472E+16
122933,122934,14,7,13,0,2016,3,3,1,2,5,3,2,0,0,1,0,0,0,0,7.3992E+20,5.69396E+21,1.24453E+16,5.13462E+16
122934,122935,14,6,12,0,2016,3,16,5,3,4,2,0,0,1,1,0,0,0,0,8.31184E+20,5.66963E+21,1.37293E+16,5.10824E+16
122935,122936,14,6,12,0,2016,3,20,4,3,5,3,2,0,1,1,0,0,0,0,8.32823E+20,5.66922E+21,1.37522E+16,5.10778E+16
122936,122937,14,7,13,0,2016,3,22,3,3,5,3,2,0,1,1,0,0,0,0,7.34876E+20,5.69449E+21,1.23734E+16,5.13531E+16
122937,122938,14,7,13,0,2016,3,12,2,2,6,4,0,1,0,0,1,0,0,1,7.37555E+20,5.69472E+21,1.24119E+16,5.1354E+16
122938,122939,14,6,12,0,2016,3,9,4,3,2,6,0,0,0,1,0,0,0,1,8.32186E+20,5.66649E+21,1.37406E+16,5.10537E+16
122939,122940,14,5,21,620,2016,3,13,7,3,5,2,0,0,1,0,0,0,0,0,7.72333E+20,5.62414E+21,1.28573E+16,5.07051E+16
122940,122941,14,5,21,400,2016,3,15,7,3,4,1,0,0,0,1,0,1,0,0,7.8805E+20,5.61229E+21,1.30701E+16,5.05913E+16
122941,122942,14,7,13,0,2016,3,14,4,3,1,5,0,1,0,1,0,0,0,0,7.36112E+20,5.68838E+21,1.2387E+16,5.12977E+16
122942,122943,14,7,13,0,2016,3,14,2,3,5,3,0,1,0,1,0,0,0,0,7.30305E+20,5.69355E+21,1.23072E+16,5.13465E+16
122943,122944,14,5,23,340,2016,3,17,2,3,0,7,0,0,0,0,0,1,0,0,7.33609E+20,5.61336E+21,1.2303E+16,5.06252E+16
122944,122945,14,7,29,260,2016,3,7,2,3,5,3,0,0,1,1,0,0,0,0,7.35124E+20,5.68628E+21,1.23715E+16,5.12793E+16
122945,122946,14,6,12,0,2016,3,13,7,3,5,3,0,0,1,1,0,0,0,0,8.30634E+20,5.66646E+21,1.37186E+16,5.10543E+16
122946,122947,14,7,13,0,2016,3,18,4,3,5,3,1,0,1,0,0,0,0,0,7.34827E+20,5.6956E+21,1.23734E+16,5.13631E+16
122947,122948,14,7,13,0,2016,3,15,2,3,6,4,0,0,0,0,1,0,1,0,7.39917E+20,5.69379E+21,1.24451E+16,5.13447E+16
122948,122949,14,7,30,270,2016,3,16,4,3,6,7,0,0,0,1,1,0,0,0,7.25865E+20,5.69839E+21,1.22466E+16,5.13917E+16
122949,122950,14,5,24,80,2016,3,9,3,3,6,7,0,1,0,1,1,0,0,0,7.50167E+20,5.63469E+21,1.25511E+16,5.08099E+16
122950,122951,14,7,29,10,2016,3,8,5,3,0,3,0,0,1,1,0,0,0,0,7.55655E+20,5.672E+21,1.26551E+16,5.11423E+16
122951,122952,14,7,29,260,2016,3,15,6,2,0,5,0,0,1,1,0,0,0,0,7.35047E+20,5.68626E+21,1.23704E+16,5.12791E+16
122952,122953,14,7,13,0,2016,3,16,4,3,2,6,0,0,0,1,0,0,0,0,7.3715E+20,5.69226E+21,1.24045E+16,5.13321E+16
122953,122954,14,6,26,110,2016,3,16,2,3,4,2,0,0,0,1,0,0,0,0,9.17149E+20,5.68564E+21,1.4969E+16,5.11696E+16
122954,122955,14,6,12,0,2016,3,7,2,3,2,6,0,1,0,1,0,0,0,0,8.34709E+20,5.66737E+21,1.37773E+16,5.10601E+16
122955,122956,14,6,27,140,2016,3,11,2,3,6,6,0,0,0,1,1,0,0,0,8.14719E+20,5.67678E+21,1.35012E+16,5.11557E+16
122956,122957,14,7,29,230,2016,3,13,6,2,0,1,0,0,1,0,0,0,0,0,7.54726E+20,5.65562E+21,1.26303E+16,5.09957E+16
122957,122958,14,7,29,80,2016,3,13,2,3,4,6,0,0,0,1,0,1,0,0,7.65902E+20,5.67052E+21,1.28002E+16,5.11243E+16
122958,122959,14,6,28,360,2016,3,11,4,3,6,4,0,0,0,1,1,0,0,0,8.69046E+20,5.66069E+21,1.42585E+16,5.09792E+16
122959,122960,14,7,29,50,2016,3,13,5,3,5,3,0,0,1,1,0,0,0,0,7.45498E+20,5.67001E+21,1.25088E+16,5.11288E+16
122960,122961,14,7,13,0,2016,3,8,2,3,5,3,0,0,0,1,0,0,0,0,7.29708E+20,5.69034E+21,1.22966E+16,5.13179E+16
122961,122962,14,7,13,0,2016,3,16,4,3,1,5,0,0,1,1,0,0,0,0,7.35213E+20,5.68906E+21,1.23746E+16,5.13042E+16
122962,122963,14,5,11,0,2016,3,14,6,3,2,6,0,0,0,1,0,0,0,0,7.78096E+20,5.63535E+21,1.29471E+16,5.0803E+16
122963,122964,14,7,13,0,2016,3,5,5,2,5,3,2,0,1,1,0,0,0,0,7.37376E+20,5.69267E+21,1.2408E+16,5.13356E+16
122964,122965,14,6,27,130,2016,3,7,3,3,6,4,1,0,0,1,1,0,0,0,8.01314E+20,5.68046E+21,1.33131E+16,5.11959E+16
122965,122966,14,6,12,0,2016,3,18,6,3,5,3,2,0,0,1,0,0,0,0,8.31968E+20,5.66652E+21,1.37376E+16,5.1054E+16
122966,122967,14,6,12,0,2016,3,13,2,3,1,5,0,0,1,1,0,0,0,0,8.28432E+20,5.67047E+21,1.36909E+16,5.10914E+16
122967,122968,14,6,25,20,2016,3,7,1,2,0,1,0,1,0,1,0,0,0,0,8.78752E+20,5.68388E+21,1.44205E+16,5.11806E+16
122968,122969,14,7,13,0,2016,3,14,6,3,5,3,0,0,0,1,0,1,0,0,7.32465E+20,5.69684E+21,1.23403E+16,5.13752E+16
122969,122970,14,6,12,0,2016,3,9,1,3,5,3,0,0,0,1,0,0,0,1,8.38543E+20,5.66095E+21,1.38259E+16,5.10003E+16
122970,122971,14,6,28,50,2016,3,15,4,3,5,3,0,1,0,1,0,0,0,0,8.31014E+20,5.66049E+21,1.37185E+16,5.10006E+16
122971,122972,14,7,13,0,2016,3,18,5,2,6,4,1,0,0,0,1,0,1,0,7.35629E+20,5.6967E+21,1.23856E+16,5.13726E+16
122972,122973,14,5,22,260,2016,3,19,2,3,5,3,2,0,0,1,0,0,0,0,7.67173E+20,5.64396E+21,1.27988E+16,5.08854E+16
122973,122974,14,5,22,80,2016,3,11,5,3,2,2,0,0,0,1,0,0,0,0,7.86293E+20,5.67176E+21,1.30918E+16,5.11257E+16
122974,122975,14,5,24,330,2016,3,15,3,3,6,4,0,1,0,1,1,0,0,0,7.45961E+20,5.62294E+21,1.24837E+16,5.07062E+16
122975,122976,14,6,12,0,2016,3,6,2,3,1,6,0,0,0,1,0,0,0,1,8.30237E+20,5.66401E+21,1.37107E+16,5.10326E+16
122976,122977,14,6,26,600,2016,3,7,5,3,4,6,0,0,1,0,0,0,0,0,8.91286E+20,5.72082E+21,1.46395E+16,5.15027E+16
122977,122978,14,6,26,600,2016,3,16,4,3,5,3,0,0,1,1,0,0,0,0,8.91876E+20,5.72128E+21,1.46484E+16,5.15064E+16
122978,122979,14,6,12,0,2016,3,18,2,3,5,3,2,0,0,1,0,0,0,0,8.29356E+20,5.66438E+21,1.36985E+16,5.10364E+16
122979,122980,14,6,25,20,2016,3,12,5,3,5,3,0,0,1,1,0,0,0,0,8.81153E+20,5.68346E+21,1.44542E+16,5.11752E+16
122980,122981,14,7,13,0,2016,3,14,4,3,5,3,0,0,1,1,0,0,0,0,7.37421E+20,5.69208E+21,1.24082E+16,5.13304E+16
122981,122982,14,6,12,0,2016,3,16,6,2,6,4,0,0,0,1,1,0,0,0,8.31283E+20,5.66736E+21,1.37286E+16,5.1062E+16
122982,122983,14,6,12,0,2016,3,19,5,3,5,3,1,0,0,1,0,1,0,0,8.3598E+20,5.6622E+21,1.37906E+16,5.1013E+16
122983,122984,14,6,12,0,2016,3,10,1,3,5,3,0,0,0,1,0,0,0,0,8.2909E+20,5.66452E+21,1.36948E+16,5.10378E+16
122984,122985,14,6,12,0,2016,3,16,5,3,5,3,0,0,0,1,0,0,0,0,8.33539E+20,5.66641E+21,1.37598E+16,5.10521E+16
122985,122986,14,5,24,330,2016,3,11,4,3,5,3,0,0,0,1,0,0,0,0,7.46882E+20,5.62438E+21,1.24977E+16,5.07187E+16
122986,122987,14,7,13,0,2016,3,6,3,3,5,3,0,1,0,1,0,0,0,0,7.31736E+20,5.6905E+21,1.23257E+16,5.13186E+16
122987,122988,14,5,21,370,2016,3,11,2,2,6,4,0,0,0,1,1,0,0,0,7.62833E+20,5.61304E+21,1.27151E+16,5.061E+16
122988,122989,14,5,22,180,2016,3,13,4,2,6,7,0,0,0,0,1,0,0,1,8.05403E+20,5.64922E+21,1.33451E+16,5.09137E+16
122989,122990,14,7,29,160,2016,3,17,6,2,8,1,0,1,0,0,0,0,0,1,7.58233E+20,5.67955E+21,1.26973E+16,5.12089E+16
122990,122991,14,7,13,0,2016,3,14,6,3,6,4,0,0,0,1,1,0,0,0,7.42922E+20,5.69376E+21,1.24882E+16,5.13431E+16
122991,122992,14,5,24,330,2016,3,13,4,3,5,3,0,1,0,1,0,0,0,0,7.46112E+20,5.62502E+21,1.24872E+16,5.07247E+16
122992,122993,14,5,24,30,2016,3,10,7,3,1,7,0,0,0,1,0,0,0,0,7.38767E+20,5.6361E+21,1.23905E+16,5.08273E+16
122993,122994,14,5,23,340,2016,3,10,7,3,5,3,0,1,0,1,0,0,0,0,7.33805E+20,5.61267E+21,1.23054E+16,5.0619E+16
122994,122995,14,5,11,0,2016,3,6,5,3,5,3,0,1,0,1,0,0,0,0,7.77404E+20,5.64085E+21,1.29415E+16,5.08527E+16
122995,122996,14,7,13,0,2016,3,10,4,3,2,6,0,0,0,1,0,0,0,0,7.34851E+20,5.69191E+21,1.23713E+16,5.13299E+16
122996,122997,14,7,13,0,2016,3,9,2,3,2,6,0,0,0,1,0,0,0,0,7.33246E+20,5.69584E+21,1.23509E+16,5.13658E+16
122997,122998,14,6,26,450,2016,3,18,3,2,4,2,2,0,1,1,0,0,0,0,9.05256E+20,5.68121E+21,1.47948E+16,5.11385E+16
122998,122999,14,5,11,0,2016,3,13,2,3,3,5,0,0,0,1,0,0,0,0,7.76041E+20,5.6394E+21,1.29211E+16,5.08404E+16
122999,123000,14,7,13,0,2016,3,15,4,3,5,2,0,0,1,1,0,0,0,0,7.37594E+20,5.69346E+21,1.24116E+16,5.13426E+16
123000,123001,14,7,13,0,2016,3,16,3,3,5,3,0,1,0,1,0,0,0,0,7.28047E+20,5.6893E+21,1.22721E+16,5.13093E+16
123001,123002,14,7,13,0,2016,3,13,5,3,2,6,0,0,0,1,0,0,0,0,7.34806E+20,5.69263E+21,1.23711E+16,5.13364E+16
123002,123003,14,6,25,240,2016,3,19,6,2,0,1,2,0,0,0,0,1,0,0,8.66497E+20,5.71271E+21,1.42755E+16,5.14467E+16
123003,123004,14,5,11,0,2016,3,13,2,3,5,3,0,0,0,1,0,0,0,1,7.77332E+20,5.63916E+21,1.29392E+16,5.08376E+16
123004,123005,14,6,12,0,2016,3,11,2,3,2,6,0,0,0,1,0,1,0,0,8.35141E+20,5.66415E+21,1.37805E+16,5.10309E+16
123005,123006,14,7,13,0,2016,3,8,7,3,5,3,0,0,0,1,0,0,0,0,7.30421E+20,5.69095E+21,1.23072E+16,5.13231E+16
123006,123007,14,6,25,240,2016,3,10,2,3,6,2,0,0,0,0,1,0,0,1,8.64433E+20,5.71122E+21,1.42444E+16,5.14347E+16
123007,123008,14,7,13,0,2016,3,8,2,3,1,6,0,0,0,1,0,0,0,0,7.32548E+20,5.692E+21,1.23384E+16,5.13316E+16
123008,123009,14,5,11,0,2016,3,17,2,2,4,6,1,0,0,1,0,0,0,0,7.74783E+20,5.63826E+21,1.29024E+16,5.08307E+16
123009,123010,14,5,24,300,2016,3,12,6,3,6,7,0,0,0,1,1,0,0,0,7.39049E+20,5.6253E+21,1.23875E+16,5.07302E+16
123010,123011,14,7,30,70,2016,3,21,2,3,8,1,2,1,0,1,0,0,0,0,7.31081E+20,5.71195E+21,1.23303E+16,5.15113E+16
123011,123012,14,6,25,240,2016,3,13,4,3,1,5,0,0,1,1,0,0,0,0,8.65968E+20,5.71316E+21,1.42684E+16,5.1451E+16
123012,123013,14,5,22,180,2016,3,12,6,3,4,1,0,0,0,1,0,0,1,0,8.06462E+20,5.65026E+21,1.3361E+16,5.09224E+16