FID,OBJECTID,ULAND,UREGBEZ,UKREIS,UGEMEINDE,UJAHR,UMONAT,USTUNDE,UWOCHENTAG,UKATEGORIE,UART,UTYP1,ULICHTVERH,IstStrasse,IstRad,IstPKW,IstFuss,IstKrad,IstGkfz,IstSonstig,LINREFX,LINREFY,XGCSWGS84,YGCSWGS84
123013,123014,14,6,27,310,2016,3,20,5,3,5,3,1,0,0,1,0,0,0,0,8.19256E+20,5.67704E+21,1.35661E+16,5.11556E+16
123014,123015,14,7,13,0,2016,3,15,2,3,2,6,0,0,0,1,0,0,0,0,7.30786E+20,5.69475E+21,1.23149E+16,5.13571E+16
123015,123016,14,6,12,0,2016,3,15,6,3,0,1,0,0,1,0,0,0,0,0,8.31818E+20,5.66574E+21,1.37347E+16,5.10472E+16
123016,123017,14,7,13,0,2016,3,2,1,2,0,1,2,1,1,0,0,0,0,0,7.35073E+20,5.68967E+21,1.2373E+16,5.13097E+16
123017,123018,14,7,13,0,2016,3,10,7,3,5,3,0,0,1,1,0,0,0,0,7.38335E+20,5.69088E+21,1.24205E+16,5.13193E+16
123018,123019,14,7,13,0,2016,3,13,6,3,5,2,0,0,0,1,0,1,0,0,7.39667E+20,5.69217E+21,1.24405E+16,5.13302E+16
123019,123020,14,6,28,270,2016,3,16,5,3,6,7,0,0,1,0,1,0,0,0,8.46575E+20,5.65687E+21,1.3936E+16,5.09589E+16
123020,123021,14,7,13,0,2016,3,12,1,3,3,7,0,0,0,1,0,0,0,0,7.33443E+20,5.69337E+21,1.23521E+16,5.13436E+16
123021,123022,14,6,12,0,2016,3,15,5,3,0,6,0,0,0,1,0,0,0,1,8.33087E+20,5.6647E+21,1.37518E+16,5.10371E+16
123022,123023,14,7,13,0,2016,3,18,4,3,7,1,2,0,0,1,0,0,0,0,7.36677E+20,5.68702E+21,1.23942E+16,5.12853E+16
123023,123024,14,7,13,0,2016,3,9,6,3,1,7,0,0,0,1,0,0,0,0,7.35759E+20,5.69291E+21,1.2385E+16,5.13385E+16
123024,123025,14,7,13,0,2016,3,20,1,3,3,2,1,0,0,1,0,1,0,0,7.34943E+20,5.69575E+21,1.23751E+16,5.13644E+16
123025,123026,14,6,28,270,2016,3,12,4,3,2,6,0,0,0,1,0,0,0,0,8.46119E+20,5.65853E+21,1.39311E+16,5.09741E+16
123026,123027,14,7,13,0,2016,3,7,5,3,4,6,0,0,1,1,0,0,0,0,7.36153E+20,5.69246E+21,1.23903E+16,5.13343E+16
123027,123028,14,7,13,0,2016,3,12,2,3,5,3,0,0,0,1,0,0,0,0,7.37631E+20,5.69158E+21,1.24109E+16,5.13258E+16
123028,123029,14,7,13,0,2016,3,7,4,3,5,3,0,0,1,1,0,0,0,0,7.34567E+20,5.69526E+21,1.23694E+16,5.13601E+16
123029,123030,14,7,13,0,2016,3,15,1,3,5,3,0,0,1,1,0,0,0,0,7.35114E+20,5.68874E+21,1.2373E+16,5.13014E+16
123030,123031,14,6,25,240,2016,3,11,5,3,5,3,0,0,0,1,0,0,0,0,8.6585E+20,5.71267E+21,1.42662E+16,5.14467E+16
123031,123032,14,7,29,60,2016,3,6,4,2,8,7,1,0,0,1,0,0,0,0,7.45031E+20,5.69645E+21,1.25203E+16,5.13664E+16
123032,123033,14,5,22,180,2016,3,17,6,3,2,6,0,0,0,1,0,0,0,0,8.04835E+20,5.64924E+21,1.33371E+16,5.09141E+16
123033,123034,14,5,22,180,2016,3,15,5,3,5,3,0,0,0,1,0,0,0,1,8.05275E+20,5.64807E+21,1.33424E+16,5.09034E+16
123034,123035,14,7,13,0,2016,3,18,4,3,8,1,1,0,0,0,0,1,0,0,7.37121E+20,5.69566E+21,1.24063E+16,5.13626E+16
123035,123036,14,7,13,0,2016,3,6,3,3,5,3,0,1,1,1,0,0,0,0,7.39375E+20,5.69512E+21,1.24383E+16,5.13569E+16
123036,123037,14,7,13,0,2016,3,20,1,3,5,3,0,0,0,1,0,0,0,0,7.33801E+20,5.6958E+21,1.23588E+16,5.13652E+16
123037,123038,14,7,13,0,2016,3,19,3,3,5,3,2,1,1,1,0,0,0,0,7.3608E+20,5.69263E+21,1.23894E+16,5.13358E+16
123038,123039,14,6,12,0,2016,3,19,1,2,6,4,2,0,0,1,1,0,0,0,8.32106E+20,5.66578E+21,1.37389E+16,5.10473E+16
123039,123040,14,6,12,0,2016,3,7,4,3,1,5,0,0,1,1,0,0,0,0,8.32964E+20,5.66712E+21,1.37523E+16,5.10588E+16
123040,123041,14,6,12,0,2016,3,12,7,3,6,4,0,0,0,1,1,0,0,0,8.37017E+20,5.66611E+21,1.3809E+16,5.10474E+16
123041,123042,14,5,21,370,2016,3,9,7,2,8,1,0,0,0,1,0,0,0,0,7.66155E+20,5.61758E+21,1.27652E+16,5.06492E+16
123042,123043,14,5,22,140,2016,3,16,5,3,4,2,0,0,1,0,0,0,0,1,7.85877E+20,5.64225E+21,1.30627E+16,5.08611E+16
123043,123044,14,7,13,0,2016,3,16,2,3,2,6,0,0,0,1,0,0,0,0,7.42735E+20,5.69411E+21,1.24857E+16,5.13463E+16
123044,123045,14,5,24,300,2016,3,9,2,3,2,6,0,1,0,1,0,1,0,0,7.39031E+20,5.62353E+21,1.23861E+16,5.07144E+16
123045,123046,14,5,24,330,2016,3,22,7,3,5,3,2,1,0,1,0,0,0,0,7.46249E+20,5.62438E+21,1.24887E+16,5.0719E+16
123046,123047,14,7,13,0,2016,3,20,4,3,5,3,2,1,0,1,0,0,0,1,7.34393E+20,5.69604E+21,1.23675E+16,5.13672E+16
123047,123048,14,6,26,110,2016,3,16,3,2,3,7,0,1,0,1,0,0,0,1,9.18741E+20,5.68464E+21,1.49904E+16,5.11595E+16
123048,123049,14,5,21,530,2016,3,18,6,3,8,1,2,0,0,1,0,0,0,0,7.57685E+20,5.6119E+21,1.26417E+16,5.0602E+16
123049,123050,14,7,13,0,2016,3,7,5,3,2,2,0,0,0,1,0,0,0,0,7.39689E+20,5.69252E+21,1.2441E+16,5.13333E+16
123050,123051,14,6,26,110,2016,3,16,3,3,6,4,0,1,0,1,1,0,0,0,9.18715E+20,5.68403E+21,1.49894E+16,5.11541E+16
123051,123052,14,7,13,0,2016,3,14,4,3,5,2,0,0,1,1,0,0,0,0,7.36564E+20,5.69597E+21,1.23985E+16,5.13656E+16
123052,123053,14,5,11,0,2016,3,6,4,2,1,5,0,0,0,1,0,0,0,0,7.77801E+20,5.64063E+21,1.2947E+16,5.08505E+16
123053,123054,14,5,22,180,2016,3,14,6,3,0,1,0,1,1,0,0,0,0,0,8.0422E+20,5.64921E+21,1.33284E+16,5.09142E+16
123054,123055,14,7,13,0,2016,3,23,6,3,4,2,2,0,0,1,0,0,0,0,7.30728E+20,5.69373E+21,1.23134E+16,5.13479E+16
123055,123056,14,7,13,0,2016,3,7,4,3,3,7,0,0,1,1,0,0,0,0,7.35395E+20,5.69105E+21,1.23785E+16,5.13219E+16
123056,123057,14,6,12,0,2016,3,17,2,3,0,1,0,1,1,0,0,0,0,0,8.28213E+20,5.66498E+21,1.36828E+16,5.10424E+16
123057,123058,14,7,29,50,2016,3,7,6,3,5,3,0,0,1,1,0,0,0,0,7.44815E+20,5.67028E+21,1.24993E+16,5.11316E+16
123058,123059,14,6,12,0,2016,3,19,2,3,2,2,0,0,0,1,0,1,0,0,8.28732E+20,5.66503E+21,1.36902E+16,5.10426E+16
123059,123060,14,6,25,20,2016,3,14,4,2,5,3,0,0,1,1,0,0,0,0,8.78967E+20,5.6835E+21,1.44231E+16,5.1177E+16
123060,123061,14,7,30,70,2016,3,8,5,3,4,2,0,0,1,1,0,0,0,0,7.31177E+20,5.71402E+21,1.23331E+16,5.15299E+16
123061,123062,14,7,30,70,2016,3,10,2,2,5,3,0,0,1,1,0,0,0,0,7.31577E+20,5.71274E+21,1.2338E+16,5.15182E+16
123062,123063,14,6,12,0,2016,3,14,4,3,5,3,0,0,0,1,0,0,0,0,8.35153E+20,5.66471E+21,1.37812E+16,5.10359E+16
123063,123064,14,6,25,240,2016,3,17,7,3,2,6,1,0,0,1,0,0,0,0,8.65827E+20,5.71159E+21,1.42647E+16,5.1437E+16
123064,123065,14,6,27,210,2016,3,13,5,3,9,7,0,0,0,1,0,0,0,0,8.2227E+20,5.67215E+21,1.36047E+16,5.11101E+16
123065,123066,14,6,12,0,2016,3,10,7,3,6,6,0,0,1,0,1,0,0,0,8.30961E+20,5.66675E+21,1.37235E+16,5.10567E+16
123066,123067,14,6,25,240,2016,4,10,6,3,5,3,0,0,1,1,0,0,0,0,8.6588E+20,5.71163E+21,1.42655E+16,5.14374E+16
123067,123068,14,6,12,0,2016,3,12,5,3,5,3,0,0,0,1,0,0,0,0,8.36053E+20,5.66544E+21,1.37947E+16,5.1042E+16
123068,123069,14,6,28,130,2016,4,7,6,2,9,1,0,2,0,1,0,0,0,0,8.35196E+20,5.6414E+21,1.37604E+16,5.08271E+16
123069,123070,14,5,11,0,2016,4,12,5,3,3,5,0,0,1,1,0,0,0,0,7.77154E+20,5.6397E+21,1.29371E+16,5.08425E+16
123070,123071,14,7,29,320,2016,4,16,1,3,5,3,0,0,1,0,0,0,0,1,7.38299E+20,5.67226E+21,1.24076E+16,5.11521E+16
123071,123072,14,5,11,0,2016,4,12,4,3,2,6,0,0,0,1,0,0,0,0,7.75711E+20,5.63812E+21,1.29155E+16,5.0829E+16
123072,123073,14,7,13,0,2016,4,15,3,3,0,7,0,0,0,1,0,1,0,0,7.31277E+20,5.69285E+21,1.23207E+16,5.13398E+16
123073,123074,14,7,13,0,2016,4,12,2,3,5,3,0,0,0,1,0,0,0,0,7.38952E+20,5.69114E+21,1.24295E+16,5.13213E+16
123074,123075,14,5,21,270,2016,4,17,1,3,5,3,0,0,0,1,0,0,0,0,7.88766E+20,5.63169E+21,1.30953E+16,5.0765E+16
123075,123076,14,6,12,0,2016,4,15,3,3,5,2,0,0,1,1,0,0,0,0,8.33547E+20,5.66363E+21,1.37574E+16,5.10273E+16
123076,123077,14,6,12,0,2016,3,19,5,3,1,7,1,0,0,1,1,0,0,0,8.36686E+20,5.66561E+21,1.38038E+16,5.10431E+16
123077,123078,14,7,13,0,2016,4,13,3,2,4,2,0,0,0,0,0,1,1,0,7.29086E+20,5.69886E+21,1.22932E+16,5.13946E+16
123078,123079,14,5,22,250,2016,3,6,3,3,5,3,0,0,0,1,0,0,0,0,7.78152E+20,5.66847E+21,1.29732E+16,5.11001E+16
123079,123080,14,7,13,0,2016,4,22,1,2,9,1,2,0,0,1,0,0,0,0,7.34839E+20,5.69454E+21,1.23729E+16,5.13535E+16
123080,123081,14,5,11,0,2016,4,10,4,3,6,7,0,0,0,1,1,0,0,0,7.74288E+20,5.63829E+21,1.28954E+16,5.08312E+16
123081,123082,14,5,24,80,2016,4,16,6,2,5,3,0,0,0,1,0,1,0,0,7.49886E+20,5.63489E+21,1.25473E+16,5.08118E+16
123082,123083,14,7,30,230,2016,4,8,4,3,2,2,0,0,0,1,0,0,0,0,7.86375E+20,5.69064E+21,1.3108E+16,5.12949E+16
123083,123084,14,6,12,0,2016,4,12,3,3,5,3,0,0,1,0,0,0,1,0,8.25475E+20,5.67021E+21,1.36486E+16,5.10908E+16
123084,123085,14,7,13,0,2016,4,6,2,1,2,6,0,0,0,0,0,1,0,1,7.28904E+20,5.701E+21,1.22919E+16,5.14139E+16
123085,123086,14,6,12,0,2016,4,14,6,3,5,2,0,0,1,1,0,0,0,0,8.32103E+20,5.66868E+21,1.37415E+16,5.10733E+16
123086,123087,14,5,24,330,2016,4,12,7,3,2,6,0,0,1,1,0,0,0,0,7.46999E+20,5.6233E+21,1.24986E+16,5.0709E+16
123087,123088,14,7,30,250,2016,4,22,2,3,9,1,2,0,0,1,0,0,0,0,7.33648E+20,5.70332E+21,1.23616E+16,5.14328E+16
123088,123089,14,6,12,0,2016,3,10,5,3,0,1,0,1,0,0,0,1,0,0,8.34648E+20,5.66631E+21,1.37755E+16,5.10506E+16
123089,123090,14,6,12,0,2016,4,15,3,3,1,7,0,0,0,1,0,0,0,1,8.29612E+20,5.67128E+21,1.37084E+16,5.10981E+16
123090,123091,14,7,29,220,2016,4,13,7,3,0,1,0,0,1,0,0,0,0,0,7.48668E+20,5.67402E+21,1.25568E+16,5.11635E+16
123091,123092,14,7,13,0,2016,4,14,6,3,0,6,0,0,0,1,0,1,0,0,7.3427E+20,5.69623E+21,1.23658E+16,5.13689E+16
123092,123093,14,7,13,0,2016,4,8,5,3,5,3,0,0,0,1,0,0,0,1,7.38825E+20,5.69576E+21,1.24308E+16,5.13628E+16
123093,123094,14,6,28,10,2016,4,8,6,3,4,1,0,2,0,1,0,0,0,0,8.29256E+20,5.6389E+21,1.36741E+16,5.08081E+16
123094,123095,14,6,12,0,2016,4,22,2,3,5,3,2,0,0,1,0,0,0,0,8.3258E+20,5.66467E+21,1.37446E+16,5.10371E+16
123095,123096,14,5,22,80,2016,3,12,5,3,0,1,0,1,0,0,0,0,0,1,7.88572E+20,5.67118E+21,1.31238E+16,5.11193E+16
123096,123097,14,5,11,0,2016,4,10,6,3,5,2,0,0,1,1,0,0,0,0,7.74769E+20,5.63667E+21,1.2901E+16,5.08165E+16
123097,123098,14,7,13,0,2016,4,19,2,3,5,2,0,0,1,1,0,0,0,0,7.34785E+20,5.69263E+21,1.23708E+16,5.13364E+16
123098,123099,14,6,12,0,2016,4,16,2,3,5,3,0,0,0,1,0,0,0,1,8.27414E+20,5.66739E+21,1.36736E+16,5.10644E+16
123099,123100,14,5,11,0,2016,3,8,5,3,2,6,0,0,0,1,0,0,0,0,7.78455E+20,5.63886E+21,1.29549E+16,5.08343E+16
123100,123101,14,5,21,20,2016,4,7,2,3,5,3,0,0,0,1,0,0,0,0,7.83675E+20,5.61117E+21,1.30076E+16,5.05834E+16
123101,123102,14,7,13,0,2016,4,17,4,3,2,6,0,0,0,1,0,0,0,0,7.39762E+20,5.69272E+21,1.24422E+16,5.13351E+16
123102,123103,14,6,25,240,2016,4,18,7,3,5,3,0,0,1,1,0,0,0,0,8.63714E+20,5.71211E+21,1.4235E+16,5.14431E+16
123103,123104,14,7,13,0,2016,4,16,6,3,6,4,0,0,0,1,1,0,0,0,7.377E+20,5.69247E+21,1.24125E+16,5.13337E+16
123104,123105,14,5,23,320,2016,3,7,4,2,5,1,0,1,0,0,0,1,1,0,7.2072E+20,5.60114E+21,1.21138E+16,5.05205E+16
123105,123106,14,6,12,0,2016,4,17,6,3,5,3,0,0,1,1,0,0,0,0,8.30132E+20,5.66407E+21,1.37092E+16,5.10331E+16
123106,123107,14,5,23,320,2016,3,20,4,2,6,4,2,0,0,1,0,0,0,1,7.2191E+20,5.59872E+21,1.21292E+16,5.04984E+16
123107,123108,14,6,12,0,2016,4,16,5,3,5,2,0,0,0,1,0,0,0,1,8.28731E+20,5.66613E+21,1.36912E+16,5.10524E+16
123108,123109,14,7,13,0,2016,4,19,1,3,0,6,1,0,1,0,0,1,0,0,7.34999E+20,5.69226E+21,1.23736E+16,5.1333E+16
123109,123110,14,6,12,0,2016,4,14,4,3,1,1,0,0,0,1,0,0,0,0,8.32759E+20,5.66653E+21,1.37488E+16,5.10537E+16
123110,123111,14,7,13,0,2016,4,14,3,3,6,7,0,0,0,0,1,0,0,1,7.31316E+20,5.69675E+21,1.23238E+16,5.13748E+16
123111,123112,14,7,13,0,2016,4,11,2,3,5,2,0,0,1,1,0,0,0,0,7.35323E+20,5.69259E+21,1.23785E+16,5.13358E+16
123112,123113,14,6,27,190,2016,4,21,5,3,6,4,0,0,0,1,1,0,0,0,8.05597E+20,5.69278E+21,1.33848E+16,5.13041E+16
123113,123114,14,7,13,0,2016,4,10,4,3,5,3,0,0,0,1,0,0,0,0,7.29707E+20,5.69034E+21,1.22966E+16,5.13179E+16
123114,123115,14,7,13,0,2016,4,15,3,3,1,2,0,0,1,1,0,0,0,0,7.33535E+20,5.69419E+21,1.23539E+16,5.13509E+16
123115,123116,14,5,11,0,2016,4,19,3,3,1,7,0,0,1,1,0,0,0,0,7.74052E+20,5.63883E+21,1.28925E+16,5.08362E+16
123116,123117,14,6,25,20,2016,4,12,6,3,0,6,0,0,1,1,0,0,0,1,8.80707E+20,5.6849E+21,1.44494E+16,5.11884E+16
123117,123118,14,5,24,160,2016,3,13,4,2,3,1,0,0,1,0,0,0,0,0,7.55548E+20,5.63002E+21,1.26241E+16,5.07655E+16
123118,123119,14,7,13,0,2016,4,10,3,3,5,3,0,0,1,0,0,0,0,1,7.34821E+20,5.6925E+21,1.23712E+16,5.13352E+16
123119,123120,14,6,12,0,2016,4,14,6,3,5,2,0,1,0,1,0,0,0,0,8.33794E+20,5.67388E+21,1.37703E+16,5.11189E+16
123120,123121,14,5,24,330,2016,4,16,4,3,5,3,0,0,1,1,0,0,0,0,7.46379E+20,5.62062E+21,1.24881E+16,5.06851E+16
123121,123122,14,7,30,230,2016,4,11,3,3,6,4,0,0,0,1,1,0,0,0,7.86574E+20,5.69061E+21,1.31109E+16,5.12946E+16
123122,123123,14,6,27,230,2016,4,9,3,3,2,2,0,0,0,1,0,0,0,0,7.97047E+20,5.69213E+21,1.32619E+16,5.13029E+16
123123,123124,14,7,13,0,2016,4,8,2,3,3,2,0,0,1,1,0,0,0,0,7.31836E+20,5.6894E+21,1.23265E+16,5.13087E+16
123124,123125,14,6,12,0,2016,4,11,6,3,5,3,0,0,1,1,0,0,0,0,8.3875E+20,5.6629E+21,1.38306E+16,5.10176E+16
123125,123126,14,5,24,150,2016,4,14,7,3,4,1,0,0,1,1,0,0,0,0,7.55415E+20,5.61648E+21,1.26129E+16,5.06441E+16
123126,123127,14,6,12,0,2016,4,11,3,3,6,4,0,0,0,0,1,0,0,1,8.359E+20,5.66373E+21,1.37909E+16,5.10268E+16
123127,123128,14,5,23,340,2016,3,15,4,3,5,3,0,1,0,1,0,1,0,0,7.34139E+20,5.61382E+21,1.23108E+16,5.06292E+16
123128,123129,14,6,25,480,2016,4,13,3,3,2,6,0,0,0,1,0,0,0,0,8.43961E+20,5.67525E+21,1.39164E+16,5.11252E+16
123129,123130,14,5,22,80,2016,3,17,3,3,6,4,0,0,0,1,1,0,0,0,7.88491E+20,5.67116E+21,1.31227E+16,5.11192E+16
123130,123131,14,7,13,0,2016,4,12,7,2,5,3,0,0,0,1,0,1,0,0,7.37717E+20,5.69533E+21,1.24146E+16,5.13594E+16
123131,123132,14,7,13,0,2016,3,7,4,3,1,2,0,1,0,1,0,0,0,0,7.32576E+20,5.69208E+21,1.23388E+16,5.13324E+16
123132,123133,14,7,13,0,2016,4,16,3,3,0,6,0,0,0,1,0,1,0,0,7.34789E+20,5.69309E+21,1.23712E+16,5.13406E+16
123133,123134,14,5,21,370,2016,3,11,3,2,4,2,0,0,0,1,0,0,0,0,7.64284E+20,5.61471E+21,1.27368E+16,5.06243E+16
123134,123135,14,5,22,180,2016,4,18,2,3,5,3,0,0,0,1,0,0,0,0,8.05536E+20,5.64967E+21,1.33474E+16,5.09177E+16
123135,123136,14,7,13,0,2016,4,7,4,3,5,3,0,0,1,1,0,0,0,0,7.34806E+20,5.69264E+21,1.23711E+16,5.13365E+16
123136,123137,14,6,12,0,2016,4,14,3,2,5,3,0,0,1,1,0,0,0,0,8.3258E+20,5.6663E+21,1.37461E+16,5.10517E+16
123137,123138,14,7,29,270,2016,4,12,2,3,6,4,0,0,0,1,1,0,0,0,7.24845E+20,5.68842E+21,1.22257E+16,5.13026E+16
123138,123139,14,6,12,0,2016,4,11,6,3,5,3,0,0,1,0,0,0,1,0,8.36924E+20,5.66499E+21,1.38066E+16,5.10374E+16
123139,123140,14,6,25,250,2016,4,12,7,3,4,1,0,1,0,1,0,0,0,0,8.5337E+20,5.69228E+21,1.40671E+16,5.1272E+16
123140,123141,14,7,13,0,2016,4,13,2,3,5,3,0,0,0,1,0,0,0,1,7.31151E+20,5.69026E+21,1.23172E+16,5.13166E+16
123141,123142,14,6,12,0,2016,4,7,2,2,6,4,0,0,0,0,1,0,0,1,8.37274E+20,5.66216E+21,1.3809E+16,5.10119E+16
123142,123143,14,7,13,0,2016,3,11,4,3,0,6,0,0,0,1,1,0,0,0,7.36471E+20,5.6877E+21,1.23917E+16,5.12915E+16
123143,123144,14,6,12,0,2016,4,17,3,3,5,3,0,0,1,1,0,0,0,0,8.28389E+20,5.66651E+21,1.36867E+16,5.10561E+16
123144,123145,14,6,12,0,2016,4,7,2,3,5,3,0,0,1,1,0,0,0,0,8.3472E+20,5.66495E+21,1.37753E+16,5.10384E+16
123145,123146,14,7,13,0,2016,4,12,7,3,2,6,0,0,0,1,0,1,0,0,7.43242E+20,5.6942E+21,1.24931E+16,5.13469E+16
123146,123147,14,5,22,540,2016,4,1,1,3,8,1,2,0,0,1,0,0,0,0,7.9218E+20,5.66338E+21,1.31689E+16,5.10475E+16
123147,123148,14,5,11,0,2016,4,15,4,3,6,7,0,0,0,0,1,0,0,1,7.78685E+20,5.63807E+21,1.29575E+16,5.08272E+16
123148,123149,14,7,30,70,2016,4,14,6,3,2,7,0,0,0,1,0,0,0,0,7.31579E+20,5.71558E+21,1.23399E+16,5.15437E+16
123149,123150,14,5,23,20,2016,4,15,5,3,2,2,0,0,0,1,0,0,0,0,7.40669E+20,5.60048E+21,1.23943E+16,5.05067E+16
123150,123151,14,6,12,0,2016,4,16,6,3,6,4,0,0,0,1,1,0,0,0,8.3274E+20,5.66904E+21,1.37509E+16,5.10762E+16
123151,123152,14,7,13,0,2016,4,12,2,3,4,2,0,0,1,1,0,0,0,0,7.37247E+20,5.69223E+21,1.24058E+16,5.13318E+16
123152,123153,14,7,13,0,2016,3,18,4,3,2,6,0,1,1,1,0,0,0,0,7.33404E+20,5.69553E+21,1.23529E+16,5.1363E+16
123153,123154,14,5,22,440,2016,4,7,2,3,5,3,0,0,1,1,0,0,0,0,7.93674E+20,5.64232E+21,1.31732E+16,5.08579E+16
123154,123155,14,7,13,0,2016,4,15,4,2,5,3,0,0,1,0,0,0,0,1,7.3505E+20,5.69257E+21,1.23746E+16,5.13358E+16
123155,123156,14,5,11,0,2016,4,14,7,2,5,3,0,0,0,1,0,0,0,1,7.77667E+20,5.63845E+21,1.29434E+16,5.08311E+16
123156,123157,14,6,25,240,2016,4,10,6,2,5,3,0,0,1,0,0,0,0,0,8.65585E+20,5.7119E+21,1.42616E+16,5.144E+16
123157,123158,14,7,13,0,2016,3,14,4,3,6,2,0,0,0,0,1,0,1,0,7.35013E+20,5.69634E+21,1.23765E+16,5.13696E+16
123158,123159,14,6,12,0,2016,4,19,6,3,0,7,0,0,1,1,0,0,0,0,8.34138E+20,5.66818E+21,1.377E+16,5.10677E+16
123159,123160,14,7,13,0,2016,4,21,6,3,5,3,2,0,0,1,0,1,0,0,7.30204E+20,5.70105E+21,1.23106E+16,5.14138E+16
123160,123161,14,6,26,610,2016,4,18,5,3,2,6,0,0,0,1,0,1,0,0,9.08099E+20,5.65478E+21,1.48055E+16,5.09001E+16
123161,123162,14,5,11,0,2016,4,6,6,3,2,6,0,1,0,1,0,0,0,0,7.70887E+20,5.63652E+21,1.28459E+16,5.0817E+16
123162,123163,14,6,12,0,2016,4,15,2,3,1,7,0,0,0,1,0,0,0,0,8.33789E+20,5.66712E+21,1.3764E+16,5.10583E+16
123163,123164,14,7,13,0,2016,3,17,4,3,6,4,0,0,0,1,1,0,0,0,7.37177E+20,5.69495E+21,1.24066E+16,5.13563E+16
123164,123165,14,6,12,0,2016,4,17,5,3,5,3,0,0,0,1,0,0,0,0,8.3441E+20,5.66512E+21,1.3771E+16,5.104E+16
123165,123166,14,7,13,0,2016,4,12,1,3,3,2,0,0,1,1,0,0,0,0,7.35178E+20,5.68904E+21,1.23741E+16,5.1304E+16
123166,123167,14,6,27,60,2016,4,7,4,3,4,2,0,0,0,1,0,0,0,0,8.15473E+20,5.69198E+21,1.35253E+16,5.12916E+16
123167,123168,14,7,13,0,2016,4,17,3,3,5,3,0,0,1,1,0,0,0,0,7.34913E+20,5.69088E+21,1.23715E+16,5.13206E+16
123168,123169,14,5,24,330,2016,4,10,2,3,5,3,0,0,0,1,0,0,0,0,7.45694E+20,5.62169E+21,1.24791E+16,5.06951E+16
123169,123170,14,6,25,240,2016,4,11,7,3,2,6,0,0,0,1,0,0,0,0,8.65747E+20,5.71171E+21,1.42637E+16,5.14382E+16
123170,123171,14,6,28,270,2016,3,15,4,3,0,7,0,0,1,0,0,0,0,0,8.46668E+20,5.65701E+21,1.39375E+16,5.09602E+16
123171,123172,14,7,30,270,2016,4,17,3,3,4,3,0,0,1,1,0,0,0,0,7.24824E+20,5.69839E+21,1.22317E+16,5.13921E+16
123172,123173,14,5,11,0,2016,3,15,3,3,5,3,0,0,0,1,0,0,0,0,7.72206E+20,5.64204E+21,1.28687E+16,5.08658E+16
123173,123174,14,5,11,0,2016,4,13,6,3,5,3,0,0,1,1,0,0,0,0,7.7463E+20,5.63939E+21,1.29011E+16,5.08409E+16
123174,123175,14,5,24,110,2016,4,15,4,2,4,2,0,0,0,0,0,1,0,1,7.44645E+20,5.61389E+21,1.24591E+16,5.06255E+16
123175,123176,14,6,12,0,2016,3,17,4,3,8,1,0,1,0,1,0,0,0,0,8.29498E+20,5.66106E+21,1.36975E+16,5.10065E+16
123176,123177,14,5,11,0,2016,4,16,5,3,0,2,0,0,0,1,0,0,0,1,7.7297E+20,5.63877E+21,1.28771E+16,5.08362E+16
123177,123178,14,7,13,0,2016,4,14,1,3,0,1,0,0,1,0,0,0,0,0,7.3148E+20,5.69211E+21,1.23231E+16,5.13331E+16
123178,123179,14,5,11,0,2016,4,13,4,2,0,1,0,0,1,0,0,0,0,0,7.76328E+20,5.63854E+21,1.29245E+16,5.08325E+16
123179,123180,14,7,13,0,2016,4,19,3,3,1,2,0,0,1,1,0,0,0,0,7.35087E+20,5.68972E+21,1.23732E+16,5.13101E+16
123180,123181,14,7,13,0,2016,4,16,2,3,0,2,0,1,1,0,0,0,0,0,7.3054E+20,5.69225E+21,1.23097E+16,5.13347E+16
123181,123182,14,6,26,110,2016,4,16,7,3,5,3,0,0,1,1,0,0,0,0,9.18398E+20,5.68348E+21,1.49842E+16,5.11494E+16
123182,123183,14,6,12,0,2016,3,18,4,3,5,3,0,0,1,1,0,0,0,0,8.32706E+20,5.66707E+21,1.37486E+16,5.10586E+16
123183,123184,14,7,13,0,2016,4,6,3,3,9,1,0,0,0,1,0,0,0,1,7.38629E+20,5.69546E+21,1.24278E+16,5.13602E+16
123184,123185,14,5,22,430,2016,3,10,3,3,6,4,0,0,0,1,1,0,0,0,7.96522E+20,5.65143E+21,1.3221E+16,5.09381E+16
123185,123186,14,7,30,70,2016,4,17,1,2,0,7,0,0,1,0,0,0,0,1,7.30418E+20,5.71445E+21,1.23224E+16,5.15341E+16
123186,123187,14,5,22,50,2016,4,18,4,3,0,7,0,0,0,1,0,0,0,1,8.04938E+20,5.64406E+21,1.33343E+16,5.08676E+16
123187,123188,14,5,24,300,2016,4,15,6,2,5,3,0,0,0,1,0,0,0,0,7.41213E+20,5.62343E+21,1.24169E+16,5.07126E+16
123188,123189,14,5,21,20,2016,4,15,6,3,6,6,0,0,0,1,1,0,0,0,7.83375E+20,5.61047E+21,1.30028E+16,5.05773E+16