FID,OBJECTID,ULAND,UREGBEZ,UKREIS,UGEMEINDE,UJAHR,UMONAT,USTUNDE,UWOCHENTAG,UKATEGORIE,UART,UTYP1,ULICHTVERH,IstStrasse,IstRad,IstPKW,IstFuss,IstKrad,IstGkfz,IstSonstig,LINREFX,LINREFY,XGCSWGS84,YGCSWGS84
123542,123543,14,6,12,0,2016,4,21,6,3,5,3,2,0,0,1,0,0,0,0,8.34179E+20,5.66201E+21,1.37649E+16,5.10123E+16
123543,123544,14,7,13,0,2016,4,15,6,3,4,2,0,0,1,1,0,0,0,0,7.31038E+20,5.69366E+21,1.23178E+16,5.13472E+16
123544,123545,14,7,13,0,2016,4,17,4,3,5,2,0,0,0,1,0,1,0,0,7.37786E+20,5.69145E+21,1.2413E+16,5.13246E+16
123545,123546,14,6,12,0,2016,4,17,6,3,0,1,0,1,1,0,0,0,0,0,8.32463E+20,5.66932E+21,1.37472E+16,5.10789E+16
123546,123547,14,5,24,330,2016,4,12,6,3,0,7,0,0,0,1,0,0,0,0,7.45705E+20,5.63173E+21,1.24859E+16,5.07851E+16
123547,123548,14,6,25,250,2016,4,14,4,3,9,1,0,0,0,1,0,0,0,0,8.55442E+20,5.69202E+21,1.40964E+16,5.12684E+16
123548,123549,14,7,13,0,2016,4,5,1,3,8,1,2,1,1,0,0,0,0,0,7.31841E+20,5.68985E+21,1.23268E+16,5.13126E+16
123549,123550,14,6,12,0,2016,4,17,3,3,5,3,0,0,0,1,0,0,0,0,8.35431E+20,5.6673E+21,1.37875E+16,5.10591E+16
123550,123551,14,6,25,250,2016,4,15,2,3,6,6,0,0,1,0,1,0,0,0,8.54532E+20,5.69378E+21,1.40851E+16,5.12847E+16
123551,123552,14,5,24,330,2016,4,18,6,2,6,7,0,0,0,1,1,0,0,0,7.44423E+20,5.62174E+21,1.24612E+16,5.06961E+16
123552,123553,14,6,27,10,2016,4,9,6,3,6,7,0,0,0,1,1,0,0,0,8.20474E+20,5.67473E+21,1.35814E+16,5.11341E+16
123553,123554,14,5,21,530,2016,4,7,4,3,6,7,0,0,0,0,1,0,0,1,7.57341E+20,5.60995E+21,1.26355E+16,5.05847E+16
123554,123555,14,6,25,240,2016,4,18,4,2,6,6,0,0,1,0,1,0,0,0,8.65249E+20,5.71149E+21,1.42563E+16,5.14366E+16
123555,123556,14,6,25,40,2016,4,12,5,3,6,4,0,0,0,1,1,0,0,0,8.63311E+20,5.67604E+21,1.41926E+16,5.11204E+16
123556,123557,14,6,12,0,2016,4,15,6,3,5,3,0,1,0,1,0,0,0,0,8.33095E+20,5.66647E+21,1.37535E+16,5.10529E+16
123557,123558,14,7,13,0,2016,4,15,6,3,2,6,0,0,0,1,0,0,0,0,7.36563E+20,5.69073E+21,1.2395E+16,5.13186E+16
123558,123559,14,7,13,0,2016,4,16,7,3,2,2,0,0,0,1,0,1,0,0,7.43227E+20,5.6942E+21,1.24928E+16,5.13469E+16
123559,123560,14,5,22,590,2016,4,10,2,3,5,2,0,0,0,1,0,0,1,0,8.06718E+20,5.64546E+21,1.33606E+16,5.08792E+16
123560,123561,14,5,22,180,2016,4,16,6,2,6,4,0,0,0,1,1,0,0,0,8.04343E+20,5.64961E+21,1.33304E+16,5.09177E+16
123561,123562,14,5,11,0,2016,4,15,4,3,1,6,0,0,0,1,0,0,0,0,7.70557E+20,5.63641E+21,1.28412E+16,5.08161E+16
123562,123563,14,5,11,0,2016,4,20,3,3,4,6,2,0,0,1,0,0,0,0,7.67799E+20,5.63608E+21,1.28019E+16,5.08144E+16
123563,123564,14,6,12,0,2016,4,8,1,3,5,3,0,1,1,1,0,0,0,0,8.33376E+20,5.66613E+21,1.37572E+16,5.10497E+16
123564,123565,14,7,13,0,2016,4,18,2,2,0,1,0,0,0,1,0,1,0,0,7.34885E+20,5.69626E+21,1.23747E+16,5.13689E+16
123565,123566,14,6,25,240,2016,4,7,2,3,5,3,0,0,1,1,0,0,0,0,8.65985E+20,5.71332E+21,1.42688E+16,5.14524E+16
123566,123567,14,7,13,0,2016,4,16,6,2,6,7,0,0,0,0,1,0,0,1,7.38191E+20,5.69242E+21,1.24195E+16,5.13331E+16
123567,123568,14,6,27,260,2016,4,17,6,2,7,7,0,0,0,0,0,1,0,0,7.93139E+20,5.68407E+21,1.31994E+16,5.12326E+16
123568,123569,14,7,30,310,2016,4,12,2,3,1,7,0,0,0,1,0,0,0,0,7.77437E+20,5.71927E+21,1.30026E+16,5.15562E+16
123569,123570,14,6,12,0,2016,4,10,4,3,5,3,0,0,0,1,0,0,0,0,8.2891E+20,5.66999E+21,1.36972E+16,5.10869E+16
123570,123571,14,6,12,0,2016,4,7,5,3,5,3,0,0,0,1,0,1,0,0,8.32531E+20,5.66748E+21,1.37465E+16,5.10623E+16
123571,123572,14,5,11,0,2016,4,7,4,3,5,3,0,0,0,1,0,0,0,0,7.75996E+20,5.63719E+21,1.29188E+16,5.08206E+16
123572,123573,14,6,12,0,2016,4,18,6,3,5,3,0,0,1,1,0,0,0,0,8.35153E+20,5.66471E+21,1.37812E+16,5.10359E+16
123573,123574,14,5,24,330,2016,4,10,6,2,4,2,0,0,0,1,0,1,0,0,7.46321E+20,5.62655E+21,1.24912E+16,5.07384E+16
123574,123575,14,7,13,0,2016,4,13,7,2,0,5,0,0,1,0,0,0,1,0,7.30408E+20,5.69343E+21,1.23086E+16,5.13453E+16
123575,123576,14,5,24,80,2016,4,12,3,3,4,6,0,1,0,1,0,0,0,0,7.51045E+20,5.63583E+21,1.25643E+16,5.08197E+16
123576,123577,14,7,30,300,2016,4,15,2,3,5,3,0,0,1,0,0,0,0,0,7.42336E+20,5.69679E+21,1.24819E+16,5.13706E+16
123577,123578,14,6,28,270,2016,4,12,7,3,0,7,0,0,0,1,0,0,0,0,8.46782E+20,5.65701E+21,1.39391E+16,5.09601E+16
123578,123579,14,6,12,0,2016,4,6,4,3,3,2,0,0,1,0,0,0,1,0,8.36871E+20,5.66516E+21,1.3806E+16,5.1039E+16
123579,123580,14,7,13,0,2016,4,15,4,3,6,4,0,0,0,1,1,0,0,0,7.37678E+20,5.69374E+21,1.2413E+16,5.13452E+16
123580,123581,14,6,12,0,2016,4,9,2,3,5,3,0,0,1,1,0,0,0,0,8.36764E+20,5.66664E+21,1.38059E+16,5.10524E+16
123581,123582,14,6,12,0,2016,4,18,4,3,3,6,0,1,1,1,0,0,0,0,8.36001E+20,5.66672E+21,1.37951E+16,5.10535E+16
123582,123583,14,7,30,90,2016,4,9,4,3,5,3,0,0,1,1,0,0,0,0,7.6865E+20,5.7283E+21,1.2883E+16,5.16414E+16
123583,123584,14,6,12,0,2016,4,19,2,3,3,5,0,0,1,1,0,0,0,0,8.32802E+20,5.66849E+21,1.37512E+16,5.10712E+16
123584,123585,14,5,21,50,2016,4,7,6,2,5,2,0,0,0,1,0,1,0,0,7.60762E+20,5.61287E+21,1.26858E+16,5.06093E+16
123585,123586,14,7,13,0,2016,4,8,4,3,5,3,0,0,1,1,0,0,0,0,7.34845E+20,5.6918E+21,1.23711E+16,5.13289E+16
123586,123587,14,7,13,0,2016,4,16,3,3,5,3,0,0,1,1,0,0,0,0,7.33994E+20,5.6951E+21,1.23611E+16,5.13589E+16
123587,123588,14,6,12,0,2016,4,10,6,3,5,3,0,0,1,0,0,0,0,1,8.33381E+20,5.6666E+21,1.37577E+16,5.1054E+16
123588,123589,14,5,21,700,2016,4,15,7,2,4,6,0,0,0,1,0,1,0,0,7.59366E+20,5.60893E+21,1.26634E+16,5.05746E+16
123589,123590,14,6,12,0,2016,4,6,4,3,5,3,1,1,1,1,0,0,0,0,8.33969E+20,5.66602E+21,1.37656E+16,5.10484E+16
123590,123591,14,6,26,110,2016,4,23,2,3,0,1,2,0,1,0,0,0,0,0,9.18221E+20,5.68407E+21,1.49824E+16,5.11548E+16
123591,123592,14,6,25,20,2016,4,12,2,3,0,7,0,0,1,0,0,0,0,0,8.80539E+20,5.68479E+21,1.44469E+16,5.11875E+16
123592,123593,14,6,12,0,2016,4,17,7,3,5,3,0,1,1,1,0,0,0,0,8.3369E+20,5.66822E+21,1.37636E+16,5.10683E+16
123593,123594,14,5,21,30,2016,4,14,5,3,2,6,0,0,0,1,0,0,0,0,7.62369E+20,5.61037E+21,1.27067E+16,5.05862E+16
123594,123595,14,6,25,310,2016,4,16,6,3,5,3,0,0,1,0,0,1,0,0,8.53862E+20,5.71277E+21,1.40944E+16,5.14552E+16
123595,123596,14,6,27,310,2016,4,11,2,3,1,5,0,0,0,1,0,0,0,0,8.19184E+20,5.67786E+21,1.35658E+16,5.1163E+16
123596,123597,14,7,13,0,2016,4,20,7,3,5,3,1,0,0,1,0,0,0,0,7.37283E+20,5.69384E+21,1.24074E+16,5.13462E+16
123597,123598,14,6,25,250,2016,4,10,5,3,4,2,0,0,1,1,0,0,0,0,8.56244E+20,5.69289E+21,1.41087E+16,5.12757E+16
123598,123599,14,7,30,300,2016,4,17,4,3,5,3,0,1,1,1,0,0,0,0,7.42584E+20,5.69852E+21,1.24866E+16,5.1386E+16
123599,123600,14,6,26,110,2016,4,16,3,2,9,1,0,0,0,0,0,0,0,1,9.18922E+20,5.68589E+21,1.49945E+16,5.11705E+16
123600,123601,14,6,28,60,2016,4,8,6,1,6,4,0,0,0,0,1,0,1,0,8.28251E+20,5.64471E+21,1.36651E+16,5.08607E+16
123601,123602,14,7,29,410,2016,4,20,6,3,5,3,0,0,1,1,0,0,0,0,7.60411E+20,5.69765E+21,1.27416E+16,5.13703E+16
123602,123603,14,6,12,0,2016,4,12,6,3,2,6,0,0,0,1,0,0,0,0,8.28038E+20,5.66496E+21,1.36803E+16,5.10424E+16
123603,123604,14,7,13,0,2016,4,19,1,3,0,7,2,0,1,1,0,0,0,0,7.40376E+20,5.69445E+21,1.24522E+16,5.13504E+16
123604,123605,14,6,12,0,2016,4,16,3,3,2,2,0,0,0,1,0,0,0,0,8.34174E+20,5.6657E+21,1.37682E+16,5.10454E+16
123605,123606,14,6,27,60,2016,4,15,2,2,0,1,0,0,1,0,0,0,0,0,8.16338E+20,5.69247E+21,1.35381E+16,5.12955E+16
123606,123607,14,7,13,0,2016,4,8,6,3,5,3,0,0,1,1,0,0,0,0,7.30792E+20,5.69171E+21,1.2313E+16,5.13297E+16
123607,123608,14,6,12,0,2016,4,16,6,3,5,2,0,0,1,1,0,0,0,0,8.33451E+20,5.66894E+21,1.37609E+16,5.10748E+16
123608,123609,14,7,29,30,2016,4,8,2,2,0,3,0,0,1,1,0,0,0,0,7.58114E+20,5.69659E+21,1.27079E+16,5.13618E+16
123609,123610,14,6,12,0,2016,4,13,4,3,5,3,0,0,1,1,0,0,0,0,8.28535E+20,5.66674E+21,1.3689E+16,5.10579E+16
123610,123611,14,6,27,80,2016,4,7,5,3,8,1,0,0,0,1,0,0,0,0,8.08216E+20,5.67212E+21,1.34045E+16,5.11175E+16
123611,123612,14,6,12,0,2016,5,12,5,3,6,2,0,0,0,1,1,0,0,0,8.36625E+20,5.66649E+21,1.38038E+16,5.10511E+16
123612,123613,14,7,13,0,2016,5,16,2,3,4,6,0,0,1,1,0,0,0,0,7.34895E+20,5.69339E+21,1.23729E+16,5.13432E+16
123613,123614,14,5,11,0,2016,5,13,1,3,1,6,0,1,0,1,0,0,0,0,7.75402E+20,5.63448E+21,1.29083E+16,5.07965E+16
123614,123615,14,5,24,300,2016,5,15,1,3,5,3,0,0,0,1,0,0,0,0,7.38506E+20,5.62556E+21,1.238E+16,5.07328E+16
123615,123616,14,7,13,0,2016,5,16,5,2,1,5,0,0,1,1,0,0,0,0,7.33209E+20,5.69137E+21,1.23474E+16,5.13257E+16
123616,123617,14,7,13,0,2016,5,7,4,3,2,6,0,0,0,1,0,0,0,0,7.34181E+20,5.69492E+21,1.23637E+16,5.13572E+16
123617,123618,14,6,12,0,2016,5,17,4,3,2,6,0,0,0,1,0,0,0,0,8.39898E+20,5.66549E+21,1.38494E+16,5.10402E+16
123618,123619,14,7,13,0,2016,5,15,2,3,0,7,0,0,0,0,0,0,0,1,7.36418E+20,5.69469E+21,1.23956E+16,5.13542E+16
123619,123620,14,6,12,0,2016,5,16,3,3,1,5,0,0,1,1,0,0,0,0,8.32233E+20,5.66462E+21,1.37396E+16,5.10369E+16
123620,123621,14,6,12,0,2016,5,14,6,2,2,2,0,0,0,1,0,0,0,0,8.28797E+20,5.66585E+21,1.36919E+16,5.10498E+16
123621,123622,14,7,13,0,2016,5,14,2,3,5,3,0,0,1,1,0,0,0,0,7.34426E+20,5.69924E+21,1.237E+16,5.13959E+16
123622,123623,14,6,12,0,2016,5,10,7,3,5,3,0,0,1,1,0,0,0,0,8.38935E+20,5.66119E+21,1.38317E+16,5.10022E+16
123623,123624,14,7,13,0,2016,5,6,3,3,5,3,0,0,0,1,0,0,0,0,7.34819E+20,5.69632E+21,1.23737E+16,5.13695E+16
123624,123625,14,5,24,80,2016,5,23,6,2,2,6,2,0,1,0,0,0,0,0,7.49954E+20,5.63569E+21,1.25488E+16,5.08189E+16
123625,123626,14,7,13,0,2016,5,15,4,2,5,3,0,0,1,1,0,0,0,0,7.34877E+20,5.69449E+21,1.23734E+16,5.13531E+16
123626,123627,14,6,12,0,2016,5,16,6,2,6,4,0,0,0,1,1,0,0,0,8.29297E+20,5.67042E+21,1.37032E+16,5.10906E+16
123627,123628,14,7,13,0,2016,5,15,4,3,5,3,0,0,0,1,0,0,0,1,7.35263E+20,5.69522E+21,1.23794E+16,5.13594E+16
123628,123629,14,7,13,0,2016,5,16,5,3,0,7,0,0,1,0,0,0,0,1,7.36153E+20,5.69365E+21,1.23911E+16,5.1345E+16
123629,123630,14,7,13,0,2016,5,19,5,2,5,3,0,0,1,1,0,0,0,0,7.36652E+20,5.69273E+21,1.23976E+16,5.13365E+16
123630,123631,14,6,26,110,2016,5,15,4,2,0,6,0,1,0,0,0,1,0,1,9.16254E+20,5.68389E+21,1.49542E+16,5.11546E+16
123631,123632,14,5,24,330,2016,5,13,3,2,4,6,0,0,0,1,0,0,1,0,7.44186E+20,5.62101E+21,1.24573E+16,5.06896E+16
123632,123633,14,5,21,310,2016,5,6,5,3,5,3,0,0,1,1,0,0,0,0,7.72434E+20,5.6295E+21,1.28626E+16,5.07532E+16
123633,123634,14,6,12,0,2016,5,8,3,2,3,6,0,0,1,1,0,0,0,0,8.37332E+20,5.6669E+21,1.38142E+16,5.10543E+16
123634,123635,14,7,30,70,2016,5,12,5,3,6,4,0,0,0,1,1,0,0,0,7.31981E+20,5.71347E+21,1.23443E+16,5.15246E+16
123635,123636,14,7,13,0,2016,5,12,2,2,4,6,0,0,1,1,0,0,0,0,7.3325E+20,5.69169E+21,1.23482E+16,5.13286E+16
123636,123637,14,5,11,0,2016,5,9,7,3,0,7,0,0,0,1,0,0,0,0,7.74319E+20,5.63308E+21,1.2892E+16,5.07845E+16
123637,123638,14,7,13,0,2016,5,12,6,3,5,3,0,0,0,1,0,0,0,0,7.33099E+20,5.6963E+21,1.23491E+16,5.137E+16
123638,123639,14,6,25,40,2016,5,8,4,2,2,2,0,1,0,1,0,0,0,0,8.62724E+20,5.67645E+21,1.41846E+16,5.11244E+16
123639,123640,14,7,13,0,2016,5,18,5,3,5,3,0,0,0,1,0,1,0,0,7.41868E+20,5.69417E+21,1.24734E+16,5.13473E+16
123640,123641,14,6,25,640,2016,5,16,5,3,4,6,0,0,1,1,0,0,0,0,8.64668E+20,5.70621E+21,1.42426E+16,5.13896E+16
123641,123642,14,7,13,0,2016,5,7,4,3,6,4,0,0,0,1,1,0,0,0,7.36712E+20,5.68937E+21,1.23963E+16,5.13063E+16
123642,123643,14,7,29,260,2016,5,14,1,3,0,3,0,0,1,0,0,1,0,0,7.34228E+20,5.68736E+21,1.23594E+16,5.12893E+16
123643,123644,14,7,13,0,2016,5,21,5,2,6,4,2,0,0,1,1,0,0,0,7.36704E+20,5.69378E+21,1.23991E+16,5.13459E+16
123644,123645,14,7,13,0,2016,5,21,2,3,4,7,2,0,0,1,0,0,0,1,7.37976E+20,5.69094E+21,1.24154E+16,5.13199E+16
123645,123646,14,7,30,310,2016,5,7,4,3,4,2,0,0,1,1,0,0,0,0,7.76847E+20,5.71901E+21,1.29939E+16,5.15541E+16
123646,123647,14,6,26,490,2016,5,18,5,3,5,3,0,0,1,0,0,0,0,0,8.83552E+20,5.72428E+21,1.45323E+16,5.1539E+16
123647,123648,14,7,13,0,2016,5,14,3,3,2,2,0,0,0,1,0,0,0,0,7.30776E+20,5.69356E+21,1.2314E+16,5.13464E+16
123648,123649,14,7,13,0,2016,5,16,2,3,6,4,0,0,0,1,1,0,0,0,7.28096E+20,5.69035E+21,1.22735E+16,5.13186E+16
123649,123650,14,6,28,360,2016,5,16,4,3,5,3,0,0,1,0,0,0,0,1,8.70584E+20,5.66031E+21,1.428E+16,5.09748E+16
123650,123651,14,6,25,240,2016,5,8,2,3,5,3,0,0,1,1,0,0,0,0,8.65634E+20,5.71205E+21,1.42624E+16,5.14413E+16
123651,123652,14,7,13,0,2016,5,16,5,3,5,3,0,0,0,1,0,0,0,0,7.35271E+20,5.68958E+21,1.23758E+16,5.13089E+16
123652,123653,14,6,28,110,2016,5,17,5,3,5,3,0,1,1,1,0,0,0,0,8.26202E+20,5.65936E+21,1.36491E+16,5.09932E+16
123653,123654,14,7,13,0,2016,5,16,2,3,3,6,0,0,1,1,0,0,0,0,7.339E+20,5.69335E+21,1.23586E+16,5.13432E+16
123654,123655,14,7,13,0,2016,5,15,1,3,4,1,0,1,0,1,0,0,0,0,7.31084E+20,5.69646E+21,1.23203E+16,5.13723E+16
123655,123656,14,6,26,430,2016,5,4,1,3,9,1,1,0,0,1,0,0,0,0,9.04075E+20,5.64805E+21,1.47411E+16,5.08427E+16
123656,123657,14,6,26,120,2016,5,16,5,3,3,6,0,0,1,0,0,0,0,0,8.88573E+20,5.72551E+21,1.46057E+16,5.15465E+16
123657,123658,14,6,27,210,2016,5,8,2,3,5,3,0,0,0,0,0,0,1,1,8.26741E+20,5.67159E+21,1.36678E+16,5.11024E+16
123658,123659,14,6,28,210,2016,5,18,4,3,0,1,0,1,1,0,0,0,0,0,8.56931E+20,5.65314E+21,1.40792E+16,5.09192E+16
123659,123660,14,6,27,150,2016,5,13,4,3,5,3,0,0,0,1,0,0,0,0,8.25757E+20,5.67585E+21,1.36577E+16,5.11412E+16
123660,123661,14,6,25,240,2016,5,7,2,3,3,2,0,0,1,1,0,0,0,0,8.64701E+20,5.71185E+21,1.42489E+16,5.14401E+16
123661,123662,14,6,12,0,2016,5,7,4,3,5,3,0,0,0,1,0,0,0,1,8.34987E+20,5.66503E+21,1.37791E+16,5.10389E+16
123662,123663,14,7,13,0,2016,5,15,4,3,5,3,0,0,1,1,0,0,0,0,7.3636E+20,5.69886E+21,1.23975E+16,5.13917E+16
123663,123664,14,6,12,0,2016,5,8,5,3,5,2,0,0,1,1,0,0,0,0,8.3442E+20,5.66588E+21,1.37718E+16,5.10469E+16
123664,123665,14,6,27,210,2016,5,14,2,3,5,3,0,0,1,1,0,0,0,0,8.26701E+20,5.67098E+21,1.36667E+16,5.10971E+16
123665,123666,14,5,11,0,2016,5,11,7,2,2,2,0,0,0,1,0,1,0,0,7.69669E+20,5.64148E+21,1.28323E+16,5.0862E+16
123666,123667,14,7,13,0,2016,5,14,7,3,1,5,0,0,1,1,0,0,0,0,7.345E+20,5.69106E+21,1.23657E+16,5.13224E+16
123667,123668,14,6,28,270,2016,5,14,1,2,3,6,0,0,1,0,0,0,0,0,8.46407E+20,5.65787E+21,1.39346E+16,5.0968E+16
123668,123669,14,6,25,240,2016,5,19,5,3,3,6,0,0,1,1,0,0,0,0,8.63424E+20,5.71155E+21,1.42303E+16,5.14383E+16
123669,123670,14,5,23,260,2016,5,7,3,3,6,6,0,0,0,1,1,0,0,0,7.29739E+20,5.61199E+21,1.22476E+16,5.06145E+16
123670,123671,14,5,21,550,2016,5,18,4,3,5,3,0,0,1,0,0,0,0,0,7.67849E+20,5.60757E+21,1.27819E+16,5.05586E+16
123671,123672,14,6,12,0,2016,5,14,5,3,5,3,0,0,1,1,0,0,0,0,8.35445E+20,5.66473E+21,1.37854E+16,5.1036E+16
123672,123673,14,6,12,0,2016,5,9,3,3,5,3,0,0,1,1,0,0,0,0,8.36727E+20,5.66415E+21,1.3803E+16,5.10301E+16
123673,123674,14,5,11,0,2016,5,11,6,3,2,6,0,0,0,1,0,0,0,0,7.77291E+20,5.63983E+21,1.29391E+16,5.08436E+16
123674,123675,14,6,12,0,2016,5,16,2,2,4,2,0,0,1,1,0,0,0,0,8.3E+20,5.66562E+21,1.37088E+16,5.10471E+16
123675,123676,14,5,23,270,2016,5,15,6,3,5,2,0,0,0,1,0,0,0,0,7.27247E+20,5.59929E+21,1.22046E+16,5.05015E+16
123676,123677,14,7,29,50,2016,5,10,3,3,5,2,0,0,1,1,0,0,0,0,7.44279E+20,5.66986E+21,1.24913E+16,5.1128E+16
123677,123678,14,6,12,0,2016,5,8,3,3,5,3,0,0,0,1,0,0,0,1,8.35054E+20,5.66663E+21,1.37816E+16,5.10533E+16
123678,123679,14,6,12,0,2016,5,8,6,3,0,1,0,0,0,0,0,1,0,0,8.35713E+20,5.66232E+21,1.37869E+16,5.10142E+16
123679,123680,14,6,12,0,2016,5,8,2,3,0,7,0,0,1,1,0,0,0,0,8.31833E+20,5.6648E+21,1.37341E+16,5.10387E+16
123680,123681,14,5,23,320,2016,5,21,6,3,8,2,1,0,1,1,0,0,0,0,7.24795E+20,5.59925E+21,1.21701E+16,5.0502E+16
123681,123682,14,7,29,260,2016,5,6,3,3,4,2,0,0,1,1,0,0,0,0,7.347E+20,5.68696E+21,1.23659E+16,5.12855E+16
123682,123683,14,5,22,180,2016,5,19,7,3,1,7,0,0,0,1,0,0,0,1,8.04529E+20,5.64721E+21,1.33311E+16,5.08961E+16
123683,123684,14,6,26,240,2016,5,17,5,2,8,1,0,0,0,0,0,0,0,1,9.08424E+20,5.68708E+21,1.48464E+16,5.11888E+16
123684,123685,14,6,28,160,2016,5,17,6,3,1,1,0,1,1,1,0,0,0,0,8.41843E+20,5.65884E+21,1.38707E+16,5.09795E+16
123685,123686,14,7,13,0,2016,5,11,3,3,5,3,0,0,0,1,0,0,0,0,7.35884E+20,5.6926E+21,1.23865E+16,5.13357E+16
123686,123687,14,5,22,140,2016,5,11,5,3,5,3,0,0,0,1,0,0,0,0,7.87583E+20,5.6405E+21,1.30855E+16,5.08446E+16
123687,123688,14,6,12,0,2016,5,18,3,3,6,7,0,0,0,1,1,0,0,0,8.3469E+20,5.66433E+21,1.37742E+16,5.10328E+16
123688,123689,14,7,13,0,2016,5,6,3,3,5,3,0,0,1,1,0,0,0,0,7.31597E+20,5.6907E+21,1.23239E+16,5.13204E+16
123689,123690,14,6,12,0,2016,5,17,2,3,6,2,0,0,0,1,1,0,0,0,8.36653E+20,5.66332E+21,1.38012E+16,5.10227E+16
123690,123691,14,5,24,180,2016,5,11,6,3,3,2,0,0,1,1,0,0,0,0,7.65463E+20,5.64071E+21,1.27721E+16,5.0857E+16
123691,123692,14,7,13,0,2016,5,20,6,2,5,3,0,0,1,1,0,0,0,0,7.34794E+20,5.69248E+21,1.23709E+16,5.1335E+16
123692,123693,14,7,29,70,2016,5,19,3,3,5,3,0,0,1,1,0,0,0,0,7.48253E+20,5.69149E+21,1.2563E+16,5.13205E+16
123693,123694,14,6,25,40,2016,5,10,2,3,6,4,0,0,0,1,1,0,0,0,8.62427E+20,5.67788E+21,1.41818E+16,5.11374E+16
123694,123695,14,7,13,0,2016,5,10,5,3,5,3,0,0,1,1,0,0,0,0,7.35332E+20,5.69219E+21,1.23784E+16,5.13322E+16
123695,123696,14,7,30,190,2016,5,6,6,2,8,1,0,0,0,1,0,0,0,0,7.67719E+20,5.71254E+21,1.28576E+16,5.15005E+16
123696,123697,14,7,13,0,2016,5,7,3,3,5,2,0,0,1,1,0,0,0,0,7.31454E+20,5.68845E+21,1.23204E+16,5.13003E+16
123697,123698,14,5,11,0,2016,5,7,6,3,5,3,0,0,1,1,0,0,0,0,7.77395E+20,5.64013E+21,1.29408E+16,5.08463E+16
123698,123699,14,7,13,0,2016,5,17,3,3,6,6,0,0,0,1,1,0,0,0,7.39336E+20,5.69591E+21,1.24382E+16,5.1364E+16
123699,123700,14,7,13,0,2016,5,14,5,3,5,3,0,0,1,0,0,0,0,1,7.34445E+20,5.69213E+21,1.23656E+16,5.13321E+16
123700,123701,14,7,29,250,2016,5,16,4,3,6,4,0,0,0,1,1,0,0,0,7.48752E+20,5.69548E+21,1.25729E+16,5.1356E+16
123701,123702,14,6,12,0,2016,5,17,1,2,5,3,0,0,0,1,0,1,0,0,8.32703E+20,5.66483E+21,1.37465E+16,5.10385E+16
123702,123703,14,6,25,480,2016,5,21,5,2,6,6,2,0,0,1,1,0,0,0,8.44418E+20,5.67413E+21,1.39218E+16,5.11149E+16
123703,123704,14,6,12,0,2016,5,19,2,3,1,5,0,0,1,1,0,0,0,0,8.37312E+20,5.66683E+21,1.38138E+16,5.10537E+16
123704,123705,14,7,13,0,2016,5,21,3,3,1,1,2,0,0,1,0,0,0,0,7.32249E+20,5.69652E+21,1.2337E+16,5.13724E+16
123705,123706,14,6,28,160,2016,5,9,2,3,5,2,0,0,1,1,0,0,0,0,8.411E+20,5.65887E+21,1.38602E+16,5.09801E+16
123706,123707,14,7,13,0,2016,5,21,5,3,5,3,1,0,0,1,0,1,0,0,7.37385E+20,5.69686E+21,1.24109E+16,5.13733E+16
123707,123708,14,6,12,0,2016,5,15,5,3,2,6,0,0,1,0,0,0,1,0,8.3016E+20,5.66242E+21,1.37081E+16,5.10184E+16
123708,123709,14,5,22,260,2016,5,7,2,3,2,2,0,0,0,1,0,0,1,1,7.66984E+20,5.64489E+21,1.27968E+16,5.08939E+16
123709,123710,14,5,11,0,2016,5,17,1,3,2,6,0,1,0,1,0,0,0,0,7.77519E+20,5.63799E+21,1.2941E+16,5.0827E+16
123710,123711,14,5,21,530,2016,5,11,1,3,2,6,0,0,1,0,0,1,0,0,7.55946E+20,5.61031E+21,1.26161E+16,5.05885E+16
123711,123712,14,6,28,270,2016,5,16,5,3,5,3,0,1,1,1,0,0,0,0,8.46395E+20,5.65719E+21,1.39338E+16,5.0962E+16
123712,123713,14,7,13,0,2016,5,16,4,3,5,3,0,0,1,1,0,0,0,0,7.38189E+20,5.69241E+21,1.24195E+16,5.1333E+16
123713,123714,14,7,13,0,2016,5,10,1,3,8,1,0,1,0,1,0,0,0,0,7.30025E+20,5.69008E+21,1.2301E+16,5.13155E+16
123714,123715,14,5,11,0,2016,5,17,1,3,6,2,0,0,0,1,1,0,0,0,7.69478E+20,5.63769E+21,1.28268E+16,5.08281E+16
123715,123716,14,6,28,260,2016,5,9,5,3,0,1,0,0,0,0,0,1,0,0,8.66417E+20,5.66902E+21,1.42296E+16,5.10555E+16
123716,123717,14,5,22,250,2016,5,17,2,3,5,3,0,0,0,1,0,0,0,0,7.78376E+20,5.66778E+21,1.29759E+16,5.10939E+16
123717,123718,14,7,13,0,2016,5,16,3,3,6,4,0,0,0,1,1,0,0,0,7.38939E+20,5.68821E+21,1.24274E+16,5.1295E+16