FID,OBJECTID,ULAND,UREGBEZ,UKREIS,UGEMEINDE,UJAHR,UMONAT,USTUNDE,UWOCHENTAG,UKATEGORIE,UART,UTYP1,ULICHTVERH,IstStrasse,IstRad,IstPKW,IstFuss,IstKrad,IstGkfz,IstSonstig,LINREFX,LINREFY,XGCSWGS84,YGCSWGS84
123718,123719,14,6,26,110,2016,5,11,4,3,8,7,0,1,1,0,0,0,0,1,9.16575E+20,5.68732E+21,1.49627E+16,5.11851E+16
123719,123720,14,6,12,0,2016,5,7,2,3,2,6,0,0,1,1,0,0,0,0,8.33557E+20,5.66819E+21,1.37617E+16,5.10681E+16
123720,123721,14,6,12,0,2016,5,7,3,3,1,5,0,0,1,1,0,0,0,0,8.32127E+20,5.66609E+21,1.37394E+16,5.10501E+16
123721,123722,14,5,21,110,2016,5,9,2,2,6,6,0,0,0,1,1,0,0,0,7.69988E+20,5.59781E+21,1.2805E+16,5.047E+16
123722,123723,14,5,23,430,2016,5,19,6,2,4,6,0,0,1,1,0,0,0,0,7.32928E+20,5.60417E+21,1.22877E+16,5.05431E+16
123723,123724,14,7,13,0,2016,5,12,3,2,5,3,0,0,1,1,0,0,0,0,7.37298E+20,5.69538E+21,1.24087E+16,5.136E+16
123724,123725,14,6,12,0,2016,5,13,7,3,9,5,0,0,1,1,0,0,0,0,8.33331E+20,5.66779E+21,1.37581E+16,5.10647E+16
123725,123726,14,5,11,0,2016,5,6,1,3,8,7,0,0,0,1,0,0,0,0,7.73914E+20,5.63383E+21,1.28868E+16,5.07914E+16
123726,123727,14,6,27,40,2016,5,16,5,3,1,1,0,0,1,1,0,0,0,0,8.05093E+20,5.69456E+21,1.33791E+16,5.13203E+16
123727,123728,14,7,13,0,2016,5,9,3,2,2,6,0,0,0,1,0,1,0,0,7.35093E+20,5.69204E+21,1.23749E+16,5.1331E+16
123728,123729,14,5,23,320,2016,5,10,3,2,9,7,0,0,0,1,0,0,0,0,7.19224E+20,5.59841E+21,1.20912E+16,5.04965E+16
123729,123730,14,6,28,270,2016,5,18,5,3,0,1,0,0,1,1,0,0,0,0,8.47187E+20,5.65739E+21,1.39452E+16,5.09632E+16
123730,123731,14,5,22,360,2016,5,15,2,3,6,4,0,0,0,1,1,0,0,0,7.78451E+20,5.65588E+21,1.29678E+16,5.0987E+16
123731,123732,14,7,13,0,2016,5,9,3,3,5,3,0,0,0,1,0,0,0,0,7.35279E+20,5.6909E+21,1.23768E+16,5.13207E+16
123732,123733,14,6,12,0,2016,5,6,4,3,5,3,0,0,1,1,0,0,0,0,8.28217E+20,5.66498E+21,1.36828E+16,5.10424E+16
123733,123734,14,6,12,0,2016,5,16,2,3,0,1,0,0,1,0,0,0,0,0,8.3347E+20,5.66822E+21,1.37605E+16,5.10684E+16
123734,123735,14,5,11,0,2016,5,11,3,3,1,6,0,0,0,1,0,0,0,0,7.78479E+20,5.63848E+21,1.29549E+16,5.0831E+16
123735,123736,14,6,12,0,2016,5,9,6,3,3,6,0,0,0,1,0,1,0,0,8.32622E+20,5.66488E+21,1.37454E+16,5.10389E+16
123736,123737,14,5,11,0,2016,5,8,2,3,0,3,0,0,1,1,0,0,0,0,7.72878E+20,5.63937E+21,1.28762E+16,5.08416E+16
123737,123738,14,5,24,330,2016,5,17,6,2,5,3,0,0,1,1,0,0,0,0,7.44118E+20,5.62326E+21,1.24579E+16,5.07098E+16
123738,123739,14,7,13,0,2016,5,18,3,3,6,4,0,0,0,1,1,0,0,0,7.36641E+20,5.68839E+21,1.23946E+16,5.12975E+16
123739,123740,14,5,23,10,2016,5,13,6,3,8,1,0,0,0,1,0,0,0,0,7.31692E+20,5.58013E+21,1.22554E+16,5.03277E+16
123740,123741,14,7,13,0,2016,5,13,3,2,6,4,0,0,0,1,1,0,0,0,7.37512E+20,5.69707E+21,1.24129E+16,5.13751E+16
123741,123742,14,6,12,0,2016,5,7,6,3,2,6,0,0,0,1,0,0,1,0,8.3552E+20,5.66393E+21,1.37857E+16,5.10288E+16
123742,123743,14,7,13,0,2016,5,22,3,3,5,3,2,1,0,1,0,0,0,1,7.3992E+20,5.69396E+21,1.24453E+16,5.13462E+16
123743,123744,14,7,13,0,2016,5,8,5,3,5,3,0,0,1,1,0,0,0,0,7.34905E+20,5.69375E+21,1.23733E+16,5.13464E+16
123744,123745,14,5,24,80,2016,5,7,4,2,5,3,0,0,1,1,0,0,0,0,7.50183E+20,5.63656E+21,1.25526E+16,5.08266E+16
123745,123746,14,5,22,570,2016,5,7,5,3,1,7,0,0,0,1,0,1,0,0,7.80178E+20,5.66632E+21,1.30004E+16,5.10799E+16
123746,123747,14,5,22,180,2016,5,18,3,2,5,3,0,0,1,1,0,0,0,0,8.04654E+20,5.64892E+21,1.33343E+16,5.09113E+16
123747,123748,14,5,24,330,2016,5,11,5,2,8,7,0,0,0,1,0,0,0,0,7.45795E+20,5.62186E+21,1.24806E+16,5.06965E+16
123748,123749,14,5,24,30,2016,5,10,1,3,1,3,0,0,1,1,0,0,0,0,7.38859E+20,5.63402E+21,1.23905E+16,5.08086E+16
123749,123750,14,7,29,260,2016,5,16,6,3,5,3,0,0,1,1,0,0,0,0,7.34387E+20,5.68533E+21,1.23603E+16,5.1271E+16
123750,123751,14,7,13,0,2016,5,8,6,3,5,3,0,0,1,1,0,0,0,0,7.34464E+20,5.69119E+21,1.23653E+16,5.13236E+16
123751,123752,14,6,25,240,2016,5,17,3,3,5,3,0,0,1,1,0,0,0,0,8.6529E+20,5.71174E+21,1.42572E+16,5.14387E+16
123752,123753,14,5,21,470,2016,5,14,6,1,6,4,0,0,0,1,1,0,0,0,8.07992E+20,5.62463E+21,1.33613E+16,5.06918E+16
123753,123754,14,7,29,30,2016,5,6,5,2,5,3,0,0,1,1,0,0,0,0,7.57887E+20,5.69547E+21,1.27038E+16,5.13519E+16
123754,123755,14,7,13,0,2016,5,14,4,3,5,3,0,0,1,1,0,0,0,0,7.35037E+20,5.69157E+21,1.23737E+16,5.13268E+16
123755,123756,14,7,30,70,2016,5,9,7,2,5,3,0,0,1,1,0,0,0,0,7.32507E+20,5.71345E+21,1.23518E+16,5.15242E+16
123756,123757,14,6,12,0,2016,5,17,5,2,9,1,0,0,1,0,0,0,0,0,8.28885E+20,5.67136E+21,1.36981E+16,5.10992E+16
123757,123758,14,7,13,0,2016,5,17,1,3,2,6,0,0,1,0,0,0,0,1,7.38672E+20,5.69099E+21,1.24254E+16,5.13201E+16
123758,123759,14,6,26,110,2016,5,16,3,2,3,7,0,0,0,1,0,0,0,0,9.18129E+20,5.68367E+21,1.49806E+16,5.11512E+16
123759,123760,14,7,13,0,2016,5,9,4,3,2,6,0,0,0,1,0,0,0,0,7.34047E+20,5.69525E+21,1.2362E+16,5.13602E+16
123760,123761,14,6,27,310,2016,5,18,5,2,9,1,0,0,0,0,0,1,0,0,8.18629E+20,5.67742E+21,1.35575E+16,5.11593E+16
123761,123762,14,7,13,0,2016,5,17,1,3,5,3,0,0,1,1,0,0,0,0,7.34819E+20,5.6941E+21,1.23723E+16,5.13496E+16
123762,123763,14,6,25,20,2016,5,6,3,2,5,3,0,0,0,1,0,0,1,0,8.79473E+20,5.68313E+21,1.44299E+16,5.11733E+16
123763,123764,14,6,12,0,2016,5,17,2,3,6,6,0,0,1,0,1,0,0,0,8.33516E+20,5.66657E+21,1.37596E+16,5.10536E+16
123764,123765,14,7,13,0,2016,5,17,5,2,6,4,0,0,0,1,1,0,0,0,7.34282E+20,5.69552E+21,1.23655E+16,5.13625E+16
123765,123766,14,6,28,410,2016,5,19,5,3,0,3,0,0,1,1,0,0,0,0,8.1737E+20,5.6654E+21,1.3529E+16,5.10523E+16
123766,123767,14,7,13,0,2016,5,17,4,3,0,4,0,0,0,1,1,0,0,0,7.33984E+20,5.69509E+21,1.2361E+16,5.13588E+16
123767,123768,14,6,26,110,2016,5,17,1,3,2,6,0,0,0,1,0,0,0,0,9.18266E+20,5.68315E+21,1.4982E+16,5.11465E+16
123768,123769,14,7,29,30,2016,5,5,1,2,8,1,0,0,0,1,0,0,0,0,7.54149E+20,5.69495E+21,1.26499E+16,5.13489E+16
123769,123770,14,7,13,0,2016,5,17,7,3,2,6,0,0,0,1,0,0,0,0,7.36998E+20,5.69575E+21,1.24046E+16,5.13635E+16
123770,123771,14,6,12,0,2016,5,16,5,2,5,3,0,0,1,0,0,1,0,0,8.28534E+20,5.66674E+21,1.36889E+16,5.1058E+16
123771,123772,14,6,27,20,2016,5,6,1,3,8,1,0,0,0,1,0,0,0,0,8.10868E+20,5.68118E+21,1.34501E+16,5.11972E+16
123772,123773,14,6,12,0,2016,5,18,5,3,5,3,0,0,1,1,0,0,0,0,8.27563E+20,5.66502E+21,1.36736E+16,5.10431E+16
123773,123774,14,6,28,110,2016,5,10,3,3,5,3,0,0,0,1,0,0,0,0,8.26988E+20,5.66186E+21,1.36626E+16,5.10151E+16
123774,123775,14,6,25,20,2016,5,16,4,3,6,4,0,0,1,0,1,0,0,0,8.80541E+20,5.6853E+21,1.44474E+16,5.1192E+16
123775,123776,14,6,12,0,2016,5,13,2,3,0,1,0,0,1,0,0,0,0,0,8.32192E+20,5.66607E+21,1.37404E+16,5.10499E+16
123776,123777,14,5,21,380,2016,5,11,3,2,6,4,0,0,0,1,1,0,0,0,7.64432E+20,5.62795E+21,1.27483E+16,5.0743E+16
123777,123778,14,6,12,0,2016,5,7,5,3,5,3,0,0,1,1,0,0,0,0,8.34669E+20,5.66635E+21,1.37758E+16,5.10509E+16
123778,123779,14,6,28,110,2016,5,12,1,2,9,1,0,0,1,0,0,0,0,0,8.26532E+20,5.65926E+21,1.36537E+16,5.09921E+16
123779,123780,14,7,13,0,2016,5,13,6,2,5,3,0,0,0,1,0,0,0,0,7.38138E+20,5.69052E+21,1.24175E+16,5.13161E+16
123780,123781,14,5,23,260,2016,5,15,7,3,5,3,0,0,1,1,0,0,0,0,7.29428E+20,5.61249E+21,1.22435E+16,5.06191E+16
123781,123782,14,7,13,0,2016,5,18,7,2,4,2,0,0,0,1,0,1,0,0,7.36968E+20,5.6927E+21,1.24022E+16,5.13361E+16
123782,123783,14,6,12,0,2016,5,12,5,3,5,2,0,0,0,1,0,0,0,0,8.3185E+20,5.66453E+21,1.37341E+16,5.10363E+16
123783,123784,14,6,12,0,2016,5,14,3,3,6,4,0,0,0,1,1,0,0,0,8.3351E+20,5.66419E+21,1.37574E+16,5.10323E+16
123784,123785,14,6,12,0,2016,5,16,4,3,5,3,0,0,1,1,0,0,0,0,8.31418E+20,5.66635E+21,1.37296E+16,5.10528E+16
123785,123786,14,5,22,360,2016,5,19,2,3,0,7,0,0,1,0,0,0,0,0,7.79321E+20,5.6556E+21,1.298E+16,5.09841E+16
123786,123787,14,5,24,30,2016,5,11,2,3,5,3,0,0,0,1,0,0,0,0,7.38769E+20,5.6345E+21,1.23895E+16,5.08129E+16
123787,123788,14,5,21,370,2016,5,16,6,2,5,3,0,0,0,1,0,1,0,0,7.63465E+20,5.61349E+21,1.27244E+16,5.06137E+16
123788,123789,14,6,12,0,2016,5,15,1,3,4,2,0,0,1,0,0,0,0,0,8.25126E+20,5.67042E+21,1.36438E+16,5.10929E+16
123789,123790,14,7,29,250,2016,5,17,6,2,4,6,0,0,0,1,0,0,0,0,7.51527E+20,5.69635E+21,1.26133E+16,5.13626E+16
123790,123791,14,6,26,290,2016,5,8,3,3,5,3,0,0,0,1,0,0,0,0,8.96566E+20,5.67612E+21,1.46656E+16,5.1099E+16
123791,123792,14,7,30,30,2016,5,7,6,2,5,3,0,0,1,1,0,0,0,0,7.75538E+20,5.72935E+21,1.29832E+16,5.16475E+16
123792,123793,14,6,12,0,2016,5,20,3,2,0,1,0,0,1,0,0,0,0,0,8.36883E+20,5.66553E+21,1.38065E+16,5.10423E+16
123793,123794,14,6,12,0,2016,5,10,6,3,1,5,0,0,1,1,0,0,0,0,8.28073E+20,5.66552E+21,1.36813E+16,5.10473E+16
123794,123795,14,6,12,0,2016,5,20,6,3,5,3,1,0,0,1,0,1,0,0,8.31002E+20,5.66968E+21,1.37267E+16,5.10829E+16
123795,123796,14,6,12,0,2016,5,12,1,3,6,4,0,0,1,0,1,0,0,0,8.40937E+20,5.66209E+21,1.38609E+16,5.10091E+16
123796,123797,14,7,13,0,2016,5,11,6,3,3,7,0,0,1,1,0,0,0,0,7.32492E+20,5.69405E+21,1.23389E+16,5.13501E+16
123797,123798,14,6,27,230,2016,5,18,3,3,2,2,0,0,1,1,0,0,0,0,7.96776E+20,5.69205E+21,1.3258E+16,5.13022E+16
123798,123799,14,5,11,0,2016,5,10,7,3,2,6,0,0,0,1,0,0,0,0,7.74977E+20,5.63773E+21,1.29048E+16,5.08258E+16
123799,123800,14,6,12,0,2016,5,11,5,3,1,5,0,0,0,1,0,0,0,0,8.39028E+20,5.66328E+21,1.38349E+16,5.10209E+16
123800,123801,14,7,13,0,2016,5,11,6,3,5,2,0,0,1,1,0,0,0,0,7.34568E+20,5.69526E+21,1.23694E+16,5.13601E+16
123801,123802,14,6,12,0,2016,5,8,3,3,5,2,0,0,1,0,0,0,0,1,8.34753E+20,5.66697E+21,1.37776E+16,5.10565E+16
123802,123803,14,7,13,0,2016,5,11,3,3,2,6,0,0,0,1,0,1,0,0,7.35766E+20,5.69289E+21,1.2385E+16,5.13383E+16
123803,123804,14,5,11,0,2016,5,17,5,3,6,2,0,0,0,1,1,0,0,0,7.74477E+20,5.63934E+21,1.28989E+16,5.08405E+16
123804,123805,14,7,13,0,2016,5,16,2,3,5,3,0,0,1,1,0,0,0,0,7.35465E+20,5.69182E+21,1.238E+16,5.13289E+16
123805,123806,14,5,21,160,2016,5,15,1,3,0,1,0,0,1,0,0,0,0,0,7.80111E+20,5.6175E+21,1.29621E+16,5.0642E+16
123806,123807,14,7,13,0,2016,5,18,6,3,5,2,0,0,1,1,0,0,0,0,7.32396E+20,5.69203E+21,1.23362E+16,5.1332E+16
123807,123808,14,7,13,0,2016,5,7,6,3,4,2,0,0,1,1,0,0,0,0,7.36081E+20,5.69263E+21,1.23894E+16,5.13358E+16
123808,123809,14,6,12,0,2016,5,14,3,2,6,4,0,0,0,1,1,0,0,0,8.28454E+20,5.66668E+21,1.36877E+16,5.10575E+16
123809,123810,14,7,13,0,2016,5,13,5,3,2,6,0,0,0,1,0,0,0,0,7.35803E+20,5.69215E+21,1.23851E+16,5.13317E+16
123810,123811,14,6,27,230,2016,5,9,5,3,5,3,0,0,1,1,0,0,0,0,7.97363E+20,5.69172E+21,1.32661E+16,5.12989E+16
123811,123812,14,7,13,0,2016,5,11,4,3,5,3,0,0,0,1,0,0,0,1,7.37986E+20,5.69057E+21,1.24153E+16,5.13166E+16
123812,123813,14,6,12,0,2016,5,16,3,3,5,2,0,0,0,1,0,1,0,0,8.3692E+20,5.66498E+21,1.38066E+16,5.10374E+16
123813,123814,14,7,13,0,2016,5,15,5,3,5,3,0,0,0,1,0,0,0,0,7.31813E+20,5.68925E+21,1.2326E+16,5.13073E+16
123814,123815,14,7,29,160,2016,5,20,4,3,5,3,0,0,1,1,0,0,0,0,7.5917E+20,5.6826E+21,1.27129E+16,5.12358E+16
123815,123816,14,7,13,0,2016,5,22,2,3,0,5,2,0,1,1,0,0,0,0,7.3688E+20,5.69305E+21,1.24011E+16,5.13393E+16
123816,123817,14,7,13,0,2016,5,12,7,3,6,4,0,0,0,1,1,1,0,0,7.3246E+20,5.69174E+21,1.23369E+16,5.13294E+16
123817,123818,14,5,21,590,2016,5,16,5,3,5,3,0,0,0,1,0,1,0,0,7.65913E+20,5.62459E+21,1.27669E+16,5.07122E+16
123818,123819,14,5,11,0,2016,5,14,1,3,5,2,0,0,0,1,0,1,0,0,7.69675E+20,5.63591E+21,1.28283E+16,5.08121E+16
123819,123820,14,5,21,310,2016,5,16,3,3,5,3,0,0,0,1,0,0,0,0,7.72192E+20,5.62952E+21,1.28592E+16,5.07535E+16
123820,123821,14,5,21,355,2016,5,22,2,3,6,7,2,0,0,1,1,0,0,0,7.63959E+20,5.60826E+21,1.27276E+16,5.05665E+16
123821,123822,14,7,13,0,2016,5,18,5,3,5,3,0,0,1,1,0,0,0,0,7.36072E+20,5.68967E+21,1.23873E+16,5.13093E+16
123822,123823,14,6,12,0,2016,5,9,5,3,0,3,0,0,0,1,0,1,0,0,8.31363E+20,5.66416E+21,1.37268E+16,5.10333E+16
123823,123824,14,5,23,340,2016,4,11,7,3,4,7,0,0,1,1,0,0,0,0,7.32086E+20,5.61275E+21,1.22812E+16,5.06204E+16
123824,123825,14,6,27,140,2016,5,17,1,3,5,3,0,1,1,1,0,0,0,0,8.13046E+20,5.67829E+21,1.34786E+16,5.11702E+16
123825,123826,14,6,25,240,2016,5,9,7,2,5,3,0,0,1,1,0,0,0,0,8.65602E+20,5.71202E+21,1.42619E+16,5.1441E+16
123826,123827,14,5,24,330,2016,5,7,4,3,5,3,0,1,0,1,0,0,0,1,7.46249E+20,5.62438E+21,1.24887E+16,5.0719E+16
123827,123828,14,7,30,20,2016,4,9,7,3,0,4,0,0,0,0,1,1,0,0,7.48251E+20,5.7224E+21,1.25847E+16,5.15979E+16
123828,123829,14,7,13,0,2016,5,6,1,2,1,5,0,1,1,1,0,0,0,0,7.35787E+20,5.69321E+21,1.23856E+16,5.13412E+16
123829,123830,14,6,25,40,2016,5,14,7,3,8,7,0,0,1,0,0,0,0,0,8.64113E+20,5.6762E+21,1.42041E+16,5.11213E+16
123830,123831,14,5,24,300,2016,5,14,4,3,5,3,0,0,1,1,0,0,0,0,7.38246E+20,5.62568E+21,1.23764E+16,5.0734E+16
123831,123832,14,7,13,0,2016,4,13,7,3,3,5,0,0,1,1,0,0,0,0,7.36069E+20,5.69173E+21,1.23886E+16,5.13277E+16
123832,123833,14,5,22,180,2016,5,11,3,3,2,7,0,0,0,1,0,1,0,0,8.03528E+20,5.64841E+21,1.33179E+16,5.09074E+16
123833,123834,14,7,13,0,2016,5,6,4,2,6,4,0,0,0,1,1,0,0,0,7.39933E+20,5.69406E+21,1.24455E+16,5.13471E+16
123834,123835,14,5,11,0,2016,5,17,2,3,5,3,0,0,0,1,0,0,0,0,7.73251E+20,5.63594E+21,1.2879E+16,5.08106E+16
123835,123836,14,6,12,0,2016,5,12,5,3,0,7,0,0,1,0,0,0,1,0,8.33939E+20,5.6669E+21,1.3766E+16,5.10563E+16
123836,123837,14,7,29,260,2016,4,11,7,3,5,3,0,0,1,1,0,0,0,0,7.34008E+20,5.68505E+21,1.23547E+16,5.12687E+16
123837,123838,14,7,13,0,2016,5,21,6,2,5,2,1,0,1,1,0,0,0,0,7.35604E+20,5.6971E+21,1.23855E+16,5.13761E+16
123838,123839,14,6,28,270,2016,5,12,7,2,0,1,0,0,1,0,0,0,0,0,8.47531E+20,5.66223E+21,1.39547E+16,5.10064E+16
123839,123840,14,6,27,210,2016,5,18,7,3,6,7,0,0,0,1,1,0,0,0,8.26977E+20,5.67174E+21,1.36713E+16,5.11037E+16
123840,123841,14,5,24,80,2016,5,20,4,2,8,7,2,0,0,1,0,0,0,0,7.49423E+20,5.63632E+21,1.25417E+16,5.08247E+16
123841,123842,14,5,11,0,2016,5,22,3,2,0,1,2,0,0,0,0,1,0,0,7.75056E+20,5.63525E+21,1.2904E+16,5.08036E+16
123842,123843,14,5,11,0,2016,5,15,4,3,2,6,0,0,0,1,0,0,0,1,7.76824E+20,5.64007E+21,1.29327E+16,5.0846E+16
123843,123844,14,6,12,0,2016,5,8,5,3,5,3,0,0,1,1,0,0,0,0,8.28569E+20,5.66551E+21,1.36883E+16,5.10469E+16
123844,123845,14,7,29,260,2016,5,17,2,3,4,6,0,0,1,0,1,0,0,0,7.39184E+20,5.68393E+21,1.2428E+16,5.12565E+16
123845,123846,14,5,11,0,2016,5,11,3,2,5,3,0,0,0,1,0,0,0,1,7.67112E+20,5.63613E+21,1.27922E+16,5.08152E+16
123846,123847,14,6,27,60,2016,5,11,4,2,5,3,0,0,1,1,0,0,0,0,8.15636E+20,5.692E+21,1.35277E+16,5.12917E+16
123847,123848,14,5,11,0,2016,5,7,2,3,2,6,0,0,0,1,0,0,0,0,7.72015E+20,5.63565E+21,1.28613E+16,5.08086E+16
123848,123849,14,7,29,430,2016,5,15,2,2,8,1,0,0,0,1,0,0,0,0,7.32597E+20,5.68056E+21,1.23316E+16,5.12289E+16
123849,123850,14,6,12,0,2016,5,20,6,2,5,3,2,0,0,1,0,0,0,0,8.35027E+20,5.66421E+21,1.37789E+16,5.10316E+16
123850,123851,14,7,13,0,2016,4,22,7,3,6,2,2,0,0,1,1,0,0,0,7.37786E+20,5.69145E+21,1.2413E+16,5.13245E+16
123851,123852,14,6,28,160,2016,5,8,6,2,8,7,0,0,0,0,0,1,0,0,8.42276E+20,5.65752E+21,1.38756E+16,5.09673E+16
123852,123853,14,6,12,0,2016,5,16,3,3,1,5,0,0,1,1,0,0,0,0,8.29332E+20,5.66863E+21,1.3702E+16,5.10745E+16
123853,123854,14,5,24,330,2016,5,8,6,3,0,7,0,0,0,0,0,0,0,1,7.46295E+20,5.62449E+21,1.24895E+16,5.072E+16
123854,123855,14,6,27,220,2016,5,16,6,2,6,4,0,1,0,1,1,0,0,0,8.29943E+20,5.68366E+21,1.37245E+16,5.12088E+16
123855,123856,14,5,24,330,2016,5,18,2,3,5,3,0,0,1,1,0,0,0,0,7.43811E+20,5.62442E+21,1.24543E+16,5.07203E+16
123856,123857,14,7,13,0,2016,5,17,3,3,5,3,0,0,1,1,0,0,0,0,7.35924E+20,5.69274E+21,1.23872E+16,5.13369E+16
123857,123858,14,7,13,0,2016,5,8,4,3,5,3,0,0,1,1,0,0,0,0,7.33229E+20,5.69391E+21,1.23494E+16,5.13485E+16
123858,123859,14,7,13,0,2016,5,8,2,3,0,3,0,0,0,1,0,0,0,1,7.39055E+20,5.69716E+21,1.2435E+16,5.13753E+16
123859,123860,14,7,30,20,2016,5,7,4,3,5,3,0,0,1,1,0,0,0,0,7.48257E+20,5.72234E+21,1.25847E+16,5.15973E+16
123860,123861,14,7,13,0,2016,4,12,7,3,2,6,0,0,0,1,0,0,0,0,7.35635E+20,5.69091E+21,1.23819E+16,5.13206E+16
123861,123862,14,6,12,0,2016,5,15,6,2,5,3,0,0,0,1,0,0,0,0,8.2884E+20,5.66898E+21,1.36953E+16,5.10779E+16
123862,123863,14,5,24,320,2016,5,8,2,3,5,3,0,0,0,1,0,0,0,1,7.50524E+20,5.61867E+21,1.25453E+16,5.06659E+16
123863,123864,14,5,11,0,2016,5,13,6,3,2,7,0,0,0,1,0,0,0,0,7.74997E+20,5.63773E+21,1.2905E+16,5.08259E+16
123864,123865,14,6,26,600,2016,4,12,7,3,5,3,0,0,0,1,0,1,0,0,8.90306E+20,5.72037E+21,1.46249E+16,5.14993E+16
123865,123866,14,6,12,0,2016,5,9,6,3,2,6,0,0,0,1,0,0,0,0,8.29568E+20,5.66462E+21,1.37017E+16,5.10384E+16
123866,123867,14,7,13,0,2016,5,19,6,3,5,7,1,0,1,1,0,0,0,0,7.34868E+20,5.69148E+21,1.23712E+16,5.1326E+16
123867,123868,14,5,24,300,2016,5,13,2,3,5,7,0,0,1,1,0,0,0,0,7.41198E+20,5.62325E+21,1.24166E+16,5.07109E+16
123868,123869,14,5,11,0,2016,5,14,6,3,6,4,0,0,1,0,1,0,0,0,7.73728E+20,5.63513E+21,1.28851E+16,5.08032E+16
123869,123870,14,7,13,0,2016,5,8,5,3,6,4,0,0,0,1,1,0,0,0,7.36551E+20,5.6906E+21,1.23948E+16,5.13175E+16
123870,123871,14,7,29,50,2016,5,6,4,3,6,7,0,0,0,1,1,0,0,0,7.45518E+20,5.66676E+21,1.25069E+16,5.10997E+16
123871,123872,14,6,12,0,2016,5,15,7,3,1,7,0,0,1,1,0,0,0,0,8.33006E+20,5.66643E+21,1.37523E+16,5.10527E+16
123872,123873,14,7,30,70,2016,5,11,4,3,6,7,0,0,0,1,0,0,0,1,7.31521E+20,5.71293E+21,1.23373E+16,5.15199E+16
123873,123874,14,6,25,240,2016,4,15,7,3,6,4,0,0,0,1,1,0,0,0,8.6419E+20,5.71097E+21,1.42406E+16,5.14325E+16
123874,123875,14,5,24,170,2016,5,16,2,3,4,1,0,0,0,1,0,1,0,0,7.42815E+20,5.61937E+21,1.24369E+16,5.06754E+16
123875,123876,14,5,11,0,2016,5,16,2,3,5,3,0,0,1,1,0,0,0,0,7.74763E+20,5.63967E+21,1.29032E+16,5.08434E+16
123876,123877,14,7,13,0,2016,5,22,5,3,5,3,2,1,0,1,0,1,0,0,7.32722E+20,5.69602E+21,1.23435E+16,5.13677E+16
123877,123878,14,5,11,0,2016,5,7,2,3,6,4,0,0,0,1,1,0,0,0,7.7508E+20,5.63751E+21,1.29061E+16,5.08239E+16
123878,123879,14,7,13,0,2016,5,15,5,3,5,3,0,0,1,0,0,1,0,0,7.3176E+20,5.6899E+21,1.23257E+16,5.13132E+16
123879,123880,14,6,27,10,2016,5,9,5,3,5,2,0,0,1,1,0,0,0,0,8.21149E+20,5.67462E+21,1.35909E+16,5.11328E+16
123880,123881,14,7,13,0,2016,5,8,4,2,5,3,0,0,1,1,0,0,0,0,7.34304E+20,5.6909E+21,1.23628E+16,5.13211E+16
123881,123882,14,7,29,30,2016,5,5,1,2,4,6,0,0,0,1,0,0,0,0,7.54255E+20,5.69493E+21,1.26514E+16,5.13486E+16
123882,123883,14,6,12,0,2016,5,10,7,3,2,6,0,0,0,1,0,0,0,0,8.35115E+20,5.66559E+21,1.37815E+16,5.10439E+16
123883,123884,14,7,29,10,2016,5,18,4,3,5,3,0,0,1,1,0,0,0,0,7.5554E+20,5.67215E+21,1.26536E+16,5.11437E+16
123884,123885,14,7,13,0,2016,5,16,4,3,6,4,0,0,0,1,1,0,0,0,7.3517E+20,5.69357E+21,1.2377E+16,5.13447E+16
123885,123886,14,7,29,50,2016,5,18,2,3,5,3,0,0,1,0,0,0,0,0,7.44908E+20,5.66943E+21,1.25E+16,5.11239E+16
123886,123887,14,6,25,380,2016,5,11,4,3,6,4,0,0,0,0,1,1,0,0,8.71327E+20,5.67476E+21,1.43053E+16,5.11038E+16
123887,123888,14,5,24,330,2016,5,16,1,3,5,5,0,0,0,1,0,1,0,0,7.44664E+20,5.62117E+21,1.24642E+16,5.06908E+16
123888,123889,14,7,13,0,2016,5,7,2,3,2,6,0,0,0,1,0,0,0,0,7.3552E+20,5.69529E+21,1.23831E+16,5.136E+16
123889,123890,14,6,27,140,2016,4,17,7,3,8,1,0,0,0,1,0,0,0,0,8.13973E+20,5.6787E+21,1.34922E+16,5.11733E+16
123890,123891,14,6,12,0,2016,5,15,7,3,0,1,0,0,1,0,0,0,0,0,8.33143E+20,5.66522E+21,1.37531E+16,5.10417E+16
123891,123892,14,7,13,0,2016,5,9,7,2,5,3,0,0,0,1,0,0,0,0,7.36128E+20,5.68834E+21,1.23872E+16,5.12974E+16
123892,123893,14,7,13,0,2016,5,16,4,3,5,3,0,0,1,1,0,0,0,0,7.35091E+20,5.69481E+21,1.23766E+16,5.13559E+16
123893,123894,14,7,13,0,2016,5,19,2,3,2,6,0,1,0,1,0,1,0,0,7.39047E+20,5.68897E+21,1.24294E+16,5.13018E+16