FID,OBJECTID,ULAND,UREGBEZ,UKREIS,UGEMEINDE,UJAHR,UMONAT,USTUNDE,UWOCHENTAG,UKATEGORIE,UART,UTYP1,ULICHTVERH,IstStrasse,IstRad,IstPKW,IstFuss,IstKrad,IstGkfz,IstSonstig,LINREFX,LINREFY,XGCSWGS84,YGCSWGS84
123894,123895,14,6,12,0,2016,5,0,5,3,5,3,2,0,0,1,0,0,0,0,8.3302E+20,5.66796E+21,1.37539E+16,5.10664E+16
123895,123896,14,6,25,250,2016,5,20,1,2,0,1,0,0,1,0,0,0,0,0,8.56253E+20,5.69252E+21,1.41085E+16,5.12724E+16
123896,123897,14,7,13,0,2016,5,18,6,2,5,3,0,0,1,1,0,0,0,0,7.29214E+20,5.69443E+21,1.22921E+16,5.13549E+16
123897,123898,14,5,22,250,2016,5,18,6,2,2,6,0,0,0,1,0,0,0,0,7.80391E+20,5.67076E+21,1.30069E+16,5.11196E+16
123898,123899,14,7,13,0,2016,5,14,6,3,3,6,0,0,1,1,0,0,0,0,7.36244E+20,5.69716E+21,1.23947E+16,5.13764E+16
123899,123900,14,6,25,310,2016,5,8,1,3,0,1,0,0,1,0,0,0,0,0,8.53813E+20,5.71159E+21,1.40926E+16,5.14447E+16
123900,123901,14,7,13,0,2016,5,14,4,2,5,3,0,0,1,0,0,0,0,0,7.35143E+20,5.69373E+21,1.23767E+16,5.13461E+16
123901,123902,14,5,11,0,2016,5,19,4,3,5,3,0,0,1,1,0,0,0,0,7.74757E+20,5.64218E+21,1.2905E+16,5.08659E+16
123902,123903,14,6,12,0,2016,5,13,7,3,5,3,0,0,0,1,0,0,0,0,8.37722E+20,5.66419E+21,1.38172E+16,5.10299E+16
123903,123904,14,7,30,270,2016,5,21,2,3,5,2,1,1,0,1,0,0,1,0,7.22783E+20,5.69851E+21,1.22025E+16,5.1394E+16
123904,123905,14,7,29,60,2016,5,19,6,2,1,5,1,0,1,0,0,0,1,0,7.46314E+20,5.69436E+21,1.25372E+16,5.13471E+16
123905,123906,14,5,11,0,2016,5,6,2,3,0,7,0,1,1,0,0,0,0,1,7.74594E+20,5.63906E+21,1.29003E+16,5.0838E+16
123906,123907,14,6,25,240,2016,5,7,6,3,0,3,0,0,0,1,0,0,0,1,8.65608E+20,5.71188E+21,1.42619E+16,5.14398E+16
123907,123908,14,6,27,230,2016,5,13,3,2,5,3,0,0,0,1,0,1,0,0,7.99603E+20,5.69249E+21,1.32988E+16,5.13047E+16
123908,123909,14,5,21,230,2016,5,7,3,3,0,7,0,0,0,0,0,0,1,0,7.74263E+20,5.62559E+21,1.28856E+16,5.07173E+16
123909,123910,14,5,11,0,2016,5,21,1,3,1,5,2,0,0,1,0,0,0,0,7.77938E+20,5.64204E+21,1.295E+16,5.08632E+16
123910,123911,14,6,28,205,2016,5,16,1,2,9,1,0,0,0,1,0,0,0,0,8.21364E+20,5.6519E+21,1.35738E+16,5.0929E+16
123911,123912,14,6,12,0,2016,5,6,6,3,3,5,0,0,1,1,0,0,0,0,8.28323E+20,5.66483E+21,1.36842E+16,5.1041E+16
123912,123913,14,6,12,0,2016,5,8,3,3,5,3,0,0,0,1,0,0,0,1,8.36621E+20,5.66649E+21,1.38037E+16,5.10511E+16
123913,123914,14,7,13,0,2016,5,10,6,3,1,5,0,0,1,1,0,0,0,0,7.32578E+20,5.69138E+21,1.23384E+16,5.13261E+16
123914,123915,14,6,12,0,2016,5,16,3,2,6,4,0,0,0,1,1,0,0,0,8.30233E+20,5.66937E+21,1.37155E+16,5.10806E+16
123915,123916,14,6,12,0,2016,5,12,1,3,3,6,0,0,1,0,0,0,0,1,8.29677E+20,5.66914E+21,1.37074E+16,5.10788E+16
123916,123917,14,6,26,600,2016,5,14,4,3,1,5,0,0,0,1,0,0,0,1,8.92334E+20,5.72131E+21,1.4655E+16,5.15064E+16
123917,123918,14,5,22,150,2016,5,16,4,3,5,3,0,0,1,1,0,0,0,0,7.83911E+20,5.6482E+21,1.30394E+16,5.09155E+16
123918,123919,14,7,13,0,2016,5,13,2,3,4,2,0,0,0,1,0,1,0,0,7.31608E+20,5.68894E+21,1.23229E+16,5.13046E+16
123919,123920,14,6,12,0,2016,5,12,6,3,2,6,0,0,0,1,0,0,0,0,8.29166E+20,5.66949E+21,1.37004E+16,5.10823E+16
123920,123921,14,5,23,320,2016,5,20,1,2,5,3,0,0,0,1,0,0,0,0,7.22956E+20,5.59981E+21,1.21445E+16,5.05077E+16
123921,123922,14,6,12,0,2016,5,16,3,2,5,2,0,1,1,1,0,0,0,0,8.33226E+20,5.6644E+21,1.37535E+16,5.10344E+16
123922,123923,14,7,13,0,2016,5,16,2,3,5,2,0,0,1,0,0,0,0,1,7.35279E+20,5.6909E+21,1.23768E+16,5.13207E+16
123923,123924,14,5,24,180,2016,5,10,7,3,5,3,0,0,0,1,0,1,0,0,7.65463E+20,5.64071E+21,1.27721E+16,5.0857E+16
123924,123925,14,6,12,0,2016,5,6,5,3,6,5,0,0,0,1,1,0,0,0,8.36119E+20,5.66727E+21,1.37973E+16,5.10584E+16
123925,123926,14,6,12,0,2016,5,10,1,3,5,3,0,0,0,1,0,0,0,0,8.3205E+20,5.66471E+21,1.37371E+16,5.10377E+16
123926,123927,14,6,12,0,2016,5,15,4,3,5,3,0,0,1,1,0,0,0,0,8.35231E+20,5.66555E+21,1.37831E+16,5.10435E+16
123927,123928,14,7,13,0,2016,5,16,2,3,1,6,0,0,0,1,0,0,1,0,7.32577E+20,5.69209E+21,1.23388E+16,5.13324E+16
123928,123929,14,6,12,0,2016,5,17,1,3,5,2,0,0,1,1,0,0,0,0,8.34691E+20,5.66737E+21,1.37771E+16,5.10601E+16
123929,123930,14,6,25,20,2016,5,10,7,3,2,7,0,0,0,1,0,0,0,0,8.80622E+20,5.68429E+21,1.44475E+16,5.1183E+16
123930,123931,14,6,12,0,2016,5,17,4,3,5,2,0,0,1,1,0,0,0,0,8.32709E+20,5.66481E+21,1.37465E+16,5.10383E+16
123931,123932,14,6,12,0,2016,5,8,6,3,3,5,0,0,1,1,0,0,0,0,8.27248E+20,5.66754E+21,1.36714E+16,5.10659E+16
123932,123933,14,5,11,0,2016,5,13,6,3,6,7,0,0,0,1,1,0,0,0,7.72975E+20,5.6394E+21,1.28777E+16,5.08418E+16
123933,123934,14,7,13,0,2016,5,20,1,3,5,3,2,0,0,1,0,1,0,0,7.36369E+20,5.68817E+21,1.23906E+16,5.12957E+16
123934,123935,14,6,27,140,2016,5,10,2,3,8,1,0,0,0,1,0,0,0,0,8.12964E+20,5.67655E+21,1.3476E+16,5.11546E+16
123935,123936,14,7,13,0,2016,5,13,7,3,6,7,0,0,0,1,1,0,0,0,7.37628E+20,5.69374E+21,1.24123E+16,5.13452E+16
123936,123937,14,6,12,0,2016,5,15,4,3,0,3,0,0,1,1,0,0,0,0,8.34667E+20,5.66691E+21,1.37763E+16,5.1056E+16
123937,123938,14,6,25,20,2016,5,15,2,3,5,3,0,0,1,1,0,0,0,0,8.79887E+20,5.68378E+21,1.44365E+16,5.11789E+16
123938,123939,14,6,12,0,2016,5,17,5,2,6,4,0,0,0,1,1,0,0,0,8.36878E+20,5.66092E+21,1.38022E+16,5.1001E+16
123939,123940,14,5,22,430,2016,5,19,1,2,8,1,0,0,0,1,0,0,0,0,7.98038E+20,5.65345E+21,1.32441E+16,5.09555E+16
123940,123941,14,6,12,0,2016,5,15,4,3,6,6,0,0,1,0,1,0,0,0,8.33821E+20,5.66479E+21,1.37623E+16,5.10375E+16
123941,123942,14,6,12,0,2016,5,14,6,2,5,3,0,0,1,1,0,0,0,0,8.34504E+20,5.67493E+21,1.37814E+16,5.11279E+16
123942,123943,14,5,22,250,2016,5,6,6,2,5,3,0,0,0,1,0,1,0,0,7.78155E+20,5.66822E+21,1.29731E+16,5.10979E+16
123943,123944,14,6,12,0,2016,5,16,6,3,3,6,0,0,0,1,0,1,0,0,8.32726E+20,5.66483E+21,1.37468E+16,5.10385E+16
123944,123945,14,6,12,0,2016,5,22,2,3,0,3,2,0,1,0,0,0,0,1,8.389E+20,5.66412E+21,1.38339E+16,5.10285E+16
123945,123946,14,6,25,480,2016,5,10,7,3,1,5,0,0,0,1,0,0,0,0,8.44485E+20,5.6733E+21,1.3922E+16,5.11074E+16
123946,123947,14,6,28,160,2016,5,7,4,3,5,3,0,0,1,0,0,0,0,1,8.41007E+20,5.65938E+21,1.38594E+16,5.09848E+16
123947,123948,14,5,22,180,2016,5,15,4,3,4,6,0,0,1,0,0,0,0,0,8.05216E+20,5.64994E+21,1.33431E+16,5.09202E+16
123948,123949,14,6,25,20,2016,5,11,2,3,4,3,0,0,0,1,0,0,0,0,8.80332E+20,5.68533E+21,1.44445E+16,5.11924E+16
123949,123950,14,5,22,180,2016,5,15,5,3,1,2,0,0,1,1,0,0,0,0,8.04835E+20,5.64924E+21,1.33371E+16,5.09141E+16
123950,123951,14,5,24,200,2016,5,20,7,3,0,1,0,0,1,0,0,0,0,0,7.53376E+20,5.62439E+21,1.25895E+16,5.0716E+16
123951,123952,14,6,12,0,2016,5,14,6,3,3,5,0,0,0,1,0,1,0,0,8.37499E+20,5.6647E+21,1.38145E+16,5.10345E+16
123952,123953,14,7,13,0,2016,5,15,6,3,5,3,0,1,0,1,0,1,0,0,7.3517E+20,5.69344E+21,1.23769E+16,5.13435E+16
123953,123954,14,5,24,210,2016,5,10,7,3,0,1,0,0,1,0,0,0,0,0,7.38431E+20,5.63329E+21,1.23839E+16,5.08022E+16
123954,123955,14,5,22,60,2016,5,7,4,2,6,4,0,0,0,1,1,0,0,0,7.67929E+20,5.6474E+21,1.2812E+16,5.0916E+16
123955,123956,14,7,30,310,2016,5,16,3,3,5,7,0,0,0,1,0,0,0,0,7.74868E+20,5.72018E+21,1.29663E+16,5.15656E+16
123956,123957,14,6,12,0,2016,5,19,7,3,2,6,0,0,0,1,0,0,0,0,8.34292E+20,5.66737E+21,1.37714E+16,5.10603E+16
123957,123958,14,6,25,20,2016,5,15,6,2,5,3,0,0,1,1,0,0,0,0,8.80628E+20,5.68428E+21,1.44476E+16,5.11829E+16
123958,123959,14,5,23,90,2016,5,11,7,3,4,1,0,0,0,1,0,1,0,0,7.40651E+20,5.59811E+21,1.23926E+16,5.04854E+16
123959,123960,14,5,21,30,2016,5,16,4,3,0,1,0,0,1,0,0,0,0,0,7.61044E+20,5.60959E+21,1.26875E+16,5.05797E+16
123960,123961,14,7,30,70,2016,5,15,3,2,5,3,0,0,1,1,0,0,0,0,7.31365E+20,5.7153E+21,1.23366E+16,5.15413E+16
123961,123962,14,6,12,0,2016,5,12,7,2,5,3,0,0,1,1,0,0,0,0,8.31769E+20,5.67015E+21,1.37381E+16,5.10867E+16
123962,123963,14,6,12,0,2016,5,8,2,2,5,3,0,0,1,1,0,0,0,0,8.29096E+20,5.66858E+21,1.36986E+16,5.10742E+16
123963,123964,14,5,24,330,2016,5,19,7,3,4,2,0,0,1,1,0,0,0,0,7.4591E+20,5.62405E+21,1.24837E+16,5.07161E+16
123964,123965,14,6,12,0,2016,5,19,2,2,8,1,0,0,0,1,0,0,0,0,8.316E+20,5.67504E+21,1.37402E+16,5.11306E+16
123965,123966,14,6,26,610,2016,5,10,3,2,6,4,0,0,0,0,1,0,0,1,9.08079E+20,5.65522E+21,1.48057E+16,5.0904E+16
123966,123967,14,6,12,0,2016,5,15,3,3,0,1,0,1,1,0,0,0,0,0,8.38125E+20,5.6676E+21,1.38261E+16,5.10601E+16
123967,123968,14,6,28,30,2016,5,19,6,3,0,1,0,0,0,0,0,1,0,0,8.60399E+20,5.65561E+21,1.41308E+16,5.09392E+16
123968,123969,14,5,11,0,2016,5,7,3,2,5,2,0,0,1,1,0,0,0,0,7.76469E+20,5.63869E+21,1.29266E+16,5.08338E+16
123969,123970,14,6,12,0,2016,5,19,7,3,3,5,1,0,1,1,0,0,0,0,8.40104E+20,5.66153E+21,1.38486E+16,5.10046E+16
123970,123971,14,5,11,0,2016,5,15,4,3,2,6,0,0,0,1,0,0,0,0,7.75836E+20,5.63473E+21,1.29147E+16,5.07986E+16
123971,123972,14,7,13,0,2016,5,11,3,3,6,7,0,0,0,1,1,0,0,0,7.36045E+20,5.69363E+21,1.23895E+16,5.13449E+16
123972,123973,14,6,12,0,2016,5,10,2,3,2,6,0,0,0,0,0,0,1,1,8.39591E+20,5.66121E+21,1.3841E+16,5.1002E+16
123973,123974,14,6,12,0,2016,5,17,6,2,5,3,0,0,0,1,0,1,0,0,8.33861E+20,5.66795E+21,1.37658E+16,5.10658E+16
123974,123975,14,5,24,80,2016,5,15,5,3,5,3,0,0,0,1,0,0,0,0,7.492E+20,5.63473E+21,1.25375E+16,5.08106E+16
123975,123976,14,5,24,200,2016,5,12,1,2,5,3,0,1,0,1,0,1,0,0,7.50885E+20,5.62928E+21,1.25576E+16,5.07609E+16
123976,123977,14,6,12,0,2016,5,8,2,3,0,5,0,0,1,1,0,0,0,0,8.34892E+20,5.66535E+21,1.37781E+16,5.10419E+16
123977,123978,14,6,12,0,2016,5,16,6,3,6,2,0,0,0,1,1,0,0,0,8.34402E+20,5.66709E+21,1.37727E+16,5.10577E+16
123978,123979,14,5,11,0,2016,5,1,2,2,0,1,2,0,1,0,0,0,0,0,7.73266E+20,5.64089E+21,1.28829E+16,5.0855E+16
123979,123980,14,6,12,0,2016,5,6,6,3,5,3,0,0,0,1,0,0,0,0,8.34872E+20,5.66467E+21,1.37772E+16,5.10358E+16
123980,123981,14,6,12,0,2016,5,14,3,3,0,7,0,1,1,0,0,0,0,0,8.32864E+20,5.66373E+21,1.37478E+16,5.10285E+16
123981,123982,14,5,11,0,2016,5,12,3,3,3,2,0,0,1,1,0,0,0,0,7.75573E+20,5.63677E+21,1.29125E+16,5.0817E+16
123982,123983,14,5,22,180,2016,5,10,1,2,5,3,0,0,0,1,0,1,0,0,8.0591E+20,5.64867E+21,1.33519E+16,5.09085E+16
123983,123984,14,5,21,30,2016,5,13,5,3,0,4,0,0,0,0,1,1,0,0,7.62775E+20,5.60993E+21,1.27121E+16,5.0582E+16
123984,123985,14,7,13,0,2016,5,9,7,3,5,3,0,0,0,1,0,0,0,0,7.37628E+20,5.69534E+21,1.24134E+16,5.13595E+16
123985,123986,14,5,11,0,2016,5,15,4,3,2,6,0,0,0,1,0,0,0,0,7.76407E+20,5.63916E+21,1.29261E+16,5.0838E+16
123986,123987,14,6,12,0,2016,5,10,6,3,1,2,0,0,0,1,0,0,0,1,8.28509E+20,5.66902E+21,1.36907E+16,5.10784E+16
123987,123988,14,7,13,0,2016,5,21,5,3,5,3,1,0,0,1,0,0,0,0,7.33228E+20,5.69391E+21,1.23493E+16,5.13485E+16
123988,123989,14,6,12,0,2016,5,14,1,2,5,2,0,0,1,0,0,0,0,0,8.4029E+20,5.66073E+21,1.38505E+16,5.09973E+16
123989,123990,14,6,12,0,2016,5,19,2,2,0,2,0,0,1,0,0,0,0,0,8.30904E+20,5.66744E+21,1.37233E+16,5.10629E+16
123990,123991,14,7,13,0,2016,5,19,7,2,4,2,0,0,1,0,0,0,0,0,7.33063E+20,5.69184E+21,1.23456E+16,5.13301E+16
123991,123992,14,5,11,0,2016,5,11,4,2,3,6,0,0,1,1,0,0,0,0,7.69982E+20,5.63736E+21,1.28337E+16,5.08249E+16
123992,123993,14,6,12,0,2016,5,17,2,3,5,2,0,0,1,1,0,0,0,0,8.37949E+20,5.66237E+21,1.38187E+16,5.10134E+16
123993,123994,14,5,11,0,2016,5,15,5,3,2,3,0,0,0,0,0,0,1,1,7.74674E+20,5.63441E+21,1.2898E+16,5.07962E+16
123994,123995,14,6,25,350,2016,5,11,2,3,5,3,0,0,0,1,0,0,0,0,8.61147E+20,5.69216E+21,1.4178E+16,5.12661E+16
123995,123996,14,5,23,430,2016,5,11,7,2,6,4,0,0,0,1,1,0,0,0,7.34057E+20,5.60459E+21,1.23038E+16,5.05463E+16
123996,123997,14,6,12,0,2016,5,17,2,3,1,5,0,0,0,1,0,1,0,0,8.38595E+20,5.6622E+21,1.38278E+16,5.10115E+16
123997,123998,14,5,21,200,2016,5,12,5,1,6,7,0,0,0,0,1,0,1,0,7.80666E+20,5.62527E+21,1.29758E+16,5.07113E+16
123998,123999,14,7,13,0,2016,5,10,7,3,5,3,0,0,1,1,0,0,0,0,7.34625E+20,5.69324E+21,1.23689E+16,5.13419E+16
123999,124000,14,5,22,150,2016,5,7,4,3,6,7,0,0,0,0,1,0,0,1,7.83443E+20,5.64785E+21,1.30325E+16,5.09126E+16
124000,124001,14,5,21,550,2016,5,16,6,3,5,3,0,0,1,1,0,0,0,0,7.68931E+20,5.60587E+21,1.27959E+16,5.05428E+16
124001,124002,14,7,13,0,2016,5,20,5,3,0,6,0,0,1,0,0,0,0,1,7.31939E+20,5.69207E+21,1.23297E+16,5.13325E+16
124002,124003,14,6,27,10,2016,5,7,6,3,6,2,0,0,1,0,1,0,0,0,8.20806E+20,5.67479E+21,1.35862E+16,5.11346E+16
124003,124004,14,5,24,300,2016,5,14,3,3,0,2,0,0,0,0,0,0,0,1,7.37508E+20,5.6244E+21,1.23651E+16,5.07228E+16
124004,124005,14,7,13,0,2016,5,22,3,3,6,4,2,0,1,0,1,0,0,0,7.35265E+20,5.69313E+21,1.2378E+16,5.13407E+16
124005,124006,14,5,11,0,2016,5,7,7,2,6,7,0,1,0,0,1,0,0,1,7.78608E+20,5.64293E+21,1.29601E+16,5.08708E+16
124006,124007,14,6,12,0,2016,5,8,2,3,0,4,0,0,0,0,1,0,0,1,8.33284E+20,5.66572E+21,1.37555E+16,5.10461E+16
124007,124008,14,5,11,0,2016,5,7,5,2,5,3,0,0,0,1,0,0,0,1,7.78078E+20,5.63652E+21,1.29478E+16,5.08135E+16
124008,124009,14,7,13,0,2016,5,12,7,3,5,3,0,0,0,1,0,0,0,0,7.37986E+20,5.69057E+21,1.24153E+16,5.13166E+16
124009,124010,14,5,11,0,2016,5,14,6,3,2,2,0,0,0,1,0,0,0,0,7.73806E+20,5.6383E+21,1.28886E+16,5.08315E+16
124010,124011,14,6,26,610,2016,5,4,7,3,5,3,1,0,0,1,0,0,0,0,9.07208E+20,5.6543E+21,1.47923E+16,5.08964E+16
124011,124012,14,5,24,190,2016,5,16,3,3,5,3,0,0,1,1,0,0,0,0,7.44706E+20,5.63838E+21,1.24762E+16,5.08452E+16
124012,124013,14,5,11,0,2016,5,21,6,2,5,3,2,0,0,1,0,1,0,0,7.75041E+20,5.63592E+21,1.29043E+16,5.08096E+16
124013,124014,14,7,13,0,2016,5,15,5,3,0,7,0,0,0,1,0,1,0,0,7.32444E+20,5.69206E+21,1.23369E+16,5.13322E+16
124014,124015,14,6,12,0,2016,5,14,6,3,0,7,0,0,1,1,0,0,0,0,8.31254E+20,5.67061E+21,1.37312E+16,5.10911E+16
124015,124016,14,6,25,370,2016,5,13,7,3,4,1,0,0,0,1,0,1,0,0,8.46331E+20,5.69148E+21,1.39658E+16,5.12692E+16
124016,124017,14,5,23,340,2016,5,11,3,3,5,3,0,0,1,0,0,0,0,1,7.32757E+20,5.61316E+21,1.22909E+16,5.06238E+16
124017,124018,14,7,29,260,2016,5,18,3,3,3,3,0,0,0,1,0,0,0,0,7.3504E+20,5.68655E+21,1.23705E+16,5.12817E+16
124018,124019,14,5,23,280,2016,5,11,6,2,5,3,0,0,0,1,0,1,0,0,7.37032E+20,5.61708E+21,1.23537E+16,5.06572E+16
124019,124020,14,6,12,0,2016,5,7,2,3,5,3,0,0,1,1,0,0,0,0,8.34161E+20,5.67415E+21,1.37758E+16,5.11212E+16
124020,124021,14,5,11,0,2016,5,14,6,3,5,3,0,0,1,1,0,0,0,0,7.73494E+20,5.63678E+21,1.2883E+16,5.0818E+16
124021,124022,14,5,22,240,2016,5,6,2,3,9,1,0,0,0,1,0,0,0,0,8.08412E+20,5.6524E+21,1.33905E+16,5.09405E+16
124022,124023,14,5,23,340,2016,5,8,5,2,5,3,0,0,0,1,0,0,0,0,7.32454E+20,5.6131E+21,1.22866E+16,5.06234E+16
124023,124024,14,6,25,110,2016,5,15,3,3,5,3,0,0,1,1,0,0,0,0,8.74111E+20,5.67863E+21,1.43489E+16,5.11366E+16
124024,124025,14,5,21,590,2016,5,15,3,3,1,2,0,0,0,1,0,0,0,0,7.66754E+20,5.6246E+21,1.27788E+16,5.07119E+16
124025,124026,14,5,21,20,2016,5,17,1,3,0,3,0,0,0,1,0,1,0,0,7.836E+20,5.60939E+21,1.30052E+16,5.05675E+16
124026,124027,14,7,30,70,2016,5,16,2,3,1,5,0,0,1,1,0,0,0,0,7.31549E+20,5.71334E+21,1.2338E+16,5.15236E+16
124027,124028,14,6,12,0,2016,5,10,3,3,5,3,0,0,1,1,0,0,0,0,8.36765E+20,5.66526E+21,1.38046E+16,5.10399E+16
124028,124029,14,6,12,0,2016,5,15,6,3,7,7,0,0,1,0,0,0,0,0,8.32164E+20,5.66318E+21,1.37373E+16,5.1024E+16
124029,124030,14,6,12,0,2016,5,7,3,3,5,3,0,0,1,1,0,0,0,0,8.35445E+20,5.66473E+21,1.37854E+16,5.1036E+16
124030,124031,14,6,27,50,2016,5,11,7,3,4,6,0,0,1,1,0,0,0,0,8.09408E+20,5.7062E+21,1.34509E+16,5.14223E+16
124031,124032,14,5,24,210,2016,5,16,3,2,1,7,0,0,0,1,0,0,0,0,7.37996E+20,5.63205E+21,1.2377E+16,5.07913E+16
124032,124033,14,7,13,0,2016,5,7,3,3,5,3,0,1,1,1,0,0,0,0,7.36315E+20,5.68898E+21,1.23903E+16,5.1303E+16
124033,124034,14,6,12,0,2016,5,14,2,3,0,3,0,0,1,1,0,0,0,0,8.37478E+20,5.66306E+21,1.38127E+16,5.10199E+16
124034,124035,14,7,30,230,2016,5,11,5,3,6,7,0,0,1,0,1,0,0,0,7.86342E+20,5.69118E+21,1.3108E+16,5.12998E+16
124035,124036,14,5,11,0,2016,5,8,2,3,4,2,0,0,0,1,0,0,0,1,7.76871E+20,5.64064E+21,1.29338E+16,5.08511E+16
124036,124037,14,6,12,0,2016,5,6,3,3,5,2,0,0,1,0,0,0,0,1,8.31693E+20,5.66617E+21,1.37333E+16,5.1051E+16
124037,124038,14,5,24,300,2016,5,18,2,3,1,1,0,0,1,1,0,0,0,0,7.38224E+20,5.62554E+21,1.2376E+16,5.07327E+16
124038,124039,14,5,24,200,2016,5,18,7,3,5,3,0,0,0,1,0,1,0,0,7.5228E+20,5.62651E+21,1.25755E+16,5.07355E+16
124039,124040,14,5,21,460,2016,5,17,5,2,5,3,0,0,1,1,0,0,0,0,8.07282E+20,5.62059E+21,1.33479E+16,5.0656E+16
124040,124041,14,6,12,0,2016,5,15,7,3,0,1,0,0,0,0,0,1,0,0,8.3433E+20,5.6631E+21,1.3768E+16,5.1022E+16
124041,124042,14,7,13,0,2016,5,17,3,3,0,5,0,0,1,1,0,0,0,0,7.3639E+20,5.68836E+21,1.2391E+16,5.12974E+16
124042,124043,14,7,13,0,2016,5,8,5,2,0,1,0,0,1,0,0,0,0,0,7.36332E+20,5.69205E+21,1.23926E+16,5.13306E+16
124043,124044,14,6,12,0,2016,5,17,7,3,2,6,0,0,0,1,0,0,0,0,8.35265E+20,5.66439E+21,1.37825E+16,5.1033E+16
124044,124045,14,7,13,0,2016,5,17,3,2,5,3,0,0,1,1,0,0,0,0,7.33604E+20,5.69528E+21,1.23556E+16,5.13607E+16
124045,124046,14,7,13,0,2016,5,19,5,3,3,6,0,0,1,0,0,0,0,1,7.33034E+20,5.6906E+21,1.23444E+16,5.13189E+16
124046,124047,14,7,13,0,2016,5,14,5,3,2,6,0,0,0,1,0,0,0,0,7.37506E+20,5.69708E+21,1.24128E+16,5.13752E+16
124047,124048,14,7,13,0,2016,5,0,1,3,0,7,2,0,1,0,0,0,0,0,7.35462E+20,5.68948E+21,1.23784E+16,5.13078E+16
124048,124049,14,6,25,100,2016,5,7,2,3,5,3,0,0,1,1,0,0,0,0,8.68579E+20,5.68073E+21,1.42723E+16,5.1159E+16
124049,124050,14,7,29,430,2016,5,20,7,2,0,7,0,0,1,0,0,0,0,0,7.32255E+20,5.67971E+21,1.23262E+16,5.12215E+16
124050,124051,14,6,25,270,2016,5,8,3,2,1,7,0,0,1,1,0,0,0,0,8.42154E+20,5.6907E+21,1.39054E+16,5.12647E+16
124051,124052,14,5,21,20,2016,5,16,2,3,6,6,0,1,1,0,1,0,0,0,7.83713E+20,5.61033E+21,1.30075E+16,5.05758E+16
124052,124053,14,5,21,460,2016,5,15,5,2,8,1,0,0,0,1,0,0,0,0,8.07261E+20,5.62057E+21,1.33476E+16,5.06557E+16
124053,124054,14,5,21,560,2016,5,20,7,2,5,3,0,0,0,1,0,1,0,0,7.8319E+20,5.60634E+21,1.29971E+16,5.05404E+16
124054,124055,14,6,25,200,2016,5,7,3,3,5,3,0,0,0,1,0,0,0,0,8.50914E+20,5.67811E+21,1.40181E+16,5.11466E+16
124055,124056,14,5,11,0,2016,5,14,7,3,0,7,0,0,0,0,0,0,0,1,7.73668E+20,5.63475E+21,1.2884E+16,5.07998E+16
124056,124057,14,7,13,0,2016,5,19,5,2,1,5,0,0,1,1,0,0,0,0,7.32422E+20,5.69286E+21,1.23371E+16,5.13394E+16
124057,124058,14,7,13,0,2016,5,20,5,3,5,3,0,0,1,1,0,0,0,0,7.34835E+20,5.69221E+21,1.23713E+16,5.13326E+16
124058,124059,14,6,12,0,2016,5,8,6,3,5,2,0,0,1,0,0,0,0,1,8.34766E+20,5.66435E+21,1.37754E+16,5.1033E+16
124059,124060,14,6,12,0,2016,5,16,2,3,2,6,0,0,0,1,0,0,0,0,8.35378E+20,5.6646E+21,1.37843E+16,5.10349E+16
124060,124061,14,7,13,0,2016,5,16,7,3,5,2,0,0,1,1,0,0,0,0,7.35519E+20,5.69204E+21,1.2381E+16,5.13308E+16
124061,124062,14,6,25,450,2016,5,13,3,3,5,5,0,0,0,1,0,1,0,0,8.49841E+20,5.68255E+21,1.40072E+16,5.1187E+16
124062,124063,14,7,13,0,2016,5,15,3,2,3,2,0,0,1,1,0,0,0,0,7.35078E+20,5.69602E+21,1.23773E+16,5.13667E+16
124063,124064,14,5,11,0,2016,5,8,2,3,3,6,0,0,0,1,0,0,1,0,7.728E+20,5.636E+21,1.28726E+16,5.08113E+16
124064,124065,14,5,24,300,2016,5,16,4,3,5,3,0,0,0,1,0,0,0,0,7.38391E+20,5.62565E+21,1.23784E+16,5.07336E+16
124065,124066,14,5,11,0,2016,5,9,7,3,1,6,0,0,1,1,0,0,0,0,7.72933E+20,5.63841E+21,1.28763E+16,5.08329E+16
124066,124067,14,7,13,0,2016,5,15,5,3,3,5,0,0,0,1,0,0,0,0,7.32377E+20,5.69308E+21,1.23366E+16,5.13414E+16
124067,124068,14,7,13,0,2016,5,15,5,3,5,3,0,0,1,1,0,0,0,0,7.37298E+20,5.69537E+21,1.24087E+16,5.136E+16
124068,124069,14,6,12,0,2016,5,16,6,3,5,2,0,1,1,1,0,0,0,0,8.32889E+20,5.66724E+21,1.37513E+16,5.106E+16
124069,124070,14,5,11,0,2016,5,19,7,3,5,3,0,0,0,1,0,0,0,0,7.77428E+20,5.63994E+21,1.29412E+16,5.08445E+16