FID,OBJECTID,ULAND,UREGBEZ,UKREIS,UGEMEINDE,UJAHR,UMONAT,USTUNDE,UWOCHENTAG,UKATEGORIE,UART,UTYP1,ULICHTVERH,IstStrasse,IstRad,IstPKW,IstFuss,IstKrad,IstGkfz,IstSonstig,LINREFX,LINREFY,XGCSWGS84,YGCSWGS84
124070,124071,14,6,27,230,2016,5,7,3,3,5,2,0,0,1,0,0,0,0,0,7.96615E+20,5.69207E+21,1.32557E+16,5.13025E+16
124071,124072,14,7,13,0,2016,5,16,3,3,5,3,0,0,1,1,0,0,0,0,7.34593E+20,5.69366E+21,1.23687E+16,5.13457E+16
124072,124073,14,7,30,310,2016,5,22,6,2,3,6,2,0,1,0,0,0,0,0,7.77418E+20,5.71929E+21,1.30023E+16,5.15564E+16
124073,124074,14,5,11,0,2016,5,15,2,3,2,6,0,0,0,1,0,0,0,0,7.77831E+20,5.64101E+21,1.29477E+16,5.0854E+16
124074,124075,14,7,13,0,2016,5,19,5,3,0,2,0,0,1,1,0,0,0,0,7.34876E+20,5.68738E+21,1.23687E+16,5.12892E+16
124075,124076,14,5,11,0,2016,5,16,2,2,5,3,0,0,0,1,0,1,0,0,7.77377E+20,5.63973E+21,1.29403E+16,5.08427E+16
124076,124077,14,5,24,330,2016,5,15,6,2,0,1,0,0,1,0,0,0,0,0,7.46958E+20,5.62567E+21,1.24996E+16,5.07303E+16
124077,124078,14,6,12,0,2016,5,16,3,3,5,3,0,0,0,1,0,1,0,0,8.37328E+20,5.66064E+21,1.38083E+16,5.09982E+16
124078,124079,14,6,26,600,2016,5,7,3,3,5,3,0,0,1,1,0,0,0,0,8.90445E+20,5.7206E+21,1.46272E+16,5.15013E+16
124079,124080,14,7,29,250,2016,5,14,6,3,0,4,0,0,0,1,1,0,0,0,7.5333E+20,5.69554E+21,1.26386E+16,5.13546E+16
124080,124081,14,5,22,180,2016,5,10,2,3,6,7,0,0,0,1,1,0,0,0,8.05238E+20,5.64874E+21,1.33424E+16,5.09095E+16
124081,124082,14,5,24,120,2016,5,12,6,3,0,5,0,0,1,1,0,0,0,0,7.61384E+20,5.63434E+21,1.27098E+16,5.08018E+16
124082,124083,14,6,12,0,2016,5,22,2,3,5,3,2,0,0,1,0,0,0,0,8.36102E+20,5.66554E+21,1.37954E+16,5.10428E+16
124083,124084,14,7,13,0,2016,5,18,5,3,4,3,0,0,1,1,0,0,0,0,7.35106E+20,5.69483E+21,1.23769E+16,5.1356E+16
124084,124085,14,6,12,0,2016,5,11,3,3,0,7,0,0,1,1,0,0,0,0,8.33294E+20,5.66806E+21,1.37578E+16,5.1067E+16
124085,124086,14,6,12,0,2016,5,17,6,3,5,2,0,1,1,1,0,0,0,0,8.34534E+20,5.66609E+21,1.37737E+16,5.10487E+16
124086,124087,14,5,22,10,2016,5,10,3,3,8,1,0,0,1,0,0,0,0,0,7.77754E+20,5.65364E+21,1.29562E+16,5.09673E+16
124087,124088,14,6,27,150,2016,5,17,3,3,3,6,0,0,1,1,0,0,0,0,8.28665E+20,5.67372E+21,1.36972E+16,5.11205E+16
124088,124089,14,6,26,600,2016,5,12,3,2,0,7,0,0,0,1,0,0,0,1,8.90832E+20,5.72075E+21,1.46329E+16,5.15024E+16
124089,124090,14,5,23,100,2016,5,16,1,3,9,1,0,0,0,1,1,1,0,0,7.24057E+20,5.61127E+21,1.21669E+16,5.06102E+16
124090,124091,14,7,29,160,2016,5,15,5,3,5,3,0,0,1,1,0,0,0,0,7.5967E+20,5.68225E+21,1.27198E+16,5.12324E+16
124091,124092,14,5,24,120,2016,5,13,1,3,9,7,0,0,0,1,0,0,0,0,7.63927E+20,5.63552E+21,1.27466E+16,5.08112E+16
124092,124093,14,6,25,440,2016,5,18,2,3,4,6,0,0,1,1,0,0,0,0,8.62215E+20,5.68685E+21,1.41878E+16,5.12178E+16
124093,124094,14,5,23,340,2016,5,13,7,3,5,3,0,0,0,1,0,0,0,0,7.3313E+20,5.6133E+21,1.22962E+16,5.06249E+16
124094,124095,14,7,13,0,2016,5,11,5,3,1,7,0,0,0,1,0,0,0,1,7.31255E+20,5.69331E+21,1.23207E+16,5.13439E+16
124095,124096,14,6,28,110,2016,5,7,3,3,6,4,0,0,0,1,1,0,0,0,8.25808E+20,5.65897E+21,1.36432E+16,5.09899E+16
124096,124097,14,5,21,390,2016,5,0,3,2,0,7,2,0,1,0,0,0,0,0,7.94042E+20,5.61918E+21,1.316E+16,5.06501E+16
124097,124098,14,5,11,0,2016,5,19,1,3,0,3,0,0,1,1,0,0,0,0,7.74256E+20,5.63391E+21,1.28917E+16,5.0792E+16
124098,124099,14,6,12,0,2016,5,6,6,3,5,3,0,0,1,0,0,0,0,1,8.36826E+20,5.66662E+21,1.38067E+16,5.10521E+16
124099,124100,14,7,13,0,2016,5,16,2,3,6,4,0,0,1,0,1,0,0,0,7.35085E+20,5.6899E+21,1.23733E+16,5.13118E+16
124100,124101,14,7,30,230,2016,5,20,4,3,0,1,1,0,1,0,0,0,0,0,7.86621E+20,5.69151E+21,1.31123E+16,5.13026E+16
124101,124102,14,7,30,230,2016,5,11,6,3,2,2,0,0,0,1,0,0,0,0,7.86138E+20,5.69096E+21,1.31049E+16,5.1298E+16
124102,124103,14,6,27,210,2016,5,10,3,3,6,6,0,0,0,1,1,0,0,0,8.24472E+20,5.67217E+21,1.3636E+16,5.1109E+16
124103,124104,14,6,25,200,2016,5,7,5,3,2,2,0,0,0,1,0,1,0,0,8.51765E+20,5.67789E+21,1.403E+16,5.11441E+16
124104,124105,14,7,13,0,2016,5,21,5,2,8,1,2,0,0,1,0,0,0,0,7.38555E+20,5.68709E+21,1.24211E+16,5.12851E+16
124105,124106,14,6,12,0,2016,5,12,1,3,3,5,0,0,1,1,0,0,0,0,8.3167E+20,5.66859E+21,1.37352E+16,5.10727E+16
124106,124107,14,6,12,0,2016,5,17,2,3,5,3,0,0,0,1,0,0,0,1,8.29112E+20,5.66978E+21,1.36999E+16,5.10849E+16
124107,124108,14,7,13,0,2016,5,10,7,3,5,3,0,0,1,1,0,0,0,0,7.34259E+20,5.69533E+21,1.23651E+16,5.13608E+16
124108,124109,14,6,12,0,2016,5,20,3,3,2,7,0,0,0,1,0,1,0,0,8.38705E+20,5.66079E+21,1.3828E+16,5.09988E+16
124109,124110,14,5,23,320,2016,5,8,1,2,8,1,0,0,0,0,0,0,0,1,7.20167E+20,5.60087E+21,1.21059E+16,5.05184E+16
124110,124111,14,7,30,20,2016,5,16,4,2,0,3,0,0,0,1,0,0,0,1,7.48155E+20,5.72439E+21,1.25847E+16,5.16158E+16
124111,124112,14,7,13,0,2016,5,16,6,3,2,6,0,0,0,1,0,0,0,0,7.3244E+20,5.69169E+21,1.23366E+16,5.13289E+16
124112,124113,14,5,11,0,2016,5,14,3,3,2,6,0,0,0,1,0,0,0,0,7.80101E+20,5.63734E+21,1.2977E+16,5.08199E+16
124113,124114,14,5,23,90,2016,5,17,1,3,0,1,0,0,0,0,0,1,0,0,7.39167E+20,5.59818E+21,1.23717E+16,5.04867E+16
124114,124115,14,7,13,0,2016,5,7,4,3,6,4,0,0,1,0,1,0,0,0,7.39897E+20,5.69232E+21,1.24439E+16,5.13315E+16
124115,124116,14,7,13,0,2016,5,18,6,3,1,5,0,0,0,1,0,0,0,0,7.30354E+20,5.69399E+21,1.23082E+16,5.13504E+16
124116,124117,14,5,11,0,2016,5,17,3,3,2,6,0,0,0,1,0,0,0,0,7.7471E+20,5.63472E+21,1.28987E+16,5.0799E+16
124117,124118,14,6,12,0,2016,5,19,5,2,5,7,1,0,1,1,0,0,0,0,8.37079E+20,5.66377E+21,1.38077E+16,5.10264E+16
124118,124119,14,6,27,230,2016,5,10,5,3,0,3,0,0,1,1,0,0,0,0,7.97045E+20,5.69213E+21,1.32619E+16,5.13029E+16
124119,124120,14,6,12,0,2016,5,17,2,3,5,3,0,0,1,1,0,0,0,0,8.36634E+20,5.66675E+21,1.38041E+16,5.10534E+16
124120,124121,14,6,25,240,2016,5,12,7,3,2,6,0,0,1,1,0,0,0,0,8.64218E+20,5.71205E+21,1.42422E+16,5.14422E+16
124121,124122,14,5,11,0,2016,5,14,3,3,6,7,0,0,0,1,1,0,0,0,7.80679E+20,5.63146E+21,1.29807E+16,5.07668E+16
124122,124123,14,6,26,290,2016,5,10,3,3,5,3,0,0,0,1,0,1,0,0,8.96789E+20,5.67607E+21,1.46687E+16,5.10984E+16
124123,124124,14,5,23,340,2016,5,1,1,3,8,7,2,0,0,1,0,0,0,0,7.33067E+20,5.61347E+21,1.22954E+16,5.06264E+16
124124,124125,14,7,13,0,2016,5,17,4,3,4,2,0,0,0,1,0,0,0,0,7.35117E+20,5.68875E+21,1.2373E+16,5.13015E+16
124125,124126,14,7,29,260,2016,5,9,6,3,5,3,0,0,0,1,0,0,0,1,7.35121E+20,5.68628E+21,1.23715E+16,5.12793E+16
124126,124127,14,6,12,0,2016,5,15,5,3,5,3,0,0,0,1,0,0,0,0,8.35183E+20,5.66449E+21,1.37814E+16,5.1034E+16
124127,124128,14,6,12,0,2016,5,16,3,2,3,7,0,1,0,1,0,1,0,0,8.36624E+20,5.6652E+21,1.38025E+16,5.10395E+16
124128,124129,14,6,12,0,2016,5,11,6,3,0,2,0,0,1,0,0,1,0,0,8.27986E+20,5.66609E+21,1.36806E+16,5.10525E+16
124129,124130,14,6,12,0,2016,5,19,5,2,5,3,0,0,1,1,0,0,0,0,8.25477E+20,5.67021E+21,1.36486E+16,5.10908E+16
124130,124131,14,6,28,270,2016,5,21,5,3,0,1,2,0,1,0,0,0,0,0,8.46192E+20,5.65605E+21,1.39298E+16,5.09519E+16
124131,124132,14,5,22,150,2016,5,10,6,3,0,5,0,0,0,1,0,0,0,1,7.83873E+20,5.6478E+21,1.30386E+16,5.09119E+16
124132,124133,14,7,13,0,2016,5,20,6,3,2,6,1,0,0,1,0,0,0,0,7.3937E+20,5.6917E+21,1.24359E+16,5.13261E+16
124133,124134,14,7,13,0,2016,5,10,2,3,4,2,0,0,0,1,0,0,0,0,7.35913E+20,5.68868E+21,1.23844E+16,5.13005E+16
124134,124135,14,6,28,390,2016,5,15,3,3,8,1,0,0,1,0,0,0,0,0,8.50494E+20,5.65576E+21,1.39905E+16,5.09467E+16
124135,124136,14,7,13,0,2016,5,9,6,3,0,7,0,0,0,1,0,0,0,0,7.40088E+20,5.69393E+21,1.24477E+16,5.13458E+16
124136,124137,14,7,13,0,2016,5,11,1,3,0,6,0,0,1,1,0,0,0,0,7.34775E+20,5.6937E+21,1.23714E+16,5.1346E+16
124137,124138,14,5,22,460,2016,5,15,2,2,9,1,0,0,0,1,0,0,0,0,7.5896E+20,5.64826E+21,1.26853E+16,5.09278E+16
124138,124139,14,5,22,150,2016,5,14,5,3,5,5,0,0,0,1,0,0,0,0,7.83486E+20,5.64797E+21,1.30332E+16,5.09136E+16
124139,124140,14,6,26,110,2016,5,12,3,3,3,6,0,0,1,0,0,0,0,0,9.15442E+20,5.68277E+21,1.49414E+16,5.11452E+16
124140,124141,14,6,12,0,2016,5,17,3,3,2,6,0,1,0,1,0,0,0,0,8.36527E+20,5.66218E+21,1.37984E+16,5.10125E+16
124141,124142,14,5,11,0,2016,5,15,6,3,5,3,0,0,0,1,0,0,0,0,7.7684E+20,5.63656E+21,1.29303E+16,5.08144E+16
124142,124143,14,5,11,0,2016,5,17,3,2,5,3,0,1,0,1,0,0,0,0,7.70873E+20,5.63652E+21,1.28457E+16,5.08169E+16
124143,124144,14,7,13,0,2016,5,15,6,3,3,6,0,0,1,0,0,0,0,1,7.34676E+20,5.6909E+21,1.23681E+16,5.13209E+16
124144,124145,14,6,12,0,2016,5,19,2,3,0,7,0,0,0,1,0,1,0,0,8.34602E+20,5.66717E+21,1.37756E+16,5.10584E+16
124145,124146,14,6,28,110,2016,5,14,3,3,4,2,0,0,0,1,0,1,0,0,8.25199E+20,5.66155E+21,1.36369E+16,5.10133E+16
124146,124147,14,5,21,220,2016,5,19,5,3,1,2,0,0,0,1,0,0,0,0,7.85825E+20,5.63091E+21,1.30531E+16,5.07595E+16
124147,124148,14,7,13,0,2016,5,15,6,3,5,3,0,0,1,1,0,0,0,0,7.37156E+20,5.6969E+21,1.24076E+16,5.13737E+16
124148,124149,14,5,22,360,2016,5,0,2,2,6,4,2,1,0,0,1,0,0,1,7.7963E+20,5.65579E+21,1.29845E+16,5.09857E+16
124149,124150,14,6,12,0,2016,5,15,3,3,0,7,0,0,1,1,0,0,0,0,8.32502E+20,5.66853E+21,1.3747E+16,5.10717E+16
124150,124151,14,7,13,0,2016,5,19,1,3,5,3,0,0,1,0,0,0,0,0,7.32787E+20,5.69278E+21,1.23423E+16,5.13386E+16
124151,124152,14,5,24,330,2016,5,17,4,3,1,5,0,0,0,1,0,0,0,0,7.4714E+20,5.6192E+21,1.24979E+16,5.06721E+16
124152,124153,14,5,11,0,2016,5,18,2,3,3,6,0,0,0,1,0,0,0,0,7.76454E+20,5.63868E+21,1.29264E+16,5.08337E+16
124153,124154,14,6,12,0,2016,5,16,3,3,5,2,0,1,0,1,0,0,0,1,8.31698E+20,5.66624E+21,1.37335E+16,5.10517E+16
124154,124155,14,5,24,330,2016,5,17,2,2,5,3,0,0,0,1,0,0,0,0,7.44089E+20,5.62406E+21,1.2458E+16,5.0717E+16
124155,124156,14,6,12,0,2016,5,17,1,3,6,6,0,0,1,0,1,0,0,0,8.36461E+20,5.66364E+21,1.37988E+16,5.10256E+16
124156,124157,14,7,13,0,2016,5,9,4,3,5,2,0,0,1,1,0,0,0,0,7.3131E+20,5.69399E+21,1.23219E+16,5.135E+16
124157,124158,14,7,13,0,2016,5,9,6,2,6,4,0,0,0,1,1,0,0,0,7.36542E+20,5.69302E+21,1.23962E+16,5.13391E+16
124158,124159,14,7,30,80,2016,5,11,1,3,0,1,0,1,0,0,0,1,0,0,7.58408E+20,5.70821E+21,1.27206E+16,5.14659E+16
124159,124160,14,7,29,370,2016,5,17,4,3,6,7,0,0,0,1,1,0,0,0,7.38321E+20,5.67742E+21,1.24114E+16,5.11984E+16
124160,124161,14,6,27,210,2016,5,13,5,3,8,7,0,0,1,0,1,0,0,0,8.26722E+20,5.67208E+21,1.3668E+16,5.11069E+16
124161,124162,14,6,12,0,2016,5,0,1,2,0,1,2,0,1,0,0,0,0,0,8.32191E+20,5.66692E+21,1.37411E+16,5.10575E+16
124162,124163,14,6,12,0,2016,5,14,2,3,0,1,0,0,0,0,0,1,0,0,8.38266E+20,5.66052E+21,1.38215E+16,5.09966E+16
124163,124164,14,6,12,0,2016,5,17,5,3,5,3,0,0,1,1,0,0,0,0,8.27311E+20,5.67031E+21,1.36748E+16,5.10906E+16
124164,124165,14,7,30,230,2016,5,14,1,3,0,7,0,0,0,1,0,0,0,0,7.86695E+20,5.69021E+21,1.31123E+16,5.12909E+16
124165,124166,14,6,25,240,2016,5,12,2,3,3,6,0,0,1,1,0,0,0,0,8.66751E+20,5.71249E+21,1.42789E+16,5.14445E+16
124166,124167,14,7,29,160,2016,5,17,7,3,4,2,0,0,1,0,0,0,0,1,7.71134E+20,5.68628E+21,1.28867E+16,5.12633E+16
124167,124168,14,7,13,0,2016,5,22,1,3,0,3,2,0,1,1,0,0,0,0,7.37818E+20,5.6935E+21,1.24149E+16,5.13429E+16
124168,124169,14,5,11,0,2016,5,15,4,3,5,3,0,0,0,1,0,0,0,0,7.77538E+20,5.63537E+21,1.29393E+16,5.08035E+16
124169,124170,14,7,13,0,2016,5,15,6,3,5,3,0,0,1,1,0,0,0,0,7.37202E+20,5.69252E+21,1.24054E+16,5.13344E+16
124170,124171,14,7,13,0,2016,5,12,6,2,3,5,0,0,0,1,0,1,0,0,7.3666E+20,5.69052E+21,1.23963E+16,5.13167E+16
124171,124172,14,7,29,50,2016,5,7,4,3,5,3,0,0,1,1,0,0,0,0,7.44462E+20,5.66831E+21,1.24929E+16,5.1114E+16
124172,124173,14,6,12,0,2016,5,14,5,2,5,2,0,0,1,1,0,0,0,0,8.32044E+20,5.6647E+21,1.3737E+16,5.10377E+16
124173,124174,14,5,11,0,2016,5,16,6,2,4,2,0,1,0,1,0,0,0,0,7.73521E+20,5.63666E+21,1.28833E+16,5.0817E+16
124174,124175,14,7,29,50,2016,5,16,1,3,1,3,0,0,1,1,0,0,0,0,7.44492E+20,5.66907E+21,1.24938E+16,5.11208E+16
124175,124176,14,7,29,410,2016,6,7,3,3,6,1,0,0,0,0,1,0,0,1,7.60572E+20,5.69764E+21,1.27439E+16,5.13702E+16
124176,124177,14,5,11,0,2016,6,12,5,3,0,7,0,0,0,0,0,0,0,1,7.74611E+20,5.63898E+21,1.29005E+16,5.08373E+16
124177,124178,14,7,13,0,2016,6,16,5,3,4,2,0,0,0,1,0,0,0,0,7.36593E+20,5.69129E+21,1.23958E+16,5.13236E+16
124178,124179,14,5,24,80,2016,6,14,2,3,5,3,0,0,0,1,0,1,0,0,7.49437E+20,5.63503E+21,1.2541E+16,5.08132E+16
124179,124180,14,6,12,0,2016,6,16,6,3,5,2,0,1,1,1,0,0,0,0,8.35989E+20,5.66555E+21,1.37938E+16,5.1043E+16
124180,124181,14,6,25,640,2016,6,17,7,1,4,1,0,0,0,1,0,1,0,0,8.64566E+20,5.70252E+21,1.42374E+16,5.13567E+16
124181,124182,14,6,12,0,2016,6,6,3,3,6,4,0,0,0,1,1,0,0,0,8.3646E+20,5.65971E+21,1.37951E+16,5.09904E+16
124182,124183,14,6,12,0,2016,6,15,4,3,5,3,0,1,1,1,0,0,0,0,8.30932E+20,5.66508E+21,1.37215E+16,5.10418E+16
124183,124184,14,5,24,330,2016,6,8,2,3,5,3,0,0,0,1,0,0,0,1,7.45628E+20,5.62401E+21,1.24797E+16,5.07159E+16
124184,124185,14,7,30,70,2016,6,10,3,2,4,6,0,0,1,0,0,0,0,0,7.3212E+20,5.71329E+21,1.23462E+16,5.15229E+16
124185,124186,14,7,13,0,2016,6,16,6,3,6,4,0,0,0,1,1,0,0,0,7.36486E+20,5.69301E+21,1.23954E+16,5.13391E+16
124186,124187,14,5,11,0,2016,6,18,1,3,2,6,0,1,0,1,0,0,0,0,7.76551E+20,5.63509E+21,1.29251E+16,5.08015E+16
124187,124188,14,5,11,0,2016,6,19,5,3,5,2,0,0,1,1,0,0,0,0,7.74553E+20,5.63918E+21,1.28998E+16,5.08391E+16
124188,124189,14,5,11,0,2016,6,15,6,2,0,1,0,0,1,0,0,0,0,0,7.75259E+20,5.63907E+21,1.29098E+16,5.08378E+16
124189,124190,14,5,22,140,2016,6,15,6,3,6,2,0,1,0,1,1,0,0,0,7.86149E+20,5.64238E+21,1.30666E+16,5.08622E+16
124190,124191,14,5,22,250,2016,6,18,1,3,9,1,0,0,0,0,0,0,1,0,7.77575E+20,5.66769E+21,1.29644E+16,5.10934E+16
124191,124192,14,7,13,0,2016,6,17,2,3,0,2,0,0,1,0,0,0,0,0,7.36053E+20,5.69154E+21,1.23883E+16,5.13261E+16
124192,124193,14,7,30,20,2016,6,14,7,3,5,3,0,0,1,0,0,1,0,0,7.48105E+20,5.72205E+21,1.25823E+16,5.15947E+16
124193,124194,14,7,30,170,2016,6,17,2,3,0,1,0,0,0,1,0,1,0,0,7.91318E+20,5.69562E+21,1.31828E+16,5.13371E+16
124194,124195,14,5,24,330,2016,6,21,5,3,5,3,2,1,1,1,0,0,0,0,7.47E+20,5.62256E+21,1.24981E+16,5.07023E+16
124195,124196,14,7,30,70,2016,6,17,2,3,6,2,0,1,0,1,1,0,0,0,7.31538E+20,5.71334E+21,1.23378E+16,5.15236E+16
124196,124197,14,7,13,0,2016,6,21,7,3,5,5,1,0,1,1,0,0,0,0,7.37358E+20,5.69346E+21,1.24082E+16,5.13428E+16
124197,124198,14,6,12,0,2016,6,6,4,3,0,7,0,0,1,0,0,0,0,1,8.34855E+20,5.66255E+21,1.3775E+16,5.10168E+16
124198,124199,14,5,22,150,2016,6,15,5,3,5,3,0,0,0,1,0,1,0,0,7.83237E+20,5.64739E+21,1.30292E+16,5.09085E+16
124199,124200,14,7,30,110,2016,6,9,2,3,4,2,0,0,0,1,0,0,0,0,7.51118E+20,5.707E+21,1.2615E+16,5.14584E+16
124200,124201,14,7,29,350,2016,6,11,3,3,5,3,0,0,0,1,0,0,0,0,7.25884E+20,5.67373E+21,1.22313E+16,5.11703E+16
124201,124202,14,7,13,0,2016,6,10,6,3,5,3,0,0,1,1,0,0,0,0,7.35544E+20,5.6974E+21,1.23849E+16,5.13789E+16
124202,124203,14,5,11,0,2016,6,7,5,3,5,3,0,0,1,1,0,0,0,0,7.69711E+20,5.63591E+21,1.28288E+16,5.0812E+16
124203,124204,14,7,13,0,2016,6,8,5,3,5,3,0,1,0,1,0,0,0,0,7.35608E+20,5.69442E+21,1.23838E+16,5.13521E+16
124204,124205,14,7,13,0,2016,6,16,7,3,2,6,0,0,0,1,0,0,0,0,7.35657E+20,5.69351E+21,1.23839E+16,5.13439E+16
124205,124206,14,6,12,0,2016,6,15,2,3,0,5,0,0,1,1,0,0,0,0,8.36575E+20,5.66509E+21,1.38017E+16,5.10386E+16
124206,124207,14,7,29,270,2016,6,18,7,2,9,1,0,0,0,1,0,0,0,0,7.25165E+20,5.69129E+21,1.22321E+16,5.13283E+16
124207,124208,14,7,13,0,2016,6,15,5,3,4,2,0,0,0,1,0,0,0,1,7.33782E+20,5.69567E+21,1.23584E+16,5.13641E+16
124208,124209,14,7,29,430,2016,6,18,2,2,0,7,0,0,0,0,0,1,0,0,7.32488E+20,5.67979E+21,1.23296E+16,5.1222E+16
124209,124210,14,7,13,0,2016,6,19,3,3,3,6,0,0,1,0,0,0,0,0,7.39526E+20,5.68732E+21,1.24352E+16,5.12868E+16
124210,124211,14,5,24,320,2016,6,21,4,3,5,3,1,0,1,1,0,0,0,0,7.48381E+20,5.61984E+21,1.25158E+16,5.06773E+16
124211,124212,14,7,13,0,2016,6,21,2,3,0,6,1,0,1,0,0,0,0,0,7.35076E+20,5.69026E+21,1.23734E+16,5.1315E+16
124212,124213,14,6,28,270,2016,6,12,1,3,4,6,0,0,1,1,0,0,0,0,8.48808E+20,5.6574E+21,1.39682E+16,5.09624E+16
124213,124214,14,7,13,0,2016,6,15,3,3,6,2,0,0,0,1,1,0,0,0,7.31733E+20,5.6907E+21,1.23258E+16,5.13203E+16
124214,124215,14,7,13,0,2016,6,16,5,3,5,3,0,0,1,1,0,0,0,0,7.34819E+20,5.69632E+21,1.23737E+16,5.13695E+16
124215,124216,14,6,27,150,2016,6,14,7,3,3,2,0,0,1,1,0,0,0,0,8.26875E+20,5.6798E+21,1.36772E+16,5.11759E+16
124216,124217,14,5,22,490,2016,6,10,2,3,1,7,0,0,0,1,0,0,0,0,7.66259E+20,5.6618E+21,1.27988E+16,5.10459E+16
124217,124218,14,6,26,610,2016,6,10,7,3,2,6,0,0,1,1,0,0,0,0,9.08369E+20,5.6536E+21,1.4808E+16,5.08893E+16
124218,124219,14,7,13,0,2016,6,17,3,3,5,3,0,0,1,1,0,0,0,0,7.4146E+20,5.69296E+21,1.24667E+16,5.13366E+16
124219,124220,14,5,24,330,2016,6,16,4,2,5,2,0,0,1,1,0,0,0,0,7.46341E+20,5.62431E+21,1.249E+16,5.07183E+16
124220,124221,14,7,13,0,2016,6,2,5,3,5,3,2,0,1,1,0,0,0,0,7.32304E+20,5.69199E+21,1.23348E+16,5.13317E+16
124221,124222,14,7,13,0,2016,6,13,2,3,5,3,0,0,1,1,0,0,0,0,7.37757E+20,5.69348E+21,1.2414E+16,5.13428E+16
124222,124223,14,7,29,260,2016,6,14,3,3,1,1,0,0,1,0,0,0,0,1,7.36848E+20,5.68617E+21,1.23961E+16,5.12775E+16
124223,124224,14,7,13,0,2016,6,17,5,3,5,3,0,0,1,1,0,0,0,0,7.36794E+20,5.69378E+21,1.24004E+16,5.13459E+16
124224,124225,14,6,27,10,2016,6,12,7,3,5,3,0,0,1,1,0,0,0,0,8.20955E+20,5.67404E+21,1.35876E+16,5.11277E+16
124225,124226,14,6,27,190,2016,6,18,3,3,5,3,0,0,1,1,0,0,0,0,8.06066E+20,5.69183E+21,1.33907E+16,5.12954E+16
124226,124227,14,7,13,0,2016,6,15,5,3,5,3,0,0,1,1,0,0,0,0,7.3566E+20,5.69656E+21,1.2386E+16,5.13713E+16
124227,124228,14,7,13,0,2016,6,17,3,3,6,4,0,1,1,0,1,0,0,0,7.35006E+20,5.69192E+21,1.23735E+16,5.13299E+16
124228,124229,14,7,13,0,2016,6,20,1,3,0,3,1,1,0,1,0,0,0,1,7.39598E+20,5.6963E+21,1.24423E+16,5.13674E+16
124229,124230,14,6,26,470,2016,6,3,7,2,8,1,2,0,0,1,0,0,0,0,9.02309E+20,5.67371E+21,1.47445E+16,5.10734E+16
124230,124231,14,7,13,0,2016,6,15,3,3,2,6,0,0,0,1,0,1,0,0,7.39786E+20,5.69529E+21,1.24443E+16,5.13582E+16
124231,124232,14,7,13,0,2016,6,11,6,3,4,2,0,0,0,1,0,0,0,0,7.33226E+20,5.69391E+21,1.23493E+16,5.13485E+16
124232,124233,14,5,24,300,2016,6,12,4,3,5,3,0,0,0,1,0,0,1,0,7.37052E+20,5.62919E+21,1.23618E+16,5.0766E+16
124233,124234,14,6,26,610,2016,6,16,5,2,9,1,0,0,0,1,0,0,0,0,9.0722E+20,5.65424E+21,1.47924E+16,5.08959E+16
124234,124235,14,7,13,0,2016,6,7,2,3,5,3,0,0,1,1,0,0,0,0,7.38965E+20,5.69507E+21,1.24324E+16,5.13565E+16
124235,124236,14,7,13,0,2016,6,13,5,2,6,4,0,0,0,0,1,0,0,1,7.3506E+20,5.69043E+21,1.23733E+16,5.13166E+16
124236,124237,14,6,12,0,2016,6,11,3,2,6,4,0,0,0,0,1,0,0,1,8.38338E+20,5.66463E+21,1.38264E+16,5.10334E+16
124237,124238,14,6,12,0,2016,6,18,4,2,5,3,0,0,0,1,0,1,0,0,8.34459E+20,5.66521E+21,1.37718E+16,5.10408E+16
124238,124239,14,7,13,0,2016,6,8,2,3,5,3,0,0,0,1,0,0,0,1,7.34515E+20,5.69539E+21,1.23688E+16,5.13612E+16
124239,124240,14,7,13,0,2016,6,20,3,3,5,2,0,0,1,1,0,0,0,0,7.31242E+20,5.69676E+21,1.23227E+16,5.13749E+16
124240,124241,14,7,13,0,2016,6,10,6,3,5,3,0,0,1,1,0,0,0,0,7.34028E+20,5.69306E+21,1.23603E+16,5.13406E+16
124241,124242,14,5,23,320,2016,6,9,7,3,4,3,0,0,0,1,0,0,0,0,7.22981E+20,5.59992E+21,1.2145E+16,5.05087E+16
124242,124243,14,6,12,0,2016,6,11,4,3,5,3,0,0,1,1,0,0,0,0,8.34534E+20,5.66609E+21,1.37737E+16,5.10487E+16
124243,124244,14,7,13,0,2016,6,11,2,3,5,2,0,0,1,0,0,0,1,0,7.3475E+20,5.69385E+21,1.23711E+16,5.13474E+16
124244,124245,14,7,13,0,2016,6,7,3,2,1,3,0,0,1,1,0,0,0,0,7.4099E+20,5.69396E+21,1.24606E+16,5.13458E+16
124245,124246,14,7,13,0,2016,6,14,6,3,1,2,0,0,0,1,0,0,0,0,7.3649E+20,5.68856E+21,1.23925E+16,5.12992E+16