FID,OBJECTID,ULAND,UREGBEZ,UKREIS,UGEMEINDE,UJAHR,UMONAT,USTUNDE,UWOCHENTAG,UKATEGORIE,UART,UTYP1,ULICHTVERH,IstStrasse,IstRad,IstPKW,IstFuss,IstKrad,IstGkfz,IstSonstig,LINREFX,LINREFY,XGCSWGS84,YGCSWGS84
124246,124247,14,7,29,430,2016,6,15,7,3,5,3,0,0,1,1,0,0,0,0,7.32265E+20,5.67814E+21,1.23253E+16,5.12074E+16
124247,124248,14,7,30,170,2016,6,6,4,3,5,3,0,0,0,0,0,1,0,1,7.91639E+20,5.69595E+21,1.31877E+16,5.13399E+16
124248,124249,14,6,26,610,2016,6,13,2,3,2,6,0,0,0,1,0,1,0,0,9.08739E+20,5.654E+21,1.48137E+16,5.08926E+16
124249,124250,14,6,26,110,2016,6,18,7,3,0,1,0,0,1,0,0,0,0,0,9.18191E+20,5.68304E+21,1.49808E+16,5.11456E+16
124250,124251,14,7,13,0,2016,6,14,2,3,5,3,0,0,1,1,0,0,0,0,7.34794E+20,5.69248E+21,1.23709E+16,5.1335E+16
124251,124252,14,6,27,230,2016,6,13,7,3,5,3,0,0,0,1,0,0,0,0,8.0055E+20,5.692E+21,1.33119E+16,5.12998E+16
124252,124253,14,5,21,120,2016,6,17,4,2,5,3,0,1,1,1,0,0,0,0,7.78249E+20,5.62795E+21,1.29437E+16,5.07366E+16
124253,124254,14,7,13,0,2016,6,18,4,3,5,3,0,0,1,1,0,0,0,0,7.31976E+20,5.69398E+21,1.23314E+16,5.13496E+16
124254,124255,14,5,11,0,2016,6,20,1,2,0,1,0,1,1,0,0,0,0,0,7.747E+20,5.63661E+21,1.29E+16,5.08159E+16
124255,124256,14,7,29,260,2016,6,18,3,3,4,2,0,0,1,0,0,0,0,0,7.39215E+20,5.68382E+21,1.24284E+16,5.12555E+16
124256,124257,14,6,28,270,2016,6,13,6,3,5,3,0,0,1,1,0,0,0,0,8.46783E+20,5.65698E+21,1.39391E+16,5.09598E+16
124257,124258,14,7,13,0,2016,6,13,4,3,3,5,0,0,0,1,0,0,0,0,7.37417E+20,5.69691E+21,1.24114E+16,5.13738E+16
124258,124259,14,7,13,0,2016,6,18,5,3,5,3,0,0,1,1,0,0,0,0,7.29135E+20,5.68864E+21,1.22873E+16,5.13029E+16
124259,124260,14,6,28,150,2016,6,12,7,2,9,1,0,0,0,0,0,1,0,0,8.23132E+20,5.64188E+21,1.35901E+16,5.08382E+16
124260,124261,14,7,13,0,2016,6,17,4,3,5,3,0,0,1,1,0,0,0,0,7.3432E+20,5.69587E+21,1.23663E+16,5.13657E+16
124261,124262,14,5,22,220,2016,6,15,5,2,2,6,0,0,0,1,0,0,1,0,8.56551E+20,5.68176E+21,1.4102E+16,5.11758E+16
124262,124263,14,6,26,50,2016,6,12,5,3,5,3,0,0,1,1,0,0,0,0,9.02417E+20,5.65209E+21,1.47221E+16,5.08799E+16
124263,124264,14,6,12,0,2016,6,11,7,3,5,3,0,0,1,1,0,0,0,0,8.27844E+20,5.66988E+21,1.3682E+16,5.10865E+16
124264,124265,14,6,26,610,2016,6,11,2,3,6,7,0,1,0,1,1,0,0,0,9.08105E+20,5.65474E+21,1.48055E+16,5.08997E+16
124265,124266,14,6,12,0,2016,6,22,7,3,3,6,2,0,1,1,0,0,0,0,8.36406E+20,5.66161E+21,1.37961E+16,5.10074E+16
124266,124267,14,6,25,310,2016,6,11,5,3,1,5,0,0,1,0,0,0,1,0,8.54697E+20,5.71092E+21,1.41046E+16,5.14382E+16
124267,124268,14,6,26,110,2016,6,9,2,3,5,2,0,0,1,1,0,0,0,0,9.15877E+20,5.68314E+21,1.4948E+16,5.11482E+16
124268,124269,14,7,29,10,2016,6,10,3,2,5,3,0,0,1,1,0,0,0,0,7.55621E+20,5.67198E+21,1.26546E+16,5.11421E+16
124269,124270,14,6,25,240,2016,6,8,5,3,0,7,0,0,1,0,0,0,0,0,8.66047E+20,5.71283E+21,1.42692E+16,5.14481E+16
124270,124271,14,6,12,0,2016,6,8,7,2,0,1,0,0,1,0,0,0,0,0,8.33414E+20,5.67414E+21,1.37652E+16,5.11215E+16
124271,124272,14,5,11,0,2016,6,18,2,2,5,3,0,0,0,1,0,0,0,0,7.751E+20,5.63959E+21,1.29079E+16,5.08425E+16
124272,124273,14,6,12,0,2016,6,22,7,3,5,3,2,0,1,1,0,0,0,0,8.35788E+20,5.66596E+21,1.37914E+16,5.10468E+16
124273,124274,14,6,26,85,2016,6,19,3,2,0,1,0,0,1,0,0,0,0,0,8.91115E+20,5.66649E+21,1.45777E+16,5.10166E+16
124274,124275,14,7,13,0,2016,6,15,4,3,1,5,0,0,1,1,0,0,0,0,7.35029E+20,5.69649E+21,1.23769E+16,5.1371E+16
124275,124276,14,6,26,110,2016,6,16,5,3,0,4,0,0,1,0,1,0,0,0,9.18573E+20,5.68385E+21,1.49871E+16,5.11526E+16
124276,124277,14,6,12,0,2016,6,11,2,3,5,3,0,0,0,1,0,0,0,0,8.2955E+20,5.66472E+21,1.37016E+16,5.10393E+16
124277,124278,14,5,21,40,2016,6,16,7,3,4,6,0,0,0,1,0,0,0,0,7.76288E+20,5.62151E+21,1.29112E+16,5.06797E+16
124278,124279,14,7,13,0,2016,6,14,4,3,5,3,0,0,0,1,0,0,0,0,7.29708E+20,5.69034E+21,1.22966E+16,5.13179E+16
124279,124280,14,6,28,270,2016,6,14,5,3,0,7,0,0,1,0,0,0,0,0,8.47224E+20,5.65631E+21,1.39447E+16,5.09536E+16
124280,124281,14,6,27,210,2016,6,13,2,3,5,3,0,0,1,1,0,0,0,0,8.25723E+20,5.67234E+21,1.3654E+16,5.11098E+16
124281,124282,14,6,25,240,2016,6,13,3,3,6,7,0,0,1,0,1,0,0,0,8.65921E+20,5.71219E+21,1.42667E+16,5.14424E+16
124282,124283,14,6,28,270,2016,6,6,5,3,5,3,0,1,1,1,0,0,0,0,8.46065E+20,5.65782E+21,1.39297E+16,5.09678E+16
124283,124284,14,6,12,0,2016,6,18,7,3,6,7,0,0,1,0,1,0,0,0,8.32283E+20,5.66648E+21,1.3742E+16,5.10535E+16
124284,124285,14,7,29,60,2016,6,14,3,3,8,1,0,1,0,1,0,0,0,0,7.46497E+20,5.69414E+21,1.25397E+16,5.1345E+16
124285,124286,14,5,11,0,2016,6,7,4,3,3,6,0,0,0,1,0,0,1,0,7.76564E+20,5.63888E+21,1.29281E+16,5.08354E+16
124286,124287,14,6,26,110,2016,6,2,1,3,2,6,2,0,1,1,0,0,0,0,9.18717E+20,5.68267E+21,1.49878E+16,5.11419E+16
124287,124288,14,6,26,110,2016,6,16,3,3,6,4,0,0,0,1,1,0,0,0,9.1855E+20,5.68388E+21,1.49868E+16,5.11528E+16
124288,124289,14,6,12,0,2016,6,18,6,3,5,3,0,0,1,1,0,0,0,0,8.32045E+20,5.6647E+21,1.3737E+16,5.10377E+16
124289,124290,14,7,13,0,2016,6,10,7,3,0,7,0,0,1,0,0,0,0,0,7.38035E+20,5.69137E+21,1.24166E+16,5.13237E+16
124290,124291,14,7,30,270,2016,6,15,4,3,1,3,0,0,0,1,0,0,0,0,7.22858E+20,5.69986E+21,1.22044E+16,5.14061E+16
124291,124292,14,6,28,270,2016,6,18,5,3,0,1,0,0,1,0,0,0,0,0,8.46545E+20,5.65968E+21,1.39383E+16,5.09842E+16
124292,124293,14,6,27,170,2016,6,17,2,2,8,1,0,0,0,0,0,1,0,0,8.1635E+20,5.68136E+21,1.35285E+16,5.11959E+16
124293,124294,14,6,12,0,2016,6,9,5,3,2,6,0,1,0,1,0,0,0,0,8.29538E+20,5.66481E+21,1.37015E+16,5.10401E+16
124294,124295,14,5,21,230,2016,6,10,1,3,5,3,0,0,0,1,0,1,0,0,7.74289E+20,5.62558E+21,1.2886E+16,5.07172E+16
124295,124296,14,6,12,0,2016,6,14,2,3,5,3,0,0,1,1,0,0,0,0,8.3084E+20,5.66647E+21,1.37215E+16,5.10543E+16
124296,124297,14,6,26,110,2016,6,8,3,3,0,1,0,0,1,0,0,0,0,0,9.18349E+20,5.68364E+21,1.49837E+16,5.11509E+16
124297,124298,14,6,12,0,2016,6,12,5,3,0,6,0,0,0,1,0,0,0,1,8.3604E+20,5.66224E+21,1.37915E+16,5.10133E+16
124298,124299,14,6,12,0,2016,6,18,7,3,5,2,0,0,1,1,0,0,0,0,8.364E+20,5.66543E+21,1.37996E+16,5.10417E+16
124299,124300,14,6,27,10,2016,6,16,3,3,4,2,0,0,0,1,0,1,0,0,8.2075E+20,5.67387E+21,1.35846E+16,5.11263E+16
124300,124301,14,5,11,0,2016,6,14,4,3,8,1,0,0,0,1,0,0,0,0,7.76562E+20,5.63679E+21,1.29265E+16,5.08167E+16
124301,124302,14,6,12,0,2016,6,13,2,3,2,7,0,0,0,0,0,1,0,1,8.30514E+20,5.66384E+21,1.37144E+16,5.10308E+16
124302,124303,14,6,26,110,2016,6,12,3,3,2,6,0,0,0,1,0,0,0,0,9.18124E+20,5.6845E+21,1.49815E+16,5.11587E+16
124303,124304,14,6,27,10,2016,6,15,6,3,6,7,0,0,0,1,1,0,0,0,8.18011E+20,5.67613E+21,1.35475E+16,5.11481E+16
124304,124305,14,7,13,0,2016,6,19,7,3,5,3,0,0,1,1,0,0,0,0,7.39015E+20,5.69767E+21,1.24348E+16,5.13799E+16
124305,124306,14,7,30,300,2016,6,18,4,2,3,2,0,0,0,1,0,1,0,0,7.443E+20,5.6982E+21,1.2511E+16,5.13824E+16
124306,124307,14,6,12,0,2016,6,19,5,3,2,6,0,0,1,0,0,1,0,0,8.36416E+20,5.66542E+21,1.37998E+16,5.10416E+16
124307,124308,14,5,22,180,2016,6,16,5,3,5,3,0,0,0,1,0,1,0,0,8.04159E+20,5.64967E+21,1.33279E+16,5.09183E+16
124308,124309,14,5,21,530,2016,6,16,7,3,3,6,0,0,1,0,0,0,0,1,7.57213E+20,5.61169E+21,1.26349E+16,5.06003E+16
124309,124310,14,7,13,0,2016,6,15,2,3,6,4,0,0,0,1,1,0,0,0,7.35678E+20,5.69609E+21,1.23859E+16,5.13671E+16
124310,124311,14,5,11,0,2016,6,18,7,2,0,1,0,1,1,0,0,0,0,0,7.74197E+20,5.63559E+21,1.28921E+16,5.0807E+16
124311,124312,14,7,13,0,2016,6,17,4,3,5,3,0,0,1,1,0,0,0,0,7.42274E+20,5.69456E+21,1.24794E+16,5.13506E+16
124312,124313,14,5,11,0,2016,6,8,3,3,2,3,0,0,0,1,0,0,0,0,7.72455E+20,5.63835E+21,1.28695E+16,5.08326E+16
124313,124314,14,5,11,0,2016,6,1,7,2,0,1,2,0,1,0,0,0,0,0,7.75473E+20,5.63974E+21,1.29133E+16,5.08436E+16
124314,124315,14,5,24,330,2016,5,10,3,3,6,7,0,0,0,1,1,0,0,0,7.46103E+20,5.62441E+21,1.24867E+16,5.07193E+16
124315,124316,14,6,26,610,2016,6,10,4,3,5,3,0,0,0,1,0,0,0,0,9.08267E+20,5.65388E+21,1.48069E+16,5.08919E+16
124316,124317,14,6,12,0,2016,6,17,2,3,2,6,0,0,1,1,0,0,0,0,8.36703E+20,5.66416E+21,1.38027E+16,5.10302E+16
124317,124318,14,6,28,270,2016,6,11,3,3,5,3,0,0,0,1,0,0,0,0,8.45749E+20,5.65795E+21,1.39253E+16,5.09691E+16
124318,124319,14,6,12,0,2016,6,23,6,3,5,3,2,0,1,1,0,0,0,0,8.36154E+20,5.66634E+21,1.37969E+16,5.105E+16
124319,124320,14,6,25,480,2016,6,12,4,3,1,5,0,0,1,1,0,0,0,0,8.42668E+20,5.67619E+21,1.38989E+16,5.11344E+16
124320,124321,14,5,11,0,2016,6,15,5,3,5,3,0,0,0,1,0,0,0,0,7.77514E+20,5.64078E+21,1.2943E+16,5.0852E+16
124321,124322,14,7,29,380,2016,6,12,6,3,6,2,0,0,0,0,1,0,0,1,7.55911E+20,5.70453E+21,1.26821E+16,5.14341E+16
124322,124323,14,6,12,0,2016,6,15,2,3,5,2,0,0,1,1,0,0,0,0,8.31397E+20,5.66614E+21,1.37291E+16,5.1051E+16
124323,124324,14,7,29,430,2016,6,10,6,2,5,3,0,0,1,1,0,0,0,0,7.32505E+20,5.67991E+21,1.23299E+16,5.12232E+16
124324,124325,14,6,27,210,2016,6,10,5,3,4,1,0,0,1,1,0,0,0,0,8.24365E+20,5.67165E+21,1.36341E+16,5.11044E+16
124325,124326,14,6,12,0,2016,6,16,2,3,5,3,0,0,1,1,0,0,0,0,8.35864E+20,5.66406E+21,1.37907E+16,5.10297E+16
124326,124327,14,6,12,0,2016,6,15,3,3,5,3,0,0,1,1,0,0,0,0,8.29985E+20,5.67075E+21,1.37132E+16,5.10931E+16
124327,124328,14,5,21,530,2016,6,15,5,2,6,4,0,0,0,1,1,0,0,0,7.5717E+20,5.6123E+21,1.26347E+16,5.06059E+16
124328,124329,14,7,13,0,2016,6,10,3,3,5,2,0,0,1,0,0,0,0,1,7.35271E+20,5.6914E+21,1.2377E+16,5.13251E+16
124329,124330,14,6,12,0,2016,6,9,2,3,6,4,0,0,1,0,1,0,0,0,8.34421E+20,5.66588E+21,1.37719E+16,5.10469E+16
124330,124331,14,6,12,0,2016,6,16,3,3,6,4,0,0,0,0,1,0,0,1,8.30381E+20,5.66668E+21,1.37151E+16,5.10564E+16
124331,124332,14,5,24,330,2016,6,16,4,3,5,3,0,0,1,1,0,0,0,0,7.44604E+20,5.62192E+21,1.24639E+16,5.06976E+16
124332,124333,14,5,23,300,2016,6,14,6,3,6,4,0,0,0,0,1,0,0,1,7.25404E+20,5.59107E+21,1.21737E+16,5.04283E+16
124333,124334,14,5,21,450,2016,6,15,2,2,6,1,0,0,1,0,1,0,0,0,7.60967E+20,5.62608E+21,1.2698E+16,5.07278E+16
124334,124335,14,7,13,0,2016,6,21,6,3,4,2,2,0,1,1,0,0,0,0,7.33987E+20,5.69238E+21,1.23592E+16,5.13345E+16
124335,124336,14,6,12,0,2016,6,7,3,3,5,3,0,0,0,1,0,1,0,0,8.31185E+20,5.66389E+21,1.3724E+16,5.1031E+16
124336,124337,14,6,28,260,2016,6,10,4,2,8,1,0,0,1,0,0,0,0,0,8.68491E+20,5.66574E+21,1.42558E+16,5.10248E+16
124337,124338,14,6,12,0,2016,6,16,5,3,5,3,0,0,0,1,0,0,0,0,8.29147E+20,5.66891E+21,1.36996E+16,5.10771E+16
124338,124339,14,6,12,0,2016,6,23,2,2,6,4,2,0,0,0,1,1,0,0,8.31465E+20,5.66695E+21,1.37308E+16,5.10582E+16
124339,124340,14,6,12,0,2016,6,17,3,3,5,3,0,0,0,1,0,0,0,0,8.37264E+20,5.66151E+21,1.38082E+16,5.10061E+16
124340,124341,14,5,22,510,2016,6,17,2,2,6,7,0,0,0,1,1,0,0,0,7.92727E+20,5.66616E+21,1.3179E+16,5.10722E+16
124341,124342,14,5,24,30,2016,6,16,4,3,6,4,0,0,0,1,1,0,0,0,7.38585E+20,5.63469E+21,1.2387E+16,5.08147E+16
124342,124343,14,5,23,320,2016,6,20,6,3,6,4,0,0,0,0,1,1,0,0,7.22495E+20,5.59838E+21,1.21372E+16,5.0495E+16
124343,124344,14,7,13,0,2016,6,13,3,3,4,2,0,0,0,1,0,0,0,0,7.39101E+20,5.69945E+21,1.24373E+16,5.13958E+16
124344,124345,14,5,23,300,2016,5,21,3,2,5,1,2,0,0,1,0,1,0,0,7.24971E+20,5.58876E+21,1.21663E+16,5.04077E+16
124345,124346,14,5,11,0,2016,6,15,2,2,0,7,0,1,1,0,0,0,0,0,7.77281E+20,5.63936E+21,1.29386E+16,5.08394E+16
124346,124347,14,7,13,0,2016,6,17,6,3,2,6,0,0,0,1,0,0,0,0,7.33009E+20,5.69059E+21,1.2344E+16,5.13189E+16
124347,124348,14,6,12,0,2016,6,6,3,3,5,3,0,0,1,1,0,0,0,0,8.39513E+20,5.66102E+21,1.38397E+16,5.10003E+16
124348,124349,14,5,22,460,2016,6,7,6,3,0,7,0,0,0,1,0,1,0,0,7.60268E+20,5.65007E+21,1.27052E+16,5.09434E+16
124349,124350,14,6,27,130,2016,6,16,4,3,8,7,0,0,0,1,0,0,0,0,8.0276E+20,5.67926E+21,1.33328E+16,5.11844E+16
124350,124351,14,6,12,0,2016,6,17,5,3,5,3,0,0,1,1,0,0,0,0,8.33848E+20,5.67278E+21,1.37701E+16,5.11091E+16
124351,124352,14,5,11,0,2016,6,15,2,3,4,2,0,0,1,1,0,0,0,0,7.75867E+20,5.63913E+21,1.29184E+16,5.0838E+16
124352,124353,14,5,23,20,2016,6,9,4,1,4,5,0,0,0,0,0,1,0,1,7.42525E+20,5.5999E+21,1.24201E+16,5.05008E+16
124353,124354,14,5,24,190,2016,6,14,6,3,0,3,0,0,1,1,0,0,0,0,7.43104E+20,5.64082E+21,1.24551E+16,5.08679E+16
124354,124355,14,6,12,0,2016,6,7,3,2,0,1,0,1,1,0,0,0,0,0,8.31958E+20,5.67285E+21,1.37432E+16,5.11108E+16
124355,124356,14,5,23,300,2016,5,17,3,3,1,1,0,0,0,1,0,0,0,0,7.25572E+20,5.58985E+21,1.21754E+16,5.04173E+16
124356,124357,14,5,11,0,2016,6,6,2,3,4,2,0,0,0,1,0,1,0,0,7.74852E+20,5.63845E+21,1.29035E+16,5.08324E+16
124357,124358,14,6,12,0,2016,6,10,3,3,4,6,0,0,1,1,0,0,0,0,8.32825E+20,5.6676E+21,1.37508E+16,5.10632E+16
124358,124359,14,5,21,80,2016,6,19,6,2,4,1,0,0,0,1,0,1,0,0,7.61228E+20,5.60439E+21,1.26864E+16,5.05331E+16
124359,124360,14,7,13,0,2016,6,18,7,3,2,6,0,0,1,1,0,0,0,0,7.34212E+20,5.69216E+21,1.23623E+16,5.13325E+16
124360,124361,14,6,27,100,2016,6,19,4,3,5,3,0,0,1,1,0,0,0,0,8.12696E+20,5.6699E+21,1.34664E+16,5.10951E+16
124361,124362,14,7,13,0,2016,6,12,4,3,3,5,0,1,1,1,0,0,0,0,7.35015E+20,5.6913E+21,1.23732E+16,5.13244E+16
124362,124363,14,5,11,0,2016,6,12,2,3,2,6,0,0,0,1,0,0,0,0,7.75017E+20,5.63916E+21,1.29064E+16,5.08387E+16
124363,124364,14,6,12,0,2016,6,11,3,3,6,2,0,0,0,1,1,0,0,0,8.32682E+20,5.6689E+21,1.37499E+16,5.1075E+16
124364,124365,14,5,11,0,2016,6,13,6,3,3,3,0,0,0,1,0,0,1,0,7.77379E+20,5.63522E+21,1.29369E+16,5.08022E+16
124365,124366,14,7,13,0,2016,6,18,7,3,5,3,0,0,1,1,0,0,0,0,7.36418E+20,5.69268E+21,1.23943E+16,5.13362E+16
124366,124367,14,6,12,0,2016,6,11,4,3,5,3,0,0,0,1,0,0,0,0,8.38294E+20,5.66144E+21,1.38228E+16,5.10048E+16
124367,124368,14,5,22,180,2016,6,9,2,2,0,6,0,0,1,0,0,0,0,0,8.04139E+20,5.64966E+21,1.33276E+16,5.09183E+16
124368,124369,14,7,13,0,2016,6,16,4,3,0,7,0,0,0,0,0,0,0,1,7.35463E+20,5.6933E+21,1.2381E+16,5.13422E+16
124369,124370,14,7,29,220,2016,6,7,2,3,6,4,0,0,0,1,1,0,0,0,7.48352E+20,5.67433E+21,1.25525E+16,5.11664E+16
124370,124371,14,7,13,0,2016,6,12,6,3,5,3,0,0,0,1,0,1,0,0,7.29629E+20,5.70095E+21,1.23023E+16,5.14132E+16
124371,124372,14,7,30,70,2016,5,9,3,2,0,7,0,0,1,0,0,0,0,0,7.30677E+20,5.71306E+21,1.23252E+16,5.15214E+16
124372,124373,14,6,12,0,2016,6,15,4,3,5,3,0,0,0,1,0,0,0,0,8.34998E+20,5.66563E+21,1.37798E+16,5.10443E+16
124373,124374,14,6,12,0,2016,6,6,3,3,2,2,0,0,0,1,0,1,0,0,8.35351E+20,5.66743E+21,1.37865E+16,5.10602E+16
124374,124375,14,5,11,0,2016,6,10,6,2,0,7,0,0,0,0,1,0,0,1,7.75135E+20,5.63723E+21,1.29066E+16,5.08213E+16
124375,124376,14,6,12,0,2016,6,8,4,3,4,2,0,0,1,1,0,0,0,0,8.33097E+20,5.66618E+21,1.37533E+16,5.10504E+16
124376,124377,14,7,13,0,2016,6,14,4,3,1,6,0,1,0,1,0,0,0,1,7.35335E+20,5.6926E+21,1.23787E+16,5.13359E+16
124377,124378,14,6,12,0,2016,6,20,2,3,0,7,1,1,0,0,0,1,0,1,8.36748E+20,5.66664E+21,1.38057E+16,5.10524E+16
124378,124379,14,7,13,0,2016,6,12,6,2,6,4,0,0,0,1,1,0,0,0,7.38701E+20,5.69741E+21,1.24301E+16,5.13777E+16
124379,124380,14,7,13,0,2016,6,15,4,3,2,6,0,1,0,1,0,0,0,0,7.39078E+20,5.68892E+21,1.24299E+16,5.13013E+16
124380,124381,14,7,13,0,2016,6,6,6,2,0,1,0,1,1,0,0,0,0,0,7.29041E+20,5.69868E+21,1.22924E+16,5.13931E+16
124381,124382,14,7,13,0,2016,6,17,2,2,5,3,0,0,0,1,0,0,0,0,7.30412E+20,5.69095E+21,1.23071E+16,5.13231E+16
124382,124383,14,7,29,270,2016,6,6,6,2,0,1,0,1,1,0,0,0,0,0,7.21482E+20,5.68875E+21,1.21777E+16,5.13069E+16
124383,124384,14,7,30,280,2016,5,12,3,3,9,1,0,0,0,1,0,0,0,0,7.42037E+20,5.71033E+21,1.24868E+16,5.14922E+16
124384,124385,14,5,22,260,2016,6,20,4,2,1,5,0,0,1,1,0,0,0,0,7.67176E+20,5.64461E+21,1.27993E+16,5.08913E+16
124385,124386,14,6,12,0,2016,6,8,5,3,3,2,0,0,1,0,0,0,1,0,8.36429E+20,5.66344E+21,1.37981E+16,5.10238E+16
124386,124387,14,5,23,340,2016,6,20,1,3,8,1,1,1,0,1,0,0,0,0,7.35247E+20,5.61521E+21,1.23273E+16,5.06412E+16
124387,124388,14,6,12,0,2016,6,15,3,3,5,2,0,0,1,0,0,0,0,1,8.35564E+20,5.66391E+21,1.37863E+16,5.10286E+16
124388,124389,14,7,13,0,2016,6,20,4,3,5,3,0,0,1,1,0,0,0,0,7.35723E+20,5.69029E+21,1.23827E+16,5.1315E+16
124389,124390,14,5,24,330,2016,6,15,6,2,5,3,0,0,1,1,0,0,0,0,7.46249E+20,5.62438E+21,1.24887E+16,5.0719E+16
124390,124391,14,5,22,480,2016,6,16,2,2,1,7,0,0,0,1,0,1,0,0,8.08428E+20,5.65907E+21,1.33964E+16,5.10004E+16
124391,124392,14,7,13,0,2016,6,8,6,3,6,4,0,0,1,0,1,0,0,0,7.35167E+20,5.69342E+21,1.23768E+16,5.13433E+16
124392,124393,14,6,12,0,2016,6,7,3,3,2,6,0,0,0,1,0,1,0,0,8.35398E+20,5.66742E+21,1.37872E+16,5.10601E+16
124393,124394,14,5,11,0,2016,6,6,4,3,2,6,0,0,0,1,0,0,0,0,7.73961E+20,5.63535E+21,1.28886E+16,5.0805E+16
124394,124395,14,6,12,0,2016,6,15,5,3,6,7,0,0,1,0,1,0,0,0,8.3537E+20,5.66459E+21,1.37842E+16,5.10348E+16
124395,124396,14,7,30,110,2016,6,17,1,3,0,3,0,1,0,1,0,1,0,0,7.5161E+20,5.7066E+21,1.26218E+16,5.14546E+16
124396,124397,14,6,12,0,2016,6,13,3,3,5,3,0,0,1,0,0,1,0,0,8.33228E+20,5.6657E+21,1.37547E+16,5.1046E+16
124397,124398,14,5,11,0,2016,6,20,4,2,1,5,0,0,1,1,0,0,0,0,7.77239E+20,5.63944E+21,1.29381E+16,5.08402E+16
124398,124399,14,6,28,220,2016,6,15,5,2,5,3,0,0,1,1,0,0,0,0,8.3189E+20,5.65453E+21,1.37255E+16,5.09467E+16
124399,124400,14,7,29,410,2016,6,20,1,3,6,4,1,0,0,1,1,0,0,0,7.60428E+20,5.69776E+21,1.27419E+16,5.13713E+16
124400,124401,14,6,12,0,2016,6,9,3,1,2,6,0,0,0,0,0,0,1,0,8.22856E+20,5.66701E+21,1.36084E+16,5.10636E+16
124401,124402,14,7,30,300,2016,6,18,4,3,3,6,0,0,1,1,0,0,0,0,7.42763E+20,5.69839E+21,1.24891E+16,5.13848E+16
124402,124403,14,7,30,230,2016,6,7,6,3,5,3,0,0,0,1,0,1,0,0,7.86214E+20,5.69157E+21,1.31065E+16,5.13033E+16
124403,124404,14,7,13,0,2016,6,17,3,3,4,7,0,1,0,1,0,0,0,1,7.34047E+20,5.69671E+21,1.23629E+16,5.13733E+16
124404,124405,14,7,13,0,2016,6,14,1,1,6,7,0,0,0,1,1,0,0,0,7.26914E+20,5.68966E+21,1.22561E+16,5.1313E+16
124405,124406,14,6,25,20,2016,6,14,6,3,5,3,0,0,1,1,0,0,0,0,8.79441E+20,5.68397E+21,1.44304E+16,5.11809E+16
124406,124407,14,6,12,0,2016,6,15,3,3,0,2,0,0,0,1,0,1,0,0,8.30312E+20,5.6662E+21,1.37137E+16,5.10521E+16
124407,124408,14,5,23,320,2016,6,19,5,2,0,1,0,0,1,0,0,0,0,0,7.24313E+20,5.59998E+21,1.21637E+16,5.05087E+16
124408,124409,14,5,11,0,2016,6,17,4,3,2,2,0,0,0,1,0,1,0,0,7.80598E+20,5.64004E+21,1.29861E+16,5.08439E+16
124409,124410,14,5,22,60,2016,6,17,5,2,8,7,0,0,0,1,0,0,0,0,7.67742E+20,5.64678E+21,1.28089E+16,5.09104E+16
124410,124411,14,7,13,0,2016,6,6,1,2,7,1,0,0,1,0,0,0,0,0,7.34213E+20,5.69212E+21,1.23623E+16,5.1332E+16
124411,124412,14,7,13,0,2016,6,14,4,3,1,6,0,1,0,1,0,0,0,0,7.38227E+20,5.69461E+21,1.24215E+16,5.13527E+16
124412,124413,14,5,21,410,2016,6,18,1,2,4,2,0,0,0,1,0,1,0,0,7.71983E+20,5.63259E+21,1.28585E+16,5.07811E+16
124413,124414,14,5,21,690,2016,6,14,3,3,6,6,0,0,0,1,1,0,0,0,7.87956E+20,5.62814E+21,1.30811E+16,5.07335E+16
124414,124415,14,6,28,270,2016,6,14,6,3,6,2,0,1,0,1,1,0,0,0,8.46789E+20,5.65688E+21,1.39391E+16,5.09589E+16
124415,124416,14,7,29,50,2016,5,7,3,3,6,4,0,0,0,1,1,0,0,0,7.44507E+20,5.66895E+21,1.2494E+16,5.11197E+16
124416,124417,14,7,29,260,2016,6,14,4,3,5,3,0,1,0,1,0,0,0,0,7.3455E+20,5.68626E+21,1.23633E+16,5.12793E+16
124417,124418,14,7,13,0,2016,6,15,6,2,5,3,0,0,1,1,0,0,0,0,7.34807E+20,5.69236E+21,1.2371E+16,5.1334E+16
124418,124419,14,6,27,140,2016,6,16,3,2,4,6,0,0,1,1,0,0,0,0,8.12347E+20,5.67724E+21,1.34678E+16,5.11612E+16
124419,124420,14,7,13,0,2016,5,9,3,3,5,3,0,0,0,1,0,0,0,0,7.29779E+20,5.69114E+21,1.22981E+16,5.13251E+16
124420,124421,14,7,13,0,2016,6,9,1,3,6,4,0,0,0,1,1,0,0,0,7.35417E+20,5.69028E+21,1.23783E+16,5.13151E+16
124421,124422,14,5,22,180,2016,6,22,3,2,5,3,2,0,1,1,0,0,0,0,8.05972E+20,5.64794E+21,1.33521E+16,5.09019E+16