FID,OBJECTID,ULAND,UREGBEZ,UKREIS,UGEMEINDE,UJAHR,UMONAT,USTUNDE,UWOCHENTAG,UKATEGORIE,UART,UTYP1,ULICHTVERH,IstStrasse,IstRad,IstPKW,IstFuss,IstKrad,IstGkfz,IstSonstig,LINREFX,LINREFY,XGCSWGS84,YGCSWGS84
124422,124423,14,5,24,180,2016,6,17,5,3,2,6,0,0,0,1,0,0,0,0,7.65705E+20,5.63985E+21,1.27749E+16,5.08492E+16
124423,124424,14,6,26,85,2016,6,18,7,2,6,7,0,0,0,1,1,0,0,0,8.93288E+20,5.66251E+21,1.46042E+16,5.09795E+16
124424,124425,14,5,11,0,2016,6,14,4,3,2,6,0,0,0,1,0,0,0,1,7.75435E+20,5.6345E+21,1.29088E+16,5.07967E+16
124425,124426,14,6,26,30,2016,6,18,4,3,8,6,0,0,1,1,0,0,0,0,9.08207E+20,5.67133E+21,1.48256E+16,5.1048E+16
124426,124427,14,6,28,130,2016,6,6,6,3,5,3,0,1,0,0,0,1,0,1,8.38559E+20,5.64732E+21,1.38134E+16,5.08781E+16
124427,124428,14,7,13,0,2016,6,7,2,3,5,3,0,0,1,1,0,0,0,0,7.40862E+20,5.69503E+21,1.24595E+16,5.13554E+16
124428,124429,14,6,12,0,2016,6,10,6,3,5,2,0,0,1,1,0,0,0,0,8.37261E+20,5.66151E+21,1.38082E+16,5.10061E+16
124429,124430,14,7,13,0,2016,5,19,3,2,6,2,0,1,0,1,1,0,0,0,7.32138E+20,5.69276E+21,1.2333E+16,5.13386E+16
124430,124431,14,5,23,320,2016,6,14,3,3,0,4,0,0,0,0,1,0,0,1,7.23696E+20,5.59823E+21,1.2154E+16,5.04933E+16
124431,124432,14,6,28,310,2016,6,14,1,3,1,7,0,0,1,1,0,0,0,0,8.57207E+20,5.65754E+21,1.40875E+16,5.09585E+16
124432,124433,14,5,11,0,2016,6,15,3,3,2,6,0,0,0,1,0,0,0,0,7.77362E+20,5.64018E+21,1.29404E+16,5.08467E+16
124433,124434,14,7,13,0,2016,6,22,5,3,5,3,2,0,1,1,0,0,0,0,7.35049E+20,5.69117E+21,1.23737E+16,5.13232E+16
124434,124435,14,6,25,240,2016,6,13,4,3,3,2,0,0,1,1,0,0,0,0,8.57574E+20,5.71035E+21,1.41452E+16,5.14312E+16
124435,124436,14,6,28,270,2016,6,22,1,2,0,7,2,0,0,0,0,1,0,0,8.46399E+20,5.66045E+21,1.39369E+16,5.09911E+16
124436,124437,14,5,11,0,2016,6,16,3,3,5,3,0,0,1,0,0,0,0,0,7.75413E+20,5.63914E+21,1.2912E+16,5.08383E+16
124437,124438,14,7,13,0,2016,6,18,5,3,5,7,0,0,0,1,0,0,0,0,7.36249E+20,5.69974E+21,1.23965E+16,5.13996E+16
124438,124439,14,5,24,80,2016,6,11,3,3,1,1,0,0,0,1,0,0,0,0,7.50155E+20,5.63606E+21,1.25519E+16,5.08221E+16
124439,124440,14,6,27,230,2016,6,8,4,3,3,6,0,0,1,1,0,0,0,0,7.99949E+20,5.69163E+21,1.3303E+16,5.12968E+16
124440,124441,14,6,12,0,2016,6,17,6,3,5,3,0,1,1,1,0,0,0,0,8.33471E+20,5.66254E+21,1.37553E+16,5.10175E+16
124441,124442,14,6,27,60,2016,6,11,2,3,3,2,0,0,1,1,0,0,0,0,8.15475E+20,5.69198E+21,1.35253E+16,5.12916E+16
124442,124443,14,6,12,0,2016,6,22,6,3,0,3,2,1,0,1,0,1,0,0,8.36392E+20,5.66543E+21,1.37995E+16,5.10417E+16
124443,124444,14,5,22,180,2016,6,22,5,3,5,3,2,0,1,1,0,0,0,0,8.05529E+20,5.64966E+21,1.33473E+16,5.09175E+16
124444,124445,14,6,12,0,2016,6,0,1,2,0,1,2,0,1,0,0,0,0,0,8.30742E+20,5.66205E+21,1.37161E+16,5.10147E+16
124445,124446,14,6,27,210,2016,6,17,3,3,3,6,0,0,1,1,0,0,0,0,8.24166E+20,5.67166E+21,1.36312E+16,5.11046E+16
124446,124447,14,6,12,0,2016,6,12,4,2,0,3,0,0,1,1,0,0,0,0,8.2938E+20,5.66981E+21,1.37038E+16,5.1085E+16
124447,124448,14,7,13,0,2016,6,8,6,3,2,6,0,0,0,1,0,0,0,0,7.29384E+20,5.69106E+21,1.22924E+16,5.13245E+16
124448,124449,14,5,11,0,2016,6,11,2,3,5,3,0,0,1,1,0,0,0,0,7.7479E+20,5.63928E+21,1.29033E+16,5.08398E+16
124449,124450,14,6,12,0,2016,6,19,6,3,6,4,0,0,0,1,1,0,0,0,8.32043E+20,5.6687E+21,1.37406E+16,5.10735E+16
124450,124451,14,7,13,0,2016,6,19,6,3,4,2,0,0,1,1,0,0,0,0,7.31445E+20,5.69274E+21,1.2323E+16,5.13387E+16
124451,124452,14,6,12,0,2016,6,7,2,2,5,3,0,0,0,1,0,1,0,0,8.34719E+20,5.66495E+21,1.37752E+16,5.10384E+16
124452,124453,14,6,12,0,2016,6,14,6,3,2,6,0,1,0,0,0,1,0,0,8.36936E+20,5.66619E+21,1.38079E+16,5.10482E+16
124453,124454,14,5,24,330,2016,6,9,3,3,2,6,0,0,0,1,0,0,1,0,7.46178E+20,5.62466E+21,1.24879E+16,5.07215E+16
124454,124455,14,5,11,0,2016,6,19,5,3,8,1,0,0,0,1,0,0,0,0,7.78534E+20,5.63507E+21,1.29531E+16,5.08003E+16
124455,124456,14,6,12,0,2016,6,18,1,3,2,7,0,1,0,1,0,0,0,0,8.35351E+20,5.66743E+21,1.37865E+16,5.10602E+16
124456,124457,14,6,12,0,2016,6,12,1,2,5,3,0,0,0,0,0,1,0,1,8.29092E+20,5.6686E+21,1.36986E+16,5.10743E+16
124457,124458,14,6,12,0,2016,6,15,4,3,5,3,0,0,0,1,0,0,0,0,8.30468E+20,5.66654E+21,1.37163E+16,5.10551E+16
124458,124459,14,7,13,0,2016,6,14,6,3,2,6,0,0,0,1,0,0,0,0,7.351E+20,5.69704E+21,1.23783E+16,5.13758E+16
124459,124460,14,7,13,0,2016,6,23,3,3,1,7,2,1,0,1,0,0,0,0,7.43972E+20,5.69456E+21,1.25038E+16,5.13499E+16
124460,124461,14,7,13,0,2016,5,7,3,3,5,3,0,0,1,0,0,1,0,0,7.42988E+20,5.69399E+21,1.24893E+16,5.13452E+16
124461,124462,14,5,21,390,2016,6,19,1,2,0,1,0,0,1,0,0,0,0,0,7.94141E+20,5.61918E+21,1.31614E+16,5.06501E+16
124462,124463,14,6,12,0,2016,6,20,5,3,0,7,0,0,1,1,0,0,0,0,8.37026E+20,5.66609E+21,1.38091E+16,5.10472E+16
124463,124464,14,7,13,0,2016,6,11,5,2,5,3,0,0,1,1,0,0,0,0,7.35168E+20,5.69359E+21,1.23769E+16,5.13448E+16
124464,124465,14,5,24,120,2016,6,19,2,2,5,3,0,0,0,1,0,1,0,0,7.61071E+20,5.63432E+21,1.27053E+16,5.08017E+16
124465,124466,14,7,29,160,2016,6,12,2,3,0,7,0,0,0,0,0,1,0,1,7.59396E+20,5.68159E+21,1.27154E+16,5.12266E+16
124466,124467,14,7,13,0,2016,6,18,5,3,5,3,0,0,0,1,0,1,0,0,7.39926E+20,5.69356E+21,1.24451E+16,5.13426E+16
124467,124468,14,6,12,0,2016,6,8,4,3,2,6,0,0,0,1,0,0,0,0,8.29573E+20,5.66605E+21,1.37031E+16,5.10512E+16
124468,124469,14,6,12,0,2016,6,18,2,3,2,6,0,0,0,1,0,0,0,0,8.36521E+20,5.66687E+21,1.38026E+16,5.10546E+16
124469,124470,14,7,13,0,2016,6,4,6,3,0,1,1,0,1,1,0,0,0,0,7.37177E+20,5.69336E+21,1.24056E+16,5.1342E+16
124470,124471,14,7,13,0,2016,6,19,2,3,6,4,0,0,0,1,1,0,0,0,7.37218E+20,5.69215E+21,1.24054E+16,5.13311E+16
124471,124472,14,5,11,0,2016,6,17,1,3,5,3,0,0,1,1,0,0,0,0,7.78251E+20,5.63653E+21,1.29502E+16,5.08135E+16
124472,124473,14,6,12,0,2016,6,12,6,3,0,7,0,0,0,1,1,0,0,0,8.36872E+20,5.66661E+21,1.38074E+16,5.1052E+16
124473,124474,14,5,24,80,2016,6,6,6,2,3,6,0,0,1,1,0,0,0,0,7.49615E+20,5.63666E+21,1.25447E+16,5.08277E+16
124474,124475,14,6,12,0,2016,6,14,5,3,5,3,0,0,1,1,0,0,0,0,8.32709E+20,5.66483E+21,1.37466E+16,5.10384E+16
124475,124476,14,7,13,0,2016,6,16,5,3,3,2,0,0,1,1,0,0,0,0,7.34754E+20,5.69105E+21,1.23693E+16,5.13222E+16
124476,124477,14,7,13,0,2016,6,18,2,3,2,6,0,0,1,1,0,0,0,0,7.32648E+20,5.69176E+21,1.23396E+16,5.13295E+16
124477,124478,14,7,13,0,2016,6,22,5,3,5,3,2,0,1,1,0,0,0,0,7.37137E+20,5.69443E+21,1.24057E+16,5.13515E+16
124478,124479,14,6,12,0,2016,6,10,4,3,5,3,0,0,1,1,0,0,0,0,8.31966E+20,5.66652E+21,1.37375E+16,5.1054E+16
124479,124480,14,7,13,0,2016,6,16,1,3,5,3,0,0,0,1,0,0,0,0,7.31737E+20,5.69037E+21,1.23257E+16,5.13174E+16
124480,124481,14,6,12,0,2016,6,7,4,3,3,5,0,0,1,1,0,0,0,0,8.35644E+20,5.66568E+21,1.37891E+16,5.10443E+16
124481,124482,14,7,13,0,2016,6,9,2,3,3,2,0,0,0,1,0,0,0,1,7.33669E+20,5.69471E+21,1.23562E+16,5.13555E+16
124482,124483,14,7,13,0,2016,6,19,5,3,1,5,0,0,1,1,0,0,0,0,7.37888E+20,5.69787E+21,1.24188E+16,5.13821E+16
124483,124484,14,5,21,430,2016,6,17,2,3,0,1,0,0,1,1,0,0,0,0,7.64405E+20,5.62561E+21,1.27463E+16,5.07221E+16
124484,124485,14,6,12,0,2016,6,8,4,3,5,2,0,0,1,1,0,0,0,0,8.38659E+20,5.66214E+21,1.38286E+16,5.10109E+16
124485,124486,14,7,13,0,2016,6,16,6,3,5,3,0,0,0,1,0,0,0,0,7.34018E+20,5.70045E+21,1.2365E+16,5.14069E+16
124486,124487,14,6,12,0,2016,6,7,5,3,5,3,0,0,1,1,0,0,0,0,8.34721E+20,5.66495E+21,1.37753E+16,5.10384E+16
124487,124488,14,7,13,0,2016,6,12,2,3,3,2,0,0,1,1,0,0,0,0,7.35002E+20,5.69224E+21,1.23737E+16,5.13328E+16
124488,124489,14,5,24,330,2016,6,14,7,3,5,2,0,0,1,1,0,0,0,0,7.44086E+20,5.62378E+21,1.24578E+16,5.07145E+16
124489,124490,14,6,12,0,2016,6,10,6,3,4,1,0,0,0,1,0,0,0,1,8.3656E+20,5.66384E+21,1.38004E+16,5.10273E+16
124490,124491,14,6,12,0,2016,6,13,5,2,2,7,0,0,0,0,0,0,0,1,8.36317E+20,5.66329E+21,1.37964E+16,5.10226E+16
124491,124492,14,7,13,0,2016,6,12,5,3,0,7,0,0,0,1,0,0,0,0,7.36748E+20,5.6888E+21,1.23964E+16,5.13012E+16
124492,124493,14,5,21,450,2016,6,18,4,3,5,3,0,0,0,1,0,0,0,0,7.62754E+20,5.62278E+21,1.27209E+16,5.06974E+16
124493,124494,14,7,13,0,2016,6,21,7,3,3,3,0,0,1,1,0,0,0,0,7.36681E+20,5.6898E+21,1.23961E+16,5.13102E+16
124494,124495,14,5,21,20,2016,6,7,4,2,8,1,0,0,0,1,0,0,0,0,7.83502E+20,5.61083E+21,1.30049E+16,5.05804E+16
124495,124496,14,7,13,0,2016,6,12,5,2,5,3,0,0,1,1,0,0,0,0,7.42019E+20,5.694E+21,1.24754E+16,5.13456E+16
124496,124497,14,7,13,0,2016,6,17,2,3,6,5,0,0,0,1,1,0,0,0,7.32509E+20,5.69133E+21,1.23374E+16,5.13257E+16
124497,124498,14,7,13,0,2016,6,15,7,3,3,6,0,0,0,1,0,0,0,0,7.34792E+20,5.69251E+21,1.23708E+16,5.13353E+16
124498,124499,14,5,21,590,2016,6,8,5,2,5,3,0,0,1,1,0,0,0,0,7.67998E+20,5.62526E+21,1.27968E+16,5.07173E+16
124499,124500,14,7,13,0,2016,6,7,2,3,5,3,0,0,1,1,0,0,0,0,7.31019E+20,5.69399E+21,1.23177E+16,5.13501E+16
124500,124501,14,5,24,30,2016,6,12,6,2,6,7,0,0,0,1,1,0,0,0,7.38861E+20,5.63464E+21,1.23909E+16,5.08141E+16
124501,124502,14,7,13,0,2016,6,12,7,3,5,3,0,0,1,1,0,0,0,0,7.40785E+20,5.69523E+21,1.24586E+16,5.13572E+16
124502,124503,14,7,13,0,2016,6,23,5,2,4,2,2,0,0,1,0,0,0,0,7.34796E+20,5.69248E+21,1.23709E+16,5.13351E+16
124503,124504,14,6,12,0,2016,6,9,4,3,2,2,0,1,0,1,0,0,0,0,8.29154E+20,5.67014E+21,1.37009E+16,5.10881E+16
124504,124505,14,7,13,0,2016,6,10,7,3,0,7,0,0,1,0,0,0,0,0,7.40935E+20,5.68721E+21,1.24553E+16,5.12852E+16
124505,124506,14,5,21,30,2016,6,14,4,3,3,6,0,0,0,1,0,0,1,0,7.61767E+20,5.6105E+21,1.26983E+16,5.05876E+16
124506,124507,14,7,13,0,2016,6,11,7,2,4,6,0,0,0,1,0,0,0,0,7.37617E+20,5.69479E+21,1.24128E+16,5.13546E+16
124507,124508,14,5,22,420,2016,6,14,5,3,8,1,0,0,0,0,0,1,0,0,7.82283E+20,5.64439E+21,1.30134E+16,5.08821E+16
124508,124509,14,7,13,0,2016,6,7,5,3,4,2,0,0,1,0,0,1,0,0,7.3178E+20,5.69174E+21,1.23272E+16,5.13296E+16
124509,124510,14,7,13,0,2016,6,14,2,3,5,3,0,0,0,1,0,1,0,0,7.40536E+20,5.68913E+21,1.24509E+16,5.13026E+16
124510,124511,14,7,13,0,2016,6,18,7,3,4,2,0,1,0,1,0,0,0,0,7.3542E+20,5.69025E+21,1.23783E+16,5.13148E+16
124511,124512,14,7,13,0,2016,6,11,5,3,5,3,0,0,0,1,0,0,0,1,7.35629E+20,5.69594E+21,1.23851E+16,5.13657E+16
124512,124513,14,6,12,0,2016,6,10,4,3,8,1,0,1,0,1,0,0,0,0,8.3376E+20,5.66401E+21,1.37607E+16,5.10305E+16
124513,124514,14,6,12,0,2016,6,15,2,3,3,6,0,0,0,1,0,0,1,0,8.3532E+20,5.66404E+21,1.37829E+16,5.10298E+16
124514,124515,14,7,29,430,2016,6,14,5,2,5,3,0,0,1,1,0,0,0,0,7.32505E+20,5.67992E+21,1.23299E+16,5.12232E+16
124515,124516,14,6,25,380,2016,6,15,2,3,4,2,0,0,0,1,0,0,1,0,8.7139E+20,5.67402E+21,1.43054E+16,5.10971E+16
124516,124517,14,5,22,180,2016,6,8,7,3,5,3,0,0,0,1,0,0,0,0,8.05965E+20,5.64924E+21,1.33531E+16,5.09136E+16
124517,124518,14,5,11,0,2016,6,15,4,2,0,1,0,0,1,0,0,0,0,0,7.77857E+20,5.63871E+21,1.29463E+16,5.08333E+16
124518,124519,14,6,25,240,2016,6,3,7,3,0,1,2,1,1,0,0,0,0,0,8.64659E+20,5.71153E+21,1.42479E+16,5.14373E+16
124519,124520,14,5,21,400,2016,6,16,6,2,9,1,0,0,1,1,0,0,0,0,7.87005E+20,5.61203E+21,1.30551E+16,5.05895E+16
124520,124521,14,5,11,0,2016,6,15,5,3,5,3,0,0,0,1,0,0,0,0,7.77208E+20,5.6391E+21,1.29374E+16,5.08371E+16
124521,124522,14,7,29,410,2016,6,13,5,3,5,2,0,0,0,1,0,1,0,0,7.67376E+20,5.69509E+21,1.28395E+16,5.13441E+16
124522,124523,14,7,29,410,2016,6,13,2,3,5,3,0,0,1,1,0,0,0,0,7.59657E+20,5.69851E+21,1.27314E+16,5.13784E+16
124523,124524,14,7,13,0,2016,6,10,2,3,6,4,0,0,0,1,1,0,0,0,7.38414E+20,5.69515E+21,1.24245E+16,5.13575E+16
124524,124525,14,6,25,480,2016,6,6,5,3,2,6,0,0,0,1,0,0,0,0,8.42667E+20,5.67381E+21,1.38966E+16,5.11131E+16
124525,124526,14,6,12,0,2016,6,15,2,2,5,2,0,0,0,1,0,0,0,1,8.2794E+20,5.66495E+21,1.36789E+16,5.10423E+16
124526,124527,14,7,13,0,2016,6,6,6,3,1,1,0,0,0,1,0,0,0,0,7.34093E+20,5.69664E+21,1.23635E+16,5.13726E+16
124527,124528,14,7,13,0,2016,6,10,2,3,1,5,0,0,1,1,0,0,0,0,7.35995E+20,5.69334E+21,1.23886E+16,5.13423E+16
124528,124529,14,6,12,0,2016,6,19,7,3,6,6,0,0,1,0,1,0,0,0,8.37006E+20,5.66473E+21,1.38075E+16,5.10351E+16
124529,124530,14,5,21,20,2016,6,7,6,3,2,6,0,0,0,1,0,1,0,0,7.83846E+20,5.61077E+21,1.30097E+16,5.05797E+16
124530,124531,14,5,23,340,2016,6,18,6,3,5,3,0,0,0,1,0,1,0,0,7.33066E+20,5.61347E+21,1.22954E+16,5.06264E+16
124531,124532,14,7,13,0,2016,6,7,6,3,5,3,0,0,1,1,0,0,0,0,7.33005E+20,5.69191E+21,1.23448E+16,5.13307E+16
124532,124533,14,7,13,0,2016,6,18,2,3,2,6,0,0,0,1,0,0,0,0,7.34288E+20,5.69552E+21,1.23656E+16,5.13625E+16
124533,124534,14,5,22,150,2016,6,10,7,3,6,6,0,1,0,0,1,1,0,0,7.84415E+20,5.64757E+21,1.30461E+16,5.09095E+16
124534,124535,14,5,11,0,2016,6,12,6,3,5,3,0,0,1,1,0,0,0,0,7.78085E+20,5.63527E+21,1.29469E+16,5.08023E+16
124535,124536,14,7,13,0,2016,6,18,6,3,2,6,0,0,1,1,0,0,0,0,7.36635E+20,5.69225E+21,1.23971E+16,5.13322E+16
124536,124537,14,5,21,500,2016,6,20,5,3,6,4,0,0,1,0,1,0,0,0,7.71972E+20,5.60479E+21,1.2838E+16,5.05317E+16
124537,124538,14,7,13,0,2016,6,18,2,3,2,6,0,0,1,1,0,0,0,0,7.3698E+20,5.69303E+21,1.24025E+16,5.1339E+16
124538,124539,14,7,13,0,2016,6,11,2,3,5,3,0,0,1,0,0,0,0,1,7.32267E+20,5.69198E+21,1.23343E+16,5.13316E+16
124539,124540,14,5,24,90,2016,6,11,3,3,0,6,0,0,1,1,0,0,0,0,7.59239E+20,5.61925E+21,1.26688E+16,5.06673E+16
124540,124541,14,5,21,550,2016,6,15,2,2,5,2,0,0,0,1,0,1,0,0,7.67375E+20,5.60457E+21,1.27731E+16,5.05319E+16
124541,124542,14,7,30,70,2016,6,15,3,3,1,5,0,0,1,1,0,0,0,0,7.31677E+20,5.71339E+21,1.23398E+16,5.1524E+16
124542,124543,14,7,13,0,2016,6,10,6,3,8,7,0,0,0,0,0,0,0,1,7.3541E+20,5.69339E+21,1.23803E+16,5.1343E+16
124543,124544,14,5,11,0,2016,6,10,5,2,0,1,0,0,1,0,0,0,0,0,7.747E+20,5.63766E+21,1.29008E+16,5.08254E+16
124544,124545,14,5,24,30,2016,6,14,6,3,1,5,0,0,1,1,0,0,0,0,7.38677E+20,5.63417E+21,1.2388E+16,5.081E+16
124545,124546,14,5,21,20,2016,6,17,7,3,4,1,0,0,1,1,0,0,0,0,7.84342E+20,5.61212E+21,1.30177E+16,5.05916E+16
124546,124547,14,5,23,320,2016,6,15,5,3,1,5,0,0,1,1,0,0,0,0,7.21773E+20,5.60045E+21,1.21283E+16,5.05139E+16
124547,124548,14,5,11,0,2016,6,13,5,2,4,1,0,0,0,1,0,0,0,0,7.74333E+20,5.63703E+21,1.28951E+16,5.08199E+16
124548,124549,14,6,25,130,2016,6,6,5,3,5,2,0,0,0,1,0,0,0,0,8.58841E+20,5.68381E+21,1.41367E+16,5.11927E+16
124549,124550,14,6,12,0,2016,6,9,4,3,3,5,0,1,1,1,0,0,0,0,8.33614E+20,5.66368E+21,1.37584E+16,5.10277E+16
124550,124551,14,5,24,330,2016,6,8,4,3,0,7,0,0,1,0,1,0,0,0,7.46743E+20,5.62385E+21,1.24954E+16,5.0714E+16
124551,124552,14,6,25,240,2016,6,8,5,3,5,3,0,0,1,1,0,0,0,0,8.6367E+20,5.71129E+21,1.42335E+16,5.14358E+16
124552,124553,14,7,13,0,2016,6,16,2,3,5,2,0,0,1,1,0,0,0,0,7.32392E+20,5.69154E+21,1.23358E+16,5.13276E+16
124553,124554,14,6,25,240,2016,6,22,5,3,0,7,2,1,1,0,0,0,0,0,8.66096E+20,5.71252E+21,1.42695E+16,5.14452E+16
124554,124555,14,7,30,70,2016,6,16,3,3,5,3,0,0,1,1,0,0,0,0,7.31698E+20,5.71341E+21,1.23402E+16,5.15242E+16
124555,124556,14,6,25,20,2016,6,17,1,3,5,3,0,0,1,1,0,0,0,0,8.77657E+20,5.68441E+21,1.44054E+16,5.1186E+16
124556,124557,14,7,29,50,2016,6,16,3,3,0,7,0,0,1,0,1,0,0,0,7.44636E+20,5.66928E+21,1.2496E+16,5.11227E+16
124557,124558,14,7,13,0,2016,6,13,5,3,6,4,0,0,0,1,1,0,0,0,7.31599E+20,5.69072E+21,1.23239E+16,5.13206E+16
124558,124559,14,7,13,0,2016,6,11,2,3,1,5,0,0,1,1,0,0,0,0,7.3669E+20,5.69723E+21,1.24012E+16,5.13769E+16
124559,124560,14,5,11,0,2016,6,9,7,3,3,2,0,0,0,1,0,0,0,1,7.73758E+20,5.6343E+21,1.28849E+16,5.07957E+16
124560,124561,14,6,25,20,2016,6,16,5,3,5,3,0,0,0,1,0,0,0,0,8.79034E+20,5.68268E+21,1.44232E+16,5.11696E+16
124561,124562,14,6,12,0,2016,6,10,4,3,3,7,0,1,0,1,0,0,0,0,8.3692E+20,5.66652E+21,1.3808E+16,5.10512E+16
124562,124563,14,6,12,0,2016,6,23,7,3,4,1,2,1,0,1,0,0,0,0,8.36044E+20,5.66309E+21,1.37924E+16,5.10209E+16
124563,124564,14,7,13,0,2016,6,16,3,3,5,2,0,0,1,1,0,0,0,0,7.36483E+20,5.69301E+21,1.23954E+16,5.13391E+16
124564,124565,14,5,11,0,2016,6,23,7,3,9,1,2,0,0,1,0,0,0,0,7.74544E+20,5.63452E+21,1.28962E+16,5.07973E+16
124565,124566,14,5,24,230,2016,6,11,4,3,5,3,0,0,1,1,0,0,0,0,7.62044E+20,5.63245E+21,1.27178E+16,5.07845E+16
124566,124567,14,6,26,580,2016,6,7,5,2,0,1,0,0,1,0,0,0,0,0,9.06807E+20,5.68934E+21,1.4826E+16,5.12101E+16
124567,124568,14,7,13,0,2016,6,10,7,3,5,3,0,0,1,1,0,0,0,0,7.35303E+20,5.69362E+21,1.23789E+16,5.1345E+16
124568,124569,14,7,13,0,2016,6,22,3,3,5,3,2,0,1,0,0,1,0,0,7.31779E+20,5.69174E+21,1.23272E+16,5.13296E+16
124569,124570,14,5,24,100,2016,6,19,4,2,5,3,0,0,0,0,0,1,0,1,7.50568E+20,5.61112E+21,1.25408E+16,5.05981E+16
124570,124571,14,6,12,0,2016,6,10,5,3,0,6,0,0,0,1,0,0,0,1,8.40574E+20,5.66074E+21,1.38545E+16,5.09972E+16
124571,124572,14,7,13,0,2016,6,19,2,3,5,3,0,0,0,1,0,0,0,0,7.37776E+20,5.69374E+21,1.24144E+16,5.13451E+16
124572,124573,14,5,24,330,2016,6,11,6,3,1,5,0,1,1,1,0,0,0,0,7.46591E+20,5.6251E+21,1.2494E+16,5.07253E+16
124573,124574,14,6,27,230,2016,6,9,5,3,0,7,0,0,1,1,0,0,0,0,7.99614E+20,5.69251E+21,1.3299E+16,5.13049E+16
124574,124575,14,6,12,0,2016,6,16,4,3,1,5,0,0,1,1,0,0,0,0,8.35325E+20,5.66624E+21,1.3785E+16,5.10496E+16
124575,124576,14,6,27,60,2016,6,11,2,3,5,3,0,0,1,1,0,0,0,0,8.15636E+20,5.692E+21,1.35277E+16,5.12916E+16
124576,124577,14,7,13,0,2016,6,13,6,2,5,3,0,0,0,1,0,1,0,0,7.36739E+20,5.68685E+21,1.2395E+16,5.12837E+16
124577,124578,14,5,11,0,2016,6,17,7,2,5,3,0,0,1,1,0,0,0,0,7.75413E+20,5.63448E+21,1.29085E+16,5.07965E+16
124578,124579,14,7,29,300,2016,6,10,6,3,5,3,0,1,0,1,0,0,0,0,7.50263E+20,5.687E+21,1.25886E+16,5.12792E+16
124579,124580,14,5,23,120,2016,6,9,5,3,6,6,0,0,0,0,1,0,0,1,7.39157E+20,5.59801E+21,1.23715E+16,5.04852E+16
124580,124581,14,7,13,0,2016,6,20,6,2,5,3,0,0,0,1,0,0,0,0,7.33824E+20,5.69256E+21,1.2357E+16,5.13361E+16
124581,124582,14,7,29,300,2016,6,20,4,3,8,1,0,0,0,1,0,0,0,0,7.49983E+20,5.68786E+21,1.25852E+16,5.12871E+16
124582,124583,14,6,12,0,2016,6,7,5,3,3,5,0,0,1,1,0,0,0,0,8.29607E+20,5.67104E+21,1.37081E+16,5.10959E+16
124583,124584,14,7,13,0,2016,6,17,2,3,5,2,0,0,1,1,0,0,0,0,7.3355E+20,5.69311E+21,1.23534E+16,5.13412E+16
124584,124585,14,7,13,0,2016,6,8,2,3,4,2,0,0,1,1,0,0,0,0,7.32611E+20,5.6923E+21,1.23395E+16,5.13344E+16
124585,124586,14,6,28,270,2016,6,15,5,3,5,2,0,0,1,1,0,0,0,0,8.48163E+20,5.65628E+21,1.3958E+16,5.09528E+16
124586,124587,14,7,13,0,2016,6,17,3,3,3,2,0,0,1,1,0,0,0,0,7.3285E+20,5.69055E+21,1.23417E+16,5.13185E+16
124587,124588,14,5,22,240,2016,6,13,3,2,4,6,0,0,1,1,0,0,0,0,8.06628E+20,5.65567E+21,1.33679E+16,5.09708E+16
124588,124589,14,7,13,0,2016,6,6,2,2,4,6,0,0,0,1,0,0,0,0,7.38161E+20,5.69228E+21,1.2419E+16,5.13319E+16
124589,124590,14,7,13,0,2016,6,16,6,3,2,2,0,0,0,1,0,0,0,0,7.35256E+20,5.68891E+21,1.23751E+16,5.13028E+16
124590,124591,14,6,12,0,2016,6,9,5,3,5,3,0,0,0,1,0,0,0,0,8.28954E+20,5.66914E+21,1.36971E+16,5.10793E+16
124591,124592,14,6,12,0,2016,6,7,4,3,1,6,0,1,0,1,0,0,1,0,8.30905E+20,5.6667E+21,1.37226E+16,5.10562E+16
124592,124593,14,6,12,0,2016,6,15,2,3,5,3,0,0,1,1,0,0,0,0,8.32521E+20,5.6645E+21,1.37436E+16,5.10356E+16
124593,124594,14,7,13,0,2016,6,18,6,3,5,3,0,0,1,1,0,0,0,0,7.42237E+20,5.69459E+21,1.24789E+16,5.13509E+16
124594,124595,14,6,25,200,2016,6,18,2,3,0,7,0,0,1,0,0,0,0,0,8.50554E+20,5.67774E+21,1.40126E+16,5.11435E+16
124595,124596,14,6,25,480,2016,6,14,6,3,4,1,0,1,0,1,0,0,0,0,8.45256E+20,5.67069E+21,1.39304E+16,5.10835E+16
124596,124597,14,7,30,310,2016,6,20,5,3,0,7,0,0,1,0,0,0,0,0,7.77526E+20,5.71981E+21,1.30043E+16,5.1561E+16
124597,124598,14,7,13,0,2016,6,14,6,2,9,1,0,0,0,0,0,1,0,0,7.37142E+20,5.69189E+21,1.24041E+16,5.13287E+16
124598,124599,14,7,29,160,2016,6,19,4,2,4,2,0,0,1,1,0,0,0,0,7.59503E+20,5.68263E+21,1.27177E+16,5.12359E+16