FID,OBJECTID,ULAND,UREGBEZ,UKREIS,UGEMEINDE,UJAHR,UMONAT,USTUNDE,UWOCHENTAG,UKATEGORIE,UART,UTYP1,ULICHTVERH,IstStrasse,IstRad,IstPKW,IstFuss,IstKrad,IstGkfz,IstSonstig,LINREFX,LINREFY,XGCSWGS84,YGCSWGS84
124599,124600,14,6,12,0,2016,6,16,5,3,6,4,0,0,0,1,1,0,0,0,8.35612E+20,5.66467E+21,1.37877E+16,5.10354E+16
124600,124601,14,7,13,0,2016,6,13,2,2,0,1,0,0,1,0,0,0,0,0,7.34632E+20,5.69538E+21,1.23704E+16,5.13611E+16
124601,124602,14,5,11,0,2016,6,19,5,3,2,6,0,0,0,1,0,0,0,1,7.74994E+20,5.63773E+21,1.2905E+16,5.08258E+16
124602,124603,14,7,13,0,2016,6,21,3,3,0,1,2,0,0,0,0,1,0,0,7.38635E+20,5.6936E+21,1.24266E+16,5.13435E+16
124603,124604,14,7,13,0,2016,6,22,1,3,4,2,2,0,1,1,0,0,0,0,7.37235E+20,5.6927E+21,1.2406E+16,5.1336E+16
124604,124605,14,7,13,0,2016,6,22,3,3,0,1,2,0,1,0,0,0,0,0,7.38698E+20,5.69362E+21,1.24276E+16,5.13437E+16
124605,124606,14,7,13,0,2016,6,19,4,3,6,4,0,0,0,1,1,0,0,0,7.35105E+20,5.69488E+21,1.23769E+16,5.13565E+16
124606,124607,14,6,12,0,2016,6,19,2,2,0,1,0,0,1,0,0,0,0,0,8.32161E+20,5.66684E+21,1.37406E+16,5.10568E+16
124607,124608,14,7,13,0,2016,6,18,3,3,3,5,0,0,1,1,0,0,0,0,7.37028E+20,5.69376E+21,1.24037E+16,5.13457E+16
124608,124609,14,6,25,240,2016,6,10,6,3,3,2,0,0,1,1,0,0,0,0,8.66463E+20,5.71233E+21,1.42746E+16,5.14433E+16
124609,124610,14,7,13,0,2016,6,11,4,3,6,7,0,0,0,0,1,0,0,1,7.35031E+20,5.69296E+21,1.23746E+16,5.13393E+16
124610,124611,14,6,25,240,2016,6,16,2,3,1,5,0,0,1,1,0,0,0,0,8.65482E+20,5.71205E+21,1.42603E+16,5.14414E+16
124611,124612,14,6,26,300,2016,6,10,6,3,8,6,0,1,0,1,0,0,0,0,9.10929E+20,5.68209E+21,1.48764E+16,5.11424E+16
124612,124613,14,7,30,110,2016,6,19,5,3,0,3,0,0,1,1,0,0,0,0,7.54009E+20,5.70802E+21,1.26573E+16,5.14663E+16
124613,124614,14,7,13,0,2016,6,21,4,3,5,3,0,0,1,1,0,0,0,0,7.34994E+20,5.68965E+21,1.23719E+16,5.13095E+16
124614,124615,14,5,22,180,2016,6,15,5,3,0,1,0,0,1,0,0,0,0,0,8.04778E+20,5.64911E+21,1.33362E+16,5.0913E+16
124615,124616,14,6,25,480,2016,6,6,2,3,5,2,0,0,0,1,0,1,0,0,8.43956E+20,5.6755E+21,1.39165E+16,5.11275E+16
124616,124617,14,7,13,0,2016,6,13,3,2,5,3,0,0,0,1,0,0,0,0,7.35263E+20,5.69522E+21,1.23794E+16,5.13594E+16
124617,124618,14,5,22,60,2016,6,15,1,3,3,6,0,0,1,1,0,0,0,0,7.67774E+20,5.64699E+21,1.28095E+16,5.09124E+16
124618,124619,14,6,26,610,2016,6,5,3,3,5,3,0,0,0,1,0,0,0,0,9.08473E+20,5.65427E+21,1.48102E+16,5.08952E+16
124619,124620,14,6,27,210,2016,6,9,5,3,1,7,0,0,1,1,0,0,0,0,8.24327E+20,5.67166E+21,1.36335E+16,5.11045E+16
124620,124621,14,6,25,380,2016,6,15,2,2,5,3,0,0,1,1,0,0,0,0,8.69319E+20,5.67351E+21,1.42755E+16,5.10939E+16
124621,124622,14,6,25,240,2016,6,13,6,3,5,3,0,1,0,1,0,0,0,1,8.63473E+20,5.71125E+21,1.42307E+16,5.14356E+16
124622,124623,14,5,11,0,2016,6,12,5,3,4,6,0,0,1,0,0,0,0,0,7.75536E+20,5.63766E+21,1.29126E+16,5.0825E+16
124623,124624,14,6,26,300,2016,6,16,2,3,5,3,0,0,0,1,0,0,0,0,9.13978E+20,5.67969E+21,1.4917E+16,5.11187E+16
124624,124625,14,6,28,160,2016,6,14,2,2,6,4,0,0,0,1,1,0,0,0,8.41337E+20,5.65886E+21,1.38636E+16,5.09799E+16
124625,124626,14,6,12,0,2016,6,10,6,3,1,7,0,1,1,1,0,0,0,0,8.31142E+20,5.66897E+21,1.37281E+16,5.10765E+16
124626,124627,14,5,11,0,2016,6,19,5,3,2,6,0,0,0,1,0,0,0,1,7.74994E+20,5.63773E+21,1.2905E+16,5.08258E+16
124627,124628,14,5,11,0,2016,6,16,4,3,5,3,0,0,0,1,0,0,0,0,7.71161E+20,5.63785E+21,1.28508E+16,5.08287E+16
124628,124629,14,7,13,0,2016,6,14,7,2,0,1,0,0,1,0,0,0,0,0,7.31531E+20,5.69162E+21,1.23235E+16,5.13287E+16
124629,124630,14,6,25,250,2016,6,14,3,3,5,3,0,0,1,1,0,0,0,0,8.56635E+20,5.69197E+21,1.41134E+16,5.12673E+16
124630,124631,14,6,12,0,2016,6,8,6,3,2,6,1,1,0,1,0,0,0,0,8.32706E+20,5.66917E+21,1.37505E+16,5.10774E+16
124631,124632,14,7,29,260,2016,6,20,4,3,1,1,0,0,1,1,0,0,0,0,7.34977E+20,5.68583E+21,1.23691E+16,5.12753E+16
124632,124633,14,6,12,0,2016,6,21,5,3,3,6,1,0,1,0,0,0,0,0,8.30229E+20,5.66903E+21,1.37151E+16,5.10775E+16
124633,124634,14,6,27,140,2016,6,9,2,3,4,7,0,0,1,1,0,0,0,0,8.12048E+20,5.67686E+21,1.34632E+16,5.11579E+16
124634,124635,14,6,12,0,2016,6,9,6,3,5,3,0,1,0,1,0,0,0,1,8.34788E+20,5.66669E+21,1.37778E+16,5.10539E+16
124635,124636,14,6,28,110,2016,6,8,2,3,5,3,0,0,1,1,0,0,0,0,8.26014E+20,5.66061E+21,1.36476E+16,5.10045E+16
124636,124637,14,5,11,0,2016,6,21,5,3,5,3,2,0,1,0,0,0,0,0,7.76018E+20,5.63853E+21,1.29201E+16,5.08326E+16
124637,124638,14,5,11,0,2016,6,11,4,3,5,3,0,0,0,1,0,0,0,1,7.75895E+20,5.63993E+21,1.29194E+16,5.08452E+16
124638,124639,14,6,12,0,2016,6,17,2,3,5,3,0,0,1,1,0,0,0,0,8.30589E+20,5.66984E+21,1.3721E+16,5.10846E+16
124639,124640,14,6,25,330,2016,6,17,6,3,0,6,0,0,0,0,1,0,0,1,8.7547E+20,5.70953E+21,1.44007E+16,5.14124E+16
124640,124641,14,6,12,0,2016,6,0,7,2,1,1,2,0,1,1,0,0,0,0,8.32907E+20,5.66762E+21,1.37519E+16,5.10634E+16
124641,124642,14,6,25,240,2016,6,7,3,3,8,1,0,1,0,0,0,1,0,0,8.66603E+20,5.71242E+21,1.42767E+16,5.14441E+16
124642,124643,14,6,12,0,2016,6,19,6,3,2,6,0,0,0,1,0,0,0,0,8.32242E+20,5.66648E+21,1.37414E+16,5.10535E+16
124643,124644,14,7,29,360,2016,6,16,5,3,2,6,0,0,0,1,0,1,0,0,7.36644E+20,5.66493E+21,1.23792E+16,5.1087E+16
124644,124645,14,7,29,260,2016,6,13,4,3,0,7,0,0,1,0,0,0,0,0,7.3575E+20,5.68317E+21,1.23784E+16,5.12511E+16
124645,124646,14,6,12,0,2016,6,15,5,3,0,6,0,0,0,1,0,0,0,1,8.28307E+20,5.66499E+21,1.36841E+16,5.10424E+16
124646,124647,14,5,24,80,2016,6,5,2,2,5,3,0,0,1,0,0,1,0,0,7.47842E+20,5.63697E+21,1.25197E+16,5.08313E+16
124647,124648,14,6,12,0,2016,6,2,2,3,8,1,2,0,0,0,0,1,0,0,8.29871E+20,5.66301E+21,1.37046E+16,5.10238E+16
124648,124649,14,5,22,140,2016,6,16,5,2,0,1,0,0,1,0,0,0,0,0,7.86857E+20,5.64188E+21,1.30763E+16,5.08574E+16
124649,124650,14,5,23,340,2016,6,16,3,3,6,6,0,0,1,0,1,0,0,0,7.33572E+20,5.61309E+21,1.23023E+16,5.06228E+16
124650,124651,14,6,12,0,2016,6,16,2,3,5,2,0,0,1,0,0,1,0,0,8.31693E+20,5.66617E+21,1.37333E+16,5.1051E+16
124651,124652,14,6,25,20,2016,6,9,6,3,5,3,0,0,1,1,0,0,0,0,8.79204E+20,5.68262E+21,1.44256E+16,5.11689E+16
124652,124653,14,5,22,80,2016,6,17,2,3,5,3,0,0,1,1,0,0,0,0,7.88133E+20,5.67142E+21,1.31178E+16,5.11217E+16
124653,124654,14,6,27,210,2016,6,14,6,3,3,5,0,1,0,1,0,0,0,0,8.26162E+20,5.67087E+21,1.36589E+16,5.10963E+16
124654,124655,14,7,13,0,2016,6,8,5,3,5,3,0,0,1,1,0,0,0,0,7.36686E+20,5.69303E+21,1.23983E+16,5.13392E+16
124655,124656,14,7,13,0,2016,6,9,6,3,5,3,0,0,0,1,0,0,0,1,7.31736E+20,5.6905E+21,1.23257E+16,5.13185E+16
124656,124657,14,7,13,0,2016,6,8,4,3,6,4,0,0,1,1,1,0,0,0,7.36734E+20,5.68916E+21,1.23964E+16,5.13044E+16
124657,124658,14,5,24,330,2016,6,13,4,2,0,1,0,0,1,0,0,0,0,0,7.425E+20,5.62562E+21,1.24365E+16,5.07316E+16
124658,124659,14,7,13,0,2016,6,21,2,2,6,6,2,0,0,0,1,1,0,0,7.31091E+20,5.6921E+21,1.23175E+16,5.13331E+16
124659,124660,14,5,11,0,2016,6,16,2,3,5,3,0,0,1,1,0,0,0,0,7.74861E+20,5.63767E+21,1.29031E+16,5.08254E+16
124660,124661,14,5,21,110,2016,6,18,6,2,9,1,0,1,0,0,0,1,0,0,7.69978E+20,5.59883E+21,1.28056E+16,5.04792E+16
124661,124662,14,7,13,0,2016,6,11,5,3,3,2,0,0,1,0,0,0,0,1,7.34773E+20,5.69373E+21,1.23714E+16,5.13463E+16
124662,124663,14,7,13,0,2016,6,15,6,3,8,1,0,0,0,1,0,0,0,0,7.31516E+20,5.69397E+21,1.23248E+16,5.13497E+16
124663,124664,14,7,13,0,2016,6,13,4,3,4,2,0,0,0,1,0,0,0,0,7.34639E+20,5.69539E+21,1.23706E+16,5.13613E+16
124664,124665,14,7,13,0,2016,6,13,2,3,3,2,0,0,1,1,0,0,0,0,7.35059E+20,5.69105E+21,1.23737E+16,5.13221E+16
124665,124666,14,5,11,0,2016,6,16,2,3,0,7,0,0,0,0,0,0,0,1,7.78342E+20,5.6385E+21,1.2953E+16,5.08312E+16
124666,124667,14,5,24,180,2016,6,22,4,2,5,3,2,0,0,1,0,0,0,0,7.6571E+20,5.64057E+21,1.27755E+16,5.08557E+16
124667,124668,14,5,22,180,2016,6,21,2,2,0,6,1,0,1,1,0,0,0,0,8.03705E+20,5.64852E+21,1.33205E+16,5.09082E+16
124668,124669,14,6,28,110,2016,6,16,3,3,5,3,0,0,1,1,0,0,0,0,8.25777E+20,5.65933E+21,1.36431E+16,5.09932E+16
124669,124670,14,6,27,230,2016,6,11,6,3,5,2,0,0,1,1,0,0,0,0,7.97161E+20,5.69218E+21,1.32636E+16,5.13032E+16
124670,124671,14,7,13,0,2016,6,12,4,3,8,1,0,0,0,1,0,0,0,0,7.4115E+20,5.69813E+21,1.24657E+16,5.13831E+16
124671,124672,14,5,11,0,2016,6,11,6,3,8,1,0,1,0,1,0,0,0,0,7.77694E+20,5.63678E+21,1.29425E+16,5.08161E+16
124672,124673,14,7,13,0,2016,6,12,5,3,0,6,0,0,1,0,0,0,0,1,7.32313E+20,5.69062E+21,1.23341E+16,5.13194E+16
124673,124674,14,7,13,0,2016,6,11,4,3,5,3,0,0,1,1,0,0,0,0,7.41433E+20,5.68682E+21,1.24621E+16,5.12814E+16
124674,124675,14,7,13,0,2016,6,15,4,3,5,3,0,0,1,1,0,0,0,0,7.36343E+20,5.69276E+21,1.23932E+16,5.13369E+16
124675,124676,14,7,29,50,2016,6,13,7,3,5,3,0,0,0,1,0,0,0,0,7.4412E+20,5.66807E+21,1.24879E+16,5.1112E+16
124676,124677,14,6,12,0,2016,6,8,3,3,6,4,0,0,0,1,1,0,0,0,8.39609E+20,5.66122E+21,1.38412E+16,5.10021E+16
124677,124678,14,7,13,0,2016,6,16,4,3,5,3,0,1,1,1,0,0,0,0,7.32593E+20,5.69233E+21,1.23392E+16,5.13346E+16
124678,124679,14,6,12,0,2016,6,8,3,3,2,6,0,0,1,0,0,0,0,1,8.35798E+20,5.6666E+21,1.37921E+16,5.10526E+16
124679,124680,14,6,26,610,2016,6,22,1,3,1,5,2,0,1,1,0,0,0,0,9.08062E+20,5.65416E+21,1.48043E+16,5.08945E+16
124680,124681,14,6,12,0,2016,6,14,3,3,5,2,0,0,1,0,0,0,0,1,8.31693E+20,5.66617E+21,1.37333E+16,5.1051E+16
124681,124682,14,6,27,40,2016,6,19,6,2,5,3,0,0,1,1,0,0,0,0,8.05415E+20,5.69366E+21,1.33829E+16,5.13121E+16
124682,124683,14,6,26,290,2016,6,13,4,3,9,1,0,0,1,0,0,0,0,0,8.9635E+20,5.67582E+21,1.46622E+16,5.10965E+16
124683,124684,14,6,12,0,2016,6,7,5,3,5,3,0,0,0,1,0,0,0,0,8.28393E+20,5.66652E+21,1.36867E+16,5.10561E+16
124684,124685,14,5,11,0,2016,6,17,2,3,6,7,0,0,0,1,1,0,0,0,7.77523E+20,5.63757E+21,1.29407E+16,5.08232E+16
124685,124686,14,5,11,0,2016,6,14,6,3,2,6,0,0,0,1,0,0,0,0,7.77961E+20,5.63859E+21,1.29477E+16,5.08321E+16
124686,124687,14,7,29,260,2016,6,17,4,3,5,3,0,1,1,1,0,0,0,0,7.34703E+20,5.68696E+21,1.23659E+16,5.12856E+16
124687,124688,14,7,30,70,2016,6,13,3,3,5,3,0,0,1,1,0,0,0,0,7.31672E+20,5.71342E+21,1.23398E+16,5.15243E+16
124688,124689,14,6,12,0,2016,6,9,7,3,4,6,0,0,1,0,0,0,0,0,8.32223E+20,5.66864E+21,1.37431E+16,5.10729E+16
124689,124690,14,6,12,0,2016,6,18,3,3,2,1,0,0,0,1,0,1,0,0,8.31137E+20,5.6668E+21,1.3726E+16,5.1057E+16
124690,124691,14,5,23,170,2016,6,11,5,2,0,7,0,0,1,1,0,0,0,0,7.38264E+20,5.60723E+21,1.23648E+16,5.05683E+16
124691,124692,14,6,28,160,2016,6,6,4,3,4,2,0,0,1,1,0,0,0,0,8.41201E+20,5.65809E+21,1.38609E+16,5.09731E+16
124692,124693,14,6,12,0,2016,6,20,5,3,0,7,0,0,1,1,0,0,0,0,8.30804E+20,5.66453E+21,1.37192E+16,5.10369E+16
124693,124694,14,5,11,0,2016,6,5,3,2,6,4,0,1,0,1,1,0,0,0,7.76871E+20,5.64065E+21,1.29338E+16,5.08512E+16
124694,124695,14,5,11,0,2016,6,15,2,3,2,2,0,0,0,1,0,1,0,0,7.75252E+20,5.63916E+21,1.29097E+16,5.08385E+16
124695,124696,14,7,30,200,2016,6,12,5,2,4,6,0,0,0,1,0,0,0,0,7.82943E+20,5.68366E+21,1.30534E+16,5.1234E+16
124696,124697,14,6,12,0,2016,6,7,4,3,0,7,0,0,0,1,0,0,0,0,8.28337E+20,5.66591E+21,1.36854E+16,5.10507E+16
124697,124698,14,6,12,0,2016,6,13,5,2,5,3,0,0,1,1,0,0,0,0,8.30879E+20,5.66386E+21,1.37197E+16,5.10308E+16
124698,124699,14,5,11,0,2016,6,15,2,3,6,4,0,0,0,1,1,0,0,0,7.74915E+20,5.6389E+21,1.29048E+16,5.08364E+16
124699,124700,14,7,29,430,2016,6,15,5,3,0,4,0,0,1,0,1,0,0,0,7.32278E+20,5.6792E+21,1.23262E+16,5.12169E+16
124700,124701,14,7,13,0,2016,6,14,4,3,6,4,0,0,0,1,1,0,0,0,7.28573E+20,5.69504E+21,1.22833E+16,5.13606E+16
124701,124702,14,7,29,50,2016,6,8,3,3,1,7,0,0,0,1,0,0,0,0,7.45126E+20,5.67064E+21,1.2504E+16,5.11347E+16
124702,124703,14,6,27,10,2016,6,18,2,3,1,5,0,0,0,1,0,0,0,0,8.20155E+20,5.67354E+21,1.35758E+16,5.11237E+16
124703,124704,14,5,21,340,2016,6,9,7,3,6,7,0,0,0,1,1,0,0,0,7.86514E+20,5.60737E+21,1.30446E+16,5.05479E+16
124704,124705,14,6,12,0,2016,6,5,3,2,0,1,1,1,1,0,0,0,0,0,8.34369E+20,5.66579E+21,1.3771E+16,5.10461E+16
124705,124706,14,7,13,0,2016,6,6,5,3,5,3,0,0,0,1,0,1,0,0,7.34755E+20,5.69117E+21,1.23694E+16,5.13233E+16
124706,124707,14,7,13,0,2016,6,8,5,3,2,2,0,0,0,1,0,0,0,0,7.37378E+20,5.69267E+21,1.2408E+16,5.13357E+16
124707,124708,14,6,12,0,2016,6,18,4,3,0,7,0,0,1,1,0,0,0,0,8.30532E+20,5.66447E+21,1.37153E+16,5.10365E+16
124708,124709,14,6,12,0,2016,6,19,5,3,4,2,0,0,1,1,0,0,0,0,8.36429E+20,5.66344E+21,1.37981E+16,5.10238E+16
124709,124710,14,7,29,230,2016,6,5,2,2,5,3,0,0,0,1,0,1,0,0,7.50256E+20,5.65514E+21,1.25664E+16,5.09933E+16
124710,124711,14,5,11,0,2016,6,19,2,2,0,1,0,0,1,0,0,0,0,0,7.74984E+20,5.6398E+21,1.29064E+16,5.08444E+16
124711,124712,14,7,13,0,2016,6,15,4,3,4,2,0,1,0,1,0,0,0,1,7.30726E+20,5.69372E+21,1.23134E+16,5.13479E+16
124712,124713,14,5,21,390,2016,6,7,3,2,5,3,0,0,0,1,0,0,0,0,7.9408E+20,5.61923E+21,1.31605E+16,5.06505E+16
124713,124714,14,6,12,0,2016,6,19,2,2,3,6,0,0,0,1,0,0,0,0,8.36408E+20,5.66542E+21,1.37997E+16,5.10416E+16
124714,124715,14,5,21,550,2016,6,8,3,3,5,3,0,0,0,1,0,0,0,0,7.67991E+20,5.60619E+21,1.27829E+16,5.05461E+16
124715,124716,14,6,28,390,2016,6,5,6,2,5,3,0,0,0,1,0,1,0,0,8.52419E+20,5.65383E+21,1.4016E+16,5.09282E+16
124716,124717,14,7,13,0,2016,6,15,4,2,5,3,0,0,0,1,0,0,0,0,7.34507E+20,5.69089E+21,1.23657E+16,5.13209E+16
124717,124718,14,7,13,0,2016,6,15,3,2,5,3,0,0,1,1,0,0,0,0,7.31766E+20,5.69095E+21,1.23265E+16,5.13225E+16
124718,124719,14,6,12,0,2016,6,5,2,3,5,3,0,0,1,1,0,0,0,0,8.34281E+20,5.66355E+21,1.37677E+16,5.10261E+16
124719,124720,14,6,12,0,2016,6,10,6,3,5,3,0,0,1,1,0,0,0,0,8.39537E+20,5.66312E+21,1.3842E+16,5.10192E+16
124720,124721,14,5,11,0,2016,6,15,2,2,5,3,0,0,0,1,0,1,0,0,7.74905E+20,5.63418E+21,1.29011E+16,5.07941E+16
124721,124722,14,7,13,0,2016,6,15,5,3,5,3,0,0,1,0,0,0,0,1,7.37056E+20,5.69156E+21,1.24027E+16,5.13259E+16
124722,124723,14,7,13,0,2016,6,17,5,2,5,3,0,0,1,1,0,0,0,0,7.35037E+20,5.69257E+21,1.23744E+16,5.13358E+16
124723,124724,14,7,13,0,2016,6,12,6,3,4,1,0,0,1,0,0,0,0,1,7.3042E+20,5.69096E+21,1.23072E+16,5.13232E+16
124724,124725,14,6,12,0,2016,6,15,4,3,1,5,0,0,1,0,0,0,0,1,8.30421E+20,5.66358E+21,1.37129E+16,5.10286E+16
124725,124726,14,7,13,0,2016,6,14,2,3,3,6,0,0,1,1,0,0,0,0,7.33808E+20,5.69617E+21,1.23591E+16,5.13686E+16
124726,124727,14,6,25,450,2016,6,8,4,3,1,5,0,1,0,1,0,1,0,0,8.50067E+20,5.6821E+21,1.401E+16,5.11829E+16
124727,124728,14,5,11,0,2016,6,8,3,2,0,1,0,0,1,0,0,0,0,0,7.76587E+20,5.63782E+21,1.29276E+16,5.08259E+16
124728,124729,14,7,30,45,2016,6,2,1,2,8,1,2,1,0,1,0,0,0,0,7.78384E+20,5.70985E+21,1.30088E+16,5.14712E+16
124729,124730,14,5,11,0,2016,6,8,3,3,2,6,0,0,0,1,0,0,0,0,7.72932E+20,5.63939E+21,1.2877E+16,5.08417E+16
124730,124731,14,6,12,0,2016,6,15,6,2,6,2,0,0,0,1,1,0,0,0,8.34714E+20,5.66495E+21,1.37752E+16,5.10384E+16
124731,124732,14,6,12,0,2016,6,13,4,3,0,7,0,0,1,0,0,0,0,1,8.36234E+20,5.66711E+21,1.37988E+16,5.10568E+16
124732,124733,14,7,29,260,2016,6,16,1,3,8,7,0,0,0,1,0,0,0,0,7.3385E+20,5.68507E+21,1.23525E+16,5.12689E+16
124733,124734,14,7,13,0,2016,6,13,5,3,4,2,0,0,1,1,0,0,0,0,7.35537E+20,5.69292E+21,1.23818E+16,5.13386E+16
124734,124735,14,7,13,0,2016,6,10,5,3,4,2,0,0,1,1,0,0,0,0,7.35263E+20,5.68959E+21,1.23757E+16,5.13089E+16
124735,124736,14,6,25,310,2016,6,14,4,3,5,3,0,1,1,1,0,0,0,0,8.56436E+20,5.71338E+21,1.4132E+16,5.14591E+16
124736,124737,14,7,13,0,2016,6,4,1,2,8,1,1,0,0,1,0,0,0,0,7.27676E+20,5.6904E+21,1.22675E+16,5.13193E+16
124737,124738,14,7,13,0,2016,6,18,5,3,4,2,0,1,1,1,0,0,0,0,7.37083E+20,5.69376E+21,1.24045E+16,5.13456E+16
124738,124739,14,7,13,0,2016,6,19,5,3,5,3,0,0,0,1,0,1,0,0,7.31304E+20,5.69736E+21,1.2324E+16,5.13803E+16
124739,124740,14,6,12,0,2016,6,13,4,3,0,7,0,0,1,0,0,0,0,0,8.37314E+20,5.66145E+21,1.38089E+16,5.10055E+16
124740,124741,14,6,25,20,2016,6,2,4,3,8,1,2,0,0,1,0,0,0,0,8.80666E+20,5.68491E+21,1.44488E+16,5.11885E+16
124741,124742,14,6,26,610,2016,6,11,2,3,5,3,0,0,1,1,0,0,0,0,9.08106E+20,5.65488E+21,1.48057E+16,5.09009E+16
124742,124743,14,5,11,0,2016,6,18,3,3,0,2,0,0,0,0,0,0,0,1,7.76905E+20,5.63739E+21,1.29318E+16,5.08219E+16
124743,124744,14,6,12,0,2016,6,7,1,2,0,1,0,1,1,0,0,0,0,0,8.36773E+20,5.66662E+21,1.3806E+16,5.10522E+16
124744,124745,14,5,23,10,2016,6,6,2,3,6,4,0,0,0,1,1,0,0,0,7.31536E+20,5.57887E+21,1.22524E+16,5.03164E+16
124745,124746,14,6,12,0,2016,6,13,5,3,3,6,0,0,1,1,0,0,0,0,8.3255E+20,5.6675E+21,1.37468E+16,5.10625E+16
124746,124747,14,6,26,110,2016,6,11,1,3,0,7,0,0,0,0,0,0,0,1,9.15578E+20,5.68259E+21,1.49431E+16,5.11434E+16
124747,124748,14,7,13,0,2016,6,17,5,3,5,3,0,1,1,1,0,0,0,0,7.30568E+20,5.69153E+21,1.23097E+16,5.13282E+16
124748,124749,14,6,25,20,2016,6,4,4,3,8,1,2,0,0,1,0,0,0,0,8.79288E+20,5.68427E+21,1.44285E+16,5.11837E+16
124749,124750,14,7,13,0,2016,6,8,3,3,2,6,0,1,1,0,0,0,1,0,7.38271E+20,5.69161E+21,1.24201E+16,5.13258E+16
124750,124751,14,6,12,0,2016,6,17,7,3,1,1,0,1,0,1,0,0,0,0,8.35686E+20,5.66475E+21,1.37888E+16,5.1036E+16
124751,124752,14,5,24,330,2016,6,13,2,2,5,3,0,0,1,1,0,0,0,0,7.46012E+20,5.62667E+21,1.24869E+16,5.07397E+16
124752,124753,14,7,13,0,2016,6,16,3,3,4,2,0,1,1,1,0,0,0,0,7.37786E+20,5.69145E+21,1.2413E+16,5.13245E+16
124753,124754,14,7,13,0,2016,6,12,7,3,3,5,0,0,0,1,0,0,0,0,7.37799E+20,5.69268E+21,1.2414E+16,5.13356E+16
124754,124755,14,5,24,250,2016,6,19,2,3,3,2,0,0,0,1,0,1,0,0,7.51541E+20,5.62082E+21,1.25611E+16,5.06847E+16
124755,124756,14,6,12,0,2016,6,8,4,3,5,2,0,0,1,1,0,0,0,0,8.33098E+20,5.66618E+21,1.37533E+16,5.10504E+16
124756,124757,14,6,12,0,2016,6,19,5,3,5,3,0,0,1,0,0,0,0,0,8.31965E+20,5.66613E+21,1.37372E+16,5.10506E+16
124757,124758,14,6,28,360,2016,6,15,1,2,6,7,0,0,0,1,1,0,0,0,8.70312E+20,5.65986E+21,1.42756E+16,5.0971E+16
124758,124759,14,5,22,580,2016,6,15,1,3,4,6,0,0,1,1,0,0,0,0,7.64826E+20,5.6571E+21,1.2775E+16,5.10044E+16
124759,124760,14,6,28,270,2016,6,17,4,3,5,3,0,0,1,1,0,0,0,0,8.44668E+20,5.65652E+21,1.39086E+16,5.09569E+16
124760,124761,14,7,13,0,2016,6,11,3,3,2,6,0,0,0,1,0,0,0,0,7.3567E+20,5.69444E+21,1.23847E+16,5.13523E+16
124761,124762,14,6,12,0,2016,6,18,2,3,5,2,0,0,1,1,0,0,0,0,8.29925E+20,5.66502E+21,1.37072E+16,5.10417E+16
124762,124763,14,7,13,0,2016,6,10,2,3,3,6,0,0,1,1,0,0,0,0,7.39817E+20,5.68933E+21,1.24407E+16,5.13046E+16
124763,124764,14,7,13,0,2016,7,16,6,3,1,6,0,0,0,1,0,0,0,0,7.32383E+20,5.69081E+21,1.23352E+16,5.1321E+16
124764,124765,14,7,13,0,2016,7,4,2,3,5,3,1,0,0,1,0,0,0,1,7.32774E+20,5.69135E+21,1.23412E+16,5.13258E+16
124765,124766,14,5,11,0,2016,7,13,4,2,0,1,0,1,0,0,0,1,0,0,7.78007E+20,5.63948E+21,1.2949E+16,5.08401E+16
124766,124767,14,7,13,0,2016,6,14,5,3,5,3,0,0,1,1,0,0,0,0,7.36313E+20,5.69242E+21,1.23926E+16,5.13339E+16
124767,124768,14,7,13,0,2016,7,8,2,3,4,2,0,0,1,1,0,0,0,0,7.37288E+20,5.6939E+21,1.24075E+16,5.13468E+16
124768,124769,14,6,12,0,2016,6,20,5,3,9,1,0,0,1,0,0,0,0,0,8.34081E+20,5.66525E+21,1.37665E+16,5.10415E+16
124769,124770,14,6,27,310,2016,6,15,3,2,0,1,0,0,1,0,0,0,0,0,8.18762E+20,5.67635E+21,1.35584E+16,5.11496E+16
124770,124771,14,5,24,330,2016,7,13,5,3,9,1,0,1,0,1,0,0,0,0,7.46428E+20,5.62064E+21,1.24888E+16,5.06853E+16
124771,124772,14,7,29,260,2016,7,7,2,2,5,3,0,0,0,1,0,0,0,0,7.39445E+20,5.68579E+21,1.2433E+16,5.12731E+16
124772,124773,14,6,28,210,2016,7,12,6,3,3,6,0,0,1,0,0,0,0,0,8.5527E+20,5.65382E+21,1.40564E+16,5.09264E+16
124773,124774,14,6,12,0,2016,7,14,5,2,5,3,0,1,0,1,0,0,0,0,8.36922E+20,5.66498E+21,1.38066E+16,5.10373E+16
124774,124775,14,6,12,0,2016,7,7,6,3,5,3,0,1,1,1,0,0,0,0,8.29183E+20,5.66454E+21,1.36962E+16,5.10379E+16