FID,OBJECTID,ULAND,UREGBEZ,UKREIS,UGEMEINDE,UJAHR,UMONAT,USTUNDE,UWOCHENTAG,UKATEGORIE,UART,UTYP1,ULICHTVERH,IstStrasse,IstRad,IstPKW,IstFuss,IstKrad,IstGkfz,IstSonstig,LINREFX,LINREFY,XGCSWGS84,YGCSWGS84
124775,124776,14,6,26,290,2016,7,14,2,3,5,3,0,1,0,1,0,0,0,0,8.96855E+20,5.67654E+21,1.46701E+16,5.11026E+16
124776,124777,14,5,21,690,2016,6,0,5,3,0,1,2,0,1,0,0,0,0,0,7.87255E+20,5.62985E+21,1.30725E+16,5.07492E+16
124777,124778,14,7,13,0,2016,6,18,5,3,0,7,0,0,0,1,0,0,0,0,7.28039E+20,5.69096E+21,1.22731E+16,5.13242E+16
124778,124779,14,5,22,320,2016,6,14,5,3,0,7,0,0,0,1,0,0,0,0,7.91357E+20,5.63378E+21,1.31336E+16,5.07824E+16
124779,124780,14,6,25,20,2016,7,8,4,3,5,3,0,0,0,1,0,0,0,0,8.79537E+20,5.68327E+21,1.4431E+16,5.11745E+16
124780,124781,14,6,28,270,2016,7,11,4,3,5,3,0,1,0,1,0,0,0,0,8.46228E+20,5.65802E+21,1.39322E+16,5.09695E+16
124781,124782,14,7,13,0,2016,7,13,2,3,6,4,0,0,0,1,1,0,0,0,7.29022E+20,5.70096E+21,1.22936E+16,5.14135E+16
124782,124783,14,5,11,0,2016,6,8,5,2,5,3,0,0,1,1,0,0,0,0,7.70972E+20,5.63742E+21,1.28478E+16,5.0825E+16
124783,124784,14,6,12,0,2016,7,8,4,3,0,1,0,0,1,0,0,0,0,0,8.3273E+20,5.66876E+21,1.37505E+16,5.10737E+16
124784,124785,14,5,24,290,2016,7,12,5,3,1,7,0,0,0,1,0,0,0,1,7.5356E+20,5.64374E+21,1.26055E+16,5.08896E+16
124785,124786,14,6,25,500,2016,7,22,2,3,7,7,2,0,0,0,0,1,0,0,8.6384E+20,5.6958E+21,1.42201E+16,5.1297E+16
124786,124787,14,6,26,520,2016,7,13,6,3,5,3,0,0,0,1,0,0,0,0,9.14478E+20,5.68659E+21,1.49321E+16,5.11801E+16
124787,124788,14,6,26,85,2016,7,14,2,2,5,3,0,0,0,1,0,1,0,0,8.91276E+20,5.66532E+21,1.45787E+16,5.1006E+16
124788,124789,14,6,12,0,2016,7,8,6,3,2,6,0,0,0,1,0,0,0,0,8.37068E+20,5.66506E+21,1.38087E+16,5.1038E+16
124789,124790,14,6,12,0,2016,7,8,5,3,5,3,0,1,0,1,0,0,0,0,8.38127E+20,5.66468E+21,1.38234E+16,5.10339E+16
124790,124791,14,6,26,110,2016,7,18,2,3,0,7,0,0,1,0,0,0,0,0,9.16164E+20,5.68344E+21,1.49524E+16,5.11507E+16
124791,124792,14,5,11,0,2016,6,18,5,2,0,7,0,0,1,1,0,0,0,0,7.69395E+20,5.63556E+21,1.28241E+16,5.0809E+16
124792,124793,14,6,12,0,2016,7,14,4,3,5,3,0,0,1,1,0,0,0,0,8.3598E+20,5.66555E+21,1.37937E+16,5.1043E+16
124793,124794,14,6,12,0,2016,7,16,4,3,0,7,0,0,0,1,0,1,0,0,8.36518E+20,5.66593E+21,1.38017E+16,5.10462E+16
124794,124795,14,5,11,0,2016,7,12,4,3,6,4,0,1,0,0,1,0,0,1,7.77308E+20,5.63791E+21,1.29379E+16,5.08264E+16
124795,124796,14,5,21,320,2016,7,13,6,3,9,1,0,0,1,0,0,0,0,0,7.62415E+20,5.59321E+21,1.26953E+16,5.04321E+16
124796,124797,14,6,26,60,2016,7,15,2,3,2,6,0,0,1,1,0,0,0,0,8.87525E+20,5.70931E+21,1.4573E+16,5.14023E+16
124797,124798,14,6,12,0,2016,7,19,6,3,5,2,0,0,0,1,0,1,0,0,8.35924E+20,5.66517E+21,1.37926E+16,5.10396E+16
124798,124799,14,6,25,20,2016,7,16,2,3,5,3,0,0,0,1,0,1,0,0,8.80241E+20,5.68463E+21,1.44425E+16,5.11863E+16
124799,124800,14,6,12,0,2016,7,16,6,3,5,3,0,0,1,1,0,0,0,0,8.34703E+20,5.67449E+21,1.37838E+16,5.11239E+16
124800,124801,14,6,12,0,2016,7,8,2,3,3,6,0,0,1,0,0,0,0,0,8.35466E+20,5.66588E+21,1.37867E+16,5.10463E+16
124801,124802,14,6,27,230,2016,7,14,6,3,2,2,0,0,0,1,0,0,0,0,8.00302E+20,5.69177E+21,1.33082E+16,5.12979E+16
124802,124803,14,6,12,0,2016,7,19,6,3,5,3,0,0,1,1,0,0,0,0,8.31308E+20,5.66953E+21,1.37309E+16,5.10814E+16
124803,124804,14,5,11,0,2016,7,10,7,3,5,3,0,0,1,1,0,0,0,0,7.7811E+20,5.63535E+21,1.29473E+16,5.0803E+16
124804,124805,14,7,30,310,2016,6,5,4,3,5,3,1,1,1,1,0,0,0,0,7.76951E+20,5.71941E+21,1.29957E+16,5.15577E+16
124805,124806,14,6,28,410,2016,6,8,3,2,9,1,0,0,0,1,0,0,0,0,8.19741E+20,5.66153E+21,1.35593E+16,5.10162E+16
124806,124807,14,6,12,0,2016,7,19,4,3,5,2,0,0,1,1,0,0,0,0,8.29939E+20,5.6651E+21,1.37074E+16,5.10424E+16
124807,124808,14,6,12,0,2016,7,9,6,3,5,3,0,0,1,1,0,0,0,0,8.34528E+20,5.66609E+21,1.37736E+16,5.10487E+16
124808,124809,14,6,12,0,2016,7,19,2,2,0,1,0,1,1,0,0,0,0,0,8.29451E+20,5.66389E+21,1.36994E+16,5.10319E+16
124809,124810,14,5,22,50,2016,7,16,4,3,6,2,0,0,0,1,1,0,0,0,8.04274E+20,5.64423E+21,1.3325E+16,5.08695E+16
124810,124811,14,7,13,0,2016,6,14,5,3,5,2,0,1,0,1,0,0,0,0,7.3361E+20,5.69298E+21,1.23542E+16,5.134E+16
124811,124812,14,6,12,0,2016,7,21,2,2,5,3,1,0,1,1,0,0,0,0,8.32735E+20,5.66651E+21,1.37485E+16,5.10535E+16
124812,124813,14,5,22,60,2016,7,17,6,3,2,2,0,0,0,1,0,0,0,0,7.67947E+20,5.64636E+21,1.28115E+16,5.09066E+16
124813,124814,14,7,30,230,2016,6,15,4,3,4,6,0,0,1,1,0,0,0,0,7.86543E+20,5.69124E+21,1.31109E+16,5.13002E+16
124814,124815,14,6,12,0,2016,6,13,3,3,0,1,0,1,0,0,0,1,0,0,8.30687E+20,5.66643E+21,1.37193E+16,5.1054E+16
124815,124816,14,7,13,0,2016,7,7,6,3,5,3,0,0,0,1,0,0,0,0,7.31778E+20,5.69174E+21,1.23272E+16,5.13296E+16
124816,124817,14,7,13,0,2016,6,15,4,3,5,3,0,0,1,0,0,1,0,0,7.34795E+20,5.69242E+21,1.23708E+16,5.13345E+16
124817,124818,14,5,11,0,2016,7,16,4,3,6,4,0,0,0,1,1,0,0,0,7.77722E+20,5.64107E+21,1.29462E+16,5.08546E+16
124818,124819,14,5,21,10,2016,7,14,6,2,9,1,0,0,0,0,0,1,0,0,7.82744E+20,5.63066E+21,1.30093E+16,5.07587E+16
124819,124820,14,5,22,490,2016,7,16,5,3,2,6,0,0,0,1,0,0,0,0,7.66392E+20,5.66129E+21,1.28004E+16,5.10413E+16
124820,124821,14,6,12,0,2016,7,16,2,3,0,1,0,0,0,0,0,1,0,0,8.29655E+20,5.66174E+21,1.37003E+16,5.10126E+16
124821,124822,14,7,13,0,2016,7,8,3,3,3,2,0,0,1,1,0,0,0,0,7.36292E+20,5.69374E+21,1.23932E+16,5.13457E+16
124822,124823,14,7,13,0,2016,6,15,5,3,4,2,0,1,1,1,0,0,0,0,7.3178E+20,5.69174E+21,1.23272E+16,5.13296E+16
124823,124824,14,5,11,0,2016,7,16,2,3,3,3,0,0,0,1,0,0,1,0,7.72218E+20,5.63574E+21,1.28642E+16,5.08093E+16
124824,124825,14,7,13,0,2016,6,16,4,3,2,6,0,0,1,1,0,0,0,0,7.28072E+20,5.69324E+21,1.2275E+16,5.13446E+16
124825,124826,14,5,23,190,2016,7,13,5,3,9,1,0,0,0,0,0,1,0,0,7.2949E+20,5.60741E+21,1.22412E+16,5.05735E+16
124826,124827,14,7,13,0,2016,7,13,6,3,5,3,0,0,1,0,0,1,0,0,7.3472E+20,5.69035E+21,1.23684E+16,5.1316E+16
124827,124828,14,5,21,20,2016,7,16,2,2,1,6,0,0,1,1,0,0,0,0,7.83501E+20,5.61083E+21,1.30048E+16,5.05804E+16
124828,124829,14,5,21,550,2016,7,11,6,3,5,3,0,0,0,1,0,1,0,0,7.67847E+20,5.60767E+21,1.2782E+16,5.05595E+16
124829,124830,14,5,11,0,2016,7,16,5,3,0,2,0,0,1,1,0,0,0,0,7.75701E+20,5.64326E+21,1.29192E+16,5.08752E+16
124830,124831,14,6,12,0,2016,7,21,6,3,5,3,2,0,0,1,0,0,0,0,8.29555E+20,5.66472E+21,1.37016E+16,5.10393E+16
124831,124832,14,5,24,230,2016,7,11,5,3,0,2,0,1,0,0,0,1,0,0,7.59765E+20,5.63291E+21,1.26858E+16,5.07896E+16
124832,124833,14,7,30,310,2016,7,17,1,3,5,2,0,0,1,1,0,0,0,0,7.76616E+20,5.72009E+21,1.29914E+16,5.15639E+16
124833,124834,14,5,11,0,2016,7,23,6,3,5,3,2,1,0,1,0,0,0,0,7.77706E+20,5.63739E+21,1.29432E+16,5.08215E+16
124834,124835,14,5,24,80,2016,7,11,4,3,8,1,0,1,0,1,0,0,0,0,7.50472E+20,5.63644E+21,1.25567E+16,5.08255E+16
124835,124836,14,6,12,0,2016,7,15,6,3,0,7,0,0,0,1,0,0,0,1,8.30979E+20,5.66599E+21,1.3723E+16,5.10499E+16
124836,124837,14,6,12,0,2016,7,6,2,3,2,2,0,0,1,0,0,0,0,1,8.39036E+20,5.66397E+21,1.38357E+16,5.1027E+16
124837,124838,14,7,13,0,2016,6,15,5,3,1,2,0,0,0,1,0,0,0,0,7.37199E+20,5.6971E+21,1.24084E+16,5.13755E+16
124838,124839,14,7,29,430,2016,7,5,1,3,0,7,0,0,0,1,1,0,0,0,7.32059E+20,5.67843E+21,1.23225E+16,5.121E+16
124839,124840,14,5,11,0,2016,7,11,4,3,3,2,0,0,1,1,0,0,0,0,7.77181E+20,5.63988E+21,1.29376E+16,5.08441E+16
124840,124841,14,5,24,300,2016,7,10,3,3,0,4,0,0,1,0,1,0,0,0,7.3822E+20,5.62557E+21,1.2376E+16,5.0733E+16
124841,124842,14,7,13,0,2016,7,19,5,3,5,2,0,0,1,1,0,0,0,0,7.35021E+20,5.69206E+21,1.23738E+16,5.13311E+16
124842,124843,14,6,12,0,2016,7,8,2,3,3,7,0,0,1,1,0,0,0,0,8.32789E+20,5.66636E+21,1.37491E+16,5.10521E+16
124843,124844,14,6,25,525,2016,7,13,6,3,1,5,0,0,1,1,0,0,0,0,8.79995E+20,5.67235E+21,1.4426E+16,5.10765E+16
124844,124845,14,6,28,270,2016,7,10,6,3,2,2,0,0,0,1,0,0,0,0,8.46079E+20,5.65893E+21,1.39309E+16,5.09777E+16
124845,124846,14,5,22,460,2016,7,17,6,3,0,3,0,0,1,1,0,0,0,0,7.60002E+20,5.6488E+21,1.27005E+16,5.09321E+16
124846,124847,14,5,24,160,2016,7,15,4,3,0,6,0,0,1,1,0,0,0,0,7.55447E+20,5.6295E+21,1.26223E+16,5.07609E+16
124847,124848,14,5,21,550,2016,7,10,2,3,5,3,0,0,0,1,0,0,0,0,7.68992E+20,5.60232E+21,1.27942E+16,5.05109E+16
124848,124849,14,7,13,0,2016,6,13,4,3,5,3,0,0,0,1,0,1,0,0,7.31606E+20,5.68841E+21,1.23225E+16,5.12999E+16
124849,124850,14,6,12,0,2016,6,15,3,3,1,5,0,0,1,1,0,0,0,0,8.30108E+20,5.67117E+21,1.37154E+16,5.10968E+16
124850,124851,14,5,11,0,2016,7,10,2,3,0,7,0,0,0,0,0,0,1,0,7.74248E+20,5.63932E+21,1.28956E+16,5.08404E+16
124851,124852,14,7,13,0,2016,6,6,4,3,0,1,0,1,0,0,0,1,0,0,7.32297E+20,5.69127E+21,1.23343E+16,5.13252E+16
124852,124853,14,7,13,0,2016,6,16,5,3,5,3,0,0,0,1,0,0,0,0,7.34774E+20,5.69894E+21,1.23748E+16,5.13931E+16
124853,124854,14,7,13,0,2016,6,18,4,3,4,1,0,0,1,0,0,0,0,0,7.38422E+20,5.6999E+21,1.24278E+16,5.14001E+16
124854,124855,14,5,23,30,2016,7,12,3,3,5,3,0,0,0,1,0,0,0,1,7.35938E+20,5.5681E+21,1.23074E+16,5.02179E+16
124855,124856,14,5,23,340,2016,7,16,3,3,2,6,0,0,0,1,0,1,0,0,7.33629E+20,5.61299E+21,1.23031E+16,5.06219E+16
124856,124857,14,7,13,0,2016,7,12,3,3,1,5,0,0,1,1,0,0,0,0,7.38432E+20,5.69102E+21,1.2422E+16,5.13204E+16
124857,124858,14,6,12,0,2016,7,8,6,3,5,3,0,0,1,1,0,0,0,0,8.36263E+20,5.66549E+21,1.37977E+16,5.10423E+16
124858,124859,14,7,13,0,2016,7,20,1,3,1,5,0,0,1,0,0,0,0,1,7.34969E+20,5.69597E+21,1.23757E+16,5.13663E+16
124859,124860,14,5,24,250,2016,7,16,5,3,4,1,0,0,0,1,0,1,0,0,7.49921E+20,5.62303E+21,1.25397E+16,5.07053E+16
124860,124861,14,5,24,160,2016,7,18,6,3,5,3,0,0,0,1,0,1,0,0,7.56073E+20,5.62858E+21,1.26305E+16,5.07524E+16
124861,124862,14,7,13,0,2016,6,6,4,2,5,3,0,1,1,1,0,0,0,0,7.35332E+20,5.69219E+21,1.23784E+16,5.13322E+16
124862,124863,14,6,12,0,2016,6,12,3,3,4,2,0,0,0,1,0,0,0,0,8.35702E+20,5.66249E+21,1.37869E+16,5.10158E+16
124863,124864,14,7,29,360,2016,7,5,3,2,8,1,0,0,0,0,0,1,0,0,7.38931E+20,5.66626E+21,1.24127E+16,5.10979E+16
124864,124865,14,5,24,330,2016,7,22,5,2,6,4,2,0,0,1,1,0,0,0,7.46896E+20,5.62281E+21,1.24968E+16,5.07046E+16
124865,124866,14,5,24,330,2016,7,1,1,2,9,2,2,0,0,1,0,0,0,0,7.45382E+20,5.62448E+21,1.24765E+16,5.07203E+16
124866,124867,14,7,13,0,2016,7,20,3,3,3,2,0,0,1,0,0,0,1,0,7.35758E+20,5.69289E+21,1.23849E+16,5.13384E+16
124867,124868,14,7,13,0,2016,7,8,3,3,3,6,0,0,1,1,0,0,0,0,7.34788E+20,5.69363E+21,1.23715E+16,5.13453E+16
124868,124869,14,7,13,0,2016,7,16,1,3,0,7,0,1,0,0,0,1,0,1,7.3081E+20,5.69477E+21,1.23152E+16,5.13572E+16
124869,124870,14,7,13,0,2016,7,21,3,2,2,6,0,0,0,1,0,0,0,0,7.31887E+20,5.69644E+21,1.23318E+16,5.13718E+16
124870,124871,14,5,11,0,2016,7,12,6,2,6,4,0,0,0,1,1,0,0,0,7.70626E+20,5.63644E+21,1.28422E+16,5.08163E+16
124871,124872,14,7,13,0,2016,7,0,1,2,5,3,2,0,0,1,0,1,0,0,7.37374E+20,5.69316E+21,1.24083E+16,5.13401E+16
124872,124873,14,7,29,250,2016,7,11,5,3,5,3,0,0,0,1,0,0,0,0,7.48731E+20,5.69531E+21,1.25725E+16,5.13545E+16
124873,124874,14,6,27,50,2016,7,18,6,3,1,5,0,0,1,1,0,0,0,0,8.09491E+20,5.70515E+21,1.34512E+16,5.14129E+16
124874,124875,14,7,29,270,2016,6,8,4,2,4,2,0,0,1,1,0,0,0,0,7.24645E+20,5.68992E+21,1.22238E+16,5.13161E+16
124875,124876,14,6,12,0,2016,6,8,3,3,5,3,0,0,1,1,0,0,0,0,8.30817E+20,5.66431E+21,1.37192E+16,5.10349E+16
124876,124877,14,7,13,0,2016,7,17,5,3,5,2,0,0,1,1,0,0,0,0,7.34996E+20,5.69226E+21,1.23736E+16,5.1333E+16
124877,124878,14,7,13,0,2016,7,9,5,3,4,2,0,0,1,1,0,0,0,0,7.32462E+20,5.69175E+21,1.2337E+16,5.13295E+16
124878,124879,14,7,13,0,2016,7,12,4,3,6,4,0,0,1,0,1,0,0,0,7.34377E+20,5.6927E+21,1.2365E+16,5.13372E+16
124879,124880,14,5,22,70,2016,7,18,6,3,6,6,0,0,0,1,0,0,0,1,7.69864E+20,5.6501E+21,1.28415E+16,5.09392E+16
124880,124881,14,7,13,0,2016,7,18,1,3,5,3,0,0,1,1,0,0,0,0,7.40734E+20,5.69481E+21,1.24575E+16,5.13535E+16
124881,124882,14,7,29,430,2016,7,11,3,2,5,2,0,0,1,1,0,0,0,0,7.32621E+20,5.67794E+21,1.23302E+16,5.12054E+16
124882,124883,14,7,13,0,2016,6,11,5,3,5,3,0,0,1,1,0,0,0,0,7.38236E+20,5.69024E+21,1.24187E+16,5.13135E+16
124883,124884,14,6,28,400,2016,7,11,1,3,3,6,0,0,1,1,0,0,0,0,8.21013E+20,5.65766E+21,1.35739E+16,5.09809E+16
124884,124885,14,7,13,0,2016,6,7,4,3,6,2,0,0,0,1,1,0,0,0,7.34801E+20,5.69249E+21,1.2371E+16,5.13351E+16
124885,124886,14,7,13,0,2016,7,8,3,3,6,4,0,0,1,0,1,0,0,0,7.3408E+20,5.69344E+21,1.23612E+16,5.1344E+16
124886,124887,14,7,13,0,2016,6,16,5,3,3,2,0,0,1,1,0,0,0,0,7.3904E+20,5.68823E+21,1.24288E+16,5.12952E+16
124887,124888,14,6,12,0,2016,7,19,1,3,9,1,0,0,0,0,0,1,0,0,8.3249E+20,5.66329E+21,1.3742E+16,5.10248E+16
124888,124889,14,7,13,0,2016,7,16,5,3,3,2,0,0,1,1,0,0,0,0,7.35403E+20,5.69242E+21,1.23795E+16,5.13343E+16
124889,124890,14,7,13,0,2016,6,16,4,3,2,6,0,0,0,1,0,0,0,1,7.36119E+20,5.69179E+21,1.23894E+16,5.13283E+16
124890,124891,14,6,12,0,2016,6,18,3,3,2,6,0,0,0,1,0,0,0,0,8.3893E+20,5.6609E+21,1.38313E+16,5.09996E+16
124891,124892,14,6,26,610,2016,7,13,5,3,6,4,0,1,0,1,1,0,0,0,9.08111E+20,5.65465E+21,1.48055E+16,5.08989E+16
124892,124893,14,5,11,0,2016,7,16,1,2,0,7,0,0,0,0,1,0,0,1,7.76173E+20,5.63837E+21,1.29222E+16,5.0831E+16
124893,124894,14,7,13,0,2016,7,6,5,3,3,2,0,0,1,0,0,0,0,1,7.37332E+20,5.69307E+21,1.24076E+16,5.13393E+16
124894,124895,14,7,13,0,2016,7,17,4,3,5,3,0,1,0,1,0,0,0,0,7.37403E+20,5.69366E+21,1.2409E+16,5.13445E+16
124895,124896,14,5,22,250,2016,7,11,6,3,5,3,0,0,0,1,0,0,0,0,7.78267E+20,5.66776E+21,1.29743E+16,5.10937E+16
124896,124897,14,7,13,0,2016,7,16,1,3,5,3,0,0,0,1,0,0,0,0,7.38813E+20,5.69608E+21,1.24308E+16,5.13657E+16
124897,124898,14,7,13,0,2016,6,15,4,3,2,6,0,0,0,1,0,0,1,0,7.42025E+20,5.69317E+21,1.24749E+16,5.13382E+16
124898,124899,14,7,13,0,2016,6,4,5,3,5,3,0,0,1,1,0,0,0,0,7.3835E+20,5.69237E+21,1.24217E+16,5.13326E+16
124899,124900,14,6,26,610,2016,6,9,4,2,1,5,0,1,1,1,0,0,0,0,9.08595E+20,5.6531E+21,1.48106E+16,5.08847E+16
124900,124901,14,7,13,0,2016,7,13,3,3,2,6,0,0,0,1,0,0,0,0,7.3735E+20,5.69024E+21,1.2406E+16,5.13139E+16
124901,124902,14,7,13,0,2016,7,17,3,3,5,3,0,0,1,1,0,0,0,0,7.37274E+20,5.69665E+21,1.24092E+16,5.13714E+16
124902,124903,14,7,13,0,2016,7,11,1,3,1,1,0,0,1,1,0,0,0,0,7.40234E+20,5.68926E+21,1.24466E+16,5.13038E+16
124903,124904,14,6,12,0,2016,7,14,6,3,2,2,0,0,0,1,0,0,0,0,8.28061E+20,5.66476E+21,1.36804E+16,5.10405E+16
124904,124905,14,7,13,0,2016,7,13,3,3,3,2,0,0,1,1,0,0,0,0,7.3517E+20,5.69344E+21,1.23769E+16,5.13435E+16
124905,124906,14,6,25,480,2016,7,11,5,3,2,6,0,1,1,1,0,0,0,0,8.43343E+20,5.67339E+21,1.39058E+16,5.11089E+16
124906,124907,14,6,26,370,2016,7,19,1,3,9,1,0,0,0,1,0,0,0,0,9.07577E+20,5.69761E+21,1.48464E+16,5.12835E+16
124907,124908,14,6,25,240,2016,7,14,6,3,2,6,0,0,0,1,0,0,0,0,8.67751E+20,5.71225E+21,1.4293E+16,5.14418E+16
124908,124909,14,5,23,320,2016,7,17,7,3,1,5,0,1,1,1,0,0,0,0,7.22812E+20,5.59894E+21,1.2142E+16,5.05E+16
124909,124910,14,7,13,0,2016,7,16,5,3,2,2,0,0,0,1,0,0,0,0,7.34946E+20,5.69863E+21,1.23771E+16,5.13902E+16
124910,124911,14,7,30,310,2016,7,10,4,2,5,3,0,0,0,1,0,0,1,0,7.76291E+20,5.72086E+21,1.29873E+16,5.15709E+16
124911,124912,14,6,27,210,2016,7,14,1,3,8,1,0,0,1,1,0,0,0,0,8.26196E+20,5.67085E+21,1.36594E+16,5.10962E+16
124912,124913,14,6,25,240,2016,6,17,4,2,0,7,0,0,1,0,0,0,0,0,8.65707E+20,5.71255E+21,1.4264E+16,5.14457E+16
124913,124914,14,6,25,240,2016,6,15,5,3,6,2,0,0,0,1,1,0,0,0,8.66473E+20,5.71233E+21,1.42747E+16,5.14433E+16
124914,124915,14,7,30,310,2016,7,7,3,2,0,7,0,0,1,0,0,0,1,0,7.7634E+20,5.71909E+21,1.29866E+16,5.15551E+16
124915,124916,14,6,25,240,2016,7,18,3,3,5,3,0,0,1,1,0,0,0,0,8.66624E+20,5.71276E+21,1.42774E+16,5.14471E+16
124916,124917,14,7,13,0,2016,7,2,3,3,0,1,2,0,1,1,0,0,0,0,7.32436E+20,5.69167E+21,1.23365E+16,5.13288E+16
124917,124918,14,5,21,450,2016,7,19,6,3,6,6,0,0,0,1,1,0,0,0,7.63788E+20,5.62528E+21,1.27373E+16,5.07193E+16
124918,124919,14,7,29,220,2016,7,16,7,2,0,7,0,0,0,0,0,1,0,0,7.49668E+20,5.67663E+21,1.25729E+16,5.11865E+16
124919,124920,14,6,26,610,2016,7,23,5,3,8,1,2,0,0,1,0,0,0,0,9.07899E+20,5.65485E+21,1.48027E+16,5.09008E+16
124920,124921,14,7,13,0,2016,7,14,6,3,5,3,0,1,1,1,0,0,0,0,7.27248E+20,5.69321E+21,1.22632E+16,5.13446E+16
124921,124922,14,6,28,270,2016,6,16,4,3,2,6,0,0,0,1,0,0,0,1,8.4612E+20,5.65853E+21,1.39311E+16,5.09741E+16
124922,124923,14,7,13,0,2016,7,14,7,3,0,1,0,1,1,0,0,0,0,0,7.33834E+20,5.6935E+21,1.23578E+16,5.13446E+16
124923,124924,14,6,25,40,2016,7,10,5,2,5,3,0,0,1,1,0,0,0,0,8.62876E+20,5.67637E+21,1.41867E+16,5.11236E+16
124924,124925,14,5,11,0,2016,7,18,7,3,0,7,0,0,0,0,0,0,0,1,7.7766E+20,5.63893E+21,1.29437E+16,5.08354E+16
124925,124926,14,6,12,0,2016,6,19,4,3,0,1,0,0,1,0,0,0,0,0,8.29799E+20,5.66348E+21,1.3704E+16,5.1028E+16
124926,124927,14,6,12,0,2016,6,16,3,3,3,2,0,0,1,1,0,0,0,0,8.38082E+20,5.66162E+21,1.38199E+16,5.10065E+16
124927,124928,14,6,25,240,2016,7,13,3,3,5,3,0,0,0,1,0,0,0,0,8.64225E+20,5.71074E+21,1.42409E+16,5.14305E+16
124928,124929,14,6,12,0,2016,7,10,5,3,6,7,0,0,0,0,1,0,0,1,8.27725E+20,5.66679E+21,1.36775E+16,5.10589E+16
124929,124930,14,5,24,200,2016,7,16,7,3,2,6,0,0,0,1,0,1,0,0,7.52904E+20,5.62559E+21,1.25837E+16,5.07269E+16
124930,124931,14,6,26,140,2016,7,16,3,3,2,6,0,0,0,1,0,1,0,0,8.97648E+20,5.65135E+21,1.46539E+16,5.08767E+16
124931,124932,14,7,29,370,2016,6,17,5,3,4,6,0,0,0,1,0,1,0,0,7.42116E+20,5.67704E+21,1.24653E+16,5.11934E+16
124932,124933,14,7,13,0,2016,7,18,7,3,5,3,0,0,1,1,0,0,0,0,7.37576E+20,5.69534E+21,1.24126E+16,5.13596E+16
124933,124934,14,6,12,0,2016,7,15,5,3,5,3,0,0,0,1,0,0,0,0,8.35761E+20,5.66639E+21,1.37914E+16,5.10507E+16
124934,124935,14,7,13,0,2016,7,0,7,3,5,3,2,0,1,1,0,0,0,0,7.37403E+20,5.69366E+21,1.2409E+16,5.13445E+16
124935,124936,14,6,12,0,2016,6,13,4,3,5,3,0,0,1,0,0,1,0,0,8.3683E+20,5.66662E+21,1.38068E+16,5.10521E+16
124936,124937,14,6,12,0,2016,6,18,3,3,6,4,0,0,1,0,1,0,0,0,8.35123E+20,5.66414E+21,1.37802E+16,5.10309E+16
124937,124938,14,6,26,110,2016,7,16,5,3,5,3,0,1,1,1,0,0,0,0,9.18138E+20,5.6845E+21,1.49817E+16,5.11587E+16
124938,124939,14,6,25,20,2016,7,15,3,3,6,4,0,0,0,1,1,0,0,0,8.78976E+20,5.68394E+21,1.44237E+16,5.11809E+16
124939,124940,14,6,12,0,2016,7,20,5,3,3,6,0,0,1,1,0,0,0,0,8.33359E+20,5.6669E+21,1.37577E+16,5.10566E+16
124940,124941,14,7,13,0,2016,7,10,4,3,5,3,0,0,0,1,0,0,0,1,7.31991E+20,5.69262E+21,1.23308E+16,5.13374E+16
124941,124942,14,5,23,320,2016,7,10,7,3,0,3,0,0,0,1,0,0,0,1,7.22361E+20,5.59909E+21,1.21357E+16,5.05015E+16
124942,124943,14,6,25,30,2016,7,15,3,2,6,3,0,0,0,1,1,0,0,0,8.52868E+20,5.70384E+21,1.40713E+16,5.13759E+16
124943,124944,14,6,27,70,2016,6,11,5,3,8,1,0,0,0,1,0,0,0,0,8.06289E+20,5.68796E+21,1.33905E+16,5.12606E+16
124944,124945,14,7,13,0,2016,7,16,7,2,4,2,0,1,1,0,0,0,0,1,7.30556E+20,5.69178E+21,1.23097E+16,5.13305E+16
124945,124946,14,5,22,360,2016,6,15,4,3,6,6,0,0,0,1,1,0,0,0,7.79178E+20,5.65633E+21,1.29785E+16,5.09907E+16
124946,124947,14,6,12,0,2016,6,17,3,3,5,3,0,0,1,1,0,0,0,0,8.3513E+20,5.66414E+21,1.37803E+16,5.10309E+16
124947,124948,14,6,27,230,2016,7,14,5,3,0,7,0,1,1,1,0,0,0,0,7.99944E+20,5.69253E+21,1.33037E+16,5.13049E+16
124948,124949,14,7,13,0,2016,7,13,6,3,3,2,0,0,1,1,0,0,0,0,7.40897E+20,5.69476E+21,1.24598E+16,5.1353E+16
124949,124950,14,7,13,0,2016,7,16,7,3,5,3,0,1,1,0,0,0,0,0,7.3001E+20,5.6901E+21,1.23008E+16,5.13156E+16
124950,124951,14,6,12,0,2016,7,23,5,3,0,1,2,0,1,0,0,0,0,0,8.33424E+20,5.66581E+21,1.37576E+16,5.10469E+16