FID,OBJECTID,ULAND,UREGBEZ,UKREIS,UGEMEINDE,UJAHR,UMONAT,USTUNDE,UWOCHENTAG,UKATEGORIE,UART,UTYP1,ULICHTVERH,IstStrasse,IstRad,IstPKW,IstFuss,IstKrad,IstGkfz,IstSonstig,LINREFX,LINREFY,XGCSWGS84,YGCSWGS84
125655,125656,14,7,13,0,2016,8,13,5,2,5,3,0,0,1,1,0,0,0,0,7.30975E+20,5.68891E+21,1.23138E+16,5.13046E+16
125656,125657,14,5,24,180,2016,8,22,6,3,5,3,1,0,0,1,0,1,0,0,7.64211E+20,5.64049E+21,1.27542E+16,5.08556E+16
125657,125658,14,7,13,0,2016,8,16,4,3,5,3,0,0,1,1,0,0,0,0,7.34877E+20,5.69449E+21,1.23734E+16,5.13531E+16
125658,125659,14,7,13,0,2016,8,14,3,3,1,5,0,0,1,1,0,0,0,0,7.34938E+20,5.68944E+21,1.23709E+16,5.13077E+16
125659,125660,14,6,25,200,2016,8,14,3,3,5,3,0,0,1,1,0,0,0,0,8.51977E+20,5.67794E+21,1.40331E+16,5.11444E+16
125660,125661,14,5,23,320,2016,8,15,2,3,6,4,0,0,1,0,1,0,0,0,7.20851E+20,5.60037E+21,1.21152E+16,5.05136E+16
125661,125662,14,5,24,210,2016,8,13,5,3,2,6,0,0,1,1,0,0,0,0,7.38411E+20,5.6333E+21,1.23837E+16,5.08023E+16
125662,125663,14,7,13,0,2016,8,14,5,3,1,6,0,0,0,1,0,0,0,0,7.34794E+20,5.69248E+21,1.23709E+16,5.1335E+16
125663,125664,14,7,13,0,2016,8,7,6,3,6,2,0,0,0,1,1,0,0,0,7.36151E+20,5.69322E+21,1.23908E+16,5.13411E+16
125664,125665,14,5,24,120,2016,8,1,4,2,2,6,2,0,1,1,0,0,0,0,7.64623E+20,5.63504E+21,1.27561E+16,5.08066E+16
125665,125666,14,5,11,0,2016,8,17,4,3,5,2,0,0,1,1,0,0,0,0,7.7004E+20,5.63612E+21,1.28336E+16,5.08137E+16
125666,125667,14,7,13,0,2016,8,14,3,2,4,2,0,0,1,1,0,0,0,0,7.38347E+20,5.69237E+21,1.24217E+16,5.13326E+16
125667,125668,14,6,12,0,2016,8,9,3,3,3,6,0,0,1,1,0,0,0,0,8.32392E+20,5.66648E+21,1.37436E+16,5.10534E+16
125668,125669,14,6,25,90,2016,8,14,6,3,4,3,0,0,1,1,0,0,0,0,8.85164E+20,5.67528E+21,1.45026E+16,5.10993E+16
125669,125670,14,6,27,310,2016,8,6,2,3,0,1,0,0,1,0,0,0,0,0,8.19383E+20,5.67765E+21,1.35684E+16,5.1161E+16
125670,125671,14,6,12,0,2016,8,17,2,2,5,3,0,0,1,0,0,0,0,0,8.29679E+20,5.67343E+21,1.37113E+16,5.11173E+16
125671,125672,14,5,22,260,2016,8,18,1,3,9,1,0,0,0,0,0,1,0,0,7.66763E+20,5.64396E+21,1.27929E+16,5.08856E+16
125672,125673,14,5,23,20,2016,8,15,5,3,0,7,0,0,0,1,1,0,0,0,7.40661E+20,5.60049E+21,1.23942E+16,5.05069E+16
125673,125674,14,6,25,480,2016,8,10,5,3,3,2,0,0,1,1,0,0,0,0,8.44174E+20,5.67374E+21,1.3918E+16,5.11116E+16
125674,125675,14,7,13,0,2016,8,18,4,3,4,2,0,0,1,1,0,0,0,0,7.31778E+20,5.69174E+21,1.23272E+16,5.13296E+16
125675,125676,14,6,27,230,2016,8,11,3,3,5,3,0,0,1,1,0,0,0,0,7.97178E+20,5.69296E+21,1.32645E+16,5.13102E+16
125676,125677,14,7,13,0,2016,8,14,2,3,6,7,0,0,0,1,1,0,0,0,7.33908E+20,5.69264E+21,1.23582E+16,5.13368E+16
125677,125678,14,5,22,250,2016,8,7,5,3,5,2,0,0,0,1,0,1,0,0,7.78296E+20,5.66825E+21,1.29751E+16,5.10981E+16
125678,125679,14,5,21,450,2016,8,11,2,2,6,7,0,0,0,1,1,0,0,0,7.6181E+20,5.62596E+21,1.27098E+16,5.07263E+16
125679,125680,14,6,26,390,2016,8,12,7,3,8,6,0,0,1,0,0,0,0,1,9.02844E+20,5.65994E+21,1.47368E+16,5.09499E+16
125680,125681,14,5,21,30,2016,8,15,5,2,4,2,0,0,0,1,0,1,0,0,7.62184E+20,5.61043E+21,1.27041E+16,5.05868E+16
125681,125682,14,5,21,20,2016,8,10,2,3,9,7,0,0,0,1,0,0,0,0,7.83322E+20,5.61067E+21,1.30022E+16,5.05791E+16
125682,125683,14,6,28,160,2016,8,11,7,3,0,7,0,0,1,0,0,0,0,0,8.41533E+20,5.65771E+21,1.38653E+16,5.09695E+16
125683,125684,14,5,24,80,2016,8,21,5,2,9,7,2,0,0,1,0,0,1,0,7.48834E+20,5.63718E+21,1.25339E+16,5.08327E+16
125684,125685,14,5,24,80,2016,8,10,7,3,8,7,0,0,0,1,0,0,0,0,7.49816E+20,5.63481E+21,1.25462E+16,5.0811E+16
125685,125686,14,6,12,0,2016,8,21,5,3,0,2,2,0,0,0,1,0,0,1,8.32153E+20,5.66649E+21,1.37402E+16,5.10537E+16
125686,125687,14,6,28,160,2016,8,11,6,3,5,2,0,0,1,1,0,0,0,0,8.41011E+20,5.65958E+21,1.38596E+16,5.09866E+16
125687,125688,14,6,28,110,2016,8,14,3,3,2,2,0,0,0,1,0,1,0,0,8.24759E+20,5.66364E+21,1.36325E+16,5.10323E+16
125688,125689,14,6,25,240,2016,8,18,2,3,2,6,0,0,0,0,0,1,0,1,8.66058E+20,5.71115E+21,1.42676E+16,5.1433E+16
125689,125690,14,5,11,0,2016,8,15,5,3,6,7,0,0,0,1,1,0,0,0,7.73561E+20,5.63846E+21,1.28852E+16,5.0833E+16
125690,125691,14,7,30,200,2016,8,13,7,2,0,7,0,0,1,0,0,0,0,0,7.83613E+20,5.68378E+21,1.30631E+16,5.12348E+16
125691,125692,14,7,13,0,2016,8,18,7,2,4,6,0,0,0,1,0,0,0,1,7.34064E+20,5.69512E+21,1.23621E+16,5.13591E+16
125692,125693,14,7,30,310,2016,8,12,5,3,5,3,0,0,1,1,0,0,0,0,7.77517E+20,5.7198E+21,1.30041E+16,5.15608E+16
125693,125694,14,6,12,0,2016,8,19,7,3,6,6,0,0,1,0,1,0,0,0,8.34054E+20,5.66695E+21,1.37676E+16,5.10567E+16
125694,125695,14,7,13,0,2016,8,5,4,3,5,3,1,0,0,1,0,0,0,0,7.37928E+20,5.69286E+21,1.2416E+16,5.13372E+16
125695,125696,14,7,30,300,2016,8,7,6,3,5,3,0,0,1,1,0,0,0,0,7.42706E+20,5.69727E+21,1.24875E+16,5.13747E+16
125696,125697,14,7,30,230,2016,8,15,5,3,5,2,0,0,1,1,0,0,0,0,7.85473E+20,5.69113E+21,1.30955E+16,5.12998E+16
125697,125698,14,7,13,0,2016,8,23,7,3,5,3,2,0,0,1,0,0,0,1,7.36724E+20,5.68906E+21,1.23962E+16,5.13035E+16
125698,125699,14,7,29,30,2016,8,11,6,3,8,7,0,0,0,1,0,0,0,0,7.57331E+20,5.69742E+21,1.26973E+16,5.13696E+16
125699,125700,14,6,12,0,2016,8,16,2,3,5,2,0,0,1,1,0,0,0,0,8.34717E+20,5.66722E+21,1.37773E+16,5.10587E+16
125700,125701,14,5,22,500,2016,8,22,6,2,8,1,2,0,1,0,0,0,0,0,7.87515E+20,5.66017E+21,1.31E+16,5.10211E+16
125701,125702,14,7,30,70,2016,8,7,5,3,4,6,0,0,1,0,0,0,0,0,7.32153E+20,5.71329E+21,1.23466E+16,5.1523E+16
125702,125703,14,7,13,0,2016,8,18,6,2,6,4,0,0,1,0,1,0,0,0,7.35002E+20,5.69224E+21,1.23737E+16,5.13328E+16
125703,125704,14,5,22,60,2016,8,6,5,3,5,3,0,0,0,1,0,0,1,0,7.67895E+20,5.64762E+21,1.28117E+16,5.09179E+16
125704,125705,14,5,23,260,2016,8,21,6,3,8,6,2,0,0,1,0,1,0,0,7.29919E+20,5.61196E+21,1.22501E+16,5.06141E+16
125705,125706,14,6,12,0,2016,8,18,4,3,5,2,0,0,1,1,0,0,0,0,8.33098E+20,5.66618E+21,1.37533E+16,5.10504E+16
125706,125707,14,6,26,85,2016,8,15,6,3,8,1,0,0,1,0,0,0,0,0,8.94198E+20,5.66309E+21,1.46177E+16,5.0984E+16
125707,125708,14,6,27,50,2016,8,8,2,3,2,2,0,0,1,1,0,0,0,0,8.0925E+20,5.70504E+21,1.34477E+16,5.14121E+16
125708,125709,14,6,12,0,2016,8,13,1,3,2,7,0,0,0,1,0,1,0,0,8.25092E+20,5.6644E+21,1.36379E+16,5.1039E+16
125709,125710,14,7,29,50,2016,8,18,5,3,5,3,0,0,1,0,0,0,0,0,7.47225E+20,5.66536E+21,1.25303E+16,5.10864E+16
125710,125711,14,7,29,160,2016,8,15,1,3,1,2,0,0,0,1,0,1,0,0,7.59566E+20,5.68139E+21,1.27177E+16,5.12247E+16
125711,125712,14,5,22,180,2016,8,10,6,2,5,3,0,0,1,1,0,0,0,0,8.06116E+20,5.64885E+21,1.3355E+16,5.091E+16
125712,125713,14,7,13,0,2016,8,18,5,3,2,2,0,0,1,1,0,0,0,0,7.35309E+20,5.68976E+21,1.23764E+16,5.13104E+16
125713,125714,14,7,13,0,2016,8,7,5,3,6,2,0,0,0,1,1,0,0,0,7.36994E+20,5.69398E+21,1.24034E+16,5.13476E+16
125714,125715,14,7,29,60,2016,8,12,5,3,4,2,0,0,0,1,0,0,0,0,7.46709E+20,5.6952E+21,1.25434E+16,5.13544E+16
125715,125716,14,7,13,0,2016,8,0,6,3,8,1,2,0,1,0,0,0,0,0,7.34827E+20,5.69278E+21,1.23715E+16,5.13377E+16
125716,125717,14,7,29,160,2016,8,17,4,3,1,6,0,0,1,1,0,0,0,0,7.58912E+20,5.68286E+21,1.27094E+16,5.12383E+16
125717,125718,14,5,24,80,2016,8,19,3,2,0,6,0,0,1,1,0,0,0,0,7.50384E+20,5.6355E+21,1.25548E+16,5.0817E+16
125718,125719,14,7,13,0,2016,8,18,3,3,6,7,0,0,0,1,1,0,0,0,7.33388E+20,5.69503E+21,1.23524E+16,5.13585E+16
125719,125720,14,6,12,0,2016,8,12,3,2,4,6,0,0,0,1,0,0,0,1,8.37065E+20,5.65947E+21,1.38035E+16,5.09879E+16
125720,125721,14,6,28,240,2016,8,9,6,3,0,7,0,0,0,1,1,0,0,0,8.49855E+20,5.66055E+21,1.39861E+16,5.09899E+16
125721,125722,14,5,11,0,2016,8,7,5,3,5,3,0,0,1,1,0,0,0,0,7.72539E+20,5.63684E+21,1.28696E+16,5.08191E+16
125722,125723,14,6,12,0,2016,8,9,2,3,5,2,0,0,1,1,0,0,0,0,8.34601E+20,5.66621E+21,1.37747E+16,5.10498E+16
125723,125724,14,5,22,440,2016,8,10,1,3,5,3,0,0,0,1,0,0,0,0,7.93673E+20,5.64232E+21,1.31732E+16,5.08579E+16
125724,125725,14,6,12,0,2016,8,0,7,3,5,3,2,0,0,1,0,0,0,0,8.29176E+20,5.66998E+21,1.3701E+16,5.10866E+16
125725,125726,14,7,30,110,2016,8,7,5,2,0,7,0,0,0,1,0,1,0,0,7.51895E+20,5.70694E+21,1.26261E+16,5.14575E+16
125726,125727,14,6,25,20,2016,8,18,5,3,4,6,0,0,1,1,0,0,0,0,8.79072E+20,5.68422E+21,1.44254E+16,5.11834E+16
125727,125728,14,7,29,260,2016,8,7,5,3,3,2,0,0,1,1,0,0,0,0,7.35496E+20,5.68642E+21,1.23769E+16,5.12804E+16
125728,125729,14,7,13,0,2016,8,13,5,3,3,6,0,0,0,1,0,0,0,1,7.3115E+20,5.69191E+21,1.23183E+16,5.13314E+16
125729,125730,14,7,13,0,2016,8,15,6,3,5,3,0,0,1,0,0,0,0,1,7.31943E+20,5.68885E+21,1.23276E+16,5.13036E+16
125730,125731,14,7,13,0,2016,8,19,4,2,4,6,1,0,0,1,0,0,0,0,7.34016E+20,5.70045E+21,1.23649E+16,5.14069E+16
125731,125732,14,6,25,20,2016,8,14,3,3,5,3,0,0,1,1,0,0,0,0,8.79652E+20,5.68428E+21,1.44337E+16,5.11835E+16
125732,125733,14,7,29,350,2016,8,8,2,3,5,1,0,0,1,1,0,0,0,0,7.28176E+20,5.67315E+21,1.22637E+16,5.11642E+16
125733,125734,14,5,11,0,2016,8,7,5,3,1,5,0,0,0,1,0,0,0,0,7.73472E+20,5.64116E+21,1.2886E+16,5.08573E+16
125734,125735,14,5,11,0,2016,8,14,2,3,0,7,0,0,0,0,0,0,0,1,7.73966E+20,5.63536E+21,1.28887E+16,5.08051E+16
125735,125736,14,6,12,0,2016,8,14,7,3,4,6,0,0,1,1,0,0,0,0,8.34764E+20,5.66435E+21,1.37753E+16,5.10329E+16
125736,125737,14,7,13,0,2016,8,18,5,3,5,3,0,0,0,1,0,0,0,1,7.38705E+20,5.69739E+21,1.24302E+16,5.13775E+16
125737,125738,14,7,30,280,2016,8,22,7,3,0,7,2,0,0,1,0,0,0,0,7.42383E+20,5.71128E+21,1.24924E+16,5.15006E+16
125738,125739,14,6,12,0,2016,8,23,6,3,0,1,2,0,1,0,0,0,0,0,8.3565E+20,5.6658E+21,1.37893E+16,5.10454E+16
125739,125740,14,6,28,270,2016,8,19,3,3,8,5,1,0,1,0,0,0,0,1,8.47247E+20,5.657E+21,1.39457E+16,5.09597E+16
125740,125741,14,7,13,0,2016,8,10,2,3,2,6,0,0,0,1,0,0,0,0,7.30664E+20,5.68959E+21,1.23098E+16,5.13108E+16
125741,125742,14,5,11,0,2016,8,7,5,3,6,4,0,0,0,1,1,0,0,0,7.77746E+20,5.63657E+21,1.29431E+16,5.08141E+16
125742,125743,14,5,23,20,2016,8,17,1,2,8,7,0,0,0,1,0,0,0,0,7.42556E+20,5.60088E+21,1.24212E+16,5.05095E+16
125743,125744,14,7,13,0,2016,8,13,5,3,6,4,0,0,0,1,1,0,0,0,7.31717E+20,5.68871E+21,1.23243E+16,5.13025E+16
125744,125745,14,6,25,310,2016,8,18,7,2,8,1,0,0,0,0,0,1,0,0,8.55785E+20,5.71389E+21,1.41232E+16,5.14641E+16
125745,125746,14,7,13,0,2016,8,7,4,2,5,3,0,0,1,1,0,0,0,0,7.35145E+20,5.69242E+21,1.23758E+16,5.13343E+16
125746,125747,14,7,13,0,2016,8,12,6,3,5,3,0,0,1,1,0,0,0,0,7.33716E+20,5.69339E+21,1.2356E+16,5.13437E+16
125747,125748,14,5,11,0,2016,8,12,2,3,5,3,0,0,0,1,0,0,0,0,7.75945E+20,5.63891E+21,1.29194E+16,5.0836E+16
125748,125749,14,5,11,0,2016,8,7,6,3,1,6,0,0,1,1,0,0,0,0,7.75062E+20,5.63886E+21,1.29068E+16,5.0836E+16
125749,125750,14,7,29,260,2016,8,14,5,3,4,2,0,0,1,1,0,0,0,0,7.34701E+20,5.68696E+21,1.23659E+16,5.12855E+16
125750,125751,14,7,13,0,2016,8,15,5,3,5,3,0,0,1,1,0,0,0,0,7.35481E+20,5.69686E+21,1.23836E+16,5.13741E+16
125751,125752,14,7,13,0,2016,8,15,5,2,6,4,0,0,0,1,1,0,0,0,7.37828E+20,5.69503E+21,1.2416E+16,5.13567E+16
125752,125753,14,7,13,0,2016,8,19,6,3,1,5,0,0,0,1,0,0,0,0,7.31488E+20,5.69025E+21,1.2322E+16,5.13164E+16
125753,125754,14,5,11,0,2016,8,16,5,3,5,3,0,0,1,1,0,0,0,0,7.70036E+20,5.63612E+21,1.28336E+16,5.08137E+16
125754,125755,14,7,13,0,2016,8,16,5,3,2,6,0,0,0,1,0,0,0,0,7.35079E+20,5.69019E+21,1.23734E+16,5.13144E+16
125755,125756,14,6,12,0,2016,8,10,5,3,1,5,0,0,1,0,0,0,0,1,8.39237E+20,5.66124E+21,1.3836E+16,5.10025E+16
125756,125757,14,6,27,210,2016,8,19,7,3,5,3,0,0,0,1,0,1,0,0,8.22706E+20,5.67209E+21,1.36108E+16,5.11093E+16
125757,125758,14,6,25,200,2016,8,11,4,3,0,7,0,0,0,0,1,0,0,1,8.51182E+20,5.67794E+21,1.40218E+16,5.11449E+16
125758,125759,14,7,13,0,2016,8,9,6,3,2,6,0,0,0,1,0,1,0,0,7.35668E+20,5.69612E+21,1.23858E+16,5.13673E+16
125759,125760,14,7,13,0,2016,8,11,1,3,6,4,0,0,0,1,1,0,0,0,7.35631E+20,5.68933E+21,1.23808E+16,5.13064E+16
125760,125761,14,5,23,320,2016,8,17,5,2,5,3,0,0,0,1,0,0,0,0,7.22944E+20,5.60161E+21,1.21454E+16,5.05239E+16
125761,125762,14,7,13,0,2016,8,15,5,3,5,3,0,0,0,1,0,1,0,0,7.38086E+20,5.69756E+21,1.24214E+16,5.13792E+16
125762,125763,14,7,13,0,2016,8,11,5,3,6,4,0,0,1,0,1,0,0,0,7.35059E+20,5.69088E+21,1.23736E+16,5.13205E+16
125763,125764,14,7,13,0,2016,8,13,6,3,5,3,0,0,1,1,0,0,0,0,7.3922E+20,5.68969E+21,1.24324E+16,5.13081E+16
125764,125765,14,7,13,0,2016,8,7,4,3,5,3,0,0,1,1,0,0,0,0,7.36986E+20,5.69377E+21,1.24031E+16,5.13457E+16
125765,125766,14,7,13,0,2016,8,7,3,3,2,6,0,0,0,1,0,0,0,0,7.32612E+20,5.6923E+21,1.23395E+16,5.13344E+16
125766,125767,14,6,25,480,2016,8,7,3,3,0,6,0,0,1,1,0,0,0,0,8.44592E+20,5.67456E+21,1.39247E+16,5.11187E+16
125767,125768,14,5,24,210,2016,8,11,2,3,1,5,0,0,0,1,0,0,0,0,7.37807E+20,5.63158E+21,1.2374E+16,5.07871E+16
125768,125769,14,5,24,210,2016,8,17,4,3,1,4,0,0,0,1,1,0,0,0,7.38229E+20,5.63205E+21,1.23803E+16,5.07912E+16
125769,125770,14,6,12,0,2016,8,16,2,3,0,4,0,0,0,0,1,0,0,1,8.32431E+20,5.666E+21,1.37437E+16,5.10491E+16
125770,125771,14,5,23,370,2016,8,9,7,3,6,7,0,0,0,1,1,0,0,0,7.37883E+20,5.58725E+21,1.23467E+16,5.03891E+16
125771,125772,14,5,22,180,2016,8,10,4,3,0,7,0,0,0,0,0,0,0,1,8.04578E+20,5.64685E+21,1.33315E+16,5.08928E+16
125772,125773,14,7,13,0,2016,8,10,3,3,4,6,0,0,1,0,0,0,0,0,7.35523E+20,5.69204E+21,1.2381E+16,5.13308E+16
125773,125774,14,6,12,0,2016,8,16,3,3,5,3,0,0,1,0,0,0,0,0,8.36905E+20,5.66502E+21,1.38064E+16,5.10378E+16
125774,125775,14,6,25,20,2016,8,6,6,3,4,6,0,0,0,1,0,0,0,1,8.78409E+20,5.68563E+21,1.44174E+16,5.11964E+16
125775,125776,14,6,28,270,2016,8,16,2,2,4,6,0,0,1,0,0,0,0,0,8.4665E+20,5.65745E+21,1.39376E+16,5.09641E+16
125776,125777,14,6,12,0,2016,8,18,2,3,1,7,0,0,1,1,0,0,0,0,8.29627E+20,5.66405E+21,1.3702E+16,5.10333E+16
125777,125778,14,6,12,0,2016,8,21,1,2,0,1,2,0,1,0,0,0,0,0,8.37307E+20,5.66596E+21,1.3813E+16,5.10459E+16
125778,125779,14,7,13,0,2016,8,11,5,3,1,5,0,0,1,1,0,0,0,0,7.32839E+20,5.69163E+21,1.23423E+16,5.13282E+16
125779,125780,14,7,13,0,2016,8,8,5,3,5,3,0,0,1,1,0,0,0,0,7.34788E+20,5.69895E+21,1.2375E+16,5.13931E+16
125780,125781,14,7,13,0,2016,8,6,4,3,3,6,0,0,0,1,0,0,0,1,7.36219E+20,5.69253E+21,1.23913E+16,5.13349E+16
125781,125782,14,6,28,270,2016,8,22,3,2,8,1,2,0,1,0,0,0,0,0,8.47329E+20,5.6622E+21,1.39518E+16,5.10063E+16
125782,125783,14,7,13,0,2016,8,20,2,3,5,3,1,0,1,1,0,0,0,0,7.27783E+20,5.68914E+21,1.22682E+16,5.13079E+16
125783,125784,14,5,24,300,2016,8,15,4,3,2,1,0,0,0,1,0,0,0,0,7.38226E+20,5.62552E+21,1.2376E+16,5.07325E+16
125784,125785,14,5,11,0,2016,8,19,2,2,6,4,0,0,0,1,1,0,0,0,7.78807E+20,5.6375E+21,1.29588E+16,5.08219E+16
125785,125786,14,6,12,0,2016,8,11,7,2,5,3,0,0,0,1,0,0,0,0,8.34399E+20,5.66709E+21,1.37727E+16,5.10577E+16
125786,125787,14,7,13,0,2016,8,7,5,2,5,3,0,0,1,1,0,0,0,0,7.31019E+20,5.69399E+21,1.23177E+16,5.13501E+16
125787,125788,14,7,30,270,2016,8,9,7,2,0,7,0,0,0,0,1,0,0,1,7.25816E+20,5.69822E+21,1.22458E+16,5.13902E+16
125788,125789,14,5,11,0,2016,8,22,7,2,4,2,2,0,0,1,0,1,0,0,7.73338E+20,5.63295E+21,1.2878E+16,5.07837E+16
125789,125790,14,7,13,0,2016,8,16,5,2,4,2,0,0,0,1,0,1,0,0,7.35047E+20,5.69089E+21,1.23734E+16,5.13207E+16
125790,125791,14,5,23,320,2016,8,17,7,3,5,3,0,0,0,1,0,0,0,0,7.2195E+20,5.59843E+21,1.21295E+16,5.04957E+16
125791,125792,14,6,28,270,2016,8,17,5,2,9,7,0,0,0,0,0,0,0,1,8.4733E+20,5.65717E+21,1.3947E+16,5.09612E+16
125792,125793,14,6,28,110,2016,8,14,6,2,4,1,0,0,1,0,0,0,1,0,8.27883E+20,5.6609E+21,1.36744E+16,5.1006E+16
125793,125794,14,6,28,170,2016,8,18,3,2,8,1,0,0,1,0,0,0,0,0,8.26785E+20,5.63295E+21,1.36338E+16,5.07561E+16
125794,125795,14,6,25,240,2016,8,12,2,3,2,6,0,0,0,1,0,0,0,0,8.66057E+20,5.71128E+21,1.42677E+16,5.14342E+16
125795,125796,14,5,23,120,2016,8,16,4,3,1,3,0,0,0,1,0,1,0,0,7.39108E+20,5.59686E+21,1.237E+16,5.04749E+16
125796,125797,14,5,11,0,2016,8,13,1,3,5,3,0,1,1,1,0,0,0,0,7.75371E+20,5.63418E+21,1.29077E+16,5.07938E+16
125797,125798,14,6,26,85,2016,8,10,5,3,2,6,0,0,1,1,0,0,0,0,8.93921E+20,5.66492E+21,1.46158E+16,5.10006E+16
125798,125799,14,6,12,0,2016,8,14,7,3,6,4,0,0,0,1,1,0,0,0,8.30521E+20,5.6671E+21,1.37175E+16,5.10601E+16
125799,125800,14,7,13,0,2016,8,14,4,3,5,3,0,0,1,1,0,0,0,0,7.34393E+20,5.69605E+21,1.23675E+16,5.13672E+16
125800,125801,14,7,13,0,2016,8,11,6,3,5,3,0,0,0,1,0,0,0,0,7.31736E+20,5.6905E+21,1.23257E+16,5.13186E+16
125801,125802,14,5,23,430,2016,8,18,1,2,5,3,0,0,0,1,0,0,0,0,7.33797E+20,5.60458E+21,1.23002E+16,5.05464E+16
125802,125803,14,5,11,0,2016,8,5,6,3,6,4,1,0,0,0,1,1,0,0,7.7621E+20,5.63842E+21,1.29228E+16,5.08315E+16
125803,125804,14,7,13,0,2016,8,12,6,3,1,6,0,0,0,1,0,0,0,0,7.39897E+20,5.69805E+21,1.24477E+16,5.13829E+16
125804,125805,14,6,12,0,2016,8,17,6,3,2,6,0,0,1,1,0,0,0,0,8.41414E+20,5.66096E+21,1.38666E+16,5.09987E+16
125805,125806,14,5,23,20,2016,8,17,4,3,6,3,0,0,1,0,1,0,0,0,7.40612E+20,5.60045E+21,1.23935E+16,5.05065E+16
125806,125807,14,6,26,610,2016,8,16,5,2,6,4,0,0,0,0,1,1,0,0,9.08101E+20,5.65477E+21,1.48055E+16,5.08999E+16
125807,125808,14,7,13,0,2016,8,16,6,3,2,2,0,0,0,1,0,0,0,0,7.35601E+20,5.69709E+21,1.23855E+16,5.13761E+16
125808,125809,14,5,22,180,2016,8,19,5,3,0,6,0,0,1,0,0,0,0,1,8.05651E+20,5.64903E+21,1.33485E+16,5.09118E+16
125809,125810,14,5,23,120,2016,8,13,6,3,5,3,0,0,0,1,0,1,0,0,7.38648E+20,5.59692E+21,1.23636E+16,5.04756E+16
125810,125811,14,6,12,0,2016,8,13,4,3,2,2,0,0,0,1,0,1,0,0,8.29013E+20,5.66511E+21,1.36943E+16,5.10431E+16
125811,125812,14,7,13,0,2016,8,15,6,2,5,3,0,0,1,1,0,0,0,0,7.39897E+20,5.69232E+21,1.24439E+16,5.13315E+16
125812,125813,14,6,25,240,2016,8,14,2,3,0,7,0,0,0,1,0,0,0,0,8.64121E+20,5.71129E+21,1.424E+16,5.14355E+16
125813,125814,14,6,25,600,2016,8,18,1,2,9,1,0,0,0,0,0,1,0,0,8.41151E+20,5.68085E+21,1.38817E+16,5.1177E+16
125814,125815,14,7,30,70,2016,8,13,5,3,5,3,0,0,1,1,0,0,0,0,7.31179E+20,5.71335E+21,1.23327E+16,5.15239E+16
125815,125816,14,6,25,430,2016,8,14,5,3,0,7,0,0,0,1,0,0,0,0,8.37088E+20,5.68132E+21,1.38242E+16,5.11837E+16
125816,125817,14,6,26,110,2016,8,7,5,3,6,4,0,0,0,1,1,0,0,0,9.18428E+20,5.68407E+21,1.49853E+16,5.11546E+16
125817,125818,14,6,12,0,2016,8,7,5,3,2,6,0,0,0,1,0,0,0,0,8.26945E+20,5.67055E+21,1.36698E+16,5.10931E+16
125818,125819,14,7,13,0,2016,8,18,5,3,4,2,0,0,1,1,0,0,0,0,7.4053E+20,5.69039E+21,1.24516E+16,5.13139E+16
125819,125820,14,7,29,260,2016,8,20,6,3,5,3,1,0,0,1,0,0,0,0,7.33987E+20,5.68483E+21,1.23543E+16,5.12667E+16
125820,125821,14,7,30,80,2016,8,13,4,3,4,6,0,0,0,1,0,0,0,1,7.59037E+20,5.71444E+21,1.27342E+16,5.15216E+16
125821,125822,14,5,21,410,2016,8,23,4,3,6,4,1,0,0,0,1,1,0,0,7.73294E+20,5.63215E+21,1.28768E+16,5.07766E+16
125822,125823,14,7,13,0,2016,8,7,3,3,2,2,0,0,0,1,0,0,0,0,7.34643E+20,5.69148E+21,1.2368E+16,5.13262E+16
125823,125824,14,6,12,0,2016,8,18,3,3,2,6,0,0,1,1,0,0,0,0,8.35587E+20,5.66434E+21,1.3787E+16,5.10324E+16
125824,125825,14,6,28,160,2016,8,17,6,3,2,6,0,0,0,1,0,1,0,0,8.41148E+20,5.65873E+21,1.38608E+16,5.09788E+16
125825,125826,14,6,12,0,2016,8,21,2,3,6,4,2,0,0,0,1,0,0,1,8.29159E+20,5.66949E+21,1.37003E+16,5.10823E+16
125826,125827,14,5,22,310,2016,8,17,1,2,6,7,0,0,0,1,1,0,0,0,7.74527E+20,5.67489E+21,1.29265E+16,5.11595E+16
125827,125828,14,6,12,0,2016,8,7,5,3,6,7,0,0,0,0,1,0,0,1,8.28519E+20,5.66576E+21,1.36878E+16,5.10493E+16
125828,125829,14,6,25,240,2016,8,6,5,3,5,3,0,0,1,1,0,0,0,0,8.64184E+20,5.71095E+21,1.42405E+16,5.14324E+16
125829,125830,14,6,27,70,2016,8,7,3,3,8,1,0,0,0,1,0,0,0,0,7.99749E+20,5.68725E+21,1.32965E+16,5.12576E+16
125830,125831,14,7,30,270,2016,8,8,2,3,5,3,0,0,1,1,0,0,0,0,7.25828E+20,5.69808E+21,1.22459E+16,5.1389E+16