FID,OBJECTID,ULAND,UREGBEZ,UKREIS,UGEMEINDE,UJAHR,UMONAT,USTUNDE,UWOCHENTAG,UKATEGORIE,UART,UTYP1,ULICHTVERH,IstStrasse,IstRad,IstPKW,IstFuss,IstKrad,IstGkfz,IstSonstig,LINREFX,LINREFY,XGCSWGS84,YGCSWGS84
125831,125832,14,5,23,340,2016,8,15,4,2,4,2,0,0,0,1,0,1,0,0,7.32935E+20,5.61235E+21,1.22929E+16,5.06164E+16
125832,125833,14,7,29,270,2016,8,5,5,3,1,5,2,0,0,0,0,0,1,0,7.22054E+20,5.68936E+21,1.21863E+16,5.13122E+16
125833,125834,14,7,13,0,2016,8,6,6,3,5,3,0,0,0,1,0,0,0,0,7.28859E+20,5.69433E+21,1.2287E+16,5.1354E+16
125834,125835,14,7,13,0,2016,8,18,4,3,5,2,0,0,1,1,0,0,0,0,7.35046E+20,5.69088E+21,1.23734E+16,5.13206E+16
125835,125836,14,7,13,0,2016,8,10,3,3,2,6,0,0,0,1,0,0,0,0,7.39762E+20,5.68824E+21,1.24392E+16,5.12949E+16
125836,125837,14,6,26,110,2016,8,12,3,3,0,1,0,0,1,0,0,0,0,0,9.18292E+20,5.68449E+21,1.49839E+16,5.11585E+16
125837,125838,14,7,30,70,2016,8,18,2,3,3,2,0,0,1,1,0,0,0,0,7.31411E+20,5.71384E+21,1.23363E+16,5.15282E+16
125838,125839,14,7,13,0,2016,8,22,4,3,0,7,2,0,1,0,0,0,0,0,7.34959E+20,5.69267E+21,1.23733E+16,5.13367E+16
125839,125840,14,5,21,20,2016,8,6,2,3,9,1,0,1,0,1,0,0,0,0,7.83345E+20,5.61E+21,1.3002E+16,5.05731E+16
125840,125841,14,5,22,260,2016,8,12,7,2,5,3,0,0,0,1,0,0,0,1,7.668E+20,5.64442E+21,1.27938E+16,5.08897E+16
125841,125842,14,6,12,0,2016,8,16,5,3,5,3,0,0,1,1,0,0,0,0,8.36036E+20,5.66224E+21,1.37915E+16,5.10133E+16
125842,125843,14,5,23,340,2016,8,16,7,2,4,2,0,0,0,1,0,1,0,0,7.34918E+20,5.61459E+21,1.23223E+16,5.06358E+16
125843,125844,14,6,12,0,2016,8,22,5,2,5,3,2,0,1,1,0,0,0,0,8.32234E+20,5.66578E+21,1.37407E+16,5.10473E+16
125844,125845,14,6,12,0,2016,8,13,6,3,5,2,0,0,1,1,0,0,0,0,8.3288E+20,5.66473E+21,1.37489E+16,5.10375E+16
125845,125846,14,7,13,0,2016,8,7,4,3,0,1,0,0,1,0,0,0,0,0,7.37338E+20,5.69308E+21,1.24077E+16,5.13394E+16
125846,125847,14,7,29,160,2016,8,9,7,2,0,1,0,1,0,0,0,1,0,0,7.5938E+20,5.68101E+21,1.27147E+16,5.12215E+16
125847,125848,14,6,12,0,2016,8,16,5,3,5,2,0,0,1,0,0,0,0,1,8.33622E+20,5.66609E+21,1.37607E+16,5.10492E+16
125848,125849,14,5,24,330,2016,8,21,1,3,5,3,2,0,0,1,0,1,0,0,7.47091E+20,5.62287E+21,1.24996E+16,5.07051E+16
125849,125850,14,6,12,0,2016,8,11,5,3,3,2,0,0,1,1,0,0,0,0,8.30934E+20,5.66597E+21,1.37224E+16,5.10497E+16
125850,125851,14,7,13,0,2016,8,11,7,3,3,2,0,0,0,1,0,0,0,1,7.29289E+20,5.6898E+21,1.22902E+16,5.13132E+16
125851,125852,14,7,29,430,2016,8,17,6,2,5,3,0,0,1,1,0,0,0,0,7.32555E+20,5.68026E+21,1.23308E+16,5.12263E+16
125852,125853,14,5,21,20,2016,8,14,2,3,3,2,0,0,0,1,0,1,0,0,7.83715E+20,5.60996E+21,1.30072E+16,5.05725E+16
125853,125854,14,5,22,510,2016,8,19,6,2,0,1,1,0,1,0,0,0,0,0,7.9269E+20,5.66522E+21,1.31777E+16,5.10637E+16
125854,125855,14,6,12,0,2016,8,17,5,3,5,3,0,0,1,0,0,0,0,1,8.3476E+20,5.66602E+21,1.37768E+16,5.1048E+16
125855,125856,14,7,13,0,2016,8,7,6,3,6,2,0,0,0,0,1,0,0,1,7.38552E+20,5.68949E+21,1.24227E+16,5.13066E+16
125856,125857,14,5,11,0,2016,8,10,5,3,0,2,0,0,0,1,0,1,0,0,7.74972E+20,5.63352E+21,1.29015E+16,5.07881E+16
125857,125858,14,5,23,320,2016,8,10,6,2,5,2,0,0,0,1,0,0,0,0,7.23885E+20,5.59802E+21,1.21565E+16,5.04913E+16
125858,125859,14,6,12,0,2016,8,17,4,3,4,2,0,0,1,1,0,0,0,0,8.35954E+20,5.66555E+21,1.37933E+16,5.10431E+16
125859,125860,14,7,13,0,2016,8,19,3,3,4,2,0,0,1,1,0,0,0,0,7.3668E+20,5.68979E+21,1.23961E+16,5.13102E+16
125860,125861,14,6,12,0,2016,8,7,3,3,5,2,0,0,1,1,0,0,0,0,8.34692E+20,5.66737E+21,1.37771E+16,5.10601E+16
125861,125862,14,6,26,580,2016,8,9,6,2,4,1,0,0,0,1,0,1,0,0,9.06211E+20,5.68926E+21,1.48174E+16,5.12098E+16
125862,125863,14,6,27,10,2016,8,15,2,3,5,3,0,0,1,1,0,0,0,0,8.19659E+20,5.67353E+21,1.35687E+16,5.11239E+16
125863,125864,14,6,12,0,2016,8,8,1,3,5,3,0,0,0,1,0,0,0,0,8.3246E+20,5.66316E+21,1.37415E+16,5.10236E+16
125864,125865,14,6,12,0,2016,8,12,5,3,4,6,0,0,1,0,0,0,0,0,8.32707E+20,5.66483E+21,1.37465E+16,5.10385E+16
125865,125866,14,6,12,0,2016,8,12,7,2,5,3,0,0,1,1,0,0,0,0,8.28742E+20,5.6661E+21,1.36913E+16,5.10521E+16
125866,125867,14,6,26,280,2016,8,16,4,3,5,3,0,0,0,1,0,1,0,0,8.98833E+20,5.65937E+21,1.46794E+16,5.09476E+16
125867,125868,14,7,13,0,2016,8,17,6,3,3,2,0,0,1,1,0,0,0,0,7.36058E+20,5.68815E+21,1.23861E+16,5.12957E+16
125868,125869,14,7,29,50,2016,8,13,1,3,3,6,0,0,1,1,0,0,0,0,7.44823E+20,5.66954E+21,1.24989E+16,5.11249E+16
125869,125870,14,5,24,30,2016,8,12,5,3,5,3,0,0,0,1,0,0,0,0,7.387E+20,5.63442E+21,1.23885E+16,5.08123E+16
125870,125871,14,6,12,0,2016,8,16,5,3,0,1,0,0,1,0,0,0,0,0,8.36544E+20,5.66569E+21,1.38019E+16,5.1044E+16
125871,125872,14,7,13,0,2016,8,15,5,2,5,2,0,0,1,0,0,0,0,1,7.3597E+20,5.69461E+21,1.23891E+16,5.13537E+16
125872,125873,14,6,25,240,2016,8,9,6,3,5,3,0,0,1,1,0,0,0,0,8.64141E+20,5.7107E+21,1.42397E+16,5.14302E+16
125873,125874,14,7,29,50,2016,8,13,4,3,5,3,0,0,1,1,0,0,0,0,7.44358E+20,5.66947E+21,1.24922E+16,5.11245E+16
125874,125875,14,7,13,0,2016,8,11,3,3,1,6,0,0,0,1,0,0,0,0,7.28461E+20,5.6902E+21,1.22786E+16,5.13172E+16
125875,125876,14,6,26,610,2016,8,12,3,3,9,7,0,0,0,1,0,0,0,0,9.08916E+20,5.65195E+21,1.48139E+16,5.08742E+16
125876,125877,14,5,21,410,2016,8,6,3,3,9,1,0,0,0,1,0,0,0,0,7.74492E+20,5.62813E+21,1.28907E+16,5.07399E+16
125877,125878,14,7,13,0,2016,8,16,4,3,5,3,0,0,1,1,0,0,0,0,7.35279E+20,5.69089E+21,1.23768E+16,5.13205E+16
125878,125879,14,6,12,0,2016,8,7,2,3,5,3,0,0,1,1,0,0,0,0,8.36951E+20,5.6649E+21,1.38069E+16,5.10366E+16
125879,125880,14,5,24,300,2016,8,16,7,3,2,2,0,0,1,1,0,0,0,0,7.38253E+20,5.62641E+21,1.2377E+16,5.07405E+16
125880,125881,14,6,12,0,2016,9,13,5,3,5,3,0,0,0,1,0,0,0,1,8.32943E+20,5.66584E+21,1.37508E+16,5.10474E+16
125881,125882,14,6,25,20,2016,8,6,4,3,2,6,0,0,0,1,0,1,0,0,8.78983E+20,5.6838E+21,1.44237E+16,5.11797E+16
125882,125883,14,7,29,50,2016,9,18,4,3,0,1,0,1,0,0,0,1,0,0,7.45554E+20,5.66992E+21,1.25096E+16,5.1128E+16
125883,125884,14,5,11,0,2016,9,19,4,3,3,6,1,0,1,1,0,0,0,0,7.72752E+20,5.63635E+21,1.28722E+16,5.08146E+16
125884,125885,14,6,12,0,2016,9,9,5,3,5,3,0,0,0,1,0,0,0,0,8.445E+20,5.66135E+21,1.39108E+16,5.10004E+16
125885,125886,14,7,30,200,2016,9,15,2,3,4,1,0,0,0,1,0,0,1,0,7.74769E+20,5.68418E+21,1.2937E+16,5.12427E+16
125886,125887,14,6,12,0,2016,8,16,3,3,3,6,0,0,1,0,0,0,0,0,8.32825E+20,5.6676E+21,1.37508E+16,5.10632E+16
125887,125888,14,5,22,330,2016,9,15,2,3,5,3,0,1,0,1,0,0,0,0,7.79578E+20,5.64698E+21,1.2977E+16,5.09066E+16
125888,125889,14,5,23,200,2016,9,18,7,2,8,1,0,0,0,0,0,1,0,0,7.3999E+20,5.58111E+21,1.23724E+16,5.03332E+16
125889,125890,14,6,25,240,2016,8,14,4,2,6,4,0,0,0,1,1,0,0,0,8.70266E+20,5.70808E+21,1.43246E+16,5.14028E+16
125890,125891,14,7,13,0,2016,9,11,6,3,5,3,0,0,1,0,0,0,0,1,7.35897E+20,5.69474E+21,1.23882E+16,5.13549E+16
125891,125892,14,6,26,110,2016,9,23,6,3,9,1,2,0,0,1,0,0,0,0,9.15933E+20,5.68257E+21,1.49481E+16,5.11431E+16
125892,125893,14,6,12,0,2016,9,8,5,3,5,2,0,0,1,1,0,0,0,0,8.34793E+20,5.66669E+21,1.37779E+16,5.10539E+16
125893,125894,14,7,13,0,2016,9,7,5,3,2,6,0,0,0,1,0,0,0,0,7.31883E+20,5.69179E+21,1.23287E+16,5.133E+16
125894,125895,14,7,30,330,2016,9,15,6,2,5,2,0,0,1,0,0,0,0,1,7.76833E+20,5.68627E+21,1.29681E+16,5.12604E+16
125895,125896,14,7,13,0,2016,9,21,4,3,0,7,2,0,0,1,0,1,0,0,7.28462E+20,5.6902E+21,1.22786E+16,5.13171E+16
125896,125897,14,6,12,0,2016,9,6,5,3,5,3,0,0,1,0,0,0,1,0,8.32525E+20,5.6645E+21,1.37436E+16,5.10356E+16
125897,125898,14,6,25,640,2016,9,17,2,3,5,3,0,1,1,1,0,0,0,0,8.64779E+20,5.70573E+21,1.42437E+16,5.13853E+16
125898,125899,14,6,12,0,2016,8,17,3,2,6,2,0,0,0,1,1,0,0,0,8.33676E+20,5.66372E+21,1.37593E+16,5.1028E+16
125899,125900,14,7,13,0,2016,9,14,1,2,0,7,0,1,0,1,0,0,0,1,7.33832E+20,5.69405E+21,1.23581E+16,5.13495E+16
125900,125901,14,6,12,0,2016,8,13,4,3,1,6,0,0,1,1,0,0,0,0,8.3006E+20,5.67115E+21,1.37147E+16,5.10966E+16
125901,125902,14,7,13,0,2016,9,16,6,3,6,4,0,0,0,1,1,0,0,0,7.354E+20,5.69087E+21,1.23785E+16,5.13203E+16
125902,125903,14,5,23,10,2016,9,8,3,3,5,3,0,0,0,1,0,0,0,0,7.31657E+20,5.5792E+21,1.22543E+16,5.03193E+16
125903,125904,14,6,12,0,2016,9,16,6,3,5,3,0,0,1,0,0,0,0,0,8.32212E+20,5.66606E+21,1.37406E+16,5.10498E+16
125904,125905,14,7,13,0,2016,9,21,6,2,1,1,2,0,0,1,0,1,0,0,7.34882E+20,5.69652E+21,1.23748E+16,5.13713E+16
125905,125906,14,6,25,20,2016,9,10,5,3,1,5,0,0,1,1,0,0,0,0,8.79406E+20,5.6845E+21,1.44304E+16,5.11856E+16
125906,125907,14,6,12,0,2016,8,17,4,3,5,3,0,0,0,1,0,1,0,0,8.29477E+20,5.67044E+21,1.37057E+16,5.10906E+16
125907,125908,14,5,11,0,2016,9,20,1,3,3,2,2,1,0,1,0,0,0,0,7.76864E+20,5.63906E+21,1.29325E+16,5.08369E+16
125908,125909,14,6,12,0,2016,8,7,4,3,5,7,0,0,1,1,0,0,0,0,8.38943E+20,5.66119E+21,1.38318E+16,5.10022E+16
125909,125910,14,7,13,0,2016,9,17,4,3,4,2,0,0,0,1,0,0,0,1,7.3475E+20,5.69385E+21,1.23711E+16,5.13474E+16
125910,125911,14,6,25,40,2016,9,6,6,2,9,1,0,0,0,1,0,0,0,0,8.64503E+20,5.6787E+21,1.42122E+16,5.11434E+16
125911,125912,14,7,13,0,2016,9,17,3,3,0,7,0,0,1,1,0,0,0,0,7.37188E+20,5.6939E+21,1.24061E+16,5.13468E+16
125912,125913,14,5,21,200,2016,9,15,6,3,5,3,0,0,0,1,0,0,0,0,7.81248E+20,5.62516E+21,1.2984E+16,5.07101E+16
125913,125914,14,7,13,0,2016,8,7,4,3,5,3,0,0,1,1,0,0,0,0,7.3668E+20,5.69378E+21,1.23987E+16,5.13459E+16
125914,125915,14,7,13,0,2016,9,7,6,3,1,1,0,0,1,1,0,0,0,0,7.34019E+20,5.69577E+21,1.23619E+16,5.13649E+16
125915,125916,14,6,12,0,2016,9,16,5,3,2,3,0,0,0,1,0,0,0,0,8.27333E+20,5.66617E+21,1.36714E+16,5.10536E+16
125916,125917,14,6,12,0,2016,8,11,4,3,5,2,0,0,0,1,0,0,0,0,8.31448E+20,5.66557E+21,1.37293E+16,5.10459E+16
125917,125918,14,5,24,190,2016,9,14,4,2,0,7,0,0,1,0,0,0,0,0,7.44026E+20,5.63884E+21,1.24669E+16,5.08497E+16
125918,125919,14,7,13,0,2016,9,20,7,2,4,2,2,0,0,1,0,1,0,0,7.34639E+20,5.69539E+21,1.23706E+16,5.13613E+16
125919,125920,14,6,12,0,2016,9,15,4,3,4,2,0,0,1,1,0,0,0,0,8.30087E+20,5.67072E+21,1.37147E+16,5.10927E+16
125920,125921,14,7,13,0,2016,9,10,5,3,5,3,0,0,1,1,0,0,0,0,7.41609E+20,5.69399E+21,1.24695E+16,5.13457E+16
125921,125922,14,7,29,270,2016,9,19,3,2,4,6,0,0,0,1,0,0,0,0,7.2449E+20,5.69276E+21,1.22234E+16,5.13417E+16
125922,125923,14,5,11,0,2016,9,14,3,2,4,6,0,0,0,1,0,0,1,0,7.70326E+20,5.63684E+21,1.28382E+16,5.08201E+16
125923,125924,14,6,12,0,2016,8,8,4,2,6,4,0,0,0,1,1,0,0,0,8.31007E+20,5.66253E+21,1.37203E+16,5.10188E+16
125924,125925,14,6,12,0,2016,9,20,5,2,4,1,2,0,1,1,0,0,0,0,8.3251E+20,5.66856E+21,1.37472E+16,5.1072E+16
125925,125926,14,6,28,100,2016,9,7,7,3,7,7,0,0,1,0,0,0,0,0,8.50783E+20,5.66493E+21,1.40035E+16,5.10286E+16
125926,125927,14,6,12,0,2016,9,16,4,2,0,1,0,0,1,0,0,0,0,0,8.32963E+20,5.66778E+21,1.37529E+16,5.10647E+16
125927,125928,14,7,13,0,2016,9,11,5,3,4,6,0,0,1,0,0,0,0,0,7.35652E+20,5.69289E+21,1.23834E+16,5.13384E+16
125928,125929,14,7,13,0,2016,9,8,3,3,4,2,0,0,1,1,0,0,0,0,7.28313E+20,5.69757E+21,1.22812E+16,5.13834E+16
125929,125930,14,6,12,0,2016,9,11,3,3,5,3,0,0,0,0,0,0,1,1,8.28181E+20,5.66845E+21,1.36855E+16,5.10735E+16
125930,125931,14,7,13,0,2016,9,7,5,3,5,3,0,0,1,1,0,0,0,0,7.35174E+20,5.69348E+21,1.2377E+16,5.13439E+16
125931,125932,14,6,12,0,2016,9,16,2,3,1,5,0,0,1,1,0,0,0,0,8.26702E+20,5.66584E+21,1.36621E+16,5.1051E+16
125932,125933,14,7,13,0,2016,8,12,4,2,5,3,0,0,0,1,0,1,0,0,7.34787E+20,5.69141E+21,1.237E+16,5.13254E+16
125933,125934,14,7,13,0,2016,9,12,6,3,1,7,0,0,0,1,0,0,0,0,7.3127E+20,5.69656E+21,1.2323E+16,5.13731E+16
125934,125935,14,5,21,590,2016,8,14,4,3,2,6,0,0,1,0,0,0,0,1,7.66952E+20,5.62437E+21,1.27814E+16,5.07097E+16
125935,125936,14,7,13,0,2016,9,13,4,3,6,4,0,0,1,0,1,0,0,0,7.37258E+20,5.69376E+21,1.2407E+16,5.13455E+16
125936,125937,14,5,11,0,2016,9,17,4,2,4,6,0,0,1,0,0,0,0,0,7.75933E+20,5.6387E+21,1.2919E+16,5.08341E+16
125937,125938,14,6,27,310,2016,9,6,5,3,5,3,0,0,1,1,0,0,0,0,8.20499E+20,5.67869E+21,1.35853E+16,5.11697E+16
125938,125939,14,7,13,0,2016,9,18,2,3,6,6,0,0,1,0,1,0,0,0,7.37234E+20,5.69269E+21,1.2406E+16,5.13359E+16
125939,125940,14,5,22,570,2016,8,4,3,3,7,7,2,0,0,1,0,0,0,0,7.77618E+20,5.66734E+21,1.29647E+16,5.10903E+16
125940,125941,14,5,11,0,2016,9,6,2,3,0,7,0,1,0,0,0,1,0,0,7.75161E+20,5.63509E+21,1.29054E+16,5.08021E+16
125941,125942,14,5,24,80,2016,9,9,7,2,4,2,0,0,0,1,0,1,0,0,7.49576E+20,5.63495E+21,1.25429E+16,5.08124E+16
125942,125943,14,5,22,250,2016,8,18,3,3,4,2,0,0,0,1,0,0,0,0,7.78267E+20,5.66776E+21,1.29743E+16,5.10937E+16
125943,125944,14,6,12,0,2016,9,21,2,3,5,3,2,1,1,1,0,0,0,0,8.32735E+20,5.66651E+21,1.37485E+16,5.10535E+16
125944,125945,14,5,24,200,2016,9,12,7,2,3,2,0,0,0,1,0,1,0,0,7.50525E+20,5.62977E+21,1.25529E+16,5.07655E+16
125945,125946,14,5,22,420,2016,8,17,4,3,5,3,0,0,1,1,0,0,0,0,7.834E+20,5.64254E+21,1.30278E+16,5.0865E+16
125946,125947,14,7,29,410,2016,9,6,6,2,3,2,0,0,1,1,0,0,0,0,7.6051E+20,5.69789E+21,1.27432E+16,5.13724E+16
125947,125948,14,7,29,260,2016,9,17,4,3,5,3,0,0,1,1,0,0,0,0,7.35647E+20,5.68524E+21,1.23783E+16,5.12697E+16
125948,125949,14,6,12,0,2016,9,10,5,2,4,6,0,0,1,0,0,0,0,0,8.32214E+20,5.66649E+21,1.3741E+16,5.10536E+16
125949,125950,14,7,13,0,2016,9,4,5,3,4,2,2,0,0,1,0,0,0,0,7.34892E+20,5.69878E+21,1.23764E+16,5.13916E+16
125950,125951,14,6,28,160,2016,9,16,2,3,0,1,0,0,1,0,0,0,0,0,8.41099E+20,5.65885E+21,1.38602E+16,5.098E+16
125951,125952,14,5,21,20,2016,8,15,3,3,5,3,0,0,0,1,0,1,0,0,7.83474E+20,5.61057E+21,1.30043E+16,5.05781E+16
125952,125953,14,5,22,180,2016,9,18,1,3,7,1,1,0,1,0,0,0,0,0,8.05748E+20,5.64869E+21,1.33496E+16,5.09087E+16
125953,125954,14,5,24,330,2016,9,17,7,3,6,6,0,0,0,0,1,1,0,0,7.46186E+20,5.61971E+21,1.24847E+16,5.0677E+16
125954,125955,14,5,21,220,2016,8,7,4,2,6,4,0,0,0,1,1,0,0,0,7.84571E+20,5.63079E+21,1.30353E+16,5.0759E+16
125955,125956,14,6,26,600,2016,9,8,6,3,5,2,0,0,1,1,0,0,0,0,8.90664E+20,5.72064E+21,1.46304E+16,5.15015E+16
125956,125957,14,5,24,190,2016,9,11,3,2,1,5,0,0,1,1,0,0,0,0,7.43828E+20,5.6388E+21,1.24641E+16,5.08494E+16
125957,125958,14,5,22,230,2016,9,15,6,3,5,3,0,0,1,1,0,0,0,0,7.89548E+20,5.65462E+21,1.31245E+16,5.09702E+16
125958,125959,14,5,11,0,2016,8,7,4,3,5,2,0,0,1,1,0,0,0,0,7.7477E+20,5.63667E+21,1.2901E+16,5.08165E+16
125959,125960,14,7,13,0,2016,9,9,6,3,3,2,0,0,0,1,0,0,0,1,7.35102E+20,5.69453E+21,1.23766E+16,5.13533E+16
125960,125961,14,6,12,0,2016,9,9,6,3,5,3,0,0,1,1,0,0,0,0,8.3894E+20,5.66346E+21,1.38338E+16,5.10226E+16
125961,125962,14,5,11,0,2016,9,16,5,3,2,6,0,0,0,1,0,0,0,1,7.78177E+20,5.63943E+21,1.29514E+16,5.08396E+16
125962,125963,14,7,13,0,2016,9,7,6,3,1,2,0,0,1,1,0,0,0,0,7.42289E+20,5.69403E+21,1.24793E+16,5.13458E+16
125963,125964,14,7,13,0,2016,9,16,5,3,5,3,0,0,1,1,0,0,0,0,7.35963E+20,5.68851E+21,1.2385E+16,5.12989E+16
125964,125965,14,5,11,0,2016,8,16,4,3,1,5,0,0,0,1,0,0,0,0,7.78668E+20,5.63929E+21,1.29582E+16,5.08381E+16
125965,125966,14,6,28,370,2016,9,15,7,2,4,6,0,0,1,0,0,0,0,1,8.53819E+20,5.65694E+21,1.40388E+16,5.09552E+16
125966,125967,14,6,28,220,2016,9,7,4,3,6,6,0,0,0,1,1,0,0,0,8.34306E+20,5.6544E+21,1.37597E+16,5.09441E+16
125967,125968,14,5,11,0,2016,9,22,6,3,9,1,2,0,0,1,0,0,0,0,7.6922E+20,5.63669E+21,1.28224E+16,5.08193E+16
125968,125969,14,7,13,0,2016,9,5,3,2,0,1,2,0,1,0,0,0,0,0,7.27386E+20,5.68949E+21,1.22628E+16,5.13112E+16
125969,125970,14,7,29,160,2016,9,8,5,3,4,2,0,0,0,1,0,0,0,1,7.59386E+20,5.68179E+21,1.27154E+16,5.12285E+16
125970,125971,14,7,13,0,2016,8,14,4,3,5,7,0,0,1,1,0,0,0,0,7.2946E+20,5.70094E+21,1.22999E+16,5.14132E+16
125971,125972,14,7,13,0,2016,9,15,6,3,2,6,0,0,0,1,0,0,0,0,7.3507E+20,5.69045E+21,1.23735E+16,5.13167E+16
125972,125973,14,6,12,0,2016,9,10,5,3,6,2,0,0,0,1,1,0,0,0,8.29628E+20,5.66424E+21,1.37022E+16,5.10349E+16
125973,125974,14,6,25,480,2016,9,16,6,3,1,5,0,0,1,1,0,0,0,0,8.46143E+20,5.66869E+21,1.39412E+16,5.10651E+16
125974,125975,14,6,28,270,2016,9,10,5,3,6,4,0,0,1,0,1,0,0,0,8.48192E+20,5.65648E+21,1.39586E+16,5.09545E+16
125975,125976,14,5,11,0,2016,8,9,4,2,5,3,0,0,0,0,0,0,1,1,7.77428E+20,5.63994E+21,1.29411E+16,5.08445E+16
125976,125977,14,7,30,310,2016,8,18,3,3,5,3,0,0,0,1,0,1,0,0,7.77185E+20,5.72015E+21,1.29996E+16,5.15641E+16
125977,125978,14,5,11,0,2016,9,18,5,2,5,3,0,0,1,1,0,0,0,0,7.74581E+20,5.63913E+21,1.29002E+16,5.08386E+16
125978,125979,14,6,12,0,2016,9,9,7,3,0,7,0,0,1,1,0,0,0,0,8.31516E+20,5.66685E+21,1.37314E+16,5.10572E+16
125979,125980,14,6,12,0,2016,9,8,4,3,5,3,0,0,1,1,0,0,0,0,8.34706E+20,5.66737E+21,1.37773E+16,5.10601E+16
125980,125981,14,7,13,0,2016,9,8,5,3,5,3,0,0,0,1,0,0,0,0,7.38387E+20,5.69643E+21,1.2425E+16,5.1369E+16
125981,125982,14,7,13,0,2016,9,18,3,2,3,5,0,0,1,0,0,0,0,1,7.37036E+20,5.69623E+21,1.24055E+16,5.13678E+16
125982,125983,14,6,12,0,2016,9,17,3,2,5,3,0,0,1,0,0,1,0,0,8.27781E+20,5.66704E+21,1.36785E+16,5.10611E+16
125983,125984,14,7,13,0,2016,9,13,5,3,4,2,0,0,0,1,0,0,0,1,7.36543E+20,5.69072E+21,1.23947E+16,5.13186E+16
125984,125985,14,5,21,450,2016,8,17,3,3,0,7,0,0,0,0,0,0,0,1,7.63375E+20,5.62211E+21,1.27292E+16,5.0691E+16
125985,125986,14,6,12,0,2016,9,21,2,3,5,3,2,1,1,1,0,0,0,0,8.32914E+20,5.66432E+21,1.3749E+16,5.10338E+16
125986,125987,14,6,27,10,2016,9,19,6,3,0,1,1,0,1,0,0,0,0,0,8.20563E+20,5.67381E+21,1.35818E+16,5.11258E+16
125987,125988,14,7,13,0,2016,9,14,7,3,6,6,0,0,1,0,1,0,0,0,7.35265E+20,5.6932E+21,1.23781E+16,5.13413E+16
125988,125989,14,7,29,50,2016,8,10,3,3,0,7,0,0,1,1,0,0,0,0,7.44674E+20,5.66935E+21,1.24966E+16,5.11233E+16
125989,125990,14,5,23,320,2016,9,15,6,3,2,2,0,0,0,1,0,0,0,0,7.22641E+20,5.59823E+21,1.21392E+16,5.04937E+16
125990,125991,14,7,13,0,2016,9,20,4,3,2,6,2,0,1,0,0,1,0,0,7.35751E+20,5.69281E+21,1.23848E+16,5.13376E+16
125991,125992,14,7,13,0,2016,8,10,3,3,0,7,0,0,1,0,0,0,0,0,7.37204E+20,5.69338E+21,1.2406E+16,5.13421E+16
125992,125993,14,7,29,50,2016,9,9,4,3,5,3,0,0,1,1,0,0,0,0,7.44215E+20,5.66788E+21,1.24891E+16,5.11103E+16
125993,125994,14,6,12,0,2016,9,12,7,3,2,6,0,0,0,1,0,0,0,0,8.34703E+20,5.66436E+21,1.37745E+16,5.10331E+16
125994,125995,14,5,22,180,2016,9,17,4,3,5,3,0,0,0,1,0,1,0,0,8.05238E+20,5.65004E+21,1.33435E+16,5.09211E+16
125995,125996,14,6,27,230,2016,9,18,5,3,8,3,0,0,1,1,0,0,0,0,7.99943E+20,5.69253E+21,1.33037E+16,5.13049E+16
125996,125997,14,5,24,290,2016,9,14,2,3,0,7,0,1,0,0,0,1,0,0,7.53236E+20,5.64204E+21,1.25997E+16,5.08745E+16
125997,125998,14,5,21,310,2016,8,7,3,3,6,4,0,0,0,0,1,1,0,0,7.68635E+20,5.63095E+21,1.281E+16,5.0768E+16
125998,125999,14,6,12,0,2016,9,11,2,1,6,4,0,1,0,0,1,1,0,0,8.37513E+20,5.66212E+21,1.38123E+16,5.10114E+16
125999,126000,14,7,13,0,2016,9,6,7,3,4,2,1,0,1,1,0,0,0,0,7.3757E+20,5.69339E+21,1.24112E+16,5.1342E+16
126000,126001,14,7,13,0,2016,8,9,3,3,6,4,0,0,1,0,1,0,0,0,7.34683E+20,5.69147E+21,1.23686E+16,5.1326E+16
126001,126002,14,7,13,0,2016,9,13,6,3,4,2,0,0,0,1,0,0,0,0,7.30728E+20,5.69373E+21,1.23134E+16,5.13479E+16
126002,126003,14,6,12,0,2016,9,14,5,3,6,4,0,0,0,0,1,0,0,1,8.33001E+20,5.66582E+21,1.37516E+16,5.10472E+16
126003,126004,14,7,13,0,2016,9,15,5,2,6,4,0,0,0,1,1,0,0,0,7.35105E+20,5.69488E+21,1.23769E+16,5.13565E+16
126004,126005,14,6,12,0,2016,9,8,5,3,2,3,0,0,1,0,0,0,0,0,8.38207E+20,5.66123E+21,1.38214E+16,5.1003E+16
126005,126006,14,7,13,0,2016,9,20,2,3,3,2,2,0,1,1,0,0,0,0,7.37975E+20,5.69094E+21,1.24154E+16,5.13199E+16
126006,126007,14,5,11,0,2016,8,15,3,3,6,4,0,0,0,1,1,0,0,0,7.74112E+20,5.63824E+21,1.28929E+16,5.08309E+16
126007,126008,14,5,24,330,2016,9,18,1,3,5,3,0,0,0,1,0,0,0,0,7.4783E+20,5.6261E+21,1.25122E+16,5.07337E+16