FID,OBJECTID,ULAND,UREGBEZ,UKREIS,UGEMEINDE,UJAHR,UMONAT,USTUNDE,UWOCHENTAG,UKATEGORIE,UART,UTYP1,ULICHTVERH,IstStrasse,IstRad,IstPKW,IstFuss,IstKrad,IstGkfz,IstSonstig,LINREFX,LINREFY,XGCSWGS84,YGCSWGS84
126008,126009,14,7,13,0,2016,8,10,3,3,0,1,0,0,0,0,0,1,0,0,7.32555E+20,5.69149E+21,1.23381E+16,5.13271E+16
126009,126010,14,7,13,0,2016,9,22,6,2,5,3,2,0,1,1,0,0,0,0,7.36498E+20,5.69366E+21,1.23961E+16,5.1345E+16
126010,126011,14,5,11,0,2016,9,19,4,2,4,2,0,0,0,1,0,1,0,0,7.77808E+20,5.63954E+21,1.29462E+16,5.08407E+16
126011,126012,14,6,12,0,2016,9,14,6,3,5,3,0,0,1,1,0,0,0,0,8.35611E+20,5.66473E+21,1.37877E+16,5.10359E+16
126012,126013,14,7,13,0,2016,8,9,4,3,3,2,0,0,1,1,0,0,0,0,7.34525E+20,5.69257E+21,1.23671E+16,5.13359E+16
126013,126014,14,6,27,140,2016,9,11,6,3,9,1,0,0,0,1,0,0,0,1,8.13683E+20,5.67783E+21,1.34873E+16,5.11657E+16
126014,126015,14,6,26,110,2016,9,14,5,2,0,3,0,0,1,1,0,0,0,0,9.17896E+20,5.68568E+21,1.49796E+16,5.11694E+16
126015,126016,14,7,13,0,2016,8,13,3,3,5,3,0,0,1,1,0,0,0,0,7.27782E+20,5.68914E+21,1.22682E+16,5.13079E+16
126016,126017,14,7,13,0,2016,8,14,3,3,6,7,0,0,0,0,1,0,0,1,7.37971E+20,5.69139E+21,1.24156E+16,5.13239E+16
126017,126018,14,6,12,0,2016,9,12,5,3,5,3,0,0,1,1,0,0,0,0,8.31269E+20,5.6663E+21,1.37274E+16,5.10525E+16
126018,126019,14,6,12,0,2016,9,15,7,3,1,2,0,0,0,1,0,0,0,0,8.2728E+20,5.66466E+21,1.36692E+16,5.104E+16
126019,126020,14,6,12,0,2016,9,6,4,3,5,3,0,0,0,1,0,0,0,0,8.41868E+20,5.66811E+21,1.38798E+16,5.10625E+16
126020,126021,14,7,29,140,2016,9,17,5,2,9,1,0,0,0,1,0,0,0,0,7.49281E+20,5.66599E+21,1.256E+16,5.10911E+16
126021,126022,14,7,29,260,2016,8,19,3,3,4,2,0,0,1,1,0,0,0,0,7.33586E+20,5.68503E+21,1.23487E+16,5.12686E+16
126022,126023,14,7,13,0,2016,9,16,4,3,0,1,0,0,1,0,0,0,0,0,7.43211E+20,5.69466E+21,1.24929E+16,5.1351E+16
126023,126024,14,6,26,110,2016,9,9,6,3,0,7,0,0,0,0,0,0,0,1,9.18267E+20,5.68354E+21,1.49824E+16,5.115E+16
126024,126025,14,7,13,0,2016,9,7,3,3,5,3,0,0,0,1,0,0,0,0,7.37772E+20,5.69374E+21,1.24144E+16,5.13451E+16
126025,126026,14,5,11,0,2016,9,20,6,3,0,1,2,0,1,0,0,0,0,0,7.76296E+20,5.6389E+21,1.29243E+16,5.08357E+16
126026,126027,14,6,12,0,2016,9,22,6,3,5,3,2,0,0,1,0,1,0,0,8.38901E+20,5.65966E+21,1.38297E+16,5.09885E+16
126027,126028,14,6,27,210,2016,9,15,5,2,5,3,0,0,1,0,0,0,0,1,8.22524E+20,5.67285E+21,1.36089E+16,5.11161E+16
126028,126029,14,7,13,0,2016,8,14,3,3,4,2,0,0,1,1,0,0,0,0,7.33535E+20,5.69419E+21,1.23539E+16,5.13509E+16
126029,126030,14,5,23,320,2016,9,18,4,2,4,2,0,0,1,1,0,0,0,0,7.22196E+20,5.59834E+21,1.2133E+16,5.04949E+16
126030,126031,14,5,22,580,2016,9,19,7,2,9,1,1,0,0,0,0,1,0,0,7.65506E+20,5.65701E+21,1.27846E+16,5.10033E+16
126031,126032,14,6,12,0,2016,9,11,4,3,2,6,0,0,0,1,0,0,0,0,8.36155E+20,5.66394E+21,1.37947E+16,5.10285E+16
126032,126033,14,7,13,0,2016,9,12,5,3,5,3,0,0,0,1,0,0,0,0,7.30228E+20,5.69409E+21,1.23065E+16,5.13513E+16
126033,126034,14,7,13,0,2016,9,9,3,2,1,1,0,0,0,1,0,0,0,1,7.32234E+20,5.69059E+21,1.23329E+16,5.13191E+16
126034,126035,14,5,11,0,2016,9,13,3,3,6,4,0,0,0,1,1,0,0,0,7.7996E+20,5.6332E+21,1.29719E+16,5.07828E+16
126035,126036,14,5,11,0,2016,8,15,3,2,3,2,0,0,1,1,0,0,0,0,7.74533E+20,5.6363E+21,1.28974E+16,5.08132E+16
126036,126037,14,6,12,0,2016,9,18,2,3,3,5,0,1,0,1,0,1,0,0,8.32205E+20,5.66813E+21,1.37424E+16,5.10684E+16
126037,126038,14,6,12,0,2016,9,17,6,3,7,7,0,0,0,1,0,0,0,0,8.39009E+20,5.65947E+21,1.38311E+16,5.09868E+16
126038,126039,14,7,29,260,2016,9,22,3,3,4,2,2,0,1,1,0,0,0,0,7.34619E+20,5.6868E+21,1.23646E+16,5.12841E+16
126039,126040,14,6,27,210,2016,9,17,3,3,0,1,0,0,1,0,0,0,0,1,8.23933E+20,5.67253E+21,1.36287E+16,5.11125E+16
126040,126041,14,7,13,0,2016,9,19,5,2,1,5,1,0,1,1,0,0,0,0,7.32339E+20,5.69139E+21,1.2335E+16,5.13263E+16
126041,126042,14,6,27,150,2016,9,15,2,3,6,7,0,0,0,1,1,0,0,0,8.27083E+20,5.67747E+21,1.3678E+16,5.1155E+16
126042,126043,14,7,13,0,2016,8,8,4,3,4,7,0,0,0,1,0,1,0,0,7.34781E+20,5.6925E+21,1.23707E+16,5.13352E+16
126043,126044,14,6,12,0,2016,9,7,6,3,6,4,0,0,0,1,1,0,0,0,8.36583E+20,5.66348E+21,1.38004E+16,5.10241E+16
126044,126045,14,7,13,0,2016,8,11,3,2,5,7,0,0,0,1,0,1,0,0,7.37047E+20,5.69376E+21,1.2404E+16,5.13456E+16
126045,126046,14,7,29,150,2016,9,11,4,3,0,7,0,0,0,0,0,1,0,0,7.58823E+20,5.66231E+21,1.26933E+16,5.10539E+16
126046,126047,14,5,11,0,2016,9,16,4,3,5,3,0,0,0,1,0,1,0,0,7.77423E+20,5.63829E+21,1.29398E+16,5.08297E+16
126047,126048,14,6,27,210,2016,9,17,5,3,0,2,0,0,0,1,0,1,0,0,8.27444E+20,5.67155E+21,1.36778E+16,5.11017E+16
126048,126049,14,7,13,0,2016,9,8,2,3,0,7,0,1,0,0,0,0,0,1,7.29055E+20,5.69086E+21,1.22876E+16,5.13229E+16
126049,126050,14,5,24,330,2016,8,7,2,3,6,2,0,0,0,0,1,0,0,1,7.4455E+20,5.62188E+21,1.2463E+16,5.06972E+16
126050,126051,14,5,11,0,2016,9,7,2,3,3,6,0,0,1,0,0,0,0,0,7.75704E+20,5.63805E+21,1.29153E+16,5.08284E+16
126051,126052,14,7,13,0,2016,9,11,7,3,5,3,0,0,0,1,0,1,0,0,7.30298E+20,5.69403E+21,1.23074E+16,5.13508E+16
126052,126053,14,7,13,0,2016,8,16,3,3,5,3,0,0,1,1,0,0,0,0,7.31843E+20,5.69646E+21,1.23311E+16,5.1372E+16
126053,126054,14,7,13,0,2016,9,6,6,3,5,3,1,0,0,0,0,1,0,1,7.31816E+20,5.69648E+21,1.23308E+16,5.13721E+16
126054,126055,14,7,13,0,2016,9,5,7,2,0,7,1,0,1,0,0,0,0,0,7.36769E+20,5.69571E+21,1.24013E+16,5.13632E+16
126055,126056,14,7,13,0,2016,8,16,3,3,1,5,0,0,1,0,0,0,0,1,7.36886E+20,5.69385E+21,1.24017E+16,5.13465E+16
126056,126057,14,7,30,70,2016,9,6,6,3,6,4,1,0,0,1,1,0,0,0,7.32598E+20,5.71349E+21,1.23532E+16,5.15245E+16
126057,126058,14,7,13,0,2016,9,8,4,3,2,2,0,0,1,1,0,0,0,0,7.31849E+20,5.69037E+21,1.23273E+16,5.13173E+16
126058,126059,14,6,12,0,2016,9,23,5,2,1,5,2,0,1,1,0,0,0,0,8.33924E+20,5.66424E+21,1.37633E+16,5.10325E+16
126059,126060,14,7,13,0,2016,9,11,5,3,0,5,0,0,0,1,0,0,0,1,7.39549E+20,5.69233E+21,1.24389E+16,5.13317E+16
126060,126061,14,6,25,30,2016,9,9,2,3,1,5,0,1,1,1,0,0,0,0,8.52697E+20,5.70218E+21,1.40672E+16,5.13612E+16
126061,126062,14,5,23,320,2016,8,9,2,3,5,2,0,0,0,1,0,0,0,0,7.22965E+20,5.59902E+21,1.21442E+16,5.05006E+16
126062,126063,14,6,27,230,2016,9,13,1,3,5,3,0,1,1,1,0,0,0,0,7.99547E+20,5.69259E+21,1.32981E+16,5.13057E+16
126063,126064,14,7,13,0,2016,8,14,3,3,1,6,0,0,0,1,0,1,0,0,7.398E+20,5.69283E+21,1.24428E+16,5.13361E+16
126064,126065,14,6,26,280,2016,9,23,6,3,9,1,2,0,0,1,0,0,0,0,8.99893E+20,5.65882E+21,1.46938E+16,5.09419E+16
126065,126066,14,5,24,180,2016,9,15,3,3,5,3,0,0,1,1,0,0,0,0,7.62981E+20,5.64117E+21,1.27373E+16,5.08623E+16
126066,126067,14,5,22,60,2016,9,13,6,2,3,1,0,0,1,0,0,0,0,0,7.67651E+20,5.64705E+21,1.28078E+16,5.0913E+16
126067,126068,14,6,12,0,2016,9,15,6,3,0,2,0,0,0,0,0,0,0,1,8.35569E+20,5.66391E+21,1.37863E+16,5.10285E+16
126068,126069,14,6,25,380,2016,9,5,5,3,7,7,1,0,0,0,0,1,0,0,8.69618E+20,5.67261E+21,1.42788E+16,5.10856E+16
126069,126070,14,6,12,0,2016,9,15,6,3,5,3,0,0,1,1,0,0,0,0,8.30212E+20,5.66357E+21,1.37099E+16,5.10286E+16
126070,126071,14,6,12,0,2016,9,12,5,3,5,3,0,0,0,1,0,0,0,0,8.34461E+20,5.66521E+21,1.37718E+16,5.10408E+16
126071,126072,14,7,13,0,2016,9,9,5,2,4,6,0,0,1,0,0,0,0,0,7.34331E+20,5.69275E+21,1.23644E+16,5.13377E+16
126072,126073,14,5,21,380,2016,8,16,2,3,4,2,0,0,0,1,0,0,0,0,7.62841E+20,5.62871E+21,1.27264E+16,5.07506E+16
126073,126074,14,7,13,0,2016,8,5,3,3,5,3,1,0,1,1,0,0,0,0,7.35566E+20,5.69215E+21,1.23817E+16,5.13318E+16
126074,126075,14,5,23,120,2016,9,9,6,3,1,7,0,0,0,1,0,0,0,0,7.3843E+20,5.5968E+21,1.23605E+16,5.04747E+16
126075,126076,14,6,25,350,2016,9,17,4,3,5,3,0,0,1,1,0,0,0,0,8.59796E+20,5.69198E+21,1.41585E+16,5.12654E+16
126076,126077,14,7,13,0,2016,9,21,3,2,6,4,2,0,0,0,1,0,0,1,7.35301E+20,5.69366E+21,1.23789E+16,5.13455E+16
126077,126078,14,7,30,110,2016,9,7,5,3,5,3,0,0,1,0,0,0,0,0,7.52398E+20,5.707E+21,1.26334E+16,5.14578E+16
126078,126079,14,7,13,0,2016,8,14,4,3,1,3,0,0,1,1,0,0,0,0,7.42562E+20,5.69371E+21,1.2483E+16,5.13428E+16
126079,126080,14,6,12,0,2016,9,14,6,3,5,3,0,0,0,1,0,0,0,0,8.35689E+20,5.66578E+21,1.37898E+16,5.10453E+16
126080,126081,14,6,12,0,2016,9,14,5,2,6,4,0,0,0,1,1,0,0,0,8.28007E+20,5.6651E+21,1.368E+16,5.10436E+16
126081,126082,14,6,26,110,2016,8,11,3,3,9,1,0,0,0,1,0,0,0,0,9.16851E+20,5.68672E+21,1.4966E+16,5.11795E+16
126082,126083,14,6,28,160,2016,8,7,3,3,5,3,0,0,1,1,0,0,0,0,8.41577E+20,5.6579E+21,1.38661E+16,5.09711E+16
126083,126084,14,6,27,110,2016,8,12,3,3,8,7,0,0,0,1,0,0,0,0,8.22452E+20,5.69291E+21,1.36259E+16,5.1296E+16
126084,126085,14,5,21,410,2016,9,7,5,2,8,7,0,0,1,0,0,0,0,0,7.733E+20,5.63221E+21,1.28769E+16,5.07771E+16
126085,126086,14,7,29,410,2016,9,16,6,3,5,3,0,0,0,1,0,0,0,0,7.59809E+20,5.69788E+21,1.27332E+16,5.13726E+16
126086,126087,14,6,12,0,2016,9,7,4,2,4,3,0,0,1,1,0,0,0,0,8.33622E+20,5.66609E+21,1.37607E+16,5.10492E+16
126087,126088,14,7,13,0,2016,9,16,5,3,6,7,0,0,0,1,1,0,0,0,7.3002E+20,5.70069E+21,1.23078E+16,5.14107E+16
126088,126089,14,7,13,0,2016,9,16,3,3,3,2,0,0,1,1,0,0,0,0,7.33024E+20,5.69416E+21,1.23466E+16,5.13508E+16
126089,126090,14,6,12,0,2016,9,16,3,3,3,6,0,0,0,1,0,1,0,0,8.29417E+20,5.66905E+21,1.37036E+16,5.10782E+16
126090,126091,14,7,13,0,2016,9,9,5,3,0,7,0,0,0,1,0,0,0,0,7.31021E+20,5.69206E+21,1.23165E+16,5.13328E+16
126091,126092,14,6,12,0,2016,9,11,2,3,6,4,0,1,0,1,1,0,0,0,8.28458E+20,5.66658E+21,1.36877E+16,5.10566E+16
126092,126093,14,5,21,700,2016,9,15,6,3,5,3,0,0,0,1,0,0,0,1,7.57861E+20,5.60792E+21,1.26414E+16,5.05662E+16
126093,126094,14,6,12,0,2016,8,18,3,3,6,4,0,0,0,0,1,0,0,1,8.37247E+20,5.66213E+21,1.38085E+16,5.10116E+16
126094,126095,14,7,13,0,2016,9,17,4,3,2,2,0,0,1,1,0,0,0,0,7.37268E+20,5.69341E+21,1.24069E+16,5.13424E+16
126095,126096,14,6,28,50,2016,9,16,5,3,4,6,0,0,1,1,0,0,0,0,8.33312E+20,5.65917E+21,1.37499E+16,5.09874E+16
126096,126097,14,7,13,0,2016,9,5,2,2,5,3,2,1,0,1,0,1,0,0,7.40368E+20,5.69016E+21,1.24492E+16,5.13119E+16
126097,126098,14,7,29,50,2016,8,14,2,3,4,7,0,0,1,0,0,0,0,1,7.45744E+20,5.67252E+21,1.25141E+16,5.11513E+16
126098,126099,14,5,24,80,2016,9,17,4,2,0,1,0,0,0,1,0,0,0,0,7.50355E+20,5.63625E+21,1.25549E+16,5.08237E+16
126099,126100,14,7,13,0,2016,9,18,6,3,5,3,0,0,1,1,0,0,0,0,7.32334E+20,5.69306E+21,1.2336E+16,5.13413E+16
126100,126101,14,5,22,180,2016,9,15,4,3,5,3,0,0,0,0,0,1,0,1,8.05541E+20,5.6501E+21,1.33478E+16,5.09215E+16
126101,126102,14,6,25,240,2016,9,15,5,2,7,7,0,0,1,0,0,0,0,0,8.66559E+20,5.71254E+21,1.42762E+16,5.14451E+16
126102,126103,14,6,25,240,2016,9,12,3,2,4,2,0,0,0,1,0,0,0,0,8.64331E+20,5.7122E+21,1.42439E+16,5.14435E+16
126103,126104,14,5,23,300,2016,9,7,2,3,5,5,0,1,0,1,0,0,0,0,7.25006E+20,5.59046E+21,1.21678E+16,5.0423E+16
126104,126105,14,7,13,0,2016,8,20,2,3,1,3,2,0,1,1,0,0,0,0,7.35174E+20,5.69348E+21,1.2377E+16,5.13439E+16
126105,126106,14,6,12,0,2016,9,16,2,1,6,4,0,0,0,0,1,0,1,0,8.33611E+20,5.66608E+21,1.37605E+16,5.10492E+16
126106,126107,14,7,13,0,2016,9,14,7,2,5,3,0,0,1,0,0,0,0,0,7.38339E+20,5.6944E+21,1.24229E+16,5.13508E+16
126107,126108,14,6,12,0,2016,8,7,3,2,5,3,0,0,1,0,0,0,0,1,8.39488E+20,5.66139E+21,1.38397E+16,5.10037E+16
126108,126109,14,7,29,340,2016,9,16,6,3,1,5,0,0,1,1,0,0,0,0,7.53624E+20,5.68712E+21,1.26368E+16,5.12788E+16
126109,126110,14,7,13,0,2016,9,20,4,3,3,6,2,0,1,1,0,0,0,0,7.36394E+20,5.6876E+21,1.23905E+16,5.12906E+16
126110,126111,14,6,12,0,2016,9,18,5,2,0,7,0,0,1,0,0,0,0,0,8.31377E+20,5.66626E+21,1.37289E+16,5.10521E+16
126111,126112,14,7,13,0,2016,9,13,5,3,2,6,0,0,0,1,0,0,0,1,7.37127E+20,5.69443E+21,1.24056E+16,5.13516E+16
126112,126113,14,7,13,0,2016,8,7,2,3,1,6,0,0,0,1,0,0,0,0,7.34135E+20,5.69285E+21,1.23616E+16,5.13386E+16
126113,126114,14,5,22,440,2016,9,10,1,3,1,3,0,0,1,0,0,0,0,1,7.96729E+20,5.64924E+21,1.32221E+16,5.09184E+16
126114,126115,14,6,12,0,2016,8,17,3,3,5,7,0,0,0,1,0,0,0,0,8.32934E+20,5.6643E+21,1.37493E+16,5.10336E+16
126115,126116,14,5,23,300,2016,9,16,1,3,5,3,0,0,0,1,0,0,0,0,7.25449E+20,5.58961E+21,1.21735E+16,5.04152E+16
126116,126117,14,6,12,0,2016,8,0,3,3,1,1,2,0,1,1,0,0,0,0,8.35868E+20,5.66609E+21,1.37926E+16,5.10479E+16
126117,126118,14,7,13,0,2016,9,8,6,2,4,2,0,0,1,1,0,0,0,0,7.36261E+20,5.69298E+21,1.23922E+16,5.13389E+16
126118,126119,14,6,12,0,2016,9,16,6,2,0,1,0,0,1,0,0,0,0,0,8.32241E+20,5.66648E+21,1.37414E+16,5.10535E+16
126119,126120,14,7,29,410,2016,8,9,4,3,4,2,0,0,1,1,0,0,0,0,7.59947E+20,5.69727E+21,1.27347E+16,5.1367E+16
126120,126121,14,5,11,0,2016,9,17,6,3,0,1,0,0,1,0,0,0,0,0,7.75726E+20,5.63923E+21,1.29165E+16,5.0839E+16
126121,126122,14,6,25,250,2016,9,13,5,3,5,3,0,0,0,1,0,0,0,0,8.55256E+20,5.69539E+21,1.40971E+16,5.12987E+16
126122,126123,14,6,12,0,2016,8,7,3,3,5,3,0,0,1,0,0,0,0,0,8.33092E+20,5.66647E+21,1.37535E+16,5.10529E+16
126123,126124,14,7,13,0,2016,9,9,6,3,2,6,0,0,0,1,0,0,0,0,7.31967E+20,5.6884E+21,1.23277E+16,5.12996E+16
126124,126125,14,6,12,0,2016,9,18,4,3,1,5,0,0,1,1,0,0,0,0,8.29828E+20,5.66967E+21,1.371E+16,5.10835E+16
126125,126126,14,5,23,300,2016,9,14,5,3,1,6,0,0,1,0,0,0,0,1,7.25249E+20,5.58966E+21,1.21707E+16,5.04157E+16
126126,126127,14,7,29,260,2016,9,11,3,3,5,3,0,0,0,1,0,0,0,0,7.38854E+20,5.68705E+21,1.24254E+16,5.12847E+16
126127,126128,14,6,26,110,2016,9,11,3,3,3,6,0,0,1,1,0,0,0,0,9.18849E+20,5.68369E+21,1.49909E+16,5.1151E+16
126128,126129,14,7,13,0,2016,9,11,5,3,4,2,0,0,1,0,0,0,0,1,7.33537E+20,5.69419E+21,1.2354E+16,5.13509E+16
126129,126130,14,7,13,0,2016,8,12,4,3,5,3,0,0,1,0,0,0,0,0,7.35007E+20,5.69194E+21,1.23735E+16,5.13301E+16
126130,126131,14,5,11,0,2016,9,13,6,3,4,2,0,0,1,1,0,0,0,0,7.77555E+20,5.63787E+21,1.29414E+16,5.08259E+16
126131,126132,14,7,13,0,2016,9,7,4,3,6,4,0,0,0,1,1,0,0,0,7.3738E+20,5.69316E+21,1.24084E+16,5.13401E+16
126132,126133,14,6,26,440,2016,9,11,6,2,9,1,0,0,1,0,0,0,0,0,9.00653E+20,5.6978E+21,1.47478E+16,5.12902E+16
126133,126134,14,7,29,160,2016,9,17,3,3,2,2,0,0,0,1,0,0,0,0,7.59635E+20,5.68322E+21,1.272E+16,5.12411E+16
126134,126135,14,5,21,495,2016,9,12,6,3,6,7,0,0,0,0,1,0,1,0,7.98603E+20,5.62511E+21,1.32291E+16,5.0701E+16
126135,126136,14,5,11,0,2016,9,11,6,3,5,2,0,0,1,1,0,0,0,0,7.67538E+20,5.63585E+21,1.2798E+16,5.08125E+16
126136,126137,14,6,27,10,2016,9,14,5,2,0,6,0,0,0,1,0,1,0,0,8.20283E+20,5.67354E+21,1.35776E+16,5.11236E+16
126137,126138,14,6,12,0,2016,8,10,3,3,5,3,0,0,1,1,0,0,0,0,8.34771E+20,5.66505E+21,1.37761E+16,5.10392E+16
126138,126139,14,5,24,30,2016,9,7,4,3,5,2,1,0,1,1,0,0,0,0,7.38727E+20,5.63386E+21,1.23885E+16,5.08072E+16
126139,126140,14,7,13,0,2016,9,12,6,3,2,6,0,0,0,1,0,0,0,0,7.33408E+20,5.69216E+21,1.23508E+16,5.13328E+16
126140,126141,14,6,12,0,2016,9,14,4,3,2,6,0,0,0,1,0,0,0,0,8.36031E+20,5.66671E+21,1.37955E+16,5.10534E+16
126141,126142,14,7,13,0,2016,9,13,5,3,5,3,0,0,1,1,0,0,0,0,7.36385E+20,5.6957E+21,1.23958E+16,5.13633E+16
126142,126143,14,7,13,0,2016,9,5,3,3,5,3,1,1,1,1,0,0,0,0,7.39238E+20,5.69913E+21,1.2439E+16,5.13929E+16
126143,126144,14,6,12,0,2016,9,8,3,3,5,2,0,0,0,1,0,0,0,0,8.34418E+20,5.66588E+21,1.37718E+16,5.10469E+16
126144,126145,14,7,13,0,2016,8,7,2,3,5,2,0,0,1,1,0,0,0,0,7.3992E+20,5.69396E+21,1.24453E+16,5.13462E+16
126145,126146,14,6,12,0,2016,9,17,2,3,5,7,0,1,1,1,0,0,0,0,8.39231E+20,5.66377E+21,1.38383E+16,5.10252E+16
126146,126147,14,5,24,300,2016,9,15,4,2,2,2,0,0,0,1,0,0,0,0,7.37784E+20,5.62806E+21,1.23714E+16,5.07555E+16
126147,126148,14,5,11,0,2016,9,12,3,3,5,3,0,0,0,1,0,0,0,0,7.76085E+20,5.63832E+21,1.29209E+16,5.08306E+16
126148,126149,14,7,13,0,2016,9,7,3,3,4,2,0,0,0,1,0,1,0,0,7.43011E+20,5.69149E+21,1.24879E+16,5.13227E+16
126149,126150,14,7,30,300,2016,9,13,4,1,5,3,0,0,1,1,0,0,0,0,7.42443E+20,5.6983E+21,1.24844E+16,5.13841E+16
126150,126151,14,5,11,0,2016,9,10,3,3,6,4,0,0,0,1,1,0,0,0,7.77204E+20,5.63788E+21,1.29364E+16,5.08262E+16
126151,126152,14,6,28,110,2016,9,18,5,2,8,1,0,0,1,0,0,0,0,0,8.23745E+20,5.6628E+21,1.36173E+16,5.10254E+16
126152,126153,14,6,12,0,2016,9,11,1,3,2,6,0,0,0,1,0,0,0,1,8.28689E+20,5.67001E+21,1.36941E+16,5.10872E+16
126153,126154,14,6,28,220,2016,9,7,6,3,6,6,0,0,0,0,1,0,0,1,8.3415E+20,5.65438E+21,1.37574E+16,5.0944E+16
126154,126155,14,6,12,0,2016,9,7,6,3,5,3,0,0,1,0,0,0,0,1,8.36715E+20,5.66449E+21,1.38032E+16,5.10331E+16
126155,126156,14,6,12,0,2016,9,11,2,3,2,6,0,1,0,1,0,0,0,0,8.32769E+20,5.66624E+21,1.37487E+16,5.1051E+16
126156,126157,14,5,24,80,2016,9,12,2,3,2,6,0,0,0,1,0,0,0,0,7.48855E+20,5.63623E+21,1.25336E+16,5.08242E+16
126157,126158,14,7,13,0,2016,9,13,3,3,3,6,0,0,1,0,0,0,0,0,7.37731E+20,5.69396E+21,1.24139E+16,5.13471E+16
126158,126159,14,6,12,0,2016,9,13,5,3,5,2,0,0,1,1,0,0,0,0,8.3552E+20,5.66179E+21,1.37837E+16,5.10096E+16
126159,126160,14,6,28,160,2016,9,5,5,2,0,1,0,0,1,0,0,0,0,0,8.4217E+20,5.65809E+21,1.38747E+16,5.09725E+16
126160,126161,14,7,13,0,2016,9,13,3,3,2,2,0,0,0,1,0,0,0,0,7.28543E+20,5.68953E+21,1.22794E+16,5.13111E+16
126161,126162,14,5,22,480,2016,9,6,4,3,5,3,0,0,0,1,0,1,0,0,8.05678E+20,5.65998E+21,1.33581E+16,5.101E+16
126162,126163,14,6,12,0,2016,9,7,5,3,6,4,0,0,0,1,1,0,0,0,8.32979E+20,5.66423E+21,1.37498E+16,5.1033E+16
126163,126164,14,5,11,0,2016,9,10,1,3,8,1,0,0,0,1,0,0,0,0,7.80448E+20,5.63231E+21,1.29781E+16,5.07746E+16
126164,126165,14,5,11,0,2016,9,22,6,3,5,3,2,0,0,1,0,0,0,0,7.7746E+20,5.63817E+21,1.29403E+16,5.08287E+16
126165,126166,14,6,27,230,2016,9,8,6,2,5,3,0,0,1,1,0,0,0,0,7.97636E+20,5.69288E+21,1.3271E+16,5.13093E+16
126166,126167,14,5,23,340,2016,9,9,2,2,5,7,0,0,0,1,0,0,0,0,7.32965E+20,5.61337E+21,1.22939E+16,5.06256E+16
126167,126168,14,7,13,0,2016,9,16,3,3,5,2,0,0,1,0,0,0,0,0,7.3358E+20,5.69068E+21,1.23523E+16,5.13194E+16
126168,126169,14,5,24,150,2016,9,13,2,3,1,1,0,1,0,1,0,0,0,0,7.56524E+20,5.61613E+21,1.26283E+16,5.06405E+16
126169,126170,14,7,29,140,2016,9,13,6,3,5,3,0,0,1,0,0,0,0,1,7.49179E+20,5.66265E+21,1.25563E+16,5.10612E+16
126170,126171,14,6,12,0,2016,9,8,5,3,5,3,0,0,0,1,0,1,0,0,8.30707E+20,5.66413E+21,1.37175E+16,5.10334E+16
126171,126172,14,7,30,110,2016,9,9,2,3,5,3,0,0,1,1,0,0,0,0,7.52891E+20,5.70737E+21,1.26407E+16,5.14609E+16
126172,126173,14,7,13,0,2016,9,6,5,3,4,2,1,0,1,1,0,0,0,0,7.40847E+20,5.69649E+21,1.24603E+16,5.13685E+16
126173,126174,14,6,12,0,2016,9,17,2,3,5,3,0,0,0,1,0,0,0,0,8.36208E+20,5.66539E+21,1.37968E+16,5.10415E+16
126174,126175,14,6,12,0,2016,9,9,4,3,0,1,0,0,1,0,0,0,0,0,8.347E+20,5.66573E+21,1.37757E+16,5.10453E+16
126175,126176,14,7,13,0,2016,9,23,2,2,4,7,2,0,1,0,1,0,0,0,7.35285E+20,5.69273E+21,1.2378E+16,5.13371E+16
126176,126177,14,7,13,0,2016,9,16,3,3,5,2,0,0,0,1,0,1,0,0,7.34646E+20,5.69149E+21,1.23681E+16,5.13262E+16
126177,126178,14,7,13,0,2016,9,14,3,2,8,1,0,0,1,0,0,0,0,0,7.421E+20,5.69395E+21,1.24765E+16,5.13452E+16
126178,126179,14,7,29,10,2016,9,20,2,3,4,2,1,0,0,1,0,0,0,0,7.55621E+20,5.67198E+21,1.26546E+16,5.11421E+16
126179,126180,14,6,12,0,2016,9,9,7,3,5,2,0,0,0,1,0,1,0,0,8.32611E+20,5.66854E+21,1.37486E+16,5.10717E+16
126180,126181,14,6,12,0,2016,9,9,5,2,6,2,0,0,0,1,1,0,0,0,8.39653E+20,5.66124E+21,1.38419E+16,5.10023E+16
126181,126182,14,7,13,0,2016,9,21,6,3,6,6,2,1,0,1,1,0,0,0,7.35584E+20,5.69292E+21,1.23825E+16,5.13387E+16
126182,126183,14,5,22,180,2016,9,11,5,3,0,1,0,0,1,0,0,0,0,0,8.04516E+20,5.64964E+21,1.33329E+16,5.09179E+16
126183,126184,14,7,13,0,2016,9,8,2,3,8,1,0,0,0,1,0,0,0,0,7.30278E+20,5.68496E+21,1.23013E+16,5.12694E+16