FID,OBJECTID,ULAND,UREGBEZ,UKREIS,UGEMEINDE,UJAHR,UMONAT,USTUNDE,UWOCHENTAG,UKATEGORIE,UART,UTYP1,ULICHTVERH,IstStrasse,IstRad,IstPKW,IstFuss,IstKrad,IstGkfz,IstSonstig,LINREFX,LINREFY,XGCSWGS84,YGCSWGS84
126184,126185,14,5,24,180,2016,9,10,3,3,6,7,0,0,0,1,1,0,0,0,7.64953E+20,5.64059E+21,1.27648E+16,5.08562E+16
126185,126186,14,7,13,0,2016,9,8,4,3,3,3,0,0,1,1,0,0,0,0,7.36121E+20,5.69932E+21,1.23944E+16,5.13959E+16
126186,126187,14,6,12,0,2016,9,12,1,3,2,1,0,1,0,1,0,0,0,0,8.32956E+20,5.66433E+21,1.37496E+16,5.10338E+16
126187,126188,14,5,22,180,2016,9,15,3,3,5,3,0,0,1,0,0,0,0,0,8.04956E+20,5.64877E+21,1.33384E+16,5.09099E+16
126188,126189,14,6,12,0,2016,9,9,5,2,6,4,0,0,1,0,1,0,0,0,8.34403E+20,5.66508E+21,1.37709E+16,5.10398E+16
126189,126190,14,6,12,0,2016,9,6,2,3,6,4,1,1,0,0,1,0,0,1,8.40064E+20,5.66181E+21,1.38483E+16,5.10071E+16
126190,126191,14,5,22,460,2016,9,10,4,3,1,5,0,0,0,1,0,1,0,0,7.60361E+20,5.649E+21,1.27057E+16,5.09337E+16
126191,126192,14,7,13,0,2016,9,15,2,3,2,6,0,0,0,1,0,0,0,0,7.37861E+20,5.69714E+21,1.24179E+16,5.13756E+16
126192,126193,14,5,24,180,2016,9,15,4,3,0,7,0,0,0,1,0,0,0,0,7.64488E+20,5.64084E+21,1.27584E+16,5.08586E+16
126193,126194,14,6,12,0,2016,9,9,1,3,2,2,0,1,0,1,0,0,0,0,8.36985E+20,5.66644E+21,1.38088E+16,5.10504E+16
126194,126195,14,6,12,0,2016,9,12,3,3,0,5,0,0,1,0,0,0,0,1,8.34175E+20,5.66537E+21,1.37679E+16,5.10424E+16
126195,126196,14,6,12,0,2016,9,8,5,3,3,6,0,0,1,1,0,0,0,0,8.34789E+20,5.66657E+21,1.37777E+16,5.10529E+16
126196,126197,14,7,29,50,2016,9,19,2,3,5,3,0,0,1,1,0,0,0,0,7.45317E+20,5.66941E+21,1.25058E+16,5.11235E+16
126197,126198,14,7,13,0,2016,9,11,6,3,3,2,0,0,1,1,0,0,0,0,7.34525E+20,5.69315E+21,1.23674E+16,5.13412E+16
126198,126199,14,6,12,0,2016,9,14,6,3,5,3,0,0,1,1,0,0,0,0,8.27891E+20,5.66494E+21,1.36782E+16,5.10422E+16
126199,126200,14,6,12,0,2016,9,12,5,3,5,2,0,0,1,1,0,0,0,0,8.34474E+20,5.66598E+21,1.37727E+16,5.10478E+16
126200,126201,14,7,13,0,2016,9,15,6,3,6,4,0,0,0,1,1,0,0,0,7.31454E+20,5.68845E+21,1.23204E+16,5.13003E+16
126201,126202,14,7,13,0,2016,9,16,2,3,6,2,0,0,0,1,1,0,0,0,7.34937E+20,5.69576E+21,1.23751E+16,5.13644E+16
126202,126203,14,7,13,0,2016,9,17,4,3,0,3,0,0,1,1,0,0,0,0,7.34636E+20,5.6909E+21,1.23676E+16,5.1321E+16
126203,126204,14,5,11,0,2016,9,17,3,3,2,6,0,0,0,1,0,0,0,0,7.75749E+20,5.63991E+21,1.29173E+16,5.08451E+16
126204,126205,14,6,12,0,2016,9,7,5,3,5,3,0,0,1,1,0,0,0,0,8.37323E+20,5.66256E+21,1.381E+16,5.10154E+16
126205,126206,14,5,24,330,2016,9,11,7,3,6,7,0,0,0,1,1,0,0,0,7.46692E+20,5.62341E+21,1.24943E+16,5.07101E+16
126206,126207,14,6,12,0,2016,9,7,6,3,0,3,0,0,0,1,0,0,0,1,8.30815E+20,5.66365E+21,1.37186E+16,5.1029E+16
126207,126208,14,5,22,490,2016,9,7,6,3,5,3,0,0,0,1,0,0,0,0,7.66199E+20,5.66191E+21,1.27981E+16,5.10469E+16
126208,126209,14,6,12,0,2016,9,18,2,2,6,4,0,0,0,1,1,0,0,0,8.38818E+20,5.661E+21,1.38298E+16,5.10006E+16
126209,126210,14,7,13,0,2016,9,8,7,3,5,3,0,0,1,1,0,0,0,0,7.34595E+20,5.69278E+21,1.23682E+16,5.13378E+16
126210,126211,14,6,26,85,2016,9,19,6,2,0,7,2,0,0,1,0,0,0,0,8.93721E+20,5.66529E+21,1.46134E+16,5.10041E+16
126211,126212,14,5,22,580,2016,9,17,6,3,4,6,0,0,0,1,0,0,0,0,7.63715E+20,5.65482E+21,1.27576E+16,5.09845E+16
126212,126213,14,5,21,460,2016,9,6,2,3,0,1,1,1,1,0,0,0,0,0,8.06417E+20,5.62102E+21,1.3336E+16,5.06603E+16
126213,126214,14,7,13,0,2016,9,6,2,2,3,2,0,0,1,1,0,0,0,0,7.33934E+20,5.6969E+21,1.23614E+16,5.13751E+16
126214,126215,14,7,13,0,2016,9,20,3,3,5,3,2,0,1,1,0,0,0,0,7.40376E+20,5.69445E+21,1.24522E+16,5.13504E+16
126215,126216,14,5,24,120,2016,9,6,3,2,5,3,2,0,1,1,0,0,0,0,7.62716E+20,5.63435E+21,1.27286E+16,5.08012E+16
126216,126217,14,6,12,0,2016,9,7,5,3,5,3,0,0,1,1,0,0,0,0,8.35425E+20,5.6673E+21,1.37875E+16,5.10591E+16
126217,126218,14,7,13,0,2016,9,15,5,3,4,6,0,0,0,1,0,0,0,1,7.29059E+20,5.69837E+21,1.22925E+16,5.13902E+16
126218,126219,14,7,13,0,2016,9,13,7,3,5,3,0,0,1,1,0,0,0,0,7.28895E+20,5.69176E+21,1.22858E+16,5.1331E+16
126219,126220,14,5,23,20,2016,9,16,5,3,3,2,0,0,1,1,0,0,0,0,7.40863E+20,5.60091E+21,1.23974E+16,5.05106E+16
126220,126221,14,5,11,0,2016,9,21,6,2,6,4,2,1,0,0,1,0,0,1,7.7776E+20,5.63955E+21,1.29456E+16,5.08409E+16
126221,126222,14,6,12,0,2016,9,7,2,3,5,2,0,1,1,1,0,0,0,0,8.34717E+20,5.66722E+21,1.37773E+16,5.10587E+16
126222,126223,14,6,12,0,2016,9,14,4,3,6,7,0,0,0,0,1,0,0,1,8.29478E+20,5.66518E+21,1.3701E+16,5.10435E+16
126223,126224,14,7,13,0,2016,9,15,2,3,6,4,0,0,0,1,1,0,0,0,7.36122E+20,5.69714E+21,1.2393E+16,5.13764E+16
126224,126225,14,7,29,50,2016,9,11,3,2,3,6,0,0,1,1,0,0,0,0,7.4611E+20,5.66713E+21,1.25156E+16,5.11028E+16
126225,126226,14,5,23,20,2016,9,15,2,3,2,6,0,1,0,1,0,0,0,0,7.39992E+20,5.60156E+21,1.23855E+16,5.05167E+16
126226,126227,14,7,30,70,2016,9,11,2,2,4,1,0,0,1,0,0,0,0,0,7.3212E+20,5.71329E+21,1.23462E+16,5.15229E+16
126227,126228,14,7,13,0,2016,9,16,3,3,4,2,0,0,1,1,0,0,0,0,7.32594E+20,5.69162E+21,1.23388E+16,5.13282E+16
126228,126229,14,6,12,0,2016,9,16,5,2,5,3,0,0,1,0,0,0,0,1,8.347E+20,5.66573E+21,1.37757E+16,5.10453E+16
126229,126230,14,7,13,0,2016,9,23,6,3,3,2,2,1,0,1,0,1,0,0,7.2921E+20,5.69942E+21,1.22953E+16,5.13996E+16
126230,126231,14,6,12,0,2016,9,16,5,3,5,3,0,0,1,1,0,0,0,0,8.28893E+20,5.66501E+21,1.36925E+16,5.10423E+16
126231,126232,14,6,12,0,2016,9,13,4,3,5,3,0,0,1,1,0,0,0,0,8.32832E+20,5.66401E+21,1.37475E+16,5.1031E+16
126232,126233,14,7,13,0,2016,9,13,2,2,4,2,0,0,1,1,0,0,0,0,7.38562E+20,5.69763E+21,1.24283E+16,5.13797E+16
126233,126234,14,5,24,330,2016,9,5,7,3,2,2,2,1,0,1,0,0,0,0,7.46208E+20,5.62451E+21,1.24882E+16,5.07201E+16
126234,126235,14,6,25,240,2016,9,17,3,3,5,3,0,0,1,1,0,0,0,0,8.65862E+20,5.71179E+21,1.42654E+16,5.14389E+16
126235,126236,14,6,12,0,2016,9,14,5,3,5,3,0,0,1,1,0,0,0,0,8.33292E+20,5.66672E+21,1.37566E+16,5.10551E+16
126236,126237,14,7,13,0,2016,9,8,2,3,2,6,0,1,0,1,0,0,0,0,7.35038E+20,5.69147E+21,1.23737E+16,5.13259E+16
126237,126238,14,5,21,620,2016,9,15,7,3,1,5,0,0,1,1,0,0,0,0,7.72736E+20,5.62445E+21,1.28632E+16,5.07078E+16
126238,126239,14,6,12,0,2016,9,9,5,3,5,2,0,0,0,1,0,0,0,0,8.37508E+20,5.66213E+21,1.38123E+16,5.10115E+16
126239,126240,14,7,30,60,2016,9,15,6,2,5,3,0,0,1,1,0,0,0,0,7.78669E+20,5.69848E+21,1.30039E+16,5.13691E+16
126240,126241,14,5,11,0,2016,9,15,5,3,0,7,0,0,1,1,0,0,0,0,7.76369E+20,5.63819E+21,1.29248E+16,5.08293E+16
126241,126242,14,7,13,0,2016,9,15,6,3,3,6,0,0,0,1,0,0,1,0,7.35985E+20,5.69464E+21,1.23893E+16,5.1354E+16
126242,126243,14,6,12,0,2016,9,19,5,2,5,3,1,0,1,0,0,0,0,0,8.32261E+20,5.66814E+21,1.37432E+16,5.10684E+16
126243,126244,14,7,13,0,2016,9,22,2,3,1,1,2,0,1,1,0,0,0,0,7.2922E+20,5.69079E+21,1.22899E+16,5.13221E+16
126244,126245,14,5,24,330,2016,9,9,3,3,4,2,0,0,0,1,0,0,0,0,7.44651E+20,5.62118E+21,1.2464E+16,5.06909E+16
126245,126246,14,6,26,85,2016,9,13,2,3,4,6,0,0,0,1,0,0,0,0,8.93458E+20,5.66456E+21,1.46088E+16,5.09978E+16
126246,126247,14,7,13,0,2016,9,16,4,3,5,3,0,0,1,1,0,0,0,0,7.35569E+20,5.69218E+21,1.23818E+16,5.1332E+16
126247,126248,14,5,23,320,2016,9,18,7,3,5,3,1,1,0,1,0,0,0,0,7.21795E+20,5.59842E+21,1.21274E+16,5.04957E+16
126248,126249,14,6,12,0,2016,9,21,3,2,5,3,2,0,0,1,0,0,0,0,8.34999E+20,5.66563E+21,1.37798E+16,5.10443E+16
126249,126250,14,5,21,50,2016,9,16,5,3,5,2,0,0,0,1,0,0,0,0,7.60569E+20,5.61279E+21,1.2683E+16,5.06087E+16
126250,126251,14,6,25,240,2016,9,11,2,3,5,3,0,0,1,1,0,0,0,0,8.67232E+20,5.71102E+21,1.42843E+16,5.14311E+16
126251,126252,14,7,13,0,2016,9,18,7,3,1,6,0,0,1,0,0,0,0,1,7.35145E+20,5.68921E+21,1.23737E+16,5.13056E+16
126252,126253,14,7,13,0,2016,9,18,6,3,0,7,1,0,1,0,0,0,0,0,7.33562E+20,5.69749E+21,1.23565E+16,5.13805E+16
126253,126254,14,5,24,30,2016,9,5,5,3,0,7,1,0,1,0,0,0,0,0,7.33153E+20,5.63284E+21,1.23089E+16,5.08003E+16
126254,126255,14,7,30,230,2016,9,11,6,3,5,3,0,0,1,0,0,0,1,0,7.8541E+20,5.69316E+21,1.30963E+16,5.1318E+16
126255,126256,14,5,11,0,2016,9,13,2,3,5,3,0,0,0,1,0,0,0,0,7.75891E+20,5.63703E+21,1.29172E+16,5.08192E+16
126256,126257,14,6,25,240,2016,9,17,2,3,3,6,0,0,1,0,0,0,0,1,8.65256E+20,5.71212E+21,1.42571E+16,5.14422E+16
126257,126258,14,7,13,0,2016,9,7,3,2,5,3,0,0,1,1,0,0,0,0,7.37614E+20,5.69204E+21,1.2411E+16,5.13299E+16
126258,126259,14,6,12,0,2016,9,21,4,3,5,3,2,1,0,1,0,1,0,0,8.34872E+20,5.66467E+21,1.37772E+16,5.10358E+16
126259,126260,14,6,25,20,2016,9,9,2,2,5,3,0,0,0,1,0,0,0,0,8.80826E+20,5.68516E+21,1.44514E+16,5.11907E+16
126260,126261,14,7,30,70,2016,9,16,3,3,3,1,0,0,1,1,0,0,0,0,7.3179E+20,5.71393E+21,1.23418E+16,5.15288E+16
126261,126262,14,7,13,0,2016,9,15,4,3,1,7,0,0,1,1,0,0,0,0,7.35587E+20,5.69311E+21,1.23826E+16,5.13404E+16
126262,126263,14,5,23,320,2016,9,19,7,3,5,3,1,1,0,1,0,0,0,0,7.21764E+20,5.59831E+21,1.21269E+16,5.04948E+16
126263,126264,14,5,11,0,2016,9,15,3,3,0,7,0,0,0,0,0,0,0,1,7.76413E+20,5.63774E+21,1.29251E+16,5.08252E+16
126264,126265,14,5,11,0,2016,9,18,5,3,2,2,0,0,1,1,0,0,0,0,7.74696E+20,5.64223E+21,1.29042E+16,5.08664E+16
126265,126266,14,7,13,0,2016,9,8,7,3,5,3,0,0,1,1,0,0,0,0,7.3591E+20,5.68868E+21,1.23843E+16,5.13005E+16
126266,126267,14,6,27,210,2016,9,17,6,3,2,7,0,0,0,1,0,0,1,0,8.21106E+20,5.67295E+21,1.35888E+16,5.11178E+16
126267,126268,14,5,24,330,2016,9,18,5,2,0,2,0,0,1,1,0,0,0,0,7.47091E+20,5.62084E+21,1.24983E+16,5.06868E+16
126268,126269,14,5,11,0,2016,9,6,2,2,1,5,1,1,1,1,0,0,0,0,7.73145E+20,5.637E+21,1.28783E+16,5.08202E+16
126269,126270,14,6,27,230,2016,9,11,2,3,5,3,0,0,1,1,0,0,0,0,8.00137E+20,5.69244E+21,1.33064E+16,5.1304E+16
126270,126271,14,7,30,300,2016,9,17,3,3,3,6,0,0,0,1,0,0,0,0,7.42982E+20,5.69787E+21,1.24918E+16,5.138E+16
126271,126272,14,5,11,0,2016,9,15,5,3,2,2,0,0,0,1,0,0,1,0,7.79314E+20,5.63712E+21,1.29657E+16,5.08183E+16
126272,126273,14,6,25,30,2016,9,10,5,3,0,6,0,0,0,1,0,0,0,1,8.51842E+20,5.70136E+21,1.40542E+16,5.13543E+16
126273,126274,14,7,29,350,2016,9,6,5,3,5,3,0,0,1,1,0,0,0,0,7.26889E+20,5.67352E+21,1.22455E+16,5.11681E+16
126274,126275,14,5,22,50,2016,9,7,5,3,0,7,0,0,1,0,0,0,0,0,8.04739E+20,5.64319E+21,1.33307E+16,5.08599E+16
126275,126276,14,7,13,0,2016,9,8,7,3,1,2,0,0,0,1,0,0,0,0,7.3835E+20,5.69237E+21,1.24217E+16,5.13326E+16
126276,126277,14,6,12,0,2016,9,12,6,3,5,3,0,0,1,1,0,0,0,0,8.32135E+20,5.66491E+21,1.37385E+16,5.10395E+16
126277,126278,14,7,13,0,2016,9,13,5,3,5,3,0,0,1,1,0,0,0,0,7.41516E+20,5.68837E+21,1.24644E+16,5.12954E+16
126278,126279,14,6,27,210,2016,9,9,2,3,5,3,0,0,1,1,0,0,0,0,8.23963E+20,5.67171E+21,1.36284E+16,5.11051E+16
126279,126280,14,6,26,610,2016,9,17,3,3,0,1,0,0,1,0,0,0,0,0,9.1348E+20,5.66092E+21,1.48885E+16,5.09511E+16
126280,126281,14,5,11,0,2016,9,12,3,3,5,2,0,0,0,1,0,1,0,0,7.70555E+20,5.63641E+21,1.28412E+16,5.08161E+16
126281,126282,14,5,24,200,2016,9,11,4,3,8,1,0,0,0,0,0,1,0,0,7.50387E+20,5.62979E+21,1.25509E+16,5.07658E+16
126282,126283,14,7,13,0,2016,9,10,6,1,5,3,0,0,1,1,0,0,0,0,7.36781E+20,5.69061E+21,1.23981E+16,5.13175E+16
126283,126284,14,6,12,0,2016,9,11,5,2,1,1,0,0,0,1,0,0,0,0,8.30689E+20,5.6695E+21,1.37221E+16,5.10814E+16
126284,126285,14,6,27,210,2016,9,15,2,3,5,3,0,0,0,1,0,0,0,0,8.26701E+20,5.67098E+21,1.36667E+16,5.10971E+16
126285,126286,14,5,22,510,2016,9,7,4,3,4,6,0,0,0,1,0,1,0,0,7.91953E+20,5.66561E+21,1.31675E+16,5.10676E+16
126286,126287,14,6,12,0,2016,9,12,2,3,1,7,0,0,0,1,0,0,0,0,8.26329E+20,5.66616E+21,1.36571E+16,5.1054E+16
126287,126288,14,5,23,300,2016,9,14,4,3,2,6,0,0,0,1,0,1,0,0,7.25779E+20,5.59123E+21,1.21791E+16,5.04296E+16
126288,126289,14,7,13,0,2016,9,9,7,3,2,6,0,1,0,1,0,0,0,0,7.34851E+20,5.69193E+21,1.23713E+16,5.133E+16
126289,126290,14,6,12,0,2016,9,14,3,3,5,2,0,0,1,1,0,0,0,0,8.31793E+20,5.66427E+21,1.3733E+16,5.1034E+16
126290,126291,14,7,13,0,2016,9,15,4,3,2,6,0,0,0,1,0,1,0,0,7.34757E+20,5.69348E+21,1.2371E+16,5.1344E+16
126291,126292,14,6,12,0,2016,9,6,4,3,5,3,1,0,0,1,0,0,0,0,8.35303E+20,5.66626E+21,1.37848E+16,5.10497E+16
126292,126293,14,6,12,0,2016,9,18,2,3,5,3,0,0,0,1,0,0,0,0,8.40401E+20,5.66176E+21,1.3853E+16,5.10065E+16
126293,126294,14,7,13,0,2016,9,7,3,1,3,2,0,0,1,0,0,0,1,0,7.37332E+20,5.69307E+21,1.24076E+16,5.13393E+16
126294,126295,14,6,26,610,2016,9,7,3,3,4,2,0,0,1,1,0,0,0,0,9.07232E+20,5.6541E+21,1.47924E+16,5.08946E+16
126295,126296,14,7,30,70,2016,9,10,2,3,0,1,0,0,0,0,0,0,1,1,7.31967E+20,5.71352E+21,1.23441E+16,5.15251E+16
126296,126297,14,6,12,0,2016,9,6,7,3,5,3,1,0,1,1,0,0,0,0,8.37329E+20,5.6669E+21,1.38142E+16,5.10543E+16
126297,126298,14,6,25,200,2016,9,11,6,3,3,6,0,0,1,1,0,0,0,0,8.50964E+20,5.67766E+21,1.40184E+16,5.11426E+16
126298,126299,14,6,12,0,2016,9,15,5,3,0,1,0,0,0,0,0,1,0,0,8.36309E+20,5.6639E+21,1.37969E+16,5.10281E+16
126299,126300,14,6,12,0,2016,9,16,2,3,0,1,0,0,1,0,0,0,0,0,8.33137E+20,5.6687E+21,1.37562E+16,5.10729E+16
126300,126301,14,5,24,80,2016,9,14,3,3,4,2,0,0,0,1,0,0,0,0,7.49414E+20,5.63796E+21,1.25427E+16,5.08395E+16
126301,126302,14,7,13,0,2016,9,20,4,3,3,6,2,0,1,1,0,0,0,0,7.36393E+20,5.69212E+21,1.23935E+16,5.13312E+16
126302,126303,14,7,13,0,2016,9,11,7,3,5,3,0,1,0,1,0,0,0,0,7.35437E+20,5.69015E+21,1.23785E+16,5.13138E+16
126303,126304,14,6,12,0,2016,9,7,3,2,3,2,0,0,1,1,0,0,0,0,8.28671E+20,5.66634E+21,1.36905E+16,5.10543E+16
126304,126305,14,7,13,0,2016,9,8,4,3,2,6,0,0,0,1,0,1,0,0,7.35159E+20,5.69356E+21,1.23768E+16,5.13446E+16
126305,126306,14,6,12,0,2016,9,18,2,3,5,3,0,0,1,1,0,0,0,0,8.28441E+20,5.66663E+21,1.36875E+16,5.1057E+16
126306,126307,14,7,13,0,2016,9,11,7,3,3,2,0,0,0,1,0,0,0,1,7.28912E+20,5.68967E+21,1.22848E+16,5.13122E+16
126307,126308,14,7,13,0,2016,9,13,6,2,3,6,0,0,0,1,0,0,0,1,7.39277E+20,5.69384E+21,1.2436E+16,5.13454E+16
126308,126309,14,7,13,0,2016,9,7,5,3,3,2,0,0,1,1,0,0,0,0,7.34796E+20,5.69248E+21,1.23709E+16,5.13351E+16
126309,126310,14,6,25,20,2016,9,16,6,3,5,3,0,0,1,1,0,0,0,0,8.79189E+20,5.68266E+21,1.44254E+16,5.11694E+16
126310,126311,14,7,13,0,2016,9,9,2,2,3,6,0,0,0,1,0,0,0,0,7.3715E+20,5.69644E+21,1.24072E+16,5.13696E+16
126311,126312,14,5,24,330,2016,9,16,6,3,5,3,0,0,0,1,0,0,0,0,7.46219E+20,5.62533E+21,1.2489E+16,5.07275E+16
126312,126313,14,7,13,0,2016,9,6,5,3,5,3,0,0,1,1,0,0,0,0,7.31976E+20,5.69398E+21,1.23314E+16,5.13496E+16
126313,126314,14,7,13,0,2016,9,7,4,3,5,3,0,0,0,1,0,0,0,0,7.33607E+20,5.69406E+21,1.23549E+16,5.13498E+16
126314,126315,14,6,27,40,2016,9,11,6,3,6,7,0,0,0,1,1,0,0,0,8.04811E+20,5.69502E+21,1.33754E+16,5.13246E+16
126315,126316,14,6,12,0,2016,9,5,2,3,7,7,1,0,1,0,0,0,0,0,8.35857E+20,5.66735E+21,1.37936E+16,5.10592E+16
126316,126317,14,7,29,260,2016,9,16,3,3,0,3,0,0,1,0,0,0,0,1,7.34685E+20,5.68602E+21,1.2365E+16,5.12771E+16
126317,126318,14,7,13,0,2016,9,19,4,3,4,2,1,0,0,1,0,0,0,0,7.33225E+20,5.6939E+21,1.23493E+16,5.13485E+16
126318,126319,14,5,11,0,2016,9,12,3,3,5,3,0,0,0,1,0,0,0,0,7.72136E+20,5.63561E+21,1.2863E+16,5.08082E+16
126319,126320,14,7,13,0,2016,9,12,4,3,5,3,0,0,0,1,0,0,0,0,7.35403E+20,5.69079E+21,1.23785E+16,5.13196E+16
126320,126321,14,6,26,290,2016,9,17,7,3,0,1,0,0,0,0,0,1,0,0,8.97522E+20,5.6771E+21,1.46802E+16,5.11071E+16
126321,126322,14,6,12,0,2016,9,6,6,3,3,6,1,0,1,1,0,0,0,0,8.30007E+20,5.66997E+21,1.37128E+16,5.10861E+16
126322,126323,14,7,13,0,2016,9,16,5,3,5,3,0,0,1,1,0,0,0,0,7.29217E+20,5.69458E+21,1.22923E+16,5.13562E+16
126323,126324,14,7,30,70,2016,9,12,1,3,4,6,0,0,1,0,0,0,0,0,7.32136E+20,5.71329E+21,1.23464E+16,5.15229E+16
126324,126325,14,6,12,0,2016,9,18,2,3,1,1,0,0,1,1,0,0,0,0,8.35558E+20,5.66625E+21,1.37884E+16,5.10495E+16
126325,126326,14,6,25,450,2016,9,9,3,3,5,2,0,0,0,1,0,0,0,0,8.50365E+20,5.6827E+21,1.40148E+16,5.11881E+16
126326,126327,14,7,13,0,2016,9,17,1,3,5,3,0,0,0,1,0,0,0,0,7.32688E+20,5.69186E+21,1.23403E+16,5.13304E+16
126327,126328,14,6,12,0,2016,9,9,2,3,2,6,0,0,1,1,0,0,0,0,8.36842E+20,5.66537E+21,1.38058E+16,5.10409E+16
126328,126329,14,6,26,450,2016,9,18,3,2,7,7,0,0,1,0,0,0,0,0,9.03028E+20,5.68122E+21,1.47631E+16,5.11402E+16
126329,126330,14,5,23,340,2016,9,16,3,3,5,3,0,0,0,1,0,0,0,0,7.33323E+20,5.61318E+21,1.22989E+16,5.06237E+16
126330,126331,14,7,13,0,2016,9,16,4,3,5,3,0,0,1,1,0,0,0,0,7.35963E+20,5.68851E+21,1.2385E+16,5.12989E+16
126331,126332,14,7,13,0,2016,9,19,5,3,2,6,2,0,0,1,0,0,0,0,7.28395E+20,5.6904E+21,1.22778E+16,5.1319E+16
126332,126333,14,6,26,110,2016,9,23,7,3,0,1,2,0,1,0,0,0,0,0,9.17666E+20,5.68371E+21,1.49741E+16,5.11519E+16
126333,126334,14,5,24,330,2016,9,10,5,3,5,3,0,0,1,1,0,0,0,0,7.45295E+20,5.62494E+21,1.24756E+16,5.07244E+16
126334,126335,14,7,13,0,2016,9,7,5,3,3,2,0,0,1,1,0,0,0,0,7.37787E+20,5.69145E+21,1.2413E+16,5.13246E+16
126335,126336,14,5,22,60,2016,9,17,2,3,5,3,0,0,0,1,0,0,0,0,7.67687E+20,5.64741E+21,1.28086E+16,5.09162E+16
126336,126337,14,6,12,0,2016,9,9,3,3,5,3,0,0,0,1,0,0,0,0,8.31789E+20,5.66427E+21,1.3733E+16,5.1034E+16
126337,126338,14,5,24,180,2016,9,7,2,3,0,7,0,1,1,0,0,0,0,0,7.64101E+20,5.64065E+21,1.27528E+16,5.08571E+16
126338,126339,14,6,28,80,2016,9,9,6,3,5,2,0,0,1,1,0,0,0,0,8.41867E+20,5.65737E+21,1.38697E+16,5.09663E+16
126339,126340,14,6,12,0,2016,9,16,5,3,4,6,0,0,1,0,0,0,0,0,8.33116E+20,5.66697E+21,1.37543E+16,5.10574E+16
126340,126341,14,7,29,400,2016,9,13,4,2,6,7,0,0,0,0,1,0,0,1,7.61876E+20,5.68858E+21,1.27559E+16,5.12882E+16
126341,126342,14,6,28,60,2016,9,17,5,3,6,7,0,0,0,1,1,0,0,0,8.28303E+20,5.64879E+21,1.36695E+16,5.08972E+16
126342,126343,14,6,27,10,2016,9,13,7,3,2,6,0,0,0,1,0,1,0,0,8.20097E+20,5.67322E+21,1.35747E+16,5.11208E+16
126343,126344,14,7,13,0,2016,9,7,5,3,5,3,0,0,1,1,0,0,0,0,7.36797E+20,5.69714E+21,1.24027E+16,5.13761E+16
126344,126345,14,6,12,0,2016,9,22,4,2,3,6,2,0,1,0,0,0,0,0,8.30864E+20,5.66646E+21,1.37218E+16,5.10542E+16
126345,126346,14,5,22,180,2016,9,10,2,3,6,4,0,0,0,1,1,0,0,0,8.03954E+20,5.64804E+21,1.33236E+16,5.09038E+16
126346,126347,14,7,13,0,2016,9,11,7,2,0,1,0,1,0,0,0,1,0,0,7.34688E+20,5.69336E+21,1.23699E+16,5.13429E+16
126347,126348,14,6,25,240,2016,9,14,3,3,5,3,0,0,1,0,0,0,0,1,8.65138E+20,5.71173E+21,1.4255E+16,5.14388E+16
126348,126349,14,7,30,270,2016,9,9,2,3,0,7,0,0,0,1,0,0,0,0,7.23915E+20,5.70152E+21,1.22206E+16,5.14206E+16
126349,126350,14,6,12,0,2016,9,16,7,3,6,2,0,0,1,0,1,0,0,0,8.36502E+20,5.66459E+21,1.38002E+16,5.10341E+16
126350,126351,14,7,13,0,2016,9,7,4,2,3,2,0,0,1,1,0,0,0,0,7.35001E+20,5.69224E+21,1.23737E+16,5.13328E+16
126351,126352,14,6,12,0,2016,9,16,6,3,2,6,0,0,0,1,0,0,0,1,8.28118E+20,5.66636E+21,1.36827E+16,5.10548E+16
126352,126353,14,5,11,0,2016,9,9,5,2,0,7,0,0,0,0,0,0,0,1,7.73218E+20,5.63604E+21,1.28786E+16,5.08115E+16
126353,126354,14,7,29,370,2016,9,16,1,3,8,1,0,0,0,0,0,1,0,0,7.4373E+20,5.67596E+21,1.24876E+16,5.1183E+16
126354,126355,14,5,23,440,2016,9,16,3,2,4,6,0,0,0,1,0,1,0,0,7.20397E+20,5.58207E+21,1.20981E+16,5.03494E+16
126355,126356,14,7,13,0,2016,9,12,1,3,5,3,0,0,0,1,0,1,0,0,7.36549E+20,5.69224E+21,1.23958E+16,5.13322E+16
126356,126357,14,5,11,0,2016,9,12,4,3,0,7,0,0,0,0,0,0,0,1,7.77783E+20,5.63668E+21,1.29437E+16,5.08151E+16
126357,126358,14,7,13,0,2016,9,10,1,2,9,1,0,0,1,0,0,0,0,0,7.34999E+20,5.69226E+21,1.23736E+16,5.1333E+16
126358,126359,14,5,24,130,2016,9,17,4,2,4,6,0,0,0,0,0,1,0,1,7.48153E+20,5.61163E+21,1.25071E+16,5.06037E+16
126359,126360,14,6,12,0,2016,9,7,7,3,5,3,0,0,1,0,0,0,0,0,8.27176E+20,5.66955E+21,1.36722E+16,5.1084E+16
126360,126361,14,6,12,0,2016,9,19,3,3,5,3,2,0,1,1,0,0,0,0,8.3416E+20,5.66598E+21,1.37682E+16,5.1048E+16