FID,OBJECTID,ULAND,UREGBEZ,UKREIS,UGEMEINDE,UJAHR,UMONAT,USTUNDE,UWOCHENTAG,UKATEGORIE,UART,UTYP1,ULICHTVERH,IstStrasse,IstRad,IstPKW,IstFuss,IstKrad,IstGkfz,IstSonstig,LINREFX,LINREFY,XGCSWGS84,YGCSWGS84
126361,126362,14,7,13,0,2016,9,7,4,3,3,2,0,0,1,1,0,0,0,0,7.3719E+20,5.69398E+21,1.24062E+16,5.13475E+16
126362,126363,14,6,25,540,2016,9,19,2,3,7,7,0,0,1,0,0,0,0,0,8.54676E+20,5.6974E+21,1.40908E+16,5.13171E+16
126363,126364,14,7,29,270,2016,9,11,6,3,6,6,0,0,1,0,1,0,0,0,7.24833E+20,5.6886E+21,1.22256E+16,5.13043E+16
126364,126365,14,7,29,270,2016,9,12,5,3,5,3,0,0,1,1,0,0,0,0,7.2451E+20,5.68835E+21,1.22209E+16,5.13021E+16
126365,126366,14,6,12,0,2016,9,17,6,3,5,3,0,0,1,1,0,0,0,0,8.30663E+20,5.66375E+21,1.37165E+16,5.10299E+16
126366,126367,14,7,13,0,2016,9,19,1,2,5,3,0,0,0,1,0,1,0,0,7.31684E+20,5.68792E+21,1.23233E+16,5.12954E+16
126367,126368,14,6,12,0,2016,9,6,4,3,5,3,1,0,1,1,0,0,0,0,8.31125E+20,5.66604E+21,1.37251E+16,5.10503E+16
126368,126369,14,6,26,610,2016,9,17,4,3,0,1,2,0,1,0,0,0,0,0,9.07923E+20,5.65448E+21,1.48027E+16,5.08975E+16
126369,126370,14,6,12,0,2016,9,19,7,3,1,5,2,0,1,1,0,0,0,0,8.34273E+20,5.6623E+21,1.37665E+16,5.10149E+16
126370,126371,14,6,12,0,2016,9,8,6,3,5,2,0,0,0,1,0,0,0,1,8.33373E+20,5.66613E+21,1.37572E+16,5.10497E+16
126371,126372,14,7,13,0,2016,9,11,4,3,1,7,0,0,1,1,0,0,0,0,7.37694E+20,5.69246E+21,1.24124E+16,5.13336E+16
126372,126373,14,6,12,0,2016,9,12,7,3,5,3,0,1,0,1,0,0,0,0,8.36954E+20,5.66617E+21,1.38081E+16,5.1048E+16
126373,126374,14,5,22,180,2016,9,12,3,3,1,7,0,0,0,1,1,0,0,0,8.05099E+20,5.64881E+21,1.33405E+16,5.09101E+16
126374,126375,14,6,26,610,2016,9,16,4,2,8,1,0,0,0,1,0,0,0,0,9.08224E+20,5.65451E+21,1.48069E+16,5.08976E+16
126375,126376,14,6,12,0,2016,9,9,2,3,3,2,0,1,1,1,0,0,0,0,8.34744E+20,5.66704E+21,1.37775E+16,5.10571E+16
126376,126377,14,6,12,0,2016,9,10,7,3,8,1,0,0,0,1,0,0,0,0,8.35978E+20,5.65985E+21,1.37884E+16,5.09919E+16
126377,126378,14,6,26,600,2016,9,12,6,2,6,4,0,0,0,0,1,0,0,1,8.91054E+20,5.71997E+21,1.46352E+16,5.14953E+16
126378,126379,14,6,26,610,2016,9,12,5,2,9,6,0,0,1,0,1,0,0,0,9.08131E+20,5.65365E+21,1.48047E+16,5.08899E+16
126379,126380,14,6,27,230,2016,9,20,1,3,5,3,2,0,1,1,0,0,0,0,7.97457E+20,5.69417E+21,1.32695E+16,5.13209E+16
126380,126381,14,7,29,60,2016,9,1,1,3,8,1,2,0,0,1,0,0,0,0,7.45087E+20,5.69626E+21,1.25209E+16,5.13646E+16
126381,126382,14,5,22,60,2016,9,17,3,3,2,6,0,0,0,1,0,0,0,0,7.67924E+20,5.64739E+21,1.28119E+16,5.09159E+16
126382,126383,14,5,24,290,2016,9,13,3,3,5,3,0,0,0,1,0,1,0,0,7.53422E+20,5.64208E+21,1.26024E+16,5.08747E+16
126383,126384,14,6,25,240,2016,9,13,4,3,5,3,0,0,0,1,0,0,0,0,8.65842E+20,5.71266E+21,1.4266E+16,5.14467E+16
126384,126385,14,6,25,30,2016,9,15,5,3,9,1,0,0,0,1,0,0,0,0,8.51835E+20,5.70144E+21,1.40542E+16,5.13551E+16
126385,126386,14,6,12,0,2016,9,19,7,3,1,1,1,0,1,1,0,0,0,0,8.317E+20,5.66389E+21,1.37314E+16,5.10307E+16
126386,126387,14,7,30,110,2016,9,12,5,3,4,2,0,0,1,1,0,0,0,0,7.53652E+20,5.70788E+21,1.2652E+16,5.14651E+16
126387,126388,14,6,25,20,2016,9,14,5,2,5,3,0,0,0,1,0,0,0,0,8.79839E+20,5.68324E+21,1.44353E+16,5.11741E+16
126388,126389,14,6,12,0,2016,9,16,4,3,5,3,0,0,0,1,0,0,0,0,8.30209E+20,5.66357E+21,1.37099E+16,5.10286E+16
126389,126390,14,6,26,420,2016,9,14,1,3,6,4,0,0,0,1,1,0,0,0,9.15961E+20,5.6682E+21,1.4932E+16,5.10144E+16
126390,126391,14,6,28,30,2016,9,11,5,3,6,1,0,0,0,1,1,0,0,0,8.67883E+20,5.65089E+21,1.42321E+16,5.08922E+16
126391,126392,14,6,25,240,2016,9,22,1,3,8,1,2,0,1,0,0,0,0,0,8.65604E+20,5.71123E+21,1.42612E+16,5.1434E+16
126392,126393,14,5,21,690,2016,9,13,3,3,6,4,0,0,0,1,1,0,0,0,7.87437E+20,5.62976E+21,1.3075E+16,5.07483E+16
126393,126394,14,6,26,440,2016,9,13,4,2,2,6,0,0,1,0,0,0,0,0,8.97321E+20,5.69624E+21,1.46985E+16,5.12785E+16
126394,126395,14,6,12,0,2016,9,8,6,2,4,6,0,0,1,0,0,0,0,0,8.32796E+20,5.66924E+21,1.37519E+16,5.1078E+16
126395,126396,14,6,12,0,2016,9,15,5,2,5,3,0,0,1,1,0,0,0,0,8.31052E+20,5.66983E+21,1.37276E+16,5.10842E+16
126396,126397,14,5,22,10,2016,9,16,4,3,6,6,0,0,0,1,1,0,0,0,7.78393E+20,5.65372E+21,1.29653E+16,5.09677E+16
126397,126398,14,6,27,210,2016,9,14,1,3,4,6,0,0,1,1,0,0,0,0,8.2591E+20,5.67277E+21,1.36571E+16,5.11135E+16
126398,126399,14,6,12,0,2016,9,8,7,3,5,3,0,1,1,1,0,0,0,0,8.32485E+20,5.66501E+21,1.37435E+16,5.10402E+16
126399,126400,14,6,28,360,2016,9,12,3,3,5,3,0,0,0,1,0,0,0,0,8.69937E+20,5.66007E+21,1.42705E+16,5.09731E+16
126400,126401,14,6,25,20,2016,9,11,4,3,3,2,0,0,1,1,0,0,0,0,8.79952E+20,5.68451E+21,1.44382E+16,5.11854E+16
126401,126402,14,7,13,0,2016,9,7,2,3,2,6,0,1,0,1,0,0,0,0,7.33348E+20,5.69061E+21,1.23489E+16,5.13189E+16
126402,126403,14,5,24,330,2016,9,15,6,3,0,2,0,0,1,1,0,0,0,0,7.45885E+20,5.62451E+21,1.24837E+16,5.07203E+16
126403,126404,14,6,25,20,2016,9,18,4,2,5,3,0,0,1,1,0,0,0,0,8.79275E+20,5.68413E+21,1.44282E+16,5.11824E+16
126404,126405,14,6,12,0,2016,9,14,6,3,6,7,0,0,0,1,1,0,0,0,8.33239E+20,5.66831E+21,1.37573E+16,5.10694E+16
126405,126406,14,7,13,0,2016,9,15,3,3,5,3,0,0,0,1,0,0,0,0,7.31953E+20,5.69077E+21,1.2329E+16,5.13208E+16
126406,126407,14,5,11,0,2016,9,17,3,3,5,3,0,0,0,1,0,0,0,0,7.75254E+20,5.63915E+21,1.29098E+16,5.08385E+16
126407,126408,14,7,30,230,2016,9,16,2,2,5,3,0,0,1,1,0,0,0,0,7.86212E+20,5.69227E+21,1.3107E+16,5.13096E+16
126408,126409,14,6,12,0,2016,9,4,7,3,4,3,1,0,1,1,0,0,0,0,8.32574E+20,5.66756E+21,1.37471E+16,5.1063E+16
126409,126410,14,6,12,0,2016,9,9,6,2,5,3,0,0,1,1,0,0,0,0,8.32482E+20,5.66501E+21,1.37435E+16,5.10403E+16
126410,126411,14,6,12,0,2016,9,17,5,3,3,6,0,0,1,1,0,0,0,0,8.34817E+20,5.66724E+21,1.37787E+16,5.10589E+16
126411,126412,14,6,12,0,2016,9,10,1,3,0,1,0,0,1,0,0,0,0,0,8.42205E+20,5.66766E+21,1.38842E+16,5.10583E+16
126412,126413,14,5,23,10,2016,9,14,3,2,4,1,0,0,0,1,0,1,0,0,7.3359E+20,5.57871E+21,1.22811E+16,5.03142E+16
126413,126414,14,7,13,0,2016,9,13,4,3,5,3,0,0,1,1,0,0,0,0,7.27367E+20,5.69098E+21,1.22635E+16,5.13246E+16
126414,126415,14,7,29,150,2016,9,17,6,3,0,6,0,0,1,1,0,0,0,0,7.56609E+20,5.66248E+21,1.26619E+16,5.10565E+16
126415,126416,14,6,12,0,2016,9,16,3,3,3,2,0,0,0,1,0,1,0,0,8.35236E+20,5.66845E+21,1.37858E+16,5.10694E+16
126416,126417,14,6,12,0,2016,9,14,4,3,5,3,0,0,1,1,0,0,0,0,8.28903E+20,5.66495E+21,1.36926E+16,5.10417E+16
126417,126418,14,6,12,0,2016,9,16,2,3,0,1,0,0,1,0,0,0,0,0,8.30179E+20,5.67023E+21,1.37155E+16,5.10884E+16
126418,126419,14,5,11,0,2016,9,10,7,3,2,7,0,0,0,1,0,0,0,0,7.77154E+20,5.63519E+21,1.29337E+16,5.0802E+16
126419,126420,14,7,13,0,2016,9,16,6,3,4,2,0,0,0,1,0,0,0,0,7.33822E+20,5.69256E+21,1.2357E+16,5.13361E+16
126420,126421,14,7,13,0,2016,10,8,6,3,2,2,0,1,0,1,0,0,0,0,7.36597E+20,5.69128E+21,1.23959E+16,5.13236E+16
126421,126422,14,7,13,0,2016,9,15,3,2,4,2,0,0,1,1,0,0,0,0,7.34093E+20,5.69664E+21,1.23635E+16,5.13726E+16
126422,126423,14,7,29,70,2016,9,7,6,2,2,7,0,0,0,1,0,0,1,0,7.51103E+20,5.69367E+21,1.26053E+16,5.13387E+16
126423,126424,14,7,13,0,2016,10,22,3,3,5,3,2,1,1,1,0,0,0,0,7.35738E+20,5.69277E+21,1.23846E+16,5.13372E+16
126424,126425,14,5,11,0,2016,10,10,6,3,6,7,0,1,0,1,1,0,0,0,7.75828E+20,5.63877E+21,1.29176E+16,5.08348E+16
126425,126426,14,6,12,0,2016,10,17,3,3,5,3,0,0,0,1,0,0,0,0,8.35026E+20,5.66421E+21,1.37789E+16,5.10316E+16
126426,126427,14,5,11,0,2016,9,9,2,2,6,4,0,0,0,1,1,0,0,0,7.78396E+20,5.63887E+21,1.2954E+16,5.08344E+16
126427,126428,14,7,13,0,2016,9,17,4,3,5,3,0,0,1,1,0,0,0,0,7.34173E+20,5.69346E+21,1.23626E+16,5.13441E+16
126428,126429,14,7,13,0,2016,10,18,2,3,6,4,0,1,1,1,1,0,0,0,7.35007E+20,5.69194E+21,1.23735E+16,5.13301E+16
126429,126430,14,6,12,0,2016,10,16,5,2,6,4,0,1,0,1,1,0,0,0,8.36702E+20,5.66194E+21,1.38006E+16,5.10102E+16
126430,126431,14,7,13,0,2016,9,15,3,3,5,3,0,0,0,1,0,0,0,0,7.36122E+20,5.6951E+21,1.23916E+16,5.1358E+16
126431,126432,14,7,13,0,2016,9,7,6,3,5,3,0,0,1,1,0,0,0,0,7.34825E+20,5.69455E+21,1.23727E+16,5.13536E+16
126432,126433,14,6,12,0,2016,10,16,3,3,5,3,0,1,1,1,0,0,0,0,8.30402E+20,5.6691E+21,1.37177E+16,5.1078E+16
126433,126434,14,5,22,180,2016,9,15,5,3,3,2,0,0,1,1,0,0,0,0,8.03923E+20,5.64819E+21,1.33233E+16,5.09052E+16
126434,126435,14,5,22,80,2016,10,18,3,3,5,3,2,0,1,0,0,0,0,0,7.887E+20,5.67165E+21,1.3126E+16,5.11235E+16
126435,126436,14,7,30,70,2016,10,12,1,3,5,3,0,1,1,1,0,0,0,0,7.29897E+20,5.71214E+21,1.23134E+16,5.15135E+16
126436,126437,14,6,26,460,2016,9,17,6,3,5,3,0,0,1,0,0,0,0,0,9.02445E+20,5.71056E+21,1.47878E+16,5.14031E+16
126437,126438,14,7,13,0,2016,10,7,3,2,6,4,0,0,0,1,1,0,0,0,7.32647E+20,5.69654E+21,1.23427E+16,5.13724E+16
126438,126439,14,7,30,230,2016,10,7,5,2,8,5,1,1,0,1,0,0,0,1,7.86733E+20,5.69071E+21,1.31132E+16,5.12954E+16
126439,126440,14,5,21,410,2016,10,7,3,3,6,2,0,1,0,1,1,0,0,0,7.72586E+20,5.63243E+21,1.2867E+16,5.07794E+16
126440,126441,14,7,30,110,2016,9,15,1,2,1,5,0,0,1,1,0,0,0,0,7.54303E+20,5.70834E+21,1.26617E+16,5.14689E+16
126441,126442,14,7,29,270,2016,9,10,4,3,6,4,0,0,1,0,1,0,0,0,7.24459E+20,5.6882E+21,1.222E+16,5.13008E+16
126442,126443,14,6,25,40,2016,10,16,2,3,2,2,0,0,0,1,0,0,0,0,8.62839E+20,5.67633E+21,1.41861E+16,5.11232E+16
126443,126444,14,5,11,0,2016,10,16,5,3,1,7,0,0,1,1,0,0,0,0,7.74884E+20,5.63837E+21,1.29039E+16,5.08316E+16
126444,126445,14,7,29,70,2016,9,12,3,1,2,5,0,0,1,0,0,0,0,1,7.51836E+20,5.69294E+21,1.26153E+16,5.13319E+16
126445,126446,14,6,25,20,2016,9,7,6,3,4,2,0,0,0,1,0,0,0,0,8.7947E+20,5.68428E+21,1.44311E+16,5.11837E+16
126446,126447,14,7,29,170,2016,9,14,4,3,5,3,0,0,0,1,0,0,0,1,7.29601E+20,5.67226E+21,1.22835E+16,5.11556E+16
126447,126448,14,6,12,0,2016,10,12,4,3,2,1,0,1,0,1,0,1,0,0,8.34935E+20,5.66479E+21,1.37782E+16,5.10368E+16
126448,126449,14,7,13,0,2016,10,20,7,3,5,2,1,0,0,1,0,1,0,0,7.38149E+20,5.69478E+21,1.24205E+16,5.13543E+16
126449,126450,14,7,30,300,2016,9,13,3,2,5,3,0,0,1,1,0,0,0,0,7.43293E+20,5.69759E+21,1.24961E+16,5.13773E+16
126450,126451,14,7,13,0,2016,9,6,4,3,2,2,1,0,1,1,0,0,0,0,7.31912E+20,5.689E+21,1.23273E+16,5.1305E+16
126451,126452,14,7,13,0,2016,10,16,5,2,4,6,0,1,0,1,0,0,1,0,7.30452E+20,5.70105E+21,1.23142E+16,5.14138E+16
126452,126453,14,6,12,0,2016,9,14,6,3,0,6,0,1,1,0,0,0,0,1,8.36277E+20,5.66254E+21,1.37951E+16,5.10158E+16
126453,126454,14,7,13,0,2016,10,6,4,3,5,3,2,1,0,1,0,0,0,0,7.37283E+20,5.69384E+21,1.24074E+16,5.13462E+16
126454,126455,14,7,29,410,2016,9,19,3,3,5,3,1,0,1,1,0,0,0,0,7.60145E+20,5.69729E+21,1.27375E+16,5.13672E+16
126455,126456,14,6,12,0,2016,9,18,6,3,0,1,0,0,1,0,0,0,0,0,8.30627E+20,5.66671E+21,1.37187E+16,5.10565E+16
126456,126457,14,7,13,0,2016,9,7,4,3,5,3,0,0,0,1,0,1,0,0,7.371E+20,5.69227E+21,1.24038E+16,5.13322E+16
126457,126458,14,5,24,130,2016,10,19,2,2,6,2,2,1,0,0,1,0,0,1,7.49352E+20,5.61379E+21,1.25255E+16,5.06226E+16
126458,126459,14,5,11,0,2016,10,17,4,3,5,3,0,1,1,0,0,0,0,1,7.73657E+20,5.6364E+21,1.28851E+16,5.08145E+16
126459,126460,14,6,25,20,2016,10,2,7,3,8,1,2,1,0,1,0,0,0,0,8.80206E+20,5.68461E+21,1.44419E+16,5.11861E+16
126460,126461,14,7,13,0,2016,9,16,3,3,0,1,0,0,1,0,0,0,0,0,7.40116E+20,5.7013E+21,1.24531E+16,5.14119E+16
126461,126462,14,6,12,0,2016,9,11,6,3,5,2,0,0,0,1,0,1,0,0,8.3479E+20,5.66658E+21,1.37777E+16,5.10529E+16
126462,126463,14,5,22,50,2016,10,7,4,3,0,7,0,1,0,0,0,0,0,1,8.03736E+20,5.64375E+21,1.3317E+16,5.08655E+16
126463,126464,14,6,12,0,2016,10,7,6,2,9,1,0,1,0,1,1,0,0,0,8.33246E+20,5.6657E+21,1.3755E+16,5.1046E+16
126464,126465,14,5,11,0,2016,10,13,5,3,5,3,0,1,0,1,0,0,0,0,7.74544E+20,5.63452E+21,1.28962E+16,5.07973E+16
126465,126466,14,7,29,160,2016,10,20,2,3,8,1,2,1,0,1,0,0,0,0,7.61169E+20,5.68485E+21,1.27431E+16,5.12551E+16
126466,126467,14,6,28,20,2016,9,12,6,2,6,7,0,0,0,1,1,0,0,0,8.48566E+20,5.64849E+21,1.39563E+16,5.08827E+16
126467,126468,14,7,13,0,2016,10,15,4,3,6,4,0,1,0,0,1,0,0,1,7.34159E+20,5.69554E+21,1.23638E+16,5.13628E+16
126468,126469,14,7,29,250,2016,9,11,3,2,1,5,0,0,0,1,0,1,0,1,7.49727E+20,5.69572E+21,1.25871E+16,5.13578E+16
126469,126470,14,5,24,330,2016,10,13,6,3,5,3,0,0,1,1,0,0,0,0,7.46874E+20,5.6238E+21,1.24972E+16,5.07135E+16
126470,126471,14,7,30,110,2016,10,16,4,2,0,1,0,1,1,1,0,0,0,0,7.52256E+20,5.70764E+21,1.26318E+16,5.14637E+16
126471,126472,14,7,13,0,2016,10,10,2,3,2,6,0,1,0,1,0,0,0,0,7.37383E+20,5.69908E+21,1.24124E+16,5.13932E+16
126472,126473,14,7,13,0,2016,9,16,4,3,5,3,0,0,1,1,0,0,0,0,7.31815E+20,5.69648E+21,1.23308E+16,5.13721E+16
126473,126474,14,6,12,0,2016,10,17,3,3,5,3,0,0,0,1,0,0,0,0,8.36113E+20,5.66361E+21,1.37938E+16,5.10256E+16
126474,126475,14,7,30,230,2016,10,23,2,2,4,6,2,1,0,1,0,0,0,1,7.85378E+20,5.69228E+21,1.30951E+16,5.13102E+16
126475,126476,14,5,11,0,2016,10,13,4,2,6,4,0,0,0,1,1,0,0,0,7.76177E+20,5.6389E+21,1.29226E+16,5.08358E+16
126476,126477,14,6,25,480,2016,9,16,3,3,5,3,0,0,1,1,0,0,0,0,8.44506E+20,5.67318E+21,1.39222E+16,5.11064E+16
126477,126478,14,7,13,0,2016,10,17,3,3,5,2,1,1,0,1,0,0,0,1,7.2896E+20,5.69077E+21,1.22862E+16,5.13221E+16
126478,126479,14,5,24,330,2016,10,14,5,3,0,1,0,1,0,1,1,0,0,0,7.50347E+20,5.62441E+21,1.25467E+16,5.07175E+16
126479,126480,14,6,26,110,2016,10,20,2,3,9,1,2,1,1,0,0,0,0,0,9.18873E+20,5.68423E+21,1.49918E+16,5.11558E+16
126480,126481,14,7,13,0,2016,9,13,1,3,4,2,0,0,0,1,0,1,0,0,7.35725E+20,5.68911E+21,1.2382E+16,5.13044E+16
126481,126482,14,7,13,0,2016,9,15,4,3,2,6,0,0,0,1,0,0,0,0,7.35589E+20,5.6971E+21,1.23853E+16,5.13762E+16
126482,126483,14,7,13,0,2016,10,16,2,3,5,3,0,1,0,1,0,1,0,0,7.39235E+20,5.69913E+21,1.2439E+16,5.13929E+16
126483,126484,14,6,12,0,2016,10,8,5,3,5,3,0,1,0,1,0,0,0,0,8.33815E+20,5.66834E+21,1.37655E+16,5.10692E+16
126484,126485,14,7,13,0,2016,9,14,1,3,2,6,0,0,0,1,0,0,0,0,7.36122E+20,5.6944E+21,1.23912E+16,5.13517E+16
126485,126486,14,7,13,0,2016,9,8,4,3,3,6,0,0,1,0,0,0,0,0,7.35002E+20,5.69224E+21,1.23737E+16,5.13328E+16
126486,126487,14,5,22,330,2016,10,19,3,3,5,3,2,0,1,1,0,0,0,0,7.82035E+20,5.64779E+21,1.30125E+16,5.09127E+16
126487,126488,14,6,12,0,2016,10,19,5,3,5,2,2,1,0,1,0,0,0,0,8.34847E+20,5.66747E+21,1.37794E+16,5.10609E+16
126488,126489,14,6,25,20,2016,9,14,3,2,6,3,0,0,0,1,1,0,0,0,8.78132E+20,5.68354E+21,1.44113E+16,5.11779E+16
126489,126490,14,5,22,180,2016,9,16,6,3,5,2,0,0,0,1,0,0,0,0,8.05021E+20,5.64791E+21,1.33386E+16,5.09021E+16
126490,126491,14,6,27,60,2016,10,12,3,3,1,5,0,0,1,1,0,0,0,0,8.15939E+20,5.6924E+21,1.35323E+16,5.12951E+16
126491,126492,14,7,13,0,2016,10,6,5,3,6,4,1,1,0,1,1,0,0,0,7.36066E+20,5.68966E+21,1.23872E+16,5.13092E+16
126492,126493,14,6,12,0,2016,10,17,2,3,5,3,0,1,0,1,0,0,0,0,8.29359E+20,5.66488E+21,1.3699E+16,5.10408E+16
126493,126494,14,5,11,0,2016,10,15,2,3,0,7,0,0,0,1,1,0,0,0,7.75977E+20,5.63884E+21,1.29198E+16,5.08354E+16
126494,126495,14,7,13,0,2016,9,9,1,3,4,6,0,0,0,1,0,0,0,0,7.30889E+20,5.6894E+21,1.23129E+16,5.1309E+16
126495,126496,14,6,26,110,2016,9,19,4,2,5,3,2,0,1,1,0,0,0,0,9.17742E+20,5.68515E+21,1.49768E+16,5.11648E+16
126496,126497,14,6,12,0,2016,10,13,2,3,3,6,0,0,1,1,0,0,0,0,8.38578E+20,5.66814E+21,1.38331E+16,5.10647E+16
126497,126498,14,6,26,60,2016,10,5,5,3,8,1,2,1,0,1,0,0,0,0,8.9269E+20,5.71073E+21,1.46484E+16,5.14114E+16
126498,126499,14,5,21,530,2016,9,19,6,3,0,7,2,0,0,1,0,1,0,0,7.57729E+20,5.61112E+21,1.26418E+16,5.0595E+16
126499,126500,14,5,11,0,2016,10,9,5,3,2,6,0,1,0,1,0,1,0,0,7.78484E+20,5.63845E+21,1.2955E+16,5.08306E+16
126500,126501,14,6,27,210,2016,9,9,3,3,5,3,0,0,0,1,0,0,0,0,8.28417E+20,5.67074E+21,1.36909E+16,5.10939E+16
126501,126502,14,5,11,0,2016,9,13,6,3,2,7,0,0,0,1,0,0,0,1,7.74238E+20,5.63733E+21,1.2894E+16,5.08226E+16
126502,126503,14,6,12,0,2016,9,11,3,3,3,5,0,0,0,1,0,0,0,0,8.30557E+20,5.66942E+21,1.37202E+16,5.10808E+16
126503,126504,14,5,11,0,2016,9,11,6,3,5,3,0,0,0,0,0,1,0,1,7.7839E+20,5.63375E+21,1.29501E+16,5.07886E+16
126504,126505,14,5,24,330,2016,9,10,4,3,5,3,0,0,0,1,0,0,1,0,7.48635E+20,5.62521E+21,1.2523E+16,5.07254E+16
126505,126506,14,6,12,0,2016,10,10,2,3,4,1,0,1,0,1,0,0,0,0,8.34283E+20,5.66647E+21,1.37705E+16,5.10523E+16
126506,126507,14,7,30,230,2016,10,6,3,3,5,7,1,1,0,1,0,1,0,0,7.85537E+20,5.6914E+21,1.30967E+16,5.13022E+16
126507,126508,14,5,11,0,2016,10,17,1,3,2,6,0,0,0,1,0,0,0,0,7.76315E+20,5.63774E+21,1.29237E+16,5.08253E+16
126508,126509,14,5,24,330,2016,9,16,5,3,6,4,0,0,1,0,1,0,0,0,7.47476E+20,5.62591E+21,1.25071E+16,5.07322E+16
126509,126510,14,7,13,0,2016,10,7,4,2,5,3,1,1,1,1,0,0,0,0,7.36751E+20,5.6888E+21,1.23965E+16,5.13012E+16
126510,126511,14,6,12,0,2016,9,18,3,3,4,2,0,0,1,1,0,0,0,0,8.38901E+20,5.66412E+21,1.38339E+16,5.10285E+16
126511,126512,14,7,13,0,2016,10,18,4,3,3,2,1,1,1,1,0,0,0,0,7.34996E+20,5.69226E+21,1.23736E+16,5.1333E+16
126512,126513,14,6,12,0,2016,10,12,2,3,8,1,0,1,0,1,0,0,0,0,8.31685E+20,5.66515E+21,1.37323E+16,5.10419E+16
126513,126514,14,6,28,270,2016,9,7,4,3,0,6,0,0,1,0,0,0,0,1,8.47436E+20,5.6577E+21,1.3949E+16,5.09659E+16
126514,126515,14,6,12,0,2016,10,12,2,3,5,2,0,1,0,1,0,0,0,1,8.31128E+20,5.66604E+21,1.37252E+16,5.10502E+16
126515,126516,14,7,13,0,2016,10,9,3,3,4,2,0,1,1,1,0,0,0,0,7.34406E+20,5.69297E+21,1.23656E+16,5.13396E+16
126516,126517,14,5,22,150,2016,10,18,7,3,9,1,1,1,0,1,0,0,0,0,7.84206E+20,5.64784E+21,1.30433E+16,5.09121E+16
126517,126518,14,7,13,0,2016,10,17,3,3,5,3,0,0,0,1,0,0,0,0,7.34102E+20,5.69298E+21,1.23613E+16,5.13398E+16
126518,126519,14,7,13,0,2016,10,12,7,3,3,2,0,0,1,1,0,0,0,0,7.33271E+20,5.69209E+21,1.23488E+16,5.13321E+16
126519,126520,14,6,12,0,2016,9,12,3,3,2,6,0,0,1,0,0,0,0,1,8.38649E+20,5.6607E+21,1.38271E+16,5.0998E+16
126520,126521,14,5,24,330,2016,9,7,5,3,9,7,0,0,0,1,1,0,0,0,7.45486E+20,5.62158E+21,1.24761E+16,5.06941E+16
126521,126522,14,6,12,0,2016,10,19,4,3,2,6,2,1,0,1,0,0,0,0,8.36694E+20,5.6606E+21,1.37993E+16,5.09983E+16
126522,126523,14,6,12,0,2016,9,16,3,3,3,6,0,0,1,1,0,0,0,0,8.33015E+20,5.66529E+21,1.37513E+16,5.10424E+16
126523,126524,14,7,29,260,2016,10,9,6,3,2,2,0,1,0,1,0,0,0,0,7.38854E+20,5.68706E+21,1.24254E+16,5.12847E+16
126524,126525,14,7,13,0,2016,10,19,4,3,9,1,2,1,0,1,0,0,0,0,7.3414E+20,5.69032E+21,1.23601E+16,5.13159E+16
126525,126526,14,5,11,0,2016,10,11,2,3,2,6,0,1,1,1,0,0,0,0,7.77379E+20,5.63839E+21,1.29393E+16,5.08306E+16
126526,126527,14,6,12,0,2016,9,18,1,3,5,3,0,0,1,1,0,0,0,0,8.34044E+20,5.66729E+21,1.37678E+16,5.10598E+16
126527,126528,14,6,12,0,2016,9,18,4,3,0,4,0,0,0,0,1,0,0,1,8.37264E+20,5.66215E+21,1.38088E+16,5.10118E+16
126528,126529,14,6,12,0,2016,10,16,3,3,0,3,0,0,0,1,0,1,0,0,8.34226E+20,5.66825E+21,1.37713E+16,5.10683E+16
126529,126530,14,7,13,0,2016,10,10,3,3,6,7,0,0,0,1,1,0,0,0,7.3428E+20,5.69554E+21,1.23655E+16,5.13628E+16
126530,126531,14,6,12,0,2016,10,8,5,3,0,1,1,1,0,0,0,1,0,0,8.34641E+20,5.66817E+21,1.37771E+16,5.10673E+16
126531,126532,14,6,12,0,2016,9,15,3,3,5,2,0,0,1,1,0,0,0,0,8.36859E+20,5.6652E+21,1.38059E+16,5.10394E+16
126532,126533,14,7,29,320,2016,9,12,5,3,1,5,0,0,1,0,0,0,0,1,7.41863E+20,5.6725E+21,1.24586E+16,5.11527E+16
126533,126534,14,7,13,0,2016,10,19,3,3,0,5,2,1,1,1,0,0,0,0,7.35054E+20,5.69062E+21,1.23733E+16,5.13182E+16
126534,126535,14,5,23,450,2016,10,14,5,3,0,7,0,1,1,1,0,0,0,0,7.17971E+20,5.59244E+21,1.207E+16,5.04434E+16
126535,126536,14,6,12,0,2016,9,6,3,3,6,2,1,0,0,1,1,0,0,0,8.32919E+20,5.66454E+21,1.37493E+16,5.10357E+16