FID,OBJECTID,ULAND,UREGBEZ,UKREIS,UGEMEINDE,UJAHR,UMONAT,USTUNDE,UWOCHENTAG,UKATEGORIE,UART,UTYP1,ULICHTVERH,IstStrasse,IstRad,IstPKW,IstFuss,IstKrad,IstGkfz,IstSonstig,LINREFX,LINREFY,XGCSWGS84,YGCSWGS84
126711,126712,14,7,29,430,2016,10,13,6,2,6,4,0,0,0,0,1,0,0,1,7.3235E+20,5.67931E+21,1.23273E+16,5.12178E+16
126712,126713,14,7,13,0,2016,10,10,3,3,2,2,0,0,0,1,0,0,0,0,7.34782E+20,5.6925E+21,1.23707E+16,5.13352E+16
126713,126714,14,6,12,0,2016,10,16,2,3,2,2,0,1,0,1,0,0,0,1,8.36259E+20,5.66549E+21,1.37976E+16,5.10423E+16
126714,126715,14,7,13,0,2016,10,19,2,3,3,2,2,0,0,1,0,0,0,1,7.34006E+20,5.6956E+21,1.23616E+16,5.13634E+16
126715,126716,14,7,13,0,2016,10,16,3,3,5,3,0,1,1,1,0,0,0,0,7.38044E+20,5.69116E+21,1.24165E+16,5.13219E+16
126716,126717,14,7,13,0,2016,10,21,6,3,5,3,2,0,1,0,0,0,0,1,7.35894E+20,5.69456E+21,1.2388E+16,5.13533E+16
126717,126718,14,6,26,610,2016,10,19,6,2,6,4,2,1,0,1,1,0,0,0,9.08308E+20,5.65449E+21,1.48081E+16,5.08973E+16
126718,126719,14,7,29,230,2016,10,19,5,1,9,1,2,0,0,0,0,0,0,1,7.52033E+20,5.6556E+21,1.2592E+16,5.09967E+16
126719,126720,14,6,12,0,2016,10,17,2,3,0,4,2,0,0,0,1,0,0,1,8.33339E+20,5.67375E+21,1.37637E+16,5.11181E+16
126720,126721,14,7,13,0,2016,11,16,3,3,6,4,2,0,0,1,1,0,0,0,7.31099E+20,5.69348E+21,1.23186E+16,5.13455E+16
126721,126722,14,6,25,30,2016,10,10,2,2,9,1,0,0,0,1,0,0,0,0,8.50845E+20,5.70294E+21,1.40415E+16,5.1369E+16
126722,126723,14,7,13,0,2016,10,11,4,3,0,1,0,0,0,0,0,1,0,0,7.35894E+20,5.69475E+21,1.23881E+16,5.1355E+16
126723,126724,14,6,12,0,2016,10,7,2,2,5,3,1,1,1,1,0,0,0,0,8.33569E+20,5.66655E+21,1.37604E+16,5.10534E+16
126724,126725,14,6,26,390,2016,10,16,6,3,6,6,0,1,0,0,1,0,1,0,9.00057E+20,5.6625E+21,1.47002E+16,5.09747E+16
126725,126726,14,7,13,0,2016,10,16,4,3,6,7,0,0,0,1,0,0,0,1,7.34358E+20,5.693E+21,1.2365E+16,5.13399E+16
126726,126727,14,7,13,0,2016,10,15,4,3,4,2,0,0,1,0,0,0,0,1,7.35007E+20,5.69217E+21,1.23737E+16,5.13322E+16
126727,126728,14,6,12,0,2016,10,15,1,2,8,1,0,0,0,0,0,1,0,0,8.29465E+20,5.66105E+21,1.3697E+16,5.10065E+16
126728,126729,14,5,22,500,2016,11,12,3,3,2,2,0,0,0,1,0,0,0,1,7.86997E+20,5.65656E+21,1.30898E+16,5.0989E+16
126729,126730,14,6,26,530,2016,10,9,6,3,6,7,0,1,0,1,1,0,0,0,8.93276E+20,5.65746E+21,1.45986E+16,5.09343E+16
126730,126731,14,5,22,580,2016,10,12,2,2,9,1,0,0,0,0,0,1,0,0,7.65207E+20,5.65616E+21,1.27797E+16,5.09958E+16
126731,126732,14,5,21,590,2016,11,15,3,3,2,6,0,0,0,1,0,0,0,0,7.66533E+20,5.62495E+21,1.27759E+16,5.07151E+16
126732,126733,14,6,12,0,2016,10,15,6,3,5,3,0,1,1,1,0,0,0,0,8.29932E+20,5.66554E+21,1.37077E+16,5.10465E+16
126733,126734,14,6,12,0,2016,10,16,2,3,5,3,1,1,0,1,0,1,0,0,8.34701E+20,5.66492E+21,1.3775E+16,5.10381E+16
126734,126735,14,6,25,310,2016,10,17,2,3,4,2,0,0,0,1,0,0,0,0,8.56556E+20,5.71205E+21,1.41323E+16,5.14471E+16
126735,126736,14,7,13,0,2016,10,14,4,2,5,3,0,0,1,1,0,0,0,0,7.40998E+20,5.69624E+21,1.24623E+16,5.13662E+16
126736,126737,14,6,12,0,2016,10,18,2,3,4,1,2,1,0,1,0,0,0,0,8.36044E+20,5.66309E+21,1.37924E+16,5.10209E+16
126737,126738,14,6,26,600,2016,10,16,6,3,5,3,0,1,1,1,0,0,0,0,8.91219E+20,5.71968E+21,1.46373E+16,5.14925E+16
126738,126739,14,7,13,0,2016,10,12,3,3,8,1,0,1,0,1,0,0,0,0,7.36702E+20,5.68974E+21,1.23964E+16,5.13097E+16
126739,126740,14,7,13,0,2016,10,10,4,3,5,3,0,0,0,1,0,0,0,0,7.40688E+20,5.68872E+21,1.24528E+16,5.12989E+16
126740,126741,14,7,13,0,2016,10,22,4,2,0,1,2,0,0,0,0,1,0,0,7.29557E+20,5.70069E+21,1.23011E+16,5.14109E+16
126741,126742,14,7,13,0,2016,10,1,7,3,5,3,2,1,0,1,1,0,0,0,7.31666E+20,5.69286E+21,1.23263E+16,5.13397E+16
126742,126743,14,5,11,0,2016,10,16,2,3,1,6,0,1,0,1,0,0,0,0,7.70574E+20,5.63618E+21,1.28412E+16,5.08141E+16
126743,126744,14,6,12,0,2016,10,19,2,3,6,4,2,0,0,1,1,0,0,0,8.31733E+20,5.66614E+21,1.37339E+16,5.10508E+16
126744,126745,14,5,11,0,2016,10,15,6,3,2,6,0,0,0,1,0,0,0,0,7.72617E+20,5.63592E+21,1.287E+16,5.08107E+16
126745,126746,14,7,13,0,2016,10,17,3,3,2,6,1,1,0,1,0,0,0,0,7.37438E+20,5.69324E+21,1.24093E+16,5.13408E+16
126746,126747,14,5,11,0,2016,10,8,2,3,2,6,0,1,0,1,0,0,0,0,7.74662E+20,5.63473E+21,1.28981E+16,5.07991E+16
126747,126748,14,6,12,0,2016,10,15,2,3,2,6,0,0,0,1,0,0,0,0,8.3033E+20,5.66414E+21,1.37121E+16,5.10337E+16
126748,126749,14,7,13,0,2016,10,9,4,3,1,5,0,0,1,1,0,0,0,0,7.36448E+20,5.69379E+21,1.23954E+16,5.13461E+16
126749,126750,14,5,24,330,2016,10,6,5,3,6,6,2,1,0,1,1,0,0,0,7.42196E+20,5.62406E+21,1.24312E+16,5.07178E+16
126750,126751,14,7,13,0,2016,10,7,3,3,3,2,2,1,1,1,0,0,0,0,7.34457E+20,5.69358E+21,1.23667E+16,5.13451E+16
126751,126752,14,6,26,110,2016,10,18,6,3,5,3,1,1,1,1,0,0,0,0,9.18338E+20,5.68299E+21,1.49828E+16,5.1145E+16
126752,126753,14,6,26,610,2016,10,19,5,3,5,3,2,0,0,1,0,1,0,0,9.0893E+20,5.65479E+21,1.48172E+16,5.08996E+16
126753,126754,14,6,28,270,2016,10,13,3,2,6,4,0,1,0,1,1,0,0,0,8.46111E+20,5.65857E+21,1.39311E+16,5.09745E+16
126754,126755,14,6,25,440,2016,10,8,4,3,2,2,0,1,0,1,0,0,0,0,8.6064E+20,5.68359E+21,1.41621E+16,5.11897E+16
126755,126756,14,7,13,0,2016,10,20,4,2,5,3,2,0,1,0,0,0,0,1,7.28492E+20,5.69474E+21,1.2282E+16,5.13579E+16
126756,126757,14,6,12,0,2016,10,8,7,2,6,7,0,1,0,1,1,0,0,0,8.32915E+20,5.66454E+21,1.37492E+16,5.10358E+16
126757,126758,14,5,21,450,2016,10,6,2,3,0,1,1,0,0,0,0,1,0,1,7.60821E+20,5.62539E+21,1.26955E+16,5.07217E+16
126758,126759,14,6,12,0,2016,10,6,3,3,1,7,2,1,0,1,1,0,0,0,8.37257E+20,5.65937E+21,1.38061E+16,5.09869E+16
126759,126760,14,6,26,110,2016,10,10,6,3,0,1,0,0,1,0,0,0,0,0,9.15998E+20,5.68371E+21,1.49504E+16,5.11532E+16
126760,126761,14,6,12,0,2016,10,14,6,3,5,2,0,0,1,1,0,0,0,0,8.32881E+20,5.66919E+21,1.3753E+16,5.10774E+16
126761,126762,14,6,26,530,2016,10,17,5,3,4,6,0,0,1,1,0,0,0,0,8.93816E+20,5.65749E+21,1.46063E+16,5.09342E+16
126762,126763,14,6,28,30,2016,10,14,2,2,6,6,0,0,1,0,1,0,0,0,8.59118E+20,5.65471E+21,1.41118E+16,5.0932E+16
126763,126764,14,6,12,0,2016,10,16,6,3,5,3,0,1,0,1,0,0,0,0,8.39185E+20,5.66319E+21,1.38371E+16,5.102E+16
126764,126765,14,6,12,0,2016,10,23,6,2,6,4,2,0,0,1,1,0,0,0,8.32773E+20,5.66785E+21,1.37502E+16,5.10655E+16
126765,126766,14,5,22,180,2016,10,13,6,2,6,4,0,0,0,1,1,0,0,0,8.04405E+20,5.64716E+21,1.33293E+16,5.08957E+16
126766,126767,14,6,27,140,2016,10,7,5,2,6,4,0,0,0,1,1,0,0,0,8.14493E+20,5.67659E+21,1.34978E+16,5.11542E+16
126767,126768,14,6,12,0,2016,10,19,6,3,0,3,1,0,1,0,0,0,0,1,8.32492E+20,5.66746E+21,1.37459E+16,5.10621E+16
126768,126769,14,6,12,0,2016,10,11,3,3,0,7,0,0,1,0,0,0,0,1,8.33727E+20,5.6657E+21,1.37618E+16,5.10457E+16
126769,126770,14,7,13,0,2016,10,18,4,3,6,4,1,0,0,1,1,0,0,0,7.35046E+20,5.69258E+21,1.23745E+16,5.13358E+16
126770,126771,14,7,13,0,2016,10,8,6,2,0,1,0,0,1,1,0,0,0,0,7.36698E+20,5.6898E+21,1.23964E+16,5.13102E+16
126771,126772,14,5,21,710,2016,10,11,2,2,6,4,0,1,0,1,1,0,0,0,7.69079E+20,5.61578E+21,1.28052E+16,5.06317E+16
126772,126773,14,5,11,0,2016,10,12,2,3,5,3,0,0,0,1,0,0,0,0,7.74139E+20,5.63562E+21,1.28913E+16,5.08074E+16
126773,126774,14,6,12,0,2016,10,8,3,3,5,3,0,1,1,1,0,0,0,0,8.33292E+20,5.66672E+21,1.37566E+16,5.10551E+16
126774,126775,14,5,11,0,2016,10,6,6,3,9,1,1,0,0,1,0,0,0,0,7.74631E+20,5.63579E+21,1.28984E+16,5.08087E+16
126775,126776,14,5,11,0,2016,10,7,6,3,6,2,0,1,0,1,1,0,0,0,7.74723E+20,5.63841E+21,1.29017E+16,5.08321E+16
126776,126777,14,6,12,0,2016,10,9,5,3,0,7,0,0,0,1,0,0,0,1,8.30649E+20,5.66984E+21,1.37219E+16,5.10846E+16
126777,126778,14,6,12,0,2016,10,20,2,3,1,1,2,0,0,1,0,0,0,0,8.37643E+20,5.6654E+21,1.38172E+16,5.10407E+16
126778,126779,14,6,25,240,2016,11,12,3,3,3,6,0,0,1,0,0,0,0,0,8.65164E+20,5.71173E+21,1.42554E+16,5.14388E+16
126779,126780,14,6,12,0,2016,10,11,6,3,5,3,0,0,0,1,0,0,0,1,8.38197E+20,5.66124E+21,1.38212E+16,5.10031E+16
126780,126781,14,6,28,110,2016,10,16,1,2,0,2,0,0,0,1,0,1,0,0,8.26593E+20,5.66137E+21,1.36565E+16,5.1011E+16
126781,126782,14,5,11,0,2016,10,11,2,3,5,2,0,0,0,1,0,0,0,0,7.75418E+20,5.63449E+21,1.29086E+16,5.07966E+16
126782,126783,14,7,29,260,2016,10,11,4,3,4,2,0,0,1,1,0,0,0,0,7.34561E+20,5.6867E+21,1.23637E+16,5.12833E+16
126783,126784,14,6,12,0,2016,10,11,1,2,5,3,0,0,1,1,0,0,0,0,8.35275E+20,5.66597E+21,1.37841E+16,5.10472E+16
126784,126785,14,5,24,80,2016,10,0,2,2,8,1,2,0,1,0,0,0,0,0,7.49434E+20,5.63631E+21,1.25419E+16,5.08247E+16
126785,126786,14,7,13,0,2016,10,15,4,3,4,2,0,0,0,1,0,0,0,0,7.36539E+20,5.69028E+21,1.23944E+16,5.13146E+16
126786,126787,14,6,25,480,2016,10,11,6,3,5,3,0,0,0,1,0,0,0,0,8.43998E+20,5.67586E+21,1.39175E+16,5.11307E+16
126787,126788,14,5,22,20,2016,10,14,1,2,0,6,0,1,1,0,0,1,0,0,7.88674E+20,5.63739E+21,1.30985E+16,5.08162E+16
126788,126789,14,5,11,0,2016,10,6,6,3,0,1,2,1,1,0,0,0,0,0,7.74869E+20,5.63895E+21,1.29042E+16,5.08369E+16
126789,126790,14,6,12,0,2016,10,19,3,3,6,2,2,1,0,1,1,0,0,0,8.34934E+20,5.6638E+21,1.37772E+16,5.1028E+16
126790,126791,14,6,26,480,2016,10,7,4,3,0,7,0,0,0,0,0,0,0,1,9.1583E+20,5.70347E+21,1.49709E+16,5.133E+16
126791,126792,14,7,13,0,2016,10,14,1,3,2,2,0,0,0,1,0,0,0,0,7.33967E+20,5.69529E+21,1.23609E+16,5.13607E+16
126792,126793,14,5,21,530,2016,11,15,3,3,8,1,0,0,0,0,0,1,0,0,7.57772E+20,5.61193E+21,1.2643E+16,5.06022E+16
126793,126794,14,5,24,80,2016,10,12,7,3,6,4,0,1,0,1,1,0,0,0,7.50144E+20,5.63574E+21,1.25515E+16,5.08192E+16
126794,126795,14,5,21,550,2016,10,9,2,2,5,3,0,0,0,1,0,1,0,0,7.67642E+20,5.60733E+21,1.27788E+16,5.05565E+16
126795,126796,14,6,25,570,2016,10,14,4,3,4,1,0,1,0,1,0,0,0,1,8.75905E+20,5.71956E+21,1.44175E+16,5.15018E+16
126796,126797,14,5,23,360,2016,10,12,5,3,1,5,0,1,0,1,0,0,0,0,7.4137E+20,5.60316E+21,1.24059E+16,5.05305E+16
126797,126798,14,6,12,0,2016,10,12,3,2,0,3,0,1,1,0,0,1,0,0,8.36082E+20,5.66311E+21,1.37929E+16,5.10211E+16
126798,126799,14,5,11,0,2016,10,15,6,3,5,3,0,0,0,1,0,0,0,0,7.786E+20,5.63871E+21,1.29568E+16,5.0833E+16
126799,126800,14,6,12,0,2016,10,17,3,3,6,4,1,1,0,1,1,0,0,0,8.30375E+20,5.66668E+21,1.37151E+16,5.10564E+16
126800,126801,14,6,28,270,2016,10,12,4,3,5,3,0,1,0,1,0,0,0,1,8.4633E+20,5.65599E+21,1.39317E+16,5.09513E+16
126801,126802,14,6,28,270,2016,10,10,4,2,8,1,0,1,0,0,0,1,0,0,8.46728E+20,5.66221E+21,1.39433E+16,5.10068E+16
126802,126803,14,6,27,230,2016,10,7,4,3,5,2,0,1,1,1,0,0,0,0,8.00312E+20,5.692E+21,1.33085E+16,5.13E+16
126803,126804,14,6,12,0,2016,10,16,1,3,5,3,0,0,1,1,0,0,0,0,8.34693E+20,5.66737E+21,1.37771E+16,5.10601E+16
126804,126805,14,7,30,310,2016,10,1,2,3,2,6,2,0,1,0,0,0,0,0,7.7713E+20,5.71969E+21,1.29985E+16,5.15601E+16
126805,126806,14,5,23,340,2016,10,21,7,2,5,3,2,1,0,1,0,0,0,0,7.33608E+20,5.61335E+21,1.2303E+16,5.06252E+16
126806,126807,14,5,24,160,2016,10,16,1,3,6,2,0,0,0,1,1,0,0,0,7.55402E+20,5.62964E+21,1.26218E+16,5.07622E+16
126807,126808,14,6,12,0,2016,10,15,4,3,2,6,0,0,0,1,0,0,0,0,8.33061E+20,5.66911E+21,1.37555E+16,5.10767E+16
126808,126809,14,5,24,330,2016,10,2,5,3,0,1,2,0,0,1,0,1,0,0,7.4537E+20,5.62878E+21,1.24792E+16,5.07589E+16
126809,126810,14,5,22,180,2016,10,19,3,3,5,3,2,1,0,1,0,0,0,0,8.0619E+20,5.64984E+21,1.33568E+16,5.09188E+16
126810,126811,14,7,13,0,2016,10,15,5,3,5,3,0,0,1,1,0,0,0,0,7.32894E+20,5.69835E+21,1.23475E+16,5.13885E+16
126811,126812,14,7,30,310,2016,10,11,5,3,0,7,0,1,1,1,0,0,0,0,7.77352E+20,5.71976E+21,1.30017E+16,5.15606E+16
126812,126813,14,6,12,0,2016,10,11,5,3,2,2,0,0,1,1,0,0,0,0,8.34285E+20,5.66355E+21,1.37678E+16,5.10261E+16
126813,126814,14,6,12,0,2016,10,18,4,3,4,6,2,0,1,1,0,0,0,0,8.32773E+20,5.6685E+21,1.37508E+16,5.10713E+16
126814,126815,14,6,12,0,2016,10,15,6,3,5,3,0,1,1,1,0,0,0,0,8.33946E+20,5.67485E+21,1.37734E+16,5.11275E+16
126815,126816,14,6,12,0,2016,10,7,4,3,7,7,0,1,0,0,0,1,0,0,8.29346E+20,5.66456E+21,1.36985E+16,5.1038E+16
126816,126817,14,5,22,440,2016,10,18,7,2,6,4,2,0,0,1,1,0,0,0,7.9376E+20,5.64244E+21,1.31745E+16,5.08589E+16
126817,126818,14,7,29,430,2016,10,18,7,3,5,3,2,0,1,1,0,0,0,0,7.32505E+20,5.67992E+21,1.23299E+16,5.12232E+16
126818,126819,14,7,13,0,2016,10,3,1,2,8,1,2,0,0,1,0,0,0,0,7.35623E+20,5.69092E+21,1.23817E+16,5.13207E+16
126819,126820,14,6,12,0,2016,10,17,4,3,6,4,0,0,0,1,1,0,0,0,8.35884E+20,5.66231E+21,1.37894E+16,5.1014E+16
126820,126821,14,6,26,110,2016,10,20,7,3,8,1,2,1,0,1,0,0,0,0,9.17632E+20,5.68109E+21,1.49706E+16,5.11286E+16
126821,126822,14,7,13,0,2016,10,19,7,3,5,3,2,1,1,1,0,0,0,0,7.33069E+20,5.69153E+21,1.23455E+16,5.13272E+16
126822,126823,14,6,12,0,2016,10,13,1,2,5,3,0,0,0,1,0,0,0,0,8.37413E+20,5.66234E+21,1.38111E+16,5.10134E+16
126823,126824,14,7,30,70,2016,10,11,5,3,5,3,0,0,1,1,0,0,0,0,7.31326E+20,5.71414E+21,1.23353E+16,5.15309E+16
126824,126825,14,5,11,0,2016,10,16,3,3,6,7,0,1,1,0,1,0,0,0,7.75553E+20,5.63716E+21,1.29125E+16,5.08205E+16
126825,126826,14,7,13,0,2016,10,16,5,2,3,6,0,0,0,1,0,1,0,0,7.31186E+20,5.69193E+21,1.23188E+16,5.13316E+16
126826,126827,14,7,13,0,2016,10,7,5,3,3,2,1,0,1,1,0,0,0,0,7.34394E+20,5.69154E+21,1.23645E+16,5.13267E+16
126827,126828,14,6,12,0,2016,10,15,5,2,0,1,0,0,1,0,0,0,0,0,8.33296E+20,5.66735E+21,1.37572E+16,5.10607E+16
126828,126829,14,6,12,0,2016,10,19,6,3,5,3,2,1,0,1,0,1,0,0,8.3699E+20,5.66587E+21,1.38084E+16,5.10453E+16
126829,126830,14,6,12,0,2016,10,7,3,2,6,4,0,0,0,1,1,0,0,0,8.31454E+20,5.66556E+21,1.37294E+16,5.10457E+16
126830,126831,14,6,12,0,2016,10,8,4,3,3,6,0,0,1,1,0,0,0,0,8.31392E+20,5.66617E+21,1.37291E+16,5.10512E+16
126831,126832,14,7,13,0,2016,10,15,6,3,5,3,0,1,1,1,0,0,0,0,7.37235E+20,5.69269E+21,1.2406E+16,5.1336E+16
126832,126833,14,7,13,0,2016,10,12,7,3,2,6,0,1,0,1,0,0,0,0,7.37393E+20,5.69288E+21,1.24084E+16,5.13375E+16
126833,126834,14,5,22,300,2016,10,19,1,3,6,7,2,0,0,1,1,0,0,0,7.84269E+20,5.66273E+21,1.30558E+16,5.10456E+16
126834,126835,14,7,13,0,2016,10,19,5,3,3,2,2,1,1,1,0,0,0,0,7.38442E+20,5.69093E+21,1.24221E+16,5.13196E+16
126835,126836,14,5,24,330,2016,10,18,2,3,8,1,2,1,0,1,0,0,0,0,7.47067E+20,5.61926E+21,1.24969E+16,5.06726E+16
126836,126837,14,7,13,0,2016,10,14,5,3,5,3,0,0,0,1,0,0,0,0,7.38114E+20,5.69276E+21,1.24186E+16,5.13361E+16
126837,126838,14,6,12,0,2016,10,9,2,3,5,3,0,0,0,1,0,0,0,0,8.35468E+20,5.66422E+21,1.37852E+16,5.10314E+16
126838,126839,14,5,23,320,2016,10,12,2,3,0,7,0,1,1,1,0,0,0,0,7.22914E+20,5.59858E+21,1.21432E+16,5.04967E+16
126839,126840,14,7,13,0,2016,10,11,5,3,4,5,0,0,0,0,0,0,0,1,7.37923E+20,5.69753E+21,1.24191E+16,5.13791E+16
126840,126841,14,7,13,0,2016,10,18,5,3,4,2,1,1,1,1,0,0,0,0,7.34281E+20,5.69551E+21,1.23655E+16,5.13624E+16
126841,126842,14,6,12,0,2016,10,15,5,3,5,3,0,0,1,1,0,0,0,0,8.36049E+20,5.66544E+21,1.37946E+16,5.1042E+16
126842,126843,14,6,12,0,2016,10,20,2,3,2,6,2,0,0,1,0,0,0,0,8.32732E+20,5.66851E+21,1.37503E+16,5.10715E+16
126843,126844,14,5,11,0,2016,10,14,1,3,9,1,0,0,0,1,0,0,0,0,7.80262E+20,5.64058E+21,1.29818E+16,5.08489E+16
126844,126845,14,6,12,0,2016,10,9,4,3,2,6,0,1,0,1,0,0,0,1,8.34717E+20,5.66438E+21,1.37747E+16,5.10333E+16
126845,126846,14,6,28,270,2016,10,11,6,3,3,6,0,0,1,1,0,0,0,0,8.49363E+20,5.65688E+21,1.39756E+16,5.09573E+16
126846,126847,14,7,13,0,2016,10,18,7,3,2,6,2,0,0,1,0,0,0,0,7.35024E+20,5.69353E+21,1.23748E+16,5.13444E+16
126847,126848,14,7,13,0,2016,10,13,5,3,1,5,0,0,1,1,0,0,0,0,7.3358E+20,5.69573E+21,1.23556E+16,5.13647E+16
126848,126849,14,7,13,0,2016,10,15,2,3,3,6,0,1,0,1,0,0,0,0,7.37182E+20,5.69372E+21,1.24059E+16,5.13452E+16
126849,126850,14,6,12,0,2016,10,21,4,3,0,6,2,0,0,1,0,1,0,0,8.36805E+20,5.66322E+21,1.38033E+16,5.10216E+16
126850,126851,14,6,12,0,2016,10,20,4,3,3,2,2,0,1,1,0,0,0,0,8.32931E+20,5.66453E+21,1.37494E+16,5.10357E+16
126851,126852,14,6,25,20,2016,10,14,1,3,4,6,0,0,1,0,1,0,0,0,8.79031E+20,5.68421E+21,1.44248E+16,5.11833E+16
126852,126853,14,5,11,0,2016,11,15,3,3,0,7,0,0,0,0,0,0,0,1,7.76194E+20,5.63844E+21,1.29225E+16,5.08316E+16
126853,126854,14,7,13,0,2016,10,15,7,3,3,2,0,1,1,1,0,0,0,0,7.35756E+20,5.69287E+21,1.23849E+16,5.13381E+16
126854,126855,14,5,11,0,2016,10,16,1,2,6,6,0,0,0,1,1,0,0,0,7.77807E+20,5.63954E+21,1.29462E+16,5.08407E+16
126855,126856,14,6,12,0,2016,10,13,4,3,1,1,0,0,0,1,0,0,0,0,8.35352E+20,5.66743E+21,1.37865E+16,5.10602E+16
126856,126857,14,7,30,70,2016,10,16,5,3,1,1,0,1,1,1,0,0,0,0,7.31372E+20,5.71355E+21,1.23356E+16,5.15256E+16
126857,126858,14,7,13,0,2016,10,19,2,3,5,3,2,1,1,1,0,0,0,0,7.34824E+20,5.69282E+21,1.23715E+16,5.13381E+16
126858,126859,14,6,12,0,2016,11,15,3,3,5,2,0,0,1,1,0,0,0,0,8.29828E+20,5.66967E+21,1.371E+16,5.10835E+16
126859,126860,14,7,13,0,2016,10,17,7,3,5,3,1,1,1,1,0,0,0,0,7.32275E+20,5.69063E+21,1.23336E+16,5.13195E+16
126860,126861,14,5,11,0,2016,10,14,1,3,5,3,0,0,1,0,0,0,0,0,7.73814E+20,5.6433E+21,1.28925E+16,5.08764E+16
126861,126862,14,5,11,0,2016,10,17,4,3,5,3,1,0,1,1,0,0,0,0,7.76425E+20,5.63993E+21,1.29269E+16,5.08449E+16
126862,126863,14,7,13,0,2016,10,19,7,3,1,5,2,0,1,1,0,0,0,0,7.34724E+20,5.69052E+21,1.23686E+16,5.13175E+16
126863,126864,14,7,13,0,2016,10,12,5,3,5,3,0,0,1,1,0,0,0,0,7.36343E+20,5.69276E+21,1.23932E+16,5.13369E+16
126864,126865,14,6,12,0,2016,10,12,4,3,4,6,0,0,1,0,0,0,0,0,8.31976E+20,5.66624E+21,1.37374E+16,5.10515E+16
126865,126866,14,5,23,320,2016,10,7,3,3,6,4,2,0,0,1,1,0,0,0,7.21644E+20,5.59842E+21,1.21252E+16,5.04958E+16
126866,126867,14,7,13,0,2016,10,9,7,3,5,3,0,1,1,1,0,0,0,0,7.35389E+20,5.6913E+21,1.23786E+16,5.13242E+16
126867,126868,14,7,13,0,2016,10,13,7,2,5,3,0,1,0,1,0,0,0,0,7.3525E+20,5.68891E+21,1.2375E+16,5.13028E+16
126868,126869,14,5,23,330,2016,10,17,7,3,8,7,0,0,1,0,0,0,0,0,7.28795E+20,5.60666E+21,1.2231E+16,5.0567E+16
126869,126870,14,7,13,0,2016,10,8,5,3,5,3,1,0,0,0,0,0,1,1,7.34606E+20,5.69245E+21,1.23681E+16,5.13349E+16
126870,126871,14,7,13,0,2016,10,16,2,3,5,3,0,1,0,1,0,0,0,0,7.29707E+20,5.69034E+21,1.22966E+16,5.13179E+16
126871,126872,14,6,25,430,2016,10,6,5,3,4,6,1,1,0,0,0,1,0,1,8.37643E+20,5.68094E+21,1.38317E+16,5.118E+16
126872,126873,14,7,13,0,2016,10,7,5,3,4,2,1,0,0,1,0,1,0,0,7.31485E+20,5.68873E+21,1.2321E+16,5.13028E+16
126873,126874,14,6,12,0,2016,10,12,5,3,2,2,0,0,0,1,0,0,0,0,8.35132E+20,5.66415E+21,1.37804E+16,5.1031E+16
126874,126875,14,6,12,0,2016,10,15,4,3,5,3,0,1,0,1,0,0,0,0,8.36996E+20,5.66546E+21,1.38081E+16,5.10417E+16
126875,126876,14,7,13,0,2016,10,16,5,3,3,2,0,1,1,0,0,0,0,0,7.36346E+20,5.69442E+21,1.23944E+16,5.13518E+16
126876,126877,14,5,11,0,2016,10,16,5,3,5,3,0,0,0,1,0,0,0,0,7.77144E+20,5.63808E+21,1.29357E+16,5.0828E+16
126877,126878,14,7,13,0,2016,10,10,2,3,5,3,0,0,1,1,0,0,0,0,7.37931E+20,5.69248E+21,1.24158E+16,5.13338E+16
126878,126879,14,6,12,0,2016,10,15,4,3,5,3,0,0,0,1,0,0,0,0,8.38227E+20,5.66213E+21,1.38225E+16,5.10111E+16
126879,126880,14,7,13,0,2016,10,18,3,3,2,2,1,0,0,1,0,0,0,0,7.34181E+20,5.6929E+21,1.23623E+16,5.13391E+16
126880,126881,14,6,12,0,2016,10,15,7,3,0,5,0,0,1,0,0,0,0,1,8.34214E+20,5.66239E+21,1.37657E+16,5.10157E+16
126881,126882,14,6,25,20,2016,10,9,7,2,5,3,0,0,1,1,0,0,0,0,8.78396E+20,5.68384E+21,1.44154E+16,5.11804E+16
126882,126883,14,7,13,0,2016,10,15,7,3,4,2,0,0,0,1,0,0,0,0,7.37776E+20,5.69374E+21,1.24144E+16,5.13451E+16
126883,126884,14,7,13,0,2016,10,15,2,3,2,6,0,1,0,1,0,0,0,1,7.36122E+20,5.6993E+21,1.23944E+16,5.13957E+16
126884,126885,14,6,28,160,2016,10,10,5,3,9,1,0,1,0,1,0,0,0,0,8.42766E+20,5.65705E+21,1.38822E+16,5.09629E+16
126885,126886,14,7,13,0,2016,10,14,5,3,0,7,0,0,0,1,0,0,0,1,7.34566E+20,5.69214E+21,1.23674E+16,5.13321E+16