FID,OBJECTID,ULAND,UREGBEZ,UKREIS,UGEMEINDE,UJAHR,UMONAT,USTUNDE,UWOCHENTAG,UKATEGORIE,UART,UTYP1,ULICHTVERH,IstStrasse,IstRad,IstPKW,IstFuss,IstKrad,IstGkfz,IstSonstig,LINREFX,LINREFY,XGCSWGS84,YGCSWGS84
126886,126887,14,5,21,380,2016,10,14,5,3,0,6,0,0,1,1,0,0,0,0,7.64441E+20,5.62792E+21,1.27484E+16,5.07427E+16
126887,126888,14,7,29,270,2016,10,12,2,3,6,7,0,0,0,1,1,0,0,0,7.2287E+20,5.68844E+21,1.21974E+16,5.13035E+16
126888,126889,14,6,12,0,2016,10,21,6,3,0,7,2,1,0,1,0,0,0,0,8.34877E+20,5.66586E+21,1.37783E+16,5.10465E+16
126889,126890,14,5,24,30,2016,10,11,2,3,5,3,0,0,0,1,0,0,0,0,7.38805E+20,5.63335E+21,1.23893E+16,5.08026E+16
126890,126891,14,7,13,0,2016,10,7,3,3,1,6,1,1,0,1,0,1,0,0,7.34806E+20,5.69258E+21,1.23711E+16,5.13359E+16
126891,126892,14,6,26,600,2016,10,10,6,3,3,2,0,0,1,1,0,0,0,0,8.91572E+20,5.72064E+21,1.46434E+16,5.15009E+16
126892,126893,14,6,28,240,2016,10,3,7,3,8,1,2,1,0,1,0,0,0,0,8.50623E+20,5.66042E+21,1.39969E+16,5.09883E+16
126893,126894,14,6,12,0,2016,10,18,6,2,2,6,2,1,0,1,0,1,0,0,8.36933E+20,5.66569E+21,1.38074E+16,5.10437E+16
126894,126895,14,7,13,0,2016,10,10,3,3,9,1,0,1,1,0,0,0,0,0,7.35183E+20,5.68896E+21,1.23741E+16,5.13033E+16
126895,126896,14,7,13,0,2016,10,17,6,3,2,6,2,1,0,1,0,1,0,0,7.42296E+20,5.69296E+21,1.24787E+16,5.13362E+16
126896,126897,14,6,12,0,2016,10,9,7,3,5,3,0,0,1,1,0,0,0,0,8.3823E+20,5.66213E+21,1.38225E+16,5.10111E+16
126897,126898,14,7,13,0,2016,10,18,7,2,4,2,2,1,0,1,0,1,0,0,7.40593E+20,5.69158E+21,1.24533E+16,5.13246E+16
126898,126899,14,7,13,0,2016,10,17,2,3,5,3,1,1,0,1,0,0,0,0,7.34531E+20,5.69363E+21,1.23678E+16,5.13454E+16
126899,126900,14,6,28,160,2016,10,8,5,3,5,3,0,1,1,1,0,0,0,0,8.41946E+20,5.65864E+21,1.3872E+16,5.09776E+16
126900,126901,14,6,25,200,2016,10,14,5,3,4,2,0,0,0,1,0,1,0,0,8.51613E+20,5.67784E+21,1.40278E+16,5.11437E+16
126901,126902,14,5,24,300,2016,10,15,4,3,5,3,0,0,1,1,0,0,0,0,7.38155E+20,5.62443E+21,1.23743E+16,5.07227E+16
126902,126903,14,6,12,0,2016,10,12,2,3,5,3,0,0,0,1,0,1,0,0,8.36518E+20,5.66593E+21,1.38017E+16,5.10462E+16
126903,126904,14,7,13,0,2016,11,12,3,3,5,3,0,0,1,1,0,0,0,0,7.36041E+20,5.69779E+21,1.23922E+16,5.13822E+16
126904,126905,14,7,13,0,2016,10,19,7,3,5,3,2,0,0,1,0,0,0,0,7.33033E+20,5.69575E+21,1.23478E+16,5.13651E+16
126905,126906,14,7,13,0,2016,10,9,3,3,5,3,0,1,0,1,0,0,0,0,7.35318E+20,5.69453E+21,1.23797E+16,5.13532E+16
126906,126907,14,6,12,0,2016,10,15,7,3,3,6,0,1,1,1,0,0,0,0,8.32994E+20,5.66787E+21,1.37534E+16,5.10656E+16
126907,126908,14,6,25,240,2016,10,10,5,3,2,6,0,1,0,1,0,0,0,1,8.65593E+20,5.71189E+21,1.42617E+16,5.144E+16
126908,126909,14,6,12,0,2016,10,7,4,3,2,6,1,1,0,1,0,0,0,0,8.30932E+20,5.66671E+21,1.3723E+16,5.10563E+16
126909,126910,14,6,25,240,2016,10,14,5,3,1,5,0,0,0,0,0,1,0,1,8.63491E+20,5.71138E+21,1.4231E+16,5.14367E+16
126910,126911,14,7,13,0,2016,10,19,2,2,6,2,2,1,0,1,1,0,0,0,7.42291E+20,5.69403E+21,1.24793E+16,5.13458E+16
126911,126912,14,6,28,410,2016,10,11,5,3,5,3,0,1,0,1,0,1,0,0,8.22559E+20,5.6635E+21,1.36011E+16,5.10323E+16
126912,126913,14,6,12,0,2016,10,20,5,3,1,5,2,1,0,1,0,0,0,0,8.41024E+20,5.66138E+21,1.38615E+16,5.10026E+16
126913,126914,14,5,24,300,2016,10,16,1,3,2,6,2,0,0,1,0,0,0,0,7.37051E+20,5.62919E+21,1.23618E+16,5.0766E+16
126914,126915,14,5,22,180,2016,11,9,3,3,0,1,0,0,0,1,0,0,0,0,8.0422E+20,5.64536E+21,1.33252E+16,5.08797E+16
126915,126916,14,6,12,0,2016,10,14,7,3,5,2,0,1,0,1,0,0,0,0,8.33605E+20,5.66438E+21,1.37589E+16,5.10339E+16
126916,126917,14,7,13,0,2016,10,14,7,3,0,7,0,0,0,0,0,0,0,1,7.41838E+20,5.69546E+21,1.24738E+16,5.13589E+16
126917,126918,14,7,13,0,2016,10,17,3,3,5,3,0,0,1,1,0,0,0,0,7.3453E+20,5.69494E+21,1.23687E+16,5.13573E+16
126918,126919,14,7,13,0,2016,10,19,5,3,1,5,2,0,1,1,0,0,0,0,7.35168E+20,5.69343E+21,1.23768E+16,5.13434E+16
126919,126920,14,6,12,0,2016,10,6,5,3,3,6,2,0,1,1,0,0,0,0,8.34527E+20,5.66582E+21,1.37733E+16,5.10463E+16
126920,126921,14,7,29,260,2016,10,17,2,3,1,5,1,1,1,1,0,0,0,0,7.34395E+20,5.68642E+21,1.23612E+16,5.12808E+16
126921,126922,14,5,11,0,2016,10,12,4,3,0,1,0,1,0,0,0,1,0,0,7.77705E+20,5.63739E+21,1.29431E+16,5.08215E+16
126922,126923,14,7,13,0,2016,10,16,3,2,5,3,0,0,0,1,0,0,0,0,7.32775E+20,5.69135E+21,1.23412E+16,5.13258E+16
126923,126924,14,6,26,370,2016,10,10,7,2,3,2,0,0,0,1,0,1,0,0,9.05897E+20,5.6998E+21,1.48249E+16,5.13043E+16
126924,126925,14,5,22,490,2016,10,16,7,3,5,3,0,1,1,1,0,0,0,0,7.6597E+20,5.66266E+21,1.27954E+16,5.10537E+16
126925,126926,14,6,26,600,2016,10,9,7,3,4,2,0,0,1,1,0,0,0,0,8.91779E+20,5.72038E+21,1.46461E+16,5.14984E+16
126926,126927,14,7,13,0,2016,10,10,3,3,6,4,0,1,0,1,1,0,0,0,7.31273E+20,5.69329E+21,1.23209E+16,5.13437E+16
126927,126928,14,6,12,0,2016,10,19,1,3,5,2,2,0,0,1,0,0,0,1,8.29031E+20,5.66947E+21,1.36985E+16,5.10822E+16
126928,126929,14,5,11,0,2016,11,16,3,2,6,4,2,0,0,0,1,0,0,1,7.73408E+20,5.63309E+21,1.28791E+16,5.0785E+16
126929,126930,14,5,11,0,2016,10,19,7,3,8,1,2,1,0,1,0,0,0,0,7.72949E+20,5.63605E+21,1.28748E+16,5.08118E+16
126930,126931,14,6,27,140,2016,10,13,7,3,5,3,0,1,0,1,0,0,0,0,8.13289E+20,5.67803E+21,1.34819E+16,5.11677E+16
126931,126932,14,6,26,30,2016,10,13,3,3,6,4,0,0,1,0,1,0,0,0,9.08248E+20,5.67155E+21,1.48264E+16,5.10499E+16
126932,126933,14,7,13,0,2016,10,18,5,3,4,2,2,0,1,1,0,0,0,0,7.3141E+20,5.69163E+21,1.23218E+16,5.13288E+16
126933,126934,14,7,13,0,2016,10,19,2,3,5,3,2,1,1,1,0,0,0,0,7.38044E+20,5.69116E+21,1.24165E+16,5.13219E+16
126934,126935,14,6,12,0,2016,10,18,5,3,1,2,2,0,0,1,0,0,0,0,8.31397E+20,5.66614E+21,1.37291E+16,5.10509E+16
126935,126936,14,5,24,250,2016,10,18,4,3,0,7,2,0,0,1,0,1,0,0,7.50193E+20,5.62082E+21,1.25421E+16,5.06853E+16
126936,126937,14,5,11,0,2016,10,7,4,3,6,2,1,1,0,1,1,0,0,0,7.73821E+20,5.64149E+21,1.28912E+16,5.08602E+16
126937,126938,14,6,25,240,2016,10,10,3,2,9,1,0,0,0,1,0,0,0,0,8.61021E+20,5.7096E+21,1.41938E+16,5.14223E+16
126938,126939,14,5,22,140,2016,10,10,7,3,5,2,0,0,0,1,0,0,0,0,7.86151E+20,5.64238E+21,1.30666E+16,5.08621E+16
126939,126940,14,6,12,0,2016,10,15,7,3,5,2,0,0,0,1,0,0,0,0,8.31118E+20,5.66449E+21,1.37236E+16,5.10363E+16
126940,126941,14,7,13,0,2016,10,15,2,3,3,2,0,1,1,1,0,0,0,0,7.37085E+20,5.68955E+21,1.24017E+16,5.13078E+16
126941,126942,14,6,12,0,2016,10,14,5,3,6,4,0,0,0,0,1,0,1,0,8.31532E+20,5.66642E+21,1.37313E+16,5.10534E+16
126942,126943,14,6,12,0,2016,10,10,5,3,0,7,0,1,0,1,0,0,0,0,8.3446E+20,5.66711E+21,1.37736E+16,5.10579E+16
126943,126944,14,7,13,0,2016,10,7,5,3,5,3,1,0,1,1,0,0,0,0,7.34754E+20,5.69132E+21,1.23695E+16,5.13246E+16
126944,126945,14,7,13,0,2016,10,17,2,2,3,2,0,1,1,1,0,0,0,0,7.36968E+20,5.6927E+21,1.24021E+16,5.13361E+16
126945,126946,14,6,12,0,2016,10,11,5,3,5,3,0,1,0,1,0,0,0,0,8.35798E+20,5.66736E+21,1.37928E+16,5.10593E+16
126946,126947,14,6,12,0,2016,10,9,5,3,5,3,0,0,0,1,0,0,0,1,8.36283E+20,5.66708E+21,1.37995E+16,5.10566E+16
126947,126948,14,7,30,70,2016,10,15,4,3,0,5,0,0,0,1,0,0,0,1,7.32282E+20,5.71349E+21,1.23486E+16,5.15246E+16
126948,126949,14,6,12,0,2016,10,13,6,2,5,2,0,0,1,1,0,0,0,0,8.31385E+20,5.66595E+21,1.37288E+16,5.10493E+16
126949,126950,14,6,12,0,2016,10,13,3,3,5,3,0,0,1,1,0,0,0,0,8.35425E+20,5.6673E+21,1.37875E+16,5.10591E+16
126950,126951,14,6,26,110,2016,10,9,3,2,0,1,0,0,1,0,0,0,0,0,9.18667E+20,5.68698E+21,1.49921E+16,5.11805E+16
126951,126952,14,7,13,0,2016,10,14,6,3,3,2,0,1,0,1,0,0,0,1,7.27783E+20,5.68914E+21,1.22682E+16,5.13079E+16
126952,126953,14,5,24,210,2016,10,23,6,3,9,1,2,1,0,1,0,0,0,0,7.37519E+20,5.63348E+21,1.23712E+16,5.08043E+16
126953,126954,14,7,13,0,2016,10,14,6,3,6,4,0,0,0,1,1,0,0,0,7.37031E+20,5.69678E+21,1.24058E+16,5.13728E+16
126954,126955,14,5,11,0,2016,10,17,5,3,2,6,1,1,0,1,0,0,0,0,7.72688E+20,5.63595E+21,1.2871E+16,5.0811E+16
126955,126956,14,6,26,610,2016,10,7,2,2,6,4,1,1,0,1,1,0,0,0,9.08558E+20,5.65457E+21,1.48117E+16,5.08979E+16
126956,126957,14,6,12,0,2016,10,18,5,3,2,6,2,0,0,1,0,0,0,0,8.37092E+20,5.6668E+21,1.38107E+16,5.10536E+16
126957,126958,14,5,11,0,2016,10,12,5,3,2,6,0,0,0,1,0,0,0,0,7.75166E+20,5.63737E+21,1.29072E+16,5.08226E+16
126958,126959,14,7,13,0,2016,10,12,4,3,5,3,0,0,1,0,0,0,0,1,7.34474E+20,5.69261E+21,1.23663E+16,5.13363E+16
126959,126960,14,6,12,0,2016,10,15,2,2,6,4,0,0,0,1,1,0,0,0,8.30753E+20,5.67045E+21,1.37239E+16,5.109E+16
126960,126961,14,6,27,250,2016,11,21,3,2,9,7,2,1,0,1,0,0,0,0,8.28232E+20,5.69609E+21,1.37115E+16,5.13212E+16
126961,126962,14,5,23,300,2016,10,8,6,3,2,6,0,1,0,1,0,0,0,0,7.25401E+20,5.59106E+21,1.21737E+16,5.04282E+16
126962,126963,14,7,13,0,2016,10,13,6,3,2,6,0,0,0,1,0,0,0,0,7.38177E+20,5.6959E+21,1.24216E+16,5.13643E+16
126963,126964,14,6,28,160,2016,10,18,3,2,5,3,2,0,1,1,0,0,0,0,8.41952E+20,5.65729E+21,1.38708E+16,5.09655E+16
126964,126965,14,7,29,260,2016,10,7,4,3,5,3,0,1,1,1,0,0,0,0,7.34248E+20,5.68615E+21,1.23589E+16,5.12785E+16
126965,126966,14,6,12,0,2016,10,16,2,3,5,3,1,0,1,1,0,0,0,0,8.29291E+20,5.66217E+21,1.36956E+16,5.10166E+16
126966,126967,14,6,28,270,2016,10,17,3,3,5,3,1,0,1,0,0,0,0,0,8.46283E+20,5.65829E+21,1.39332E+16,5.09718E+16
126967,126968,14,6,27,230,2016,10,14,6,2,5,3,0,1,0,1,0,1,0,0,7.96807E+20,5.692E+21,1.32584E+16,5.13018E+16
126968,126969,14,5,23,340,2016,10,7,6,3,1,5,2,1,0,1,0,1,0,0,7.31348E+20,5.61229E+21,1.22704E+16,5.06165E+16
126969,126970,14,5,11,0,2016,10,18,5,3,6,4,1,1,1,0,1,0,0,0,7.7611E+20,5.63841E+21,1.29213E+16,5.08315E+16
126970,126971,14,6,25,480,2016,10,7,2,3,5,3,1,1,1,1,0,0,0,0,8.44169E+20,5.67376E+21,1.39179E+16,5.11117E+16
126971,126972,14,5,24,30,2016,10,11,3,3,5,3,0,0,0,1,0,0,0,0,7.38567E+20,5.63406E+21,1.23864E+16,5.08091E+16
126972,126973,14,7,13,0,2016,10,0,1,3,6,2,2,0,0,1,1,0,0,0,7.30536E+20,5.6915E+21,1.23092E+16,5.1328E+16
126973,126974,14,5,21,30,2016,11,7,3,2,5,3,0,0,1,1,0,0,0,0,7.62489E+20,5.61065E+21,1.27086E+16,5.05887E+16
126974,126975,14,5,24,330,2016,10,12,6,2,0,7,0,1,1,0,0,0,0,0,7.45811E+20,5.62611E+21,1.24837E+16,5.07346E+16
126975,126976,14,7,13,0,2016,10,13,6,2,5,3,0,0,1,0,0,1,0,0,7.35038E+20,5.69148E+21,1.23737E+16,5.1326E+16
126976,126977,14,6,12,0,2016,10,7,3,3,5,2,1,1,1,0,0,0,0,1,8.32615E+20,5.66854E+21,1.37486E+16,5.10717E+16
126977,126978,14,7,29,260,2016,10,17,5,3,5,3,0,0,0,1,0,0,0,0,7.3501E+20,5.68474E+21,1.23688E+16,5.12654E+16
126978,126979,14,6,25,240,2016,10,17,2,2,5,3,0,1,1,1,0,0,0,0,8.66057E+20,5.71129E+21,1.42677E+16,5.14343E+16
126979,126980,14,5,11,0,2016,10,16,5,3,6,3,0,1,1,0,1,0,0,0,7.75572E+20,5.6391E+21,1.29142E+16,5.08379E+16
126980,126981,14,6,26,370,2016,10,16,2,3,4,2,0,1,1,1,0,0,0,0,9.06731E+20,5.69912E+21,1.4836E+16,5.12977E+16
126981,126982,14,5,24,300,2016,10,16,3,2,0,7,0,0,0,1,0,0,0,0,7.37557E+20,5.62559E+21,1.23666E+16,5.07334E+16
126982,126983,14,7,13,0,2016,10,13,6,3,4,2,0,0,0,1,0,0,0,0,7.37883E+20,5.69385E+21,1.2416E+16,5.1346E+16
126983,126984,14,5,24,330,2016,10,16,4,3,2,2,0,0,0,1,0,1,0,0,7.46213E+20,5.62598E+21,1.24893E+16,5.07333E+16
126984,126985,14,7,30,230,2016,10,17,3,3,5,3,0,0,1,1,0,0,0,0,7.86385E+20,5.69108E+21,1.31085E+16,5.12989E+16
126985,126986,14,6,12,0,2016,10,8,3,3,1,3,0,1,1,1,0,0,0,0,8.37371E+20,5.67488E+21,1.38222E+16,5.11258E+16
126986,126987,14,6,12,0,2016,10,13,1,3,2,6,0,0,0,1,0,0,0,0,8.36368E+20,5.66347E+21,1.37973E+16,5.10242E+16
126987,126988,14,7,13,0,2016,10,17,2,2,6,4,2,0,0,1,1,0,0,0,7.34511E+20,5.69089E+21,1.23657E+16,5.13209E+16
126988,126989,14,7,13,0,2016,10,11,6,3,6,4,0,1,0,1,1,0,0,0,7.37452E+20,5.69698E+21,1.24119E+16,5.13743E+16
126989,126990,14,7,13,0,2016,10,15,6,3,0,7,0,0,0,1,0,0,0,0,7.30961E+20,5.69202E+21,1.23156E+16,5.13325E+16
126990,126991,14,7,13,0,2016,10,16,5,3,2,6,0,0,0,1,0,0,0,0,7.32125E+20,5.68836E+21,1.23299E+16,5.12992E+16
126991,126992,14,6,25,20,2016,10,12,2,3,3,2,0,0,1,1,0,0,0,0,8.80733E+20,5.68521E+21,1.44501E+16,5.11911E+16
126992,126993,14,6,12,0,2016,10,10,5,2,5,3,0,1,1,1,0,0,0,0,8.27281E+20,5.66466E+21,1.36692E+16,5.104E+16
126993,126994,14,5,24,330,2016,10,23,6,1,6,4,2,1,0,0,1,0,0,1,7.46893E+20,5.62492E+21,1.24982E+16,5.07235E+16
126994,126995,14,7,13,0,2016,11,10,5,3,5,3,0,0,0,1,0,0,0,0,7.36973E+20,5.69302E+21,1.24024E+16,5.1339E+16
126995,126996,14,7,13,0,2016,11,18,2,3,4,2,2,1,1,1,0,0,0,0,7.35044E+20,5.69089E+21,1.23734E+16,5.13207E+16
126996,126997,14,7,13,0,2016,11,14,4,3,5,3,0,0,0,1,0,0,0,0,7.35411E+20,5.69046E+21,1.23784E+16,5.13167E+16
126997,126998,14,6,26,50,2016,11,9,2,3,4,6,0,0,0,1,0,0,0,0,9.04849E+20,5.6544E+21,1.47591E+16,5.08989E+16
126998,126999,14,6,26,110,2016,11,16,6,2,6,4,2,0,1,0,1,0,0,0,9.1846E+20,5.68358E+21,1.49852E+16,5.11502E+16
126999,127000,14,7,13,0,2016,11,18,6,3,6,2,2,0,0,1,1,0,0,0,7.329E+20,5.69595E+21,1.2346E+16,5.13669E+16
127000,127001,14,6,12,0,2016,11,6,4,3,5,3,1,1,1,1,0,0,0,0,8.33483E+20,5.66356E+21,1.37564E+16,5.10267E+16
127001,127002,14,5,22,60,2016,11,9,5,2,3,6,0,1,1,1,0,0,0,0,7.67908E+20,5.64801E+21,1.28121E+16,5.09214E+16
127002,127003,14,6,25,220,2016,11,17,1,3,6,4,2,0,1,0,1,0,0,0,8.51186E+20,5.68833E+21,1.4032E+16,5.1238E+16
127003,127004,14,6,12,0,2016,11,15,5,2,5,3,0,0,0,1,0,0,0,0,8.368E+20,5.66323E+21,1.38032E+16,5.10217E+16
127004,127005,14,6,25,20,2016,11,6,6,3,5,3,2,1,1,1,0,0,0,0,8.79412E+20,5.68336E+21,1.44293E+16,5.11754E+16
127005,127006,14,7,13,0,2016,11,15,2,3,2,6,0,1,0,1,0,0,0,0,7.41885E+20,5.69299E+21,1.24728E+16,5.13366E+16
127006,127007,14,7,29,270,2016,11,18,4,3,2,6,1,1,0,1,0,0,0,0,7.24636E+20,5.68849E+21,1.22227E+16,5.13033E+16
127007,127008,14,6,25,240,2016,11,5,2,3,5,3,2,0,0,1,0,0,0,0,8.63482E+20,5.71126E+21,1.42308E+16,5.14356E+16
127008,127009,14,6,28,270,2016,11,8,6,3,5,3,0,1,0,1,0,0,0,0,8.46056E+20,5.65577E+21,1.39276E+16,5.09494E+16
127009,127010,14,7,13,0,2016,11,15,4,3,8,1,0,1,0,1,0,0,0,0,7.35825E+20,5.68897E+21,1.23833E+16,5.13031E+16
127010,127011,14,7,13,0,2016,11,17,6,3,5,2,2,0,1,1,0,0,0,0,7.34781E+20,5.6925E+21,1.23707E+16,5.13352E+16
127011,127012,14,6,26,110,2016,11,12,2,2,6,4,0,0,0,1,1,0,0,0,9.17834E+20,5.6835E+21,1.49762E+16,5.11499E+16
127012,127013,14,6,12,0,2016,11,8,6,3,5,3,0,0,1,1,0,0,0,0,8.33204E+20,5.66773E+21,1.37563E+16,5.10641E+16
127013,127014,14,6,26,110,2016,11,18,6,2,6,4,2,1,0,1,1,0,0,0,9.17743E+20,5.68515E+21,1.49768E+16,5.11648E+16
127014,127015,14,6,12,0,2016,11,15,4,3,6,4,0,1,0,1,1,0,0,0,8.32939E+20,5.66582E+21,1.37507E+16,5.10473E+16
127015,127016,14,6,25,40,2016,11,13,4,3,2,6,0,1,1,1,0,0,0,0,8.62692E+20,5.67601E+21,1.41837E+16,5.11205E+16
127016,127017,14,6,27,220,2016,11,11,1,3,4,6,0,0,1,1,0,0,0,0,8.30165E+20,5.68272E+21,1.37268E+16,5.12002E+16
127017,127018,14,6,27,230,2016,11,17,4,3,2,6,1,0,0,1,0,1,0,0,7.98315E+20,5.69143E+21,1.32795E+16,5.12959E+16
127018,127019,14,5,22,260,2016,11,7,5,3,8,1,0,2,0,1,0,0,0,0,7.6725E+20,5.64203E+21,1.27984E+16,5.08681E+16
127019,127020,14,6,12,0,2016,11,19,6,3,5,3,2,0,1,1,0,0,0,0,8.35445E+20,5.66473E+21,1.37854E+16,5.1036E+16
127020,127021,14,7,13,0,2016,11,17,2,3,3,5,2,1,1,1,0,0,0,0,7.34578E+20,5.69486E+21,1.23693E+16,5.13565E+16
127021,127022,14,6,28,270,2016,11,17,2,3,5,3,2,0,0,1,0,0,1,0,8.46667E+20,5.65695E+21,1.39374E+16,5.09596E+16
127022,127023,14,6,25,20,2016,11,17,4,2,6,4,1,1,0,1,1,0,0,0,8.80757E+20,5.68519E+21,1.44504E+16,5.1191E+16
127023,127024,14,6,12,0,2016,11,7,3,3,2,6,0,1,0,1,0,0,1,0,8.34707E+20,5.66737E+21,1.37773E+16,5.10601E+16
127024,127025,14,6,12,0,2016,11,15,6,3,1,5,0,0,0,1,0,0,0,0,8.29395E+20,5.66466E+21,1.36993E+16,5.10388E+16
127025,127026,14,7,13,0,2016,11,6,2,3,2,6,0,1,0,1,0,0,0,0,7.31872E+20,5.68817E+21,1.23262E+16,5.12976E+16
127026,127027,14,6,27,210,2016,11,6,4,3,5,3,1,1,0,1,0,0,0,0,8.26701E+20,5.67098E+21,1.36667E+16,5.10971E+16
127027,127028,14,5,22,180,2016,11,10,5,3,6,7,0,0,0,0,1,0,0,1,8.04251E+20,5.648E+21,1.33278E+16,5.09033E+16
127028,127029,14,6,12,0,2016,11,18,4,3,8,1,2,1,0,1,0,0,0,0,8.31248E+20,5.66897E+21,1.37296E+16,5.10764E+16
127029,127030,14,6,12,0,2016,11,6,4,3,5,3,2,1,1,1,0,0,0,0,8.33424E+20,5.66988E+21,1.37614E+16,5.10834E+16
127030,127031,14,5,24,80,2016,11,14,4,2,5,3,0,1,1,1,0,0,0,0,7.4938E+20,5.63783E+21,1.25421E+16,5.08384E+16
127031,127032,14,6,12,0,2016,11,17,2,2,0,1,2,0,1,0,0,0,0,0,8.28941E+20,5.67014E+21,1.36978E+16,5.10883E+16
127032,127033,14,6,12,0,2016,11,14,6,2,5,3,0,0,1,1,0,0,0,0,8.35659E+20,5.66485E+21,1.37885E+16,5.10369E+16
127033,127034,14,6,26,600,2016,11,7,2,3,5,3,1,1,1,1,0,0,0,0,8.90507E+20,5.72146E+21,1.4629E+16,5.15089E+16
127034,127035,14,6,12,0,2016,11,15,2,3,6,4,0,0,0,1,1,0,0,0,8.36244E+20,5.66153E+21,1.37937E+16,5.10068E+16
127035,127036,14,6,12,0,2016,11,19,4,3,6,4,2,1,0,1,1,0,0,0,8.35823E+20,5.66495E+21,1.37909E+16,5.10378E+16
127036,127037,14,6,25,100,2016,11,22,6,2,9,7,2,1,0,1,0,0,0,0,8.6565E+20,5.67923E+21,1.42291E+16,5.11474E+16
127037,127038,14,6,12,0,2016,11,14,3,3,5,3,0,0,0,1,0,0,0,0,8.35778E+20,5.66737E+21,1.37925E+16,5.10594E+16
127038,127039,14,5,11,0,2016,11,6,6,3,4,2,1,0,1,0,0,0,0,1,7.78444E+20,5.63368E+21,1.29508E+16,5.07879E+16
127039,127040,14,6,27,140,2016,11,7,2,3,5,3,0,1,0,1,0,0,0,0,8.13758E+20,5.67742E+21,1.3488E+16,5.1162E+16
127040,127041,14,6,12,0,2016,11,11,4,3,6,6,0,0,1,0,1,0,0,0,8.37993E+20,5.66472E+21,1.38216E+16,5.10344E+16
127041,127042,14,6,12,0,2016,11,12,2,3,0,5,0,0,1,1,0,0,0,0,8.34026E+20,5.66285E+21,1.37635E+16,5.102E+16
127042,127043,14,6,12,0,2016,11,8,6,3,2,5,0,0,0,1,0,0,0,1,8.31019E+20,5.6665E+21,1.37241E+16,5.10544E+16
127043,127044,14,6,26,110,2016,11,17,4,2,6,4,2,0,0,1,1,0,0,0,9.17948E+20,5.68518E+21,1.49798E+16,5.11649E+16
127044,127045,14,6,27,230,2016,11,11,6,3,5,3,0,0,1,1,0,0,0,0,7.97168E+20,5.69218E+21,1.32637E+16,5.13032E+16
127045,127046,14,6,12,0,2016,11,15,2,3,5,3,0,0,1,1,0,0,0,0,8.30841E+20,5.66435E+21,1.37196E+16,5.10352E+16
127046,127047,14,5,21,320,2016,11,22,6,3,8,1,2,2,0,1,0,0,0,0,7.64198E+20,5.59301E+21,1.27202E+16,5.04296E+16
127047,127048,14,6,12,0,2016,11,13,2,3,6,4,0,1,0,1,1,0,0,0,8.28478E+20,5.66656E+21,1.3688E+16,5.10564E+16
127048,127049,14,6,26,370,2016,11,14,4,3,3,2,0,0,1,1,0,0,0,0,9.06149E+20,5.69802E+21,1.48265E+16,5.12882E+16
127049,127050,14,6,12,0,2016,11,17,6,3,6,4,2,1,0,1,1,0,0,0,8.33736E+20,5.66371E+21,1.37601E+16,5.10279E+16
127050,127051,14,5,11,0,2016,11,18,4,2,6,4,2,1,0,1,1,0,0,0,7.76183E+20,5.6384E+21,1.29223E+16,5.08313E+16
127051,127052,14,6,12,0,2016,11,10,1,3,2,2,0,0,0,1,0,0,0,0,8.31463E+20,5.66897E+21,1.37326E+16,5.10763E+16
127052,127053,14,6,12,0,2016,11,19,6,3,5,3,2,1,0,1,0,0,0,0,8.32425E+20,5.66412E+21,1.37419E+16,5.10322E+16
127053,127054,14,5,22,360,2016,11,16,3,3,4,2,1,0,0,1,0,0,0,0,7.78777E+20,5.6565E+21,1.29729E+16,5.09925E+16
127054,127055,14,7,29,260,2016,11,13,5,3,6,4,0,0,0,1,1,0,0,0,7.34914E+20,5.68436E+21,1.23672E+16,5.12621E+16
127055,127056,14,6,12,0,2016,11,18,2,3,8,1,0,1,0,1,0,0,0,0,8.3337E+20,5.67872E+21,1.37688E+16,5.11626E+16
127056,127057,14,6,12,0,2016,11,16,4,3,5,3,2,1,1,1,0,0,0,0,8.32478E+20,5.66623E+21,1.37446E+16,5.10512E+16
127057,127058,14,5,11,0,2016,11,17,6,3,2,6,2,0,0,1,0,0,0,0,7.74698E+20,5.63915E+21,1.29019E+16,5.08388E+16
127058,127059,14,6,12,0,2016,11,14,6,3,5,3,0,1,1,1,0,0,0,0,8.36102E+20,5.66554E+21,1.37954E+16,5.10428E+16
127059,127060,14,6,12,0,2016,11,17,4,3,6,2,2,1,0,1,1,0,0,0,8.3257E+20,5.66599E+21,1.37457E+16,5.10489E+16