FID,OBJECTID,ULAND,UREGBEZ,UKREIS,UGEMEINDE,UJAHR,UMONAT,USTUNDE,UWOCHENTAG,UKATEGORIE,UART,UTYP1,ULICHTVERH,IstStrasse,IstRad,IstPKW,IstFuss,IstKrad,IstGkfz,IstSonstig,LINREFX,LINREFY,XGCSWGS84,YGCSWGS84
127060,127061,14,5,24,30,2016,11,10,3,3,6,4,0,0,0,1,1,0,0,0,7.38328E+20,5.63479E+21,1.23835E+16,5.08158E+16
127061,127062,14,6,12,0,2016,11,11,1,3,1,3,0,0,1,1,0,0,0,0,8.33091E+20,5.6647E+21,1.37519E+16,5.10371E+16
127062,127063,14,6,12,0,2016,11,16,4,3,5,3,0,0,1,1,0,0,0,0,8.32783E+20,5.66626E+21,1.37489E+16,5.10512E+16
127063,127064,14,5,21,620,2016,11,14,5,3,6,7,0,0,0,1,1,0,0,0,7.71654E+20,5.62304E+21,1.28468E+16,5.06956E+16
127064,127065,14,6,12,0,2016,11,9,4,3,0,1,0,1,1,0,0,0,0,0,8.34461E+20,5.66596E+21,1.37725E+16,5.10476E+16
127065,127066,14,5,23,320,2016,11,9,3,3,5,3,0,0,0,1,0,1,0,0,7.21909E+20,5.59821E+21,1.21288E+16,5.04938E+16
127066,127067,14,5,24,330,2016,11,18,7,3,2,6,2,1,0,1,0,0,0,0,7.47096E+20,5.62335E+21,1.25E+16,5.07094E+16
127067,127068,14,6,12,0,2016,11,13,5,3,5,2,0,0,1,1,0,0,0,0,8.38589E+20,5.66219E+21,1.38277E+16,5.10114E+16
127068,127069,14,5,11,0,2016,11,15,6,3,5,3,0,1,0,1,0,0,0,0,7.74811E+20,5.63655E+21,1.29015E+16,5.08154E+16
127069,127070,14,6,12,0,2016,11,11,2,3,1,7,0,1,0,1,0,0,0,1,8.35969E+20,5.6672E+21,1.37951E+16,5.10578E+16
127070,127071,14,5,22,60,2016,11,8,4,2,0,1,0,2,1,0,0,0,0,0,7.67414E+20,5.64628E+21,1.28039E+16,5.09062E+16
127071,127072,14,6,12,0,2016,11,9,2,3,5,3,0,0,1,1,0,0,0,0,8.34693E+20,5.66737E+21,1.37771E+16,5.10601E+16
127072,127073,14,5,11,0,2016,11,7,6,2,6,7,0,1,0,1,1,0,0,0,7.75477E+20,5.63748E+21,1.29117E+16,5.08234E+16
127073,127074,14,6,12,0,2016,11,11,6,2,6,4,0,0,0,1,1,0,0,0,8.37062E+20,5.66506E+21,1.38086E+16,5.1038E+16
127074,127075,14,6,12,0,2016,11,7,4,3,0,1,0,1,1,0,0,0,0,0,8.35936E+20,5.66491E+21,1.37925E+16,5.10373E+16
127075,127076,14,5,24,80,2016,11,19,3,3,0,7,2,1,1,0,0,0,0,0,7.49262E+20,5.63744E+21,1.25402E+16,5.08349E+16
127076,127077,14,5,23,320,2016,11,18,7,2,4,2,1,1,1,1,0,0,0,0,7.22829E+20,5.59896E+21,1.21422E+16,5.05002E+16
127077,127078,14,5,22,500,2016,11,11,4,3,0,1,0,2,1,0,0,0,0,0,7.88514E+20,5.66119E+21,1.3115E+16,5.10297E+16
127078,127079,14,5,24,120,2016,11,16,4,3,0,1,1,1,1,0,0,0,0,0,7.60547E+20,5.63436E+21,1.26979E+16,5.08023E+16
127079,127080,14,5,22,180,2016,11,19,2,3,4,2,2,0,1,1,0,0,0,0,8.05104E+20,5.6488E+21,1.33406E+16,5.091E+16
127080,127081,14,5,21,450,2016,11,14,6,2,6,4,0,1,0,0,1,0,0,1,7.63848E+20,5.62591E+21,1.27386E+16,5.0725E+16
127081,127082,14,6,28,220,2016,11,11,2,2,4,1,0,1,0,1,0,0,0,0,8.33277E+20,5.65612E+21,1.37466E+16,5.09601E+16
127082,127083,14,5,21,550,2016,11,20,2,2,8,1,2,1,0,1,0,0,0,1,7.67129E+20,5.60288E+21,1.27684E+16,5.05168E+16
127083,127084,14,5,23,320,2016,11,15,5,3,6,4,0,1,0,1,1,0,0,0,7.21871E+20,5.59994E+21,1.21293E+16,5.05094E+16
127084,127085,14,5,11,0,2016,11,11,2,3,4,2,0,1,0,1,0,0,0,0,7.72876E+20,5.63688E+21,1.28744E+16,5.08193E+16
127085,127086,14,5,22,80,2016,11,15,4,3,4,6,0,0,0,1,0,0,0,0,7.88283E+20,5.67216E+21,1.31205E+16,5.11282E+16
127086,127087,14,5,11,0,2016,11,15,2,3,6,4,0,0,0,1,1,0,0,0,7.74248E+20,5.63511E+21,1.28925E+16,5.08027E+16
127087,127088,14,7,29,50,2016,11,14,3,3,6,3,0,1,0,1,1,0,0,0,7.45091E+20,5.67058E+21,1.25034E+16,5.11342E+16
127088,127089,14,6,12,0,2016,11,20,6,2,5,2,2,1,1,1,0,0,0,0,8.32521E+20,5.6645E+21,1.37436E+16,5.10356E+16
127089,127090,14,5,11,0,2016,11,5,3,3,6,1,1,0,0,1,1,0,0,0,7.70454E+20,5.6372E+21,1.28403E+16,5.08232E+16
127090,127091,14,5,11,0,2016,11,19,4,3,5,2,2,0,0,1,0,1,0,0,7.73518E+20,5.63666E+21,1.28833E+16,5.0817E+16
127091,127092,14,7,13,0,2016,11,8,4,3,2,6,0,1,0,1,0,0,0,1,7.31704E+20,5.69189E+21,1.23262E+16,5.1331E+16
127092,127093,14,5,11,0,2016,11,13,2,3,0,3,0,0,0,1,0,0,0,1,7.75914E+20,5.63824E+21,1.29184E+16,5.083E+16
127093,127094,14,5,23,320,2016,11,17,5,3,0,7,1,1,1,1,0,0,0,0,7.23061E+20,5.60094E+21,1.21467E+16,5.05179E+16
127094,127095,14,5,23,340,2016,11,14,1,3,5,3,0,0,0,1,0,0,0,0,7.33608E+20,5.61335E+21,1.2303E+16,5.06252E+16
127095,127096,14,6,12,0,2016,11,12,4,3,1,6,0,0,0,1,0,0,0,0,8.35138E+20,5.66558E+21,1.37818E+16,5.10438E+16
127096,127097,14,6,12,0,2016,11,14,6,2,6,4,0,1,0,1,1,0,0,0,8.36396E+20,5.66352E+21,1.37978E+16,5.10246E+16
127097,127098,14,7,13,0,2016,11,15,3,3,2,7,0,1,0,1,0,0,0,0,7.31755E+20,5.69173E+21,1.23268E+16,5.13295E+16
127098,127099,14,5,22,80,2016,11,13,6,3,2,6,0,1,0,1,0,0,0,0,7.88105E+20,5.67186E+21,1.31177E+16,5.11256E+16
127099,127100,14,5,11,0,2016,11,9,3,2,5,3,0,0,0,1,0,0,0,0,7.71845E+20,5.64219E+21,1.28637E+16,5.08674E+16
127100,127101,14,5,23,430,2016,11,17,5,2,6,4,2,0,0,1,1,0,0,0,7.34137E+20,5.60449E+21,1.23049E+16,5.05454E+16
127101,127102,14,5,23,170,2016,11,17,2,2,4,2,2,0,0,1,0,1,0,0,7.38516E+20,5.60771E+21,1.23687E+16,5.05725E+16
127102,127103,14,6,12,0,2016,11,16,6,3,5,3,0,0,0,1,0,0,0,1,8.30337E+20,5.66353E+21,1.37116E+16,5.10282E+16
127103,127104,14,6,12,0,2016,11,10,1,3,5,3,0,1,0,1,0,0,0,0,8.36568E+20,5.66384E+21,1.38005E+16,5.10274E+16
127104,127105,14,5,24,330,2016,11,12,3,2,0,7,0,0,0,0,0,0,0,1,7.48802E+20,5.6256E+21,1.25257E+16,5.07289E+16
127105,127106,14,7,13,0,2016,11,8,4,3,2,2,0,0,1,1,0,0,0,0,7.34746E+20,5.6909E+21,1.23691E+16,5.13209E+16
127106,127107,14,5,11,0,2016,11,7,2,3,6,4,0,0,0,1,1,0,0,0,7.74533E+20,5.63922E+21,1.28996E+16,5.08395E+16
127107,127108,14,7,30,70,2016,11,19,5,3,3,2,2,1,1,1,0,0,0,0,7.31123E+20,5.71405E+21,1.23323E+16,5.15302E+16
127108,127109,14,7,30,70,2016,11,11,7,2,0,7,0,1,1,0,0,0,0,0,7.29066E+20,5.7166E+21,1.23044E+16,5.15539E+16
127109,127110,14,6,12,0,2016,11,6,4,3,5,3,1,1,0,1,0,0,0,0,8.37293E+20,5.66261E+21,1.38096E+16,5.10159E+16
127110,127111,14,5,21,370,2016,11,20,6,2,8,1,2,1,0,1,0,0,0,0,7.64897E+20,5.6158E+21,1.27462E+16,5.06338E+16
127111,127112,14,6,12,0,2016,11,8,4,3,5,3,0,1,1,1,0,0,0,0,8.35808E+20,5.66674E+21,1.37924E+16,5.10538E+16
127112,127113,14,7,13,0,2016,11,9,3,3,5,3,0,1,1,1,0,0,0,0,7.34464E+20,5.69119E+21,1.23653E+16,5.13236E+16
127113,127114,14,7,13,0,2016,11,16,7,2,5,2,2,1,0,1,0,0,0,0,7.38086E+20,5.69756E+21,1.24214E+16,5.13792E+16
127114,127115,14,7,13,0,2016,11,17,2,3,4,2,2,1,1,1,0,0,0,0,7.36469E+20,5.69379E+21,1.23957E+16,5.13461E+16
127115,127116,14,7,13,0,2016,11,17,5,3,3,2,1,0,1,1,0,0,0,0,7.34849E+20,5.6921E+21,1.23714E+16,5.13316E+16
127116,127117,14,7,29,140,2016,11,16,7,2,4,6,1,1,1,1,0,0,0,0,7.56009E+20,5.66771E+21,1.26571E+16,5.11036E+16
127117,127118,14,5,24,330,2016,11,16,3,2,4,2,0,1,0,1,0,0,0,0,7.45358E+20,5.62464E+21,1.24763E+16,5.07217E+16
127118,127119,14,5,11,0,2016,11,14,2,2,0,7,0,0,1,1,0,0,0,0,7.77564E+20,5.63673E+21,1.29406E+16,5.08156E+16
127119,127120,14,7,29,50,2016,11,6,5,2,5,3,1,1,1,1,0,0,0,0,7.44766E+20,5.67056E+21,1.24988E+16,5.11341E+16
127120,127121,14,7,13,0,2016,11,7,7,3,0,7,1,0,1,0,0,0,0,1,7.34346E+20,5.69169E+21,1.23639E+16,5.13281E+16
127121,127122,14,7,13,0,2016,11,23,3,3,5,3,2,0,1,1,0,0,0,0,7.37538E+20,5.69375E+21,1.2411E+16,5.13453E+16
127122,127123,14,7,29,150,2016,11,15,1,3,5,3,0,1,0,1,0,1,0,0,7.59234E+20,5.6622E+21,1.26991E+16,5.10528E+16
127123,127124,14,7,13,0,2016,11,7,5,3,5,3,0,1,1,1,0,0,0,0,7.3437E+20,5.69237E+21,1.23647E+16,5.13343E+16
127124,127125,14,6,12,0,2016,11,14,4,3,5,3,0,0,1,1,0,0,0,0,8.34197E+20,5.66616E+21,1.37689E+16,5.10496E+16
127125,127126,14,5,11,0,2016,11,6,6,3,6,3,2,0,0,1,1,0,0,0,7.75537E+20,5.63868E+21,1.29134E+16,5.08341E+16
127126,127127,14,6,12,0,2016,11,14,4,3,5,3,0,1,0,1,0,1,0,0,8.35181E+20,5.66633E+21,1.37831E+16,5.10505E+16
127127,127128,14,7,13,0,2016,11,12,3,3,4,2,0,1,0,1,0,0,0,0,7.3676E+20,5.69985E+21,1.24039E+16,5.14004E+16
127128,127129,14,7,13,0,2016,11,14,7,3,3,6,0,1,1,1,0,0,0,0,7.32714E+20,5.69271E+21,1.23412E+16,5.1338E+16
127129,127130,14,6,12,0,2016,11,12,5,3,6,7,0,0,0,0,1,0,0,1,8.36556E+20,5.66154E+21,1.37982E+16,5.10068E+16
127130,127131,14,7,13,0,2016,11,4,5,3,6,2,2,1,0,1,1,0,0,0,7.32325E+20,5.69137E+21,1.23347E+16,5.13261E+16
127131,127132,14,7,13,0,2016,11,13,7,3,8,1,0,1,0,1,0,0,0,0,7.37932E+20,5.69327E+21,1.24163E+16,5.13408E+16
127132,127133,14,7,13,0,2016,11,15,3,2,5,3,0,1,0,1,0,0,0,0,7.35608E+20,5.69442E+21,1.23838E+16,5.13521E+16
127133,127134,14,7,29,260,2016,11,16,1,3,5,3,1,0,1,1,0,0,0,0,7.34739E+20,5.68586E+21,1.23657E+16,5.12757E+16
127134,127135,14,7,13,0,2016,11,11,5,3,2,6,0,1,0,1,0,0,0,0,7.35096E+20,5.69453E+21,1.23765E+16,5.13533E+16
127135,127136,14,7,13,0,2016,11,14,3,2,0,7,0,1,1,0,0,0,0,0,7.32582E+20,5.69208E+21,1.23389E+16,5.13324E+16
127136,127137,14,5,11,0,2016,11,18,6,3,0,1,1,0,1,0,0,0,0,0,7.75486E+20,5.63974E+21,1.29135E+16,5.08437E+16
127137,127138,14,7,13,0,2016,11,20,3,3,5,3,2,1,0,1,0,0,0,0,7.3457E+20,5.69213E+21,1.23674E+16,5.1332E+16
127138,127139,14,7,13,0,2016,11,12,3,3,5,3,0,0,1,1,0,0,0,0,7.38086E+20,5.69756E+21,1.24214E+16,5.13792E+16
127139,127140,14,5,21,20,2016,11,19,6,2,6,4,2,1,0,1,1,0,0,0,7.83889E+20,5.6106E+21,1.30101E+16,5.05781E+16
127140,127141,14,5,23,300,2016,11,12,3,2,6,4,0,0,0,1,1,0,0,0,7.25714E+20,5.59006E+21,1.21775E+16,5.04191E+16
127141,127142,14,7,13,0,2016,11,13,3,3,2,6,0,1,0,1,0,0,0,0,7.35041E+20,5.69088E+21,1.23733E+16,5.13206E+16
127142,127143,14,6,25,240,2016,11,18,7,2,4,2,2,1,1,1,0,0,0,0,8.66135E+20,5.71226E+21,1.42698E+16,5.14428E+16
127143,127144,14,6,25,250,2016,11,14,3,3,5,3,0,1,1,1,0,0,0,0,8.54623E+20,5.69362E+21,1.40863E+16,5.12832E+16
127144,127145,14,7,13,0,2016,11,8,5,3,2,2,0,1,0,1,0,0,0,0,7.35615E+20,5.6934E+21,1.23832E+16,5.1343E+16
127145,127146,14,7,13,0,2016,11,13,7,3,2,2,0,1,0,1,0,0,0,0,7.31836E+20,5.6894E+21,1.23265E+16,5.13087E+16
127146,127147,14,6,25,20,2016,11,16,3,3,0,7,0,0,1,1,0,0,0,0,8.80103E+20,5.68457E+21,1.44404E+16,5.11858E+16
127147,127148,14,7,13,0,2016,11,11,1,3,2,6,0,0,0,1,0,0,0,0,7.30534E+20,5.6915E+21,1.23092E+16,5.1328E+16
127148,127149,14,7,13,0,2016,11,17,3,3,6,2,2,1,0,1,1,0,0,0,7.3215E+20,5.69095E+21,1.2332E+16,5.13224E+16
127149,127150,14,5,11,0,2016,11,11,6,3,4,2,0,0,0,1,0,0,0,0,7.74475E+20,5.63934E+21,1.28989E+16,5.08406E+16
127150,127151,14,7,13,0,2016,11,6,2,2,5,3,2,0,0,1,0,1,0,0,7.31898E+20,5.69051E+21,1.23281E+16,5.13185E+16
127151,127152,14,7,13,0,2016,11,10,7,3,1,6,0,1,0,1,0,0,0,0,7.35304E+20,5.69007E+21,1.23766E+16,5.13132E+16
127152,127153,14,6,27,230,2016,11,10,3,3,0,7,0,0,1,0,0,0,0,0,7.96728E+20,5.6921E+21,1.32573E+16,5.13027E+16
127153,127154,14,7,13,0,2016,11,20,4,3,1,1,2,1,0,1,0,0,0,1,7.3436E+20,5.7001E+21,1.23696E+16,5.14036E+16
127154,127155,14,7,13,0,2016,11,5,1,2,0,1,2,0,1,0,0,0,0,0,7.35415E+20,5.69299E+21,1.23801E+16,5.13394E+16
127155,127156,14,7,13,0,2016,11,10,5,2,3,5,0,1,0,1,0,0,0,0,7.37628E+20,5.69708E+21,1.24145E+16,5.13751E+16
127156,127157,14,7,13,0,2016,11,15,7,3,4,2,0,1,0,1,0,0,0,0,7.34748E+20,5.69105E+21,1.23693E+16,5.13222E+16
127157,127158,14,5,11,0,2016,11,13,4,3,0,1,0,1,1,0,0,0,0,0,7.74341E+20,5.63514E+21,1.28938E+16,5.0803E+16
127158,127159,14,7,13,0,2016,11,7,5,3,0,3,1,0,1,1,0,0,0,0,7.3489E+20,5.69433E+21,1.23734E+16,5.13516E+16
127159,127160,14,7,29,430,2016,11,10,4,2,5,3,0,0,1,1,0,0,0,0,7.32505E+20,5.67992E+21,1.23299E+16,5.12232E+16
127160,127161,14,6,27,230,2016,11,10,1,3,5,3,0,0,0,1,0,0,0,0,7.99509E+20,5.69231E+21,1.32973E+16,5.13031E+16
127161,127162,14,7,13,0,2016,11,7,5,3,2,6,0,1,1,1,0,0,0,0,7.34172E+20,5.69217E+21,1.23617E+16,5.13325E+16
127162,127163,14,7,13,0,2016,11,12,7,3,1,5,0,1,0,1,0,0,0,0,7.4323E+20,5.69431E+21,1.2493E+16,5.1348E+16
127163,127164,14,6,27,230,2016,11,4,1,2,9,1,2,0,0,1,0,0,0,0,7.96805E+20,5.692E+21,1.32584E+16,5.13018E+16
127164,127165,14,6,27,230,2016,11,12,3,3,0,3,0,1,1,1,0,0,0,0,7.99511E+20,5.6923E+21,1.32973E+16,5.13031E+16
127165,127166,14,7,13,0,2016,11,14,2,2,0,7,0,0,0,0,1,0,0,1,7.34887E+20,5.69901E+21,1.23765E+16,5.13936E+16
127166,127167,14,6,12,0,2016,11,7,6,3,6,4,0,0,1,0,1,0,0,0,8.33465E+20,5.66505E+21,1.37575E+16,5.104E+16
127167,127168,14,7,13,0,2016,11,14,7,3,1,1,0,1,0,1,0,0,0,0,7.35878E+20,5.69609E+21,1.23888E+16,5.1367E+16
127168,127169,14,6,27,210,2016,11,9,3,3,5,3,0,1,1,1,0,0,0,0,8.27515E+20,5.67134E+21,1.36786E+16,5.10998E+16
127169,127170,14,7,13,0,2016,11,18,7,3,6,2,2,0,0,1,1,0,0,0,7.34785E+20,5.69301E+21,1.23711E+16,5.13398E+16
127170,127171,14,6,25,240,2016,11,9,5,3,5,3,0,1,0,1,0,0,0,0,8.6433E+20,5.71219E+21,1.42439E+16,5.14435E+16
127171,127172,14,5,11,0,2016,11,11,4,3,5,3,0,0,1,0,0,0,1,0,7.75394E+20,5.63425E+21,1.29081E+16,5.07945E+16
127172,127173,14,7,13,0,2016,11,10,5,3,5,3,0,0,1,1,0,0,0,0,7.35567E+20,5.69215E+21,1.23817E+16,5.13318E+16
127173,127174,14,7,29,410,2016,11,14,3,3,0,3,0,0,1,1,0,0,0,0,7.60608E+20,5.69803E+21,1.27447E+16,5.13736E+16
127174,127175,14,6,12,0,2016,11,18,3,3,6,2,2,0,0,1,1,0,0,0,8.35022E+20,5.66674E+21,1.37812E+16,5.10543E+16
127175,127176,14,6,26,110,2016,11,17,7,2,6,4,2,1,0,1,1,0,0,0,9.17743E+20,5.68515E+21,1.49768E+16,5.11648E+16
127176,127177,14,6,27,230,2016,11,18,2,3,1,2,2,0,0,1,0,1,0,0,7.98298E+20,5.69385E+21,1.32813E+16,5.13176E+16
127177,127178,14,6,12,0,2016,11,9,5,3,2,2,0,0,0,0,0,1,0,1,8.30203E+20,5.66604E+21,1.3712E+16,5.10508E+16
127178,127179,14,6,28,160,2016,11,17,3,3,5,3,2,1,1,1,0,0,0,0,8.41064E+20,5.65911E+21,1.38599E+16,5.09824E+16
127179,127180,14,6,12,0,2016,11,17,7,3,1,5,2,0,1,1,0,0,0,0,8.3505E+20,5.66536E+21,1.37803E+16,5.10419E+16
127180,127181,14,7,13,0,2016,11,8,5,3,5,2,0,0,1,1,0,0,0,0,7.3634E+20,5.69475E+21,1.23945E+16,5.13547E+16
127181,127182,14,6,12,0,2016,11,0,2,2,1,5,2,0,0,1,0,0,0,1,8.32333E+20,5.66458E+21,1.3741E+16,5.10365E+16
127182,127183,14,7,13,0,2016,11,12,5,3,5,3,0,0,1,1,0,0,0,0,7.29828E+20,5.68995E+21,1.22981E+16,5.13143E+16
127183,127184,14,7,13,0,2016,11,9,7,3,2,2,0,1,0,1,0,0,0,0,7.35628E+20,5.69671E+21,1.23856E+16,5.13727E+16
127184,127185,14,6,12,0,2016,11,7,3,2,6,7,0,1,0,0,1,0,0,1,8.30535E+20,5.66945E+21,1.37199E+16,5.10812E+16
127185,127186,14,7,13,0,2016,11,18,7,3,2,6,2,0,0,1,0,0,0,0,7.35172E+20,5.69346E+21,1.23769E+16,5.13437E+16
127186,127187,14,6,26,110,2016,11,16,5,3,6,4,2,1,0,1,1,0,0,0,9.18012E+20,5.68308E+21,1.49783E+16,5.11461E+16
127187,127188,14,7,29,270,2016,11,7,5,3,5,3,0,1,0,1,0,0,0,0,7.24138E+20,5.68856E+21,1.22157E+16,5.13042E+16
127188,127189,14,7,13,0,2016,11,17,3,3,0,5,2,0,1,1,0,0,0,0,7.34792E+20,5.68979E+21,1.23691E+16,5.13109E+16
127189,127190,14,6,12,0,2016,11,17,3,2,6,2,2,1,0,1,1,0,0,0,8.37112E+20,5.6662E+21,1.38104E+16,5.10482E+16
127190,127191,14,6,12,0,2016,11,12,7,3,3,2,0,1,0,1,0,0,0,0,8.31056E+20,5.66771E+21,1.37257E+16,5.10652E+16
127191,127192,14,6,12,0,2016,11,9,3,3,2,6,0,1,0,1,0,0,0,0,8.36849E+20,5.66087E+21,1.38017E+16,5.10005E+16
127192,127193,14,6,12,0,2016,11,19,5,2,6,4,2,0,0,1,1,0,0,0,8.30659E+20,5.66656E+21,1.3719E+16,5.10551E+16
127193,127194,14,6,12,0,2016,11,15,5,3,2,6,0,1,0,1,0,0,0,1,8.28437E+20,5.66659E+21,1.36874E+16,5.10567E+16
127194,127195,14,7,29,430,2016,11,14,7,2,5,3,0,1,0,1,0,0,0,0,7.32258E+20,5.67803E+21,1.23251E+16,5.12064E+16
127195,127196,14,6,12,0,2016,11,7,3,2,6,7,2,0,0,1,0,0,0,1,8.33166E+20,5.66773E+21,1.37557E+16,5.10642E+16
127196,127197,14,6,25,480,2016,11,17,7,2,0,7,2,0,0,1,0,0,0,0,8.43633E+20,5.67286E+21,1.39094E+16,5.1104E+16
127197,127198,14,7,13,0,2016,11,23,7,3,6,4,2,1,0,1,1,0,0,0,7.37305E+20,5.69293E+21,1.24071E+16,5.13381E+16
127198,127199,14,6,12,0,2016,11,10,3,3,1,5,0,1,1,1,0,0,0,0,8.33256E+20,5.66795E+21,1.37572E+16,5.10661E+16
127199,127200,14,6,12,0,2016,11,8,7,3,3,5,0,0,0,1,0,0,0,0,8.3082E+20,5.66363E+21,1.37186E+16,5.10288E+16
127200,127201,14,6,12,0,2016,11,7,5,3,5,3,1,1,0,1,0,1,0,0,8.38289E+20,5.66144E+21,1.38227E+16,5.10048E+16
127201,127202,14,7,13,0,2016,11,12,5,3,5,3,0,1,0,1,0,0,0,0,7.37269E+20,5.69346E+21,1.2407E+16,5.13428E+16
127202,127203,14,7,13,0,2016,11,14,3,3,5,3,0,0,0,1,0,0,1,0,7.34571E+20,5.69487E+21,1.23692E+16,5.13566E+16
127203,127204,14,5,11,0,2016,11,16,3,3,5,3,1,1,0,1,0,0,0,0,7.76199E+20,5.63724E+21,1.29217E+16,5.08209E+16
127204,127205,14,5,24,330,2016,11,11,6,3,6,5,0,0,0,1,1,0,0,0,7.45935E+20,5.62436E+21,1.24843E+16,5.07189E+16
127205,127206,14,5,11,0,2016,11,18,3,3,4,2,2,1,0,1,0,0,0,0,7.69007E+20,5.636E+21,1.28189E+16,5.08132E+16
127206,127207,14,7,13,0,2016,11,16,4,3,5,3,0,1,0,1,0,0,0,0,7.33639E+20,5.69559E+21,1.23563E+16,5.13634E+16
127207,127208,14,6,12,0,2016,11,12,5,3,1,3,0,1,0,1,0,0,0,0,8.35788E+20,5.66736E+21,1.37927E+16,5.10594E+16
127208,127209,14,7,13,0,2016,11,9,7,3,5,3,0,0,0,1,0,0,0,0,7.29488E+20,5.69483E+21,1.22963E+16,5.13583E+16
127209,127210,14,6,12,0,2016,11,11,7,3,1,5,0,0,1,1,0,0,0,0,8.4102E+20,5.66048E+21,1.38606E+16,5.09946E+16
127210,127211,14,5,22,180,2016,11,16,3,3,5,3,2,1,1,1,0,0,0,0,8.05139E+20,5.64876E+21,1.3341E+16,5.09097E+16
127211,127212,14,6,12,0,2016,11,9,2,3,5,2,0,0,1,1,0,0,0,0,8.31689E+20,5.67023E+21,1.3737E+16,5.10875E+16
127212,127213,14,6,12,0,2016,11,10,6,3,2,6,0,0,1,1,0,0,0,0,8.30749E+20,5.66651E+21,1.37202E+16,5.10547E+16
127213,127214,14,7,13,0,2016,11,9,2,3,2,2,0,2,0,1,0,0,0,0,7.2728E+20,5.68897E+21,1.22609E+16,5.13066E+16
127214,127215,14,7,13,0,2016,11,5,5,3,8,1,2,1,0,1,0,0,0,0,7.38909E+20,5.69812E+21,1.24336E+16,5.1384E+16
127215,127216,14,7,13,0,2016,11,17,3,3,6,4,2,0,0,1,1,0,0,0,7.37159E+20,5.69484E+21,1.24063E+16,5.13552E+16
127216,127217,14,5,24,300,2016,11,14,2,3,5,2,0,0,0,1,0,1,0,0,7.37784E+20,5.62805E+21,1.23714E+16,5.07555E+16
127217,127218,14,5,11,0,2016,11,9,3,3,0,7,0,0,0,0,0,0,0,1,7.77145E+20,5.6372E+21,1.29351E+16,5.08201E+16
127218,127219,14,7,13,0,2016,11,18,4,3,3,6,2,1,1,1,0,0,0,0,7.37507E+20,5.69703E+21,1.24128E+16,5.13748E+16
127219,127220,14,5,21,520,2016,11,4,7,3,8,1,2,1,0,1,0,0,0,0,7.79987E+20,5.60825E+21,1.29534E+16,5.0559E+16
127220,127221,14,6,12,0,2016,11,17,5,3,5,3,2,1,0,1,0,0,0,0,8.34529E+20,5.66609E+21,1.37736E+16,5.10487E+16
127221,127222,14,7,13,0,2016,11,0,7,3,6,4,2,0,0,1,1,0,0,0,7.3075E+20,5.69205E+21,1.23126E+16,5.13328E+16
127222,127223,14,7,13,0,2016,11,17,3,2,0,1,1,0,1,0,0,0,0,0,7.39913E+20,5.69386E+21,1.24451E+16,5.13453E+16
127223,127224,14,5,24,30,2016,11,11,2,3,5,3,0,1,0,1,0,0,0,0,7.38816E+20,5.63489E+21,1.23904E+16,5.08164E+16
127224,127225,14,6,25,240,2016,11,7,5,2,5,2,0,1,1,1,0,0,0,0,8.65583E+20,5.71191E+21,1.42616E+16,5.14401E+16
127225,127226,14,5,22,520,2016,11,11,2,3,6,7,0,1,0,1,1,0,0,0,8.11914E+20,5.62707E+21,1.34187E+16,5.07116E+16
127226,127227,14,5,23,160,2016,11,16,5,3,0,1,1,1,1,0,0,0,0,0,7.45217E+20,5.58386E+21,1.24475E+16,5.03556E+16
127227,127228,14,5,11,0,2016,11,17,7,2,2,6,2,1,0,1,0,0,0,0,7.72707E+20,5.63598E+21,1.28713E+16,5.08112E+16
127228,127229,14,5,11,0,2016,11,17,3,2,0,7,2,1,0,0,0,0,0,1,7.74655E+20,5.633E+21,1.28967E+16,5.07836E+16
127229,127230,14,5,11,0,2016,11,17,7,3,0,1,2,0,1,0,0,0,0,0,7.76102E+20,5.63861E+21,1.29214E+16,5.08332E+16
127230,127231,14,6,12,0,2016,11,9,5,2,5,3,0,1,1,1,0,0,0,0,8.30746E+20,5.66652E+21,1.37202E+16,5.10548E+16
127231,127232,14,5,22,420,2016,11,11,7,2,0,1,0,0,0,1,0,0,0,0,7.8297E+20,5.64362E+21,1.30225E+16,5.08749E+16
127232,127233,14,5,11,0,2016,11,17,3,2,5,3,2,1,1,0,0,0,0,1,7.7756E+20,5.63688E+21,1.29407E+16,5.0817E+16
127233,127234,14,7,13,0,2016,11,23,4,3,8,1,2,1,0,1,0,0,0,0,7.34803E+20,5.69306E+21,1.23714E+16,5.13402E+16
127234,127235,14,5,23,320,2016,11,7,6,3,2,2,0,1,0,1,0,0,0,0,7.23196E+20,5.59971E+21,1.21479E+16,5.05068E+16