FID,OBJECTID,ULAND,UREGBEZ,UKREIS,UGEMEINDE,UJAHR,UMONAT,USTUNDE,UWOCHENTAG,UKATEGORIE,UART,UTYP1,ULICHTVERH,IstStrasse,IstRad,IstPKW,IstFuss,IstKrad,IstGkfz,IstSonstig,LINREFX,LINREFY,XGCSWGS84,YGCSWGS84
127235,127236,14,5,22,60,2016,11,11,5,3,3,6,0,1,1,1,0,0,0,0,7.67732E+20,5.64811E+21,1.28097E+16,5.09224E+16
127236,127237,14,5,23,320,2016,11,9,6,2,6,4,0,0,0,0,1,0,0,1,7.24758E+20,5.59809E+21,1.21689E+16,5.04916E+16
127237,127238,14,6,28,160,2016,11,15,3,3,2,6,0,0,0,1,0,0,0,0,8.40795E+20,5.65971E+21,1.38567E+16,5.09879E+16
127238,127239,14,6,25,20,2016,11,13,5,3,5,3,0,0,1,1,0,0,0,0,8.80629E+20,5.68428E+21,1.44476E+16,5.11829E+16
127239,127240,14,7,13,0,2016,11,15,2,3,2,6,0,0,0,1,0,0,0,0,7.31896E+20,5.69297E+21,1.23296E+16,5.13407E+16
127240,127241,14,5,23,330,2016,11,20,6,3,8,1,2,0,0,1,0,0,0,0,7.25229E+20,5.60664E+21,1.21807E+16,5.05682E+16
127241,127242,14,5,21,530,2016,11,20,2,3,8,1,2,0,1,0,0,0,0,0,7.56705E+20,5.612E+21,1.2628E+16,5.06034E+16
127242,127243,14,7,13,0,2016,11,17,5,1,1,5,2,0,1,1,0,0,0,1,7.35439E+20,5.69317E+21,1.23806E+16,5.1341E+16
127243,127244,14,7,13,0,2016,11,15,6,3,2,6,0,0,0,1,0,0,0,0,7.35547E+20,5.69291E+21,1.23819E+16,5.13386E+16
127244,127245,14,5,11,0,2016,11,14,3,3,0,7,0,1,0,0,0,0,0,1,7.74062E+20,5.63529E+21,1.289E+16,5.08044E+16
127245,127246,14,5,11,0,2016,11,10,5,3,5,3,0,1,1,1,0,0,0,0,7.77532E+20,5.63711E+21,1.29405E+16,5.0819E+16
127246,127247,14,6,28,80,2016,11,14,5,3,1,7,0,0,0,1,0,0,1,0,8.41078E+20,5.65648E+21,1.38577E+16,5.09587E+16
127247,127248,14,7,13,0,2016,11,22,3,2,5,3,2,1,0,1,0,0,0,0,7.35506E+20,5.68974E+21,1.23792E+16,5.13101E+16
127248,127249,14,7,13,0,2016,11,7,2,3,6,4,0,0,0,1,1,0,0,0,7.38087E+20,5.69755E+21,1.24214E+16,5.13792E+16
127249,127250,14,6,28,110,2016,11,14,3,3,6,7,0,0,0,1,1,0,0,0,8.24993E+20,5.66155E+21,1.36339E+16,5.10135E+16
127250,127251,14,6,28,270,2016,11,7,5,3,5,3,0,1,0,1,0,0,0,0,8.46802E+20,5.65746E+21,1.39398E+16,5.09642E+16
127251,127252,14,7,13,0,2016,11,16,3,3,5,2,0,0,1,1,0,0,0,0,7.41882E+20,5.69298E+21,1.24728E+16,5.13366E+16
127252,127253,14,7,13,0,2016,11,14,2,3,5,3,0,0,1,1,0,0,0,0,7.29085E+20,5.69886E+21,1.22931E+16,5.13946E+16
127253,127254,14,5,23,320,2016,11,7,6,2,6,4,0,1,0,1,1,0,0,0,7.21641E+20,5.59842E+21,1.21252E+16,5.04958E+16
127254,127255,14,6,12,0,2016,11,8,5,3,5,3,0,1,0,1,0,1,0,0,8.33593E+20,5.66393E+21,1.37583E+16,5.10299E+16
127255,127256,14,5,11,0,2016,11,8,5,3,1,6,0,1,0,1,0,0,0,0,7.74508E+20,5.63643E+21,1.28972E+16,5.08145E+16
127256,127257,14,7,13,0,2016,11,5,6,3,5,3,2,0,1,1,0,0,0,0,7.35913E+20,5.68868E+21,1.23844E+16,5.13005E+16
127257,127258,14,5,24,330,2016,11,19,2,3,3,2,2,1,0,1,0,1,0,0,7.46442E+20,5.62438E+21,1.24915E+16,5.07189E+16
127258,127259,14,7,29,160,2016,11,23,6,3,9,1,2,1,0,1,0,0,0,0,7.61972E+20,5.68511E+21,1.27548E+16,5.1257E+16
127259,127260,14,5,24,330,2016,11,6,4,3,0,3,2,1,1,1,0,0,0,0,7.46329E+20,5.62514E+21,1.24904E+16,5.07258E+16
127260,127261,14,7,13,0,2016,11,15,2,3,5,2,0,0,1,1,0,0,0,0,7.38826E+20,5.69481E+21,1.24302E+16,5.13542E+16
127261,127262,14,6,27,140,2016,11,10,5,3,0,7,0,1,1,0,0,0,0,0,8.12924E+20,5.67728E+21,1.3476E+16,5.11612E+16
127262,127263,14,7,13,0,2016,11,18,3,2,5,3,1,0,1,1,0,0,0,0,7.41878E+20,5.69252E+21,1.24724E+16,5.13325E+16
127263,127264,14,7,13,0,2016,11,7,2,2,5,3,0,0,1,1,0,0,0,0,7.34744E+20,5.69067E+21,1.23689E+16,5.13188E+16
127264,127265,14,7,29,160,2016,11,17,6,3,8,1,2,1,0,1,0,0,0,0,7.5853E+20,5.68229E+21,1.27035E+16,5.12333E+16
127265,127266,14,5,23,260,2016,11,7,2,3,6,2,0,1,0,1,1,0,0,0,7.29753E+20,5.61203E+21,1.22478E+16,5.06148E+16
127266,127267,14,6,25,240,2016,11,17,4,3,5,3,2,0,0,1,0,1,0,0,8.64225E+20,5.71074E+21,1.42409E+16,5.14305E+16
127267,127268,14,7,13,0,2016,11,9,6,3,1,7,0,1,0,1,0,0,0,0,7.34728E+20,5.69018E+21,1.23684E+16,5.13144E+16
127268,127269,14,5,24,330,2016,11,12,4,3,8,1,0,0,0,1,0,0,0,0,7.45708E+20,5.62125E+21,1.2479E+16,5.06911E+16
127269,127270,14,7,13,0,2016,11,6,6,2,5,3,0,0,1,1,0,0,0,0,7.40973E+20,5.69815E+21,1.24632E+16,5.13833E+16
127270,127271,14,7,13,0,2016,11,11,6,2,5,3,0,1,1,1,0,0,0,0,7.35617E+20,5.68935E+21,1.23806E+16,5.13066E+16
127271,127272,14,5,23,340,2016,11,17,2,3,4,2,2,1,1,1,0,0,0,0,7.3269E+20,5.61223E+21,1.22894E+16,5.06155E+16
127272,127273,14,6,25,250,2016,11,18,6,3,2,6,2,0,0,1,0,1,0,0,8.56589E+20,5.69297E+21,1.41137E+16,5.12762E+16
127273,127274,14,5,23,340,2016,11,11,2,3,2,7,0,1,0,1,0,0,0,1,7.33459E+20,5.61306E+21,1.23007E+16,5.06226E+16
127274,127275,14,7,13,0,2016,11,13,6,3,1,7,0,0,0,1,0,0,0,0,7.37118E+20,5.69638E+21,1.24067E+16,5.13691E+16
127275,127276,14,7,13,0,2016,11,9,2,3,0,7,0,0,0,1,0,0,0,1,7.3729E+20,5.69294E+21,1.24069E+16,5.13381E+16
127276,127277,14,6,12,0,2016,11,6,5,3,6,4,0,1,0,0,1,1,0,0,8.36551E+20,5.66218E+21,1.37987E+16,5.10125E+16
127277,127278,14,5,11,0,2016,11,15,2,3,6,4,0,0,0,1,1,0,0,0,7.75126E+20,5.63951E+21,1.29082E+16,5.08418E+16
127278,127279,14,7,13,0,2016,11,16,2,3,5,3,2,1,1,1,0,0,0,0,7.32152E+20,5.69247E+21,1.2333E+16,5.1336E+16
127279,127280,14,6,25,40,2016,11,7,4,3,2,6,0,1,0,1,0,0,0,1,8.64306E+20,5.67861E+21,1.42093E+16,5.11427E+16
127280,127281,14,7,13,0,2016,11,13,6,2,5,3,0,0,0,1,0,0,0,0,7.39926E+20,5.69356E+21,1.24451E+16,5.13426E+16
127281,127282,14,5,23,320,2016,11,7,4,3,9,6,1,1,0,1,0,0,0,0,7.2457E+20,5.59502E+21,1.21644E+16,5.04641E+16
127282,127283,14,6,26,110,2016,11,12,6,3,6,4,0,0,0,1,1,0,0,0,9.18473E+20,5.68398E+21,1.49859E+16,5.11538E+16
127283,127284,14,6,12,0,2016,11,17,3,3,5,3,1,0,0,1,0,1,0,0,8.34235E+20,5.66633E+21,1.37696E+16,5.10511E+16
127284,127285,14,6,12,0,2016,11,16,5,3,2,6,1,0,0,1,0,0,0,0,8.33526E+20,5.66427E+21,1.37577E+16,5.1033E+16
127285,127286,14,7,29,140,2016,11,15,2,3,5,3,0,0,1,1,0,0,0,0,7.49902E+20,5.66273E+21,1.25666E+16,5.10616E+16
127286,127287,14,6,12,0,2016,11,22,5,3,6,3,2,0,1,1,1,0,0,0,8.32037E+20,5.66651E+21,1.37386E+16,5.10539E+16
127287,127288,14,7,30,70,2016,11,17,1,3,6,7,1,0,1,0,1,0,0,0,7.30837E+20,5.71402E+21,1.23282E+16,5.153E+16
127288,127289,14,7,13,0,2016,11,5,6,2,4,2,2,1,0,1,0,0,0,1,7.40594E+20,5.7002E+21,1.24592E+16,5.14019E+16
127289,127290,14,6,26,610,2016,11,14,2,3,2,6,0,0,0,1,0,0,0,0,9.08024E+20,5.65346E+21,1.48029E+16,5.08883E+16
127290,127291,14,7,29,360,2016,11,14,1,3,5,3,0,0,1,1,0,0,0,0,7.35966E+20,5.66539E+21,1.23698E+16,5.10914E+16
127291,127292,14,6,12,0,2016,11,12,6,3,6,2,0,0,0,1,1,0,0,0,8.38926E+20,5.66335E+21,1.38335E+16,5.10216E+16
127292,127293,14,6,27,210,2016,11,6,6,2,5,3,2,0,1,1,0,0,0,0,8.21457E+20,5.67226E+21,1.35932E+16,5.11115E+16
127293,127294,14,7,13,0,2016,11,9,2,3,6,4,0,1,0,1,1,0,0,0,7.31791E+20,5.69022E+21,1.23263E+16,5.1316E+16
127294,127295,14,6,28,110,2016,11,14,4,3,6,7,0,0,0,1,1,0,0,0,8.24517E+20,5.65896E+21,1.36249E+16,5.09906E+16
127295,127296,14,6,26,85,2016,11,8,6,3,5,3,0,1,0,1,0,0,0,0,8.93297E+20,5.66239E+21,1.46042E+16,5.09784E+16
127296,127297,14,7,13,0,2016,11,8,4,3,5,3,0,0,1,1,0,0,0,0,7.34666E+20,5.69245E+21,1.2369E+16,5.13348E+16
127297,127298,14,6,12,0,2016,11,19,3,3,5,3,2,0,1,1,0,0,0,0,8.36334E+20,5.66469E+21,1.37979E+16,5.10351E+16
127298,127299,14,5,11,0,2016,11,14,5,3,2,6,0,0,0,1,0,0,0,0,7.76278E+20,5.63734E+21,1.29229E+16,5.08217E+16
127299,127300,14,7,13,0,2016,11,16,3,3,6,4,0,0,1,0,1,0,0,0,7.35152E+20,5.69333E+21,1.23765E+16,5.13426E+16
127300,127301,14,7,13,0,2016,11,11,5,3,6,4,0,0,0,1,1,0,0,0,7.34269E+20,5.69551E+21,1.23653E+16,5.13625E+16
127301,127302,14,6,12,0,2016,12,8,4,3,5,3,1,0,1,1,0,0,0,0,8.296E+20,5.66441E+21,1.3702E+16,5.10365E+16
127302,127303,14,7,13,0,2016,11,16,3,3,5,2,0,0,1,1,0,0,0,0,7.31269E+20,5.69346E+21,1.2321E+16,5.13453E+16
127303,127304,14,5,11,0,2016,11,17,1,3,1,5,2,0,0,1,0,0,0,0,7.78486E+20,5.63843E+21,1.2955E+16,5.08305E+16
127304,127305,14,7,13,0,2016,12,12,2,3,6,6,0,0,1,0,1,0,0,0,7.41283E+20,5.68699E+21,1.24601E+16,5.1283E+16
127305,127306,14,5,21,30,2016,12,7,5,3,5,3,1,1,0,1,0,0,0,0,7.62078E+20,5.61135E+21,1.27033E+16,5.05951E+16
127306,127307,14,6,12,0,2016,12,21,6,3,0,1,2,1,0,0,0,1,0,0,8.32346E+20,5.66626E+21,1.37427E+16,5.10515E+16
127307,127308,14,6,28,270,2016,11,8,5,3,5,7,0,0,0,1,0,0,0,0,8.47223E+20,5.65632E+21,1.39447E+16,5.09536E+16
127308,127309,14,7,29,270,2016,12,12,6,3,5,3,0,0,0,1,0,0,0,0,7.25131E+20,5.69171E+21,1.22319E+16,5.1332E+16
127309,127310,14,6,12,0,2016,12,13,7,2,6,4,0,0,1,0,1,0,0,0,8.33845E+20,5.66345E+21,1.37614E+16,5.10255E+16
127310,127311,14,6,12,0,2016,12,8,4,3,0,1,0,2,1,0,0,0,0,1,8.29172E+20,5.66949E+21,1.37005E+16,5.10823E+16
127311,127312,14,7,13,0,2016,11,12,5,3,1,5,0,0,1,1,0,0,0,0,7.34381E+20,5.692E+21,1.23646E+16,5.13309E+16
127312,127313,14,5,21,460,2016,12,10,5,3,5,3,0,1,1,1,0,0,0,0,8.06419E+20,5.62103E+21,1.33361E+16,5.06603E+16
127313,127314,14,7,13,0,2016,11,16,3,3,5,2,1,0,1,1,0,0,0,0,7.36728E+20,5.69272E+21,1.23987E+16,5.13364E+16
127314,127315,14,5,11,0,2016,11,21,1,3,9,6,2,0,0,1,0,0,0,0,7.78251E+20,5.64353E+21,1.29555E+16,5.08763E+16
127315,127316,14,7,13,0,2016,12,19,2,3,4,2,1,0,0,1,0,0,0,1,7.38845E+20,5.68916E+21,1.24267E+16,5.13035E+16
127316,127317,14,5,21,550,2016,12,16,5,2,6,4,2,1,0,1,1,0,0,0,7.68413E+20,5.60609E+21,1.27888E+16,5.05451E+16
127317,127318,14,7,13,0,2016,12,6,6,3,2,2,1,1,0,1,0,0,0,0,7.32611E+20,5.6924E+21,1.23395E+16,5.13352E+16
127318,127319,14,6,12,0,2016,12,15,6,3,0,7,0,1,0,1,0,0,0,1,8.31955E+20,5.66576E+21,1.37367E+16,5.10473E+16
127319,127320,14,7,13,0,2016,12,11,2,2,4,2,0,0,1,1,0,0,0,0,7.3559E+20,5.69224E+21,1.23821E+16,5.13326E+16
127320,127321,14,5,11,0,2016,12,6,5,3,4,3,2,1,1,1,0,0,0,0,7.75399E+20,5.63985E+21,1.29123E+16,5.08447E+16
127321,127322,14,5,21,590,2016,12,18,6,2,5,3,1,1,0,1,0,1,0,0,7.67115E+20,5.62489E+21,1.27841E+16,5.07143E+16
127322,127323,14,6,27,60,2016,11,16,5,3,6,2,2,1,0,0,1,0,0,1,8.15686E+20,5.69178E+21,1.35282E+16,5.12896E+16
127323,127324,14,7,13,0,2016,12,13,6,3,4,2,0,0,1,1,0,0,0,0,7.40537E+20,5.68913E+21,1.24509E+16,5.13026E+16
127324,127325,14,6,12,0,2016,12,14,7,3,5,3,0,0,0,1,0,0,0,0,8.32513E+20,5.66855E+21,1.37472E+16,5.1072E+16
127325,127326,14,5,11,0,2016,11,14,1,3,0,7,0,0,0,0,0,0,0,1,7.7456E+20,5.63638E+21,1.28978E+16,5.0814E+16
127326,127327,14,6,12,0,2016,12,12,4,3,6,7,0,1,0,0,0,0,0,1,8.27536E+20,5.66565E+21,1.36738E+16,5.10488E+16
127327,127328,14,5,22,35,2016,12,16,5,3,6,4,2,1,0,1,1,0,0,0,8.11977E+20,5.64793E+21,1.34373E+16,5.08986E+16
127328,127329,14,7,13,0,2016,11,7,3,3,3,2,0,0,1,1,0,0,0,0,7.34058E+20,5.69303E+21,1.23607E+16,5.13402E+16
127329,127330,14,7,13,0,2016,12,17,2,3,0,1,1,2,0,0,0,1,0,0,7.34651E+20,5.69652E+21,1.23715E+16,5.13714E+16
127330,127331,14,6,26,85,2016,12,10,6,3,7,7,0,0,0,1,0,0,0,0,8.93908E+20,5.66229E+21,1.46128E+16,5.09771E+16
127331,127332,14,6,12,0,2016,12,9,4,3,0,1,0,2,1,0,0,0,0,0,8.32464E+20,5.66429E+21,1.37426E+16,5.10337E+16
127332,127333,14,6,25,320,2016,11,18,3,3,9,1,2,0,0,1,0,0,0,0,8.45141E+20,5.67965E+21,1.39374E+16,5.1164E+16
127333,127334,14,7,30,110,2016,11,21,7,3,0,1,2,0,1,0,0,0,0,0,7.54591E+20,5.70834E+21,1.26658E+16,5.14688E+16
127334,127335,14,6,12,0,2016,12,17,4,3,2,6,2,0,0,1,0,0,0,0,8.38643E+20,5.66215E+21,1.38284E+16,5.1011E+16
127335,127336,14,6,25,20,2016,12,7,6,3,5,3,0,0,1,1,0,0,0,0,8.78968E+20,5.68351E+21,1.44231E+16,5.11771E+16
127336,127337,14,7,13,0,2016,11,15,7,3,2,6,0,0,0,1,0,0,0,0,7.36973E+20,5.69302E+21,1.24024E+16,5.1339E+16
127337,127338,14,6,12,0,2016,12,8,4,3,0,1,1,2,1,0,0,0,0,0,8.34437E+20,5.66344E+21,1.37698E+16,5.1025E+16
127338,127339,14,7,13,0,2016,12,11,2,3,4,2,0,0,1,1,0,0,0,0,7.35399E+20,5.69089E+21,1.23785E+16,5.13205E+16
127339,127340,14,5,24,30,2016,11,10,4,3,6,7,0,0,0,0,1,0,0,1,7.38529E+20,5.63486E+21,1.23864E+16,5.08162E+16
127340,127341,14,6,25,240,2016,11,8,3,3,5,3,0,0,1,1,0,0,0,0,8.66269E+20,5.71227E+21,1.42718E+16,5.14429E+16
127341,127342,14,7,13,0,2016,12,17,2,3,6,7,2,0,1,0,1,0,0,0,7.34574E+20,5.69319E+21,1.23682E+16,5.13415E+16
127342,127343,14,6,27,80,2016,12,13,6,3,5,3,0,0,0,1,0,0,0,0,8.08216E+20,5.67212E+21,1.34045E+16,5.11175E+16
127343,127344,14,5,11,0,2016,12,7,6,3,4,2,0,1,0,1,0,0,0,0,7.76104E+20,5.63951E+21,1.29221E+16,5.08413E+16
127344,127345,14,5,11,0,2016,12,15,2,3,2,2,0,1,0,1,0,0,0,0,7.74602E+20,5.63541E+21,1.28977E+16,5.08052E+16
127345,127346,14,6,12,0,2016,12,19,4,3,5,2,1,0,0,1,0,0,0,0,8.38018E+20,5.66784E+21,1.38248E+16,5.10624E+16
127346,127347,14,6,26,440,2016,11,11,3,2,6,4,0,0,0,1,1,0,0,0,9.00225E+20,5.69884E+21,1.47429E+16,5.12998E+16
127347,127348,14,7,13,0,2016,11,10,7,3,3,6,0,0,1,1,0,0,0,0,7.35971E+20,5.69162E+21,1.23871E+16,5.13269E+16
127348,127349,14,6,26,610,2016,12,14,2,3,5,3,0,0,1,1,0,0,0,0,9.08184E+20,5.65371E+21,1.48055E+16,5.08904E+16
127349,127350,14,7,29,40,2016,11,19,4,3,8,1,2,2,0,1,0,0,0,0,7.36522E+20,5.67919E+21,1.23868E+16,5.12151E+16
127350,127351,14,5,21,20,2016,12,7,6,2,6,4,2,1,0,1,1,0,0,0,7.83842E+20,5.61043E+21,1.30094E+16,5.05767E+16
127351,127352,14,6,25,20,2016,12,6,2,3,8,1,2,1,0,1,0,0,0,0,8.78551E+20,5.6854E+21,1.44192E+16,5.11942E+16
127352,127353,14,7,13,0,2016,11,15,4,3,6,4,0,1,0,1,1,0,0,0,7.37687E+20,5.69237E+21,1.24122E+16,5.13329E+16
127353,127354,14,6,25,20,2016,11,16,3,3,3,7,1,0,1,1,0,0,0,0,8.79213E+20,5.68367E+21,1.44268E+16,5.11784E+16
127354,127355,14,5,23,320,2016,12,16,5,3,5,3,1,1,1,1,0,0,0,0,7.22138E+20,5.59834E+21,1.21321E+16,5.04949E+16
127355,127356,14,6,12,0,2016,12,14,6,3,5,2,0,0,0,1,0,0,0,1,8.31195E+20,5.66389E+21,1.37242E+16,5.10309E+16
127356,127357,14,6,12,0,2016,12,12,7,3,2,2,0,0,0,1,0,0,0,0,8.3815E+20,5.66156E+21,1.38208E+16,5.1006E+16
127357,127358,14,5,24,120,2016,12,15,5,3,0,7,0,0,1,1,0,0,0,0,7.62439E+20,5.63419E+21,1.27246E+16,5.07999E+16
127358,127359,14,7,13,0,2016,12,5,1,3,5,3,2,0,0,1,0,0,0,0,7.35405E+20,5.69139E+21,1.23789E+16,5.1325E+16
127359,127360,14,6,12,0,2016,12,10,4,3,5,3,0,1,0,1,0,0,0,0,8.36575E+20,5.6668E+21,1.38033E+16,5.10539E+16
127360,127361,14,6,25,20,2016,11,12,3,2,5,3,0,0,0,1,0,1,0,0,8.79581E+20,5.68334E+21,1.44317E+16,5.11752E+16
127361,127362,14,7,13,0,2016,11,18,7,2,6,4,1,0,0,1,1,0,0,0,7.34787E+20,5.69262E+21,1.23708E+16,5.13363E+16
127362,127363,14,6,26,260,2016,11,15,4,3,8,1,0,2,0,1,0,0,0,0,8.97784E+20,5.70577E+21,1.47158E+16,5.13635E+16
127363,127364,14,5,23,170,2016,12,14,5,2,3,6,0,0,1,1,0,0,0,0,7.38158E+20,5.60718E+21,1.23633E+16,5.0568E+16
127364,127365,14,6,12,0,2016,11,12,5,3,2,7,0,1,0,1,0,0,0,0,8.30736E+20,5.66649E+21,1.372E+16,5.10545E+16
127365,127366,14,6,12,0,2016,12,14,6,3,5,2,0,0,0,1,0,0,0,0,8.36379E+20,5.66349E+21,1.37975E+16,5.10243E+16
127366,127367,14,6,12,0,2016,12,12,7,3,2,2,0,0,0,1,0,0,0,0,8.38152E+20,5.66156E+21,1.38209E+16,5.1006E+16
127367,127368,14,7,29,260,2016,11,1,7,3,5,3,2,0,1,1,0,0,0,0,7.34621E+20,5.6868E+21,1.23646E+16,5.12842E+16
127368,127369,14,5,22,180,2016,12,17,4,3,5,3,2,0,1,1,0,0,0,0,8.03768E+20,5.64826E+21,1.33212E+16,5.09059E+16
127369,127370,14,7,13,0,2016,11,17,5,3,3,2,2,0,1,1,0,0,0,0,7.34719E+20,5.69021E+21,1.23683E+16,5.13147E+16
127370,127371,14,6,12,0,2016,11,5,5,3,5,3,2,0,1,0,0,0,0,1,8.30586E+20,5.67033E+21,1.37214E+16,5.1089E+16
127371,127372,14,6,12,0,2016,12,19,6,3,2,6,2,0,0,1,0,0,0,0,8.37092E+20,5.6668E+21,1.38107E+16,5.10536E+16
127372,127373,14,6,27,60,2016,12,17,7,2,5,3,2,0,1,0,0,0,1,0,8.15969E+20,5.69211E+21,1.35325E+16,5.12925E+16
127373,127374,14,5,11,0,2016,12,7,4,2,5,3,0,0,0,1,0,0,0,0,7.73175E+20,5.63304E+21,1.28757E+16,5.07847E+16
127374,127375,14,7,13,0,2016,11,19,5,3,1,5,1,0,1,1,0,0,0,0,7.34511E+20,5.695E+21,1.23684E+16,5.13577E+16
127375,127376,14,6,25,500,2016,11,15,4,2,9,1,0,2,0,1,0,0,0,0,8.64603E+20,5.69377E+21,1.42289E+16,5.12783E+16
127376,127377,14,6,12,0,2016,11,14,3,3,5,3,0,0,1,1,0,0,0,0,8.27311E+20,5.67031E+21,1.36748E+16,5.10906E+16
127377,127378,14,7,13,0,2016,11,13,7,3,2,6,0,0,0,1,0,0,0,0,7.38654E+20,5.68926E+21,1.2424E+16,5.13045E+16
127378,127379,14,6,25,40,2016,12,18,2,1,6,4,2,1,0,1,1,0,0,0,8.63192E+20,5.67717E+21,1.4192E+16,5.11305E+16
127379,127380,14,6,12,0,2016,11,6,4,3,1,5,2,0,0,0,0,1,1,0,8.26287E+20,5.66662E+21,1.36569E+16,5.10582E+16
127380,127381,14,7,29,70,2016,12,7,5,3,5,3,2,0,1,1,0,0,0,0,7.5E+20,5.69251E+21,1.25887E+16,5.13288E+16
127381,127382,14,6,12,0,2016,11,15,5,3,5,2,0,1,1,1,0,0,0,0,8.34713E+20,5.66436E+21,1.37746E+16,5.10331E+16
127382,127383,14,6,12,0,2016,12,6,6,3,5,2,2,1,0,1,0,0,0,1,8.36379E+20,5.66349E+21,1.37975E+16,5.10243E+16
127383,127384,14,5,11,0,2016,12,14,7,3,3,2,0,0,0,1,0,0,0,0,7.75798E+20,5.63823E+21,1.29168E+16,5.083E+16
127384,127385,14,7,13,0,2016,11,19,7,3,1,6,2,0,0,1,0,0,0,0,7.35048E+20,5.69127E+21,1.23737E+16,5.13241E+16
127385,127386,14,5,22,180,2016,12,6,4,3,5,2,2,1,1,1,0,0,0,0,8.04859E+20,5.64878E+21,1.33371E+16,5.091E+16
127386,127387,14,6,27,10,2016,12,6,2,3,4,6,2,1,0,1,0,0,0,1,8.20227E+20,5.6753E+21,1.35784E+16,5.11394E+16
127387,127388,14,6,12,0,2016,11,14,4,3,0,6,0,1,1,1,0,0,0,0,8.36842E+20,5.66442E+21,1.38049E+16,5.10324E+16
127388,127389,14,6,12,0,2016,11,10,3,3,6,7,0,1,0,1,1,0,0,0,8.28726E+20,5.66296E+21,1.36882E+16,5.1024E+16
127389,127390,14,5,21,590,2016,12,15,2,3,6,7,0,0,0,1,1,0,0,0,7.66008E+20,5.62466E+21,1.27683E+16,5.07128E+16
127390,127391,14,6,12,0,2016,11,12,4,3,6,6,0,1,1,0,1,0,0,0,8.32961E+20,5.6671E+21,1.37522E+16,5.10587E+16
127391,127392,14,6,12,0,2016,11,16,3,3,6,4,1,0,0,1,1,0,0,0,8.38492E+20,5.66099E+21,1.38252E+16,5.10007E+16
127392,127393,14,6,25,370,2016,11,4,7,2,9,1,2,0,0,1,0,0,0,0,8.46016E+20,5.6947E+21,1.39644E+16,5.12983E+16
127393,127394,14,5,22,430,2016,12,6,2,2,9,1,2,1,0,1,0,0,0,0,7.99871E+20,5.64895E+21,1.32665E+16,5.09142E+16
127394,127395,14,6,12,0,2016,12,8,6,3,5,3,0,1,1,1,0,0,0,0,8.35797E+20,5.66409E+21,1.37898E+16,5.10301E+16
127395,127396,14,7,29,50,2016,12,12,5,3,4,3,0,0,0,1,0,0,0,1,7.45424E+20,5.67079E+21,1.25083E+16,5.11359E+16
127396,127397,14,7,13,0,2016,12,15,1,3,5,3,0,0,0,1,0,0,0,0,7.34026E+20,5.69577E+21,1.2362E+16,5.13649E+16
127397,127398,14,6,25,290,2016,11,20,7,2,8,1,2,0,0,1,0,0,0,0,8.84137E+20,5.68463E+21,1.4498E+16,5.11837E+16
127398,127399,14,5,24,90,2016,12,12,3,3,4,6,0,0,0,1,0,0,0,1,7.58767E+20,5.61901E+21,1.26619E+16,5.06654E+16
127399,127400,14,5,11,0,2016,12,14,2,2,4,6,0,0,0,1,0,0,0,0,7.74532E+20,5.63631E+21,1.28974E+16,5.08133E+16
127400,127401,14,6,12,0,2016,11,17,4,3,2,6,2,1,0,1,0,0,0,0,8.34707E+20,5.66737E+21,1.37773E+16,5.10601E+16
127401,127402,14,6,12,0,2016,11,11,3,3,5,2,0,0,0,1,0,0,0,0,8.38645E+20,5.66013E+21,1.38265E+16,5.09929E+16
127402,127403,14,7,13,0,2016,12,4,5,2,6,4,2,0,0,1,1,0,0,0,7.37089E+20,5.6917E+21,1.24032E+16,5.13271E+16
127403,127404,14,6,12,0,2016,12,17,6,3,5,3,2,0,1,1,0,0,0,0,8.3129E+20,5.66831E+21,1.37296E+16,5.10705E+16
127404,127405,14,7,30,270,2016,12,11,5,3,1,5,0,0,0,1,0,0,0,1,7.24104E+20,5.69904E+21,1.22218E+16,5.13983E+16
127405,127406,14,6,12,0,2016,12,3,1,3,0,1,2,0,1,0,0,0,0,0,8.3275E+20,5.66851E+21,1.37505E+16,5.10714E+16
127406,127407,14,7,29,320,2016,12,7,3,3,8,1,1,2,0,1,0,0,0,0,7.41252E+20,5.67032E+21,1.24485E+16,5.11334E+16
127407,127408,14,6,12,0,2016,12,12,1,3,5,2,0,1,0,1,0,0,0,0,8.35704E+20,5.66249E+21,1.3787E+16,5.10158E+16
127408,127409,14,7,13,0,2016,12,6,3,3,5,3,2,0,1,1,0,0,0,0,7.32688E+20,5.69186E+21,1.23403E+16,5.13304E+16