FID,OBJECTID,ULAND,UREGBEZ,UKREIS,UGEMEINDE,UJAHR,UMONAT,USTUNDE,UWOCHENTAG,UKATEGORIE,UART,UTYP1,ULICHTVERH,IstStrasse,IstRad,IstPKW,IstFuss,IstKrad,IstGkfz,IstSonstig,LINREFX,LINREFY,XGCSWGS84,YGCSWGS84
127409,127410,14,6,12,0,2016,11,6,3,3,6,4,1,0,0,1,1,0,0,0,8.31161E+20,5.66679E+21,1.37264E+16,5.1057E+16
127410,127411,14,6,27,230,2016,11,17,7,3,2,6,0,0,0,1,0,0,0,1,7.97167E+20,5.69305E+21,1.32644E+16,5.1311E+16
127411,127412,14,7,13,0,2016,12,15,3,3,6,2,0,0,0,1,1,0,0,0,7.36089E+20,5.68805E+21,1.23865E+16,5.12948E+16
127412,127413,14,5,11,0,2016,12,14,2,3,5,3,0,0,1,1,0,0,0,0,7.77465E+20,5.6407E+21,1.29422E+16,5.08513E+16
127413,127414,14,6,12,0,2016,11,16,4,3,5,3,2,1,1,1,0,0,0,0,8.3319E+20,5.66676E+21,1.37552E+16,5.10555E+16
127414,127415,14,6,12,0,2016,11,19,3,3,6,2,2,0,0,1,1,0,0,0,8.3642E+20,5.66576E+21,1.38002E+16,5.10447E+16
127415,127416,14,7,30,70,2016,12,6,5,2,5,3,2,0,1,1,0,0,0,0,7.31469E+20,5.71356E+21,1.2337E+16,5.15256E+16
127416,127417,14,5,21,620,2016,11,19,5,2,0,7,2,1,0,0,0,1,0,0,7.71658E+20,5.62306E+21,1.28469E+16,5.06958E+16
127417,127418,14,5,11,0,2016,12,11,6,3,0,7,0,0,0,0,1,0,0,1,7.75445E+20,5.63864E+21,1.29121E+16,5.08338E+16
127418,127419,14,7,13,0,2016,12,18,6,3,5,3,2,1,1,0,0,0,0,1,7.34177E+20,5.69218E+21,1.23618E+16,5.13326E+16
127419,127420,14,6,12,0,2016,12,18,1,3,5,3,2,1,0,1,0,0,0,0,8.34788E+20,5.66669E+21,1.37778E+16,5.10539E+16
127420,127421,14,7,13,0,2016,12,13,3,3,5,3,0,0,0,1,0,0,0,1,7.31868E+20,5.69008E+21,1.23274E+16,5.13147E+16
127421,127422,14,7,13,0,2016,11,15,5,3,2,2,0,0,0,1,0,0,0,0,7.29979E+20,5.69428E+21,1.2303E+16,5.13532E+16
127422,127423,14,5,21,20,2016,11,11,3,2,8,1,0,0,0,1,0,0,0,0,7.82246E+20,5.6108E+21,1.29871E+16,5.05808E+16
127423,127424,14,6,28,160,2016,11,11,7,3,5,2,0,0,1,1,0,0,0,0,8.40775E+20,5.65888E+21,1.38556E+16,5.09804E+16
127424,127425,14,5,11,0,2016,12,9,2,3,2,6,0,0,0,1,0,0,0,0,7.74854E+20,5.63988E+21,1.29046E+16,5.08452E+16
127425,127426,14,6,12,0,2016,11,17,4,3,0,7,2,1,1,1,0,0,0,0,8.35141E+20,5.66602E+21,1.37822E+16,5.10477E+16
127426,127427,14,5,11,0,2016,11,9,3,3,1,5,0,0,0,1,0,0,0,1,7.7009E+20,5.63812E+21,1.28358E+16,5.08316E+16
127427,127428,14,6,12,0,2016,11,15,7,3,5,3,0,0,1,1,0,0,0,0,8.29553E+20,5.66471E+21,1.37016E+16,5.10392E+16
127428,127429,14,5,11,0,2016,12,13,2,3,6,4,0,0,0,1,1,0,0,0,7.75253E+20,5.63916E+21,1.29097E+16,5.08385E+16
127429,127430,14,6,12,0,2016,11,16,4,3,6,2,2,0,0,1,1,0,0,0,8.37347E+20,5.664E+21,1.38117E+16,5.10284E+16
127430,127431,14,6,25,450,2016,12,14,5,3,5,3,0,0,0,1,0,0,0,0,8.50164E+20,5.68245E+21,1.40117E+16,5.11859E+16
127431,127432,14,5,11,0,2016,11,15,5,3,2,6,0,1,0,1,0,0,0,0,7.75022E+20,5.63916E+21,1.29065E+16,5.08387E+16
127432,127433,14,5,11,0,2016,12,20,6,3,1,5,2,0,0,1,0,0,0,1,7.78755E+20,5.63877E+21,1.29591E+16,5.08334E+16
127433,127434,14,7,13,0,2016,12,20,6,3,5,3,2,1,0,1,0,0,0,0,7.33871E+20,5.69533E+21,1.23595E+16,5.1361E+16
127434,127435,14,7,13,0,2016,12,7,3,3,2,6,0,0,0,1,0,0,0,0,7.34495E+20,5.6909E+21,1.23655E+16,5.1321E+16
127435,127436,14,6,25,240,2016,11,15,5,3,5,3,0,0,1,1,0,0,0,0,8.66264E+20,5.71143E+21,1.42708E+16,5.14354E+16
127436,127437,14,6,12,0,2016,11,17,4,3,5,3,2,2,0,1,0,0,0,0,8.34409E+20,5.66512E+21,1.3771E+16,5.10401E+16
127437,127438,14,5,24,330,2016,11,18,2,3,0,1,2,2,0,0,0,1,0,1,7.48115E+20,5.62399E+21,1.25149E+16,5.07147E+16
127438,127439,14,6,12,0,2016,11,13,7,3,2,6,0,0,0,1,0,0,0,0,8.34853E+20,5.66857E+21,1.37805E+16,5.10708E+16
127439,127440,14,5,11,0,2016,12,9,2,3,2,2,0,0,0,1,0,0,0,0,7.78918E+20,5.63751E+21,1.29604E+16,5.0822E+16
127440,127441,14,6,12,0,2016,11,23,4,2,5,2,2,1,0,1,0,0,0,1,8.29568E+20,5.6646E+21,1.37017E+16,5.10382E+16
127441,127442,14,5,11,0,2016,12,16,6,3,2,6,1,0,0,1,0,0,0,0,7.70622E+20,5.64022E+21,1.28449E+16,5.08503E+16
127442,127443,14,6,25,20,2016,12,10,5,3,6,2,0,0,0,1,1,0,0,0,8.79707E+20,5.68389E+21,1.44341E+16,5.118E+16
127443,127444,14,7,13,0,2016,12,9,5,3,5,3,0,1,1,1,0,0,0,0,7.33759E+20,5.69544E+21,1.2358E+16,5.13621E+16
127444,127445,14,5,21,530,2016,11,11,7,3,5,3,0,0,0,1,0,0,0,0,7.57313E+20,5.61151E+21,1.26362E+16,5.05987E+16
127445,127446,14,6,28,270,2016,12,16,5,3,6,6,0,0,1,0,1,0,0,0,8.46738E+20,5.65696E+21,1.39384E+16,5.09597E+16
127446,127447,14,5,11,0,2016,11,17,5,3,5,3,2,1,1,1,0,0,0,0,7.76189E+20,5.63889E+21,1.29228E+16,5.08357E+16
127447,127448,14,5,24,300,2016,12,14,5,2,0,7,0,1,1,0,0,0,0,0,7.3808E+20,5.62553E+21,1.2374E+16,5.07327E+16
127448,127449,14,7,13,0,2016,12,18,6,3,5,2,2,0,1,1,0,0,0,0,7.31127E+20,5.69167E+21,1.23178E+16,5.13293E+16
127449,127450,14,5,11,0,2016,11,16,7,2,6,4,2,0,0,1,1,0,0,0,7.74139E+20,5.64179E+21,1.28959E+16,5.08627E+16
127450,127451,14,6,28,160,2016,11,17,4,2,6,4,2,1,0,0,1,0,0,1,8.40996E+20,5.65943E+21,1.38593E+16,5.09852E+16
127451,127452,14,7,29,50,2016,11,14,2,3,6,4,0,0,0,1,1,0,0,0,7.4446E+20,5.66832E+21,1.24929E+16,5.11142E+16
127452,127453,14,7,13,0,2016,11,14,6,3,5,3,0,0,1,1,0,0,0,0,7.36572E+20,5.69717E+21,1.23994E+16,5.13764E+16
127453,127454,14,5,11,0,2016,12,16,2,2,5,3,2,0,0,1,0,0,0,0,7.74348E+20,5.63928E+21,1.2897E+16,5.08401E+16
127454,127455,14,5,24,190,2016,12,6,5,3,6,7,2,0,0,1,1,0,0,0,7.44205E+20,5.63871E+21,1.24694E+16,5.08484E+16
127455,127456,14,6,27,210,2016,12,15,5,3,2,6,0,0,0,1,0,0,0,0,8.23988E+20,5.67181E+21,1.36288E+16,5.1106E+16
127456,127457,14,5,22,80,2016,12,13,1,3,0,1,0,1,0,1,0,0,0,0,7.86854E+20,5.67127E+21,1.30994E+16,5.11209E+16
127457,127458,14,7,13,0,2016,11,6,2,3,1,5,2,0,0,1,0,1,0,0,7.29277E+20,5.6904E+21,1.22904E+16,5.13186E+16
127458,127459,14,7,29,260,2016,11,15,6,3,4,2,0,0,0,1,0,0,0,0,7.34561E+20,5.6867E+21,1.23637E+16,5.12833E+16
127459,127460,14,6,27,10,2016,12,9,3,3,2,6,0,1,1,1,0,0,0,0,8.20958E+20,5.67435E+21,1.35879E+16,5.11305E+16
127460,127461,14,7,13,0,2016,12,18,1,3,6,2,2,0,0,1,1,0,0,0,7.32136E+20,5.69208E+21,1.23325E+16,5.13326E+16
127461,127462,14,5,11,0,2016,11,17,4,3,5,3,1,2,0,1,0,0,0,0,7.76269E+20,5.63734E+21,1.29228E+16,5.08218E+16
127462,127463,14,7,13,0,2016,11,15,2,2,2,6,0,0,0,1,0,0,0,0,7.35206E+20,5.69404E+21,1.23778E+16,5.13489E+16
127463,127464,14,6,28,205,2016,12,10,5,3,6,7,0,0,0,1,1,0,0,0,8.23321E+20,5.64975E+21,1.35997E+16,5.09086E+16
127464,127465,14,6,12,0,2016,12,14,3,3,0,7,0,0,0,0,1,0,0,1,8.29417E+20,5.66905E+21,1.37036E+16,5.10782E+16
127465,127466,14,7,13,0,2016,12,16,1,2,6,4,2,0,0,1,1,0,0,0,7.35675E+20,5.69628E+21,1.2386E+16,5.13688E+16
127466,127467,14,5,11,0,2016,11,7,4,3,5,2,0,0,0,1,0,0,0,0,7.71163E+20,5.63785E+21,1.28508E+16,5.08287E+16
127467,127468,14,7,13,0,2016,11,13,2,3,3,6,0,0,0,1,0,0,0,0,7.3128E+20,5.69716E+21,1.23235E+16,5.13785E+16
127468,127469,14,6,26,290,2016,12,17,1,3,1,5,2,0,1,0,0,0,0,1,8.97053E+20,5.6757E+21,1.4672E+16,5.10949E+16
127469,127470,14,7,30,310,2016,12,7,5,3,5,3,2,1,1,1,0,0,0,0,7.7572E+20,5.71992E+21,1.29784E+16,5.15629E+16
127470,127471,14,5,11,0,2016,12,15,1,3,5,3,1,1,0,1,0,1,0,0,7.77301E+20,5.63755E+21,1.29375E+16,5.08231E+16
127471,127472,14,6,12,0,2016,12,6,3,2,6,2,2,0,0,0,1,0,0,1,8.38408E+20,5.66206E+21,1.3825E+16,5.10103E+16
127472,127473,14,7,13,0,2016,11,16,2,3,6,4,2,0,0,1,1,0,0,0,7.32441E+20,5.69169E+21,1.23366E+16,5.13289E+16
127473,127474,14,7,13,0,2016,11,16,6,3,6,4,1,0,1,0,1,0,0,0,7.35046E+20,5.69088E+21,1.23734E+16,5.13206E+16
127474,127475,14,6,25,480,2016,12,21,1,2,3,6,2,0,0,1,0,1,0,0,8.43256E+20,5.6734E+21,1.39046E+16,5.11091E+16
127475,127476,14,7,13,0,2016,11,12,3,3,5,3,0,0,1,0,0,0,0,1,7.31832E+20,5.69142E+21,1.23277E+16,5.13268E+16
127476,127477,14,5,22,540,2016,12,20,5,3,0,1,2,1,1,0,0,0,0,0,7.94997E+20,5.65416E+21,1.32015E+16,5.09634E+16
127477,127478,14,7,30,230,2016,11,9,4,3,5,3,0,0,1,0,0,0,0,0,7.85473E+20,5.69112E+21,1.30955E+16,5.12997E+16
127478,127479,14,7,30,70,2016,12,11,5,3,4,2,0,1,0,1,0,0,0,0,7.31411E+20,5.71384E+21,1.23363E+16,5.15281E+16
127479,127480,14,6,26,390,2016,12,11,6,3,8,6,0,1,0,1,0,0,0,1,8.9894E+20,5.6638E+21,1.46857E+16,5.09872E+16
127480,127481,14,5,21,370,2016,12,19,1,3,6,4,2,1,0,1,1,0,0,0,7.6278E+20,5.61305E+21,1.27144E+16,5.06101E+16
127481,127482,14,6,12,0,2016,12,6,3,3,3,2,2,1,1,1,0,0,0,0,8.38927E+20,5.66336E+21,1.38336E+16,5.10217E+16
127482,127483,14,7,13,0,2016,12,1,5,3,5,3,2,1,0,1,0,0,0,0,7.37135E+20,5.69443E+21,1.24057E+16,5.13515E+16
127483,127484,14,6,25,240,2016,12,16,6,3,5,3,2,1,1,0,0,0,1,0,8.65433E+20,5.71181E+21,1.42593E+16,5.14393E+16
127484,127485,14,5,11,0,2016,12,15,5,2,0,7,0,1,0,0,0,1,0,0,7.77217E+20,5.63234E+21,1.29324E+16,5.07764E+16
127485,127486,14,7,13,0,2016,12,19,7,3,5,7,2,0,0,1,0,0,0,1,7.35066E+20,5.69066E+21,1.23735E+16,5.13186E+16
127486,127487,14,6,12,0,2016,12,15,3,3,0,7,0,0,1,0,0,0,0,0,8.33408E+20,5.66896E+21,1.37603E+16,5.1075E+16
127487,127488,14,7,13,0,2016,11,16,2,3,6,7,1,0,0,1,1,0,0,0,7.35248E+20,5.69288E+21,1.23776E+16,5.13384E+16
127488,127489,14,7,13,0,2016,11,10,6,3,5,3,0,0,1,1,0,0,0,0,7.38866E+20,5.68963E+21,1.24273E+16,5.13078E+16
127489,127490,14,5,22,80,2016,12,20,1,3,8,5,2,0,0,1,0,0,0,0,7.8838E+20,5.67152E+21,1.31214E+16,5.11224E+16
127490,127491,14,5,23,320,2016,11,19,3,3,6,7,2,0,0,0,1,0,0,1,7.21175E+20,5.59836E+21,1.21186E+16,5.04954E+16
127491,127492,14,7,30,330,2016,12,9,4,3,5,3,0,1,1,0,0,0,0,1,7.74648E+20,5.68862E+21,1.29387E+16,5.12826E+16
127492,127493,14,7,30,70,2016,11,12,4,3,3,2,0,0,1,1,0,0,0,0,7.31764E+20,5.71398E+21,1.23415E+16,5.15293E+16
127493,127494,14,7,13,0,2016,12,7,5,3,5,3,1,1,1,1,0,0,0,0,7.34634E+20,5.69088E+21,1.23675E+16,5.13208E+16
127494,127495,14,6,25,20,2016,12,15,6,2,1,6,0,1,0,1,0,0,0,0,8.77924E+20,5.68294E+21,1.44077E+16,5.11727E+16
127495,127496,14,7,13,0,2016,11,10,6,3,5,3,0,0,1,1,0,0,0,0,7.35544E+20,5.6974E+21,1.23849E+16,5.13789E+16
127496,127497,14,6,12,0,2016,12,15,3,3,5,3,0,0,0,1,0,0,0,0,8.35066E+20,5.66581E+21,1.3781E+16,5.10459E+16
127497,127498,14,6,25,240,2016,11,13,5,3,5,2,0,1,1,1,0,0,0,0,8.65962E+20,5.71221E+21,1.42673E+16,5.14426E+16
127498,127499,14,5,23,20,2016,11,16,3,3,2,6,1,0,0,1,0,0,0,0,7.41911E+20,5.60099E+21,1.24122E+16,5.05108E+16
127499,127500,14,7,13,0,2016,11,10,2,3,2,6,0,0,0,1,0,0,0,0,7.37188E+20,5.6939E+21,1.24061E+16,5.13468E+16
127500,127501,14,6,25,50,2016,11,11,6,3,6,6,0,0,0,1,1,0,0,0,8.53481E+20,5.67806E+21,1.40546E+16,5.11446E+16
127501,127502,14,5,24,330,2016,12,13,7,2,6,2,0,0,0,1,1,0,0,0,7.44599E+20,5.6247E+21,1.24656E+16,5.07225E+16
127502,127503,14,6,26,450,2016,11,17,5,3,6,7,2,1,0,1,1,0,0,0,9.03716E+20,5.68064E+21,1.47722E+16,5.11345E+16
127503,127504,14,6,12,0,2016,11,15,2,2,0,3,0,0,1,0,0,0,0,1,8.31619E+20,5.66489E+21,1.37311E+16,5.10396E+16
127504,127505,14,6,25,240,2016,11,11,6,3,6,4,0,0,1,0,1,0,0,0,8.64359E+20,5.71168E+21,1.42438E+16,5.14388E+16
127505,127506,14,6,26,600,2016,12,10,7,2,0,1,0,2,0,0,0,1,0,0,8.90605E+20,5.72054E+21,1.46294E+16,5.15006E+16
127506,127507,14,5,23,20,2016,11,10,3,3,6,6,0,0,0,1,1,0,0,0,7.40051E+20,5.60131E+21,1.23862E+16,5.05144E+16
127507,127508,14,7,13,0,2016,12,18,4,3,5,3,2,1,0,1,0,0,0,0,7.29101E+20,5.69462E+21,1.22906E+16,5.13565E+16
127508,127509,14,7,30,70,2016,11,11,4,3,0,7,0,0,0,0,1,0,0,1,7.3146E+20,5.71383E+21,1.2337E+16,5.15281E+16
127509,127510,14,7,13,0,2016,12,0,5,3,5,3,2,1,0,1,0,0,0,0,7.31923E+20,5.68824E+21,1.23269E+16,5.12981E+16
127510,127511,14,6,25,20,2016,12,7,6,2,6,4,1,0,0,1,1,0,0,0,8.79885E+20,5.68515E+21,1.44379E+16,5.11912E+16
127511,127512,14,6,27,170,2016,11,14,6,3,8,1,0,0,0,0,0,1,0,0,8.18854E+20,5.67975E+21,1.35628E+16,5.118E+16
127512,127513,14,5,21,50,2016,12,17,3,3,6,4,2,1,0,1,1,0,0,0,7.59807E+20,5.61195E+21,1.26717E+16,5.06015E+16
127513,127514,14,5,23,20,2016,11,19,3,2,6,4,2,0,0,1,1,0,0,0,7.40564E+20,5.60068E+21,1.2393E+16,5.05086E+16
127514,127515,14,6,12,0,2016,11,12,2,3,5,3,0,0,1,1,0,0,0,0,8.36288E+20,5.66097E+21,1.37939E+16,5.10018E+16
127515,127516,14,6,26,110,2016,12,7,7,3,8,1,0,0,0,1,0,0,0,0,9.19124E+20,5.69106E+21,1.50034E+16,5.12166E+16
127516,127517,14,6,25,480,2016,12,9,5,3,6,2,0,1,0,1,1,0,0,0,8.4426E+20,5.6743E+21,1.39197E+16,5.11165E+16
127517,127518,14,7,13,0,2016,12,13,7,3,2,6,0,0,0,1,0,0,0,0,7.33368E+20,5.69197E+21,1.23501E+16,5.13311E+16
127518,127519,14,5,21,550,2016,12,7,3,3,5,2,0,1,0,1,0,0,0,0,7.67759E+20,5.60547E+21,1.27791E+16,5.05397E+16
127519,127520,14,6,26,110,2016,12,6,5,3,6,4,2,1,0,1,1,0,0,0,9.18772E+20,5.68407E+21,1.49902E+16,5.11544E+16
127520,127521,14,7,13,0,2016,12,19,4,2,5,3,2,0,1,0,0,0,0,1,7.35975E+20,5.69549E+21,1.23898E+16,5.13616E+16
127521,127522,14,7,13,0,2016,11,18,4,3,5,3,2,0,1,1,0,0,0,0,7.35174E+20,5.69349E+21,1.2377E+16,5.13439E+16
127522,127523,14,6,28,270,2016,12,11,5,3,5,3,0,1,0,1,0,0,0,0,8.4637E+20,5.65708E+21,1.39333E+16,5.0961E+16
127523,127524,14,6,12,0,2016,11,17,6,3,5,2,2,0,0,1,0,1,0,0,8.27182E+20,5.66465E+21,1.36678E+16,5.104E+16
127524,127525,14,5,11,0,2016,12,15,3,2,4,1,0,1,0,1,0,0,1,0,7.7152E+20,5.63826E+21,1.28562E+16,5.08322E+16
127525,127526,14,6,12,0,2016,12,11,7,3,1,2,0,0,0,1,0,0,0,0,8.25115E+20,5.6644E+21,1.36382E+16,5.1039E+16
127526,127527,14,7,30,230,2016,11,15,3,3,2,6,0,0,0,1,0,0,0,0,7.86547E+20,5.69062E+21,1.31105E+16,5.12947E+16
127527,127528,14,5,22,570,2016,11,18,2,3,5,3,2,0,0,1,0,0,0,0,7.79843E+20,5.66645E+21,1.29957E+16,5.10812E+16
127528,127529,14,6,12,0,2016,12,7,5,3,3,6,1,1,1,1,0,0,0,0,8.30403E+20,5.67017E+21,1.37187E+16,5.10877E+16
127529,127530,14,7,13,0,2016,12,16,4,3,4,6,2,0,1,0,0,0,0,0,7.35667E+20,5.69289E+21,1.23836E+16,5.13383E+16
127530,127531,14,7,13,0,2016,12,6,7,2,0,1,2,0,1,0,0,0,0,0,7.35412E+20,5.69042E+21,1.23784E+16,5.13163E+16
127531,127532,14,5,24,80,2016,12,10,2,2,5,3,0,0,1,1,0,0,0,0,7.49464E+20,5.63558E+21,1.25418E+16,5.08181E+16
127532,127533,14,5,22,80,2016,11,6,2,3,5,3,1,0,1,1,0,0,0,0,7.87104E+20,5.67163E+21,1.31033E+16,5.1124E+16
127533,127534,14,6,12,0,2016,11,7,6,3,6,4,1,0,0,1,1,0,0,0,8.32471E+20,5.66885E+21,1.37469E+16,5.10746E+16
127534,127535,14,6,12,0,2016,12,20,7,3,2,6,2,0,0,1,0,0,0,0,8.2806E+20,5.66609E+21,1.36816E+16,5.10524E+16
127535,127536,14,7,29,160,2016,11,18,3,3,5,3,2,0,0,1,0,1,0,0,7.5962E+20,5.68489E+21,1.2721E+16,5.12561E+16
127536,127537,14,5,21,700,2016,11,7,2,3,4,2,1,0,0,1,0,0,0,0,7.59342E+20,5.60966E+21,1.26635E+16,5.05812E+16
127537,127538,14,6,12,0,2016,11,10,6,3,2,6,0,0,0,1,0,0,0,0,8.3342E+20,5.6666E+21,1.37583E+16,5.10539E+16
127538,127539,14,5,24,80,2016,12,10,2,2,4,2,0,1,0,1,0,0,0,1,7.49827E+20,5.63615E+21,1.25473E+16,5.08231E+16
127539,127540,14,6,12,0,2016,12,14,7,2,5,3,0,0,0,1,0,0,0,0,8.36799E+20,5.66578E+21,1.38056E+16,5.10446E+16
127540,127541,14,7,13,0,2016,11,17,3,3,5,3,2,0,0,1,0,0,0,0,7.36683E+20,5.69386E+21,1.23988E+16,5.13467E+16
127541,127542,14,5,11,0,2016,11,10,2,3,0,7,0,1,1,1,0,0,0,0,7.77982E+20,5.63487E+21,1.29452E+16,5.07987E+16
127542,127543,14,7,13,0,2016,12,10,4,3,2,6,0,0,1,0,0,0,0,1,7.35873E+20,5.69349E+21,1.2387E+16,5.13436E+16
127543,127544,14,6,12,0,2016,12,8,5,3,5,3,0,1,0,1,0,0,0,0,8.30561E+20,5.66952E+21,1.37203E+16,5.10818E+16
127544,127545,14,6,25,20,2016,12,13,6,2,5,3,0,1,1,0,0,0,0,1,8.79707E+20,5.68389E+21,1.44341E+16,5.118E+16
127545,127546,14,7,13,0,2016,12,18,7,3,6,7,2,0,0,1,1,0,0,0,7.38876E+20,5.69356E+21,1.24301E+16,5.1343E+16
127546,127547,14,5,23,160,2016,12,12,2,3,5,3,0,0,0,1,0,0,0,0,7.46684E+20,5.58426E+21,1.24683E+16,5.03586E+16
127547,127548,14,5,11,0,2016,11,13,2,2,4,6,0,0,0,1,0,0,0,0,7.78069E+20,5.63515E+21,1.29466E+16,5.08013E+16
127548,127549,14,6,12,0,2016,11,18,6,3,5,3,2,0,1,1,0,0,0,0,8.35409E+20,5.66619E+21,1.37862E+16,5.10491E+16
127549,127550,14,7,29,260,2016,11,9,3,3,4,2,0,0,0,1,0,0,1,0,7.36861E+20,5.68611E+21,1.23962E+16,5.1277E+16
127550,127551,14,7,13,0,2016,12,14,4,2,8,1,0,0,0,1,0,0,0,0,7.3931E+20,5.69707E+21,1.24387E+16,5.13744E+16
127551,127552,14,7,13,0,2016,11,13,4,3,5,3,0,0,1,0,0,0,0,1,7.3749E+20,5.6933E+21,1.241E+16,5.13413E+16
127552,127553,14,6,12,0,2016,12,14,5,3,1,7,0,1,0,1,0,0,0,0,8.26741E+20,5.6661E+21,1.36629E+16,5.10533E+16
127553,127554,14,7,13,0,2016,12,17,4,2,5,3,2,0,1,1,0,0,0,0,7.36758E+20,5.69985E+21,1.24039E+16,5.14003E+16
127554,127555,14,7,13,0,2016,11,18,4,3,1,7,2,0,0,1,0,0,0,0,7.33996E+20,5.69552E+21,1.23614E+16,5.13626E+16
127555,127556,14,6,12,0,2016,12,17,5,2,6,4,2,1,0,1,1,0,0,0,8.3916E+20,5.66372E+21,1.38372E+16,5.10247E+16
127556,127557,14,6,27,230,2016,12,17,6,3,4,7,2,1,0,1,0,0,0,1,7.94485E+20,5.6883E+21,1.32221E+16,5.12698E+16
127557,127558,14,7,30,310,2016,12,17,2,2,1,5,2,2,0,1,0,1,0,0,7.74306E+20,5.72016E+21,1.29582E+16,5.15657E+16
127558,127559,14,7,13,0,2016,11,17,3,3,3,6,2,0,1,1,0,0,0,0,7.35006E+20,5.69192E+21,1.23735E+16,5.13299E+16
127559,127560,14,5,11,0,2016,11,10,2,3,5,2,0,0,0,1,0,0,0,0,7.77469E+20,5.63999E+21,1.29418E+16,5.0845E+16
127560,127561,14,6,12,0,2016,11,7,6,3,5,2,0,0,1,1,0,0,0,0,8.34715E+20,5.66438E+21,1.37747E+16,5.10333E+16
127561,127562,14,6,12,0,2016,12,18,7,2,6,2,2,0,0,1,1,0,0,0,8.37112E+20,5.6662E+21,1.38104E+16,5.10482E+16
127562,127563,14,7,13,0,2016,11,13,3,3,1,5,0,0,1,0,0,0,0,1,7.32485E+20,5.69182E+21,1.23373E+16,5.13301E+16
127563,127564,14,6,12,0,2016,12,6,5,3,3,7,2,1,0,1,0,0,0,0,8.32922E+20,5.66719E+21,1.37518E+16,5.10595E+16
127564,127565,14,6,25,600,2016,12,7,4,2,8,1,0,2,0,1,0,0,0,0,8.41472E+20,5.68208E+21,1.38874E+16,5.11879E+16
127565,127566,14,7,13,0,2016,11,9,4,3,2,6,0,0,0,1,0,1,0,0,7.31082E+20,5.69399E+21,1.23186E+16,5.13501E+16
127566,127567,14,6,12,0,2016,12,14,5,3,3,6,0,1,1,0,0,0,0,1,8.30093E+20,5.67076E+21,1.37148E+16,5.10931E+16
127567,127568,14,6,28,160,2016,12,12,6,3,5,3,0,1,0,1,0,0,0,0,8.41495E+20,5.65917E+21,1.38661E+16,5.09826E+16
127568,127569,14,6,12,0,2016,11,16,6,3,6,4,1,0,0,1,1,0,0,0,8.30825E+20,5.66943E+21,1.3724E+16,5.10808E+16
127569,127570,14,7,29,250,2016,12,19,2,3,1,1,2,0,0,1,0,0,0,0,7.51719E+20,5.69616E+21,1.26159E+16,5.13608E+16
127570,127571,14,5,21,690,2016,12,15,7,2,6,7,0,0,0,1,1,0,0,0,7.87085E+20,5.62958E+21,1.30699E+16,5.07469E+16
127571,127572,14,7,13,0,2016,11,10,3,3,6,4,0,0,0,1,1,0,0,0,7.40171E+20,5.69391E+21,1.24489E+16,5.13456E+16
127572,127573,14,7,13,0,2016,11,1,1,3,1,1,2,1,1,1,0,0,0,0,7.37876E+20,5.69272E+21,1.24152E+16,5.13359E+16
127573,127574,14,6,12,0,2016,12,16,6,3,5,2,0,1,0,1,0,0,0,0,8.2836E+20,5.66665E+21,1.36864E+16,5.10573E+16
127574,127575,14,5,11,0,2016,11,16,6,3,1,5,2,1,0,1,0,0,0,0,7.7027E+20,5.63624E+21,1.2837E+16,5.08147E+16
127575,127576,14,6,12,0,2016,11,3,1,3,0,1,2,1,1,0,0,0,0,0,8.32708E+20,5.66359E+21,1.37454E+16,5.10273E+16
127576,127577,14,5,11,0,2016,11,13,6,3,5,3,0,0,1,1,0,0,0,0,7.7363E+20,5.63831E+21,1.28861E+16,5.08317E+16
127577,127578,14,5,11,0,2016,12,11,7,3,5,2,0,0,0,1,0,0,0,0,7.75261E+20,5.63905E+21,1.29098E+16,5.08376E+16
127578,127579,14,6,12,0,2016,12,7,5,3,5,3,2,1,1,1,0,0,0,0,8.36678E+20,5.66492E+21,1.38031E+16,5.10369E+16
127579,127580,14,6,26,110,2016,12,13,4,3,0,1,0,0,1,0,0,0,0,0,9.1812E+20,5.68306E+21,1.49798E+16,5.11458E+16
127580,127581,14,7,13,0,2016,12,22,7,3,5,3,2,0,0,1,0,0,0,0,7.35119E+20,5.69398E+21,1.23765E+16,5.13484E+16
127581,127582,14,5,11,0,2016,11,14,6,3,0,7,0,0,0,0,0,0,0,1,7.78817E+20,5.63707E+21,1.29587E+16,5.08181E+16
127582,127583,14,7,29,430,2016,12,18,2,3,5,3,2,0,1,1,0,0,0,0,7.32263E+20,5.67814E+21,1.23253E+16,5.12074E+16
127583,127584,14,5,24,330,2016,12,6,6,2,6,7,2,1,1,0,1,0,0,0,7.45578E+20,5.63167E+21,1.24841E+16,5.07846E+16