FID,OBJECTID,ULAND,UREGBEZ,UKREIS,UGEMEINDE,UJAHR,UMONAT,USTUNDE,UWOCHENTAG,UKATEGORIE,UART,UTYP1,ULICHTVERH,IstStrasse,IstRad,IstPKW,IstFuss,IstKrad,IstGkfz,IstSonstig,LINREFX,LINREFY,XGCSWGS84,YGCSWGS84
127584,127585,14,7,13,0,2016,11,13,3,2,5,2,0,0,1,0,0,0,0,1,7.41844E+20,5.69546E+21,1.24739E+16,5.13589E+16
127585,127586,14,6,27,210,2016,11,16,1,2,5,3,1,1,1,1,0,0,0,0,8.24487E+20,5.67173E+21,1.36359E+16,5.1105E+16
127586,127587,14,6,25,40,2016,12,13,4,2,4,6,0,0,0,1,0,0,1,0,8.6452E+20,5.67871E+21,1.42125E+16,5.11435E+16
127587,127588,14,6,12,0,2016,12,7,5,2,6,4,0,1,0,1,1,0,0,0,8.33257E+20,5.66451E+21,1.37541E+16,5.10353E+16
127588,127589,14,6,27,190,2016,12,6,4,3,6,7,2,0,0,1,1,0,0,0,8.056E+20,5.69268E+21,1.33847E+16,5.13032E+16
127589,127590,14,6,25,240,2016,12,0,7,2,1,1,2,1,1,1,0,0,0,0,8.63907E+20,5.71176E+21,1.42374E+16,5.14398E+16
127590,127591,14,5,24,180,2016,12,22,6,3,6,7,2,1,0,1,1,0,0,0,7.64698E+20,5.64089E+21,1.27614E+16,5.0859E+16
127591,127592,14,6,12,0,2016,12,6,5,3,5,2,2,1,1,1,0,0,0,0,8.35025E+20,5.66674E+21,1.37812E+16,5.10543E+16
127592,127593,14,6,25,20,2016,12,20,7,3,2,6,2,0,0,1,0,0,0,0,8.7898E+20,5.6835E+21,1.44233E+16,5.1177E+16
127593,127594,14,7,13,0,2016,12,10,2,3,2,6,0,1,0,1,0,0,0,0,7.29078E+20,5.69087E+21,1.22879E+16,5.13229E+16
127594,127595,14,5,21,120,2016,11,14,1,2,8,1,0,1,0,0,0,1,0,0,7.77036E+20,5.62752E+21,1.29262E+16,5.07333E+16
127595,127596,14,5,22,240,2016,11,16,6,2,5,3,0,0,0,1,0,1,0,0,8.05648E+20,5.65163E+21,1.33506E+16,5.09351E+16
127596,127597,14,7,13,0,2016,12,7,2,3,6,2,0,0,0,1,1,0,0,0,7.35312E+20,5.68975E+21,1.23765E+16,5.13103E+16
127597,127598,14,7,13,0,2016,12,11,6,3,2,6,0,0,0,1,0,0,0,0,7.32859E+20,5.69056E+21,1.23419E+16,5.13186E+16
127598,127599,14,7,13,0,2016,11,11,3,3,1,5,0,0,1,1,0,0,0,0,7.35037E+20,5.69122E+21,1.23735E+16,5.13237E+16
127599,127600,14,6,27,170,2016,12,8,4,3,8,1,0,2,0,1,0,0,0,0,8.1635E+20,5.68136E+21,1.35285E+16,5.11959E+16
127600,127601,14,6,25,240,2016,11,13,4,2,5,3,0,0,1,1,0,0,0,0,8.65126E+20,5.71172E+21,1.42548E+16,5.14387E+16
127601,127602,7,3,15,0,2016,1,17,5,3,1,7,2,1,0,1,0,0,1,0,4.46647E+20,5.53448E+21,8.25616E+15,4.99603E+16
127602,127603,14,7,13,0,2016,12,0,7,3,9,1,2,2,0,0,0,0,0,1,7.40975E+20,5.68794E+21,1.24563E+16,5.12917E+16
127603,127604,14,5,22,180,2016,12,11,3,3,6,7,0,1,0,0,1,0,0,1,8.05517E+20,5.64919E+21,1.33467E+16,5.09134E+16
127604,127605,14,6,12,0,2016,12,13,3,3,5,3,0,1,0,1,0,0,0,0,8.36535E+20,5.66569E+21,1.38017E+16,5.1044E+16
127605,127606,14,7,13,0,2016,12,17,5,3,6,2,2,1,0,0,1,0,1,0,7.34796E+20,5.69248E+21,1.23709E+16,5.13351E+16
127606,127607,14,5,11,0,2016,12,2,4,3,8,1,2,1,0,1,0,0,0,0,7.76607E+20,5.63387E+21,1.29249E+16,5.07905E+16
127607,127608,7,1,38,45,2016,1,7,2,3,6,4,2,1,0,1,1,0,0,0,3.91587E+20,5.58949E+21,7.47302E+15,5.04474E+16
127608,127609,14,6,26,60,2016,12,11,6,3,8,1,0,2,0,1,0,0,0,0,8.90218E+20,5.70768E+21,1.46097E+16,5.13858E+16
127609,127610,7,3,13,0,2016,1,16,6,3,1,5,1,0,0,1,0,0,0,0,4.35957E+20,5.44976E+21,8.12093E+15,4.91973E+16
127610,127611,7,3,15,0,2016,1,15,5,2,6,7,0,1,0,1,1,0,0,0,4.45914E+20,5.5369E+21,8.2456E+15,4.99819E+16
127611,127612,14,6,26,610,2016,12,12,5,2,2,6,0,0,0,1,0,0,0,0,9.08606E+20,5.65427E+21,1.48121E+16,5.08951E+16
127612,127613,14,6,26,610,2016,12,11,7,3,6,4,0,0,0,1,1,0,0,0,9.08623E+20,5.65232E+21,1.48101E+16,5.08777E+16
127613,127614,14,5,11,0,2016,12,17,3,3,5,3,2,0,1,1,0,0,0,0,7.75982E+20,5.64049E+21,1.29211E+16,5.08502E+16
127614,127615,14,7,13,0,2016,12,17,2,3,0,7,2,0,0,1,0,0,0,0,7.35184E+20,5.68897E+21,1.23741E+16,5.13033E+16
127615,127616,14,6,27,210,2016,12,11,5,3,0,1,0,2,1,0,0,0,0,0,8.24632E+20,5.67165E+21,1.36379E+16,5.11042E+16
127616,127617,14,6,25,310,2016,12,13,6,2,9,1,0,1,0,0,0,1,0,0,8.53378E+20,5.71314E+21,1.40879E+16,5.14588E+16
127617,127618,14,5,11,0,2016,12,6,4,3,5,3,1,1,0,1,0,0,0,0,7.70961E+20,5.63777E+21,1.28479E+16,5.08281E+16
127618,127619,14,5,22,570,2016,12,17,2,2,6,2,2,1,0,1,1,0,0,0,7.81023E+20,5.66577E+21,1.3012E+16,5.10745E+16
127619,127620,14,6,12,0,2016,12,14,5,3,2,2,0,0,0,1,0,0,0,0,8.32927E+20,5.66453E+21,1.37494E+16,5.10357E+16
127620,127621,14,7,13,0,2016,12,16,3,3,3,2,2,0,1,1,0,0,0,0,7.32948E+20,5.69109E+21,1.23435E+16,5.13233E+16
127621,127622,7,1,40,64,2016,1,13,2,2,6,4,0,1,0,0,1,0,0,1,3.89265E+20,5.54733E+21,7.45265E+15,5.00679E+16
127622,127623,14,6,26,110,2016,12,11,6,3,4,2,0,0,1,1,0,0,0,0,9.18868E+20,5.68321E+21,1.49906E+16,5.11466E+16
127623,127624,7,3,39,30,2016,1,22,6,3,0,1,2,2,1,0,0,0,0,0,4.32323E+20,5.53448E+21,8.05647E+15,4.99589E+16
127624,127625,14,5,11,0,2016,12,17,3,3,0,7,2,0,0,0,0,0,0,1,7.7615E+20,5.6385E+21,1.2922E+16,5.08322E+16
127625,127626,7,3,34,7,2016,1,11,4,3,6,6,0,1,1,0,1,0,0,0,4.54408E+20,5.45162E+21,8.37396E+15,4.92157E+16
127626,127627,14,5,21,30,2016,12,17,5,2,6,7,2,1,0,0,1,0,0,1,7.61853E+20,5.61092E+21,1.26998E+16,5.05914E+16
127627,127628,14,6,25,90,2016,12,16,7,3,4,1,2,2,0,1,0,0,0,0,8.84573E+20,5.67472E+21,1.44936E+16,5.10947E+16
127628,127629,14,5,21,690,2016,12,15,2,2,6,4,0,1,0,1,1,0,0,0,7.87536E+20,5.62963E+21,1.30763E+16,5.07471E+16
127629,127630,14,6,27,60,2016,12,18,6,3,1,5,2,1,1,1,0,0,0,0,8.15618E+20,5.69223E+21,1.35276E+16,5.12937E+16
127630,127631,7,3,37,38,2016,1,10,4,3,1,7,0,1,0,1,0,0,0,0,4.43655E+20,5.44333E+21,8.22748E+15,4.91402E+16
127631,127632,14,5,21,620,2016,12,5,7,3,5,2,2,0,1,1,0,0,0,0,7.72333E+20,5.62414E+21,1.28572E+16,5.07051E+16
127632,127633,14,5,23,320,2016,12,11,2,3,2,6,0,1,0,1,0,0,0,0,7.21733E+20,5.59844E+21,1.21265E+16,5.04959E+16
127633,127634,7,3,19,0,2016,1,13,4,3,0,6,0,0,1,1,0,0,0,0,4.5394E+20,5.49849E+21,8.36209E+15,4.96372E+16
127634,127635,14,6,28,130,2016,12,15,6,3,8,1,0,1,0,1,0,0,0,0,8.37627E+20,5.64807E+21,1.38009E+16,5.08855E+16
127635,127636,14,5,23,340,2016,12,16,2,3,2,2,0,0,0,1,0,0,0,1,7.3345E+20,5.61297E+21,1.23005E+16,5.06218E+16
127636,127637,7,3,39,30,2016,1,12,4,3,5,3,0,0,1,1,0,0,0,0,4.3207E+20,5.53547E+21,8.05277E+15,4.99677E+16
127637,127638,14,7,30,280,2016,12,21,1,3,6,4,2,0,0,1,1,0,0,0,7.4252E+20,5.71123E+21,1.24944E+16,5.15001E+16
127638,127639,14,5,11,0,2016,12,18,5,3,5,2,2,0,0,1,0,0,0,0,7.74666E+20,5.63514E+21,1.28984E+16,5.08027E+16
127639,127640,14,5,11,0,2016,12,14,7,3,2,6,0,0,0,1,0,0,0,0,7.7407E+20,5.63552E+21,1.28903E+16,5.08064E+16
127640,127641,14,6,26,610,2016,12,12,1,3,1,5,0,1,1,1,0,0,0,0,9.08108E+20,5.65471E+21,1.48055E+16,5.08995E+16
127641,127642,14,6,12,0,2016,12,9,6,3,0,1,0,2,1,0,0,0,0,0,8.3788E+20,5.66384E+21,1.38191E+16,5.10266E+16
127642,127643,14,7,13,0,2016,12,14,3,2,5,3,0,0,0,1,0,0,0,0,7.3992E+20,5.69396E+21,1.24453E+16,5.13462E+16
127643,127644,14,7,30,70,2016,12,13,4,3,5,3,0,1,1,1,0,0,0,0,7.31563E+20,5.71388E+21,1.23385E+16,5.15285E+16
127644,127645,7,1,31,7,2016,1,21,4,3,1,5,2,1,1,0,0,0,0,1,3.64178E+20,5.59986E+21,7.08341E+15,5.05349E+16
127645,127646,14,5,22,460,2016,12,23,7,2,6,4,2,0,0,1,1,0,0,0,7.58108E+20,5.64997E+21,1.26744E+16,5.09434E+16
127646,127647,14,7,30,70,2016,12,7,2,3,5,3,2,0,1,1,0,0,0,0,7.31505E+20,5.71385E+21,1.23377E+16,5.15282E+16
127647,127648,14,6,12,0,2016,12,22,1,2,6,7,2,1,0,1,1,0,0,0,8.33198E+20,5.66296E+21,1.37518E+16,5.10214E+16
127648,127649,14,5,11,0,2016,12,15,5,3,2,6,0,0,0,1,0,0,0,0,7.77302E+20,5.63982E+21,1.29393E+16,5.08435E+16
127649,127650,14,7,13,0,2016,12,7,3,3,2,6,1,0,0,1,0,0,0,0,7.38214E+20,5.69464E+21,1.24213E+16,5.1353E+16
127650,127651,14,6,12,0,2016,12,11,1,3,5,3,0,1,0,1,0,0,0,0,8.33743E+20,5.66581E+21,1.37622E+16,5.10467E+16
127651,127652,14,5,11,0,2016,12,10,5,3,2,6,0,0,1,1,0,0,0,0,7.74175E+20,5.63492E+21,1.28913E+16,5.0801E+16
127652,127653,14,5,11,0,2016,12,14,7,3,5,3,0,0,1,1,0,0,0,0,7.75231E+20,5.63935E+21,1.29096E+16,5.08403E+16
127653,127654,14,7,13,0,2016,12,16,3,3,2,6,1,1,0,1,0,0,0,0,7.3313E+20,5.69414E+21,1.23481E+16,5.13506E+16
127654,127655,14,6,12,0,2016,12,11,6,2,5,3,0,1,1,1,0,0,0,0,8.36988E+20,5.66469E+21,1.38072E+16,5.10347E+16
127655,127656,7,3,15,0,2016,1,10,6,3,6,7,0,1,0,1,1,0,0,0,4.47569E+20,5.53865E+21,8.26844E+15,4.99979E+16
127656,127657,14,6,26,60,2016,12,6,3,3,9,6,2,2,0,1,0,1,0,0,8.86605E+20,5.71029E+21,1.45609E+16,5.14117E+16
127657,127658,14,7,13,0,2016,12,18,4,3,3,2,0,1,1,1,0,0,0,0,7.34771E+20,5.69373E+21,1.23713E+16,5.13462E+16
127658,127659,7,1,11,0,2016,1,16,4,3,6,6,1,1,0,1,1,0,0,0,4.00142E+20,5.57612E+21,7.59703E+15,5.03287E+16
127659,127660,14,5,21,390,2016,12,17,7,3,6,4,2,1,0,1,1,0,0,0,7.94226E+20,5.61921E+21,1.31626E+16,5.06503E+16
127660,127661,14,7,13,0,2016,12,19,2,3,5,3,2,0,0,1,0,0,0,0,7.37185E+20,5.69384E+21,1.2406E+16,5.13463E+16
127661,127662,14,5,11,0,2016,12,14,5,3,2,6,0,0,0,1,0,0,0,0,7.75792E+20,5.63824E+21,1.29167E+16,5.083E+16
127662,127663,14,6,27,230,2016,12,8,3,3,5,3,0,0,1,0,0,0,0,1,7.99599E+20,5.6927E+21,1.32989E+16,5.13066E+16
127663,127664,7,3,12,0,2016,1,16,1,3,2,6,2,1,0,1,0,0,0,0,4.08649E+20,5.48016E+21,7.7392E+15,4.94672E+16
127664,127665,14,5,22,60,2016,12,18,6,3,5,3,2,0,1,1,0,0,0,0,7.67906E+20,5.64792E+21,1.28121E+16,5.09206E+16
127665,127666,7,1,34,45,2016,1,7,6,3,4,1,0,2,0,1,0,0,0,0,3.82144E+20,5.5084E+21,7.36506E+15,4.97166E+16
127666,127667,14,7,13,0,2016,12,21,2,3,0,7,2,0,1,1,0,0,0,0,7.35537E+20,5.69292E+21,1.23818E+16,5.13386E+16
127667,127668,7,1,37,203,2016,1,18,4,3,1,7,2,1,0,1,0,0,0,0,3.98579E+20,5.58696E+21,7.57215E+15,5.04259E+16
127668,127669,7,3,38,25,2016,1,9,1,3,5,3,0,0,0,1,0,0,0,0,4.5539E+20,5.46951E+21,8.38545E+15,4.93766E+16
127669,127670,14,5,21,110,2016,12,14,6,1,6,7,0,0,0,1,1,0,0,0,7.6709E+20,5.6005E+21,1.27662E+16,5.04955E+16
127670,127671,7,2,11,0,2016,1,9,6,2,6,4,0,1,0,1,1,0,0,0,3.30205E+20,5.51263E+21,6.64325E+15,4.97422E+16
127671,127672,7,3,17,0,2016,1,16,3,3,2,2,1,1,0,1,0,0,0,0,3.98338E+20,5.44969E+21,7.6047E+15,4.91916E+16
127672,127673,14,5,24,330,2016,12,10,4,3,5,3,0,1,1,1,0,0,0,0,7.47665E+20,5.62522E+21,1.25093E+16,5.07259E+16
127673,127674,14,7,13,0,2016,12,18,6,3,2,6,2,0,1,1,0,0,0,0,7.35052E+20,5.6911E+21,1.23736E+16,5.13225E+16
127674,127675,14,7,13,0,2016,12,7,2,3,5,3,2,1,1,1,0,0,0,0,7.35884E+20,5.6926E+21,1.23865E+16,5.13357E+16
127675,127676,14,6,26,60,2016,12,9,7,3,8,1,0,1,0,1,0,0,0,0,8.91898E+20,5.7056E+21,1.46314E+16,5.13661E+16
127676,127677,14,5,24,300,2016,12,14,4,3,5,3,0,0,1,1,0,0,0,0,7.38075E+20,5.62491E+21,1.23735E+16,5.07271E+16
127677,127678,14,6,12,0,2016,12,10,3,3,1,6,0,0,0,1,0,0,0,1,8.36693E+20,5.6606E+21,1.37993E+16,5.09983E+16
127678,127679,7,3,15,0,2016,1,4,1,3,8,1,2,1,0,1,0,0,0,0,4.4743E+20,5.53707E+21,8.26672E+15,4.99837E+16
127679,127680,14,7,13,0,2016,12,4,5,3,5,3,2,0,1,1,0,0,0,0,7.37374E+20,5.69316E+21,1.24083E+16,5.13401E+16
127680,127681,7,1,38,73,2016,1,10,6,3,0,1,0,2,1,0,0,0,0,0,3.73925E+20,5.60622E+21,7.21872E+15,5.05943E+16
127681,127682,14,7,13,0,2016,12,7,2,3,5,3,0,1,0,1,0,0,0,0,7.37407E+20,5.69375E+21,1.24091E+16,5.13454E+16
127682,127683,7,1,33,6,2016,1,11,3,3,0,7,0,1,0,1,0,1,0,0,4.1891E+20,5.52234E+21,7.87205E+15,4.9848E+16
127683,127684,14,6,27,210,2016,12,12,7,3,5,3,0,0,0,1,0,0,0,0,8.22698E+20,5.67211E+21,1.36107E+16,5.11094E+16
127684,127685,14,7,13,0,2016,12,12,4,3,5,3,0,0,1,1,0,0,0,0,7.3517E+20,5.69358E+21,1.2377E+16,5.13448E+16
127685,127686,14,7,13,0,2016,12,11,6,3,6,2,0,0,0,1,1,0,0,0,7.35971E+20,5.69657E+21,1.23904E+16,5.13713E+16
127686,127687,14,5,21,20,2016,12,7,7,3,1,1,0,2,0,1,0,0,0,0,7.83091E+20,5.61024E+21,1.29986E+16,5.05753E+16
127687,127688,14,7,13,0,2016,12,19,4,3,5,3,2,0,0,1,0,0,0,0,7.31773E+20,5.69016E+21,1.23261E+16,5.13155E+16
127688,127689,14,7,13,0,2016,12,0,6,3,5,3,2,0,1,1,0,0,0,0,7.34478E+20,5.69308E+21,1.23667E+16,5.13405E+16
127689,127690,14,7,13,0,2016,12,17,2,3,5,2,2,0,1,1,0,0,0,0,7.35543E+20,5.69246E+21,1.23816E+16,5.13346E+16
127690,127691,14,5,22,180,2016,12,10,7,2,0,1,0,1,1,0,0,0,0,0,8.04212E+20,5.64898E+21,1.33281E+16,5.09121E+16
127691,127692,14,7,13,0,2016,12,17,5,3,0,7,2,0,0,1,1,0,0,0,7.28271E+20,5.69091E+21,1.22764E+16,5.13236E+16
127692,127693,14,6,12,0,2016,12,14,3,3,5,3,0,0,1,1,0,0,0,0,8.39587E+20,5.66143E+21,1.38411E+16,5.1004E+16
127693,127694,14,7,13,0,2016,12,7,4,3,3,6,1,0,0,1,0,0,0,0,7.35152E+20,5.69364E+21,1.23767E+16,5.13453E+16
127694,127695,14,7,13,0,2016,12,19,2,2,4,2,2,0,1,1,0,0,0,0,7.42272E+20,5.69456E+21,1.24794E+16,5.13506E+16
127695,127696,7,3,39,30,2016,1,18,3,3,5,3,2,1,1,1,0,0,0,0,4.33091E+20,5.53721E+21,8.0667E+15,4.99835E+16
127696,127697,14,5,24,330,2016,12,14,6,3,5,3,0,1,0,1,0,0,0,0,7.44147E+20,5.62198E+21,1.24574E+16,5.06983E+16
127697,127698,14,7,13,0,2016,12,9,4,3,5,2,0,1,0,1,0,0,0,1,7.43686E+20,5.69301E+21,1.24986E+16,5.13361E+16
127698,127699,14,7,13,0,2016,12,12,6,3,2,2,0,0,0,1,0,0,0,0,7.39811E+20,5.69482E+21,1.24443E+16,5.1354E+16
127699,127700,7,3,13,0,2016,1,18,2,3,6,4,2,1,0,1,1,0,0,0,4.36482E+20,5.44956E+21,8.12817E+15,4.91955E+16
127700,127701,14,6,12,0,2016,12,23,3,3,8,1,2,1,0,1,0,0,0,0,8.37445E+20,5.66188E+21,1.38111E+16,5.10092E+16
127701,127702,14,7,30,270,2016,12,10,5,2,0,7,0,0,0,1,0,0,0,0,7.22139E+20,5.69822E+21,1.21931E+16,5.13916E+16
127702,127703,14,6,12,0,2016,12,16,3,3,6,2,2,0,0,1,1,0,0,0,8.28438E+20,5.6666E+21,1.36874E+16,5.10568E+16
127703,127704,14,7,13,0,2016,12,7,4,3,6,2,2,1,0,1,1,0,0,0,7.31833E+20,5.69143E+21,1.23277E+16,5.13268E+16
127704,127705,7,1,38,45,2016,1,10,3,3,6,4,0,0,0,1,1,0,0,0,3.90911E+20,5.58772E+21,7.46402E+15,5.04314E+16
127705,127706,14,7,29,260,2016,12,7,4,3,5,2,2,1,1,1,0,0,0,0,7.3556E+20,5.68556E+21,1.23773E+16,5.12726E+16
127706,127707,7,3,12,0,2016,1,13,2,3,2,6,0,1,0,1,0,0,0,0,4.07754E+20,5.4775E+21,7.72748E+15,4.94431E+16
127707,127708,14,6,25,240,2016,12,9,6,3,5,3,0,0,1,1,0,0,0,0,8.65847E+20,5.7116E+21,1.4265E+16,5.14372E+16
127708,127709,14,7,13,0,2016,12,10,2,2,6,4,0,1,0,1,1,0,0,0,7.36692E+20,5.68966E+21,1.23962E+16,5.13089E+16
127709,127710,7,3,39,39,2016,1,12,2,3,5,3,0,1,0,1,0,1,0,0,4.52994E+20,5.52927E+21,8.34527E+15,4.9914E+16
127710,127711,14,5,24,300,2016,12,11,6,3,5,3,0,0,1,0,0,0,0,1,7.37784E+20,5.62876E+21,1.23719E+16,5.07618E+16
127711,127712,14,7,13,0,2016,12,12,4,3,5,3,0,0,0,1,0,0,0,1,7.34874E+20,5.69449E+21,1.23733E+16,5.13531E+16
127712,127713,14,6,25,40,2016,12,12,6,3,5,2,0,0,0,1,0,0,0,0,8.63133E+20,5.67609E+21,1.41901E+16,5.11209E+16
127713,127714,7,3,13,0,2016,1,7,2,3,2,2,2,1,0,1,0,0,0,0,4.37248E+20,5.44924E+21,8.13873E+15,4.91928E+16
127714,127715,14,5,21,390,2016,12,11,3,2,0,7,0,1,0,1,0,0,0,0,7.99925E+20,5.61261E+21,1.32376E+16,5.05882E+16
127715,127716,7,2,11,0,2016,1,15,1,3,5,3,0,1,1,1,0,0,0,0,3.31321E+20,5.51546E+21,6.65751E+15,4.97679E+16
127716,127717,14,6,26,290,2016,12,10,5,3,0,1,0,2,1,0,0,0,0,0,8.97413E+20,5.67641E+21,1.46779E+16,5.1101E+16
127717,127718,7,1,32,63,2016,1,10,6,3,0,1,0,2,0,0,0,1,0,0,4.19507E+20,5.6299E+21,7.8574E+15,5.08152E+16
127718,127719,14,7,13,0,2016,12,14,4,3,4,1,0,0,0,1,0,0,0,0,7.40297E+20,5.70121E+21,1.24556E+16,5.14111E+16
127719,127720,7,1,38,12,2016,1,20,2,3,0,7,2,1,0,1,1,0,0,0,4.0406E+20,5.60053E+21,7.64581E+15,5.05489E+16
127720,127721,14,6,25,20,2016,12,7,6,3,5,3,2,0,1,1,0,0,0,0,8.79266E+20,5.68407E+21,1.4428E+16,5.11819E+16
127721,127722,14,7,13,0,2016,12,8,2,3,0,5,1,1,1,0,0,0,0,1,7.34845E+20,5.69266E+21,1.23717E+16,5.13366E+16
127722,127723,14,7,30,170,2016,12,23,6,3,9,1,1,2,0,1,0,0,0,0,7.89683E+20,5.69508E+21,1.3159E+16,5.13331E+16
127723,127724,14,7,13,0,2016,12,16,4,3,3,2,0,0,1,1,0,0,0,0,7.35116E+20,5.6894E+21,1.23734E+16,5.13073E+16
127724,127725,14,6,27,30,2016,12,15,6,2,8,1,0,0,0,1,0,0,0,0,8.25819E+20,5.68446E+21,1.36663E+16,5.12183E+16
127725,127726,14,7,13,0,2016,12,9,2,3,5,3,0,1,1,1,0,0,0,0,7.33249E+20,5.69169E+21,1.23482E+16,5.13286E+16
127726,127727,14,7,30,230,2016,12,11,6,3,6,4,0,0,0,1,1,0,0,0,7.88785E+20,5.68985E+21,1.31419E+16,5.12866E+16
127727,127728,14,7,13,0,2016,12,7,4,3,6,6,2,0,0,1,1,0,0,0,7.3077E+20,5.68952E+21,1.23113E+16,5.13101E+16
127728,127729,7,3,18,0,2016,1,10,2,3,0,2,0,1,0,0,1,0,1,0,4.58686E+20,5.46251E+21,8.43157E+15,4.9314E+16
127729,127730,14,5,11,0,2016,12,17,3,3,5,3,2,0,0,1,0,0,0,0,7.71163E+20,5.63785E+21,1.28508E+16,5.08287E+16
127730,127731,7,1,41,29,2016,1,14,1,2,5,3,0,0,0,1,0,1,0,0,4.28986E+20,5.58126E+21,8.00122E+15,5.03791E+16
127731,127732,14,6,12,0,2016,12,11,5,3,5,3,0,1,1,1,0,0,0,0,8.3048E+20,5.66944E+21,1.37191E+16,5.10811E+16
127732,127733,7,1,38,45,2016,1,16,6,2,0,7,0,1,1,0,0,0,0,0,3.95248E+20,5.59059E+21,7.52426E+15,5.04579E+16
127733,127734,7,1,31,6,2016,1,16,2,3,1,5,0,1,0,1,0,0,1,0,3.77368E+20,5.5996E+21,7.26953E+15,5.05355E+16
127734,127735,14,6,26,610,2016,12,11,4,3,5,3,0,0,1,1,0,0,0,0,9.08457E+20,5.65447E+21,1.48102E+16,5.0897E+16
127735,127736,14,6,12,0,2016,12,7,6,3,3,7,0,1,1,1,0,0,0,0,8.29259E+20,5.66455E+21,1.36973E+16,5.10379E+16
127736,127737,14,6,26,110,2016,12,9,2,3,6,4,0,0,0,1,1,0,0,0,9.18599E+20,5.68393E+21,1.49876E+16,5.11532E+16
127737,127738,14,7,30,110,2016,12,8,6,3,0,1,0,2,1,0,0,0,0,0,7.53283E+20,5.70665E+21,1.26458E+16,5.14543E+16
127738,127739,14,6,27,230,2016,12,12,4,3,2,6,0,0,0,1,0,0,0,0,7.99364E+20,5.69224E+21,1.32952E+16,5.13026E+16
127739,127740,14,6,12,0,2016,12,7,5,3,5,3,2,1,0,1,0,0,0,0,8.36645E+20,5.66531E+21,1.3803E+16,5.10405E+16
127740,127741,14,5,23,320,2016,12,12,2,3,5,3,0,1,0,1,0,0,0,1,7.19768E+20,5.59806E+21,1.20986E+16,5.04933E+16
127741,127742,14,5,21,20,2016,12,15,5,3,2,6,0,1,0,1,0,0,0,0,7.83899E+20,5.60915E+21,1.30092E+16,5.05652E+16
127742,127743,14,6,12,0,2016,12,16,2,3,5,3,1,0,0,1,0,0,0,0,8.28509E+20,5.66654E+21,1.36884E+16,5.10562E+16
127743,127744,14,6,12,0,2016,12,15,2,3,6,6,0,1,0,1,1,0,0,0,8.32236E+20,5.66637E+21,1.37413E+16,5.10526E+16
127744,127745,7,1,41,49,2016,1,10,1,3,6,6,0,0,0,1,1,0,0,0,4.29458E+20,5.58305E+21,8.00752E+15,5.03953E+16
127745,127746,14,5,11,0,2016,12,18,5,3,5,2,2,0,1,1,0,0,0,0,7.7525E+20,5.63915E+21,1.29097E+16,5.08385E+16
127746,127747,7,1,38,45,2016,1,11,6,2,8,1,0,0,0,0,0,0,1,0,3.93157E+20,5.58834E+21,7.49545E+15,5.04374E+16
127747,127748,14,6,12,0,2016,12,17,2,3,0,2,1,0,0,1,0,0,0,1,8.38967E+20,5.66404E+21,1.38348E+16,5.10277E+16
127748,127749,14,6,28,50,2016,12,13,4,2,5,3,0,0,0,1,0,1,0,0,8.30008E+20,5.65662E+21,1.37007E+16,5.09665E+16
127749,127750,14,5,22,60,2016,12,10,6,3,2,6,0,0,1,1,0,0,0,0,7.67631E+20,5.64785E+21,1.28081E+16,5.09201E+16
127750,127751,14,6,12,0,2016,12,9,2,3,0,1,0,1,1,0,0,0,0,0,8.32664E+20,5.66336E+21,1.37446E+16,5.10253E+16
127751,127752,14,7,13,0,2016,12,15,6,3,3,6,0,0,0,1,0,1,0,0,7.34796E+20,5.69242E+21,1.23708E+16,5.13345E+16
127752,127753,14,5,11,0,2016,12,17,5,2,6,4,2,0,0,1,1,0,0,0,7.74229E+20,5.63827E+21,1.28946E+16,5.08311E+16
127753,127754,14,7,30,230,2016,12,13,2,3,6,4,0,1,0,1,1,0,0,0,7.86442E+20,5.69066E+21,1.3109E+16,5.12951E+16
127754,127755,14,7,13,0,2016,12,16,4,2,6,1,2,1,0,1,1,0,0,0,7.37446E+20,5.69697E+21,1.24119E+16,5.13742E+16
127755,127756,14,5,22,570,2016,12,6,6,3,6,2,2,2,0,1,1,0,0,0,7.81427E+20,5.66565E+21,1.30177E+16,5.10733E+16
127756,127757,14,6,12,0,2016,12,15,2,3,6,4,0,0,0,0,1,0,0,1,8.3252E+20,5.66856E+21,1.37473E+16,5.1072E+16
127757,127758,7,3,13,0,2016,1,12,1,3,0,7,0,0,1,1,0,0,0,0,4.35684E+20,5.44926E+21,8.11726E+15,4.91928E+16
127758,127759,14,7,13,0,2016,12,12,6,2,1,1,0,0,0,1,0,0,0,0,7.40975E+20,5.68973E+21,1.24576E+16,5.13078E+16