FID,OBJECTID,ULAND,UREGBEZ,UKREIS,UGEMEINDE,UJAHR,UMONAT,USTUNDE,UWOCHENTAG,UKATEGORIE,UART,UTYP1,ULICHTVERH,IstStrasse,IstRad,IstPKW,IstFuss,IstKrad,IstGkfz,IstSonstig,LINREFX,LINREFY,XGCSWGS84,YGCSWGS84
127759,127760,14,6,12,0,2016,12,16,4,3,2,6,2,1,0,1,0,0,0,0,8.2806E+20,5.66609E+21,1.36816E+16,5.10524E+16
127760,127761,14,5,11,0,2016,12,13,6,3,6,4,0,0,0,1,1,0,0,0,7.78815E+20,5.6375E+21,1.29589E+16,5.08219E+16
127761,127762,7,3,38,19,2016,1,13,2,3,5,3,0,1,1,1,0,0,0,0,4.53175E+20,5.47641E+21,8.35412E+15,4.94386E+16
127762,127763,14,7,13,0,2016,12,17,2,3,0,2,2,0,1,1,0,0,0,0,7.36237E+20,5.6937E+21,1.23923E+16,5.13454E+16
127763,127764,7,3,37,68,2016,1,20,7,3,7,1,2,0,1,0,0,0,0,0,4.36872E+20,5.44257E+21,8.13461E+15,4.91327E+16
127764,127765,14,7,13,0,2016,12,14,6,3,2,6,0,0,0,1,0,0,0,0,7.35322E+20,5.69263E+21,1.23785E+16,5.13361E+16
127765,127766,14,6,12,0,2016,12,6,4,2,0,2,2,0,1,0,0,0,0,1,8.33794E+20,5.66409E+21,1.37613E+16,5.10312E+16
127766,127767,14,5,11,0,2016,12,8,6,3,6,6,0,0,0,1,1,0,0,0,7.74656E+20,5.63442E+21,1.28977E+16,5.07963E+16
127767,127768,14,7,13,0,2016,12,13,6,2,1,5,0,0,1,1,0,0,0,0,7.34836E+20,5.69305E+21,1.23718E+16,5.13402E+16
127768,127769,14,5,11,0,2016,12,7,5,2,6,2,2,1,0,1,1,0,0,0,7.72899E+20,5.63839E+21,1.28758E+16,5.08328E+16
127769,127770,14,7,13,0,2016,12,11,4,3,3,6,0,1,0,1,0,1,0,0,7.3992E+20,5.69396E+21,1.24453E+16,5.13462E+16
127770,127771,7,1,38,61,2016,1,13,7,3,1,7,0,1,0,1,0,0,0,0,3.92512E+20,5.59649E+21,7.48403E+15,5.05105E+16
127771,127772,14,5,23,320,2016,12,16,5,3,5,3,1,0,0,1,0,1,0,0,7.22484E+20,5.59853E+21,1.21371E+16,5.04964E+16
127772,127773,14,6,12,0,2016,12,10,2,3,5,3,0,1,1,1,0,0,0,0,8.36724E+20,5.66415E+21,1.3803E+16,5.10301E+16
127773,127774,14,6,25,430,2016,12,20,6,2,8,1,2,2,0,1,0,0,0,0,8.37871E+20,5.68101E+21,1.38351E+16,5.11804E+16
127774,127775,14,6,12,0,2016,12,18,4,3,5,2,2,0,0,1,0,0,0,0,8.32273E+20,5.66481E+21,1.37403E+16,5.10385E+16
127775,127776,7,3,14,0,2016,1,7,2,2,6,4,1,1,0,0,1,1,0,0,4.58089E+20,5.48226E+21,8.42127E+15,4.94915E+16
127776,127777,14,7,29,170,2016,12,14,2,2,0,6,0,0,1,0,1,0,0,0,7.29606E+20,5.67206E+21,1.22834E+16,5.11539E+16
127777,127778,7,1,37,86,2016,1,11,1,3,1,5,0,0,1,1,0,0,0,0,3.8572E+20,5.57832E+21,7.39381E+15,5.03458E+16
127778,127779,14,7,29,10,2016,12,10,4,3,2,6,0,1,0,1,0,0,0,0,7.60866E+20,5.66812E+21,1.27266E+16,5.11051E+16
127779,127780,7,1,38,45,2016,1,1,6,2,8,1,2,1,0,1,0,0,0,0,3.90456E+20,5.58718E+21,7.45777E+15,5.04264E+16
127780,127781,14,7,13,0,2016,12,15,4,3,5,3,0,1,0,1,0,0,0,0,7.42285E+20,5.69403E+21,1.24792E+16,5.13458E+16
127781,127782,7,3,12,0,2016,1,18,6,3,5,3,2,0,0,1,0,1,0,0,4.11998E+20,5.47805E+21,7.78588E+15,4.94488E+16
127782,127783,14,7,29,50,2016,12,10,4,3,2,6,0,1,0,1,0,0,0,0,7.45433E+20,5.67078E+21,1.25084E+16,5.11358E+16
127783,127784,7,1,31,70,2016,1,15,6,3,6,4,0,0,0,0,1,0,0,1,3.73505E+20,5.60455E+21,7.21335E+15,5.05791E+16
127784,127785,14,7,13,0,2016,12,16,2,3,4,2,2,1,1,1,0,0,0,0,7.37387E+20,5.69159E+21,1.24074E+16,5.1326E+16
127785,127786,14,7,13,0,2016,12,15,4,2,5,3,0,1,1,1,0,0,0,0,7.29611E+20,5.6942E+21,1.22977E+16,5.13526E+16
127786,127787,7,3,18,0,2016,1,6,6,3,0,6,2,0,0,1,1,0,0,0,4.59794E+20,5.46131E+21,8.44694E+15,4.93032E+16
127787,127788,14,5,24,330,2016,12,7,5,3,5,3,1,1,1,1,0,0,0,0,7.46441E+20,5.62495E+21,1.24918E+16,5.0724E+16
127788,127789,14,6,12,0,2016,12,7,2,3,6,4,1,1,0,1,1,0,0,0,8.34808E+20,5.66658E+21,1.3778E+16,5.10529E+16
127789,127790,14,6,25,120,2016,12,21,6,3,8,1,2,2,0,1,0,0,0,0,8.55958E+20,5.71604E+21,1.41278E+16,5.14832E+16
127790,127791,14,6,12,0,2016,12,9,4,3,5,3,0,0,1,1,0,0,0,0,8.33291E+20,5.66672E+21,1.37566E+16,5.10551E+16
127791,127792,14,7,13,0,2016,12,8,2,2,5,3,0,1,1,0,0,0,0,1,7.33398E+20,5.69207E+21,1.23506E+16,5.1332E+16
127792,127793,7,3,38,20,2016,1,11,7,3,8,1,0,0,0,0,0,1,0,0,4.57483E+20,5.47442E+21,8.41375E+15,4.94209E+16
127793,127794,14,7,13,0,2016,12,8,4,3,5,3,0,1,0,1,0,0,0,0,7.39003E+20,5.6922E+21,1.2431E+16,5.13308E+16
127794,127795,7,1,37,223,2016,1,7,6,3,4,2,2,1,1,1,0,0,0,0,4.03291E+20,5.56751E+21,7.64346E+15,5.02518E+16
127795,127796,14,6,27,230,2016,12,7,2,2,5,2,2,1,0,1,0,1,0,0,7.97236E+20,5.69352E+21,1.32658E+16,5.13152E+16
127796,127797,7,3,15,0,2016,1,5,6,3,1,7,2,1,0,1,0,0,0,0,4.48359E+20,5.53403E+21,8.28008E+15,4.99564E+16
127797,127798,14,6,12,0,2016,12,5,4,3,5,2,2,0,0,1,0,0,0,0,8.33569E+20,5.6743E+21,1.37675E+16,5.11228E+16
127798,127799,14,7,13,0,2016,12,18,5,2,6,7,2,0,0,1,0,0,0,1,7.27779E+20,5.68914E+21,1.22682E+16,5.13079E+16
127799,127800,14,5,11,0,2016,12,5,2,3,0,7,2,1,0,1,1,0,0,0,7.80743E+20,5.63823E+21,1.29868E+16,5.08275E+16
127800,127801,14,6,12,0,2016,12,12,6,3,5,3,0,0,0,1,0,0,0,0,8.38226E+20,5.66214E+21,1.38225E+16,5.10111E+16
127801,127802,14,7,13,0,2016,12,18,5,3,5,3,2,0,1,1,0,0,0,0,7.35333E+20,5.69219E+21,1.23784E+16,5.13322E+16
127802,127803,14,5,21,590,2016,12,18,2,3,4,2,2,1,0,1,0,0,0,0,7.66832E+20,5.62474E+21,1.278E+16,5.07131E+16
127803,127804,14,6,12,0,2016,12,15,6,3,0,5,0,0,1,1,0,0,0,0,8.39819E+20,5.66134E+21,1.38443E+16,5.10031E+16
127804,127805,14,5,24,80,2016,12,16,3,3,1,6,1,0,0,1,0,0,0,0,7.49563E+20,5.63622E+21,1.25436E+16,5.08238E+16
127805,127806,14,7,30,270,2016,12,7,2,3,6,2,2,1,0,1,1,0,0,0,7.24227E+20,5.69876E+21,1.22234E+16,5.13957E+16
127806,127807,7,3,31,18,2016,1,2,7,3,9,1,2,1,0,1,0,0,0,0,4.5763E+20,5.51155E+21,8.41178E+15,4.97549E+16
127807,127808,14,7,13,0,2016,12,12,4,2,0,7,0,0,0,0,1,0,0,1,7.35728E+20,5.6891E+21,1.2382E+16,5.13043E+16
127808,127809,7,3,36,92,2016,1,16,5,3,0,1,2,1,0,1,0,0,0,0,3.80729E+20,5.47368E+21,7.35596E+15,4.94041E+16
127809,127810,14,5,24,300,2016,12,6,1,3,1,5,2,1,0,1,0,0,0,0,7.37088E+20,5.62444E+21,1.23592E+16,5.07233E+16
127810,127811,7,1,34,45,2016,1,2,6,2,9,1,2,1,0,1,0,0,0,0,3.78105E+20,5.50767E+21,7.30928E+15,4.97092E+16
127811,127812,14,7,29,70,2016,12,10,3,3,9,1,0,2,0,1,0,0,0,0,7.48825E+20,5.69104E+21,1.25709E+16,5.13162E+16
127812,127813,14,7,13,0,2016,12,17,5,3,5,3,1,0,0,1,0,0,0,0,7.34625E+20,5.69479E+21,1.23699E+16,5.13559E+16
127813,127814,14,6,12,0,2016,12,8,6,3,5,2,0,0,1,1,0,0,0,0,8.32475E+20,5.66971E+21,1.37477E+16,5.10823E+16
127814,127815,14,6,26,600,2016,12,19,4,2,0,1,2,2,1,0,0,0,0,0,8.90605E+20,5.72053E+21,1.46294E+16,5.15006E+16
127815,127816,14,6,12,0,2016,12,12,4,3,5,3,0,1,0,1,0,0,0,0,8.27799E+20,5.66697E+21,1.36787E+16,5.10605E+16
127816,127817,7,2,11,0,2016,1,17,6,3,1,1,0,0,0,1,0,0,0,0,3.33399E+20,5.51911E+21,6.68476E+15,4.98013E+16
127817,127818,14,6,25,430,2016,12,9,4,3,2,6,0,0,0,1,0,0,0,1,8.39179E+20,5.68058E+21,1.38533E+16,5.11758E+16
127818,127819,14,7,13,0,2016,12,9,2,2,6,4,0,0,0,0,1,0,0,1,7.35004E+20,5.69177E+21,1.23734E+16,5.13286E+16
127819,127820,7,1,43,308,2016,1,17,7,3,6,7,1,1,0,1,1,0,0,0,4.27181E+20,5.60168E+21,7.97187E+15,5.05625E+16
127820,127821,14,6,27,100,2016,12,16,4,2,0,1,2,1,0,0,0,1,0,0,8.16562E+20,5.6679E+21,1.35197E+16,5.10751E+16
127821,127822,14,5,23,20,2016,12,17,1,3,6,2,2,1,0,1,1,0,0,0,7.41089E+20,5.6003E+21,1.24001E+16,5.0505E+16
127822,127823,7,2,11,0,2016,1,1,6,2,6,4,2,1,0,1,1,0,0,0,3.30446E+20,5.51468E+21,6.64571E+15,4.97606E+16
127823,127824,14,6,12,0,2016,12,12,6,3,5,2,0,1,0,1,0,0,0,0,8.34152E+20,5.66538E+21,1.37676E+16,5.10425E+16
127824,127825,14,7,30,270,2016,12,9,3,3,6,2,0,2,0,1,1,0,0,0,7.24115E+20,5.69852E+21,1.22216E+16,5.13935E+16
127825,127826,14,7,13,0,2016,12,14,5,2,3,2,0,0,0,1,0,0,0,1,7.40916E+20,5.69519E+21,1.24604E+16,5.13568E+16
127826,127827,7,1,33,6,2016,1,17,2,3,5,3,0,1,0,1,0,0,0,0,4.19573E+20,5.52276E+21,7.88119E+15,4.98518E+16
127827,127828,14,5,21,30,2016,12,16,4,2,6,4,2,1,0,1,1,0,0,0,7.62436E+20,5.61035E+21,1.27076E+16,5.0586E+16
127828,127829,14,6,12,0,2016,12,18,2,3,5,3,2,0,0,1,0,1,0,0,8.31128E+20,5.66604E+21,1.37252E+16,5.10502E+16
127829,127830,14,6,12,0,2016,12,16,4,3,5,2,2,1,0,1,0,1,0,0,8.36025E+20,5.66224E+21,1.37913E+16,5.10133E+16
127830,127831,14,7,13,0,2016,12,14,7,3,2,6,0,0,0,1,0,0,0,0,7.34579E+20,5.6914E+21,1.23671E+16,5.13254E+16
127831,127832,14,6,26,110,2016,12,11,5,3,5,3,0,0,0,1,0,0,0,0,9.1802E+20,5.68366E+21,1.4979E+16,5.11513E+16
127832,127833,14,6,26,610,2016,12,18,1,2,6,4,2,1,0,1,1,0,0,0,9.08118E+20,5.65516E+21,1.48062E+16,5.09034E+16
127833,127834,14,6,12,0,2016,12,7,6,3,5,3,0,1,0,1,0,0,0,1,8.35788E+20,5.66596E+21,1.37914E+16,5.10468E+16
127834,127835,14,7,13,0,2016,12,14,3,3,5,3,0,0,0,1,0,0,0,0,7.37407E+20,5.69375E+21,1.24091E+16,5.13454E+16
127835,127836,14,6,12,0,2016,12,11,5,3,2,6,0,0,0,1,0,0,0,0,8.2868E+20,5.66941E+21,1.36935E+16,5.10819E+16
127836,127837,14,6,26,600,2016,12,16,1,2,0,6,2,1,0,1,1,0,0,0,8.9106E+20,5.72154E+21,1.4637E+16,5.15093E+16
127837,127838,14,7,30,270,2016,12,4,7,3,9,1,2,2,0,1,0,0,0,0,7.26978E+20,5.69992E+21,1.22636E+16,5.1405E+16
127838,127839,14,5,22,230,2016,12,9,6,3,2,6,0,1,0,1,0,0,0,0,7.89409E+20,5.65482E+21,1.31227E+16,5.09721E+16
127839,127840,14,7,13,0,2016,12,11,3,3,5,7,0,0,1,0,0,0,1,0,7.37847E+20,5.69158E+21,1.2414E+16,5.13257E+16
127840,127841,14,6,12,0,2016,12,11,5,2,0,6,0,0,1,0,1,0,0,0,8.30991E+20,5.66678E+21,1.37239E+16,5.1057E+16
127841,127842,7,3,39,30,2016,1,12,2,3,2,6,0,1,0,1,0,0,0,0,4.32189E+20,5.53639E+21,8.05427E+15,4.9976E+16
127842,127843,14,6,12,0,2016,12,12,2,3,5,2,0,1,0,1,0,0,0,0,8.30241E+20,5.66401E+21,1.37107E+16,5.10325E+16
127843,127844,14,5,11,0,2016,12,12,4,3,3,6,0,1,0,1,0,0,0,0,7.72132E+20,5.63568E+21,1.28629E+16,5.08088E+16
127844,127845,7,3,34,11,2016,1,14,5,3,3,5,0,1,0,1,0,1,0,0,4.51175E+20,5.44647E+21,8.3302E+15,4.91691E+16
127845,127846,14,6,12,0,2016,12,14,4,3,0,4,0,1,0,0,1,0,0,1,8.33734E+20,5.66364E+21,1.376E+16,5.10272E+16
127846,127847,14,6,12,0,2016,12,10,7,2,6,2,0,0,0,1,1,0,0,0,8.31085E+20,5.66396E+21,1.37227E+16,5.10316E+16
127847,127848,14,6,12,0,2016,12,16,5,3,1,6,1,0,0,1,0,0,0,0,8.39031E+20,5.66191E+21,1.38337E+16,5.10086E+16
127848,127849,14,6,26,230,2016,12,21,1,2,0,7,2,1,0,1,0,0,0,0,9.10707E+20,5.691E+21,1.48834E+16,5.12222E+16
127849,127850,14,7,13,0,2016,12,19,3,3,5,3,2,0,1,1,0,0,0,0,7.36343E+20,5.69276E+21,1.23932E+16,5.13369E+16
127850,127851,14,6,12,0,2016,12,17,2,3,0,1,2,0,0,0,0,1,0,0,8.33672E+20,5.66814E+21,1.37633E+16,5.10676E+16
127851,127852,7,3,12,0,2016,1,7,6,3,5,3,1,1,0,1,0,0,0,0,4.05983E+20,5.47736E+21,7.70309E+15,4.94416E+16
127852,127853,14,7,13,0,2016,12,10,3,3,5,3,0,0,0,1,0,0,0,0,7.36469E+20,5.69379E+21,1.23957E+16,5.13461E+16
127853,127854,7,3,39,27,2016,1,7,2,3,6,6,1,1,0,1,1,0,0,0,4.36651E+20,5.53845E+21,8.11615E+15,4.9995E+16
127854,127855,14,6,12,0,2016,12,7,2,3,5,3,2,1,1,1,0,0,0,0,8.34286E+20,5.66564E+21,1.37697E+16,5.10448E+16
127855,127856,7,3,32,2,2016,1,17,6,3,6,2,1,0,0,1,1,0,0,0,4.41945E+20,5.47987E+21,8.19873E+15,4.94687E+16
127856,127857,14,7,13,0,2016,12,21,3,2,4,2,1,1,0,0,0,1,0,1,7.31389E+20,5.6967E+21,1.23248E+16,5.13743E+16
127857,127858,7,3,18,0,2016,1,18,5,3,0,7,2,0,0,1,0,0,0,0,4.57862E+20,5.46454E+21,8.42003E+15,4.93321E+16
127858,127859,14,5,23,430,2016,12,11,6,2,6,7,0,0,0,0,1,0,1,0,7.33422E+20,5.60443E+21,1.22948E+16,5.05451E+16
127859,127860,14,6,25,480,2016,12,11,3,3,3,6,0,0,1,1,0,0,0,0,8.44265E+20,5.67359E+21,1.39191E+16,5.11102E+16
127860,127861,14,6,12,0,2016,12,8,5,3,5,3,0,1,1,1,0,0,0,0,8.34899E+20,5.67394E+21,1.37861E+16,5.11188E+16
127861,127862,14,6,12,0,2016,12,16,1,3,6,4,2,1,0,1,1,0,0,0,8.32463E+20,5.66749E+21,1.37455E+16,5.10624E+16
127862,127863,14,5,22,80,2016,12,19,6,3,8,1,2,2,0,1,0,0,0,0,7.87262E+20,5.67004E+21,1.31042E+16,5.11097E+16
127863,127864,14,6,25,240,2016,12,7,3,3,5,3,2,0,1,1,0,0,0,0,8.65992E+20,5.71189E+21,1.42674E+16,5.14396E+16
127864,127865,14,7,13,0,2016,12,16,3,2,6,4,2,0,0,1,1,0,0,0,7.3218E+20,5.6963E+21,1.23359E+16,5.13704E+16
127865,127866,14,6,12,0,2016,12,12,2,3,1,1,0,1,1,1,0,0,0,0,8.33636E+20,5.66619E+21,1.3761E+16,5.10501E+16
127866,127867,7,3,32,2,2016,1,7,6,3,8,1,2,2,0,0,0,1,0,0,4.37778E+20,5.47877E+21,8.14139E+15,4.94584E+16
127867,127868,14,7,13,0,2016,12,20,3,3,2,6,2,1,0,1,0,0,0,0,7.36703E+20,5.6896E+21,1.23963E+16,5.13084E+16
127868,127869,7,3,33,39,2016,1,7,5,2,6,4,1,1,0,1,1,0,0,0,4.28951E+20,5.50205E+21,8.01541E+15,4.96668E+16
127869,127870,14,6,12,0,2016,12,16,1,2,6,4,2,1,0,0,1,0,0,1,8.31239E+20,5.66632E+21,1.3727E+16,5.10526E+16
127870,127871,14,5,23,340,2016,12,9,6,2,6,4,0,0,0,1,1,0,0,0,7.33318E+20,5.61316E+21,1.22988E+16,5.06236E+16
127871,127872,14,5,11,0,2016,12,14,6,3,5,3,0,0,1,1,0,0,0,0,7.76063E+20,5.63834E+21,1.29206E+16,5.08309E+16
127872,127873,14,6,25,240,2016,12,6,3,3,3,2,2,0,1,1,0,0,0,0,8.65539E+20,5.71197E+21,1.4261E+16,5.14406E+16
127873,127874,14,5,21,220,2016,12,18,5,3,5,3,2,1,0,1,0,0,0,0,7.8617E+20,5.63095E+21,1.3058E+16,5.07596E+16
127874,127875,7,3,19,0,2016,1,11,5,3,0,1,0,1,1,0,0,0,0,1,4.52689E+20,5.49814E+21,8.34481E+15,4.96339E+16
127875,127876,14,5,24,180,2016,12,19,7,3,4,1,2,2,0,1,0,0,0,0,7.6678E+20,5.641E+21,1.2791E+16,5.08591E+16
127876,127877,14,5,21,550,2016,12,11,5,3,2,6,0,0,0,1,0,0,0,0,7.67845E+20,5.60646E+21,1.27811E+16,5.05486E+16
127877,127878,14,7,13,0,2016,12,14,7,3,2,6,0,0,0,1,0,0,0,0,7.33159E+20,5.69059E+21,1.23462E+16,5.13188E+16
127878,127879,14,5,24,330,2016,12,12,5,3,0,5,0,0,1,1,0,0,0,0,7.45314E+20,5.6264E+21,1.24769E+16,5.07375E+16
127879,127880,14,6,26,450,2016,12,11,3,2,8,1,0,1,0,1,0,0,0,0,9.05643E+20,5.68154E+21,1.48006E+16,5.11412E+16
127880,127881,14,6,12,0,2016,12,16,2,3,3,6,2,1,0,1,0,0,0,1,8.34685E+20,5.66573E+21,1.37755E+16,5.10454E+16
127881,127882,14,6,12,0,2016,12,15,4,3,5,3,0,1,1,1,0,0,0,0,8.3416E+20,5.66598E+21,1.37682E+16,5.1048E+16
127882,127883,14,7,13,0,2016,12,18,7,3,2,6,2,0,0,1,0,0,0,0,7.28937E+20,5.69077E+21,1.22858E+16,5.13221E+16
127883,127884,14,7,29,380,2016,12,15,6,3,0,1,0,2,0,1,1,0,0,0,7.5484E+20,5.70399E+21,1.26663E+16,5.14297E+16
127884,127885,14,5,23,300,2016,12,22,5,3,0,1,2,2,0,1,0,0,0,0,7.24176E+20,5.59135E+21,1.21566E+16,5.04313E+16
127885,127886,14,6,12,0,2016,12,11,3,3,6,4,0,0,0,1,1,0,0,0,8.32744E+20,5.66851E+21,1.37504E+16,5.10714E+16
127886,127887,14,5,21,20,2016,12,7,5,3,6,4,2,2,0,0,1,0,0,1,7.83683E+20,5.61031E+21,1.3007E+16,5.05757E+16
127887,127888,7,3,15,0,2016,1,10,2,3,6,4,0,1,0,1,1,0,0,0,4.47494E+20,5.53884E+21,8.26737E+15,4.99996E+16
127888,127889,14,6,12,0,2016,12,8,2,3,5,3,0,1,0,1,0,0,0,0,8.2994E+20,5.66138E+21,1.37041E+16,5.10092E+16
127889,127890,14,6,26,110,2016,12,16,3,3,6,4,2,1,0,1,1,0,0,0,9.15929E+20,5.68286E+21,1.49484E+16,5.11456E+16
127890,127891,14,5,22,180,2016,12,15,2,3,6,4,0,1,0,1,1,0,0,0,8.04512E+20,5.64964E+21,1.33329E+16,5.09179E+16
127891,127892,14,6,12,0,2016,12,6,4,3,5,3,2,1,1,1,0,0,0,0,8.33415E+20,5.66642E+21,1.37581E+16,5.10523E+16
127892,127893,14,5,24,80,2016,12,11,5,3,5,3,0,1,0,1,0,1,0,0,7.49463E+20,5.63631E+21,1.25423E+16,5.08247E+16
127893,127894,14,6,27,50,2016,12,20,3,3,1,7,2,0,0,1,0,0,0,0,8.09909E+20,5.70509E+21,1.34572E+16,5.14122E+16
127894,127895,14,6,12,0,2016,12,8,4,3,3,6,0,1,1,1,0,0,0,0,8.3564E+20,5.66538E+21,1.37887E+16,5.10417E+16
127895,127896,14,7,30,70,2016,12,10,6,2,5,3,0,0,1,1,0,0,0,0,7.31991E+20,5.71346E+21,1.23444E+16,5.15246E+16
127896,127897,14,5,21,130,2016,12,17,5,3,4,1,2,2,1,1,0,0,0,0,7.79258E+20,5.60307E+21,1.29393E+16,5.05129E+16
127897,127898,14,7,30,270,2016,12,13,7,3,4,2,0,1,0,1,0,0,0,0,7.23305E+20,5.69845E+21,1.22099E+16,5.13933E+16
127898,127899,14,7,13,0,2016,12,13,6,3,6,2,0,0,0,1,1,0,0,0,7.36237E+20,5.69404E+21,1.23926E+16,5.13484E+16
127899,127900,14,7,13,0,2016,12,5,5,2,9,1,2,2,0,1,0,0,0,0,7.28961E+20,5.69079E+21,1.22862E+16,5.13223E+16
127900,127901,14,5,22,180,2016,12,9,3,3,0,1,0,2,1,0,0,0,0,0,8.06122E+20,5.64837E+21,1.33546E+16,5.09057E+16
127901,127902,7,1,38,45,2016,1,16,2,3,2,6,0,1,0,1,0,0,1,0,3.92773E+20,5.58842E+21,7.49002E+15,5.0438E+16
127902,127903,14,5,11,0,2016,12,17,2,3,2,6,2,1,0,1,0,0,0,0,7.74204E+20,5.63425E+21,1.28912E+16,5.0795E+16
127903,127904,7,1,33,6,2016,2,16,3,3,2,6,0,1,0,1,0,0,0,0,4.18416E+20,5.52232E+21,7.8652E+15,4.98477E+16
127904,127905,7,3,14,0,2016,2,13,4,3,3,5,0,0,1,1,0,0,0,0,4.60227E+20,5.48044E+21,8.45098E+15,4.94753E+16
127905,127906,7,3,13,0,2016,2,14,2,3,1,5,0,0,1,1,0,0,0,0,4.3522E+20,5.4496E+21,8.11083E+15,4.91957E+16
127906,127907,7,2,11,0,2016,1,18,5,3,6,4,2,0,0,1,1,0,0,0,3.30231E+20,5.51483E+21,6.64265E+15,4.9762E+16
127907,127908,7,2,11,0,2016,1,6,6,3,1,5,2,1,0,1,0,0,0,1,3.35108E+20,5.51716E+21,6.70933E+15,4.97842E+16
127908,127909,7,3,32,2,2016,1,14,3,3,6,4,0,0,0,1,1,0,0,0,4.42048E+20,5.47989E+21,8.20015E+15,4.94689E+16
127909,127910,7,3,15,0,2016,1,11,7,3,0,5,0,0,1,1,0,0,0,0,4.45064E+20,5.53605E+21,8.23387E+15,4.99742E+16
127910,127911,7,1,33,6,2016,2,13,7,3,6,4,0,0,0,1,1,0,0,0,4.18478E+20,5.52184E+21,7.86615E+15,4.98434E+16
127911,127912,7,3,38,19,2016,1,7,2,3,5,3,2,1,0,1,0,0,0,0,4.53553E+20,5.47722E+21,8.35923E+15,4.94458E+16
127912,127913,7,2,33,55,2016,2,20,4,3,9,1,2,1,0,1,0,0,0,0,3.40675E+20,5.56052E+21,6.76864E+15,5.01755E+16
127913,127914,7,2,11,0,2016,2,16,2,3,5,3,0,0,1,1,0,0,0,0,3.26742E+20,5.51049E+21,6.59618E+15,4.9722E+16
127914,127915,7,3,19,0,2016,1,12,7,2,1,6,0,0,0,1,0,0,0,0,4.54035E+20,5.49819E+21,8.36344E+15,4.96345E+16
127915,127916,7,1,33,65,2016,1,15,3,2,8,1,0,0,0,0,0,1,0,0,4.03764E+20,5.50731E+21,7.66516E+15,4.97106E+16
127916,127917,7,2,11,0,2016,1,19,6,3,1,6,2,1,0,1,0,0,0,0,3.30599E+20,5.51235E+21,6.64883E+15,4.97397E+16
127917,127918,7,3,18,0,2016,1,7,4,3,2,6,0,0,1,0,0,0,0,0,4.58068E+20,5.46277E+21,8.42305E+15,4.93162E+16
127918,127919,7,2,11,0,2016,1,15,6,3,6,7,0,1,0,1,1,0,0,0,3.303E+20,5.51475E+21,6.64365E+15,4.97612E+16
127919,127920,7,1,11,0,2016,1,7,3,3,0,7,1,0,0,1,0,0,0,0,3.98199E+20,5.57938E+21,7.56886E+15,5.03577E+16
127920,127921,7,2,11,0,2016,1,18,7,2,6,4,2,1,0,1,1,0,0,0,3.29388E+20,5.51516E+21,6.63081E+15,4.97647E+16
127921,127922,7,3,14,0,2016,2,19,6,3,2,1,1,0,0,1,0,0,0,0,4.59389E+20,5.48135E+21,8.43932E+15,4.94834E+16
127922,127923,7,1,37,203,2016,2,14,4,3,5,7,0,1,0,1,0,0,0,0,3.98579E+20,5.58696E+21,7.57215E+15,5.04259E+16
127923,127924,7,1,37,228,2016,2,22,7,3,0,1,2,1,0,0,0,1,0,0,3.90576E+20,5.586E+21,7.4598E+15,5.04158E+16
127924,127925,7,3,12,0,2016,1,13,6,3,2,6,0,0,0,1,0,0,0,0,4.08842E+20,5.47734E+21,7.74252E+15,4.94419E+16
127925,127926,7,3,14,0,2016,1,18,3,3,1,6,1,0,0,1,0,0,0,0,4.57956E+20,5.47682E+21,8.42001E+15,4.94426E+16
127926,127927,7,3,38,3,2016,1,21,3,3,1,5,2,0,1,1,0,0,0,0,4.46196E+20,5.48111E+21,8.25722E+15,4.94802E+16
127927,127928,7,1,33,6,2016,1,15,3,3,4,2,0,1,1,1,0,0,0,0,4.1856E+20,5.52139E+21,7.86739E+15,4.98394E+16
127928,127929,7,1,33,6,2016,2,9,5,2,1,2,0,0,1,1,0,0,0,0,4.18863E+20,5.52188E+21,7.8715E+15,4.98439E+16
127929,127930,7,3,38,25,2016,2,10,4,2,0,7,0,1,1,0,0,0,0,0,4.55937E+20,5.47014E+21,8.39291E+15,4.93824E+16
127930,127931,7,3,13,0,2016,1,10,2,3,0,1,0,0,1,0,0,0,0,0,4.35371E+20,5.44954E+21,8.11292E+15,4.91953E+16
127931,127932,7,3,34,7,2016,2,7,2,2,4,1,1,1,0,1,0,0,0,0,4.5393E+20,5.45244E+21,8.36731E+15,4.9223E+16
127932,127933,7,3,14,0,2016,2,10,6,2,6,4,2,0,0,1,1,0,0,0,4.60186E+20,5.48091E+21,8.45037E+15,4.94795E+16
127933,127934,7,1,43,81,2016,1,20,6,3,5,7,2,0,0,1,0,0,0,0,4.14183E+20,5.59198E+21,7.79062E+15,5.04735E+16
127934,127935,7,3,17,0,2016,1,16,2,3,5,3,0,0,0,1,0,0,0,0,3.98777E+20,5.45028E+21,7.61057E+15,4.9197E+16