FID,OBJECTID,ULAND,UREGBEZ,UKREIS,UGEMEINDE,UJAHR,UMONAT,USTUNDE,UWOCHENTAG,UKATEGORIE,UART,UTYP1,ULICHTVERH,IstStrasse,IstRad,IstPKW,IstFuss,IstKrad,IstGkfz,IstSonstig,LINREFX,LINREFY,XGCSWGS84,YGCSWGS84
127935,127936,7,1,38,45,2016,1,17,6,3,5,3,2,1,0,1,0,0,0,0,3.93315E+20,5.5924E+21,7.49652E+15,5.04739E+16
127936,127937,7,1,43,273,2016,2,19,5,3,6,6,2,0,0,1,1,0,0,0,4.1928E+20,5.59395E+21,7.86201E+15,5.04919E+16
127937,127938,7,3,13,0,2016,2,20,3,2,6,4,2,1,0,1,1,0,0,0,4.36219E+20,5.4502E+21,8.12445E+15,4.92013E+16
127938,127939,7,1,38,4,2016,2,7,3,3,1,5,0,0,0,1,0,1,0,0,3.80258E+20,5.59751E+21,7.31095E+15,5.05173E+16
127939,127940,7,2,31,124,2016,1,15,6,2,5,5,0,0,1,1,0,0,0,0,3.65439E+20,5.53499E+21,7.12422E+15,4.99521E+16
127940,127941,7,1,38,45,2016,1,9,6,3,0,1,0,1,0,1,0,0,0,0,3.93161E+20,5.59271E+21,7.49427E+15,5.04766E+16
127941,127942,7,2,11,0,2016,1,17,4,3,2,6,1,0,0,1,0,0,0,0,3.3076E+20,5.51202E+21,6.65122E+15,4.97369E+16
127942,127943,7,1,38,45,2016,2,18,2,2,5,3,2,0,0,1,0,1,0,0,3.92677E+20,5.59162E+21,7.48775E+15,5.04668E+16
127943,127944,7,3,19,0,2016,2,13,5,3,3,6,0,0,1,1,0,0,0,0,4.52879E+20,5.49841E+21,8.3474E+15,4.96364E+16
127944,127945,7,2,33,56,2016,1,16,1,3,9,7,0,0,0,1,0,0,0,0,3.35286E+20,5.56717E+21,6.69035E+15,5.02337E+16
127945,127946,7,1,37,89,2016,1,18,6,3,0,6,2,1,1,1,0,0,0,0,3.8016E+20,5.57255E+21,7.31754E+15,5.02929E+16
127946,127947,7,3,31,32,2016,1,19,5,3,1,5,2,0,0,1,0,0,1,0,4.41244E+20,5.51526E+21,8.18375E+15,4.9787E+16
127947,127948,7,2,11,0,2016,2,19,2,3,6,6,2,0,1,0,1,0,0,0,3.29823E+20,5.5136E+21,6.63754E+15,4.97508E+16
127948,127949,7,1,37,216,2016,1,18,6,2,5,7,2,1,0,1,0,0,0,1,3.94115E+20,5.58342E+21,7.51032E+15,5.03933E+16
127949,127950,7,3,18,0,2016,2,0,4,3,8,1,2,1,0,1,0,0,0,0,4.59218E+20,5.46258E+21,8.43888E+15,4.93146E+16
127950,127951,7,3,15,0,2016,2,12,3,3,5,3,0,1,0,1,0,0,1,0,4.46803E+20,5.53474E+21,8.2583E+15,4.99627E+16
127951,127952,7,1,33,6,2016,2,11,4,2,9,7,0,0,0,1,0,0,0,0,4.18373E+20,5.52418E+21,7.86421E+15,4.98645E+16
127952,127953,7,3,14,0,2016,2,16,2,3,6,1,0,0,1,0,1,0,0,0,4.55717E+20,5.48743E+21,8.38794E+15,4.95379E+16
127953,127954,7,1,37,3,2016,1,22,5,3,1,5,2,0,0,1,0,1,0,0,3.8591E+20,5.5871E+21,7.39381E+15,5.04249E+16
127954,127955,7,3,40,38,2016,1,18,5,2,6,4,2,1,0,1,1,0,0,0,4.00443E+20,5.4551E+21,7.63225E+15,4.92406E+16
127955,127956,7,3,33,38,2016,1,16,3,3,5,3,0,0,0,1,0,0,0,0,4.31889E+20,5.49156E+21,8.05793E+15,4.95728E+16
127956,127957,7,2,11,0,2016,1,17,7,3,5,3,2,0,1,1,0,0,0,0,3.2976E+20,5.51342E+21,6.63673E+15,4.97491E+16
127957,127958,7,1,41,75,2016,2,17,7,3,5,3,1,0,1,1,0,0,0,0,4.0071E+20,5.5727E+21,7.60591E+15,5.02981E+16
127958,127959,7,3,11,0,2016,1,20,2,3,2,6,2,0,0,1,0,1,0,0,4.53271E+20,5.48732E+21,8.35415E+15,4.95367E+16
127959,127960,7,2,11,0,2016,1,5,7,3,7,7,2,1,0,1,0,0,0,0,3.30775E+20,5.51177E+21,6.65152E+15,4.97346E+16
127960,127961,7,3,32,9,2016,2,11,7,3,0,5,0,0,0,1,0,0,0,0,4.41146E+20,5.47276E+21,8.18875E+15,4.94047E+16
127961,127962,7,3,17,0,2016,2,15,2,3,1,5,0,1,0,1,0,0,0,0,3.97742E+20,5.45042E+21,7.59635E+15,4.91981E+16
127962,127963,7,3,14,0,2016,1,12,2,3,2,2,0,0,0,1,0,0,0,0,4.55688E+20,5.48192E+21,8.38816E+15,4.94883E+16
127963,127964,7,3,14,0,2016,2,12,3,3,6,6,0,0,1,0,1,0,0,0,4.60001E+20,5.47998E+21,8.44791E+15,4.94712E+16
127964,127965,7,2,31,123,2016,2,16,2,3,6,7,0,1,0,1,1,0,0,0,3.55369E+20,5.51376E+21,6.99186E+15,4.97589E+16
127965,127966,7,3,34,8,2016,1,10,7,3,4,7,0,0,1,1,0,0,0,0,4.45203E+20,5.43011E+21,8.2505E+15,4.90215E+16
127966,127967,7,1,37,3,2016,1,22,4,3,6,4,2,0,0,1,1,0,0,0,3.88313E+20,5.58801E+21,7.42737E+15,5.04334E+16
127967,127968,7,3,12,0,2016,1,10,5,3,0,1,0,2,1,0,0,0,0,0,4.10953E+20,5.47661E+21,7.7718E+15,4.94356E+16
127968,127969,7,3,32,24,2016,1,11,2,3,5,5,0,0,0,1,0,0,0,0,4.39971E+20,5.48987E+21,8.16997E+15,4.95584E+16
127969,127970,7,1,43,206,2016,1,16,7,3,8,1,0,2,0,1,1,0,0,0,4.25936E+20,5.61143E+21,7.95235E+15,5.065E+16
127970,127971,7,1,43,206,2016,2,7,6,2,4,6,0,1,0,1,0,0,0,0,4.25923E+20,5.61103E+21,7.95225E+15,5.06464E+16
127971,127972,7,3,13,0,2016,1,8,2,3,1,5,0,0,0,1,0,0,0,0,4.34486E+20,5.45031E+21,8.10065E+15,4.92021E+16
127972,127973,7,3,12,0,2016,2,15,3,3,5,3,0,1,0,1,0,0,0,0,4.09862E+20,5.4775E+21,7.75655E+15,4.94434E+16
127973,127974,7,3,12,0,2016,2,20,6,3,2,1,2,0,0,1,0,0,0,0,4.10632E+20,5.47771E+21,7.76711E+15,4.94454E+16
127974,127975,7,3,38,1,2016,1,7,6,2,6,4,2,1,0,1,1,0,0,0,4.63151E+20,5.47525E+21,8.49183E+15,4.94288E+16
127975,127976,7,3,39,30,2016,1,19,3,3,0,6,2,0,1,0,0,0,0,0,4.3095E+20,5.53615E+21,8.03704E+15,4.99736E+16
127976,127977,7,2,31,134,2016,2,17,4,3,5,3,0,0,0,1,0,0,0,0,3.48443E+20,5.53932E+21,6.88576E+15,4.9987E+16
127977,127978,7,1,38,45,2016,2,17,2,3,5,3,0,1,0,1,0,1,0,0,3.91609E+20,5.5885E+21,7.47361E+15,5.04385E+16
127978,127979,7,3,14,0,2016,2,15,7,3,6,4,0,1,0,1,1,0,0,0,4.59448E+20,5.48148E+21,8.44012E+15,4.94846E+16
127979,127980,7,1,41,6,2016,1,20,7,3,7,7,1,1,0,1,1,0,0,0,4.09572E+20,5.57562E+21,7.72961E+15,5.03257E+16
127980,127981,7,3,32,2,2016,1,11,3,3,1,5,0,0,0,1,0,1,0,0,4.39997E+20,5.479E+21,8.17197E+15,4.94607E+16
127981,127982,7,3,12,0,2016,1,7,5,3,6,4,2,1,0,1,1,0,0,0,4.11569E+20,5.47778E+21,7.78002E+15,4.94463E+16
127982,127983,7,1,37,3,2016,2,18,6,3,2,6,2,0,0,1,0,0,0,0,3.86072E+20,5.58878E+21,7.39559E+15,5.044E+16
127983,127984,7,3,15,0,2016,2,22,2,3,1,6,2,0,0,1,0,0,0,0,4.48264E+20,5.53821E+21,8.2782E+15,4.99939E+16
127984,127985,7,3,14,0,2016,2,6,5,3,6,2,2,0,0,1,1,0,0,0,4.60539E+20,5.48074E+21,8.45526E+15,4.94781E+16
127985,127986,7,3,34,7,2016,1,12,5,3,5,3,0,0,1,1,0,0,0,0,4.54344E+20,5.45233E+21,8.373E+15,4.92221E+16
127986,127987,7,3,15,0,2016,1,11,2,3,2,6,0,1,0,1,0,0,1,0,4.47685E+20,5.53864E+21,8.27006E+15,4.99978E+16
127987,127988,7,3,38,17,2016,1,11,5,3,6,4,0,0,0,1,1,0,0,0,4.55924E+20,5.47465E+21,8.39223E+15,4.94229E+16
127988,127989,7,3,33,19,2016,1,13,5,3,2,6,0,1,0,1,0,0,0,0,4.3311E+20,5.49009E+21,8.07507E+15,4.95597E+16
127989,127990,7,1,41,75,2016,2,16,5,3,5,3,0,1,0,1,0,0,0,0,4.01228E+20,5.57289E+21,7.61312E+15,5.02998E+16
127990,127991,7,3,11,0,2016,2,9,3,3,2,2,0,1,1,1,0,0,0,0,4.53006E+20,5.48743E+21,8.35048E+15,4.95376E+16
127991,127992,7,3,32,2,2016,2,10,4,3,5,3,0,0,0,1,0,0,0,1,4.41107E+20,5.47929E+21,8.18725E+15,4.94634E+16
127992,127993,7,1,33,6,2016,1,17,3,3,2,6,2,1,0,1,0,0,0,0,4.20355E+20,5.52242E+21,7.89213E+15,4.98489E+16
127993,127994,7,3,39,43,2016,2,7,5,2,0,1,1,0,1,0,0,0,0,0,4.5249E+20,5.52403E+21,8.33889E+15,4.98668E+16
127994,127995,7,1,34,10,2016,2,16,4,2,6,2,0,1,0,1,1,0,0,0,3.68161E+20,5.50145E+21,7.17353E+15,4.96512E+16
127995,127996,7,2,11,0,2016,2,7,5,3,6,4,1,1,1,0,1,0,0,0,3.31943E+20,5.5126E+21,6.66737E+15,4.97424E+16
127996,127997,7,3,32,9,2016,1,9,7,3,0,1,0,2,1,0,0,0,0,0,4.41428E+20,5.473E+21,8.19261E+15,4.94069E+16
127997,127998,7,3,19,0,2016,1,17,5,3,6,4,2,1,0,1,1,0,0,0,4.5419E+20,5.49819E+21,8.36559E+15,4.96345E+16
127998,127999,7,1,38,45,2016,1,15,5,3,1,6,0,0,0,1,0,0,0,0,3.92631E+20,5.58841E+21,7.48802E+15,5.04379E+16
127999,128000,7,1,32,96,2016,1,21,7,2,9,1,2,2,0,1,0,0,0,0,4.0865E+20,5.62423E+21,7.70473E+15,5.07626E+16
128000,128001,7,1,32,44,2016,2,0,1,3,0,1,2,0,0,1,0,0,0,0,4.07161E+20,5.62427E+21,7.68361E+15,5.07628E+16
128001,128002,7,3,14,0,2016,2,11,4,3,5,3,0,0,1,1,0,0,0,0,4.57807E+20,5.47968E+21,8.41766E+15,4.94683E+16
128002,128003,7,3,15,0,2016,2,18,3,3,2,6,2,1,0,1,0,0,0,0,4.48169E+20,5.53827E+21,8.27686E+15,4.99945E+16
128003,128004,7,3,39,5,2016,1,15,2,3,1,5,0,0,0,1,0,0,1,0,4.21989E+20,5.53084E+21,7.91316E+15,4.99248E+16
128004,128005,7,1,38,45,2016,2,20,4,3,1,5,2,0,0,1,0,0,0,0,3.92318E+20,5.58793E+21,7.48375E+15,5.04335E+16
128005,128006,7,3,19,0,2016,2,7,2,3,5,3,0,0,0,1,0,0,0,1,4.52072E+20,5.49815E+21,8.33627E+15,4.9634E+16
128006,128007,7,3,32,25,2016,1,15,4,2,0,1,0,0,1,0,0,0,0,0,4.45375E+20,5.46851E+21,8.24763E+15,4.93668E+16
128007,128008,7,3,17,0,2016,2,17,2,2,2,2,2,1,0,1,0,0,0,0,3.98754E+20,5.44933E+21,7.61051E+15,4.91884E+16
128008,128009,7,2,11,0,2016,1,16,6,3,2,2,0,0,0,1,0,0,0,0,3.26271E+20,5.51046E+21,6.58966E+15,4.97215E+16
128009,128010,7,3,15,0,2016,1,13,5,3,0,4,0,0,0,1,1,0,0,0,4.49806E+20,5.53655E+21,8.29992E+15,4.99791E+16
128010,128011,7,3,15,0,2016,1,11,5,3,6,4,0,0,0,1,1,0,0,0,4.45212E+20,5.53547E+21,8.236E+15,4.9969E+16
128011,128012,7,1,11,0,2016,1,15,4,3,2,6,0,0,0,1,0,0,0,0,3.99894E+20,5.57966E+21,7.59261E+15,5.03605E+16
128012,128013,7,1,41,75,2016,1,2,7,2,6,4,2,1,0,1,1,0,0,0,4.00666E+20,5.57288E+21,7.60523E+15,5.02997E+16
128013,128014,7,3,14,0,2016,2,19,7,2,5,2,2,0,0,1,0,1,0,0,4.57784E+20,5.48173E+21,8.41713E+15,4.94867E+16
128014,128015,7,1,32,26,2016,1,15,2,3,6,6,1,1,0,1,1,0,0,0,4.31263E+20,5.6173E+21,8.0266E+15,5.07034E+16
128015,128016,7,3,15,0,2016,2,15,4,3,6,6,0,0,0,1,1,0,0,0,4.47834E+20,5.53849E+21,8.27216E+15,4.99965E+16
128016,128017,7,1,34,45,2016,2,8,3,2,0,7,0,2,0,1,1,0,0,0,3.83601E+20,5.50839E+21,7.38527E+15,4.97168E+16
128017,128018,7,2,11,0,2016,2,21,2,2,0,1,2,1,1,0,0,0,0,0,3.31143E+20,5.51265E+21,6.65625E+15,4.97426E+16
128018,128019,7,1,33,6,2016,1,19,7,3,5,3,2,1,0,1,0,0,0,0,4.19571E+20,5.52227E+21,7.88127E+15,4.98474E+16
128019,128020,7,3,17,0,2016,1,7,3,3,5,3,2,1,0,1,0,0,0,0,3.98677E+20,5.45256E+21,7.60863E+15,4.92175E+16
128020,128021,7,2,32,18,2016,1,14,5,3,6,4,0,1,0,1,1,0,0,0,3.2266E+20,5.53862E+21,6.52673E+15,4.99735E+16
128021,128022,7,2,11,0,2016,1,14,5,3,1,5,0,1,1,1,0,0,0,0,3.3049E+20,5.51472E+21,6.6463E+15,4.97611E+16
128022,128023,7,2,11,0,2016,1,16,3,3,5,3,0,0,0,1,0,1,0,0,3.2965E+20,5.51497E+21,6.63452E+15,4.97631E+16
128023,128024,7,3,36,55,2016,1,14,6,3,2,6,0,1,0,1,0,0,0,0,3.84211E+20,5.48875E+21,7.39953E+15,4.95403E+16
128024,128025,7,3,12,0,2016,2,9,6,3,5,3,0,1,0,1,0,0,0,0,4.11391E+20,5.47725E+21,7.77769E+15,4.94414E+16
128025,128026,7,2,11,0,2016,2,11,4,3,6,7,0,0,0,1,1,0,0,0,3.30076E+20,5.51442E+21,6.64069E+15,4.97583E+16
128026,128027,7,1,31,7,2016,2,21,7,3,7,5,2,1,1,1,0,0,0,0,3.65806E+20,5.6002E+21,7.10624E+15,5.05383E+16
128027,128028,7,3,20,0,2016,1,8,6,2,5,3,0,0,0,1,0,0,0,0,3.80958E+20,5.45496E+21,7.3647E+15,4.92358E+16
128028,128029,7,3,37,38,2016,1,16,3,2,6,4,1,0,0,1,1,0,0,0,4.42503E+20,5.4441E+21,8.21157E+15,4.91471E+16
128029,128030,7,1,38,45,2016,1,17,5,3,6,4,2,1,0,1,1,0,0,0,3.90592E+20,5.58723E+21,7.45967E+15,5.04269E+16
128030,128031,7,1,33,6,2016,2,13,5,3,5,3,0,1,0,1,0,0,0,0,4.18568E+20,5.52488E+21,7.86677E+15,4.98708E+16
128031,128032,7,3,37,43,2016,2,11,4,3,0,1,0,1,0,1,0,0,0,0,4.35457E+20,5.44623E+21,8.11463E+15,4.91655E+16
128032,128033,7,2,11,0,2016,2,13,2,1,6,4,0,0,0,1,1,0,0,0,3.30775E+20,5.51499E+21,6.65013E+15,4.97635E+16
128033,128034,7,3,19,0,2016,2,14,5,2,8,1,0,0,0,1,0,0,0,0,4.5175E+20,5.49868E+21,8.33175E+15,4.96387E+16
128034,128035,7,3,14,0,2016,1,9,5,3,1,6,0,0,0,1,0,0,0,0,4.56938E+20,5.47813E+21,8.40583E+15,4.94543E+16
128035,128036,7,3,19,0,2016,1,19,1,3,5,5,2,1,0,1,0,0,0,0,4.54112E+20,5.49832E+21,8.36449E+15,4.96357E+16
128036,128037,7,1,41,75,2016,1,23,5,3,5,3,2,1,1,1,0,0,0,0,4.00193E+20,5.57469E+21,7.59813E+15,5.03158E+16
128037,128038,7,1,11,0,2016,2,10,3,3,0,7,0,1,1,1,0,0,0,0,3.99801E+20,5.57938E+21,7.59137E+15,5.0358E+16
128038,128039,7,3,37,501,2016,2,20,6,2,8,1,2,1,0,1,0,1,0,0,4.24269E+20,5.45041E+21,7.96039E+15,4.92018E+16
128039,128040,7,2,11,0,2016,1,7,6,3,5,3,0,0,1,1,0,0,0,0,3.30078E+20,5.51366E+21,6.64104E+15,4.97514E+16
128040,128041,7,1,43,32,2016,1,11,3,2,5,2,0,1,1,1,0,0,0,0,4.05667E+20,5.58743E+21,7.67179E+15,5.04313E+16
128041,128042,7,3,34,7,2016,1,20,2,3,3,2,2,1,1,1,0,0,0,0,4.5421E+20,5.45243E+21,8.37114E+15,4.9223E+16
128042,128043,7,1,43,229,2016,2,6,5,3,5,3,2,1,0,1,0,0,0,1,4.16115E+20,5.61274E+21,7.81316E+15,5.06604E+16
128043,128044,7,3,38,19,2016,2,16,3,3,9,1,0,1,0,1,0,0,0,0,4.5058E+20,5.47665E+21,8.3183E+15,4.94405E+16
128044,128045,7,1,38,4,2016,2,12,3,3,1,5,0,0,0,1,0,0,0,0,3.8031E+20,5.59755E+21,7.31168E+15,5.05177E+16
128045,128046,7,3,17,0,2016,2,9,4,3,6,7,0,1,0,0,1,0,0,1,3.95788E+20,5.44929E+21,7.56983E+15,4.91875E+16
128046,128047,7,3,13,0,2016,1,23,6,3,0,1,2,2,1,0,0,0,0,0,4.35845E+20,5.44983E+21,8.11937E+15,4.91979E+16
128047,128048,7,3,12,0,2016,1,12,4,3,2,6,0,1,0,1,0,0,0,0,4.10985E+20,5.47686E+21,7.77217E+15,4.94378E+16
128048,128049,7,3,38,25,2016,1,17,4,3,0,3,1,0,0,1,0,0,0,0,4.55157E+20,5.46942E+21,8.38225E+15,4.93758E+16
128049,128050,7,3,12,0,2016,1,22,6,3,8,1,2,1,0,1,0,0,0,0,4.0324E+20,5.4771E+21,7.66531E+15,4.94388E+16
128050,128051,7,3,32,9,2016,2,14,7,3,1,1,0,0,1,1,0,0,0,0,4.40867E+20,5.47287E+21,8.1849E+15,4.94057E+16
128051,128052,7,3,39,49,2016,2,13,4,3,1,5,0,1,1,1,0,0,0,0,4.54167E+20,5.52284E+21,8.36237E+15,4.98563E+16
128052,128053,7,3,11,0,2016,1,11,5,3,5,3,0,0,1,1,0,0,0,0,4.53457E+20,5.48732E+21,8.35673E+15,4.95367E+16
128053,128054,7,2,33,26,2016,2,13,2,3,6,6,0,0,0,1,1,0,0,0,3.33269E+20,5.56595E+21,6.66263E+15,5.02222E+16
128054,128055,7,3,11,0,2016,1,13,4,3,1,6,0,0,0,0,0,0,0,1,4.53745E+20,5.48694E+21,8.36075E+15,4.95333E+16
128055,128056,7,3,18,0,2016,2,13,4,2,5,3,0,1,1,0,0,0,0,0,4.59045E+20,5.46467E+21,8.4363E+15,4.93334E+16
128056,128057,7,3,39,30,2016,2,18,3,3,1,6,2,1,0,1,0,0,0,0,4.31823E+20,5.5361E+21,8.04922E+15,4.99734E+16
128057,128058,7,1,33,6,2016,2,17,4,3,5,3,1,0,1,1,0,0,0,0,4.18446E+20,5.52275E+21,7.86551E+15,4.98516E+16
128058,128059,7,3,18,0,2016,2,17,2,3,2,6,2,1,0,1,0,1,0,0,4.58808E+20,5.46304E+21,8.43321E+15,4.93187E+16
128059,128060,7,1,31,7,2016,1,5,5,3,5,2,2,0,1,1,0,0,0,0,3.6649E+20,5.60049E+21,7.11578E+15,5.05411E+16
128060,128061,7,3,39,5,2016,1,7,4,3,6,4,2,1,0,1,1,0,0,0,4.20714E+20,5.53528E+21,7.89449E+15,4.99646E+16
128061,128062,7,1,33,6,2016,1,17,3,3,2,6,2,0,0,1,0,0,0,0,4.18869E+20,5.52179E+21,7.87161E+15,4.9843E+16
128062,128063,7,3,32,24,2016,1,7,6,3,0,1,0,2,1,0,0,0,0,0,4.39449E+20,5.49018E+21,8.1627E+15,4.95612E+16
128063,128064,7,3,39,12,2016,2,16,7,2,6,1,0,0,0,0,1,0,0,1,4.53419E+20,5.52081E+21,8.35221E+15,4.98379E+16
128064,128065,7,1,37,3,2016,1,17,2,3,2,6,2,0,0,1,0,0,0,0,3.86717E+20,5.58721E+21,7.40514E+15,5.0426E+16
128065,128066,7,2,32,18,2016,2,7,4,3,6,4,2,1,0,1,1,0,0,0,3.22335E+20,5.53803E+21,6.52248E+15,4.99681E+16
128066,128067,7,1,43,48,2016,2,15,2,3,1,7,0,0,0,1,0,0,0,0,4.15763E+20,5.58814E+21,7.81375E+15,5.04392E+16
128067,128068,7,2,35,56,2016,1,11,7,3,6,4,0,1,0,1,1,0,0,0,3.36421E+20,5.51471E+21,6.72857E+15,4.97626E+16
128068,128069,7,1,35,17,2016,2,19,3,2,6,6,2,1,1,1,1,0,0,0,3.73584E+20,5.5547E+21,7.2312E+15,5.0131E+16
128069,128070,7,3,14,0,2016,1,15,1,3,9,1,0,1,0,1,1,0,0,0,4.58237E+20,5.4809E+21,8.42347E+15,4.94793E+16
128070,128071,7,3,20,0,2016,2,12,3,3,5,3,0,0,0,1,0,0,0,1,3.81418E+20,5.45537E+21,7.37089E+15,4.92396E+16
128071,128072,7,3,15,0,2016,2,18,2,3,5,3,2,0,0,1,0,1,0,0,4.44737E+20,5.54131E+21,8.22854E+15,5.00216E+16
128072,128073,7,3,11,0,2016,1,16,4,2,0,1,0,0,0,0,0,1,0,0,4.52252E+20,5.48774E+21,8.34003E+15,4.95404E+16
128073,128074,7,1,33,6,2016,1,18,4,3,6,4,2,1,0,1,1,0,0,0,4.18901E+20,5.52166E+21,7.87208E+15,4.98419E+16
128074,128075,7,3,32,24,2016,1,12,2,2,6,4,0,0,0,1,1,0,0,0,4.39502E+20,5.49135E+21,8.16325E+15,4.95717E+16
128075,128076,7,3,38,25,2016,1,15,6,3,5,2,0,0,1,1,0,0,0,0,4.55911E+20,5.47E+21,8.39257E+15,4.93811E+16
128076,128077,7,3,19,0,2016,2,16,6,2,1,6,0,0,0,1,0,0,0,0,4.52987E+20,5.49877E+21,8.34886E+15,4.96397E+16
128077,128078,7,3,33,502,2016,2,14,3,2,5,3,0,1,1,1,0,0,0,0,4.14664E+20,5.49782E+21,7.81838E+15,4.96269E+16
128078,128079,7,1,11,0,2016,2,19,7,3,6,4,2,1,0,0,1,1,0,0,3.99677E+20,5.57896E+21,7.58974E+15,5.03542E+16
128079,128080,7,3,18,0,2016,1,12,6,3,6,4,0,0,1,0,1,0,0,0,4.59554E+20,5.46377E+21,8.44339E+15,4.93253E+16
128080,128081,7,1,33,40,2016,1,14,3,3,8,1,0,0,0,1,0,0,0,0,4.1557E+20,5.52275E+21,7.82552E+15,4.98513E+16
128081,128082,7,3,19,0,2016,1,10,3,3,1,1,0,1,0,1,0,0,0,0,4.5112E+20,5.49979E+21,8.32288E+15,4.96487E+16
128082,128083,7,3,33,39,2016,2,7,5,3,0,7,0,1,0,0,0,0,0,1,4.29059E+20,5.50101E+21,8.01709E+15,4.96575E+16
128083,128084,7,3,32,7,2016,1,10,3,3,0,1,0,0,0,0,0,1,0,0,4.31026E+20,5.48361E+21,8.04739E+15,4.95012E+16
128084,128085,7,1,34,45,2016,1,18,4,3,7,3,2,1,0,1,0,0,0,0,3.84382E+20,5.50966E+21,7.39572E+15,4.97283E+16
128085,128086,7,3,38,25,2016,1,10,6,3,5,2,0,0,1,1,0,0,0,0,4.54947E+20,5.46931E+21,8.37936E+15,4.93748E+16
128086,128087,7,3,39,49,2016,2,11,2,3,5,3,0,0,1,1,0,0,0,0,4.53759E+20,5.52193E+21,8.3568E+15,4.9848E+16
128087,128088,7,2,11,0,2016,2,14,6,3,2,6,0,0,0,1,0,0,0,0,3.29408E+20,5.51515E+21,6.6311E+15,4.97646E+16
128088,128089,7,1,32,6,2016,1,9,6,3,1,6,0,0,0,1,0,0,0,1,4.19459E+20,5.6284E+21,7.85705E+15,5.08018E+16
128089,128090,7,3,15,0,2016,1,18,2,3,6,7,2,0,0,1,1,0,0,0,4.45285E+20,5.53537E+21,8.23704E+15,4.99682E+16
128090,128091,7,2,11,0,2016,1,7,4,3,6,4,2,1,0,1,1,0,0,0,3.30345E+20,5.5128E+21,6.64512E+15,4.97437E+16
128091,128092,7,1,31,7,2016,2,8,5,3,0,1,0,0,1,0,0,0,0,0,3.66402E+20,5.60039E+21,7.11457E+15,5.05402E+16
128092,128093,7,3,13,0,2016,2,14,3,3,5,3,0,1,1,1,0,0,0,0,4.35648E+20,5.44972E+21,8.11669E+15,4.91969E+16
128093,128094,7,1,11,0,2016,2,10,5,3,6,7,0,0,0,1,1,0,0,0,3.99981E+20,5.57945E+21,7.59388E+15,5.03586E+16
128094,128095,7,1,38,45,2016,2,7,3,2,5,3,0,1,1,1,0,0,0,0,3.91634E+20,5.58714E+21,7.47436E+15,5.04263E+16
128095,128096,7,2,31,113,2016,2,7,4,3,6,4,1,0,0,0,1,0,0,1,3.45261E+20,5.53275E+21,6.84403E+15,4.99271E+16
128096,128097,7,1,41,92,2016,1,1,1,3,9,1,2,0,0,1,0,0,0,0,4.18846E+20,5.56136E+21,7.86292E+15,5.01989E+16
128097,128098,7,2,33,75,2016,2,7,5,3,1,5,0,1,0,1,0,0,0,0,3.43456E+20,5.55826E+21,6.80849E+15,5.01559E+16
128098,128099,7,1,43,29,2016,1,3,1,2,5,3,2,1,0,1,0,0,0,0,4.1069E+20,5.60335E+21,7.73868E+15,5.05752E+16
128099,128100,7,1,43,308,2016,1,15,4,3,2,6,0,1,0,1,0,0,0,0,4.27302E+20,5.60115E+21,7.97368E+15,5.05577E+16
128100,128101,7,2,11,0,2016,1,12,5,3,3,6,0,0,0,1,0,0,0,1,3.29672E+20,5.51478E+21,6.63491E+15,4.97614E+16
128101,128102,7,3,11,0,2016,2,0,1,3,0,1,2,0,1,0,0,0,0,0,4.53012E+20,5.48755E+21,8.35054E+15,4.95387E+16
128102,128103,7,3,14,0,2016,2,9,4,3,8,1,0,1,1,0,0,0,0,0,4.58831E+20,5.48153E+21,8.43161E+15,4.9485E+16
128103,128104,7,3,15,0,2016,2,19,3,3,2,6,2,1,0,1,0,0,0,0,4.46217E+20,5.53939E+21,8.24947E+15,5.00044E+16
128104,128105,7,2,11,0,2016,2,20,4,3,5,3,2,0,1,1,0,0,0,0,3.31518E+20,5.5156E+21,6.66018E+15,4.97692E+16
128105,128106,7,3,14,0,2016,2,13,2,3,4,2,0,0,0,1,0,0,0,0,4.58558E+20,5.47887E+21,8.42811E+15,4.94611E+16
128106,128107,7,3,35,22,2016,1,10,4,3,6,4,0,0,0,1,1,0,0,0,3.96238E+20,5.47427E+21,7.56951E+15,4.94122E+16
128107,128108,7,1,43,48,2016,1,7,4,3,6,4,2,1,0,1,1,0,0,0,4.16627E+20,5.58782E+21,7.82599E+15,5.04365E+16
128108,128109,7,2,35,125,2016,1,15,3,3,6,4,0,0,0,1,1,0,0,0,3.38145E+20,5.52128E+21,6.74977E+15,4.98221E+16
128109,128110,7,3,19,0,2016,1,6,6,3,2,6,2,1,0,1,0,0,0,1,4.52995E+20,5.50221E+21,8.34856E+15,4.96706E+16
128110,128111,7,2,31,10,2016,1,21,6,3,1,1,2,2,0,1,0,0,0,0,3.35392E+20,5.5374E+21,6.70466E+15,4.99662E+16
128111,128112,7,1,33,6,2016,1,11,5,3,3,5,0,1,0,1,0,0,0,0,4.18448E+20,5.52177E+21,7.86575E+15,4.98428E+16
128112,128113,7,1,37,89,2016,1,7,4,2,5,3,2,1,1,1,0,0,0,0,3.79399E+20,5.57394E+21,7.30641E+15,5.03052E+16
128113,128114,7,1,11,0,2016,1,7,4,3,2,6,2,0,0,1,0,0,0,0,3.97883E+20,5.58059E+21,7.56408E+15,5.03685E+16