FID,OBJECTID,ULAND,UREGBEZ,UKREIS,UGEMEINDE,UJAHR,UMONAT,USTUNDE,UWOCHENTAG,UKATEGORIE,UART,UTYP1,ULICHTVERH,IstStrasse,IstRad,IstPKW,IstFuss,IstKrad,IstGkfz,IstSonstig,LINREFX,LINREFY,XGCSWGS84,YGCSWGS84
128114,128115,7,3,15,0,2016,1,7,6,2,6,4,2,1,0,1,1,0,0,0,4.46512E+20,5.53932E+21,8.2536E+15,5.00038E+16
128115,128116,7,3,14,0,2016,2,14,7,3,1,6,0,0,0,1,0,0,0,0,4.55164E+20,5.4834E+21,8.38076E+15,4.95016E+16
128116,128117,7,2,11,0,2016,1,10,1,3,0,1,0,2,0,0,0,1,0,0,3.31582E+20,5.51475E+21,6.66143E+15,4.97616E+16
128117,128118,7,3,15,0,2016,2,9,3,3,6,4,0,0,0,0,1,0,0,1,4.47189E+20,5.53895E+21,8.2631E+15,5.00005E+16
128118,128119,7,1,34,45,2016,2,9,2,3,6,4,0,0,0,1,1,0,0,0,3.78782E+20,5.50695E+21,7.31889E+15,4.97029E+16
128119,128120,7,3,13,0,2016,1,12,7,3,5,3,0,0,0,1,0,0,0,0,4.36674E+20,5.44902E+21,8.13088E+15,4.91907E+16
128120,128121,7,3,17,0,2016,1,13,3,3,6,6,0,0,0,1,1,0,0,0,3.98322E+20,5.45082E+21,7.6042E+15,4.92018E+16
128121,128122,7,3,12,0,2016,1,15,3,3,5,3,0,1,0,1,0,0,0,0,4.10806E+20,5.47806E+21,7.76944E+15,4.94486E+16
128122,128123,7,3,15,0,2016,1,11,6,3,5,3,0,1,1,1,0,0,0,0,4.475E+20,5.53827E+21,8.26752E+15,4.99945E+16
128123,128124,7,1,43,57,2016,2,16,6,3,5,3,0,1,0,1,0,1,0,0,4.15963E+20,5.58261E+21,7.8178E+15,5.03896E+16
128124,128125,7,3,12,0,2016,2,10,3,3,0,7,0,1,0,1,0,0,0,1,4.10774E+20,5.47671E+21,7.76931E+15,4.94365E+16
128125,128126,7,3,32,24,2016,2,8,6,3,5,3,0,1,1,1,0,0,0,0,4.39743E+20,5.49061E+21,8.1667E+15,4.95651E+16
128126,128127,7,3,14,0,2016,1,18,6,3,5,3,2,0,1,1,0,0,0,0,4.58573E+20,5.47889E+21,8.42832E+15,4.94612E+16
128127,128128,7,3,35,43,2016,2,12,6,3,6,4,0,0,0,1,1,0,0,0,3.98044E+20,5.48339E+21,7.59206E+15,4.94946E+16
128128,128129,7,2,35,68,2016,2,16,4,3,9,1,0,0,0,1,0,0,0,0,3.25623E+20,5.50874E+21,6.58145E+15,4.97059E+16
128129,128130,7,1,40,64,2016,2,22,2,3,8,1,2,2,0,1,0,0,0,0,3.8769E+20,5.54678E+21,7.43081E+15,5.00627E+16
128130,128131,7,2,11,0,2016,2,17,7,3,5,3,0,1,0,1,0,1,0,0,3.31045E+20,5.51492E+21,6.65391E+15,4.97629E+16
128131,128132,7,1,31,7,2016,1,12,7,3,6,7,0,1,0,0,1,0,0,1,3.67191E+20,5.60081E+21,7.12556E+15,5.05442E+16
128132,128133,7,3,16,0,2016,1,15,3,2,2,1,0,0,1,1,0,0,0,0,4.38617E+20,5.4671E+21,8.15477E+15,4.93535E+16
128133,128134,7,3,37,5,2016,1,0,3,2,6,7,2,1,0,1,1,0,0,0,4.26363E+20,5.43872E+21,7.99127E+15,4.90969E+16
128134,128135,7,3,11,0,2016,2,13,5,3,6,4,0,1,1,0,1,0,0,0,4.541E+20,5.48716E+21,8.36563E+15,4.95353E+16
128135,128136,7,3,12,0,2016,2,16,4,3,1,6,0,1,1,1,0,0,0,0,4.10211E+20,5.47653E+21,7.76158E+15,4.94348E+16
128136,128137,7,2,35,118,2016,2,8,2,3,0,1,0,1,0,0,0,1,0,0,3.23536E+20,5.49772E+21,6.55749E+15,4.96063E+16
128137,128138,7,1,33,6,2016,2,13,5,2,6,7,0,0,0,0,1,0,0,1,4.18971E+20,5.52059E+21,7.87328E+15,4.98322E+16
128138,128139,7,3,37,25,2016,1,17,5,3,4,5,2,0,0,0,0,1,0,1,4.34045E+20,5.45504E+21,8.09381E+15,4.92445E+16
128139,128140,7,1,41,91,2016,1,14,2,3,6,7,0,0,0,0,1,0,0,1,4.14623E+20,5.5747E+21,7.80074E+15,5.03183E+16
128140,128141,7,3,13,0,2016,1,7,3,3,6,4,2,1,0,1,1,0,0,0,4.35368E+20,5.45047E+21,8.11273E+15,4.92036E+16
128141,128142,7,3,38,17,2016,1,17,5,3,5,3,1,0,1,0,0,0,0,0,4.5618E+20,5.4743E+21,8.3958E+15,4.94198E+16
128142,128143,7,3,18,0,2016,1,12,3,3,5,7,0,1,0,1,0,0,0,0,4.58314E+20,5.4638E+21,8.42633E+15,4.93255E+16
128143,128144,7,3,32,2,2016,2,15,4,3,5,3,0,1,0,1,0,0,0,1,4.41374E+20,5.47931E+21,8.19093E+15,4.94636E+16
128144,128145,7,2,31,134,2016,1,12,3,3,3,5,0,1,0,1,0,1,0,0,3.49818E+20,5.53887E+21,6.90509E+15,4.99833E+16
128145,128146,7,1,37,89,2016,1,16,3,3,6,4,0,0,0,1,1,0,0,0,3.80188E+20,5.57365E+21,7.31758E+15,5.03028E+16
128146,128147,7,3,15,0,2016,2,18,5,3,6,4,2,1,0,1,1,0,0,0,4.47557E+20,5.53937E+21,8.26817E+15,5.00044E+16
128147,128148,7,1,38,45,2016,2,18,4,3,6,2,2,1,0,1,1,0,0,0,3.90377E+20,5.58762E+21,7.45653E+15,5.04303E+16
128148,128149,7,1,38,45,2016,2,18,5,3,6,4,2,1,0,1,1,0,0,0,3.91479E+20,5.58859E+21,7.47176E+15,5.04393E+16
128149,128150,7,1,37,86,2016,1,11,7,3,1,5,0,1,0,1,0,0,0,0,3.85061E+20,5.57881E+21,7.38441E+15,5.03502E+16
128150,128151,7,1,38,45,2016,1,12,5,3,1,6,0,1,0,1,0,0,0,0,3.91152E+20,5.58944E+21,7.4669E+15,5.04469E+16
128151,128152,7,1,34,17,2016,1,8,6,1,6,7,0,2,0,1,1,0,0,0,3.83519E+20,5.52228E+21,7.37997E+15,4.98416E+16
128152,128153,7,1,11,0,2016,2,13,1,3,6,6,0,0,0,1,1,0,0,0,4.01716E+20,5.57858E+21,7.61849E+15,5.03511E+16
128153,128154,7,3,33,19,2016,2,16,4,3,3,2,0,1,1,1,0,0,0,0,4.32089E+20,5.49003E+21,8.06097E+15,4.95591E+16
128154,128155,7,1,35,92,2016,2,9,3,3,2,7,0,1,0,1,0,0,0,0,3.69475E+20,5.54419E+21,7.17733E+15,5.00357E+16
128155,128156,7,1,41,501,2016,1,12,1,3,6,4,0,1,0,1,1,0,0,0,4.03367E+20,5.56993E+21,7.6439E+15,5.02736E+16
128156,128157,7,1,11,0,2016,2,18,4,3,6,7,2,0,0,1,1,0,0,0,4.00157E+20,5.57921E+21,7.59642E+15,5.03565E+16
128157,128158,7,3,39,49,2016,2,16,2,3,0,3,0,1,0,1,0,1,0,0,4.53473E+20,5.52186E+21,8.35283E+15,4.98474E+16
128158,128159,7,1,11,0,2016,3,19,6,3,2,6,2,1,1,1,0,0,0,0,4.00128E+20,5.58036E+21,7.5957E+15,5.03669E+16
128159,128160,7,3,39,30,2016,2,17,6,3,0,7,0,0,0,0,0,1,0,0,4.32284E+20,5.53642E+21,8.05559E+15,4.99763E+16
128160,128161,7,1,41,29,2016,2,23,2,3,5,3,2,0,1,1,0,0,0,0,4.30139E+20,5.58017E+21,8.01764E+15,5.03694E+16
128161,128162,7,3,13,0,2016,2,11,5,3,1,6,0,0,0,1,0,0,0,0,4.36047E+20,5.45045E+21,8.12206E+15,4.92035E+16
128162,128163,7,2,11,0,2016,3,19,6,3,6,7,2,0,0,1,1,0,0,0,3.3244E+20,5.51572E+21,6.67291E+15,4.97706E+16
128163,128164,7,3,12,0,2016,3,14,3,3,2,6,0,0,0,1,0,0,0,0,4.04494E+20,5.47634E+21,7.68279E+15,4.94322E+16
128164,128165,7,2,11,0,2016,3,10,5,2,1,5,0,0,1,1,0,0,0,0,3.29847E+20,5.51369E+21,6.63782E+15,4.97516E+16
128165,128166,7,1,33,6,2016,3,19,4,2,4,7,2,1,0,1,0,0,0,0,4.21283E+20,5.52359E+21,7.90481E+15,4.98595E+16
128166,128167,7,3,14,0,2016,3,15,3,2,6,4,0,0,0,1,1,0,0,0,4.59846E+20,5.48085E+21,8.44568E+15,4.94789E+16
128167,128168,7,3,13,0,2016,3,17,5,3,1,6,0,0,0,1,0,1,0,0,4.35989E+20,5.45045E+21,8.12125E+15,4.92035E+16
128168,128169,7,3,38,26,2016,2,14,1,3,0,1,0,0,1,0,0,0,0,0,4.58954E+20,5.47099E+21,8.43439E+15,4.93902E+16
128169,128170,7,1,33,6,2016,3,11,6,2,0,7,0,0,0,1,1,0,0,0,4.18128E+20,5.52215E+21,7.86123E+15,4.98462E+16
128170,128171,7,3,11,0,2016,3,12,4,3,1,5,0,0,1,1,0,0,0,0,4.51651E+20,5.485E+21,8.33205E+15,4.95157E+16
128171,128172,7,3,38,1,2016,2,7,5,3,6,2,0,0,0,1,1,0,0,0,4.63387E+20,5.47565E+21,8.49505E+15,4.94324E+16
128172,128173,7,3,33,19,2016,2,16,5,2,6,4,0,0,0,1,1,0,0,0,4.32824E+20,5.49034E+21,8.07108E+15,4.95619E+16
128173,128174,7,1,11,0,2016,3,12,6,3,0,1,0,0,0,0,0,1,0,0,4.01318E+20,5.57752E+21,7.61318E+15,5.03415E+16
128174,128175,7,3,32,39,2016,3,13,3,3,5,3,0,0,0,1,0,1,0,0,4.43296E+20,5.47354E+21,8.21828E+15,4.94119E+16
128175,128176,7,3,14,0,2016,3,5,4,3,5,3,2,0,0,1,0,0,0,0,4.5668E+20,5.4788E+21,8.4022E+15,4.94603E+16
128176,128177,7,3,11,0,2016,3,14,2,3,0,1,0,0,0,0,0,1,0,0,4.53013E+20,5.48802E+21,8.3505E+15,4.95429E+16
128177,128178,7,3,15,0,2016,3,10,5,3,5,3,0,0,1,0,0,0,0,1,4.45886E+20,5.5359E+21,8.24535E+15,4.9973E+16
128178,128179,7,3,15,0,2016,3,15,5,3,9,1,0,0,0,1,0,0,0,0,4.4943E+20,5.53636E+21,8.29471E+15,4.99774E+16
128179,128180,7,1,38,45,2016,3,17,6,3,6,4,0,0,0,1,1,0,0,0,3.92024E+20,5.5872E+21,7.47983E+15,5.04269E+16
128180,128181,7,3,14,0,2016,3,7,3,3,4,6,0,0,1,0,0,0,0,0,4.57442E+20,5.4855E+21,8.412E+15,4.95206E+16
128181,128182,7,2,11,0,2016,2,6,5,3,6,4,2,1,0,1,1,0,0,0,3.28682E+20,5.51374E+21,6.62164E+15,4.97517E+16
128182,128183,7,1,11,0,2016,3,17,4,3,6,4,0,1,0,1,1,0,0,0,3.98903E+20,5.57963E+21,7.57868E+15,5.03601E+16
128183,128184,7,3,12,0,2016,3,13,6,2,5,3,0,1,0,1,0,1,0,0,4.09477E+20,5.47735E+21,7.75127E+15,4.9442E+16
128184,128185,7,3,35,38,2016,2,9,6,3,2,6,0,1,0,1,0,0,1,0,3.93372E+20,5.47469E+21,7.52989E+15,4.94156E+16
128185,128186,7,3,17,0,2016,3,16,4,3,6,6,0,1,0,1,1,0,0,0,3.98528E+20,5.45156E+21,7.60684E+15,4.92084E+16
128186,128187,7,3,34,7,2016,3,14,7,3,6,4,0,0,0,1,1,0,0,0,4.5389E+20,5.45311E+21,8.36668E+15,4.9229E+16
128187,128188,7,1,11,0,2016,3,16,5,3,2,6,0,0,0,1,0,0,0,0,4.00005E+20,5.57915E+21,7.59429E+15,5.0356E+16
128188,128189,7,1,33,65,2016,3,16,4,3,5,2,0,0,0,1,0,0,0,0,4.04207E+20,5.50761E+21,7.67122E+15,4.97134E+16
128189,128190,7,3,32,24,2016,3,11,5,2,1,7,0,0,0,1,0,0,0,0,4.39295E+20,5.49069E+21,8.16049E+15,4.95658E+16
128190,128191,7,3,12,0,2016,3,12,2,3,5,2,0,0,0,1,0,0,0,0,4.10208E+20,5.47725E+21,7.76138E+15,4.94413E+16
128191,128192,7,1,43,206,2016,2,15,5,3,8,1,0,1,0,0,0,1,0,0,4.24784E+20,5.61086E+21,7.93617E+15,5.06447E+16
128192,128193,7,3,15,0,2016,3,19,3,3,2,6,2,0,0,1,0,0,0,0,4.47076E+20,5.53892E+21,8.26152E+15,5.00002E+16
128193,128194,7,2,11,0,2016,3,15,6,3,6,7,0,1,0,0,1,0,0,1,3.33176E+20,5.51669E+21,6.68271E+15,4.97795E+16
128194,128195,7,3,38,20,2016,2,9,1,3,4,1,0,0,0,1,0,0,0,0,4.5842E+20,5.47445E+21,8.42667E+15,4.94213E+16
128195,128196,7,2,11,0,2016,3,16,1,3,5,3,0,0,0,1,0,0,0,0,3.29677E+20,5.51425E+21,6.63523E+15,4.97565E+16
128196,128197,7,1,43,48,2016,2,9,5,3,5,3,0,0,0,1,0,0,0,0,4.16291E+20,5.5885E+21,7.8211E+15,5.04426E+16
128197,128198,7,3,15,0,2016,3,18,6,2,6,4,0,0,0,1,1,0,0,0,4.46303E+20,5.52985E+21,8.252E+15,4.99186E+16
128198,128199,7,3,12,0,2016,3,11,6,3,1,6,0,0,0,1,0,1,0,0,4.10342E+20,5.47782E+21,7.7631E+15,4.94464E+16
128199,128200,7,3,19,0,2016,3,9,4,3,5,3,0,0,1,1,0,0,0,0,4.53942E+20,5.49819E+21,8.36215E+15,4.96345E+16
128200,128201,7,1,11,0,2016,3,9,2,3,4,2,0,0,0,1,0,1,0,0,4.00888E+20,5.58119E+21,7.60618E+15,5.03744E+16
128201,128202,7,1,37,3,2016,2,18,5,3,2,6,2,0,0,1,0,0,0,0,3.87721E+20,5.58831E+21,7.41895E+15,5.0436E+16
128202,128203,7,1,37,212,2016,3,12,7,2,0,7,0,0,0,0,1,0,0,1,3.90076E+20,5.57313E+21,7.45652E+15,5.03E+16
128203,128204,7,3,13,0,2016,3,7,5,3,5,3,0,0,1,1,0,0,0,0,4.361E+20,5.45045E+21,8.12277E+15,4.92035E+16
128204,128205,7,3,34,501,2016,2,15,4,3,2,2,0,0,0,1,0,0,1,0,4.47314E+20,5.43256E+21,8.27904E+15,4.90436E+16
128205,128206,7,3,15,0,2016,3,19,2,3,5,7,2,1,0,1,0,0,0,0,4.4412E+20,5.54056E+21,8.22004E+15,5.00147E+16
128206,128207,7,3,39,5,2016,3,12,7,3,6,6,0,0,1,0,1,0,0,0,4.20726E+20,5.53559E+21,7.89459E+15,4.99674E+16
128207,128208,7,3,16,0,2016,3,15,5,3,0,7,0,1,0,1,0,0,0,0,4.38747E+20,5.4676E+21,8.15649E+15,4.9358E+16
128208,128209,7,2,11,0,2016,2,16,6,3,5,7,0,0,1,1,0,0,0,0,3.29262E+20,5.51361E+21,6.62975E+15,4.97507E+16
128209,128210,7,3,20,0,2016,2,16,7,3,5,3,0,0,0,1,0,0,0,0,3.81246E+20,5.45526E+21,7.36856E+15,4.92386E+16
128210,128211,7,3,37,5,2016,2,7,4,3,6,4,0,0,0,1,1,0,0,0,4.2675E+20,5.43947E+21,7.99643E+15,4.91037E+16
128211,128212,7,1,32,117,2016,3,16,6,3,2,6,0,0,0,1,0,0,0,0,4.0978E+20,5.62559E+21,7.72042E+15,5.07751E+16
128212,128213,7,3,18,0,2016,3,14,3,3,5,3,0,0,1,0,0,1,0,0,4.5865E+20,5.46408E+21,8.43092E+15,4.93281E+16
128213,128214,7,1,38,45,2016,3,7,5,3,6,2,1,0,0,1,1,0,0,0,3.9134E+20,5.5896E+21,7.46951E+15,5.04483E+16
128214,128215,7,1,33,6,2016,3,16,4,3,1,6,0,1,0,1,0,0,0,0,4.18399E+20,5.52215E+21,7.86499E+15,4.98463E+16
128215,128216,7,3,14,0,2016,3,6,3,2,5,2,1,0,1,1,0,0,0,0,4.57811E+20,5.48172E+21,8.41749E+15,4.94867E+16
128216,128217,7,3,39,30,2016,3,10,5,3,2,2,0,0,0,1,0,0,0,0,4.31046E+20,5.53617E+21,8.03838E+15,4.99739E+16
128217,128218,7,1,31,211,2016,3,9,7,3,6,5,0,0,0,1,1,0,0,0,3.68778E+20,5.5859E+21,7.15317E+15,5.04105E+16
128218,128219,7,1,31,77,2016,3,9,5,3,4,1,0,1,0,1,0,1,0,0,3.75061E+20,5.60082E+21,7.23657E+15,5.0546E+16
128219,128220,7,3,39,49,2016,3,15,4,3,6,7,0,0,0,0,1,1,0,0,4.53606E+20,5.52158E+21,8.35472E+15,4.98448E+16
128220,128221,7,1,31,7,2016,2,19,6,2,6,4,2,1,0,1,1,0,0,0,3.678E+20,5.60038E+21,7.1343E+15,5.05404E+16
128221,128222,7,3,34,7,2016,2,21,7,3,5,3,2,0,0,1,0,0,0,0,4.54382E+20,5.45153E+21,8.37361E+15,4.92149E+16
128222,128223,7,3,14,0,2016,3,13,6,3,6,6,0,0,1,0,1,0,0,0,4.54024E+20,5.48216E+21,8.36516E+15,4.94903E+16
128223,128224,7,3,18,0,2016,2,9,4,3,5,7,0,0,0,1,0,0,0,1,4.59206E+20,5.46449E+21,8.43853E+15,4.93318E+16
128224,128225,7,3,34,7,2016,3,17,5,3,1,5,0,0,1,1,0,0,0,0,4.53265E+20,5.44952E+21,8.35851E+15,4.91967E+16
128225,128226,7,3,15,0,2016,3,15,3,2,0,5,0,0,1,1,0,0,0,0,4.40337E+20,5.5375E+21,8.16772E+15,4.99869E+16
128226,128227,7,2,11,0,2016,3,8,4,3,5,3,0,0,1,1,0,0,0,0,3.31506E+20,5.51559E+21,6.66001E+15,4.97691E+16
128227,128228,7,3,14,0,2016,3,8,4,3,3,5,0,0,0,1,0,1,0,0,4.60234E+20,5.48056E+21,8.45107E+15,4.94764E+16
128228,128229,7,1,11,0,2016,3,11,2,3,7,5,0,0,0,1,0,1,0,0,3.98004E+20,5.57777E+21,7.56655E+15,5.03432E+16
128229,128230,7,1,32,117,2016,3,14,5,3,2,6,0,1,0,1,0,0,0,0,4.10822E+20,5.62627E+21,7.73503E+15,5.07814E+16
128230,128231,7,1,31,77,2016,3,11,5,3,0,7,0,0,0,0,0,1,0,0,3.7746E+20,5.60043E+21,7.27054E+15,5.05429E+16
128231,128232,7,3,35,22,2016,3,14,5,3,6,7,0,0,0,1,1,0,0,0,3.96435E+20,5.47292E+21,7.57257E+15,4.94002E+16
128232,128233,7,1,43,32,2016,3,21,3,3,8,1,2,1,0,1,0,1,0,0,4.05441E+20,5.58748E+21,7.6686E+15,5.04317E+16
128233,128234,7,1,11,0,2016,3,16,3,3,0,4,0,0,0,1,1,0,0,0,3.9919E+20,5.57885E+21,7.58293E+15,5.03531E+16
128234,128235,7,3,14,0,2016,3,10,5,3,0,7,0,0,0,1,0,1,0,0,4.59158E+20,5.48107E+21,8.43616E+15,4.94809E+16
128235,128236,7,3,14,0,2016,2,15,7,3,5,3,0,0,0,1,0,0,0,0,4.55039E+20,5.48219E+21,8.37917E+15,4.94907E+16
128236,128237,7,3,13,0,2016,3,11,5,3,3,6,0,0,0,0,0,1,0,0,4.35873E+20,5.44948E+21,8.11982E+15,4.91948E+16
128237,128238,7,3,19,0,2016,3,12,6,3,5,3,0,0,1,1,0,0,0,0,4.5393E+20,5.4984E+21,8.36196E+15,4.96364E+16
128238,128239,7,1,38,38,2016,3,11,4,3,5,3,0,0,0,1,0,0,0,0,3.85108E+20,5.59027E+21,7.38156E+15,5.04531E+16
128239,128240,7,3,14,0,2016,2,8,4,3,5,6,0,0,1,1,0,0,0,0,4.60093E+20,5.48011E+21,8.44916E+15,4.94723E+16
128240,128241,7,1,32,79,2016,3,14,4,3,1,7,0,0,0,1,0,0,0,0,4.2799E+20,5.61447E+21,7.9808E+15,5.06776E+16
128241,128242,7,3,39,43,2016,3,20,7,2,0,1,2,0,1,0,0,0,0,0,4.52041E+20,5.52447E+21,8.33259E+15,4.98707E+16
128242,128243,7,3,13,0,2016,3,7,4,3,3,5,0,0,1,1,0,0,0,0,4.35865E+20,5.44983E+21,8.11965E+15,4.91979E+16
128243,128244,7,3,34,13,2016,3,18,5,2,0,7,0,0,0,0,0,1,0,0,4.41425E+20,5.43672E+21,8.19786E+15,4.90806E+16
128244,128245,7,2,11,0,2016,3,16,2,3,4,6,0,0,1,0,0,0,0,0,3.30186E+20,5.51328E+21,6.64271E+15,4.9748E+16
128245,128246,7,1,33,6,2016,2,7,4,3,0,7,0,2,0,1,0,0,0,0,4.18631E+20,5.52054E+21,7.86856E+15,4.98318E+16
128246,128247,7,2,11,0,2016,2,11,4,3,1,2,0,0,0,1,0,0,0,0,3.31962E+20,5.51602E+21,6.66616E+15,4.97731E+16
128247,128248,7,3,12,0,2016,3,7,2,3,5,3,0,0,1,1,0,0,0,0,4.11296E+20,5.47723E+21,7.77638E+15,4.94413E+16
128248,128249,7,1,31,7,2016,3,11,6,3,1,7,0,1,1,1,0,0,0,0,3.67743E+20,5.60096E+21,7.13329E+15,5.05456E+16
128249,128250,7,1,11,0,2016,2,16,6,3,5,3,0,0,0,1,0,0,0,0,3.9726E+20,5.58284E+21,7.55471E+15,5.03886E+16
128250,128251,7,1,32,6,2016,2,16,4,3,2,2,0,0,0,1,0,0,0,0,4.19459E+20,5.6284E+21,7.85705E+15,5.08018E+16
128251,128252,7,3,14,0,2016,3,13,3,3,6,7,0,0,0,1,1,0,0,0,4.59183E+20,5.48225E+21,8.43638E+15,4.94915E+16
128252,128253,7,3,18,0,2016,3,15,6,3,5,3,0,1,1,1,0,0,0,0,4.59162E+20,5.46229E+21,8.43814E+15,4.9312E+16
128253,128254,7,3,11,0,2016,2,10,6,3,0,7,0,0,1,1,0,0,0,0,4.5331E+20,5.48746E+21,8.35468E+15,4.95379E+16
128254,128255,7,1,38,45,2016,3,10,4,3,6,7,0,0,0,1,1,0,0,0,3.97004E+20,5.58707E+21,7.54995E+15,5.04266E+16
128255,128256,7,3,34,21,2016,3,16,1,3,1,1,0,0,0,1,0,0,0,1,4.44136E+20,5.42699E+21,8.23633E+15,4.89932E+16
128256,128257,7,1,38,45,2016,2,16,4,3,5,2,0,0,0,1,0,0,0,0,3.96677E+20,5.58816E+21,7.54505E+15,5.04364E+16
128257,128258,7,3,36,102,2016,3,16,6,3,2,1,0,0,0,1,0,1,0,0,3.78601E+20,5.47179E+21,7.32722E+15,4.93867E+16
128258,128259,7,3,15,0,2016,3,12,3,3,2,6,0,0,0,1,0,0,0,0,4.47425E+20,5.53891E+21,8.26639E+15,5.00002E+16
128259,128260,7,3,14,0,2016,3,16,5,3,1,5,0,0,1,1,0,0,0,0,4.59265E+20,5.4819E+21,8.43756E+15,4.94884E+16
128260,128261,7,1,11,0,2016,3,17,2,3,6,4,0,0,0,0,1,0,0,1,3.99903E+20,5.57875E+21,7.59297E+15,5.03523E+16
128261,128262,7,2,31,113,2016,3,11,7,3,8,7,0,0,1,0,0,0,0,0,3.44845E+20,5.53238E+21,6.83839E+15,4.99236E+16
128262,128263,7,3,19,0,2016,3,16,5,2,2,2,0,1,1,1,0,0,0,0,4.52768E+20,5.49928E+21,8.34577E+15,4.96442E+16
128263,128264,7,1,43,48,2016,3,16,4,2,6,2,0,0,0,1,1,0,0,0,4.16978E+20,5.58758E+21,7.83097E+15,5.04344E+16
128264,128265,7,3,20,0,2016,2,16,5,3,6,2,0,0,0,1,1,0,0,0,3.80646E+20,5.45642E+21,7.35998E+15,4.92489E+16
128265,128266,7,1,33,67,2016,2,17,7,3,5,3,0,0,0,1,0,0,0,0,3.98613E+20,5.51736E+21,7.59111E+15,4.98002E+16
128266,128267,7,2,35,45,2016,2,20,7,3,0,1,2,0,0,1,0,1,0,0,3.51865E+20,5.50207E+21,6.94767E+15,4.9653E+16
128267,128268,7,3,20,0,2016,3,11,7,3,6,7,0,0,0,1,1,0,0,0,3.80253E+20,5.45395E+21,7.35532E+15,4.92266E+16
128268,128269,7,1,11,0,2016,2,11,4,3,6,4,0,0,1,0,1,0,0,0,4.00113E+20,5.57954E+21,7.59571E+15,5.03594E+16
128269,128270,7,2,35,90,2016,3,23,6,2,6,5,2,0,0,1,1,0,0,0,3.37887E+20,5.51148E+21,6.75026E+15,4.9734E+16
128270,128271,7,1,35,92,2016,3,17,3,3,5,3,1,0,0,1,0,0,0,0,3.69737E+20,5.54353E+21,7.18121E+15,5.00298E+16
128271,128272,7,2,35,68,2016,3,12,5,3,1,5,0,0,0,1,0,0,0,0,3.25346E+20,5.50777E+21,6.57804E+15,4.96971E+16
128272,128273,7,1,37,68,2016,3,9,6,3,8,1,0,1,0,1,0,0,0,0,3.74107E+20,5.5767E+21,7.23122E+15,5.03289E+16
128273,128274,7,1,38,45,2016,3,12,4,2,6,7,0,0,1,0,1,0,0,0,3.91571E+20,5.58871E+21,7.47302E+15,5.04404E+16
128274,128275,7,1,37,3,2016,3,11,4,3,6,4,0,0,0,1,1,0,0,0,3.86072E+20,5.58878E+21,7.39559E+15,5.044E+16
128275,128276,7,3,12,0,2016,2,15,5,3,5,3,0,0,0,1,0,0,0,0,4.10911E+20,5.47808E+21,7.77088E+15,4.94489E+16
128276,128277,7,3,32,2,2016,3,19,5,3,6,2,1,0,0,1,1,0,0,0,4.39667E+20,5.47899E+21,8.16743E+15,4.94605E+16
128277,128278,7,3,17,0,2016,2,11,6,3,2,6,0,0,0,1,0,0,0,0,3.98431E+20,5.45071E+21,7.60572E+15,4.92008E+16
128278,128279,7,3,14,0,2016,3,14,6,3,0,1,0,0,1,0,0,0,0,1,4.57059E+20,5.48525E+21,8.40673E+15,4.95184E+16
128279,128280,7,3,11,0,2016,3,16,4,3,5,5,0,0,0,1,0,1,0,0,4.53336E+20,5.48605E+21,8.3552E+15,4.95253E+16
128280,128281,7,1,11,0,2016,2,11,4,3,6,4,0,0,0,1,1,0,0,0,4.00056E+20,5.57884E+21,7.5951E+15,5.03532E+16
128281,128282,7,3,12,0,2016,2,7,3,3,6,4,0,2,0,1,1,0,0,0,4.1177E+20,5.47797E+21,7.78276E+15,4.94479E+16
128282,128283,7,1,35,20,2016,3,15,6,3,6,6,0,0,1,0,1,0,0,0,3.69011E+20,5.55692E+21,7.16649E+15,5.015E+16
128283,128284,7,2,33,26,2016,3,13,3,3,4,6,0,0,0,1,0,1,0,0,3.32377E+20,5.56661E+21,6.64984E+15,5.02278E+16
128284,128285,7,1,11,0,2016,3,12,5,1,6,4,0,0,0,1,1,0,0,0,3.99384E+20,5.57902E+21,7.5856E+15,5.03546E+16
128285,128286,7,3,13,0,2016,3,13,2,3,5,2,0,0,1,1,0,0,0,0,4.35647E+20,5.44976E+21,8.11667E+15,4.91972E+16
128286,128287,7,3,19,0,2016,3,8,5,3,5,3,0,0,0,1,0,0,0,0,4.52886E+20,5.50429E+21,8.3468E+15,4.96893E+16
128287,128288,7,3,15,0,2016,3,17,5,3,4,2,0,0,1,1,0,0,0,0,4.47232E+20,5.53549E+21,8.26417E+15,4.99694E+16
128288,128289,7,2,11,0,2016,3,14,6,2,6,4,0,0,0,1,1,0,0,0,3.29488E+20,5.51093E+21,6.63405E+15,4.97267E+16
128289,128290,7,3,18,0,2016,2,13,3,3,2,6,0,1,1,1,0,0,0,0,4.57691E+20,5.46324E+21,8.41781E+15,4.93204E+16
128290,128291,7,1,31,211,2016,3,17,4,2,0,1,0,0,0,1,0,0,0,0,3.68777E+20,5.58563E+21,7.15326E+15,5.0408E+16
128291,128292,7,1,41,6,2016,3,15,7,3,3,6,0,0,0,1,0,0,0,0,4.07654E+20,5.57689E+21,7.70235E+15,5.03369E+16