FID,OBJECTID,ULAND,UREGBEZ,UKREIS,UGEMEINDE,UJAHR,UMONAT,USTUNDE,UWOCHENTAG,UKATEGORIE,UART,UTYP1,ULICHTVERH,IstStrasse,IstRad,IstPKW,IstFuss,IstKrad,IstGkfz,IstSonstig,LINREFX,LINREFY,XGCSWGS84,YGCSWGS84
128470,128471,7,1,38,3,2016,4,14,7,2,0,1,0,0,1,0,0,0,0,0,3.88155E+20,5.61377E+21,7.41741E+15,5.0665E+16
128471,128472,7,1,43,308,2016,4,11,5,3,6,4,0,0,0,1,1,0,0,0,4.27206E+20,5.60095E+21,7.97237E+15,5.05559E+16
128472,128473,7,1,43,48,2016,4,8,2,3,1,6,0,1,0,1,0,0,0,0,4.16349E+20,5.58832E+21,7.82196E+15,5.0441E+16
128473,128474,7,3,31,31,2016,4,18,3,3,5,3,0,1,1,1,0,0,0,0,4.40538E+20,5.51027E+21,8.17471E+15,4.9742E+16
128474,128475,7,3,19,0,2016,4,23,7,3,5,3,2,0,0,1,0,0,0,0,4.53798E+20,5.49758E+21,8.36023E+15,4.9629E+16
128475,128476,7,1,43,229,2016,4,15,6,3,0,6,0,0,1,1,1,0,0,0,4.16792E+20,5.61254E+21,7.82278E+15,5.06587E+16
128476,128477,7,1,31,7,2016,4,21,7,2,6,4,2,0,0,1,1,0,0,0,3.68026E+20,5.6011E+21,7.13724E+15,5.05469E+16
128477,128478,7,3,13,0,2016,4,8,2,2,6,4,0,0,0,1,1,0,0,0,4.35067E+20,5.45042E+21,8.1086E+15,4.92031E+16
128478,128479,7,3,14,0,2016,4,18,4,3,1,5,0,0,1,1,0,0,0,0,4.55517E+20,5.48607E+21,8.38534E+15,4.95256E+16
128479,128480,7,3,38,19,2016,4,11,2,3,6,4,0,0,0,1,1,0,1,0,4.53665E+20,5.47704E+21,8.3608E+15,4.94443E+16
128480,128481,7,1,11,0,2016,4,13,7,3,9,1,0,0,1,0,0,0,0,0,4.00025E+20,5.57979E+21,7.59441E+15,5.03617E+16
128481,128482,7,3,34,7,2016,3,15,2,3,4,6,0,0,1,1,0,0,0,0,4.53313E+20,5.45068E+21,8.35904E+15,4.92071E+16
128482,128483,7,3,40,206,2016,4,7,4,3,0,7,0,0,0,1,1,0,0,0,3.85783E+20,5.45681E+21,7.43043E+15,4.92534E+16
128483,128484,7,3,11,0,2016,4,15,2,3,5,3,0,0,1,1,0,0,0,0,4.53158E+20,5.48689E+21,8.35265E+15,4.95328E+16
128484,128485,7,3,18,0,2016,4,16,1,3,4,2,0,0,0,1,0,1,0,0,4.58599E+20,5.46403E+21,8.43022E+15,4.93276E+16
128485,128486,7,1,40,64,2016,4,17,2,3,2,2,0,0,0,1,0,1,0,0,3.88555E+20,5.54738E+21,7.44272E+15,5.00682E+16
128486,128487,7,1,38,45,2016,4,7,3,3,5,3,0,0,0,1,0,0,0,0,3.91476E+20,5.58731E+21,7.47209E+15,5.04278E+16
128487,128488,7,3,12,0,2016,3,12,1,3,5,3,0,1,0,1,0,0,0,1,4.10894E+20,5.47778E+21,7.77071E+15,4.94462E+16
128488,128489,7,3,15,0,2016,4,20,7,3,5,7,1,0,0,1,0,0,0,0,4.45277E+20,5.53607E+21,8.23683E+15,4.99744E+16
128489,128490,7,1,37,88,2016,4,16,6,3,6,4,0,0,0,1,1,0,0,0,3.86621E+20,5.58362E+21,7.40488E+15,5.03936E+16
128490,128491,7,3,32,25,2016,4,22,1,3,5,3,2,0,1,1,0,0,0,0,4.4595E+20,5.4684E+21,8.25556E+15,4.93659E+16
128491,128492,7,1,31,7,2016,4,13,7,3,0,1,0,0,1,0,0,0,0,0,3.6713E+20,5.6009E+21,7.12466E+15,5.05449E+16
128492,128493,7,2,35,118,2016,4,16,2,3,0,6,0,0,0,1,0,1,0,0,3.23775E+20,5.4965E+21,6.56134E+15,4.95954E+16
128493,128494,7,1,11,0,2016,4,16,4,3,1,5,0,0,0,1,0,0,0,0,3.99242E+20,5.57962E+21,7.58345E+15,5.036E+16
128494,128495,7,3,33,19,2016,4,12,2,2,6,7,0,0,0,1,1,0,0,0,4.31805E+20,5.49018E+21,8.057E+15,4.95604E+16
128495,128496,7,3,14,0,2016,4,7,6,2,5,3,0,1,0,1,0,0,0,0,4.57799E+20,5.47969E+21,8.41755E+15,4.94684E+16
128496,128497,7,1,11,0,2016,4,8,3,3,6,6,0,0,0,1,1,0,0,0,3.94689E+20,5.58066E+21,7.51917E+15,5.03686E+16
128497,128498,7,2,31,502,2016,4,2,3,2,9,4,2,2,0,0,1,0,1,0,3.63848E+20,5.5172E+21,7.10832E+15,4.97918E+16
128498,128499,7,2,11,0,2016,4,18,4,2,2,6,0,1,0,1,0,1,0,0,3.30532E+20,5.51477E+21,6.64685E+15,4.97615E+16
128499,128500,7,1,38,45,2016,4,13,5,3,5,3,0,0,1,1,0,0,0,0,3.91492E+20,5.58933E+21,7.47173E+15,5.04459E+16
128500,128501,7,1,38,45,2016,4,7,6,3,5,3,0,0,0,1,0,0,0,0,3.96646E+20,5.58964E+21,7.54421E+15,5.04497E+16
128501,128502,7,3,13,0,2016,4,17,3,2,0,1,0,0,1,0,0,0,0,0,4.35336E+20,5.44888E+21,8.11255E+15,4.91893E+16
128502,128503,7,3,33,43,2016,4,8,5,3,6,7,0,0,0,1,1,0,0,0,4.1395E+20,5.505E+21,7.80691E+15,4.96913E+16
128503,128504,7,3,13,0,2016,4,13,5,3,5,3,0,0,0,1,0,0,0,0,4.35727E+20,5.45026E+21,8.11769E+15,4.92018E+16
128504,128505,7,1,35,12,2016,4,15,7,3,5,3,0,0,0,1,0,0,0,1,3.65322E+20,5.5516E+21,7.11676E+15,5.01013E+16
128505,128506,7,1,37,88,2016,4,10,7,3,1,1,0,0,0,1,0,1,0,0,3.8535E+20,5.58332E+21,7.38709E+15,5.03908E+16
128506,128507,7,1,41,91,2016,4,17,6,2,9,1,0,0,0,1,0,1,0,0,4.14759E+20,5.57398E+21,7.80282E+15,5.03117E+16
128507,128508,7,1,34,45,2016,4,15,3,3,5,3,0,1,0,1,0,0,0,0,3.84254E+20,5.51005E+21,7.39383E+15,4.97318E+16
128508,128509,7,3,36,3,2016,4,13,2,3,6,6,0,0,0,0,1,0,0,1,3.8875E+20,5.4896E+21,7.462E+15,4.95488E+16
128509,128510,7,1,37,3,2016,4,14,4,3,2,6,0,0,0,1,0,0,0,0,3.85159E+20,5.58785E+21,7.38302E+15,5.04314E+16
128510,128511,7,3,32,25,2016,4,13,4,3,1,5,0,0,1,1,0,0,0,0,4.46302E+20,5.46868E+21,8.26038E+15,4.93685E+16
128511,128512,7,3,12,0,2016,4,15,5,3,4,6,0,0,1,0,0,0,0,0,4.10334E+20,5.47698E+21,7.76317E+15,4.94389E+16
128512,128513,7,1,11,0,2016,4,18,7,3,0,7,0,0,1,0,0,0,0,0,3.99914E+20,5.58025E+21,7.59273E+15,5.03658E+16
128513,128514,7,3,35,22,2016,4,4,6,3,2,7,2,1,0,1,0,0,0,0,3.96502E+20,5.47484E+21,7.573E+15,4.94174E+16
128514,128515,7,1,34,10,2016,4,17,5,3,5,1,0,0,1,1,0,0,0,0,3.67954E+20,5.50105E+21,7.1708E+15,4.96475E+16
128515,128516,7,1,11,0,2016,4,7,4,3,6,7,0,0,0,1,1,0,0,0,4.01467E+20,5.57811E+21,7.61511E+15,5.03468E+16
128516,128517,7,2,32,123,2016,4,9,7,2,1,1,0,0,0,1,0,1,0,0,3.3048E+20,5.5339E+21,6.63777E+15,4.99334E+16
128517,128518,7,3,12,0,2016,4,15,6,3,2,2,0,0,0,1,0,0,0,1,4.064E+20,5.47676E+21,7.70898E+15,4.94363E+16
128518,128519,7,3,38,4,2016,4,10,5,3,6,7,0,0,0,1,1,0,0,0,4.53315E+20,5.49246E+21,8.35416E+15,4.95829E+16
128519,128520,7,3,35,501,2016,4,7,2,3,1,7,0,0,0,1,0,0,0,0,3.94555E+20,5.48395E+21,7.54373E+15,4.9499E+16
128520,128521,7,2,32,18,2016,4,17,4,2,0,1,0,1,0,0,0,1,0,0,3.24785E+20,5.53552E+21,6.55775E+15,4.99463E+16
128521,128522,7,1,43,32,2016,4,15,7,3,0,1,0,0,1,0,0,0,0,0,4.06794E+20,5.58727E+21,7.68769E+15,5.043E+16
128522,128523,7,1,43,32,2016,4,7,4,3,5,2,0,0,0,1,0,0,0,0,4.05366E+20,5.58808E+21,7.66739E+15,5.04371E+16
128523,128524,7,3,16,0,2016,4,15,6,3,5,3,0,0,0,1,0,0,1,0,4.36981E+20,5.46697E+21,8.13226E+15,4.93521E+16
128524,128525,7,3,32,25,2016,4,12,3,3,4,6,0,0,0,1,0,0,0,0,4.45334E+20,5.46818E+21,8.2471E+15,4.93638E+16
128525,128526,7,1,34,45,2016,4,6,2,3,2,6,1,0,0,1,0,0,0,0,3.78881E+20,5.50701E+21,7.32025E+15,4.97034E+16
128526,128527,7,1,41,75,2016,4,7,2,3,0,1,0,0,1,0,0,0,0,0,4.0061E+20,5.573E+21,7.60442E+15,5.03007E+16
128527,128528,7,1,35,58,2016,4,17,5,3,5,3,0,0,1,1,0,0,0,0,3.65706E+20,5.56685E+21,7.11675E+15,5.02385E+16
128528,128529,7,1,41,75,2016,4,11,2,3,6,2,0,0,0,1,1,0,0,0,4.006E+20,5.57311E+21,7.60426E+15,5.03017E+16
128529,128530,7,3,19,0,2016,4,9,3,2,1,5,0,1,0,1,0,1,0,0,4.54163E+20,5.49786E+21,8.36525E+15,4.96315E+16
128530,128531,7,3,13,0,2016,3,22,1,3,0,1,2,0,1,0,0,0,0,0,4.35286E+20,5.4502E+21,8.11164E+15,4.92012E+16
128531,128532,7,1,32,117,2016,4,14,7,3,2,6,0,0,0,1,0,0,0,0,4.10609E+20,5.62605E+21,7.73205E+15,5.07794E+16
128532,128533,7,3,12,0,2016,4,18,5,3,2,6,0,0,0,1,0,0,0,0,4.10367E+20,5.47757E+21,7.76349E+15,4.94442E+16
128533,128534,7,3,34,7,2016,4,18,5,2,6,4,0,0,0,1,1,0,0,0,4.53755E+20,5.45154E+21,8.365E+15,4.92149E+16
128534,128535,7,3,11,0,2016,4,8,6,3,5,3,0,0,1,1,0,0,0,0,4.53263E+20,5.48685E+21,8.3541E+15,4.95324E+16
128535,128536,7,2,32,18,2016,4,13,3,3,4,1,0,0,0,1,0,1,0,0,3.23261E+20,5.53525E+21,6.53665E+15,4.99434E+16
128536,128537,7,3,12,0,2016,4,7,4,3,5,3,0,1,0,1,0,1,0,0,4.10948E+20,5.47616E+21,7.77182E+15,4.94316E+16
128537,128538,7,1,41,92,2016,4,11,2,3,1,5,0,0,0,1,0,0,0,0,4.18224E+20,5.56143E+21,7.85419E+15,5.01994E+16
128538,128539,7,1,11,0,2016,4,16,1,3,3,7,0,0,0,1,0,0,0,0,3.99724E+20,5.57877E+21,7.59045E+15,5.03525E+16
128539,128540,7,1,11,0,2016,4,15,2,3,5,5,0,0,0,1,0,0,0,1,3.99913E+20,5.57894E+21,7.59306E+15,5.0354E+16
128540,128541,7,3,11,0,2016,3,16,1,3,6,4,0,0,0,1,1,0,0,0,4.53E+20,5.48723E+21,8.35043E+15,4.95358E+16
128541,128542,7,1,11,0,2016,4,16,4,3,5,3,0,0,0,1,0,0,0,0,4.00051E+20,5.58043E+21,7.5946E+15,5.03674E+16
128542,128543,7,1,35,20,2016,4,19,7,3,4,2,0,0,1,1,0,0,0,0,3.70142E+20,5.55553E+21,7.18279E+15,5.01378E+16
128543,128544,7,3,18,0,2016,4,19,5,3,5,3,0,0,1,1,0,0,0,0,4.59015E+20,5.46308E+21,8.43604E+15,4.93191E+16
128544,128545,7,3,19,0,2016,4,7,1,2,1,1,0,0,0,1,0,0,1,0,4.54651E+20,5.49843E+21,8.37195E+15,4.96367E+16
128545,128546,7,3,14,0,2016,4,10,6,3,8,1,0,1,0,0,0,1,0,0,4.54842E+20,5.48219E+21,8.37646E+15,4.94907E+16
128546,128547,7,3,13,0,2016,4,12,3,3,5,3,0,1,0,1,0,0,0,0,4.35095E+20,5.45028E+21,8.10901E+15,4.92019E+16
128547,128548,7,3,14,0,2016,4,19,6,2,6,7,0,0,0,1,1,0,0,0,4.59832E+20,5.48109E+21,8.44546E+15,4.94811E+16
128548,128549,7,2,31,134,2016,4,7,2,3,6,4,0,0,0,1,1,0,0,0,3.4978E+20,5.53869E+21,6.90463E+15,4.99816E+16
128549,128550,7,3,39,19,2016,4,7,4,3,0,7,1,0,0,1,1,0,0,0,4.29342E+20,5.53468E+21,8.01489E+15,4.99602E+16
128550,128551,7,1,41,91,2016,4,10,2,2,6,7,0,0,0,0,1,0,0,1,4.142E+20,5.57419E+21,7.79493E+15,5.03136E+16
128551,128552,7,3,38,25,2016,4,8,6,3,2,2,0,1,1,1,0,0,0,0,4.54341E+20,5.47128E+21,8.37079E+15,4.93925E+16
128552,128553,7,3,14,0,2016,4,11,3,3,1,5,0,0,0,1,0,0,0,0,4.54323E+20,5.48219E+21,8.36928E+15,4.94906E+16
128553,128554,7,3,15,0,2016,4,9,4,3,2,6,0,0,0,1,0,0,0,0,4.47761E+20,5.5385E+21,8.27114E+15,4.99965E+16
128554,128555,7,1,33,6,2016,4,12,5,3,2,6,0,0,0,1,0,0,0,0,4.18193E+20,5.522E+21,7.86216E+15,4.98449E+16
128555,128556,7,3,19,0,2016,4,19,6,3,1,5,1,0,1,1,0,0,0,0,4.53583E+20,5.4982E+21,8.35718E+15,4.96345E+16
128556,128557,7,3,33,6,2016,4,6,6,3,5,3,2,1,0,1,0,1,0,0,4.35567E+20,5.49512E+21,8.10822E+15,4.96052E+16
128557,128558,7,3,16,0,2016,4,5,5,3,8,1,2,0,0,1,0,0,0,0,4.38704E+20,5.46656E+21,8.15605E+15,4.93487E+16
128558,128559,7,2,11,0,2016,4,14,3,3,0,1,0,1,0,0,0,1,0,0,3.29698E+20,5.51258E+21,6.63624E+15,4.97416E+16
128559,128560,7,3,34,24,2016,4,12,4,3,1,6,0,1,0,1,0,0,0,0,4.47636E+20,5.44153E+21,8.2823E+15,4.91244E+16
128560,128561,7,3,14,0,2016,4,23,2,3,1,5,2,0,0,1,0,0,0,1,4.58647E+20,5.48165E+21,8.42904E+15,4.94861E+16
128561,128562,7,3,38,25,2016,4,16,4,2,0,7,0,0,0,0,0,1,0,0,4.54598E+20,5.47035E+21,8.37444E+15,4.93842E+16
128562,128563,7,3,34,7,2016,4,15,5,2,5,3,0,0,1,1,0,0,0,0,4.53336E+20,5.4497E+21,8.35947E+15,4.91983E+16
128563,128564,7,3,19,0,2016,4,12,6,3,5,3,0,0,0,1,0,0,0,0,4.52868E+20,5.5044E+21,8.34653E+15,4.96903E+16
128564,128565,7,1,38,45,2016,4,16,3,3,6,4,0,0,0,1,1,0,0,0,3.91377E+20,5.59092E+21,7.46965E+15,5.04602E+16
128565,128566,7,1,43,47,2016,4,7,4,3,6,1,0,1,0,1,1,0,0,0,4.12044E+20,5.59409E+21,7.76E+15,5.04922E+16
128566,128567,7,1,40,64,2016,4,14,5,3,5,3,0,0,0,1,0,0,0,0,3.88548E+20,5.54778E+21,7.44252E+15,5.00718E+16
128567,128568,7,1,31,7,2016,4,12,6,3,2,1,0,0,1,0,0,0,0,0,3.65052E+20,5.60028E+21,7.09557E+15,5.05389E+16
128568,128569,7,1,32,6,2016,4,13,6,3,5,3,0,0,0,1,0,0,0,0,4.20412E+20,5.62686E+21,7.8709E+15,5.0788E+16
128569,128570,7,1,33,6,2016,4,15,5,3,6,7,0,0,0,0,1,0,0,1,4.18638E+20,5.52145E+21,7.86846E+15,4.984E+16
128570,128571,7,3,39,49,2016,4,7,2,3,5,3,0,0,1,1,0,0,0,0,4.53751E+20,5.52177E+21,8.35671E+15,4.98466E+16
128571,128572,7,2,11,0,2016,4,14,4,3,4,6,0,1,0,1,0,1,0,0,3.29969E+20,5.5148E+21,6.63904E+15,4.97616E+16
128572,128573,7,1,31,55,2016,4,9,7,2,6,6,0,0,0,0,1,0,0,1,3.73558E+20,5.59113E+21,7.21865E+15,5.04586E+16
128573,128574,7,3,38,4,2016,4,18,5,3,5,3,0,0,1,1,0,0,0,0,4.53674E+20,5.493E+21,8.35906E+15,4.95878E+16
128574,128575,7,1,11,0,2016,4,17,4,3,2,6,0,0,0,1,0,0,0,0,3.99801E+20,5.57938E+21,7.59137E+15,5.0358E+16
128575,128576,7,1,38,45,2016,4,15,6,3,1,6,0,0,0,1,0,0,0,0,3.91612E+20,5.59045E+21,7.4731E+15,5.0456E+16
128576,128577,7,3,39,5,2016,4,7,3,3,3,5,0,0,0,1,0,1,0,0,4.24882E+20,5.53551E+21,7.95254E+15,4.99672E+16
128577,128578,7,3,40,54,2016,4,5,4,3,0,4,2,0,1,0,1,0,0,0,4.01642E+20,5.45974E+21,7.64757E+15,4.92825E+16
128578,128579,7,1,31,54,2016,4,15,2,3,4,1,0,0,1,1,0,0,0,0,3.71141E+20,5.59097E+21,7.18467E+15,5.04566E+16
128579,128580,7,1,11,0,2016,4,14,2,3,2,6,0,0,0,1,0,1,0,0,3.97625E+20,5.57848E+21,7.56103E+15,5.03495E+16
128580,128581,7,1,11,0,2016,4,19,5,3,2,6,0,0,0,1,0,0,0,0,3.98263E+20,5.57918E+21,7.56981E+15,5.03559E+16
128581,128582,7,3,20,0,2016,4,11,3,2,5,3,0,0,1,1,0,0,0,0,3.80216E+20,5.45623E+21,7.35413E+15,4.92471E+16
128582,128583,7,2,11,0,2016,4,13,2,3,3,2,0,0,1,1,0,0,0,0,3.30242E+20,5.51398E+21,6.64318E+15,4.97543E+16
128583,128584,7,3,40,54,2016,3,16,5,3,3,2,0,0,1,1,0,0,0,0,4.02079E+20,5.46044E+21,7.65341E+15,4.92889E+16
128584,128585,7,1,43,254,2016,4,23,5,3,9,1,2,0,0,1,0,0,0,0,4.23484E+20,5.604E+21,7.91921E+15,5.05829E+16
128585,128586,7,1,33,6,2016,4,16,3,2,1,6,0,1,0,1,0,1,0,0,4.18423E+20,5.52228E+21,7.8653E+15,4.98474E+16
128586,128587,7,1,31,90,2016,4,17,7,2,3,6,0,0,1,0,0,1,0,0,3.66461E+20,5.60284E+21,7.11453E+15,5.05622E+16
128587,128588,7,3,14,0,2016,4,9,5,3,2,2,0,0,0,1,0,1,0,0,4.59521E+20,5.48187E+21,8.4411E+15,4.94881E+16
128588,128589,7,3,17,0,2016,3,15,5,3,5,3,0,0,0,1,0,0,0,0,3.97573E+20,5.45111E+21,7.59385E+15,4.92042E+16
128589,128590,7,3,40,38,2016,4,18,2,3,2,6,0,0,1,1,0,0,0,0,4.02114E+20,5.45469E+21,7.6553E+15,4.92371E+16
128590,128591,7,3,37,38,2016,4,15,4,3,2,2,0,0,0,1,0,0,0,1,4.42807E+20,5.44401E+21,8.21575E+15,4.91463E+16
128591,128592,7,3,18,0,2016,4,14,1,3,1,5,0,0,0,1,0,1,0,0,4.59112E+20,5.46274E+21,8.43741E+15,4.93161E+16
128592,128593,7,1,11,0,2016,4,21,7,2,0,1,2,1,0,1,0,0,0,0,4.00591E+20,5.57583E+21,7.60341E+15,5.03262E+16
128593,128594,7,1,33,6,2016,3,12,1,3,5,3,0,1,0,1,0,0,0,0,4.18948E+20,5.52081E+21,7.87291E+15,4.98342E+16
128594,128595,7,3,34,7,2016,4,16,3,3,1,5,0,0,1,1,0,0,0,0,4.5427E+20,5.45227E+21,8.37199E+15,4.92215E+16
128595,128596,7,1,33,6,2016,4,16,5,3,2,6,0,0,0,1,0,0,0,0,4.18581E+20,5.5222E+21,7.86751E+15,4.98467E+16
128596,128597,7,3,15,0,2016,4,18,7,3,5,3,0,0,1,1,0,0,0,0,4.44704E+20,5.53546E+21,8.22893E+15,4.99689E+16
128597,128598,7,1,11,0,2016,4,10,2,2,5,3,0,0,1,1,0,0,0,0,3.99365E+20,5.57818E+21,7.58557E+15,5.03471E+16
128598,128599,7,1,43,206,2016,4,16,3,3,6,7,0,0,0,0,1,0,0,1,4.25912E+20,5.6116E+21,7.95198E+15,5.06515E+16
128599,128600,7,3,39,42,2016,3,17,1,2,6,4,0,0,0,1,1,0,0,0,4.42774E+20,5.52888E+21,8.20299E+15,4.99096E+16
128600,128601,7,1,31,7,2016,4,17,7,3,6,4,0,0,1,0,1,0,0,0,3.6622E+20,5.60059E+21,7.11194E+15,5.0542E+16
128601,128602,7,2,11,0,2016,4,14,5,3,2,6,0,0,0,1,0,0,1,0,3.28685E+20,5.51374E+21,6.62168E+15,4.97517E+16
128602,128603,7,3,17,0,2016,3,14,5,3,6,2,0,0,0,1,1,0,0,0,3.97959E+20,5.45026E+21,7.59936E+15,4.91966E+16
128603,128604,7,2,35,68,2016,4,16,2,3,4,2,0,0,1,1,0,0,0,0,3.29353E+20,5.50737E+21,6.63374E+15,4.96946E+16
128604,128605,7,1,11,0,2016,4,18,4,3,5,3,0,0,1,1,0,0,0,0,4.00147E+20,5.57613E+21,7.5971E+15,5.03288E+16
128605,128606,7,3,14,0,2016,4,20,1,2,6,4,1,0,0,1,1,0,0,0,4.57895E+20,5.47722E+21,8.41914E+15,4.94462E+16
128606,128607,7,3,14,0,2016,4,9,6,2,6,7,0,1,0,1,1,0,0,0,4.58474E+20,5.48281E+21,8.42654E+15,4.94965E+16
128607,128608,7,2,31,134,2016,4,17,3,3,1,6,0,0,0,1,0,0,0,0,3.49535E+20,5.53945E+21,6.90092E+15,4.99884E+16
128608,128609,7,2,33,29,2016,4,14,4,3,9,5,0,1,0,1,0,0,0,0,3.34023E+20,5.57377E+21,6.66976E+15,5.02927E+16
128609,128610,7,1,32,117,2016,4,15,5,3,4,1,0,0,0,1,0,1,0,0,4.11124E+20,5.6255E+21,7.7395E+15,5.07744E+16
128610,128611,7,2,31,134,2016,4,10,6,3,0,7,0,0,0,1,0,0,0,0,3.486E+20,5.53902E+21,6.88806E+15,4.99842E+16
128611,128612,7,1,38,45,2016,3,16,5,3,6,4,0,1,1,0,1,0,0,0,3.90671E+20,5.58762E+21,7.46066E+15,5.04304E+16
128612,128613,7,3,13,0,2016,4,16,5,3,0,1,0,0,1,0,0,0,0,0,4.3568E+20,5.45049E+21,8.117E+15,4.92038E+16
128613,128614,7,3,35,16,2016,4,11,2,3,5,3,0,0,0,1,0,0,0,0,3.90136E+20,5.47543E+21,7.48509E+15,4.94216E+16
128614,128615,7,3,12,0,2016,3,17,4,3,6,5,0,0,0,1,1,0,0,0,4.09728E+20,5.47729E+21,7.75475E+15,4.94416E+16
128615,128616,7,3,15,0,2016,4,8,3,3,6,4,0,1,0,1,1,0,0,0,4.47491E+20,5.53939E+21,8.26724E+15,5.00045E+16
128616,128617,7,1,33,6,2016,4,16,1,2,7,7,0,0,1,0,0,0,0,0,4.20378E+20,5.52311E+21,7.89232E+15,4.98551E+16
128617,128618,7,3,35,22,2016,4,10,2,3,6,4,0,0,0,1,1,0,0,0,3.94876E+20,5.47439E+21,7.55071E+15,4.94131E+16
128618,128619,7,1,31,7,2016,4,16,4,3,5,7,0,0,1,0,0,0,0,0,3.67808E+20,5.60082E+21,7.13426E+15,5.05444E+16
128619,128620,7,3,35,38,2016,4,7,4,3,1,6,0,0,0,1,0,0,0,0,3.95231E+20,5.47755E+21,7.55476E+15,4.94415E+16
128620,128621,7,1,33,65,2016,4,17,5,3,6,6,0,0,0,1,1,0,0,0,4.04312E+20,5.50706E+21,7.67282E+15,4.97084E+16
128621,128622,7,3,12,0,2016,3,14,4,3,5,3,0,1,1,1,0,0,0,0,4.09215E+20,5.47741E+21,7.74764E+15,4.94426E+16
128622,128623,7,3,15,0,2016,4,15,5,3,9,7,0,0,0,0,0,0,0,1,4.41041E+20,5.53876E+21,8.17734E+15,4.99983E+16
128623,128624,7,1,43,81,2016,4,19,2,2,1,3,0,0,1,1,0,0,0,0,4.13994E+20,5.59201E+21,7.78795E+15,5.04738E+16
128624,128625,7,1,11,0,2016,4,12,4,2,5,3,0,0,0,1,0,0,0,0,3.97469E+20,5.58257E+21,7.55773E+15,5.03863E+16
128625,128626,7,3,12,0,2016,4,13,6,3,5,3,0,0,1,1,0,0,0,0,4.11043E+20,5.47757E+21,7.77282E+15,4.94443E+16
128626,128627,7,1,43,32,2016,4,7,5,3,5,3,0,1,0,1,0,0,0,0,4.05004E+20,5.58808E+21,7.66229E+15,5.04371E+16
128627,128628,7,3,15,0,2016,4,7,4,2,6,4,0,0,0,1,1,0,0,0,4.49628E+20,5.53645E+21,8.29745E+15,4.99783E+16
128628,128629,7,3,16,0,2016,4,7,6,3,1,5,0,0,1,1,0,0,0,0,4.38558E+20,5.46699E+21,8.15398E+15,4.93525E+16
128629,128630,7,1,37,68,2016,4,17,2,3,2,6,0,0,0,1,0,0,0,0,3.75227E+20,5.57649E+21,7.24701E+15,5.03273E+16
128630,128631,7,3,39,5,2016,4,11,4,2,6,7,0,0,0,0,1,0,0,1,4.20665E+20,5.53556E+21,7.89375E+15,4.99671E+16
128631,128632,7,3,32,25,2016,3,22,4,3,0,7,2,0,1,0,0,0,0,0,4.46676E+20,5.46863E+21,8.26553E+15,4.9368E+16
128632,128633,7,3,12,0,2016,4,17,3,3,2,6,0,0,0,1,0,0,0,0,4.11669E+20,5.47728E+21,7.78152E+15,4.94418E+16
128633,128634,7,1,37,202,2016,4,13,2,3,0,7,0,0,1,1,0,0,0,0,3.90466E+20,5.57983E+21,7.46005E+15,5.03603E+16
128634,128635,7,1,41,6,2016,4,14,5,2,6,7,0,0,0,1,1,0,0,0,4.09196E+20,5.57623E+21,7.72417E+15,5.03312E+16
128635,128636,7,3,17,0,2016,4,21,1,3,5,3,2,1,0,1,0,0,0,0,3.98739E+20,5.45052E+21,7.61E+15,4.91991E+16
128636,128637,7,3,31,3,2016,4,11,3,3,6,6,0,0,0,1,1,0,0,0,4.36153E+20,5.51064E+21,8.11379E+15,4.97449E+16
128637,128638,7,3,38,16,2016,4,13,6,3,0,3,0,0,1,1,0,0,0,0,4.48173E+20,5.48466E+21,8.28405E+15,4.95124E+16
128638,128639,7,1,31,84,2016,4,21,5,3,6,6,2,0,0,1,1,0,0,0,3.51168E+20,5.58101E+21,6.90743E+15,5.03623E+16
128639,128640,7,3,18,0,2016,3,15,4,3,0,7,0,1,1,0,0,0,0,0,4.59427E+20,5.46271E+21,8.44175E+15,4.93158E+16
128640,128641,7,3,15,0,2016,4,9,2,3,6,4,0,0,0,1,1,0,0,0,4.43018E+20,5.53899E+21,8.20489E+15,5.00005E+16
128641,128642,7,3,19,0,2016,4,12,4,3,5,3,0,0,1,1,0,0,0,0,4.54166E+20,5.49798E+21,8.36528E+15,4.96326E+16
128642,128643,7,3,39,17,2016,4,18,1,3,0,7,0,0,0,0,1,0,0,1,4.39721E+20,5.53092E+21,8.16015E+15,4.99276E+16
128643,128644,7,1,33,6,2016,3,16,4,3,5,3,0,1,0,1,0,0,0,0,4.18471E+20,5.52416E+21,7.86557E+15,4.98643E+16
128644,128645,7,3,15,0,2016,4,8,3,3,0,3,0,0,1,1,0,0,0,0,4.49084E+20,5.53627E+21,8.28989E+15,4.99766E+16
128645,128646,7,3,12,0,2016,4,22,4,3,5,3,2,0,0,1,0,0,0,0,4.11815E+20,5.4773E+21,7.78353E+15,4.9442E+16
128646,128647,7,1,34,84,2016,4,16,1,2,5,3,0,0,1,1,0,0,0,0,3.72972E+20,5.5101E+21,7.23734E+15,4.97299E+16
128647,128648,7,2,32,58,2016,4,14,1,3,8,6,0,0,1,0,0,0,0,1,3.2707E+20,5.53721E+21,6.58881E+15,4.99622E+16
128648,128649,7,3,12,0,2016,4,21,1,3,5,3,2,1,0,1,0,0,0,0,4.10065E+20,5.47579E+21,7.75974E+15,4.94281E+16