FID,OBJECTID,ULAND,UREGBEZ,UKREIS,UGEMEINDE,UJAHR,UMONAT,USTUNDE,UWOCHENTAG,UKATEGORIE,UART,UTYP1,ULICHTVERH,IstStrasse,IstRad,IstPKW,IstFuss,IstKrad,IstGkfz,IstSonstig,LINREFX,LINREFY,XGCSWGS84,YGCSWGS84
128649,128650,7,3,36,55,2016,3,22,7,2,9,1,2,0,0,1,0,0,0,0,3.84946E+20,5.48843E+21,7.40978E+15,4.95375E+16
128650,128651,7,3,39,30,2016,4,10,6,2,0,1,0,0,1,0,0,0,0,0,4.29557E+20,5.53805E+21,8.01726E+15,4.99906E+16
128651,128652,7,1,37,68,2016,4,7,5,3,0,7,0,0,0,1,0,0,0,0,3.73285E+20,5.57599E+21,7.21991E+15,5.03223E+16
128652,128653,7,3,14,0,2016,4,17,1,2,6,4,0,0,0,1,1,0,0,0,4.59585E+20,5.48118E+21,8.44204E+15,4.94819E+16
128653,128654,7,3,19,0,2016,3,15,4,3,9,1,0,1,0,1,0,0,0,0,4.53465E+20,5.49807E+21,8.35556E+15,4.96334E+16
128654,128655,7,3,40,28,2016,4,15,3,3,1,7,0,1,0,1,0,0,0,1,4.03061E+20,5.4459E+21,7.67042E+15,4.91583E+16
128655,128656,7,2,35,68,2016,4,16,1,3,5,3,0,0,1,1,0,0,0,0,3.26306E+20,5.50921E+21,6.5907E+15,4.97103E+16
128656,128657,7,1,35,73,2016,4,17,6,3,0,6,0,0,1,1,0,0,0,0,3.65756E+20,5.54486E+21,7.12518E+15,5.00409E+16
128657,128658,7,2,35,78,2016,4,20,3,3,9,1,1,0,0,1,0,0,0,0,3.39867E+20,5.51927E+21,6.77451E+15,4.98045E+16
128658,128659,7,2,11,0,2016,4,16,4,3,1,5,0,0,0,1,0,1,0,0,3.29756E+20,5.51402E+21,6.63641E+15,4.97546E+16
128659,128660,7,1,38,45,2016,4,12,5,3,1,7,0,0,0,1,0,0,0,0,3.90466E+20,5.58772E+21,7.45775E+15,5.04313E+16
128660,128661,7,1,31,77,2016,4,17,6,3,0,7,0,0,1,0,0,0,0,0,3.75948E+20,5.60064E+21,7.24915E+15,5.05445E+16
128661,128662,7,3,34,7,2016,4,17,6,3,2,6,0,0,0,1,0,0,0,0,4.54268E+20,5.45285E+21,8.37189E+15,4.92267E+16
128662,128663,7,3,11,0,2016,4,15,3,3,6,4,0,0,0,1,1,0,0,0,4.53357E+20,5.48732E+21,8.35534E+15,4.95367E+16
128663,128664,7,3,33,39,2016,4,13,4,3,5,3,0,1,0,1,0,0,0,0,4.28911E+20,5.5021E+21,8.01484E+15,4.96672E+16
128664,128665,7,1,11,0,2016,4,12,5,3,2,6,0,0,0,1,0,0,0,0,3.98547E+20,5.58122E+21,7.57325E+15,5.03743E+16
128665,128666,7,3,11,0,2016,4,13,5,3,2,2,0,0,0,1,0,1,0,0,4.53336E+20,5.48605E+21,8.3552E+15,4.95253E+16
128666,128667,7,3,35,35,2016,4,12,6,3,5,7,0,0,0,1,0,0,0,1,4.10227E+20,5.48452E+21,7.75999E+15,4.95066E+16
128667,128668,7,2,31,8,2016,3,13,4,3,6,5,0,1,0,1,1,0,0,0,3.60781E+20,5.53205E+21,7.06039E+15,4.99246E+16
128668,128669,7,3,32,2,2016,4,7,5,3,5,3,0,0,1,0,0,0,0,0,4.40463E+20,5.47956E+21,8.17832E+15,4.94658E+16
128669,128670,7,2,11,0,2016,4,15,3,2,1,5,0,1,0,1,0,1,0,0,3.29984E+20,5.51454E+21,6.63936E+15,4.97593E+16
128670,128671,7,3,16,0,2016,4,18,4,3,5,3,0,0,1,1,0,0,0,0,4.38811E+20,5.46575E+21,8.15765E+15,4.93414E+16
128671,128672,7,3,32,2,2016,4,7,2,3,5,6,0,0,1,1,0,0,0,0,4.40051E+20,5.47852E+21,8.17279E+15,4.94564E+16
128672,128673,7,3,13,0,2016,4,17,4,3,3,2,0,0,1,1,0,0,0,0,4.35568E+20,5.45055E+21,8.11546E+15,4.92044E+16
128673,128674,7,3,32,2,2016,4,22,5,2,5,2,2,0,0,1,0,0,0,0,4.41373E+20,5.47931E+21,8.19091E+15,4.94636E+16
128674,128675,7,3,38,5,2016,3,16,3,3,2,6,0,0,1,1,0,0,0,0,4.49354E+20,5.4684E+21,8.30244E+15,4.93662E+16
128675,128676,7,1,11,0,2016,4,16,4,3,3,6,0,0,0,1,0,0,0,1,3.9992E+20,5.57882E+21,7.5932E+15,5.03529E+16
128676,128677,7,3,39,30,2016,3,15,3,3,0,3,0,0,0,1,0,0,0,1,4.32484E+20,5.53589E+21,8.05847E+15,4.99716E+16
128677,128678,7,2,35,68,2016,4,13,5,3,6,4,0,0,0,1,1,0,0,0,3.2542E+20,5.50773E+21,6.57909E+15,4.96968E+16
128678,128679,7,2,35,68,2016,3,14,3,3,0,1,0,0,1,0,0,0,0,0,3.25473E+20,5.5076E+21,6.57988E+15,4.96956E+16
128679,128680,7,3,14,0,2016,4,16,5,3,5,3,0,0,1,1,0,0,0,0,4.56166E+20,5.48277E+21,8.39467E+15,4.9496E+16
128680,128681,7,3,14,0,2016,4,10,2,3,2,2,0,0,0,1,0,0,0,0,4.60219E+20,5.48038E+21,8.45087E+15,4.94747E+16
128681,128682,7,2,31,134,2016,4,15,4,3,4,1,0,1,0,1,0,0,0,0,3.49963E+20,5.53855E+21,6.90724E+15,4.99804E+16
128682,128683,7,3,39,17,2016,4,7,6,3,1,7,0,0,0,1,0,1,0,0,4.39187E+20,5.53122E+21,8.15267E+15,4.99302E+16
128683,128684,7,1,38,45,2016,4,10,4,3,1,6,0,0,0,1,0,0,0,0,3.91491E+20,5.58816E+21,7.47205E+15,5.04354E+16
128684,128685,7,3,38,1,2016,4,13,3,2,1,5,0,0,1,0,0,0,0,1,4.63567E+20,5.47563E+21,8.49752E+15,4.94322E+16
128685,128686,7,1,37,203,2016,4,12,1,2,5,3,0,0,1,1,0,0,0,0,3.9851E+20,5.58672E+21,7.57124E+15,5.04238E+16
128686,128687,7,1,11,0,2016,4,18,2,2,6,5,0,0,0,1,1,0,0,0,4.0196E+20,5.57817E+21,7.62202E+15,5.03475E+16
128687,128688,7,1,31,7,2016,4,16,5,3,5,2,0,0,0,1,0,1,0,0,3.71024E+20,5.60058E+21,7.17971E+15,5.05429E+16
128688,128689,7,3,12,0,2016,4,18,1,2,5,3,0,0,0,1,0,0,0,0,4.11684E+20,5.47808E+21,7.78155E+15,4.94489E+16
128689,128690,7,2,35,125,2016,4,8,3,3,5,3,0,0,0,1,0,1,0,0,3.37987E+20,5.52161E+21,6.74743E+15,4.98251E+16
128690,128691,7,3,16,0,2016,3,10,7,3,5,3,0,0,1,1,0,0,0,0,4.35252E+20,5.46745E+21,8.10839E+15,4.93563E+16
128691,128692,7,1,33,6,2016,5,8,6,2,5,3,0,0,1,1,0,0,0,0,4.18193E+20,5.52121E+21,7.86232E+15,4.98378E+16
128692,128693,7,3,32,25,2016,5,13,2,3,0,7,0,0,1,0,0,0,0,0,4.46468E+20,5.46746E+21,8.26282E+15,4.93575E+16
128693,128694,7,3,39,30,2016,5,10,3,3,2,6,0,0,0,1,0,0,0,0,4.32907E+20,5.53617E+21,8.06432E+15,4.99741E+16
128694,128695,7,3,38,25,2016,5,12,2,3,3,7,0,0,0,1,0,1,0,0,4.5447E+20,5.47069E+21,8.37264E+15,4.93872E+16
128695,128696,7,3,15,0,2016,5,11,5,2,5,3,0,0,0,1,0,1,0,0,4.41516E+20,5.53745E+21,8.18417E+15,4.99865E+16
128696,128697,7,1,37,3,2016,5,22,1,3,0,7,2,0,0,0,1,1,0,0,3.86732E+20,5.58648E+21,7.40557E+15,5.04194E+16
128697,128698,7,3,17,0,2016,5,17,4,3,2,6,0,0,0,1,0,0,0,0,3.98944E+20,5.44952E+21,7.61306E+15,4.91901E+16
128698,128699,7,3,15,0,2016,4,17,7,3,1,5,0,0,0,1,0,0,0,0,4.44078E+20,5.54174E+21,8.21928E+15,5.00254E+16
128699,128700,7,1,11,0,2016,5,10,5,3,6,4,0,0,0,1,1,0,0,0,3.99861E+20,5.57955E+21,7.59216E+15,5.03595E+16
128700,128701,7,3,12,0,2016,5,17,5,3,2,6,0,0,0,1,0,0,0,0,4.06882E+20,5.47738E+21,7.71547E+15,4.9442E+16
128701,128702,7,3,19,0,2016,5,8,2,3,1,3,0,1,1,0,0,0,0,1,4.53733E+20,5.4967E+21,8.35943E+15,4.96211E+16
128702,128703,7,1,43,29,2016,5,20,2,3,5,3,1,0,1,1,0,0,0,0,4.10809E+20,5.60311E+21,7.74043E+15,5.05731E+16
128703,128704,7,3,38,4,2016,5,17,2,3,4,6,0,0,1,0,0,0,0,0,4.53346E+20,5.49321E+21,8.3545E+15,4.95897E+16
128704,128705,7,2,33,501,2016,5,17,7,3,0,7,0,0,1,1,0,0,0,0,3.44747E+20,5.56236E+21,6.82487E+15,5.01931E+16
128705,128706,7,3,14,0,2016,5,10,3,3,5,2,0,1,1,1,0,0,0,0,4.59542E+20,5.48139E+21,8.44143E+15,4.94838E+16
128706,128707,7,3,13,0,2016,5,10,7,3,1,7,0,0,0,1,0,0,0,0,4.35221E+20,5.44975E+21,8.11082E+15,4.91971E+16
128707,128708,7,1,37,226,2016,5,16,4,2,6,7,0,0,0,1,1,0,0,0,4.01438E+20,5.58389E+21,7.61319E+15,5.03988E+16
128708,128709,7,3,14,0,2016,5,10,7,2,1,5,0,0,0,1,0,1,0,0,4.5644E+20,5.48557E+21,8.39815E+15,4.95212E+16
128709,128710,7,1,33,6,2016,5,12,4,3,6,2,0,0,0,1,1,0,0,0,4.19371E+20,5.52216E+21,7.87851E+15,4.98464E+16
128710,128711,7,3,15,0,2016,4,12,7,3,2,6,0,0,0,1,0,1,0,0,4.48361E+20,5.53849E+21,8.27951E+15,4.99965E+16
128711,128712,7,1,11,0,2016,5,7,5,3,1,5,0,0,0,1,0,0,0,0,3.9962E+20,5.57805E+21,7.58918E+15,5.0346E+16
128712,128713,7,1,31,77,2016,5,15,2,3,1,1,0,1,0,1,0,1,0,0,3.76969E+20,5.60021E+21,7.26369E+15,5.05409E+16
128713,128714,7,3,12,0,2016,5,5,1,3,5,2,1,1,1,1,0,0,0,0,4.10436E+20,5.47748E+21,7.76447E+15,4.94433E+16
128714,128715,7,1,37,3,2016,5,18,7,3,4,6,0,0,1,1,0,0,0,0,3.86853E+20,5.58612E+21,7.40739E+15,5.04162E+16
128715,128716,7,1,31,2,2016,5,20,3,3,1,1,0,0,1,1,0,0,0,0,3.5664E+20,5.59444E+21,6.97919E+15,5.04844E+16
128716,128717,7,1,33,6,2016,5,7,7,3,5,3,0,0,0,1,0,0,0,0,4.19258E+20,5.52196E+21,7.87698E+15,4.98446E+16
128717,128718,7,3,11,0,2016,5,8,3,3,6,7,0,0,0,1,1,0,0,0,4.51733E+20,5.4879E+21,8.33283E+15,4.95418E+16
128718,128719,7,2,32,201,2016,4,1,7,2,9,1,2,0,0,0,0,1,0,0,3.04876E+20,5.55236E+21,6.272E+15,5.00914E+16
128719,128720,7,2,32,19,2016,5,14,7,3,5,3,0,0,1,1,0,0,0,0,3.10171E+20,5.52559E+21,6.35914E+15,4.98526E+16
128720,128721,7,1,33,54,2016,5,9,3,3,6,2,0,1,0,1,1,0,0,0,4.20949E+20,5.52824E+21,7.89921E+15,4.99013E+16
128721,128722,7,3,15,0,2016,5,15,3,3,1,6,0,1,0,1,0,0,0,0,4.46477E+20,5.53489E+21,8.25372E+15,4.9964E+16
128722,128723,7,2,35,2,2016,4,14,7,3,5,3,0,1,1,1,0,0,0,0,3.23639E+20,5.50029E+21,6.55777E+15,4.96294E+16
128723,128724,7,3,17,0,2016,5,19,3,3,1,7,0,1,0,1,1,0,0,0,3.98477E+20,5.44934E+21,7.60671E+15,4.91885E+16
128724,128725,7,1,37,216,2016,5,19,6,3,5,7,0,0,0,1,0,0,0,0,3.946E+20,5.58382E+21,7.51703E+15,5.0397E+16
128725,128726,7,3,39,30,2016,5,18,1,2,5,3,0,0,0,1,0,0,0,0,4.30374E+20,5.53743E+21,8.02877E+15,4.99851E+16
128726,128727,7,3,32,2,2016,5,19,1,3,8,1,0,0,0,0,0,1,0,0,4.40738E+20,5.47891E+21,8.18221E+15,4.946E+16
128727,128728,7,3,14,0,2016,5,15,6,3,0,7,0,0,0,1,0,0,0,0,4.58192E+20,5.48164E+21,8.42277E+15,4.94859E+16
128728,128729,7,3,12,0,2016,5,10,2,3,5,3,0,0,0,1,0,0,0,1,4.11152E+20,5.47852E+21,7.77411E+15,4.94528E+16
128729,128730,7,2,35,115,2016,5,7,7,3,4,6,0,0,0,1,0,0,1,0,3.41051E+20,5.51846E+21,6.7913E+15,4.97975E+16
128730,128731,7,1,37,3,2016,5,12,3,3,0,1,0,0,1,0,0,0,0,0,3.86454E+20,5.5889E+21,7.40092E+15,5.04411E+16
128731,128732,7,2,11,0,2016,4,10,7,2,8,6,0,0,1,0,0,0,0,0,3.29842E+20,5.51419E+21,6.63754E+15,4.97561E+16
128732,128733,7,3,34,25,2016,5,18,6,3,5,3,0,1,1,1,0,0,0,0,4.48349E+20,5.44492E+21,8.29162E+15,4.91549E+16
128733,128734,7,1,37,228,2016,5,10,3,2,6,4,0,0,0,0,1,0,0,1,3.8923E+20,5.58621E+21,7.4408E+15,5.04175E+16
128734,128735,7,3,14,0,2016,5,4,2,3,1,5,2,0,0,1,0,1,0,0,4.58848E+20,5.48192E+21,8.43179E+15,4.94885E+16
128735,128736,7,3,14,0,2016,5,20,5,2,0,4,0,0,0,1,1,0,0,0,4.58667E+20,5.47901E+21,8.4296E+15,4.94623E+16
128736,128737,7,1,32,117,2016,5,11,7,3,5,2,0,0,0,1,0,1,0,0,4.10456E+20,5.62606E+21,7.72989E+15,5.07793E+16
128737,128738,7,1,41,23,2016,5,11,5,2,6,2,0,0,0,1,1,0,0,0,4.09287E+20,5.5676E+21,7.72752E+15,5.02536E+16
128738,128739,7,3,35,24,2016,5,13,7,3,2,2,0,0,1,0,0,0,0,0,3.97545E+20,5.48032E+21,7.58595E+15,4.94669E+16
128739,128740,7,1,32,76,2016,5,17,7,2,4,6,0,0,1,0,0,0,0,0,4.1999E+20,5.6344E+21,7.86326E+15,5.08558E+16
128740,128741,7,1,11,0,2016,5,7,6,3,2,6,0,0,0,1,0,0,0,0,3.98897E+20,5.57882E+21,7.57881E+15,5.03528E+16
128741,128742,7,1,32,44,2016,5,15,7,3,0,6,0,0,0,1,0,1,0,0,4.06497E+20,5.6248E+21,7.67407E+15,5.07674E+16
128742,128743,7,1,32,39,2016,5,16,1,3,0,7,0,0,0,1,0,0,0,0,4.16755E+20,5.6223E+21,7.82005E+15,5.07465E+16
128743,128744,7,1,38,45,2016,4,11,7,3,1,2,0,0,0,1,0,0,0,0,3.90997E+20,5.58815E+21,7.4651E+15,5.04352E+16
128744,128745,7,2,31,124,2016,5,9,6,3,6,6,0,0,0,1,1,0,0,0,3.65439E+20,5.53499E+21,7.12422E+15,4.99521E+16
128745,128746,7,3,19,0,2016,5,12,2,3,1,7,0,0,0,1,1,0,0,0,4.53598E+20,5.49641E+21,8.3576E+15,4.96185E+16
128746,128747,7,3,15,0,2016,5,10,3,2,5,3,0,0,1,0,0,0,0,0,4.45361E+20,5.53732E+21,8.23782E+15,4.99857E+16
128747,128748,7,3,14,0,2016,5,17,2,3,5,3,0,0,0,1,0,1,0,0,4.56953E+20,5.47922E+21,8.40593E+15,4.94641E+16
128748,128749,7,3,17,0,2016,5,8,4,3,6,6,0,0,0,1,1,0,0,0,3.98346E+20,5.45054E+21,7.6046E+15,4.91992E+16
128749,128750,7,1,38,45,2016,5,21,7,2,6,4,1,0,0,1,1,0,0,0,3.90643E+20,5.58679E+21,7.46052E+15,5.04229E+16
128750,128751,7,3,13,0,2016,5,12,4,3,6,6,0,0,0,1,1,0,0,0,4.37245E+20,5.44914E+21,8.1387E+15,4.91918E+16
128751,128752,7,1,31,7,2016,4,8,7,3,0,1,0,0,0,0,0,1,0,0,3.66597E+20,5.60095E+21,7.11713E+15,5.05453E+16
128752,128753,7,3,40,501,2016,5,14,4,3,8,1,0,0,0,0,1,1,0,0,4.12541E+20,5.44053E+21,7.80158E+15,4.91114E+16
128753,128754,7,3,12,0,2016,5,14,5,3,3,6,0,1,1,1,0,0,0,0,4.08386E+20,5.47755E+21,7.73618E+15,4.94437E+16
128754,128755,7,1,11,0,2016,4,10,7,3,4,6,0,0,1,1,0,0,0,0,3.99936E+20,5.57927E+21,7.59329E+15,5.0357E+16
128755,128756,7,3,32,30,2016,5,11,4,3,5,3,0,0,0,1,0,0,0,0,4.41027E+20,5.48771E+21,8.18488E+15,4.95391E+16
128756,128757,7,3,17,0,2016,4,18,6,2,5,3,0,1,0,1,0,0,0,1,3.97909E+20,5.45216E+21,7.59819E+15,4.92137E+16
128757,128758,7,1,31,7,2016,5,13,6,3,2,7,0,1,0,1,0,1,0,0,3.6722E+20,5.6009E+21,7.12594E+15,5.0545E+16
128758,128759,7,3,12,0,2016,5,20,5,3,0,1,1,1,1,0,0,0,0,0,4.1143E+20,5.47769E+21,7.77812E+15,4.94454E+16
128759,128760,7,2,11,0,2016,5,13,2,3,9,7,0,0,0,1,0,0,0,1,3.31862E+20,5.51517E+21,6.66513E+15,4.97655E+16
128760,128761,7,1,41,6,2016,5,21,3,3,1,2,2,0,0,1,0,0,0,0,4.08067E+20,5.57674E+21,7.70819E+15,5.03355E+16
128761,128762,7,1,33,6,2016,5,20,2,3,0,1,0,0,0,0,0,1,0,0,4.18384E+20,5.52237E+21,7.86474E+15,4.98482E+16
128762,128763,7,3,32,2,2016,5,12,7,3,8,1,0,0,1,0,0,0,0,0,4.41945E+20,5.47987E+21,8.19873E+15,4.94687E+16
128763,128764,7,3,14,0,2016,5,12,3,2,2,6,0,1,0,1,0,0,0,0,4.58092E+20,5.48166E+21,8.42139E+15,4.94861E+16
128764,128765,7,1,38,45,2016,5,15,7,2,8,1,0,0,1,0,0,0,0,0,3.89905E+20,5.58848E+21,7.44964E+15,5.0438E+16
128765,128766,7,3,16,0,2016,5,7,3,2,1,7,0,0,1,1,0,0,0,0,4.36441E+20,5.46521E+21,8.12512E+15,4.93363E+16
128766,128767,7,3,12,0,2016,4,16,6,3,2,6,0,0,0,1,0,0,0,0,4.08682E+20,5.47732E+21,7.74032E+15,4.94417E+16
128767,128768,7,3,39,21,2016,5,15,4,3,8,1,0,0,0,1,0,0,0,0,4.22405E+20,5.52864E+21,7.91939E+15,4.99051E+16
128768,128769,7,1,37,203,2016,5,7,6,3,0,1,0,1,0,0,0,1,0,0,3.98294E+20,5.58683E+21,7.56818E+15,5.04246E+16
128769,128770,7,3,34,13,2016,5,14,1,3,4,2,0,0,0,0,0,1,0,0,4.4134E+20,5.4365E+21,8.19674E+15,4.90785E+16
128770,128771,7,3,11,0,2016,5,18,1,3,2,6,0,0,0,1,0,0,0,0,4.5312E+20,5.48685E+21,8.35212E+15,4.95325E+16
128771,128772,7,3,35,29,2016,5,19,6,3,0,6,0,0,0,0,0,1,0,1,4.03715E+20,5.49236E+21,7.66815E+15,4.95762E+16
128772,128773,7,1,37,3,2016,5,7,3,3,5,3,0,1,1,1,0,0,0,0,3.86563E+20,5.58787E+21,7.40278E+15,5.04318E+16
128773,128774,7,1,38,45,2016,5,14,2,3,1,6,0,0,0,1,0,0,0,0,3.90712E+20,5.58726E+21,7.46135E+15,5.04271E+16
128774,128775,7,2,11,0,2016,5,18,2,3,5,3,0,0,1,1,0,0,0,0,3.31506E+20,5.51559E+21,6.66001E+15,4.97691E+16
128775,128776,7,1,43,81,2016,5,10,7,3,1,7,0,0,0,1,0,0,0,0,4.14112E+20,5.59236E+21,7.78953E+15,5.04769E+16
128776,128777,7,2,11,0,2016,5,9,3,2,5,3,0,0,0,1,0,1,0,0,3.31124E+20,5.51476E+21,6.65508E+15,4.97616E+16
128777,128778,7,1,38,45,2016,5,12,7,3,5,3,0,0,1,1,0,0,0,0,3.93239E+20,5.58804E+21,7.49669E+15,5.04347E+16
128778,128779,7,3,34,501,2016,5,16,3,3,4,2,0,0,0,1,0,1,0,0,4.46196E+20,5.43299E+21,8.26369E+15,4.90475E+16
128779,128780,7,3,35,205,2016,4,19,6,3,5,3,0,0,0,1,0,0,0,0,4.17307E+20,5.48508E+21,7.85764E+15,4.95127E+16
128780,128781,7,3,34,501,2016,5,15,3,3,2,6,0,1,0,1,0,0,0,0,4.47322E+20,5.43255E+21,8.27916E+15,4.90435E+16
128781,128782,7,2,11,0,2016,5,18,1,3,1,6,0,0,0,1,0,0,0,0,3.29773E+20,5.51346E+21,6.6369E+15,4.97495E+16
128782,128783,7,3,14,0,2016,5,21,1,3,8,1,2,0,0,0,0,0,0,1,4.55032E+20,5.48266E+21,8.37903E+15,4.94949E+16
128783,128784,7,3,15,0,2016,5,15,6,3,5,3,0,0,1,1,0,0,0,0,4.47934E+20,5.53897E+21,8.27349E+15,5.00008E+16
128784,128785,7,1,11,0,2016,5,18,7,3,2,2,0,0,1,1,0,0,0,0,4.0081E+20,5.57847E+21,7.60579E+15,5.03499E+16
128785,128786,7,1,11,0,2016,5,9,7,3,3,7,0,0,0,1,0,0,0,0,4.02414E+20,5.57684E+21,7.62875E+15,5.03356E+16
128786,128787,7,3,34,12,2016,5,12,1,3,0,1,0,0,1,0,0,0,0,0,4.46975E+20,5.43754E+21,8.27376E+15,4.90884E+16
128787,128788,7,3,14,0,2016,5,16,6,3,6,4,0,1,1,1,1,0,0,0,4.56624E+20,5.48534E+21,8.40071E+15,4.95191E+16
128788,128789,7,3,36,55,2016,5,17,2,3,1,5,0,0,0,1,0,1,0,0,3.84211E+20,5.48875E+21,7.39953E+15,4.95403E+16
128789,128790,7,1,32,6,2016,5,17,3,3,5,3,0,0,1,1,0,0,0,0,4.20599E+20,5.62701E+21,7.87352E+15,5.07894E+16
128790,128791,7,1,11,0,2016,5,22,7,3,6,6,2,0,0,1,1,0,0,0,4.00351E+20,5.5795E+21,7.59907E+15,5.03591E+16
128791,128792,7,1,33,6,2016,5,19,3,2,5,3,0,0,1,1,0,0,0,0,4.19371E+20,5.52216E+21,7.87851E+15,4.98464E+16
128792,128793,7,3,16,0,2016,4,13,6,3,1,5,0,0,0,1,0,1,0,0,4.3905E+20,5.46747E+21,8.16068E+15,4.93569E+16
128793,128794,7,1,11,0,2016,5,10,7,3,2,6,0,0,0,1,0,1,0,0,3.99384E+20,5.57902E+21,7.5856E+15,5.03546E+16
128794,128795,7,1,41,91,2016,5,9,3,3,5,3,0,1,0,1,0,0,0,1,4.13519E+20,5.5745E+21,7.78529E+15,5.03163E+16
128795,128796,7,1,32,6,2016,5,16,3,3,9,1,0,0,0,1,0,0,0,0,4.20897E+20,5.62775E+21,7.87758E+15,5.07961E+16
128796,128797,7,3,37,501,2016,5,15,5,2,0,1,0,0,1,0,0,0,0,0,4.24965E+20,5.45068E+21,7.9699E+15,4.92043E+16
128797,128798,7,3,20,0,2016,5,12,6,3,6,5,0,0,0,1,1,0,0,0,3.83805E+20,5.45443E+21,7.40394E+15,4.92316E+16
128798,128799,7,3,15,0,2016,5,13,5,3,0,7,0,0,1,1,0,0,0,0,4.45253E+20,5.53766E+21,8.23626E+15,4.99888E+16
128799,128800,7,3,39,30,2016,5,19,4,2,1,7,0,0,1,1,0,0,0,0,4.30871E+20,5.5365E+21,8.03586E+15,4.99769E+16
128800,128801,7,3,32,9,2016,5,10,7,3,5,7,0,0,0,1,0,0,0,0,4.41402E+20,5.4729E+21,8.19227E+15,4.9406E+16
128801,128802,7,3,37,5,2016,4,19,6,3,5,3,1,0,0,1,0,1,0,0,4.27056E+20,5.43928E+21,8.00067E+15,4.91021E+16
128802,128803,7,2,11,0,2016,5,10,6,2,5,3,0,0,1,1,0,0,0,0,3.28756E+20,5.51403E+21,6.62254E+15,4.97543E+16
128803,128804,7,3,11,0,2016,5,7,5,3,6,6,0,1,1,0,1,0,0,0,4.52815E+20,5.48763E+21,8.34782E+15,4.95394E+16
128804,128805,7,2,31,134,2016,5,19,2,3,0,1,0,0,1,0,0,0,0,0,3.48939E+20,5.53896E+21,6.89281E+15,4.99838E+16
128805,128806,7,1,31,7,2016,5,18,3,3,6,6,0,0,0,1,1,0,0,0,3.68127E+20,5.60102E+21,7.13868E+15,5.05462E+16
128806,128807,7,1,35,20,2016,5,11,2,3,6,5,0,0,0,1,1,0,0,0,3.69008E+20,5.55689E+21,7.16645E+15,5.01498E+16
128807,128808,7,1,31,502,2016,5,12,4,3,0,7,0,0,0,1,0,0,0,1,3.66527E+20,5.58674E+21,7.12121E+15,5.04175E+16
128808,128809,7,1,41,75,2016,5,15,2,3,6,7,0,0,0,1,1,0,0,0,4.00207E+20,5.57532E+21,7.59815E+15,5.03215E+16
128809,128810,7,3,39,30,2016,5,12,5,3,5,3,0,0,0,1,0,0,0,0,4.33175E+20,5.53689E+21,8.06794E+15,4.99806E+16
128810,128811,7,3,12,0,2016,5,11,6,3,8,1,0,0,1,0,0,0,0,0,4.10601E+20,5.47708E+21,7.76683E+15,4.94398E+16
128811,128812,7,1,11,0,2016,5,8,5,3,9,1,0,0,0,1,0,0,0,0,4.0107E+20,5.5787E+21,7.60939E+15,5.03521E+16
128812,128813,7,3,38,17,2016,4,15,6,3,5,3,0,0,1,1,0,0,0,0,4.55616E+20,5.47453E+21,8.388E+15,4.94218E+16
128813,128814,7,3,15,0,2016,5,15,4,2,3,6,0,0,1,1,0,0,0,0,4.42712E+20,5.53898E+21,8.20063E+15,5.00004E+16
128814,128815,7,3,14,0,2016,4,15,6,3,2,2,0,0,0,1,0,0,0,0,4.59823E+20,5.48048E+21,8.4454E+15,4.94757E+16
128815,128816,7,3,39,47,2016,5,13,5,3,6,4,0,0,0,1,1,0,0,0,4.41728E+20,5.53217E+21,8.18793E+15,4.9939E+16
128816,128817,7,1,33,6,2016,5,16,2,3,6,7,0,0,0,0,1,0,0,1,4.18466E+20,5.52189E+21,7.86597E+15,4.98439E+16
128817,128818,7,1,41,29,2016,5,11,2,3,0,7,0,0,1,0,0,0,0,0,4.29158E+20,5.5803E+21,8.00383E+15,5.03705E+16
128818,128819,7,1,40,144,2016,5,11,3,3,6,5,0,1,0,1,1,0,0,0,3.95074E+20,5.53759E+21,7.53646E+15,4.99814E+16
128819,128820,7,1,41,75,2016,5,7,2,3,6,4,0,0,1,0,1,0,0,0,4.00299E+20,5.57434E+21,7.59971E+15,5.03128E+16
128820,128821,7,3,15,0,2016,5,13,7,2,0,1,0,0,1,0,0,0,0,0,4.47536E+20,5.53853E+21,8.26799E+15,4.99968E+16
128821,128822,7,3,14,0,2016,5,13,3,3,1,1,0,1,0,1,0,1,0,0,4.60209E+20,5.48009E+21,8.45077E+15,4.94721E+16
128822,128823,7,3,16,0,2016,5,17,6,3,2,2,0,0,0,1,0,0,0,0,4.38008E+20,5.4669E+21,8.14642E+15,4.93517E+16
128823,128824,7,1,33,96,2016,4,20,6,3,0,1,0,0,1,0,0,0,0,0,3.94097E+20,5.51821E+21,7.52814E+15,4.98069E+16
128824,128825,7,1,40,36,2016,5,17,4,3,1,5,0,0,0,1,0,0,0,0,3.96143E+20,5.557E+21,7.5461E+15,5.01561E+16
128825,128826,7,3,34,7,2016,5,13,6,3,5,3,0,0,0,1,0,1,0,0,4.5409E+20,5.4529E+21,8.36945E+15,4.92272E+16
128826,128827,7,3,14,0,2016,5,20,4,3,4,5,0,0,1,1,0,0,0,0,4.56714E+20,5.4858E+21,8.40191E+15,4.95233E+16