FID,OBJECTID,ULAND,UREGBEZ,UKREIS,UGEMEINDE,UJAHR,UMONAT,USTUNDE,UWOCHENTAG,UKATEGORIE,UART,UTYP1,ULICHTVERH,IstStrasse,IstRad,IstPKW,IstFuss,IstKrad,IstGkfz,IstSonstig,LINREFX,LINREFY,XGCSWGS84,YGCSWGS84
128827,128828,7,1,33,6,2016,4,12,6,2,9,1,0,0,0,1,1,1,0,0,4.18036E+20,5.52118E+21,7.86015E+15,4.98374E+16
128828,128829,7,1,43,70,2016,5,19,4,3,6,4,0,0,0,1,1,0,0,0,4.12707E+20,5.59323E+21,7.76954E+15,5.04845E+16
128829,128830,7,1,35,49,2016,5,10,2,2,6,7,0,0,0,0,1,0,0,1,3.71316E+20,5.55831E+21,7.19827E+15,5.01631E+16
128830,128831,7,1,33,501,2016,5,18,1,2,4,6,0,0,0,1,0,1,0,0,3.99318E+20,5.52387E+21,7.59922E+15,4.98588E+16
128831,128832,7,1,40,144,2016,5,20,7,3,5,7,0,0,0,1,0,0,0,0,3.93965E+20,5.53766E+21,7.52099E+15,4.99818E+16
128832,128833,7,1,38,45,2016,5,10,3,3,5,3,0,0,0,1,0,0,0,0,3.91697E+20,5.58873E+21,7.47479E+15,5.04406E+16
128833,128834,7,3,14,0,2016,5,11,6,3,5,2,0,0,1,0,0,0,0,0,4.55499E+20,5.4871E+21,8.38497E+15,4.95349E+16
128834,128835,7,3,37,38,2016,5,15,3,3,6,4,2,0,0,1,1,0,0,0,4.42792E+20,5.44408E+21,8.21554E+15,4.91469E+16
128835,128836,7,3,15,0,2016,4,16,6,3,1,6,0,0,0,1,0,0,0,0,4.47086E+20,5.53971E+21,8.26155E+15,5.00074E+16
128836,128837,7,3,19,0,2016,5,12,7,3,0,1,0,0,0,0,0,1,0,0,4.54075E+20,5.49819E+21,8.364E+15,4.96345E+16
128837,128838,7,3,14,0,2016,5,8,3,2,5,2,0,0,0,1,0,1,0,0,4.55765E+20,5.48209E+21,8.38921E+15,4.94898E+16
128838,128839,7,3,12,0,2016,5,18,7,3,2,2,0,0,0,1,0,0,0,0,4.08402E+20,5.47752E+21,7.73641E+15,4.94435E+16
128839,128840,7,1,34,45,2016,5,14,6,3,1,5,0,0,0,1,0,0,0,0,3.78741E+20,5.50959E+21,7.3175E+15,4.97266E+16
128840,128841,7,3,15,0,2016,5,19,6,3,6,7,0,0,0,1,1,0,0,0,4.47541E+20,5.53775E+21,8.26817E+15,4.99898E+16
128841,128842,7,3,39,1,2016,5,20,1,3,1,5,1,0,1,1,0,0,0,0,4.30386E+20,5.53093E+21,8.03011E+15,4.99267E+16
128842,128843,7,2,35,3,2016,5,18,1,3,6,7,0,0,0,1,1,0,0,0,3.32565E+20,5.49799E+21,6.68224E+15,4.96112E+16
128843,128844,7,3,38,5,2016,5,12,6,3,6,6,0,0,0,1,1,0,0,0,4.48958E+20,5.47028E+21,8.29675E+15,4.93831E+16
128844,128845,7,3,36,104,2016,5,18,2,3,4,1,0,0,1,1,0,0,0,0,3.96921E+20,5.49944E+21,7.57234E+15,4.96387E+16
128845,128846,7,1,43,81,2016,5,10,6,3,2,6,0,0,0,1,0,1,0,0,4.13603E+20,5.59138E+21,7.78259E+15,5.0468E+16
128846,128847,7,1,31,6,2016,5,17,3,3,5,3,0,0,0,1,0,0,0,0,3.78859E+20,5.59738E+21,7.29127E+15,5.05159E+16
128847,128848,7,3,15,0,2016,4,12,6,3,5,3,0,0,0,1,0,0,0,0,4.49193E+20,5.53633E+21,8.2914E+15,4.99771E+16
128848,128849,7,3,32,25,2016,5,15,6,2,5,3,0,0,1,1,0,0,0,0,4.45658E+20,5.46863E+21,8.2515E+15,4.93679E+16
128849,128850,7,1,35,66,2016,5,11,3,3,0,7,0,0,0,0,0,1,0,0,3.81609E+20,5.56042E+21,7.34165E+15,5.01841E+16
128850,128851,7,1,11,0,2016,5,16,3,3,2,6,0,0,0,1,0,0,0,0,4.00397E+20,5.5805E+21,7.59945E+15,5.03682E+16
128851,128852,7,3,35,22,2016,5,20,1,3,4,6,0,0,0,1,0,0,0,0,3.96059E+20,5.475E+21,7.56684E+15,4.94188E+16
128852,128853,7,3,38,25,2016,5,14,5,3,0,1,0,0,1,0,0,0,0,0,4.54609E+20,5.46966E+21,8.37467E+15,4.93779E+16
128853,128854,7,3,20,0,2016,5,9,5,1,6,1,0,0,0,1,1,0,0,0,3.80302E+20,5.45456E+21,7.35581E+15,4.92321E+16
128854,128855,7,1,41,6,2016,5,7,5,3,1,6,0,0,1,1,0,0,0,0,4.09566E+20,5.57566E+21,7.7295E+15,5.03261E+16
128855,128856,7,1,43,32,2016,4,13,6,3,6,4,0,0,0,1,1,0,0,0,4.04953E+20,5.58846E+21,7.66148E+15,5.04405E+16
128856,128857,7,1,31,77,2016,5,15,4,3,0,1,0,0,1,0,0,0,0,0,3.74894E+20,5.60086E+21,7.2342E+15,5.05462E+16
128857,128858,7,3,14,0,2016,5,20,7,3,5,3,1,0,0,1,0,0,0,0,4.57179E+20,5.47905E+21,8.40906E+15,4.94626E+16
128858,128859,7,1,11,0,2016,5,6,6,3,8,6,0,0,0,1,0,1,0,0,3.97579E+20,5.58106E+21,7.55969E+15,5.03727E+16
128859,128860,7,3,32,2,2016,5,19,5,3,1,1,0,0,0,1,0,0,0,0,4.39872E+20,5.4791E+21,8.17024E+15,4.94616E+16
128860,128861,7,3,15,0,2016,5,10,1,2,5,2,0,0,0,1,0,0,0,0,4.47622E+20,5.53876E+21,8.26916E+15,4.99989E+16
128861,128862,7,3,15,0,2016,5,7,6,3,5,3,0,0,1,1,0,0,0,0,4.45364E+20,5.53867E+21,8.23767E+15,4.99978E+16
128862,128863,7,3,11,0,2016,5,18,2,3,1,6,0,0,0,1,0,0,0,1,4.53235E+20,5.48754E+21,8.35363E+15,4.95387E+16
128863,128864,7,3,20,0,2016,5,11,2,3,5,3,0,0,1,1,0,0,0,0,3.80645E+20,5.4564E+21,7.35997E+15,4.92487E+16
128864,128865,7,3,35,202,2016,5,16,1,3,0,1,0,0,0,0,0,1,0,0,3.90801E+20,5.47024E+21,7.49568E+15,4.93751E+16
128865,128866,7,1,32,72,2016,5,14,5,2,0,1,0,0,1,0,0,0,0,0,4.2576E+20,5.63128E+21,7.94586E+15,5.08284E+16
128866,128867,7,1,33,117,2016,5,16,5,2,0,7,0,0,0,0,0,0,0,1,4.14885E+20,5.52182E+21,7.8162E+15,4.98427E+16
128867,128868,7,3,32,2,2016,5,14,4,3,0,1,0,0,1,0,0,0,0,0,4.39888E+20,5.47908E+21,8.17046E+15,4.94614E+16
128868,128869,7,1,38,64,2016,4,19,6,3,5,3,0,0,0,1,0,0,0,0,4.0443E+20,5.61075E+21,7.64839E+15,5.06407E+16
128869,128870,7,1,31,7,2016,5,12,4,3,1,6,0,0,0,1,0,0,0,0,3.67196E+20,5.6009E+21,7.1256E+15,5.0545E+16
128870,128871,7,2,35,118,2016,5,7,5,3,2,2,0,0,0,1,0,0,0,0,3.23421E+20,5.49767E+21,6.55592E+15,4.96058E+16
128871,128872,7,1,38,45,2016,5,14,2,3,1,6,0,1,0,1,0,0,0,0,3.90856E+20,5.58748E+21,7.46331E+15,5.04292E+16
128872,128873,7,1,38,45,2016,5,11,2,3,5,3,0,0,1,1,0,0,0,0,3.91593E+20,5.58766E+21,7.47363E+15,5.04309E+16
128873,128874,7,3,32,24,2016,5,11,1,3,5,3,0,0,0,1,0,0,0,0,4.39213E+20,5.49031E+21,8.15941E+15,4.95623E+16
128874,128875,7,2,35,63,2016,5,7,7,2,5,3,0,0,0,1,0,0,1,0,3.46082E+20,5.52348E+21,6.85916E+15,4.9844E+16
128875,128876,7,1,40,144,2016,4,13,6,3,6,6,0,0,0,1,1,0,0,0,3.95081E+20,5.53774E+21,7.53653E+15,4.99827E+16
128876,128877,7,1,38,45,2016,5,16,6,3,5,3,0,1,0,1,0,0,0,0,3.91614E+20,5.5875E+21,7.47397E+15,5.04296E+16
128877,128878,7,2,11,0,2016,5,7,5,3,6,2,0,0,0,1,1,0,0,0,3.30586E+20,5.51422E+21,6.64785E+15,4.97565E+16
128878,128879,7,2,11,0,2016,5,15,2,3,1,6,0,0,0,1,0,0,0,0,3.30425E+20,5.51456E+21,6.64546E+15,4.97596E+16
128879,128880,7,3,17,0,2016,5,14,2,3,5,3,0,0,0,1,0,0,0,0,3.98857E+20,5.45066E+21,7.61158E+15,4.92004E+16
128880,128881,7,3,16,0,2016,5,14,1,3,2,6,0,0,1,1,0,0,0,0,4.42184E+20,5.46486E+21,8.20421E+15,4.93337E+16
128881,128882,7,3,12,0,2016,5,18,3,3,1,6,0,0,0,1,0,0,0,0,4.09925E+20,5.4774E+21,7.75744E+15,4.94426E+16
128882,128883,7,3,15,0,2016,5,15,5,3,0,1,0,0,1,0,0,0,0,0,4.44026E+20,5.54084E+21,8.21868E+15,5.00173E+16
128883,128884,7,2,32,18,2016,5,13,4,3,6,1,0,0,0,1,1,0,0,0,3.22653E+20,5.53892E+21,6.5265E+15,4.99762E+16
128884,128885,7,1,40,64,2016,4,12,6,3,0,6,0,0,0,1,0,1,0,0,3.89077E+20,5.5476E+21,7.44995E+15,5.00703E+16
128885,128886,7,1,37,68,2016,5,21,4,3,6,1,2,0,0,0,1,1,0,0,3.73957E+20,5.57679E+21,7.22908E+15,5.03297E+16
128886,128887,7,1,11,0,2016,5,8,2,3,3,1,0,1,0,1,0,1,0,0,4.00147E+20,5.57912E+21,7.5963E+15,5.03557E+16
128887,128888,7,1,11,0,2016,5,10,1,3,6,4,0,0,0,1,1,0,0,0,3.99659E+20,5.57865E+21,7.58956E+15,5.03514E+16
128888,128889,7,3,35,24,2016,5,14,6,3,5,3,0,0,1,1,0,0,0,0,3.97303E+20,5.48051E+21,7.58257E+15,4.94686E+16
128889,128890,7,1,37,68,2016,5,16,3,3,5,3,0,1,1,1,0,0,0,0,3.73391E+20,5.57679E+21,7.22114E+15,5.03296E+16
128890,128891,7,3,15,0,2016,5,19,5,3,1,5,0,0,1,1,0,0,0,0,4.50468E+20,5.5342E+21,8.30946E+15,4.99581E+16
128891,128892,7,3,14,0,2016,5,16,3,3,4,6,0,0,1,0,0,0,0,0,4.60261E+20,5.48106E+21,8.45139E+15,4.94809E+16
128892,128893,7,1,40,501,2016,4,16,6,3,6,2,0,0,0,1,1,0,0,0,4.02498E+20,5.56251E+21,7.63363E+15,5.02068E+16
128893,128894,7,3,15,0,2016,5,17,3,3,6,7,0,1,1,0,1,0,0,0,4.47113E+20,5.539E+21,8.26203E+15,5.0001E+16
128894,128895,7,2,11,0,2016,5,20,5,3,1,5,0,0,1,1,0,0,0,0,3.35173E+20,5.52137E+21,6.70845E+15,4.98221E+16
128895,128896,7,3,12,0,2016,4,8,5,3,1,5,0,0,0,1,0,0,0,0,4.06954E+20,5.4774E+21,7.71646E+15,4.94421E+16
128896,128897,7,3,40,38,2016,5,16,3,3,0,1,0,1,0,0,0,1,0,0,3.99948E+20,5.45532E+21,7.62539E+15,4.92425E+16
128897,128898,7,3,12,0,2016,5,17,3,2,6,4,0,0,0,1,1,0,0,0,4.06602E+20,5.48163E+21,7.71061E+15,4.94801E+16
128898,128899,7,3,15,0,2016,5,11,1,3,6,7,0,0,0,1,1,0,0,0,4.44315E+20,5.54145E+21,8.22263E+15,5.00227E+16
128899,128900,7,3,36,92,2016,4,11,7,3,5,1,0,0,0,1,0,1,0,0,3.82526E+20,5.47424E+21,7.38055E+15,4.94095E+16
128900,128901,7,1,33,6,2016,5,19,6,3,5,3,0,0,1,1,0,0,0,0,4.18559E+20,5.525E+21,7.86661E+15,4.98718E+16
128901,128902,7,1,32,18,2016,5,19,5,3,8,1,0,0,1,0,0,0,0,0,4.27394E+20,5.62108E+21,7.97108E+15,5.07369E+16
128902,128903,7,3,39,30,2016,5,17,2,3,2,2,0,0,1,0,0,0,0,0,4.30157E+20,5.53827E+21,8.02559E+15,4.99927E+16
128903,128904,7,3,32,2,2016,4,18,5,3,6,7,0,0,1,0,1,0,0,0,4.39733E+20,5.4789E+21,8.16835E+15,4.94597E+16
128904,128905,7,3,13,0,2016,5,10,6,3,2,7,0,0,1,1,0,0,0,0,4.35757E+20,5.45046E+21,8.11807E+15,4.92036E+16
128905,128906,7,1,11,0,2016,5,14,3,3,8,1,0,1,0,1,0,0,0,0,3.97413E+20,5.5802E+21,7.55759E+15,5.03649E+16
128906,128907,7,3,35,40,2016,5,16,2,2,5,3,0,0,1,1,0,0,0,0,4.02844E+20,5.48108E+21,7.65888E+15,4.94746E+16
128907,128908,7,3,34,8,2016,5,20,1,3,6,4,1,0,1,0,1,0,0,0,4.45104E+20,5.43014E+21,8.24914E+15,4.90217E+16
128908,128909,7,1,31,7,2016,5,12,7,3,8,1,0,0,1,0,0,0,0,0,3.67251E+20,5.6009E+21,7.12637E+15,5.0545E+16
128909,128910,7,2,11,0,2016,5,18,3,3,5,2,0,0,1,1,0,0,0,0,3.30211E+20,5.51409E+21,6.6427E+15,4.97553E+16
128910,128911,7,3,34,501,2016,5,17,2,3,1,5,0,0,1,1,0,0,0,0,4.48253E+20,5.43156E+21,8.29202E+15,4.90348E+16
128911,128912,7,3,32,24,2016,5,14,7,3,4,1,0,0,0,1,0,0,0,0,4.40467E+20,5.48969E+21,8.17685E+15,4.95569E+16
128912,128913,7,3,34,501,2016,5,17,5,2,9,1,0,0,1,0,0,0,0,0,4.47338E+20,5.43108E+21,8.27957E+15,4.90304E+16
128913,128914,7,3,17,0,2016,5,15,4,3,6,4,0,0,0,0,1,0,1,0,3.98004E+20,5.44966E+21,7.60012E+15,4.91913E+16
128914,128915,7,3,14,0,2016,5,17,5,2,6,4,0,0,0,1,1,0,0,0,4.56693E+20,5.48583E+21,8.40161E+15,4.95235E+16
128915,128916,7,3,12,0,2016,5,21,7,3,0,7,2,0,1,0,0,0,0,0,4.09149E+20,5.47775E+21,7.74666E+15,4.94456E+16
128916,128917,7,1,33,52,2016,4,5,5,3,0,1,2,1,0,1,0,0,0,0,3.9042E+20,5.51586E+21,7.47772E+15,4.97852E+16
128917,128918,7,2,35,68,2016,5,16,6,2,5,3,0,1,0,1,0,0,0,0,3.24225E+20,5.50687E+21,6.56293E+15,4.96886E+16
128918,128919,7,3,15,0,2016,5,7,2,3,1,6,0,0,1,1,0,0,0,0,4.44535E+20,5.53961E+21,8.22598E+15,5.00062E+16
128919,128920,7,3,13,0,2016,5,22,2,2,3,6,2,0,1,1,0,0,0,0,4.35354E+20,5.44943E+21,8.1127E+15,4.91943E+16
128920,128921,7,3,18,0,2016,5,16,1,3,3,6,0,0,1,1,0,0,0,0,4.59236E+20,5.46256E+21,8.43914E+15,4.93144E+16
128921,128922,7,3,12,0,2016,5,12,4,2,0,1,0,0,1,0,0,0,0,0,4.10071E+20,5.47584E+21,7.75981E+15,4.94286E+16
128922,128923,7,3,12,0,2016,5,13,4,3,6,4,0,0,1,0,1,0,0,0,4.10259E+20,5.47592E+21,7.76239E+15,4.94293E+16
128923,128924,7,3,18,0,2016,5,13,4,3,4,6,0,0,1,1,0,0,0,0,4.58527E+20,5.46678E+21,8.42895E+15,4.93524E+16
128924,128925,7,3,19,0,2016,4,18,5,3,2,6,0,0,0,1,0,0,0,0,4.53129E+20,5.4986E+21,8.35084E+15,4.96382E+16
128925,128926,7,3,18,0,2016,5,14,3,3,0,7,0,0,1,1,0,0,0,0,4.58351E+20,5.46263E+21,8.42695E+15,4.93149E+16
128926,128927,7,3,39,5,2016,5,11,5,3,5,3,0,0,0,1,0,0,0,0,4.22175E+20,5.53324E+21,7.91527E+15,4.99464E+16
128927,128928,7,3,32,25,2016,5,15,4,3,5,3,0,0,1,1,0,0,0,0,4.45106E+20,5.46837E+21,8.24395E+15,4.93655E+16
128928,128929,7,1,11,0,2016,5,15,5,3,3,6,0,0,1,0,0,0,0,1,3.99977E+20,5.58032E+21,7.5936E+15,5.03665E+16
128929,128930,7,2,31,53,2016,4,17,5,3,2,6,0,0,0,1,0,0,0,0,3.41801E+20,5.52508E+21,6.799E+15,4.98572E+16
128930,128931,7,3,11,0,2016,5,12,3,2,6,7,0,1,0,1,1,0,0,0,4.53463E+20,5.48539E+21,8.35704E+15,4.95193E+16
128931,128932,7,1,41,107,2016,4,17,5,3,9,1,0,0,1,0,0,0,0,0,4.168E+20,5.56133E+21,7.83425E+15,5.01983E+16
128932,128933,7,1,38,45,2016,5,12,5,3,5,3,0,0,0,1,0,0,0,0,3.92E+20,5.58726E+21,7.47947E+15,5.04274E+16
128933,128934,7,2,11,0,2016,5,11,2,3,1,6,0,0,0,1,0,0,0,0,3.30387E+20,5.51461E+21,6.64492E+15,4.976E+16
128934,128935,7,3,13,0,2016,5,15,2,3,9,6,0,0,0,1,0,0,0,0,4.38089E+20,5.44962E+21,8.15021E+15,4.91963E+16
128935,128936,7,2,31,134,2016,5,15,1,2,0,1,0,0,1,0,0,0,0,0,3.48972E+20,5.5387E+21,6.89338E+15,4.99815E+16
128936,128937,7,3,38,19,2016,5,13,7,3,5,3,0,0,0,1,0,0,0,0,4.53749E+20,5.47484E+21,8.36222E+15,4.94245E+16
128937,128938,7,3,14,0,2016,5,16,3,3,4,2,0,0,0,1,0,1,0,0,4.59778E+20,5.48093E+21,8.44473E+15,4.94797E+16
128938,128939,7,3,14,0,2016,5,5,4,2,4,2,0,0,0,1,0,1,0,0,4.57647E+20,5.48369E+21,8.41502E+15,4.95044E+16
128939,128940,7,1,11,0,2016,4,16,5,3,0,7,0,0,1,0,0,0,0,1,4.0016E+20,5.57626E+21,7.59725E+15,5.03299E+16
128940,128941,7,3,11,0,2016,5,10,3,3,5,3,0,1,0,1,0,0,0,0,4.52047E+20,5.48715E+21,8.33727E+15,4.95351E+16
128941,128942,7,3,33,45,2016,5,10,1,3,4,6,0,0,1,1,0,0,0,0,4.30799E+20,5.49832E+21,8.04167E+15,4.96334E+16
128942,128943,7,3,37,501,2016,4,12,7,3,1,1,0,0,0,1,0,1,0,0,4.23875E+20,5.45043E+21,7.95498E+15,4.9202E+16
128943,128944,7,3,34,2,2016,5,12,6,3,0,1,0,0,1,0,0,0,0,0,4.41845E+20,5.42581E+21,8.20518E+15,4.89825E+16
128944,128945,7,1,38,45,2016,5,7,2,3,5,3,0,1,1,0,0,0,1,0,3.92388E+20,5.58831E+21,7.48464E+15,5.04369E+16
128945,128946,7,3,15,0,2016,4,16,7,3,0,1,0,0,1,0,0,0,0,0,4.44646E+20,5.53758E+21,8.22781E+15,4.99879E+16
128946,128947,7,1,32,63,2016,5,18,1,3,1,5,0,0,1,1,0,0,0,0,4.21389E+20,5.62894E+21,7.88431E+15,5.08069E+16
128947,128948,7,1,32,117,2016,5,19,7,3,5,3,0,0,0,1,0,0,0,0,4.10188E+20,5.62568E+21,7.72618E+15,5.07759E+16
128948,128949,7,1,38,80,2016,5,5,3,2,5,3,0,1,0,1,0,1,0,0,3.86908E+20,5.61925E+21,7.39809E+15,5.07141E+16
128949,128950,7,1,43,287,2016,5,12,4,3,0,1,0,0,1,0,0,0,0,0,4.06831E+20,5.60668E+21,7.68337E+15,5.06046E+16
128950,128951,7,3,34,22,2016,5,8,3,3,9,7,0,0,1,0,0,0,0,0,4.50071E+20,5.44063E+21,8.31577E+15,4.91165E+16
128951,128952,7,1,37,203,2016,4,16,5,3,3,6,0,0,1,1,0,0,0,0,3.98077E+20,5.58714E+21,7.56503E+15,5.04274E+16
128952,128953,7,1,33,52,2016,5,11,7,3,1,6,0,0,0,1,0,0,0,0,3.89557E+20,5.51552E+21,7.46585E+15,4.9782E+16
128953,128954,7,3,38,25,2016,5,16,3,3,1,5,0,0,0,1,0,1,0,0,4.54236E+20,5.47098E+21,8.36939E+15,4.93898E+16
128954,128955,7,1,37,3,2016,5,15,1,3,0,1,0,0,1,0,0,0,0,0,3.86451E+20,5.58837E+21,7.40104E+15,5.04363E+16
128955,128956,7,3,15,0,2016,5,7,6,3,6,7,0,0,1,0,1,0,0,0,4.46985E+20,5.53899E+21,8.26025E+15,5.00008E+16
128956,128957,7,1,41,42,2016,5,12,4,3,9,5,0,0,0,1,0,0,0,0,3.99028E+20,5.5664E+21,7.58397E+15,5.02411E+16
128957,128958,7,1,43,268,2016,5,10,6,3,0,7,0,0,0,1,0,0,0,0,4.1031E+20,5.60693E+21,7.73246E+15,5.06074E+16
128958,128959,7,1,31,17,2016,5,20,4,3,1,3,0,0,0,1,0,1,0,0,3.61309E+20,5.59948E+21,7.04309E+15,5.05308E+16
128959,128960,7,3,11,0,2016,5,15,1,3,1,5,0,0,1,1,0,0,0,0,4.53597E+20,5.48762E+21,8.35862E+15,4.95394E+16
128960,128961,7,3,33,71,2016,5,10,2,3,9,1,0,0,0,1,0,0,0,0,4.2292E+20,5.48955E+21,7.9343E+15,4.95536E+16
128961,128962,7,1,41,75,2016,5,15,4,3,3,6,0,0,0,1,0,1,0,0,3.99996E+20,5.57508E+21,7.59525E+15,5.03193E+16
128962,128963,7,2,11,0,2016,5,18,3,2,4,2,0,0,1,1,0,0,0,0,3.29834E+20,5.51172E+21,6.6385E+15,4.97339E+16
128963,128964,7,3,11,0,2016,4,12,4,3,2,6,0,0,0,1,0,0,0,0,4.5203E+20,5.48772E+21,8.33695E+15,4.95402E+16
128964,128965,7,3,35,34,2016,5,14,6,3,6,4,0,0,0,1,1,0,0,0,4.0756E+20,5.4829E+21,7.72354E+15,4.94917E+16
128965,128966,7,1,32,72,2016,5,9,3,3,5,3,0,1,0,1,0,0,0,0,4.2684E+20,5.63246E+21,7.96096E+15,5.08392E+16
128966,128967,7,3,38,19,2016,5,16,2,3,5,7,0,0,0,1,0,0,0,0,4.53755E+20,5.47483E+21,8.3623E+15,4.94244E+16
128967,128968,7,3,13,0,2016,5,10,5,3,5,3,0,0,0,1,0,1,0,0,4.35448E+20,5.45017E+21,8.11388E+15,4.92009E+16
128968,128969,7,3,15,0,2016,5,11,5,3,5,3,0,0,0,1,0,0,0,0,4.48251E+20,5.53882E+21,8.27793E+15,4.99994E+16
128969,128970,7,3,14,0,2016,5,11,3,3,2,6,0,0,0,1,0,1,0,0,4.58028E+20,5.48168E+21,8.4205E+15,4.94863E+16
128970,128971,7,3,18,0,2016,5,14,7,3,1,6,0,0,0,1,0,0,0,0,4.58645E+20,5.46553E+21,8.4307E+15,4.93411E+16
128971,128972,7,1,33,52,2016,4,9,4,3,5,3,0,0,1,1,0,0,0,0,3.89341E+20,5.51595E+21,7.46272E+15,4.97858E+16
128972,128973,7,1,43,32,2016,5,13,6,3,5,2,0,1,0,1,0,0,0,0,4.05304E+20,5.58753E+21,7.66665E+15,5.04322E+16
128973,128974,7,2,11,0,2016,5,16,2,3,2,6,0,0,0,1,0,0,0,0,3.3304E+20,5.51357E+21,6.68216E+15,4.97514E+16
128974,128975,7,1,31,77,2016,6,13,4,3,2,7,0,0,0,1,0,0,1,0,3.75464E+20,5.60134E+21,7.24208E+15,5.05507E+16
128975,128976,7,1,32,118,2016,6,18,2,3,5,3,0,0,0,1,0,0,0,0,4.01185E+20,5.61913E+21,7.60027E+15,5.07156E+16
128976,128977,7,3,20,0,2016,6,16,6,3,5,3,0,0,1,1,0,0,0,0,3.81029E+20,5.45678E+21,7.36513E+15,4.92522E+16
128977,128978,7,1,11,0,2016,6,7,6,3,2,6,0,0,0,1,0,0,0,1,3.99864E+20,5.57865E+21,7.59245E+15,5.03514E+16
128978,128979,7,1,33,6,2016,6,18,5,3,7,7,0,0,0,1,0,0,0,0,4.18529E+20,5.52095E+21,7.86706E+15,4.98354E+16
128979,128980,7,3,15,0,2016,6,16,4,3,0,1,0,0,1,0,0,0,0,0,4.47934E+20,5.53897E+21,8.27349E+15,5.00008E+16
128980,128981,7,3,20,0,2016,6,19,5,3,0,1,0,0,1,0,0,0,0,0,3.85407E+20,5.45912E+21,7.42459E+15,4.92741E+16
128981,128982,7,1,43,48,2016,6,20,6,3,5,3,0,1,0,1,0,1,0,0,4.15722E+20,5.5873E+21,7.81335E+15,5.04317E+16
128982,128983,7,3,14,0,2016,6,19,2,3,6,4,0,0,1,0,1,0,0,0,4.59448E+20,5.48183E+21,8.44009E+15,4.94877E+16
128983,128984,7,3,18,0,2016,5,22,2,3,5,3,2,0,1,1,0,0,0,0,4.57536E+20,5.46505E+21,8.41548E+15,4.93367E+16
128984,128985,7,1,37,3,2016,6,21,2,3,0,1,0,1,1,0,0,0,0,0,3.87249E+20,5.58855E+21,7.41222E+15,5.04382E+16
128985,128986,7,1,11,0,2016,6,14,3,2,5,3,0,0,1,1,0,0,0,0,3.96592E+20,5.57698E+21,7.54694E+15,5.03358E+16
128986,128987,7,1,38,45,2016,6,3,2,2,0,1,2,1,1,0,0,0,0,0,3.92058E+20,5.58769E+21,7.48017E+15,5.04313E+16
128987,128988,7,3,36,92,2016,6,18,5,3,5,3,0,0,0,1,0,0,0,0,3.82514E+20,5.47407E+21,7.38043E+15,4.9408E+16
128988,128989,7,1,11,0,2016,6,8,2,3,3,2,0,0,1,1,0,0,0,0,4.00239E+20,5.5804E+21,7.59726E+15,5.03672E+16
128989,128990,7,2,11,0,2016,6,15,4,3,9,1,0,0,0,1,0,0,0,0,3.30331E+20,5.51397E+21,6.64441E+15,4.97542E+16
128990,128991,7,2,35,118,2016,6,14,4,3,4,6,0,0,0,1,0,0,0,0,3.23932E+20,5.49794E+21,6.56288E+15,4.96083E+16
128991,128992,7,3,12,0,2016,6,13,5,3,5,3,0,0,1,1,0,0,0,0,4.10169E+20,5.47754E+21,7.76077E+15,4.94439E+16
128992,128993,7,1,31,7,2016,6,17,5,3,1,6,0,0,0,1,0,0,0,1,3.67196E+20,5.6009E+21,7.1256E+15,5.0545E+16
128993,128994,7,2,35,118,2016,6,14,4,3,4,7,0,1,0,1,0,1,0,0,3.23E+20,5.49798E+21,6.54997E+15,4.96084E+16
128994,128995,7,3,32,24,2016,6,18,5,2,3,2,0,0,0,1,0,1,0,0,4.39356E+20,5.49002E+21,8.16144E+15,4.95597E+16
128995,128996,7,3,15,0,2016,6,18,5,3,0,7,0,1,1,0,0,0,0,0,4.4719E+20,5.53878E+21,8.26314E+15,4.9999E+16
128996,128997,7,2,32,18,2016,5,19,2,2,0,1,0,1,1,0,0,0,0,0,3.22777E+20,5.53838E+21,6.52847E+15,4.99714E+16
128997,128998,7,3,12,0,2016,6,16,1,3,0,6,0,1,0,1,0,1,0,0,4.10749E+20,5.47768E+21,7.76874E+15,4.94453E+16
128998,128999,7,1,31,7,2016,6,14,2,3,4,6,0,0,0,1,0,1,0,0,3.68057E+20,5.60024E+21,7.13797E+15,5.05392E+16
128999,129000,7,1,31,7,2016,6,23,1,3,0,1,2,0,1,0,0,0,0,0,3.67087E+20,5.60091E+21,7.12406E+15,5.0545E+16
129000,129001,7,3,40,2,2016,6,14,3,3,5,3,0,0,1,1,0,0,0,0,4.14595E+20,5.44251E+21,7.8293E+15,4.91295E+16
129001,129002,7,1,38,45,2016,6,20,4,3,5,3,0,0,1,1,0,0,0,0,3.95411E+20,5.59052E+21,7.52657E+15,5.04574E+16
129002,129003,7,3,12,0,2016,6,14,5,3,3,6,0,0,0,1,0,0,0,0,4.06195E+20,5.47742E+21,7.70599E+15,4.94422E+16
129003,129004,7,3,14,0,2016,6,14,5,3,5,3,0,0,0,1,0,0,0,0,4.56802E+20,5.47932E+21,8.40383E+15,4.9465E+16
129004,129005,7,2,11,0,2016,5,8,2,3,5,3,0,1,0,1,0,1,0,0,3.28907E+20,5.51444E+21,6.62445E+15,4.97581E+16