FID,OBJECTID,ULAND,UREGBEZ,UKREIS,UGEMEINDE,UJAHR,UMONAT,USTUNDE,UWOCHENTAG,UKATEGORIE,UART,UTYP1,ULICHTVERH,IstStrasse,IstRad,IstPKW,IstFuss,IstKrad,IstGkfz,IstSonstig,LINREFX,LINREFY,XGCSWGS84,YGCSWGS84
129005,129006,7,3,12,0,2016,6,13,4,2,5,3,0,1,0,1,0,0,0,0,4.07864E+20,5.47752E+21,7.72899E+15,4.94433E+16
129006,129007,7,1,11,0,2016,6,9,2,2,0,7,0,0,1,0,0,0,0,0,3.99605E+20,5.58037E+21,7.58834E+15,5.03669E+16
129007,129008,7,3,33,24,2016,6,15,6,3,4,1,0,0,1,1,0,0,0,0,4.11327E+20,5.49211E+21,7.77347E+15,4.95751E+16
129008,129009,7,2,11,0,2016,5,8,2,3,2,1,0,1,0,1,0,0,0,0,3.31172E+20,5.51433E+21,6.65592E+15,4.97577E+16
129009,129010,7,3,37,23,2016,6,18,1,2,0,1,0,0,1,0,0,0,0,0,4.39642E+20,5.45379E+21,8.1709E+15,4.92339E+16
129010,129011,7,2,11,0,2016,6,8,3,3,6,4,0,0,0,1,1,0,0,0,3.30443E+20,5.51503E+21,6.64551E+15,4.97638E+16
129011,129012,7,3,14,0,2016,6,9,1,2,5,3,0,0,1,0,0,0,0,1,4.59689E+20,5.47968E+21,8.44363E+15,4.94684E+16
129012,129013,7,3,19,0,2016,6,16,4,3,2,2,0,0,0,1,0,0,0,0,4.54457E+20,5.49802E+21,8.3693E+15,4.96331E+16
129013,129014,7,3,19,0,2016,6,0,7,3,5,3,2,0,1,1,0,0,0,0,4.53374E+20,5.50072E+21,8.35399E+15,4.96572E+16
129014,129015,7,3,13,0,2016,6,19,3,3,4,2,0,0,0,1,0,1,0,0,4.40667E+20,5.44887E+21,8.18571E+15,4.91897E+16
129015,129016,7,1,37,216,2016,6,8,4,3,5,2,0,0,0,1,0,0,0,0,3.94266E+20,5.58407E+21,7.51226E+15,5.03991E+16
129016,129017,7,3,14,0,2016,6,14,5,3,0,1,0,0,1,0,0,0,0,0,4.56609E+20,5.47957E+21,8.40114E+15,4.94672E+16
129017,129018,7,1,33,6,2016,6,11,5,2,6,4,0,0,0,1,1,0,0,0,4.17536E+20,5.52241E+21,7.85293E+15,4.98484E+16
129018,129019,7,1,37,68,2016,5,17,2,3,2,3,0,1,0,1,0,0,0,0,3.7629E+20,5.57707E+21,7.26174E+15,5.03327E+16
129019,129020,7,3,39,30,2016,6,15,4,3,5,3,0,0,1,1,0,0,0,0,4.3309E+20,5.53621E+21,8.06687E+15,4.99745E+16
129020,129021,7,1,33,6,2016,6,22,1,2,6,4,2,1,0,0,1,0,0,1,4.1799E+20,5.52107E+21,7.85953E+15,4.98364E+16
129021,129022,7,3,12,0,2016,6,16,5,3,5,3,0,0,0,1,0,0,0,0,4.09647E+20,5.47655E+21,7.75379E+15,4.94349E+16
129022,129023,7,1,11,0,2016,6,11,4,3,2,5,0,0,0,1,0,0,0,0,3.99749E+20,5.57871E+21,7.59082E+15,5.03519E+16
129023,129024,7,2,35,36,2016,6,19,5,2,8,1,0,0,1,0,0,0,0,0,3.48682E+20,5.50002E+21,6.9044E+15,4.96338E+16
129024,129025,7,1,33,6,2016,6,12,6,3,6,4,0,0,0,1,1,0,0,0,4.19277E+20,5.5211E+21,7.87742E+15,4.98369E+16
129025,129026,7,3,18,0,2016,6,17,2,3,2,6,0,0,0,1,0,0,0,0,4.59761E+20,5.46455E+21,8.44616E+15,4.93324E+16
129026,129027,7,2,11,0,2016,6,9,5,3,2,6,0,1,0,1,0,0,0,1,3.33745E+20,5.5188E+21,6.68971E+15,4.97986E+16
129027,129028,7,3,12,0,2016,6,12,6,3,6,4,0,0,0,1,1,0,0,0,4.07065E+20,5.47742E+21,7.71799E+15,4.94423E+16
129028,129029,7,3,19,0,2016,6,9,3,3,5,7,0,0,0,1,0,0,0,0,4.54269E+20,5.49747E+21,8.36677E+15,4.9628E+16
129029,129030,7,3,36,55,2016,6,19,4,3,0,1,0,1,1,0,0,0,0,0,3.84018E+20,5.48884E+21,7.39683E+15,4.95411E+16
129030,129031,7,1,37,3,2016,5,20,2,3,8,1,0,1,0,1,0,0,0,0,3.86097E+20,5.58889E+21,7.39591E+15,5.0441E+16
129031,129032,7,1,11,0,2016,6,13,4,2,1,5,0,1,1,1,0,0,0,0,3.98372E+20,5.57792E+21,7.57168E+15,5.03445E+16
129032,129033,7,3,19,0,2016,6,19,1,3,0,1,0,0,0,0,0,1,0,0,4.53867E+20,5.49875E+21,8.36105E+15,4.96395E+16
129033,129034,7,3,13,0,2016,6,11,6,3,6,2,0,0,0,1,1,0,0,0,4.35727E+20,5.45031E+21,8.11768E+15,4.92022E+16
129034,129035,7,3,12,0,2016,6,8,5,3,3,6,0,0,0,1,0,0,0,0,4.10617E+20,5.47783E+21,7.76689E+15,4.94465E+16
129035,129036,7,2,33,46,2016,6,13,5,2,0,7,0,0,1,0,0,0,0,0,3.51608E+20,5.5505E+21,6.92555E+15,5.00882E+16
129036,129037,7,3,17,0,2016,6,20,3,3,5,3,0,0,1,1,0,0,0,0,3.97839E+20,5.45034E+21,7.59769E+15,4.91974E+16
129037,129038,7,3,12,0,2016,6,22,4,3,8,1,2,1,0,1,0,0,0,0,4.10435E+20,5.47748E+21,7.76445E+15,4.94434E+16
129038,129039,7,3,32,2,2016,6,7,5,3,7,7,0,0,1,0,0,0,0,0,4.40186E+20,5.47934E+21,8.17453E+15,4.94638E+16
129039,129040,7,3,14,0,2016,6,6,2,3,5,3,0,0,1,1,0,0,0,0,4.56546E+20,5.47924E+21,8.4003E+15,4.94643E+16
129040,129041,7,1,11,0,2016,5,16,2,3,2,6,0,0,0,1,0,0,0,1,3.99909E+20,5.5789E+21,7.59301E+15,5.03536E+16
129041,129042,7,2,11,0,2016,6,19,1,3,5,3,0,1,0,1,0,0,0,0,3.29598E+20,5.51295E+21,6.63469E+15,4.97449E+16
129042,129043,7,3,35,38,2016,6,0,2,3,5,3,2,1,0,1,0,0,0,0,3.953E+20,5.47818E+21,7.55555E+15,4.94473E+16
129043,129044,7,1,11,0,2016,5,14,2,3,6,7,0,0,0,1,1,0,0,0,3.9987E+20,5.57896E+21,7.59245E+15,5.03542E+16
129044,129045,7,2,11,0,2016,6,12,1,2,8,1,0,0,1,0,0,0,0,0,3.29729E+20,5.51211E+21,6.63688E+15,4.97373E+16
129045,129046,7,3,34,7,2016,5,18,1,3,5,3,0,1,1,1,0,0,0,0,4.53881E+20,5.45285E+21,8.36658E+15,4.92267E+16
129046,129047,7,2,33,501,2016,6,12,3,2,0,7,0,1,0,0,0,1,0,0,3.4488E+20,5.56077E+21,6.82738E+15,5.01788E+16
129047,129048,7,3,36,15,2016,6,16,2,2,8,1,0,0,1,0,0,0,0,0,3.83448E+20,5.49329E+21,7.38764E+15,4.95809E+16
129048,129049,7,3,15,0,2016,6,17,1,3,5,7,0,0,1,1,0,0,0,0,4.42785E+20,5.53449E+21,8.20232E+15,4.996E+16
129049,129050,7,3,38,5,2016,6,16,6,2,0,7,0,0,0,0,0,1,0,0,4.4959E+20,5.46974E+21,8.30551E+15,4.93783E+16
129050,129051,7,3,12,0,2016,6,6,5,3,5,3,0,0,0,1,0,0,0,0,4.03264E+20,5.4771E+21,7.66566E+15,4.94389E+16
129051,129052,7,3,39,30,2016,6,8,2,3,2,6,0,0,0,1,0,0,0,0,4.31724E+20,5.53614E+21,8.04783E+15,4.99737E+16
129052,129053,7,3,12,0,2016,6,10,4,3,3,5,0,0,1,1,0,0,0,0,4.12109E+20,5.47804E+21,7.78742E+15,4.94486E+16
129053,129054,7,3,18,0,2016,6,17,3,3,5,3,0,0,1,1,0,0,0,0,4.58873E+20,5.46323E+21,8.43407E+15,4.93204E+16
129054,129055,7,3,32,2,2016,6,12,4,3,4,6,0,1,1,1,0,0,0,0,4.41688E+20,5.47987E+21,8.19519E+15,4.94687E+16
129055,129056,7,1,11,0,2016,6,18,5,3,5,3,0,0,0,1,0,1,0,0,3.97469E+20,5.58257E+21,7.55772E+15,5.03863E+16
129056,129057,7,3,14,0,2016,5,0,1,3,5,3,2,0,0,1,0,0,1,0,4.57137E+20,5.47938E+21,8.40844E+15,4.94656E+16
129057,129058,7,1,37,204,2016,6,18,1,3,5,2,0,0,1,1,0,0,0,0,4.0212E+20,5.5702E+21,7.62634E+15,5.02759E+16
129058,129059,7,1,37,69,2016,6,6,3,2,4,5,0,0,0,1,0,0,0,1,3.78345E+20,5.58259E+21,7.28882E+15,5.03828E+16
129059,129060,7,2,33,17,2016,6,12,1,3,0,7,0,0,0,0,0,1,0,0,3.37681E+20,5.55247E+21,6.73017E+15,5.01023E+16
129060,129061,7,3,14,0,2016,6,14,4,3,4,6,0,0,0,1,0,0,0,1,4.58262E+20,5.48219E+21,8.42367E+15,4.94909E+16
129061,129062,7,3,12,0,2016,6,23,7,3,5,3,2,0,0,1,0,0,0,0,4.122E+20,5.47826E+21,7.78862E+15,4.94506E+16
129062,129063,7,3,12,0,2016,6,10,3,3,5,3,0,0,1,1,0,0,0,0,4.11058E+20,5.47762E+21,7.77301E+15,4.94447E+16
129063,129064,7,3,38,5,2016,6,7,3,3,0,7,0,0,1,1,0,0,0,0,4.50117E+20,5.46771E+21,8.31303E+15,4.93601E+16
129064,129065,7,3,13,0,2016,6,7,5,3,8,1,0,0,0,1,0,0,0,0,4.33744E+20,5.44956E+21,8.09059E+15,4.91953E+16
129065,129066,7,3,16,0,2016,6,15,5,3,1,2,0,0,0,1,0,0,0,0,4.38422E+20,5.46772E+21,8.15199E+15,4.93591E+16
129066,129067,7,3,19,0,2016,6,22,1,3,5,3,2,0,0,1,0,0,0,0,4.53797E+20,5.49758E+21,8.36022E+15,4.9629E+16
129067,129068,7,1,38,45,2016,6,10,4,3,1,7,0,0,0,1,0,0,0,0,3.9033E+20,5.58718E+21,7.456E+15,5.04264E+16
129068,129069,7,3,11,0,2016,6,19,3,3,5,7,0,0,1,1,0,0,0,0,4.53951E+20,5.48606E+21,8.3637E+15,4.95255E+16
129069,129070,7,3,13,0,2016,6,18,4,2,0,1,0,1,1,0,0,0,0,0,4.35147E+20,5.45034E+21,8.10972E+15,4.92025E+16
129070,129071,7,3,33,31,2016,5,15,1,3,0,7,0,0,1,0,0,0,0,0,4.33242E+20,5.50437E+21,8.07447E+15,4.96882E+16
129071,129072,7,2,31,68,2016,6,19,1,3,6,5,0,0,0,1,1,0,0,0,3.60661E+20,5.53743E+21,7.05677E+15,4.99729E+16
129072,129073,7,3,13,0,2016,6,19,7,3,0,1,0,0,1,0,0,0,0,0,4.34198E+20,5.44957E+21,8.09682E+15,4.91954E+16
129073,129074,7,3,15,0,2016,6,12,7,3,2,2,0,0,0,1,0,1,0,0,4.47278E+20,5.539E+21,8.26432E+15,5.0001E+16
129074,129075,7,3,13,0,2016,6,16,4,3,0,1,0,1,1,0,0,0,0,0,4.36534E+20,5.45044E+21,8.12874E+15,4.92034E+16
129075,129076,7,3,11,0,2016,6,12,3,3,0,7,0,0,1,0,0,0,0,0,4.53185E+20,5.48605E+21,8.35312E+15,4.95253E+16
129076,129077,7,3,18,0,2016,6,7,4,3,5,3,0,0,1,1,0,0,0,0,4.58298E+20,5.4618E+21,8.42631E+15,4.93075E+16
129077,129078,7,2,33,501,2016,6,10,4,3,2,6,0,1,0,1,0,0,0,0,3.45295E+20,5.56246E+21,6.83251E+15,5.01941E+16
129078,129079,7,3,14,0,2016,6,10,7,3,2,6,0,1,0,1,0,0,0,0,4.59659E+20,5.48109E+21,8.44308E+15,4.94811E+16
129079,129080,7,3,11,0,2016,6,9,6,3,3,1,0,0,1,1,0,0,0,0,4.53075E+20,5.48741E+21,8.35144E+15,4.95375E+16
129080,129081,7,3,38,17,2016,6,17,4,3,0,7,0,0,1,0,0,0,0,0,4.55692E+20,5.47398E+21,8.3891E+15,4.94169E+16
129081,129082,7,2,32,208,2016,5,13,1,3,0,1,0,1,0,1,1,0,0,0,3.08819E+20,5.56931E+21,6.31855E+15,5.0245E+16
129082,129083,7,3,32,49,2016,6,10,4,3,4,6,0,0,0,1,0,1,0,0,4.389E+20,5.48494E+21,8.15592E+15,4.9514E+16
129083,129084,7,1,33,6,2016,6,17,7,3,5,2,0,1,0,1,0,0,0,0,4.17989E+20,5.52103E+21,7.85953E+15,4.98361E+16
129084,129085,7,3,39,21,2016,6,11,6,3,5,2,0,0,1,1,0,0,0,0,4.22803E+20,5.52854E+21,7.92496E+15,4.99043E+16
129085,129086,7,2,31,134,2016,6,8,3,3,6,4,0,0,0,1,1,0,0,0,3.48765E+20,5.53918E+21,6.8903E+15,4.99858E+16
129086,129087,7,3,38,13,2016,6,9,4,3,4,6,0,0,1,0,0,0,0,0,4.48805E+20,5.49037E+21,8.29204E+15,4.95638E+16
129087,129088,7,3,12,0,2016,6,19,6,3,2,6,0,1,0,1,0,1,0,0,4.11684E+20,5.47808E+21,7.78155E+15,4.94489E+16
129088,129089,7,1,11,0,2016,6,6,3,3,0,3,0,0,1,1,0,0,0,0,4.00091E+20,5.5787E+21,7.59562E+15,5.03519E+16
129089,129090,7,3,34,13,2016,6,9,7,3,5,3,0,0,1,1,0,0,0,0,4.41631E+20,5.43601E+21,8.2008E+15,4.90742E+16
129090,129091,7,2,11,0,2016,5,10,1,3,2,6,0,0,0,1,0,0,0,0,3.28756E+20,5.51402E+21,6.62254E+15,4.97543E+16
129091,129092,7,3,34,9,2016,6,14,3,3,1,5,0,1,0,1,0,0,0,0,4.44338E+20,5.44005E+21,8.2373E+15,4.91108E+16
129092,129093,7,3,38,12,2016,6,7,2,3,2,6,0,0,0,1,0,0,0,0,4.50108E+20,5.48982E+21,8.31012E+15,4.95589E+16
129093,129094,7,3,15,0,2016,6,13,7,3,5,3,0,1,1,1,0,0,0,0,4.46069E+20,5.53668E+21,8.24778E+15,4.998E+16
129094,129095,7,3,19,0,2016,6,17,6,3,1,7,0,0,0,1,0,1,0,0,4.54092E+20,5.4977E+21,8.36429E+15,4.96301E+16
129095,129096,7,3,34,501,2016,6,11,5,2,2,2,0,0,1,0,0,1,0,0,4.45979E+20,5.43326E+21,8.26069E+15,4.90499E+16
129096,129097,7,1,31,70,2016,6,21,5,3,9,1,0,0,1,1,0,0,0,0,3.74894E+20,5.60441E+21,7.233E+15,5.05782E+16
129097,129098,7,2,11,0,2016,6,17,3,3,5,2,0,0,1,1,0,0,0,0,3.30261E+20,5.513E+21,6.64387E+15,4.97455E+16
129098,129099,7,3,14,0,2016,6,8,5,3,6,7,0,0,0,1,1,0,0,0,4.55678E+20,5.48181E+21,8.38804E+15,4.94874E+16
129099,129100,7,1,43,308,2016,6,7,3,3,0,2,0,0,0,1,0,0,0,0,4.27425E+20,5.6012E+21,7.9754E+15,5.05582E+16
129100,129101,7,1,33,36,2016,6,18,4,2,5,3,0,1,0,1,0,1,0,0,4.13404E+20,5.52604E+21,7.79466E+15,4.98804E+16
129101,129102,7,1,43,292,2016,6,18,6,3,4,6,0,1,0,1,0,0,0,0,4.32641E+20,5.60318E+21,8.04867E+15,5.05766E+16
129102,129103,7,3,14,0,2016,6,13,2,3,0,6,0,0,0,1,0,1,0,0,4.54387E+20,5.4834E+21,8.37004E+15,4.95015E+16
129103,129104,7,3,40,54,2016,5,15,7,2,0,1,0,0,1,0,0,0,0,0,4.019E+20,5.4598E+21,7.6511E+15,4.92831E+16
129104,129105,7,3,37,26,2016,6,10,7,3,0,3,0,0,0,1,0,0,0,1,4.31233E+20,5.45371E+21,8.05542E+15,4.92323E+16
129105,129106,7,3,36,92,2016,5,22,7,3,0,1,2,0,0,0,0,1,0,0,3.82199E+20,5.47392E+21,7.37614E+15,4.94066E+16
129106,129107,7,3,14,0,2016,6,15,2,3,6,6,0,0,0,0,1,0,0,1,4.59972E+20,5.4814E+21,8.44736E+15,4.94839E+16
129107,129108,7,3,15,0,2016,6,11,7,3,1,6,0,1,0,1,0,0,0,0,4.4737E+20,5.53896E+21,8.26562E+15,5.00006E+16
129108,129109,7,2,32,18,2016,6,12,6,3,6,4,0,0,0,1,1,0,0,0,3.22418E+20,5.53844E+21,6.52343E+15,4.99719E+16
129109,129110,7,3,14,0,2016,6,8,5,3,1,7,0,0,0,1,0,0,0,0,4.5681E+20,5.48195E+21,8.40365E+15,4.94887E+16
129110,129111,7,1,41,29,2016,6,10,2,3,5,3,0,0,1,1,0,0,0,0,4.30246E+20,5.58E+21,8.01918E+15,5.03679E+16
129111,129112,7,3,11,0,2016,6,7,4,3,0,1,0,1,1,0,0,0,0,0,4.53618E+20,5.4871E+21,8.35898E+15,4.95348E+16
129112,129113,7,1,43,202,2016,6,10,3,3,6,5,0,0,0,1,1,0,0,0,4.20058E+20,5.60957E+21,7.86962E+15,5.06325E+16
129113,129114,7,2,31,134,2016,6,7,4,3,0,1,0,0,1,0,0,0,0,0,3.48502E+20,5.53904E+21,6.88669E+15,4.99845E+16
129114,129115,7,3,12,0,2016,5,0,7,2,5,3,2,0,0,1,0,0,0,0,4.09944E+20,5.47703E+21,7.75779E+15,4.94392E+16
129115,129116,7,2,33,41,2016,6,18,7,3,5,3,0,0,1,1,0,0,0,0,3.30184E+20,5.57673E+21,6.61458E+15,5.03182E+16
129116,129117,7,2,11,0,2016,6,15,4,3,4,2,0,0,0,1,0,0,0,0,3.29597E+20,5.51294E+21,6.63468E+15,4.97448E+16
129117,129118,7,3,33,39,2016,6,12,5,3,5,3,0,1,0,1,0,0,0,0,4.29022E+20,5.50168E+21,8.01646E+15,4.96634E+16
129118,129119,7,3,13,0,2016,5,14,7,3,5,7,0,0,1,1,0,0,0,0,4.34873E+20,5.44955E+21,8.10609E+15,4.91953E+16
129119,129120,7,3,13,0,2016,6,1,7,3,0,6,2,0,1,0,0,0,0,0,4.33782E+20,5.44963E+21,8.09109E+15,4.91959E+16
129120,129121,7,2,11,0,2016,6,9,7,3,5,1,0,0,1,1,0,0,0,0,3.30034E+20,5.51274E+21,6.64083E+15,4.97431E+16
129121,129122,7,1,38,45,2016,6,13,1,3,0,1,0,0,1,0,0,0,0,1,3.93599E+20,5.5894E+21,7.50137E+15,5.0447E+16
129122,129123,7,1,11,0,2016,6,14,4,3,0,1,0,0,1,0,0,0,0,0,3.99904E+20,5.57988E+21,7.59268E+15,5.03625E+16
129123,129124,7,1,38,37,2016,6,19,3,3,0,1,0,0,1,0,0,0,0,0,3.78503E+20,5.60109E+21,7.28505E+15,5.05491E+16
129124,129125,7,2,11,0,2016,6,15,4,2,0,1,0,1,0,0,0,1,0,0,3.29733E+20,5.51379E+21,6.6362E+15,4.97525E+16
129125,129126,7,3,11,0,2016,5,0,7,3,0,1,2,0,1,0,0,0,0,0,4.52815E+20,5.48892E+21,8.34766E+15,4.9551E+16
129126,129127,7,3,17,0,2016,6,8,4,3,6,7,0,0,0,1,1,0,0,0,3.98442E+20,5.44955E+21,7.60617E+15,4.91903E+16
129127,129128,7,2,11,0,2016,6,8,7,3,1,6,0,0,0,1,0,1,0,0,3.29014E+20,5.51461E+21,6.62587E+15,4.97596E+16
129128,129129,7,2,11,0,2016,6,12,7,3,0,5,0,0,1,1,0,0,0,0,3.29711E+20,5.51395E+21,6.63582E+15,4.97539E+16
129129,129130,7,1,43,229,2016,6,11,4,3,0,1,0,1,0,0,0,1,0,0,4.16113E+20,5.61273E+21,7.81314E+15,5.06604E+16
129130,129131,7,1,38,80,2016,6,18,7,3,7,1,0,1,0,1,0,0,0,0,3.86368E+20,5.61593E+21,7.39147E+15,5.06841E+16
129131,129132,7,1,33,6,2016,6,19,4,3,6,4,0,0,0,1,1,0,0,0,4.18302E+20,5.52197E+21,7.86368E+15,4.98446E+16
129132,129133,7,3,18,0,2016,6,17,7,3,2,6,0,1,0,1,0,0,0,0,4.59122E+20,5.46357E+21,8.43746E+15,4.93234E+16
129133,129134,7,3,34,501,2016,6,16,3,3,9,7,0,0,0,1,0,0,0,0,4.45425E+20,5.43345E+21,8.25308E+15,4.90515E+16
129134,129135,7,1,38,45,2016,6,19,3,2,0,1,0,0,0,0,0,1,0,0,3.97245E+20,5.5897E+21,7.55263E+15,5.04503E+16
129135,129136,7,3,14,0,2016,6,14,5,3,1,6,0,0,0,1,0,1,0,0,4.58201E+20,5.48275E+21,8.42277E+15,4.9496E+16
129136,129137,7,1,37,212,2016,6,8,4,3,5,3,0,0,0,0,0,1,1,0,3.92702E+20,5.57835E+21,7.4919E+15,5.03474E+16
129137,129138,7,3,19,0,2016,5,15,7,3,2,2,0,0,0,1,0,0,0,0,4.53598E+20,5.49641E+21,8.3576E+15,4.96185E+16
129138,129139,7,3,38,19,2016,6,15,4,3,5,3,0,1,1,1,0,0,0,0,4.53636E+20,5.47673E+21,8.36044E+15,4.94414E+16
129139,129140,7,1,38,45,2016,6,10,7,3,0,1,0,0,1,0,0,0,0,0,3.91811E+20,5.5872E+21,7.47683E+15,5.04269E+16
129140,129141,7,2,35,68,2016,6,15,6,3,2,2,0,0,0,1,0,0,0,0,3.25461E+20,5.50847E+21,6.57933E+15,4.97034E+16
129141,129142,7,3,14,0,2016,6,16,5,3,5,3,0,0,1,1,0,0,0,0,4.60546E+20,5.48075E+21,8.45535E+15,4.94781E+16
129142,129143,7,1,31,77,2016,6,18,3,3,5,7,0,0,1,1,0,0,0,0,3.77125E+20,5.60121E+21,7.26556E+15,5.05499E+16
129143,129144,7,1,11,0,2016,6,13,4,3,5,3,0,1,1,1,0,0,0,0,4.00138E+20,5.57887E+21,7.59625E+15,5.03534E+16
129144,129145,7,3,14,0,2016,6,19,6,3,0,1,0,0,1,0,0,0,0,0,4.60019E+20,5.48058E+21,8.44809E+15,4.94765E+16
129145,129146,7,3,34,28,2016,6,7,2,2,1,5,0,0,1,1,0,0,0,0,4.51118E+20,5.45758E+21,8.32807E+15,4.9269E+16
129146,129147,7,3,35,3,2016,5,11,6,3,5,3,0,0,0,1,0,1,0,0,3.86926E+20,5.47157E+21,7.44194E+15,4.93863E+16
129147,129148,7,3,11,0,2016,6,11,7,3,1,4,0,0,0,1,1,1,0,0,4.52815E+20,5.48763E+21,8.34782E+15,4.95394E+16
129148,129149,7,1,11,0,2016,6,0,7,3,4,1,2,1,0,1,0,0,0,0,4.00653E+20,5.5799E+21,7.60321E+15,5.03628E+16
129149,129150,7,3,14,0,2016,6,17,3,3,5,3,0,0,1,1,0,0,0,0,4.55127E+20,5.47803E+21,8.38086E+15,4.94533E+16
129150,129151,7,3,20,0,2016,5,20,3,3,5,3,0,0,0,1,0,0,0,0,3.80894E+20,5.45621E+21,7.36345E+15,4.9247E+16
129151,129152,7,1,37,68,2016,6,9,4,3,5,3,0,0,0,1,0,0,0,0,3.72777E+20,5.5768E+21,7.2125E+15,5.03295E+16
129152,129153,7,1,37,3,2016,6,17,7,2,0,7,0,1,1,0,0,0,0,0,3.86436E+20,5.58817E+21,7.4009E+15,5.04345E+16
129153,129154,7,2,11,0,2016,6,17,6,2,0,1,0,0,1,0,0,0,0,0,3.29591E+20,5.51088E+21,6.6355E+15,4.97262E+16
129154,129155,7,3,15,0,2016,6,11,5,3,3,6,0,0,0,1,0,0,0,1,4.47622E+20,5.53777E+21,8.2693E+15,4.999E+16
129155,129156,7,3,19,0,2016,6,9,5,2,3,6,0,0,1,1,0,0,0,0,4.48548E+20,5.4982E+21,8.28746E+15,4.96342E+16
129156,129157,7,3,17,0,2016,6,15,2,2,5,3,0,0,0,1,0,1,0,0,3.98498E+20,5.45105E+21,7.60655E+15,4.92039E+16
129157,129158,7,3,12,0,2016,5,16,3,2,6,4,0,0,0,1,1,0,0,0,4.10142E+20,5.47733E+21,7.76045E+15,4.9442E+16
129158,129159,7,1,11,0,2016,6,19,6,3,5,2,0,1,0,1,0,0,0,0,3.99937E+20,5.57978E+21,7.59317E+15,5.03616E+16
129159,129160,7,3,14,0,2016,6,15,2,3,5,3,0,0,1,1,0,0,0,0,4.57518E+20,5.48379E+21,8.41323E+15,4.95052E+16
129160,129161,7,3,12,0,2016,5,13,6,3,3,2,0,0,0,1,0,0,0,1,4.06813E+20,5.47737E+21,7.71453E+15,4.94418E+16
129161,129162,7,3,14,0,2016,6,15,7,3,1,5,0,0,1,1,0,0,0,0,4.56684E+20,5.48554E+21,8.40152E+15,4.9521E+16
129162,129163,7,3,19,0,2016,6,20,2,2,5,3,0,0,0,1,0,1,0,0,4.5342E+20,5.49802E+21,8.35495E+15,4.9633E+16
129163,129164,7,1,11,0,2016,6,13,7,3,0,1,0,1,1,0,0,0,0,0,3.99976E+20,5.57984E+21,7.59371E+15,5.03622E+16
129164,129165,7,2,35,125,2016,6,17,5,3,5,3,0,0,0,1,0,0,0,0,3.38213E+20,5.52191E+21,6.75045E+15,4.98277E+16
129165,129166,7,3,38,17,2016,6,18,1,3,6,4,0,0,0,1,1,0,0,0,4.55668E+20,5.47438E+21,8.38874E+15,4.94205E+16
129166,129167,7,3,34,7,2016,5,18,6,3,2,7,0,0,1,1,0,0,0,0,4.53243E+20,5.44885E+21,8.35829E+15,4.91907E+16
129167,129168,7,3,14,0,2016,6,8,3,2,5,3,0,0,1,1,0,0,0,0,4.59399E+20,5.48095E+21,8.4395E+15,4.94798E+16
129168,129169,7,3,39,30,2016,6,14,2,3,2,6,0,0,0,1,0,0,0,0,4.30072E+20,5.53593E+21,8.02483E+15,4.99716E+16
129169,129170,7,3,12,0,2016,6,17,6,3,0,1,0,1,0,0,0,1,0,0,4.10309E+20,5.47717E+21,7.76279E+15,4.94406E+16
129170,129171,7,2,11,0,2016,6,15,6,3,1,6,0,0,0,1,0,0,0,0,3.30792E+20,5.51332E+21,6.65109E+15,4.97486E+16
129171,129172,7,1,41,97,2016,6,23,5,2,9,1,2,0,0,0,0,1,0,0,4.15229E+20,5.55736E+21,7.81313E+15,5.01624E+16
129172,129173,7,1,40,501,2016,6,16,5,3,0,1,0,0,1,0,0,0,0,0,3.98511E+20,5.56561E+21,7.57694E+15,5.02339E+16
129173,129174,7,3,12,0,2016,6,8,2,3,3,5,0,0,0,1,0,0,0,1,4.10106E+20,5.47675E+21,7.76008E+15,4.94368E+16
129174,129175,7,3,12,0,2016,5,10,3,3,6,4,0,1,0,1,1,0,0,0,4.11043E+20,5.47757E+21,7.77282E+15,4.94443E+16
129175,129176,7,1,31,7,2016,6,15,5,2,5,3,0,0,0,1,0,1,0,0,3.68878E+20,5.6008E+21,7.14936E+15,5.05445E+16
129176,129177,7,3,13,0,2016,5,13,6,3,4,2,0,0,0,1,0,0,0,0,4.35172E+20,5.45016E+21,8.11009E+15,4.92008E+16
129177,129178,7,3,14,0,2016,6,15,7,3,2,7,0,0,0,1,0,0,0,0,4.58092E+20,5.48166E+21,8.42139E+15,4.94861E+16
129178,129179,7,3,13,0,2016,6,23,6,3,5,3,2,1,0,1,0,1,0,0,4.37966E+20,5.4496E+21,8.14852E+15,4.91961E+16
129179,129180,7,3,12,0,2016,6,17,7,2,2,6,0,1,0,1,0,0,0,0,4.1033E+20,5.47739E+21,7.76303E+15,4.94426E+16
129180,129181,7,3,12,0,2016,6,19,3,3,5,3,0,0,0,1,0,0,0,0,4.09825E+20,5.48038E+21,7.75537E+15,4.94694E+16
129181,129182,7,3,34,7,2016,6,18,2,3,5,2,0,0,0,1,0,1,0,0,4.54202E+20,5.45288E+21,8.37099E+15,4.9227E+16
129182,129183,7,3,12,0,2016,6,13,5,3,5,3,0,0,0,1,0,0,0,1,4.08528E+20,5.47676E+21,7.73833E+15,4.94366E+16