FID,OBJECTID,ULAND,UREGBEZ,UKREIS,UGEMEINDE,UJAHR,UMONAT,USTUNDE,UWOCHENTAG,UKATEGORIE,UART,UTYP1,ULICHTVERH,IstStrasse,IstRad,IstPKW,IstFuss,IstKrad,IstGkfz,IstSonstig,LINREFX,LINREFY,XGCSWGS84,YGCSWGS84
129183,129184,7,3,38,25,2016,5,11,3,3,0,1,0,0,1,0,0,0,0,0,4.55752E+20,5.47047E+21,8.39032E+15,4.93853E+16
129184,129185,7,3,18,0,2016,5,12,6,3,4,2,0,0,0,1,1,0,0,0,4.58671E+20,5.46252E+21,8.43137E+15,4.9314E+16
129185,129186,7,1,43,24,2016,6,12,4,3,8,7,0,0,1,0,0,0,0,1,4.21323E+20,5.58884E+21,7.89188E+15,5.04463E+16
129186,129187,7,3,38,25,2016,6,7,2,3,6,4,0,0,0,1,1,0,0,0,4.54299E+20,5.47046E+21,8.3703E+15,4.93851E+16
129187,129188,7,3,11,0,2016,5,17,3,3,6,7,0,0,0,1,1,0,0,0,4.56682E+20,5.48584E+21,8.40146E+15,4.95236E+16
129188,129189,7,3,19,0,2016,5,18,6,3,6,4,0,0,0,1,1,0,0,0,4.54122E+20,5.49754E+21,8.36472E+15,4.96287E+16
129189,129190,7,3,14,0,2016,6,12,7,3,3,6,0,0,1,1,0,0,0,0,4.57307E+20,5.4773E+21,8.41101E+15,4.94469E+16
129190,129191,7,3,38,25,2016,6,8,6,3,0,1,0,0,1,0,0,0,0,0,4.54305E+20,5.47067E+21,8.37036E+15,4.9387E+16
129191,129192,7,3,14,0,2016,6,16,6,2,4,1,0,0,0,1,0,0,0,0,4.57956E+20,5.47682E+21,8.42001E+15,4.94426E+16
129192,129193,7,3,15,0,2016,6,15,4,3,9,1,0,0,0,0,0,0,1,0,4.46266E+20,5.5343E+21,8.25087E+15,4.99586E+16
129193,129194,7,3,15,0,2016,6,22,7,3,6,7,2,1,0,0,1,1,0,0,4.44396E+20,5.54134E+21,8.22378E+15,5.00217E+16
129194,129195,7,3,11,0,2016,6,16,3,3,0,3,0,0,1,0,0,0,0,0,4.53706E+20,5.48712E+21,8.36019E+15,4.95349E+16
129195,129196,7,3,14,0,2016,5,22,3,3,1,1,2,0,1,1,0,0,0,0,4.59012E+20,5.47971E+21,8.43428E+15,4.94687E+16
129196,129197,7,3,19,0,2016,5,14,6,3,1,3,0,0,0,1,0,1,0,0,4.53869E+20,5.49898E+21,8.36106E+15,4.96416E+16
129197,129198,7,3,15,0,2016,6,7,4,3,5,2,0,1,1,0,0,0,0,0,4.49255E+20,5.53626E+21,8.29228E+15,4.99765E+16
129198,129199,7,3,39,5,2016,6,13,6,3,5,2,0,1,1,0,0,0,0,1,4.21178E+20,5.53389E+21,7.90124E+15,4.99521E+16
129199,129200,7,1,43,206,2016,6,15,6,3,8,1,0,0,0,1,0,0,0,0,4.24224E+20,5.61108E+21,7.92821E+15,5.06466E+16
129200,129201,7,1,38,73,2016,6,12,5,3,6,6,0,0,0,1,1,0,0,0,3.74417E+20,5.60583E+21,7.2258E+15,5.05908E+16
129201,129202,7,3,12,0,2016,6,9,4,3,6,4,0,1,0,1,1,0,0,0,4.09452E+20,5.4774E+21,7.75091E+15,4.94425E+16
129202,129203,7,1,34,45,2016,6,7,6,3,1,5,0,1,0,1,0,0,0,0,3.79558E+20,5.50927E+21,7.32893E+15,4.97239E+16
129203,129204,7,1,38,77,2016,6,22,6,3,1,1,2,0,0,1,0,0,0,1,3.8141E+20,5.61093E+21,7.32291E+15,5.06382E+16
129204,129205,7,3,15,0,2016,6,16,2,3,2,6,0,1,0,1,0,1,0,0,4.47162E+20,5.53891E+21,8.26272E+15,5.00002E+16
129205,129206,7,1,33,6,2016,5,16,3,3,2,6,0,0,0,1,0,0,0,0,4.16567E+20,5.52244E+21,7.83945E+15,4.98486E+16
129206,129207,7,3,12,0,2016,6,5,6,3,5,3,0,0,0,1,0,0,0,0,4.09942E+20,5.47703E+21,7.75776E+15,4.94392E+16
129207,129208,7,1,31,7,2016,6,11,3,3,8,1,0,0,1,1,0,0,0,0,3.65372E+20,5.60103E+21,7.09982E+15,5.05457E+16
129208,129209,7,2,11,0,2016,5,20,6,3,0,7,0,0,1,1,0,0,0,0,3.30343E+20,5.51455E+21,6.64433E+15,4.97595E+16
129209,129210,7,3,16,0,2016,6,10,3,3,1,5,0,0,0,1,0,0,0,0,4.38193E+20,5.46709E+21,8.14893E+15,4.93534E+16
129210,129211,7,2,35,111,2016,6,17,6,3,4,2,0,0,0,1,0,0,0,1,3.19456E+20,5.52104E+21,6.4903E+15,4.98146E+16
129211,129212,7,1,38,80,2016,6,16,6,3,5,5,0,0,1,1,0,0,0,0,3.85673E+20,5.61874E+21,7.38076E+15,5.07092E+16
129212,129213,7,3,36,58,2016,6,8,4,3,6,7,0,1,0,1,1,0,0,0,3.98224E+20,5.50082E+21,7.59002E+15,4.96514E+16
129213,129214,7,1,38,45,2016,6,10,5,3,2,2,0,0,0,1,0,0,0,1,3.91716E+20,5.58649E+21,7.47571E+15,5.04205E+16
129214,129215,7,2,33,501,2016,6,9,2,3,6,4,0,0,0,1,1,0,0,0,3.44952E+20,5.5628E+21,6.82757E+15,5.01971E+16
129215,129216,7,1,33,6,2016,5,10,3,3,5,3,0,0,0,1,0,0,0,0,4.18032E+20,5.52038E+21,7.86027E+15,4.98302E+16
129216,129217,7,3,34,22,2016,6,13,5,3,6,7,0,0,0,1,1,0,0,0,4.50157E+20,5.44074E+21,8.31695E+15,4.91175E+16
129217,129218,7,3,39,43,2016,6,14,2,2,5,1,0,0,1,0,0,0,0,0,4.5126E+20,5.524E+21,8.32179E+15,4.98665E+16
129218,129219,7,2,11,0,2016,5,20,6,3,8,1,1,1,0,1,0,1,0,0,3.29209E+20,5.51245E+21,6.62952E+15,4.97403E+16
129219,129220,7,1,33,6,2016,6,19,7,3,5,3,0,0,1,1,0,0,0,0,4.20356E+20,5.52311E+21,7.892E+15,4.98551E+16
129220,129221,7,2,32,296,2016,6,7,2,3,2,6,0,0,0,1,0,0,0,0,3.15684E+20,5.5643E+21,6.41716E+15,5.02022E+16
129221,129222,7,1,34,45,2016,5,18,3,2,5,3,0,0,1,0,0,0,0,1,3.78236E+20,5.50755E+21,7.31113E+15,4.97082E+16
129222,129223,7,2,11,0,2016,6,15,6,3,0,1,0,0,1,0,0,0,0,0,3.30857E+20,5.51479E+21,6.65136E+15,4.97618E+16
129223,129224,7,3,38,18,2016,6,17,2,2,6,2,0,0,0,1,1,0,0,0,4.48367E+20,5.48077E+21,8.28724E+15,4.94774E+16
129224,129225,7,2,11,0,2016,5,13,6,3,2,6,0,0,0,1,0,0,0,0,3.2892E+20,5.51376E+21,6.62493E+15,4.9752E+16
129225,129226,7,1,33,6,2016,6,3,7,3,8,1,2,0,1,0,0,0,0,0,4.19059E+20,5.52151E+21,7.8743E+15,4.98406E+16
129226,129227,7,2,11,0,2016,5,9,6,3,6,4,0,0,0,1,1,0,0,0,3.31195E+20,5.51469E+21,6.65609E+15,4.97609E+16
129227,129228,7,2,11,0,2016,6,14,2,3,1,2,0,0,0,1,0,0,0,0,3.30378E+20,5.5146E+21,6.64479E+15,4.97599E+16
129228,129229,7,1,38,45,2016,6,6,6,3,2,6,0,1,0,1,0,0,0,1,3.9107E+20,5.58855E+21,7.46602E+15,5.04389E+16
129229,129230,7,1,38,45,2016,6,12,6,3,6,6,0,1,1,0,1,0,0,0,3.90466E+20,5.58772E+21,7.45775E+15,5.04313E+16
129230,129231,7,3,16,0,2016,6,20,4,2,3,2,1,1,1,0,0,1,0,0,4.38844E+20,5.46658E+21,8.15798E+15,4.93489E+16
129231,129232,7,2,11,0,2016,6,11,2,3,5,3,0,0,0,1,0,0,0,0,3.2857E+20,5.51254E+21,6.62061E+15,4.97409E+16
129232,129233,7,3,38,17,2016,6,20,4,3,7,1,0,0,1,0,0,0,0,0,4.55955E+20,5.47463E+21,8.39266E+15,4.94227E+16
129233,129234,7,2,35,74,2016,6,16,2,3,4,6,0,0,0,1,0,0,0,0,3.46027E+20,5.52189E+21,6.85903E+15,4.98297E+16
129234,129235,7,1,38,45,2016,5,15,3,3,8,1,0,1,0,1,0,0,0,0,3.9008E+20,5.58833E+21,7.45214E+15,5.04367E+16
129235,129236,7,1,38,45,2016,5,17,6,3,2,2,0,1,0,1,0,0,0,0,3.92331E+20,5.58813E+21,7.48388E+15,5.04353E+16
129236,129237,7,1,32,501,2016,6,16,7,3,5,2,0,0,1,1,0,0,0,0,4.03098E+20,5.61519E+21,7.62841E+15,5.06804E+16
129237,129238,7,1,31,70,2016,6,18,6,3,1,5,0,0,1,1,0,0,0,0,3.75951E+20,5.60357E+21,7.24822E+15,5.05708E+16
129238,129239,7,3,14,0,2016,6,0,4,3,9,6,2,0,0,0,0,1,0,0,4.56671E+20,5.47879E+21,8.40207E+15,4.94602E+16
129239,129240,7,3,37,40,2016,6,14,7,3,4,2,0,0,1,1,0,0,0,0,4.31284E+20,5.44396E+21,8.05778E+15,4.91446E+16
129240,129241,7,1,37,3,2016,6,21,6,2,2,6,2,1,0,1,0,0,0,0,3.85941E+20,5.58723E+21,7.39422E+15,5.0426E+16
129241,129242,7,3,13,0,2016,6,14,4,3,6,4,0,0,0,1,1,0,0,0,4.35844E+20,5.44988E+21,8.11936E+15,4.91984E+16
129242,129243,7,3,39,49,2016,6,19,1,3,5,2,0,0,0,1,0,0,0,0,4.54501E+20,5.52239E+21,8.36707E+15,4.98522E+16
129243,129244,7,1,41,75,2016,6,16,4,2,0,1,0,0,1,0,0,0,0,0,4.00831E+20,5.5726E+21,7.60762E+15,5.02972E+16
129244,129245,7,2,11,0,2016,6,18,2,3,5,3,0,1,1,1,0,0,0,0,3.29656E+20,5.51446E+21,6.63484E+15,4.97585E+16
129245,129246,7,3,20,0,2016,5,13,2,3,6,2,0,1,0,1,1,0,0,0,3.80801E+20,5.45656E+21,7.36207E+15,4.92502E+16
129246,129247,7,1,38,45,2016,5,15,6,3,6,5,0,0,0,1,1,0,0,0,3.91986E+20,5.58725E+21,7.47928E+15,5.04273E+16
129247,129248,7,1,11,0,2016,6,23,5,3,6,4,2,0,0,1,1,0,0,0,4.00506E+20,5.57978E+21,7.60117E+15,5.03617E+16
129248,129249,7,1,37,203,2016,6,16,6,2,0,1,0,1,0,0,0,1,0,0,3.98278E+20,5.5868E+21,7.56796E+15,5.04244E+16
129249,129250,7,3,15,0,2016,6,12,7,3,5,2,0,0,1,1,0,0,0,0,4.46802E+20,5.53775E+21,8.25787E+15,4.99897E+16
129250,129251,7,3,12,0,2016,5,14,2,3,0,1,0,1,0,1,0,0,0,0,4.09859E+20,5.47738E+21,7.75653E+15,4.94424E+16
129251,129252,7,1,11,0,2016,6,14,7,3,6,7,0,0,0,1,1,0,0,0,4.00291E+20,5.57979E+21,7.59815E+15,5.03617E+16
129252,129253,7,3,14,0,2016,6,17,3,3,5,3,0,0,1,1,0,0,0,0,4.57385E+20,5.47719E+21,8.4121E+15,4.94459E+16
129253,129254,7,3,32,24,2016,5,13,2,2,2,6,0,1,0,1,0,0,1,0,4.39345E+20,5.48873E+21,8.16149E+15,4.95481E+16
129254,129255,7,3,16,0,2016,6,6,3,3,5,3,0,0,0,1,0,1,0,0,4.42451E+20,5.46509E+21,8.20784E+15,4.93358E+16
129255,129256,7,2,11,0,2016,6,9,2,3,2,6,0,0,0,1,0,1,0,0,3.29585E+20,5.51504E+21,6.6336E+15,4.97637E+16
129256,129257,7,3,13,0,2016,6,7,5,3,5,3,0,0,0,1,0,0,0,0,4.35085E+20,5.45121E+21,8.10873E+15,4.92102E+16
129257,129258,7,3,34,7,2016,5,15,2,3,4,6,0,0,0,1,0,0,0,1,4.5427E+20,5.45227E+21,8.37199E+15,4.92215E+16
129258,129259,7,1,37,221,2016,5,15,6,2,8,6,0,0,0,1,0,0,0,0,4.01019E+20,5.5714E+21,7.61058E+15,5.02864E+16
129259,129260,7,3,38,17,2016,6,16,4,3,4,6,0,0,1,1,0,0,0,0,4.55616E+20,5.47453E+21,8.388E+15,4.94218E+16
129260,129261,7,1,11,0,2016,6,17,6,3,4,6,0,0,1,1,0,0,0,0,4.01282E+20,5.57957E+21,7.61214E+15,5.03599E+16
129261,129262,7,1,38,45,2016,6,7,6,3,5,3,0,0,1,1,0,0,0,0,3.92155E+20,5.5887E+21,7.48124E+15,5.04404E+16
129262,129263,7,2,11,0,2016,6,8,2,3,0,1,0,0,1,0,0,0,0,0,3.31018E+20,5.51424E+21,6.65383E+15,4.97569E+16
129263,129264,7,3,38,25,2016,6,12,6,3,1,7,0,1,0,1,0,0,0,0,4.54561E+20,5.47063E+21,8.3739E+15,4.93867E+16
129264,129265,7,1,11,0,2016,6,22,3,3,6,6,1,1,0,1,1,0,0,0,4.00321E+20,5.57951E+21,7.59865E+15,5.03592E+16
129265,129266,7,3,40,14,2016,6,20,6,3,0,1,0,0,0,0,0,1,0,0,4.15083E+20,5.45016E+21,7.83437E+15,4.91984E+16
129266,129267,7,3,40,4,2016,5,10,5,2,1,5,0,0,0,1,0,1,0,0,4.09018E+20,5.44674E+21,7.75192E+15,4.91667E+16
129267,129268,7,3,14,0,2016,6,8,3,3,6,4,0,0,1,0,1,0,0,0,4.53967E+20,5.48198E+21,8.36439E+15,4.94887E+16
129268,129269,7,1,33,6,2016,7,12,4,3,5,2,0,0,1,1,0,0,0,0,4.16739E+20,5.52156E+21,7.84203E+15,4.98407E+16
129269,129270,7,1,43,48,2016,7,18,3,3,5,3,0,0,1,1,0,0,0,0,4.15547E+20,5.58776E+21,7.81079E+15,5.04358E+16
129270,129271,7,3,19,0,2016,7,16,6,3,6,7,0,0,0,1,1,0,0,0,4.54374E+20,5.49719E+21,8.36825E+15,4.96255E+16
129271,129272,7,3,14,0,2016,7,5,5,3,0,6,1,0,1,1,0,0,0,0,4.55812E+20,5.48262E+21,8.3898E+15,4.94946E+16
129272,129273,7,2,11,0,2016,7,15,4,3,4,2,0,0,1,0,0,0,0,1,3.31037E+20,5.51425E+21,6.65409E+15,4.9757E+16
129273,129274,7,1,43,48,2016,7,17,6,3,2,2,0,0,0,1,0,1,0,0,4.16909E+20,5.58735E+21,7.83005E+15,5.04323E+16
129274,129275,7,3,32,24,2016,7,8,3,3,1,7,0,0,0,1,0,0,0,0,4.40287E+20,5.49043E+21,8.17425E+15,4.95635E+16
129275,129276,7,1,37,68,2016,7,9,2,3,3,2,0,0,0,1,0,0,0,0,3.74302E+20,5.57661E+21,7.23399E+15,5.03282E+16
129276,129277,7,1,38,45,2016,6,18,5,3,1,6,0,0,0,1,1,0,0,0,3.92022E+20,5.58796E+21,7.47959E+15,5.04337E+16
129277,129278,7,3,12,0,2016,7,17,3,3,5,3,0,0,0,1,0,0,0,0,4.08828E+20,5.47755E+21,7.74227E+15,4.94438E+16
129278,129279,7,3,17,0,2016,7,13,7,3,4,6,0,0,1,1,0,0,0,0,3.97866E+20,5.45044E+21,7.59803E+15,4.91982E+16
129279,129280,7,3,15,0,2016,6,11,2,3,1,5,0,0,0,1,0,1,0,0,4.46852E+20,5.53416E+21,8.25906E+15,4.99575E+16
129280,129281,7,3,15,0,2016,7,21,6,3,0,1,2,0,1,0,0,0,0,0,4.47631E+20,5.53387E+21,8.26995E+15,4.99549E+16
129281,129282,7,3,15,0,2016,7,13,7,2,0,1,0,0,1,0,0,0,0,0,4.47547E+20,5.53857E+21,8.26814E+15,4.99972E+16
129282,129283,7,3,19,0,2016,7,13,6,3,0,3,0,0,1,1,0,0,0,0,4.47895E+20,5.49829E+21,8.2784E+15,4.96349E+16
129283,129284,7,2,11,0,2016,7,12,4,3,5,3,0,0,1,1,0,0,0,0,3.30078E+20,5.51366E+21,6.64104E+15,4.97514E+16
129284,129285,7,1,35,20,2016,7,17,3,3,5,3,0,0,1,0,0,0,0,0,3.6949E+20,5.55766E+21,7.17294E+15,5.01568E+16
129285,129286,7,1,11,0,2016,7,20,2,3,5,3,0,0,0,1,0,0,0,0,4.01301E+20,5.57751E+21,7.61295E+15,5.03414E+16
129286,129287,7,3,14,0,2016,6,8,3,3,6,4,0,0,0,1,1,0,0,0,4.56821E+20,5.48063E+21,8.40395E+15,4.94768E+16
129287,129288,7,3,13,0,2016,7,11,3,3,5,3,0,0,0,1,0,0,0,0,4.36137E+20,5.45008E+21,8.12335E+15,4.92002E+16
129288,129289,7,3,12,0,2016,6,16,5,3,1,6,0,0,0,1,0,0,0,0,4.09618E+20,5.47783E+21,7.75311E+15,4.94464E+16
129289,129290,7,3,15,0,2016,7,15,3,3,1,7,0,0,0,1,0,0,0,1,4.47814E+20,5.5389E+21,8.27182E+15,5.00001E+16
129290,129291,7,1,40,36,2016,7,18,2,2,8,1,0,0,0,0,0,0,0,1,3.97135E+20,5.5571E+21,7.55996E+15,5.01571E+16
129291,129292,7,3,19,0,2016,6,9,4,3,1,7,0,0,0,1,0,0,1,0,4.53895E+20,5.50028E+21,8.36126E+15,4.96533E+16
129292,129293,7,3,18,0,2016,7,16,3,3,0,7,0,0,1,0,0,0,0,0,4.58781E+20,5.46346E+21,8.43278E+15,4.93225E+16
129293,129294,7,3,15,0,2016,6,8,2,2,1,5,0,0,1,1,0,0,0,0,4.48454E+20,5.53863E+21,8.28078E+15,4.99977E+16
129294,129295,7,2,11,0,2016,7,18,6,3,5,3,0,0,0,1,0,0,0,1,3.32641E+20,5.51571E+21,6.67571E+15,4.97705E+16
129295,129296,7,3,15,0,2016,7,8,6,3,5,3,0,0,0,0,0,1,0,1,4.46891E+20,5.53438E+21,8.25956E+15,4.99594E+16
129296,129297,7,3,34,501,2016,7,8,2,2,0,2,0,0,1,0,0,0,0,0,4.46391E+20,5.43391E+21,8.26624E+15,4.90558E+16
129297,129298,7,3,40,32,2016,7,5,1,3,1,5,1,0,0,1,0,0,0,0,4.05668E+20,5.45245E+21,7.70463E+15,4.92176E+16
129298,129299,7,1,40,144,2016,6,6,3,2,0,6,0,1,0,0,0,1,0,0,3.95968E+20,5.53761E+21,7.54893E+15,4.99817E+16
129299,129300,7,3,11,0,2016,7,20,3,2,5,3,1,0,0,1,0,1,0,0,4.51347E+20,5.48399E+21,8.32797E+15,4.95066E+16
129300,129301,7,1,34,45,2016,6,17,2,2,8,1,0,0,1,0,0,0,0,0,3.78375E+20,5.50742E+21,7.3131E+15,4.9707E+16
129301,129302,7,1,38,19,2016,7,19,3,3,0,1,0,1,1,0,0,0,0,0,3.74576E+20,5.60573E+21,7.22807E+15,5.05899E+16
129302,129303,7,2,35,68,2016,7,10,6,2,6,4,0,0,0,1,1,0,0,0,3.25085E+20,5.50806E+21,6.5743E+15,4.96997E+16
129303,129304,7,3,14,0,2016,7,19,5,3,0,4,0,0,1,0,1,0,0,0,4.57298E+20,5.47732E+21,8.41088E+15,4.9447E+16
129304,129305,7,1,31,7,2016,6,9,2,3,1,5,0,0,0,1,0,1,0,0,3.64871E+20,5.59991E+21,7.09316E+15,5.05355E+16
129305,129306,7,2,11,0,2016,7,7,6,2,0,1,0,0,1,0,0,0,0,0,3.30775E+20,5.51177E+21,6.65152E+15,4.97346E+16
129306,129307,7,3,14,0,2016,7,18,7,3,7,1,0,0,0,0,0,1,0,0,4.58137E+20,5.47735E+21,8.42246E+15,4.94474E+16
129307,129308,7,1,35,20,2016,7,20,6,3,1,5,0,0,1,1,0,0,0,0,3.70045E+20,5.55555E+21,7.18142E+15,5.01379E+16
129308,129309,7,3,13,0,2016,7,11,1,3,1,5,0,0,1,1,0,0,0,0,4.35865E+20,5.44983E+21,8.11965E+15,4.91979E+16
129309,129310,7,2,11,0,2016,7,20,2,3,1,6,0,0,0,1,0,0,0,0,3.32026E+20,5.51495E+21,6.6675E+15,4.97635E+16
129310,129311,7,3,13,0,2016,7,6,1,3,1,5,1,0,1,1,0,0,0,0,4.37515E+20,5.45107E+21,8.1421E+15,4.92093E+16
129311,129312,7,1,11,0,2016,6,14,3,3,8,1,0,0,1,0,0,0,0,0,3.99971E+20,5.58032E+21,7.59352E+15,5.03664E+16
129312,129313,7,3,11,0,2016,7,11,3,2,1,5,0,0,0,0,0,0,0,1,4.52835E+20,5.48752E+21,8.3481E+15,4.95385E+16
129313,129314,7,1,11,0,2016,6,9,2,3,0,2,0,0,0,1,0,1,0,0,4.00386E+20,5.58221E+21,7.59884E+15,5.03835E+16
129314,129315,7,1,32,117,2016,7,13,3,3,6,4,0,0,0,1,1,0,0,0,4.10544E+20,5.62609E+21,7.73112E+15,5.07797E+16
129315,129316,7,1,35,29,2016,7,20,6,3,5,3,0,0,0,1,0,0,0,0,3.65461E+20,5.55664E+21,7.11693E+15,5.01467E+16
129316,129317,7,1,32,501,2016,7,11,4,3,5,3,0,1,0,1,0,0,0,0,4.04227E+20,5.61596E+21,7.64418E+15,5.06875E+16
129317,129318,7,3,38,17,2016,7,11,6,3,0,5,0,0,1,1,0,0,0,0,4.56035E+20,5.47454E+21,8.39377E+15,4.94219E+16
129318,129319,7,3,18,0,2016,7,16,1,3,0,1,0,0,1,0,0,0,0,0,4.58244E+20,5.46383E+21,8.42535E+15,4.93258E+16
129319,129320,7,3,39,5,2016,6,13,5,3,7,1,0,0,0,0,0,1,0,0,4.21029E+20,5.53407E+21,7.89914E+15,4.99538E+16
129320,129321,7,3,14,0,2016,7,18,3,2,5,3,0,0,1,1,0,0,0,0,4.59292E+20,5.48215E+21,8.4379E+15,4.94906E+16
129321,129322,7,3,15,0,2016,7,20,1,3,8,1,0,0,1,0,0,0,0,0,4.48451E+20,5.53402E+21,8.28137E+15,4.99563E+16
129322,129323,7,3,33,17,2016,7,15,3,3,6,4,0,0,0,1,1,0,0,0,4.28783E+20,5.49481E+21,8.0144E+15,4.96016E+16
129323,129324,7,1,41,75,2016,7,10,2,3,5,3,0,0,1,1,0,0,0,0,4.00207E+20,5.57532E+21,7.59815E+15,5.03215E+16
129324,129325,7,3,19,0,2016,7,14,3,3,3,2,0,0,1,1,0,0,0,0,4.53999E+20,5.49841E+21,8.36292E+15,4.96365E+16
129325,129326,7,3,15,0,2016,7,18,4,3,1,7,0,0,0,1,0,0,0,0,4.44786E+20,5.53537E+21,8.23008E+15,4.99681E+16
129326,129327,7,1,11,0,2016,6,11,2,3,3,2,0,0,1,0,0,0,0,0,4.00358E+20,5.57916E+21,7.59926E+15,5.03561E+16
129327,129328,7,1,31,202,2016,7,20,3,3,0,1,0,1,0,0,0,1,0,0,3.77466E+20,5.59079E+21,7.27379E+15,5.04563E+16
129328,129329,7,1,31,17,2016,7,14,6,3,0,1,0,0,1,0,0,0,0,0,3.61224E+20,5.59909E+21,7.04203E+15,5.05273E+16
129329,129330,7,3,14,0,2016,7,12,5,3,1,6,0,0,0,1,0,0,0,0,4.60231E+20,5.48049E+21,8.45104E+15,4.94758E+16
129330,129331,7,1,40,64,2016,7,8,4,3,5,3,0,0,0,1,0,1,0,0,3.89542E+20,5.54827E+21,7.45625E+15,5.00765E+16
129331,129332,7,1,35,79,2016,7,20,6,2,6,4,0,0,0,1,1,0,0,0,3.71916E+20,5.54979E+21,7.20952E+15,5.00866E+16
129332,129333,7,3,14,0,2016,7,18,3,3,1,6,0,0,0,1,0,0,0,0,4.57622E+20,5.48177E+21,8.41489E+15,4.94871E+16
129333,129334,7,3,18,0,2016,7,6,1,2,8,1,1,0,0,1,0,0,0,0,4.58351E+20,5.46644E+21,8.42655E+15,4.93493E+16
129334,129335,7,3,38,17,2016,6,8,4,3,5,3,0,0,1,1,0,0,0,0,4.55699E+20,5.47478E+21,8.38911E+15,4.94241E+16
129335,129336,7,3,15,0,2016,7,0,3,3,0,1,2,0,1,0,0,0,0,0,4.48916E+20,5.53492E+21,8.28772E+15,4.99644E+16
129336,129337,7,3,32,24,2016,7,11,7,3,6,4,0,0,0,1,1,0,0,0,4.39568E+20,5.49062E+21,8.16428E+15,4.95651E+16
129337,129338,7,3,12,0,2016,6,17,1,3,5,3,0,0,1,1,0,0,0,0,4.1202E+20,5.47764E+21,7.78628E+15,4.94451E+16
129338,129339,7,2,11,0,2016,7,15,6,3,4,7,0,0,0,1,0,0,0,0,3.29559E+20,5.51296E+21,6.63415E+15,4.97449E+16
129339,129340,7,2,11,0,2016,7,14,7,3,0,3,0,0,1,0,0,0,1,0,3.34132E+20,5.51899E+21,6.695E+15,4.98005E+16
129340,129341,7,3,18,0,2016,6,20,1,2,8,1,0,0,0,0,0,1,0,0,4.59265E+20,5.46221E+21,8.43957E+15,4.93112E+16
129341,129342,7,1,43,48,2016,7,17,6,3,5,3,0,0,0,1,0,1,0,0,4.17429E+20,5.58803E+21,7.83723E+15,5.04385E+16
129342,129343,7,1,32,13,2016,7,20,4,3,1,5,0,0,1,1,0,0,0,0,4.05477E+20,5.62314E+21,7.66004E+15,5.07524E+16
129343,129344,7,3,31,73,2016,6,2,1,3,7,1,2,0,0,1,0,0,0,0,4.36328E+20,5.52154E+21,8.11444E+15,4.98429E+16
129344,129345,7,3,32,36,2016,7,19,2,3,1,7,0,0,0,1,0,1,0,0,4.37369E+20,5.49116E+21,8.13378E+15,4.95698E+16
129345,129346,7,1,38,45,2016,7,18,7,2,0,1,0,0,0,0,0,1,0,0,3.91991E+20,5.58622E+21,7.47965E+15,5.0418E+16
129346,129347,7,1,37,68,2016,7,18,6,2,2,2,0,1,0,1,0,0,0,0,3.74532E+20,5.57658E+21,7.23723E+15,5.0328E+16
129347,129348,7,3,15,0,2016,7,8,5,3,0,1,0,0,1,0,0,0,0,0,4.47468E+20,5.53477E+21,8.26755E+15,4.9963E+16
129348,129349,7,3,20,0,2016,7,18,3,2,5,3,0,0,0,1,0,1,0,0,3.80889E+20,5.45651E+21,7.36329E+15,4.92498E+16
129349,129350,7,3,18,0,2016,6,17,5,3,2,6,0,0,0,1,0,1,0,0,4.592E+20,5.46473E+21,8.43841E+15,4.93339E+16
129350,129351,7,1,41,51,2016,7,11,3,2,6,6,0,0,1,0,1,0,0,0,4.33507E+20,5.5726E+21,8.06633E+15,5.03017E+16
129351,129352,7,3,14,0,2016,7,7,1,2,5,3,0,0,1,1,0,0,0,0,4.56561E+20,5.48621E+21,8.39975E+15,4.9527E+16
129352,129353,7,1,31,7,2016,6,13,4,3,8,1,0,0,1,1,0,0,0,0,3.68655E+20,5.60043E+21,7.14634E+15,5.0541E+16
129353,129354,7,3,15,0,2016,7,14,3,3,1,5,0,0,1,1,0,0,0,0,4.47321E+20,5.53888E+21,8.26494E+15,4.99999E+16
129354,129355,7,2,35,68,2016,6,14,1,3,5,3,0,1,0,1,0,0,0,0,3.23995E+20,5.50647E+21,6.55991E+15,4.96851E+16
129355,129356,7,1,38,4,2016,7,22,6,3,8,1,2,0,0,1,0,0,0,0,3.79898E+20,5.59758E+21,7.30585E+15,5.05179E+16
129356,129357,7,1,33,6,2016,7,14,7,3,2,6,0,0,0,1,0,0,0,0,4.19284E+20,5.52197E+21,7.87733E+15,4.98447E+16
129357,129358,7,3,33,71,2016,7,13,5,3,4,6,0,0,1,1,0,0,0,0,4.23268E+20,5.48979E+21,7.93905E+15,4.95558E+16
129358,129359,7,3,31,55,2016,7,9,1,3,0,5,1,0,1,1,0,0,0,0,4.52074E+20,5.50595E+21,8.33533E+15,4.97041E+16
129359,129360,7,3,38,25,2016,7,0,2,3,1,5,2,0,1,1,0,0,0,0,4.54357E+20,5.4702E+21,8.37114E+15,4.93828E+16
129360,129361,7,3,39,30,2016,7,16,1,3,0,1,0,0,1,0,0,0,0,0,4.30679E+20,5.53686E+21,8.03313E+15,4.99801E+16
129361,129362,7,3,16,0,2016,6,17,2,3,4,2,0,0,1,1,0,0,0,0,4.39308E+20,5.46679E+21,8.16434E+15,4.93508E+16