FID,OBJECTID,ULAND,UREGBEZ,UKREIS,UGEMEINDE,UJAHR,UMONAT,USTUNDE,UWOCHENTAG,UKATEGORIE,UART,UTYP1,ULICHTVERH,IstStrasse,IstRad,IstPKW,IstFuss,IstKrad,IstGkfz,IstSonstig,LINREFX,LINREFY,XGCSWGS84,YGCSWGS84
129362,129363,7,3,20,0,2016,7,7,3,3,5,3,0,0,0,1,0,0,0,1,3.76593E+20,5.45384E+21,7.3051E+15,4.92249E+16
129363,129364,7,3,12,0,2016,7,10,2,3,2,2,0,0,0,1,0,0,0,0,4.08388E+20,5.47754E+21,7.73621E+15,4.94437E+16
129364,129365,7,1,37,96,2016,7,16,1,2,5,3,0,0,0,1,0,0,0,0,3.87557E+20,5.58181E+21,7.41858E+15,5.03776E+16
129365,129366,7,2,11,0,2016,6,20,3,3,5,3,0,0,1,1,0,0,0,0,3.31128E+20,5.51462E+21,6.65519E+15,4.97603E+16
129366,129367,7,2,31,134,2016,7,10,3,2,6,4,0,0,0,1,1,0,0,0,3.48874E+20,5.53891E+21,6.89193E+15,4.99834E+16
129367,129368,7,1,38,4,2016,6,15,1,2,6,5,0,1,1,0,1,0,0,0,3.80115E+20,5.59695E+21,7.30912E+15,5.05123E+16
129368,129369,7,3,35,38,2016,7,18,5,3,4,3,0,0,1,1,0,0,0,0,3.94569E+20,5.47852E+21,7.54538E+15,4.94502E+16
129369,129370,7,3,12,0,2016,7,17,5,3,5,3,0,0,1,1,0,0,0,0,4.02663E+20,5.47681E+21,7.65744E+15,4.94362E+16
129370,129371,7,1,38,45,2016,7,13,3,3,5,3,0,0,1,1,0,0,0,0,3.91514E+20,5.5886E+21,7.47225E+15,5.04394E+16
129371,129372,7,1,41,29,2016,7,19,2,3,1,2,0,0,0,1,0,0,0,0,4.32345E+20,5.58063E+21,8.04858E+15,5.03738E+16
129372,129373,7,1,37,68,2016,7,17,3,3,3,6,0,0,0,1,0,0,0,0,3.73118E+20,5.57705E+21,7.2172E+15,5.03319E+16
129373,129374,7,3,11,0,2016,7,9,4,3,5,3,0,0,1,1,0,0,0,0,4.52044E+20,5.48778E+21,8.33713E+15,4.95407E+16
129374,129375,7,3,34,33,2016,7,21,2,2,8,1,1,0,0,0,0,1,0,0,4.50559E+20,5.45492E+21,8.3207E+15,4.92451E+16
129375,129376,7,3,32,25,2016,7,23,5,2,1,5,2,0,0,1,0,0,0,1,4.46101E+20,5.46792E+21,8.25771E+15,4.93616E+16
129376,129377,7,2,33,84,2016,7,16,5,2,6,2,0,0,0,1,1,0,0,0,3.53845E+20,5.55694E+21,6.95433E+15,5.01466E+16
129377,129378,7,3,32,32,2016,7,13,2,2,6,7,0,0,0,1,1,0,0,0,4.32576E+20,5.46928E+21,8.07123E+15,4.93725E+16
129378,129379,7,1,41,75,2016,6,14,1,3,5,3,0,0,1,1,0,0,0,0,4E+20,5.57508E+21,7.5953E+15,5.03193E+16
129379,129380,7,3,13,0,2016,7,14,2,3,0,1,0,1,0,0,0,1,0,0,4.36099E+20,5.45045E+21,8.12276E+15,4.92035E+16
129380,129381,7,3,32,2,2016,7,10,5,3,4,6,0,0,1,0,0,0,0,0,4.39736E+20,5.47941E+21,8.16831E+15,4.94644E+16
129381,129382,7,2,11,0,2016,7,19,5,3,4,2,0,0,0,1,0,1,0,0,3.31172E+20,5.51471E+21,6.65576E+15,4.97611E+16
129382,129383,7,3,20,0,2016,7,16,7,3,8,1,0,0,0,0,0,1,0,0,3.81765E+20,5.45712E+21,7.37514E+15,4.92554E+16
129383,129384,7,3,37,20,2016,7,15,2,3,5,3,0,0,0,1,0,0,0,1,4.36062E+20,5.45869E+21,8.12094E+15,4.92776E+16
129384,129385,7,3,17,0,2016,7,16,1,3,2,6,0,0,0,1,0,0,0,0,3.98798E+20,5.45005E+21,7.61092E+15,4.91949E+16
129385,129386,7,1,32,117,2016,7,11,6,3,6,5,0,0,0,1,1,0,0,0,4.10924E+20,5.62608E+21,7.73652E+15,5.07796E+16
129386,129387,7,2,31,134,2016,7,16,4,3,2,2,0,0,0,1,0,0,0,0,3.50457E+20,5.53942E+21,6.91378E+15,4.99884E+16
129387,129388,7,3,17,0,2016,6,2,7,3,5,3,2,0,0,1,0,0,0,0,3.97739E+20,5.45126E+21,7.59609E+15,4.92056E+16
129388,129389,7,3,14,0,2016,7,18,2,3,1,5,0,0,0,1,0,1,0,0,4.58907E+20,5.48218E+21,8.43258E+15,4.94909E+16
129389,129390,7,1,38,45,2016,7,14,7,3,1,2,0,0,0,1,0,1,0,0,3.9124E+20,5.58837E+21,7.46846E+15,5.04373E+16
129390,129391,7,3,38,17,2016,7,17,5,3,3,2,0,0,1,0,0,0,0,0,4.55839E+20,5.47408E+21,8.39113E+15,4.94178E+16
129391,129392,7,1,32,501,2016,7,14,5,3,6,1,0,0,0,1,1,0,0,0,4.04364E+20,5.61591E+21,7.64614E+15,5.06872E+16
129392,129393,7,3,17,0,2016,7,20,3,2,0,1,0,0,1,0,0,0,0,0,3.98342E+20,5.45038E+21,7.60458E+15,4.91978E+16
129393,129394,7,3,12,0,2016,6,23,5,3,5,2,0,0,0,1,0,1,0,0,4.1039E+20,5.4778E+21,7.76376E+15,4.94462E+16
129394,129395,7,3,31,48,2016,7,11,3,3,8,1,0,0,0,1,0,0,0,0,4.43784E+20,5.49881E+21,8.2214E+15,4.96392E+16
129395,129396,7,3,36,105,2016,7,18,7,2,0,1,0,0,0,0,0,1,0,0,3.99656E+20,5.49351E+21,7.61172E+15,4.95859E+16
129396,129397,7,3,33,39,2016,6,12,4,3,5,3,0,0,1,1,0,0,0,0,4.28727E+20,5.50167E+21,8.01237E+15,4.96633E+16
129397,129398,7,3,35,38,2016,7,9,3,3,6,4,0,0,0,1,1,0,0,0,3.96206E+20,5.47717E+21,7.56831E+15,4.94383E+16
129398,129399,7,1,33,6,2016,7,12,6,3,5,3,0,0,0,1,0,0,0,0,4.18412E+20,5.5233E+21,7.86494E+15,4.98565E+16
129399,129400,7,3,32,7,2016,7,14,7,3,8,1,0,0,0,1,0,0,0,0,4.30009E+20,5.48338E+21,8.03339E+15,4.9499E+16
129400,129401,7,2,31,134,2016,6,7,5,3,2,6,0,1,0,1,0,0,0,0,3.4828E+20,5.53858E+21,6.88377E+15,4.99802E+16
129401,129402,7,2,11,0,2016,7,9,2,3,0,1,0,1,0,0,0,1,0,0,3.32808E+20,5.51341E+21,6.67901E+15,4.97499E+16
129402,129403,7,1,40,144,2016,7,13,1,3,0,1,0,0,1,0,0,0,0,0,3.94569E+20,5.53787E+21,7.52934E+15,4.99838E+16
129403,129404,7,3,14,0,2016,6,15,7,2,2,6,0,0,0,0,0,1,0,0,4.57455E+20,5.4795E+21,8.41282E+15,4.94666E+16
129404,129405,7,3,20,0,2016,7,14,5,2,5,3,0,1,1,1,0,0,0,0,3.80083E+20,5.45629E+21,7.35228E+15,4.92476E+16
129405,129406,7,1,40,64,2016,7,10,4,2,5,3,0,0,1,1,0,0,0,0,3.88864E+20,5.54796E+21,7.44687E+15,5.00735E+16
129406,129407,7,1,11,0,2016,6,9,7,2,1,7,0,1,0,1,0,0,0,0,3.97123E+20,5.5807E+21,7.55337E+15,5.03694E+16
129407,129408,7,3,35,22,2016,7,16,6,3,5,3,0,0,0,1,0,0,0,1,3.94818E+20,5.4743E+21,7.54993E+15,4.94123E+16
129408,129409,7,3,14,0,2016,7,20,5,3,5,3,0,0,1,0,0,0,0,0,4.57206E+20,5.4828E+21,8.40903E+15,4.94963E+16
129409,129410,7,1,38,45,2016,7,17,5,3,5,2,0,0,1,1,0,0,0,0,3.91402E+20,5.58768E+21,7.47094E+15,5.04311E+16
129410,129411,7,3,36,102,2016,7,13,3,3,0,6,0,0,0,1,1,0,0,0,3.80284E+20,5.47154E+21,7.35048E+15,4.93848E+16
129411,129412,7,3,14,0,2016,6,17,5,3,0,1,0,0,1,0,0,0,0,0,4.60079E+20,5.48116E+21,8.44887E+15,4.94817E+16
129412,129413,7,1,38,23,2016,7,21,3,3,5,3,1,0,0,1,0,1,0,0,4.03072E+20,5.59562E+21,7.63315E+15,5.05045E+16
129413,129414,7,3,34,7,2016,7,15,7,3,0,7,0,0,1,1,0,0,0,0,4.5389E+20,5.45311E+21,8.36668E+15,4.9229E+16
129414,129415,7,1,11,0,2016,6,19,4,3,4,6,0,0,0,1,0,0,0,0,3.99293E+20,5.58384E+21,7.58304E+15,5.0398E+16
129415,129416,7,1,41,29,2016,7,11,2,3,0,2,0,0,0,1,0,1,0,0,4.3215E+20,5.58027E+21,8.04591E+15,5.03705E+16
129416,129417,7,3,34,6,2016,6,11,6,3,0,1,0,0,1,0,0,0,0,0,4.47404E+20,5.45826E+21,8.27692E+15,4.92749E+16
129417,129418,7,3,14,0,2016,7,16,5,3,0,1,0,0,1,0,0,0,0,0,4.60312E+20,5.48002E+21,8.45219E+15,4.94715E+16
129418,129419,7,1,38,4,2016,7,10,2,3,1,7,0,0,1,1,0,0,0,0,3.80842E+20,5.59806E+21,7.31901E+15,5.05223E+16
129419,129420,7,3,38,7,2016,6,15,6,2,1,5,0,0,1,1,0,0,0,0,4.55879E+20,5.46244E+21,8.39296E+15,4.93131E+16
129420,129421,7,3,17,0,2016,7,15,5,3,6,7,0,0,0,1,1,0,0,0,4.00074E+20,5.44903E+21,7.62869E+15,4.91859E+16
129421,129422,7,3,31,73,2016,7,19,5,3,0,1,0,0,0,0,0,1,0,0,4.36521E+20,5.52154E+21,8.11712E+15,4.98429E+16
129422,129423,7,3,34,501,2016,7,15,2,3,5,7,0,0,0,1,0,0,0,0,4.48415E+20,5.43206E+21,8.29417E+15,4.90393E+16
129423,129424,7,3,11,0,2016,7,16,7,3,6,4,0,0,0,1,1,0,0,0,4.52064E+20,5.48402E+21,8.33788E+15,4.95069E+16
129424,129425,7,1,31,77,2016,7,7,2,3,6,4,0,0,0,1,1,0,0,0,3.76617E+20,5.60078E+21,7.25853E+15,5.0546E+16
129425,129426,7,3,38,25,2016,6,11,6,3,0,7,0,0,1,1,0,0,0,0,4.5558E+20,5.47034E+21,8.38797E+15,4.93842E+16
129426,129427,7,3,14,0,2016,7,13,2,3,5,3,0,0,0,0,0,1,0,1,4.56133E+20,5.48612E+21,8.39384E+15,4.95261E+16
129427,129428,7,3,19,0,2016,7,14,5,3,1,6,0,0,0,1,0,1,0,0,4.5342E+20,5.49802E+21,8.35495E+15,4.9633E+16
129428,129429,7,1,40,9,2016,7,13,2,2,5,3,0,0,0,1,0,1,0,0,3.84965E+20,5.54363E+21,7.3937E+15,5.00339E+16
129429,129430,7,3,39,9,2016,7,21,5,3,0,7,1,0,1,1,0,0,0,0,4.40692E+20,5.54165E+21,8.17203E+15,5.00242E+16
129430,129431,7,3,14,0,2016,7,17,7,3,6,7,0,0,1,0,1,0,0,0,4.53919E+20,5.48199E+21,8.36373E+15,4.94888E+16
129431,129432,7,2,31,124,2016,7,11,2,3,1,5,0,0,0,1,0,0,0,0,3.65439E+20,5.53499E+21,7.12422E+15,4.99521E+16
129432,129433,7,1,33,107,2016,7,11,7,3,6,7,0,0,0,1,1,0,0,0,4.07688E+20,5.51914E+21,7.71677E+15,4.98176E+16
129433,129434,7,3,18,0,2016,6,11,2,3,1,6,0,0,0,1,0,0,0,1,4.58635E+20,5.46389E+21,8.43073E+15,4.93263E+16
129434,129435,7,1,37,81,2016,7,14,2,2,1,1,0,0,0,1,0,1,0,0,3.81056E+20,5.58565E+21,7.32597E+15,5.04109E+16
129435,129436,7,3,38,19,2016,6,9,6,3,0,1,0,0,1,0,0,0,0,0,4.53722E+20,5.47618E+21,8.36169E+15,4.94365E+16
129436,129437,7,3,14,0,2016,7,17,2,3,3,6,0,0,1,0,0,0,0,0,4.60153E+20,5.48017E+21,8.44999E+15,4.94728E+16
129437,129438,7,2,11,0,2016,7,17,5,3,5,2,0,0,1,1,0,0,0,0,3.30694E+20,5.51255E+21,6.65007E+15,4.97415E+16
129438,129439,7,1,38,45,2016,7,16,5,2,5,3,0,0,0,1,0,1,0,0,3.91182E+20,5.59079E+21,7.46694E+15,5.0459E+16
129439,129440,7,3,36,55,2016,7,10,3,3,5,3,0,0,0,1,0,1,0,0,3.84946E+20,5.48843E+21,7.40977E+15,4.95375E+16
129440,129441,7,3,31,72,2016,7,16,7,2,1,5,0,0,0,1,0,0,0,0,4.24999E+20,5.51792E+21,7.95759E+15,4.98091E+16
129441,129442,7,1,37,216,2016,7,13,2,3,6,4,0,0,0,1,1,0,0,0,3.92751E+20,5.58273E+21,7.49134E+15,5.03868E+16
129442,129443,7,3,39,58,2016,7,9,1,3,8,1,0,0,1,0,0,0,0,0,4.17681E+20,5.54034E+21,7.85113E+15,5.00097E+16
129443,129444,7,3,11,0,2016,6,19,6,3,0,2,0,0,1,1,0,0,0,0,4.53733E+20,5.48696E+21,8.36058E+15,4.95335E+16
129444,129445,7,3,17,0,2016,7,13,5,3,5,2,0,0,0,1,0,0,0,0,3.98453E+20,5.45057E+21,7.60606E+15,4.91996E+16
129445,129446,7,1,41,6,2016,7,19,4,3,2,6,0,0,1,1,0,0,0,0,4.0921E+20,5.57612E+21,7.7244E+15,5.03301E+16
129446,129447,7,1,38,45,2016,7,15,2,3,1,6,0,0,0,1,0,0,0,0,3.90803E+20,5.58752E+21,7.46256E+15,5.04295E+16
129447,129448,7,3,12,0,2016,7,0,1,3,6,4,2,0,0,1,1,0,0,0,4.11388E+20,5.4775E+21,7.7776E+15,4.94437E+16
129448,129449,7,3,31,55,2016,7,6,4,3,1,6,0,0,0,1,0,0,0,1,4.50049E+20,5.5058E+21,8.30728E+15,4.97026E+16
129449,129450,7,3,19,0,2016,7,7,2,3,3,3,0,0,1,1,0,0,0,0,4.5271E+20,5.49544E+21,8.34542E+15,4.96097E+16
129450,129451,7,2,11,0,2016,7,12,5,3,1,6,0,0,0,1,0,0,0,0,3.29659E+20,5.51367E+21,6.63523E+15,4.97514E+16
129451,129452,7,1,11,0,2016,7,16,5,3,1,7,0,0,0,1,0,0,0,0,3.85847E+20,5.57852E+21,7.39554E+15,5.03477E+16
129452,129453,7,3,35,34,2016,7,21,3,3,8,1,2,0,0,0,0,1,0,0,4.08088E+20,5.48234E+21,7.73095E+15,4.94867E+16
129453,129454,7,1,38,45,2016,7,19,6,3,3,6,0,0,1,1,0,0,0,0,3.91256E+20,5.58838E+21,7.46867E+15,5.04373E+16
129454,129455,7,3,11,0,2016,7,6,3,3,0,7,0,0,1,0,0,0,0,0,4.55008E+20,5.48745E+21,8.37814E+15,4.9538E+16
129455,129456,7,3,31,18,2016,7,20,7,2,8,7,0,0,0,0,0,1,0,0,4.57531E+20,5.51139E+21,8.41042E+15,4.97535E+16
129456,129457,7,1,31,77,2016,6,13,5,3,1,5,0,0,1,1,0,0,0,0,3.73783E+20,5.60186E+21,7.21819E+15,5.0555E+16
129457,129458,7,3,39,3,2016,7,18,1,2,0,7,0,0,1,0,1,0,0,0,4.11928E+20,5.54588E+21,7.76959E+15,5.00587E+16
129458,129459,7,3,12,0,2016,7,13,7,3,9,1,0,0,0,1,0,0,0,0,4.11096E+20,5.47764E+21,7.77353E+15,4.9445E+16
129459,129460,7,3,14,0,2016,6,10,6,3,1,6,0,0,0,1,0,0,0,1,4.58843E+20,5.48152E+21,8.43177E+15,4.9485E+16
129460,129461,7,3,12,0,2016,7,16,5,3,1,6,0,0,0,1,0,0,0,0,4.10387E+20,5.47744E+21,7.7638E+15,4.9443E+16
129461,129462,7,3,34,1,2016,7,15,6,3,6,7,0,0,0,1,1,0,0,0,4.49188E+20,5.44928E+21,8.30259E+15,4.91942E+16
129462,129463,7,1,41,6,2016,7,11,5,3,0,5,0,0,0,1,0,1,0,0,4.08997E+20,5.57629E+21,7.72136E+15,5.03316E+16
129463,129464,7,3,12,0,2016,7,16,3,3,4,2,0,0,1,1,0,0,0,0,4.11814E+20,5.4773E+21,7.78351E+15,4.94419E+16
129464,129465,7,3,39,5,2016,6,10,6,3,5,3,0,0,1,1,0,0,0,0,4.21271E+20,5.53348E+21,7.90262E+15,4.99485E+16
129465,129466,7,3,15,0,2016,7,18,2,3,4,2,0,0,0,1,0,0,0,1,4.45554E+20,5.53545E+21,8.24078E+15,4.9969E+16
129466,129467,7,3,37,47,2016,7,20,6,3,6,6,0,0,0,1,1,0,0,0,4.37935E+20,5.46209E+21,8.14617E+15,4.93084E+16
129467,129468,7,1,38,68,2016,7,16,5,3,6,4,0,0,0,1,1,0,0,0,3.82844E+20,5.60571E+21,7.34483E+15,5.05915E+16
129468,129469,7,3,20,0,2016,7,10,4,3,2,6,0,0,0,1,0,0,1,0,3.81474E+20,5.45635E+21,7.37137E+15,4.92484E+16
129469,129470,7,3,18,0,2016,7,14,3,3,2,2,0,0,0,1,0,0,0,1,4.59805E+20,5.46454E+21,8.44676E+15,4.93323E+16
129470,129471,7,3,34,501,2016,6,6,5,3,4,6,0,0,1,1,0,0,0,0,4.46668E+20,5.43356E+21,8.27007E+15,4.90526E+16
129471,129472,7,2,33,501,2016,7,18,3,3,0,4,0,0,0,1,1,0,0,0,3.45341E+20,5.56238E+21,6.83318E+15,5.01934E+16
129472,129473,7,2,33,501,2016,7,10,7,3,8,1,0,0,0,1,0,0,0,1,3.45169E+20,5.56258E+21,6.8307E+15,5.01952E+16
129473,129474,7,2,11,0,2016,6,18,4,2,8,7,0,0,1,1,0,0,0,0,3.33458E+20,5.51939E+21,6.68547E+15,4.98039E+16
129474,129475,7,3,19,0,2016,7,7,1,3,8,1,0,0,0,1,0,0,0,0,4.53659E+20,5.49824E+21,8.35822E+15,4.9635E+16
129475,129476,7,1,33,6,2016,6,14,6,3,5,3,0,0,0,1,0,0,0,0,4.18825E+20,5.52238E+21,7.87087E+15,4.98483E+16
129476,129477,7,3,12,0,2016,7,10,5,2,6,4,0,0,0,1,1,0,0,0,4.10657E+20,5.47771E+21,7.76747E+15,4.94455E+16
129477,129478,7,1,11,0,2016,7,13,5,3,3,6,0,0,0,1,0,1,0,0,3.99904E+20,5.57875E+21,7.59299E+15,5.03523E+16
129478,129479,7,3,37,20,2016,7,13,2,3,6,6,0,0,0,1,1,0,0,0,4.36715E+20,5.45889E+21,8.12989E+15,4.92794E+16
129479,129480,7,1,31,7,2016,7,20,7,3,1,5,0,0,1,1,0,0,0,0,3.6869E+20,5.6008E+21,7.14671E+15,5.05444E+16
129480,129481,7,3,19,0,2016,6,8,2,3,6,1,0,0,0,0,1,1,0,0,4.54065E+20,5.49849E+21,8.36382E+15,4.96373E+16
129481,129482,7,3,32,50,2016,7,13,7,3,9,3,0,1,0,1,0,1,0,0,4.45539E+20,5.48491E+21,8.24763E+15,4.95143E+16
129482,129483,7,3,39,42,2016,6,17,6,2,6,4,0,0,0,1,1,0,0,0,4.4249E+20,5.5285E+21,8.19909E+15,4.99061E+16
129483,129484,7,1,37,89,2016,7,15,3,3,6,4,0,0,0,1,1,0,0,0,3.79992E+20,5.57363E+21,7.31483E+15,5.03026E+16
129484,129485,7,3,17,0,2016,7,10,6,3,5,3,0,0,0,1,0,0,0,0,3.97898E+20,5.44987E+21,7.59862E+15,4.91931E+16
129485,129486,7,1,33,6,2016,6,7,3,3,6,4,0,0,0,1,1,0,0,0,4.18682E+20,5.52249E+21,7.86886E+15,4.98493E+16
129486,129487,7,3,33,19,2016,7,10,7,2,1,5,0,1,0,1,0,1,0,0,4.32013E+20,5.48997E+21,8.05993E+15,4.95585E+16
129487,129488,7,3,15,0,2016,6,8,6,3,5,3,0,0,0,1,0,0,0,1,4.41981E+20,5.53597E+21,8.19089E+15,4.99733E+16
129488,129489,7,3,38,25,2016,7,18,5,3,0,7,0,0,1,0,0,0,0,0,4.54623E+20,5.47062E+21,8.37475E+15,4.93866E+16
129489,129490,7,3,32,24,2016,7,13,4,2,4,6,0,0,1,1,0,0,0,0,4.3984E+20,5.49044E+21,8.16807E+15,4.95636E+16
129490,129491,7,3,19,0,2016,7,15,4,3,5,3,0,0,0,1,0,0,0,0,4.51732E+20,5.499E+21,8.33146E+15,4.96416E+16
129491,129492,7,3,33,502,2016,7,11,6,3,6,7,0,0,0,0,1,0,0,1,4.14792E+20,5.49822E+21,7.82006E+15,4.96305E+16
129492,129493,7,2,11,0,2016,7,16,2,3,5,2,0,0,1,1,0,0,0,0,3.2926E+20,5.51374E+21,6.62966E+15,4.97519E+16
129493,129494,7,3,31,3,2016,7,11,7,3,6,7,0,0,0,1,1,0,0,0,4.35901E+20,5.5106E+21,8.1103E+15,4.97445E+16
129494,129495,7,3,39,42,2016,6,7,6,3,9,7,0,0,0,0,0,1,0,0,4.42666E+20,5.52872E+21,8.20151E+15,4.99081E+16
129495,129496,7,2,31,134,2016,7,16,2,3,0,4,0,0,0,1,1,0,0,0,3.48444E+20,5.53928E+21,6.88579E+15,4.99865E+16
129496,129497,7,3,15,0,2016,7,10,4,2,6,7,0,0,0,1,1,0,0,0,4.47132E+20,5.53899E+21,8.2623E+15,5.00009E+16
129497,129498,7,3,17,0,2016,7,11,4,3,1,5,0,0,1,1,0,0,0,0,3.98823E+20,5.451E+21,7.61102E+15,4.92035E+16
129498,129499,7,1,33,6,2016,7,17,3,3,0,6,0,0,0,0,0,1,0,1,4.16684E+20,5.52243E+21,7.84108E+15,4.98485E+16
129499,129500,7,3,14,0,2016,7,14,6,3,1,6,0,0,0,1,0,0,0,0,4.58867E+20,5.48152E+21,8.4321E+15,4.94849E+16
129500,129501,7,2,31,134,2016,7,15,2,2,0,1,0,0,1,0,0,0,0,0,3.48565E+20,5.53924E+21,6.88748E+15,4.99862E+16
129501,129502,7,2,32,295,2016,7,19,4,3,4,6,1,0,1,1,0,0,0,0,3.10071E+20,5.55965E+21,6.34092E+15,5.01586E+16
129502,129503,7,3,13,0,2016,7,19,4,2,0,1,0,0,1,0,0,0,0,0,4.3524E+20,5.4485E+21,8.11128E+15,4.91859E+16
129503,129504,7,3,12,0,2016,7,13,6,2,5,3,0,0,1,1,0,0,0,0,4.09254E+20,5.47838E+21,7.74796E+15,4.94513E+16
129504,129505,7,3,15,0,2016,7,21,7,2,4,6,0,0,0,1,0,0,0,0,4.47798E+20,5.53829E+21,8.27168E+15,4.99946E+16
129505,129506,7,1,11,0,2016,7,6,2,3,2,2,0,0,0,1,0,0,0,0,3.96966E+20,5.58115E+21,7.55104E+15,5.03734E+16
129506,129507,7,3,15,0,2016,7,16,4,3,1,6,0,0,0,1,0,0,0,0,4.47622E+20,5.53777E+21,8.2693E+15,4.999E+16
129507,129508,7,2,35,36,2016,6,16,6,3,6,6,0,0,0,1,1,0,0,0,3.48136E+20,5.50043E+21,6.89669E+15,4.96373E+16
129508,129509,7,2,11,0,2016,7,22,2,3,6,4,1,0,0,1,1,0,0,0,3.30905E+20,5.51436E+21,6.6522E+15,4.97579E+16
129509,129510,7,1,32,63,2016,7,17,4,3,0,7,0,0,0,0,0,1,0,1,4.21519E+20,5.62854E+21,7.88624E+15,5.08032E+16
129510,129511,7,3,14,0,2016,7,17,4,3,6,4,0,0,0,1,1,0,0,0,4.57109E+20,5.47947E+21,8.40805E+15,4.94664E+16
129511,129512,7,3,15,0,2016,7,17,3,2,6,4,0,0,0,1,1,0,0,0,4.40349E+20,5.53788E+21,8.16783E+15,4.99903E+16
129512,129513,7,3,35,3,2016,6,11,5,3,6,7,0,0,0,1,1,0,0,0,3.85775E+20,5.47323E+21,7.42561E+15,4.94011E+16
129513,129514,7,3,19,0,2016,7,17,3,3,0,7,0,0,1,1,0,0,0,0,4.54839E+20,5.49785E+21,8.37462E+15,4.96315E+16
129514,129515,7,3,12,0,2016,7,7,6,2,6,4,0,0,1,0,1,0,0,0,4.092E+20,5.47852E+21,7.74718E+15,4.94525E+16
129515,129516,7,3,14,0,2016,6,5,4,3,4,1,1,0,0,1,0,1,0,0,4.56416E+20,5.48052E+21,8.39837E+15,4.94758E+16
129516,129517,7,3,15,0,2016,7,19,7,3,3,2,0,0,1,1,0,0,0,0,4.47425E+20,5.53871E+21,8.26641E+15,4.99984E+16
129517,129518,7,3,11,0,2016,7,9,7,3,0,5,0,0,1,1,0,0,0,0,4.53362E+20,5.48735E+21,8.35541E+15,4.9537E+16
129518,129519,7,2,11,0,2016,6,20,6,3,6,4,0,0,0,0,1,0,0,1,3.30099E+20,5.51444E+21,6.641E+15,4.97584E+16
129519,129520,7,3,38,5,2016,7,12,5,3,1,5,0,0,1,1,0,0,0,0,4.49476E+20,5.46813E+21,8.30416E+15,4.93638E+16
129520,129521,7,3,35,34,2016,7,18,6,2,5,3,0,0,1,0,0,1,0,0,4.08553E+20,5.48213E+21,7.73742E+15,4.9485E+16
129521,129522,7,3,33,19,2016,6,8,5,3,6,7,0,0,0,1,1,0,0,0,4.33663E+20,5.48982E+21,8.08276E+15,4.95573E+16
129522,129523,7,1,34,10,2016,7,11,7,3,2,6,0,1,0,1,0,0,0,0,3.68145E+20,5.50145E+21,7.1733E+15,4.96512E+16
129523,129524,7,1,38,76,2016,7,12,1,2,6,7,0,0,0,1,1,0,0,0,3.8802E+20,5.6015E+21,7.4192E+15,5.05547E+16
129524,129525,7,1,38,45,2016,6,19,6,3,5,7,0,0,1,1,0,0,0,0,3.92231E+20,5.58836E+21,7.48241E+15,5.04374E+16
129525,129526,7,3,11,0,2016,7,17,5,2,5,2,0,0,1,1,0,0,0,0,4.53547E+20,5.48576E+21,8.35815E+15,4.95227E+16
129526,129527,7,1,31,7,2016,7,12,4,3,5,3,0,0,1,1,0,0,0,0,3.66521E+20,5.60094E+21,7.11606E+15,5.05452E+16
129527,129528,7,1,37,3,2016,6,18,6,3,5,3,0,0,1,1,0,0,0,0,3.86076E+20,5.58879E+21,7.39563E+15,5.04401E+16
129528,129529,7,3,19,0,2016,7,12,6,3,5,3,0,0,1,1,0,0,0,0,4.52394E+20,5.49989E+21,8.34051E+15,4.96496E+16
129529,129530,7,1,32,63,2016,7,13,4,3,5,5,0,0,0,1,0,1,0,0,4.21174E+20,5.6288E+21,7.88129E+15,5.08056E+16
129530,129531,7,1,33,52,2016,7,17,4,3,0,7,0,0,0,1,0,0,0,0,3.88956E+20,5.51563E+21,7.45746E+15,4.97828E+16
129531,129532,7,2,33,26,2016,7,20,3,2,4,6,1,0,1,0,0,1,0,0,3.33269E+20,5.56595E+21,6.66263E+15,5.02222E+16
129532,129533,7,3,11,0,2016,6,6,5,3,4,6,0,0,0,0,0,1,1,0,4.53856E+20,5.48392E+21,8.36264E+15,4.95062E+16
129533,129534,7,1,43,70,2016,7,11,3,2,8,1,0,0,1,0,0,0,0,0,4.13888E+20,5.59261E+21,7.78633E+15,5.04792E+16
129534,129535,7,3,32,24,2016,7,20,6,3,1,1,0,0,1,1,0,0,0,0,4.4017E+20,5.48969E+21,8.17275E+15,4.95568E+16
129535,129536,7,1,40,501,2016,6,14,4,2,6,7,0,0,0,1,1,0,0,0,3.99344E+20,5.56505E+21,7.58877E+15,5.0229E+16
129536,129537,7,2,35,68,2016,7,18,7,3,6,4,0,0,0,1,1,0,0,0,3.25945E+20,5.50778E+21,6.58635E+15,4.96973E+16
129537,129538,7,1,37,3,2016,6,0,6,3,4,2,2,0,0,1,0,0,0,0,3.86084E+20,5.58855E+21,7.39583E+15,5.04379E+16
129538,129539,7,3,11,0,2016,7,14,5,3,5,2,0,0,1,0,0,0,0,0,4.53181E+20,5.48638E+21,8.35302E+15,4.95283E+16
129539,129540,7,1,31,77,2016,7,7,4,3,2,6,0,0,1,1,0,0,0,0,3.74081E+20,5.60207E+21,7.22233E+15,5.0557E+16