FID,OBJECTID,ULAND,UREGBEZ,UKREIS,UGEMEINDE,UJAHR,UMONAT,USTUNDE,UWOCHENTAG,UKATEGORIE,UART,UTYP1,ULICHTVERH,IstStrasse,IstRad,IstPKW,IstFuss,IstKrad,IstGkfz,IstSonstig,LINREFX,LINREFY,XGCSWGS84,YGCSWGS84
129540,129541,7,3,34,12,2016,7,14,6,3,0,5,0,0,1,0,0,0,0,1,4.47092E+20,5.43837E+21,8.27526E+15,4.90959E+16
129541,129542,7,1,40,64,2016,7,12,4,3,0,1,0,0,0,0,0,1,0,0,3.88993E+20,5.54725E+21,7.44888E+15,5.00671E+16
129542,129543,7,2,11,0,2016,7,16,3,3,3,7,0,0,0,1,0,1,0,0,3.30252E+20,5.51466E+21,6.64302E+15,4.97604E+16
129543,129544,7,3,32,24,2016,7,18,2,3,5,2,0,0,1,1,0,0,0,0,4.3911E+20,5.48874E+21,8.15823E+15,4.95482E+16
129544,129545,7,3,13,0,2016,7,15,6,3,6,6,0,0,0,1,1,0,0,0,4.35101E+20,5.45016E+21,8.10911E+15,4.92008E+16
129545,129546,7,1,32,72,2016,6,9,3,3,0,1,0,0,0,1,0,0,0,0,4.26781E+20,5.63187E+21,7.96023E+15,5.08339E+16
129546,129547,7,2,11,0,2016,7,13,7,3,0,1,0,0,1,0,0,0,0,0,3.29514E+20,5.51509E+21,6.63259E+15,4.9764E+16
129547,129548,7,1,37,203,2016,6,21,6,3,1,5,0,0,0,0,0,1,0,0,3.98265E+20,5.58582E+21,7.56803E+15,5.04156E+16
129548,129549,7,1,41,29,2016,7,13,2,3,3,6,0,0,0,0,0,1,1,0,4.31064E+20,5.57956E+21,8.03076E+15,5.03641E+16
129549,129550,7,1,40,64,2016,7,12,4,3,0,1,0,0,0,0,0,1,0,0,3.88993E+20,5.54725E+21,7.44888E+15,5.00671E+16
129550,129551,7,1,31,77,2016,7,19,7,3,6,4,0,0,0,1,1,0,0,0,3.76008E+20,5.60047E+21,7.25005E+15,5.0543E+16
129551,129552,7,1,43,33,2016,7,15,2,2,0,7,0,0,0,1,0,0,0,0,4.17324E+20,5.58482E+21,7.83646E+15,5.04096E+16
129552,129553,7,3,32,2,2016,7,11,6,3,0,1,0,0,1,0,0,0,0,0,4.39841E+20,5.47909E+21,8.16981E+15,4.94615E+16
129553,129554,7,3,11,0,2016,7,14,2,3,3,2,0,0,0,1,0,1,0,0,4.52716E+20,5.48765E+21,8.34644E+15,4.95396E+16
129554,129555,7,3,38,1,2016,7,0,6,2,1,5,2,0,1,1,0,0,0,0,4.60921E+20,5.47579E+21,8.46103E+15,4.94336E+16
129555,129556,7,3,15,0,2016,6,15,2,3,5,3,0,0,1,1,0,0,0,0,4.45222E+20,5.53689E+21,8.23594E+15,4.99818E+16
129556,129557,7,3,37,61,2016,7,14,6,3,1,5,0,0,1,1,0,0,0,0,4.41498E+20,5.44942E+21,8.19702E+15,4.91947E+16
129557,129558,7,3,17,0,2016,6,18,5,3,2,6,0,0,0,1,0,0,0,0,3.98877E+20,5.4498E+21,7.61208E+15,4.91926E+16
129558,129559,7,1,38,45,2016,7,11,2,3,1,1,0,0,0,0,0,1,0,1,3.92046E+20,5.58707E+21,7.48018E+15,5.04257E+16
129559,129560,7,1,11,0,2016,7,14,4,3,4,6,0,0,0,1,0,1,0,0,3.96864E+20,5.57874E+21,7.55027E+15,5.03517E+16
129560,129561,7,2,11,0,2016,7,18,4,3,2,6,0,0,0,1,0,0,0,1,3.29634E+20,5.51438E+21,6.63456E+15,4.97577E+16
129561,129562,7,3,14,0,2016,7,16,6,3,3,5,0,0,1,1,0,0,0,0,4.57887E+20,5.47743E+21,8.41901E+15,4.94481E+16
129562,129563,7,3,12,0,2016,7,14,1,3,8,7,0,0,0,1,0,0,0,0,4.10763E+20,5.47773E+21,7.76891E+15,4.94457E+16
129563,129564,7,3,14,0,2016,7,15,5,3,6,6,0,0,1,0,1,0,0,0,4.59372E+20,5.48194E+21,8.43902E+15,4.94887E+16
129564,129565,7,2,11,0,2016,7,13,4,3,5,5,0,0,0,1,0,0,0,0,3.29788E+20,5.51204E+21,6.63772E+15,4.97367E+16
129565,129566,7,3,36,31,2016,6,19,5,3,6,7,0,0,0,1,1,0,0,0,3.87293E+20,5.48084E+21,7.44436E+15,4.94697E+16
129566,129567,7,3,12,0,2016,7,21,5,3,3,6,2,0,1,1,0,0,0,0,4.11871E+20,5.47747E+21,7.78426E+15,4.94435E+16
129567,129568,7,2,11,0,2016,8,14,3,3,4,1,0,0,1,0,0,0,0,1,3.33215E+20,5.51596E+21,6.68356E+15,4.97729E+16
129568,129569,7,2,32,296,2016,8,11,6,2,1,5,0,0,1,1,0,0,0,0,3.16988E+20,5.56582E+21,6.43468E+15,5.02162E+16
129569,129570,7,2,35,94,2016,8,20,6,3,4,2,0,0,0,1,0,0,0,0,3.28535E+20,5.52031E+21,6.61671E+15,4.98108E+16
129570,129571,7,3,35,40,2016,8,10,4,3,5,3,0,0,1,1,0,0,0,0,4.02755E+20,5.48118E+21,7.65762E+15,4.94755E+16
129571,129572,7,2,11,0,2016,7,16,5,3,1,5,0,0,1,1,0,0,0,0,3.34531E+20,5.52072E+21,6.6998E+15,4.98161E+16
129572,129573,7,3,38,25,2016,8,11,2,3,1,5,0,0,0,1,0,1,0,0,4.54578E+20,5.47013E+21,8.37419E+15,4.93821E+16
129573,129574,7,1,38,45,2016,7,16,5,3,7,4,0,0,0,1,1,0,0,0,3.96744E+20,5.58697E+21,7.54632E+15,5.04257E+16
129574,129575,7,1,33,57,2016,8,17,2,2,0,1,0,0,0,0,0,1,0,0,4.00439E+20,5.5107E+21,7.61819E+15,4.97405E+16
129575,129576,7,1,40,144,2016,7,13,1,2,0,1,0,0,0,0,0,1,0,0,3.95789E+20,5.53788E+21,7.54636E+15,4.99841E+16
129576,129577,7,1,41,92,2016,8,15,3,3,4,6,0,0,0,1,0,1,0,0,4.17639E+20,5.56212E+21,7.84584E+15,5.02056E+16
129577,129578,7,1,31,70,2016,8,13,1,3,5,2,0,0,1,0,0,0,0,0,3.76018E+20,5.60347E+21,7.24919E+15,5.057E+16
129578,129579,7,1,11,0,2016,8,1,1,2,0,1,2,0,0,0,0,1,0,0,3.96673E+20,5.57844E+21,7.54767E+15,5.0349E+16
129579,129580,7,3,14,0,2016,8,7,2,3,5,3,0,0,1,1,0,0,0,0,4.5604E+20,5.4867E+21,8.39249E+15,4.95313E+16
129580,129581,7,2,35,74,2016,8,7,6,3,5,3,0,0,0,1,0,0,0,0,3.47455E+20,5.52062E+21,6.87936E+15,4.98186E+16
129581,129582,7,3,11,0,2016,8,20,4,3,0,7,0,0,1,0,0,0,0,0,4.5419E+20,5.48395E+21,8.36724E+15,4.95064E+16
129582,129583,7,3,38,19,2016,8,7,2,3,4,6,0,0,1,1,0,0,0,0,4.53316E+20,5.47681E+21,8.35601E+15,4.94421E+16
129583,129584,7,1,38,45,2016,7,10,5,3,1,6,0,0,1,1,0,0,0,0,3.91075E+20,5.58747E+21,7.4664E+15,5.04291E+16
129584,129585,7,3,19,0,2016,8,19,2,2,5,3,0,0,1,0,0,0,0,0,4.54E+20,5.49745E+21,8.36305E+15,4.96279E+16
129585,129586,7,1,37,216,2016,7,19,5,2,1,7,0,0,0,1,0,1,0,0,3.95718E+20,5.58354E+21,7.53283E+15,5.03947E+16
129586,129587,7,3,38,18,2016,8,9,2,3,2,6,0,0,0,0,0,0,1,1,4.48892E+20,5.48153E+21,8.29439E+15,4.94843E+16
129587,129588,7,3,12,0,2016,7,19,4,3,5,3,0,0,0,1,0,0,0,0,4.1212E+20,5.47802E+21,7.78757E+15,4.94485E+16
129588,129589,7,3,31,55,2016,8,11,2,3,2,6,0,0,0,1,0,0,0,0,4.51846E+20,5.5061E+21,8.33215E+15,4.97055E+16
129589,129590,7,3,34,501,2016,7,9,7,3,5,3,0,0,1,0,0,0,0,1,4.45184E+20,5.43346E+21,8.24979E+15,4.90515E+16
129590,129591,7,1,37,57,2016,8,18,1,2,7,5,0,0,0,0,0,1,1,0,3.82592E+20,5.58313E+21,7.34836E+15,5.03885E+16
129591,129592,7,3,12,0,2016,8,20,7,3,5,3,0,0,1,1,0,0,0,0,4.12551E+20,5.4776E+21,7.79362E+15,4.94447E+16
129592,129593,7,1,32,22,2016,8,4,6,3,0,6,2,0,0,1,1,0,0,0,4.08338E+20,5.61929E+21,7.70153E+15,5.07182E+16
129593,129594,7,3,38,4,2016,8,19,2,2,6,4,0,0,0,1,1,0,0,0,4.53265E+20,5.49246E+21,8.35347E+15,4.95829E+16
129594,129595,7,3,37,501,2016,7,17,4,2,0,1,0,0,1,0,0,0,0,0,4.24412E+20,5.4506E+21,7.96232E+15,4.92035E+16
129595,129596,7,3,15,0,2016,8,13,2,3,6,4,0,0,0,1,1,0,0,0,4.47162E+20,5.54023E+21,8.26254E+15,5.0012E+16
129596,129597,7,2,31,134,2016,7,17,6,3,5,3,0,0,0,1,0,0,0,0,3.48576E+20,5.53819E+21,6.88805E+15,4.99768E+16
129597,129598,7,3,12,0,2016,8,0,7,2,0,1,2,0,0,1,0,0,0,0,4.08966E+20,5.47698E+21,7.74431E+15,4.94387E+16
129598,129599,7,1,43,48,2016,8,21,3,3,2,6,2,0,0,1,0,0,0,0,4.1703E+20,5.58758E+21,7.83171E+15,5.04343E+16
129599,129600,7,1,40,67,2016,8,10,6,3,6,7,0,0,0,1,1,0,0,0,3.85799E+20,5.53362E+21,7.40832E+15,4.9944E+16
129600,129601,7,2,11,0,2016,8,17,6,3,4,2,0,0,0,1,0,1,0,0,3.3233E+20,5.51558E+21,6.67145E+15,4.97692E+16
129601,129602,7,1,37,3,2016,7,14,7,3,5,3,0,0,1,1,0,0,0,0,3.84136E+20,5.59002E+21,7.36795E+15,5.04508E+16
129602,129603,7,3,32,2,2016,8,12,7,3,6,6,0,0,0,1,1,0,0,0,4.43177E+20,5.48047E+21,8.21564E+15,4.94742E+16
129603,129604,7,3,34,8,2016,8,10,5,3,5,3,0,0,1,1,0,0,0,0,4.44817E+20,5.43034E+21,8.24518E+15,4.90235E+16
129604,129605,7,3,11,0,2016,8,15,2,3,1,5,0,0,0,1,0,1,0,0,4.53122E+20,5.48698E+21,8.35214E+15,4.95336E+16
129605,129606,7,3,11,0,2016,8,15,5,3,1,5,0,1,1,1,0,0,0,0,4.53275E+20,5.48729E+21,8.35422E+15,4.95364E+16
129606,129607,7,3,14,0,2016,8,10,2,2,6,2,0,0,0,1,1,0,0,0,4.56918E+20,5.48557E+21,8.40475E+15,4.95212E+16
129607,129608,7,3,39,5,2016,8,17,2,3,1,6,0,0,0,1,0,0,0,0,4.22372E+20,5.53585E+21,7.91749E+15,4.997E+16
129608,129609,7,3,18,0,2016,7,12,4,2,5,3,0,0,1,1,0,0,0,0,4.57727E+20,5.4648E+21,8.41813E+15,4.93344E+16
129609,129610,7,3,15,0,2016,8,10,2,2,2,6,0,0,1,0,0,1,0,0,4.43575E+20,5.53971E+21,8.21256E+15,5.0007E+16
129610,129611,7,3,18,0,2016,8,23,7,3,9,1,2,0,1,0,0,0,0,0,4.5916E+20,5.46496E+21,8.43785E+15,4.9336E+16
129611,129612,7,1,38,45,2016,8,13,3,2,3,6,0,0,1,1,0,0,0,0,3.93338E+20,5.5887E+21,7.4979E+15,5.04406E+16
129612,129613,7,3,14,0,2016,8,10,5,2,4,1,0,0,0,1,0,0,0,0,4.55402E+20,5.48268E+21,8.38414E+15,4.94951E+16
129613,129614,7,2,31,502,2016,8,11,4,2,5,3,0,0,1,1,0,0,0,0,3.64983E+20,5.51959E+21,7.12324E+15,4.98135E+16
129614,129615,7,3,14,0,2016,7,11,4,3,0,1,0,0,1,0,0,0,0,0,4.59525E+20,5.48141E+21,8.44119E+15,4.9484E+16
129615,129616,7,2,35,68,2016,8,16,2,3,1,1,0,0,1,1,0,0,0,0,3.25371E+20,5.50839E+21,6.57811E+15,4.97026E+16
129616,129617,7,3,39,5,2016,7,18,4,3,4,6,0,0,1,0,0,0,0,0,4.21228E+20,5.53377E+21,7.90196E+15,4.99511E+16
129617,129618,7,3,15,0,2016,8,17,2,3,0,1,0,0,1,0,0,0,0,0,4.4754E+20,5.53859E+21,8.26804E+15,4.99974E+16
129618,129619,7,1,34,45,2016,7,18,1,3,0,7,0,0,0,1,0,0,0,0,3.79373E+20,5.50644E+21,7.32725E+15,4.96984E+16
129619,129620,7,1,34,45,2016,8,11,2,3,8,1,2,0,0,1,0,0,0,0,3.77016E+20,5.5093E+21,7.29367E+15,4.97236E+16
129620,129621,7,1,43,32,2016,8,18,2,2,6,7,0,0,0,1,1,0,0,0,4.05398E+20,5.58777E+21,7.66791E+15,5.04343E+16
129621,129622,7,3,32,2,2016,7,16,5,3,3,2,0,0,0,1,0,0,0,1,4.41783E+20,5.47933E+21,8.19657E+15,4.94639E+16
129622,129623,7,3,11,0,2016,8,17,7,3,1,6,0,0,0,1,0,0,0,0,4.52677E+20,5.48651E+21,8.34604E+15,4.95293E+16
129623,129624,7,1,41,501,2016,8,13,3,2,8,1,0,0,1,0,0,1,0,0,4.02669E+20,5.57084E+21,7.63388E+15,5.02817E+16
129624,129625,7,1,38,11,2016,8,14,5,3,0,7,0,0,1,0,0,0,0,0,4.00434E+20,5.60035E+21,7.5947E+15,5.05466E+16
129625,129626,7,1,43,206,2016,8,17,6,3,8,1,0,0,0,0,0,0,0,1,4.27414E+20,5.61259E+21,7.97302E+15,5.06606E+16
129626,129627,7,2,35,125,2016,8,12,4,3,1,7,0,0,0,0,0,1,0,1,3.37967E+20,5.52154E+21,6.74719E+15,4.98244E+16
129627,129628,7,1,38,45,2016,7,17,4,2,5,3,0,0,0,1,0,1,0,0,3.90411E+20,5.58783E+21,7.45695E+15,5.04322E+16
129628,129629,7,1,41,6,2016,8,17,2,3,9,1,0,0,0,1,0,1,0,0,4.07866E+20,5.57685E+21,7.70533E+15,5.03365E+16
129629,129630,7,1,37,3,2016,7,16,4,3,4,6,0,0,0,0,0,1,0,1,3.86853E+20,5.58612E+21,7.40739E+15,5.04162E+16
129630,129631,7,1,31,70,2016,8,12,2,3,5,3,0,0,1,0,0,0,0,0,3.74616E+20,5.60463E+21,7.22901E+15,5.05801E+16
129631,129632,7,3,17,0,2016,7,15,7,3,5,3,0,0,0,1,0,1,0,0,3.98463E+20,5.45121E+21,7.60604E+15,4.92053E+16
129632,129633,7,1,38,63,2016,8,11,3,2,1,3,0,0,1,1,0,0,0,0,3.74787E+20,5.60984E+21,7.22967E+15,5.0627E+16
129633,129634,7,3,33,17,2016,8,14,7,2,5,3,0,0,0,0,0,1,0,1,4.28889E+20,5.49466E+21,8.01589E+15,4.96003E+16
129634,129635,7,2,32,18,2016,8,2,7,3,8,1,2,0,0,1,0,0,0,0,3.22384E+20,5.53714E+21,6.52357E+15,4.99601E+16
129635,129636,7,3,14,0,2016,8,16,2,3,3,5,0,0,1,1,0,0,0,0,4.60231E+20,5.48104E+21,8.45097E+15,4.94807E+16
129636,129637,7,3,39,30,2016,8,8,7,3,1,1,0,0,0,1,0,0,0,0,4.33841E+20,5.53664E+21,8.07726E+15,4.99785E+16
129637,129638,7,1,35,23,2016,8,12,7,2,0,7,0,0,0,1,0,0,0,0,3.6901E+20,5.5695E+21,7.16214E+15,5.02631E+16
129638,129639,7,3,38,19,2016,7,18,5,3,5,3,0,0,0,1,0,0,0,1,4.52645E+20,5.47688E+21,8.34675E+15,4.94428E+16
129639,129640,7,3,15,0,2016,8,14,7,3,5,3,0,0,1,1,0,0,0,0,4.48347E+20,5.53616E+21,8.27963E+15,4.99756E+16
129640,129641,7,3,20,0,2016,8,10,2,3,5,3,0,0,0,1,0,0,0,0,3.79467E+20,5.45684E+21,7.34366E+15,4.92524E+16
129641,129642,7,3,14,0,2016,8,15,2,3,6,4,0,0,0,1,1,0,0,0,4.5856E+20,5.47904E+21,8.42812E+15,4.94626E+16
129642,129643,7,1,32,63,2016,8,9,5,3,3,6,0,0,0,1,0,0,0,0,4.23286E+20,5.62937E+21,7.91113E+15,5.0811E+16
129643,129644,7,1,43,215,2016,8,17,6,3,7,1,0,0,1,1,0,0,0,0,4.17502E+20,5.60502E+21,7.83449E+15,5.05913E+16
129644,129645,7,2,35,125,2016,8,12,4,3,5,3,0,0,0,1,0,1,0,0,3.38223E+20,5.52191E+21,6.75059E+15,4.98278E+16
129645,129646,7,3,17,0,2016,7,18,3,2,0,7,0,0,0,1,1,0,0,0,3.98685E+20,5.44999E+21,7.60939E+15,4.91943E+16
129646,129647,7,1,40,158,2016,8,12,2,3,5,7,0,0,1,1,0,0,0,0,3.99316E+20,5.53977E+21,7.59504E+15,5.00018E+16
129647,129648,7,3,32,25,2016,7,11,3,3,5,3,0,0,0,1,0,0,1,0,4.45309E+20,5.46879E+21,8.24668E+15,4.93694E+16
129648,129649,7,3,40,14,2016,7,17,1,2,5,3,0,0,1,1,0,0,0,0,4.15734E+20,5.44975E+21,7.84339E+15,4.91947E+16
129649,129650,7,3,39,57,2016,7,21,7,2,1,5,2,1,1,1,0,0,0,0,4.3792E+20,5.52899E+21,8.13537E+15,4.99101E+16
129650,129651,7,1,11,0,2016,8,10,7,2,8,1,0,0,0,0,0,1,0,0,4.0183E+20,5.58021E+21,7.61966E+15,5.03657E+16
129651,129652,7,1,11,0,2016,8,11,7,3,2,7,0,0,0,1,0,0,0,1,4.00022E+20,5.58033E+21,7.59423E+15,5.03666E+16
129652,129653,7,3,11,0,2016,8,14,2,3,5,5,0,0,1,1,0,0,0,0,4.5334E+20,5.48748E+21,8.35509E+15,4.95381E+16
129653,129654,7,1,40,112,2016,8,14,5,2,0,5,0,1,0,1,0,1,0,0,4.08872E+20,5.55143E+21,7.72557E+15,5.01081E+16
129654,129655,7,3,34,501,2016,8,17,1,3,0,1,0,0,1,0,0,0,0,0,4.46433E+20,5.43321E+21,8.26691E+15,4.90494E+16
129655,129656,7,3,34,501,2016,8,9,1,3,3,2,0,0,1,1,0,0,0,0,4.45318E+20,5.43384E+21,8.25157E+15,4.9055E+16
129656,129657,7,3,32,9,2016,7,11,3,3,0,7,0,0,1,0,1,0,0,0,4.41687E+20,5.47289E+21,8.19619E+15,4.94059E+16
129657,129658,7,1,37,228,2016,8,19,4,3,1,5,0,0,0,0,0,1,0,1,3.90221E+20,5.58594E+21,7.45483E+15,5.04152E+16
129658,129659,7,3,38,6,2016,8,20,1,2,0,1,0,0,1,0,0,0,0,0,4.49982E+20,5.47537E+21,8.31021E+15,4.9429E+16
129659,129660,7,3,16,0,2016,7,13,3,3,0,1,0,1,1,0,0,0,0,0,4.37433E+20,5.46712E+21,8.13847E+15,4.93536E+16
129660,129661,7,3,12,0,2016,7,20,1,3,5,3,0,0,0,1,0,0,0,0,4.10734E+20,5.47768E+21,7.76853E+15,4.94452E+16
129661,129662,7,3,15,0,2016,7,11,6,2,6,5,0,0,0,1,1,0,0,0,4.44786E+20,5.53537E+21,8.23008E+15,4.99681E+16
129662,129663,7,3,38,25,2016,8,9,6,2,0,1,0,0,1,0,0,0,0,0,4.54399E+20,5.47065E+21,8.37166E+15,4.93868E+16
129663,129664,7,1,37,212,2016,8,13,5,1,5,2,0,0,0,1,0,1,0,0,3.92571E+20,5.57869E+21,7.48996E+15,5.03505E+16
129664,129665,7,3,12,0,2016,8,18,4,3,8,1,0,0,1,0,0,0,0,0,4.11027E+20,5.47652E+21,7.77283E+15,4.94348E+16
129665,129666,7,3,34,501,2016,7,17,1,3,0,6,0,0,1,0,1,0,0,0,4.45843E+20,5.43319E+21,8.25884E+15,4.90492E+16
129666,129667,7,3,34,501,2016,7,15,1,2,5,3,0,0,1,1,0,0,0,0,4.45939E+20,5.43328E+21,8.26013E+15,4.905E+16
129667,129668,7,3,38,25,2016,7,7,5,3,6,4,0,1,0,1,1,0,0,0,4.54481E+20,5.47091E+21,8.37276E+15,4.93891E+16
129668,129669,7,3,34,36,2016,8,17,2,3,0,6,0,0,1,1,0,0,0,0,4.45415E+20,5.45312E+21,8.25027E+15,4.92285E+16
129669,129670,7,3,32,25,2016,8,15,4,3,1,5,0,0,1,1,0,0,0,0,4.45859E+20,5.46844E+21,8.2543E+15,4.93662E+16
129670,129671,7,1,32,6,2016,8,18,6,3,4,2,0,0,0,1,0,0,0,0,4.19592E+20,5.62787E+21,7.85904E+15,5.0797E+16
129671,129672,7,3,37,24,2016,7,18,1,2,0,1,0,0,1,0,0,0,0,0,4.25133E+20,5.45476E+21,7.97144E+15,4.9241E+16
129672,129673,7,1,38,45,2016,7,11,6,2,3,6,0,0,1,1,0,0,0,0,3.93035E+20,5.58806E+21,7.49381E+15,5.04348E+16
129673,129674,7,3,11,0,2016,8,10,6,2,1,5,0,1,1,1,0,0,0,0,4.53323E+20,5.48734E+21,8.35488E+15,4.95369E+16
129674,129675,7,3,14,0,2016,8,18,2,3,6,1,0,0,1,0,1,0,0,0,4.59813E+20,5.48136E+21,8.44517E+15,4.94835E+16
129675,129676,7,3,34,501,2016,8,21,4,2,0,1,2,0,1,0,0,0,0,0,4.48001E+20,5.43126E+21,8.28862E+15,4.9032E+16
129676,129677,7,1,31,70,2016,8,13,6,3,3,2,0,0,0,1,0,1,0,0,3.74855E+20,5.60443E+21,7.23245E+15,5.05783E+16
129677,129678,7,3,38,25,2016,8,20,1,3,5,3,0,0,1,1,0,0,0,0,4.55523E+20,5.46977E+21,8.38725E+15,4.9379E+16
129678,129679,7,1,11,0,2016,7,0,1,3,0,6,2,0,1,1,0,0,0,0,4.00903E+20,5.58122E+21,7.60637E+15,5.03747E+16
129679,129680,7,1,11,0,2016,8,2,7,3,0,7,2,0,1,0,1,0,0,0,4.00192E+20,5.57949E+21,7.59683E+15,5.0359E+16
129680,129681,7,3,14,0,2016,7,6,5,3,0,1,0,1,1,0,0,0,0,0,4.55421E+20,5.48749E+21,8.38384E+15,4.95384E+16
129681,129682,7,3,15,0,2016,8,11,6,3,6,6,0,0,1,0,1,0,0,0,4.46663E+20,5.54021E+21,8.25558E+15,5.00119E+16
129682,129683,7,1,33,6,2016,8,17,2,3,5,3,0,0,1,1,0,0,0,0,4.17765E+20,5.52183E+21,7.85624E+15,4.98432E+16
129683,129684,7,3,31,3,2016,8,11,2,3,6,7,0,0,0,1,1,0,0,0,4.37994E+20,5.5108E+21,8.13932E+15,4.97465E+16
129684,129685,7,3,34,501,2016,8,15,4,2,9,1,0,0,1,0,0,0,0,0,4.48075E+20,5.43218E+21,8.28951E+15,4.90403E+16
129685,129686,7,1,40,45,2016,8,20,6,3,5,3,1,0,0,1,0,0,0,0,3.96961E+20,5.55906E+21,7.557E+15,5.01748E+16
129686,129687,7,1,37,216,2016,8,17,4,3,5,2,0,0,0,1,0,0,0,0,3.9521E+20,5.58363E+21,7.52567E+15,5.03954E+16
129687,129688,7,3,34,1,2016,7,15,3,3,5,7,0,0,1,1,0,0,0,0,4.47145E+20,5.44888E+21,8.27459E+15,4.91904E+16
129688,129689,7,3,14,0,2016,8,22,1,3,0,1,0,0,1,0,0,0,0,0,4.56547E+20,5.47904E+21,8.40034E+15,4.94624E+16
129689,129690,7,3,18,0,2016,7,17,3,3,5,3,0,0,1,0,0,0,0,0,4.59034E+20,5.46451E+21,8.43616E+15,4.93319E+16
129690,129691,7,1,37,216,2016,8,12,4,3,6,1,0,0,0,1,1,0,0,0,3.94778E+20,5.58377E+21,7.51955E+15,5.03966E+16
129691,129692,7,3,11,0,2016,7,0,3,3,5,3,2,0,0,1,0,0,0,0,4.53861E+20,5.48714E+21,8.36233E+15,4.95351E+16
129692,129693,7,2,31,134,2016,8,10,1,2,4,2,0,0,0,1,0,1,0,0,3.48304E+20,5.53885E+21,6.884E+15,4.99827E+16
129693,129694,7,3,14,0,2016,7,15,3,3,6,7,0,0,0,1,1,0,0,0,4.59978E+20,5.4803E+21,8.44756E+15,4.9474E+16
129694,129695,7,1,11,0,2016,7,10,1,2,8,1,0,0,1,0,0,0,0,0,4.0126E+20,5.58005E+21,7.61169E+15,5.03642E+16
129695,129696,7,1,31,202,2016,7,18,1,3,1,5,0,0,0,1,0,1,0,0,3.77024E+20,5.59087E+21,7.26754E+15,5.0457E+16
129696,129697,7,2,11,0,2016,8,13,3,3,2,6,0,0,0,1,0,0,0,0,3.29648E+20,5.51437E+21,6.63477E+15,4.97576E+16
129697,129698,7,2,32,18,2016,8,22,6,3,8,1,2,0,0,1,0,0,0,0,3.22411E+20,5.53845E+21,6.52333E+15,4.99719E+16
129698,129699,7,3,12,0,2016,8,16,6,3,5,2,0,0,0,1,0,1,0,0,4.0989E+20,5.47695E+21,7.75706E+15,4.94386E+16
129699,129700,7,3,19,0,2016,7,10,5,3,0,1,0,1,0,0,0,1,0,0,4.53042E+20,5.49825E+21,8.34968E+15,4.9635E+16
129700,129701,7,1,41,75,2016,8,15,6,3,5,3,0,0,1,1,0,0,0,0,4.00207E+20,5.57532E+21,7.59815E+15,5.03215E+16
129701,129702,7,1,37,14,2016,8,19,2,3,8,6,1,0,0,1,0,1,0,0,3.58252E+20,5.57463E+21,7.00936E+15,5.03067E+16
129702,129703,7,3,37,38,2016,8,12,4,3,5,3,0,0,1,0,0,0,1,0,4.41023E+20,5.44385E+21,8.19132E+15,4.91446E+16
129703,129704,7,3,17,0,2016,8,10,5,3,6,4,0,1,0,1,1,0,0,0,3.97798E+20,5.45024E+21,7.59716E+15,4.91965E+16
129704,129705,7,1,11,0,2016,8,10,4,3,6,7,0,0,0,0,0,0,0,1,3.97139E+20,5.58084E+21,7.55356E+15,5.03707E+16
129705,129706,7,1,33,103,2016,7,11,3,2,8,1,0,1,0,0,0,1,0,0,4.11453E+20,5.5329E+21,7.76593E+15,4.99419E+16
129706,129707,7,2,35,36,2016,8,18,1,2,5,3,0,0,0,1,0,0,0,0,3.48472E+20,5.49998E+21,6.90151E+15,4.96333E+16
129707,129708,7,2,35,58,2016,7,20,3,3,0,1,1,0,1,0,0,0,0,0,3.42661E+20,5.50002E+21,6.82107E+15,4.96322E+16
129708,129709,7,3,14,0,2016,7,11,7,3,6,6,0,0,0,1,1,0,0,0,4.59297E+20,5.48205E+21,8.43798E+15,4.94898E+16
129709,129710,7,3,15,0,2016,7,14,7,3,3,7,0,0,0,1,0,1,0,0,4.47071E+20,5.53786E+21,8.2616E+15,4.99907E+16
129710,129711,7,3,17,0,2016,8,9,5,2,9,7,0,0,0,1,0,0,0,0,3.96857E+20,5.45406E+21,7.58327E+15,4.92306E+16
129711,129712,7,3,38,25,2016,8,9,4,3,5,3,0,0,1,1,0,0,0,0,4.55589E+20,5.47022E+21,8.38811E+15,4.93831E+16
129712,129713,7,3,19,0,2016,7,19,7,3,8,1,0,0,0,1,0,0,0,0,4.53727E+20,5.49834E+21,8.35916E+15,4.96358E+16
129713,129714,7,3,12,0,2016,7,10,7,3,5,3,0,0,1,1,0,0,0,0,4.10906E+20,5.47731E+21,7.77099E+15,4.9442E+16
129714,129715,7,1,33,501,2016,8,18,5,3,5,3,0,0,1,0,0,0,0,0,4.02904E+20,5.51582E+21,7.6511E+15,4.9787E+16
129715,129716,7,3,34,1,2016,8,14,6,3,1,5,0,0,1,1,0,0,0,0,4.4748E+20,5.44883E+21,8.2792E+15,4.91901E+16
129716,129717,7,3,15,0,2016,8,20,4,3,6,7,0,1,0,1,1,0,0,0,4.48369E+20,5.53396E+21,8.28022E+15,4.99558E+16