FID,OBJECTID,ULAND,UREGBEZ,UKREIS,UGEMEINDE,UJAHR,UMONAT,USTUNDE,UWOCHENTAG,UKATEGORIE,UART,UTYP1,ULICHTVERH,IstStrasse,IstRad,IstPKW,IstFuss,IstKrad,IstGkfz,IstSonstig,LINREFX,LINREFY,XGCSWGS84,YGCSWGS84
129717,129718,7,1,31,77,2016,8,16,1,3,2,7,0,0,0,1,0,0,0,0,3.76642E+20,5.60046E+21,7.25899E+15,5.05431E+16
129718,129719,7,1,38,73,2016,7,18,7,3,5,3,0,0,1,1,0,0,0,0,3.73959E+20,5.60752E+21,7.21876E+15,5.06059E+16
129719,129720,7,2,32,18,2016,7,1,6,3,0,7,2,1,0,1,0,0,0,0,3.22303E+20,5.53784E+21,6.52211E+15,4.99664E+16
129720,129721,7,1,33,6,2016,8,17,5,3,6,4,0,0,0,1,1,0,0,0,4.18356E+20,5.52215E+21,7.86439E+15,4.98462E+16
129721,129722,7,1,34,5,2016,8,11,2,3,1,5,0,0,0,0,1,0,1,1,3.7843E+20,5.49929E+21,7.31639E+15,4.96339E+16
129722,129723,7,2,32,18,2016,8,13,4,3,1,1,0,1,1,1,0,0,0,0,3.22268E+20,5.53775E+21,6.52166E+15,4.99656E+16
129723,129724,7,1,37,3,2016,7,17,7,3,5,3,0,0,1,1,0,0,0,0,3.87439E+20,5.58846E+21,7.41493E+15,5.04373E+16
129724,129725,7,1,34,10,2016,8,0,4,3,0,4,2,1,0,0,1,1,0,0,3.6781E+20,5.50116E+21,7.16876E+15,4.96485E+16
129725,129726,7,1,40,36,2016,8,12,1,2,5,3,0,0,0,1,0,0,0,0,3.96938E+20,5.55715E+21,7.55719E+15,5.01576E+16
129726,129727,7,1,11,0,2016,8,16,1,3,6,2,0,0,0,1,1,0,0,0,4.00548E+20,5.5799E+21,7.60174E+15,5.03627E+16
129727,129728,7,2,11,0,2016,7,10,3,3,3,1,0,1,1,1,0,0,0,0,3.30469E+20,5.51521E+21,6.64579E+15,4.97654E+16
129728,129729,7,1,37,203,2016,7,19,7,2,6,4,0,0,0,1,1,0,0,0,3.98753E+20,5.5865E+21,7.57472E+15,5.04218E+16
129729,129730,7,3,12,0,2016,7,11,5,3,9,1,0,1,0,1,0,0,0,0,4.07454E+20,5.48198E+21,7.72228E+15,4.94834E+16
129730,129731,7,3,15,0,2016,8,9,5,3,2,6,0,0,0,1,0,0,0,0,4.47744E+20,5.53812E+21,8.27095E+15,4.99932E+16
129731,129732,7,1,43,290,2016,8,9,2,2,0,7,0,0,0,0,0,0,0,1,4.26319E+20,5.59592E+21,7.96084E+15,5.05106E+16
129732,129733,7,2,11,0,2016,8,11,4,3,5,3,0,1,1,1,0,0,0,0,3.28131E+20,5.51132E+21,6.61507E+15,4.97298E+16
129733,129734,7,3,36,54,2016,8,17,5,2,6,7,0,0,0,1,1,0,0,0,3.78897E+20,5.48057E+21,7.32862E+15,4.94657E+16
129734,129735,7,3,17,0,2016,8,12,3,3,4,2,0,0,0,1,0,0,0,0,3.99335E+20,5.45202E+21,7.61781E+15,4.92127E+16
129735,129736,7,3,38,1,2016,8,21,7,3,0,3,2,0,1,1,0,0,0,0,4.63881E+20,5.47559E+21,8.50186E+15,4.94319E+16
129736,129737,7,3,38,1,2016,7,15,6,3,4,5,0,0,1,1,0,0,0,0,4.64089E+20,5.47578E+21,8.50471E+15,4.94337E+16
129737,129738,7,3,14,0,2016,7,16,1,3,5,3,0,0,1,1,0,0,0,0,4.55844E+20,5.486E+21,8.38986E+15,4.95251E+16
129738,129739,7,1,34,45,2016,8,6,5,3,1,5,1,0,0,1,0,0,0,1,3.79856E+20,5.50912E+21,7.33312E+15,4.97226E+16
129739,129740,7,3,13,0,2016,8,17,6,3,1,6,0,0,0,1,0,0,0,0,4.36017E+20,5.45125E+21,8.12152E+15,4.92107E+16
129740,129741,7,3,39,49,2016,7,19,5,3,4,6,0,0,1,1,0,0,0,0,4.54063E+20,5.5222E+21,8.361E+15,4.98505E+16
129741,129742,7,3,15,0,2016,7,12,6,3,0,7,0,0,0,0,0,1,0,0,4.47037E+20,5.53436E+21,8.2616E+15,4.99592E+16
129742,129743,7,2,11,0,2016,7,22,5,3,8,1,2,1,0,1,0,0,0,0,3.30775E+20,5.51333E+21,6.65085E+15,4.97486E+16
129743,129744,7,1,41,42,2016,8,18,2,3,5,2,0,0,0,1,0,1,0,0,3.98953E+20,5.56607E+21,7.58302E+15,5.02381E+16
129744,129745,7,2,11,0,2016,8,11,4,3,2,6,0,1,0,1,0,0,0,0,3.3015E+20,5.51471E+21,6.64158E+15,4.97609E+16
129745,129746,7,3,12,0,2016,8,8,5,3,5,2,0,0,1,1,0,0,0,0,4.10342E+20,5.47782E+21,7.7631E+15,4.94464E+16
129746,129747,7,3,37,40,2016,8,7,3,2,4,2,0,0,0,0,0,1,0,1,4.3078E+20,5.44431E+21,8.05081E+15,4.91477E+16
129747,129748,7,2,35,137,2016,7,17,3,3,0,7,0,0,0,0,0,1,0,0,3.23234E+20,5.51663E+21,6.54477E+15,4.97761E+16
129748,129749,7,3,14,0,2016,8,14,7,3,1,5,0,0,1,1,0,0,0,0,4.59076E+20,5.48032E+21,8.43511E+15,4.94742E+16
129749,129750,7,1,31,6,2016,7,15,3,3,3,6,0,0,1,1,0,0,0,0,3.79657E+20,5.59616E+21,7.30292E+15,5.0505E+16
129750,129751,7,3,15,0,2016,7,18,6,3,3,6,0,0,0,1,0,1,0,0,4.47369E+20,5.53896E+21,8.26561E+15,5.00006E+16
129751,129752,7,1,11,0,2016,7,18,1,2,9,7,0,0,0,1,0,0,0,0,4.0104E+20,5.57745E+21,7.6093E+15,5.03408E+16
129752,129753,7,1,38,4,2016,8,16,3,3,4,5,0,0,1,1,0,0,0,0,3.79119E+20,5.59907E+21,7.29439E+15,5.05311E+16
129753,129754,7,1,11,0,2016,8,11,5,3,1,5,0,0,1,1,0,0,0,0,3.9681E+20,5.57832E+21,7.54962E+15,5.03479E+16
129754,129755,7,3,13,0,2016,8,9,6,3,0,6,0,0,1,1,0,0,0,0,4.35718E+20,5.45047E+21,8.11753E+15,4.92037E+16
129755,129756,7,3,39,43,2016,8,20,1,2,0,7,1,0,0,1,0,0,0,1,4.5247E+20,5.52394E+21,8.33862E+15,4.9866E+16
129756,129757,7,1,38,73,2016,8,18,4,3,3,6,0,0,1,1,0,0,0,0,3.74553E+20,5.60805E+21,7.22697E+15,5.06108E+16
129757,129758,7,3,38,17,2016,8,17,3,2,0,1,0,0,0,0,0,1,0,0,4.56356E+20,5.47395E+21,8.39827E+15,4.94166E+16
129758,129759,7,1,11,0,2016,8,17,5,3,5,3,0,1,0,1,0,0,0,0,4.04111E+20,5.58033E+21,7.6517E+15,5.03672E+16
129759,129760,7,1,31,70,2016,8,16,2,3,2,2,0,0,0,1,0,1,0,0,3.76247E+20,5.6036E+21,7.25238E+15,5.05712E+16
129760,129761,7,2,31,8,2016,8,5,1,3,8,1,2,0,0,1,0,0,0,0,3.59317E+20,5.53406E+21,7.03927E+15,4.99423E+16
129761,129762,7,3,36,55,2016,8,15,3,3,5,3,0,0,1,1,0,0,0,0,3.84088E+20,5.48876E+21,7.39782E+15,4.95404E+16
129762,129763,7,3,16,0,2016,8,12,5,3,6,4,0,0,0,1,1,0,0,0,4.37112E+20,5.46552E+21,8.1343E+15,4.93391E+16
129763,129764,7,3,38,19,2016,8,9,3,3,5,6,0,0,1,1,0,0,0,0,4.52778E+20,5.4761E+21,8.34868E+15,4.94357E+16
129764,129765,7,1,11,0,2016,7,18,3,3,2,6,0,0,1,0,0,0,0,0,4.00825E+20,5.57993E+21,7.60561E+15,5.03631E+16
129765,129766,7,3,15,0,2016,8,21,7,2,6,4,1,0,0,1,1,0,0,0,4.49043E+20,5.53692E+21,8.28923E+15,4.99825E+16
129766,129767,7,1,11,0,2016,7,17,3,3,0,1,0,0,1,0,0,0,0,0,3.99802E+20,5.57901E+21,7.59148E+15,5.03546E+16
129767,129768,7,3,15,0,2016,7,9,6,3,6,4,0,0,0,1,1,0,0,0,4.47622E+20,5.53876E+21,8.26916E+15,4.99989E+16
129768,129769,7,1,33,6,2016,7,12,7,3,2,6,0,0,0,1,0,0,0,0,4.20402E+20,5.52338E+21,7.89259E+15,4.98575E+16
129769,129770,7,3,35,38,2016,8,18,4,3,1,1,0,1,1,1,0,0,0,0,3.95251E+20,5.47816E+21,7.55487E+15,4.94471E+16
129770,129771,7,3,13,0,2016,8,9,6,2,6,4,0,0,0,1,1,0,0,0,4.35522E+20,5.45012E+21,8.11489E+15,4.92005E+16
129771,129772,7,3,37,501,2016,8,15,3,2,0,6,0,0,0,0,0,0,0,1,4.27119E+20,5.45237E+21,7.99916E+15,4.92198E+16
129772,129773,7,1,41,201,2016,8,11,7,3,8,1,0,0,0,1,0,0,0,0,4.10996E+20,5.58141E+21,7.74824E+15,5.03781E+16
129773,129774,7,3,14,0,2016,7,12,2,3,3,6,0,0,0,1,0,1,0,0,4.56004E+20,5.48728E+21,8.39193E+15,4.95365E+16
129774,129775,7,3,15,0,2016,7,3,6,3,8,1,2,1,0,1,0,0,0,1,4.4803E+20,5.53838E+21,8.2749E+15,4.99955E+16
129775,129776,7,2,11,0,2016,7,11,6,3,5,3,0,0,1,1,0,0,0,0,3.31357E+20,5.51448E+21,6.65843E+15,4.97591E+16
129776,129777,7,3,32,47,2016,8,10,4,2,8,1,0,0,1,0,0,0,0,0,4.32353E+20,5.48615E+21,8.06528E+15,4.95242E+16
129777,129778,7,1,38,68,2016,8,15,7,3,1,1,0,0,0,1,0,0,0,1,3.82039E+20,5.60484E+21,7.33375E+15,5.05836E+16
129778,129779,7,1,33,6,2016,7,14,2,3,0,5,0,0,1,1,0,0,0,0,4.18237E+20,5.52204E+21,7.86276E+15,4.98452E+16
129779,129780,7,2,31,134,2016,7,15,6,3,6,6,0,0,1,0,1,0,0,0,3.48304E+20,5.53885E+21,6.884E+15,4.99827E+16
129780,129781,7,3,31,34,2016,7,16,6,3,4,6,0,0,0,1,0,0,0,0,4.54962E+20,5.51448E+21,8.3744E+15,4.97811E+16
129781,129782,7,3,13,0,2016,8,8,4,3,0,7,0,0,1,1,0,0,0,0,4.35989E+20,5.45045E+21,8.12125E+15,4.92035E+16
129782,129783,7,3,13,0,2016,8,0,6,3,5,3,2,0,1,1,0,0,0,0,4.35986E+20,5.44982E+21,8.12132E+15,4.91978E+16
129783,129784,7,1,33,501,2016,8,8,3,3,6,1,0,1,0,1,1,0,0,0,4.02983E+20,5.51558E+21,7.65227E+15,4.97848E+16
129784,129785,7,3,39,21,2016,8,14,3,3,5,3,0,1,0,1,0,0,0,0,4.22765E+20,5.52852E+21,7.92444E+15,4.99041E+16
129785,129786,7,1,32,501,2016,8,21,7,2,1,5,2,0,0,1,0,0,0,0,4.02825E+20,5.61514E+21,7.62456E+15,5.068E+16
129786,129787,7,1,34,5,2016,7,19,6,3,0,3,0,0,1,1,0,0,0,0,3.7912E+20,5.49786E+21,7.32639E+15,4.96212E+16
129787,129788,7,1,11,0,2016,8,14,4,3,1,5,0,0,0,1,0,0,0,0,3.99575E+20,5.58335E+21,7.58713E+15,5.03936E+16
129788,129789,7,1,37,68,2016,8,8,2,3,5,3,0,0,0,1,0,0,0,0,3.74701E+20,5.57681E+21,7.23952E+15,5.03301E+16
129789,129790,7,1,33,54,2016,8,9,3,2,5,3,0,1,0,1,0,0,0,0,4.20786E+20,5.52822E+21,7.89695E+15,4.99011E+16
129790,129791,7,3,38,25,2016,8,16,5,2,5,3,0,0,1,1,0,0,0,0,4.5517E+20,5.46897E+21,8.38247E+15,4.93718E+16
129791,129792,7,3,14,0,2016,8,14,3,3,4,6,0,0,0,0,0,0,1,1,4.57153E+20,5.4772E+21,8.4089E+15,4.9446E+16
129792,129793,7,3,33,39,2016,7,9,2,2,6,7,0,0,0,1,1,0,0,0,4.28926E+20,5.50181E+21,8.01511E+15,4.96646E+16
129793,129794,7,3,36,95,2016,8,13,1,3,7,1,0,0,1,0,0,0,0,0,3.92568E+20,5.49614E+21,7.51298E+15,4.96083E+16
129794,129795,7,3,15,0,2016,8,12,3,2,5,2,0,1,0,1,0,1,0,0,4.47037E+20,5.53436E+21,8.2616E+15,4.99592E+16
129795,129796,7,3,15,0,2016,8,18,5,3,6,4,0,0,1,0,1,0,0,0,4.41996E+20,5.5346E+21,8.1913E+15,4.9961E+16
129796,129797,7,1,38,45,2016,8,17,7,3,5,3,0,0,0,1,0,0,0,0,3.91016E+20,5.58819E+21,7.46536E+15,5.04356E+16
129797,129798,7,1,34,45,2016,7,2,6,3,8,1,2,1,0,1,0,0,0,0,3.8437E+20,5.5096E+21,7.39557E+15,4.97278E+16
129798,129799,7,2,11,0,2016,7,12,5,3,3,6,0,0,0,1,0,0,0,1,3.30514E+20,5.51445E+21,6.64675E+15,4.97586E+16
129799,129800,7,3,12,0,2016,8,13,3,3,1,7,0,0,1,0,0,1,0,0,4.10942E+20,5.47773E+21,7.7714E+15,4.94457E+16
129800,129801,7,3,11,0,2016,8,19,1,3,5,2,0,0,1,1,0,0,0,0,4.52161E+20,5.48675E+21,8.33889E+15,4.95315E+16
129801,129802,7,1,43,238,2016,8,20,3,3,6,6,1,1,0,1,1,0,0,0,4.27075E+20,5.6035E+21,7.97002E+15,5.05788E+16
129802,129803,7,1,11,0,2016,8,13,5,3,6,7,0,0,0,1,1,0,0,0,4.00099E+20,5.57846E+21,7.5958E+15,5.03497E+16
129803,129804,7,3,14,0,2016,8,10,3,3,6,2,0,0,0,1,1,0,0,0,4.59867E+20,5.48081E+21,8.44598E+15,4.94786E+16
129804,129805,7,3,15,0,2016,7,14,2,3,3,6,0,0,1,1,0,0,0,0,4.44493E+20,5.54142E+21,8.22512E+15,5.00225E+16
129805,129806,7,1,11,0,2016,8,7,7,3,3,7,0,0,0,1,0,0,0,0,3.9851E+20,5.57775E+21,7.57367E+15,5.03431E+16
129806,129807,7,3,15,0,2016,7,8,2,3,6,6,0,0,1,0,1,0,0,0,4.47694E+20,5.53864E+21,8.27018E+15,4.99978E+16
129807,129808,7,2,11,0,2016,7,19,6,3,0,7,0,0,1,0,0,0,0,0,3.33572E+20,5.5188E+21,6.6873E+15,4.97986E+16
129808,129809,7,3,35,38,2016,7,10,7,3,0,7,0,0,1,0,0,0,0,0,3.95543E+20,5.47941E+21,7.55857E+15,4.94584E+16
129809,129810,7,1,37,216,2016,8,13,3,3,5,7,0,0,0,1,0,0,0,0,3.94268E+20,5.58373E+21,7.51239E+15,5.03961E+16
129810,129811,7,3,38,20,2016,8,17,3,1,0,1,2,0,1,0,0,0,0,0,4.58667E+20,5.47562E+21,8.42996E+15,4.94319E+16
129811,129812,7,3,31,24,2016,8,20,6,3,8,1,0,0,0,1,0,0,0,0,4.383E+20,5.50496E+21,8.14449E+15,4.9694E+16
129812,129813,7,3,40,9,2016,8,21,6,3,4,6,1,0,0,1,0,1,0,0,4.13347E+20,5.44588E+21,7.81148E+15,4.91596E+16
129813,129814,7,2,33,501,2016,7,14,2,3,4,1,0,0,0,1,0,0,0,0,3.44996E+20,5.56305E+21,6.82808E+15,5.01993E+16
129814,129815,7,1,37,68,2016,7,15,6,3,5,3,0,1,0,1,0,1,0,0,3.74554E+20,5.57752E+21,7.23722E+15,5.03364E+16
129815,129816,7,2,11,0,2016,7,16,1,3,0,2,0,0,1,1,0,0,0,0,3.30597E+20,5.51434E+21,6.64795E+15,4.97576E+16
129816,129817,7,1,33,114,2016,8,18,3,3,0,7,0,0,1,0,0,0,0,0,4.15162E+20,5.52904E+21,7.81846E+15,4.99078E+16
129817,129818,7,3,19,0,2016,8,21,6,3,4,2,2,1,0,1,0,0,0,0,4.52944E+20,5.49849E+21,8.3483E+15,4.96371E+16
129818,129819,7,1,11,0,2016,7,1,5,2,0,7,2,1,1,0,0,0,0,0,4.00162E+20,5.57981E+21,7.59633E+15,5.03619E+16
129819,129820,7,2,11,0,2016,8,17,3,3,0,7,0,0,1,0,0,0,0,0,3.30147E+20,5.51457E+21,6.6416E+15,4.97596E+16
129820,129821,7,2,11,0,2016,8,15,1,2,0,7,0,0,0,1,1,0,0,0,3.33297E+20,5.51671E+21,6.68438E+15,4.97797E+16
129821,129822,7,1,43,229,2016,8,10,3,3,5,3,0,1,0,1,0,1,0,0,4.16194E+20,5.61315E+21,7.8142E+15,5.06641E+16
129822,129823,7,3,12,0,2016,8,16,4,3,0,1,0,0,0,0,0,1,0,0,4.07431E+20,5.47745E+21,7.72303E+15,4.94426E+16
129823,129824,7,3,39,43,2016,8,11,3,3,1,1,0,0,1,1,0,0,0,0,4.52405E+20,5.52472E+21,8.33763E+15,4.9873E+16
129824,129825,7,2,33,35,2016,7,17,2,2,4,6,0,0,1,1,0,0,0,0,3.27801E+20,5.57978E+21,6.57975E+15,5.03449E+16
129825,129826,7,3,35,3,2016,8,14,6,3,5,3,0,0,1,1,0,0,0,0,3.88048E+20,5.47113E+21,7.45752E+15,4.93825E+16
129826,129827,7,1,34,45,2016,7,15,2,3,5,3,0,0,0,1,0,1,0,0,3.83328E+20,5.50927E+21,7.38122E+15,4.97246E+16
129827,129828,7,3,33,84,2016,7,7,5,3,4,6,0,0,0,1,0,0,1,0,4.17895E+20,5.50081E+21,7.86248E+15,4.96543E+16
129828,129829,7,3,15,0,2016,7,18,7,3,6,4,0,0,0,1,1,0,0,0,4.4824E+20,5.53888E+21,8.27776E+15,5E+16
129829,129830,7,3,40,4,2016,8,16,2,3,0,7,0,0,0,0,0,1,0,0,4.10835E+20,5.44471E+21,7.77728E+15,4.91487E+16
129830,129831,7,3,15,0,2016,8,19,6,3,5,3,0,0,1,0,0,0,0,1,4.46813E+20,5.53715E+21,8.2581E+15,4.99843E+16
129831,129832,7,1,37,3,2016,8,13,3,3,1,6,0,1,0,1,0,0,0,0,3.8657E+20,5.5879E+21,7.40286E+15,5.04322E+16
129832,129833,7,3,12,0,2016,8,8,6,3,6,2,0,0,0,1,1,0,0,0,4.10596E+20,5.47771E+21,7.76663E+15,4.94455E+16
129833,129834,7,1,31,77,2016,8,17,3,3,2,2,0,1,0,1,0,1,0,0,3.76506E+20,5.60093E+21,7.25691E+15,5.05473E+16
129834,129835,7,2,32,296,2016,8,17,3,3,5,7,0,0,0,1,0,0,0,0,3.16032E+20,5.56472E+21,6.42182E+15,5.0206E+16
129835,129836,7,3,12,0,2016,8,23,6,3,1,6,2,0,0,1,0,1,0,0,4.12278E+20,5.47764E+21,7.78984E+15,4.94451E+16
129836,129837,7,1,38,45,2016,7,18,2,3,5,7,0,0,0,1,0,0,0,1,3.91919E+20,5.58703E+21,7.4784E+15,5.04253E+16
129837,129838,7,3,38,7,2016,7,21,5,3,5,3,0,0,1,1,0,0,0,0,4.55845E+20,5.46363E+21,8.39236E+15,4.93238E+16
129838,129839,7,2,32,18,2016,7,12,6,3,5,3,0,0,0,1,0,1,0,0,3.22325E+20,5.53799E+21,6.52236E+15,4.99678E+16
129839,129840,7,3,40,29,2016,8,11,2,3,0,7,0,0,0,0,0,1,0,0,4.02918E+20,5.43716E+21,7.67056E+15,4.90796E+16
129840,129841,7,2,11,0,2016,8,10,1,3,3,2,0,0,1,1,0,0,0,0,3.30403E+20,5.51455E+21,6.64517E+15,4.97595E+16
129841,129842,7,3,34,501,2016,8,14,2,2,1,6,0,0,0,1,0,0,0,0,4.48517E+20,5.43477E+21,8.29522E+15,4.90636E+16
129842,129843,7,3,14,0,2016,7,21,5,3,7,7,2,0,1,0,0,0,0,0,4.60282E+20,5.4811E+21,8.45168E+15,4.94812E+16
129843,129844,7,3,14,0,2016,7,17,5,2,5,2,0,0,1,1,0,0,0,0,4.60244E+20,5.48119E+21,8.45114E+15,4.9482E+16
129844,129845,7,3,32,25,2016,8,11,6,3,0,1,0,1,1,0,0,0,0,1,4.45357E+20,5.46937E+21,8.24727E+15,4.93746E+16
129845,129846,7,3,34,33,2016,7,7,1,2,0,1,0,0,1,0,0,0,0,0,4.50893E+20,5.45459E+21,8.32533E+15,4.92422E+16
129846,129847,7,3,15,0,2016,7,11,5,3,6,7,0,0,0,1,1,0,0,0,4.46951E+20,5.53916E+21,8.25974E+15,5.00024E+16
129847,129848,7,1,11,0,2016,7,11,6,3,1,7,0,0,0,1,0,0,1,0,3.98689E+20,5.58219E+21,7.57499E+15,5.0383E+16
129848,129849,7,3,36,58,2016,8,15,2,2,0,1,0,0,1,0,0,0,0,0,3.9824E+20,5.50077E+21,7.59026E+15,4.96509E+16
129849,129850,7,1,38,45,2016,8,5,1,3,8,7,1,0,0,1,0,0,0,0,3.97114E+20,5.5897E+21,7.55078E+15,5.04503E+16
129850,129851,7,3,34,28,2016,8,15,2,3,0,6,0,0,1,0,0,0,0,1,4.51003E+20,5.4575E+21,8.32649E+15,4.92683E+16
129851,129852,7,3,12,0,2016,8,11,4,3,5,3,0,0,0,1,0,0,0,0,4.08825E+20,5.47755E+21,7.74223E+15,4.94438E+16
129852,129853,7,3,14,0,2016,8,17,6,3,1,5,0,0,1,1,0,0,0,0,4.60064E+20,5.48114E+21,8.44865E+15,4.94816E+16
129853,129854,7,2,32,18,2016,8,13,6,3,5,3,0,0,0,1,0,0,0,0,3.22303E+20,5.53748E+21,6.52229E+15,4.99632E+16
129854,129855,7,3,34,17,2016,7,9,4,3,1,5,0,0,1,1,0,0,0,0,4.52204E+20,5.45531E+21,8.34326E+15,4.92487E+16
129855,129856,7,1,37,3,2016,9,16,5,3,0,7,0,0,1,0,0,0,0,0,3.88064E+20,5.58823E+21,7.4238E+15,5.04354E+16
129856,129857,7,1,41,75,2016,9,13,7,3,0,1,0,0,1,0,0,0,0,0,4.01954E+20,5.57145E+21,7.62369E+15,5.0287E+16
129857,129858,7,1,32,201,2016,9,18,3,3,5,3,0,0,1,0,0,0,0,0,4.07985E+20,5.6115E+21,7.69848E+15,5.06481E+16
129858,129859,7,1,35,20,2016,9,7,5,3,6,4,0,0,1,0,1,0,0,0,3.69671E+20,5.55555E+21,7.1762E+15,5.01378E+16
129859,129860,7,3,36,55,2016,8,10,3,3,1,2,0,0,0,1,0,1,0,0,3.84214E+20,5.4886E+21,7.39962E+15,4.95389E+16
129860,129861,7,2,32,18,2016,8,15,7,3,6,1,0,0,0,1,1,0,0,0,3.22525E+20,5.5382E+21,6.52504E+15,4.99697E+16
129861,129862,7,2,35,56,2016,9,22,7,3,9,1,2,0,0,1,0,0,0,0,3.36927E+20,5.51459E+21,6.73566E+15,4.97617E+16
129862,129863,7,3,12,0,2016,8,16,3,3,6,1,0,0,0,1,1,0,0,0,4.07955E+20,5.47754E+21,7.73024E+15,4.94436E+16
129863,129864,7,1,32,117,2016,9,16,7,3,5,3,0,0,0,1,0,1,0,0,4.11606E+20,5.6241E+21,7.74666E+15,5.07619E+16
129864,129865,7,1,11,0,2016,9,12,5,3,1,7,0,0,0,1,0,0,0,0,4.00317E+20,5.57699E+21,7.59925E+15,5.03366E+16
129865,129866,7,1,11,0,2016,8,1,5,3,8,1,2,0,0,1,0,0,0,0,4.01449E+20,5.5793E+21,7.61456E+15,5.03576E+16
129866,129867,7,3,34,28,2016,9,15,3,3,1,5,0,0,1,1,0,0,0,0,4.51298E+20,5.45768E+21,8.33052E+15,4.92699E+16
129867,129868,7,3,39,5,2016,8,10,4,3,5,3,0,0,1,1,0,0,0,0,4.25608E+20,5.53509E+21,7.96275E+15,4.99635E+16
129868,129869,7,1,37,3,2016,9,15,3,3,5,3,0,0,0,1,0,1,0,0,3.86812E+20,5.58604E+21,7.40683E+15,5.04155E+16
129869,129870,7,1,41,75,2016,9,20,5,3,8,7,2,0,0,1,0,0,0,0,4.01545E+20,5.57253E+21,7.61767E+15,5.02967E+16
129870,129871,7,3,18,0,2016,8,12,6,3,5,3,0,0,0,1,0,0,0,0,4.59083E+20,5.46496E+21,8.43679E+15,4.9336E+16
129871,129872,7,2,11,0,2016,9,3,7,3,8,1,2,0,0,1,0,0,0,0,3.33157E+20,5.51624E+21,6.68265E+15,4.97754E+16
129872,129873,7,3,13,0,2016,8,19,3,3,0,6,1,0,0,1,0,1,0,0,4.35495E+20,5.45007E+21,8.11454E+15,4.92E+16
129873,129874,7,1,37,228,2016,9,12,7,3,1,1,0,0,1,1,0,0,0,0,3.89878E+20,5.58674E+21,7.44976E+15,5.04224E+16
129874,129875,7,3,38,4,2016,8,18,3,3,5,3,0,0,0,1,0,0,0,0,4.53265E+20,5.49246E+21,8.35347E+15,4.95829E+16
129875,129876,7,3,12,0,2016,8,8,6,3,6,7,0,0,0,1,1,0,0,0,4.05188E+20,5.48042E+21,7.69139E+15,4.9469E+16
129876,129877,7,1,41,75,2016,9,18,7,3,5,2,0,0,1,1,0,0,0,0,4.00076E+20,5.57572E+21,7.5962E+15,5.03251E+16
129877,129878,7,3,19,0,2016,8,19,3,3,1,7,0,0,1,1,0,0,0,0,4.52262E+20,5.49583E+21,8.33918E+15,4.96132E+16
129878,129879,7,1,11,0,2016,9,8,7,3,8,1,0,1,0,0,0,1,0,1,3.97405E+20,5.58291E+21,7.55674E+15,5.03893E+16
129879,129880,7,1,11,0,2016,9,14,5,3,5,2,0,0,0,1,0,1,0,0,3.97332E+20,5.58296E+21,7.5557E+15,5.03897E+16
129880,129881,7,1,33,6,2016,9,17,3,3,5,3,0,0,0,1,0,0,0,0,4.19192E+20,5.52203E+21,7.87605E+15,4.98452E+16
129881,129882,7,1,33,6,2016,8,17,4,3,6,4,0,0,0,1,1,0,0,0,4.1843E+20,5.52139E+21,7.86558E+15,4.98394E+16
129882,129883,7,3,17,0,2016,9,15,2,3,5,2,0,0,0,1,0,0,0,0,3.97965E+20,5.45098E+21,7.59926E+15,4.92031E+16
129883,129884,7,2,11,0,2016,8,11,6,3,4,5,0,0,1,1,0,0,0,0,3.31564E+20,5.51254E+21,6.66214E+15,4.97417E+16
129884,129885,7,3,35,4,2016,9,17,6,3,1,5,0,0,0,1,0,0,1,0,4.19673E+20,5.48303E+21,7.89074E+15,4.94946E+16
129885,129886,7,3,19,0,2016,8,18,3,3,0,1,0,0,0,0,0,1,0,0,4.5357E+20,5.49802E+21,8.35702E+15,4.96329E+16
129886,129887,7,1,11,0,2016,9,14,7,3,3,7,0,0,0,1,0,1,0,0,3.98215E+20,5.57717E+21,7.56968E+15,5.03378E+16
129887,129888,7,1,11,0,2016,9,15,5,3,1,7,0,0,0,0,0,1,0,1,4.00064E+20,5.57937E+21,7.59506E+15,5.03579E+16
129888,129889,7,3,31,73,2016,9,17,3,3,5,3,0,0,1,0,0,1,0,0,4.36369E+20,5.52117E+21,8.11507E+15,4.98395E+16
129889,129890,7,3,12,0,2016,9,12,6,3,5,3,0,0,0,1,0,1,0,0,4.11302E+20,5.47705E+21,7.7765E+15,4.94396E+16
129890,129891,7,3,12,0,2016,9,16,2,3,2,2,0,0,0,1,0,0,0,0,4.10994E+20,5.47636E+21,7.77242E+15,4.94334E+16
129891,129892,7,3,17,0,2016,9,9,4,3,5,3,0,0,0,1,0,0,0,0,3.97724E+20,5.44988E+21,7.59623E+15,4.91932E+16
129892,129893,7,2,11,0,2016,9,9,3,3,0,7,0,0,1,0,1,0,0,0,3.30446E+20,5.51468E+21,6.64571E+15,4.97606E+16
129893,129894,7,3,11,0,2016,9,16,2,3,0,1,0,0,1,0,0,0,0,0,4.52965E+20,5.4871E+21,8.34995E+15,4.95346E+16
129894,129895,7,3,14,0,2016,9,7,2,3,5,3,0,0,1,1,0,0,0,0,4.56888E+20,5.48005E+21,8.40494E+15,4.94716E+16
129895,129896,7,3,16,0,2016,9,5,6,3,8,1,2,0,0,1,0,0,0,0,4.3675E+20,5.46713E+21,8.12906E+15,4.93536E+16