FID,OBJECTID,ULAND,UREGBEZ,UKREIS,UGEMEINDE,UJAHR,UMONAT,USTUNDE,UWOCHENTAG,UKATEGORIE,UART,UTYP1,ULICHTVERH,IstStrasse,IstRad,IstPKW,IstFuss,IstKrad,IstGkfz,IstSonstig,LINREFX,LINREFY,XGCSWGS84,YGCSWGS84
129896,129897,7,3,32,2,2016,8,16,5,3,2,6,0,0,0,1,0,1,0,0,4.39806E+20,5.4784E+21,8.16943E+15,4.94553E+16
129897,129898,7,3,18,0,2016,9,14,6,3,0,7,0,0,1,0,0,0,0,0,4.59357E+20,5.46467E+21,8.44059E+15,4.93334E+16
129898,129899,7,3,39,31,2016,8,11,3,3,6,6,0,0,0,1,1,0,0,0,4.34197E+20,5.52725E+21,8.08382E+15,4.9894E+16
129899,129900,7,3,40,38,2016,9,16,6,2,4,6,0,0,0,1,0,0,0,0,3.99883E+20,5.45567E+21,7.62442E+15,4.92456E+16
129900,129901,7,2,11,0,2016,9,8,3,3,5,3,0,0,1,1,0,0,0,0,3.26421E+20,5.51029E+21,6.59182E+15,4.97201E+16
129901,129902,7,3,37,47,2016,9,11,6,3,1,5,0,0,0,1,0,0,0,0,4.38152E+20,5.46181E+21,8.1492E+15,4.93059E+16
129902,129903,7,3,19,0,2016,9,18,2,3,5,3,0,0,0,1,0,0,0,0,4.54203E+20,5.4975E+21,8.36585E+15,4.96283E+16
129903,129904,7,3,17,0,2016,9,13,4,2,5,3,0,0,1,1,0,0,0,0,3.98711E+20,5.44974E+21,7.60981E+15,4.91921E+16
129904,129905,7,3,15,0,2016,8,18,3,3,5,3,0,0,1,1,0,0,0,0,4.43833E+20,5.53851E+21,8.21633E+15,4.99962E+16
129905,129906,7,3,18,0,2016,9,11,6,3,4,6,0,0,1,0,0,0,0,0,4.58506E+20,5.46243E+21,8.42911E+15,4.93132E+16
129906,129907,7,3,15,0,2016,8,17,3,2,4,6,0,0,1,0,0,0,0,0,4.49048E+20,5.53795E+21,8.28917E+15,4.99917E+16
129907,129908,7,3,33,502,2016,9,13,6,3,6,6,0,0,0,0,1,0,0,1,4.14732E+20,5.49842E+21,7.81919E+15,4.96323E+16
129908,129909,7,3,16,0,2016,9,16,4,3,8,6,0,0,1,1,0,0,0,0,4.4163E+20,5.46429E+21,8.19667E+15,4.93286E+16
129909,129910,7,1,37,3,2016,8,9,5,3,0,6,0,0,0,1,0,1,0,0,3.86845E+20,5.58867E+21,7.4065E+15,5.04392E+16
129910,129911,7,3,35,22,2016,9,22,6,3,1,6,2,0,0,1,0,0,0,0,3.96133E+20,5.47429E+21,7.56805E+15,4.94125E+16
129911,129912,7,1,35,92,2016,8,17,5,3,1,6,0,0,0,1,0,1,0,0,3.69433E+20,5.54428E+21,7.17671E+15,5.00365E+16
129912,129913,7,3,32,25,2016,9,13,6,3,1,1,0,0,1,1,0,0,0,0,4.46494E+20,5.46884E+21,8.26299E+15,4.93699E+16
129913,129914,7,3,13,0,2016,9,14,4,3,5,3,0,0,0,1,0,0,0,0,4.32218E+20,5.44906E+21,8.06972E+15,4.91906E+16
129914,129915,7,1,31,6,2016,9,7,3,3,8,1,0,0,0,1,0,0,0,0,3.78588E+20,5.5978E+21,7.28731E+15,5.05196E+16
129915,129916,7,3,18,0,2016,9,13,6,3,5,3,0,0,1,1,0,0,0,0,4.59318E+20,5.46468E+21,8.44005E+15,4.93335E+16
129916,129917,7,3,39,30,2016,9,8,2,3,9,1,0,0,0,1,0,0,0,1,4.32561E+20,5.53516E+21,8.05967E+15,4.9965E+16
129917,129918,7,3,34,12,2016,9,18,4,3,5,3,0,0,1,1,0,0,0,0,4.46837E+20,5.43743E+21,8.27189E+15,4.90874E+16
129918,129919,7,2,33,501,2016,8,12,3,2,5,2,0,0,0,1,0,1,0,0,3.45344E+20,5.56237E+21,6.83323E+15,5.01933E+16
129919,129920,7,2,11,0,2016,8,14,7,2,0,7,0,0,1,0,0,0,0,0,3.29921E+20,5.51219E+21,6.6395E+15,4.97381E+16
129920,129921,7,3,11,0,2016,9,14,6,3,2,5,0,0,0,1,0,0,0,0,4.53517E+20,5.48722E+21,8.35756E+15,4.95358E+16
129921,129922,7,1,34,10,2016,8,11,3,3,0,6,0,0,0,1,0,0,0,0,3.67077E+20,5.50168E+21,7.15844E+15,4.9653E+16
129922,129923,7,3,14,0,2016,9,19,6,3,5,3,0,0,0,1,0,1,0,0,4.56251E+20,5.48632E+21,8.39544E+15,4.95279E+16
129923,129924,7,3,13,0,2016,9,13,4,3,2,6,0,0,0,1,0,0,0,0,4.35627E+20,5.44937E+21,8.11646E+15,4.91937E+16
129924,129925,7,3,35,38,2016,8,20,4,3,5,3,2,0,0,1,0,1,0,0,3.95862E+20,5.47751E+21,7.56347E+15,4.94413E+16
129925,129926,7,1,37,68,2016,9,22,3,3,9,1,2,0,0,1,0,0,0,0,3.76851E+20,5.57669E+21,7.26976E+15,5.03294E+16
129926,129927,7,1,33,6,2016,8,17,4,3,5,3,0,0,0,1,0,0,0,0,4.18293E+20,5.52326E+21,7.86328E+15,4.98562E+16
129927,129928,7,1,40,144,2016,9,10,3,3,1,7,0,0,0,1,0,1,0,0,3.95968E+20,5.53761E+21,7.54893E+15,4.99817E+16
129928,129929,7,1,35,92,2016,8,18,4,3,8,1,0,0,1,1,0,0,0,0,3.69786E+20,5.54287E+21,7.18212E+15,5.00239E+16
129929,129930,7,3,38,1,2016,9,19,4,3,5,3,0,0,1,1,0,0,0,0,4.63481E+20,5.47554E+21,8.49635E+15,4.94314E+16
129930,129931,7,1,37,203,2016,9,19,3,3,5,7,0,0,0,1,0,0,0,0,3.98579E+20,5.58696E+21,7.57215E+15,5.04259E+16
129931,129932,7,3,19,0,2016,9,19,6,3,5,3,0,0,1,1,0,0,0,0,4.54006E+20,5.49744E+21,8.36312E+15,4.96277E+16
129932,129933,7,3,15,0,2016,9,11,2,1,0,1,0,0,0,0,0,1,0,0,4.47005E+20,5.53912E+21,8.2605E+15,5.0002E+16
129933,129934,7,3,38,6,2016,9,11,4,3,2,7,0,0,1,0,0,0,0,1,4.50548E+20,5.47455E+21,8.31812E+15,4.94216E+16
129934,129935,7,2,11,0,2016,8,17,3,3,5,2,0,0,0,0,0,1,1,0,3.34126E+20,5.5186E+21,6.69508E+15,4.97969E+16
129935,129936,7,3,37,5,2016,8,9,6,3,5,3,0,0,0,1,0,0,0,1,4.26591E+20,5.43885E+21,7.99438E+15,4.90981E+16
129936,129937,7,3,14,0,2016,9,16,6,3,1,6,0,0,0,1,0,1,0,0,4.56058E+20,5.4865E+21,8.39276E+15,4.95296E+16
129937,129938,7,2,11,0,2016,8,19,3,2,5,7,0,0,0,1,0,1,0,0,3.30996E+20,5.51421E+21,6.65353E+15,4.97566E+16
129938,129939,7,3,14,0,2016,9,9,6,3,5,3,0,0,0,1,0,1,0,0,4.58884E+20,5.48152E+21,8.43233E+15,4.94849E+16
129939,129940,7,3,38,20,2016,9,17,4,3,1,1,0,0,1,1,0,0,0,0,4.58246E+20,5.47391E+21,8.42432E+15,4.94164E+16
129940,129941,7,3,35,22,2016,9,19,2,3,8,1,2,0,0,1,0,0,0,0,3.94375E+20,5.47311E+21,7.54414E+15,4.94015E+16
129941,129942,7,2,11,0,2016,8,13,4,3,4,5,0,0,1,1,0,0,0,0,3.29271E+20,5.51243E+21,6.63039E+15,4.97401E+16
129942,129943,7,2,33,80,2016,9,22,2,2,8,1,2,0,1,0,0,0,0,0,3.36909E+20,5.57215E+21,6.71095E+15,5.02789E+16
129943,129944,7,3,31,32,2016,9,20,6,3,5,3,1,0,1,1,0,0,0,0,4.41416E+20,5.51506E+21,8.18617E+15,4.97852E+16
129944,129945,7,1,37,3,2016,8,18,6,3,5,3,0,0,1,1,0,0,0,0,3.87718E+20,5.58831E+21,7.4189E+15,5.0436E+16
129945,129946,7,3,15,0,2016,9,10,6,3,0,7,0,0,0,0,0,0,1,0,4.44061E+20,5.53869E+21,8.21949E+15,4.99979E+16
129946,129947,7,2,35,137,2016,8,18,3,2,5,3,0,0,0,1,0,1,0,0,3.2375E+20,5.51437E+21,6.55295E+15,4.9756E+16
129947,129948,7,3,38,19,2016,9,9,4,2,5,3,0,0,1,1,0,0,0,0,4.54146E+20,5.47472E+21,8.36771E+15,4.94235E+16
129948,129949,7,3,14,0,2016,8,15,6,3,6,6,0,0,0,1,1,0,0,0,4.54902E+20,5.47821E+21,8.37774E+15,4.94549E+16
129949,129950,7,3,15,0,2016,9,18,6,3,3,5,0,0,1,1,0,0,0,0,4.48029E+20,5.53753E+21,8.27501E+15,4.99879E+16
129950,129951,7,2,11,0,2016,8,18,3,2,5,3,0,0,0,1,0,1,0,0,3.28446E+20,5.51254E+21,6.61889E+15,4.97409E+16
129951,129952,7,1,34,45,2016,9,13,6,3,5,3,0,0,1,1,0,0,0,0,3.77163E+20,5.50919E+21,7.29575E+15,4.97227E+16
129952,129953,7,3,38,18,2016,9,8,4,2,4,5,0,0,1,0,0,0,0,1,4.489E+20,5.48144E+21,8.29451E+15,4.94834E+16
129953,129954,7,3,12,0,2016,9,16,2,2,6,4,0,0,0,1,1,0,0,0,4.10977E+20,5.47584E+21,7.7723E+15,4.94287E+16
129954,129955,7,2,31,134,2016,9,12,2,3,5,3,0,0,1,1,0,0,0,0,3.48972E+20,5.5387E+21,6.89338E+15,4.99815E+16
129955,129956,7,2,11,0,2016,9,15,2,3,2,2,0,0,0,1,0,0,0,1,3.27611E+20,5.51158E+21,6.60774E+15,4.9732E+16
129956,129957,7,2,11,0,2016,9,13,6,3,6,6,0,0,0,0,1,0,0,1,3.29901E+20,5.51429E+21,6.63832E+15,4.9757E+16
129957,129958,7,3,14,0,2016,8,13,5,3,5,3,0,0,0,1,0,0,0,0,4.59257E+20,5.48007E+21,8.43764E+15,4.94719E+16
129958,129959,7,1,41,41,2016,9,13,6,2,1,7,0,0,0,1,0,0,0,0,4.06787E+20,5.57712E+21,7.69011E+15,5.03388E+16
129959,129960,7,3,11,0,2016,9,18,4,3,7,1,0,0,1,0,0,0,0,0,4.541E+20,5.48716E+21,8.36563E+15,4.95353E+16
129960,129961,7,2,11,0,2016,9,20,6,3,4,2,2,0,0,1,0,1,0,0,3.31342E+20,5.51447E+21,6.65822E+15,4.9759E+16
129961,129962,7,2,11,0,2016,9,15,2,3,3,6,0,0,0,1,0,1,0,0,3.29849E+20,5.51429E+21,6.63759E+15,4.9757E+16
129962,129963,7,1,32,63,2016,9,19,6,2,0,7,0,0,1,1,0,0,0,0,4.21215E+20,5.62829E+21,7.88199E+15,5.0801E+16
129963,129964,7,1,33,6,2016,9,7,4,3,1,6,1,0,0,1,0,1,0,0,4.17197E+20,5.52246E+21,7.84821E+15,4.98488E+16
129964,129965,7,3,16,0,2016,9,6,2,3,4,2,1,0,1,1,0,0,0,0,4.40136E+20,5.46803E+21,8.17554E+15,4.93621E+16
129965,129966,7,1,31,27,2016,9,17,6,3,0,1,0,0,0,0,0,1,0,0,3.65371E+20,5.59265E+21,7.10283E+15,5.04704E+16
129966,129967,7,2,11,0,2016,9,11,2,2,0,7,0,0,1,0,0,0,0,0,3.29854E+20,5.51486E+21,6.63741E+15,4.97621E+16
129967,129968,7,3,12,0,2016,9,16,7,2,6,4,0,0,0,1,1,0,0,0,4.10071E+20,5.47718E+21,7.7595E+15,4.94406E+16
129968,129969,7,1,43,250,2016,9,14,6,3,1,6,0,0,0,0,0,1,0,0,4.1094E+20,5.61678E+21,7.73899E+15,5.0696E+16
129969,129970,7,1,37,3,2016,9,15,6,2,0,1,0,0,1,0,0,0,0,0,3.88426E+20,5.58868E+21,7.42875E+15,5.04395E+16
129970,129971,7,1,43,206,2016,8,16,5,3,5,3,0,0,0,1,0,0,0,0,4.25419E+20,5.61103E+21,7.94512E+15,5.06463E+16
129971,129972,7,1,41,29,2016,8,17,4,3,5,2,0,0,0,1,0,0,0,0,4.29843E+20,5.58032E+21,8.01345E+15,5.03707E+16
129972,129973,7,3,19,0,2016,9,13,4,3,0,7,0,0,0,0,0,1,0,0,4.52354E+20,5.49993E+21,8.33996E+15,4.965E+16
129973,129974,7,3,18,0,2016,9,19,2,3,5,3,1,0,1,1,0,0,0,0,4.57862E+20,5.46454E+21,8.42003E+15,4.93321E+16
129974,129975,7,1,11,0,2016,9,7,6,3,6,4,0,0,0,1,1,0,0,0,3.99693E+20,5.57798E+21,7.59022E+15,5.03454E+16
129975,129976,7,1,32,63,2016,9,16,2,3,6,4,0,0,0,1,1,0,0,0,4.21065E+20,5.6289E+21,7.87972E+15,5.08065E+16
129976,129977,7,3,32,19,2016,9,15,7,3,0,7,0,0,1,0,0,0,0,0,4.4297E+20,5.48411E+21,8.21226E+15,4.9507E+16
129977,129978,7,1,33,6,2016,9,17,4,3,5,2,0,0,1,1,0,0,0,0,4.18263E+20,5.52117E+21,7.8633E+15,4.98374E+16
129978,129979,7,1,40,501,2016,8,21,3,3,0,7,2,0,1,0,0,0,0,0,4.00406E+20,5.56523E+21,7.6036E+15,5.02308E+16
129979,129980,7,1,37,222,2016,8,14,7,3,8,1,0,0,1,0,0,0,0,0,3.97914E+20,5.58523E+21,7.56327E+15,5.04102E+16
129980,129981,7,1,31,7,2016,9,19,6,3,8,1,2,0,0,1,0,0,0,0,3.68583E+20,5.6011E+21,7.14509E+15,5.0547E+16
129981,129982,7,1,11,0,2016,8,16,3,3,6,4,0,0,0,1,1,0,0,0,4.00369E+20,5.58048E+21,7.59906E+15,5.03679E+16
129982,129983,7,1,33,6,2016,9,7,4,3,2,6,0,0,0,1,0,0,0,0,4.18679E+20,5.52176E+21,7.86897E+15,4.98427E+16
129983,129984,7,1,11,0,2016,8,11,3,2,5,3,0,0,0,1,0,1,0,0,3.99168E+20,5.5765E+21,7.58324E+15,5.0332E+16
129984,129985,7,1,37,3,2016,9,19,6,3,2,6,0,0,0,1,0,0,0,0,3.86778E+20,5.58694E+21,7.40609E+15,5.04236E+16
129985,129986,7,3,17,0,2016,8,9,2,3,5,3,0,0,0,1,0,0,0,0,3.97934E+20,5.45024E+21,7.59903E+15,4.91965E+16
129986,129987,7,3,34,7,2016,9,20,5,3,1,5,0,0,1,1,0,0,0,0,4.54326E+20,5.45266E+21,8.37271E+15,4.9225E+16
129987,129988,7,3,39,49,2016,9,14,4,3,1,5,0,0,1,1,0,0,0,0,4.54501E+20,5.52239E+21,8.36707E+15,4.98522E+16
129988,129989,7,3,32,25,2016,8,8,4,3,8,1,0,0,0,0,0,1,0,0,4.46483E+20,5.46813E+21,8.26294E+15,4.93635E+16
129989,129990,7,3,14,0,2016,9,11,2,3,1,7,0,0,0,1,0,1,0,0,4.58878E+20,5.47912E+21,8.4325E+15,4.94634E+16
129990,129991,7,1,43,48,2016,8,11,4,3,1,2,0,0,1,0,0,0,0,1,4.14886E+20,5.58717E+21,7.80162E+15,5.04304E+16
129991,129992,7,1,43,286,2016,9,8,4,3,9,7,0,0,0,1,0,0,0,0,4.33764E+20,5.60662E+21,8.06392E+15,5.06077E+16
129992,129993,7,3,39,21,2016,9,20,2,3,9,1,2,0,0,1,0,0,0,0,4.22508E+20,5.52832E+21,7.9209E+15,4.99022E+16
129993,129994,7,1,31,7,2016,9,9,2,3,3,5,0,0,1,1,0,0,0,0,3.67618E+20,5.60099E+21,7.13151E+15,5.05458E+16
129994,129995,7,3,38,25,2016,9,20,7,3,1,5,2,1,0,1,0,0,0,0,4.54649E+20,5.47015E+21,8.37516E+15,4.93824E+16
129995,129996,7,3,15,0,2016,9,10,4,3,6,4,0,0,0,1,1,0,0,0,4.47115E+20,5.53969E+21,8.26196E+15,5.00072E+16
129996,129997,7,3,32,9,2016,8,23,2,2,0,1,2,0,1,0,0,0,0,0,4.41468E+20,5.47282E+21,8.19319E+15,4.94053E+16
129997,129998,7,3,18,0,2016,8,18,6,3,0,1,0,0,1,0,0,0,0,0,4.58909E+20,5.46405E+21,8.43448E+15,4.93278E+16
129998,129999,7,1,37,225,2016,9,14,6,3,6,2,0,0,0,1,1,0,0,0,3.95029E+20,5.58575E+21,7.52252E+15,5.04144E+16
129999,130000,7,3,34,501,2016,8,14,2,2,8,7,0,0,1,0,0,0,0,0,4.46416E+20,5.43388E+21,8.26659E+15,4.90555E+16
130000,130001,7,1,33,6,2016,9,10,5,3,6,7,0,0,0,1,1,0,0,0,4.17923E+20,5.52098E+21,7.85861E+15,4.98356E+16
130001,130002,7,1,38,45,2016,9,17,4,3,2,2,0,0,1,1,0,0,0,0,3.92454E+20,5.58811E+21,7.48561E+15,5.04352E+16
130002,130003,7,3,19,0,2016,9,13,2,3,6,4,0,0,0,1,1,0,0,0,4.53961E+20,5.49733E+21,8.36252E+15,4.96268E+16
130003,130004,7,1,37,68,2016,9,7,2,3,6,4,0,0,0,1,1,0,0,0,3.73329E+20,5.57584E+21,7.22058E+15,5.0321E+16
130004,130005,7,3,19,0,2016,9,14,5,3,5,3,0,0,0,1,0,0,0,1,4.48033E+20,5.49835E+21,8.2803E+15,4.96355E+16
130005,130006,7,1,37,68,2016,9,13,4,3,5,3,0,0,0,1,0,0,0,0,3.72762E+20,5.57681E+21,7.2123E+15,5.03296E+16
130006,130007,7,3,39,43,2016,9,19,2,2,5,3,1,0,1,1,0,0,0,0,4.52132E+20,5.52429E+21,8.33388E+15,4.98691E+16
130007,130008,7,1,11,0,2016,8,8,4,3,6,4,0,0,0,1,1,0,0,0,3.99464E+20,5.5784E+21,7.58689E+15,5.03491E+16
130008,130009,7,1,37,3,2016,9,8,2,3,3,6,0,1,0,1,0,1,0,0,3.86135E+20,5.5885E+21,7.39655E+15,5.04374E+16
130009,130010,7,2,35,68,2016,8,1,6,3,0,1,2,0,0,0,0,1,0,0,3.26914E+20,5.50844E+21,6.59948E+15,4.97036E+16
130010,130011,7,1,37,228,2016,9,12,6,3,6,7,0,0,0,1,1,0,0,0,3.89493E+20,5.58649E+21,7.44442E+15,5.042E+16
130011,130012,7,3,19,0,2016,9,11,5,3,5,3,0,0,1,1,0,0,0,0,4.5277E+20,5.49904E+21,8.34582E+15,4.9642E+16
130012,130013,7,1,11,0,2016,9,14,4,3,3,2,0,0,1,0,0,0,0,1,4.00238E+20,5.57947E+21,7.59748E+15,5.03589E+16
130013,130014,7,2,35,149,2016,9,11,2,3,1,7,0,0,0,1,0,0,0,1,3.13804E+20,5.49876E+21,6.42243E+15,4.96127E+16
130014,130015,7,3,35,3,2016,9,13,5,3,4,2,0,0,0,1,0,0,0,1,3.86734E+20,5.47314E+21,7.43886E+15,4.94004E+16
130015,130016,7,1,11,0,2016,9,16,2,3,5,1,0,0,0,1,0,1,0,0,4.00412E+20,5.57602E+21,7.60084E+15,5.03278E+16
130016,130017,7,1,35,92,2016,9,14,5,3,6,6,0,0,0,1,1,0,0,0,3.69748E+20,5.54341E+21,7.1814E+15,5.00287E+16
130017,130018,7,1,11,0,2016,9,10,2,3,5,3,0,0,0,1,0,0,0,0,4.00067E+20,5.58203E+21,7.59441E+15,5.03818E+16
130018,130019,7,1,37,228,2016,9,11,6,2,5,1,0,0,1,1,0,0,0,0,3.91434E+20,5.58527E+21,7.47208E+15,5.04094E+16
130019,130020,7,3,35,22,2016,8,16,5,3,2,6,0,0,0,1,0,0,0,0,3.96207E+20,5.47391E+21,7.56917E+15,4.9409E+16
130020,130021,7,1,11,0,2016,9,12,6,2,6,4,0,0,0,0,1,0,1,0,3.99982E+20,5.57945E+21,7.5939E+15,5.03586E+16
130021,130022,7,3,13,0,2016,8,13,2,3,2,2,0,0,0,1,0,0,0,0,4.34198E+20,5.44957E+21,8.09682E+15,4.91954E+16
130022,130023,7,2,11,0,2016,9,16,5,3,1,6,0,0,0,1,0,1,0,0,3.29154E+20,5.51374E+21,6.6282E+15,4.97518E+16
130023,130024,7,3,35,38,2016,9,11,3,3,5,3,0,0,0,1,0,1,0,0,3.96185E+20,5.47717E+21,7.56801E+15,4.94383E+16
130024,130025,7,2,11,0,2016,9,14,2,3,4,6,0,0,1,0,0,0,0,0,3.29902E+20,5.51429E+21,6.63832E+15,4.9757E+16
130025,130026,7,3,18,0,2016,9,16,5,3,5,3,0,0,1,1,0,0,0,0,4.58387E+20,5.46345E+21,8.42737E+15,4.93224E+16
130026,130027,7,3,35,38,2016,9,3,1,3,5,3,2,0,0,1,0,0,0,0,3.95305E+20,5.47818E+21,7.55561E+15,4.94473E+16
130027,130028,7,3,38,26,2016,9,18,7,3,1,5,0,0,1,1,0,0,0,0,4.5927E+20,5.47142E+21,8.43869E+15,4.93941E+16
130028,130029,7,3,15,0,2016,9,16,4,3,0,1,0,0,1,0,0,0,0,0,4.48152E+20,5.53881E+21,8.27655E+15,4.99994E+16
130029,130030,7,3,12,0,2016,9,11,5,3,6,2,0,0,0,0,1,1,0,0,4.10445E+20,5.47747E+21,7.7646E+15,4.94433E+16
130030,130031,7,3,20,0,2016,8,16,4,3,4,1,0,0,0,1,0,1,0,0,3.77501E+20,5.45495E+21,7.31723E+15,4.9235E+16
130031,130032,7,3,36,3,2016,9,17,3,2,5,3,0,0,1,1,0,0,0,0,3.8827E+20,5.49083E+21,7.45502E+15,4.95597E+16
130032,130033,7,1,37,68,2016,8,18,5,3,9,1,0,0,0,1,0,0,0,0,3.73533E+20,5.57648E+21,7.22323E+15,5.03268E+16
130033,130034,7,2,11,0,2016,9,13,2,3,6,4,0,0,0,1,1,0,0,0,3.29657E+20,5.51367E+21,6.6352E+15,4.97513E+16
130034,130035,7,3,35,22,2016,8,16,3,3,4,2,0,0,1,1,0,0,0,0,3.95934E+20,5.47414E+21,7.56535E+15,4.9411E+16
130035,130036,7,3,12,0,2016,9,13,3,3,6,2,0,0,0,1,1,0,0,0,4.10487E+20,5.47695E+21,7.76529E+15,4.94386E+16
130036,130037,7,3,39,5,2016,8,11,5,3,6,4,0,0,0,1,1,0,0,0,4.21107E+20,5.53553E+21,7.89991E+15,4.99669E+16
130037,130038,7,3,12,0,2016,8,12,4,3,1,6,0,0,0,1,0,0,0,0,4.09881E+20,5.47641E+21,7.75706E+15,4.94337E+16
130038,130039,7,3,12,0,2016,9,16,3,3,5,2,0,0,1,1,0,0,0,0,4.1202E+20,5.47764E+21,7.78628E+15,4.94451E+16
130039,130040,7,3,18,0,2016,9,9,5,3,4,6,0,0,1,1,0,0,1,0,4.58861E+20,5.46261E+21,8.43397E+15,4.93148E+16
130040,130041,7,3,12,0,2016,9,0,1,2,5,3,2,0,0,1,0,1,0,0,4.10921E+20,5.47809E+21,7.77102E+15,4.94489E+16
130041,130042,7,3,11,0,2016,9,20,7,3,6,4,2,1,0,1,1,0,0,0,4.53733E+20,5.48696E+21,8.36058E+15,4.95335E+16
130042,130043,7,2,33,35,2016,9,10,4,3,4,6,0,0,0,1,0,0,0,0,3.27168E+20,5.58012E+21,6.5707E+15,5.03478E+16
130043,130044,7,3,38,25,2016,8,18,2,3,1,5,0,0,0,1,0,0,0,1,4.5441E+20,5.47179E+21,8.37168E+15,4.93971E+16
130044,130045,7,2,32,18,2016,8,14,7,3,6,2,0,0,0,1,1,0,0,0,3.2262E+20,5.539E+21,6.526E+15,4.9977E+16
130045,130046,7,3,12,0,2016,9,17,5,3,6,4,0,0,0,1,1,0,0,0,4.10514E+20,5.47851E+21,7.76532E+15,4.94527E+16
130046,130047,7,3,11,0,2016,8,14,2,2,6,4,0,0,0,1,1,0,0,0,4.52043E+20,5.48808E+21,8.33709E+15,4.95434E+16
130047,130048,7,3,32,2,2016,8,7,4,3,5,2,0,0,1,1,0,0,0,0,4.40409E+20,5.4795E+21,8.17759E+15,4.94653E+16
130048,130049,7,3,34,1,2016,9,15,3,3,0,3,0,0,1,1,0,0,0,0,4.48675E+20,5.44931E+21,8.29554E+15,4.91945E+16
130049,130050,7,3,16,0,2016,8,10,4,3,1,5,0,0,0,1,0,1,0,0,4.38997E+20,5.46662E+21,8.16008E+15,4.93492E+16
130050,130051,7,1,11,0,2016,9,8,2,2,0,3,0,0,0,1,0,1,0,0,4.00307E+20,5.57689E+21,7.59914E+15,5.03356E+16
130051,130052,7,3,12,0,2016,8,9,3,3,6,4,0,0,0,1,1,0,0,0,4.02463E+20,5.47705E+21,7.65462E+15,4.94383E+16
130052,130053,7,1,34,45,2016,9,14,1,3,4,6,0,1,0,1,0,0,0,0,3.78955E+20,5.50695E+21,7.32129E+15,4.97029E+16
130053,130054,7,1,43,246,2016,9,8,4,3,9,7,0,0,0,1,0,0,0,0,4.3342E+20,5.6007E+21,8.06012E+15,5.05545E+16
130054,130055,7,1,31,28,2016,9,9,1,3,9,7,0,1,0,1,0,0,0,0,3.58117E+20,5.58153E+21,7.00488E+15,5.03687E+16
130055,130056,7,3,11,0,2016,9,8,5,2,5,3,0,0,1,1,0,0,0,0,4.54445E+20,5.48805E+21,8.3703E+15,4.95433E+16
130056,130057,7,3,12,0,2016,9,20,7,3,1,6,0,0,1,1,0,0,0,0,4.0772E+20,5.47693E+21,7.72714E+15,4.9438E+16
130057,130058,7,3,39,5,2016,9,14,7,3,5,3,0,0,1,1,0,0,0,0,4.23586E+20,5.53086E+21,7.93541E+15,4.99252E+16
130058,130059,7,1,43,229,2016,9,17,4,3,6,2,0,0,0,1,1,0,0,0,4.16758E+20,5.61275E+21,7.82226E+15,5.06607E+16
130059,130060,7,3,39,5,2016,8,13,2,3,5,3,0,0,0,1,0,0,0,0,4.22162E+20,5.53333E+21,7.91508E+15,4.99472E+16
130060,130061,7,3,34,21,2016,8,16,6,3,5,3,0,0,1,1,0,0,0,0,4.44682E+20,5.42689E+21,8.24381E+15,4.89924E+16
130061,130062,7,3,12,0,2016,9,13,5,3,5,3,0,0,0,1,0,0,0,0,4.11316E+20,5.47864E+21,7.77635E+15,4.94539E+16
130062,130063,7,3,19,0,2016,8,20,2,3,1,7,1,0,1,1,0,0,0,0,4.53961E+20,5.49733E+21,8.36252E+15,4.96268E+16
130063,130064,7,3,16,0,2016,8,12,4,3,0,1,0,0,1,0,0,0,0,0,4.39516E+20,5.46874E+21,8.1669E+15,4.93683E+16
130064,130065,7,3,14,0,2016,9,21,3,3,0,5,1,0,1,1,0,0,0,0,4.58179E+20,5.48216E+21,8.42253E+15,4.94906E+16
130065,130066,7,1,37,57,2016,9,18,1,3,4,1,0,0,0,1,0,1,0,0,3.81897E+20,5.58274E+21,7.33872E+15,5.03848E+16
130066,130067,7,3,12,0,2016,8,21,3,2,8,1,1,0,0,0,0,1,0,0,4.1062E+20,5.47804E+21,7.76688E+15,4.94485E+16
130067,130068,7,3,12,0,2016,9,10,7,3,6,4,0,0,0,1,1,0,0,0,4.1166E+20,5.47803E+21,7.78122E+15,4.94485E+16
130068,130069,7,1,31,50,2016,8,13,6,2,4,6,0,0,0,1,0,1,0,0,3.56405E+20,5.5795E+21,6.98159E+15,5.035E+16
130069,130070,7,3,12,0,2016,9,9,5,3,5,3,0,0,0,1,0,0,0,0,4.1257E+20,5.47831E+21,7.79372E+15,4.94512E+16
130070,130071,7,3,15,0,2016,8,14,2,3,0,7,0,0,0,1,1,0,0,0,4.46927E+20,5.53814E+21,8.25955E+15,4.99932E+16
130071,130072,7,3,13,0,2016,8,18,4,3,0,1,0,0,1,0,0,0,0,0,4.34817E+20,5.44968E+21,8.10529E+15,4.91964E+16
130072,130073,7,3,14,0,2016,9,16,3,3,4,7,0,0,1,1,0,0,0,0,4.5622E+20,5.4876E+21,8.39488E+15,4.95395E+16
130073,130074,7,1,41,501,2016,9,11,1,3,0,7,0,0,0,1,0,0,0,0,4.0394E+20,5.56932E+21,7.6521E+15,5.02682E+16