FID,OBJECTID,ULAND,UREGBEZ,UKREIS,UGEMEINDE,UJAHR,UMONAT,USTUNDE,UWOCHENTAG,UKATEGORIE,UART,UTYP1,ULICHTVERH,IstStrasse,IstRad,IstPKW,IstFuss,IstKrad,IstGkfz,IstSonstig,LINREFX,LINREFY,XGCSWGS84,YGCSWGS84
130074,130075,7,3,14,0,2016,8,16,6,3,2,6,0,0,0,1,0,1,0,0,4.57018E+20,5.47939E+21,8.40681E+15,4.94656E+16
130075,130076,7,3,32,2,2016,9,8,5,3,2,6,0,0,0,1,0,0,0,0,4.42575E+20,5.48013E+21,8.20739E+15,4.94711E+16
130076,130077,7,1,38,45,2016,8,12,2,3,2,2,0,0,0,1,0,0,0,0,3.90575E+20,5.58792E+21,7.45923E+15,5.04331E+16
130077,130078,7,3,14,0,2016,8,14,4,3,0,1,0,0,1,0,0,0,0,0,4.55036E+20,5.4839E+21,8.37893E+15,4.95061E+16
130078,130079,7,3,15,0,2016,9,22,3,2,0,7,2,0,0,0,0,1,0,0,4.46682E+20,5.53988E+21,8.2559E+15,5.00089E+16
130079,130080,7,3,12,0,2016,9,23,7,2,4,6,2,0,0,1,0,0,0,0,4.06492E+20,5.47732E+21,7.71011E+15,4.94414E+16
130080,130081,7,3,32,25,2016,8,7,3,3,1,5,0,0,1,1,0,0,0,0,4.45828E+20,5.46813E+21,8.25392E+15,4.93634E+16
130081,130082,7,3,34,7,2016,9,17,7,3,5,3,0,0,1,1,0,0,0,0,4.54426E+20,5.45229E+21,8.37413E+15,4.92217E+16
130082,130083,7,3,14,0,2016,9,9,7,3,7,1,0,0,0,0,0,1,0,0,4.57517E+20,5.48123E+21,8.4135E+15,4.94823E+16
130083,130084,7,3,38,25,2016,9,8,5,3,1,6,0,0,0,1,0,0,0,0,4.55394E+20,5.47109E+21,8.38532E+15,4.93908E+16
130084,130085,7,3,14,0,2016,8,22,5,3,7,7,2,0,0,0,0,1,0,0,4.59292E+20,5.48215E+21,8.4379E+15,4.94906E+16
130085,130086,7,3,14,0,2016,8,15,4,3,4,6,0,0,1,0,0,0,0,0,4.5832E+20,5.48078E+21,8.42463E+15,4.94783E+16
130086,130087,7,3,34,501,2016,9,13,7,2,2,6,0,0,0,1,0,0,0,0,4.4615E+20,5.43266E+21,8.2631E+15,4.90445E+16
130087,130088,7,1,33,6,2016,9,8,5,3,0,6,0,0,1,1,0,0,0,0,4.18638E+20,5.52145E+21,7.86846E+15,4.984E+16
130088,130089,7,1,33,6,2016,9,23,7,2,8,7,2,0,1,0,0,0,0,0,4.16641E+20,5.51793E+21,7.84146E+15,4.9808E+16
130089,130090,7,3,19,0,2016,9,15,7,3,6,4,0,0,0,1,1,0,0,0,4.54142E+20,5.49812E+21,8.36493E+15,4.96339E+16
130090,130091,7,1,31,7,2016,9,2,4,3,8,1,2,0,0,0,0,1,0,0,3.65258E+20,5.60088E+21,7.09826E+15,5.05443E+16
130091,130092,7,1,11,0,2016,8,9,2,3,6,4,0,0,1,0,1,0,0,0,4.00234E+20,5.57615E+21,7.5983E+15,5.0329E+16
130092,130093,7,3,15,0,2016,9,15,5,3,1,5,0,0,1,1,0,0,0,0,4.46787E+20,5.54017E+21,8.25732E+15,5.00115E+16
130093,130094,7,1,33,6,2016,9,21,7,3,4,6,2,0,1,0,0,0,0,0,4.15993E+20,5.52201E+21,7.83157E+15,4.98446E+16
130094,130095,7,3,15,0,2016,9,17,7,3,0,4,0,0,0,0,1,0,0,1,4.47175E+20,5.53896E+21,8.2629E+15,5.00006E+16
130095,130096,7,3,38,25,2016,9,8,5,3,5,3,0,0,1,1,0,0,0,0,4.54246E+20,5.4706E+21,8.36956E+15,4.93864E+16
130096,130097,7,1,33,6,2016,8,20,4,2,6,4,1,0,0,1,1,0,0,0,4.17536E+20,5.52241E+21,7.85293E+15,4.98484E+16
130097,130098,7,2,35,118,2016,8,18,5,2,5,3,0,0,0,1,0,1,0,0,3.24118E+20,5.49742E+21,6.56567E+15,4.96037E+16
130098,130099,7,2,31,14,2016,9,14,3,2,0,1,0,0,1,0,0,0,0,0,3.65544E+20,5.54131E+21,7.12348E+15,5.00089E+16
130099,130100,7,3,13,0,2016,9,11,7,2,0,7,0,0,1,0,0,0,0,0,4.36525E+20,5.45041E+21,8.12861E+15,4.92032E+16
130100,130101,7,1,34,45,2016,9,23,5,3,0,1,2,1,1,0,0,0,0,0,3.79942E+20,5.5069E+21,7.33499E+15,4.97026E+16
130101,130102,7,3,19,0,2016,9,23,7,3,5,3,2,0,0,1,0,0,0,0,4.53488E+20,5.49702E+21,8.356E+15,4.96239E+16
130102,130103,7,2,31,8,2016,9,15,7,3,1,5,0,0,1,1,0,0,0,0,3.61534E+20,5.53093E+21,7.07128E+15,4.99147E+16
130103,130104,7,1,37,216,2016,9,17,4,3,5,2,0,0,0,1,0,1,0,0,3.93149E+20,5.58333E+21,7.49676E+15,5.03923E+16
130104,130105,7,1,11,0,2016,8,20,2,3,0,7,2,0,1,0,0,0,0,0,3.99987E+20,5.58033E+21,7.59373E+15,5.03665E+16
130105,130106,7,1,32,12,2016,8,12,7,2,9,1,0,0,0,0,0,1,0,1,4.25963E+20,5.62999E+21,7.949E+15,5.08169E+16
130106,130107,7,3,15,0,2016,9,17,5,3,2,6,0,0,0,1,0,0,0,0,4.48026E+20,5.53901E+21,8.27477E+15,5.00012E+16
130107,130108,7,3,11,0,2016,8,19,1,2,5,3,0,0,0,1,0,0,0,0,4.53706E+20,5.48712E+21,8.36019E+15,4.95349E+16
130108,130109,7,3,19,0,2016,8,18,4,2,4,6,0,0,0,0,0,1,0,1,4.53577E+20,5.49818E+21,8.3571E+15,4.96344E+16
130109,130110,7,2,32,213,2016,9,19,3,3,0,3,0,0,0,1,0,1,0,0,2.98297E+20,5.55012E+21,6.18131E+15,5.00691E+16
130110,130111,7,3,14,0,2016,8,12,4,3,5,3,0,0,1,1,0,0,0,0,4.56605E+20,5.48579E+21,8.4004E+15,4.95232E+16
130111,130112,7,1,33,6,2016,9,19,7,3,6,4,0,0,0,1,1,0,0,0,4.20163E+20,5.52114E+21,7.88973E+15,4.98373E+16
130112,130113,7,3,34,32,2016,8,9,3,3,4,6,0,0,1,0,0,0,0,0,4.47782E+20,5.45621E+21,8.28238E+15,4.92564E+16
130113,130114,7,2,32,296,2016,9,12,5,3,1,1,0,0,0,1,0,0,0,0,3.15115E+20,5.56345E+21,6.4096E+15,5.01944E+16
130114,130115,7,3,19,0,2016,8,14,1,3,1,5,0,0,1,1,0,0,0,0,4.52195E+20,5.49856E+21,8.33791E+15,4.96377E+16
130115,130116,7,3,15,0,2016,8,17,4,3,0,7,0,0,0,1,0,0,0,0,4.41495E+20,5.53797E+21,8.18381E+15,4.99912E+16
130116,130117,7,1,34,82,2016,9,19,3,3,9,7,0,0,0,1,0,0,0,0,3.92109E+20,5.50569E+21,7.50399E+15,4.9694E+16
130117,130118,7,3,31,41,2016,9,14,7,3,5,2,0,0,1,0,0,0,0,0,4.44005E+20,5.49662E+21,8.22477E+15,4.96195E+16
130118,130119,7,3,11,0,2016,8,15,3,3,0,1,0,0,0,0,0,1,0,0,4.52831E+20,5.48762E+21,8.34803E+15,4.95393E+16
130119,130120,7,2,35,78,2016,9,19,3,3,3,6,0,0,1,1,0,0,0,0,3.33189E+20,5.52776E+21,6.67813E+15,4.9879E+16
130120,130121,7,3,15,0,2016,9,8,7,3,0,7,0,0,0,1,0,0,0,0,4.45881E+20,5.53589E+21,8.24527E+15,4.99729E+16
130121,130122,7,3,19,0,2016,9,0,7,3,6,6,2,0,0,1,1,0,0,0,4.53961E+20,5.49733E+21,8.36252E+15,4.96268E+16
130122,130123,7,2,11,0,2016,9,5,7,3,6,4,2,0,0,1,1,0,0,0,3.28776E+20,5.51357E+21,6.62302E+15,4.97502E+16
130123,130124,7,3,20,0,2016,9,18,3,2,8,1,0,0,0,1,0,0,0,0,3.81857E+20,5.4564E+21,7.37662E+15,4.92489E+16
130124,130125,7,2,11,0,2016,8,18,1,3,2,6,0,0,0,1,0,0,0,0,3.31043E+20,5.51426E+21,6.65417E+15,4.9757E+16
130125,130126,7,3,13,0,2016,8,9,6,3,5,2,0,0,0,1,0,1,0,0,4.36219E+20,5.4502E+21,8.12445E+15,4.92013E+16
130126,130127,7,2,11,0,2016,9,6,5,3,3,6,0,0,1,0,0,0,0,1,3.30648E+20,5.51487E+21,6.64842E+15,4.97624E+16
130127,130128,7,1,37,101,2016,8,5,1,3,1,1,2,0,0,1,0,0,0,1,3.77753E+20,5.57979E+21,7.28142E+15,5.03574E+16
130128,130129,7,3,15,0,2016,8,10,4,3,3,6,0,0,1,1,0,0,0,0,4.48392E+20,5.53825E+21,8.27997E+15,4.99943E+16
130129,130130,7,1,43,30,2016,9,10,3,3,5,3,0,0,0,1,0,0,0,0,4.06958E+20,5.59009E+21,7.6893E+15,5.04555E+16
130130,130131,7,3,15,0,2016,9,14,7,2,3,6,0,0,0,1,0,1,0,0,4.46414E+20,5.53994E+21,8.25215E+15,5.00094E+16
130131,130132,7,1,33,6,2016,8,22,3,3,2,6,2,0,0,1,0,0,0,0,4.19695E+20,5.52343E+21,7.88274E+15,4.98579E+16
130132,130133,7,3,39,43,2016,9,7,7,3,1,5,1,0,0,1,0,0,0,0,4.52479E+20,5.52445E+21,8.33868E+15,4.98706E+16
130133,130134,7,1,43,67,2016,9,13,5,3,5,2,0,0,1,1,0,0,0,0,4.12128E+20,5.59912E+21,7.75999E+15,5.05374E+16
130134,130135,7,3,15,0,2016,9,15,7,3,0,6,0,0,0,1,0,0,0,1,4.4508E+20,5.54057E+21,8.23344E+15,5.00149E+16
130135,130136,7,3,12,0,2016,9,19,3,3,5,3,1,0,0,1,0,0,0,0,4.10268E+20,5.47756E+21,7.76214E+15,4.94441E+16
130136,130137,7,2,32,18,2016,8,8,6,3,2,1,0,0,0,1,0,0,0,1,3.22666E+20,5.53651E+21,6.52778E+15,4.99546E+16
130137,130138,7,1,38,501,2016,9,17,5,3,5,2,0,0,1,1,0,0,0,0,3.77414E+20,5.60399E+21,7.26872E+15,5.0575E+16
130138,130139,7,3,15,0,2016,8,22,7,3,6,4,2,0,0,1,1,0,0,0,4.42538E+20,5.53936E+21,8.19814E+15,5.00038E+16
130139,130140,7,2,33,501,2016,8,9,4,3,0,2,0,0,0,0,1,0,1,0,3.45195E+20,5.56256E+21,6.83106E+15,5.0195E+16
130140,130141,7,1,43,81,2016,9,11,3,3,6,7,0,0,0,1,1,0,0,0,4.14112E+20,5.59236E+21,7.78953E+15,5.04769E+16
130141,130142,7,3,15,0,2016,9,15,7,3,2,2,0,0,0,1,0,0,0,0,4.47572E+20,5.53767E+21,8.26862E+15,4.9989E+16
130142,130143,7,1,38,45,2016,9,12,5,3,5,3,0,0,0,1,0,0,0,0,3.95179E+20,5.5873E+21,7.52421E+15,5.04283E+16
130143,130144,7,1,43,308,2016,9,17,7,3,8,1,0,0,1,0,0,0,0,0,4.27376E+20,5.60116E+21,7.97472E+15,5.05578E+16
130144,130145,7,1,41,92,2016,8,14,4,3,5,3,0,0,0,1,0,0,0,0,4.18224E+20,5.56143E+21,7.85419E+15,5.01994E+16
130145,130146,7,3,14,0,2016,8,14,5,3,5,3,0,0,1,1,0,0,0,0,4.59962E+20,5.4807E+21,8.44729E+15,4.94776E+16
130146,130147,7,1,31,70,2016,8,19,4,3,6,4,0,0,0,0,1,0,0,1,3.75322E+20,5.60427E+21,7.2391E+15,5.0577E+16
130147,130148,7,3,17,0,2016,8,23,5,2,1,7,2,0,0,1,0,0,0,0,3.98377E+20,5.451E+21,7.60491E+15,4.92033E+16
130148,130149,7,1,32,76,2016,9,18,5,2,4,1,0,0,1,1,0,0,0,0,4.21299E+20,5.63436E+21,7.88187E+15,5.08556E+16
130149,130150,7,3,15,0,2016,8,10,7,3,2,2,0,0,0,1,0,0,0,0,4.47151E+20,5.53916E+21,8.26253E+15,5.00024E+16
130150,130151,7,3,17,0,2016,8,10,3,3,2,6,0,0,0,1,0,0,0,0,3.9721E+20,5.44943E+21,7.58929E+15,4.91891E+16
130151,130152,7,1,38,57,2016,9,16,3,3,5,3,0,0,1,1,0,0,0,0,4.01735E+20,5.60601E+21,7.61155E+15,5.05977E+16
130152,130153,7,2,31,134,2016,9,10,7,2,6,4,0,0,0,1,1,0,0,0,3.494E+20,5.53943E+21,6.89905E+15,4.99882E+16
130153,130154,7,1,38,45,2016,9,9,5,3,6,7,0,0,1,1,1,0,0,0,3.91034E+20,5.5882E+21,7.4656E+15,5.04357E+16
130154,130155,7,1,38,75,2016,9,12,7,3,5,3,0,0,1,1,0,0,0,0,3.8146E+20,5.60891E+21,7.32427E+15,5.06201E+16
130155,130156,7,1,41,29,2016,9,11,7,3,4,6,0,0,1,0,0,0,0,0,4.30984E+20,5.57941E+21,8.02966E+15,5.03627E+16
130156,130157,7,1,31,70,2016,9,10,5,3,5,3,0,0,1,1,0,0,0,0,3.75423E+20,5.60423E+21,7.24054E+15,5.05767E+16
130157,130158,7,1,43,229,2016,8,12,5,3,5,3,0,0,0,1,0,1,0,0,4.16148E+20,5.61314E+21,7.81355E+15,5.06641E+16
130158,130159,7,3,19,0,2016,8,21,3,3,1,5,2,0,0,1,0,0,0,0,4.53882E+20,5.49771E+21,8.36137E+15,4.96302E+16
130159,130160,7,1,31,7,2016,10,9,5,3,6,2,0,0,0,1,1,0,0,0,3.67994E+20,5.6011E+21,7.13679E+15,5.05469E+16
130160,130161,7,3,12,0,2016,10,10,3,3,1,6,0,0,0,1,0,0,0,0,4.07257E+20,5.4774E+21,7.72064E+15,4.94422E+16
130161,130162,7,2,11,0,2016,10,14,3,3,6,7,0,0,0,1,1,0,0,0,3.28816E+20,5.51426E+21,6.62328E+15,4.97564E+16
130162,130163,7,1,33,6,2016,9,14,6,3,5,2,0,0,0,1,0,1,0,0,4.19897E+20,5.52223E+21,7.88581E+15,4.98471E+16
130163,130164,7,3,34,7,2016,10,13,5,3,9,1,0,1,0,1,0,0,0,0,4.54032E+20,5.45185E+21,8.36876E+15,4.92177E+16
130164,130165,7,1,11,0,2016,9,15,3,3,5,3,0,0,0,1,0,0,0,0,3.99696E+20,5.57833E+21,7.59017E+15,5.03485E+16
130165,130166,7,2,11,0,2016,9,6,5,3,5,3,1,0,0,1,0,1,0,0,3.28967E+20,5.51454E+21,6.62524E+15,4.97589E+16
130166,130167,7,1,37,89,2016,10,11,3,3,2,6,0,0,0,1,0,0,0,0,3.79914E+20,5.57409E+21,7.3136E+15,5.03066E+16
130167,130168,7,3,12,0,2016,9,14,2,3,1,6,0,0,0,1,0,1,0,0,4.11659E+20,5.4781E+21,7.78119E+15,4.94492E+16
130168,130169,7,3,15,0,2016,9,15,6,3,0,7,0,0,0,1,0,0,0,0,4.45031E+20,5.54105E+21,8.23269E+15,5.00192E+16
130169,130170,7,1,37,3,2016,10,16,5,3,5,3,0,0,1,1,0,0,0,0,3.86033E+20,5.5885E+21,7.39513E+15,5.04375E+16
130170,130171,7,1,32,63,2016,9,7,5,3,0,7,0,0,1,0,0,0,0,0,4.21264E+20,5.62873E+21,7.88258E+15,5.0805E+16
130171,130172,7,2,11,0,2016,10,12,7,3,6,3,0,0,0,1,1,0,0,0,3.29476E+20,5.51259E+21,6.63316E+15,4.97416E+16
130172,130173,7,3,19,0,2016,10,2,7,3,6,4,2,1,0,1,1,0,0,0,4.54075E+20,5.49819E+21,8.364E+15,4.96345E+16
130173,130174,7,3,32,2,2016,10,19,7,3,1,1,2,0,0,1,0,1,0,0,4.39185E+20,5.47902E+21,8.16076E+15,4.94608E+16
130174,130175,7,1,38,45,2016,10,7,3,3,5,3,0,1,0,1,1,0,0,0,3.90904E+20,5.58771E+21,7.46392E+15,5.04313E+16
130175,130176,7,3,13,0,2016,10,16,5,3,5,3,0,1,0,1,0,1,0,0,4.35328E+20,5.45028E+21,8.1122E+15,4.92019E+16
130176,130177,7,1,32,115,2016,9,7,5,3,0,1,0,0,0,0,0,1,0,0,3.9782E+20,5.61922E+21,7.55261E+15,5.07158E+16
130177,130178,7,1,11,0,2016,10,7,3,3,3,6,0,0,1,1,0,0,0,0,3.99906E+20,5.57969E+21,7.59276E+15,5.03607E+16
130178,130179,7,3,13,0,2016,9,19,2,3,3,6,2,0,1,1,0,0,0,0,4.35427E+20,5.45007E+21,8.11361E+15,4.92E+16
130179,130180,7,3,15,0,2016,9,19,6,3,0,6,1,0,0,1,1,0,0,1,4.48116E+20,5.53833E+21,8.27611E+15,4.99951E+16
130180,130181,7,3,18,0,2016,9,7,2,3,0,7,0,0,1,0,0,0,0,0,4.58934E+20,5.4629E+21,8.43494E+15,4.93175E+16
130181,130182,7,1,41,75,2016,9,10,5,3,5,3,0,0,1,1,0,0,0,0,4.01091E+20,5.57375E+21,7.61098E+15,5.03076E+16
130182,130183,7,3,34,25,2016,10,12,2,3,1,1,0,0,1,1,0,0,0,0,4.47651E+20,5.44487E+21,8.28206E+15,4.91545E+16
130183,130184,7,3,19,0,2016,9,6,2,3,5,3,1,0,1,1,0,0,0,0,4.534E+20,5.49707E+21,8.35478E+15,4.96244E+16
130184,130185,7,2,31,133,2016,9,7,6,3,1,1,0,1,0,1,0,1,0,0,3.52853E+20,5.52756E+21,6.95172E+15,4.98823E+16
130185,130186,7,3,17,0,2016,10,15,4,3,4,2,0,0,0,1,0,1,0,0,3.97904E+20,5.45215E+21,7.59813E+15,4.92137E+16
130186,130187,7,2,11,0,2016,10,10,7,3,2,6,0,1,0,1,0,0,0,0,3.29321E+20,5.51232E+21,6.63113E+15,4.97391E+16
130187,130188,7,1,34,45,2016,10,14,7,2,8,1,0,1,0,1,0,0,0,0,3.83998E+20,5.50872E+21,7.39068E+15,4.97198E+16
130188,130189,7,1,35,21,2016,10,15,3,3,8,1,0,0,0,1,0,0,0,0,3.65857E+20,5.55496E+21,7.12306E+15,5.01317E+16
130189,130190,7,3,12,0,2016,9,9,4,3,4,2,0,0,0,1,0,0,0,0,4.09308E+20,5.47527E+21,7.74942E+15,4.94233E+16
130190,130191,7,3,11,0,2016,10,16,2,3,3,7,0,0,0,1,0,1,0,0,4.52031E+20,5.48773E+21,8.33697E+15,4.95403E+16
130191,130192,7,3,19,0,2016,9,5,2,3,5,3,2,0,0,1,0,0,0,0,4.53796E+20,5.49758E+21,8.3602E+15,4.9629E+16
130192,130193,7,2,11,0,2016,9,14,6,2,3,6,0,1,0,1,0,1,0,0,3.30235E+20,5.51311E+21,6.64345E+15,4.97465E+16
130193,130194,7,3,35,3,2016,10,16,4,3,6,4,0,0,0,1,1,0,0,0,3.86624E+20,5.47344E+21,7.43725E+15,4.9403E+16
130194,130195,7,1,31,77,2016,10,1,7,3,1,1,2,1,0,1,0,0,0,0,3.76293E+20,5.60055E+21,7.25405E+15,5.05437E+16
130195,130196,7,3,14,0,2016,10,14,3,2,2,6,0,0,0,1,0,0,0,0,4.58571E+20,5.48233E+21,8.42792E+15,4.94922E+16
130196,130197,7,1,31,7,2016,10,19,3,3,5,3,2,0,0,1,0,0,0,0,3.68558E+20,5.6011E+21,7.14473E+15,5.0547E+16
130197,130198,7,3,15,0,2016,9,13,6,3,0,3,0,0,0,1,0,1,0,0,4.47739E+20,5.53859E+21,8.27081E+15,4.99973E+16
130198,130199,7,3,35,38,2016,10,7,4,3,8,1,0,0,0,0,0,1,0,0,3.93482E+20,5.47695E+21,7.53081E+15,4.94359E+16
130199,130200,7,3,20,0,2016,10,12,6,3,6,4,0,0,0,1,1,0,0,0,3.80603E+20,5.45453E+21,7.35995E+15,4.92319E+16
130200,130201,7,1,37,3,2016,10,19,3,3,1,3,2,0,0,1,0,1,0,0,3.86033E+20,5.5885E+21,7.39513E+15,5.04375E+16
130201,130202,7,1,40,144,2016,10,13,1,3,9,1,0,0,0,1,0,0,0,0,3.95442E+20,5.53863E+21,7.5413E+15,4.99908E+16
130202,130203,7,1,11,0,2016,10,19,3,3,2,7,1,0,0,1,0,0,0,0,3.97432E+20,5.57975E+21,7.55798E+15,5.03608E+16
130203,130204,7,3,15,0,2016,10,10,2,3,3,6,0,0,0,1,0,0,0,1,4.47418E+20,5.53879E+21,8.26632E+15,4.99991E+16
130204,130205,7,3,38,20,2016,9,18,4,2,9,1,0,0,1,0,0,0,0,0,4.57246E+20,5.47456E+21,8.41047E+15,4.94222E+16
130205,130206,7,1,38,3,2016,10,15,2,3,6,7,0,0,0,1,1,0,0,0,3.88807E+20,5.61393E+21,7.42658E+15,5.06666E+16
130206,130207,7,3,15,0,2016,9,16,2,3,6,4,0,0,0,0,1,1,0,0,4.46622E+20,5.54016E+21,8.25501E+15,5.00114E+16
130207,130208,7,1,32,90,2016,9,16,6,2,0,1,0,0,0,0,0,1,0,0,3.96795E+20,5.6058E+21,7.54184E+15,5.0595E+16
130208,130209,7,3,11,0,2016,10,16,6,3,5,3,0,0,1,1,0,0,0,0,4.53629E+20,5.48744E+21,8.35909E+15,4.95378E+16
130209,130210,7,3,35,15,2016,10,10,2,3,5,2,0,0,0,1,0,0,0,0,4.19483E+20,5.47735E+21,7.88928E+15,4.94435E+16
130210,130211,7,3,16,0,2016,10,17,2,2,0,1,0,0,0,0,0,0,0,1,4.42224E+20,5.46112E+21,8.2053E+15,4.93001E+16
130211,130212,7,3,38,5,2016,10,6,5,3,1,5,2,0,0,1,0,0,0,0,4.4942E+20,5.47032E+21,8.3031E+15,4.93835E+16
130212,130213,7,3,15,0,2016,9,10,2,3,6,4,0,0,0,1,1,0,0,0,4.46827E+20,5.53726E+21,8.25828E+15,4.99853E+16
130213,130214,7,1,38,45,2016,10,16,2,3,2,6,0,0,0,1,0,0,1,0,3.91092E+20,5.58853E+21,7.46633E+15,5.04387E+16
130214,130215,7,2,32,18,2016,9,12,2,3,5,3,0,0,0,1,0,0,0,0,3.22933E+20,5.53641E+21,6.53154E+15,4.99538E+16
130215,130216,7,3,12,0,2016,9,17,5,3,5,7,0,0,0,1,0,0,0,1,4.07645E+20,5.47748E+21,7.72598E+15,4.94429E+16
130216,130217,7,3,12,0,2016,10,10,4,3,6,4,0,0,0,1,1,0,0,0,4.11043E+20,5.47757E+21,7.77282E+15,4.94443E+16
130217,130218,7,3,14,0,2016,9,12,4,3,5,3,0,0,1,1,0,0,0,0,4.58348E+20,5.47804E+21,8.4253E+15,4.94536E+16
130218,130219,7,3,37,61,2016,9,11,5,2,5,3,0,0,1,1,0,0,0,0,4.4074E+20,5.44945E+21,8.18662E+15,4.91949E+16
130219,130220,7,3,33,19,2016,9,7,4,3,1,5,0,0,0,1,0,0,0,0,4.33485E+20,5.49046E+21,8.08019E+15,4.95631E+16
130220,130221,7,1,34,45,2016,9,20,5,3,2,2,2,0,0,1,0,0,0,0,3.82242E+20,5.50819E+21,7.36649E+15,4.97147E+16
130221,130222,7,3,34,21,2016,10,15,4,3,5,3,0,0,0,1,0,0,0,0,4.45148E+20,5.42635E+21,8.25025E+15,4.89876E+16
130222,130223,7,1,33,6,2016,10,9,6,3,5,3,0,0,1,0,0,0,0,0,4.17747E+20,5.52215E+21,7.85593E+15,4.98461E+16
130223,130224,7,3,14,0,2016,10,11,2,3,5,3,0,0,1,1,0,0,0,0,4.53139E+20,5.48148E+21,8.35302E+15,4.94842E+16
130224,130225,7,3,18,0,2016,10,12,2,3,0,1,0,1,1,0,0,0,0,0,4.58414E+20,5.46589E+21,8.42748E+15,4.93443E+16
130225,130226,7,2,33,41,2016,9,8,6,2,2,6,0,0,0,1,0,0,0,0,3.30184E+20,5.57673E+21,6.61458E+15,5.03182E+16
130226,130227,7,3,14,0,2016,10,18,5,3,5,3,1,1,1,1,0,0,0,0,4.55441E+20,5.48227E+21,8.38471E+15,4.94914E+16
130227,130228,7,2,35,81,2016,9,9,2,2,6,4,0,0,0,0,1,0,0,1,3.38812E+20,5.49717E+21,6.76898E+15,4.96056E+16
130228,130229,7,3,19,0,2016,9,16,4,3,6,2,0,0,0,1,1,0,0,0,4.54017E+20,5.49838E+21,8.36317E+15,4.96362E+16
130229,130230,7,1,11,0,2016,10,18,2,3,6,4,1,0,1,0,1,0,0,0,3.99934E+20,5.57977E+21,7.59314E+15,5.03615E+16
130230,130231,7,2,11,0,2016,9,9,2,3,6,4,0,0,0,1,1,0,0,0,3.33571E+20,5.51198E+21,6.6902E+15,4.97372E+16
130231,130232,7,1,34,10,2016,9,9,5,2,8,7,0,0,0,1,0,0,0,0,3.67559E+20,5.50148E+21,7.16518E+15,4.96513E+16
130232,130233,7,3,13,0,2016,10,11,4,3,0,1,0,0,1,1,0,0,0,0,4.35524E+20,5.45015E+21,8.11492E+15,4.92008E+16
130233,130234,7,3,15,0,2016,9,12,4,3,0,1,0,0,1,0,0,0,0,0,4.47546E+20,5.53856E+21,8.26813E+15,4.9997E+16
130234,130235,7,3,39,30,2016,10,22,6,2,8,1,2,0,1,0,0,0,0,0,4.32304E+20,5.53592E+21,8.05595E+15,4.99718E+16
130235,130236,7,1,43,48,2016,10,19,7,2,8,1,2,1,0,1,0,0,0,0,4.13376E+20,5.58477E+21,7.78092E+15,5.04085E+16
130236,130237,7,3,34,13,2016,10,12,7,3,6,4,0,0,0,1,1,0,0,0,4.41586E+20,5.43742E+21,8.19997E+15,4.90869E+16
130237,130238,7,1,41,75,2016,10,1,6,3,9,1,0,0,0,1,0,0,0,0,4.0102E+20,5.57435E+21,7.60983E+15,5.03129E+16
130238,130239,7,1,38,44,2016,10,12,7,3,0,1,0,1,0,0,0,1,0,0,3.89004E+20,5.60904E+21,7.43083E+15,5.06227E+16
130239,130240,7,3,18,0,2016,10,12,4,2,4,2,0,0,1,1,0,0,0,0,4.59344E+20,5.46349E+21,8.44053E+15,4.93228E+16
130240,130241,7,3,32,25,2016,10,16,5,3,6,7,0,0,0,1,1,0,0,0,4.46015E+20,5.46788E+21,8.25653E+15,4.93612E+16
130241,130242,7,3,14,0,2016,10,14,2,3,6,4,0,0,0,1,1,0,0,0,4.56747E+20,5.47855E+21,8.40315E+15,4.94581E+16
130242,130243,7,3,13,0,2016,10,19,7,3,5,2,2,0,0,1,0,0,0,0,4.35795E+20,5.45001E+21,8.11867E+15,4.91995E+16
130243,130244,7,1,33,66,2016,10,2,2,3,0,5,2,1,0,1,0,0,0,0,3.9612E+20,5.51692E+21,7.5566E+15,4.97957E+16
130244,130245,7,3,14,0,2016,10,21,5,3,0,1,2,1,1,0,0,0,0,0,4.5636E+20,5.48622E+21,8.39697E+15,4.9527E+16
130245,130246,7,1,37,68,2016,9,12,2,3,0,7,0,0,1,1,0,0,0,0,3.74573E+20,5.57631E+21,7.23789E+15,5.03255E+16
130246,130247,7,1,35,92,2016,9,13,4,2,0,1,0,0,1,0,0,0,0,0,3.69671E+20,5.54209E+21,7.18078E+15,5.00169E+16
130247,130248,7,3,15,0,2016,10,17,1,3,4,1,0,0,1,0,0,0,0,0,4.48579E+20,5.5384E+21,8.28257E+15,4.99957E+16
130248,130249,7,1,40,144,2016,9,7,2,3,6,1,0,0,0,0,1,0,0,1,3.93953E+20,5.53786E+21,7.52076E+15,4.99836E+16
130249,130250,7,2,35,143,2016,9,15,5,3,0,1,0,0,0,0,0,1,0,0,3.23245E+20,5.50844E+21,6.54864E+15,4.97025E+16
130250,130251,7,3,38,19,2016,10,9,4,3,6,6,0,0,0,1,1,0,0,0,4.53058E+20,5.47678E+21,8.35246E+15,4.94419E+16
130251,130252,7,3,18,0,2016,10,13,5,3,2,6,0,0,0,1,0,0,0,0,4.5826E+20,5.46181E+21,8.42579E+15,4.93076E+16