FID,OBJECTID,ULAND,UREGBEZ,UKREIS,UGEMEINDE,UJAHR,UMONAT,USTUNDE,UWOCHENTAG,UKATEGORIE,UART,UTYP1,ULICHTVERH,IstStrasse,IstRad,IstPKW,IstFuss,IstKrad,IstGkfz,IstSonstig,LINREFX,LINREFY,XGCSWGS84,YGCSWGS84
130429,130430,7,1,31,42,2016,10,16,6,3,5,3,0,0,0,1,0,1,0,0,3.5083E+20,5.57997E+21,6.9031E+15,5.03529E+16
130430,130431,7,1,11,0,2016,10,16,6,3,5,3,0,0,1,1,0,0,0,0,3.99377E+20,5.57791E+21,7.58581E+15,5.03447E+16
130431,130432,7,3,35,15,2016,9,17,6,3,5,2,0,0,1,1,0,0,0,0,4.19483E+20,5.47735E+21,7.88928E+15,4.94435E+16
130432,130433,7,3,14,0,2016,9,10,3,3,3,6,0,0,0,1,0,0,0,0,4.58129E+20,5.48054E+21,8.42202E+15,4.94761E+16
130433,130434,7,2,35,45,2016,10,15,3,3,5,2,0,0,0,1,0,0,0,0,3.51316E+20,5.50229E+21,6.93999E+15,4.96548E+16
130434,130435,7,3,14,0,2016,10,17,3,3,4,1,0,0,0,1,0,1,0,0,4.5853E+20,5.48192E+21,8.4274E+15,4.94885E+16
130435,130436,7,3,17,0,2016,10,13,5,3,5,3,0,1,0,1,0,0,0,0,3.98334E+20,5.4498E+21,7.60462E+15,4.91926E+16
130436,130437,7,2,35,45,2016,10,15,3,3,5,3,0,0,0,1,0,0,0,0,3.51793E+20,5.50197E+21,6.94672E+15,4.9652E+16
130437,130438,7,1,33,6,2016,10,12,3,3,2,6,0,0,0,1,0,0,0,0,4.20152E+20,5.52255E+21,7.88929E+15,4.985E+16
130438,130439,7,3,31,18,2016,10,14,7,3,0,1,0,0,0,1,0,0,0,0,4.55657E+20,5.51022E+21,8.38453E+15,4.97429E+16
130439,130440,7,1,11,0,2016,10,12,7,3,2,6,0,1,0,1,0,0,0,0,3.97494E+20,5.58276E+21,7.55802E+15,5.0388E+16
130440,130441,7,3,14,0,2016,9,13,5,2,4,2,0,0,1,1,0,0,0,0,4.57783E+20,5.48259E+21,8.41702E+15,4.94945E+16
130441,130442,7,2,11,0,2016,10,10,4,2,0,7,0,0,1,0,0,0,0,0,3.29429E+20,5.51514E+21,6.63139E+15,4.97645E+16
130442,130443,7,3,35,4,2016,9,13,6,3,6,7,0,0,0,1,1,0,0,0,4.20279E+20,5.48251E+21,7.89922E+15,4.949E+16
130443,130444,7,3,15,0,2016,9,15,1,3,2,6,0,0,0,1,0,0,0,0,4.4955E+20,5.53681E+21,8.29632E+15,4.99815E+16
130444,130445,7,3,12,0,2016,10,6,5,3,5,3,2,0,0,1,0,0,0,0,4.08867E+20,5.47735E+21,7.74286E+15,4.9442E+16
130445,130446,7,3,37,38,2016,9,15,6,3,2,6,0,0,0,1,0,0,0,0,4.44022E+20,5.44434E+21,8.23238E+15,4.91493E+16
130446,130447,7,3,15,0,2016,9,14,3,3,4,2,0,0,1,0,0,1,0,0,4.4737E+20,5.53896E+21,8.26562E+15,5.00006E+16
130447,130448,7,2,35,4,2016,10,18,3,3,5,2,0,0,1,1,0,0,0,0,3.42164E+20,5.5241E+21,6.80445E+15,4.98485E+16
130448,130449,7,3,39,6,2016,10,16,3,3,5,3,0,0,0,1,0,0,0,0,4.51228E+20,5.53052E+21,8.32052E+15,4.99251E+16
130449,130450,7,3,12,0,2016,10,18,5,3,6,4,2,1,0,1,1,0,0,0,4.11043E+20,5.47757E+21,7.77282E+15,4.94443E+16
130450,130451,7,3,16,0,2016,9,13,6,3,1,6,0,0,0,1,0,0,0,0,4.37624E+20,5.46694E+21,8.14113E+15,4.9352E+16
130451,130452,7,3,32,2,2016,10,17,5,3,6,7,0,0,0,1,1,0,0,0,4.39456E+20,5.47893E+21,8.16452E+15,4.946E+16
130452,130453,7,1,33,6,2016,9,13,6,3,1,7,0,0,1,1,0,0,0,0,4.18128E+20,5.52215E+21,7.86123E+15,4.98462E+16
130453,130454,7,1,32,72,2016,10,15,4,3,5,3,0,1,0,1,0,0,0,0,4.26998E+20,5.6324E+21,7.96322E+15,5.08387E+16
130454,130455,7,2,11,0,2016,9,21,1,3,5,3,2,1,0,1,0,1,0,0,3.32621E+20,5.5157E+21,6.67544E+15,4.97704E+16
130455,130456,7,3,34,501,2016,10,8,5,3,5,3,0,0,1,1,0,0,0,0,4.46209E+20,5.4331E+21,8.26386E+15,4.90484E+16
130456,130457,7,3,38,19,2016,9,15,6,3,0,7,0,0,1,1,0,0,0,0,4.53316E+20,5.47681E+21,8.35601E+15,4.94421E+16
130457,130458,7,2,32,19,2016,9,20,3,2,9,1,2,0,0,1,0,0,0,0,3.09905E+20,5.52543E+21,6.35553E+15,4.98511E+16
130458,130459,7,2,35,60,2016,10,17,3,3,5,3,0,0,0,1,0,0,0,1,3.363E+20,5.51909E+21,6.72506E+15,4.98019E+16
130459,130460,7,3,15,0,2016,10,14,3,3,3,6,0,0,0,1,0,0,0,0,4.47459E+20,5.53888E+21,8.26688E+15,4.99999E+16
130460,130461,7,3,14,0,2016,10,21,7,3,6,4,2,0,0,1,1,0,0,0,4.59855E+20,5.48084E+21,8.4458E+15,4.94788E+16
130461,130462,7,1,33,6,2016,9,12,6,3,3,6,0,1,0,1,0,1,0,0,4.1803E+20,5.52103E+21,7.86009E+15,4.98361E+16
130462,130463,7,1,31,90,2016,9,5,3,3,0,7,2,0,0,0,0,1,1,0,3.6072E+20,5.60527E+21,7.03261E+15,5.05827E+16
130463,130464,7,1,38,52,2016,9,1,1,3,8,1,2,1,0,1,0,0,0,0,4.05493E+20,5.61137E+21,7.66328E+15,5.06465E+16
130464,130465,7,1,37,96,2016,9,17,3,3,1,5,0,0,1,1,0,0,0,0,3.8772E+20,5.58191E+21,7.42085E+15,5.03786E+16
130465,130466,7,1,40,3,2016,9,16,1,3,9,7,0,0,1,0,0,0,0,0,3.99281E+20,5.53674E+21,7.59535E+15,4.99745E+16
130466,130467,7,1,33,6,2016,10,7,5,3,5,2,0,0,0,1,0,1,0,0,4.16655E+20,5.52246E+21,7.84067E+15,4.98487E+16
130467,130468,7,3,38,19,2016,9,11,6,3,4,2,0,0,0,1,0,1,0,0,4.53497E+20,5.47703E+21,8.35849E+15,4.94442E+16
130468,130469,7,1,40,112,2016,9,21,3,3,0,7,2,0,1,1,0,0,0,0,4.08804E+20,5.55161E+21,7.72458E+15,5.01097E+16
130469,130470,7,2,11,0,2016,10,16,3,3,2,6,0,0,0,1,0,0,0,0,3.29284E+20,5.51232E+21,6.63061E+15,4.97391E+16
130470,130471,7,1,31,7,2016,10,12,3,3,6,4,0,0,0,1,1,0,0,0,3.67973E+20,5.60043E+21,7.13672E+15,5.05409E+16
130471,130472,7,1,33,6,2016,10,10,7,3,0,7,0,0,0,1,0,0,0,0,4.19623E+20,5.52211E+21,7.88203E+15,4.9846E+16
130472,130473,7,3,15,0,2016,9,18,6,3,2,2,0,0,0,1,0,1,0,0,4.46691E+20,5.53473E+21,8.25673E+15,4.99625E+16
130473,130474,7,3,15,0,2016,9,17,5,2,0,5,1,0,1,1,0,0,0,0,4.40694E+20,5.53815E+21,8.1726E+15,4.99927E+16
130474,130475,7,2,11,0,2016,10,14,5,3,5,3,0,0,0,1,0,0,0,0,3.32345E+20,5.51558E+21,6.67166E+15,4.97693E+16
130475,130476,7,1,11,0,2016,9,9,1,2,6,7,0,1,0,1,1,0,0,0,4.0058E+20,5.5818E+21,7.60168E+15,5.03799E+16
130476,130477,7,1,35,20,2016,11,13,6,3,6,6,0,1,0,0,1,0,0,1,3.6888E+20,5.55601E+21,7.16497E+15,5.01418E+16
130477,130478,7,1,43,48,2016,11,16,3,3,1,7,1,1,1,1,0,0,0,0,4.14071E+20,5.58869E+21,7.7898E+15,5.0444E+16
130478,130479,7,1,11,0,2016,10,11,7,3,3,6,0,0,0,1,0,0,0,0,3.99052E+20,5.58253E+21,7.58E+15,5.03861E+16
130479,130480,7,3,31,18,2016,10,18,4,3,2,6,0,0,0,0,0,1,0,0,4.57414E+20,5.51116E+21,8.40882E+15,4.97515E+16
130480,130481,7,3,16,0,2016,11,15,4,3,6,4,0,1,0,1,1,0,0,0,4.37607E+20,5.46685E+21,8.1409E+15,4.93511E+16
130481,130482,7,3,35,38,2016,11,7,3,2,5,3,0,1,0,1,0,0,0,0,3.95522E+20,5.47764E+21,7.55876E+15,4.94425E+16
130482,130483,7,3,19,0,2016,10,10,4,3,4,2,0,0,0,1,0,0,0,0,4.53775E+20,5.49679E+21,8.36E+15,4.96219E+16
130483,130484,7,3,34,8,2016,10,8,5,3,0,7,0,0,0,0,0,1,0,1,4.45294E+20,5.43028E+21,8.25172E+15,4.90229E+16
130484,130485,7,3,20,0,2016,10,19,2,3,5,3,2,0,1,1,0,0,0,0,3.79561E+20,5.45698E+21,7.3449E+15,4.92537E+16
130485,130486,7,3,32,2,2016,10,20,6,3,7,1,2,0,0,1,0,0,0,0,4.41228E+20,5.47935E+21,8.1889E+15,4.9464E+16
130486,130487,7,3,32,25,2016,11,19,2,2,0,1,2,1,0,0,0,1,0,0,4.45107E+20,5.46636E+21,8.24423E+15,4.93475E+16
130487,130488,7,3,34,22,2016,11,10,7,3,4,5,0,1,0,1,0,0,0,0,4.50106E+20,5.44072E+21,8.31625E+15,4.91173E+16
130488,130489,7,1,40,36,2016,11,12,2,3,6,4,0,0,0,1,1,0,0,0,3.96143E+20,5.557E+21,7.5461E+15,5.01561E+16
130489,130490,7,3,37,5,2016,11,16,5,3,5,3,0,1,0,1,0,0,0,0,4.26685E+20,5.43888E+21,7.99565E+15,4.90984E+16
130490,130491,7,1,38,45,2016,10,12,4,3,2,6,0,0,0,1,0,0,0,0,3.90766E+20,5.58764E+21,7.46199E+15,5.04306E+16
130491,130492,7,3,14,0,2016,11,16,3,3,2,6,0,0,0,1,0,0,0,0,4.60261E+20,5.48106E+21,8.45139E+15,4.94809E+16
130492,130493,7,1,11,0,2016,11,12,2,2,6,7,0,0,0,1,1,0,0,0,3.99586E+20,5.57797E+21,7.58873E+15,5.03452E+16
130493,130494,7,1,37,68,2016,10,10,4,3,5,3,0,0,0,1,0,0,0,0,3.75464E+20,5.57655E+21,7.25031E+15,5.03278E+16
130494,130495,7,1,41,75,2016,11,11,4,3,5,3,0,1,0,1,0,1,0,0,4.00607E+20,5.5731E+21,7.60435E+15,5.03016E+16
130495,130496,7,3,16,0,2016,11,16,3,3,1,5,0,0,0,1,0,1,0,0,4.38296E+20,5.46674E+21,8.15041E+15,4.93503E+16
130496,130497,7,3,14,0,2016,10,15,5,3,1,6,0,0,0,1,0,1,0,0,4.60054E+20,5.48021E+21,8.44861E+15,4.94733E+16
130497,130498,7,3,39,5,2016,10,8,2,3,5,2,0,0,0,1,0,1,0,0,4.21091E+20,5.5357E+21,7.89966E+15,4.99684E+16
130498,130499,7,3,33,19,2016,11,7,2,3,6,4,0,0,0,1,1,0,0,0,4.32365E+20,5.49046E+21,8.06471E+15,4.95629E+16
130499,130500,7,1,43,48,2016,11,11,7,3,6,7,0,0,0,1,1,0,0,0,4.16869E+20,5.58771E+21,7.82941E+15,5.04355E+16
130500,130501,7,3,19,0,2016,11,13,5,3,6,4,0,1,0,1,1,0,0,0,4.53961E+20,5.49733E+21,8.36252E+15,4.96268E+16
130501,130502,7,1,11,0,2016,10,14,4,3,2,2,0,0,0,1,0,0,0,0,3.99652E+20,5.58054E+21,7.58896E+15,5.03684E+16
130502,130503,7,1,38,45,2016,11,9,3,3,6,4,0,0,0,1,1,0,0,0,3.90904E+20,5.5877E+21,7.46393E+15,5.04312E+16
130503,130504,7,3,15,0,2016,11,8,6,3,6,4,0,0,1,0,1,0,0,0,4.46974E+20,5.53921E+21,8.26005E+15,5.00028E+16
130504,130505,7,3,12,0,2016,11,7,6,2,5,3,2,1,0,0,0,1,0,1,4.1172E+20,5.47804E+21,7.78206E+15,4.94486E+16
130505,130506,7,3,11,0,2016,11,16,3,3,5,3,1,1,1,1,0,0,0,0,4.52682E+20,5.48805E+21,8.34593E+15,4.95432E+16
130506,130507,7,3,12,0,2016,10,15,7,3,5,3,0,0,1,1,0,0,0,0,4.10385E+20,5.47758E+21,7.76374E+15,4.94443E+16
130507,130508,7,3,14,0,2016,10,10,1,3,6,4,0,0,0,1,1,0,0,0,4.59929E+20,5.48139E+21,8.44677E+15,4.94838E+16
130508,130509,7,1,11,0,2016,10,18,7,3,4,7,1,0,0,1,0,0,0,0,3.99946E+20,5.57958E+21,7.59335E+15,5.03598E+16
130509,130510,7,1,31,7,2016,11,17,2,3,1,6,1,1,0,1,0,0,0,0,3.67718E+20,5.60101E+21,7.13292E+15,5.0546E+16
130510,130511,7,3,37,38,2016,11,12,6,3,0,1,0,0,0,0,0,1,0,1,4.42409E+20,5.44358E+21,8.21036E+15,4.91423E+16
130511,130512,7,1,41,75,2016,11,15,5,3,5,3,0,0,0,1,0,1,0,0,4.00207E+20,5.57532E+21,7.59815E+15,5.03215E+16
130512,130513,7,3,12,0,2016,10,17,3,3,1,3,0,0,0,1,0,0,0,0,4.11318E+20,5.47616E+21,7.77692E+15,4.94316E+16
130513,130514,7,3,34,501,2016,11,6,5,3,2,2,1,0,0,1,0,0,0,0,4.33219E+20,5.4341E+21,8.08594E+15,4.90561E+16
130514,130515,7,3,19,0,2016,11,9,6,3,4,2,0,1,1,1,0,0,0,0,4.53354E+20,5.49915E+21,8.3539E+15,4.96431E+16
130515,130516,7,2,11,0,2016,11,10,3,3,6,7,0,0,0,0,1,0,0,1,3.30082E+20,5.51433E+21,6.6408E+15,4.97574E+16
130516,130517,7,2,11,0,2016,10,14,7,3,8,1,0,0,0,0,0,1,0,0,3.26852E+20,5.51125E+21,6.59737E+15,4.97288E+16
130517,130518,7,3,40,38,2016,11,9,4,3,5,3,0,1,0,1,0,0,0,0,4.02117E+20,5.4547E+21,7.65533E+15,4.92373E+16
130518,130519,7,1,11,0,2016,11,19,4,3,4,2,2,1,0,1,0,0,0,0,3.99929E+20,5.57976E+21,7.59307E+15,5.03614E+16
130519,130520,7,3,32,9,2016,10,11,3,3,4,6,0,0,1,1,0,0,0,0,4.41467E+20,5.47296E+21,8.19315E+15,4.94065E+16
130520,130521,7,3,19,0,2016,11,10,5,2,6,7,0,1,0,1,1,0,0,0,4.54244E+20,5.49826E+21,8.36633E+15,4.96352E+16
130521,130522,7,3,15,0,2016,11,14,4,3,1,6,0,1,0,1,0,0,0,0,4.47295E+20,5.53897E+21,8.26458E+15,5.00007E+16
130522,130523,7,3,14,0,2016,10,23,3,3,8,1,2,0,0,1,0,0,0,0,4.60015E+20,5.4811E+21,8.44799E+15,4.94812E+16
130523,130524,7,3,34,501,2016,11,7,4,3,4,3,0,0,1,0,0,0,1,0,4.48179E+20,5.43191E+21,8.29097E+15,4.90379E+16
130524,130525,7,3,31,73,2016,11,13,5,3,6,4,0,0,0,0,1,0,1,0,4.36701E+20,5.52236E+21,8.11949E+15,4.98503E+16
130525,130526,7,1,38,45,2016,11,8,3,3,2,6,0,1,0,1,0,0,0,0,3.9195E+20,5.58807E+21,7.47853E+15,5.04347E+16
130526,130527,7,1,33,6,2016,10,16,3,3,4,6,0,0,1,0,0,0,0,0,4.18303E+20,5.52326E+21,7.86343E+15,4.98562E+16
130527,130528,7,3,15,0,2016,11,11,4,3,6,7,0,1,0,0,1,0,0,1,4.50632E+20,5.53386E+21,8.31179E+15,4.9955E+16
130528,130529,7,3,35,37,2016,11,17,3,3,6,5,2,1,0,1,1,0,0,0,4.0075E+20,5.46976E+21,7.63281E+15,4.93725E+16
130529,130530,7,1,33,6,2016,10,13,3,3,4,2,0,0,0,1,0,0,0,0,4.1928E+20,5.52211E+21,7.87725E+15,4.98459E+16
130530,130531,7,3,14,0,2016,10,12,5,2,2,6,0,0,0,1,0,1,0,0,4.58726E+20,5.47924E+21,8.43038E+15,4.94644E+16
130531,130532,7,3,13,0,2016,10,18,2,3,7,7,2,0,0,1,0,0,0,1,4.35288E+20,5.45036E+21,8.11164E+15,4.92026E+16
130532,130533,7,3,11,0,2016,10,12,6,3,5,6,0,0,1,0,0,0,0,0,4.52815E+20,5.48763E+21,8.34782E+15,4.95394E+16
130533,130534,7,1,33,103,2016,10,7,5,3,6,7,1,0,0,1,1,0,0,0,4.13039E+20,5.53354E+21,7.78789E+15,4.99479E+16
130534,130535,7,1,31,7,2016,11,12,4,2,5,3,0,1,0,1,0,1,0,0,3.67018E+20,5.60044E+21,7.12324E+15,5.05407E+16
130535,130536,7,1,33,6,2016,10,16,6,3,5,3,0,0,0,1,0,1,0,0,4.20512E+20,5.52273E+21,7.89425E+15,4.98517E+16
130536,130537,7,3,15,0,2016,11,12,2,3,2,5,0,0,1,1,0,0,0,0,4.46974E+20,5.53921E+21,8.26005E+15,5.00028E+16
130537,130538,7,3,40,38,2016,11,8,7,3,6,4,0,1,0,1,1,0,0,0,3.99862E+20,5.45569E+21,7.62411E+15,4.92458E+16
130538,130539,7,3,12,0,2016,11,15,5,3,1,5,0,1,1,1,0,0,0,0,4.10834E+20,5.47719E+21,7.77002E+15,4.94408E+16
130539,130540,7,3,33,19,2016,10,12,3,3,5,3,0,0,0,1,0,0,0,0,4.32582E+20,5.49058E+21,8.06769E+15,4.95641E+16
130540,130541,7,3,12,0,2016,11,6,3,2,6,2,2,1,0,1,1,0,0,0,4.1059E+20,5.47771E+21,7.76654E+15,4.94455E+16
130541,130542,7,1,37,68,2016,11,19,2,3,1,5,2,0,0,1,0,0,1,0,3.73809E+20,5.57551E+21,7.22743E+15,5.03181E+16
130542,130543,7,3,11,0,2016,11,17,3,3,6,2,2,1,0,0,1,0,0,1,4.52043E+20,5.4878E+21,8.33713E+15,4.95409E+16
130543,130544,7,3,31,3,2016,10,12,5,3,6,4,0,0,0,1,1,0,0,0,4.35918E+20,5.51079E+21,8.1105E+15,4.97462E+16
130544,130545,7,2,35,68,2016,10,10,2,2,5,2,0,0,1,1,0,0,0,0,3.25634E+20,5.50808E+21,6.5819E+15,4.97E+16
130545,130546,7,3,34,7,2016,10,9,1,3,5,3,0,0,1,1,0,0,0,0,4.54297E+20,5.45161E+21,8.37244E+15,4.92156E+16
130546,130547,7,3,32,24,2016,10,16,6,3,5,5,0,0,0,1,0,0,0,0,4.4064E+20,5.49024E+21,8.17915E+15,4.95619E+16
130547,130548,7,1,38,45,2016,11,17,2,2,6,4,2,1,0,1,1,0,0,0,3.9152E+20,5.58753E+21,7.47264E+15,5.04298E+16
130548,130549,7,1,35,16,2016,11,9,7,2,6,7,0,1,0,0,1,0,0,1,3.77256E+20,5.56453E+21,7.27939E+15,5.02202E+16
130549,130550,7,3,15,0,2016,11,9,5,3,2,6,0,1,0,1,0,0,0,0,4.45305E+20,5.54083E+21,8.23654E+15,5.00173E+16
130550,130551,7,3,19,0,2016,10,15,3,3,0,7,0,0,1,0,0,0,0,1,4.5285E+20,5.49856E+21,8.34698E+15,4.96377E+16
130551,130552,7,3,13,0,2016,11,14,2,3,2,6,0,0,0,1,0,1,0,0,4.35801E+20,5.44995E+21,8.11875E+15,4.9199E+16
130552,130553,7,3,14,0,2016,11,17,7,3,0,1,2,1,1,0,0,0,0,0,4.55717E+20,5.48743E+21,8.38794E+15,4.95379E+16
130553,130554,7,3,38,25,2016,11,16,1,3,0,1,1,0,1,0,0,0,0,0,4.54564E+20,5.47073E+21,8.37393E+15,4.93876E+16
130554,130555,7,3,39,21,2016,11,17,5,3,5,3,1,1,0,1,0,0,0,0,4.23085E+20,5.52837E+21,7.92892E+15,4.99027E+16
130555,130556,7,3,39,49,2016,10,15,3,2,1,5,0,0,1,0,0,0,1,0,4.53538E+20,5.52156E+21,8.35378E+15,4.98446E+16
130556,130557,7,3,15,0,2016,11,14,3,3,6,4,0,1,0,1,1,0,0,0,4.4715E+20,5.53837E+21,8.26262E+15,4.99953E+16
130557,130558,7,3,11,0,2016,11,7,6,2,6,7,0,0,0,0,0,0,1,1,4.51413E+20,5.48403E+21,8.32888E+15,4.95069E+16
130558,130559,7,3,15,0,2016,11,0,7,3,0,1,2,0,1,0,0,0,0,0,4.47544E+20,5.53858E+21,8.2681E+15,4.99973E+16
130559,130560,7,1,43,48,2016,10,14,1,2,0,1,0,0,1,0,0,0,0,0,4.17408E+20,5.58831E+21,7.83687E+15,5.0441E+16
130560,130561,7,3,11,0,2016,11,13,6,3,0,1,0,0,1,0,0,0,0,0,4.53036E+20,5.48758E+21,8.35088E+15,4.9539E+16
130561,130562,7,3,38,19,2016,11,20,5,3,8,1,2,1,0,0,0,0,0,1,4.53622E+20,5.47744E+21,8.36017E+15,4.94479E+16
130562,130563,7,3,35,22,2016,11,13,4,3,9,1,0,1,0,1,0,0,0,0,3.94849E+20,5.47303E+21,7.55069E+15,4.94009E+16
130563,130564,7,3,15,0,2016,10,16,3,2,0,1,0,0,1,0,0,0,0,0,4.42093E+20,5.53424E+21,8.1927E+15,4.99577E+16
130564,130565,7,3,18,0,2016,11,9,5,3,0,7,0,0,0,1,0,0,0,0,4.58599E+20,5.46403E+21,8.43022E+15,4.93276E+16
130565,130566,7,2,11,0,2016,11,13,6,3,5,3,0,0,0,1,0,1,0,0,3.30773E+20,5.51365E+21,6.65068E+15,4.97515E+16
130566,130567,7,2,11,0,2016,11,6,3,2,5,2,2,1,0,1,0,1,0,0,3.28779E+20,5.51413E+21,6.62282E+15,4.97552E+16
130567,130568,7,1,38,45,2016,11,7,6,2,6,6,1,0,0,1,1,0,0,0,3.90651E+20,5.58794E+21,7.46029E+15,5.04333E+16
130568,130569,7,3,13,0,2016,11,10,6,2,1,7,0,1,0,1,0,0,0,0,4.34112E+20,5.44913E+21,8.09571E+15,4.91915E+16
130569,130570,7,1,33,6,2016,11,18,3,3,1,7,2,1,0,1,0,0,0,0,4.16926E+20,5.51824E+21,7.84534E+15,4.98108E+16
130570,130571,7,3,34,7,2016,10,14,7,2,3,6,0,0,1,1,0,0,0,0,4.53532E+20,5.45185E+21,8.3619E+15,4.92177E+16
130571,130572,7,1,41,6,2016,11,9,5,3,6,2,1,1,0,1,1,0,0,0,4.08183E+20,5.57647E+21,7.70988E+15,5.03332E+16
130572,130573,7,2,35,125,2016,11,5,4,3,8,1,2,1,0,1,0,0,0,0,3.37802E+20,5.52223E+21,6.7446E+15,4.98306E+16
130573,130574,7,2,11,0,2016,10,12,3,3,0,7,0,0,0,1,1,0,0,0,3.29405E+20,5.51087E+21,6.63292E+15,4.97262E+16
130574,130575,7,3,31,3,2016,10,7,5,3,6,4,1,0,0,1,1,0,0,0,4.35122E+20,5.51026E+21,8.09955E+15,4.97413E+16
130575,130576,7,2,35,95,2016,11,11,4,2,6,7,0,0,0,0,1,0,1,0,3.15459E+20,5.50313E+21,6.44327E+15,4.96525E+16
130576,130577,7,2,11,0,2016,11,20,5,3,3,2,2,0,0,1,0,0,0,0,3.32345E+20,5.51558E+21,6.67166E+15,4.97693E+16
130577,130578,7,3,19,0,2016,10,23,6,2,5,3,2,0,0,1,0,0,0,0,4.53799E+20,5.49758E+21,8.36024E+15,4.9629E+16
130578,130579,7,3,34,7,2016,11,14,2,3,6,7,0,0,0,1,1,0,0,0,4.54479E+20,5.4518E+21,8.37491E+15,4.92173E+16
130579,130580,7,2,11,0,2016,10,12,3,3,0,7,0,0,0,1,1,0,0,0,3.29405E+20,5.51087E+21,6.63292E+15,4.97262E+16
130580,130581,7,1,37,68,2016,11,22,4,3,6,2,2,1,0,1,1,0,0,0,3.73255E+20,5.57655E+21,7.21931E+15,5.03274E+16
130581,130582,7,2,11,0,2016,10,7,7,3,0,7,1,0,0,1,0,0,0,0,3.30613E+20,5.51439E+21,6.64815E+15,4.97581E+16
130582,130583,7,3,34,7,2016,11,19,4,2,6,4,2,0,0,1,1,0,0,0,4.54018E+20,5.45286E+21,8.36846E+15,4.92268E+16
130583,130584,7,3,16,0,2016,11,16,4,3,2,6,0,1,0,1,0,0,0,0,4.36888E+20,5.46693E+21,8.131E+15,4.93519E+16
130584,130585,7,3,17,0,2016,11,17,3,3,5,3,2,1,0,1,0,0,0,0,3.98926E+20,5.44958E+21,7.6128E+15,4.91907E+16
130585,130586,7,1,37,68,2016,10,7,3,3,1,6,1,1,0,1,0,0,0,0,3.74837E+20,5.57658E+21,7.2415E+15,5.0328E+16
130586,130587,7,3,31,34,2016,10,18,5,3,5,3,0,0,0,1,0,0,0,0,4.55054E+20,5.51425E+21,8.3757E+15,4.9779E+16
130587,130588,7,1,37,88,2016,11,16,3,3,6,7,0,0,0,1,1,0,0,0,3.85288E+20,5.58343E+21,7.38619E+15,5.03917E+16
130588,130589,7,2,31,46,2016,10,15,6,2,5,7,0,0,1,1,0,0,0,0,3.42481E+20,5.54366E+21,6.80087E+15,5.00244E+16
130589,130590,7,1,32,117,2016,11,16,2,2,6,4,0,0,0,1,1,0,0,0,4.10905E+20,5.62631E+21,7.73619E+15,5.07817E+16
130590,130591,7,1,38,45,2016,11,9,3,3,6,4,0,0,0,1,1,0,0,0,3.90592E+20,5.58723E+21,7.45967E+15,5.04269E+16
130591,130592,7,3,12,0,2016,11,20,7,3,5,3,2,1,0,1,0,1,0,0,4.11043E+20,5.47757E+21,7.77282E+15,4.94443E+16
130592,130593,7,1,37,216,2016,11,10,2,3,5,3,0,1,0,1,0,0,0,0,3.95605E+20,5.58356E+21,7.53124E+15,5.03948E+16
130593,130594,7,3,34,8,2016,11,18,5,3,2,1,2,1,0,1,0,0,1,0,4.45334E+20,5.43055E+21,8.25223E+15,4.90254E+16
130594,130595,7,3,12,0,2016,10,6,2,2,5,3,2,1,0,1,0,1,0,0,4.10062E+20,5.47682E+21,7.75946E+15,4.94374E+16
130595,130596,7,3,14,0,2016,11,12,3,3,6,7,0,0,0,1,0,0,0,1,4.55013E+20,5.48342E+21,8.37867E+15,4.95018E+16
130596,130597,7,1,37,88,2016,11,9,2,3,4,6,0,0,1,1,0,0,0,0,3.85543E+20,5.58335E+21,7.3898E+15,5.0391E+16
130597,130598,7,3,32,25,2016,11,10,3,2,0,7,0,1,1,0,0,0,0,0,4.45932E+20,5.4678E+21,8.2554E+15,4.93605E+16
130598,130599,7,2,11,0,2016,10,9,5,3,8,7,0,0,0,1,0,0,0,0,3.30238E+20,5.51397E+21,6.64313E+15,4.97542E+16
130599,130600,7,3,14,0,2016,10,11,2,3,1,3,0,0,0,1,0,0,0,1,4.60201E+20,5.48103E+21,8.45057E+15,4.94806E+16
130600,130601,7,1,33,6,2016,11,13,2,3,6,4,0,1,0,1,1,0,0,0,4.17746E+20,5.52237E+21,7.85586E+15,4.98481E+16
130601,130602,7,2,11,0,2016,11,16,7,3,2,1,1,0,0,1,0,0,0,0,3.2942E+20,5.51514E+21,6.63126E+15,4.97645E+16
130602,130603,7,1,33,6,2016,11,9,5,2,1,5,0,1,0,1,0,0,0,0,4.19064E+20,5.52057E+21,7.87457E+15,4.98321E+16
130603,130604,7,3,12,0,2016,10,7,2,3,4,2,2,1,1,1,0,0,0,0,4.10751E+20,5.47786E+21,7.76873E+15,4.94468E+16
130604,130605,7,1,43,20,2016,11,7,3,3,5,3,0,1,0,1,0,0,0,1,4.18727E+20,5.58015E+21,7.85721E+15,5.03678E+16
130605,130606,7,1,33,6,2016,11,8,6,3,5,7,0,0,0,1,0,0,0,1,4.18972E+20,5.5222E+21,7.87295E+15,4.98468E+16