FID,OBJECTID,ULAND,UREGBEZ,UKREIS,UGEMEINDE,UJAHR,UMONAT,USTUNDE,UWOCHENTAG,UKATEGORIE,UART,UTYP1,ULICHTVERH,IstStrasse,IstRad,IstPKW,IstFuss,IstKrad,IstGkfz,IstSonstig,LINREFX,LINREFY,XGCSWGS84,YGCSWGS84
130606,130607,7,3,20,0,2016,11,8,6,3,0,1,0,1,0,0,0,1,0,0,3.80664E+20,5.45592E+21,7.36037E+15,4.92444E+16
130607,130608,7,1,31,77,2016,10,21,1,3,6,6,2,0,0,1,1,0,0,0,3.7375E+20,5.60199E+21,7.21768E+15,5.05562E+16
130608,130609,7,3,38,2,2016,11,9,6,3,5,3,0,0,0,1,0,0,0,0,4.51243E+20,5.48966E+21,8.32583E+15,4.95576E+16
130609,130610,7,3,33,26,2016,11,7,5,3,1,5,1,1,0,1,0,0,0,0,4.31448E+20,5.49374E+21,8.05145E+15,4.95924E+16
130610,130611,7,3,14,0,2016,10,13,1,3,4,6,0,0,1,1,0,0,0,0,4.56535E+20,5.48518E+21,8.39951E+15,4.95177E+16
130611,130612,7,1,38,45,2016,11,7,2,3,1,5,1,1,0,1,0,0,0,0,3.93478E+20,5.59215E+21,7.49889E+15,5.04717E+16
130612,130613,7,3,34,501,2016,11,22,6,3,0,1,2,0,1,0,0,0,0,0,4.462E+20,5.43339E+21,8.2637E+15,4.9051E+16
130613,130614,7,1,38,45,2016,11,6,5,3,5,3,2,1,0,1,0,0,0,0,3.90733E+20,5.58699E+21,7.46172E+15,5.04248E+16
130614,130615,7,3,11,0,2016,10,21,2,3,7,5,2,1,1,1,0,0,0,0,4.52851E+20,5.48699E+21,8.34839E+15,4.95337E+16
130615,130616,7,1,11,0,2016,11,20,6,3,1,5,2,1,0,1,0,0,0,0,3.99555E+20,5.57788E+21,7.58831E+15,5.03444E+16
130616,130617,7,3,14,0,2016,11,17,6,3,0,6,1,1,0,1,0,1,0,0,4.55304E+20,5.4872E+21,8.38227E+15,4.95357E+16
130617,130618,7,3,15,0,2016,11,7,3,3,5,3,0,1,0,1,0,0,0,0,4.47847E+20,5.53625E+21,8.27265E+15,4.99763E+16
130618,130619,7,3,39,43,2016,10,19,7,2,0,1,1,0,0,0,0,1,0,0,4.51806E+20,5.52361E+21,8.32943E+15,4.9863E+16
130619,130620,7,1,37,216,2016,11,7,5,3,5,3,0,1,0,1,0,0,0,0,3.93363E+20,5.58289E+21,7.4999E+15,5.03884E+16
130620,130621,7,1,11,0,2016,11,9,4,3,0,7,0,1,0,1,0,0,0,0,3.97113E+20,5.58025E+21,7.55335E+15,5.03653E+16
130621,130622,7,3,11,0,2016,10,4,2,3,5,3,2,1,0,1,0,0,0,0,4.53066E+20,5.48602E+21,8.35147E+15,4.9525E+16
130622,130623,7,1,37,68,2016,10,7,5,2,6,2,0,0,0,1,1,0,0,0,3.73749E+20,5.57684E+21,7.22615E+15,5.03302E+16
130623,130624,7,1,31,7,2016,11,12,4,3,2,6,0,1,1,1,0,0,0,0,3.65916E+20,5.60105E+21,7.10749E+15,5.0546E+16
130624,130625,7,3,35,22,2016,11,17,4,3,1,5,2,0,0,1,0,0,0,1,3.96092E+20,5.47309E+21,7.5678E+15,4.94016E+16
130625,130626,7,3,15,0,2016,11,15,4,3,6,4,0,1,0,0,1,0,0,1,4.47504E+20,5.53868E+21,8.26752E+15,4.99981E+16
130626,130627,7,3,14,0,2016,10,6,2,3,1,5,2,1,1,0,0,0,1,0,4.60232E+20,5.48069E+21,8.45103E+15,4.94776E+16
130627,130628,7,3,16,0,2016,11,12,4,2,1,5,0,0,1,1,0,0,0,0,4.38912E+20,5.46764E+21,8.15875E+15,4.93584E+16
130628,130629,7,3,14,0,2016,11,19,5,3,5,7,1,0,1,1,0,0,0,0,4.57074E+20,5.47757E+21,8.40778E+15,4.94493E+16
130629,130630,7,1,43,48,2016,11,8,3,3,2,6,0,1,0,1,0,0,0,0,4.17518E+20,5.58836E+21,7.83842E+15,5.04414E+16
130630,130631,7,3,39,30,2016,10,14,2,2,5,7,0,1,1,1,0,0,0,0,4.30974E+20,5.53631E+21,8.03735E+15,4.99751E+16
130631,130632,7,3,19,0,2016,11,4,4,3,2,6,2,0,0,1,0,0,0,1,4.52917E+20,5.5044E+21,8.34722E+15,4.96903E+16
130632,130633,7,3,12,0,2016,11,22,3,3,5,3,2,1,0,1,0,0,0,0,4.06242E+20,5.4774E+21,7.70665E+15,4.9442E+16
130633,130634,7,3,15,0,2016,10,7,2,3,6,4,2,0,0,0,1,0,0,1,4.46606E+20,5.5341E+21,8.25563E+15,4.99569E+16
130634,130635,7,1,11,0,2016,10,9,5,3,9,7,0,0,0,1,0,0,0,0,3.97303E+20,5.57998E+21,7.5561E+15,5.03629E+16
130635,130636,7,3,12,0,2016,10,16,2,3,6,4,0,0,0,1,1,0,0,0,4.1098E+20,5.47688E+21,7.7721E+15,4.94381E+16
130636,130637,7,1,43,206,2016,10,19,6,3,1,6,2,1,0,1,0,0,0,0,4.25783E+20,5.61137E+21,7.9502E+15,5.06495E+16
130637,130638,7,3,13,0,2016,11,17,2,3,6,4,2,1,0,1,1,0,0,0,4.36729E+20,5.44875E+21,8.13167E+15,4.91883E+16
130638,130639,7,3,13,0,2016,11,18,7,3,2,2,2,1,0,1,0,0,0,0,4.37968E+20,5.4496E+21,8.14854E+15,4.91961E+16
130639,130640,7,3,38,26,2016,11,17,1,2,0,1,2,0,1,0,0,0,0,0,4.59159E+20,5.47133E+21,8.43717E+15,4.93933E+16
130640,130641,7,3,11,0,2016,11,15,5,3,0,4,0,1,0,1,1,0,0,0,4.52986E+20,5.48722E+21,8.35023E+15,4.95358E+16
130641,130642,7,1,11,0,2016,10,16,6,3,2,6,0,0,0,1,0,0,0,0,4.00692E+20,5.58147E+21,7.60334E+15,5.03769E+16
130642,130643,7,3,14,0,2016,11,18,2,3,7,7,2,0,1,0,1,0,0,0,4.57104E+20,5.47722E+21,8.40822E+15,4.94461E+16
130643,130644,7,1,41,75,2016,11,17,6,3,6,2,2,1,0,1,1,0,0,0,4.01635E+20,5.57213E+21,7.61903E+15,5.02931E+16
130644,130645,7,3,15,0,2016,10,18,2,3,2,6,2,1,0,1,0,0,0,0,4.48E+20,5.53838E+21,8.27449E+15,4.99955E+16
130645,130646,7,3,40,32,2016,11,7,3,2,6,4,1,1,0,1,1,0,0,0,4.05031E+20,5.45201E+21,7.69599E+15,4.92135E+16
130646,130647,7,1,32,6,2016,11,12,2,3,4,1,0,0,0,1,0,0,0,0,4.19197E+20,5.62738E+21,7.85356E+15,5.07925E+16
130647,130648,7,3,34,501,2016,11,14,3,3,0,1,0,1,0,0,0,1,0,0,4.46094E+20,5.43252E+21,8.26236E+15,4.90432E+16
130648,130649,7,1,11,0,2016,10,19,5,2,0,7,2,0,0,0,0,0,0,1,3.99343E+20,5.57671E+21,7.58565E+15,5.03339E+16
130649,130650,7,2,35,68,2016,10,12,2,3,1,5,0,0,0,1,0,1,0,0,3.25442E+20,5.50845E+21,6.57908E+15,4.97032E+16
130650,130651,7,3,12,0,2016,10,18,1,3,5,3,2,0,0,1,0,0,0,0,4.10787E+20,5.477E+21,7.76942E+15,4.94391E+16
130651,130652,7,3,15,0,2016,11,19,2,3,6,4,2,1,0,1,1,0,0,0,4.44786E+20,5.53537E+21,8.23008E+15,4.99681E+16
130652,130653,7,1,38,75,2016,11,15,7,3,8,1,0,0,1,0,0,0,0,0,3.80837E+20,5.60821E+21,7.31569E+15,5.06136E+16
130653,130654,7,3,19,0,2016,11,3,5,2,6,2,2,1,0,1,1,0,0,0,4.53732E+20,5.4979E+21,8.35929E+15,4.96319E+16
130654,130655,7,2,11,0,2016,10,13,2,3,6,4,0,1,0,1,1,0,0,0,3.30055E+20,5.51359E+21,6.64075E+15,4.97508E+16
130655,130656,7,2,11,0,2016,11,22,6,3,6,6,2,1,0,1,1,0,0,0,3.3003E+20,5.514E+21,6.64022E+15,4.97544E+16
130656,130657,7,3,16,0,2016,11,8,6,3,6,4,0,1,0,1,1,0,0,0,4.37903E+20,5.46696E+21,8.14497E+15,4.93522E+16
130657,130658,7,1,41,29,2016,10,17,2,3,2,6,0,1,0,1,0,0,0,0,4.30185E+20,5.58049E+21,8.01823E+15,5.03723E+16
130658,130659,7,3,15,0,2016,11,18,3,3,2,2,2,1,0,1,0,1,0,0,4.4737E+20,5.53896E+21,8.26562E+15,5.00006E+16
130659,130660,7,3,14,0,2016,11,16,7,3,0,7,1,0,1,0,0,0,0,0,4.5771E+20,5.48343E+21,8.41592E+15,4.95021E+16
130660,130661,7,1,11,0,2016,10,15,5,3,7,7,0,0,1,0,0,0,0,0,3.99326E+20,5.57652E+21,7.58546E+15,5.03322E+16
130661,130662,7,3,39,43,2016,10,14,1,3,5,3,0,0,1,1,0,0,0,0,4.5187E+20,5.52366E+21,8.33031E+15,4.98634E+16
130662,130663,7,1,31,7,2016,11,16,2,3,5,3,0,1,1,1,0,0,0,0,3.6855E+20,5.60047E+21,7.14485E+15,5.05414E+16
130663,130664,7,3,38,17,2016,11,18,6,2,4,6,2,0,0,1,0,1,0,0,4.56681E+20,5.4746E+21,8.40268E+15,4.94225E+16
130664,130665,7,1,11,0,2016,11,15,5,2,6,4,0,0,0,1,1,0,0,0,3.99577E+20,5.58104E+21,7.58778E+15,5.03729E+16
130665,130666,7,1,32,72,2016,10,20,2,3,5,3,2,1,0,1,0,0,0,0,4.25616E+20,5.63083E+21,7.9439E+15,5.08244E+16
130666,130667,7,3,34,7,2016,11,15,5,3,5,2,0,0,0,1,0,0,0,0,4.5389E+20,5.45311E+21,8.36668E+15,4.9229E+16
130667,130668,7,3,15,0,2016,11,10,6,2,6,4,0,1,0,1,1,0,0,0,4.47266E+20,5.53755E+21,8.26436E+15,4.9988E+16
130668,130669,7,2,11,0,2016,11,7,3,2,5,3,1,1,0,1,0,0,0,0,3.31958E+20,5.51533E+21,6.6664E+15,4.97669E+16
130669,130670,7,2,11,0,2016,10,12,7,3,5,2,0,0,1,1,0,0,0,0,3.29756E+20,5.51392E+21,6.63646E+15,4.97537E+16
130670,130671,7,3,14,0,2016,11,17,3,2,6,4,2,1,0,1,1,0,0,0,4.6005E+20,5.48074E+21,8.44851E+15,4.9478E+16
130671,130672,7,3,12,0,2016,10,11,7,3,5,2,0,0,0,0,0,1,0,0,4.11758E+20,5.47799E+21,7.78259E+15,4.94481E+16
130672,130673,7,2,11,0,2016,11,7,5,2,5,3,0,1,0,1,0,1,0,0,3.29604E+20,5.51296E+21,6.63477E+15,4.9745E+16
130673,130674,7,2,32,18,2016,11,15,4,3,2,6,0,1,0,1,0,0,0,0,3.22325E+20,5.53799E+21,6.52236E+15,4.99678E+16
130674,130675,7,1,38,45,2016,10,15,2,3,4,1,0,1,0,1,0,0,0,0,3.90762E+20,5.59081E+21,7.46102E+15,5.04591E+16
130675,130676,7,3,14,0,2016,11,13,4,2,6,4,0,0,0,1,1,0,0,0,4.57002E+20,5.47977E+21,8.40655E+15,4.9469E+16
130676,130677,7,2,31,8,2016,11,12,5,2,5,3,0,0,0,1,0,0,0,0,3.60435E+20,5.53144E+21,7.05579E+15,4.9919E+16
130677,130678,7,3,12,0,2016,11,15,2,3,6,6,0,0,1,0,1,0,0,0,4.09297E+20,5.4774E+21,7.74878E+15,4.94425E+16
130678,130679,7,1,31,7,2016,10,14,2,3,5,2,0,1,0,1,0,0,0,0,3.67087E+20,5.60091E+21,7.12406E+15,5.0545E+16
130679,130680,7,2,11,0,2016,11,16,4,3,3,6,0,1,0,1,0,0,0,0,3.32313E+20,5.51244E+21,6.67257E+15,4.97411E+16
130680,130681,7,3,12,0,2016,11,15,3,3,4,7,1,1,1,1,0,0,0,0,4.09092E+20,5.47738E+21,7.74595E+15,4.94423E+16
130681,130682,7,1,40,144,2016,10,11,2,3,6,4,0,1,0,1,1,0,0,0,3.94292E+20,5.53784E+21,7.52549E+15,4.99836E+16
130682,130683,7,3,18,0,2016,10,17,4,3,1,6,0,0,0,1,0,0,0,1,4.59509E+20,5.46245E+21,8.44291E+15,4.93134E+16
130683,130684,7,3,12,0,2016,11,21,4,3,2,5,2,1,0,1,0,1,0,0,4.10465E+20,5.47696E+21,7.76499E+15,4.94387E+16
130684,130685,7,3,32,19,2016,11,18,4,3,0,7,2,1,0,1,0,0,0,0,4.42313E+20,5.48435E+21,8.20315E+15,4.9509E+16
130685,130686,7,3,40,51,2016,11,18,3,3,6,4,2,1,0,1,1,0,0,0,3.96658E+20,5.45757E+21,7.57962E+15,4.92621E+16
130686,130687,7,2,11,0,2016,10,14,1,3,0,1,0,0,1,0,0,0,0,0,3.307E+20,5.5138E+21,6.6496E+15,4.97528E+16
130687,130688,7,3,38,5,2016,10,22,4,3,2,6,2,0,1,0,0,0,0,0,4.49826E+20,5.46824E+21,8.30897E+15,4.93648E+16
130688,130689,7,1,37,216,2016,11,18,4,3,4,2,2,0,0,1,0,0,1,0,3.94771E+20,5.58378E+21,7.51945E+15,5.03966E+16
130689,130690,7,1,11,0,2016,10,23,6,3,0,1,2,0,1,0,0,0,0,0,3.99345E+20,5.57994E+21,7.58482E+15,5.03629E+16
130690,130691,7,1,41,29,2016,11,14,2,3,1,5,0,0,0,1,0,0,0,0,4.30211E+20,5.57963E+21,8.01876E+15,5.03646E+16
130691,130692,7,3,35,22,2016,11,16,7,3,5,3,1,1,0,1,0,0,0,0,3.96284E+20,5.47447E+21,7.57009E+15,4.94141E+16
130692,130693,7,3,12,0,2016,11,18,5,3,1,2,1,0,0,1,0,0,0,0,4.11365E+20,5.47822E+21,7.77712E+15,4.94502E+16
130693,130694,7,3,12,0,2016,10,0,1,3,1,3,2,0,1,1,0,0,0,0,4.10638E+20,5.47697E+21,7.76736E+15,4.94389E+16
130694,130695,7,3,16,0,2016,11,17,3,2,4,6,2,0,0,1,0,0,0,0,4.43209E+20,5.46504E+21,8.2183E+15,4.93354E+16
130695,130696,7,1,37,69,2016,11,12,2,3,5,3,0,0,0,1,0,0,0,0,3.77609E+20,5.58158E+21,7.27881E+15,5.03735E+16
130696,130697,7,3,38,25,2016,10,12,4,2,5,3,0,0,1,1,0,0,0,0,4.55937E+20,5.47014E+21,8.39291E+15,4.93824E+16
130697,130698,7,1,11,0,2016,10,16,2,3,6,6,0,0,0,0,1,0,0,1,4.00073E+20,5.57983E+21,7.59507E+15,5.03621E+16
130698,130699,7,3,37,7,2016,10,2,1,2,1,1,2,0,1,1,0,0,0,0,4.33034E+20,5.44378E+21,8.08181E+15,4.91432E+16
130699,130700,7,1,38,45,2016,11,7,2,3,0,1,1,1,0,0,0,1,0,0,3.93473E+20,5.59214E+21,7.49883E+15,5.04716E+16
130700,130701,7,3,12,0,2016,11,18,6,3,4,2,2,0,0,1,0,0,0,0,4.11796E+20,5.47794E+21,7.78313E+15,4.94477E+16
130701,130702,7,3,14,0,2016,10,18,2,3,5,3,2,0,1,1,0,0,0,0,4.59695E+20,5.47968E+21,8.44371E+15,4.94684E+16
130702,130703,7,3,38,5,2016,11,19,2,3,0,1,2,1,1,0,0,0,0,0,4.49128E+20,5.4703E+21,8.29908E+15,4.93833E+16
130703,130704,7,2,35,141,2016,11,18,7,3,8,1,2,1,0,1,0,0,0,0,3.37491E+20,5.51316E+21,6.74408E+15,4.9749E+16
130704,130705,7,3,15,0,2016,11,15,1,3,5,3,0,0,1,1,0,0,0,0,4.48092E+20,5.53584E+21,8.27611E+15,4.99727E+16
130705,130706,7,3,39,5,2016,11,16,5,3,6,4,0,0,0,1,1,0,0,0,4.20678E+20,5.53524E+21,7.894E+15,4.99643E+16
130706,130707,7,3,12,0,2016,10,10,1,2,1,1,0,0,0,1,0,0,0,0,4.1156E+20,5.47598E+21,7.78031E+15,4.943E+16
130707,130708,7,1,43,27,2016,11,12,3,2,6,7,0,1,0,0,1,0,1,0,4.18217E+20,5.58939E+21,7.84803E+15,5.04508E+16
130708,130709,7,3,14,0,2016,11,20,6,3,5,3,2,0,0,1,0,0,0,0,4.58232E+20,5.47895E+21,8.42361E+15,4.94618E+16
130709,130710,7,1,43,67,2016,11,1,7,3,9,1,2,1,0,1,0,0,0,0,4.11491E+20,5.59843E+21,7.75117E+15,5.05311E+16
130710,130711,7,1,38,45,2016,10,16,1,3,5,3,0,0,0,1,0,0,0,0,3.90468E+20,5.58775E+21,7.45777E+15,5.04315E+16
130711,130712,7,3,11,0,2016,11,12,6,3,5,3,0,0,1,1,0,0,0,0,4.53757E+20,5.48714E+21,8.3609E+15,4.95351E+16
130712,130713,7,3,38,19,2016,11,18,5,3,5,3,2,1,0,1,0,0,0,0,4.53713E+20,5.47677E+21,8.3615E+15,4.94418E+16
130713,130714,7,3,32,43,2016,11,19,4,3,6,7,2,1,0,1,1,0,0,0,4.42045E+20,5.47233E+21,8.20121E+15,4.94009E+16
130714,130715,7,3,14,0,2016,11,8,4,3,0,1,0,1,0,0,0,1,0,0,4.56607E+20,5.47926E+21,8.40115E+15,4.94645E+16
130715,130716,7,3,14,0,2016,10,16,1,3,6,6,0,0,0,1,1,0,0,0,4.56656E+20,5.48523E+21,8.40117E+15,4.95182E+16
130716,130717,7,3,38,14,2016,11,11,5,2,1,6,0,0,0,1,0,0,0,1,4.48213E+20,5.47452E+21,8.28593E+15,4.94211E+16
130717,130718,7,1,38,45,2016,11,12,5,3,1,5,0,0,0,1,0,0,0,0,3.96131E+20,5.5896E+21,7.53697E+15,5.04492E+16
130718,130719,7,3,15,0,2016,10,3,1,3,6,4,2,0,0,1,1,0,0,0,4.46442E+20,5.53994E+21,8.25253E+15,5.00094E+16
130719,130720,7,1,37,68,2016,11,13,6,3,0,1,0,0,1,0,0,0,0,0,3.72751E+20,5.57713E+21,7.21202E+15,5.03325E+16
130720,130721,7,3,11,0,2016,11,11,6,3,2,6,0,1,0,1,0,0,0,0,4.52999E+20,5.48719E+21,8.35041E+15,4.95355E+16
130721,130722,7,3,31,73,2016,11,15,3,2,6,4,0,1,0,1,1,0,0,0,4.36701E+20,5.52236E+21,8.11949E+15,4.98503E+16
130722,130723,7,3,38,17,2016,10,17,7,3,0,7,0,0,0,0,0,0,0,1,4.56039E+20,5.47421E+21,8.39386E+15,4.9419E+16
130723,130724,7,1,38,45,2016,11,14,5,3,1,5,0,1,1,1,0,0,0,0,3.9109E+20,5.58814E+21,7.46642E+15,5.04352E+16
130724,130725,7,1,43,48,2016,11,7,4,3,2,6,0,1,0,1,0,0,0,0,4.15891E+20,5.58783E+21,7.81562E+15,5.04364E+16
130725,130726,7,3,11,0,2016,10,18,4,3,0,1,2,0,1,0,0,0,0,0,4.53015E+20,5.48709E+21,8.35064E+15,4.95346E+16
130726,130727,7,1,38,45,2016,11,17,4,3,1,6,2,1,0,1,0,0,0,0,3.91182E+20,5.58798E+21,7.46776E+15,5.04337E+16
130727,130728,7,3,20,0,2016,11,21,4,3,5,2,2,0,0,1,0,0,0,0,3.809E+20,5.45599E+21,7.36359E+15,4.92451E+16
130728,130729,7,3,40,54,2016,10,15,5,3,7,3,0,0,0,1,0,0,0,1,4.02099E+20,5.45986E+21,7.65383E+15,4.92837E+16
130729,130730,7,3,11,0,2016,11,13,2,3,5,3,0,0,1,1,0,0,0,0,4.53268E+20,5.48734E+21,8.35411E+15,4.95369E+16
130730,130731,7,2,11,0,2016,12,18,4,3,5,2,2,0,0,1,0,1,0,0,3.31255E+20,5.51439E+21,6.65704E+15,4.97583E+16
130731,130732,7,3,37,7,2016,11,14,7,3,5,2,0,0,1,1,0,0,0,0,4.33995E+20,5.44252E+21,8.09518E+15,4.9132E+16
130732,130733,7,3,38,25,2016,12,0,1,2,5,3,2,1,0,1,0,0,0,0,4.54237E+20,5.47103E+21,8.36938E+15,4.93903E+16
130733,130734,7,1,38,45,2016,11,15,4,3,5,2,0,0,0,1,0,1,0,0,3.90295E+20,5.58803E+21,7.45525E+15,5.0434E+16
130734,130735,7,1,43,81,2016,12,17,2,3,2,2,2,0,0,1,0,0,0,0,4.1406E+20,5.59227E+21,7.78882E+15,5.04761E+16
130735,130736,7,1,31,1,2016,12,14,7,2,6,6,0,0,0,1,1,0,0,0,3.52736E+20,5.58328E+21,6.92858E+15,5.03831E+16
130736,130737,7,1,31,1,2016,11,11,4,3,5,3,0,0,0,1,0,0,0,1,3.57255E+20,5.57842E+21,6.99394E+15,5.03405E+16
130737,130738,7,3,36,55,2016,11,9,2,3,5,3,0,0,0,1,0,0,0,1,3.86508E+20,5.48875E+21,7.43126E+15,4.95408E+16
130738,130739,7,1,31,7,2016,12,11,6,3,5,3,0,1,1,0,0,0,0,0,3.67878E+20,5.60082E+21,7.13525E+15,5.05444E+16
130739,130740,7,1,38,45,2016,12,7,6,3,6,7,2,0,0,1,1,0,0,0,3.91928E+20,5.58854E+21,7.4781E+15,5.04389E+16
130740,130741,7,3,19,0,2016,11,15,6,3,5,3,0,0,0,1,0,0,0,1,4.53955E+20,5.4982E+21,8.36234E+15,4.96346E+16
130741,130742,7,3,36,58,2016,12,13,3,2,6,4,0,0,0,0,1,0,0,1,3.98654E+20,5.50022E+21,7.59614E+15,4.9646E+16
130742,130743,7,3,17,0,2016,12,7,2,3,6,6,0,1,0,1,1,0,0,0,3.98068E+20,5.4504E+21,7.60081E+15,4.91979E+16
130743,130744,7,1,11,0,2016,12,9,7,3,6,4,0,0,0,0,1,0,0,1,4.00348E+20,5.5762E+21,7.5999E+15,5.03294E+16
130744,130745,7,1,37,57,2016,11,15,4,3,3,2,0,0,1,1,0,0,0,0,3.82056E+20,5.58252E+21,7.34102E+15,5.03829E+16
130745,130746,7,3,12,0,2016,12,19,5,3,5,3,2,0,0,1,0,0,0,0,4.11604E+20,5.47815E+21,7.78042E+15,4.94496E+16
130746,130747,7,3,14,0,2016,12,22,7,3,5,3,2,1,0,1,0,0,0,0,4.57622E+20,5.48177E+21,8.41489E+15,4.94871E+16
130747,130748,7,1,11,0,2016,12,9,5,3,6,7,0,0,0,0,1,0,0,1,4.00062E+20,5.57983E+21,7.59492E+15,5.03621E+16
130748,130749,7,1,11,0,2016,11,17,4,3,0,3,2,0,1,1,0,0,0,0,3.96696E+20,5.57796E+21,7.54812E+15,5.03447E+16
130749,130750,7,1,34,5,2016,12,11,1,3,8,7,0,0,0,1,0,0,0,0,3.79685E+20,5.49686E+21,7.33451E+15,4.96123E+16
130750,130751,7,3,15,0,2016,12,23,6,3,6,4,2,1,0,1,1,0,0,0,4.44786E+20,5.53537E+21,8.23008E+15,4.99681E+16
130751,130752,7,3,38,25,2016,11,10,2,3,1,5,0,0,0,1,0,0,0,0,4.54693E+20,5.47077E+21,8.3757E+15,4.9388E+16
130752,130753,7,3,31,25,2016,12,8,5,3,6,7,1,0,0,1,1,0,0,0,4.30783E+20,5.51523E+21,8.03845E+15,4.97855E+16
130753,130754,7,3,14,0,2016,12,18,3,3,6,3,1,1,0,1,1,0,0,0,4.60093E+20,5.48117E+21,8.44907E+15,4.94818E+16
130754,130755,7,3,34,13,2016,11,8,5,3,0,1,0,1,0,0,0,1,0,0,4.41111E+20,5.43643E+21,8.19362E+15,4.90779E+16
130755,130756,7,3,38,23,2016,12,16,6,3,5,3,1,0,0,1,0,1,0,0,4.56511E+20,5.46094E+21,8.40183E+15,4.92997E+16
130756,130757,7,3,34,7,2016,11,11,3,3,6,4,0,0,0,1,1,0,0,0,4.54297E+20,5.45161E+21,8.37244E+15,4.92156E+16
130757,130758,7,3,39,9,2016,12,3,5,3,1,1,2,1,0,1,0,0,1,0,4.41095E+20,5.5421E+21,8.17759E+15,5.00283E+16
130758,130759,7,2,31,502,2016,12,13,7,3,4,2,0,1,0,1,0,0,0,0,3.64998E+20,5.51943E+21,7.12351E+15,4.98121E+16
130759,130760,7,1,37,203,2016,12,11,5,3,6,4,0,0,0,1,1,0,0,0,3.98579E+20,5.58696E+21,7.57215E+15,5.04259E+16
130760,130761,7,3,12,0,2016,12,13,4,3,8,1,0,0,0,0,0,1,0,0,4.10858E+20,5.47776E+21,7.77022E+15,4.94459E+16
130761,130762,7,3,31,3,2016,11,14,7,3,3,6,0,0,0,1,0,0,0,0,4.37621E+20,5.51103E+21,8.13411E+15,4.97485E+16
130762,130763,7,3,34,7,2016,12,15,2,3,6,7,0,0,0,1,1,0,0,0,4.54008E+20,5.45297E+21,8.36832E+15,4.92278E+16
130763,130764,7,2,11,0,2016,12,17,3,3,2,6,2,0,0,1,0,0,0,0,3.2972E+20,5.51504E+21,6.63548E+15,4.97637E+16
130764,130765,7,1,37,216,2016,11,7,3,3,4,2,0,0,1,1,0,0,0,0,3.92985E+20,5.58291E+21,7.49458E+15,5.03885E+16
130765,130766,7,1,43,73,2016,12,22,3,3,1,5,2,1,0,1,0,0,0,0,4.16439E+20,5.59114E+21,7.82259E+15,5.04663E+16
130766,130767,7,2,33,501,2016,11,16,5,3,6,4,0,0,0,1,1,0,0,0,3.44872E+20,5.56296E+21,6.82638E+15,5.01985E+16
130767,130768,7,3,12,0,2016,12,19,5,3,2,6,2,1,0,1,0,0,0,0,4.08539E+20,5.47729E+21,7.73835E+15,4.94414E+16
130768,130769,7,3,37,501,2016,11,12,3,3,4,2,0,1,0,1,0,1,0,0,4.24504E+20,5.4504E+21,7.96362E+15,4.92018E+16
130769,130770,7,3,12,0,2016,12,10,4,3,8,1,0,1,0,1,0,0,0,0,4.10927E+20,5.4759E+21,7.7716E+15,4.94292E+16
130770,130771,7,1,33,6,2016,11,11,4,3,1,7,0,0,0,1,0,1,0,0,4.18485E+20,5.52272E+21,7.86607E+15,4.98514E+16
130771,130772,7,3,11,0,2016,12,7,4,3,5,2,1,0,1,1,0,0,0,0,4.53535E+20,5.48765E+21,8.35776E+15,4.95397E+16
130772,130773,7,3,19,0,2016,11,0,7,3,1,7,2,0,0,1,1,0,0,0,4.53632E+20,5.49805E+21,8.35788E+15,4.96332E+16
130773,130774,7,1,38,45,2016,12,5,2,3,1,5,2,0,0,1,0,0,0,0,3.93087E+20,5.59193E+21,7.49344E+15,5.04696E+16
130774,130775,7,2,32,18,2016,11,7,5,3,6,4,2,0,0,0,1,0,0,1,3.22708E+20,5.53891E+21,6.52726E+15,4.99761E+16
130775,130776,7,1,43,308,2016,12,12,7,3,6,6,0,1,0,1,1,0,0,0,4.27206E+20,5.60095E+21,7.97237E+15,5.05559E+16
130776,130777,7,3,18,0,2016,11,20,3,3,0,1,2,0,1,0,0,0,0,0,4.5759E+20,5.4626E+21,8.41649E+15,4.93147E+16
130777,130778,7,2,31,134,2016,11,13,5,3,1,6,0,0,0,1,0,0,0,0,3.50085E+20,5.53927E+21,6.90867E+15,4.99869E+16
130778,130779,7,1,32,6,2016,12,19,1,3,6,4,2,0,0,1,1,0,0,0,4.20533E+20,5.62674E+21,7.87264E+15,5.0787E+16
130779,130780,7,3,18,0,2016,11,19,3,3,0,1,2,0,0,0,0,1,0,0,4.59093E+20,5.46279E+21,8.43715E+15,4.93165E+16
130780,130781,7,3,39,42,2016,12,11,4,2,6,4,0,0,0,0,1,0,0,1,4.42682E+20,5.52868E+21,8.20174E+15,4.99078E+16
130781,130782,7,2,35,68,2016,12,8,6,3,6,4,2,1,0,1,1,0,0,0,3.25138E+20,5.50782E+21,6.57514E+15,4.96975E+16