FID,OBJECTID,ULAND,UREGBEZ,UKREIS,UGEMEINDE,UJAHR,UMONAT,USTUNDE,UWOCHENTAG,UKATEGORIE,UART,UTYP1,ULICHTVERH,IstStrasse,IstRad,IstPKW,IstFuss,IstKrad,IstGkfz,IstSonstig,LINREFX,LINREFY,XGCSWGS84,YGCSWGS84
130782,130783,7,3,12,0,2016,11,7,3,3,0,7,0,0,1,1,0,0,0,0,4.12196E+20,5.47765E+21,7.7887E+15,4.94451E+16
130783,130784,7,3,39,30,2016,11,11,7,3,2,5,0,0,0,1,0,0,0,0,4.32213E+20,5.53482E+21,8.05488E+15,4.99619E+16
130784,130785,7,1,33,6,2016,11,18,3,2,6,4,2,0,0,1,1,0,0,0,4.1797E+20,5.52245E+21,7.85897E+15,4.98488E+16
130785,130786,7,3,34,25,2016,12,2,1,3,6,6,2,0,0,1,1,0,0,0,4.47371E+20,5.4445E+21,8.27827E+15,4.91511E+16
130786,130787,7,3,18,0,2016,12,7,6,3,4,6,0,1,1,0,0,0,0,0,4.57692E+20,5.46375E+21,8.41777E+15,4.9325E+16
130787,130788,7,1,33,6,2016,11,17,3,2,6,2,2,1,0,1,1,0,0,0,4.18916E+20,5.52079E+21,7.87246E+15,4.98341E+16
130788,130789,7,3,38,25,2016,11,7,2,3,1,3,0,0,1,1,0,0,0,0,4.53955E+20,5.47123E+21,8.36548E+15,4.93921E+16
130789,130790,7,3,36,55,2016,12,19,5,3,6,4,2,0,0,1,1,0,0,0,3.85033E+20,5.48861E+21,7.41092E+15,4.95391E+16
130790,130791,7,3,12,0,2016,12,11,5,3,1,3,0,0,1,1,0,0,0,0,4.09092E+20,5.47738E+21,7.74595E+15,4.94423E+16
130791,130792,7,2,31,134,2016,11,7,6,2,6,4,2,1,0,1,1,0,0,0,3.49381E+20,5.53927E+21,6.89885E+15,4.99867E+16
130792,130793,7,3,14,0,2016,11,8,2,3,0,1,0,0,1,0,0,0,0,0,4.5626E+20,5.48576E+21,8.39563E+15,4.95229E+16
130793,130794,7,1,32,90,2016,12,13,6,3,6,4,0,1,0,1,1,0,0,0,3.96527E+20,5.60554E+21,7.53813E+15,5.05925E+16
130794,130795,7,1,34,24,2016,12,10,7,2,6,6,0,0,0,1,1,0,0,0,3.65749E+20,5.49738E+21,7.14153E+15,4.96141E+16
130795,130796,7,2,35,68,2016,11,6,6,3,3,6,2,1,0,1,0,1,0,0,3.25726E+20,5.50795E+21,6.58323E+15,4.96988E+16
130796,130797,7,1,37,89,2016,11,2,7,3,8,1,2,0,0,1,0,0,0,0,3.79401E+20,5.57397E+21,7.30643E+15,5.03055E+16
130797,130798,7,2,11,0,2016,12,14,7,3,0,1,0,1,0,0,0,1,0,0,3.30719E+20,5.51392E+21,6.64982E+15,4.97539E+16
130798,130799,7,3,33,39,2016,11,16,3,3,5,3,1,0,1,1,0,0,0,0,4.28785E+20,5.50158E+21,8.01319E+15,4.96626E+16
130799,130800,7,3,32,43,2016,12,1,7,3,0,1,2,1,0,0,0,1,0,0,4.41476E+20,5.47234E+21,8.19337E+15,4.94009E+16
130800,130801,7,1,38,3,2016,12,16,5,3,6,4,0,0,0,1,1,0,0,0,3.85481E+20,5.61387E+21,7.37955E+15,5.06654E+16
130801,130802,7,3,15,0,2016,12,18,6,2,6,4,2,0,1,0,1,0,0,0,4.47088E+20,5.53971E+21,8.26158E+15,5.00074E+16
130802,130803,7,1,33,501,2016,11,11,2,3,8,1,0,0,1,0,0,0,0,0,4.03129E+20,5.51571E+21,7.65426E+15,4.9786E+16
130803,130804,7,2,31,1,2016,12,14,5,3,2,6,0,1,0,1,0,0,0,0,3.47787E+20,5.53501E+21,6.87831E+15,4.9948E+16
130804,130805,7,1,31,77,2016,12,7,4,3,6,4,1,1,0,1,1,0,0,0,3.75922E+20,5.60092E+21,7.24869E+15,5.0547E+16
130805,130806,7,3,33,42,2016,11,17,2,3,6,4,2,0,0,1,1,0,0,0,4.1755E+20,5.49036E+21,7.8599E+15,4.95602E+16
130806,130807,7,3,19,0,2016,12,6,3,3,7,6,2,1,0,0,0,0,0,1,4.50904E+20,5.5E+21,8.31986E+15,4.96505E+16
130807,130808,7,3,38,17,2016,11,8,5,3,4,7,0,0,1,1,0,0,0,0,4.55085E+20,5.47491E+21,8.38063E+15,4.94252E+16
130808,130809,7,1,41,41,2016,12,19,6,3,1,2,2,1,0,1,0,1,0,0,4.06647E+20,5.57709E+21,7.68815E+15,5.03385E+16
130809,130810,7,3,19,0,2016,11,12,3,3,5,3,0,0,1,1,0,0,0,0,4.53961E+20,5.49733E+21,8.36252E+15,4.96268E+16
130810,130811,7,2,11,0,2016,12,23,5,2,6,4,2,0,0,1,1,0,0,0,3.33516E+20,5.5201E+21,6.68597E+15,4.98102E+16
130811,130812,7,3,32,25,2016,12,6,3,3,5,3,2,1,1,1,0,0,0,0,4.45939E+20,5.46786E+21,8.25548E+15,4.93611E+16
130812,130813,7,3,13,0,2016,12,16,2,3,2,6,1,0,0,1,0,0,0,0,4.36498E+20,5.44957E+21,8.12839E+15,4.91956E+16
130813,130814,7,1,11,0,2016,12,10,7,3,2,6,0,1,0,1,0,0,0,0,3.97131E+20,5.58114E+21,7.55336E+15,5.03733E+16
130814,130815,7,1,41,29,2016,11,10,3,3,1,1,0,1,0,1,0,0,0,0,4.32345E+20,5.58063E+21,8.04858E+15,5.03738E+16
130815,130816,7,1,33,6,2016,12,21,5,3,6,5,2,0,0,0,1,0,0,1,4.20116E+20,5.52108E+21,7.88908E+15,4.98368E+16
130816,130817,7,1,33,6,2016,12,13,7,2,2,6,0,0,0,1,0,0,0,0,4.18882E+20,5.5225E+21,7.87163E+15,4.98494E+16
130817,130818,7,1,43,81,2016,12,17,5,3,6,7,1,0,0,1,1,0,0,0,4.14183E+20,5.59198E+21,7.79062E+15,5.04735E+16
130818,130819,7,3,12,0,2016,12,18,4,3,2,2,2,1,0,1,1,0,0,0,4.10619E+20,5.47788E+21,7.76691E+15,4.9447E+16
130819,130820,7,1,31,7,2016,12,16,3,3,6,4,0,0,0,1,1,0,0,0,3.68721E+20,5.60032E+21,7.14732E+15,5.054E+16
130820,130821,7,3,33,42,2016,11,7,4,3,1,2,1,1,0,1,0,0,0,0,4.18304E+20,5.48982E+21,7.87044E+15,4.95555E+16
130821,130822,7,3,14,0,2016,12,17,5,3,1,5,2,0,0,1,0,0,0,0,4.58252E+20,5.48185E+21,8.42357E+15,4.94879E+16
130822,130823,7,1,11,0,2016,11,15,3,3,4,7,0,0,0,1,0,0,0,0,3.99585E+20,5.57796E+21,7.58871E+15,5.03452E+16
130823,130824,7,1,33,6,2016,12,16,4,3,6,4,1,0,0,1,1,0,0,0,4.18806E+20,5.52228E+21,7.87062E+15,4.98474E+16
130824,130825,7,1,38,45,2016,11,8,4,3,1,6,0,0,0,1,0,0,0,1,3.92741E+20,5.59173E+21,7.48862E+15,5.04678E+16
130825,130826,7,3,15,0,2016,12,6,4,3,6,3,2,1,0,1,1,0,0,0,4.47449E+20,5.53816E+21,8.26682E+15,4.99935E+16
130826,130827,7,1,11,0,2016,11,16,7,2,6,4,0,1,1,0,1,0,0,0,3.97333E+20,5.57859E+21,7.5569E+15,5.03504E+16
130827,130828,7,3,16,0,2016,11,18,4,3,2,6,2,0,0,1,0,0,0,0,4.37586E+20,5.46705E+21,8.14059E+15,4.93529E+16
130828,130829,7,3,37,61,2016,12,7,4,3,0,1,0,2,1,0,0,0,0,0,4.41559E+20,5.44976E+21,8.19781E+15,4.91978E+16
130829,130830,7,3,20,0,2016,11,12,6,3,5,3,0,0,0,1,0,0,0,0,3.8096E+20,5.45496E+21,7.36473E+15,4.92358E+16
130830,130831,7,2,33,501,2016,12,17,2,3,8,7,2,1,0,1,0,0,0,0,3.42879E+20,5.56655E+21,6.79698E+15,5.02302E+16
130831,130832,7,3,32,24,2016,11,12,4,2,6,7,0,0,0,1,1,0,0,0,4.39587E+20,5.49046E+21,8.16457E+15,4.95637E+16
130832,130833,7,3,39,38,2016,12,10,7,3,1,1,0,0,0,1,0,0,0,1,4.20651E+20,5.53247E+21,7.8942E+15,4.99393E+16
130833,130834,7,3,38,4,2016,11,9,2,3,1,5,0,0,0,1,0,0,0,0,4.53266E+20,5.49307E+21,8.3534E+15,4.95884E+16
130834,130835,7,1,37,3,2016,12,21,4,3,3,5,2,0,0,1,0,0,0,0,3.86334E+20,5.58893E+21,7.39923E+15,5.04414E+16
130835,130836,7,3,33,19,2016,11,7,2,3,6,4,2,0,0,1,1,0,0,0,4.32948E+20,5.49006E+21,8.07284E+15,4.95594E+16
130836,130837,7,2,11,0,2016,12,10,6,3,2,5,0,0,0,1,0,0,0,0,3.30642E+20,5.51442E+21,6.64853E+15,4.97584E+16
130837,130838,7,3,38,23,2016,11,16,3,3,0,7,0,0,1,0,0,0,0,0,4.56393E+20,5.4608E+21,8.40022E+15,4.92984E+16
130838,130839,7,3,11,0,2016,12,13,7,3,2,2,0,0,1,1,0,0,0,0,4.53135E+20,5.48695E+21,8.35232E+15,4.95333E+16
130839,130840,7,1,43,81,2016,11,16,6,2,6,7,1,0,0,1,1,0,0,0,4.14027E+20,5.59244E+21,7.78832E+15,5.04776E+16
130840,130841,7,3,14,0,2016,11,15,6,3,5,3,0,0,0,1,0,0,0,0,4.58791E+20,5.47884E+21,8.43133E+15,4.94608E+16
130841,130842,7,3,14,0,2016,11,9,2,3,2,6,0,0,0,1,0,0,0,0,4.54652E+20,5.48229E+21,8.37382E+15,4.94916E+16
130842,130843,7,1,33,6,2016,12,14,1,3,0,1,0,0,0,1,0,0,0,0,4.18737E+20,5.5202E+21,7.8701E+15,4.98287E+16
130843,130844,7,3,35,35,2016,12,15,1,3,5,3,0,2,0,1,0,0,0,0,4.11287E+20,5.48339E+21,7.77488E+15,4.94966E+16
130844,130845,7,3,11,0,2016,11,12,4,3,6,7,0,0,0,1,1,0,0,0,4.53268E+20,5.48734E+21,8.3541E+15,4.95369E+16
130845,130846,7,2,11,0,2016,12,16,2,3,1,7,1,0,0,1,0,0,0,0,3.30196E+20,5.51264E+21,6.64313E+15,4.97422E+16
130846,130847,7,1,31,209,2016,12,10,7,3,8,1,0,2,0,1,0,0,0,0,3.7786E+20,5.58894E+21,7.27994E+15,5.04397E+16
130847,130848,7,3,14,0,2016,11,14,2,3,0,7,0,0,0,1,0,0,0,0,4.58254E+20,5.48218E+21,8.42356E+15,4.94908E+16
130848,130849,7,3,19,0,2016,11,16,2,3,2,6,0,0,0,1,0,0,0,0,4.53436E+20,5.49893E+21,8.35506E+15,4.96411E+16
130849,130850,7,1,31,77,2016,12,13,6,3,6,4,0,0,0,1,1,0,0,0,3.76511E+20,5.60084E+21,7.25702E+15,5.05465E+16
130850,130851,7,2,35,125,2016,12,7,6,3,6,4,1,0,0,1,1,0,0,0,3.38189E+20,5.52082E+21,6.75058E+15,4.9818E+16
130851,130852,7,1,37,3,2016,11,6,6,3,6,2,2,1,0,1,1,0,0,0,3.87181E+20,5.58825E+21,7.41136E+15,5.04354E+16
130852,130853,7,1,33,6,2016,11,7,6,2,5,2,1,0,0,1,0,1,0,0,4.1799E+20,5.52106E+21,7.85953E+15,4.98364E+16
130853,130854,7,1,37,203,2016,12,21,4,3,5,3,2,0,0,1,0,0,0,0,3.98808E+20,5.58643E+21,7.57552E+15,5.04212E+16
130854,130855,7,1,37,224,2016,12,13,3,3,5,6,0,1,1,1,0,0,0,0,4.02388E+20,5.58189E+21,7.62707E+15,5.03809E+16
130855,130856,7,1,31,70,2016,12,15,7,3,1,5,0,0,1,1,0,0,0,0,3.7506E+20,5.60435E+21,7.23538E+15,5.05777E+16
130856,130857,7,3,14,0,2016,11,17,2,3,5,3,1,1,0,1,0,1,0,0,4.59414E+20,5.48025E+21,8.43978E+15,4.94736E+16
130857,130858,7,3,14,0,2016,12,14,7,3,1,7,0,0,0,1,0,0,0,0,4.53054E+20,5.48181E+21,8.35181E+15,4.94871E+16
130858,130859,7,1,11,0,2016,12,7,5,1,0,5,0,2,0,0,0,0,1,0,4.01278E+20,5.57584E+21,7.61306E+15,5.03264E+16
130859,130860,7,3,19,0,2016,12,13,6,3,3,6,0,0,1,1,0,0,0,0,4.53673E+20,5.49794E+21,8.35846E+15,4.96322E+16
130860,130861,7,3,15,0,2016,11,11,2,3,0,4,0,0,0,0,1,0,0,1,4.47828E+20,5.53879E+21,8.27203E+15,4.99991E+16
130861,130862,7,3,31,3,2016,12,21,5,3,0,7,2,0,0,0,0,0,0,1,4.34893E+20,5.5101E+21,8.0964E+15,4.97399E+16
130862,130863,7,3,13,0,2016,12,7,3,3,1,6,0,1,0,1,0,0,0,0,4.35554E+20,5.45043E+21,8.11529E+15,4.92032E+16
130863,130864,7,3,35,38,2016,12,11,6,3,5,3,0,0,0,1,0,0,0,0,3.95127E+20,5.47824E+21,7.55315E+15,4.94478E+16
130864,130865,7,3,39,9,2016,11,8,2,3,5,3,0,1,1,0,0,0,0,0,4.40605E+20,5.5418E+21,8.17079E+15,5.00256E+16
130865,130866,7,3,15,0,2016,12,12,5,3,2,6,0,0,0,1,0,0,0,0,4.46038E+20,5.53886E+21,8.24705E+15,4.99996E+16
130866,130867,7,3,15,0,2016,12,21,7,3,6,4,2,0,0,1,1,0,0,0,4.47085E+20,5.5394E+21,8.26158E+15,5.00045E+16
130867,130868,7,1,37,68,2016,12,18,5,3,2,6,2,0,0,1,0,0,0,0,3.74335E+20,5.57659E+21,7.23445E+15,5.0328E+16
130868,130869,7,3,12,0,2016,12,14,4,3,5,3,0,0,0,1,0,0,0,0,4.12355E+20,5.47763E+21,7.7909E+15,4.9445E+16
130869,130870,7,1,37,216,2016,12,14,3,3,2,6,0,0,0,1,0,0,0,0,3.94771E+20,5.58378E+21,7.51945E+15,5.03966E+16
130870,130871,7,2,31,8,2016,11,10,4,3,6,7,0,1,0,0,1,0,0,1,3.60864E+20,5.53166E+21,7.06169E+15,4.99211E+16
130871,130872,7,2,32,296,2016,12,12,3,2,2,2,0,0,0,1,0,0,0,0,3.15939E+20,5.56455E+21,6.42061E+15,5.02045E+16
130872,130873,7,2,35,143,2016,12,19,3,3,8,5,2,0,0,1,0,0,0,0,3.2285E+20,5.50885E+21,6.54298E+15,4.97061E+16
130873,130874,7,3,15,0,2016,11,14,5,3,0,7,0,0,1,0,0,0,0,0,4.47422E+20,5.53879E+21,8.26636E+15,4.99991E+16
130874,130875,7,1,37,216,2016,12,7,6,3,6,7,2,0,0,1,1,0,0,0,3.92176E+20,5.58284E+21,7.48322E+15,5.03877E+16
130875,130876,7,3,15,0,2016,11,18,2,2,5,3,2,1,0,1,0,1,0,0,4.44994E+20,5.53769E+21,8.23265E+15,4.9989E+16
130876,130877,7,1,38,45,2016,12,9,5,3,6,4,0,0,0,1,1,0,0,0,3.9458E+20,5.591E+21,7.51474E+15,5.04615E+16
130877,130878,7,3,14,0,2016,11,16,4,3,2,6,1,0,0,1,0,0,0,0,4.53035E+20,5.48189E+21,8.35154E+15,4.94878E+16
130878,130879,7,3,38,25,2016,12,14,4,3,3,1,0,0,1,0,0,0,0,0,4.5465E+20,5.46918E+21,8.37529E+15,4.93736E+16
130879,130880,7,3,39,49,2016,11,13,6,2,5,3,0,0,1,1,0,0,0,0,4.53761E+20,5.5218E+21,8.35685E+15,4.98469E+16
130880,130881,7,1,32,115,2016,12,13,2,3,5,3,0,0,0,1,0,0,0,1,3.9761E+20,5.619E+21,7.54969E+15,5.07138E+16
130881,130882,7,1,34,45,2016,11,18,4,3,6,4,2,0,0,1,1,0,0,0,3.7999E+20,5.50908E+21,7.33499E+15,4.97223E+16
130882,130883,7,2,11,0,2016,12,1,7,3,8,1,2,1,0,1,0,0,0,0,3.30944E+20,5.51321E+21,6.65325E+15,4.97476E+16
130883,130884,7,2,11,0,2016,11,19,2,2,6,4,2,1,0,1,1,0,0,0,3.33297E+20,5.51308E+21,6.68593E+15,4.97471E+16
130884,130885,7,2,31,134,2016,11,19,2,3,6,6,2,0,0,1,1,0,0,0,3.48314E+20,5.53876E+21,6.88418E+15,4.99819E+16
130885,130886,7,1,43,60,2016,12,17,6,3,6,6,2,0,0,1,1,0,0,0,4.17347E+20,5.59487E+21,7.83456E+15,5.04999E+16
130886,130887,7,1,31,70,2016,11,8,3,3,4,6,0,0,0,1,0,0,0,0,3.76348E+20,5.60383E+21,7.25373E+15,5.05733E+16
130887,130888,7,1,43,237,2016,12,14,1,3,0,1,0,1,1,0,0,0,0,0,4.31384E+20,5.60717E+21,8.03019E+15,5.06124E+16
130888,130889,7,1,37,68,2016,11,12,2,3,5,3,0,1,0,1,0,0,0,0,3.75028E+20,5.57636E+21,7.24426E+15,5.0326E+16
130889,130890,7,3,15,0,2016,12,14,4,3,6,4,0,0,0,1,1,0,0,0,4.40781E+20,5.53767E+21,8.17389E+15,4.99884E+16
130890,130891,7,2,32,63,2016,12,10,6,3,6,7,0,0,0,1,1,0,0,0,3.17228E+20,5.52469E+21,6.45764E+15,4.98467E+16
130891,130892,7,1,11,0,2016,11,7,4,3,6,4,0,1,0,1,1,0,0,0,3.995E+20,5.57907E+21,7.58722E+15,5.03551E+16
130892,130893,7,3,39,43,2016,11,12,6,3,6,1,0,0,0,1,1,0,0,0,4.52569E+20,5.52454E+21,8.33994E+15,4.98714E+16
130893,130894,7,1,32,108,2016,11,17,1,3,5,3,2,1,0,1,0,0,0,0,4.19072E+20,5.62391E+21,7.85254E+15,5.07613E+16
130894,130895,7,3,34,16,2016,12,15,1,3,8,1,0,0,1,0,0,0,0,0,4.52464E+20,5.44177E+21,8.34843E+15,4.91269E+16
130895,130896,7,3,18,0,2016,12,14,6,3,5,3,0,1,1,1,0,0,0,0,4.5863E+20,5.46275E+21,8.43078E+15,4.93161E+16
130896,130897,7,3,17,0,2016,11,17,7,3,6,4,0,1,0,1,1,0,0,0,3.98086E+20,5.45029E+21,7.6011E+15,4.91969E+16
130897,130898,7,2,11,0,2016,11,11,2,3,2,6,0,0,0,1,0,0,0,0,3.29534E+20,5.51276E+21,6.63389E+15,4.97431E+16
130898,130899,7,1,37,3,2016,12,7,6,3,6,4,1,1,0,0,1,0,0,1,3.83156E+20,5.58755E+21,7.35493E+15,5.04284E+16
130899,130900,7,1,37,216,2016,12,17,6,3,6,7,2,0,1,0,1,0,0,0,3.9322E+20,5.58295E+21,7.49788E+15,5.03889E+16
130900,130901,7,3,35,22,2016,11,13,5,3,6,4,0,1,0,1,1,0,0,0,3.96203E+20,5.47387E+21,7.56913E+15,4.94087E+16
130901,130902,7,3,35,3,2016,12,13,3,3,5,3,0,0,0,1,0,0,0,0,3.87857E+20,5.4713E+21,7.45484E+15,4.93841E+16
130902,130903,7,3,35,205,2016,12,8,2,3,5,3,0,1,0,1,0,0,0,0,4.17851E+20,5.48515E+21,7.86514E+15,4.95134E+16
130903,130904,7,1,11,0,2016,12,14,7,3,2,6,0,0,0,1,0,0,0,0,4.00212E+20,5.58082E+21,7.59677E+15,5.0371E+16
130904,130905,7,2,33,39,2016,12,15,7,3,6,6,0,0,0,1,1,0,0,0,3.38917E+20,5.56673E+21,6.74141E+15,5.02308E+16
130905,130906,7,3,12,0,2016,11,7,5,3,5,3,2,1,1,0,0,0,0,0,4.10297E+20,5.47745E+21,7.76255E+15,4.94431E+16
130906,130907,7,3,39,19,2016,11,9,6,2,6,4,0,0,0,1,1,0,0,0,4.29303E+20,5.53399E+21,8.01446E+15,4.99541E+16
130907,130908,7,2,35,68,2016,12,17,7,2,9,1,2,2,0,1,0,0,0,0,3.26127E+20,5.50653E+21,6.58941E+15,4.96862E+16
130908,130909,7,3,12,0,2016,11,13,7,3,5,3,0,0,0,1,0,1,0,0,4.0995E+20,5.47627E+21,7.75805E+15,4.94324E+16
130909,130910,7,1,38,45,2016,12,18,1,3,2,2,2,0,0,1,0,0,0,0,3.9153E+20,5.5895E+21,7.47222E+15,5.04475E+16
130910,130911,7,3,19,0,2016,12,13,5,2,2,6,0,1,0,1,0,0,0,0,4.52892E+20,5.4989E+21,8.34753E+15,4.96408E+16
130911,130912,7,3,15,0,2016,12,14,6,3,5,3,0,0,1,1,0,0,0,0,4.45943E+20,5.53736E+21,8.24594E+15,4.99861E+16
130912,130913,7,1,32,501,2016,11,13,2,2,5,3,0,1,0,1,0,1,0,0,4.04202E+20,5.6159E+21,7.64385E+15,5.06871E+16
130913,130914,7,3,39,6,2016,12,14,5,3,3,7,0,0,1,1,0,0,0,0,4.5089E+20,5.53121E+21,8.31572E+15,4.99313E+16
130914,130915,7,2,11,0,2016,12,17,4,3,3,2,2,0,1,1,0,0,0,0,3.29948E+20,5.51223E+21,6.63987E+15,4.97385E+16
130915,130916,7,1,33,6,2016,12,22,3,3,5,3,2,1,0,1,0,1,0,0,4.18719E+20,5.52078E+21,7.86973E+15,4.9834E+16
130916,130917,7,3,37,20,2016,11,17,5,3,1,6,2,0,0,1,0,0,1,0,4.37874E+20,5.45968E+21,8.14569E+15,4.92867E+16
130917,130918,7,2,11,0,2016,12,19,6,3,6,6,2,0,0,1,1,0,0,0,3.2951E+20,5.51134E+21,6.63418E+15,4.97304E+16
130918,130919,7,3,12,0,2016,11,11,7,3,1,6,0,1,0,1,0,0,0,0,4.10145E+20,5.47733E+21,7.76049E+15,4.9442E+16
130919,130920,7,3,15,0,2016,12,7,5,3,2,6,0,2,0,1,0,0,1,0,4.45425E+20,5.53481E+21,8.23907E+15,4.99631E+16
130920,130921,7,3,32,25,2016,11,17,4,3,6,4,1,0,0,1,1,0,0,0,4.45107E+20,5.46636E+21,8.24423E+15,4.93475E+16
130921,130922,7,3,34,12,2016,12,7,4,3,0,1,1,2,1,0,0,0,0,0,4.47064E+20,5.43815E+21,8.27489E+15,4.90939E+16
130922,130923,7,3,32,25,2016,11,20,7,3,5,7,2,1,1,1,0,0,0,0,4.46396E+20,5.46731E+21,8.26185E+15,4.93561E+16
130923,130924,7,3,13,0,2016,12,12,5,3,5,2,0,0,1,0,0,0,0,1,4.35289E+20,5.45055E+21,8.11163E+15,4.92043E+16
130924,130925,7,1,33,6,2016,12,18,7,3,2,2,2,1,0,1,0,1,0,0,4.20512E+20,5.52273E+21,7.89425E+15,4.98517E+16
130925,130926,7,3,33,502,2016,12,17,4,3,6,4,2,1,0,1,1,0,0,0,4.14671E+20,5.49736E+21,7.81857E+15,4.96228E+16
130926,130927,7,2,35,63,2016,11,16,1,3,5,3,0,0,0,1,0,1,0,0,3.46076E+20,5.52355E+21,6.85905E+15,4.98446E+16
130927,130928,7,1,38,45,2016,12,12,3,3,7,1,0,0,0,1,0,0,0,0,3.9268E+20,5.58859E+21,7.48866E+15,5.04395E+16
130928,130929,7,1,38,77,2016,12,13,3,3,3,2,0,1,0,1,0,1,0,0,3.83238E+20,5.61087E+21,7.34878E+15,5.0638E+16
130929,130930,7,3,12,0,2016,12,14,5,3,5,3,0,0,1,1,0,0,0,0,4.10148E+20,5.47754E+21,7.76048E+15,4.94439E+16
130930,130931,7,3,31,3,2016,11,14,7,3,1,7,0,0,1,1,0,0,0,0,4.37994E+20,5.5108E+21,8.13932E+15,4.97465E+16
130931,130932,7,3,14,0,2016,12,11,4,3,6,7,0,0,0,1,1,0,0,0,4.57852E+20,5.48245E+21,8.41799E+15,4.94933E+16
130932,130933,7,1,43,27,2016,11,18,4,3,1,7,2,0,0,1,0,0,0,0,4.18442E+20,5.58921E+21,7.85123E+15,5.04492E+16
130933,130934,7,3,15,0,2016,12,11,4,3,2,6,0,1,0,1,0,0,0,0,4.43015E+20,5.54183E+21,8.20442E+15,5.00261E+16
130934,130935,7,3,15,0,2016,11,13,6,3,6,4,0,0,0,1,1,0,0,0,4.4737E+20,5.53896E+21,8.26562E+15,5.00006E+16
130935,130936,7,1,37,3,2016,12,13,2,3,6,4,0,0,0,1,1,0,0,0,3.86951E+20,5.58789E+21,7.40823E+15,5.04321E+16
130936,130937,7,2,11,0,2016,11,18,6,3,5,7,2,0,1,1,0,0,0,0,3.29353E+20,5.51235E+21,6.63157E+15,4.97394E+16
130937,130938,7,3,38,19,2016,12,15,2,3,0,3,0,0,1,1,0,0,0,0,4.53125E+20,5.47708E+21,8.35336E+15,4.94446E+16
130938,130939,7,2,35,137,2016,11,17,4,3,6,7,2,0,0,1,1,0,0,0,3.24283E+20,5.51511E+21,6.56001E+15,4.97627E+16
130939,130940,7,3,14,0,2016,12,11,7,3,2,7,0,0,0,1,0,0,0,0,4.60187E+20,5.48008E+21,8.45046E+15,4.94721E+16
130940,130941,7,3,15,0,2016,11,18,7,3,6,4,1,0,0,1,1,0,0,0,4.47769E+20,5.53916E+21,8.27115E+15,5.00025E+16
130941,130942,7,1,43,308,2016,12,12,4,3,6,7,0,1,0,1,1,0,0,0,4.27879E+20,5.60121E+21,7.98182E+15,5.05583E+16
130942,130943,7,2,11,0,2016,12,16,6,3,6,4,0,0,0,1,1,0,0,0,3.29437E+20,5.5125E+21,6.63266E+15,4.97408E+16
130943,130944,7,3,16,0,2016,11,19,3,3,5,3,2,0,0,1,0,0,0,0,4.37416E+20,5.46694E+21,8.13826E+15,4.93519E+16
130944,130945,7,2,11,0,2016,11,13,6,3,2,6,0,0,0,1,0,0,0,1,3.31154E+20,5.51466E+21,6.65553E+15,4.97607E+16
130945,130946,7,1,34,45,2016,11,15,7,3,1,5,0,0,0,1,0,0,0,0,3.81651E+20,5.50775E+21,7.35842E+15,4.97107E+16
130946,130947,7,3,14,0,2016,12,14,1,3,3,2,0,1,0,1,0,1,0,0,4.56566E+20,5.47903E+21,8.4006E+15,4.94624E+16
130947,130948,7,3,11,0,2016,12,15,6,3,5,3,0,0,1,1,0,0,0,0,4.5215E+20,5.48827E+21,8.33854E+15,4.95451E+16
130948,130949,7,1,37,216,2016,11,16,7,2,5,3,1,1,0,1,0,0,0,0,3.94236E+20,5.58366E+21,7.51196E+15,5.03954E+16
130949,130950,7,2,11,0,2016,11,12,1,3,5,3,0,0,1,1,0,0,0,0,3.33806E+20,5.51997E+21,6.69005E+15,4.98092E+16
130950,130951,7,2,11,0,2016,11,16,4,3,5,3,0,0,1,1,0,0,0,0,3.31109E+20,5.5146E+21,6.65494E+15,4.97601E+16
130951,130952,7,1,33,46,2016,12,19,2,3,1,4,2,0,0,1,1,0,0,0,3.92308E+20,5.51736E+21,7.50354E+15,4.9799E+16
130952,130953,7,1,38,68,2016,12,23,7,3,8,1,2,2,0,1,0,0,0,0,3.82617E+20,5.60599E+21,7.34155E+15,5.0594E+16
130953,130954,7,3,19,0,2016,11,13,6,3,2,6,0,1,0,1,0,0,0,0,3.81E+20,5.45601E+21,7.36497E+15,4.92453E+16
130954,130955,7,1,38,45,2016,11,19,1,3,2,7,2,0,0,1,0,1,0,0,3.90576E+20,5.58735E+21,7.4594E+15,5.0428E+16
130955,130956,7,1,32,107,2016,12,22,6,3,8,1,2,2,0,1,0,0,0,0,4.1664E+20,5.62018E+21,7.81891E+15,5.07274E+16
130956,130957,7,3,13,0,2016,12,13,6,3,0,7,0,0,1,0,0,0,0,0,4.35723E+20,5.44976E+21,8.11771E+15,4.91972E+16
130957,130958,7,3,13,0,2016,11,16,5,3,6,4,0,1,1,0,1,0,0,0,4.35543E+20,5.45032E+21,8.11515E+15,4.92023E+16
130958,130959,7,1,35,20,2016,11,7,6,3,6,6,0,0,0,1,1,0,0,0,3.68796E+20,5.55622E+21,7.16372E+15,5.01437E+16