FID,OBJECTID,ULAND,UREGBEZ,UKREIS,UGEMEINDE,UJAHR,UMONAT,USTUNDE,UWOCHENTAG,UKATEGORIE,UART,UTYP1,ULICHTVERH,IstStrasse,IstRad,IstPKW,IstFuss,IstKrad,IstGkfz,IstSonstig,LINREFX,LINREFY,XGCSWGS84,YGCSWGS84
130959,130960,7,1,43,206,2016,12,0,7,2,6,4,2,1,0,1,1,0,0,0,4.2593E+20,5.61145E+21,7.95226E+15,5.06502E+16
130960,130961,7,3,35,22,2016,11,7,6,3,2,6,1,1,0,1,0,0,0,0,3.96013E+20,5.47454E+21,7.56633E+15,4.94147E+16
130961,130962,7,3,14,0,2016,12,15,7,3,2,6,0,0,0,1,0,0,0,0,4.53293E+20,5.48171E+21,8.35512E+15,4.94862E+16
130962,130963,7,1,32,6,2016,12,14,5,3,6,6,0,1,0,1,1,0,0,0,4.20452E+20,5.62698E+21,7.87144E+15,5.07891E+16
130963,130964,7,1,11,0,2016,11,5,1,3,8,1,2,0,0,1,0,0,0,0,4.0134E+20,5.57933E+21,7.61301E+15,5.03578E+16
130964,130965,7,2,35,45,2016,12,7,5,3,6,4,1,0,0,1,1,0,0,0,3.52078E+20,5.50246E+21,6.95047E+15,4.96565E+16
130965,130966,7,3,38,25,2016,12,16,3,3,5,3,1,1,1,1,0,0,0,0,4.55223E+20,5.46999E+21,8.3831E+15,4.9381E+16
130966,130967,7,2,31,134,2016,12,17,3,3,6,4,2,1,0,1,1,0,0,0,3.48869E+20,5.53892E+21,6.89184E+15,4.99835E+16
130967,130968,7,3,13,0,2016,12,7,5,3,4,1,0,0,1,0,0,0,0,0,4.36512E+20,5.44972E+21,8.12854E+15,4.9197E+16
130968,130969,7,3,16,0,2016,12,9,3,3,5,3,0,0,1,1,0,0,0,0,4.39313E+20,5.46679E+21,8.1644E+15,4.93508E+16
130969,130970,7,3,18,0,2016,12,16,2,3,1,7,1,0,0,1,0,0,0,0,4.58242E+20,5.46182E+21,8.42554E+15,4.93077E+16
130970,130971,7,3,35,22,2016,12,14,6,3,1,6,0,0,0,1,0,0,0,0,3.96133E+20,5.47429E+21,7.56805E+15,4.94125E+16
130971,130972,7,3,18,0,2016,11,7,6,3,1,7,0,1,0,1,0,0,0,1,4.58311E+20,5.46308E+21,8.42636E+15,4.93191E+16
130972,130973,7,3,19,0,2016,12,7,5,2,4,2,1,1,0,1,0,0,0,0,4.53998E+20,5.49819E+21,8.36293E+15,4.96345E+16
130973,130974,7,3,19,0,2016,12,17,7,3,1,6,2,1,0,1,1,0,0,0,4.51698E+20,5.49505E+21,8.33147E+15,4.96061E+16
130974,130975,7,1,32,50,2016,12,13,5,2,8,1,0,1,0,1,0,0,0,0,4.25677E+20,5.62502E+21,7.94595E+15,5.07722E+16
130975,130976,7,3,12,0,2016,12,8,4,3,4,2,0,0,1,1,0,0,0,0,4.10468E+20,5.47736E+21,7.76494E+15,4.94423E+16
130976,130977,7,1,37,216,2016,12,15,3,3,5,3,0,0,0,1,0,0,0,0,3.95157E+20,5.58365E+21,7.52492E+15,5.03956E+16
130977,130978,7,2,11,0,2016,11,14,4,2,6,4,0,0,0,1,1,0,0,0,3.30689E+20,5.51434E+21,6.64922E+15,4.97577E+16
130978,130979,7,3,14,0,2016,12,7,5,3,1,5,1,0,1,1,0,0,0,0,4.55622E+20,5.48743E+21,8.38664E+15,4.95379E+16
130979,130980,7,3,19,0,2016,12,2,1,3,6,6,2,0,0,1,1,0,0,0,4.538E+20,5.49802E+21,8.36021E+15,4.96329E+16
130980,130981,7,3,38,20,2016,11,7,6,2,0,7,0,0,0,0,0,0,0,1,4.58232E+20,5.47409E+21,8.42411E+15,4.94181E+16
130981,130982,7,3,19,0,2016,12,7,4,3,3,6,0,0,0,1,0,0,0,0,4.52768E+20,5.49904E+21,8.34579E+15,4.96421E+16
130982,130983,7,1,11,0,2016,11,13,4,3,2,6,0,0,1,1,0,0,0,0,4.00465E+20,5.58122E+21,7.60022E+15,5.03746E+16
130983,130984,7,3,14,0,2016,11,12,5,3,3,6,0,0,0,1,0,0,1,1,4.56843E+20,5.47858E+21,8.40448E+15,4.94584E+16
130984,130985,7,1,32,65,2016,12,4,6,3,0,7,2,0,0,1,0,0,0,0,3.94045E+20,5.60435E+21,7.50341E+15,5.05815E+16
130985,130986,7,3,14,0,2016,11,10,6,3,1,7,0,1,0,1,0,0,0,1,4.56766E+20,5.47961E+21,8.4033E+15,4.94676E+16
130986,130987,7,1,32,117,2016,12,9,5,3,1,5,0,1,0,1,0,0,0,0,4.10343E+20,5.62678E+21,7.72811E+15,5.07858E+16
130987,130988,7,3,38,19,2016,11,9,4,3,5,3,0,0,0,0,0,0,1,1,4.53713E+20,5.47677E+21,8.3615E+15,4.94418E+16
130988,130989,7,3,18,0,2016,12,11,4,3,1,6,0,0,0,1,0,0,0,0,4.57377E+20,5.46348E+21,8.41347E+15,4.93226E+16
130989,130990,7,3,32,25,2016,11,16,5,3,5,2,1,0,1,1,0,0,0,0,4.46155E+20,5.46802E+21,8.25844E+15,4.93625E+16
130990,130991,7,2,32,123,2016,12,10,2,3,6,1,0,0,0,0,1,0,0,1,3.30406E+20,5.5343E+21,6.63656E+15,4.9937E+16
130991,130992,7,1,43,62,2016,11,15,4,3,6,4,0,0,1,0,1,0,0,0,4.09435E+20,5.59026E+21,7.72415E+15,5.04573E+16
130992,130993,7,2,33,26,2016,12,11,7,3,4,6,0,2,0,1,0,0,0,0,3.32679E+20,5.56743E+21,6.65371E+15,5.02353E+16
130993,130994,7,3,13,0,2016,11,12,7,3,5,3,0,0,0,1,0,0,0,0,4.35972E+20,5.45027E+21,8.12105E+15,4.92019E+16
130994,130995,7,2,11,0,2016,12,10,6,3,3,2,0,0,1,1,0,0,0,0,3.30213E+20,5.51459E+21,6.6425E+15,4.97598E+16
130995,130996,7,3,14,0,2016,11,7,3,3,2,6,1,0,0,1,0,0,0,0,4.59401E+20,5.47942E+21,8.43968E+15,4.9466E+16
130996,130997,7,3,31,3,2016,12,17,7,2,6,4,2,0,0,1,1,0,0,0,4.35644E+20,5.51087E+21,8.10669E+15,4.97469E+16
130997,130998,7,3,18,0,2016,11,20,5,3,1,6,2,0,0,1,0,0,0,0,4.58625E+20,5.46393E+21,8.43058E+15,4.93267E+16
130998,130999,9,1,78,124,2016,1,7,4,3,5,3,1,1,0,1,0,0,0,0,7.04493E+20,5.35912E+21,1.17603E+16,4.83521E+16
130999,131000,7,1,40,144,2016,12,10,5,3,6,4,0,1,0,1,1,0,0,0,3.93843E+20,5.5378E+21,7.51924E+15,4.9983E+16
131000,131001,7,3,12,0,2016,12,18,2,3,2,6,2,0,0,1,0,0,0,0,4.09374E+20,5.47771E+21,7.74977E+15,4.94453E+16
131001,131002,9,1,62,0,2016,1,6,6,3,1,5,2,1,0,1,0,0,0,1,6.90121E+20,5.33639E+21,1.15563E+16,4.81523E+16
131002,131003,9,3,75,199,2016,1,11,3,3,8,1,0,2,0,1,0,0,0,0,7.17579E+20,5.42949E+21,1.19737E+16,4.898E+16
131003,131004,7,1,37,3,2016,12,18,6,3,6,4,2,1,0,1,1,0,0,0,3.86493E+20,5.58701E+21,7.40205E+15,5.04241E+16
131004,131005,9,1,86,162,2016,1,7,6,3,4,1,0,2,0,1,0,0,0,0,6.98181E+20,5.38672E+21,1.16883E+16,4.86022E+16
131005,131006,7,3,15,0,2016,12,14,5,3,0,7,0,0,0,1,0,0,0,1,4.46861E+20,5.5392E+21,8.25849E+15,5.00027E+16
131006,131007,9,1,77,131,2016,1,13,2,3,5,3,0,1,0,1,0,0,0,0,7.07919E+20,5.34823E+21,1.18011E+16,4.82531E+16
131007,131008,9,1,62,0,2016,1,19,2,3,0,3,2,1,0,1,0,0,0,1,6.84006E+20,5.33965E+21,1.14756E+16,4.81835E+16
131008,131009,7,2,11,0,2016,12,5,2,3,8,6,2,0,0,1,0,1,0,0,3.32994E+20,5.51706E+21,6.68002E+15,4.97828E+16
131009,131010,9,1,73,147,2016,1,12,2,3,1,5,0,1,1,1,0,0,0,0,6.81907E+20,5.30859E+21,1.14342E+16,4.79048E+16
131010,131011,9,1,62,0,2016,1,17,5,2,6,4,2,1,0,1,1,0,0,0,6.90689E+20,5.33861E+21,1.15649E+16,4.81721E+16
131011,131012,7,1,11,0,2016,12,18,5,3,3,5,2,1,1,1,0,0,0,0,3.98233E+20,5.57762E+21,7.56981E+15,5.03419E+16
131012,131013,9,7,61,0,2016,1,17,5,3,4,2,1,1,0,1,0,0,0,0,6.41858E+20,5.36117E+21,1.09161E+16,4.83877E+16
131013,131014,9,1,62,0,2016,1,17,5,3,6,4,1,1,0,1,1,0,0,0,6.85573E+20,5.33362E+21,1.1494E+16,4.81287E+16
131014,131015,9,1,74,122,2016,1,15,5,2,9,1,0,1,0,0,0,1,0,0,6.82015E+20,5.35193E+21,1.14541E+16,4.82944E+16
131015,131016,7,3,12,0,2016,12,13,4,3,1,6,0,0,0,1,0,0,0,0,4.07257E+20,5.4774E+21,7.72064E+15,4.94422E+16
131016,131017,9,1,88,121,2016,1,8,6,3,0,7,0,2,1,0,0,0,0,0,6.70615E+20,5.3306E+21,1.1292E+16,4.81058E+16
131017,131018,9,1,62,0,2016,1,13,1,3,5,6,0,0,0,1,0,0,0,0,6.92723E+20,5.33413E+21,1.15902E+16,4.81312E+16
131018,131019,9,7,72,163,2016,1,19,2,3,4,2,2,1,0,1,0,0,0,0,6.39364E+20,5.34952E+21,1.08786E+16,4.82835E+16
131019,131020,9,1,62,0,2016,1,12,7,3,3,2,0,0,1,1,0,0,0,0,6.92594E+20,5.33419E+21,1.15885E+16,4.81318E+16
131020,131021,9,1,62,0,2016,1,7,5,3,5,2,2,1,1,1,0,0,0,0,6.91658E+20,5.33146E+21,1.15747E+16,4.81075E+16
131021,131022,7,1,33,6,2016,12,12,4,3,1,2,0,0,0,1,0,0,0,0,4.17997E+20,5.52155E+21,7.85953E+15,4.98408E+16
131022,131023,9,5,64,0,2016,1,18,5,3,5,2,2,1,0,1,0,0,0,0,6.50514E+20,5.47783E+21,1.1076E+16,4.94345E+16
131023,131024,9,1,62,0,2016,1,18,5,2,6,4,2,1,0,1,1,0,0,0,6.93623E+20,5.33616E+21,1.16033E+16,4.81492E+16
131024,131025,9,6,78,135,2016,1,15,2,3,0,1,0,2,0,0,0,1,0,0,5.90881E+20,5.54193E+21,1.02687E+16,5.00227E+16
131025,131026,9,7,72,200,2016,1,5,4,3,0,1,2,2,1,0,0,0,0,0,6.30535E+20,5.33914E+21,1.07565E+16,4.81921E+16
131026,131027,7,3,33,19,2016,12,18,5,3,5,3,2,1,0,1,0,0,0,0,4.33514E+20,5.48983E+21,8.0807E+15,4.95574E+16
131027,131028,9,1,62,0,2016,1,17,6,2,5,2,2,1,0,1,0,1,0,0,6.80106E+20,5.33553E+21,1.14214E+16,4.81475E+16
131028,131029,9,6,63,0,2016,1,18,3,2,4,2,2,1,1,1,0,0,0,0,5.66537E+20,5.51544E+21,9.92437E+15,4.97877E+16
131029,131030,9,7,75,135,2016,1,18,3,3,5,7,2,1,0,1,0,0,0,0,5.73827E+20,5.36052E+21,9.99731E+15,4.83936E+16
131030,131031,9,2,74,113,2016,1,9,2,2,5,3,0,2,0,1,0,0,0,0,7.27182E+20,5.38456E+21,1.208E+16,4.85729E+16
131031,131032,9,1,62,0,2016,1,20,7,2,6,2,2,1,0,1,1,0,0,0,6.78963E+20,5.33883E+21,1.14075E+16,4.81775E+16
131032,131033,9,7,62,0,2016,1,11,5,3,5,3,0,0,1,1,0,0,0,0,6.21923E+20,5.30562E+21,1.06311E+16,4.78923E+16
131033,131034,7,1,41,29,2016,12,12,4,3,6,7,0,0,0,1,1,0,0,0,4.29869E+20,5.5803E+21,8.01383E+15,5.03706E+16
131034,131035,9,4,78,139,2016,1,7,5,3,5,3,0,1,0,1,0,0,0,0,6.48681E+20,5.55739E+21,1.10812E+16,5.01501E+16
131035,131036,9,5,75,118,2016,1,10,2,2,1,7,0,2,0,1,0,0,0,0,6.1771E+20,5.49553E+21,1.0629E+16,4.96009E+16
131036,131037,9,2,73,147,2016,1,17,4,3,8,1,2,1,0,1,0,0,0,0,7.05588E+20,5.39426E+21,1.17924E+16,4.86675E+16
131037,131038,7,1,43,48,2016,12,17,5,3,4,1,2,1,0,1,0,0,0,0,4.16872E+20,5.58762E+21,7.82948E+15,5.04347E+16
131038,131039,7,1,34,5,2016,12,5,3,3,6,5,2,0,0,1,0,0,0,1,3.79156E+20,5.49747E+21,7.327E+15,4.96177E+16
131039,131040,9,1,62,0,2016,1,18,6,2,1,5,2,1,0,1,0,0,0,0,6.90783E+20,5.33814E+21,1.1566E+16,4.81678E+16
131040,131041,9,5,64,0,2016,1,14,3,3,5,2,0,1,0,1,0,1,0,0,6.50893E+20,5.47865E+21,1.10815E+16,4.94418E+16
131041,131042,9,1,62,0,2016,1,12,7,3,2,6,0,0,0,1,0,0,0,1,6.98812E+20,5.3332E+21,1.16716E+16,4.8121E+16
131042,131043,7,1,11,0,2016,12,14,4,3,2,5,0,0,0,1,0,1,0,0,4.00794E+20,5.57844E+21,7.60557E+15,5.03496E+16
131043,131044,9,1,62,0,2016,1,18,7,3,2,6,2,1,0,1,0,0,0,0,6.90703E+20,5.33628E+21,1.15641E+16,4.81512E+16
131044,131045,7,3,20,0,2016,12,8,3,3,8,1,0,2,0,1,0,0,0,0,3.80477E+20,5.45626E+21,7.3577E+15,4.92475E+16
131045,131046,9,2,78,189,2016,1,7,5,3,9,1,2,1,0,1,0,0,0,0,7.63676E+20,5.44251E+21,1.2611E+16,4.90789E+16
131046,131047,9,2,77,118,2016,1,14,3,3,0,7,0,2,0,1,1,0,0,0,8.04171E+20,5.35909E+21,1.31028E+16,4.83117E+16
131047,131048,9,4,61,0,2016,1,18,2,3,6,4,1,1,0,1,1,0,0,0,6.36344E+20,5.52927E+21,1.08986E+16,4.99003E+16
131048,131049,7,1,11,0,2016,12,15,5,3,5,3,0,1,1,1,0,0,0,0,3.99542E+20,5.57785E+21,7.58815E+15,5.03441E+16
131049,131050,7,1,33,6,2016,12,5,2,3,6,4,2,0,0,1,1,0,0,0,4.19253E+20,5.52193E+21,7.87691E+15,4.98443E+16
131050,131051,9,1,62,0,2016,1,4,6,3,0,7,2,1,0,1,0,0,0,0,6.79373E+20,5.3341E+21,1.1411E+16,4.81349E+16
131051,131052,7,3,17,0,2016,12,13,3,3,2,6,0,0,0,1,0,0,0,0,3.98735E+20,5.45049E+21,7.60995E+15,4.91989E+16
131052,131053,9,1,88,141,2016,1,7,6,3,0,7,0,2,1,0,0,0,0,0,6.70132E+20,5.3087E+21,1.12768E+16,4.79091E+16
131053,131054,7,3,13,0,2016,12,17,3,3,2,6,2,0,0,1,0,0,0,0,4.36268E+20,5.44985E+21,8.12518E+15,4.91981E+16
131054,131055,9,1,62,0,2016,1,19,1,3,2,5,2,1,1,1,0,0,0,0,6.91356E+20,5.33769E+21,1.15735E+16,4.81636E+16
131055,131056,9,1,62,0,2016,1,6,2,2,0,7,2,2,1,0,0,0,0,0,6.88544E+20,5.33633E+21,1.15351E+16,4.81522E+16
131056,131057,7,2,11,0,2016,12,18,2,3,1,5,2,0,0,1,0,0,0,0,3.26433E+20,5.51086E+21,6.59173E+15,4.97252E+16
131057,131058,9,1,72,118,2016,1,18,2,2,0,7,2,2,1,1,0,0,0,0,7.98001E+20,5.30742E+21,1.29837E+16,4.78509E+16
131058,131059,9,1,62,0,2016,1,0,1,3,5,3,2,1,0,1,0,0,0,0,6.91824E+20,5.33566E+21,1.15789E+16,4.81453E+16
131059,131060,9,1,81,128,2016,1,6,3,3,9,1,2,2,0,1,0,0,0,0,6.39298E+20,5.33191E+21,1.08719E+16,4.81252E+16
131060,131061,7,1,32,501,2016,12,21,4,3,8,1,2,0,0,1,0,0,0,0,4.03733E+20,5.61561E+21,7.63728E+15,5.06843E+16
131061,131062,7,1,11,0,2016,12,7,2,3,6,4,1,0,0,0,1,0,0,1,3.99701E+20,5.57858E+21,7.59018E+15,5.03508E+16
131062,131063,9,1,72,114,2016,1,14,2,3,2,6,0,1,0,1,0,0,0,0,7.92861E+20,5.29537E+21,1.29071E+16,4.77451E+16
131063,131064,9,7,78,173,2016,1,14,6,3,5,3,0,1,0,1,0,0,0,0,6.11032E+20,5.3236E+21,1.04901E+16,4.8056E+16
131064,131065,9,1,62,0,2016,1,17,5,3,6,2,2,1,0,0,1,0,0,1,6.92612E+20,5.33478E+21,1.15891E+16,4.81371E+16
131065,131066,7,3,14,0,2016,12,16,3,3,5,3,2,0,1,1,0,0,0,0,4.59299E+20,5.48153E+21,8.43807E+15,4.9485E+16
131066,131067,9,1,75,132,2016,1,21,6,3,1,5,2,1,0,1,0,0,0,0,7.06946E+20,5.33194E+21,1.17801E+16,4.81071E+16
131067,131068,9,1,89,155,2016,1,6,5,3,4,1,2,1,0,1,0,0,0,0,7.69817E+20,5.30882E+21,1.26087E+16,4.7876E+16
131068,131069,9,7,78,118,2016,1,11,1,3,0,7,0,0,1,0,0,0,0,0,5.9054E+20,5.31327E+21,1.0213E+16,4.79663E+16
131069,131070,9,7,61,0,2016,1,17,2,3,5,3,2,1,1,1,0,0,0,0,6.41767E+20,5.36223E+21,1.09153E+16,4.83973E+16
131070,131071,9,1,62,0,2016,1,17,3,3,6,4,1,0,0,1,1,0,0,0,6.91504E+20,5.33513E+21,1.15743E+16,4.81406E+16
131071,131072,9,2,61,0,2016,1,10,2,3,4,1,0,1,0,1,0,0,0,0,7.27651E+20,5.38061E+21,1.20841E+16,4.85373E+16
131072,131073,9,7,64,0,2016,1,17,7,3,1,7,2,1,0,1,0,0,0,0,5.87646E+20,5.31509E+21,1.01746E+16,4.79831E+16
131073,131074,9,7,75,135,2016,1,16,5,3,6,4,2,1,0,1,1,0,0,0,5.74179E+20,5.36E+21,1.0002E+16,4.83888E+16
131074,131075,7,1,33,6,2016,12,18,3,3,0,1,1,1,0,0,0,1,0,0,4.18501E+20,5.52194E+21,7.86645E+15,4.98443E+16
131075,131076,9,5,64,0,2016,1,6,5,3,6,2,2,1,0,1,1,0,0,0,6.46087E+20,5.48006E+21,1.10158E+16,4.94556E+16
131076,131077,9,1,62,0,2016,1,19,5,3,2,4,2,1,0,1,1,0,0,0,6.90267E+20,5.33626E+21,1.15582E+16,4.81511E+16
131077,131078,7,1,33,6,2016,12,17,3,3,5,3,2,0,0,1,0,0,0,0,4.17594E+20,5.52239E+21,7.85375E+15,4.98482E+16
131078,131079,9,7,71,113,2016,1,9,5,3,6,7,0,0,0,1,1,0,0,0,6.57344E+20,5.36915E+21,1.11282E+16,4.84558E+16
131079,131080,9,1,62,0,2016,1,19,5,3,5,7,2,1,1,0,0,0,0,1,6.89073E+20,5.33494E+21,1.15416E+16,4.81396E+16
131080,131081,9,6,79,185,2016,1,2,2,3,8,1,2,2,0,1,0,0,0,0,5.73583E+20,5.51624E+21,1.00224E+16,4.97941E+16
131081,131082,9,1,78,124,2016,1,17,5,3,5,3,2,1,1,1,0,0,0,0,7.02545E+20,5.36349E+21,1.17362E+16,4.83921E+16
131082,131083,7,3,14,0,2016,12,19,5,3,6,4,2,1,0,1,1,0,0,0,4.60208E+20,5.48088E+21,8.45067E+15,4.94793E+16
131083,131084,9,7,72,177,2016,1,18,3,3,5,3,2,1,0,1,0,0,0,0,6.37339E+20,5.37844E+21,1.08608E+16,4.8544E+16
131084,131085,9,7,74,121,2016,1,20,7,3,2,6,2,0,1,1,0,0,0,0,6.04008E+20,5.36532E+21,1.04061E+16,4.84325E+16
131085,131086,9,7,73,144,2016,1,18,5,3,5,3,2,1,1,1,0,0,0,0,6.06693E+20,5.38112E+21,1.04464E+16,4.85741E+16
131086,131087,7,3,31,72,2016,12,1,3,3,8,1,2,0,0,1,0,0,0,0,4.24785E+20,5.51802E+21,7.9546E+15,4.98099E+16
131087,131088,9,3,72,116,2016,1,7,5,3,6,6,0,0,0,1,1,0,0,0,7.65901E+20,5.45866E+21,1.26521E+16,4.92229E+16
131088,131089,9,4,77,159,2016,1,9,2,3,6,7,0,2,0,0,1,0,0,1,6.77648E+20,5.55715E+21,1.14861E+16,5.01399E+16
131089,131090,9,1,71,133,2016,1,17,4,3,0,1,2,2,1,0,0,0,0,0,7.67236E+20,5.34601E+21,1.25974E+16,4.8211E+16
131090,131091,7,1,35,83,2016,12,23,5,2,5,3,2,1,0,1,0,0,1,0,3.55887E+20,5.56365E+21,6.98035E+15,5.02074E+16
131091,131092,7,1,11,0,2016,12,17,3,3,0,7,2,0,0,0,1,0,0,1,4.00356E+20,5.57944E+21,7.59916E+15,5.03586E+16
131092,131093,9,6,79,170,2016,1,0,6,3,0,7,2,0,0,1,1,0,0,0,5.76742E+20,5.5021E+21,1.00635E+16,4.96665E+16
131093,131094,9,5,63,0,2016,1,18,2,3,9,6,2,1,0,1,0,0,0,0,6.44134E+20,5.47965E+21,1.09887E+16,4.94524E+16
131094,131095,9,5,64,0,2016,1,1,4,3,5,3,2,1,0,1,0,0,0,0,6.49272E+20,5.47916E+21,1.10594E+16,4.94467E+16
131095,131096,7,3,19,0,2016,12,7,5,3,2,6,0,0,0,1,0,0,0,0,4.54492E+20,5.49812E+21,8.36978E+15,4.96339E+16
131096,131097,9,5,65,0,2016,1,1,6,3,4,6,2,1,0,1,0,0,0,0,6.47468E+20,5.46664E+21,1.10299E+16,4.93346E+16
131097,131098,9,6,63,0,2016,1,14,3,3,6,4,0,1,0,0,1,1,0,0,5.67659E+20,5.51609E+21,9.94007E+15,4.97935E+16
131098,131099,9,7,73,182,2016,1,8,7,2,8,6,0,1,0,0,0,0,0,1,6.30699E+20,5.38072E+21,1.07716E+16,4.85659E+16
131099,131100,7,3,15,0,2016,12,0,3,3,6,7,2,0,0,1,1,0,0,0,4.46888E+20,5.53913E+21,8.25887E+15,5.00021E+16
131100,131101,9,2,61,0,2016,1,18,5,3,6,4,2,1,0,1,1,0,0,0,7.32245E+20,5.38157E+21,1.21468E+16,4.85442E+16
131101,131102,9,7,78,171,2016,1,18,1,3,5,3,2,0,0,1,0,0,0,0,5.91471E+20,5.31605E+21,1.0226E+16,4.79912E+16
131102,131103,9,1,89,155,2016,1,20,3,3,5,3,2,1,0,1,0,0,0,0,7.72157E+20,5.30841E+21,1.26396E+16,4.78713E+16
131103,131104,9,4,61,0,2016,1,1,2,3,0,7,2,2,0,0,0,1,0,0,6.36596E+20,5.53049E+21,1.09025E+16,4.99112E+16
131104,131105,7,3,15,0,2016,12,9,4,3,2,5,0,0,0,1,0,0,1,0,4.46518E+20,5.54058E+21,8.2535E+15,5.00151E+16
131105,131106,7,3,12,0,2016,12,17,1,3,2,6,2,0,0,1,0,0,0,0,4.10051E+20,5.47753E+21,7.75914E+15,4.94437E+16
131106,131107,9,1,71,132,2016,1,13,2,3,4,6,0,1,0,1,0,0,0,0,7.6576E+20,5.35222E+21,1.25815E+16,4.82674E+16
131107,131108,9,5,64,0,2016,1,4,6,3,4,2,2,0,1,1,0,0,0,0,6.50184E+20,5.47832E+21,1.10716E+16,4.9439E+16
131108,131109,7,2,35,106,2016,12,11,3,3,5,3,0,0,0,1,0,0,0,0,3.32079E+20,5.50503E+21,6.6725E+15,4.96744E+16
131109,131110,9,1,79,126,2016,1,11,6,3,4,6,0,1,1,0,0,0,0,0,6.77628E+20,5.34127E+21,1.13905E+16,4.81998E+16
131110,131111,9,4,74,129,2016,1,5,3,3,8,1,2,2,0,1,0,0,0,0,6.69861E+20,5.51419E+21,1.13583E+16,4.97562E+16
131111,131112,9,7,61,0,2016,1,18,7,3,5,3,2,1,0,1,0,0,0,0,6.41775E+20,5.36016E+21,1.09147E+16,4.83787E+16
131112,131113,9,1,86,137,2016,1,7,6,3,9,1,0,2,0,1,0,0,0,0,6.85049E+20,5.39985E+21,1.15162E+16,4.87241E+16
131113,131114,7,3,11,0,2016,12,11,2,3,6,2,0,0,0,1,1,0,0,0,4.52778E+20,5.487E+21,8.34739E+15,4.95338E+16
131114,131115,9,5,64,0,2016,1,21,1,3,1,5,2,0,0,1,0,0,0,0,6.48476E+20,5.48135E+21,1.10492E+16,4.94666E+16
131115,131116,9,1,74,115,2016,1,13,3,2,5,3,0,1,0,1,0,0,0,0,6.80862E+20,5.34692E+21,1.14364E+16,4.82497E+16
131116,131117,7,3,31,3,2016,12,4,1,3,9,1,2,0,0,1,0,0,0,0,4.37621E+20,5.51103E+21,8.13411E+15,4.97485E+16
131117,131118,9,1,87,150,2016,1,15,2,3,5,3,0,0,0,1,0,1,0,0,7.30328E+20,5.30413E+21,1.20789E+16,4.78492E+16
131118,131119,9,3,76,161,2016,1,7,6,3,1,1,1,1,0,1,0,0,0,0,7.25784E+20,5.46868E+21,1.21077E+16,4.9329E+16
131119,131120,9,1,62,0,2016,1,15,5,3,0,4,0,0,0,0,1,0,0,1,6.90509E+20,5.33505E+21,1.15609E+16,4.81401E+16
131120,131121,7,2,11,0,2016,12,12,2,3,0,1,0,1,1,0,0,0,0,0,3.29925E+20,5.51389E+21,6.63882E+15,4.97534E+16
131121,131122,9,1,75,115,2016,1,16,6,3,5,2,2,1,1,1,0,0,0,0,7.20633E+20,5.32881E+21,1.19621E+16,4.80743E+16
131122,131123,9,1,79,119,2016,1,18,5,3,6,7,2,1,0,1,1,0,0,0,6.68569E+20,5.33896E+21,1.12678E+16,4.81815E+16
131123,131124,9,4,64,0,2016,1,0,1,3,5,3,2,1,0,1,0,0,0,1,7.06561E+20,5.57725E+21,1.19012E+16,5.03111E+16
131124,131125,9,7,80,139,2016,1,16,2,3,4,2,1,1,1,1,0,0,0,0,5.96033E+20,5.26275E+21,1.02754E+16,4.75111E+16
131125,131126,9,1,62,0,2016,1,15,5,3,5,3,0,1,0,1,0,0,0,0,7.00444E+20,5.33465E+21,1.16941E+16,4.81335E+16
131126,131127,7,3,11,0,2016,12,6,1,2,0,1,2,0,1,0,0,0,0,0,4.54892E+20,5.48727E+21,8.37656E+15,4.95363E+16
131127,131128,9,6,61,0,2016,1,11,5,3,5,3,0,0,0,1,0,0,0,0,5.12058E+20,5.53571E+21,9.16816E+15,4.99736E+16
131128,131129,9,1,62,0,2016,1,19,5,3,6,4,2,1,0,1,1,0,0,0,6.79194E+20,5.33605E+21,1.14094E+16,4.81525E+16
131129,131130,9,6,62,0,2016,1,11,2,3,5,3,0,2,0,1,0,0,0,1,5.89843E+20,5.54664E+21,1.02553E+16,5.00652E+16
131130,131131,9,1,62,0,2016,1,12,4,3,3,2,0,0,1,1,0,0,0,0,6.94642E+20,5.3416E+21,1.16194E+16,4.81978E+16
131131,131132,7,1,33,6,2016,12,9,5,3,0,1,0,1,1,0,0,0,0,0,4.1803E+20,5.52103E+21,7.86009E+15,4.98361E+16
131132,131133,9,6,79,209,2016,1,9,3,3,8,1,0,2,0,1,0,0,0,0,5.63105E+20,5.51717E+21,9.87697E+15,4.98037E+16
131133,131134,9,7,61,0,2016,1,19,7,3,5,3,2,1,0,1,0,0,0,0,6.40755E+20,5.35925E+21,1.09006E+16,4.83707E+16
131134,131135,9,1,62,0,2016,1,15,3,3,4,2,0,0,0,1,0,1,0,0,6.90606E+20,5.33724E+21,1.15632E+16,4.81598E+16
131135,131136,9,6,79,164,2016,1,22,7,3,5,3,2,1,0,1,0,0,0,0,5.48227E+20,5.50892E+21,9.6692E+15,4.97308E+16