FID,OBJECTID,ULAND,UREGBEZ,UKREIS,UGEMEINDE,UJAHR,UMONAT,USTUNDE,UWOCHENTAG,UKATEGORIE,UART,UTYP1,ULICHTVERH,IstStrasse,IstRad,IstPKW,IstFuss,IstKrad,IstGkfz,IstSonstig,LINREFX,LINREFY,XGCSWGS84,YGCSWGS84
131136,131137,9,7,80,139,2016,1,17,5,3,5,3,2,1,1,1,0,0,0,0,5.96434E+20,5.26265E+21,1.02807E+16,4.75101E+16
131137,131138,7,2,11,0,2016,12,19,1,3,5,3,2,1,0,1,0,1,0,0,3.32621E+20,5.5157E+21,6.67544E+15,4.97704E+16
131138,131139,9,5,61,0,2016,1,18,5,3,5,3,2,1,0,1,0,0,0,0,6.13999E+20,5.46143E+21,1.05679E+16,4.92949E+16
131139,131140,9,5,73,127,2016,1,16,2,3,5,3,2,1,0,1,0,0,0,0,6.45416E+20,5.47572E+21,1.1005E+16,4.94167E+16
131140,131141,9,3,76,117,2016,1,12,4,2,6,7,0,1,0,1,1,0,0,0,7.40666E+20,5.46028E+21,1.23071E+16,4.92479E+16
131141,131142,7,1,41,6,2016,12,10,5,3,5,3,0,1,0,1,0,0,0,0,4.0872E+20,5.57619E+21,7.7175E+15,5.03307E+16
131142,131143,7,3,19,0,2016,12,12,3,3,2,6,0,0,0,1,0,0,0,0,4.54467E+20,5.49805E+21,8.36944E+15,4.96333E+16
131143,131144,9,1,73,118,2016,1,7,6,3,9,7,1,1,0,1,0,0,0,0,6.90871E+20,5.29946E+21,1.155E+16,4.78201E+16
131144,131145,9,5,64,0,2016,1,19,3,3,5,2,2,1,0,1,0,0,0,0,6.5439E+20,5.47749E+21,1.11293E+16,4.94305E+16
131145,131146,9,5,74,141,2016,1,11,7,3,5,3,0,0,0,1,0,0,0,0,6.69661E+20,5.4889E+21,1.13446E+16,4.95289E+16
131146,131147,7,1,43,31,2016,12,16,7,3,8,1,1,0,0,1,0,0,0,0,4.07452E+20,5.5844E+21,7.69766E+15,5.04044E+16
131147,131148,9,3,72,171,2016,1,9,1,3,8,1,0,2,0,1,0,0,0,0,7.68256E+20,5.47594E+21,1.26959E+16,4.9377E+16
131148,131149,9,1,87,120,2016,1,11,3,3,5,3,0,0,1,1,0,0,0,0,7.32596E+20,5.29188E+21,1.21026E+16,4.77383E+16
131149,131150,9,3,72,116,2016,1,11,2,3,2,6,0,2,0,1,0,0,0,0,7.67147E+20,5.45777E+21,1.26685E+16,4.92144E+16
131150,131151,7,1,32,6,2016,12,10,4,3,0,3,0,0,0,1,0,0,0,0,4.18984E+20,5.62816E+21,7.85036E+15,5.07995E+16
131151,131152,7,1,37,25,2016,12,22,7,2,4,3,2,1,0,1,0,0,0,0,3.74017E+20,5.57958E+21,7.22899E+15,5.03548E+16
131152,131153,9,2,76,142,2016,1,14,5,3,7,7,0,1,0,0,0,1,0,1,7.9139E+20,5.43318E+21,1.29829E+16,4.89827E+16
131153,131154,9,3,76,161,2016,1,22,3,3,5,3,2,1,0,1,0,0,0,0,7.25494E+20,5.46854E+21,1.21036E+16,4.93279E+16
131154,131155,9,4,61,0,2016,1,15,2,2,9,1,0,2,0,1,0,0,0,0,6.37624E+20,5.53218E+21,1.09174E+16,4.99261E+16
131155,131156,7,1,37,212,2016,12,9,5,3,5,3,0,1,0,1,0,0,0,0,3.90211E+20,5.57438E+21,7.45805E+15,5.03113E+16
131156,131157,7,3,14,0,2016,12,8,2,3,6,6,0,0,0,0,1,0,0,1,4.59534E+20,5.48137E+21,8.44131E+15,4.94837E+16
131157,131158,9,1,87,162,2016,1,11,6,3,5,3,0,1,0,1,0,0,0,0,7.48772E+20,5.30359E+21,1.23247E+16,4.78375E+16
131158,131159,7,3,32,25,2016,12,18,6,3,1,7,2,1,0,1,1,0,0,0,4.45364E+20,5.46836E+21,8.2475E+15,4.93655E+16
131159,131160,9,1,86,147,2016,1,10,6,2,0,1,0,2,1,0,0,0,0,0,6.84253E+20,5.39156E+21,1.15017E+16,4.86499E+16
131160,131161,7,3,34,8,2016,12,12,6,3,2,6,0,1,0,1,0,0,0,1,4.44905E+20,5.43032E+21,8.24639E+15,4.90233E+16
131161,131162,9,3,76,161,2016,1,14,1,3,0,7,0,0,1,0,0,0,0,1,7.25303E+20,5.4678E+21,1.21005E+16,4.93213E+16
131162,131163,9,1,62,0,2016,1,10,2,3,6,2,0,0,0,1,1,0,0,0,6.90976E+20,5.33447E+21,1.15669E+16,4.81348E+16
131163,131164,7,3,39,30,2016,12,17,1,3,6,6,2,0,0,1,1,0,0,0,4.32726E+20,5.53504E+21,8.06199E+15,4.99639E+16
131164,131165,9,1,61,0,2016,1,6,2,3,1,6,2,2,0,1,0,0,0,0,6.77029E+20,5.40528E+21,1.14096E+16,4.87753E+16
131165,131166,9,1,62,0,2016,1,7,5,1,5,3,2,1,1,0,0,0,0,1,6.87269E+20,5.33907E+21,1.15192E+16,4.81772E+16
131166,131167,7,1,35,45,2016,12,15,1,2,5,3,0,1,1,1,0,0,0,0,3.73721E+20,5.52869E+21,7.24167E+15,4.98973E+16
131167,131168,9,1,61,0,2016,1,20,2,3,8,1,2,2,0,1,0,0,0,0,6.79558E+20,5.40099E+21,1.14421E+16,4.8736E+16
131168,131169,7,3,35,22,2016,12,12,7,3,6,6,0,0,0,1,1,0,0,0,3.96206E+20,5.47396E+21,7.56914E+15,4.94095E+16
131169,131170,9,1,62,0,2016,1,18,5,3,6,2,2,1,0,1,1,0,0,0,6.90608E+20,5.33736E+21,1.15633E+16,4.81608E+16
131170,131171,7,3,14,0,2016,12,14,6,3,6,2,0,0,0,1,1,0,0,0,4.57406E+20,5.48601E+21,8.41144E+15,4.95252E+16
131171,131172,9,1,77,133,2016,1,11,6,3,3,6,0,0,0,1,0,0,0,1,7.06336E+20,5.35933E+21,1.17853E+16,4.83534E+16
131172,131173,9,1,89,126,2016,1,10,5,3,8,1,0,0,0,1,0,0,0,0,7.57529E+20,5.32701E+21,1.24555E+16,4.80444E+16
131173,131174,9,2,75,111,2016,1,13,1,3,9,1,0,2,0,1,0,0,0,0,8.14118E+20,5.40144E+21,1.32684E+16,4.86869E+16
131174,131175,9,7,61,0,2016,1,7,2,3,5,3,1,2,1,1,0,0,0,0,6.44401E+20,5.35814E+21,1.09494E+16,4.83599E+16
131175,131176,9,1,84,138,2016,1,8,3,3,8,1,0,1,0,1,0,0,0,0,6.81754E+20,5.33029E+21,1.14413E+16,4.80999E+16
131176,131177,9,5,63,0,2016,1,17,7,3,6,7,2,1,0,1,1,0,0,0,6.45089E+20,5.47969E+21,1.10019E+16,4.94525E+16
131177,131178,9,1,62,0,2016,1,13,5,3,5,2,0,0,1,0,0,0,0,1,6.86606E+20,5.33235E+21,1.15073E+16,4.8117E+16
131178,131179,7,1,33,6,2016,12,12,6,3,6,4,0,0,0,1,1,0,0,0,4.1824E+20,5.52212E+21,7.86279E+15,4.98459E+16
131179,131180,9,5,64,0,2016,1,14,5,3,0,7,0,0,0,1,0,0,0,0,6.50584E+20,5.48013E+21,1.10778E+16,4.94551E+16
131180,131181,9,6,76,122,2016,1,15,2,3,9,1,0,1,0,1,0,0,0,0,5.10715E+20,5.51933E+21,9.14898E+15,4.98264E+16
131181,131182,9,5,64,0,2016,1,16,4,3,6,4,0,1,0,1,1,0,0,0,6.50831E+20,5.47915E+21,1.10809E+16,4.94463E+16
131182,131183,7,3,31,3,2016,12,18,5,3,5,3,2,1,1,1,0,0,0,0,4.36286E+20,5.51092E+21,8.11559E+15,4.97474E+16
131183,131184,7,3,19,0,2016,12,17,6,3,6,2,2,1,0,1,1,0,0,0,4.53961E+20,5.49733E+21,8.36252E+15,4.96268E+16
131184,131185,9,7,61,0,2016,1,17,5,3,2,6,2,1,0,1,0,0,0,0,6.3891E+20,5.35619E+21,1.08747E+16,4.83436E+16
131185,131186,9,1,62,0,2016,1,9,5,3,5,3,0,1,1,1,0,0,0,0,6.91233E+20,5.33644E+21,1.15713E+16,4.81524E+16
131186,131187,9,1,78,144,2016,1,19,5,2,5,3,2,1,1,1,0,0,0,0,7.072E+20,5.37937E+21,1.18068E+16,4.85332E+16
131187,131188,9,2,74,121,2016,1,14,1,2,8,7,1,2,0,0,0,0,0,1,7.24635E+20,5.36864E+21,1.20369E+16,4.84308E+16
131188,131189,9,7,63,0,2016,1,12,3,3,2,6,0,1,0,1,0,0,0,0,5.97646E+20,5.28589E+21,1.0302E+16,4.7719E+16
131189,131190,9,7,77,155,2016,1,10,5,3,0,1,0,2,1,0,0,0,0,0,6.29304E+20,5.31285E+21,1.0732E+16,4.79559E+16
131190,131191,7,3,15,0,2016,12,16,6,3,0,7,2,0,1,0,0,0,0,1,4.47996E+20,5.53912E+21,8.27434E+15,5.00021E+16
131191,131192,9,3,62,0,2016,1,18,5,3,5,3,2,1,1,1,0,0,0,0,7.22478E+20,5.43335E+21,1.20427E+16,4.90129E+16
131192,131193,9,4,64,0,2016,1,12,2,3,5,3,0,1,0,1,0,0,0,0,7.08519E+20,5.57812E+21,1.19292E+16,5.03183E+16
131193,131194,9,1,90,139,2016,1,21,4,3,3,6,2,1,0,1,0,0,0,0,6.54794E+20,5.29618E+21,1.10672E+16,4.78003E+16
131194,131195,7,1,32,63,2016,12,12,5,2,6,4,0,1,0,1,1,0,0,0,4.21215E+20,5.62829E+21,7.88199E+15,5.0801E+16
131195,131196,7,2,11,0,2016,12,9,3,2,0,1,0,0,0,1,0,1,0,0,3.29844E+20,5.51453E+21,6.63741E+15,4.97591E+16
131196,131197,7,3,38,19,2016,12,14,7,3,8,1,0,1,0,1,0,0,0,0,4.50606E+20,5.47667E+21,8.31865E+15,4.94407E+16
131197,131198,9,5,77,177,2016,1,17,3,3,3,3,2,1,0,1,0,0,0,0,6.44966E+20,5.43283E+21,1.09833E+16,4.90313E+16
131198,131199,7,3,39,30,2016,12,8,6,3,5,3,0,1,1,1,0,0,0,0,4.30184E+20,5.53794E+21,8.02602E+15,4.99897E+16
131199,131200,9,6,63,0,2016,1,18,3,3,5,3,2,1,0,1,0,0,0,0,5.70276E+20,5.51665E+21,9.97652E+15,4.97982E+16
131200,131201,9,5,64,0,2016,1,17,7,3,9,1,2,1,0,1,0,0,0,0,6.46109E+20,5.47986E+21,1.1016E+16,4.94538E+16
131201,131202,7,3,15,0,2016,12,9,6,3,5,3,0,0,0,1,0,0,0,0,4.47305E+20,5.53898E+21,8.26471E+15,5.00008E+16
131202,131203,9,2,72,118,2016,1,13,5,3,2,6,0,1,0,1,0,0,0,0,8.33844E+20,5.41611E+21,1.35475E+16,4.88082E+16
131203,131204,9,2,73,111,2016,1,4,3,2,8,6,2,1,0,1,0,0,0,0,7.101E+20,5.41244E+21,1.18629E+16,4.88294E+16
131204,131205,9,4,61,0,2016,1,9,2,3,4,6,0,2,0,1,0,0,0,0,6.36706E+20,5.52911E+21,1.09036E+16,4.98987E+16
131205,131206,7,3,14,0,2016,12,11,4,3,6,6,0,0,0,1,1,0,0,0,4.54153E+20,5.48166E+21,8.36701E+15,4.94858E+16
131206,131207,7,1,32,6,2016,12,19,6,3,0,5,2,0,0,1,0,0,0,0,4.18295E+20,5.62471E+21,7.84134E+15,5.07684E+16
131207,131208,7,2,35,134,2016,12,17,6,2,8,1,2,1,0,1,0,0,0,0,3.44823E+20,5.5225E+21,6.84205E+15,4.98348E+16
131208,131209,9,1,81,141,2016,1,9,6,2,0,1,0,2,1,0,0,0,0,0,6.43544E+20,5.32074E+21,1.09252E+16,4.80238E+16
131209,131210,7,1,43,229,2016,12,11,6,3,6,2,0,1,0,1,1,0,0,0,4.16203E+20,5.61323E+21,7.8143E+15,5.06649E+16
131210,131211,9,1,88,141,2016,1,0,1,3,1,1,2,2,1,1,0,0,0,0,6.70254E+20,5.30896E+21,1.12785E+16,4.79113E+16
131211,131212,9,4,73,120,2016,1,5,7,3,9,1,2,0,0,1,0,0,0,0,6.4173E+20,5.5723E+21,1.09895E+16,5.02858E+16
131212,131213,9,1,82,120,2016,1,7,6,2,0,1,0,2,1,0,0,0,0,0,7.01265E+20,5.30664E+21,1.1692E+16,4.78815E+16
131213,131214,7,1,38,45,2016,12,23,6,3,5,3,2,1,1,1,0,0,0,0,3.91042E+20,5.58793E+21,7.46579E+15,5.04332E+16
131214,131215,9,1,62,0,2016,1,17,7,2,2,6,2,1,0,1,0,0,0,0,6.86227E+20,5.33387E+21,1.15029E+16,4.81309E+16
131215,131216,9,1,74,115,2016,1,7,3,3,0,1,0,2,1,0,0,0,0,0,6.82573E+20,5.34864E+21,1.14602E+16,4.82646E+16
131216,131217,7,3,12,0,2016,12,13,7,3,2,6,0,0,0,1,0,0,0,0,4.10078E+20,5.4768E+21,7.75969E+15,4.94372E+16
131217,131218,9,1,74,115,2016,1,13,2,3,5,7,0,0,0,1,0,0,0,0,6.83591E+20,5.34832E+21,1.14738E+16,4.82615E+16
131218,131219,7,1,38,45,2016,12,17,6,3,4,2,2,1,0,1,0,0,0,0,3.93331E+20,5.58871E+21,7.49779E+15,5.04407E+16
131219,131220,9,1,62,0,2016,1,15,5,2,6,2,0,0,0,1,1,0,0,0,6.90801E+20,5.33475E+21,1.15647E+16,4.81373E+16
131220,131221,7,1,40,144,2016,12,17,6,3,6,4,2,0,0,1,1,0,0,0,3.95567E+20,5.53756E+21,7.54335E+15,4.99812E+16
131221,131222,9,1,75,132,2016,1,7,6,3,0,1,1,2,1,0,0,0,0,0,7.06598E+20,5.33228E+21,1.17756E+16,4.81102E+16
131222,131223,9,1,71,125,2016,1,15,5,3,5,3,0,1,0,1,0,0,0,0,7.75305E+20,5.34992E+21,1.27083E+16,4.82426E+16
131223,131224,9,1,62,0,2016,1,9,7,2,0,7,0,1,0,1,0,0,0,0,6.94931E+20,5.33317E+21,1.16195E+16,4.8122E+16
131224,131225,9,7,61,0,2016,1,16,2,2,8,7,0,1,0,1,0,0,0,0,6.42245E+20,5.3612E+21,1.09214E+16,4.83879E+16
131225,131226,9,1,62,0,2016,1,15,3,2,5,3,0,0,0,1,1,0,0,0,6.93307E+20,5.33117E+21,1.15967E+16,4.81045E+16
131226,131227,9,7,74,171,2016,1,18,2,3,2,6,2,1,1,1,0,0,0,0,6.01949E+20,5.36992E+21,1.03794E+16,4.84742E+16
131227,131228,9,1,84,137,2016,1,14,5,3,0,1,0,0,0,0,0,1,0,0,7.09747E+20,5.31633E+21,1.181E+16,4.79658E+16
131228,131229,7,3,12,0,2016,12,19,5,3,2,2,2,1,0,1,0,0,0,0,4.10439E+20,5.47744E+21,7.76452E+15,4.9443E+16
131229,131230,9,6,63,0,2016,1,9,5,3,0,3,0,0,0,1,0,1,0,0,5.67302E+20,5.51657E+21,9.93519E+15,4.97978E+16
131230,131231,9,1,62,0,2016,1,8,5,3,3,6,0,1,1,1,0,0,0,0,6.93221E+20,5.3339E+21,1.15968E+16,4.8129E+16
131231,131232,9,6,78,134,2016,1,11,2,3,6,7,0,2,0,1,1,0,0,0,5.96765E+20,5.52858E+21,1.03475E+16,4.99017E+16
131232,131233,9,1,62,0,2016,1,20,4,3,5,2,2,1,0,1,1,0,0,0,6.90088E+20,5.33591E+21,1.15557E+16,4.8148E+16
131233,131234,7,1,33,6,2016,12,19,5,3,1,6,2,1,0,1,0,0,0,0,4.19212E+20,5.52194E+21,7.87634E+15,4.98444E+16
131234,131235,9,6,79,128,2016,1,7,3,1,6,7,1,1,0,0,1,0,0,1,5.60595E+20,5.52336E+21,9.84306E+15,4.98596E+16
131235,131236,9,1,86,143,2016,1,22,7,3,9,1,2,2,0,1,0,0,0,0,6.86672E+20,5.37742E+21,1.15282E+16,4.85221E+16
131236,131237,9,7,61,0,2016,1,10,5,3,0,7,0,1,1,1,0,0,0,0,6.38781E+20,5.35842E+21,1.08737E+16,4.83637E+16
131237,131238,7,3,12,0,2016,12,16,5,3,6,6,1,1,0,1,1,0,0,0,4.07897E+20,5.47752E+21,7.72944E+15,4.94434E+16
131238,131239,9,3,76,161,2016,1,12,5,3,5,3,0,1,0,1,0,0,0,0,7.2887E+20,5.46733E+21,1.21493E+16,4.93158E+16
131239,131240,9,4,72,199,2016,1,15,2,3,5,2,0,2,0,1,0,0,0,0,6.96394E+20,5.53548E+21,1.17371E+16,4.99394E+16
131240,131241,9,1,74,126,2016,1,12,7,3,0,7,0,0,0,0,1,0,0,1,6.84277E+20,5.34598E+21,1.1482E+16,4.82402E+16
131241,131242,9,7,64,0,2016,1,11,5,3,0,7,0,2,1,0,0,0,0,0,5.88743E+20,5.31551E+21,1.01894E+16,4.79867E+16
131242,131243,7,3,34,501,2016,12,19,5,2,6,2,2,1,0,1,1,0,0,0,4.48415E+20,5.43206E+21,8.29417E+15,4.90393E+16
131243,131244,9,5,64,0,2016,1,17,5,3,5,3,2,1,0,1,0,0,0,0,6.4675E+20,5.48173E+21,1.10256E+16,4.94705E+16
131244,131245,9,5,64,0,2016,1,4,2,3,8,1,2,2,0,1,0,0,0,0,6.5126E+20,5.48E+21,1.10871E+16,4.94538E+16
131245,131246,9,3,72,175,2016,1,1,4,3,8,1,2,2,0,1,0,0,0,0,7.6745E+20,5.46391E+21,1.26768E+16,4.92693E+16
131246,131247,7,3,15,0,2016,12,14,5,3,3,6,0,1,0,1,0,1,0,0,4.45227E+20,5.54089E+21,8.23544E+15,5.00178E+16
131247,131248,7,1,37,3,2016,12,14,4,3,5,3,0,0,0,1,0,0,0,1,3.8675E+20,5.5862E+21,7.4059E+15,5.04169E+16
131248,131249,7,1,35,45,2016,12,15,6,3,4,6,0,1,0,1,0,0,0,0,3.68369E+20,5.56636E+21,7.15423E+15,5.02348E+16
131249,131250,9,5,62,0,2016,1,18,3,3,6,4,2,1,1,0,1,0,0,0,6.44974E+20,5.49515E+21,1.1006E+16,4.95915E+16
131250,131251,9,1,74,126,2016,1,11,7,2,5,3,0,1,0,1,0,0,0,0,6.83607E+20,5.34522E+21,1.14726E+16,4.82336E+16
131251,131252,9,1,62,0,2016,1,18,7,3,5,3,2,1,0,1,0,0,0,0,6.92213E+20,5.33909E+21,1.15856E+16,4.8176E+16
131252,131253,9,1,63,0,2016,1,7,3,3,0,1,0,2,1,0,0,0,0,0,7.33363E+20,5.30414E+21,1.21194E+16,4.78482E+16
131253,131254,9,3,75,181,2016,1,9,2,3,4,6,0,2,0,1,0,0,0,0,7.20351E+20,5.44028E+21,1.20174E+16,4.90759E+16
131254,131255,7,2,11,0,2016,12,17,4,3,5,3,2,0,1,1,0,0,0,0,3.29748E+20,5.51338E+21,6.63659E+15,4.97488E+16
131255,131256,7,3,32,25,2016,12,20,7,3,6,4,2,0,0,1,1,0,0,0,4.45674E+20,5.46814E+21,8.2518E+15,4.93635E+16
131256,131257,9,1,83,148,2016,1,7,4,3,1,3,0,0,1,1,0,0,0,0,7.5256E+20,5.34523E+21,1.23998E+16,4.821E+16
131257,131258,9,7,61,0,2016,1,8,6,2,0,1,0,2,1,0,0,0,0,0,6.43987E+20,5.35674E+21,1.09434E+16,4.83474E+16
131258,131259,9,5,62,0,2016,1,11,7,3,4,2,0,0,0,1,0,0,0,0,6.45819E+20,5.49465E+21,1.10175E+16,4.95869E+16
131259,131260,9,7,61,0,2016,1,9,6,3,0,1,0,1,1,0,0,0,0,0,6.40744E+20,5.35209E+21,1.08981E+16,4.83063E+16
131260,131261,9,3,63,0,2016,1,19,2,3,6,4,2,1,0,1,1,0,0,0,7.27982E+20,5.50598E+21,1.21594E+16,4.96632E+16
131261,131262,9,1,62,0,2016,1,18,3,3,6,3,2,0,0,1,1,0,0,0,6.89825E+20,5.33484E+21,1.15516E+16,4.81385E+16
131262,131263,9,2,74,113,2016,1,16,7,2,5,2,1,1,1,1,0,0,0,0,7.29334E+20,5.38193E+21,1.21076E+16,4.85485E+16
131263,131264,9,1,62,0,2016,1,14,1,3,3,7,0,1,1,0,0,0,0,1,6.90492E+20,5.33556E+21,1.15609E+16,4.81447E+16
131264,131265,9,2,79,112,2016,1,13,7,3,4,2,0,1,0,1,0,1,0,0,7.57495E+20,5.39309E+21,1.24955E+16,4.86378E+16
131265,131266,9,1,63,0,2016,1,13,3,3,6,3,0,1,1,0,1,0,0,0,7.33746E+20,5.30499E+21,1.2125E+16,4.78557E+16
131266,131267,9,5,74,147,2016,1,17,3,2,6,4,2,1,0,1,1,0,0,0,6.79805E+20,5.48671E+21,1.14837E+16,4.95064E+16
131267,131268,9,7,61,0,2016,1,10,6,2,0,1,0,2,1,0,0,0,0,0,6.4151E+20,5.35818E+21,1.09104E+16,4.8361E+16
131268,131269,9,3,75,117,2016,1,10,3,3,5,7,0,1,1,1,0,0,0,0,7.33801E+20,5.43247E+21,1.21968E+16,4.90008E+16
131269,131270,9,3,71,146,2016,1,8,5,3,0,1,0,2,1,0,0,0,0,0,7.14257E+20,5.46497E+21,1.19472E+16,4.92998E+16
131270,131271,9,1,89,162,2016,1,14,7,3,0,1,0,1,1,0,0,0,0,0,7.79749E+20,5.31648E+21,1.27462E+16,4.79405E+16
131271,131272,9,1,62,0,2016,1,19,4,3,4,2,2,1,0,1,0,0,0,0,6.94195E+20,5.33431E+21,1.16101E+16,4.81324E+16
131272,131273,9,5,64,0,2016,1,17,4,3,5,3,2,1,0,1,0,0,0,0,6.47502E+20,5.48304E+21,1.10364E+16,4.94821E+16
131273,131274,9,1,63,0,2016,1,12,7,2,0,7,0,1,0,1,0,0,0,0,7.3301E+20,5.30495E+21,1.21151E+16,4.78556E+16
131274,131275,9,4,77,138,2016,1,17,1,3,6,6,2,1,0,1,1,0,0,0,6.86639E+20,5.56286E+21,1.16147E+16,5.01885E+16
131275,131276,9,1,87,117,2016,1,10,3,3,5,3,0,1,1,1,0,0,0,0,7.25412E+20,5.30618E+21,1.20143E+16,4.78693E+16
131276,131277,9,5,63,0,2016,1,18,3,3,6,2,2,1,0,1,1,0,0,0,6.44923E+20,5.4812E+21,1.10002E+16,4.94662E+16
131277,131278,9,7,61,0,2016,1,16,2,3,6,4,0,0,0,1,1,0,0,0,6.37479E+20,5.36148E+21,1.08571E+16,4.83915E+16
131278,131279,9,1,73,112,2016,1,13,5,3,6,7,0,2,0,1,1,0,0,0,6.92221E+20,5.29331E+21,1.15653E+16,4.77645E+16
131279,131280,9,1,79,145,2016,1,13,7,3,2,6,0,1,0,1,0,0,0,0,6.73688E+20,5.33722E+21,1.13359E+16,4.81645E+16
131280,131281,9,1,62,0,2016,1,12,4,3,1,7,0,1,1,1,0,0,0,0,6.90968E+20,5.33449E+21,1.15668E+16,4.8135E+16
131281,131282,9,5,71,136,2016,1,15,4,3,5,3,0,0,0,1,0,0,0,0,5.97493E+20,5.43567E+21,1.03347E+16,4.90662E+16
131282,131283,9,6,79,147,2016,1,8,6,3,0,1,0,2,1,0,0,0,0,0,5.62475E+20,5.515E+21,9.86787E+15,4.97842E+16
131283,131284,9,1,62,0,2016,1,1,7,3,1,5,2,1,0,1,0,0,0,0,6.91756E+20,5.34039E+21,1.15801E+16,4.81878E+16
131284,131285,9,3,63,0,2016,1,14,2,3,5,3,0,1,0,1,0,0,0,0,7.2708E+20,5.50683E+21,1.21474E+16,4.96712E+16
131285,131286,9,1,62,0,2016,1,16,3,3,5,3,0,1,1,1,0,0,0,0,6.94612E+20,5.33372E+21,1.16154E+16,4.81269E+16
131286,131287,9,1,77,117,2016,1,19,1,3,6,2,2,1,0,1,1,0,0,0,7.16059E+20,5.35435E+21,1.19138E+16,4.83054E+16
131287,131288,9,1,62,0,2016,1,19,3,3,6,4,2,1,1,0,1,0,0,0,6.89988E+20,5.33492E+21,1.15539E+16,4.81391E+16
131288,131289,9,4,78,139,2016,1,17,3,3,4,1,2,0,0,1,0,0,0,1,6.4712E+20,5.55683E+21,1.10591E+16,5.01454E+16
131289,131290,9,7,61,0,2016,1,10,2,3,6,7,0,0,0,0,1,0,0,1,6.39E+20,5.35694E+21,1.08762E+16,4.83503E+16
131290,131291,9,1,61,0,2016,1,18,5,3,5,3,2,0,1,1,0,0,0,0,6.78096E+20,5.40472E+21,1.14239E+16,4.877E+16
131291,131292,9,1,79,121,2016,1,13,7,3,1,2,0,1,0,1,0,0,0,0,6.67653E+20,5.33991E+21,1.12559E+16,4.81903E+16
131292,131293,9,7,61,0,2016,1,9,4,2,0,1,0,2,1,0,0,0,0,0,6.40644E+20,5.35751E+21,1.08985E+16,4.83551E+16
131293,131294,9,3,62,0,2016,1,12,4,3,6,4,0,0,0,1,1,0,0,0,7.28142E+20,5.433E+21,1.21198E+16,4.90077E+16
131294,131295,9,6,63,0,2016,1,18,6,2,8,7,2,0,0,1,0,0,0,0,5.67759E+20,5.51543E+21,9.94134E+15,4.97875E+16
131295,131296,9,7,61,0,2016,1,20,7,3,2,6,2,0,0,1,0,0,0,0,6.4171E+20,5.35994E+21,1.09137E+16,4.83767E+16
131296,131297,9,6,63,0,2016,1,19,6,2,6,2,2,1,0,1,1,0,0,0,5.67926E+20,5.51214E+21,9.94308E+15,4.97579E+16
131297,131298,9,3,75,190,2016,1,7,2,3,5,2,0,1,0,1,0,0,0,0,7.28141E+20,5.4447E+21,1.21264E+16,4.91128E+16
131298,131299,9,1,62,0,2016,1,10,3,3,0,7,0,1,1,0,0,0,0,0,6.86281E+20,5.33951E+21,1.15061E+16,4.81815E+16
131299,131300,9,6,63,0,2016,1,10,2,3,2,6,0,1,0,1,0,0,0,0,5.63359E+20,5.51736E+21,9.88053E+15,4.98054E+16
131300,131301,9,1,62,0,2016,1,11,1,3,5,2,0,1,0,1,0,0,0,0,6.81146E+20,5.33592E+21,1.14356E+16,4.81507E+16
131301,131302,9,1,81,115,2016,1,16,7,3,6,7,0,1,0,1,1,0,0,0,6.57181E+20,5.32629E+21,1.111E+16,4.80705E+16
131302,131303,9,6,63,0,2016,1,6,2,3,5,7,2,1,0,1,0,1,0,0,5.68745E+20,5.51469E+21,9.9549E+15,4.97807E+16
131303,131304,9,1,78,124,2016,1,17,7,3,5,3,2,1,1,1,0,0,0,0,7.03088E+20,5.36533E+21,1.17444E+16,4.84084E+16
131304,131305,9,6,63,0,2016,1,6,4,3,5,3,2,1,0,1,0,0,0,0,5.67801E+20,5.51727E+21,9.94224E+15,4.9804E+16
131305,131306,9,7,77,121,2016,1,7,3,3,6,4,1,1,0,1,1,0,0,0,6.28596E+20,5.32114E+21,1.0725E+16,4.80306E+16
131306,131307,9,6,63,0,2016,1,14,6,3,5,3,0,0,0,1,0,1,0,0,5.68601E+20,5.51219E+21,9.95246E+15,4.97582E+16
131307,131308,9,5,65,0,2016,1,14,7,3,6,4,0,0,0,1,1,0,0,0,6.49199E+20,5.46538E+21,1.10532E+16,4.93229E+16
131308,131309,9,6,72,136,2016,1,17,6,2,1,1,2,1,0,0,0,0,0,1,5.8032E+20,5.5639E+21,1.01259E+16,5.02218E+16
131309,131310,9,3,62,0,2016,1,16,2,3,5,3,2,0,1,1,0,0,0,0,7.23535E+20,5.43383E+21,1.20574E+16,4.90168E+16
131310,131311,9,1,62,0,2016,1,16,6,3,3,6,2,0,1,0,0,0,0,0,6.92781E+20,5.33407E+21,1.1591E+16,4.81306E+16
131311,131312,9,5,74,123,2016,1,16,1,3,2,6,1,1,0,1,0,0,0,0,6.59388E+20,5.47437E+21,1.11969E+16,4.94011E+16
131312,131313,9,1,62,0,2016,1,16,6,3,1,5,0,0,0,1,0,0,0,0,6.93708E+20,5.33513E+21,1.16039E+16,4.81399E+16