FID,OBJECTID,ULAND,UREGBEZ,UKREIS,UGEMEINDE,UJAHR,UMONAT,USTUNDE,UWOCHENTAG,UKATEGORIE,UART,UTYP1,ULICHTVERH,IstStrasse,IstRad,IstPKW,IstFuss,IstKrad,IstGkfz,IstSonstig,LINREFX,LINREFY,XGCSWGS84,YGCSWGS84
131491,131492,9,1,62,0,2016,1,17,4,3,2,3,2,1,0,1,0,0,0,0,6.86778E+20,5.33682E+21,1.15116E+16,4.81571E+16
131492,131493,9,7,61,0,2016,1,8,6,2,0,1,0,2,1,0,0,0,0,0,6.38362E+20,5.35884E+21,1.08682E+16,4.83676E+16
131493,131494,9,6,63,0,2016,1,12,4,3,5,3,0,0,0,1,0,0,0,0,5.67191E+20,5.51461E+21,9.9333E+15,4.97802E+16
131494,131495,9,4,77,128,2016,1,17,2,3,5,3,2,1,1,1,0,0,0,0,6.74935E+20,5.55332E+21,1.14465E+16,5.01063E+16
131495,131496,9,1,63,0,2016,1,5,5,3,6,4,2,1,0,1,1,0,0,0,7.34643E+20,5.30488E+21,1.21369E+16,4.78544E+16
131496,131497,9,7,61,0,2016,1,12,6,3,0,7,0,0,1,0,0,0,0,0,6.41779E+20,5.36036E+21,1.09148E+16,4.83805E+16
131497,131498,9,7,77,129,2016,1,17,4,2,6,4,2,1,0,1,1,0,0,0,6.26602E+20,5.27013E+21,1.06833E+16,4.75723E+16
131498,131499,9,3,63,0,2016,1,7,4,3,5,3,0,2,0,1,0,0,0,0,7.27381E+20,5.5101E+21,1.21534E+16,4.97004E+16
131499,131500,9,1,71,112,2016,1,12,6,3,4,3,0,0,1,1,0,0,0,0,7.83759E+20,5.34215E+21,1.28168E+16,4.81692E+16
131500,131501,9,1,62,0,2016,1,8,7,3,1,3,0,1,1,1,0,0,0,0,6.90652E+20,5.33838E+21,1.15643E+16,4.81701E+16
131501,131502,9,1,71,112,2016,1,8,6,3,0,1,0,2,1,0,0,0,0,0,7.8451E+20,5.34207E+21,1.28268E+16,4.81681E+16
131502,131503,9,1,88,118,2016,1,13,2,3,0,3,0,1,0,1,0,0,0,0,6.70618E+20,5.31334E+21,1.12851E+16,4.79507E+16
131503,131504,9,1,62,0,2016,1,19,3,2,4,2,2,1,1,1,0,0,0,0,6.87429E+20,5.32814E+21,1.15165E+16,4.80789E+16
131504,131505,9,4,61,0,2016,1,11,2,2,6,7,0,1,0,1,1,0,0,0,6.36759E+20,5.53018E+21,1.09047E+16,4.99084E+16
131505,131506,9,7,79,194,2016,1,7,2,2,6,4,2,1,0,1,1,0,0,0,6.10395E+20,5.4123E+21,1.05049E+16,4.88538E+16
131506,131507,9,6,63,0,2016,1,13,3,3,0,1,0,1,0,0,0,1,0,0,5.71763E+20,5.51589E+21,9.99703E+15,4.97912E+16
131507,131508,9,1,82,125,2016,1,11,6,3,0,7,0,2,1,0,0,0,0,0,7.11951E+20,5.29607E+21,1.18296E+16,4.77831E+16
131508,131509,9,3,74,124,2016,1,11,7,3,5,3,0,1,0,1,0,0,0,0,7.08792E+20,5.5113E+21,1.18966E+16,4.9718E+16
131509,131510,9,5,63,0,2016,1,13,3,3,2,6,0,1,0,1,0,0,0,0,6.4292E+20,5.48012E+21,1.09722E+16,4.94569E+16
131510,131511,9,1,62,0,2016,1,19,5,3,2,6,2,1,0,1,0,0,0,0,6.90851E+20,5.34031E+21,1.15679E+16,4.81874E+16
131511,131512,9,1,89,140,2016,1,20,7,3,6,7,2,1,0,0,1,0,0,1,7.73308E+20,5.29118E+21,1.26441E+16,4.77161E+16
131512,131513,9,1,62,0,2016,1,21,5,3,8,7,2,1,0,1,0,0,0,0,6.92169E+20,5.33284E+21,1.15822E+16,4.81198E+16
131513,131514,9,7,62,0,2016,1,9,7,2,0,7,0,2,0,1,1,0,0,0,6.21694E+20,5.30514E+21,1.06279E+16,4.78881E+16
131514,131515,9,1,62,0,2016,1,12,2,3,5,2,0,2,0,1,0,0,0,0,6.93127E+20,5.33188E+21,1.15946E+16,4.81108E+16
131515,131516,9,6,62,0,2016,1,7,6,3,1,7,2,1,1,1,0,0,0,0,5.88126E+20,5.54648E+21,1.02313E+16,5.00641E+16
131516,131517,9,1,82,123,2016,1,23,7,3,9,1,2,1,0,1,0,0,0,0,7.16403E+20,5.30106E+21,1.18915E+16,4.78264E+16
131517,131518,9,7,61,0,2016,1,16,4,3,0,7,0,2,1,0,0,0,0,0,6.37145E+20,5.36004E+21,1.08521E+16,4.83786E+16
131518,131519,9,6,71,136,2016,1,22,6,3,5,3,2,1,0,1,0,0,0,0,5.04269E+20,5.53925E+21,9.05957E+15,5.00056E+16
131519,131520,9,1,81,145,2016,1,13,2,3,8,1,0,2,0,1,0,0,0,0,6.4409E+20,5.33503E+21,1.09374E+16,4.81522E+16
131520,131521,9,1,62,0,2016,1,12,5,3,5,7,0,0,1,1,0,0,0,0,6.94288E+20,5.33347E+21,1.1611E+16,4.81248E+16
131521,131522,9,7,61,0,2016,1,6,2,3,6,4,2,1,0,1,1,0,0,0,6.39814E+20,5.35779E+21,1.08874E+16,4.83578E+16
131522,131523,9,5,64,0,2016,1,12,2,3,6,7,0,0,0,1,1,0,0,0,6.47524E+20,5.47759E+21,1.10347E+16,4.94331E+16
131523,131524,9,2,61,0,2016,1,22,5,3,6,4,2,1,0,1,1,0,0,0,7.31711E+20,5.38003E+21,1.21387E+16,4.85306E+16
131524,131525,9,5,74,129,2016,1,6,6,3,9,1,2,2,0,1,0,0,0,0,6.82754E+20,5.49647E+21,1.15289E+16,4.95931E+16
131525,131526,9,3,62,0,2016,1,11,4,3,5,2,0,1,1,1,0,0,0,0,7.27653E+20,5.4352E+21,1.21144E+16,4.90276E+16
131526,131527,9,7,64,0,2016,1,7,3,3,5,3,1,2,0,1,0,0,0,0,5.86937E+20,5.31536E+21,1.01651E+16,4.79856E+16
131527,131528,9,5,74,123,2016,1,14,6,3,6,7,0,1,0,1,1,0,0,0,6.60336E+20,5.47195E+21,1.1209E+16,4.93791E+16
131528,131529,9,1,82,129,2016,1,5,7,3,0,7,2,2,0,0,0,0,0,1,7.07868E+20,5.28538E+21,1.17701E+16,4.76883E+16
131529,131530,9,3,74,147,2016,1,14,4,3,5,3,0,1,0,1,0,0,0,0,7.46348E+20,5.50494E+21,1.24128E+16,4.96467E+16
131530,131531,9,1,79,145,2016,1,15,2,3,0,3,0,2,1,0,0,0,0,0,6.7515E+20,5.33903E+21,1.13563E+16,4.81804E+16
131531,131532,9,4,77,128,2016,1,9,1,3,9,1,0,2,0,1,0,0,0,0,6.72909E+20,5.55317E+21,1.14181E+16,5.01056E+16
131532,131533,9,5,64,0,2016,1,10,2,3,5,3,0,0,0,1,0,0,0,0,6.52116E+20,5.48077E+21,1.10992E+16,4.94605E+16
131533,131534,9,5,64,0,2016,1,13,6,3,6,4,0,1,0,0,1,0,0,1,6.51456E+20,5.47871E+21,1.10893E+16,4.94422E+16
131534,131535,9,1,90,139,2016,1,14,4,2,0,1,0,2,1,0,0,0,0,0,6.54401E+20,5.29511E+21,1.10616E+16,4.77909E+16
131535,131536,9,7,62,0,2016,1,17,3,3,6,4,2,1,0,1,1,0,0,0,6.20631E+20,5.30481E+21,1.06136E+16,4.78853E+16
131536,131537,9,1,62,0,2016,1,15,5,3,5,3,0,0,1,1,0,0,0,0,6.90954E+20,5.3343E+21,1.15666E+16,4.81333E+16
131537,131538,9,1,74,115,2016,1,14,7,3,5,3,0,1,1,1,0,0,0,0,6.80777E+20,5.34863E+21,1.1436E+16,4.82651E+16
131538,131539,9,7,72,163,2016,1,21,7,3,5,3,2,2,0,1,0,0,0,0,6.39278E+20,5.34842E+21,1.08771E+16,4.82736E+16
131539,131540,9,1,86,143,2016,1,14,3,3,6,2,0,0,0,1,1,0,0,0,6.85542E+20,5.37781E+21,1.15131E+16,4.85259E+16
131540,131541,9,1,77,117,2016,1,22,7,2,9,1,2,2,0,1,0,0,0,0,7.15262E+20,5.3506E+21,1.19011E+16,4.8272E+16
131541,131542,9,3,75,170,2016,1,6,3,2,1,5,1,0,0,0,0,0,1,0,7.37324E+20,5.42703E+21,1.22417E+16,4.89506E+16
131542,131543,9,7,80,133,2016,1,14,2,3,4,1,0,2,1,1,0,0,0,0,5.96628E+20,5.25132E+21,1.02808E+16,4.74082E+16
131543,131544,9,3,76,170,2016,1,17,1,3,5,3,2,2,0,1,0,0,0,0,7.27288E+20,5.45916E+21,1.21229E+16,4.9243E+16
131544,131545,9,5,64,0,2016,1,14,2,3,5,3,0,0,0,1,0,0,0,0,6.48066E+20,5.48416E+21,1.10446E+16,4.9492E+16
131545,131546,9,5,64,0,2016,1,15,6,3,1,5,0,2,1,1,0,0,0,0,6.49593E+20,5.48385E+21,1.10656E+16,4.94888E+16
131546,131547,9,1,87,134,2016,1,11,4,2,1,6,0,1,0,1,0,0,1,0,7.38522E+20,5.31929E+21,1.21966E+16,4.79824E+16
131547,131548,9,6,77,126,2016,1,13,3,2,0,1,0,2,0,0,0,1,0,0,5.37624E+20,5.52366E+21,9.52352E+15,4.98642E+16
131548,131549,9,7,75,135,2016,1,14,5,1,5,3,0,0,1,1,0,0,0,0,5.74261E+20,5.36001E+21,1.00031E+16,4.83889E+16
131549,131550,9,1,62,0,2016,1,11,6,3,0,4,0,1,0,0,1,0,0,1,6.96879E+20,5.32961E+21,1.1644E+16,4.80893E+16
131550,131551,9,7,74,135,2016,1,10,5,3,2,6,0,0,0,1,0,0,0,0,5.9524E+20,5.36745E+21,1.02881E+16,4.8453E+16
131551,131552,9,7,61,0,2016,1,6,7,3,0,1,2,2,1,0,0,0,0,0,6.4281E+20,5.36006E+21,1.09286E+16,4.83776E+16
131552,131553,9,1,62,0,2016,1,7,2,2,6,4,0,1,0,0,1,0,0,1,6.90844E+20,5.3348E+21,1.15653E+16,4.81378E+16
131553,131554,9,2,62,0,2016,1,2,1,3,1,6,2,2,0,1,1,0,0,0,8.28061E+20,5.38871E+21,1.34472E+16,4.85655E+16
131554,131555,9,1,62,0,2016,1,6,6,3,2,6,2,2,0,1,0,0,0,0,6.84025E+20,5.33754E+21,1.14749E+16,4.81645E+16
131555,131556,9,7,63,0,2016,1,12,4,3,6,3,0,0,0,1,1,0,0,0,5.98599E+20,5.28592E+21,1.03147E+16,4.77191E+16
131556,131557,9,5,63,0,2016,1,13,6,3,6,4,0,1,0,1,1,0,0,0,6.44554E+20,5.48079E+21,1.09949E+16,4.94626E+16
131557,131558,9,2,77,116,2016,1,7,1,2,8,1,1,2,0,1,0,0,1,0,7.75818E+20,5.36877E+21,1.27276E+16,4.84116E+16
131558,131559,9,1,62,0,2016,1,8,4,3,0,7,0,2,1,0,1,0,0,0,6.92188E+20,5.33557E+21,1.15837E+16,4.81443E+16
131559,131560,9,5,77,177,2016,1,17,6,2,0,1,2,2,0,1,0,0,0,0,6.44837E+20,5.43118E+21,1.09809E+16,4.90165E+16
131560,131561,9,1,62,0,2016,1,14,3,3,2,6,0,1,0,1,0,1,0,0,6.90205E+20,5.33546E+21,1.1557E+16,4.81439E+16
131561,131562,9,7,72,184,2016,1,15,5,3,5,3,0,0,0,1,0,1,0,0,6.35109E+20,5.35973E+21,1.08246E+16,4.83763E+16
131562,131563,9,1,62,0,2016,1,8,6,3,2,6,0,2,0,1,0,0,0,0,6.94197E+20,5.33348E+21,1.16097E+16,4.81249E+16
131563,131564,9,7,61,0,2016,1,12,5,3,1,6,0,0,0,1,0,0,0,0,6.39162E+20,5.35902E+21,1.0879E+16,4.8369E+16
131564,131565,9,6,79,142,2016,1,19,7,3,6,2,2,1,0,1,1,0,0,0,5.64348E+20,5.52515E+21,9.89556E+15,4.98753E+16
131565,131566,9,4,75,162,2016,1,11,6,3,5,3,0,1,0,1,0,0,0,0,7.1641E+20,5.57068E+21,1.20356E+16,5.02486E+16
131566,131567,9,1,62,0,2016,1,12,6,2,5,3,0,1,1,0,0,0,1,0,6.97513E+20,5.33051E+21,1.16529E+16,4.80972E+16
131567,131568,9,7,61,0,2016,1,7,4,3,6,2,1,1,0,1,1,0,0,0,6.40431E+20,5.35963E+21,1.08964E+16,4.83742E+16
131568,131569,9,4,64,0,2016,1,12,6,3,5,3,0,1,0,1,0,0,0,0,7.09156E+20,5.57864E+21,1.19384E+16,5.03227E+16
131569,131570,9,1,79,126,2016,1,6,2,2,5,7,1,2,1,1,0,0,0,0,6.7687E+20,5.34026E+21,1.13799E+16,4.81909E+16
131570,131571,9,7,61,0,2016,1,16,5,3,4,2,0,0,0,1,0,0,0,0,6.40596E+20,5.35398E+21,1.08967E+16,4.83234E+16
131571,131572,9,7,61,0,2016,1,11,2,3,0,1,0,1,0,0,0,1,0,0,6.40108E+20,5.35907E+21,1.08918E+16,4.83693E+16
131572,131573,9,1,78,124,2016,1,6,2,3,4,2,2,2,0,1,0,0,0,0,7.04446E+20,5.35947E+21,1.17599E+16,4.83553E+16
131573,131574,9,7,71,113,2016,1,12,5,3,0,7,0,0,1,0,0,0,0,0,6.57038E+20,5.36992E+21,1.11243E+16,4.84628E+16
131574,131575,9,6,63,0,2016,1,8,5,3,1,6,0,1,0,1,0,1,0,0,5.66567E+20,5.51545E+21,9.92478E+15,4.97879E+16
131575,131576,9,7,71,112,2016,1,17,2,3,3,2,2,2,1,1,0,0,0,0,6.45347E+20,5.36814E+21,1.09656E+16,4.84496E+16
131576,131577,9,6,62,0,2016,1,18,7,3,4,6,2,2,0,1,0,0,0,0,5.87004E+20,5.54579E+21,1.02155E+16,5.0058E+16
131577,131578,9,4,74,134,2016,1,18,6,3,4,2,2,1,1,1,0,0,0,0,6.46843E+20,5.50628E+21,1.1036E+16,4.96911E+16
131578,131579,9,1,84,136,2016,1,7,3,3,5,3,2,2,1,0,0,0,0,1,6.99395E+20,5.32685E+21,1.16764E+16,4.80637E+16
131579,131580,9,1,62,0,2016,1,15,6,3,0,6,0,2,1,1,0,0,0,0,6.99189E+20,5.32904E+21,1.16747E+16,4.80835E+16
131580,131581,9,3,62,0,2016,1,0,4,3,0,6,2,1,0,1,0,1,0,0,7.25001E+20,5.43433E+21,1.20777E+16,4.90208E+16
131581,131582,9,1,62,0,2016,1,11,1,3,6,2,0,1,0,0,1,0,0,1,6.90145E+20,5.33475E+21,1.15559E+16,4.81376E+16
131582,131583,9,5,64,0,2016,1,8,3,3,2,6,1,2,0,1,0,0,0,1,6.49278E+20,5.47466E+21,1.10578E+16,4.94063E+16
131583,131584,9,7,72,163,2016,1,13,2,3,6,2,0,1,0,1,1,0,0,0,6.40387E+20,5.34814E+21,1.08919E+16,4.82709E+16
131584,131585,9,1,90,157,2016,1,15,1,3,5,7,0,1,1,1,0,0,0,0,6.60994E+20,5.30094E+21,1.11517E+16,4.78416E+16
131585,131586,9,4,64,0,2016,1,11,2,3,9,1,0,2,0,1,0,0,0,0,7.07848E+20,5.57861E+21,1.192E+16,5.03229E+16
131586,131587,9,3,63,0,2016,1,18,6,3,5,3,2,2,0,1,0,0,0,0,7.27121E+20,5.50826E+21,1.21488E+16,4.9684E+16
131587,131588,9,1,71,112,2016,1,12,4,2,5,2,0,0,1,1,0,0,0,0,7.83974E+20,5.34132E+21,1.28191E+16,4.81616E+16
131588,131589,9,4,78,111,2016,1,15,2,2,1,5,0,0,0,1,0,0,0,0,6.6242E+20,5.55371E+21,1.12718E+16,5.01134E+16
131589,131590,9,1,76,139,2016,1,18,5,3,4,2,2,0,0,1,0,0,0,0,6.83391E+20,5.40939E+21,1.14979E+16,4.88105E+16
131590,131591,9,3,74,162,2016,1,18,6,3,9,1,2,2,0,1,0,0,0,0,7.39122E+20,5.50106E+21,1.23105E+16,4.96148E+16
131591,131592,9,2,62,0,2016,1,8,4,3,4,6,0,0,0,1,0,0,0,1,8.30373E+20,5.39215E+21,1.34812E+16,4.85952E+16
131592,131593,9,7,63,0,2016,1,19,3,3,9,1,2,1,0,1,0,0,0,0,5.99719E+20,5.28685E+21,1.03298E+16,4.77273E+16
131593,131594,9,6,74,129,2016,1,7,5,2,6,4,2,1,0,1,1,0,0,0,6.19647E+20,5.53822E+21,1.0669E+16,4.99843E+16
131594,131595,9,1,62,0,2016,1,8,6,3,0,7,0,2,1,1,0,0,0,0,6.88684E+20,5.32809E+21,1.15333E+16,4.80781E+16
131595,131596,9,2,77,127,2016,1,11,3,3,5,3,0,0,0,1,0,0,0,0,7.93932E+20,5.35145E+21,1.29597E+16,4.82481E+16
131596,131597,9,1,90,130,2016,1,13,1,3,4,6,0,2,0,1,0,0,0,0,6.49291E+20,5.29609E+21,1.09937E+16,4.78009E+16
131597,131598,9,3,74,144,2016,1,6,2,2,5,3,2,2,0,1,0,1,0,0,7.21399E+20,5.51288E+21,1.20722E+16,4.97277E+16
131598,131599,9,3,75,174,2016,1,6,6,3,5,3,2,1,0,1,0,0,0,0,7.33986E+20,5.43095E+21,1.21984E+16,4.8987E+16
131599,131600,9,1,82,116,2016,1,12,4,3,4,1,0,2,0,1,0,0,0,1,7.0686E+20,5.29425E+21,1.17609E+16,4.77684E+16
131600,131601,9,5,64,0,2016,1,18,3,3,6,7,2,0,0,1,1,0,0,0,6.51005E+20,5.47852E+21,1.1083E+16,4.94406E+16
131601,131602,9,6,62,0,2016,1,6,5,3,5,3,1,2,0,1,0,0,1,0,5.87388E+20,5.54207E+21,1.022E+16,5.00245E+16
131602,131603,9,1,62,0,2016,1,9,6,3,1,6,0,1,0,1,0,0,0,0,6.87864E+20,5.33813E+21,1.15268E+16,4.81687E+16
131603,131604,9,6,76,122,2016,1,7,5,3,6,4,2,1,0,1,1,0,0,0,5.11994E+20,5.51772E+21,9.16671E+15,4.98118E+16
131604,131605,9,6,62,0,2016,1,0,7,3,5,3,2,1,0,1,0,0,0,1,5.87465E+20,5.54374E+21,1.02215E+16,5.00396E+16
131605,131606,9,7,72,163,2016,1,8,3,3,5,3,0,1,0,1,0,0,0,0,6.39289E+20,5.34877E+21,1.08774E+16,4.82768E+16
131606,131607,9,5,62,0,2016,1,5,5,3,9,1,2,2,0,1,0,0,0,0,6.44482E+20,5.49305E+21,1.09984E+16,4.95728E+16
131607,131608,9,1,62,0,2016,1,8,6,3,5,2,1,1,1,1,0,0,0,0,6.88713E+20,5.33627E+21,1.15374E+16,4.81517E+16
131608,131609,9,5,63,0,2016,1,12,7,3,9,6,0,1,0,1,0,0,1,0,6.42668E+20,5.48043E+21,1.09688E+16,4.94597E+16
131609,131610,9,1,75,135,2016,1,15,3,3,5,2,0,0,0,1,0,0,0,0,7.07481E+20,5.33933E+21,1.17909E+16,4.81733E+16
131610,131611,9,1,61,0,2016,1,6,1,3,8,1,2,2,0,1,0,0,0,0,6.79252E+20,5.4042E+21,1.14394E+16,4.8765E+16
131611,131612,9,1,62,0,2016,1,7,4,2,6,2,0,1,0,1,1,0,0,0,6.86227E+20,5.33485E+21,1.15033E+16,4.81397E+16
131612,131613,9,3,62,0,2016,1,0,6,3,0,7,2,0,1,1,0,0,0,0,7.26364E+20,5.43526E+21,1.20968E+16,4.90287E+16
131613,131614,9,1,62,0,2016,1,17,3,3,6,4,2,2,0,1,1,0,0,0,6.92189E+20,5.34164E+21,1.15865E+16,4.81989E+16
131614,131615,9,1,62,0,2016,1,9,1,3,5,3,0,1,0,1,0,0,0,1,6.88304E+20,5.33397E+21,1.15308E+16,4.81311E+16
131615,131616,9,5,62,0,2016,1,9,5,3,1,5,0,1,0,1,0,0,0,0,6.46247E+20,5.49369E+21,1.10231E+16,4.95781E+16
131616,131617,9,1,62,0,2016,1,15,6,3,0,7,0,2,1,0,0,0,0,0,7.01708E+20,5.33137E+21,1.17096E+16,4.81036E+16
131617,131618,9,5,74,132,2016,1,14,5,3,5,2,0,0,1,1,0,0,0,0,6.76359E+20,5.48732E+21,1.14364E+16,4.95128E+16
131618,131619,9,6,63,0,2016,1,21,2,2,5,3,2,1,0,1,0,0,0,0,5.68615E+20,5.51586E+21,9.9533E+15,4.97913E+16
131619,131620,9,5,64,0,2016,1,14,7,3,6,4,0,1,0,1,1,0,0,0,6.49845E+20,5.47825E+21,1.1067E+16,4.94385E+16
131620,131621,9,3,73,143,2016,1,10,6,3,8,1,0,2,0,1,0,0,0,0,7.00182E+20,5.44986E+21,1.17463E+16,4.91689E+16
131621,131622,9,1,62,0,2016,1,23,2,2,0,1,2,2,1,0,0,0,0,0,6.96986E+20,5.3316E+21,1.16463E+16,4.81072E+16
131622,131623,9,1,88,118,2016,1,14,1,3,1,6,0,2,0,1,0,0,0,0,6.71089E+20,5.31301E+21,1.12913E+16,4.79475E+16
131623,131624,9,1,62,0,2016,1,10,6,2,2,6,0,1,0,1,0,0,0,0,6.95937E+20,5.33479E+21,1.16337E+16,4.81362E+16
131624,131625,9,7,73,136,2016,1,6,4,3,8,1,2,0,0,1,0,0,0,0,6.00621E+20,5.37759E+21,1.03633E+16,4.85434E+16
131625,131626,9,3,73,147,2016,1,13,6,3,2,6,0,0,0,1,0,0,0,0,6.78451E+20,5.46149E+21,1.14537E+16,4.92801E+16
131626,131627,9,1,84,123,2016,1,10,1,3,0,7,0,1,0,1,0,0,0,1,7.02245E+20,5.33207E+21,1.17171E+16,4.81098E+16
131627,131628,9,5,74,112,2016,1,9,5,3,1,5,0,0,0,1,0,0,0,0,6.70255E+20,5.47321E+21,1.13461E+16,4.93877E+16
131628,131629,9,6,63,0,2016,1,13,2,3,4,2,0,1,0,1,0,0,0,0,5.69539E+20,5.50935E+21,9.96497E+15,4.97326E+16
131629,131630,9,5,71,175,2016,1,16,7,3,0,7,0,2,1,0,0,0,0,0,6.23287E+20,5.45997E+21,1.06951E+16,4.928E+16
131630,131631,9,3,73,155,2016,1,19,2,3,6,2,2,1,0,1,1,0,0,0,6.71006E+20,5.46454E+21,1.13527E+16,4.93096E+16
131631,131632,9,2,61,0,2016,1,10,5,3,5,3,0,1,1,1,0,0,0,0,7.31988E+20,5.37979E+21,1.21424E+16,4.85283E+16
131632,131633,9,2,76,117,2016,1,11,6,3,9,1,0,2,0,1,0,0,0,0,7.99255E+20,5.44291E+21,1.30973E+16,4.90662E+16
131633,131634,9,1,62,0,2016,1,14,3,3,6,4,0,1,0,1,1,0,0,0,6.88114E+20,5.33236E+21,1.15276E+16,4.81167E+16
131634,131635,9,1,62,0,2016,1,7,6,3,2,6,0,2,0,1,0,0,0,1,6.89009E+20,5.33214E+21,1.15395E+16,4.81144E+16
131635,131636,9,1,62,0,2016,1,8,6,3,0,1,0,2,0,0,0,1,0,0,6.90358E+20,5.33393E+21,1.15584E+16,4.81301E+16
131636,131637,9,5,64,0,2016,1,7,4,3,2,6,0,0,0,1,0,0,0,0,6.52036E+20,5.47903E+21,1.10974E+16,4.94449E+16
131637,131638,9,1,62,0,2016,1,9,1,3,6,2,0,2,0,0,1,0,0,1,6.86247E+20,5.33028E+21,1.15016E+16,4.80986E+16
131638,131639,9,3,61,0,2016,1,11,2,3,2,7,0,0,0,1,0,0,0,0,7.09009E+20,5.47926E+21,1.18826E+16,4.943E+16
131639,131640,9,1,62,0,2016,1,18,4,3,5,3,2,1,0,1,0,0,0,0,7.0121E+20,5.33467E+21,1.17044E+16,4.81335E+16
131640,131641,9,2,78,197,2016,1,11,6,3,8,6,0,2,0,1,0,0,0,0,7.58982E+20,5.44168E+21,1.25463E+16,4.90735E+16
131641,131642,9,2,73,152,2016,1,22,4,3,9,1,2,0,0,1,0,0,0,0,7.02932E+20,5.40874E+21,1.17635E+16,4.87985E+16
131642,131643,9,7,77,124,2016,1,19,3,2,8,1,2,2,0,1,0,0,0,0,6.124E+20,5.30915E+21,1.05046E+16,4.79258E+16
131643,131644,9,5,63,0,2016,1,6,5,3,4,1,2,1,0,1,0,0,0,1,6.40333E+20,5.48569E+21,1.09385E+16,4.95076E+16
131644,131645,9,7,75,152,2016,1,6,6,2,2,2,2,1,1,1,0,0,0,0,5.77929E+20,5.35355E+21,1.00514E+16,4.83303E+16
131645,131646,9,1,71,111,2016,1,11,3,2,6,4,0,0,0,0,1,0,0,1,7.72727E+20,5.34846E+21,1.26728E+16,4.82307E+16
131646,131647,9,1,79,121,2016,1,18,1,3,5,2,2,2,0,1,0,0,0,0,6.66746E+20,5.3392E+21,1.12434E+16,4.81841E+16
131647,131648,9,3,74,166,2016,1,13,3,3,8,6,0,2,0,1,0,0,0,0,7.19436E+20,5.50236E+21,1.20391E+16,4.96338E+16
131648,131649,9,1,74,126,2016,1,16,1,3,4,6,1,2,0,1,0,0,0,0,6.82632E+20,5.34521E+21,1.14595E+16,4.82338E+16
131649,131650,9,2,79,124,2016,1,7,2,3,0,7,0,0,0,0,0,1,0,0,7.53207E+20,5.39217E+21,1.24368E+16,4.86313E+16
131650,131651,9,2,62,0,2016,1,14,6,3,4,6,0,1,0,1,0,0,0,0,8.25729E+20,5.3883E+21,1.34154E+16,4.8563E+16
131651,131652,9,1,71,125,2016,1,13,4,3,1,6,0,0,0,1,0,0,0,0,7.73887E+20,5.34958E+21,1.26891E+16,4.82402E+16
131652,131653,9,7,61,0,2016,1,14,3,3,3,6,0,1,0,1,0,0,0,0,6.39854E+20,5.35926E+21,1.08885E+16,4.8371E+16
131653,131654,9,5,63,0,2016,1,19,5,3,0,3,2,0,0,1,0,0,0,1,6.44307E+20,5.48181E+21,1.09919E+16,4.94718E+16
131654,131655,9,7,75,135,2016,1,15,6,3,2,6,0,2,0,1,0,0,0,0,5.7617E+20,5.361E+21,1.0029E+16,4.83976E+16
131655,131656,9,5,63,0,2016,1,7,5,3,2,6,1,1,0,1,0,0,0,0,6.41114E+20,5.48192E+21,1.09479E+16,4.94735E+16
131656,131657,9,5,71,171,2016,1,10,7,3,1,7,0,0,0,1,0,0,0,0,6.09624E+20,5.46699E+21,1.05093E+16,4.93458E+16
131657,131658,9,1,62,0,2016,1,13,2,3,3,2,0,2,1,1,0,0,0,0,6.95298E+20,5.33299E+21,1.16243E+16,4.81202E+16
131658,131659,9,1,74,131,2016,1,12,1,3,5,3,0,1,0,1,0,0,0,0,6.76398E+20,5.35753E+21,1.13808E+16,4.83463E+16
131659,131660,9,7,75,135,2016,1,14,6,3,2,6,0,2,0,1,0,0,0,0,5.75386E+20,5.36077E+21,1.00184E+16,4.83956E+16
131660,131661,9,7,75,135,2016,1,16,4,3,5,2,0,1,0,1,0,0,0,0,5.76082E+20,5.35972E+21,1.00276E+16,4.83861E+16
131661,131662,9,2,79,122,2016,1,13,6,2,6,4,0,1,0,1,1,0,0,0,7.71636E+20,5.39832E+21,1.26904E+16,4.86787E+16
131662,131663,9,7,75,135,2016,1,16,1,3,9,1,1,1,0,1,0,0,0,0,5.73459E+20,5.35977E+21,9.99221E+15,4.83868E+16
131663,131664,9,5,63,0,2016,1,15,5,3,5,3,0,0,0,1,0,0,0,0,6.45058E+20,5.47978E+21,1.10015E+16,4.94533E+16
131664,131665,9,7,78,158,2016,1,17,6,2,8,1,1,2,0,1,0,0,0,0,6.09631E+20,5.34045E+21,1.04756E+16,4.82078E+16
131665,131666,9,1,84,122,2016,1,16,4,2,3,6,0,2,1,1,0,0,0,0,6.89031E+20,5.32406E+21,1.15362E+16,4.80418E+16
131666,131667,9,1,72,134,2016,1,4,6,3,9,1,2,2,0,1,0,0,0,0,7.88515E+20,5.30908E+21,1.28583E+16,4.78701E+16
131667,131668,9,1,62,0,2016,1,16,3,3,6,7,1,2,0,1,1,0,0,0,6.85181E+20,5.33491E+21,1.14893E+16,4.81404E+16