FID,OBJECTID,ULAND,UREGBEZ,UKREIS,UGEMEINDE,UJAHR,UMONAT,USTUNDE,UWOCHENTAG,UKATEGORIE,UART,UTYP1,ULICHTVERH,IstStrasse,IstRad,IstPKW,IstFuss,IstKrad,IstGkfz,IstSonstig,LINREFX,LINREFY,XGCSWGS84,YGCSWGS84
131845,131846,9,5,64,0,2016,1,13,3,3,0,3,0,1,0,1,0,0,0,1,6.5204E+20,5.47913E+21,1.10975E+16,4.94458E+16
131846,131847,9,1,90,139,2016,1,6,6,2,5,3,2,1,1,1,0,0,0,0,6.54179E+20,5.29485E+21,1.10585E+16,4.77886E+16
131847,131848,9,2,72,138,2016,1,13,4,3,8,1,0,1,0,1,0,0,0,0,8.26143E+20,5.41298E+21,1.34404E+16,4.87842E+16
131848,131849,9,5,64,0,2016,1,6,3,3,5,3,2,2,1,1,0,0,0,0,6.57105E+20,5.47546E+21,1.11659E+16,4.94115E+16
131849,131850,9,1,76,126,2016,1,15,2,3,6,7,0,1,1,0,1,0,0,0,6.74554E+20,5.40858E+21,1.13773E+16,4.88057E+16
131850,131851,9,1,89,157,2016,1,21,6,2,6,4,2,0,0,1,1,0,0,0,7.65038E+20,5.32533E+21,1.2555E+16,4.80262E+16
131851,131852,9,4,77,156,2016,1,10,4,2,9,7,0,0,0,1,0,0,0,0,6.78667E+20,5.56498E+21,1.15041E+16,5.021E+16
131852,131853,9,1,62,0,2016,1,15,3,2,5,2,0,0,1,1,0,0,0,0,6.96993E+20,5.3318E+21,1.16465E+16,4.8109E+16
131853,131854,9,1,84,146,2016,1,19,6,3,0,7,2,2,0,1,0,1,0,0,6.95451E+20,5.32895E+21,1.16245E+16,4.80838E+16
131854,131855,9,1,87,120,2016,1,3,1,3,9,1,2,2,0,1,0,0,0,0,7.3127E+20,5.28896E+21,1.20834E+16,4.77126E+16
131855,131856,9,6,76,144,2016,1,5,2,2,5,3,2,0,1,1,0,0,0,0,5.09945E+20,5.52909E+21,9.13851E+15,4.99141E+16
131856,131857,9,1,62,0,2016,1,8,2,3,5,2,0,0,1,1,0,0,0,0,6.89309E+20,5.33301E+21,1.15439E+16,4.81221E+16
131857,131858,9,5,64,0,2016,1,15,3,3,2,6,0,0,0,1,0,0,0,0,6.52042E+20,5.479E+21,1.10975E+16,4.94446E+16
131858,131859,9,1,61,0,2016,1,8,6,3,5,3,0,0,1,1,0,0,0,0,6.76994E+20,5.40436E+21,1.14087E+16,4.8767E+16
131859,131860,9,7,74,144,2016,1,5,4,3,5,2,2,1,1,1,0,0,0,0,6.06182E+20,5.36271E+21,1.04348E+16,4.84086E+16
131860,131861,9,1,86,137,2016,1,8,4,3,0,1,0,2,1,0,0,0,0,0,6.85161E+20,5.4003E+21,1.15179E+16,4.87282E+16
131861,131862,9,1,62,0,2016,1,12,3,3,1,6,0,0,0,0,0,0,0,1,6.8894E+20,5.33241E+21,1.15387E+16,4.81169E+16
131862,131863,9,1,62,0,2016,1,13,6,3,6,2,0,0,0,1,1,0,0,0,6.82868E+20,5.33586E+21,1.14587E+16,4.81496E+16
131863,131864,9,2,73,152,2016,1,5,1,3,9,1,2,2,0,1,0,0,0,0,6.99023E+20,5.4105E+21,1.17112E+16,4.88156E+16
131864,131865,9,1,62,0,2016,1,14,6,3,4,2,0,0,0,1,0,0,0,0,6.91199E+20,5.34051E+21,1.15727E+16,4.8189E+16
131865,131866,9,3,73,147,2016,1,17,3,3,5,2,2,1,0,1,0,0,0,0,6.80029E+20,5.45978E+21,1.14746E+16,4.92643E+16
131866,131867,9,1,62,0,2016,1,18,3,3,4,7,2,0,0,1,0,0,0,0,6.86254E+20,5.33137E+21,1.15022E+16,4.81083E+16
131867,131868,9,1,62,0,2016,1,21,6,3,0,2,2,1,0,1,0,0,0,0,6.93686E+20,5.34033E+21,1.1606E+16,4.81866E+16
131868,131869,9,1,77,116,2016,1,5,1,3,8,1,2,2,0,1,0,0,0,0,7.12133E+20,5.36503E+21,1.18663E+16,4.84027E+16
131869,131870,9,2,63,0,2016,1,17,3,3,2,2,2,1,0,1,0,0,0,0,7.6201E+20,5.42024E+21,1.25739E+16,4.88796E+16
131870,131871,9,4,73,151,2016,1,14,2,3,0,1,0,1,1,0,0,0,0,0,6.50825E+20,5.57776E+21,1.11193E+16,5.03326E+16
131871,131872,9,1,62,0,2016,1,12,2,3,0,7,0,2,1,0,0,0,0,0,6.9197E+20,5.33079E+21,1.15786E+16,4.81014E+16
131872,131873,9,1,61,0,2016,1,11,6,3,0,7,0,2,1,0,0,0,0,1,6.78355E+20,5.40423E+21,1.14272E+16,4.87655E+16
131873,131874,9,7,73,183,2016,1,7,4,3,0,1,0,1,0,0,0,1,0,0,6.0451E+20,5.38397E+21,1.04176E+16,4.86001E+16
131874,131875,9,1,77,117,2016,1,9,4,3,6,4,0,0,0,1,1,0,0,0,7.14867E+20,5.35323E+21,1.18972E+16,4.82958E+16
131875,131876,9,4,64,0,2016,1,13,5,3,2,6,0,1,0,1,0,0,0,0,7.09321E+20,5.57875E+21,1.19408E+16,5.03236E+16
131876,131877,9,1,62,0,2016,1,7,6,3,5,3,1,1,1,1,0,0,0,0,6.93909E+20,5.33568E+21,1.16069E+16,4.81448E+16
131877,131878,9,1,62,0,2016,1,8,7,3,0,7,0,2,1,0,0,0,0,0,6.88001E+20,5.33236E+21,1.15261E+16,4.81168E+16
131878,131879,9,1,62,0,2016,1,17,6,3,5,3,2,1,1,1,0,0,0,0,6.91764E+20,5.33809E+21,1.15791E+16,4.81671E+16
131879,131880,9,7,61,0,2016,1,16,3,3,2,6,0,1,0,1,0,0,0,0,6.40071E+20,5.35904E+21,1.08913E+16,4.8369E+16
131880,131881,9,2,71,125,2016,1,15,3,3,5,3,0,0,1,1,0,0,0,0,7.97281E+20,5.40968E+21,1.30462E+16,4.8769E+16
131881,131882,9,1,81,128,2016,1,19,6,3,0,1,2,2,1,0,0,0,0,0,6.38578E+20,5.32711E+21,1.08607E+16,4.80822E+16
131882,131883,9,3,72,137,2016,1,10,2,3,9,1,0,1,0,1,0,0,0,0,7.79281E+20,5.45757E+21,1.28347E+16,4.92072E+16
131883,131884,9,1,62,0,2016,1,18,2,3,2,6,2,0,0,1,0,0,0,0,6.89645E+20,5.33603E+21,1.15498E+16,4.81492E+16
131884,131885,9,1,62,0,2016,1,18,7,3,0,7,2,1,0,1,0,0,0,1,6.92391E+20,5.33487E+21,1.15861E+16,4.81379E+16
131885,131886,9,1,88,120,2016,1,13,6,3,5,3,0,1,1,1,0,0,0,0,6.76659E+20,5.32726E+21,1.13717E+16,4.80741E+16
131886,131887,9,5,62,0,2016,1,16,4,3,5,3,0,0,1,1,0,0,0,0,6.45546E+20,5.49633E+21,1.10143E+16,4.9602E+16
131887,131888,9,4,79,136,2016,1,9,5,3,5,3,0,1,0,1,0,0,0,0,7.20244E+20,5.54311E+21,1.20734E+16,4.99996E+16
131888,131889,9,1,62,0,2016,1,16,6,3,3,6,1,1,1,0,0,0,0,0,6.91856E+20,5.33579E+21,1.15793E+16,4.81464E+16
131889,131890,9,6,71,122,2016,1,16,3,3,5,3,0,0,0,1,0,0,0,0,5.05719E+20,5.52969E+21,9.07967E+15,4.99196E+16
131890,131891,9,2,74,119,2016,1,16,3,3,0,1,0,1,1,1,0,0,0,0,7.42229E+20,5.40095E+21,1.22932E+16,4.87144E+16
131891,131892,9,5,64,0,2016,1,12,3,3,2,6,0,0,0,1,0,0,0,0,6.49124E+20,5.48003E+21,1.10577E+16,4.94546E+16
131892,131893,9,1,86,143,2016,1,9,2,2,5,3,0,0,1,1,0,0,0,0,6.85313E+20,5.37835E+21,1.15102E+16,4.85309E+16
131893,131894,9,1,78,124,2016,1,13,6,3,5,3,0,1,0,1,0,0,0,0,7.04493E+20,5.35912E+21,1.17603E+16,4.83521E+16
131894,131895,9,1,62,0,2016,1,8,3,3,0,1,0,1,1,0,0,0,0,0,6.87611E+20,5.34439E+21,1.15261E+16,4.8225E+16
131895,131896,9,1,62,0,2016,1,16,7,2,4,2,0,1,1,1,0,0,0,0,6.90353E+20,5.33454E+21,1.15586E+16,4.81356E+16
131896,131897,9,1,62,0,2016,1,14,7,3,1,5,0,0,0,1,0,0,0,0,6.96472E+20,5.33596E+21,1.16414E+16,4.81466E+16
131897,131898,9,4,64,0,2016,1,5,5,3,9,1,2,2,0,1,0,0,0,0,7.07354E+20,5.57706E+21,1.19122E+16,5.03091E+16
131898,131899,9,1,62,0,2016,1,10,2,3,6,7,0,1,0,0,1,0,1,0,6.90852E+20,5.33659E+21,1.15662E+16,4.81539E+16
131899,131900,9,5,75,161,2016,1,8,3,3,8,1,0,1,0,1,0,0,0,0,6.04576E+20,5.50381E+21,1.04495E+16,4.96777E+16
131900,131901,9,1,79,142,2016,1,12,2,3,5,2,0,0,1,1,0,0,0,0,6.74305E+20,5.34297E+21,1.13466E+16,4.8216E+16
131901,131902,9,1,77,139,2016,1,14,6,2,6,4,0,1,0,1,1,0,0,0,7.34993E+20,5.36011E+21,1.2172E+16,4.83504E+16
131902,131903,9,4,61,0,2016,1,7,4,3,5,3,1,1,1,1,0,0,0,0,6.3583E+20,5.52608E+21,1.08903E+16,4.98717E+16
131903,131904,9,1,62,0,2016,1,17,3,2,6,2,2,0,0,1,1,0,0,0,6.91129E+20,5.33478E+21,1.15691E+16,4.81375E+16
131904,131905,9,1,62,0,2016,1,19,6,3,6,4,2,0,0,1,1,0,0,0,6.90963E+20,5.33433E+21,1.15667E+16,4.81335E+16
131905,131906,9,1,62,0,2016,1,17,7,3,6,2,2,1,0,1,1,0,0,0,6.90695E+20,5.34029E+21,1.15658E+16,4.81872E+16
131906,131907,9,5,63,0,2016,1,7,2,3,5,3,0,1,0,1,0,0,0,0,6.44885E+20,5.4801E+21,1.09993E+16,4.94563E+16
131907,131908,9,1,62,0,2016,1,18,2,3,9,3,2,1,0,1,0,0,0,0,6.90447E+20,5.34024E+21,1.15624E+16,4.81868E+16
131908,131909,9,7,61,0,2016,1,7,2,3,5,2,0,0,0,1,1,0,0,0,6.41659E+20,5.35901E+21,1.09127E+16,4.83684E+16
131909,131910,9,1,62,0,2016,1,18,2,3,2,6,2,1,0,1,0,0,0,0,6.86006E+20,5.34046E+21,1.15028E+16,4.81901E+16
131910,131911,9,5,71,115,2016,1,8,3,3,9,1,0,1,0,1,0,0,0,0,6.13196E+20,5.44822E+21,1.05531E+16,4.91763E+16
131911,131912,9,1,62,0,2016,1,14,5,3,2,6,0,1,0,1,0,0,0,0,6.9013E+20,5.32869E+21,1.1553E+16,4.80831E+16
131912,131913,9,7,78,173,2016,1,7,4,3,6,7,0,1,0,1,1,0,0,0,6.10575E+20,5.32263E+21,1.04837E+16,4.80474E+16
131913,131914,9,1,73,115,2016,1,13,4,3,0,3,0,1,0,0,0,1,0,1,6.80904E+20,5.28805E+21,1.14122E+16,4.77205E+16
131914,131915,9,1,62,0,2016,1,8,3,3,0,7,0,0,1,0,0,0,0,0,6.92146E+20,5.33684E+21,1.15837E+16,4.81557E+16
131915,131916,9,7,75,135,2016,1,13,6,3,5,3,0,0,1,1,0,0,0,0,5.74374E+20,5.35951E+21,1.00045E+16,4.83843E+16
131916,131917,9,1,84,136,2016,1,15,7,3,1,5,0,1,0,1,0,0,0,0,6.975E+20,5.32573E+21,1.16505E+16,4.80543E+16
131917,131918,9,7,78,136,2016,1,15,6,3,5,3,0,0,0,1,0,0,0,0,5.9993E+20,5.31949E+21,1.03402E+16,4.80208E+16
131918,131919,9,2,79,122,2016,1,12,3,3,5,3,0,0,0,1,0,0,0,0,7.72053E+20,5.39665E+21,1.2695E+16,4.86636E+16
131919,131920,9,3,62,0,2016,1,15,2,3,5,3,0,1,0,1,0,0,0,0,7.25968E+20,5.43117E+21,1.20891E+16,4.89921E+16
131920,131921,9,1,62,0,2016,1,11,2,2,5,3,0,1,1,1,0,0,0,0,6.87991E+20,5.33257E+21,1.1526E+16,4.81187E+16
131921,131922,9,1,62,0,2016,1,5,7,3,0,1,2,2,1,0,0,0,0,0,6.88408E+20,5.33472E+21,1.15326E+16,4.81378E+16
131922,131923,9,1,62,0,2016,1,10,5,2,3,6,0,1,0,1,0,0,1,0,6.92698E+20,5.34043E+21,1.15928E+16,4.81878E+16
131923,131924,9,6,63,0,2016,1,15,4,3,0,3,0,0,0,0,0,1,0,1,5.67497E+20,5.51506E+21,9.93764E+15,4.97842E+16
131924,131925,9,4,75,168,2016,1,7,5,3,8,1,0,2,0,1,0,0,0,0,7.04157E+20,5.56792E+21,1.18625E+16,5.02281E+16
131925,131926,9,7,74,121,2016,1,6,6,3,9,6,1,1,0,1,0,0,0,0,5.98575E+20,5.36411E+21,1.03324E+16,4.84224E+16
131926,131927,9,1,62,0,2016,1,11,7,3,6,4,0,1,0,1,1,0,0,0,6.9083E+20,5.33496E+21,1.15652E+16,4.81393E+16
131927,131928,9,1,62,0,2016,1,22,5,2,0,5,2,0,0,1,0,0,0,0,6.90334E+20,5.33518E+21,1.15586E+16,4.81414E+16
131928,131929,9,7,63,0,2016,1,18,4,3,6,4,1,0,0,1,1,0,0,0,5.98348E+20,5.28628E+21,1.03114E+16,4.77224E+16
131929,131930,9,1,79,123,2016,1,7,4,2,0,7,0,0,1,0,0,0,0,0,6.75969E+20,5.33393E+21,1.13652E+16,4.81343E+16
131930,131931,9,7,63,0,2016,1,11,6,3,2,6,0,0,0,1,0,0,0,0,5.98912E+20,5.2868E+21,1.0319E+16,4.7727E+16
131931,131932,9,7,78,136,2016,1,11,7,3,5,3,0,1,0,1,0,0,0,1,5.99741E+20,5.32026E+21,1.03378E+16,4.80278E+16
131932,131933,9,7,63,0,2016,1,9,6,3,3,6,0,0,0,1,0,0,0,0,5.9992E+20,5.28658E+21,1.03324E+16,4.77248E+16
131933,131934,9,1,89,145,2016,1,11,3,3,5,7,0,1,0,1,0,0,0,0,7.71722E+20,5.3017E+21,1.26296E+16,4.78113E+16
131934,131935,9,1,90,157,2016,1,11,2,3,5,3,0,1,1,1,0,0,0,0,6.60757E+20,5.30107E+21,1.11486E+16,4.78428E+16
131935,131936,9,1,62,0,2016,1,16,5,3,5,3,1,1,1,1,0,0,0,0,6.90257E+20,5.3382E+21,1.1559E+16,4.81685E+16
131936,131937,9,7,64,0,2016,1,4,7,2,0,7,2,2,1,0,0,0,0,0,5.86765E+20,5.31525E+21,1.01628E+16,4.79847E+16
131937,131938,9,1,62,0,2016,1,10,5,3,5,2,0,1,1,1,0,0,0,0,6.93105E+20,5.33192E+21,1.15944E+16,4.81113E+16
131938,131939,9,5,64,0,2016,1,9,4,3,5,3,0,1,0,1,0,0,0,1,6.49189E+20,5.47248E+21,1.10557E+16,4.93867E+16
131939,131940,9,4,78,139,2016,1,7,5,3,5,3,2,1,0,1,0,0,0,0,6.48681E+20,5.55739E+21,1.10812E+16,5.01501E+16
131940,131941,9,7,79,228,2016,1,15,6,2,0,1,0,1,1,0,0,0,0,0,6.2579E+20,5.41411E+21,1.07153E+16,4.88672E+16
131941,131942,9,5,62,0,2016,1,15,3,3,3,2,0,0,1,1,0,0,0,0,6.45396E+20,5.49495E+21,1.10118E+16,4.95897E+16
131942,131943,9,1,62,0,2016,1,16,2,3,6,4,1,1,0,1,1,0,0,0,6.84367E+20,5.33212E+21,1.14772E+16,4.81157E+16
131943,131944,9,4,79,152,2016,1,16,3,3,5,3,1,0,0,1,0,0,0,0,7.23917E+20,5.56284E+21,1.21361E+16,5.01753E+16
131944,131945,9,1,77,117,2016,1,14,2,3,2,6,0,0,0,1,0,1,0,0,7.15362E+20,5.35428E+21,1.19044E+16,4.83051E+16
131945,131946,9,6,63,0,2016,1,15,6,2,3,2,0,1,0,1,0,0,0,1,5.69703E+20,5.50879E+21,9.96715E+15,4.97276E+16
131946,131947,9,5,62,0,2016,1,15,3,3,4,2,0,1,1,1,0,0,0,0,6.46258E+20,5.49534E+21,1.10238E+16,4.95929E+16
131947,131948,9,1,89,155,2016,1,11,3,3,1,6,0,0,0,0,0,1,1,0,7.72581E+20,5.30829E+21,1.26452E+16,4.787E+16
131948,131949,9,7,80,119,2016,1,7,5,2,6,2,2,1,0,1,1,0,0,0,5.97042E+20,5.29569E+21,1.02961E+16,4.78072E+16
131949,131950,9,1,62,0,2016,1,0,3,3,1,5,2,1,0,1,0,0,0,0,6.85636E+20,5.33368E+21,1.14949E+16,4.81293E+16
131950,131951,9,7,64,0,2016,1,17,7,3,5,3,1,1,0,1,0,0,0,0,5.88117E+20,5.31576E+21,1.0181E+16,4.79891E+16
131951,131952,9,4,74,126,2016,1,7,5,2,6,2,0,0,0,1,1,0,0,0,6.4849E+20,5.50924E+21,1.106E+16,4.97173E+16
131952,131953,9,7,80,139,2016,1,10,2,3,1,6,0,1,1,1,0,0,0,0,5.96473E+20,5.26416E+21,1.02815E+16,4.75237E+16
131953,131954,9,1,62,0,2016,1,16,2,2,5,3,1,0,1,1,0,0,0,0,6.93571E+20,5.33589E+21,1.16024E+16,4.81468E+16
131954,131955,9,4,62,0,2016,1,8,3,3,1,3,0,0,0,1,0,0,0,1,6.83241E+20,5.5349E+21,1.15537E+16,4.99383E+16
131955,131956,9,7,77,167,2016,1,20,5,3,8,1,2,2,0,1,0,0,0,0,6.19934E+20,5.29944E+21,1.06028E+16,4.78371E+16
131956,131957,9,2,78,144,2016,1,14,4,3,8,1,0,0,0,1,0,0,0,0,7.40872E+20,5.41065E+21,1.22805E+16,4.88021E+16
131957,131958,9,1,62,0,2016,1,12,3,3,2,7,0,0,0,1,0,0,1,0,6.90652E+20,5.34077E+21,1.15654E+16,4.81915E+16
131958,131959,9,6,63,0,2016,1,12,6,3,2,6,0,2,0,1,0,0,0,0,5.67561E+20,5.51441E+21,9.9384E+15,4.97784E+16
131959,131960,9,7,71,142,2016,1,22,7,3,9,1,2,2,0,1,0,0,0,0,6.48369E+20,5.35051E+21,1.10003E+16,4.82904E+16
131960,131961,9,7,73,125,2016,1,12,5,3,6,4,0,2,0,1,1,0,0,0,6.10713E+20,5.38135E+21,1.0501E+16,4.85755E+16
131961,131962,9,5,61,0,2016,1,12,4,3,0,7,0,0,1,1,0,0,0,0,6.14024E+20,5.46164E+21,1.05683E+16,4.92969E+16
131962,131963,9,1,84,122,2016,1,10,3,3,5,3,0,1,1,1,0,0,0,0,6.88868E+20,5.32451E+21,1.15342E+16,4.80459E+16
131963,131964,9,7,72,125,2016,1,11,7,3,5,3,0,1,0,1,0,0,0,1,6.33519E+20,5.34826E+21,1.07995E+16,4.82735E+16
131964,131965,9,4,71,140,2016,1,15,5,3,5,3,0,0,0,1,0,1,0,0,6.35047E+20,5.53269E+21,1.08817E+16,4.99313E+16
131965,131966,9,6,63,0,2016,1,7,2,3,5,3,0,1,1,1,0,0,0,0,5.66675E+20,5.51642E+21,9.92644E+15,4.97965E+16
131966,131967,9,4,62,0,2016,1,16,3,3,5,3,1,0,1,1,0,0,0,0,6.83057E+20,5.53454E+21,1.1551E+16,4.99351E+16
131967,131968,9,7,61,0,2016,1,19,5,2,6,4,2,0,0,0,1,0,0,1,6.4143E+20,5.35929E+21,1.09097E+16,4.8371E+16
131968,131969,9,7,74,121,2016,1,15,4,3,0,7,0,0,0,1,1,0,0,0,6.03376E+20,5.36581E+21,1.03977E+16,4.84369E+16
131969,131970,9,1,63,0,2016,1,18,4,3,4,2,2,0,0,1,0,0,0,0,7.32824E+20,5.30469E+21,1.21125E+16,4.78533E+16
131970,131971,9,1,62,0,2016,1,10,3,3,4,2,0,0,0,1,0,0,0,0,6.92713E+20,5.33412E+21,1.15901E+16,4.81312E+16
131971,131972,9,6,71,111,2016,1,9,6,3,5,3,0,0,0,1,0,0,0,0,5.07932E+20,5.5516E+21,9.11095E+15,5.01166E+16
131972,131973,9,7,61,0,2016,1,11,7,3,6,2,0,1,0,1,1,0,0,0,6.38359E+20,5.35936E+21,1.08683E+16,4.83723E+16
131973,131974,9,5,62,0,2016,1,13,6,3,0,7,0,2,0,1,0,0,0,0,6.46529E+20,5.48995E+21,1.10256E+16,4.95444E+16
131974,131975,9,1,71,111,2016,1,15,3,3,6,4,0,0,0,1,1,0,0,0,7.73453E+20,5.34869E+21,1.26827E+16,4.82324E+16
131975,131976,9,3,62,0,2016,1,14,2,3,5,2,0,0,0,1,0,0,0,0,7.28313E+20,5.43515E+21,1.21234E+16,4.9027E+16
131976,131977,9,1,87,120,2016,1,14,3,3,4,2,0,0,0,1,0,0,0,0,7.32643E+20,5.29233E+21,1.21035E+16,4.77423E+16
131977,131978,9,5,64,0,2016,1,10,2,3,6,4,0,1,0,1,1,0,0,0,6.54638E+20,5.4746E+21,1.11316E+16,4.94045E+16
131978,131979,9,1,84,138,2016,1,7,2,3,9,7,0,1,0,0,0,0,0,1,6.82562E+20,5.33109E+21,1.14525E+16,4.81069E+16
131979,131980,9,7,61,0,2016,1,14,5,3,6,4,0,1,0,1,1,0,0,0,6.4185E+20,5.35861E+21,1.09152E+16,4.83647E+16
131980,131981,9,7,73,125,2016,1,8,4,3,0,2,0,0,1,1,0,0,0,0,6.10172E+20,5.38216E+21,1.04938E+16,4.85829E+16
131981,131982,9,1,78,143,2016,1,13,4,3,4,2,0,1,0,1,1,0,0,0,7.16907E+20,5.37336E+21,1.1935E+16,4.84759E+16
131982,131983,9,5,74,138,2016,1,8,6,3,5,3,0,1,0,1,0,0,0,0,6.65464E+20,5.48593E+21,1.12854E+16,4.95034E+16
131983,131984,9,7,61,0,2016,1,19,7,3,5,3,2,1,0,1,0,0,0,0,6.38368E+20,5.35924E+21,1.08684E+16,4.83712E+16
131984,131985,9,1,87,117,2016,1,8,3,3,5,3,0,1,1,0,0,0,0,1,7.25515E+20,5.30582E+21,1.20155E+16,4.78661E+16
131985,131986,9,6,63,0,2016,1,7,5,3,1,5,0,1,1,1,0,0,0,0,5.65879E+20,5.51602E+21,9.91532E+15,4.97931E+16
131986,131987,9,6,63,0,2016,1,5,7,3,0,7,2,2,1,0,0,0,0,0,5.66835E+20,5.51597E+21,9.92859E+15,4.97925E+16
131987,131988,9,6,78,160,2016,1,5,5,3,8,1,2,2,0,1,0,0,0,0,5.84154E+20,5.54622E+21,1.01758E+16,5.00623E+16
131988,131989,9,5,64,0,2016,1,18,4,3,3,6,2,0,0,1,0,0,0,0,6.46181E+20,5.47715E+21,1.1016E+16,4.94295E+16
131989,131990,9,4,61,0,2016,1,10,5,3,0,7,0,1,1,1,0,0,0,0,6.36469E+20,5.52967E+21,1.09005E+16,4.99039E+16
131990,131991,9,1,62,0,2016,1,15,2,3,6,4,0,0,0,1,1,0,0,0,6.89111E+20,5.33473E+21,1.1542E+16,4.81377E+16
131991,131992,9,5,64,0,2016,1,1,7,3,6,4,2,0,0,1,1,0,0,0,6.50921E+20,5.47919E+21,1.10821E+16,4.94466E+16
131992,131993,9,6,61,0,2016,1,17,5,2,6,4,2,0,0,1,1,0,0,0,5.13327E+20,5.53608E+21,9.18587E+15,4.99769E+16
131993,131994,9,6,76,122,2016,1,16,4,3,0,3,0,1,0,0,0,0,0,1,5.10395E+20,5.51725E+21,9.14447E+15,4.98076E+16
131994,131995,9,3,62,0,2016,1,14,5,3,5,3,0,0,0,1,0,0,0,1,7.30576E+20,5.43114E+21,1.2152E+16,4.899E+16
131995,131996,9,5,74,132,2016,1,19,6,3,5,3,2,1,1,1,0,0,0,0,6.76368E+20,5.48643E+21,1.14361E+16,4.95048E+16
131996,131997,9,5,64,0,2016,1,17,3,3,2,7,1,0,0,1,0,0,0,0,6.52077E+20,5.48077E+21,1.10987E+16,4.94605E+16
131997,131998,9,1,61,0,2016,1,6,3,3,6,4,2,0,0,1,1,0,0,0,6.7679E+20,5.40629E+21,1.14068E+16,4.87845E+16
131998,131999,9,4,62,0,2016,1,19,3,3,2,6,2,0,0,1,0,0,0,0,6.8392E+20,5.53443E+21,1.1563E+16,4.99339E+16
131999,132000,9,1,77,117,2016,1,13,2,3,4,6,0,0,0,1,0,0,0,0,7.15086E+20,5.35294E+21,1.19E+16,4.82931E+16
132000,132001,9,5,63,0,2016,1,7,5,3,2,6,2,1,0,1,0,0,0,1,6.45577E+20,5.48106E+21,1.10091E+16,4.94648E+16
132001,132002,9,1,62,0,2016,1,21,3,3,3,6,2,0,0,1,0,0,0,0,6.92649E+20,5.33478E+21,1.15896E+16,4.81371E+16
132002,132003,9,5,64,0,2016,1,18,7,3,6,4,2,1,0,1,1,0,0,0,6.48779E+20,5.47875E+21,1.10524E+16,4.94432E+16
132003,132004,9,3,62,0,2016,1,17,5,3,4,2,2,0,0,1,0,0,0,1,7.31105E+20,5.43355E+21,1.21606E+16,4.90115E+16
132004,132005,9,7,61,0,2016,1,15,2,3,0,7,0,1,1,0,0,0,0,0,6.38167E+20,5.35523E+21,1.08644E+16,4.83351E+16
132005,132006,9,1,62,0,2016,1,17,2,3,5,3,1,1,1,1,0,0,0,0,6.89693E+20,5.33465E+21,1.15498E+16,4.81368E+16
132006,132007,9,4,62,0,2016,1,12,3,3,2,6,0,1,0,1,0,0,0,0,6.87049E+20,5.5372E+21,1.16078E+16,4.99578E+16
132007,132008,9,1,62,0,2016,1,11,1,3,6,4,0,0,0,1,1,0,0,0,6.91657E+20,5.33279E+21,1.15753E+16,4.81195E+16
132008,132009,9,5,64,0,2016,1,10,5,3,5,3,0,1,0,1,0,0,0,0,6.5411E+20,5.47519E+21,1.11245E+16,4.94099E+16
132009,132010,9,4,62,0,2016,1,17,4,3,2,6,1,0,0,1,0,0,0,0,6.86423E+20,5.53765E+21,1.15993E+16,4.9962E+16
132010,132011,9,1,62,0,2016,1,21,3,2,8,1,2,1,0,1,0,0,0,0,6.80728E+20,5.34135E+21,1.14323E+16,4.81996E+16
132011,132012,9,5,64,0,2016,1,8,6,3,1,6,0,1,0,1,0,0,0,0,6.50038E+20,5.47923E+21,1.107E+16,4.94472E+16
132012,132013,9,5,71,122,2016,1,11,7,3,5,3,0,1,0,1,0,0,0,0,6.23144E+20,5.46892E+21,1.06959E+16,4.93606E+16
132013,132014,9,5,74,147,2016,1,10,2,3,2,6,0,1,0,1,0,0,0,0,6.7982E+20,5.48675E+21,1.14839E+16,4.95067E+16
132014,132015,9,1,62,0,2016,1,9,2,3,5,3,0,0,1,1,0,0,0,1,6.89639E+20,5.33568E+21,1.15495E+16,4.81461E+16
132015,132016,9,3,62,0,2016,1,17,3,3,2,6,2,1,0,1,0,0,0,0,7.26706E+20,5.43521E+21,1.21015E+16,4.90281E+16
132016,132017,9,5,64,0,2016,1,16,5,3,4,6,0,1,1,0,0,0,0,0,6.51372E+20,5.48021E+21,1.10887E+16,4.94557E+16
132017,132018,9,7,78,203,2016,1,16,4,3,8,1,0,0,0,0,0,1,0,0,6.23427E+20,5.32365E+21,1.06564E+16,4.80542E+16
132018,132019,9,1,85,149,2016,1,6,4,3,9,1,2,0,0,1,0,0,0,0,6.6324E+20,5.40062E+21,1.12202E+16,4.87372E+16
132019,132020,9,1,62,0,2016,1,7,2,3,6,4,0,1,1,1,1,0,0,0,6.89277E+20,5.3362E+21,1.15449E+16,4.81508E+16
132020,132021,9,3,72,124,2016,1,6,3,3,8,1,2,2,0,1,0,0,0,0,7.85238E+20,5.46546E+21,1.29219E+16,4.92752E+16
132021,132022,9,5,64,0,2016,1,9,5,3,5,3,0,1,0,1,0,0,0,0,6.52448E+20,5.47922E+21,1.11032E+16,4.94465E+16
132022,132023,9,7,75,135,2016,1,11,4,3,5,3,0,0,1,0,0,0,0,1,5.75424E+20,5.36116E+21,1.0019E+16,4.83991E+16