FID,OBJECTID,ULAND,UREGBEZ,UKREIS,UGEMEINDE,UJAHR,UMONAT,USTUNDE,UWOCHENTAG,UKATEGORIE,UART,UTYP1,ULICHTVERH,IstStrasse,IstRad,IstPKW,IstFuss,IstKrad,IstGkfz,IstSonstig,LINREFX,LINREFY,XGCSWGS84,YGCSWGS84
132023,132024,9,1,90,139,2016,1,16,4,3,6,4,0,0,0,1,1,0,0,0,6.53915E+20,5.29413E+21,1.10547E+16,4.77821E+16
132024,132025,9,1,62,0,2016,1,14,3,3,2,6,0,0,0,1,0,0,0,0,6.87521E+20,5.33811E+21,1.15222E+16,4.81686E+16
132025,132026,9,5,64,0,2016,1,18,6,3,3,2,2,0,1,1,0,0,0,0,6.50108E+20,5.4803E+21,1.10713E+16,4.94568E+16
132026,132027,9,4,75,128,2016,1,5,7,3,9,1,2,2,0,1,0,0,0,0,6.85538E+20,5.579E+21,1.16072E+16,5.03338E+16
132027,132028,9,5,64,0,2016,1,13,6,3,5,3,0,1,1,1,0,0,0,0,6.50857E+20,5.48127E+21,1.1082E+16,4.94653E+16
132028,132029,9,1,61,0,2016,1,11,3,3,2,6,0,0,0,1,0,0,0,0,6.80654E+20,5.40526E+21,1.14589E+16,4.87741E+16
132029,132030,9,4,61,0,2016,1,8,2,3,3,2,0,0,1,0,0,0,1,0,6.3809E+20,5.5287E+21,1.09227E+16,4.98948E+16
132030,132031,9,1,62,0,2016,1,18,2,3,5,2,2,1,1,1,0,0,0,0,6.89262E+20,5.33614E+21,1.15447E+16,4.81503E+16
132031,132032,9,7,61,0,2016,1,15,4,3,6,4,0,0,1,0,1,0,0,0,6.4405E+20,5.35754E+21,1.09445E+16,4.83546E+16
132032,132033,9,2,63,0,2016,1,10,5,3,2,6,0,0,0,1,0,0,0,0,7.65653E+20,5.42153E+21,1.26243E+16,4.88897E+16
132033,132034,9,7,77,151,2016,1,15,6,3,4,2,0,0,0,1,0,0,0,0,6.21783E+20,5.29153E+21,1.06252E+16,4.77656E+16
132034,132035,9,5,64,0,2016,1,19,7,3,2,6,2,1,0,1,0,0,0,0,6.50307E+20,5.47916E+21,1.10737E+16,4.94465E+16
132035,132036,9,7,79,131,2016,1,13,6,3,1,6,0,0,0,1,0,0,0,0,6.29864E+20,5.39818E+21,1.07658E+16,4.87231E+16
132036,132037,9,6,63,0,2016,2,4,2,2,6,2,2,1,0,0,1,0,0,1,5.69729E+20,5.50909E+21,9.96756E+15,4.97302E+16
132037,132038,9,7,61,0,2016,1,12,1,3,6,4,0,1,0,1,1,0,0,0,6.40165E+20,5.35951E+21,1.08927E+16,4.83732E+16
132038,132039,9,3,72,177,2016,1,21,6,3,8,1,2,2,0,1,0,0,0,0,7.6947E+20,5.44934E+21,1.26947E+16,4.91377E+16
132039,132040,9,6,71,114,2016,1,11,5,2,0,7,0,0,1,0,0,0,0,0,5.00904E+20,5.54396E+21,9.01263E+15,5.00479E+16
132040,132041,9,5,64,0,2016,2,1,4,3,5,3,2,1,0,1,0,0,0,0,6.52035E+20,5.48032E+21,1.10979E+16,4.94565E+16
132041,132042,9,5,75,152,2016,1,19,7,3,8,1,2,1,0,1,0,0,0,0,6.16846E+20,5.47666E+21,1.06115E+16,4.94314E+16
132042,132043,9,2,77,138,2016,1,15,6,3,5,3,0,1,0,1,0,0,0,0,7.90895E+20,5.37158E+21,1.29328E+16,4.84301E+16
132043,132044,9,2,74,184,2016,1,13,5,3,0,3,0,0,0,1,0,1,0,0,7.49254E+20,5.37191E+21,1.23711E+16,4.8451E+16
132044,132045,9,5,72,120,2016,2,17,3,3,6,7,1,0,0,1,1,0,0,0,6.48508E+20,5.49578E+21,1.10551E+16,4.95964E+16
132045,132046,9,7,73,125,2016,1,14,6,2,5,3,0,0,1,1,0,0,0,0,6.08316E+20,5.38185E+21,1.04686E+16,4.85804E+16
132046,132047,9,7,71,113,2016,2,7,3,3,1,5,1,0,0,0,0,0,1,0,6.56493E+20,5.36735E+21,1.1116E+16,4.84398E+16
132047,132048,9,1,79,121,2016,2,13,3,3,5,3,0,0,0,1,0,0,0,0,6.6786E+20,5.33893E+21,1.12583E+16,4.81814E+16
132048,132049,9,5,77,177,2016,1,18,1,2,1,7,2,1,0,1,0,0,0,0,6.44295E+20,5.43399E+21,1.09745E+16,4.90419E+16
132049,132050,9,2,77,116,2016,1,15,6,1,0,3,0,0,1,0,0,0,0,1,7.76124E+20,5.36757E+21,1.27309E+16,4.84007E+16
132050,132051,9,2,71,111,2016,1,7,5,3,5,3,0,1,0,1,0,0,0,1,7.85728E+20,5.40733E+21,1.28877E+16,4.87534E+16
132051,132052,9,1,90,152,2016,2,20,4,3,8,1,2,2,0,1,0,0,0,0,6.70865E+20,5.29959E+21,1.1283E+16,4.7827E+16
132052,132053,9,2,61,0,2016,1,14,6,3,5,3,0,0,0,1,0,0,0,0,7.31222E+20,5.38238E+21,1.21334E+16,4.85518E+16
132053,132054,9,5,73,133,2016,1,11,5,3,3,2,0,1,0,1,0,1,0,0,6.24318E+20,5.48246E+21,1.07163E+16,4.9482E+16
132054,132055,9,4,74,121,2016,2,13,4,3,0,7,0,0,0,0,1,0,0,1,6.56974E+20,5.51699E+21,1.11807E+16,4.97849E+16
132055,132056,9,5,71,214,2016,1,12,7,3,1,7,0,0,0,1,0,0,0,0,6.17362E+20,5.43408E+21,1.06061E+16,4.90484E+16
132056,132057,9,5,64,0,2016,2,7,3,3,6,2,2,1,0,1,1,0,0,0,6.49627E+20,5.47668E+21,1.10633E+16,4.94243E+16
132057,132058,9,4,79,152,2016,1,15,1,3,0,7,0,0,1,0,0,0,0,0,7.23125E+20,5.56425E+21,1.21259E+16,5.01883E+16
132058,132059,9,3,62,0,2016,2,9,2,3,5,3,0,0,0,1,0,0,0,0,7.27945E+20,5.43521E+21,1.21184E+16,4.90276E+16
132059,132060,9,1,77,133,2016,2,5,3,3,2,6,1,0,0,1,0,0,0,0,7.07853E+20,5.36021E+21,1.18061E+16,4.83608E+16
132060,132061,9,1,72,132,2016,1,23,6,3,0,7,2,1,0,1,0,0,0,0,7.99484E+20,5.2788E+21,1.29839E+16,4.75934E+16
132061,132062,9,1,62,0,2016,2,14,3,3,5,3,0,0,0,1,0,0,0,0,6.93415E+20,5.33555E+21,1.16002E+16,4.81437E+16
132062,132063,9,7,72,171,2016,1,9,6,3,5,3,0,0,1,1,0,0,0,0,6.37178E+20,5.37213E+21,1.08566E+16,4.84873E+16
132063,132064,9,4,63,0,2016,1,21,7,2,6,2,2,1,0,1,1,0,0,0,6.39891E+20,5.56876E+21,1.09624E+16,5.02544E+16
132064,132065,9,6,63,0,2016,2,18,2,3,1,6,2,0,0,1,0,0,0,0,5.66957E+20,5.51471E+21,9.93007E+15,4.97811E+16
132065,132066,9,4,61,0,2016,1,20,7,2,6,4,2,1,0,1,1,0,0,0,6.36327E+20,5.52927E+21,1.08984E+16,4.99003E+16
132066,132067,9,7,77,121,2016,2,10,3,3,3,3,0,0,0,1,0,0,0,0,6.28865E+20,5.32118E+21,1.07286E+16,4.80309E+16
132067,132068,9,4,76,183,2016,1,15,1,3,0,7,0,1,1,0,0,0,0,0,6.7092E+20,5.56939E+21,1.13976E+16,5.02519E+16
132068,132069,9,3,73,126,2016,2,9,2,3,1,2,0,1,1,1,0,0,0,0,6.70244E+20,5.45206E+21,1.13369E+16,4.91977E+16
132069,132070,9,1,62,0,2016,2,14,2,3,1,5,0,0,1,1,0,0,0,0,6.88243E+20,5.33678E+21,1.15313E+16,4.81564E+16
132070,132071,9,1,87,162,2016,1,13,6,2,6,4,0,0,0,1,1,0,0,0,7.50603E+20,5.30594E+21,1.23505E+16,4.78579E+16
132071,132072,9,1,71,112,2016,1,10,5,2,5,3,0,0,1,1,0,0,0,0,7.84347E+20,5.34297E+21,1.28252E+16,4.81762E+16
132072,132073,9,1,62,0,2016,2,19,3,3,5,3,1,0,1,1,0,0,0,0,6.87862E+20,5.34261E+21,1.15287E+16,4.82089E+16
132073,132074,9,7,61,0,2016,1,7,6,3,5,3,0,1,1,1,0,0,0,0,6.40864E+20,5.36294E+21,1.09033E+16,4.84039E+16
132074,132075,9,3,72,124,2016,1,19,7,3,7,7,2,1,0,1,0,0,0,0,7.90618E+20,5.46874E+21,1.2998E+16,4.93022E+16
132075,132076,9,7,61,0,2016,1,12,6,3,1,6,0,1,0,1,0,1,0,0,6.39596E+20,5.35812E+21,1.08846E+16,4.83608E+16
132076,132077,9,6,77,157,2016,2,7,2,3,1,6,2,1,0,1,0,0,0,0,5.44143E+20,5.52178E+21,9.61401E+15,4.98468E+16
132077,132078,9,4,61,0,2016,1,0,1,3,1,1,2,1,0,1,0,0,0,0,6.35008E+20,5.52636E+21,1.0879E+16,4.98744E+16
132078,132079,9,3,71,151,2016,2,8,2,3,0,7,0,1,0,1,0,0,0,0,7.00321E+20,5.48565E+21,1.17662E+16,4.94904E+16
132079,132080,9,3,62,0,2016,1,15,7,3,3,6,0,0,0,1,0,1,0,0,7.26829E+20,5.43354E+21,1.21022E+16,4.9013E+16
132080,132081,9,1,87,117,2016,1,15,6,3,0,6,0,0,1,1,0,0,0,0,7.25079E+20,5.30554E+21,1.20096E+16,4.78637E+16
132081,132082,9,1,71,112,2016,1,8,5,3,0,7,0,0,1,0,0,0,0,0,7.84283E+20,5.3418E+21,1.28236E+16,4.81658E+16
132082,132083,9,1,83,128,2016,1,14,1,3,5,3,0,1,0,1,0,0,0,0,7.61175E+20,5.34966E+21,1.25182E+16,4.82463E+16
132083,132084,9,2,61,0,2016,2,8,2,3,0,3,0,1,0,1,0,0,0,1,7.30018E+20,5.38168E+21,1.21167E+16,4.8546E+16
132084,132085,9,1,61,0,2016,1,11,6,2,6,4,0,0,0,1,1,0,0,0,6.77037E+20,5.40524E+21,1.14097E+16,4.87749E+16
132085,132086,9,1,63,0,2016,1,17,5,2,2,6,2,1,0,1,0,0,0,0,7.3109E+20,5.30408E+21,1.2089E+16,4.78484E+16
132086,132087,9,7,80,133,2016,2,15,3,2,5,3,0,0,1,1,0,0,0,0,5.968E+20,5.25142E+21,1.02831E+16,4.74091E+16
132087,132088,9,7,61,0,2016,1,23,6,3,0,1,2,2,0,1,0,0,0,0,6.39378E+20,5.36011E+21,1.08823E+16,4.83787E+16
132088,132089,9,3,62,0,2016,1,7,7,3,5,3,0,0,0,1,0,0,0,0,7.26176E+20,5.43283E+21,1.20929E+16,4.90069E+16
132089,132090,9,7,61,0,2016,1,10,6,3,0,6,0,1,0,0,0,1,0,0,6.41337E+20,5.35925E+21,1.09085E+16,4.83706E+16
132090,132091,9,6,61,0,2016,2,10,2,3,0,5,0,1,0,1,0,0,0,0,5.1181E+20,5.53467E+21,9.16467E+15,4.99643E+16
132091,132092,9,1,61,0,2016,1,7,6,3,0,7,2,0,0,1,0,0,0,0,6.78844E+20,5.40355E+21,1.14335E+16,4.87592E+16
132092,132093,9,5,64,0,2016,1,19,5,3,2,6,2,1,0,1,0,0,0,0,6.49298E+20,5.47916E+21,1.10597E+16,4.94468E+16
132093,132094,9,5,73,122,2016,2,10,4,3,2,6,0,1,1,1,0,0,0,0,6.41977E+20,5.47633E+21,1.09578E+16,4.9423E+16
132094,132095,9,3,62,0,2016,1,18,7,3,5,2,2,0,0,1,0,0,0,0,7.28063E+20,5.43384E+21,1.21192E+16,4.90153E+16
132095,132096,9,1,79,126,2016,1,14,6,3,0,7,0,0,1,0,0,0,0,0,6.7716E+20,5.33955E+21,1.13835E+16,4.81844E+16
132096,132097,9,1,63,0,2016,1,18,5,3,6,2,2,1,0,1,1,0,0,0,7.33746E+20,5.30499E+21,1.2125E+16,4.78557E+16
132097,132098,9,4,79,136,2016,2,14,3,3,5,3,0,0,0,1,0,0,0,0,7.20241E+20,5.54311E+21,1.20733E+16,4.99996E+16
132098,132099,9,6,79,185,2016,1,7,6,3,5,2,0,1,0,1,0,1,0,0,5.73668E+20,5.51583E+21,1.00235E+16,4.97904E+16
132099,132100,9,6,63,0,2016,2,16,3,3,5,3,1,0,0,1,0,1,0,0,5.71728E+20,5.51713E+21,9.99677E+15,4.98023E+16
132100,132101,9,1,87,162,2016,1,0,1,3,3,6,2,1,0,1,0,0,0,0,7.50284E+20,5.30563E+21,1.23461E+16,4.78552E+16
132101,132102,9,4,63,0,2016,2,18,3,2,5,2,2,0,0,1,0,0,0,0,6.39626E+20,5.56868E+21,1.09587E+16,5.02538E+16
132102,132103,9,6,63,0,2016,1,6,6,3,4,2,2,1,0,1,0,1,0,0,5.63963E+20,5.51773E+21,9.88899E+15,4.98086E+16
132103,132104,9,6,79,147,2016,1,16,6,3,6,6,0,0,0,1,1,0,0,0,5.63098E+20,5.51308E+21,9.87621E+15,4.97669E+16
132104,132105,9,6,63,0,2016,2,13,3,3,4,6,0,0,0,1,0,0,0,0,5.67079E+20,5.51595E+21,9.93198E+15,4.97923E+16
132105,132106,9,6,71,111,2016,2,18,2,2,6,4,2,0,0,1,1,0,0,0,5.04093E+20,5.54843E+21,9.05721E+15,5.00881E+16
132106,132107,9,1,77,117,2016,1,10,6,3,5,3,0,0,0,1,0,0,0,0,7.15636E+20,5.35477E+21,1.19083E+16,4.83093E+16
132107,132108,9,4,61,0,2016,1,11,5,3,5,7,0,0,1,1,0,0,0,0,6.36374E+20,5.52862E+21,1.08988E+16,4.98944E+16
132108,132109,9,3,62,0,2016,2,18,4,3,5,3,1,1,0,1,0,0,0,0,7.23662E+20,5.43308E+21,1.20587E+16,4.901E+16
132109,132110,9,3,62,0,2016,1,9,7,3,1,5,0,0,1,1,0,0,0,0,7.25752E+20,5.4329E+21,1.20871E+16,4.90077E+16
132110,132111,9,4,63,0,2016,2,20,3,2,4,2,2,1,0,1,0,1,0,0,6.39907E+20,5.56876E+21,1.09626E+16,5.02544E+16
132111,132112,9,7,71,146,2016,2,13,3,3,0,3,0,0,1,1,0,0,0,0,6.46666E+20,5.34857E+21,1.09767E+16,4.82733E+16
132112,132113,9,1,79,136,2016,1,19,1,3,5,3,2,1,0,1,0,0,0,0,6.60904E+20,5.34165E+21,1.11658E+16,4.82077E+16
132113,132114,9,2,61,0,2016,2,10,2,3,5,3,0,1,0,1,0,0,0,0,7.31996E+20,5.38175E+21,1.21436E+16,4.85459E+16
132114,132115,9,1,62,0,2016,2,18,2,3,3,2,2,0,1,1,0,0,0,0,6.9084E+20,5.33659E+21,1.15661E+16,4.81539E+16
132115,132116,9,1,77,117,2016,1,11,6,3,5,2,0,0,1,1,0,0,0,0,7.15072E+20,5.35294E+21,1.18998E+16,4.8293E+16
132116,132117,9,1,62,0,2016,2,17,2,2,6,4,2,0,0,1,1,0,0,0,6.88535E+20,5.33634E+21,1.1535E+16,4.81523E+16
132117,132118,9,1,77,117,2016,1,11,1,2,4,1,0,1,0,1,0,1,0,0,7.13964E+20,5.3544E+21,1.18856E+16,4.83065E+16
132118,132119,9,1,62,0,2016,1,19,5,3,5,3,2,1,0,1,0,0,0,0,6.89407E+20,5.33574E+21,1.15464E+16,4.81467E+16
132119,132120,9,2,62,0,2016,1,10,5,3,4,3,0,0,0,1,0,0,0,0,8.28409E+20,5.38943E+21,1.34525E+16,4.85718E+16
132120,132121,9,1,79,121,2016,2,15,4,3,5,2,0,0,1,1,0,0,0,0,6.67415E+20,5.33927E+21,1.12524E+16,4.81846E+16
132121,132122,9,6,75,112,2016,1,5,6,3,5,3,2,0,0,1,0,0,0,0,5.83676E+20,5.51321E+21,1.01619E+16,4.97656E+16
132122,132123,9,3,73,126,2016,1,13,7,3,8,1,0,0,0,1,0,0,0,0,6.71596E+20,5.44923E+21,1.13543E+16,4.91718E+16
132123,132124,9,1,62,0,2016,1,19,7,3,5,3,2,1,1,1,0,0,0,0,6.93027E+20,5.33631E+21,1.15953E+16,4.81507E+16
132124,132125,9,2,61,0,2016,2,11,2,3,0,1,0,0,0,0,0,0,0,1,7.32861E+20,5.3811E+21,1.21549E+16,4.85398E+16
132125,132126,9,1,62,0,2016,2,9,2,3,6,7,0,1,0,1,1,0,0,0,6.86696E+20,5.33946E+21,1.15117E+16,4.8181E+16
132126,132127,9,1,62,0,2016,1,9,5,3,5,3,0,0,1,1,0,0,0,0,6.91494E+20,5.33559E+21,1.15744E+16,4.81447E+16
132127,132128,9,1,88,139,2016,1,9,5,3,5,3,0,1,0,1,0,0,0,0,6.74772E+20,5.31927E+21,1.13431E+16,4.80028E+16
132128,132129,9,7,78,116,2016,2,12,3,3,0,4,0,0,0,1,1,0,0,0,6.19014E+20,5.31783E+21,1.05956E+16,4.80027E+16
132129,132130,9,6,62,0,2016,1,12,6,3,2,6,0,0,0,1,0,0,0,0,5.88107E+20,5.54289E+21,1.02302E+16,5.00318E+16
132130,132131,9,3,76,161,2016,1,14,7,2,5,3,0,0,0,1,0,0,0,0,7.26255E+20,5.46794E+21,1.21137E+16,4.93222E+16
132131,132132,9,6,62,0,2016,1,15,6,2,6,2,0,0,0,1,1,0,0,0,5.86131E+20,5.54279E+21,1.02026E+16,5.00312E+16
132132,132133,9,5,74,123,2016,2,16,2,3,2,6,2,1,0,1,0,0,0,0,6.59404E+20,5.47432E+21,1.11971E+16,4.94007E+16
132133,132134,9,1,62,0,2016,2,8,3,3,0,7,0,0,0,0,1,0,0,1,6.91486E+20,5.33446E+21,1.15738E+16,4.81346E+16
132134,132135,9,5,72,132,2016,1,11,6,3,5,3,0,0,0,1,0,0,0,0,6.36265E+20,5.49338E+21,1.0885E+16,4.95776E+16
132135,132136,9,3,61,0,2016,1,12,7,3,0,7,0,0,0,0,0,1,0,1,7.06918E+20,5.47935E+21,1.18539E+16,4.94315E+16
132136,132137,9,5,62,0,2016,2,10,2,3,5,3,0,0,0,1,0,0,0,0,6.45629E+20,5.49437E+21,1.10148E+16,4.95843E+16
132137,132138,9,1,62,0,2016,1,13,7,3,2,6,0,0,0,1,0,0,0,0,6.91768E+20,5.34038E+21,1.15802E+16,4.81877E+16
132138,132139,9,1,61,0,2016,2,19,2,3,4,6,2,0,0,1,0,0,0,0,6.79299E+20,5.40277E+21,1.14394E+16,4.87521E+16
132139,132140,9,1,62,0,2016,1,19,5,3,5,3,2,1,1,1,0,0,0,0,6.92267E+20,5.33837E+21,1.1586E+16,4.81695E+16
132140,132141,9,1,78,145,2016,1,17,5,3,6,7,0,0,0,1,1,0,0,0,6.96399E+20,5.35415E+21,1.16489E+16,4.83101E+16
132141,132142,9,4,62,0,2016,2,20,3,3,9,3,2,1,0,1,0,0,0,0,6.84937E+20,5.53699E+21,1.15783E+16,4.99565E+16
132142,132143,9,5,62,0,2016,1,14,6,3,5,3,0,0,1,1,0,0,0,0,6.44994E+20,5.4956E+21,1.10064E+16,4.95956E+16
132143,132144,9,1,73,120,2016,1,11,7,3,9,1,0,2,0,1,0,0,0,0,6.86635E+20,5.31102E+21,1.14984E+16,4.79253E+16
132144,132145,9,5,62,0,2016,1,12,6,3,5,3,0,0,1,1,0,0,0,0,6.46064E+20,5.49456E+21,1.10208E+16,4.9586E+16
132145,132146,9,6,75,142,2016,2,6,3,3,8,7,2,1,0,0,0,1,0,0,5.9005E+20,5.51468E+21,1.02508E+16,4.97778E+16
132146,132147,9,5,74,156,2016,2,15,2,3,5,3,0,0,0,1,0,0,0,0,6.58914E+20,5.48191E+21,1.11934E+16,4.9469E+16
132147,132148,9,1,62,0,2016,1,10,5,3,5,3,0,0,0,1,0,0,0,0,6.86441E+20,5.32982E+21,1.1504E+16,4.80943E+16
132148,132149,9,5,64,0,2016,1,9,5,3,2,6,0,0,0,1,0,0,0,1,6.51876E+20,5.48056E+21,1.10958E+16,4.94587E+16
132149,132150,9,1,62,0,2016,1,13,7,3,5,3,0,0,1,1,0,0,0,0,6.90803E+20,5.33486E+21,1.15648E+16,4.81384E+16
132150,132151,9,1,74,115,2016,2,11,2,3,1,6,0,0,0,1,0,0,0,0,6.81256E+20,5.34782E+21,1.14421E+16,4.82576E+16
132151,132152,9,5,63,0,2016,2,5,4,3,5,3,2,0,1,1,0,0,0,0,6.42468E+20,5.48206E+21,1.09666E+16,4.94744E+16
132152,132153,9,1,89,161,2016,1,9,7,2,8,1,0,2,0,1,0,0,0,0,7.70336E+20,5.30477E+21,1.26131E+16,4.78394E+16
132153,132154,9,1,84,148,2016,1,19,5,2,6,4,2,1,0,1,1,0,0,0,6.94718E+20,5.32689E+21,1.16137E+16,4.80656E+16
132154,132155,9,1,62,0,2016,1,15,4,3,6,4,0,0,0,1,1,0,0,0,6.90847E+20,5.33484E+21,1.15654E+16,4.81381E+16
132155,132156,9,4,61,0,2016,2,21,3,3,8,1,2,1,0,1,0,0,0,0,6.35065E+20,5.52947E+21,1.08809E+16,4.99023E+16
132156,132157,9,5,62,0,2016,1,7,6,3,4,1,0,0,1,1,0,0,0,0,6.45728E+20,5.49309E+21,1.10157E+16,4.95728E+16
132157,132158,9,6,73,142,2016,2,21,3,3,0,3,2,1,1,1,0,0,0,0,5.92444E+20,5.58651E+21,1.03014E+16,5.04234E+16
132158,132159,9,5,64,0,2016,2,16,2,3,6,2,0,0,0,1,1,0,0,0,6.4999E+20,5.48116E+21,1.107E+16,4.94646E+16
132159,132160,9,1,62,0,2016,2,16,2,3,6,4,1,0,0,1,1,0,0,0,6.91129E+20,5.34013E+21,1.15715E+16,4.81857E+16
132160,132161,9,1,62,0,2016,1,13,7,3,4,6,0,0,1,0,0,0,0,1,6.90757E+20,5.33293E+21,1.15633E+16,4.8121E+16
132161,132162,9,1,62,0,2016,1,11,5,3,0,7,0,1,1,0,1,0,0,0,6.91204E+20,5.34036E+21,1.15727E+16,4.81877E+16
132162,132163,9,3,62,0,2016,1,8,5,3,5,3,0,0,0,1,0,0,0,0,7.28723E+20,5.43542E+21,1.21291E+16,4.90292E+16
132163,132164,9,3,61,0,2016,2,9,4,3,6,7,0,0,0,1,1,0,0,0,7.07559E+20,5.48097E+21,1.18636E+16,4.9446E+16
132164,132165,9,1,61,0,2016,1,17,7,3,1,5,1,0,0,1,0,0,0,0,6.77791E+20,5.4041E+21,1.14195E+16,4.87645E+16
132165,132166,9,4,62,0,2016,2,17,4,3,2,6,2,1,0,1,0,0,0,0,6.84943E+20,5.53476E+21,1.15773E+16,4.99365E+16
132166,132167,9,1,78,136,2016,1,12,7,3,0,7,0,1,0,1,0,0,0,0,6.95043E+20,5.37267E+21,1.16392E+16,4.84769E+16
132167,132168,9,3,62,0,2016,2,15,3,3,3,2,0,0,0,1,0,1,0,0,7.259E+20,5.43357E+21,1.20895E+16,4.90136E+16
132168,132169,9,1,62,0,2016,1,7,7,3,6,7,0,0,1,0,1,0,0,0,6.89652E+20,5.33257E+21,1.15483E+16,4.81181E+16
132169,132170,9,1,62,0,2016,2,17,2,3,3,2,2,0,1,1,0,0,0,0,6.90496E+20,5.34223E+21,1.1564E+16,4.82047E+16
132170,132171,9,1,62,0,2016,1,3,7,3,8,1,2,0,0,1,0,0,0,0,6.82472E+20,5.33761E+21,1.14541E+16,4.81655E+16
132171,132172,9,1,62,0,2016,1,17,5,3,1,6,2,1,0,1,0,0,0,1,6.90457E+20,5.34025E+21,1.15626E+16,4.81869E+16
132172,132173,9,1,74,115,2016,2,9,4,3,1,6,0,1,0,1,0,0,0,0,6.81707E+20,5.34781E+21,1.14482E+16,4.82574E+16
132173,132174,9,5,64,0,2016,1,13,6,3,5,3,0,0,1,1,0,0,0,0,6.51648E+20,5.48048E+21,1.10927E+16,4.9458E+16
132174,132175,9,1,62,0,2016,1,23,6,2,5,3,2,0,0,1,0,0,0,0,6.92097E+20,5.33198E+21,1.15809E+16,4.81121E+16
132175,132176,9,1,62,0,2016,1,21,7,3,0,6,2,0,0,1,0,0,0,1,6.86255E+20,5.33186E+21,1.15024E+16,4.81127E+16
132176,132177,9,1,77,143,2016,2,14,2,2,5,3,0,0,0,1,0,0,0,0,7.18105E+20,5.36369E+21,1.19462E+16,4.83886E+16
132177,132178,9,1,62,0,2016,1,18,7,3,0,7,1,0,0,1,0,0,0,0,6.93331E+20,5.333E+21,1.15979E+16,4.81209E+16
132178,132179,9,1,77,117,2016,2,15,2,3,5,6,0,0,1,1,0,0,0,0,7.1553E+20,5.35477E+21,1.19069E+16,4.83094E+16
132179,132180,9,1,62,0,2016,2,16,2,3,5,2,0,0,0,1,0,0,0,0,6.90145E+20,5.33474E+21,1.15559E+16,4.81375E+16
132180,132181,9,1,62,0,2016,1,8,5,3,5,2,0,0,1,1,0,0,0,0,6.8699E+20,5.33481E+21,1.15136E+16,4.8139E+16
132181,132182,9,1,62,0,2016,1,7,4,3,6,2,1,0,0,1,1,0,0,0,6.88017E+20,5.33192E+21,1.15261E+16,4.81128E+16
132182,132183,9,1,62,0,2016,2,11,3,3,5,3,0,0,0,1,0,0,1,0,6.91188E+20,5.34207E+21,1.15732E+16,4.8203E+16
132183,132184,9,5,64,0,2016,1,13,6,3,5,3,0,1,0,1,0,0,0,0,6.47648E+20,5.47768E+21,1.10364E+16,4.94339E+16
132184,132185,9,1,62,0,2016,1,6,6,3,6,4,2,1,0,1,1,0,0,0,6.83847E+20,5.33541E+21,1.14716E+16,4.81454E+16
132185,132186,9,5,64,0,2016,1,17,6,3,2,6,2,0,0,1,0,0,0,0,6.50197E+20,5.4822E+21,1.10733E+16,4.94739E+16
132186,132187,9,5,64,0,2016,2,16,2,3,0,1,0,1,0,0,0,1,0,0,6.50828E+20,5.47908E+21,1.10808E+16,4.94456E+16
132187,132188,9,1,62,0,2016,1,3,7,3,4,3,2,0,0,1,0,0,0,0,6.91827E+20,5.33566E+21,1.15789E+16,4.81453E+16
132188,132189,9,1,62,0,2016,1,4,1,2,6,4,2,1,0,1,1,0,0,0,6.90305E+20,5.33577E+21,1.15585E+16,4.81467E+16
132189,132190,9,1,62,0,2016,1,7,6,3,6,2,2,1,0,1,1,0,0,0,6.92341E+20,5.33778E+21,1.15868E+16,4.81642E+16
132190,132191,9,1,84,146,2016,1,16,5,3,0,7,0,1,1,0,0,0,0,0,6.97999E+20,5.32828E+21,1.16584E+16,4.8077E+16
132191,132192,9,1,62,0,2016,1,12,4,3,5,3,0,0,0,1,0,0,0,0,6.79329E+20,5.33863E+21,1.14123E+16,4.81756E+16
132192,132193,9,2,75,138,2016,2,17,3,2,6,6,2,0,0,1,1,0,0,0,8.08222E+20,5.38801E+21,1.31785E+16,4.85693E+16
132193,132194,9,5,73,127,2016,1,11,6,3,0,3,0,0,0,1,0,0,0,0,6.45406E+20,5.47571E+21,1.10048E+16,4.94167E+16
132194,132195,9,1,62,0,2016,1,13,6,3,6,4,0,0,0,1,1,0,0,0,6.83057E+20,5.33454E+21,1.14606E+16,4.81378E+16
132195,132196,9,1,62,0,2016,1,9,5,3,4,2,0,1,0,1,0,0,0,0,6.91283E+20,5.33189E+21,1.15699E+16,4.81115E+16
132196,132197,9,1,62,0,2016,1,17,4,3,4,2,2,0,0,1,0,0,0,0,6.92649E+20,5.33236E+21,1.15885E+16,4.81153E+16
132197,132198,9,7,80,139,2016,2,17,3,3,0,6,0,0,1,0,0,0,0,0,5.97211E+20,5.26333E+21,1.02912E+16,4.75161E+16
132198,132199,9,5,61,0,2016,1,14,6,2,4,2,0,0,0,1,0,0,0,0,6.12064E+20,5.46472E+21,1.05422E+16,4.93249E+16
132199,132200,9,1,62,0,2016,1,15,6,3,4,7,0,0,0,1,0,0,0,0,6.94514E+20,5.33496E+21,1.16147E+16,4.81382E+16
132200,132201,9,4,64,0,2016,1,17,6,3,6,2,2,0,0,1,1,0,0,0,7.07684E+20,5.57725E+21,1.1917E+16,5.03107E+16