FID,OBJECTID,ULAND,UREGBEZ,UKREIS,UGEMEINDE,UJAHR,UMONAT,USTUNDE,UWOCHENTAG,UKATEGORIE,UART,UTYP1,ULICHTVERH,IstStrasse,IstRad,IstPKW,IstFuss,IstKrad,IstGkfz,IstSonstig,LINREFX,LINREFY,XGCSWGS84,YGCSWGS84
132201,132202,9,5,64,0,2016,2,12,2,3,6,4,0,1,1,0,1,0,0,0,6.52364E+20,5.47911E+21,1.1102E+16,4.94455E+16
132202,132203,9,7,75,135,2016,1,20,7,3,5,3,2,1,0,1,0,0,0,0,5.74326E+20,5.361E+21,1.00041E+16,4.83978E+16
132203,132204,9,1,62,0,2016,1,18,5,3,3,6,2,1,0,1,0,1,0,0,6.92609E+20,5.33235E+21,1.15879E+16,4.81153E+16
132204,132205,9,5,62,0,2016,1,8,5,3,2,6,0,1,1,0,0,0,0,0,6.45167E+20,5.49438E+21,1.10084E+16,4.95846E+16
132205,132206,9,5,64,0,2016,2,14,4,3,1,5,0,0,0,1,0,0,0,1,6.51599E+20,5.47918E+21,1.10915E+16,4.94464E+16
132206,132207,9,1,62,0,2016,1,21,6,3,6,6,2,1,0,1,1,0,0,0,6.92302E+20,5.33734E+21,1.1586E+16,4.81602E+16
132207,132208,9,1,62,0,2016,1,15,5,3,1,6,0,0,0,1,0,0,0,0,6.92303E+20,5.33737E+21,1.15861E+16,4.81605E+16
132208,132209,9,1,62,0,2016,1,17,4,3,0,2,0,0,1,1,0,0,0,0,6.90348E+20,5.33586E+21,1.15591E+16,4.81475E+16
132209,132210,9,2,72,120,2016,2,10,3,3,6,4,0,0,0,1,1,0,0,0,8.2249E+20,5.42078E+21,1.3397E+16,4.88561E+16
132210,132211,9,4,63,0,2016,1,16,6,3,0,2,0,0,1,1,0,0,0,0,6.40049E+20,5.5698E+21,1.0965E+16,5.02637E+16
132211,132212,9,6,73,114,2016,2,16,3,3,4,2,0,0,1,1,0,0,0,0,5.84926E+20,5.57556E+21,1.01931E+16,5.0326E+16
132212,132213,9,7,79,131,2016,1,19,7,3,8,1,2,1,0,1,0,0,0,0,6.29514E+20,5.39778E+21,1.07609E+16,4.87196E+16
132213,132214,9,7,64,0,2016,2,16,2,3,5,3,0,0,1,1,0,0,0,0,5.88757E+20,5.31581E+21,1.01896E+16,4.79895E+16
132214,132215,9,7,72,184,2016,1,15,7,2,2,6,0,0,1,0,0,0,0,0,6.33528E+20,5.35999E+21,1.08033E+16,4.83789E+16
132215,132216,9,4,62,0,2016,1,14,6,3,5,3,0,0,1,1,0,0,0,0,6.83957E+20,5.53558E+21,1.1564E+16,4.99443E+16
132216,132217,9,6,62,0,2016,2,8,3,2,1,3,0,0,1,1,0,0,0,0,5.86097E+20,5.54284E+21,1.02022E+16,5.00317E+16
132217,132218,9,5,64,0,2016,2,5,2,3,5,3,2,1,0,1,0,0,0,0,6.51181E+20,5.47848E+21,1.10854E+16,4.94402E+16
132218,132219,9,7,64,0,2016,1,17,5,3,4,2,1,1,0,1,0,0,0,0,5.87772E+20,5.3154E+21,1.01763E+16,4.79859E+16
132219,132220,9,5,73,127,2016,1,17,5,3,9,1,1,1,0,1,0,0,0,0,6.44068E+20,5.4748E+21,1.09861E+16,4.94088E+16
132220,132221,9,3,62,0,2016,2,19,4,3,2,6,2,1,0,1,0,0,0,0,7.25811E+20,5.43347E+21,1.20883E+16,4.90127E+16
132221,132222,9,1,62,0,2016,1,19,6,2,5,3,2,1,0,1,0,0,0,0,6.83966E+20,5.33881E+21,1.14747E+16,4.81759E+16
132222,132223,9,2,79,112,2016,2,8,3,2,5,2,0,0,1,1,0,0,0,0,7.5791E+20,5.39345E+21,1.25013E+16,4.86408E+16
132223,132224,9,7,61,0,2016,1,23,7,3,4,6,2,1,1,1,0,0,0,0,6.38367E+20,5.35964E+21,1.08685E+16,4.83747E+16
132224,132225,9,1,62,0,2016,1,20,1,3,1,3,2,1,1,1,0,0,0,0,6.927E+20,5.33798E+21,1.15917E+16,4.81659E+16
132225,132226,9,7,63,0,2016,2,13,2,3,5,3,0,0,0,1,0,0,0,0,5.99007E+20,5.28562E+21,1.032E+16,4.77164E+16
132226,132227,9,7,62,0,2016,1,10,5,3,4,1,0,0,0,1,0,0,1,0,6.22131E+20,5.30406E+21,1.06334E+16,4.78782E+16
132227,132228,9,1,62,0,2016,2,18,3,3,6,4,2,0,0,1,1,0,0,0,6.90349E+20,5.33471E+21,1.15586E+16,4.81372E+16
132228,132229,9,4,61,0,2016,1,15,6,3,5,3,0,0,1,0,0,1,0,0,6.36144E+20,5.5295E+21,1.08959E+16,4.99024E+16
132229,132230,9,1,88,127,2016,1,10,6,3,5,3,0,0,0,1,0,0,0,0,6.79857E+20,5.33049E+21,1.1416E+16,4.81022E+16
132230,132231,9,7,62,0,2016,1,15,5,3,0,1,0,1,1,1,0,0,0,0,6.21592E+20,5.30411E+21,1.06262E+16,4.78788E+16
132231,132232,9,2,71,119,2016,1,15,5,3,2,6,0,1,0,1,0,0,0,0,7.90387E+20,5.41825E+21,1.29586E+16,4.88492E+16
132232,132233,9,1,83,148,2016,2,11,4,3,5,7,1,1,1,1,0,0,0,0,7.52754E+20,5.34507E+21,1.24023E+16,4.82084E+16
132233,132234,9,1,62,0,2016,1,6,6,3,3,6,2,1,0,0,0,1,0,1,6.89929E+20,5.33659E+21,1.15538E+16,4.81542E+16
132234,132235,9,1,90,157,2016,2,7,3,3,4,1,0,0,1,1,0,0,0,0,6.59885E+20,5.30071E+21,1.11368E+16,4.78399E+16
132235,132236,9,6,63,0,2016,1,0,7,2,6,4,2,0,0,1,1,0,0,0,5.67004E+20,5.5146E+21,9.9307E+15,4.97802E+16
132236,132237,9,7,61,0,2016,2,12,2,3,1,5,0,0,1,1,0,0,0,0,6.40371E+20,5.35973E+21,1.08956E+16,4.83751E+16
132237,132238,9,7,72,184,2016,1,19,5,3,4,2,2,1,1,1,1,0,0,0,6.35927E+20,5.36173E+21,1.08362E+16,4.8394E+16
132238,132239,9,1,62,0,2016,1,7,4,3,4,2,0,1,0,1,0,0,0,1,6.94036E+20,5.3418E+21,1.16114E+16,4.81998E+16
132239,132240,9,1,62,0,2016,2,18,3,3,3,6,2,0,1,1,0,0,0,0,6.90543E+20,5.33526E+21,1.15615E+16,4.8142E+16
132240,132241,9,4,61,0,2016,1,21,6,3,0,7,2,0,1,0,0,0,0,0,6.35291E+20,5.52711E+21,1.08832E+16,4.98811E+16
132241,132242,9,1,62,0,2016,1,14,6,3,5,3,0,0,0,1,0,0,0,0,6.88186E+20,5.32736E+21,1.15263E+16,4.80717E+16
132242,132243,9,4,61,0,2016,1,10,6,2,6,4,0,0,0,1,1,0,0,0,6.35953E+20,5.52825E+21,1.08928E+16,4.98912E+16
132243,132244,9,5,77,173,2016,2,7,2,3,0,4,1,1,0,1,1,0,0,0,6.39638E+20,5.42446E+21,1.09075E+16,4.89573E+16
132244,132245,9,6,63,0,2016,1,23,7,3,5,3,2,1,0,1,0,0,0,0,5.6669E+20,5.51707E+21,9.92677E+15,4.98024E+16
132245,132246,9,5,75,112,2016,2,7,2,3,5,3,1,0,0,1,0,0,0,0,6.01684E+20,5.48354E+21,1.04042E+16,4.9496E+16
132246,132247,9,6,74,221,2016,1,16,7,3,0,2,0,0,0,1,0,1,0,0,6.13858E+20,5.54174E+21,1.05893E+16,5.00171E+16
132247,132248,9,1,62,0,2016,1,15,1,3,3,2,0,1,0,0,0,0,0,1,6.90147E+20,5.33525E+21,1.15562E+16,4.81421E+16
132248,132249,9,7,72,147,2016,1,18,5,3,5,3,2,1,1,1,0,0,0,0,6.39E+20,5.36435E+21,1.08786E+16,4.84169E+16
132249,132250,9,1,84,148,2016,1,14,4,3,5,3,0,0,1,1,0,0,0,0,6.94204E+20,5.32584E+21,1.16064E+16,4.80563E+16
132250,132251,9,4,61,0,2016,1,8,6,3,5,3,0,1,0,1,0,0,0,0,6.3638E+20,5.52862E+21,1.08989E+16,4.98944E+16
132251,132252,9,1,62,0,2016,1,19,6,3,6,2,2,0,0,1,1,0,0,0,6.8787E+20,5.32994E+21,1.15232E+16,4.8095E+16
132252,132253,9,4,61,0,2016,2,17,2,3,5,3,1,0,1,1,0,0,0,0,6.36885E+20,5.52905E+21,1.0906E+16,4.98981E+16
132253,132254,9,7,72,163,2016,1,21,5,3,4,1,2,1,0,1,0,0,0,0,6.41058E+20,5.34893E+21,1.09012E+16,4.82779E+16
132254,132255,9,5,64,0,2016,1,16,5,3,5,2,0,1,0,1,0,0,0,0,6.47915E+20,5.47847E+21,1.10404E+16,4.94408E+16
132255,132256,9,4,62,0,2016,2,15,4,3,1,6,0,1,1,1,0,0,0,0,6.85317E+20,5.53461E+21,1.15825E+16,4.99351E+16
132256,132257,9,1,62,0,2016,1,19,6,3,0,3,2,0,0,1,0,0,0,0,6.97227E+20,5.33222E+21,1.16498E+16,4.81126E+16
132257,132258,9,7,61,0,2016,1,16,5,3,4,2,0,1,1,1,0,0,0,0,6.3915E+20,5.35919E+21,1.08789E+16,4.83706E+16
132258,132259,9,1,62,0,2016,1,16,4,3,5,3,0,0,0,1,0,0,0,0,6.89586E+20,5.33071E+21,1.15466E+16,4.81014E+16
132259,132260,9,1,87,137,2016,2,6,3,3,1,5,2,0,0,0,0,1,0,1,7.30485E+20,5.30901E+21,1.20836E+16,4.7893E+16
132260,132261,9,1,62,0,2016,1,18,1,3,5,3,2,1,1,1,0,0,0,0,6.92067E+20,5.33334E+21,1.15811E+16,4.81243E+16
132261,132262,9,1,62,0,2016,1,6,6,3,8,7,2,1,0,1,0,0,0,0,6.97567E+20,5.33728E+21,1.16567E+16,4.81581E+16
132262,132263,9,7,71,113,2016,1,6,5,2,0,7,2,0,1,0,0,0,0,0,6.54648E+20,5.36656E+21,1.10908E+16,4.84332E+16
132263,132264,9,1,84,147,2016,1,17,4,3,5,3,1,0,1,1,0,0,0,0,6.97111E+20,5.34089E+21,1.16523E+16,4.81906E+16
132264,132265,9,1,61,0,2016,2,7,3,3,2,6,0,0,0,1,0,0,0,0,6.74909E+20,5.4045E+21,1.13804E+16,4.87689E+16
132265,132266,9,3,75,174,2016,1,15,6,3,0,1,0,0,1,0,0,0,0,0,7.34345E+20,5.4298E+21,1.22027E+16,4.89766E+16
132266,132267,9,5,62,0,2016,2,18,3,3,3,2,2,1,1,1,0,0,0,0,6.45025E+20,5.49497E+21,1.10066E+16,4.95899E+16
132267,132268,9,3,62,0,2016,2,8,2,2,5,3,0,1,0,1,0,1,0,0,7.26817E+20,5.43167E+21,1.2101E+16,4.89962E+16
132268,132269,9,7,72,151,2016,2,15,2,3,2,6,0,0,0,1,0,1,0,0,6.3235E+20,5.34336E+21,1.07822E+16,4.82297E+16
132269,132270,9,6,76,134,2016,1,10,7,3,5,3,0,0,1,1,0,0,0,0,5.12925E+20,5.51368E+21,9.17951E+15,4.97754E+16
132270,132271,9,6,63,0,2016,1,11,5,3,4,3,0,1,0,1,0,0,0,1,5.67269E+20,5.5153E+21,9.9345E+15,4.97864E+16
132271,132272,9,3,62,0,2016,1,8,5,3,2,6,0,0,0,1,0,0,0,0,7.22752E+20,5.43337E+21,1.20464E+16,4.9013E+16
132272,132273,9,3,62,0,2016,2,12,4,3,4,2,0,1,0,1,0,0,0,1,7.27594E+20,5.43158E+21,1.21116E+16,4.89951E+16
132273,132274,9,1,62,0,2016,1,19,6,3,3,2,2,0,1,1,0,0,0,0,6.89717E+20,5.33335E+21,1.15495E+16,4.81251E+16
132274,132275,9,1,79,126,2016,2,9,3,3,5,3,0,0,0,1,0,0,0,1,6.77537E+20,5.33956E+21,1.13886E+16,4.81845E+16
132275,132276,9,6,76,169,2016,1,18,7,3,5,3,2,1,0,1,0,0,0,0,5.10996E+20,5.51595E+21,9.15279E+15,4.97959E+16
132276,132277,9,5,74,138,2016,1,10,7,2,0,7,0,0,0,1,0,0,0,0,6.66162E+20,5.4861E+21,1.12951E+16,4.95047E+16
132277,132278,9,7,71,142,2016,2,9,2,3,5,3,0,0,1,1,0,0,0,0,6.46446E+20,5.35181E+21,1.09748E+16,4.83025E+16
132278,132279,9,5,74,150,2016,1,9,7,3,6,4,0,0,0,1,1,0,0,0,6.71423E+20,5.48734E+21,1.13683E+16,4.95144E+16
132279,132280,9,6,63,0,2016,1,7,5,3,5,3,0,1,0,1,0,0,0,0,5.65461E+20,5.51623E+21,9.90955E+15,4.9795E+16
132280,132281,9,1,74,115,2016,2,18,4,3,6,4,2,1,0,1,1,0,0,0,6.82813E+20,5.34776E+21,1.1463E+16,4.82566E+16
132281,132282,9,3,62,0,2016,1,11,6,3,5,3,0,0,0,1,0,0,0,1,7.25648E+20,5.43412E+21,1.20864E+16,4.90187E+16
132282,132283,9,7,75,135,2016,1,10,6,3,2,6,0,0,0,1,0,0,0,0,5.74311E+20,5.36098E+21,1.00039E+16,4.83976E+16
132283,132284,9,5,74,112,2016,1,9,7,2,9,1,0,1,0,1,0,0,0,0,6.73224E+20,5.47709E+21,1.13886E+16,4.94218E+16
132284,132285,9,1,62,0,2016,1,17,1,3,6,7,2,1,0,1,1,0,0,0,6.89665E+20,5.3334E+21,1.15489E+16,4.81256E+16
132285,132286,9,7,61,0,2016,2,17,2,3,0,7,0,0,0,0,0,0,0,1,6.41423E+20,5.35927E+21,1.09096E+16,4.83707E+16
132286,132287,9,6,79,138,2016,1,20,5,3,8,7,2,0,0,1,0,0,0,0,5.68032E+20,5.50095E+21,9.9426E+15,4.96573E+16
132287,132288,9,1,62,0,2016,1,21,4,3,6,4,2,0,0,1,1,0,0,0,7.0014E+20,5.33487E+21,1.16902E+16,4.81356E+16
132288,132289,9,7,80,139,2016,2,18,3,3,5,3,2,1,0,1,0,0,0,0,5.95895E+20,5.2623E+21,1.02735E+16,4.75071E+16
132289,132290,9,7,78,136,2016,1,13,1,3,4,6,0,2,0,1,0,0,0,0,5.9843E+20,5.32014E+21,1.03202E+16,4.80269E+16
132290,132291,9,6,63,0,2016,2,16,2,3,0,3,0,0,0,1,1,0,0,0,5.69061E+20,5.51424E+21,9.95921E+15,4.97766E+16
132291,132292,9,6,61,0,2016,1,13,5,3,2,6,0,0,0,1,0,0,0,0,5.11089E+20,5.53507E+21,9.15462E+15,4.99679E+16
132292,132293,9,1,62,0,2016,1,15,4,3,5,2,0,0,1,1,0,0,0,0,6.9383E+20,5.33408E+21,1.16051E+16,4.81304E+16
132293,132294,9,1,62,0,2016,2,18,3,3,6,4,1,0,0,1,1,0,0,0,6.93324E+20,5.33612E+21,1.15992E+16,4.81489E+16
132294,132295,9,3,62,0,2016,1,7,6,3,6,2,1,0,0,1,1,0,0,0,7.2403E+20,5.43463E+21,1.20646E+16,4.90238E+16
132295,132296,9,7,75,152,2016,1,12,6,3,4,3,0,0,1,1,0,0,0,0,5.78862E+20,5.35443E+21,1.00642E+16,4.83381E+16
132296,132297,9,3,72,177,2016,1,21,6,3,9,1,2,2,0,1,0,0,0,0,7.69464E+20,5.44936E+21,1.26947E+16,4.91379E+16
132297,132298,9,3,62,0,2016,2,7,2,2,0,1,1,1,1,1,0,0,0,0,7.30139E+20,5.43284E+21,1.2147E+16,4.90055E+16
132298,132299,9,5,63,0,2016,1,10,7,2,5,3,0,0,0,1,0,0,0,0,6.43082E+20,5.48253E+21,1.09753E+16,4.94785E+16
132299,132300,9,7,79,131,2016,1,19,1,3,6,4,2,1,0,1,1,0,0,0,6.28607E+20,5.39729E+21,1.07484E+16,4.87154E+16
132300,132301,9,1,62,0,2016,1,18,4,3,1,3,2,0,1,1,0,0,0,0,6.9067E+20,5.33657E+21,1.15638E+16,4.81537E+16
132301,132302,9,1,79,142,2016,2,16,6,3,6,1,1,0,0,1,1,0,0,0,6.71946E+20,5.34185E+21,1.13144E+16,4.82066E+16
132302,132303,9,7,78,136,2016,2,14,6,2,5,3,0,0,0,1,0,0,0,0,5.99926E+20,5.31948E+21,1.03401E+16,4.80208E+16
132303,132304,9,1,79,123,2016,2,22,6,3,8,1,2,0,0,1,0,0,0,0,6.76351E+20,5.33447E+21,1.13705E+16,4.8139E+16
132304,132305,9,3,62,0,2016,2,10,2,3,5,3,0,0,1,1,0,0,0,0,7.23927E+20,5.43431E+21,1.2063E+16,4.9021E+16
132305,132306,9,7,61,0,2016,2,10,1,3,5,3,0,0,0,1,0,0,0,1,6.40585E+20,5.35705E+21,1.08976E+16,4.83509E+16
132306,132307,9,6,73,114,2016,2,17,5,3,6,7,1,1,0,1,1,0,0,0,5.86755E+20,5.57543E+21,1.02188E+16,5.03246E+16
132307,132308,9,1,62,0,2016,2,4,7,3,5,3,2,0,0,1,0,0,0,0,6.94444E+20,5.32955E+21,1.16113E+16,4.80896E+16
132308,132309,9,5,64,0,2016,2,18,4,3,5,2,2,1,0,1,0,0,0,0,6.49223E+20,5.48033E+21,1.10592E+16,4.94573E+16
132309,132310,9,7,74,135,2016,2,13,6,3,6,4,0,0,0,1,1,0,0,0,5.9473E+20,5.36813E+21,1.02813E+16,4.84592E+16
132310,132311,9,6,71,122,2016,2,15,5,3,6,4,0,0,0,1,1,0,0,0,5.02884E+20,5.53135E+21,9.04019E+15,4.99345E+16
132311,132312,9,1,62,0,2016,2,12,7,3,6,5,0,0,0,1,1,0,0,0,6.91372E+20,5.33625E+21,1.15731E+16,4.81507E+16
132312,132313,9,1,82,120,2016,2,15,3,3,4,2,0,0,0,1,0,1,0,0,7.02609E+20,5.3066E+21,1.171E+16,4.78808E+16
132313,132314,9,1,79,121,2016,2,15,6,3,5,3,0,0,1,1,0,0,0,0,6.65236E+20,5.3367E+21,1.12221E+16,4.81621E+16
132314,132315,9,5,64,0,2016,2,10,3,3,1,6,0,1,0,1,0,0,0,0,6.5098E+20,5.48077E+21,1.10835E+16,4.94608E+16
132315,132316,9,7,73,111,2016,2,9,2,3,8,1,0,0,0,1,0,0,0,0,6.0699E+20,5.37301E+21,1.04484E+16,4.85011E+16
132316,132317,9,7,61,0,2016,2,5,1,3,8,1,2,0,0,1,0,0,0,0,6.40731E+20,5.36012E+21,1.09006E+16,4.83785E+16
132317,132318,9,6,61,0,2016,2,18,5,3,5,3,2,1,1,1,0,0,0,0,5.11645E+20,5.53596E+21,9.1624E+15,4.99759E+16
132318,132319,9,7,78,136,2016,2,20,7,3,8,1,2,0,0,1,0,0,0,0,6.00393E+20,5.32176E+21,1.03469E+16,4.80412E+16
132319,132320,9,1,77,126,2016,2,20,4,3,4,7,2,0,0,1,0,1,0,0,7.17992E+20,5.36834E+21,1.19471E+16,4.84304E+16
132320,132321,9,5,62,0,2016,2,17,5,3,4,2,2,1,1,1,0,0,0,0,6.45414E+20,5.496E+21,1.10124E+16,4.95991E+16
132321,132322,9,7,74,171,2016,2,16,7,3,5,3,0,0,1,1,0,0,0,0,6.00777E+20,5.37047E+21,1.03637E+16,4.84792E+16
132322,132323,9,2,62,0,2016,2,20,4,3,8,1,2,1,0,1,0,0,0,0,8.28615E+20,5.38989E+21,1.34557E+16,4.85758E+16
132323,132324,9,7,80,120,2016,2,15,6,3,0,7,0,0,1,0,0,0,0,0,6.00493E+20,5.28336E+21,1.03393E+16,4.76958E+16
132324,132325,9,1,87,150,2016,2,11,3,3,5,3,0,0,0,1,0,1,0,0,7.29455E+20,5.30409E+21,1.20672E+16,4.78491E+16
132325,132326,9,6,79,202,2016,2,16,1,2,0,7,0,0,1,0,0,0,0,0,5.6363E+20,5.52103E+21,9.88489E+15,4.98384E+16
132326,132327,9,1,62,0,2016,2,13,4,3,6,2,0,1,0,0,1,0,0,1,6.88227E+20,5.33022E+21,1.15282E+16,4.80975E+16
132327,132328,9,7,61,0,2016,2,9,2,3,5,2,0,0,0,1,0,0,0,0,6.43415E+20,5.36054E+21,1.09369E+16,4.83817E+16
132328,132329,9,5,64,0,2016,2,16,5,3,0,7,0,1,0,0,0,0,0,1,6.52664E+20,5.47831E+21,1.11058E+16,4.94383E+16
132329,132330,9,1,62,0,2016,2,8,3,3,5,7,0,0,1,1,0,0,0,0,6.90855E+20,5.32995E+21,1.15633E+16,4.80942E+16
132330,132331,9,1,74,115,2016,2,12,6,3,2,6,0,0,0,1,0,0,0,0,6.81271E+20,5.34784E+21,1.14423E+16,4.82578E+16
132331,132332,9,7,61,0,2016,2,12,6,3,6,2,0,0,0,1,1,0,0,0,6.41727E+20,5.36005E+21,1.0914E+16,4.83777E+16
132332,132333,9,3,73,147,2016,2,10,2,3,6,7,0,0,0,1,1,0,0,0,6.79326E+20,5.46067E+21,1.14653E+16,4.92724E+16
132333,132334,9,7,61,0,2016,2,19,6,3,5,3,2,0,1,1,0,0,0,0,6.40538E+20,5.35779E+21,1.08972E+16,4.83577E+16
132334,132335,9,5,64,0,2016,2,7,3,3,0,3,2,0,0,1,0,0,0,0,6.47869E+20,5.472E+21,1.10374E+16,4.93827E+16
132335,132336,9,6,63,0,2016,2,20,1,2,5,3,2,0,0,1,0,0,0,0,5.70357E+20,5.51808E+21,9.97789E+15,4.9811E+16
132336,132337,9,1,62,0,2016,2,18,4,3,6,2,2,1,0,1,1,0,0,0,6.88571E+20,5.3324E+21,1.15337E+16,4.81169E+16
132337,132338,9,7,72,125,2016,2,20,2,3,0,7,2,1,1,0,0,0,0,0,6.36666E+20,5.3487E+21,1.0842E+16,4.82767E+16
132338,132339,9,5,64,0,2016,2,8,5,3,5,2,0,0,1,1,0,0,0,0,6.46341E+20,5.47733E+21,1.10183E+16,4.9431E+16
132339,132340,9,7,77,129,2016,2,12,7,3,0,6,0,0,1,0,0,0,0,0,6.26851E+20,5.27444E+21,1.06879E+16,4.76109E+16
132340,132341,9,7,80,122,2016,2,22,3,1,0,1,2,1,1,0,0,0,0,0,6.0215E+20,5.29299E+21,1.03637E+16,4.77822E+16
132341,132342,9,1,78,124,2016,2,15,6,3,2,6,0,0,1,1,0,0,0,0,7.04646E+20,5.36328E+21,1.17644E+16,4.83894E+16
132342,132343,9,6,75,117,2016,2,17,6,3,0,7,2,1,0,1,1,0,0,0,5.84573E+20,5.51792E+21,1.01754E+16,4.98078E+16
132343,132344,9,1,77,130,2016,2,9,6,3,5,2,0,0,0,1,0,0,0,0,7.09715E+20,5.35085E+21,1.18266E+16,4.82761E+16
132344,132345,9,3,71,151,2016,2,5,2,3,6,7,2,1,1,0,1,0,0,0,6.99728E+20,5.48621E+21,1.17583E+16,4.94956E+16
132345,132346,9,5,64,0,2016,2,18,1,3,6,7,2,0,0,1,1,0,0,0,6.50838E+20,5.47918E+21,1.1081E+16,4.94465E+16
132346,132347,9,1,62,0,2016,2,10,4,3,1,6,0,1,0,1,0,0,0,1,6.92888E+20,5.33787E+21,1.15941E+16,4.81648E+16
132347,132348,9,5,62,0,2016,2,14,6,3,6,6,0,0,1,0,1,0,0,0,6.44741E+20,5.49588E+21,1.1003E+16,4.95982E+16
132348,132349,9,5,64,0,2016,2,10,5,3,3,6,0,0,0,1,0,0,1,0,6.50224E+20,5.47484E+21,1.10709E+16,4.94077E+16
132349,132350,9,7,72,177,2016,2,13,7,3,5,3,0,0,0,1,0,0,0,0,6.37059E+20,5.37613E+21,1.08563E+16,4.85233E+16
132350,132351,9,5,64,0,2016,2,0,1,2,5,3,2,0,1,1,0,0,0,0,6.51228E+20,5.47988E+21,1.10866E+16,4.94527E+16
132351,132352,9,1,62,0,2016,2,8,4,3,0,7,0,1,1,0,0,0,0,0,6.9101E+20,5.33522E+21,1.15677E+16,4.81415E+16
132352,132353,9,5,71,145,2016,2,10,5,2,8,1,0,1,0,1,0,0,0,0,5.95069E+20,5.44586E+21,1.03039E+16,4.91582E+16
132353,132354,9,7,71,144,2016,2,11,7,3,5,2,0,0,1,1,0,0,0,0,6.61443E+20,5.37357E+21,1.11853E+16,4.84945E+16
132354,132355,9,5,74,160,2016,2,5,3,3,6,4,2,1,0,1,1,0,0,0,6.8138E+20,5.49866E+21,1.15109E+16,4.96133E+16
132355,132356,9,1,77,117,2016,2,10,6,3,4,2,0,0,1,1,0,0,0,0,7.14939E+20,5.3541E+21,1.18986E+16,4.83036E+16
132356,132357,9,5,62,0,2016,2,15,6,3,0,7,0,0,0,0,0,0,0,1,6.44886E+20,5.49508E+21,1.10048E+16,4.95909E+16
132357,132358,9,1,62,0,2016,2,17,5,3,5,2,2,0,0,1,0,0,0,0,6.94688E+20,5.33303E+21,1.16161E+16,4.81207E+16
132358,132359,9,3,76,161,2016,2,19,2,2,5,3,2,1,0,1,0,0,0,0,7.27377E+20,5.46797E+21,1.21291E+16,4.9322E+16
132359,132360,9,4,63,0,2016,2,17,5,3,6,3,1,1,0,1,1,0,0,0,6.39899E+20,5.56886E+21,1.09625E+16,5.02553E+16
132360,132361,9,5,76,151,2016,2,12,7,3,5,3,0,0,0,1,0,0,0,0,6.56953E+20,5.46873E+21,1.11612E+16,4.93511E+16
132361,132362,9,4,78,145,2016,2,11,4,3,5,3,0,1,0,1,0,0,0,0,6.50693E+20,5.55913E+21,1.111E+16,5.01652E+16
132362,132363,9,5,62,0,2016,2,15,6,3,1,5,0,0,1,1,0,0,0,0,6.45389E+20,5.49609E+21,1.10121E+16,4.95999E+16
132363,132364,9,4,74,126,2016,2,16,5,3,4,2,1,1,0,1,0,0,0,0,6.4867E+20,5.50808E+21,1.1062E+16,4.97069E+16
132364,132365,9,5,63,0,2016,2,14,7,3,1,7,0,0,0,1,0,1,0,0,6.44463E+20,5.4831E+21,1.09945E+16,4.94833E+16
132365,132366,9,1,87,122,2016,2,18,3,3,5,3,1,0,0,1,0,0,0,0,7.19314E+20,5.30738E+21,1.19335E+16,4.78823E+16
132366,132367,9,1,62,0,2016,2,18,5,3,5,2,2,1,0,1,0,0,0,0,6.87548E+20,5.33812E+21,1.15225E+16,4.81686E+16
132367,132368,9,5,77,177,2016,2,9,3,3,5,3,0,0,1,1,0,0,0,0,6.44348E+20,5.43276E+21,1.09748E+16,4.90308E+16
132368,132369,9,5,64,0,2016,2,23,1,2,6,1,2,0,0,1,1,0,0,0,6.51555E+20,5.47866E+21,1.10907E+16,4.94417E+16
132369,132370,9,1,61,0,2016,2,17,3,3,0,1,0,1,1,0,0,0,0,0,6.72055E+20,5.40251E+21,1.13408E+16,4.87518E+16
132370,132371,9,1,62,0,2016,2,19,5,3,4,2,2,1,0,1,0,0,0,0,6.95494E+20,5.33748E+21,1.1629E+16,4.81605E+16
132371,132372,9,1,62,0,2016,2,12,5,3,5,3,0,0,0,1,0,0,0,0,6.86328E+20,5.33029E+21,1.15027E+16,4.80986E+16
132372,132373,9,5,71,226,2016,2,19,3,3,4,2,2,1,0,1,0,0,0,0,6.331E+20,5.4566E+21,1.08289E+16,4.92476E+16
132373,132374,9,2,71,119,2016,2,17,2,3,4,2,2,0,0,1,0,1,0,0,7.91479E+20,5.41723E+21,1.29728E+16,4.88395E+16
132374,132375,9,4,74,132,2016,2,17,5,3,4,1,1,2,0,1,0,0,0,0,6.62304E+20,5.50481E+21,1.12496E+16,4.9674E+16
132375,132376,9,5,64,0,2016,2,19,7,3,5,3,2,0,0,1,0,0,0,0,6.52466E+20,5.48341E+21,1.11051E+16,4.94842E+16
132376,132377,9,1,89,155,2016,2,14,4,3,6,7,0,0,0,1,1,0,0,0,7.72198E+20,5.30819E+21,1.264E+16,4.78693E+16
132377,132378,9,5,63,0,2016,2,16,6,3,4,2,1,0,0,1,0,0,0,0,6.42325E+20,5.48243E+21,1.09648E+16,4.94779E+16
132378,132379,9,1,88,139,2016,2,10,3,3,5,3,0,0,1,1,0,0,0,0,6.75476E+20,5.3194E+21,1.13526E+16,4.80038E+16