FID,OBJECTID,ULAND,UREGBEZ,UKREIS,UGEMEINDE,UJAHR,UMONAT,USTUNDE,UWOCHENTAG,UKATEGORIE,UART,UTYP1,ULICHTVERH,IstStrasse,IstRad,IstPKW,IstFuss,IstKrad,IstGkfz,IstSonstig,LINREFX,LINREFY,XGCSWGS84,YGCSWGS84
132556,132557,9,6,76,125,2016,2,18,3,3,5,3,2,1,0,1,0,0,0,0,5.17265E+20,5.50663E+21,9.23948E+15,4.97119E+16
132557,132558,9,5,72,111,2016,2,18,4,2,0,7,2,1,1,0,0,0,0,0,6.3656E+20,5.50848E+21,1.08943E+16,4.97133E+16
132558,132559,9,3,75,174,2016,2,18,2,3,2,6,2,1,0,1,0,0,0,0,7.34116E+20,5.43121E+21,1.22004E+16,4.89894E+16
132559,132560,9,1,62,0,2016,2,6,4,3,5,3,2,1,0,1,0,0,0,0,6.81207E+20,5.3386E+21,1.14375E+16,4.81748E+16
132560,132561,9,1,62,0,2016,2,13,6,3,2,6,0,0,0,1,0,0,0,0,6.90322E+20,5.33562E+21,1.15587E+16,4.81454E+16
132561,132562,9,7,75,135,2016,2,16,3,3,3,2,0,1,1,1,0,0,0,0,5.7422E+20,5.36019E+21,1.00026E+16,4.83905E+16
132562,132563,9,6,63,0,2016,2,10,5,3,0,7,0,0,0,1,0,0,0,1,5.68878E+20,5.51119E+21,9.95613E+15,4.97493E+16
132563,132564,9,1,79,142,2016,2,20,6,3,5,3,2,0,1,1,0,0,0,0,6.7294E+20,5.34311E+21,1.13283E+16,4.82176E+16
132564,132565,9,6,75,141,2016,2,22,5,3,5,3,2,1,0,1,0,0,0,0,5.83901E+20,5.51011E+21,1.01644E+16,4.97376E+16
132565,132566,9,7,80,145,2016,2,22,1,3,8,1,2,1,0,1,0,0,0,0,6.05931E+20,5.27325E+21,1.04093E+16,4.7604E+16
132566,132567,9,1,62,0,2016,2,18,7,3,5,3,2,0,1,1,0,0,0,0,6.91422E+20,5.33213E+21,1.15719E+16,4.81136E+16
132567,132568,9,5,72,132,2016,2,8,4,3,5,3,0,0,0,1,0,0,0,0,6.36249E+20,5.49322E+21,1.08847E+16,4.95762E+16
132568,132569,9,1,80,123,2016,2,14,1,3,4,1,0,1,0,1,0,0,0,0,6.70466E+20,5.25785E+21,1.12614E+16,4.74518E+16
132569,132570,9,5,63,0,2016,2,7,2,3,6,7,0,1,1,0,1,0,0,0,6.44039E+20,5.48227E+21,1.09884E+16,4.9476E+16
132570,132571,9,1,85,149,2016,2,0,1,3,0,7,2,1,1,0,0,0,0,0,6.60925E+20,5.40001E+21,1.11885E+16,4.87324E+16
132571,132572,9,7,61,0,2016,2,15,3,3,0,7,0,0,0,1,0,0,0,1,6.428E+20,5.3578E+21,1.09277E+16,4.83572E+16
132572,132573,9,1,83,119,2016,2,10,5,2,6,4,0,0,0,1,1,0,0,0,7.36603E+20,5.33917E+21,1.2182E+16,4.81617E+16
132573,132574,9,1,62,0,2016,2,9,6,2,8,7,0,0,0,1,0,0,0,0,6.97239E+20,5.33183E+21,1.16498E+16,4.81091E+16
132574,132575,9,1,80,117,2016,2,7,3,3,5,3,0,1,1,1,0,0,0,0,6.58611E+20,5.26149E+21,1.11056E+16,4.74875E+16
132575,132576,9,5,71,193,2016,2,16,5,3,5,3,0,0,0,1,0,0,0,0,5.857E+20,5.46998E+21,1.01806E+16,4.93765E+16
132576,132577,9,1,62,0,2016,2,6,5,3,5,3,1,1,1,1,0,0,0,0,6.86362E+20,5.33973E+21,1.15073E+16,4.81835E+16
132577,132578,9,5,64,0,2016,2,17,2,3,5,3,0,0,0,1,0,0,0,0,6.48979E+20,5.47436E+21,1.10535E+16,4.94037E+16
132578,132579,9,1,62,0,2016,2,11,6,2,5,2,0,0,0,1,0,1,0,0,6.88676E+20,5.34297E+21,1.15398E+16,4.82119E+16
132579,132580,9,1,83,119,2016,2,9,3,2,4,7,0,0,0,1,0,0,0,0,7.36603E+20,5.33917E+21,1.2182E+16,4.81617E+16
132580,132581,9,1,71,111,2016,2,7,5,3,4,6,0,0,1,0,0,0,0,0,7.73137E+20,5.34757E+21,1.26777E+16,4.82224E+16
132581,132582,9,1,62,0,2016,2,14,7,2,0,7,0,0,1,1,0,0,0,0,6.88017E+20,5.33192E+21,1.15261E+16,4.81128E+16
132582,132583,9,3,75,175,2016,2,13,5,2,1,2,0,0,0,1,0,0,0,0,7.1482E+20,5.43429E+21,1.19386E+16,4.9024E+16
132583,132584,9,1,86,143,2016,2,15,4,3,2,7,0,0,0,1,0,0,0,0,6.85395E+20,5.37781E+21,1.15111E+16,4.8526E+16
132584,132585,9,1,63,0,2016,2,17,5,3,5,3,0,0,0,1,0,0,0,0,7.31019E+20,5.30348E+21,1.20878E+16,4.78431E+16
132585,132586,9,1,62,0,2016,2,9,6,3,4,2,0,0,1,1,0,0,0,0,6.86653E+20,5.33616E+21,1.15096E+16,4.81513E+16
132586,132587,9,1,89,118,2016,2,15,3,3,5,3,0,1,0,1,0,0,0,0,7.845E+20,5.32396E+21,1.28146E+16,4.80055E+16
132587,132588,9,1,62,0,2016,2,21,5,3,5,2,2,0,0,1,0,0,0,0,6.90969E+20,5.33432E+21,1.15668E+16,4.81334E+16
132588,132589,9,1,62,0,2016,2,20,6,3,2,6,2,1,0,1,0,0,0,0,6.86221E+20,5.33355E+21,1.15027E+16,4.81279E+16
132589,132590,9,1,72,114,2016,2,16,3,1,5,3,0,1,1,0,0,0,0,0,7.92021E+20,5.29452E+21,1.28953E+16,4.77379E+16
132590,132591,9,1,84,138,2016,2,15,5,3,5,3,0,0,0,1,0,0,0,0,6.80408E+20,5.33056E+21,1.14234E+16,4.81027E+16
132591,132592,9,5,61,0,2016,2,17,2,3,8,7,2,1,0,1,0,0,0,0,6.09923E+20,5.46043E+21,1.05116E+16,4.92867E+16
132592,132593,9,1,76,126,2016,2,16,5,3,5,3,0,0,1,1,0,0,0,0,6.73699E+20,5.41215E+21,1.13672E+16,4.8838E+16
132593,132594,9,1,61,0,2016,2,16,5,3,6,6,0,0,1,0,1,0,0,0,6.77032E+20,5.40528E+21,1.14096E+16,4.87753E+16
132594,132595,9,6,63,0,2016,2,18,4,3,1,6,0,0,0,1,0,0,0,0,5.69206E+20,5.51647E+21,9.96162E+15,4.97967E+16
132595,132596,9,1,81,122,2016,2,10,4,3,9,1,0,1,0,1,0,0,0,0,6.52167E+20,5.33117E+21,1.10445E+16,4.81156E+16
132596,132597,9,1,62,0,2016,2,16,6,3,2,6,1,1,0,1,0,0,0,0,6.84325E+20,5.33186E+21,1.14765E+16,4.81133E+16
132597,132598,9,1,62,0,2016,2,15,5,3,2,6,0,0,0,1,0,0,0,0,6.8935E+20,5.33611E+21,1.15458E+16,4.815E+16
132598,132599,9,1,62,0,2016,2,17,7,3,5,3,0,1,1,1,0,0,0,0,6.86541E+20,5.33796E+21,1.15089E+16,4.81675E+16
132599,132600,9,4,62,0,2016,2,17,2,3,6,7,0,0,0,1,1,0,0,0,6.84298E+20,5.5337E+21,1.15679E+16,4.99272E+16
132600,132601,9,7,61,0,2016,2,21,3,3,5,2,2,0,1,1,0,0,0,0,6.39997E+20,5.35735E+21,1.08898E+16,4.83538E+16
132601,132602,9,3,63,0,2016,2,12,2,3,1,7,0,0,0,1,0,0,0,0,7.27163E+20,5.50711E+21,1.21487E+16,4.96737E+16
132602,132603,9,4,74,126,2016,2,8,5,3,6,4,0,0,0,1,1,0,0,0,6.48583E+20,5.51091E+21,1.10619E+16,4.97324E+16
132603,132604,9,1,81,118,2016,2,17,5,3,9,1,0,0,0,1,0,0,0,0,6.50212E+20,5.32721E+21,1.10169E+16,4.80805E+16
132604,132605,9,6,73,141,2016,2,7,4,3,5,3,0,0,1,1,0,0,0,0,6.04428E+20,5.5733E+21,1.04664E+16,5.03025E+16
132605,132606,9,1,79,126,2016,2,8,4,2,0,7,0,0,0,1,0,0,0,0,6.76615E+20,5.34152E+21,1.1377E+16,4.82024E+16
132606,132607,9,1,84,148,2016,2,19,6,3,0,3,2,0,0,1,0,0,0,0,6.93482E+20,5.32562E+21,1.15966E+16,4.80545E+16
132607,132608,9,1,82,125,2016,2,20,3,2,5,3,2,1,0,1,0,1,0,0,7.12528E+20,5.29675E+21,1.18376E+16,4.7789E+16
132608,132609,9,1,62,0,2016,2,13,5,3,5,3,0,0,0,1,0,0,0,1,6.90682E+20,5.32936E+21,1.15607E+16,4.8089E+16
132609,132610,9,1,62,0,2016,2,20,7,3,0,1,2,1,0,0,0,1,0,0,6.80253E+20,5.33486E+21,1.14231E+16,4.81414E+16
132610,132611,9,3,77,154,2016,2,11,2,2,0,4,0,1,0,1,1,0,0,0,7.39733E+20,5.53041E+21,1.2337E+16,4.9878E+16
132611,132612,9,1,62,0,2016,2,11,7,3,2,6,0,1,0,1,0,0,0,0,6.86895E+20,5.33861E+21,1.1514E+16,4.81733E+16
132612,132613,9,7,61,0,2016,2,10,3,3,2,7,0,0,0,1,0,0,0,0,6.41023E+20,5.35145E+21,1.09016E+16,4.83005E+16
132613,132614,9,1,81,128,2016,2,7,5,2,9,1,0,2,0,1,0,0,0,0,6.39451E+20,5.32725E+21,1.08725E+16,4.80832E+16
132614,132615,9,6,72,114,2016,2,7,4,3,8,7,0,0,0,1,0,0,0,0,5.7729E+20,5.56245E+21,1.00832E+16,5.02092E+16
132615,132616,9,5,64,0,2016,2,11,5,3,1,5,0,0,0,1,0,1,0,0,6.49404E+20,5.4792E+21,1.10612E+16,4.94471E+16
132616,132617,9,2,78,151,2016,2,17,2,3,0,7,0,1,0,0,0,1,0,0,7.6844E+20,5.43153E+21,1.26688E+16,4.89783E+16
132617,132618,9,7,78,118,2016,2,19,6,3,8,7,2,0,0,1,0,0,0,0,5.90378E+20,5.31387E+21,1.02109E+16,4.79718E+16
132618,132619,9,1,61,0,2016,2,14,3,3,2,6,0,0,0,1,0,0,0,0,6.78443E+20,5.40466E+21,1.14286E+16,4.87693E+16
132619,132620,9,1,75,111,2016,2,18,5,3,6,4,2,0,0,1,1,0,0,0,7.12244E+20,5.33684E+21,1.18536E+16,4.81493E+16
132620,132621,9,6,61,0,2016,2,15,4,3,3,3,0,0,0,1,0,0,0,0,5.10827E+20,5.53504E+21,9.15097E+15,4.99676E+16
132621,132622,9,1,75,132,2016,2,16,6,3,6,4,0,0,0,1,1,0,0,0,7.05884E+20,5.33163E+21,1.17657E+16,4.81046E+16
132622,132623,9,7,63,0,2016,2,8,6,3,1,6,0,0,0,1,0,0,0,0,5.97503E+20,5.28496E+21,1.02999E+16,4.77107E+16
132623,132624,9,1,79,123,2016,2,11,3,3,5,2,0,0,1,1,0,0,0,0,6.75598E+20,5.33346E+21,1.136E+16,4.81302E+16
132624,132625,9,1,62,0,2016,2,19,5,3,5,3,2,0,0,1,0,0,0,0,6.90667E+20,5.33657E+21,1.15637E+16,4.81537E+16
132625,132626,9,1,62,0,2016,2,15,7,3,0,4,0,1,1,0,1,0,0,0,6.94538E+20,5.33531E+21,1.16151E+16,4.81413E+16
132626,132627,9,2,62,0,2016,2,8,2,3,0,7,0,0,0,0,0,0,0,1,8.2737E+20,5.38878E+21,1.34379E+16,4.85664E+16
132627,132628,9,1,62,0,2016,2,18,7,3,1,5,2,0,1,1,0,0,0,0,6.90527E+20,5.33478E+21,1.15611E+16,4.81377E+16
132628,132629,9,7,61,0,2016,2,14,3,3,0,1,0,0,1,0,0,0,0,0,6.3966E+20,5.35952E+21,1.08859E+16,4.83734E+16
132629,132630,9,7,63,0,2016,2,16,6,2,0,1,0,0,1,0,0,0,0,0,5.98106E+20,5.28632E+21,1.03082E+16,4.77228E+16
132630,132631,9,1,62,0,2016,2,18,2,3,2,6,2,0,0,1,0,0,0,0,6.92067E+20,5.33334E+21,1.15811E+16,4.81243E+16
132631,132632,9,1,62,0,2016,2,11,5,3,5,3,0,0,0,1,0,0,0,0,6.90841E+20,5.33476E+21,1.15653E+16,4.81375E+16
132632,132633,9,1,73,126,2016,2,8,2,3,5,3,0,1,1,1,0,0,0,0,6.85227E+20,5.30434E+21,1.14767E+16,4.78657E+16
132633,132634,9,7,72,162,2016,2,15,6,3,8,7,0,0,0,1,1,0,0,0,6.36165E+20,5.33551E+21,1.0831E+16,4.81582E+16
132634,132635,9,1,84,149,2016,2,11,2,3,0,3,0,0,1,1,0,0,0,0,6.91213E+20,5.35172E+21,1.15779E+16,4.82898E+16
132635,132636,9,1,61,0,2016,2,5,5,3,5,3,2,0,0,1,0,0,0,1,6.76798E+20,5.40631E+21,1.14069E+16,4.87846E+16
132636,132637,9,1,62,0,2016,2,23,7,3,5,2,2,1,0,1,0,0,0,0,6.90156E+20,5.33525E+21,1.15563E+16,4.81421E+16
132637,132638,9,3,62,0,2016,2,7,5,3,2,6,0,0,0,1,0,0,0,0,7.24043E+20,5.43458E+21,1.20647E+16,4.90234E+16
132638,132639,9,1,78,124,2016,2,8,5,3,5,3,0,1,0,1,0,0,0,0,7.0279E+20,5.36472E+21,1.17401E+16,4.8403E+16
132639,132640,9,1,88,141,2016,2,18,5,3,0,7,2,0,1,0,0,0,0,0,6.70254E+20,5.30864E+21,1.12784E+16,4.79085E+16
132640,132641,9,1,62,0,2016,2,13,7,3,0,1,0,0,1,0,0,0,0,0,6.91048E+20,5.33439E+21,1.15679E+16,4.81341E+16
132641,132642,9,7,75,135,2016,2,14,7,3,5,7,0,1,1,1,0,0,0,0,5.74235E+20,5.3609E+21,1.00029E+16,4.83969E+16
132642,132643,9,3,62,0,2016,2,10,5,3,0,7,0,0,0,1,0,0,0,0,7.28293E+20,5.43608E+21,1.21236E+16,4.90353E+16
132643,132644,9,6,75,141,2016,2,8,3,3,1,5,0,0,1,1,0,0,0,0,5.83791E+20,5.50961E+21,1.01628E+16,4.97331E+16
132644,132645,9,7,71,130,2016,2,14,6,3,5,3,0,0,0,1,0,0,0,1,6.4484E+20,5.35874E+21,1.09556E+16,4.83652E+16
132645,132646,9,1,62,0,2016,2,10,2,2,0,7,0,0,0,0,1,0,0,1,6.84714E+20,5.33374E+21,1.14825E+16,4.81301E+16
132646,132647,9,7,79,131,2016,2,8,5,3,5,3,0,0,1,1,0,0,0,0,6.30953E+20,5.39761E+21,1.07804E+16,4.87177E+16
132647,132648,9,1,89,162,2016,2,7,2,3,0,1,0,1,1,0,0,0,0,0,7.78995E+20,5.31569E+21,1.27356E+16,4.79337E+16
132648,132649,9,1,78,124,2016,2,16,5,3,0,7,0,0,1,0,0,0,0,0,7.03006E+20,5.36479E+21,1.1743E+16,4.84036E+16
132649,132650,9,3,63,0,2016,2,7,5,3,1,6,0,1,0,1,0,0,0,0,7.29416E+20,5.50666E+21,1.21796E+16,4.96688E+16
132650,132651,9,1,77,117,2016,2,16,5,3,6,7,0,0,0,1,1,0,0,0,7.14779E+20,5.35219E+21,1.18955E+16,4.82865E+16
132651,132652,9,5,64,0,2016,2,15,4,3,2,6,0,0,0,1,0,0,0,0,6.52416E+20,5.47824E+21,1.11024E+16,4.94377E+16
132652,132653,9,1,79,145,2016,2,7,4,3,0,6,0,0,0,0,0,0,0,1,6.75631E+20,5.33894E+21,1.13627E+16,4.81794E+16
132653,132654,9,7,72,125,2016,2,10,6,3,0,7,0,0,1,0,0,0,0,0,6.36776E+20,5.34885E+21,1.08435E+16,4.82781E+16
132654,132655,9,1,78,124,2016,2,13,4,3,8,1,0,0,1,0,0,0,0,0,7.02748E+20,5.36484E+21,1.17395E+16,4.84041E+16
132655,132656,9,1,62,0,2016,2,7,4,3,6,4,1,1,0,1,1,0,0,0,6.97721E+20,5.33169E+21,1.16562E+16,4.81078E+16
132656,132657,9,7,61,0,2016,2,14,6,3,5,3,0,0,0,1,0,0,0,0,6.36792E+20,5.36077E+21,1.08476E+16,4.83853E+16
132657,132658,9,1,62,0,2016,2,15,2,2,6,4,0,0,1,0,1,0,0,0,6.86219E+20,5.3344E+21,1.1503E+16,4.81356E+16
132658,132659,9,7,73,150,2016,2,16,5,3,2,6,0,0,1,1,0,0,0,0,6.11434E+20,5.3866E+21,1.05121E+16,4.86225E+16
132659,132660,9,7,74,143,2016,2,0,7,3,8,1,2,1,0,1,0,0,0,0,5.96316E+20,5.35825E+21,1.03005E+16,4.83701E+16
132660,132661,9,1,71,114,2016,2,19,2,3,5,3,2,1,1,1,0,0,0,0,7.79824E+20,5.345E+21,1.27658E+16,4.81965E+16
132661,132662,9,1,62,0,2016,2,5,4,3,2,6,2,1,0,1,0,0,0,1,6.88285E+20,5.33573E+21,1.15314E+16,4.81469E+16
132662,132663,9,5,64,0,2016,2,22,4,3,2,7,2,0,0,1,0,0,1,0,6.48729E+20,5.47969E+21,1.10521E+16,4.94517E+16
132663,132664,9,1,63,0,2016,2,14,6,3,4,6,0,0,0,1,0,0,0,0,7.33306E+20,5.30601E+21,1.21196E+16,4.78651E+16
132664,132665,9,1,62,0,2016,2,8,3,2,0,7,0,0,0,0,0,0,0,1,6.9398E+20,5.33504E+21,1.16075E+16,4.8139E+16
132665,132666,9,7,61,0,2016,2,12,6,3,0,1,0,0,1,0,0,0,0,0,6.40137E+20,5.35893E+21,1.08922E+16,4.8368E+16
132666,132667,9,1,62,0,2016,2,16,2,3,3,2,0,0,0,1,0,0,0,1,6.95521E+20,5.33801E+21,1.16296E+16,4.81652E+16
132667,132668,9,6,62,0,2016,2,10,5,3,2,6,0,1,0,1,0,0,0,0,5.86551E+20,5.54371E+21,1.02087E+16,5.00394E+16
132668,132669,9,7,80,120,2016,2,19,7,3,4,6,2,1,0,1,0,0,0,0,6.03092E+20,5.28422E+21,1.03742E+16,4.77031E+16
132669,132670,9,1,63,0,2016,2,19,2,3,1,5,2,1,0,1,0,0,0,0,7.34112E+20,5.30553E+21,1.21301E+16,4.78604E+16
132670,132671,9,7,62,0,2016,2,11,7,3,1,6,0,0,0,1,0,0,0,0,6.22295E+20,5.30555E+21,1.0636E+16,4.78917E+16
132671,132672,9,6,71,111,2016,2,11,3,3,5,3,0,0,0,1,0,0,0,0,5.04712E+20,5.54796E+21,9.06586E+15,5.00839E+16
132672,132673,9,6,62,0,2016,2,15,5,2,0,7,0,0,1,0,0,0,0,0,5.87452E+20,5.54475E+21,1.02215E+16,5.00486E+16
132673,132674,9,7,61,0,2016,2,20,7,3,5,3,2,1,0,1,0,0,0,0,6.39196E+20,5.36166E+21,1.08804E+16,4.83927E+16
132674,132675,9,1,87,150,2016,2,7,2,3,2,6,2,1,1,1,0,0,0,0,7.29321E+20,5.30333E+21,1.2065E+16,4.78424E+16
132675,132676,9,5,72,132,2016,2,7,3,3,3,2,0,1,1,1,0,0,0,0,6.36195E+20,5.49186E+21,1.08835E+16,4.9564E+16
132676,132677,9,1,62,0,2016,2,13,4,3,5,3,0,0,0,1,0,0,0,0,6.83427E+20,5.33988E+21,1.14679E+16,4.81857E+16
132677,132678,9,5,64,0,2016,2,13,4,3,0,7,0,0,0,0,0,0,0,1,6.5089E+20,5.47925E+21,1.10817E+16,4.94472E+16
132678,132679,9,1,62,0,2016,2,19,5,3,5,3,2,0,0,1,0,0,0,0,6.92649E+20,5.33236E+21,1.15885E+16,4.81153E+16
132679,132680,9,7,71,113,2016,2,7,6,3,5,3,0,0,0,1,0,0,0,0,6.58048E+20,5.36907E+21,1.11377E+16,4.84549E+16
132680,132681,9,1,62,0,2016,2,8,2,3,6,2,0,0,0,1,1,0,0,0,6.93697E+20,5.34184E+21,1.16068E+16,4.82002E+16
132681,132682,9,1,62,0,2016,2,16,4,3,6,4,0,0,0,1,1,0,1,0,6.89877E+20,5.33211E+21,1.15511E+16,4.81139E+16
132682,132683,9,6,63,0,2016,2,10,7,3,5,2,0,0,0,1,0,0,0,0,5.7035E+20,5.51808E+21,9.97781E+15,4.9811E+16
132683,132684,9,1,88,141,2016,2,11,2,2,5,3,0,0,0,1,0,1,0,0,6.69998E+20,5.30894E+21,1.12751E+16,4.79112E+16
132684,132685,9,6,72,135,2016,2,19,7,3,5,3,2,1,0,1,0,0,0,0,5.8524E+20,5.56722E+21,1.01956E+16,5.02509E+16
132685,132686,9,2,63,0,2016,2,17,5,3,5,3,0,0,0,1,0,0,0,0,7.62388E+20,5.41863E+21,1.2578E+16,4.8865E+16
132686,132687,9,5,74,164,2016,2,11,3,3,5,2,0,0,0,1,0,0,0,0,6.6714E+20,5.47271E+21,1.1303E+16,4.93841E+16
132687,132688,9,5,62,0,2016,2,23,6,2,6,4,2,0,0,1,1,0,0,0,6.45033E+20,5.49485E+21,1.10067E+16,4.95888E+16
132688,132689,9,1,62,0,2016,2,12,2,3,8,7,0,0,1,1,0,0,0,0,6.87545E+20,5.34173E+21,1.15241E+16,4.82011E+16
132689,132690,9,1,62,0,2016,2,12,4,3,0,7,0,0,0,1,0,0,0,1,6.91044E+20,5.3371E+21,1.1569E+16,4.81584E+16
132690,132691,9,5,64,0,2016,2,15,4,3,5,3,0,0,0,1,0,0,1,0,6.56469E+20,5.47567E+21,1.11572E+16,4.94136E+16
132691,132692,9,5,77,177,2016,2,13,5,3,1,2,0,0,1,1,0,0,0,0,6.44721E+20,5.43196E+21,1.09796E+16,4.90235E+16
132692,132693,9,5,62,0,2016,2,20,5,3,0,7,2,0,1,0,0,0,0,1,6.44945E+20,5.49527E+21,1.10056E+16,4.95926E+16
132693,132694,9,1,79,134,2016,2,15,2,3,8,6,0,0,0,1,0,0,0,0,6.7227E+20,5.3434E+21,1.13194E+16,4.82204E+16
132694,132695,9,5,64,0,2016,2,17,6,3,0,2,0,0,0,1,0,0,0,0,6.49673E+20,5.4808E+21,1.10655E+16,4.94614E+16
132695,132696,9,1,62,0,2016,2,5,2,3,4,3,2,0,0,1,0,0,0,0,6.90519E+20,5.33974E+21,1.15632E+16,4.81823E+16
132696,132697,9,1,62,0,2016,2,15,4,2,0,7,0,1,1,0,0,0,0,0,6.90408E+20,5.33551E+21,1.15598E+16,4.81443E+16
132697,132698,9,5,64,0,2016,2,17,7,3,6,2,2,1,0,1,1,0,0,0,6.50078E+20,5.48119E+21,1.10713E+16,4.94648E+16
132698,132699,9,2,77,116,2016,2,9,5,3,2,6,0,0,1,1,0,0,0,0,7.77279E+20,5.36782E+21,1.27467E+16,4.84025E+16
132699,132700,9,5,64,0,2016,2,17,3,3,3,2,1,0,0,1,0,0,0,0,6.48404E+20,5.47762E+21,1.10468E+16,4.94331E+16
132700,132701,9,1,62,0,2016,2,15,3,3,4,6,0,0,1,0,0,0,0,1,6.9285E+20,5.33116E+21,1.15906E+16,4.81045E+16
132701,132702,9,1,62,0,2016,2,11,4,3,5,2,0,0,1,1,0,0,0,0,6.92203E+20,5.33901E+21,1.15855E+16,4.81753E+16
132702,132703,9,5,64,0,2016,2,7,6,3,0,7,0,0,1,1,0,0,0,0,6.50867E+20,5.47874E+21,1.10812E+16,4.94425E+16
132703,132704,9,1,62,0,2016,2,8,2,3,1,5,0,0,1,1,0,0,0,0,6.85471E+20,5.33424E+21,1.14929E+16,4.81344E+16
132704,132705,9,5,63,0,2016,2,19,5,2,6,4,2,1,0,1,1,0,0,0,6.44181E+20,5.48191E+21,1.09902E+16,4.94727E+16
132705,132706,9,1,79,123,2016,2,11,2,3,0,7,0,0,1,0,0,0,0,0,6.76177E+20,5.33315E+21,1.13677E+16,4.81272E+16
132706,132707,9,5,64,0,2016,2,11,5,3,2,6,0,0,0,1,0,0,0,0,6.48497E+20,5.47772E+21,1.10482E+16,4.9434E+16
132707,132708,9,1,75,132,2016,2,15,2,3,0,1,0,0,1,0,0,0,0,0,7.07494E+20,5.33258E+21,1.17878E+16,4.81126E+16
132708,132709,9,1,62,0,2016,2,21,4,3,4,2,2,0,0,1,0,1,0,0,6.86682E+20,5.33947E+21,1.15115E+16,4.8181E+16
132709,132710,9,1,62,0,2016,2,11,4,3,5,3,0,0,1,1,0,0,0,0,6.87699E+20,5.33608E+21,1.15237E+16,4.81503E+16
132710,132711,9,1,62,0,2016,2,17,3,3,5,3,2,0,1,1,0,0,0,0,6.93007E+20,5.33385E+21,1.15939E+16,4.81287E+16
132711,132712,9,1,62,0,2016,2,17,4,3,5,3,2,0,1,1,0,0,0,0,6.9244E+20,5.33484E+21,1.15868E+16,4.81377E+16
132712,132713,9,5,64,0,2016,2,5,6,3,6,4,2,1,0,1,1,0,0,0,6.50595E+20,5.48432E+21,1.10796E+16,4.94928E+16
132713,132714,9,5,77,136,2016,2,11,5,3,6,4,0,0,0,1,1,0,0,0,6.28292E+20,5.44185E+21,1.07581E+16,4.91161E+16
132714,132715,9,5,64,0,2016,2,12,7,2,6,2,0,1,0,1,1,0,0,0,6.50363E+20,5.47837E+21,1.10741E+16,4.94394E+16
132715,132716,9,1,77,117,2016,2,21,2,3,0,6,2,0,0,1,0,0,0,1,7.14762E+20,5.35403E+21,1.18962E+16,4.8303E+16
132716,132717,9,1,62,0,2016,2,12,4,2,0,7,0,1,1,1,0,0,0,0,6.91342E+20,5.33409E+21,1.15717E+16,4.81313E+16
132717,132718,9,4,73,151,2016,2,12,4,3,5,3,0,0,0,1,0,0,0,0,6.52571E+20,5.57868E+21,1.11442E+16,5.03404E+16
132718,132719,9,1,81,128,2016,2,16,6,3,5,3,0,0,0,1,0,0,0,0,6.3778E+20,5.32766E+21,1.08502E+16,4.80873E+16
132719,132720,9,7,74,155,2016,2,5,4,3,5,3,2,1,0,1,0,0,0,0,5.89587E+20,5.36761E+21,1.02117E+16,4.84553E+16
132720,132721,9,4,76,145,2016,2,13,4,3,1,6,0,1,0,1,0,0,0,0,6.65712E+20,5.56783E+21,1.13239E+16,5.02394E+16
132721,132722,9,1,62,0,2016,2,18,3,3,6,2,2,1,0,1,1,0,0,0,6.88231E+20,5.33022E+21,1.15282E+16,4.80974E+16
132722,132723,9,5,64,0,2016,2,17,6,3,5,3,0,0,0,1,0,0,0,0,6.47868E+20,5.472E+21,1.10374E+16,4.93827E+16
132723,132724,9,1,62,0,2016,2,9,2,3,0,1,0,1,0,0,0,1,0,0,6.87863E+20,5.33413E+21,1.1525E+16,4.81326E+16
132724,132725,9,5,71,136,2016,2,6,5,2,6,4,2,1,0,1,1,0,0,0,5.97063E+20,5.43619E+21,1.03289E+16,4.90709E+16
132725,132726,9,5,64,0,2016,2,23,7,3,5,3,2,1,1,1,0,0,0,0,6.50706E+20,5.4783E+21,1.10788E+16,4.94387E+16
132726,132727,9,1,62,0,2016,2,18,1,3,2,6,2,1,0,1,0,0,0,0,6.89422E+20,5.33721E+21,1.15473E+16,4.81599E+16
132727,132728,9,5,64,0,2016,2,22,7,3,0,1,2,1,1,0,0,0,0,0,6.49866E+20,5.47762E+21,1.1067E+16,4.94328E+16
132728,132729,9,5,64,0,2016,2,22,3,3,6,4,2,0,1,0,1,0,0,0,6.51219E+20,5.47657E+21,1.10852E+16,4.9423E+16
132729,132730,9,7,79,194,2016,2,15,4,2,0,7,0,0,1,0,0,0,0,0,6.09721E+20,5.41135E+21,1.04955E+16,4.88454E+16
132730,132731,9,4,74,126,2016,2,15,4,2,5,3,0,0,1,1,0,0,0,0,6.49498E+20,5.50958E+21,1.10741E+16,4.97202E+16
132731,132732,9,5,64,0,2016,2,19,5,2,0,2,2,0,0,1,1,0,0,0,6.48544E+20,5.47982E+21,1.10496E+16,4.94529E+16
132732,132733,9,1,62,0,2016,2,19,1,3,0,3,2,1,0,1,0,0,0,0,6.92958E+20,5.34098E+21,1.15965E+16,4.81927E+16
132733,132734,9,5,64,0,2016,2,9,6,3,3,6,0,0,0,1,0,0,0,1,6.49041E+20,5.47875E+21,1.1056E+16,4.94431E+16