FID,OBJECTID,ULAND,UREGBEZ,UKREIS,UGEMEINDE,UJAHR,UMONAT,USTUNDE,UWOCHENTAG,UKATEGORIE,UART,UTYP1,ULICHTVERH,IstStrasse,IstRad,IstPKW,IstFuss,IstKrad,IstGkfz,IstSonstig,LINREFX,LINREFY,XGCSWGS84,YGCSWGS84
132734,132735,9,1,62,0,2016,2,9,2,3,3,2,0,0,1,1,0,0,0,0,6.96693E+20,5.33784E+21,1.16453E+16,4.81634E+16
132735,132736,9,1,62,0,2016,2,18,4,3,2,6,2,0,0,1,0,0,0,0,6.8646E+20,5.33766E+21,1.15077E+16,4.81648E+16
132736,132737,9,5,64,0,2016,2,14,7,3,0,1,0,0,1,0,0,0,0,0,6.49995E+20,5.47965E+21,1.10695E+16,4.94509E+16
132737,132738,9,1,62,0,2016,2,20,1,3,6,4,2,1,0,0,1,1,0,0,6.92427E+20,5.34192E+21,1.15898E+16,4.82014E+16
132738,132739,9,5,64,0,2016,2,23,6,3,5,3,2,0,0,0,0,1,0,1,6.51563E+20,5.47828E+21,1.10906E+16,4.94383E+16
132739,132740,9,1,62,0,2016,2,11,2,3,3,2,0,0,1,1,0,0,0,0,6.93167E+20,5.33468E+21,1.15965E+16,4.8136E+16
132740,132741,9,4,62,0,2016,2,6,5,2,4,2,2,1,0,1,0,1,0,0,6.86051E+20,5.53743E+21,1.15941E+16,4.99602E+16
132741,132742,9,4,61,0,2016,2,0,7,3,0,7,2,1,1,0,0,0,0,0,6.37615E+20,5.53006E+21,1.09166E+16,4.99071E+16
132742,132743,9,7,79,194,2016,2,19,1,3,6,2,2,1,0,1,1,0,0,0,6.08827E+20,5.41232E+21,1.04836E+16,4.88543E+16
132743,132744,9,2,63,0,2016,2,15,7,3,0,7,0,0,0,1,0,0,0,1,7.62211E+20,5.42059E+21,1.25769E+16,4.88828E+16
132744,132745,9,3,77,159,2016,2,2,3,3,8,7,2,1,0,1,0,0,0,0,7.28303E+20,5.53347E+21,1.218E+16,4.991E+16
132745,132746,9,7,72,131,2016,2,7,4,3,1,5,1,1,1,1,0,0,0,0,6.17922E+20,5.35652E+21,1.05917E+16,4.83509E+16
132746,132747,9,5,64,0,2016,2,23,6,3,2,6,2,0,0,1,0,0,0,0,6.50204E+20,5.47922E+21,1.10723E+16,4.94471E+16
132747,132748,9,1,62,0,2016,2,15,2,3,1,5,0,0,1,1,0,0,0,0,6.92236E+20,5.33813E+21,1.15855E+16,4.81673E+16
132748,132749,9,4,72,175,2016,2,11,5,3,5,2,0,0,0,1,0,0,1,0,6.78838E+20,5.51159E+21,1.14817E+16,4.97302E+16
132749,132750,9,3,62,0,2016,2,19,5,3,0,7,2,1,0,0,1,0,0,1,7.26364E+20,5.43507E+21,1.20967E+16,4.90269E+16
132750,132751,9,7,71,122,2016,2,18,1,3,4,1,2,1,0,1,0,0,0,0,6.52456E+20,5.36156E+21,1.10593E+16,4.83888E+16
132751,132752,9,5,61,0,2016,2,16,6,3,4,2,1,1,1,1,0,0,0,0,6.13673E+20,5.46144E+21,1.05634E+16,4.92951E+16
132752,132753,9,1,62,0,2016,2,12,2,3,3,6,0,0,1,1,0,0,0,0,6.91483E+20,5.33736E+21,1.15751E+16,4.81606E+16
132753,132754,9,1,62,0,2016,2,10,4,3,1,3,0,1,0,1,0,0,1,0,6.90352E+20,5.33456E+21,1.15586E+16,4.81358E+16
132754,132755,9,1,90,140,2016,2,22,7,3,5,3,2,1,0,1,0,0,0,0,6.44111E+20,5.29588E+21,1.09245E+16,4.78001E+16
132755,132756,9,2,73,172,2016,2,17,5,3,5,3,2,0,0,1,0,0,0,0,7.09419E+20,5.40408E+21,1.18493E+16,4.87544E+16
132756,132757,9,7,71,122,2016,2,10,4,3,4,2,0,1,0,1,0,0,0,0,6.51797E+20,5.36097E+21,1.10502E+16,4.83836E+16
132757,132758,9,1,62,0,2016,2,18,3,2,6,4,2,1,0,1,1,0,0,0,6.86933E+20,5.32893E+21,1.15102E+16,4.80862E+16
132758,132759,9,7,72,125,2016,2,20,4,3,5,3,2,0,0,1,0,0,0,0,6.36923E+20,5.34778E+21,1.08452E+16,4.82684E+16
132759,132760,9,1,87,117,2016,2,9,7,3,5,3,0,1,0,1,0,0,0,0,7.25438E+20,5.3064E+21,1.20148E+16,4.78714E+16
132760,132761,9,1,90,139,2016,2,14,5,3,2,6,0,0,0,1,0,0,0,0,6.54516E+20,5.29531E+21,1.10632E+16,4.77926E+16
132761,132762,9,3,77,148,2016,2,15,3,2,6,7,0,0,0,1,1,0,0,0,7.14243E+20,5.53339E+21,1.19844E+16,4.99144E+16
132762,132763,9,4,62,0,2016,2,9,6,3,1,1,0,0,1,1,0,0,0,0,6.83968E+20,5.53486E+21,1.15638E+16,4.99377E+16
132763,132764,9,7,74,121,2016,2,6,2,3,2,2,1,1,0,1,0,1,0,0,6.04994E+20,5.36481E+21,1.04193E+16,4.84277E+16
132764,132765,9,3,73,126,2016,2,17,5,3,6,4,1,0,0,1,1,0,0,0,6.70189E+20,5.45156E+21,1.13359E+16,4.91932E+16
132765,132766,9,6,63,0,2016,2,17,1,3,5,2,0,0,0,1,0,0,0,0,5.66092E+20,5.51687E+21,9.91842E+15,4.98007E+16
132766,132767,9,1,62,0,2016,2,15,4,3,0,3,0,0,0,1,0,0,0,1,6.9099E+20,5.33321E+21,1.15666E+16,4.81235E+16
132767,132768,9,7,61,0,2016,2,14,4,3,5,2,0,0,1,1,0,0,0,0,6.39124E+20,5.35912E+21,1.08785E+16,4.83699E+16
132768,132769,9,2,72,126,2016,2,7,4,3,5,3,0,2,0,1,0,0,0,0,8.35824E+20,5.41789E+21,1.35758E+16,4.8823E+16
132769,132770,9,1,62,0,2016,2,17,3,3,4,1,2,0,1,1,0,0,0,0,6.90439E+20,5.34023E+21,1.15623E+16,4.81867E+16
132770,132771,9,4,61,0,2016,2,15,6,3,3,6,0,0,0,1,0,0,0,0,6.37029E+20,5.52773E+21,1.09076E+16,4.98863E+16
132771,132772,9,2,63,0,2016,2,18,5,2,4,2,2,1,0,1,0,0,0,1,7.6199E+20,5.42051E+21,1.25738E+16,4.88821E+16
132772,132773,9,1,61,0,2016,2,19,7,3,5,2,2,1,0,1,0,0,0,0,6.78489E+20,5.40387E+21,1.14288E+16,4.87622E+16
132773,132774,9,6,77,157,2016,2,20,1,3,5,3,2,0,0,1,0,0,0,0,5.44169E+20,5.52193E+21,9.61437E+15,4.98481E+16
132774,132775,9,3,62,0,2016,2,16,6,3,1,6,0,0,0,1,0,0,0,0,7.26802E+20,5.4332E+21,1.21017E+16,4.90099E+16
132775,132776,9,7,80,124,2016,2,6,2,3,4,1,2,1,0,1,0,0,0,0,5.93932E+20,5.27136E+21,1.02493E+16,4.75888E+16
132776,132777,9,2,71,119,2016,2,18,5,3,5,2,2,0,1,1,0,0,0,0,7.89889E+20,5.41701E+21,1.2951E+16,4.88383E+16
132777,132778,9,6,61,0,2016,2,12,1,3,5,3,0,1,0,1,0,0,0,0,5.12327E+20,5.53529E+21,9.1719E+15,4.99698E+16
132778,132779,9,7,75,135,2016,2,13,4,3,1,2,0,1,0,1,0,0,1,0,5.74259E+20,5.36E+21,1.00031E+16,4.83888E+16
132779,132780,9,6,63,0,2016,2,19,4,3,0,6,2,0,0,1,0,0,0,0,5.68548E+20,5.51613E+21,9.95241E+15,4.97937E+16
132780,132781,9,1,62,0,2016,2,16,3,3,2,6,0,0,0,1,0,0,0,0,6.96202E+20,5.33526E+21,1.16375E+16,4.81403E+16
132781,132782,9,3,62,0,2016,2,12,6,3,5,3,0,0,0,1,0,0,0,0,7.30683E+20,5.43492E+21,1.21556E+16,4.9024E+16
132782,132783,9,7,61,0,2016,2,6,2,3,5,3,2,1,1,1,0,0,0,0,6.38787E+20,5.35688E+21,1.08733E+16,4.83498E+16
132783,132784,9,2,75,159,2016,2,22,5,3,9,1,2,2,0,1,0,0,0,0,8.14904E+20,5.39887E+21,1.32771E+16,4.86634E+16
132784,132785,9,1,86,143,2016,2,11,7,3,5,3,0,1,0,1,0,0,0,0,6.87562E+20,5.38427E+21,1.15433E+16,4.85834E+16
132785,132786,9,5,74,123,2016,2,15,1,3,2,6,0,0,0,1,0,0,0,0,6.59393E+20,5.47435E+21,1.1197E+16,4.9401E+16
132786,132787,9,1,81,130,2016,2,12,7,3,0,2,0,0,1,1,0,0,0,0,6.3977E+20,5.32412E+21,1.08757E+16,4.80551E+16
132787,132788,9,3,62,0,2016,2,21,3,3,4,2,2,1,0,1,0,0,0,0,7.27193E+20,5.43091E+21,1.21057E+16,4.89893E+16
132788,132789,9,6,63,0,2016,2,14,4,3,0,3,0,1,0,1,0,1,0,0,5.65651E+20,5.51546E+21,9.91205E+15,4.9788E+16
132789,132790,9,2,71,119,2016,2,17,3,3,8,7,2,0,0,1,0,0,0,0,7.95054E+20,5.41563E+21,1.30202E+16,4.88235E+16
132790,132791,9,6,77,203,2016,2,19,4,3,5,3,2,1,0,1,0,0,0,0,5.58089E+20,5.52793E+21,9.80889E+15,4.99009E+16
132791,132792,9,2,61,0,2016,2,15,4,3,0,1,0,0,1,0,0,0,0,0,7.32697E+20,5.3816E+21,1.21529E+16,4.85443E+16
132792,132793,9,1,62,0,2016,2,12,5,3,3,6,0,0,0,0,0,1,0,0,6.90145E+20,5.33474E+21,1.15559E+16,4.81375E+16
132793,132794,9,3,76,175,2016,2,6,6,3,1,7,2,2,0,1,0,0,0,0,7.314E+20,5.46747E+21,1.21841E+16,4.93161E+16
132794,132795,9,6,63,0,2016,2,9,2,3,6,7,0,0,0,1,1,0,0,0,5.67867E+20,5.51713E+21,9.94314E+15,4.98028E+16
132795,132796,9,1,77,117,2016,2,15,7,3,6,4,0,0,0,1,1,0,0,0,7.14351E+20,5.35498E+21,1.18911E+16,4.83116E+16
132796,132797,9,5,64,0,2016,2,5,1,3,6,7,2,1,0,1,1,0,0,0,6.52874E+20,5.48253E+21,1.11103E+16,4.94762E+16
132797,132798,9,2,62,0,2016,2,14,3,3,5,3,0,0,0,1,0,0,0,0,8.23802E+20,5.38892E+21,1.33898E+16,4.85696E+16
132798,132799,9,3,76,117,2016,2,19,6,2,9,1,2,0,0,1,0,0,0,0,7.39197E+20,5.45973E+21,1.22866E+16,4.92435E+16
132799,132800,9,6,77,148,2016,2,9,2,3,6,4,0,0,0,1,1,0,0,0,5.55076E+20,5.53465E+21,9.76789E+15,4.99617E+16
132800,132801,9,2,61,0,2016,2,7,5,3,5,3,1,1,1,0,0,0,0,1,7.32719E+20,5.38209E+21,1.21535E+16,4.85486E+16
132801,132802,9,5,64,0,2016,2,8,1,3,6,4,0,1,0,0,1,0,0,1,6.52287E+20,5.48068E+21,1.11015E+16,4.94597E+16
132802,132803,9,2,76,129,2016,2,19,6,2,4,6,2,1,0,1,0,0,0,0,8.03279E+20,5.43946E+21,1.31497E+16,4.90333E+16
132803,132804,9,6,73,114,2016,2,18,2,2,6,7,2,0,0,1,1,0,0,0,5.84488E+20,5.5757E+21,1.0187E+16,5.03274E+16
132804,132805,9,7,75,115,2016,2,8,4,3,8,1,0,0,0,0,0,1,0,0,5.80988E+20,5.3452E+21,1.00911E+16,4.82549E+16
132805,132806,9,1,73,135,2016,2,9,4,2,4,1,0,2,0,1,0,0,0,0,6.79114E+20,5.26882E+21,1.13805E+16,4.75481E+16
132806,132807,9,5,64,0,2016,2,11,5,3,2,6,0,0,0,1,0,0,0,0,6.48512E+20,5.47863E+21,1.10487E+16,4.94422E+16
132807,132808,9,5,71,145,2016,2,14,1,3,4,6,0,1,0,1,0,0,0,0,5.93057E+20,5.44625E+21,1.02764E+16,4.9162E+16
132808,132809,9,2,71,125,2016,2,19,6,3,5,2,2,1,0,1,0,0,0,0,7.97611E+20,5.40999E+21,1.30509E+16,4.87716E+16
132809,132810,9,6,76,132,2016,2,6,2,2,6,3,2,0,0,1,1,0,0,0,5.14973E+20,5.50698E+21,9.2077E+15,4.97151E+16
132810,132811,9,7,72,125,2016,2,18,4,2,5,3,1,0,1,1,0,0,0,0,6.36075E+20,5.3482E+21,1.08339E+16,4.82724E+16
132811,132812,9,1,62,0,2016,2,11,6,3,6,4,0,0,0,1,1,0,0,0,6.90321E+20,5.33274E+21,1.15574E+16,4.81194E+16
132812,132813,9,1,73,112,2016,2,19,5,3,6,7,2,1,0,1,1,0,0,0,6.91779E+20,5.29279E+21,1.15591E+16,4.77599E+16
132813,132814,9,2,61,0,2016,2,9,3,3,5,3,0,0,0,1,0,0,0,0,7.31223E+20,5.3813E+21,1.21328E+16,4.85421E+16
132814,132815,9,1,62,0,2016,2,6,3,2,0,1,2,0,1,0,0,0,0,0,6.89462E+20,5.33361E+21,1.15462E+16,4.81275E+16
132815,132816,9,6,62,0,2016,2,13,4,3,1,7,0,1,0,1,0,0,0,1,5.87748E+20,5.54399E+21,1.02255E+16,5.00417E+16
132816,132817,9,2,73,152,2016,2,14,6,2,6,4,0,0,0,1,1,0,0,0,7.03378E+20,5.40883E+21,1.17696E+16,4.87991E+16
132817,132818,9,6,76,125,2016,2,15,2,3,0,7,0,0,0,1,1,0,0,0,5.16059E+20,5.50839E+21,9.22283E+15,4.97278E+16
132818,132819,9,1,73,147,2016,2,15,5,3,0,7,0,0,1,1,0,0,0,0,6.81167E+20,5.30973E+21,1.14248E+16,4.79153E+16
132819,132820,9,5,61,0,2016,2,17,1,3,0,4,2,1,1,0,1,0,0,0,6.14401E+20,5.46363E+21,1.05741E+16,4.93147E+16
132820,132821,9,7,61,0,2016,2,13,4,3,1,6,0,1,0,1,0,0,1,0,6.39304E+20,5.36018E+21,1.08813E+16,4.83794E+16
132821,132822,9,6,61,0,2016,2,13,4,3,0,7,0,1,1,0,1,0,0,0,5.08846E+20,5.53465E+21,9.12334E+15,4.99642E+16
132822,132823,9,6,61,0,2016,2,18,4,2,6,2,2,1,0,1,1,0,0,0,5.11329E+20,5.53587E+21,9.158E+15,4.99751E+16
132823,132824,9,7,75,164,2016,2,10,3,3,5,3,0,0,0,1,0,0,0,0,5.86023E+20,5.35058E+21,1.016E+16,4.83025E+16
132824,132825,9,6,71,124,2016,2,9,4,1,0,7,0,1,0,1,0,0,0,0,5.14472E+20,5.53455E+21,9.20179E+15,4.99631E+16
132825,132826,9,1,71,132,2016,2,10,6,3,6,4,0,0,0,1,1,0,0,0,7.65688E+20,5.35177E+21,1.25802E+16,4.82633E+16
132826,132827,9,1,90,157,2016,2,14,5,2,5,3,0,0,0,1,0,0,0,0,6.6044E+20,5.30094E+21,1.11443E+16,4.78417E+16
132827,132828,9,1,62,0,2016,2,15,6,3,5,3,0,0,1,0,0,0,0,0,6.89016E+20,5.33621E+21,1.15414E+16,4.8151E+16
132828,132829,9,4,79,152,2016,2,2,1,3,8,1,2,2,0,1,0,0,0,0,7.21998E+20,5.56421E+21,1.21101E+16,5.01884E+16
132829,132830,9,6,61,0,2016,2,13,4,3,0,7,0,1,1,0,0,0,0,0,5.10736E+20,5.53625E+21,9.14974E+15,4.99785E+16
132830,132831,9,1,87,162,2016,2,20,4,3,0,1,2,0,1,0,0,0,0,0,7.50308E+20,5.30571E+21,1.23464E+16,4.78559E+16
132831,132832,9,1,61,0,2016,2,13,6,3,5,3,0,0,1,1,0,0,0,0,6.75342E+20,5.4045E+21,1.13863E+16,4.87688E+16
132832,132833,9,7,72,163,2016,2,10,3,3,5,3,0,0,1,1,0,0,0,0,6.3987E+20,5.34969E+21,1.08855E+16,4.82849E+16
132833,132834,9,1,87,182,2016,2,22,6,3,8,1,2,1,0,1,0,0,0,0,7.40787E+20,5.32839E+21,1.2232E+16,4.80633E+16
132834,132835,9,5,62,0,2016,2,13,2,3,0,7,0,0,0,1,0,1,0,0,6.4642E+20,5.4954E+21,1.10261E+16,4.95935E+16
132835,132836,9,1,90,157,2016,2,15,5,3,4,2,0,0,0,1,0,0,0,0,6.61308E+20,5.30039E+21,1.11557E+16,4.78366E+16
132836,132837,9,1,86,137,2016,2,17,4,3,5,3,0,1,0,1,0,1,0,0,6.82243E+20,5.39868E+21,1.14776E+16,4.87145E+16
132837,132838,9,7,61,0,2016,2,12,3,3,6,2,0,0,0,1,1,0,0,0,6.39297E+20,5.36175E+21,1.08818E+16,4.83935E+16
132838,132839,9,1,87,167,2016,2,18,6,2,6,4,2,0,0,1,1,0,0,0,7.41624E+20,5.30419E+21,1.22297E+16,4.78456E+16
132839,132840,9,5,74,112,2016,2,7,2,3,6,4,1,0,0,1,1,0,0,0,6.70464E+20,5.47308E+21,1.13489E+16,4.93865E+16
132840,132841,9,1,73,126,2016,2,20,5,2,0,7,2,0,1,0,0,0,0,0,6.85629E+20,5.3036E+21,1.14818E+16,4.78589E+16
132841,132842,9,1,62,0,2016,2,10,6,2,6,2,0,0,0,1,1,0,0,0,6.98282E+20,5.33177E+21,1.16638E+16,4.81083E+16
132842,132843,9,3,71,151,2016,2,1,1,2,6,4,2,0,0,1,1,0,0,0,6.9852E+20,5.48662E+21,1.17419E+16,4.94997E+16
132843,132844,9,1,62,0,2016,2,16,6,3,5,3,0,0,0,1,0,0,0,1,6.98792E+20,5.33259E+21,1.1671E+16,4.81155E+16
132844,132845,9,2,79,112,2016,2,7,3,3,5,3,0,0,0,1,0,1,0,0,7.57991E+20,5.39225E+21,1.25016E+16,4.863E+16
132845,132846,9,5,63,0,2016,2,13,4,3,2,6,0,0,0,1,0,0,0,0,6.40465E+20,5.484E+21,1.09397E+16,4.94923E+16
132846,132847,9,1,84,123,2016,2,18,5,3,1,6,2,0,0,1,0,0,0,0,7.0368E+20,5.33262E+21,1.17366E+16,4.81142E+16
132847,132848,9,1,89,143,2016,2,12,3,3,8,1,0,1,0,1,0,0,0,0,7.59847E+20,5.31583E+21,1.24798E+16,4.7943E+16
132848,132849,9,1,62,0,2016,2,16,3,3,2,6,0,1,0,1,0,0,0,0,6.90742E+20,5.33333E+21,1.15633E+16,4.81246E+16
132849,132850,9,4,74,126,2016,2,13,4,3,5,3,0,0,0,1,0,0,0,0,6.49403E+20,5.50913E+21,1.10726E+16,4.97161E+16
132850,132851,9,4,62,0,2016,2,10,2,3,5,3,0,0,1,1,0,0,0,0,6.86309E+20,5.53679E+21,1.15973E+16,4.99544E+16
132851,132852,9,2,77,121,2016,2,14,6,3,2,6,0,0,0,1,0,0,0,0,7.63537E+20,5.37132E+21,1.25635E+16,4.84398E+16
132852,132853,9,1,73,126,2016,2,5,1,2,6,4,2,1,0,1,1,0,0,0,6.85152E+20,5.30444E+21,1.14758E+16,4.78666E+16
132853,132854,9,6,63,0,2016,2,18,6,3,0,7,2,0,1,1,0,0,0,0,5.68922E+20,5.51408E+21,9.95725E+15,4.97753E+16
132854,132855,9,1,62,0,2016,2,14,7,3,1,3,0,1,0,1,0,0,0,0,6.91773E+20,5.33222E+21,1.15766E+16,4.81144E+16
132855,132856,9,4,61,0,2016,2,12,7,3,6,4,0,1,0,1,1,0,0,0,6.34836E+20,5.52904E+21,1.08775E+16,4.98985E+16
132856,132857,9,1,62,0,2016,2,18,6,3,4,3,2,0,0,1,0,0,0,0,6.80213E+20,5.3385E+21,1.14241E+16,4.81742E+16
132857,132858,9,1,86,143,2016,2,19,3,3,1,7,2,0,0,1,0,0,0,0,6.85844E+20,5.37788E+21,1.15172E+16,4.85265E+16
132858,132859,9,1,62,0,2016,2,10,4,3,6,4,0,1,0,1,1,0,0,0,6.90678E+20,5.33837E+21,1.15647E+16,4.81699E+16
132859,132860,9,7,61,0,2016,2,11,3,3,5,3,0,1,1,0,0,0,0,1,6.38852E+20,5.35924E+21,1.08749E+16,4.8371E+16
132860,132861,9,7,75,162,2016,2,9,2,3,2,6,0,0,0,1,0,0,0,0,5.80037E+20,5.34769E+21,1.00788E+16,4.82774E+16
132861,132862,9,1,89,114,2016,2,16,2,3,5,3,0,0,1,1,0,0,0,0,7.63923E+20,5.31091E+21,1.25313E+16,4.78972E+16
132862,132863,9,2,73,165,2016,2,12,6,3,8,6,0,0,0,1,0,0,1,0,7.17277E+20,5.4052E+21,1.19567E+16,4.87618E+16
132863,132864,9,4,62,0,2016,2,18,3,3,5,3,2,1,1,1,0,0,0,0,6.82942E+20,5.53454E+21,1.15494E+16,4.99352E+16
132864,132865,9,3,62,0,2016,2,8,2,3,2,7,0,0,0,1,0,0,0,0,7.29731E+20,5.43375E+21,1.2142E+16,4.90138E+16
132865,132866,9,2,73,147,2016,2,8,6,3,1,5,0,0,0,1,0,0,0,1,7.04875E+20,5.39292E+21,1.17821E+16,4.86557E+16
132866,132867,9,6,71,134,2016,2,22,6,2,0,1,2,2,1,0,0,0,0,0,5.00641E+20,5.54681E+21,9.00895E+15,5.00736E+16
132867,132868,9,7,72,184,2016,2,12,7,3,4,1,0,1,0,1,0,0,0,0,6.35877E+20,5.36227E+21,1.08357E+16,4.83989E+16
132868,132869,9,1,61,0,2016,2,20,7,3,6,4,2,1,0,1,1,0,0,0,6.78291E+20,5.40536E+21,1.14268E+16,4.87757E+16
132869,132870,9,1,62,0,2016,2,7,2,3,5,2,0,0,1,1,0,0,0,0,6.92563E+20,5.338E+21,1.15898E+16,4.81661E+16
132870,132871,9,7,64,0,2016,2,14,4,3,2,6,0,0,0,1,0,0,0,0,5.88519E+20,5.31549E+21,1.01864E+16,4.79866E+16
132871,132872,9,6,63,0,2016,2,15,3,3,2,6,0,0,0,1,0,0,0,1,5.68704E+20,5.51668E+21,9.95469E+15,4.97987E+16
132872,132873,9,7,79,196,2016,2,12,2,3,4,6,0,0,0,1,0,0,0,1,6.37456E+20,5.39348E+21,1.08674E+16,4.86792E+16
132873,132874,9,1,87,117,2016,2,19,2,3,5,3,1,0,0,1,0,0,0,0,7.24774E+20,5.30544E+21,1.20054E+16,4.7863E+16
132874,132875,9,1,90,148,2016,2,22,6,3,5,3,2,2,0,1,0,0,0,1,6.43598E+20,5.29692E+21,1.0918E+16,4.78096E+16
132875,132876,9,3,62,0,2016,2,7,3,2,1,7,0,1,0,1,0,0,0,0,7.27498E+20,5.43139E+21,1.21101E+16,4.89934E+16
132876,132877,9,2,62,0,2016,2,6,4,3,6,3,1,1,0,1,1,0,0,0,8.31867E+20,5.39114E+21,1.35006E+16,4.85853E+16
132877,132878,9,1,62,0,2016,2,18,6,3,0,2,2,0,0,1,0,0,0,1,6.89078E+20,5.33493E+21,1.15417E+16,4.81395E+16
132878,132879,9,6,62,0,2016,2,13,4,3,5,2,0,0,0,1,0,0,0,0,5.87097E+20,5.5415E+21,1.02158E+16,5.00194E+16
132879,132880,9,1,62,0,2016,2,18,2,3,6,4,1,0,0,1,1,0,0,0,6.88499E+20,5.33912E+21,1.15357E+16,4.81774E+16
132880,132881,9,5,63,0,2016,2,15,3,3,0,4,0,1,0,1,1,0,0,0,6.39169E+20,5.4836E+21,1.09217E+16,4.94891E+16
132881,132882,9,1,81,130,2016,2,13,2,3,9,1,0,0,0,0,0,0,1,0,6.36511E+20,5.32579E+21,1.08326E+16,4.80708E+16
132882,132883,9,6,71,114,2016,2,14,2,3,5,3,0,0,0,1,0,1,0,0,5.02956E+20,5.54263E+21,9.04128E+15,5.00359E+16
132883,132884,9,1,90,141,2016,2,19,6,2,8,1,2,1,0,1,0,0,0,0,6.78602E+20,5.29309E+21,1.13836E+16,4.77665E+16
132884,132885,9,1,80,124,2016,2,16,3,2,6,3,0,1,0,1,1,0,0,0,6.65073E+20,5.28286E+21,1.11993E+16,4.76781E+16
132885,132886,9,1,88,120,2016,2,7,4,3,5,2,0,0,1,1,0,0,0,0,6.77085E+20,5.32768E+21,1.13776E+16,4.80778E+16
132886,132887,9,4,79,152,2016,2,21,4,3,5,3,2,1,0,1,0,0,0,0,7.2334E+20,5.56248E+21,1.21278E+16,5.01723E+16
132887,132888,9,7,61,0,2016,2,19,5,3,5,3,2,0,1,1,0,0,0,0,6.40786E+20,5.35449E+21,1.08994E+16,4.83279E+16
132888,132889,9,3,62,0,2016,2,8,1,3,2,6,0,1,0,1,0,0,0,0,7.26392E+20,5.43441E+21,1.20967E+16,4.9021E+16
132889,132890,9,5,64,0,2016,2,16,4,3,2,6,0,0,0,1,0,0,0,0,6.50647E+20,5.47536E+21,1.10769E+16,4.94123E+16
132890,132891,9,1,89,155,2016,2,18,6,3,5,3,2,1,0,1,0,0,0,0,7.71785E+20,5.30822E+21,1.26345E+16,4.78697E+16
132891,132892,9,7,61,0,2016,2,1,1,2,6,4,2,1,0,1,1,0,0,0,6.40755E+20,5.35925E+21,1.09006E+16,4.83707E+16
132892,132893,9,5,64,0,2016,2,16,2,3,4,7,0,0,0,1,0,0,0,0,6.50984E+20,5.47955E+21,1.10831E+16,4.94498E+16
132893,132894,9,1,62,0,2016,2,14,7,3,5,2,0,1,1,1,0,0,0,0,6.85776E+20,5.33262E+21,1.14963E+16,4.81198E+16
132894,132895,9,1,86,143,2016,2,17,6,2,5,3,2,1,0,1,0,1,0,0,6.85452E+20,5.37935E+21,1.15125E+16,4.85399E+16
132895,132896,9,5,62,0,2016,2,18,7,3,2,6,2,1,0,1,0,0,0,0,6.44415E+20,5.49651E+21,1.09988E+16,4.96039E+16
132896,132897,9,1,84,135,2016,2,18,3,3,5,3,2,1,0,1,0,1,0,0,6.89838E+20,5.34744E+21,1.15575E+16,4.82517E+16
132897,132898,9,3,62,0,2016,2,11,4,3,5,2,0,0,0,1,0,0,0,1,7.26398E+20,5.435E+21,1.20971E+16,4.90263E+16
132898,132899,9,3,74,119,2016,2,13,2,3,1,7,0,0,1,1,0,0,0,0,7.24096E+20,5.50169E+21,1.21032E+16,4.96261E+16
132899,132900,9,1,79,145,2016,2,14,6,3,5,3,0,1,0,1,0,1,0,0,6.75339E+20,5.33839E+21,1.13586E+16,4.81745E+16
132900,132901,9,1,77,116,2016,2,17,1,3,5,3,1,0,0,1,0,0,0,0,7.10841E+20,5.36324E+21,1.1848E+16,4.8387E+16
132901,132902,9,5,72,132,2016,2,7,6,3,1,7,0,0,0,0,1,0,0,1,6.35904E+20,5.49165E+21,1.08794E+16,4.95622E+16
132902,132903,9,1,62,0,2016,2,15,7,3,1,5,0,1,0,1,0,0,0,1,6.92345E+20,5.33424E+21,1.15852E+16,4.81323E+16
132903,132904,9,2,72,150,2016,2,19,7,3,8,1,2,2,0,1,0,0,0,0,8.17125E+20,5.41072E+21,1.33163E+16,4.87686E+16
132904,132905,9,1,84,149,2016,2,10,6,3,5,7,0,1,1,0,0,0,1,0,6.91119E+20,5.35183E+21,1.15767E+16,4.82908E+16
132905,132906,9,5,62,0,2016,2,6,6,3,0,7,1,0,1,0,0,0,0,0,6.4403E+20,5.493E+21,1.09922E+16,4.95724E+16
132906,132907,9,1,62,0,2016,2,12,7,3,5,2,0,1,1,1,0,0,0,0,6.87434E+20,5.33606E+21,1.15201E+16,4.81502E+16
132907,132908,9,4,63,0,2016,2,20,7,3,5,3,2,1,0,1,0,0,0,0,6.39883E+20,5.56952E+21,1.09626E+16,5.02613E+16
132908,132909,9,1,62,0,2016,2,11,6,3,5,2,0,1,0,1,0,0,0,1,6.88285E+20,5.33573E+21,1.15314E+16,4.81469E+16
132909,132910,9,1,72,114,2016,2,8,3,3,8,1,0,0,0,1,0,0,0,0,7.90543E+20,5.29276E+21,1.28745E+16,4.77228E+16
132910,132911,9,7,80,133,2016,2,18,3,3,0,1,1,0,1,0,0,0,0,0,5.96373E+20,5.25157E+21,1.02775E+16,4.74104E+16