FID,OBJECTID,ULAND,UREGBEZ,UKREIS,UGEMEINDE,UJAHR,UMONAT,USTUNDE,UWOCHENTAG,UKATEGORIE,UART,UTYP1,ULICHTVERH,IstStrasse,IstRad,IstPKW,IstFuss,IstKrad,IstGkfz,IstSonstig,LINREFX,LINREFY,XGCSWGS84,YGCSWGS84
132911,132912,9,3,73,147,2016,2,19,2,3,5,3,2,0,1,1,0,0,0,0,6.79884E+20,5.46006E+21,1.14727E+16,4.92668E+16
132912,132913,9,1,74,115,2016,2,13,6,3,2,6,0,1,0,1,0,0,0,0,6.83772E+20,5.34768E+21,1.14759E+16,4.82557E+16
132913,132914,9,5,64,0,2016,2,8,3,3,0,3,0,1,0,1,0,0,0,1,6.49348E+20,5.48211E+21,1.10615E+16,4.94732E+16
132914,132915,9,5,63,0,2016,2,8,6,3,4,7,0,0,0,1,0,0,0,0,6.45476E+20,5.48299E+21,1.10085E+16,4.94821E+16
132915,132916,9,6,76,122,2016,2,18,7,3,5,3,2,1,0,1,0,0,0,0,5.11305E+20,5.51731E+21,9.15712E+15,4.98081E+16
132916,132917,9,1,62,0,2016,2,10,6,3,6,4,0,0,0,1,1,0,0,0,6.92933E+20,5.33534E+21,1.15936E+16,4.8142E+16
132917,132918,9,1,79,121,2016,2,20,7,3,5,3,2,1,0,1,0,0,0,0,6.68398E+20,5.33805E+21,1.12651E+16,4.81734E+16
132918,132919,9,1,62,0,2016,2,11,2,3,0,5,0,0,0,1,0,0,0,0,6.88524E+20,5.34164E+21,1.15372E+16,4.82E+16
132919,132920,9,7,63,0,2016,2,13,4,3,4,2,0,0,0,1,0,0,0,0,5.98809E+20,5.28591E+21,1.03175E+16,4.7719E+16
132920,132921,9,6,77,157,2016,2,12,3,3,5,3,0,1,0,1,0,0,0,0,5.44169E+20,5.52193E+21,9.61437E+15,4.98481E+16
132921,132922,9,7,61,0,2016,2,15,2,3,3,2,0,0,0,1,0,0,0,0,6.39907E+20,5.35933E+21,1.08892E+16,4.83716E+16
132922,132923,9,1,79,121,2016,2,16,3,3,1,3,0,1,0,1,0,0,0,0,6.66917E+20,5.33775E+21,1.12451E+16,4.81711E+16
132923,132924,9,1,62,0,2016,2,16,4,3,5,3,0,0,0,1,0,0,0,0,6.91985E+20,5.33232E+21,1.15795E+16,4.81152E+16
132924,132925,9,7,61,0,2016,2,15,3,3,5,3,0,1,0,1,0,0,0,1,6.40483E+20,5.35758E+21,1.08964E+16,4.83557E+16
132925,132926,9,7,62,0,2016,2,11,2,3,0,1,0,0,1,0,0,0,0,0,6.22106E+20,5.30653E+21,1.06338E+16,4.79005E+16
132926,132927,9,1,72,118,2016,2,16,2,3,1,6,0,0,0,1,0,0,0,0,7.97546E+20,5.30481E+21,1.29759E+16,4.78277E+16
132927,132928,9,1,78,143,2016,2,18,6,3,5,3,2,1,0,1,0,0,0,0,7.17263E+20,5.37222E+21,1.19392E+16,4.84655E+16
132928,132929,9,4,74,126,2016,2,18,3,3,5,3,2,0,0,1,0,1,0,0,6.4962E+20,5.5091E+21,1.10756E+16,4.97158E+16
132929,132930,9,3,73,146,2016,2,10,4,2,5,3,0,0,0,1,0,0,0,0,6.79453E+20,5.45141E+21,1.14629E+16,4.91892E+16
132930,132931,9,5,76,128,2016,2,14,4,3,8,7,0,0,0,1,0,0,0,0,6.46126E+20,5.46311E+21,1.10101E+16,4.93033E+16
132931,132932,9,7,75,135,2016,2,9,2,2,5,3,0,0,1,1,0,0,0,0,5.7426E+20,5.36003E+21,1.00031E+16,4.8389E+16
132932,132933,9,1,77,120,2016,2,17,6,3,5,3,0,0,0,1,0,0,0,0,7.19198E+20,5.35943E+21,1.19587E+16,4.835E+16
132933,132934,9,5,64,0,2016,2,5,3,3,5,3,2,1,1,0,0,0,0,0,6.51412E+20,5.48045E+21,1.10894E+16,4.94578E+16
132934,132935,9,1,78,113,2016,2,9,2,3,2,2,0,0,0,1,0,1,0,0,6.91214E+20,5.36709E+21,1.15849E+16,4.84279E+16
132935,132936,9,5,74,138,2016,2,17,2,3,0,1,0,0,1,0,0,0,0,0,6.64746E+20,5.48966E+21,1.12771E+16,4.95371E+16
132936,132937,9,1,62,0,2016,2,18,5,3,5,2,2,0,1,1,0,0,0,0,6.94216E+20,5.33276E+21,1.16097E+16,4.81185E+16
132937,132938,9,1,83,119,2016,2,9,3,3,0,7,0,0,1,0,0,0,0,0,7.36671E+20,5.33964E+21,1.21831E+16,4.81659E+16
132938,132939,9,1,78,124,2016,2,6,4,3,0,1,0,0,1,0,0,0,0,0,7.03876E+20,5.36399E+21,1.17544E+16,4.83961E+16
132939,132940,9,1,62,0,2016,2,8,5,3,5,3,0,0,1,1,0,0,0,0,6.89583E+20,5.33732E+21,1.15495E+16,4.81608E+16
132940,132941,9,3,72,168,2016,2,21,3,3,5,3,2,0,0,1,0,0,0,1,7.67376E+20,5.463E+21,1.26752E+16,4.92612E+16
132941,132942,9,1,85,149,2016,2,12,4,3,0,7,0,1,0,1,0,1,0,0,6.61769E+20,5.40002E+21,1.12E+16,4.87322E+16
132942,132943,9,5,77,173,2016,2,6,4,3,4,6,2,1,0,1,0,0,0,0,6.39723E+20,5.42449E+21,1.09087E+16,4.89575E+16
132943,132944,9,1,62,0,2016,2,6,5,3,6,4,2,0,0,1,1,0,0,0,6.8287E+20,5.34269E+21,1.14616E+16,4.82111E+16
132944,132945,9,5,75,125,2016,2,12,1,3,5,3,0,1,0,1,0,1,0,0,6.22373E+20,5.49862E+21,1.06945E+16,4.96277E+16
132945,132946,9,5,64,0,2016,2,16,2,3,6,4,0,0,0,1,1,0,0,0,6.46443E+20,5.47623E+21,1.10193E+16,4.94211E+16
132946,132947,9,5,63,0,2016,2,6,6,3,5,3,2,0,0,1,0,0,0,0,6.45213E+20,5.4829E+21,1.10048E+16,4.94813E+16
132947,132948,9,1,62,0,2016,2,10,7,3,2,2,0,0,0,1,0,0,0,0,6.98209E+20,5.33366E+21,1.16637E+16,4.81253E+16
132948,132949,9,5,64,0,2016,2,13,7,3,6,2,0,1,0,1,1,0,0,0,6.48932E+20,5.47963E+21,1.10549E+16,4.94511E+16
132949,132950,9,1,62,0,2016,2,11,6,3,6,1,0,0,0,1,1,0,0,0,6.97792E+20,5.3306E+21,1.16567E+16,4.8098E+16
132950,132951,9,1,84,123,2016,2,9,3,3,5,3,0,0,1,1,0,0,0,0,7.03424E+20,5.33219E+21,1.1733E+16,4.81104E+16
132951,132952,9,3,62,0,2016,2,15,2,3,5,3,0,0,0,1,0,0,0,0,7.24146E+20,5.43251E+21,1.2065E+16,4.90048E+16
132952,132953,9,4,77,128,2016,2,18,4,3,2,6,2,1,0,1,0,0,0,0,6.75013E+20,5.55397E+21,1.14479E+16,5.01122E+16
132953,132954,9,4,75,136,2016,2,11,2,3,1,1,0,0,0,1,0,0,0,0,6.93588E+20,5.56818E+21,1.17146E+16,5.02341E+16
132954,132955,9,1,62,0,2016,2,8,5,3,4,6,0,0,1,0,0,0,0,0,6.92321E+20,5.33786E+21,1.15865E+16,4.81648E+16
132955,132956,9,2,61,0,2016,2,15,1,3,8,1,0,0,0,0,0,1,0,0,7.36636E+20,5.38473E+21,1.2208E+16,4.85709E+16
132956,132957,9,5,64,0,2016,2,6,6,3,2,6,0,0,0,1,0,0,0,0,6.48046E+20,5.47479E+21,1.10408E+16,4.94077E+16
132957,132958,9,1,84,118,2016,2,18,7,3,1,5,2,1,0,1,0,0,0,0,7.0279E+20,5.33614E+21,1.17263E+16,4.81462E+16
132958,132959,9,4,62,0,2016,2,18,7,2,1,5,2,1,1,1,0,0,0,0,6.84846E+20,5.5345E+21,1.15759E+16,4.99342E+16
132959,132960,9,7,75,135,2016,2,12,6,3,3,2,0,0,1,1,0,0,0,0,5.7383E+20,5.36068E+21,9.99738E+15,4.8395E+16
132960,132961,9,1,87,169,2016,2,6,3,3,5,3,0,0,0,1,0,0,0,0,7.38016E+20,5.29906E+21,1.21787E+16,4.78008E+16
132961,132962,9,1,62,0,2016,2,19,4,2,0,7,2,1,1,0,0,0,0,0,6.83238E+20,5.33645E+21,1.14639E+16,4.81549E+16
132962,132963,9,7,72,147,2016,2,8,3,3,2,2,0,1,0,1,0,0,0,0,6.39015E+20,5.36446E+21,1.08789E+16,4.8418E+16
132963,132964,9,3,76,171,2016,2,18,2,3,4,6,2,0,0,0,0,1,0,0,7.45231E+20,5.48856E+21,1.23871E+16,4.95E+16
132964,132965,9,1,62,0,2016,2,20,5,3,0,7,2,0,1,0,0,0,0,0,6.92496E+20,5.33766E+21,1.15888E+16,4.8163E+16
132965,132966,9,4,64,0,2016,2,12,3,3,4,3,0,1,0,1,0,0,0,0,7.08598E+20,5.57512E+21,1.19286E+16,5.02912E+16
132966,132967,9,1,62,0,2016,2,16,5,3,5,3,0,0,0,1,0,0,0,0,6.88993E+20,5.34183E+21,1.15436E+16,4.82016E+16
132967,132968,9,5,64,0,2016,2,15,6,3,5,3,0,1,0,1,0,0,0,0,6.48987E+20,5.4747E+21,1.10538E+16,4.94068E+16
132968,132969,9,7,62,0,2016,2,14,7,3,5,3,0,1,0,1,0,0,0,0,6.21811E+20,5.30519E+21,1.06295E+16,4.78885E+16
132969,132970,9,1,89,114,2016,2,11,7,3,5,3,0,0,0,1,0,0,0,1,7.64387E+20,5.3124E+21,1.25384E+16,4.79103E+16
132970,132971,9,1,74,115,2016,2,19,3,3,6,2,2,1,0,1,1,0,0,0,6.80942E+20,5.34718E+21,1.14376E+16,4.8252E+16
132971,132972,9,1,62,0,2016,2,22,4,3,3,7,2,0,1,1,0,0,0,0,6.91147E+20,5.33558E+21,1.15697E+16,4.81447E+16
132972,132973,9,7,61,0,2016,2,12,3,3,0,7,0,1,1,0,0,0,0,0,6.41464E+20,5.3593E+21,1.09102E+16,4.8371E+16
132973,132974,9,7,77,129,2016,2,10,2,3,2,6,0,0,0,1,0,0,0,0,6.26195E+20,5.27032E+21,1.0678E+16,4.7574E+16
132974,132975,9,1,63,0,2016,2,10,2,3,5,2,0,0,1,0,0,0,0,1,7.31878E+20,5.30457E+21,1.20998E+16,4.78526E+16
132975,132976,9,1,62,0,2016,2,8,5,3,5,3,0,0,0,1,0,0,0,1,6.84922E+20,5.33328E+21,1.14851E+16,4.81259E+16
132976,132977,9,3,75,119,2016,2,12,3,2,5,3,0,1,0,1,0,0,0,0,7.37738E+20,5.44336E+21,1.22569E+16,4.90971E+16
132977,132978,9,2,71,151,2016,2,17,4,3,5,3,1,0,0,1,0,0,0,0,7.8305E+20,5.41295E+21,1.28552E+16,4.8805E+16
132978,132979,9,5,64,0,2016,2,14,4,3,5,3,0,0,1,1,0,0,0,0,6.49036E+20,5.47927E+21,1.10562E+16,4.94478E+16
132979,132980,9,7,75,129,2016,2,16,2,3,7,1,0,0,0,0,0,1,0,0,5.82698E+20,5.3417E+21,1.01134E+16,4.82232E+16
132980,132981,9,1,62,0,2016,2,16,5,3,5,3,0,0,0,1,0,0,0,0,6.95441E+20,5.3299E+21,1.16248E+16,4.80924E+16
132981,132982,9,1,62,0,2016,2,21,6,3,6,4,2,0,0,1,1,0,0,0,6.97014E+20,5.331E+21,1.16464E+16,4.81017E+16
132982,132983,9,6,63,0,2016,2,10,4,3,0,7,0,0,0,0,0,0,0,1,5.67987E+20,5.51705E+21,9.94478E+15,4.9802E+16
132983,132984,9,1,62,0,2016,2,10,2,3,0,1,0,0,1,0,0,0,0,0,6.82732E+20,5.34044E+21,1.14588E+16,4.81909E+16
132984,132985,9,6,63,0,2016,2,18,4,2,5,2,2,0,0,1,0,1,0,0,5.67756E+20,5.51323E+21,9.94091E+15,4.97677E+16
132985,132986,9,5,74,132,2016,2,18,3,2,6,2,2,1,0,1,1,0,0,0,6.76526E+20,5.48614E+21,1.14382E+16,4.95022E+16
132986,132987,9,1,61,0,2016,2,9,2,3,5,3,0,0,1,1,0,0,0,0,6.77632E+20,5.40158E+21,1.14162E+16,4.87419E+16
132987,132988,9,6,72,127,2016,2,18,2,3,2,6,2,0,0,1,0,0,0,0,5.63865E+20,5.552E+21,9.89331E+15,5.01168E+16
132988,132989,9,1,62,0,2016,2,13,5,3,5,3,0,0,0,1,0,0,0,0,6.9588E+20,5.32976E+21,1.16306E+16,4.8091E+16
132989,132990,9,1,90,159,2016,2,17,3,2,4,6,1,1,0,1,0,0,0,1,6.61575E+20,5.30401E+21,1.11606E+16,4.78691E+16
132990,132991,9,1,81,130,2016,2,1,4,3,8,1,2,1,0,1,0,0,0,0,6.38945E+20,5.32366E+21,1.08645E+16,4.80511E+16
132991,132992,9,5,61,0,2016,2,19,4,3,2,6,2,0,0,1,0,0,0,1,6.14308E+20,5.46176E+21,1.05722E+16,4.92979E+16
132992,132993,9,7,61,0,2016,2,14,5,3,0,1,0,0,1,0,0,0,0,0,6.37071E+20,5.35294E+21,1.08488E+16,4.83148E+16
132993,132994,9,3,62,0,2016,2,18,1,3,5,2,2,0,0,1,0,0,0,0,7.27321E+20,5.43283E+21,1.21085E+16,4.90064E+16
132994,132995,9,5,64,0,2016,2,18,6,3,5,3,2,1,0,1,0,0,0,1,6.51556E+20,5.47828E+21,1.10905E+16,4.94383E+16
132995,132996,9,1,62,0,2016,2,10,7,3,5,3,0,0,0,1,0,0,0,0,6.79503E+20,5.3344E+21,1.14128E+16,4.81375E+16
132996,132997,9,7,80,121,2016,2,17,1,3,8,1,1,0,0,0,0,1,0,0,5.95493E+20,5.25829E+21,1.02673E+16,4.7471E+16
132997,132998,9,5,64,0,2016,2,16,2,3,2,6,0,0,0,1,0,0,0,0,6.51566E+20,5.48075E+21,1.10916E+16,4.94605E+16
132998,132999,9,1,62,0,2016,2,1,7,2,1,5,2,0,0,1,0,0,0,0,6.80274E+20,5.3355E+21,1.14237E+16,4.81472E+16
132999,133000,9,1,62,0,2016,2,11,5,3,5,3,0,0,1,1,0,0,0,0,6.92247E+20,5.33509E+21,1.15843E+16,4.814E+16
133000,133001,9,1,62,0,2016,2,16,3,2,5,2,0,1,1,1,0,0,0,0,6.92247E+20,5.33024E+21,1.15821E+16,4.80964E+16
133001,133002,9,4,61,0,2016,2,7,4,3,5,7,0,0,0,1,0,1,0,0,6.37796E+20,5.52813E+21,1.09184E+16,4.98897E+16
133002,133003,9,4,61,0,2016,2,20,2,3,0,7,2,0,1,0,0,0,0,0,6.3538E+20,5.52873E+21,1.0885E+16,4.98956E+16
133003,133004,9,1,62,0,2016,2,19,5,3,6,4,2,0,0,1,1,0,0,0,6.91511E+20,5.33514E+21,1.15744E+16,4.81407E+16
133004,133005,9,1,76,143,2016,2,13,1,3,5,3,0,0,0,1,0,0,0,0,6.80441E+20,5.40969E+21,1.14579E+16,4.8814E+16
133005,133006,9,4,62,0,2016,2,11,6,3,2,6,0,0,0,1,0,0,0,0,6.86278E+20,5.53679E+21,1.15969E+16,4.99544E+16
133006,133007,9,1,62,0,2016,2,20,7,3,5,6,2,1,0,1,0,0,0,0,6.92893E+20,5.33435E+21,1.15926E+16,4.81332E+16
133007,133008,9,3,73,167,2016,2,12,7,3,5,3,0,1,0,1,0,0,0,0,6.93075E+20,5.45384E+21,1.16508E+16,4.92069E+16
133008,133009,9,7,80,139,2016,2,13,6,3,6,4,0,0,0,1,1,0,0,0,5.96142E+20,5.26295E+21,1.02769E+16,4.75129E+16
133009,133010,9,1,79,142,2016,2,18,3,2,6,4,2,1,0,1,1,0,0,0,6.73657E+20,5.34257E+21,1.13377E+16,4.82126E+16
133010,133011,9,1,62,0,2016,2,20,4,3,5,2,2,0,1,1,0,0,0,0,6.96884E+20,5.33397E+21,1.1646E+16,4.81285E+16
133011,133012,9,7,61,0,2016,2,16,3,3,5,3,0,1,0,1,0,0,0,0,6.38484E+20,5.35933E+21,1.087E+16,4.83719E+16
133012,133013,9,5,75,168,2016,2,20,7,3,5,3,2,0,0,1,0,0,0,0,5.88472E+20,5.48899E+21,1.0223E+16,4.9547E+16
133013,133014,9,7,77,129,2016,2,12,6,3,5,3,0,0,0,1,0,0,0,0,6.25502E+20,5.26975E+21,1.06686E+16,4.7569E+16
133014,133015,9,7,63,0,2016,2,6,3,3,0,4,2,0,0,1,1,0,0,0,5.98045E+20,5.28782E+21,1.03077E+16,4.77363E+16
133015,133016,9,3,62,0,2016,2,9,2,3,5,2,0,0,0,1,0,1,0,0,7.26996E+20,5.43549E+21,1.21056E+16,4.90305E+16
133016,133017,9,1,62,0,2016,2,11,5,3,0,3,0,0,0,1,0,0,0,0,6.90948E+20,5.3343E+21,1.15665E+16,4.81333E+16
133017,133018,9,5,64,0,2016,2,18,3,3,2,6,2,1,0,1,0,0,0,0,6.50638E+20,5.47789E+21,1.10777E+16,4.9435E+16
133018,133019,9,4,61,0,2016,2,9,6,3,0,7,0,0,1,0,0,0,0,0,6.35228E+20,5.52841E+21,1.08828E+16,4.98928E+16
133019,133020,9,6,62,0,2016,2,18,7,3,5,3,1,0,0,1,0,0,0,0,5.88024E+20,5.54616E+21,1.02298E+16,5.00612E+16
133020,133021,9,1,79,126,2016,2,11,7,3,5,3,0,0,0,1,0,0,0,0,6.77301E+20,5.3399E+21,1.13856E+16,4.81876E+16
133021,133022,9,1,62,0,2016,2,10,2,3,5,3,0,0,0,1,0,0,0,0,6.93319E+20,5.33934E+21,1.16006E+16,4.81778E+16
133022,133023,9,7,80,139,2016,2,21,4,3,5,3,2,1,0,1,0,0,0,0,5.96032E+20,5.26273E+21,1.02754E+16,4.75109E+16
133023,133024,9,6,63,0,2016,2,6,3,3,5,2,2,1,0,1,0,0,0,0,5.63713E+20,5.51768E+21,9.88551E+15,4.98081E+16
133024,133025,9,7,73,139,2016,2,15,2,3,8,1,0,0,1,0,0,0,0,0,6.15979E+20,5.38646E+21,1.05738E+16,4.86204E+16
133025,133026,9,7,73,125,2016,2,13,5,3,5,3,0,0,1,1,0,0,0,0,6.10175E+20,5.38216E+21,1.04939E+16,4.85829E+16
133026,133027,9,3,62,0,2016,2,14,3,3,5,3,0,1,0,1,0,0,0,0,7.27131E+20,5.43374E+21,1.21064E+16,4.90147E+16
133027,133028,9,7,76,117,2016,2,13,2,3,0,1,0,0,1,0,0,0,0,0,5.68216E+20,5.27395E+21,9.90776E+15,4.76153E+16
133028,133029,9,1,83,148,2016,2,16,2,3,5,2,0,0,0,1,1,0,0,0,7.52789E+20,5.34486E+21,1.24026E+16,4.82066E+16
133029,133030,9,7,72,147,2016,2,14,5,3,3,2,0,0,1,1,0,0,0,0,6.38513E+20,5.36617E+21,1.08726E+16,4.84334E+16
133030,133031,9,4,62,0,2016,2,18,3,3,4,2,2,1,0,1,0,0,0,0,6.85704E+20,5.53765E+21,1.15893E+16,4.99622E+16
133031,133032,9,3,62,0,2016,2,8,6,3,1,3,0,0,0,1,0,1,0,0,7.27423E+20,5.43285E+21,1.21099E+16,4.90066E+16
133032,133033,9,3,73,147,2016,2,19,4,3,5,3,2,0,0,1,0,0,0,0,6.78575E+20,5.46185E+21,1.14555E+16,4.92833E+16
133033,133034,9,5,62,0,2016,2,14,4,3,0,7,0,0,0,0,0,0,0,1,6.47786E+20,5.49635E+21,1.10453E+16,4.96017E+16
133034,133035,9,1,62,0,2016,2,7,2,3,5,3,0,0,1,1,0,0,0,0,6.90141E+20,5.33408E+21,1.15555E+16,4.81315E+16
133035,133036,9,5,64,0,2016,2,6,3,3,5,3,1,1,0,1,0,0,0,0,6.54112E+20,5.47519E+21,1.11246E+16,4.94098E+16
133036,133037,9,1,88,144,2016,2,18,2,3,8,7,2,0,0,1,0,0,0,0,6.66513E+20,5.32888E+21,1.12362E+16,4.80914E+16
133037,133038,9,5,76,143,2016,2,12,2,3,6,7,0,0,0,1,1,0,0,0,6.52882E+20,5.45671E+21,1.11005E+16,4.92441E+16
133038,133039,9,7,72,163,2016,2,21,5,3,5,3,2,0,0,1,0,0,0,0,6.39953E+20,5.34637E+21,1.08855E+16,4.82551E+16
133039,133040,9,1,73,115,2016,2,15,3,3,4,6,0,1,1,1,0,0,0,0,6.80855E+20,5.28861E+21,1.14118E+16,4.77255E+16
133040,133041,9,1,88,127,2016,2,13,4,3,2,2,0,0,0,1,0,0,0,1,6.76753E+20,5.32987E+21,1.1374E+16,4.80976E+16
133041,133042,9,4,75,168,2016,2,12,4,3,5,3,0,1,0,1,0,0,0,0,7.0954E+20,5.5676E+21,1.19377E+16,5.02234E+16
133042,133043,9,1,71,112,2016,2,20,4,3,5,6,2,0,1,0,0,1,0,0,7.84462E+20,5.34333E+21,1.2827E+16,4.81794E+16
133043,133044,9,5,64,0,2016,2,8,4,3,5,3,0,0,1,1,0,0,0,0,6.50874E+20,5.47871E+21,1.10813E+16,4.94423E+16
133044,133045,9,7,61,0,2016,2,17,5,2,6,4,1,0,1,0,1,0,0,0,6.38365E+20,5.35992E+21,1.08686E+16,4.83773E+16
133045,133046,9,5,64,0,2016,2,4,1,3,2,6,2,0,0,1,0,0,0,0,6.4994E+20,5.47881E+21,1.10685E+16,4.94434E+16
133046,133047,9,5,64,0,2016,2,9,2,3,5,3,0,0,0,1,0,0,0,0,6.55077E+20,5.47575E+21,1.11381E+16,4.94146E+16
133047,133048,9,1,62,0,2016,2,11,7,3,6,4,0,1,1,0,1,0,0,0,6.91206E+20,5.33405E+21,1.15698E+16,4.8131E+16
133048,133049,9,5,63,0,2016,2,13,7,3,5,3,0,1,0,1,0,0,0,0,6.44399E+20,5.48115E+21,1.09929E+16,4.94658E+16
133049,133050,9,1,62,0,2016,2,18,3,3,5,7,2,1,0,1,0,0,0,0,6.89137E+20,5.33061E+21,1.15405E+16,4.81007E+16
133050,133051,9,3,62,0,2016,2,20,2,3,5,3,2,0,0,1,0,0,0,0,7.25758E+20,5.4332E+21,1.20874E+16,4.90103E+16
133051,133052,9,7,61,0,2016,2,17,5,3,5,2,1,0,0,1,0,0,0,0,6.38461E+20,5.36038E+21,1.087E+16,4.83813E+16
133052,133053,9,1,62,0,2016,2,12,7,3,4,2,0,0,1,1,0,0,0,0,6.92317E+20,5.33425E+21,1.15848E+16,4.81324E+16
133053,133054,9,3,62,0,2016,2,21,6,3,7,1,2,1,0,1,0,0,0,0,7.29956E+20,5.43681E+21,1.21468E+16,4.90412E+16
133054,133055,9,5,71,190,2016,2,7,2,3,5,3,0,0,0,1,0,0,0,0,6.23854E+20,5.46352E+21,1.0704E+16,4.93119E+16
133055,133056,9,6,75,141,2016,2,11,5,2,0,7,0,0,0,1,0,0,0,1,5.85852E+20,5.50914E+21,1.01913E+16,4.97287E+16
133056,133057,9,3,71,151,2016,2,13,1,3,8,1,0,1,1,0,0,0,0,0,6.99845E+20,5.48572E+21,1.17597E+16,4.94912E+16
133057,133058,9,3,72,155,2016,2,12,6,3,5,3,0,1,0,1,0,0,0,0,7.71981E+20,5.45838E+21,1.27352E+16,4.92177E+16
133058,133059,9,1,62,0,2016,2,3,7,3,8,7,2,0,0,1,0,0,1,0,6.84074E+20,5.33358E+21,1.14739E+16,4.81289E+16
133059,133060,9,4,63,0,2016,2,19,7,3,6,4,2,1,0,1,1,0,0,0,6.40193E+20,5.56974E+21,1.0967E+16,5.02632E+16
133060,133061,9,7,61,0,2016,2,5,6,3,0,3,2,0,1,0,0,0,0,0,6.43517E+20,5.35935E+21,1.09379E+16,4.8371E+16
133061,133062,9,1,82,125,2016,2,14,3,3,6,4,0,1,0,0,1,0,0,1,7.1209E+20,5.2962E+21,1.18315E+16,4.77842E+16
133062,133063,9,7,61,0,2016,2,15,3,3,6,3,0,1,0,1,1,0,0,0,6.3753E+20,5.36022E+21,1.08574E+16,4.83801E+16
133063,133064,9,3,76,161,2016,2,11,2,3,5,2,0,0,0,1,0,0,0,0,7.24867E+20,5.46669E+21,1.20939E+16,4.93115E+16
133064,133065,9,7,61,0,2016,2,16,5,3,2,6,0,0,0,1,0,0,0,0,6.39113E+20,5.35914E+21,1.08784E+16,4.83701E+16
133065,133066,9,5,64,0,2016,2,6,3,3,6,4,2,1,0,0,1,0,1,0,6.50334E+20,5.47685E+21,1.10732E+16,4.94257E+16
133066,133067,9,2,71,111,2016,2,9,6,2,5,3,0,0,0,1,0,0,0,1,7.86372E+20,5.40567E+21,1.28953E+16,4.87381E+16
133067,133068,9,5,62,0,2016,2,7,7,2,0,7,1,0,0,1,0,0,0,1,6.45373E+20,5.49404E+21,1.10111E+16,4.95815E+16
133068,133069,9,1,62,0,2016,2,8,6,3,6,4,0,0,0,1,1,0,0,0,6.91636E+20,5.33466E+21,1.15759E+16,4.81363E+16
133069,133070,9,6,63,0,2016,2,10,4,2,3,6,0,0,1,1,0,0,0,0,5.6764E+20,5.51647E+21,9.93986E+15,4.97969E+16
133070,133071,9,1,62,0,2016,2,17,2,3,6,4,0,0,0,1,1,0,0,0,6.90261E+20,5.33379E+21,1.1557E+16,4.81289E+16
133071,133072,9,7,78,173,2016,2,11,7,2,5,7,0,0,1,1,0,0,0,0,6.11677E+20,5.32326E+21,1.04986E+16,4.80528E+16
133072,133073,9,2,73,164,2016,2,20,7,3,1,1,2,1,0,1,0,0,0,0,6.96518E+20,5.42673E+21,1.16849E+16,4.89622E+16
133073,133074,9,1,74,131,2016,2,18,3,3,6,4,2,1,0,1,1,0,0,0,6.75952E+20,5.3592E+21,1.13755E+16,4.83614E+16
133074,133075,9,1,62,0,2016,2,8,4,3,0,7,0,1,0,0,0,1,0,0,6.91113E+20,5.33562E+21,1.15693E+16,4.81451E+16
133075,133076,9,7,61,0,2016,2,7,3,3,5,3,0,1,1,0,0,0,0,1,6.4065E+20,5.35815E+21,1.08988E+16,4.83608E+16
133076,133077,9,7,62,0,2016,2,16,2,3,0,1,0,0,1,0,0,0,0,0,6.21965E+20,5.30575E+21,1.06317E+16,4.78935E+16
133077,133078,9,1,72,114,2016,2,14,2,3,8,1,0,0,0,0,0,0,0,1,7.90119E+20,5.29337E+21,1.28692E+16,4.77284E+16
133078,133079,9,7,61,0,2016,2,15,5,3,0,7,0,0,1,0,0,0,0,0,6.39019E+20,5.3602E+21,1.08775E+16,4.83797E+16
133079,133080,9,4,61,0,2016,2,15,3,3,1,7,0,0,0,1,0,1,0,0,6.37186E+20,5.53037E+21,1.09107E+16,4.991E+16
133080,133081,9,2,63,0,2016,2,12,4,3,0,1,0,1,1,0,0,0,0,0,7.63705E+20,5.42108E+21,1.25975E+16,4.88865E+16
133081,133082,9,5,64,0,2016,2,5,4,3,5,3,2,1,0,1,0,0,0,0,6.52433E+20,5.47853E+21,1.11027E+16,4.94403E+16
133082,133083,9,7,74,185,2016,2,8,2,3,3,2,0,0,1,1,0,0,0,0,6.08659E+20,5.34888E+21,1.04647E+16,4.82838E+16
133083,133084,9,7,61,0,2016,2,16,5,3,5,3,0,0,0,1,0,0,0,0,6.41334E+20,5.36509E+21,1.09104E+16,4.84231E+16
133084,133085,9,5,64,0,2016,2,10,3,3,4,2,0,1,0,1,0,0,0,0,6.45279E+20,5.48755E+21,1.10074E+16,4.95232E+16
133085,133086,9,1,62,0,2016,2,17,1,3,2,7,1,0,0,1,0,0,0,1,6.83889E+20,5.33902E+21,1.14737E+16,4.81778E+16
133086,133087,9,5,63,0,2016,2,18,2,3,5,3,2,0,1,1,0,0,0,0,6.42175E+20,5.48242E+21,1.09627E+16,4.94778E+16
133087,133088,9,7,61,0,2016,2,12,5,3,4,2,0,0,0,1,0,0,0,0,6.42938E+20,5.36207E+21,1.0931E+16,4.83956E+16
133088,133089,9,7,72,184,2016,2,10,4,3,1,6,0,0,0,1,0,0,0,0,6.34977E+20,5.36166E+21,1.08234E+16,4.83936E+16