FID,OBJECTID,ULAND,UREGBEZ,UKREIS,UGEMEINDE,UJAHR,UMONAT,USTUNDE,UWOCHENTAG,UKATEGORIE,UART,UTYP1,ULICHTVERH,IstStrasse,IstRad,IstPKW,IstFuss,IstKrad,IstGkfz,IstSonstig,LINREFX,LINREFY,XGCSWGS84,YGCSWGS84
133089,133090,9,5,74,123,2016,2,13,3,3,8,1,0,1,0,1,0,0,0,0,6.61943E+20,5.47968E+21,1.12343E+16,4.94482E+16
133090,133091,9,6,63,0,2016,2,21,2,3,4,2,2,0,0,1,0,0,0,0,5.66631E+20,5.51675E+21,9.92589E+15,4.97995E+16
133091,133092,9,7,61,0,2016,2,13,5,3,6,4,0,0,0,1,1,0,0,0,6.4105E+20,5.36299E+21,1.09058E+16,4.84042E+16
133092,133093,9,2,71,119,2016,2,13,3,3,0,1,0,1,0,1,0,1,0,0,7.89849E+20,5.4182E+21,1.29513E+16,4.8849E+16
133093,133094,9,1,86,122,2016,2,7,4,3,2,1,0,0,0,1,0,0,1,0,6.93339E+20,5.40189E+21,1.16298E+16,4.874E+16
133094,133095,9,5,77,136,2016,2,13,4,3,2,2,0,0,0,1,0,0,0,0,6.28048E+20,5.44185E+21,1.07548E+16,4.91161E+16
133095,133096,9,4,64,0,2016,2,11,1,3,9,7,0,1,0,1,0,0,0,0,7.07236E+20,5.57729E+21,1.19107E+16,5.03113E+16
133096,133097,9,2,75,154,2016,2,9,6,2,6,7,0,0,0,1,1,0,0,0,8.08603E+20,5.39522E+21,1.3189E+16,4.86338E+16
133097,133098,9,1,62,0,2016,2,14,7,3,5,3,0,1,1,1,0,0,0,0,6.81154E+20,5.33734E+21,1.14363E+16,4.81635E+16
133098,133099,9,5,64,0,2016,2,15,7,3,2,6,0,1,0,1,0,0,0,0,6.50584E+20,5.47918E+21,1.10775E+16,4.94466E+16
133099,133100,9,7,61,0,2016,2,13,6,3,6,4,0,0,0,1,1,0,0,0,6.40541E+20,5.35923E+21,1.08977E+16,4.83705E+16
133100,133101,9,7,74,135,2016,2,7,3,3,5,3,0,0,0,1,0,0,0,0,5.95671E+20,5.36694E+21,1.02938E+16,4.84483E+16
133101,133102,9,4,61,0,2016,2,9,6,3,1,7,0,0,1,1,0,0,0,0,6.35163E+20,5.52697E+21,1.08814E+16,4.98799E+16
133102,133103,9,7,77,141,2016,3,5,3,3,9,1,2,2,0,1,0,0,0,0,6.32894E+20,5.30409E+21,1.07773E+16,4.78764E+16
133103,133104,9,3,72,116,2016,2,16,2,2,6,4,0,1,0,1,1,0,0,0,7.67182E+20,5.45833E+21,1.26694E+16,4.92194E+16
133104,133105,9,7,72,163,2016,3,18,3,3,1,7,2,1,0,1,0,0,0,0,6.40478E+20,5.34954E+21,1.08936E+16,4.82835E+16
133105,133106,9,1,62,0,2016,2,21,5,3,6,4,2,1,0,1,1,0,0,0,6.90322E+20,5.3363E+21,1.1559E+16,4.81515E+16
133106,133107,9,7,73,122,2016,2,17,1,3,6,2,0,0,0,1,1,0,0,0,6.28702E+20,5.38656E+21,1.07464E+16,4.86189E+16
133107,133108,9,7,61,0,2016,2,19,6,3,6,7,2,0,0,0,1,0,0,1,6.39861E+20,5.35869E+21,1.08884E+16,4.83659E+16
133108,133109,9,7,76,116,2016,2,19,7,2,8,1,2,1,0,1,0,0,0,0,5.52267E+20,5.26819E+21,9.69486E+15,4.7565E+16
133109,133110,9,1,83,128,2016,2,16,7,3,5,3,0,0,0,1,0,0,0,0,7.60222E+20,5.34954E+21,1.25054E+16,4.82456E+16
133110,133111,9,1,81,130,2016,2,18,5,2,2,2,2,1,0,1,0,0,1,0,6.37117E+20,5.32532E+21,1.08405E+16,4.80665E+16
133111,133112,9,1,63,0,2016,3,18,4,3,0,1,2,1,1,0,0,0,0,0,7.33463E+20,5.30681E+21,1.21222E+16,4.78722E+16
133112,133113,9,4,61,0,2016,3,15,3,3,6,7,0,1,0,0,1,0,1,0,6.37679E+20,5.52943E+21,1.09172E+16,4.99014E+16
133113,133114,9,1,62,0,2016,2,16,6,3,6,4,0,0,1,0,1,0,0,0,7.0082E+20,5.33157E+21,1.16977E+16,4.81057E+16
133114,133115,9,1,87,148,2016,3,13,3,2,8,1,0,2,0,1,0,0,0,0,7.36432E+20,5.27859E+21,1.21465E+16,4.76176E+16
133115,133116,9,1,62,0,2016,2,18,2,3,6,4,2,2,0,1,1,0,0,0,6.87413E+20,5.33607E+21,1.15198E+16,4.81502E+16
133116,133117,9,5,74,138,2016,3,17,3,3,5,3,1,0,1,1,0,0,0,0,6.6534E+20,5.487E+21,1.12842E+16,4.95131E+16
133117,133118,9,1,62,0,2016,2,11,5,3,4,2,0,1,0,1,0,0,0,0,6.84749E+20,5.33374E+21,1.1483E+16,4.81301E+16
133118,133119,9,6,62,0,2016,3,16,3,3,2,2,0,0,0,1,0,0,0,0,5.86793E+20,5.54439E+21,1.02122E+16,5.00455E+16
133119,133120,9,1,62,0,2016,2,12,5,3,6,4,0,1,0,1,1,0,0,0,6.88965E+20,5.3344E+21,1.15399E+16,4.81347E+16
133120,133121,9,6,62,0,2016,2,18,6,3,5,3,2,0,0,1,0,0,0,0,5.87781E+20,5.5445E+21,1.0226E+16,5.00463E+16
133121,133122,9,5,63,0,2016,2,10,7,2,6,4,0,0,0,1,1,0,0,0,6.4383E+20,5.48212E+21,1.09854E+16,4.94747E+16
133122,133123,9,1,62,0,2016,2,12,6,3,5,3,0,0,1,1,0,0,0,0,6.86418E+20,5.33048E+21,1.1504E+16,4.81003E+16
133123,133124,9,3,62,0,2016,3,16,3,3,2,6,0,0,0,1,0,0,0,0,7.25829E+20,5.43367E+21,1.20886E+16,4.90146E+16
133124,133125,9,1,62,0,2016,2,10,6,3,2,6,0,0,0,1,0,0,0,0,6.98909E+20,5.33358E+21,1.1673E+16,4.81243E+16
133125,133126,9,1,88,139,2016,3,10,3,3,6,4,0,1,0,1,1,0,0,0,6.75144E+20,5.31957E+21,1.13482E+16,4.80054E+16
133126,133127,9,1,62,0,2016,2,10,2,3,2,2,0,1,0,1,0,0,0,1,6.82929E+20,5.33581E+21,1.14595E+16,4.81492E+16
133127,133128,9,5,71,136,2016,3,6,3,3,1,7,0,0,0,1,1,0,0,0,5.96883E+20,5.43555E+21,1.03263E+16,4.90652E+16
133128,133129,9,1,62,0,2016,2,13,5,3,2,6,0,1,0,1,0,0,0,1,6.9039E+20,5.33388E+21,1.15588E+16,4.81297E+16
133129,133130,9,3,72,171,2016,2,9,6,3,2,2,0,0,0,1,0,0,0,0,7.68683E+20,5.47615E+21,1.2702E+16,4.93788E+16
133130,133131,9,1,62,0,2016,3,6,3,3,5,2,1,2,1,1,0,0,0,0,6.89488E+20,5.33493E+21,1.15472E+16,4.81394E+16
133131,133132,9,1,62,0,2016,3,5,3,3,8,1,2,2,0,1,0,0,0,0,6.92713E+20,5.33948E+21,1.15925E+16,4.81793E+16
133132,133133,9,1,62,0,2016,2,8,6,3,2,6,0,0,0,1,0,1,0,0,6.91212E+20,5.34025E+21,1.15727E+16,4.81866E+16
133133,133134,9,6,76,121,2016,2,15,2,3,5,3,0,0,0,1,0,0,0,0,5.10947E+20,5.52039E+21,9.15223E+15,4.98359E+16
133134,133135,9,3,76,147,2016,3,13,3,2,5,3,0,1,0,1,0,0,0,1,7.47876E+20,5.46917E+21,1.24115E+16,4.93248E+16
133135,133136,9,1,62,0,2016,2,18,2,3,4,3,2,1,1,1,0,0,0,0,6.91915E+20,5.33911E+21,1.15816E+16,4.81763E+16
133136,133137,9,1,83,128,2016,2,15,2,2,4,6,0,1,0,1,0,0,0,0,7.63324E+20,5.34842E+21,1.25464E+16,4.82342E+16
133137,133138,9,1,62,0,2016,2,9,2,3,0,7,0,0,1,0,0,0,0,0,6.92601E+20,5.33471E+21,1.15889E+16,4.81365E+16
133138,133139,9,1,62,0,2016,2,8,5,3,6,4,0,1,0,1,1,0,0,0,6.91571E+20,5.33533E+21,1.15753E+16,4.81423E+16
133139,133140,9,3,62,0,2016,2,7,6,3,6,4,0,0,0,1,1,0,0,0,7.29524E+20,5.43139E+21,1.21378E+16,4.89927E+16
133140,133141,9,7,77,151,2016,3,8,3,2,0,7,0,2,1,0,0,0,0,0,6.20957E+20,5.29281E+21,1.06146E+16,4.77773E+16
133141,133142,9,4,75,154,2016,2,10,2,3,9,1,0,1,0,1,0,0,0,0,6.92391E+20,5.56327E+21,1.16953E+16,5.01904E+16
133142,133143,9,7,78,216,2016,2,8,5,2,8,1,0,2,0,1,0,0,0,0,6.23765E+20,5.32273E+21,1.06606E+16,4.80458E+16
133143,133144,9,1,62,0,2016,2,15,1,3,2,6,0,0,0,1,0,0,0,0,6.8622E+20,5.33435E+21,1.1503E+16,4.81352E+16
133144,133145,9,5,64,0,2016,2,12,2,3,1,7,0,0,1,1,0,0,0,0,6.50169E+20,5.47909E+21,1.10717E+16,4.94459E+16
133145,133146,9,7,80,118,2016,2,12,5,3,5,2,0,0,1,1,0,0,0,0,5.96638E+20,5.26525E+21,1.0284E+16,4.75335E+16
133146,133147,9,1,78,124,2016,2,17,2,3,2,6,2,1,0,1,0,0,0,0,7.03564E+20,5.36467E+21,1.17505E+16,4.84023E+16
133147,133148,9,7,61,0,2016,2,12,2,3,6,2,0,1,0,1,1,0,0,0,6.38797E+20,5.35694E+21,1.08734E+16,4.83504E+16
133148,133149,9,2,77,145,2016,2,3,1,3,8,1,2,0,0,1,0,0,0,0,7.98759E+20,5.35417E+21,1.30265E+16,4.82702E+16
133149,133150,9,7,77,175,2016,2,11,5,2,5,1,0,2,0,1,0,0,1,0,6.12659E+20,5.29205E+21,1.05037E+16,4.7772E+16
133150,133151,9,4,63,0,2016,2,15,7,3,0,7,0,0,1,0,0,0,0,0,6.40794E+20,5.5718E+21,1.09762E+16,5.02816E+16
133151,133152,9,3,72,115,2016,2,15,6,3,8,1,0,0,0,1,0,0,0,0,7.78704E+20,5.453E+21,1.28236E+16,4.91664E+16
133152,133153,9,1,73,147,2016,2,14,2,2,4,6,0,1,0,1,0,0,0,0,6.82661E+20,5.30853E+21,1.14442E+16,4.7904E+16
133153,133154,9,6,63,0,2016,3,16,3,3,5,3,0,0,0,1,0,0,0,0,5.67817E+20,5.51605E+21,9.94225E+15,4.97931E+16
133154,133155,9,7,76,114,2016,2,13,5,3,4,1,0,2,0,1,0,0,0,0,5.68831E+20,5.27796E+21,9.91657E+15,4.76514E+16
133155,133156,9,5,62,0,2016,2,14,1,3,5,3,0,0,1,1,0,0,0,0,6.41994E+20,5.4952E+21,1.09648E+16,4.95927E+16
133156,133157,9,6,62,0,2016,2,13,6,3,5,3,0,0,0,1,0,0,0,0,5.86433E+20,5.54327E+21,1.02069E+16,5.00355E+16
133157,133158,9,7,61,0,2016,2,0,7,2,6,2,2,0,0,1,1,0,0,0,6.40747E+20,5.35503E+21,1.08991E+16,4.83328E+16
133158,133159,9,1,88,127,2016,2,10,7,3,5,3,0,0,1,1,0,0,0,0,6.74579E+20,5.3283E+21,1.13442E+16,4.8084E+16
133159,133160,9,1,74,115,2016,2,12,5,3,5,3,0,1,0,1,0,0,0,0,6.81937E+20,5.34779E+21,1.14513E+16,4.82572E+16
133160,133161,9,5,62,0,2016,2,19,6,3,5,3,2,0,0,1,0,0,0,0,6.44944E+20,5.49371E+21,1.10051E+16,4.95786E+16
133161,133162,9,1,62,0,2016,2,16,7,3,2,6,0,0,0,1,0,0,0,0,6.92187E+20,5.33701E+21,1.15843E+16,4.81573E+16
133162,133163,9,3,73,151,2016,2,19,7,3,6,7,2,0,0,1,1,0,0,0,7.00729E+20,5.4542E+21,1.1756E+16,4.92077E+16
133163,133164,9,1,75,139,2016,2,8,5,3,8,6,0,2,0,1,0,0,0,1,7.08691E+20,5.32851E+21,1.18019E+16,4.80757E+16
133164,133165,9,4,77,128,2016,3,18,3,3,0,7,2,0,1,1,0,0,0,0,6.76424E+20,5.55422E+21,1.14677E+16,5.01139E+16
133165,133166,9,1,73,147,2016,3,17,3,3,0,7,0,1,1,0,0,0,0,0,6.81191E+20,5.30973E+21,1.14251E+16,4.79153E+16
133166,133167,9,6,62,0,2016,3,17,3,3,4,2,1,0,0,1,0,0,0,0,5.8831E+20,5.54314E+21,1.02331E+16,5.0034E+16
133167,133168,9,7,79,194,2016,2,5,5,3,5,3,2,1,0,1,0,0,0,0,6.0907E+20,5.41218E+21,1.04868E+16,4.8853E+16
133168,133169,9,5,62,0,2016,2,12,6,3,3,2,0,0,1,1,0,0,0,0,6.45651E+20,5.4959E+21,1.10156E+16,4.95981E+16
133169,133170,9,4,79,159,2016,2,16,7,3,0,7,0,0,1,0,0,0,0,0,7.20576E+20,5.55855E+21,1.20869E+16,5.01381E+16
133170,133171,9,1,76,123,2016,3,9,4,3,6,7,0,0,0,1,1,0,0,0,6.58506E+20,5.41852E+21,1.11628E+16,4.88994E+16
133171,133172,9,1,62,0,2016,2,9,6,3,2,6,0,0,0,1,0,0,1,0,6.88395E+20,5.3357E+21,1.15328E+16,4.81466E+16
133172,133173,9,1,62,0,2016,2,16,6,2,3,7,0,0,1,0,0,0,0,0,6.92025E+20,5.33647E+21,1.15819E+16,4.81524E+16
133173,133174,9,3,72,130,2016,3,7,3,3,5,3,0,2,0,1,0,0,0,0,7.82702E+20,5.45721E+21,1.28813E+16,4.92024E+16
133174,133175,9,1,62,0,2016,2,9,6,3,2,6,0,0,0,1,0,0,0,0,6.92298E+20,5.33753E+21,1.15861E+16,4.81619E+16
133175,133176,9,1,74,115,2016,3,16,3,2,0,1,0,1,1,0,0,0,0,0,6.82561E+20,5.3481E+21,1.14598E+16,4.82598E+16
133176,133177,9,1,62,0,2016,2,8,2,3,3,6,0,1,0,1,0,0,1,0,6.97011E+20,5.33114E+21,1.16464E+16,4.8103E+16
133177,133178,9,1,87,122,2016,3,7,4,3,5,3,0,0,1,1,0,0,0,0,7.17847E+20,5.30723E+21,1.19138E+16,4.78814E+16
133178,133179,9,3,62,0,2016,3,19,3,3,6,4,2,0,0,1,1,0,0,0,7.23558E+20,5.43412E+21,1.20579E+16,4.90194E+16
133179,133180,9,7,78,173,2016,2,18,6,2,0,7,1,1,0,1,1,0,0,0,6.10784E+20,5.32247E+21,1.04865E+16,4.80459E+16
133180,133181,9,1,61,0,2016,3,12,3,3,5,3,0,1,0,1,0,0,0,0,6.76426E+20,5.40334E+21,1.14006E+16,4.8758E+16
133181,133182,9,1,62,0,2016,2,12,2,3,6,4,0,1,0,1,1,0,0,0,6.88954E+20,5.33241E+21,1.15389E+16,4.81169E+16
133182,133183,9,5,64,0,2016,3,17,3,3,5,3,0,0,1,1,0,0,0,0,6.57469E+20,5.47482E+21,1.11707E+16,4.94056E+16
133183,133184,9,7,61,0,2016,2,7,5,3,0,7,0,1,1,0,0,0,0,0,6.38695E+20,5.3604E+21,1.08732E+16,4.83815E+16
133184,133185,9,2,74,174,2016,2,2,6,3,9,1,2,0,0,1,0,0,0,0,7.43205E+20,5.39279E+21,1.23016E+16,4.86408E+16
133185,133186,9,1,84,148,2016,3,7,3,3,4,1,0,2,0,1,0,0,0,1,6.93615E+20,5.32852E+21,1.15997E+16,4.80806E+16
133186,133187,9,5,64,0,2016,2,9,2,3,2,6,0,0,0,1,1,0,0,0,6.50793E+20,5.47563E+21,1.1079E+16,4.94147E+16
133187,133188,9,2,76,138,2016,3,19,3,3,8,1,2,2,0,1,0,0,0,0,8.01387E+20,5.43543E+21,1.31209E+16,4.89981E+16
133188,133189,9,7,61,0,2016,2,10,5,3,5,3,0,1,0,1,0,0,0,0,6.39657E+20,5.35747E+21,1.08852E+16,4.8355E+16
133189,133190,9,1,62,0,2016,2,16,2,3,2,6,0,1,0,1,0,0,0,0,6.86026E+20,5.34037E+21,1.15031E+16,4.81893E+16
133190,133191,9,1,87,117,2016,2,16,2,3,5,3,0,1,0,1,0,0,0,0,7.24794E+20,5.30552E+21,1.20057E+16,4.78637E+16
133191,133192,9,7,62,0,2016,2,7,2,3,4,2,0,2,0,1,0,0,0,0,6.22535E+20,5.30593E+21,1.06394E+16,4.7895E+16
133192,133193,9,6,63,0,2016,2,10,5,3,5,2,0,0,0,1,0,0,0,0,5.68048E+20,5.51269E+21,9.94487E+15,4.97628E+16
133193,133194,9,1,73,137,2016,2,8,6,2,4,6,0,1,0,1,0,0,0,0,6.74987E+20,5.30553E+21,1.13404E+16,4.78792E+16
133194,133195,9,6,75,141,2016,2,12,5,3,5,3,0,0,0,1,0,0,0,0,5.83671E+20,5.50884E+21,1.01609E+16,4.97262E+16
133195,133196,9,1,73,126,2016,2,12,6,3,2,6,0,1,0,1,0,1,0,0,6.85619E+20,5.30383E+21,1.14818E+16,4.7861E+16
133196,133197,9,1,62,0,2016,3,11,3,3,5,3,0,1,0,1,0,0,0,0,6.90665E+20,5.33615E+21,1.15635E+16,4.815E+16
133197,133198,9,5,73,134,2016,2,8,2,3,5,1,0,0,1,1,0,0,0,0,6.41465E+20,5.47836E+21,1.09515E+16,4.94414E+16
133198,133199,9,6,73,114,2016,2,15,5,3,0,1,0,0,1,0,0,0,0,0,5.85764E+20,5.5761E+21,1.0205E+16,5.03307E+16
133199,133200,9,1,77,117,2016,2,19,2,3,6,4,2,1,0,1,1,0,0,0,7.15187E+20,5.35409E+21,1.19019E+16,4.83033E+16
133200,133201,9,7,61,0,2016,2,16,2,3,6,4,0,1,0,1,1,0,0,0,6.39802E+20,5.35868E+21,1.08876E+16,4.83658E+16
133201,133202,9,5,64,0,2016,2,17,6,3,0,6,2,0,0,1,0,1,0,0,6.50928E+20,5.4785E+21,1.1082E+16,4.94404E+16
133202,133203,9,1,62,0,2016,2,11,7,3,5,3,0,0,1,1,0,0,0,0,6.9002E+20,5.33575E+21,1.15547E+16,4.81466E+16
133203,133204,9,4,61,0,2016,2,12,7,3,0,7,0,0,1,0,0,0,0,0,6.33378E+20,5.52993E+21,1.08575E+16,4.99068E+16
133204,133205,9,1,77,117,2016,2,12,5,3,5,3,0,1,1,1,0,0,0,0,7.15869E+20,5.35305E+21,1.19106E+16,4.82938E+16
133205,133206,9,1,89,157,2016,2,13,6,3,3,4,0,0,0,1,1,0,0,0,7.64934E+20,5.32504E+21,1.25535E+16,4.80237E+16
133206,133207,9,6,72,135,2016,3,7,3,3,4,1,0,2,0,1,0,0,0,0,5.81952E+20,5.56857E+21,1.01498E+16,5.02636E+16
133207,133208,9,7,62,0,2016,3,18,3,3,4,6,2,1,0,1,0,0,0,0,6.21509E+20,5.30465E+21,1.06253E+16,4.78837E+16
133208,133209,9,3,62,0,2016,2,14,2,3,2,6,0,1,0,1,0,0,0,0,7.28977E+20,5.43635E+21,1.21331E+16,4.90374E+16
133209,133210,9,7,79,228,2016,3,9,3,3,1,7,0,2,0,1,0,0,1,0,6.26549E+20,5.41493E+21,1.07259E+16,4.88744E+16
133210,133211,9,5,62,0,2016,2,8,5,3,5,3,0,0,1,1,0,0,0,0,6.44945E+20,5.49376E+21,1.10051E+16,4.9579E+16
133211,133212,9,1,62,0,2016,2,1,1,3,6,4,2,0,0,1,1,0,0,0,6.91038E+20,5.33416E+21,1.15676E+16,4.8132E+16
133212,133213,9,5,64,0,2016,2,9,6,3,2,6,0,0,0,1,0,0,0,0,6.46049E+20,5.48006E+21,1.10153E+16,4.94556E+16
133213,133214,9,7,80,139,2016,2,8,7,3,4,3,0,0,1,1,0,0,0,0,5.965E+20,5.2637E+21,1.02818E+16,4.75196E+16
133214,133215,9,1,73,112,2016,2,8,7,3,0,7,0,0,0,0,1,0,0,1,6.91943E+20,5.29317E+21,1.15615E+16,4.77633E+16
133215,133216,9,1,62,0,2016,2,15,4,3,2,6,0,0,0,1,0,0,0,0,6.93447E+20,5.3352E+21,1.16004E+16,4.81406E+16
133216,133217,9,1,71,124,2016,3,13,4,3,0,2,0,1,0,0,0,0,0,1,7.8083E+20,5.34469E+21,1.27791E+16,4.81933E+16
133217,133218,9,4,74,126,2016,3,9,3,3,1,7,0,1,0,0,1,0,0,1,6.49387E+20,5.50954E+21,1.10725E+16,4.97198E+16
133218,133219,9,7,64,0,2016,2,7,6,3,5,3,0,2,0,1,0,0,0,0,5.88719E+20,5.31531E+21,1.0189E+16,4.7985E+16
133219,133220,9,1,73,134,2016,3,12,3,3,4,1,0,2,0,1,0,0,0,0,6.86782E+20,5.30237E+21,1.14967E+16,4.78475E+16
133220,133221,9,5,62,0,2016,3,7,3,3,0,7,0,2,1,0,0,0,0,0,6.45821E+20,5.49576E+21,1.10179E+16,4.95969E+16
133221,133222,9,5,64,0,2016,2,14,5,3,4,2,0,0,0,1,0,0,0,0,6.52543E+20,5.47925E+21,1.11045E+16,4.94467E+16
133222,133223,9,5,64,0,2016,2,7,5,3,2,6,0,1,0,1,0,0,0,0,6.47041E+20,5.47694E+21,1.10278E+16,4.94274E+16
133223,133224,9,5,64,0,2016,2,12,6,3,5,3,0,0,0,1,0,0,0,1,6.50892E+20,5.48079E+21,1.10823E+16,4.9461E+16
133224,133225,9,5,62,0,2016,2,16,7,3,0,7,0,0,1,0,0,0,0,0,6.44842E+20,5.49582E+21,1.10044E+16,4.95976E+16
133225,133226,9,1,78,124,2016,2,20,7,3,3,2,2,0,1,1,0,0,0,0,7.02673E+20,5.36567E+21,1.17389E+16,4.84115E+16
133226,133227,9,1,61,0,2016,3,19,4,2,6,4,2,1,0,1,1,0,0,0,6.74929E+20,5.40462E+21,1.13808E+16,4.877E+16
133227,133228,9,3,62,0,2016,3,17,3,3,2,6,0,0,0,1,0,0,0,0,7.24178E+20,5.43464E+21,1.20666E+16,4.90238E+16
133228,133229,9,7,63,0,2016,2,14,6,3,6,4,0,0,0,1,1,0,0,0,5.98758E+20,5.28657E+21,1.03169E+16,4.77249E+16
133229,133230,9,1,86,113,2016,3,18,3,3,1,3,2,1,0,1,0,1,0,0,6.8142E+20,5.3949E+21,1.14647E+16,4.86808E+16
133230,133231,9,1,62,0,2016,2,20,2,2,6,2,2,1,0,1,1,0,0,0,6.9087E+20,5.33915E+21,1.15676E+16,4.81769E+16
133231,133232,9,5,64,0,2016,3,13,3,3,5,2,0,1,1,1,0,0,0,0,6.54253E+20,5.47911E+21,1.1128E+16,4.94451E+16
133232,133233,9,5,64,0,2016,2,18,5,3,8,1,2,0,0,1,0,0,0,0,6.55647E+20,5.48094E+21,1.1148E+16,4.94612E+16
133233,133234,9,1,71,112,2016,2,21,6,3,5,3,2,0,0,1,0,0,0,0,7.8523E+20,5.34243E+21,1.28367E+16,4.8171E+16
133234,133235,9,1,62,0,2016,3,11,3,3,3,6,0,2,0,1,0,0,0,0,6.93363E+20,5.33502E+21,1.15992E+16,4.81391E+16
133235,133236,9,5,64,0,2016,2,16,2,3,2,6,2,1,0,1,0,0,1,0,6.45097E+20,5.47837E+21,1.10015E+16,4.94407E+16
133236,133237,9,2,77,133,2016,3,7,3,3,9,7,0,2,0,1,0,0,0,0,7.69366E+20,5.36808E+21,1.26401E+16,4.84082E+16
133237,133238,9,5,64,0,2016,2,13,5,2,0,6,0,0,0,1,0,1,0,0,6.52597E+20,5.47944E+21,1.11053E+16,4.94485E+16
133238,133239,9,1,62,0,2016,3,7,3,3,5,3,0,2,0,1,0,0,0,0,6.88341E+20,5.34103E+21,1.15345E+16,4.81945E+16
133239,133240,9,1,62,0,2016,2,10,6,3,5,3,0,0,0,1,0,0,0,1,6.93982E+20,5.33583E+21,1.16079E+16,4.81461E+16
133240,133241,9,6,63,0,2016,2,7,2,3,3,5,0,0,1,1,0,0,0,0,5.68631E+20,5.51538E+21,9.95344E+15,4.97869E+16
133241,133242,9,3,72,175,2016,3,7,3,3,5,3,0,1,0,1,0,0,0,0,7.67379E+20,5.46036E+21,1.26735E+16,4.92376E+16
133242,133243,9,7,71,130,2016,2,10,6,3,4,1,0,0,0,1,0,0,0,0,6.48571E+20,5.35557E+21,1.10048E+16,4.83358E+16
133243,133244,9,1,62,0,2016,2,16,2,3,2,6,0,1,0,1,0,0,1,0,6.92471E+20,5.34193E+21,1.15904E+16,4.82014E+16
133244,133245,9,1,90,140,2016,2,18,2,3,8,1,2,2,0,1,0,0,0,0,6.46888E+20,5.29605E+21,1.09616E+16,4.7801E+16
133245,133246,9,1,62,0,2016,2,14,2,3,6,2,0,1,0,1,1,0,0,0,6.90523E+20,5.33462E+21,1.15609E+16,4.81363E+16
133246,133247,9,5,64,0,2016,2,8,5,3,2,6,0,1,1,1,0,0,0,0,6.51657E+20,5.48091E+21,1.10929E+16,4.94619E+16
133247,133248,9,1,71,111,2016,2,6,6,3,5,3,1,2,0,1,0,0,0,0,7.73456E+20,5.34814E+21,1.26823E+16,4.82275E+16
133248,133249,9,7,78,173,2016,3,7,3,3,0,7,0,1,1,0,0,0,0,0,6.1177E+20,5.32241E+21,1.04997E+16,4.80452E+16
133249,133250,9,5,77,136,2016,2,13,2,3,3,2,0,1,0,1,0,0,0,0,6.28706E+20,5.44211E+21,1.07639E+16,4.91183E+16
133250,133251,9,5,61,0,2016,2,21,5,3,5,7,2,0,0,1,0,0,0,0,6.14057E+20,5.46209E+21,1.05689E+16,4.93009E+16
133251,133252,9,1,62,0,2016,2,14,1,3,6,4,0,0,0,1,1,0,0,0,7.00457E+20,5.33429E+21,1.16941E+16,4.81303E+16
133252,133253,9,5,64,0,2016,2,13,6,3,2,6,0,0,0,1,0,0,0,0,6.49382E+20,5.4792E+21,1.10609E+16,4.94471E+16
133253,133254,9,1,62,0,2016,2,18,7,3,1,7,2,0,0,1,1,0,0,0,6.88196E+20,5.33814E+21,1.15312E+16,4.81686E+16
133254,133255,9,1,75,132,2016,2,11,2,2,5,3,0,1,1,1,0,0,0,0,7.06801E+20,5.33206E+21,1.17782E+16,4.81082E+16
133255,133256,9,7,77,121,2016,2,15,2,3,5,3,0,2,0,1,0,0,0,1,6.28302E+20,5.32291E+21,1.07215E+16,4.80466E+16
133256,133257,9,4,61,0,2016,2,7,1,3,1,7,0,0,1,1,0,0,0,0,6.38617E+20,5.52965E+21,1.09304E+16,4.99032E+16
133257,133258,9,4,64,0,2016,2,10,5,2,5,3,0,0,0,1,0,0,0,0,7.07905E+20,5.5756E+21,1.19192E+16,5.02959E+16
133258,133259,9,1,87,150,2016,2,14,6,3,2,6,0,0,0,1,0,0,0,0,7.2942E+20,5.30389E+21,1.20666E+16,4.78474E+16
133259,133260,9,1,73,120,2016,2,17,2,2,4,1,1,2,0,1,0,0,0,0,6.9147E+20,5.31106E+21,1.15631E+16,4.79242E+16
133260,133261,9,7,71,113,2016,3,7,3,3,4,1,0,2,0,1,0,0,0,0,6.56457E+20,5.36842E+21,1.11159E+16,4.84495E+16
133261,133262,9,4,73,166,2016,2,12,5,3,5,3,0,0,0,1,0,0,0,0,6.5205E+20,5.56503E+21,1.11313E+16,5.02179E+16
133262,133263,9,7,71,142,2016,2,13,1,3,5,3,0,0,0,1,0,0,0,0,6.45991E+20,5.35197E+21,1.09687E+16,4.8304E+16
133263,133264,9,5,64,0,2016,2,20,6,3,0,1,2,0,1,0,0,0,0,0,6.49968E+20,5.47986E+21,1.10692E+16,4.94528E+16
133264,133265,9,7,72,163,2016,2,14,7,2,0,1,0,0,1,0,0,0,0,0,6.39562E+20,5.34835E+21,1.08809E+16,4.82729E+16
133265,133266,9,1,87,117,2016,2,14,7,3,5,3,0,0,0,1,0,0,0,0,7.24773E+20,5.30544E+21,1.20054E+16,4.78629E+16
133266,133267,9,1,62,0,2016,2,16,4,3,0,7,0,1,1,0,0,0,0,1,6.92249E+20,5.33621E+21,1.15848E+16,4.815E+16