FID,OBJECTID,ULAND,UREGBEZ,UKREIS,UGEMEINDE,UJAHR,UMONAT,USTUNDE,UWOCHENTAG,UKATEGORIE,UART,UTYP1,ULICHTVERH,IstStrasse,IstRad,IstPKW,IstFuss,IstKrad,IstGkfz,IstSonstig,LINREFX,LINREFY,XGCSWGS84,YGCSWGS84
133267,133268,9,1,63,0,2016,3,16,4,3,7,1,0,0,1,0,0,0,0,0,7.33792E+20,5.30508E+21,1.21256E+16,4.78565E+16
133268,133269,9,3,72,165,2016,3,18,3,3,0,7,2,1,0,1,0,0,0,1,7.62942E+20,5.48074E+21,1.26261E+16,4.94224E+16
133269,133270,9,7,61,0,2016,2,7,6,3,5,3,0,1,1,1,0,0,0,0,6.40937E+20,5.36139E+21,1.09038E+16,4.83899E+16
133270,133271,9,1,61,0,2016,3,0,3,3,9,1,2,2,0,1,0,0,0,0,6.77044E+20,5.4017E+21,1.14083E+16,4.87432E+16
133271,133272,9,3,62,0,2016,2,13,7,3,0,4,0,0,0,1,1,0,0,0,7.26719E+20,5.43394E+21,1.21009E+16,4.90167E+16
133272,133273,9,1,62,0,2016,2,16,4,3,6,7,0,0,1,0,1,0,0,0,6.90768E+20,5.33721E+21,1.15654E+16,4.81595E+16
133273,133274,9,2,79,112,2016,3,13,3,2,6,4,0,1,1,0,1,0,0,0,7.57565E+20,5.39219E+21,1.24958E+16,4.86297E+16
133274,133275,9,6,78,168,2016,3,6,3,3,8,1,1,2,0,1,0,0,0,0,5.84819E+20,5.54962E+21,1.01858E+16,5.00928E+16
133275,133276,9,4,63,0,2016,2,20,5,3,0,1,2,1,0,0,0,1,0,0,6.43434E+20,5.5693E+21,1.10123E+16,5.02584E+16
133276,133277,9,5,64,0,2016,2,22,6,3,2,6,2,0,0,1,0,0,0,0,6.50918E+20,5.47922E+21,1.10821E+16,4.94469E+16
133277,133278,9,5,63,0,2016,2,23,7,3,1,5,2,0,0,1,0,0,0,0,6.44943E+20,5.48363E+21,1.10013E+16,4.9488E+16
133278,133279,9,1,86,147,2016,3,7,4,3,6,4,0,1,0,1,1,0,0,0,6.81789E+20,5.39234E+21,1.14686E+16,4.86576E+16
133279,133280,9,1,62,0,2016,2,6,6,3,5,2,2,1,1,1,0,0,0,0,6.83912E+20,5.33532E+21,1.14725E+16,4.81445E+16
133280,133281,9,3,62,0,2016,3,6,3,3,4,6,1,1,0,1,0,1,0,0,7.25165E+20,5.43167E+21,1.20785E+16,4.89968E+16
133281,133282,9,7,61,0,2016,2,16,6,3,6,4,0,0,0,1,1,0,0,0,6.41669E+20,5.36011E+21,1.09132E+16,4.83782E+16
133282,133283,9,1,81,116,2016,3,7,3,3,4,1,0,2,0,1,0,0,0,0,6.46906E+20,5.33841E+21,1.09764E+16,4.8182E+16
133283,133284,9,1,84,146,2016,2,17,2,3,6,4,0,1,0,1,1,0,0,0,6.97228E+20,5.32874E+21,1.16482E+16,4.80814E+16
133284,133285,9,4,62,0,2016,2,8,5,3,0,6,0,0,1,1,0,0,0,0,6.83339E+20,5.53614E+21,1.15557E+16,4.99495E+16
133285,133286,9,1,62,0,2016,2,18,2,3,6,4,2,1,0,1,1,0,0,0,6.87152E+20,5.33014E+21,1.15137E+16,4.8097E+16
133286,133287,9,5,64,0,2016,3,18,3,3,2,6,2,0,0,1,0,0,0,0,6.49881E+20,5.48152E+21,1.10687E+16,4.94678E+16
133287,133288,9,3,63,0,2016,2,8,5,3,5,3,0,0,0,1,0,0,0,0,7.22954E+20,5.50856E+21,1.20913E+16,4.96882E+16
133288,133289,9,5,64,0,2016,2,21,6,3,6,4,2,0,0,1,1,0,0,0,6.48895E+20,5.4795E+21,1.10543E+16,4.94499E+16
133289,133290,9,1,86,137,2016,2,16,6,2,0,1,0,0,0,0,0,1,0,0,6.85018E+20,5.4003E+21,1.1516E+16,4.87282E+16
133290,133291,9,1,62,0,2016,3,17,3,3,0,7,2,1,0,0,0,1,0,0,6.89763E+20,5.336E+21,1.15513E+16,4.81489E+16
133291,133292,9,6,76,116,2016,2,19,2,3,5,3,2,1,0,1,0,0,0,0,5.19669E+20,5.50669E+21,9.27282E+15,4.97124E+16
133292,133293,9,2,76,148,2016,3,17,3,3,2,6,0,1,0,1,0,0,0,0,8.08722E+20,5.43714E+21,1.32222E+16,4.90098E+16
133293,133294,9,1,62,0,2016,2,11,2,3,5,3,0,1,0,1,0,0,0,0,6.88247E+20,5.33376E+21,1.153E+16,4.81292E+16
133294,133295,9,1,87,177,2016,2,10,2,3,6,3,0,0,0,1,1,0,0,0,7.35573E+20,5.30534E+21,1.21495E+16,4.78582E+16
133295,133296,9,7,62,0,2016,2,17,2,3,1,6,0,2,0,1,0,0,0,0,6.21829E+20,5.30748E+21,1.06304E+16,4.79091E+16
133296,133297,9,3,62,0,2016,2,9,5,3,2,6,0,0,0,1,0,0,0,0,7.30494E+20,5.43006E+21,1.21503E+16,4.89804E+16
133297,133298,9,1,81,130,2016,2,3,6,3,9,1,2,2,0,1,0,0,0,0,6.39281E+20,5.324E+21,1.08691E+16,4.80541E+16
133298,133299,9,7,77,151,2016,3,19,3,3,4,6,2,0,0,1,0,0,0,0,6.24097E+20,5.29565E+21,1.06573E+16,4.78023E+16
133299,133300,9,4,62,0,2016,2,7,2,3,2,6,0,0,0,1,0,0,0,0,6.86845E+20,5.53508E+21,1.1604E+16,4.99388E+16
133300,133301,9,1,78,124,2016,2,13,6,3,5,3,0,0,0,1,0,0,0,0,7.03657E+20,5.35934E+21,1.17491E+16,4.83543E+16
133301,133302,9,1,62,0,2016,3,18,3,3,3,7,2,1,1,1,0,0,0,0,6.9222E+20,5.3371E+21,1.15848E+16,4.81581E+16
133302,133303,9,5,64,0,2016,2,11,2,2,4,6,0,0,0,1,0,0,0,0,6.47338E+20,5.47941E+21,1.10328E+16,4.94494E+16
133303,133304,9,3,62,0,2016,2,13,5,2,4,6,0,0,0,1,0,0,1,0,7.28944E+20,5.4367E+21,1.21329E+16,4.90406E+16
133304,133305,9,1,77,118,2016,2,13,2,2,5,3,0,1,0,1,0,0,0,0,7.08552E+20,5.34527E+21,1.18082E+16,4.82264E+16
133305,133306,9,7,61,0,2016,2,15,2,3,5,3,0,1,1,1,0,0,0,0,6.40672E+20,5.35864E+21,1.08993E+16,4.83652E+16
133306,133307,9,1,87,117,2016,2,4,1,2,9,1,2,0,0,1,0,0,0,0,7.25186E+20,5.30577E+21,1.20111E+16,4.78658E+16
133307,133308,9,4,63,0,2016,2,9,7,3,5,3,0,0,0,1,0,0,0,0,6.39664E+20,5.57E+21,1.09597E+16,5.02657E+16
133308,133309,9,1,62,0,2016,2,9,5,3,2,2,0,1,0,1,0,0,0,1,6.86188E+20,5.3376E+21,1.1504E+16,4.81644E+16
133309,133310,9,6,74,195,2016,3,7,3,3,9,1,0,2,0,1,0,0,0,0,6.1383E+20,5.53916E+21,1.05882E+16,4.99939E+16
133310,133311,9,3,73,112,2016,2,17,5,3,5,3,0,0,0,1,0,0,0,0,6.77615E+20,5.44259E+21,1.14338E+16,4.91105E+16
133311,133312,9,5,64,0,2016,2,0,1,2,6,4,2,0,0,1,1,0,0,0,6.50743E+20,5.47918E+21,1.10797E+16,4.94466E+16
133312,133313,9,5,77,177,2016,2,13,6,3,5,3,0,0,0,0,0,0,1,1,6.42784E+20,5.4298E+21,1.09524E+16,4.90046E+16
133313,133314,9,7,79,111,2016,3,6,3,3,4,6,0,2,0,1,0,0,0,0,6.18676E+20,5.41151E+21,1.06176E+16,4.88452E+16
133314,133315,9,2,79,112,2016,2,13,5,3,5,3,0,0,0,1,0,0,0,0,7.57983E+20,5.39225E+21,1.25015E+16,4.86301E+16
133315,133316,9,1,62,0,2016,2,1,1,3,6,2,2,0,0,1,1,0,0,0,6.90536E+20,5.33474E+21,1.15612E+16,4.81374E+16
133316,133317,9,4,73,159,2016,2,10,6,3,2,3,0,0,0,1,0,0,0,1,6.43664E+20,5.57247E+21,1.10167E+16,5.02868E+16
133317,133318,9,1,62,0,2016,2,16,7,3,5,3,0,0,0,1,0,1,0,0,6.90698E+20,5.33705E+21,1.15644E+16,4.81581E+16
133318,133319,9,1,90,141,2016,2,19,7,3,8,1,2,0,0,0,0,1,0,0,6.78751E+20,5.29175E+21,1.1385E+16,4.77543E+16
133319,133320,9,1,62,0,2016,2,8,4,3,6,4,0,1,0,1,1,0,0,0,6.87677E+20,5.33429E+21,1.15226E+16,4.81342E+16
133320,133321,9,4,62,0,2016,3,11,3,3,1,6,0,0,0,1,0,0,0,1,6.85554E+20,5.53528E+21,1.15861E+16,4.9941E+16
133321,133322,9,1,73,126,2016,3,7,3,3,5,3,0,2,0,1,0,0,1,0,6.8436E+20,5.3062E+21,1.14659E+16,4.78826E+16
133322,133323,9,5,62,0,2016,3,5,3,2,0,7,2,2,0,0,0,0,0,1,6.43677E+20,5.49275E+21,1.09872E+16,4.95702E+16
133323,133324,9,1,72,118,2016,2,10,5,3,5,3,0,1,0,1,0,0,0,1,7.96941E+20,5.30434E+21,1.29675E+16,4.78237E+16
133324,133325,9,4,78,139,2016,2,7,6,3,0,4,0,0,0,1,1,0,0,0,6.48131E+20,5.55908E+21,1.10741E+16,5.01654E+16
133325,133326,9,4,75,154,2016,2,21,7,3,8,7,2,0,0,1,0,0,0,0,6.98967E+20,5.56268E+21,1.17871E+16,5.01829E+16
133326,133327,9,1,77,117,2016,3,11,4,3,5,3,0,0,1,1,0,0,0,0,7.15061E+20,5.35396E+21,1.19002E+16,4.83023E+16
133327,133328,9,1,62,0,2016,2,6,6,2,4,2,2,0,1,1,0,0,0,0,6.89236E+20,5.34014E+21,1.15461E+16,4.81863E+16
133328,133329,9,6,79,156,2016,2,18,2,3,8,1,2,2,0,1,0,0,0,0,5.73034E+20,5.52156E+21,1.00158E+16,4.9842E+16
133329,133330,9,3,72,116,2016,3,13,3,3,4,2,0,1,0,1,0,1,0,0,7.66707E+20,5.45648E+21,1.26617E+16,4.9203E+16
133330,133331,9,6,63,0,2016,2,10,7,3,6,2,0,0,0,1,1,0,0,0,5.67443E+20,5.51615E+21,9.93707E+15,4.9794E+16
133331,133332,9,1,74,115,2016,2,14,7,3,0,1,0,0,0,0,0,1,0,0,6.83115E+20,5.34842E+21,1.14674E+16,4.82625E+16
133332,133333,9,1,61,0,2016,3,14,4,3,2,6,0,1,0,1,0,0,0,0,6.77031E+20,5.40528E+21,1.14096E+16,4.87753E+16
133333,133334,9,3,62,0,2016,3,18,3,2,1,2,2,0,1,1,0,0,0,0,7.32585E+20,5.43252E+21,1.21802E+16,4.90017E+16
133334,133335,9,7,61,0,2016,2,11,6,3,1,6,0,0,0,1,0,0,0,0,6.39716E+20,5.3564E+21,1.08856E+16,4.83453E+16
133335,133336,9,1,86,143,2016,3,11,3,2,8,7,0,2,0,1,0,0,0,0,6.84928E+20,5.37807E+21,1.15049E+16,4.85285E+16
133336,133337,9,1,62,0,2016,2,13,2,3,5,3,0,1,0,1,0,0,0,0,6.88993E+20,5.34183E+21,1.15436E+16,4.82015E+16
133337,133338,9,5,64,0,2016,3,11,3,3,3,6,0,1,0,1,0,0,0,0,6.50897E+20,5.4809E+21,1.10825E+16,4.9462E+16
133338,133339,9,1,72,114,2016,2,16,5,3,2,6,0,1,1,1,0,0,0,0,7.90808E+20,5.29333E+21,1.28784E+16,4.77278E+16
133339,133340,9,1,62,0,2016,2,13,5,2,5,3,0,1,0,1,0,0,0,1,6.84006E+20,5.33965E+21,1.14756E+16,4.81835E+16
133340,133341,9,1,62,0,2016,3,11,3,3,5,2,0,1,0,1,0,0,0,0,6.92228E+20,5.33046E+21,1.15819E+16,4.80983E+16
133341,133342,9,5,64,0,2016,2,16,2,3,5,3,0,1,1,1,0,0,0,0,6.49275E+20,5.4806E+21,1.106E+16,4.94597E+16
133342,133343,9,2,71,119,2016,3,12,3,3,3,6,0,1,0,1,0,1,0,1,7.90612E+20,5.41703E+21,1.29608E+16,4.88382E+16
133343,133344,9,1,87,176,2016,2,12,5,1,5,3,0,1,0,1,0,0,0,1,7.39228E+20,5.33418E+21,1.22144E+16,4.81159E+16
133344,133345,9,1,84,135,2016,2,17,2,3,5,7,0,1,0,1,0,0,0,1,6.89796E+20,5.34815E+21,1.15572E+16,4.82581E+16
133345,133346,9,1,61,0,2016,2,7,2,3,5,3,1,0,1,1,0,0,0,0,6.77632E+20,5.40158E+21,1.14162E+16,4.87419E+16
133346,133347,9,7,77,129,2016,2,13,2,2,5,3,0,2,1,1,0,0,0,0,6.27656E+20,5.26983E+21,1.06972E+16,4.75693E+16
133347,133348,9,1,87,122,2016,2,18,5,3,2,6,2,1,0,1,0,0,0,0,7.19273E+20,5.30764E+21,1.19331E+16,4.78846E+16
133348,133349,9,7,61,0,2016,2,11,6,3,2,6,0,0,0,1,0,0,0,0,6.39936E+20,5.35932E+21,1.08896E+16,4.83715E+16
133349,133350,9,1,75,135,2016,3,14,3,3,5,3,0,1,0,1,0,0,0,0,7.0912E+20,5.33855E+21,1.18125E+16,4.81658E+16
133350,133351,9,1,62,0,2016,2,16,2,3,2,6,0,1,0,1,0,0,1,0,6.9399E+20,5.33504E+21,1.16077E+16,4.8139E+16
133351,133352,9,1,88,139,2016,2,18,5,3,6,4,2,1,0,1,1,0,0,0,6.74771E+20,5.31855E+21,1.13428E+16,4.79964E+16
133352,133353,9,1,62,0,2016,2,12,5,3,5,3,0,1,1,1,0,0,0,0,6.93817E+20,5.33296E+21,1.16044E+16,4.81204E+16
133353,133354,9,1,62,0,2016,3,19,3,3,6,2,2,1,0,1,1,0,0,0,6.92333E+20,5.33425E+21,1.15851E+16,4.81324E+16
133354,133355,9,5,77,177,2016,2,14,2,3,2,6,0,1,0,1,0,0,0,0,6.42948E+20,5.43022E+21,1.09547E+16,4.90083E+16
133355,133356,9,1,62,0,2016,2,1,1,3,5,3,2,0,0,1,0,0,0,0,6.8973E+20,5.33334E+21,1.15497E+16,4.81251E+16
133356,133357,9,4,61,0,2016,2,13,6,3,2,6,0,0,0,1,0,0,0,0,6.36295E+20,5.52831E+21,1.08976E+16,4.98916E+16
133357,133358,9,1,62,0,2016,2,17,7,3,5,3,2,0,0,1,0,0,0,0,6.88355E+20,5.3308E+21,1.15301E+16,4.81026E+16
133358,133359,9,3,74,166,2016,2,15,7,3,5,3,0,0,0,1,0,0,0,0,7.19583E+20,5.5026E+21,1.20413E+16,4.9636E+16
133359,133360,9,1,62,0,2016,2,18,4,2,6,4,2,0,1,0,1,0,0,0,6.89115E+20,5.33603E+21,1.15426E+16,4.81494E+16
133360,133361,9,7,72,163,2016,3,22,6,2,5,2,2,0,0,1,0,0,0,0,6.40505E+20,5.34953E+21,1.0894E+16,4.82834E+16
133361,133362,9,1,62,0,2016,3,21,5,3,5,3,2,0,1,1,0,0,0,0,6.92825E+20,5.33537E+21,1.15922E+16,4.81424E+16
133362,133363,9,4,71,145,2016,3,15,2,3,5,3,0,0,1,1,0,0,0,0,6.43953E+20,5.52042E+21,1.10012E+16,4.9819E+16
133363,133364,9,5,64,0,2016,3,9,1,3,5,3,0,0,1,1,0,0,0,0,6.50731E+20,5.48077E+21,1.10801E+16,4.94608E+16
133364,133365,9,5,62,0,2016,3,16,5,3,3,2,0,0,1,1,0,0,0,0,6.45066E+20,5.49485E+21,1.10072E+16,4.95888E+16
133365,133366,9,1,62,0,2016,3,18,7,3,2,6,2,1,0,1,0,0,0,0,6.90262E+20,5.33621E+21,1.15581E+16,4.81507E+16
133366,133367,9,5,64,0,2016,3,18,4,3,5,2,2,0,0,1,0,0,1,0,6.52323E+20,5.48235E+21,1.11027E+16,4.94746E+16
133367,133368,9,5,74,132,2016,3,17,7,2,8,1,0,0,1,0,0,0,0,0,6.76793E+20,5.48498E+21,1.14413E+16,4.94917E+16
133368,133369,9,1,79,123,2016,3,9,7,3,5,3,0,0,1,1,0,0,0,0,6.76838E+20,5.33399E+21,1.13769E+16,4.81345E+16
133369,133370,9,7,72,147,2016,3,13,5,3,0,7,0,0,1,0,0,0,0,0,6.38786E+20,5.36408E+21,1.08756E+16,4.84146E+16
133370,133371,9,1,61,0,2016,3,12,4,2,5,3,0,0,1,0,0,0,1,0,6.76354E+20,5.40609E+21,1.14008E+16,4.87828E+16
133371,133372,9,1,62,0,2016,3,15,6,3,0,6,0,0,0,1,0,0,0,1,6.90753E+20,5.33737E+21,1.15653E+16,4.81609E+16
133372,133373,9,6,77,155,2016,3,10,3,3,6,7,0,0,0,0,1,0,0,1,5.41284E+20,5.5382E+21,9.57599E+15,4.99947E+16
133373,133374,9,2,71,149,2016,3,18,3,2,0,1,1,0,0,0,0,1,0,0,8.06489E+20,5.40838E+21,1.31702E+16,4.87529E+16
133374,133375,9,2,74,153,2016,3,14,4,3,5,3,0,0,0,1,0,1,0,0,7.34829E+20,5.403E+21,1.21939E+16,4.87358E+16
133375,133376,9,5,64,0,2016,3,8,5,3,1,6,0,0,0,1,0,0,0,0,6.46412E+20,5.4774E+21,1.10193E+16,4.94316E+16
133376,133377,9,3,63,0,2016,3,13,4,2,6,4,0,0,0,1,1,0,0,0,7.28433E+20,5.50807E+21,1.21668E+16,4.96819E+16
133377,133378,9,5,64,0,2016,3,18,5,3,1,7,0,0,1,1,0,0,0,0,6.51676E+20,5.48034E+21,1.1093E+16,4.94568E+16
133378,133379,9,5,64,0,2016,3,17,4,3,2,6,1,1,0,1,0,0,0,1,6.49921E+20,5.47863E+21,1.10681E+16,4.94418E+16
133379,133380,9,3,75,184,2016,3,13,7,2,0,7,0,0,0,1,0,0,0,0,7.16227E+20,5.43943E+21,1.19606E+16,4.90698E+16
133380,133381,9,2,61,0,2016,3,12,6,3,3,2,0,0,1,1,0,0,0,0,7.3277E+20,5.38185E+21,1.21541E+16,4.85465E+16
133381,133382,9,1,62,0,2016,3,20,3,3,6,4,2,0,0,1,1,0,0,0,6.81082E+20,5.33545E+21,1.14345E+16,4.81465E+16
133382,133383,9,1,62,0,2016,3,8,6,3,5,2,0,0,1,0,0,0,0,1,6.9142E+20,5.33703E+21,1.1574E+16,4.81576E+16
133383,133384,9,5,64,0,2016,3,15,3,3,5,3,0,0,0,1,0,0,0,1,6.50672E+20,5.47767E+21,1.10781E+16,4.9433E+16
133384,133385,9,1,82,116,2016,3,7,3,3,4,6,0,2,0,1,0,0,0,0,7.06862E+20,5.29424E+21,1.17609E+16,4.77683E+16
133385,133386,9,5,64,0,2016,3,20,5,3,5,3,2,0,0,1,0,0,0,0,6.485E+20,5.47855E+21,1.10485E+16,4.94414E+16
133386,133387,9,7,61,0,2016,3,16,6,3,5,3,0,0,0,1,0,0,0,0,6.39641E+20,5.36025E+21,1.08859E+16,4.83799E+16
133387,133388,9,1,61,0,2016,3,6,6,3,6,4,1,0,0,1,1,0,0,0,6.76789E+20,5.40629E+21,1.14068E+16,4.87845E+16
133388,133389,9,7,72,147,2016,3,16,2,3,3,2,0,0,1,1,0,0,0,0,6.39021E+20,5.36487E+21,1.08791E+16,4.84216E+16
133389,133390,9,1,72,118,2016,3,16,6,2,0,1,0,0,1,0,0,0,0,0,7.97205E+20,5.30536E+21,1.29717E+16,4.78328E+16
133390,133391,9,7,64,0,2016,3,6,2,3,2,6,1,2,0,1,0,0,1,0,5.88787E+20,5.31457E+21,1.01897E+16,4.79782E+16
133391,133392,9,1,90,141,2016,3,15,7,3,5,3,0,0,0,1,0,0,0,0,6.77997E+20,5.2914E+21,1.13748E+16,4.77514E+16
133392,133393,9,1,73,147,2016,3,23,2,3,6,4,2,0,0,1,1,0,0,0,6.81653E+20,5.30892E+21,1.14309E+16,4.79079E+16
133393,133394,9,1,62,0,2016,3,11,3,2,6,7,0,0,0,1,1,0,0,0,6.90771E+20,5.33721E+21,1.15654E+16,4.81595E+16
133394,133395,9,3,62,0,2016,3,17,3,3,1,6,0,0,0,1,0,0,0,0,7.31223E+20,5.43387E+21,1.21624E+16,4.90144E+16
133395,133396,9,5,64,0,2016,3,18,1,3,2,6,2,1,0,1,0,0,0,0,6.50156E+20,5.47922E+21,1.10716E+16,4.94471E+16
133396,133397,9,1,78,124,2016,3,10,3,3,1,3,0,0,1,1,0,0,0,0,7.04036E+20,5.36505E+21,1.1757E+16,4.84056E+16
133397,133398,9,5,64,0,2016,3,14,5,3,5,3,0,0,1,1,0,0,0,0,6.50754E+20,5.48039E+21,1.10803E+16,4.94575E+16
133398,133399,9,6,63,0,2016,3,10,6,3,5,2,0,0,0,1,0,1,0,0,5.67107E+20,5.51438E+21,9.9321E+15,4.97782E+16
133399,133400,9,1,62,0,2016,3,23,5,3,3,6,2,1,0,1,0,0,0,0,6.94252E+20,5.34174E+21,1.16142E+16,4.81991E+16
133400,133401,9,5,64,0,2016,3,15,2,3,2,6,0,0,0,1,0,0,0,0,6.51561E+20,5.48074E+21,1.10915E+16,4.94604E+16
133401,133402,9,7,61,0,2016,3,3,1,3,5,3,2,1,0,1,0,0,0,0,6.41816E+20,5.36034E+21,1.09153E+16,4.83803E+16
133402,133403,9,4,63,0,2016,3,12,5,3,2,6,0,0,0,1,0,1,0,0,6.40189E+20,5.56916E+21,1.09667E+16,5.02579E+16
133403,133404,9,1,62,0,2016,3,10,7,3,6,4,0,0,1,0,1,0,0,0,6.86785E+20,5.33661E+21,1.15116E+16,4.81553E+16
133404,133405,9,1,77,117,2016,3,15,2,2,6,7,0,0,0,1,1,0,0,0,7.15165E+20,5.35395E+21,1.19016E+16,4.83021E+16
133405,133406,9,4,61,0,2016,3,17,5,3,1,7,1,0,0,0,0,0,1,1,6.36055E+20,5.52889E+21,1.08944E+16,4.98969E+16
133406,133407,9,1,87,117,2016,3,6,1,2,9,1,0,0,0,1,0,0,0,0,7.26127E+20,5.30579E+21,1.20237E+16,4.78656E+16
133407,133408,9,1,62,0,2016,3,13,2,3,2,6,0,0,0,1,0,0,0,0,6.8886E+20,5.33562E+21,1.1539E+16,4.81458E+16
133408,133409,9,7,77,177,2016,3,18,7,3,9,1,2,2,0,1,0,0,0,0,6.34703E+20,5.32031E+21,1.08066E+16,4.80218E+16
133409,133410,9,2,74,126,2016,3,8,5,3,0,6,0,1,0,0,0,1,0,1,7.33519E+20,5.38308E+21,1.21649E+16,4.85573E+16
133410,133411,9,6,79,170,2016,3,14,6,3,6,7,0,0,0,1,1,0,0,0,5.77616E+20,5.50187E+21,1.00756E+16,4.96644E+16
133411,133412,9,7,63,0,2016,3,15,5,3,6,4,0,0,0,1,1,0,0,0,5.9781E+20,5.28728E+21,1.03045E+16,4.77315E+16
133412,133413,9,5,64,0,2016,3,0,1,3,2,6,2,1,0,1,0,0,0,0,6.49927E+20,5.47864E+21,1.10682E+16,4.94419E+16
133413,133414,9,1,90,148,2016,3,7,5,2,0,1,0,2,1,0,0,0,0,0,6.41191E+20,5.29654E+21,1.08858E+16,4.78068E+16
133414,133415,9,1,62,0,2016,3,22,7,3,6,2,2,0,0,1,1,0,0,0,6.92177E+20,5.33442E+21,1.1583E+16,4.8134E+16
133415,133416,9,5,77,136,2016,3,7,4,3,6,4,0,2,0,1,1,0,0,0,6.28363E+20,5.44224E+21,1.07592E+16,4.91196E+16
133416,133417,9,5,75,112,2016,3,1,7,3,8,1,2,1,0,1,0,0,0,0,6.00695E+20,5.49123E+21,1.03925E+16,4.95652E+16
133417,133418,9,4,61,0,2016,3,15,6,3,2,6,0,0,0,1,0,0,0,0,6.37081E+20,5.52837E+21,1.09085E+16,4.9892E+16
133418,133419,9,1,78,120,2016,3,17,7,3,0,6,0,0,1,0,0,0,0,0,6.93769E+20,5.35339E+21,1.16131E+16,4.8304E+16
133419,133420,9,5,71,165,2016,3,19,4,2,5,3,2,1,0,1,0,0,0,0,6.31758E+20,5.46741E+21,1.0814E+16,4.93452E+16
133420,133421,9,6,63,0,2016,3,19,7,3,2,6,2,1,0,1,0,0,0,0,5.70334E+20,5.51807E+21,9.97759E+15,4.9811E+16
133421,133422,9,1,62,0,2016,3,20,6,3,2,2,2,0,0,1,0,0,0,0,6.83569E+20,5.33484E+21,1.14676E+16,4.81403E+16
133422,133423,9,1,63,0,2016,3,16,4,3,1,7,0,0,0,1,0,1,0,0,7.33863E+20,5.3056E+21,1.21269E+16,4.78611E+16
133423,133424,9,7,63,0,2016,3,7,3,3,5,3,0,0,0,1,0,0,0,0,5.99731E+20,5.28796E+21,1.03302E+16,4.77373E+16
133424,133425,9,3,75,174,2016,3,17,4,3,5,3,0,0,0,1,0,0,0,0,7.33217E+20,5.43027E+21,1.21876E+16,4.89813E+16
133425,133426,9,1,61,0,2016,3,15,5,3,4,3,0,0,0,1,0,1,0,0,6.77215E+20,5.40531E+21,1.14121E+16,4.87755E+16
133426,133427,9,4,79,136,2016,3,16,4,3,6,4,0,1,0,1,1,0,0,0,7.21564E+20,5.54415E+21,1.20924E+16,5.00084E+16
133427,133428,9,2,75,154,2016,3,14,7,3,6,7,0,0,0,1,1,0,0,0,8.09232E+20,5.39286E+21,1.31958E+16,4.86123E+16
133428,133429,9,1,90,140,2016,3,22,6,3,5,3,2,0,0,1,0,0,0,0,6.44425E+20,5.29571E+21,1.09286E+16,4.77985E+16
133429,133430,9,1,62,0,2016,3,14,2,3,1,5,0,0,1,1,0,0,0,0,6.92242E+20,5.33444E+21,1.15839E+16,4.81341E+16
133430,133431,9,1,82,119,2016,3,4,7,3,9,7,2,0,0,1,0,0,0,0,7.13503E+20,5.29225E+21,1.18484E+16,4.77482E+16
133431,133432,9,1,62,0,2016,3,10,3,3,5,2,0,0,0,1,0,0,0,0,6.90527E+20,5.33965E+21,1.15632E+16,4.81815E+16
133432,133433,9,7,63,0,2016,3,12,6,3,6,4,0,0,0,1,1,0,0,0,5.98509E+20,5.28685E+21,1.03137E+16,4.77275E+16
133433,133434,9,4,77,136,2016,3,17,3,3,4,7,0,0,1,1,0,0,0,0,6.7104E+20,5.5526E+21,1.13917E+16,5.0101E+16
133434,133435,9,1,81,130,2016,3,9,3,3,2,6,0,0,0,1,0,0,0,0,6.41165E+20,5.32387E+21,1.08944E+16,4.80524E+16
133435,133436,9,7,61,0,2016,3,8,5,3,5,3,0,1,0,1,0,0,0,0,6.40934E+20,5.3599E+21,1.09032E+16,4.83765E+16
133436,133437,9,1,81,134,2016,3,6,4,3,9,7,0,1,0,1,0,0,0,0,6.43449E+20,5.34129E+21,1.09309E+16,4.82086E+16
133437,133438,9,7,76,116,2016,3,6,6,3,4,6,2,1,0,1,0,0,0,0,5.49537E+20,5.2711E+21,9.65889E+15,4.75914E+16
133438,133439,9,5,74,164,2016,3,14,3,3,1,5,0,0,0,1,0,0,0,1,6.67062E+20,5.47365E+21,1.13023E+16,4.93926E+16
133439,133440,9,1,73,112,2016,3,14,3,3,1,7,0,2,0,1,0,0,1,0,6.93321E+20,5.29279E+21,1.15797E+16,4.77595E+16
133440,133441,9,1,63,0,2016,3,17,4,3,5,3,0,0,0,1,0,0,0,0,7.3058E+20,5.3043E+21,1.20823E+16,4.78506E+16
133441,133442,9,1,77,117,2016,3,10,5,3,5,3,0,0,0,1,0,0,0,0,7.15059E+20,5.35109E+21,1.18987E+16,4.82765E+16
133442,133443,9,6,62,0,2016,3,10,6,3,5,3,0,0,0,1,0,0,0,0,5.88728E+20,5.54299E+21,1.02389E+16,5.00326E+16
133443,133444,9,1,87,162,2016,3,11,6,3,5,3,0,0,0,1,0,0,0,0,7.50888E+20,5.30623E+21,1.23545E+16,4.78604E+16