FID,OBJECTID,ULAND,UREGBEZ,UKREIS,UGEMEINDE,UJAHR,UMONAT,USTUNDE,UWOCHENTAG,UKATEGORIE,UART,UTYP1,ULICHTVERH,IstStrasse,IstRad,IstPKW,IstFuss,IstKrad,IstGkfz,IstSonstig,LINREFX,LINREFY,XGCSWGS84,YGCSWGS84
133444,133445,9,7,75,129,2016,3,7,2,3,5,3,0,1,1,1,0,0,0,0,5.82334E+20,5.34224E+21,1.01086E+16,4.8228E+16
133445,133446,9,1,87,117,2016,3,7,2,2,0,6,0,0,1,0,0,0,0,1,7.25758E+20,5.30455E+21,1.20181E+16,4.78546E+16
133446,133447,9,1,62,0,2016,3,10,3,3,3,6,0,0,0,1,0,0,0,0,6.94594E+20,5.33606E+21,1.16162E+16,4.8148E+16
133447,133448,9,1,62,0,2016,3,17,4,3,0,7,0,1,1,1,0,0,0,0,6.91352E+20,5.3362E+21,1.15728E+16,4.81502E+16
133448,133449,9,3,72,116,2016,3,13,3,3,6,2,0,0,0,1,1,0,0,0,7.66648E+20,5.45904E+21,1.26626E+16,4.9226E+16
133449,133450,9,4,75,162,2016,3,12,1,3,5,3,0,0,0,1,0,0,0,0,7.16319E+20,5.57058E+21,1.20343E+16,5.02477E+16
133450,133451,9,1,84,147,2016,3,18,2,3,3,2,2,0,1,1,0,0,0,0,6.96045E+20,5.34031E+21,1.16377E+16,4.81858E+16
133451,133452,9,1,62,0,2016,3,18,4,3,4,2,2,1,0,1,0,0,0,0,6.90266E+20,5.33689E+21,1.15585E+16,4.81568E+16
133452,133453,9,6,71,130,2016,3,17,6,2,0,7,0,1,1,0,0,0,0,0,5.16127E+20,5.53835E+21,9.22501E+15,4.99973E+16
133453,133454,9,1,62,0,2016,3,18,4,3,6,4,2,1,0,1,1,0,0,0,6.90511E+20,5.33507E+21,1.1561E+16,4.81404E+16
133454,133455,9,5,62,0,2016,3,11,6,3,3,6,0,0,1,0,0,0,0,0,6.45328E+20,5.49583E+21,1.10111E+16,4.95976E+16
133455,133456,9,1,74,115,2016,3,14,6,2,2,6,0,0,0,1,0,0,0,0,6.79833E+20,5.34762E+21,1.14229E+16,4.82563E+16
133456,133457,9,6,63,0,2016,3,13,2,3,5,2,0,0,0,1,0,0,0,0,5.67756E+20,5.51323E+21,9.94091E+15,4.97677E+16
133457,133458,9,1,62,0,2016,3,21,1,3,5,3,2,0,1,1,0,0,0,0,6.90714E+20,5.33628E+21,1.15642E+16,4.81511E+16
133458,133459,9,1,62,0,2016,3,19,4,3,6,7,2,1,0,1,1,0,0,0,6.8227E+20,5.34122E+21,1.14529E+16,4.8198E+16
133459,133460,9,1,79,123,2016,3,15,1,2,7,7,0,0,0,1,1,0,0,0,6.77314E+20,5.33443E+21,1.13835E+16,4.81384E+16
133460,133461,9,1,62,0,2016,3,6,2,3,6,7,1,0,0,1,1,0,0,0,6.8622E+20,5.33436E+21,1.1503E+16,4.81352E+16
133461,133462,9,4,64,0,2016,3,16,4,3,6,4,0,0,0,1,1,0,0,0,7.06505E+20,5.57764E+21,1.19006E+16,5.03146E+16
133462,133463,9,7,61,0,2016,3,22,7,3,4,3,2,1,0,1,0,0,0,0,6.38477E+20,5.35934E+21,1.08699E+16,4.8372E+16
133463,133464,9,1,84,145,2016,3,22,6,3,4,2,2,0,0,1,0,0,0,0,6.94938E+20,5.3256E+21,1.16161E+16,4.80539E+16
133464,133465,9,5,63,0,2016,3,17,6,2,5,3,0,0,0,1,0,1,0,0,6.45378E+20,5.48378E+21,1.10074E+16,4.94892E+16
133465,133466,9,7,79,194,2016,3,8,5,3,2,2,0,0,0,1,0,0,0,0,6.09744E+20,5.41154E+21,1.04959E+16,4.88471E+16
133466,133467,9,1,62,0,2016,3,14,5,3,1,5,0,0,1,1,0,0,0,0,6.87718E+20,5.33998E+21,1.15256E+16,4.81853E+16
133467,133468,9,4,63,0,2016,3,14,2,2,2,6,0,1,0,1,0,1,0,0,6.40631E+20,5.57043E+21,1.09734E+16,5.02693E+16
133468,133469,9,5,64,0,2016,3,15,1,2,6,4,0,0,0,1,1,0,0,0,6.52335E+20,5.47918E+21,1.11016E+16,4.94462E+16
133469,133470,9,1,62,0,2016,3,11,4,3,1,5,0,1,1,1,0,0,0,0,6.88448E+20,5.33608E+21,1.15337E+16,4.81501E+16
133470,133471,9,1,62,0,2016,3,20,7,3,6,7,2,1,0,1,1,0,0,0,6.86423E+20,5.32982E+21,1.15038E+16,4.80943E+16
133471,133472,9,4,62,0,2016,3,18,4,3,3,6,0,0,0,1,0,0,0,0,6.84917E+20,5.53662E+21,1.15779E+16,4.99532E+16
133472,133473,9,6,62,0,2016,3,13,7,3,5,3,0,0,1,0,0,0,0,0,5.89244E+20,5.54471E+21,1.02465E+16,5.0048E+16
133473,133474,9,1,62,0,2016,3,7,6,3,5,2,0,0,1,1,0,0,0,0,6.84882E+20,5.33449E+21,1.14851E+16,4.81368E+16
133474,133475,9,7,61,0,2016,3,7,5,2,0,1,0,1,1,0,0,0,0,0,6.39679E+20,5.35986E+21,1.08863E+16,4.83764E+16
133475,133476,9,1,82,120,2016,3,11,4,2,0,1,0,1,1,0,0,0,0,0,7.02118E+20,5.30659E+21,1.17034E+16,4.78808E+16
133476,133477,9,7,62,0,2016,3,11,6,2,6,4,0,0,0,1,1,0,0,0,6.21931E+20,5.30522E+21,1.06311E+16,4.78887E+16
133477,133478,9,7,77,121,2016,3,17,3,3,5,3,0,0,0,1,0,0,0,0,6.27786E+20,5.32172E+21,1.07143E+16,4.80359E+16
133478,133479,9,3,62,0,2016,3,16,4,2,5,3,0,0,1,1,0,0,0,0,7.28572E+20,5.43223E+21,1.21253E+16,4.90006E+16
133479,133480,9,1,62,0,2016,3,9,4,2,5,3,0,1,0,1,1,0,0,0,6.90262E+20,5.33616E+21,1.15581E+16,4.81502E+16
133480,133481,9,1,89,154,2016,3,7,6,3,5,3,0,0,1,0,0,0,0,1,7.67905E+20,5.31787E+21,1.25888E+16,4.79581E+16
133481,133482,9,1,62,0,2016,3,5,4,3,4,2,2,1,0,1,0,0,0,0,6.9468E+20,5.34156E+21,1.16199E+16,4.81974E+16
133482,133483,9,3,75,208,2016,3,17,4,3,5,3,0,1,0,1,0,0,0,0,7.33716E+20,5.44087E+21,1.22005E+16,4.90763E+16
133483,133484,9,3,63,0,2016,3,4,7,2,1,1,2,0,0,1,0,0,0,0,7.28135E+20,5.50781E+21,1.21626E+16,4.96796E+16
133484,133485,9,3,62,0,2016,3,19,6,3,5,3,2,0,1,1,0,0,0,0,7.26973E+20,5.43144E+21,1.2103E+16,4.89941E+16
133485,133486,9,6,77,189,2016,3,8,5,3,0,1,0,0,1,0,0,0,0,0,5.61548E+20,5.53212E+21,9.85772E+15,4.99383E+16
133486,133487,9,1,75,115,2016,3,6,4,3,5,3,0,1,0,1,0,0,0,0,7.20123E+20,5.32893E+21,1.19554E+16,4.80756E+16
133487,133488,9,7,79,131,2016,3,15,6,2,0,1,0,0,1,0,0,0,0,0,6.3155E+20,5.39815E+21,1.07887E+16,4.87225E+16
133488,133489,9,5,64,0,2016,3,19,3,3,0,4,2,0,0,0,1,1,0,0,6.51142E+20,5.47865E+21,1.1085E+16,4.94417E+16
133489,133490,9,1,87,120,2016,3,19,3,3,9,1,2,1,0,1,0,0,0,0,7.31284E+20,5.28907E+21,1.20836E+16,4.77136E+16
133490,133491,9,1,62,0,2016,3,16,4,3,6,4,0,1,0,1,1,0,0,0,6.97995E+20,5.33297E+21,1.16605E+16,4.81192E+16
133491,133492,9,5,64,0,2016,3,10,6,3,6,4,0,0,1,0,1,0,0,0,6.48701E+20,5.47974E+21,1.10517E+16,4.94521E+16
133492,133493,9,1,61,0,2016,3,6,6,3,5,3,0,0,1,1,0,0,0,0,6.75843E+20,5.4065E+21,1.1394E+16,4.87866E+16
133493,133494,9,7,73,125,2016,3,10,2,3,0,3,0,0,1,1,0,0,0,0,6.10129E+20,5.38235E+21,1.04933E+16,4.85845E+16
133494,133495,9,1,74,126,2016,3,16,2,3,0,1,0,0,0,0,0,0,0,1,6.83317E+20,5.34446E+21,1.14684E+16,4.82269E+16
133495,133496,9,1,62,0,2016,3,17,3,3,0,1,0,1,1,0,0,0,0,0,6.90204E+20,5.33542E+21,1.1557E+16,4.81436E+16
133496,133497,9,1,62,0,2016,3,16,4,2,2,6,0,1,0,1,0,0,0,0,6.94268E+20,5.33479E+21,1.16113E+16,4.81366E+16
133497,133498,9,7,64,0,2016,3,9,2,3,3,7,0,0,0,1,0,0,0,0,5.86943E+20,5.31511E+21,1.01652E+16,4.79834E+16
133498,133499,9,2,75,151,2016,3,6,2,3,4,6,0,0,0,1,0,0,0,0,8.18557E+20,5.39964E+21,1.33272E+16,4.86685E+16
133499,133500,9,1,62,0,2016,3,10,3,2,3,2,0,1,1,0,0,0,0,1,6.8791E+20,5.33041E+21,1.1524E+16,4.80992E+16
133500,133501,9,7,73,111,2016,3,13,6,2,4,6,0,0,1,0,0,0,0,1,6.07356E+20,5.3735E+21,1.04535E+16,4.85055E+16
133501,133502,9,3,62,0,2016,3,6,3,3,5,2,0,0,1,1,0,0,0,0,7.25821E+20,5.43348E+21,1.20884E+16,4.90128E+16
133502,133503,9,5,64,0,2016,3,17,1,3,3,6,1,1,0,1,0,0,0,1,6.54509E+20,5.47725E+21,1.11308E+16,4.94283E+16
133503,133504,9,1,78,124,2016,3,5,3,3,5,3,2,0,0,1,0,0,0,0,7.04493E+20,5.35912E+21,1.17603E+16,4.83521E+16
133504,133505,9,1,62,0,2016,3,14,4,3,1,7,0,1,0,1,0,0,0,0,6.91609E+20,5.33806E+21,1.15771E+16,4.81668E+16
133505,133506,9,5,64,0,2016,3,14,6,2,5,3,0,0,0,1,0,0,0,0,6.57392E+20,5.47331E+21,1.1169E+16,4.93921E+16
133506,133507,9,1,62,0,2016,3,14,5,3,6,2,0,0,0,0,1,0,0,1,6.91644E+20,5.33379E+21,1.15756E+16,4.81285E+16
133507,133508,9,5,64,0,2016,3,21,2,2,6,4,2,0,0,1,1,0,0,0,6.48891E+20,5.47845E+21,1.10539E+16,4.94405E+16
133508,133509,9,7,63,0,2016,3,18,1,3,2,6,2,0,0,1,0,0,0,0,5.99022E+20,5.28553E+21,1.03202E+16,4.77156E+16
133509,133510,9,1,62,0,2016,3,6,4,3,5,3,2,0,1,1,0,0,0,0,6.91393E+20,5.33695E+21,1.15737E+16,4.8157E+16
133510,133511,9,1,62,0,2016,3,18,7,3,4,2,2,1,0,1,0,0,0,0,6.88219E+20,5.33996E+21,1.15324E+16,4.8185E+16
133511,133512,9,3,62,0,2016,3,19,4,3,8,7,2,0,0,1,0,0,0,0,7.30575E+20,5.43114E+21,1.2152E+16,4.89901E+16
133512,133513,9,7,71,113,2016,3,17,7,2,5,3,0,1,0,1,0,0,0,1,6.55254E+20,5.36467E+21,1.10983E+16,4.84161E+16
133513,133514,9,2,74,114,2016,3,18,1,3,6,7,1,0,0,1,1,0,0,0,7.3481E+20,5.37323E+21,1.21768E+16,4.84683E+16
133514,133515,9,1,62,0,2016,3,16,2,3,3,2,0,0,1,0,0,0,1,0,6.83029E+20,5.33891E+21,1.14621E+16,4.81771E+16
133515,133516,9,7,64,0,2016,3,17,7,3,4,6,1,2,0,1,0,0,0,0,5.90738E+20,5.31885E+21,1.02168E+16,4.80165E+16
133516,133517,9,1,62,0,2016,3,14,4,3,6,7,0,1,0,0,1,0,1,0,6.92937E+20,5.33573E+21,1.15938E+16,4.81455E+16
133517,133518,9,5,64,0,2016,3,11,6,3,4,2,0,0,0,1,0,1,0,0,6.49954E+20,5.47904E+21,1.10687E+16,4.94455E+16
133518,133519,9,7,75,135,2016,3,14,5,3,5,3,0,1,1,1,0,0,0,0,5.75511E+20,5.35996E+21,1.002E+16,4.83883E+16
133519,133520,9,5,64,0,2016,3,5,1,3,9,1,2,1,0,1,0,0,0,0,6.52383E+20,5.47796E+21,1.11018E+16,4.94352E+16
133520,133521,9,7,63,0,2016,3,13,4,3,6,7,0,0,0,1,1,0,0,0,5.98315E+20,5.28649E+21,1.0311E+16,4.77243E+16
133521,133522,9,1,62,0,2016,3,18,7,3,5,3,2,1,1,1,0,0,0,0,6.89664E+20,5.3318E+21,1.15481E+16,4.81112E+16
133522,133523,9,3,62,0,2016,3,10,4,3,6,7,0,1,0,1,1,0,0,0,7.26673E+20,5.43385E+21,1.21003E+16,4.90158E+16
133523,133524,9,5,64,0,2016,3,18,7,3,2,6,1,1,0,1,0,0,0,0,6.5186E+20,5.47991E+21,1.10954E+16,4.94529E+16
133524,133525,9,4,71,207,2016,3,17,6,3,0,7,0,0,0,0,1,0,0,1,6.25748E+20,5.53032E+21,1.07515E+16,4.9912E+16
133525,133526,9,1,62,0,2016,3,13,6,3,5,7,0,0,1,1,0,0,0,0,6.89719E+20,5.33335E+21,1.15496E+16,4.81251E+16
133526,133527,9,6,74,147,2016,3,16,5,3,5,3,0,0,0,1,0,0,0,0,6.08522E+20,5.54312E+21,1.05152E+16,5.00305E+16
133527,133528,9,1,61,0,2016,3,12,4,3,2,6,0,0,0,1,0,0,0,0,6.75408E+20,5.40508E+21,1.13875E+16,4.8774E+16
133528,133529,9,7,71,130,2016,3,18,6,3,2,6,1,0,0,1,0,0,0,0,6.47366E+20,5.3605E+21,1.09903E+16,4.83805E+16
133529,133530,9,6,72,114,2016,3,15,3,3,0,7,0,0,1,0,0,0,0,0,5.76149E+20,5.5648E+21,1.00677E+16,5.02304E+16
133530,133531,9,1,62,0,2016,3,14,6,3,5,3,0,0,0,1,0,0,0,0,6.81213E+20,5.3386E+21,1.14376E+16,4.81748E+16
133531,133532,9,7,72,171,2016,3,0,5,3,6,2,2,1,0,1,1,0,0,0,6.36866E+20,5.37214E+21,1.08523E+16,4.84875E+16
133532,133533,9,1,62,0,2016,3,18,3,3,1,5,2,1,1,1,0,0,0,0,6.91703E+20,5.33564E+21,1.15772E+16,4.81451E+16
133533,133534,9,3,75,174,2016,3,5,4,3,5,3,2,0,1,1,0,0,0,0,7.34147E+20,5.43127E+21,1.22008E+16,4.89899E+16
133534,133535,9,7,80,139,2016,3,10,4,2,5,3,0,0,0,1,0,1,0,0,5.95528E+20,5.26422E+21,1.0269E+16,4.75244E+16
133535,133536,9,3,62,0,2016,3,11,4,3,3,7,0,0,0,1,0,1,0,0,7.25049E+20,5.43433E+21,1.20783E+16,4.90208E+16
133536,133537,9,3,75,119,2016,3,13,7,3,5,3,0,0,0,1,0,0,0,0,7.40125E+20,5.44967E+21,1.22933E+16,4.91529E+16
133537,133538,9,2,79,115,2016,3,17,6,3,5,2,0,0,1,1,0,0,0,0,7.60686E+20,5.3828E+21,1.25322E+16,4.8544E+16
133538,133539,9,1,62,0,2016,3,10,2,3,6,4,0,0,0,0,1,0,0,1,6.91867E+20,5.33475E+21,1.1579E+16,4.81371E+16
133539,133540,9,1,84,112,2016,3,13,3,2,5,3,0,1,1,1,0,0,0,0,7.01815E+20,5.33883E+21,1.17145E+16,4.81706E+16
133540,133541,9,7,72,200,2016,3,7,6,3,3,2,0,0,1,1,0,0,0,0,6.30563E+20,5.33903E+21,1.07568E+16,4.81911E+16
133541,133542,9,4,73,166,2016,3,10,3,3,6,3,0,1,0,1,1,0,0,0,6.56142E+20,5.56936E+21,1.11904E+16,5.02557E+16
133542,133543,9,1,86,143,2016,3,11,3,2,0,7,0,0,0,1,0,0,0,1,6.85033E+20,5.37844E+21,1.15065E+16,4.85318E+16
133543,133544,9,7,62,0,2016,3,16,4,3,0,6,0,0,0,1,0,0,0,1,6.21938E+20,5.30585E+21,1.06314E+16,4.78943E+16
133544,133545,9,2,72,118,2016,3,15,3,3,6,4,0,1,0,1,1,0,0,0,8.33835E+20,5.41614E+21,1.35474E+16,4.88084E+16
133545,133546,9,1,71,111,2016,3,7,4,3,5,3,0,0,0,1,0,0,0,0,7.72686E+20,5.3477E+21,1.26717E+16,4.82238E+16
133546,133547,9,7,79,194,2016,3,22,4,3,5,3,2,0,0,1,0,0,0,0,6.0907E+20,5.41217E+21,1.04869E+16,4.88529E+16
133547,133548,9,3,62,0,2016,3,12,4,3,6,4,0,0,0,1,1,0,0,0,7.27524E+20,5.43541E+21,1.21127E+16,4.90295E+16
133548,133549,9,5,64,0,2016,3,11,6,3,2,6,0,0,0,1,0,0,0,0,6.51802E+20,5.48117E+21,1.1095E+16,4.94642E+16
133549,133550,9,1,63,0,2016,3,15,6,3,5,3,0,0,1,1,0,0,0,0,7.32702E+20,5.30404E+21,1.21105E+16,4.78475E+16
133550,133551,9,7,64,0,2016,3,7,2,3,5,3,0,1,1,1,0,0,0,0,5.89019E+20,5.31424E+21,1.01928E+16,4.79753E+16
133551,133552,9,1,72,118,2016,3,14,2,3,2,2,0,0,0,1,0,1,0,0,7.96613E+20,5.30721E+21,1.29651E+16,4.78497E+16
133552,133553,9,1,62,0,2016,3,10,3,3,5,2,0,1,0,1,0,0,0,0,6.93691E+20,5.33233E+21,1.16024E+16,4.81148E+16
133553,133554,9,3,62,0,2016,3,22,3,3,5,2,2,1,0,1,0,0,0,0,7.28188E+20,5.43873E+21,1.21237E+16,4.90591E+16
133554,133555,9,5,64,0,2016,3,6,1,3,9,5,1,1,0,1,0,0,0,0,6.51786E+20,5.47992E+21,1.10943E+16,4.94529E+16
133555,133556,9,1,62,0,2016,3,19,2,3,3,7,2,0,1,1,0,0,0,0,6.95627E+20,5.33046E+21,1.16275E+16,4.80974E+16
133556,133557,9,7,61,0,2016,3,14,4,3,5,3,0,1,0,1,0,0,0,0,6.39451E+20,5.35586E+21,1.08819E+16,4.83405E+16
133557,133558,9,5,64,0,2016,3,18,6,3,4,6,2,0,0,1,0,0,0,0,6.52113E+20,5.47893E+21,1.10985E+16,4.9444E+16
133558,133559,9,1,84,120,2016,3,17,5,3,2,6,2,1,0,1,0,0,0,0,6.82189E+20,5.33348E+21,1.14485E+16,4.81285E+16
133559,133560,9,4,78,139,2016,3,15,2,2,3,6,0,0,1,1,0,0,0,0,6.48331E+20,5.55702E+21,1.10761E+16,5.01469E+16
133560,133561,9,6,71,122,2016,3,17,1,3,5,3,0,1,0,1,0,0,0,0,5.02947E+20,5.53138E+21,9.04106E+15,4.99348E+16
133561,133562,9,5,64,0,2016,3,15,6,3,5,3,0,0,0,1,0,0,0,0,6.50655E+20,5.4781E+21,1.10781E+16,4.94368E+16
133562,133563,9,1,79,123,2016,3,16,6,3,1,7,0,0,1,1,0,0,0,0,6.75973E+20,5.33348E+21,1.13651E+16,4.81302E+16
133563,133564,9,7,71,113,2016,3,8,2,2,8,7,0,1,0,0,0,1,0,0,6.54104E+20,5.36572E+21,1.10831E+16,4.84257E+16
133564,133565,9,1,62,0,2016,3,2,1,3,5,3,2,1,0,1,0,0,0,0,6.86383E+20,5.32905E+21,1.15029E+16,4.80874E+16
133565,133566,9,7,61,0,2016,3,13,4,3,2,6,0,1,0,1,0,0,0,0,6.39182E+20,5.35697E+21,1.08786E+16,4.83506E+16
133566,133567,9,1,87,150,2016,3,17,1,3,3,5,0,0,1,1,0,0,0,0,7.29414E+20,5.30385E+21,1.20665E+16,4.7847E+16
133567,133568,9,1,62,0,2016,3,12,2,3,4,2,0,0,0,1,0,0,0,0,6.89153E+20,5.33692E+21,1.15435E+16,4.81573E+16
133568,133569,9,7,71,142,2016,3,20,7,2,1,5,2,1,1,1,0,0,0,0,6.46351E+20,5.3517E+21,1.09735E+16,4.83015E+16
133569,133570,9,5,63,0,2016,3,15,6,3,5,3,0,0,0,1,0,0,0,0,6.43137E+20,5.48627E+21,1.09774E+16,4.95121E+16
133570,133571,9,7,80,124,2016,3,10,5,3,6,2,0,0,0,0,1,0,1,0,5.91171E+20,5.26809E+21,1.02119E+16,4.75598E+16
133571,133572,9,5,74,139,2016,3,22,4,3,6,7,2,1,0,1,1,0,0,0,6.6534E+20,5.48085E+21,1.12816E+16,4.94578E+16
133572,133573,9,1,62,0,2016,3,20,7,3,5,2,2,1,1,1,0,0,0,0,6.91457E+20,5.33459E+21,1.15735E+16,4.81358E+16
133573,133574,9,2,76,144,2016,3,17,4,2,5,3,0,1,0,1,0,0,0,0,7.8293E+20,5.44404E+21,1.28752E+16,4.90841E+16
133574,133575,9,5,74,157,2016,3,19,4,3,6,7,2,1,0,1,1,0,0,0,6.63512E+20,5.47022E+21,1.1252E+16,4.93627E+16
133575,133576,9,1,62,0,2016,3,19,7,3,6,4,2,1,1,0,1,0,0,0,6.91097E+20,5.3343E+21,1.15685E+16,4.81332E+16
133576,133577,9,2,73,111,2016,3,8,4,3,5,3,0,1,0,1,0,0,0,0,7.09386E+20,5.41089E+21,1.18524E+16,4.88157E+16
133577,133578,9,6,75,141,2016,3,19,7,3,4,2,2,1,0,1,0,0,0,0,5.84795E+20,5.51223E+21,1.01773E+16,4.97565E+16
133578,133579,9,1,62,0,2016,3,9,6,3,5,2,0,0,0,1,0,0,0,0,6.86086E+20,5.33762E+21,1.15027E+16,4.81645E+16
133579,133580,9,1,63,0,2016,3,7,4,3,0,7,1,1,1,0,0,0,0,0,7.3447E+20,5.30423E+21,1.21342E+16,4.78486E+16
133580,133581,9,7,80,133,2016,3,12,3,3,5,2,0,0,0,1,0,0,0,0,5.9539E+20,5.25171E+21,1.02645E+16,4.74118E+16
133581,133582,9,3,62,0,2016,3,6,4,3,5,2,1,0,0,1,0,0,0,0,7.28691E+20,5.43232E+21,1.2127E+16,4.90014E+16
133582,133583,9,5,64,0,2016,3,16,4,3,2,6,0,1,0,1,0,0,0,0,6.5128E+20,5.48003E+21,1.10874E+16,4.94541E+16
133583,133584,9,1,73,147,2016,3,16,4,3,1,7,0,1,1,1,0,0,0,0,6.80979E+20,5.3097E+21,1.14222E+16,4.79151E+16
133584,133585,9,2,75,141,2016,3,13,7,2,3,2,0,0,1,1,0,0,0,0,8.19082E+20,5.36897E+21,1.33108E+16,4.83931E+16
133585,133586,9,1,89,111,2016,3,8,6,3,5,2,0,0,0,1,0,0,0,0,7.62623E+20,5.32356E+21,1.25216E+16,4.80113E+16
133586,133587,9,7,75,135,2016,3,15,2,3,6,4,0,0,0,1,1,0,0,0,5.75633E+20,5.36042E+21,1.00217E+16,4.83924E+16
133587,133588,9,3,62,0,2016,3,11,2,3,6,4,0,0,0,1,1,0,0,0,7.26718E+20,5.43393E+21,1.21009E+16,4.90165E+16
133588,133589,9,1,62,0,2016,3,12,3,3,4,2,0,0,0,1,0,0,0,0,6.96623E+20,5.33431E+21,1.16427E+16,4.81317E+16
133589,133590,9,4,61,0,2016,3,18,7,3,0,7,2,1,1,0,0,0,0,0,6.37791E+20,5.52808E+21,1.09183E+16,4.98892E+16
133590,133591,9,3,63,0,2016,3,7,6,3,2,6,0,0,0,1,0,0,0,0,7.29084E+20,5.50669E+21,1.2175E+16,4.96692E+16
133591,133592,9,6,76,122,2016,3,14,5,3,5,3,0,1,0,1,0,0,0,0,5.11472E+20,5.51697E+21,9.15944E+15,4.9805E+16
133592,133593,9,1,77,117,2016,3,13,4,3,1,6,0,0,0,1,0,0,0,0,7.14141E+20,5.35472E+21,1.18882E+16,4.83094E+16
133593,133594,9,7,71,130,2016,3,10,6,3,0,3,0,0,1,1,0,0,0,0,6.47708E+20,5.35843E+21,1.09941E+16,4.83617E+16
133594,133595,9,5,64,0,2016,3,5,3,3,5,3,2,0,0,1,0,0,0,0,6.52393E+20,5.4834E+21,1.1104E+16,4.94841E+16
133595,133596,9,1,63,0,2016,3,22,3,3,8,1,2,1,0,1,0,0,0,0,7.31958E+20,5.30649E+21,1.21019E+16,4.78698E+16
133596,133597,9,5,64,0,2016,3,9,4,3,5,3,0,1,1,1,0,0,0,0,6.5012E+20,5.4791E+21,1.10711E+16,4.9446E+16
133597,133598,9,5,77,173,2016,3,17,6,3,5,3,0,0,0,1,0,1,0,0,6.39757E+20,5.42467E+21,1.09092E+16,4.89591E+16
133598,133599,9,1,61,0,2016,3,18,6,2,5,3,2,0,1,1,0,0,0,0,6.78277E+20,5.40459E+21,1.14263E+16,4.87688E+16
133599,133600,9,7,80,120,2016,3,8,2,3,4,2,0,0,0,1,0,0,0,0,6.02431E+20,5.28483E+21,1.03655E+16,4.77087E+16
133600,133601,9,1,79,118,2016,3,18,2,3,5,3,2,0,0,1,0,0,0,0,6.72402E+20,5.33741E+21,1.13187E+16,4.81665E+16
133601,133602,9,1,62,0,2016,3,12,3,3,3,7,0,0,0,1,0,0,0,1,6.89113E+20,5.33493E+21,1.15421E+16,4.81395E+16
133602,133603,9,5,64,0,2016,3,14,4,3,5,3,0,1,0,1,0,0,0,0,6.45927E+20,5.48019E+21,1.10136E+16,4.94568E+16
133603,133604,9,2,71,127,2016,3,8,3,3,1,6,0,1,0,1,0,0,0,0,8.04567E+20,5.40571E+21,1.31421E+16,4.87299E+16
133604,133605,9,3,62,0,2016,3,10,1,3,1,5,0,1,0,1,0,0,0,0,7.26923E+20,5.43651E+21,1.21051E+16,4.90396E+16
133605,133606,9,1,62,0,2016,3,15,2,3,3,2,0,0,1,0,0,0,0,1,6.87474E+20,5.33579E+21,1.15205E+16,4.81477E+16
133606,133607,9,5,64,0,2016,3,15,4,3,0,3,0,1,0,1,0,0,0,1,6.52469E+20,5.48201E+21,1.11046E+16,4.94716E+16
133607,133608,9,7,71,130,2016,3,15,6,3,2,6,0,0,0,1,0,0,0,0,6.46845E+20,5.36286E+21,1.09841E+16,4.84018E+16
133608,133609,9,4,62,0,2016,3,16,3,3,5,2,0,0,1,1,0,0,0,0,6.84182E+20,5.53424E+21,1.15665E+16,4.99321E+16
133609,133610,9,1,88,120,2016,3,13,3,2,6,7,0,0,0,0,1,0,0,1,6.76843E+20,5.32778E+21,1.13744E+16,4.80788E+16
133610,133611,9,5,64,0,2016,3,11,4,3,2,6,0,1,0,1,0,0,0,0,6.52253E+20,5.48234E+21,1.11017E+16,4.94746E+16
133611,133612,9,4,75,136,2016,3,12,6,3,5,3,0,0,0,1,0,0,0,0,6.93046E+20,5.56848E+21,1.17072E+16,5.02369E+16
133612,133613,9,1,74,113,2016,3,14,6,3,3,2,0,0,0,1,0,0,1,0,6.74238E+20,5.34539E+21,1.13466E+16,4.82378E+16
133613,133614,9,5,65,0,2016,3,17,2,3,0,7,0,0,0,1,0,0,0,0,6.47563E+20,5.46634E+21,1.10311E+16,4.93319E+16
133614,133615,9,1,62,0,2016,3,0,1,3,5,3,2,1,0,1,0,0,0,0,6.93667E+20,5.3311E+21,1.16015E+16,4.81037E+16
133615,133616,9,1,77,117,2016,3,16,1,2,0,7,0,0,1,0,0,0,0,0,7.1418E+20,5.3544E+21,1.18885E+16,4.83065E+16
133616,133617,9,1,89,114,2016,3,17,4,3,6,4,2,1,0,0,1,0,0,1,7.64194E+20,5.31019E+21,1.25344E+16,4.78906E+16
133617,133618,9,7,61,0,2016,3,16,7,3,5,3,0,1,1,1,0,0,0,0,6.418E+20,5.36204E+21,1.09157E+16,4.83956E+16
133618,133619,9,7,79,131,2016,3,11,5,3,6,7,0,0,1,0,1,0,0,0,6.31095E+20,5.39753E+21,1.07823E+16,4.8717E+16
133619,133620,9,4,71,140,2016,3,13,7,3,5,3,0,0,0,1,0,0,0,0,6.33919E+20,5.53089E+21,1.08654E+16,4.99153E+16
133620,133621,9,1,79,123,2016,3,13,6,3,5,3,0,0,1,1,0,0,0,0,6.75813E+20,5.33334E+21,1.13629E+16,4.8129E+16
133621,133622,9,1,74,115,2016,3,19,2,2,5,3,2,0,1,1,0,0,0,0,6.81137E+20,5.34664E+21,1.144E+16,4.82471E+16