FID,OBJECTID,ULAND,UREGBEZ,UKREIS,UGEMEINDE,UJAHR,UMONAT,USTUNDE,UWOCHENTAG,UKATEGORIE,UART,UTYP1,ULICHTVERH,IstStrasse,IstRad,IstPKW,IstFuss,IstKrad,IstGkfz,IstSonstig,LINREFX,LINREFY,XGCSWGS84,YGCSWGS84
133799,133800,9,2,79,124,2016,3,12,3,3,5,3,0,1,0,1,0,0,0,0,7.53185E+20,5.39215E+21,1.24365E+16,4.86311E+16
133800,133801,9,5,64,0,2016,3,10,7,3,0,1,0,0,1,0,0,0,0,0,6.49237E+20,5.48286E+21,1.10603E+16,4.948E+16
133801,133802,9,7,74,135,2016,3,15,2,2,3,6,0,0,1,0,0,0,0,1,5.93868E+20,5.36707E+21,1.02695E+16,4.84498E+16
133802,133803,9,5,72,130,2016,3,19,2,3,5,2,2,0,0,1,0,0,0,0,6.39743E+20,5.50496E+21,1.09372E+16,4.96809E+16
133803,133804,9,1,62,0,2016,3,7,4,3,1,6,0,0,0,1,0,0,0,0,6.92313E+20,5.33773E+21,1.15864E+16,4.81637E+16
133804,133805,9,7,61,0,2016,3,7,2,3,0,3,0,0,1,1,0,0,0,0,6.39628E+20,5.35955E+21,1.08855E+16,4.83737E+16
133805,133806,9,1,76,126,2016,3,22,6,3,9,1,2,0,0,1,0,0,0,0,6.73288E+20,5.40844E+21,1.13601E+16,4.88048E+16
133806,133807,9,1,62,0,2016,3,7,4,3,5,3,0,0,1,1,0,0,0,0,6.95489E+20,5.33166E+21,1.16262E+16,4.81081E+16
133807,133808,9,4,79,136,2016,3,10,4,3,4,6,0,0,0,1,0,0,0,0,7.22061E+20,5.54375E+21,1.20991E+16,5.00046E+16
133808,133809,9,1,63,0,2016,3,12,7,3,5,3,0,0,0,1,0,0,0,0,7.32518E+20,5.30524E+21,1.21087E+16,4.78583E+16
133809,133810,9,5,62,0,2016,3,7,5,3,5,3,0,0,0,1,0,0,0,0,6.45856E+20,5.49599E+21,1.10185E+16,4.95988E+16
133810,133811,9,3,77,154,2016,3,16,2,3,5,3,0,0,1,1,0,0,0,0,7.39427E+20,5.53045E+21,1.23328E+16,4.98785E+16
133811,133812,9,1,62,0,2016,3,1,1,3,5,3,2,1,0,1,0,0,0,0,6.92952E+20,5.33232E+21,1.15925E+16,4.81149E+16
133812,133813,9,4,74,126,2016,3,14,3,2,0,1,0,0,1,0,0,0,0,0,6.48653E+20,5.50983E+21,1.10624E+16,4.97226E+16
133813,133814,9,6,61,0,2016,3,14,6,3,1,7,0,0,0,0,0,1,0,1,5.10172E+20,5.53641E+21,9.14188E+15,4.99799E+16
133814,133815,9,1,71,111,2016,3,12,3,3,5,3,0,1,0,1,0,0,0,0,7.73205E+20,5.34777E+21,1.26787E+16,4.82243E+16
133815,133816,9,7,61,0,2016,3,14,2,3,5,7,0,0,0,1,0,0,0,1,6.40803E+20,5.35107E+21,1.08985E+16,4.82971E+16
133816,133817,9,5,64,0,2016,3,13,2,2,6,7,0,0,0,1,1,0,0,0,6.57496E+20,5.47539E+21,1.11713E+16,4.94108E+16
133817,133818,9,1,62,0,2016,3,12,4,3,6,4,0,0,0,1,1,0,0,0,6.86782E+20,5.3394E+21,1.15128E+16,4.81804E+16
133818,133819,9,1,86,125,2016,3,16,7,2,8,7,0,0,0,1,0,0,0,0,6.70701E+20,5.37077E+21,1.13093E+16,4.84669E+16
133819,133820,9,5,74,138,2016,3,13,5,3,8,1,0,0,0,1,0,0,0,0,6.65276E+20,5.48639E+21,1.1283E+16,4.95076E+16
133820,133821,9,1,86,137,2016,3,16,2,2,5,3,0,0,0,1,0,0,0,0,6.8761E+20,5.40036E+21,1.15512E+16,4.8728E+16
133821,133822,9,1,78,124,2016,3,13,1,3,5,3,0,0,0,1,0,1,0,0,7.01069E+20,5.36501E+21,1.1717E+16,4.84061E+16
133822,133823,9,1,79,134,2016,3,2,7,3,9,1,2,0,0,1,0,0,0,0,6.69853E+20,5.3424E+21,1.12864E+16,4.82121E+16
133823,133824,9,5,74,112,2016,3,8,5,3,5,3,0,0,0,1,0,0,0,0,6.68561E+20,5.47368E+21,1.1323E+16,4.93925E+16
133824,133825,9,3,72,116,2016,3,17,2,3,5,3,0,0,0,1,0,0,0,0,7.65772E+20,5.45657E+21,1.26489E+16,4.92042E+16
133825,133826,9,4,72,179,2016,3,15,1,3,0,1,0,0,1,0,0,0,0,0,6.76197E+20,5.5138E+21,1.14461E+16,4.97508E+16
133826,133827,9,4,61,0,2016,3,17,6,3,1,7,0,0,1,1,0,0,0,0,6.36265E+20,5.52921E+21,1.08975E+16,4.98997E+16
133827,133828,9,1,62,0,2016,3,8,4,3,1,6,0,0,0,1,0,0,0,0,6.89185E+20,5.34124E+21,1.15459E+16,4.81961E+16
133828,133829,9,5,77,136,2016,3,11,2,3,2,2,0,0,0,1,0,0,0,1,6.29028E+20,5.44268E+21,1.07685E+16,4.91234E+16
133829,133830,9,1,74,131,2016,3,10,7,3,5,3,0,0,0,1,0,0,0,0,6.75861E+20,5.35586E+21,1.13728E+16,4.83314E+16
133830,133831,9,5,63,0,2016,3,15,5,3,5,2,0,0,0,1,0,0,0,0,6.40567E+20,5.48511E+21,1.09415E+16,4.95023E+16
133831,133832,9,1,62,0,2016,3,11,4,3,5,3,0,0,1,1,0,0,0,0,6.9078E+20,5.33977E+21,1.15667E+16,4.81825E+16
133832,133833,9,4,64,0,2016,3,15,4,3,5,3,0,0,0,1,0,0,0,0,7.08138E+20,5.57445E+21,1.19218E+16,5.02854E+16
133833,133834,9,3,73,147,2016,3,7,6,3,6,2,0,0,0,0,1,0,0,1,6.78346E+20,5.46155E+21,1.14522E+16,4.92807E+16
133834,133835,9,1,62,0,2016,3,13,4,3,4,2,0,0,0,1,0,0,0,0,6.87932E+20,5.33074E+21,1.15244E+16,4.81022E+16
133835,133836,9,4,73,134,2016,3,15,4,3,0,7,0,0,0,1,1,0,0,0,6.43655E+20,5.56566E+21,1.1014E+16,5.02256E+16
133836,133837,9,7,61,0,2016,3,13,7,3,4,2,0,0,0,1,0,0,0,0,6.41858E+20,5.36117E+21,1.09161E+16,4.83877E+16
133837,133838,9,3,62,0,2016,3,18,3,3,5,3,2,0,0,1,0,0,0,0,7.31941E+20,5.43027E+21,1.21701E+16,4.89817E+16
133838,133839,9,1,62,0,2016,3,17,2,3,0,5,0,0,1,1,0,0,0,0,6.94541E+20,5.33419E+21,1.16147E+16,4.81312E+16
133839,133840,9,1,76,147,2016,3,16,6,2,5,3,0,0,0,1,0,1,0,0,6.9252E+20,5.41625E+21,1.16254E+16,4.88693E+16
133840,133841,9,1,62,0,2016,3,7,4,3,2,7,0,0,0,1,0,0,0,0,6.87233E+20,5.32937E+21,1.15144E+16,4.80901E+16
133841,133842,9,4,63,0,2016,3,16,4,3,5,6,0,0,1,1,0,0,0,0,6.3904E+20,5.57134E+21,1.09514E+16,5.02778E+16
133842,133843,9,5,63,0,2016,3,9,5,3,5,3,0,0,0,1,0,0,0,0,6.45219E+20,5.4829E+21,1.10049E+16,4.94814E+16
133843,133844,9,4,72,175,2016,3,7,2,3,6,4,0,0,0,1,1,0,0,0,6.82487E+20,5.51437E+21,1.15336E+16,4.97541E+16
133844,133845,9,1,62,0,2016,3,13,1,3,7,7,0,0,0,1,0,0,0,0,6.90763E+20,5.33898E+21,1.15661E+16,4.81754E+16
133845,133846,9,5,61,0,2016,3,16,3,3,3,3,0,0,0,1,0,0,0,1,6.16931E+20,5.45733E+21,1.0607E+16,4.92575E+16
133846,133847,9,6,62,0,2016,3,14,6,3,2,6,0,0,0,1,0,0,0,0,5.88074E+20,5.54282E+21,1.02298E+16,5.00311E+16
133847,133848,9,1,90,157,2016,3,7,3,3,0,7,0,1,1,0,1,0,0,0,6.59898E+20,5.30086E+21,1.1137E+16,4.78412E+16
133848,133849,9,5,64,0,2016,3,16,5,3,1,6,0,0,1,1,0,1,0,0,6.51023E+20,5.47877E+21,1.10834E+16,4.94428E+16
133849,133850,9,7,75,135,2016,3,18,6,3,5,3,2,0,1,1,0,0,0,0,5.76009E+20,5.36096E+21,1.00269E+16,4.83972E+16
133850,133851,9,5,64,0,2016,3,17,5,3,6,4,0,0,0,0,1,0,0,1,6.49753E+20,5.4793E+21,1.10661E+16,4.94479E+16
133851,133852,9,2,74,179,2016,3,12,3,3,5,3,0,1,0,1,0,0,0,0,7.51532E+20,5.37553E+21,1.2404E+16,4.84825E+16
133852,133853,9,5,71,132,2016,3,2,7,2,8,1,2,0,0,1,0,0,0,0,6.04885E+20,5.44537E+21,1.04384E+16,4.91522E+16
133853,133854,9,1,62,0,2016,3,17,2,3,2,6,2,0,0,1,0,0,0,0,6.90279E+20,5.33615E+21,1.15583E+16,4.81502E+16
133854,133855,9,6,77,155,2016,3,18,2,3,6,7,0,0,0,1,1,0,0,0,5.41278E+20,5.53813E+21,9.5759E+15,4.99941E+16
133855,133856,9,1,62,0,2016,3,16,4,3,5,2,0,0,1,0,0,0,0,1,6.92086E+20,5.33449E+21,1.15819E+16,4.81347E+16
133856,133857,9,1,78,136,2016,3,13,7,3,0,1,0,0,0,0,0,1,0,0,6.96615E+20,5.37063E+21,1.16595E+16,4.8458E+16
133857,133858,9,5,71,135,2016,3,15,5,3,5,3,0,0,0,1,0,0,0,0,6.21365E+20,5.47285E+21,1.06726E+16,4.93962E+16
133858,133859,9,3,75,208,2016,3,17,2,3,0,7,0,0,0,1,0,0,0,0,7.33406E+20,5.44042E+21,1.2196E+16,4.90723E+16
133859,133860,9,7,61,0,2016,3,18,1,3,2,6,2,0,0,1,0,0,0,0,6.38746E+20,5.3604E+21,1.08739E+16,4.83815E+16
133860,133861,9,5,71,193,2016,3,16,6,3,9,1,0,0,0,1,0,0,0,0,5.87057E+20,5.47115E+21,1.01996E+16,4.93868E+16
133861,133862,9,1,86,147,2016,3,13,3,3,2,6,0,1,0,1,0,0,0,0,6.80775E+20,5.38985E+21,1.14538E+16,4.86356E+16
133862,133863,9,7,80,143,2016,3,15,4,3,9,1,0,0,0,1,0,0,0,0,5.98795E+20,5.28151E+21,1.03163E+16,4.76794E+16
133863,133864,9,7,61,0,2016,3,15,2,3,5,3,0,0,1,1,0,0,0,0,6.39771E+20,5.36037E+21,1.08877E+16,4.8381E+16
133864,133865,9,5,64,0,2016,3,18,2,3,2,6,2,0,0,1,0,0,0,0,6.51403E+20,5.4802E+21,1.10892E+16,4.94556E+16
133865,133866,9,7,79,197,2016,3,19,4,3,8,7,2,0,0,1,0,0,0,0,6.18487E+20,5.42666E+21,1.06194E+16,4.89814E+16
133866,133867,9,5,71,171,2016,3,2,7,3,9,7,2,0,0,1,0,0,0,0,6.12901E+20,5.46808E+21,1.05547E+16,4.9355E+16
133867,133868,9,7,73,136,2016,3,6,2,2,0,1,0,0,0,0,0,1,0,0,6.02111E+20,5.37919E+21,1.03839E+16,4.85575E+16
133868,133869,9,5,62,0,2016,3,13,2,3,0,3,0,0,1,1,0,0,0,0,6.45064E+20,5.49485E+21,1.10071E+16,4.95888E+16
133869,133870,9,7,61,0,2016,3,7,4,3,4,2,0,0,1,1,0,0,0,0,6.39363E+20,5.35868E+21,1.08816E+16,4.83659E+16
133870,133871,9,1,62,0,2016,3,12,6,3,4,7,0,0,0,1,0,0,0,0,6.94216E+20,5.33276E+21,1.16097E+16,4.81185E+16
133871,133872,9,5,71,115,2016,3,12,5,3,8,1,0,0,0,1,0,0,0,0,6.13141E+20,5.44888E+21,1.05526E+16,4.91823E+16
133872,133873,9,2,72,116,2016,3,15,2,2,8,1,0,0,0,0,0,1,0,0,8.1637E+20,5.42561E+21,1.33175E+16,4.89026E+16
133873,133874,9,3,62,0,2016,3,13,1,3,0,1,0,0,0,0,0,1,0,0,7.28967E+20,5.43499E+21,1.21322E+16,4.90253E+16
133874,133875,9,3,63,0,2016,3,9,6,3,4,6,0,0,0,1,0,0,0,1,7.29335E+20,5.50643E+21,1.21784E+16,4.96667E+16
133875,133876,9,4,63,0,2016,3,10,4,3,4,2,0,0,0,1,0,0,0,1,6.39907E+20,5.56876E+21,1.09626E+16,5.02544E+16
133876,133877,9,5,64,0,2016,3,19,1,3,5,2,2,0,0,1,0,0,0,0,6.52192E+20,5.47883E+21,1.10995E+16,4.94431E+16
133877,133878,9,4,75,168,2016,3,15,5,3,5,3,0,0,0,1,0,0,0,0,7.09658E+20,5.56787E+21,1.19395E+16,5.02258E+16
133878,133879,9,2,75,146,2016,3,20,6,3,5,3,2,1,0,1,0,1,0,0,8.31348E+20,5.39436E+21,1.34961E+16,4.86144E+16
133879,133880,9,1,86,143,2016,3,19,6,3,5,3,0,0,0,1,0,1,0,0,6.8399E+20,5.37777E+21,1.1492E+16,4.8526E+16
133880,133881,9,7,64,0,2016,3,10,6,3,1,7,0,0,1,1,0,0,0,0,5.87724E+20,5.31729E+21,1.01761E+16,4.80029E+16
133881,133882,9,1,61,0,2016,3,17,4,3,5,3,0,0,1,1,0,0,0,0,6.7827E+20,5.40458E+21,1.14262E+16,4.87687E+16
133882,133883,9,1,79,121,2016,3,10,5,3,3,6,0,0,1,1,0,0,1,0,6.6536E+20,5.33685E+21,1.12239E+16,4.81634E+16
133883,133884,9,5,64,0,2016,3,13,6,3,2,6,0,0,0,1,0,0,0,0,6.50129E+20,5.47503E+21,1.10696E+16,4.94094E+16
133884,133885,9,7,63,0,2016,3,11,6,3,1,6,0,0,0,1,0,0,0,0,5.98996E+20,5.28564E+21,1.03199E+16,4.77166E+16
133885,133886,9,3,61,0,2016,3,15,5,3,0,3,0,0,0,1,0,1,0,0,7.06646E+20,5.47906E+21,1.185E+16,4.9429E+16
133886,133887,9,1,85,149,2016,3,15,4,2,0,7,0,0,1,0,0,0,0,0,6.60149E+20,5.40012E+21,1.1178E+16,4.87335E+16
133887,133888,9,1,61,0,2016,3,11,6,3,0,1,0,0,0,1,0,0,0,0,6.79596E+20,5.40265E+21,1.14434E+16,4.8751E+16
133888,133889,9,7,61,0,2016,3,22,6,3,4,2,2,0,0,1,0,0,0,0,6.39975E+20,5.35918E+21,1.08901E+16,4.83703E+16
133889,133890,9,1,62,0,2016,3,17,7,3,0,7,0,0,1,0,0,0,0,0,6.88927E+20,5.33571E+21,1.154E+16,4.81466E+16
133890,133891,9,5,64,0,2016,3,13,7,3,6,4,0,0,0,1,1,0,0,0,6.54905E+20,5.47453E+21,1.11352E+16,4.94037E+16
133891,133892,9,1,81,130,2016,3,10,4,3,5,3,0,0,0,1,0,0,0,0,6.38633E+20,5.32512E+21,1.08608E+16,4.80643E+16
133892,133893,9,1,78,124,2016,3,6,5,3,2,1,1,0,0,1,0,0,0,0,7.01161E+20,5.36416E+21,1.17178E+16,4.83985E+16
133893,133894,9,1,78,143,2016,3,17,4,3,6,4,0,0,0,1,1,0,0,0,7.17148E+20,5.37269E+21,1.19379E+16,4.84698E+16
133894,133895,9,1,78,124,2016,3,18,5,3,5,2,1,0,1,1,0,0,0,0,7.04436E+20,5.36355E+21,1.17617E+16,4.8392E+16
133895,133896,9,5,64,0,2016,3,12,6,3,3,2,0,0,1,1,0,0,0,0,6.4975E+20,5.47951E+21,1.10661E+16,4.94498E+16
133896,133897,9,1,61,0,2016,3,16,6,3,2,6,0,0,0,1,0,0,0,0,6.80512E+20,5.40488E+21,1.14568E+16,4.87707E+16
133897,133898,9,1,90,139,2016,3,13,5,3,1,6,0,0,0,1,0,0,0,0,6.5461E+20,5.29607E+21,1.10647E+16,4.77994E+16
133898,133899,9,1,78,144,2016,3,6,4,3,9,1,0,2,0,1,0,0,0,0,7.08293E+20,5.38271E+21,1.18233E+16,4.85628E+16
133899,133900,9,7,71,156,2016,3,10,6,3,6,7,0,0,0,0,1,0,0,1,6.54101E+20,5.38326E+21,1.10896E+16,4.85835E+16
133900,133901,9,7,74,143,2016,3,10,7,2,0,1,0,0,1,0,0,0,0,0,5.96719E+20,5.35835E+21,1.0306E+16,4.83709E+16
133901,133902,9,4,61,0,2016,3,14,7,3,5,3,0,0,1,1,0,0,0,0,6.34992E+20,5.5301E+21,1.08801E+16,4.9908E+16
133902,133903,9,1,77,117,2016,3,14,5,3,1,6,0,0,0,1,0,0,0,0,7.15172E+20,5.35407E+21,1.19017E+16,4.83032E+16
133903,133904,9,7,77,159,2016,3,14,1,3,0,1,0,0,1,0,0,0,0,0,6.17024E+20,5.27219E+21,1.05566E+16,4.75925E+16
133904,133905,9,5,64,0,2016,3,7,5,3,2,6,0,0,0,0,0,0,1,0,6.48952E+20,5.47416E+21,1.10531E+16,4.94019E+16
133905,133906,9,2,75,141,2016,3,17,6,3,5,2,0,0,1,0,0,0,1,0,8.19149E+20,5.3704E+21,1.33128E+16,4.84058E+16
133906,133907,9,1,86,162,2016,3,11,6,3,1,6,0,0,0,1,0,1,0,0,6.93769E+20,5.38677E+21,1.16285E+16,4.8604E+16
133907,133908,9,1,62,0,2016,3,19,6,3,4,2,2,0,0,1,0,1,0,0,6.96458E+20,5.33711E+21,1.16418E+16,4.81568E+16
133908,133909,9,6,61,0,2016,3,17,5,3,5,3,0,0,0,1,0,0,0,0,5.13046E+20,5.53586E+21,9.18194E+15,4.9975E+16
133909,133910,9,1,74,115,2016,3,21,6,3,0,1,2,0,1,0,0,0,0,0,6.80304E+20,5.34747E+21,1.14292E+16,4.82547E+16
133910,133911,9,1,79,126,2016,3,16,7,3,0,7,0,0,1,0,0,0,0,0,6.76968E+20,5.3407E+21,1.13814E+16,4.81949E+16
133911,133912,9,7,63,0,2016,3,14,6,2,5,3,0,0,1,1,0,0,0,0,5.98674E+20,5.28698E+21,1.03159E+16,4.77287E+16
133912,133913,9,1,73,126,2016,3,19,5,3,6,2,2,0,0,0,1,0,0,1,6.85624E+20,5.3036E+21,1.14817E+16,4.78589E+16
133913,133914,9,1,77,126,2016,3,6,4,2,0,1,2,2,1,0,0,0,0,0,7.19778E+20,5.36905E+21,1.19716E+16,4.84362E+16
133914,133915,9,6,61,0,2016,3,18,7,3,5,3,1,0,1,1,0,0,0,0,5.10412E+20,5.53678E+21,9.14523E+15,4.99833E+16
133915,133916,9,2,63,0,2016,3,11,7,3,5,3,0,0,0,1,0,0,0,0,7.63451E+20,5.42061E+21,1.25937E+16,4.88824E+16
133916,133917,9,1,62,0,2016,3,16,4,3,2,2,0,0,0,1,0,0,0,0,6.86004E+20,5.3285E+21,1.14976E+16,4.80826E+16
133917,133918,9,6,74,139,2016,3,14,1,2,0,1,0,0,1,0,0,0,0,0,5.96307E+20,5.54185E+21,1.03444E+16,5.00212E+16
133918,133919,9,5,72,132,2016,3,22,5,3,8,1,2,0,0,1,0,0,0,0,6.31957E+20,5.48914E+21,1.0824E+16,4.95405E+16
133919,133920,9,2,61,0,2016,3,15,6,3,6,4,0,0,0,1,1,0,0,0,7.31423E+20,5.38262E+21,1.21363E+16,4.8554E+16
133920,133921,9,1,74,115,2016,3,16,6,3,2,6,0,0,0,1,0,0,0,0,6.81387E+20,5.34783E+21,1.14439E+16,4.82577E+16
133921,133922,9,7,75,135,2016,3,14,6,1,0,4,0,0,0,0,1,0,0,1,5.77023E+20,5.35499E+21,1.00395E+16,4.83434E+16
133922,133923,9,1,75,128,2016,3,16,4,2,8,7,0,0,0,1,0,0,0,0,7.14099E+20,5.3236E+21,1.18719E+16,4.80298E+16
133923,133924,9,1,62,0,2016,3,16,4,3,2,3,0,0,1,0,0,0,0,0,6.90871E+20,5.33912E+21,1.15676E+16,4.81766E+16
133924,133925,9,1,84,134,2016,3,11,3,2,9,1,0,2,0,1,0,0,0,0,6.89808E+20,5.31815E+21,1.1544E+16,4.79884E+16
133925,133926,9,1,62,0,2016,3,0,4,2,6,4,2,1,0,1,1,0,0,1,6.90962E+20,5.3374E+21,1.15681E+16,4.81612E+16
133926,133927,9,1,73,147,2016,3,17,7,2,0,7,0,0,1,0,0,0,0,0,6.8102E+20,5.30982E+21,1.14228E+16,4.79161E+16
133927,133928,9,1,62,0,2016,3,12,4,3,5,3,0,0,0,1,0,0,0,0,6.87275E+20,5.33958E+21,1.15195E+16,4.81818E+16
133928,133929,9,2,63,0,2016,3,15,1,3,5,3,0,0,1,0,0,1,0,0,7.61414E+20,5.42038E+21,1.25659E+16,4.88812E+16
133929,133930,9,4,78,139,2016,3,19,5,2,5,3,2,0,1,1,0,0,0,0,6.44715E+20,5.55498E+21,1.10248E+16,5.01294E+16
133930,133931,9,2,61,0,2016,3,7,6,3,4,6,0,0,1,0,0,0,0,0,7.32786E+20,5.3812E+21,1.21539E+16,4.85407E+16
133931,133932,9,1,74,115,2016,3,10,6,3,3,2,0,0,0,1,0,1,0,0,6.83119E+20,5.34843E+21,1.14675E+16,4.82626E+16
133932,133933,9,1,62,0,2016,3,9,4,3,5,3,0,0,0,1,0,0,0,0,6.86656E+20,5.33185E+21,1.15078E+16,4.81126E+16
133933,133934,9,5,64,0,2016,3,23,6,3,6,1,2,0,0,1,1,0,0,0,6.50213E+20,5.47982E+21,1.10726E+16,4.94524E+16
133934,133935,9,1,77,133,2016,3,12,6,3,3,6,0,0,0,1,0,0,0,0,7.06439E+20,5.35959E+21,1.17868E+16,4.83557E+16
133935,133936,9,7,71,142,2016,3,15,6,3,0,7,0,0,1,0,0,0,0,0,6.46449E+20,5.35177E+21,1.09748E+16,4.83022E+16
133936,133937,9,5,64,0,2016,3,15,6,3,6,4,0,0,0,1,1,0,0,0,6.48162E+20,5.47799E+21,1.10436E+16,4.94365E+16
133937,133938,9,1,81,130,2016,3,18,1,3,5,3,0,0,1,1,0,0,0,0,6.39546E+20,5.32432E+21,1.08728E+16,4.80569E+16
133938,133939,9,7,72,125,2016,3,16,6,3,2,7,0,0,0,1,0,1,0,0,6.36436E+20,5.34736E+21,1.08385E+16,4.82647E+16
133939,133940,9,3,75,148,2016,3,10,5,2,8,7,0,0,0,1,0,0,0,0,7.02832E+20,5.43928E+21,1.17773E+16,4.90729E+16
133940,133941,9,1,62,0,2016,3,14,7,3,1,5,0,0,0,1,0,0,0,0,6.90315E+20,5.33383E+21,1.15578E+16,4.81292E+16
133941,133942,9,1,62,0,2016,3,14,3,3,2,6,0,1,0,1,0,0,0,1,6.90701E+20,5.33412E+21,1.15631E+16,4.81317E+16
133942,133943,9,1,62,0,2016,3,21,4,3,1,7,2,0,1,1,0,0,0,0,6.91387E+20,5.33629E+21,1.15733E+16,4.8151E+16
133943,133944,9,4,63,0,2016,3,13,6,3,3,6,0,0,1,0,0,0,0,1,6.39726E+20,5.56927E+21,1.09603E+16,5.0259E+16
133944,133945,9,1,78,143,2016,3,12,6,3,2,6,0,0,0,1,0,0,0,0,7.17463E+20,5.37216E+21,1.19419E+16,4.84649E+16
133945,133946,9,1,85,125,2016,3,18,7,2,0,7,2,0,1,0,0,0,0,0,6.48034E+20,5.39593E+21,1.10119E+16,4.86988E+16
133946,133947,9,7,80,119,2016,3,7,6,3,4,6,0,0,0,1,0,0,0,0,5.96768E+20,5.29567E+21,1.02924E+16,4.78071E+16
133947,133948,9,1,83,129,2016,3,18,5,3,5,7,1,0,0,1,0,1,0,0,7.58683E+20,5.36228E+21,1.24925E+16,4.83606E+16
133948,133949,9,1,62,0,2016,3,9,3,3,3,2,0,1,1,1,0,0,0,0,6.9087E+20,5.33447E+21,1.15655E+16,4.81348E+16
133949,133950,9,6,63,0,2016,3,13,6,3,0,7,0,0,0,0,0,0,0,1,5.67086E+20,5.51532E+21,9.93196E+15,4.97866E+16
133950,133951,9,7,73,144,2016,3,13,7,3,8,1,0,0,0,0,0,1,0,0,6.05291E+20,5.38098E+21,1.04274E+16,4.8573E+16
133951,133952,9,3,75,190,2016,3,10,7,3,8,1,0,0,0,1,0,0,0,0,7.30108E+20,5.45315E+21,1.21582E+16,4.9188E+16
133952,133953,9,1,62,0,2016,3,14,3,3,4,7,0,1,0,1,0,1,0,0,6.90147E+20,5.33457E+21,1.15558E+16,4.81359E+16
133953,133954,9,1,77,112,2016,3,9,6,3,5,2,0,0,0,1,0,0,0,1,7.16907E+20,5.36311E+21,1.19297E+16,4.83838E+16
133954,133955,9,6,63,0,2016,3,13,6,3,1,1,0,0,1,1,0,0,0,0,5.68169E+20,5.51498E+21,9.94695E+15,4.97834E+16
133955,133956,9,1,62,0,2016,3,15,7,3,1,6,0,0,0,1,0,1,0,0,6.92267E+20,5.33488E+21,1.15845E+16,4.81381E+16
133956,133957,9,5,64,0,2016,3,16,7,3,0,1,0,0,0,1,0,0,0,0,6.54861E+20,5.47425E+21,1.11345E+16,4.94012E+16
133957,133958,9,1,62,0,2016,3,10,3,3,5,3,0,1,1,1,0,0,0,0,6.93352E+20,5.33523E+21,1.15992E+16,4.81409E+16
133958,133959,9,7,80,140,2016,3,8,4,3,8,1,0,2,0,1,0,0,0,0,6.02115E+20,5.28016E+21,1.03602E+16,4.76667E+16
133959,133960,9,1,62,0,2016,3,7,1,2,4,2,0,0,0,1,0,0,0,1,6.8449E+20,5.33325E+21,1.14793E+16,4.81258E+16
133960,133961,9,5,64,0,2016,3,12,5,3,5,3,0,0,0,1,0,0,1,0,6.50211E+20,5.47495E+21,1.10707E+16,4.94087E+16
133961,133962,9,2,61,0,2016,3,17,6,3,2,6,0,0,0,1,0,0,0,0,7.31663E+20,5.3822E+21,1.21393E+16,4.85501E+16
133962,133963,9,1,62,0,2016,3,9,5,3,5,1,0,0,1,1,0,0,0,0,6.92554E+20,5.33745E+21,1.15895E+16,4.81611E+16
133963,133964,9,1,62,0,2016,3,5,6,3,5,2,1,0,0,1,0,0,0,0,6.87486E+20,5.33892E+21,1.1522E+16,4.81759E+16
133964,133965,9,1,71,111,2016,3,13,5,3,3,2,0,0,0,1,0,1,0,0,7.72697E+20,5.34761E+21,1.26718E+16,4.8223E+16
133965,133966,9,1,62,0,2016,3,11,3,3,3,6,0,1,0,1,0,0,0,0,6.91944E+20,5.33223E+21,1.15789E+16,4.81144E+16
133966,133967,9,7,77,145,2016,3,8,4,2,8,1,0,2,0,0,0,0,0,1,6.34089E+20,5.32727E+21,1.08005E+16,4.80846E+16
133967,133968,9,5,64,0,2016,3,21,7,2,6,2,2,0,0,1,1,0,0,0,6.52529E+20,5.47883E+21,1.11042E+16,4.9443E+16
133968,133969,9,2,75,145,2016,3,0,7,3,0,1,2,1,0,1,0,0,0,0,8.21308E+20,5.37417E+21,1.33448E+16,4.84386E+16
133969,133970,9,7,77,141,2016,3,4,4,3,8,7,2,1,0,1,0,0,0,0,6.32825E+20,5.30823E+21,1.07777E+16,4.79137E+16
133970,133971,9,5,64,0,2016,3,16,1,3,2,6,0,0,0,1,0,0,0,0,6.51341E+20,5.48345E+21,1.10895E+16,4.94848E+16
133971,133972,9,5,61,0,2016,3,13,5,3,5,2,0,0,0,1,0,0,0,0,6.14784E+20,5.46193E+21,1.05788E+16,4.92993E+16
133972,133973,9,1,90,139,2016,3,10,6,2,2,6,0,0,0,1,0,0,0,0,6.54815E+20,5.29618E+21,1.10675E+16,4.78003E+16
133973,133974,9,7,61,0,2016,3,14,4,3,5,3,0,0,0,1,0,0,0,0,6.38366E+20,5.35929E+21,1.08684E+16,4.83716E+16
133974,133975,9,7,79,131,2016,3,13,1,2,4,2,0,0,0,1,0,0,0,0,6.31102E+20,5.39752E+21,1.07824E+16,4.87169E+16
133975,133976,9,5,64,0,2016,3,14,5,3,5,3,0,0,0,1,0,0,0,0,6.50527E+20,5.47744E+21,1.1076E+16,4.9431E+16
133976,133977,9,1,89,155,2016,3,15,6,3,4,3,0,0,0,1,0,1,0,0,7.7183E+20,5.30752E+21,1.26347E+16,4.78634E+16