FID,OBJECTID,ULAND,UREGBEZ,UKREIS,UGEMEINDE,UJAHR,UMONAT,USTUNDE,UWOCHENTAG,UKATEGORIE,UART,UTYP1,ULICHTVERH,IstStrasse,IstRad,IstPKW,IstFuss,IstKrad,IstGkfz,IstSonstig,LINREFX,LINREFY,XGCSWGS84,YGCSWGS84
133977,133978,9,1,62,0,2016,3,6,5,3,2,6,0,0,0,1,0,0,0,0,6.91249E+20,5.34034E+21,1.15732E+16,4.81875E+16
133978,133979,9,1,62,0,2016,3,14,6,3,6,7,0,0,0,1,1,0,0,0,6.90791E+20,5.33894E+21,1.15665E+16,4.8175E+16
133979,133980,9,1,84,149,2016,3,6,3,3,6,7,0,0,0,1,1,0,0,0,6.91308E+20,5.35094E+21,1.15788E+16,4.82827E+16
133980,133981,9,7,61,0,2016,3,7,4,3,0,1,0,2,1,0,0,0,0,0,6.44529E+20,5.35587E+21,1.09504E+16,4.83395E+16
133981,133982,9,1,82,123,2016,3,15,7,3,8,7,0,0,1,0,0,0,0,0,7.19573E+20,5.30257E+21,1.19345E+16,4.78389E+16
133982,133983,9,4,73,170,2016,3,11,6,3,9,7,0,0,0,1,0,0,0,0,6.42487E+20,5.56109E+21,1.09959E+16,5.01848E+16
133983,133984,9,1,83,147,2016,3,14,1,2,0,7,0,0,1,0,0,0,0,0,7.51312E+20,5.33595E+21,1.23775E+16,4.81272E+16
133984,133985,9,7,61,0,2016,3,12,6,3,2,6,0,0,0,1,0,0,0,0,6.36755E+20,5.36086E+21,1.08471E+16,4.83861E+16
133985,133986,9,4,72,175,2016,3,19,5,3,9,1,2,0,0,1,0,0,0,0,6.83685E+20,5.51568E+21,1.15508E+16,4.97655E+16
133986,133987,9,1,89,155,2016,3,8,6,3,0,2,0,0,0,1,0,0,0,0,7.7234E+20,5.30857E+21,1.26422E+16,4.78727E+16
133987,133988,9,1,62,0,2016,3,8,5,3,2,6,0,0,0,1,0,0,0,0,6.93679E+20,5.33246E+21,1.16023E+16,4.81159E+16
133988,133989,9,1,62,0,2016,3,15,5,3,6,4,0,0,0,0,1,0,0,1,6.86775E+20,5.33657E+21,1.15114E+16,4.81549E+16
133989,133990,9,7,75,135,2016,3,15,6,3,5,3,0,0,0,1,0,1,0,0,5.79099E+20,5.36291E+21,1.0069E+16,4.84143E+16
133990,133991,9,1,62,0,2016,3,8,3,3,5,2,0,0,0,1,0,1,0,0,6.905E+20,5.33573E+21,1.15611E+16,4.81463E+16
133991,133992,9,7,61,0,2016,3,20,4,2,6,7,2,0,1,0,1,0,0,0,6.39674E+20,5.35889E+21,1.08859E+16,4.83677E+16
133992,133993,9,4,77,128,2016,3,12,6,3,2,6,0,0,0,1,0,0,0,0,6.75174E+20,5.55407E+21,1.14502E+16,5.0113E+16
133993,133994,9,1,77,138,2016,3,0,1,3,8,1,2,0,0,0,0,1,0,0,7.26153E+20,5.36176E+21,1.20537E+16,4.83684E+16
133994,133995,9,7,61,0,2016,3,11,6,3,2,6,0,0,0,1,0,0,0,0,6.39283E+20,5.36132E+21,1.08814E+16,4.83896E+16
133995,133996,9,3,76,141,2016,3,17,5,1,8,1,0,0,0,1,0,1,0,0,7.27348E+20,5.45176E+21,1.21195E+16,4.91765E+16
133996,133997,9,1,62,0,2016,3,14,3,3,5,5,0,1,1,1,0,0,0,0,6.90652E+20,5.33407E+21,1.15624E+16,4.81313E+16
133997,133998,9,1,84,145,2016,3,16,5,3,5,3,0,0,0,1,0,0,0,1,6.9541E+20,5.32422E+21,1.16218E+16,4.80413E+16
133998,133999,9,6,74,149,2016,3,8,6,3,1,1,0,0,0,1,0,0,0,0,6.08478E+20,5.55195E+21,1.05171E+16,5.01099E+16
133999,134000,9,1,62,0,2016,3,14,7,3,2,6,0,0,0,1,0,0,0,0,6.96505E+20,5.33833E+21,1.1643E+16,4.81678E+16
134000,134001,9,1,62,0,2016,3,13,3,3,0,2,0,1,0,1,0,0,0,1,6.92296E+20,5.33813E+21,1.15863E+16,4.81673E+16
134001,134002,9,7,71,113,2016,3,12,4,2,6,4,0,0,0,1,1,0,0,0,6.58399E+20,5.36919E+21,1.11424E+16,4.84559E+16
134002,134003,9,6,75,141,2016,3,12,5,3,6,4,0,0,0,1,1,0,0,0,5.85499E+20,5.50897E+21,1.01863E+16,4.97272E+16
134003,134004,9,1,62,0,2016,3,15,5,3,0,7,0,0,0,1,0,1,0,0,6.87536E+20,5.33732E+21,1.1522E+16,4.81615E+16
134004,134005,9,6,62,0,2016,3,14,4,3,2,2,0,0,0,1,0,0,0,0,5.86832E+20,5.54334E+21,1.02125E+16,5.0036E+16
134005,134006,9,4,62,0,2016,3,22,6,3,7,3,2,0,0,1,0,0,0,0,6.86015E+20,5.53684E+21,1.15933E+16,4.99549E+16
134006,134007,9,1,62,0,2016,3,18,5,3,6,4,1,0,0,1,1,0,0,0,6.91808E+20,5.33241E+21,1.15772E+16,4.8116E+16
134007,134008,9,1,71,111,2016,3,12,5,3,5,2,0,0,0,1,0,0,0,0,7.71671E+20,5.34781E+21,1.26581E+16,4.82253E+16
134008,134009,9,1,62,0,2016,3,8,3,3,5,3,0,1,0,1,0,0,0,0,6.84496E+20,5.33298E+21,1.14793E+16,4.81233E+16
134009,134010,9,1,62,0,2016,3,8,5,3,5,3,0,0,1,1,0,0,0,0,6.85092E+20,5.33162E+21,1.14867E+16,4.81109E+16
134010,134011,9,6,73,114,2016,3,14,6,3,2,2,0,0,0,0,0,1,0,0,5.86556E+20,5.57523E+21,1.02159E+16,5.03228E+16
134011,134012,9,7,78,186,2016,3,23,7,3,0,7,2,0,1,0,0,0,0,0,5.97463E+20,5.30868E+21,1.03047E+16,4.7924E+16
134012,134013,9,4,78,139,2016,3,19,7,3,4,6,2,0,0,1,0,0,0,0,6.48303E+20,5.55604E+21,1.10754E+16,5.0138E+16
134013,134014,9,6,61,0,2016,3,12,4,3,5,7,0,0,1,1,0,0,0,0,5.10683E+20,5.53578E+21,9.14899E+15,4.99743E+16
134014,134015,9,7,64,0,2016,3,13,1,3,4,6,0,0,0,1,0,0,0,0,5.86902E+20,5.31345E+21,1.01643E+16,4.79684E+16
134015,134016,9,5,63,0,2016,3,14,5,3,0,7,0,0,1,0,0,0,0,0,6.45379E+20,5.4805E+21,1.10062E+16,4.94597E+16
134016,134017,9,1,83,128,2016,3,12,6,2,5,3,0,0,0,1,0,0,0,0,7.62079E+20,5.34879E+21,1.25299E+16,4.82381E+16
134017,134018,9,1,62,0,2016,3,9,5,3,6,7,0,0,0,1,1,0,0,0,6.84946E+20,5.32896E+21,1.14836E+16,4.80871E+16
134018,134019,9,1,62,0,2016,3,13,6,3,3,6,0,0,0,1,0,0,0,0,6.9395E+20,5.33122E+21,1.16054E+16,4.81047E+16
134019,134020,9,1,62,0,2016,3,11,3,3,0,5,0,1,1,1,0,0,0,0,6.79878E+20,5.33479E+21,1.1418E+16,4.8141E+16
134020,134021,9,6,71,134,2016,3,12,4,3,0,7,0,0,1,0,0,0,0,0,5.0056E+20,5.54692E+21,9.00782E+15,5.00746E+16
134021,134022,9,1,79,145,2016,3,13,7,2,5,7,0,0,1,1,0,0,0,0,6.7578E+20,5.33894E+21,1.13647E+16,4.81794E+16
134022,134023,9,1,63,0,2016,3,14,5,3,5,3,0,0,0,1,0,0,0,0,7.3196E+20,5.30553E+21,1.21014E+16,4.78612E+16
134023,134024,9,1,62,0,2016,3,12,3,3,1,6,0,1,0,1,0,0,0,0,6.89502E+20,5.34013E+21,1.15497E+16,4.81861E+16
134024,134025,9,6,78,176,2016,3,16,6,2,5,3,0,0,0,1,0,1,0,0,5.89293E+20,5.538E+21,1.02456E+16,4.99877E+16
134025,134026,9,6,61,0,2016,3,17,7,3,6,4,0,0,0,1,1,0,0,0,5.10437E+20,5.53704E+21,9.14559E+15,4.99856E+16
134026,134027,9,2,76,115,2016,3,16,7,2,0,7,0,0,1,0,0,0,0,0,8.05736E+20,5.44907E+21,1.31905E+16,4.91184E+16
134027,134028,9,5,76,151,2016,3,19,4,3,0,1,2,1,1,0,0,0,0,0,6.6053E+20,5.46978E+21,1.12108E+16,4.93596E+16
134028,134029,9,7,61,0,2016,3,19,1,3,4,2,2,0,0,1,0,0,0,0,6.40552E+20,5.35922E+21,1.08979E+16,4.83705E+16
134029,134030,9,5,73,122,2016,3,7,5,3,5,3,0,0,1,1,0,0,0,0,6.41734E+20,5.47642E+21,1.09545E+16,4.94239E+16
134030,134031,9,1,87,174,2016,3,12,6,2,0,1,0,0,0,0,0,1,0,1,7.41814E+20,5.31135E+21,1.22362E+16,4.79098E+16
134031,134032,9,1,62,0,2016,3,17,5,3,3,5,0,0,1,1,0,0,0,0,6.94196E+20,5.33348E+21,1.16097E+16,4.81249E+16
134032,134033,9,1,62,0,2016,3,16,6,3,1,6,0,0,0,1,0,0,0,0,6.92237E+20,5.33552E+21,1.15843E+16,4.81439E+16
134033,134034,9,1,84,131,2016,3,19,3,3,5,3,2,1,0,1,0,0,0,0,7.0421E+20,5.3368E+21,1.17457E+16,4.81516E+16
134034,134035,9,5,64,0,2016,3,17,4,3,5,2,0,0,0,1,0,0,0,0,6.48631E+20,5.47487E+21,1.10489E+16,4.94083E+16
134035,134036,9,3,74,119,2016,3,14,6,3,2,6,0,0,1,1,0,0,0,0,7.22861E+20,5.50149E+21,1.2086E+16,4.96248E+16
134036,134037,9,2,61,0,2016,3,9,7,3,5,3,0,0,0,1,0,0,0,0,7.31534E+20,5.38152E+21,1.21372E+16,4.8544E+16
134037,134038,9,4,63,0,2016,3,16,4,3,0,6,0,0,0,1,0,0,0,1,6.39147E+20,5.56948E+21,1.09522E+16,5.02611E+16
134038,134039,9,3,75,175,2016,3,12,1,3,1,5,0,0,1,1,0,0,0,0,7.18084E+20,5.43505E+21,1.19836E+16,4.90297E+16
134039,134040,9,4,64,0,2016,3,7,5,3,5,3,0,0,0,1,0,1,0,0,7.08107E+20,5.57778E+21,1.19232E+16,5.03154E+16
134040,134041,9,1,63,0,2016,3,9,6,3,0,1,0,0,1,0,0,0,0,0,7.327E+20,5.30618E+21,1.21116E+16,4.78668E+16
134041,134042,9,1,62,0,2016,3,8,5,3,3,2,0,0,1,1,0,0,0,0,6.94457E+20,5.33303E+21,1.1613E+16,4.81208E+16
134042,134043,9,1,62,0,2016,3,16,3,3,2,6,0,1,0,1,0,0,0,1,6.92833E+20,5.33539E+21,1.15923E+16,4.81425E+16
134043,134044,9,4,63,0,2016,3,7,4,2,0,6,0,0,0,1,0,0,1,0,6.4044E+20,5.57105E+21,1.0971E+16,5.02749E+16
134044,134045,9,3,72,126,2016,3,11,6,3,1,3,0,0,0,1,0,1,0,0,7.79715E+20,5.46855E+21,1.28483E+16,4.93056E+16
134045,134046,9,7,64,0,2016,3,11,5,3,5,3,0,0,0,1,0,0,1,1,5.88782E+20,5.31401E+21,1.01896E+16,4.79733E+16
134046,134047,9,7,61,0,2016,3,12,6,3,2,6,0,0,0,1,0,0,0,0,6.41166E+20,5.36102E+21,1.09068E+16,4.83866E+16
134047,134048,9,2,62,0,2016,3,14,5,3,4,2,0,0,0,1,0,1,0,0,8.25908E+20,5.38804E+21,1.34176E+16,4.85606E+16
134048,134049,9,1,62,0,2016,3,10,3,3,5,2,0,1,0,1,0,0,0,0,6.96477E+20,5.33267E+21,1.164E+16,4.8117E+16
134049,134050,9,7,79,201,2016,3,17,5,3,4,6,0,0,0,1,0,0,0,0,6.40747E+20,5.39493E+21,1.09125E+16,4.86915E+16
134050,134051,9,6,76,125,2016,3,6,6,3,5,3,0,0,0,1,0,0,0,0,5.15737E+20,5.5086E+21,9.21837E+15,4.97297E+16
134051,134052,9,1,84,112,2016,3,12,7,3,2,6,0,0,0,1,0,0,0,0,7.00649E+20,5.33746E+21,1.16982E+16,4.81587E+16
134052,134053,9,1,87,150,2016,3,19,1,3,0,3,1,0,1,1,0,0,0,0,7.29203E+20,5.30433E+21,1.2064E+16,4.78514E+16
134053,134054,9,7,61,0,2016,3,7,6,3,0,1,1,1,0,0,0,1,0,0,6.41657E+20,5.35901E+21,1.09127E+16,4.83683E+16
134054,134055,9,4,72,154,2016,3,16,5,2,8,1,0,0,0,1,0,0,0,0,6.64704E+20,5.53439E+21,1.12954E+16,4.99392E+16
134055,134056,9,7,72,115,2016,3,18,5,2,9,1,1,0,0,0,0,1,0,0,6.19869E+20,5.37199E+21,1.06224E+16,4.84896E+16
134056,134057,9,1,77,139,2016,3,15,1,3,4,6,0,0,1,1,0,0,0,0,7.31562E+20,5.35915E+21,1.21252E+16,4.83431E+16
134057,134058,9,1,62,0,2016,3,11,3,3,5,2,0,1,0,1,0,0,0,1,6.90145E+20,5.33474E+21,1.15559E+16,4.81375E+16
134058,134059,9,4,77,128,2016,3,23,4,3,0,1,2,0,1,0,0,0,0,0,6.75657E+20,5.55382E+21,1.14568E+16,5.01106E+16
134059,134060,9,3,72,126,2016,3,14,6,3,5,3,0,0,0,1,0,1,0,0,7.78791E+20,5.4689E+21,1.28358E+16,4.93091E+16
134060,134061,9,7,72,163,2016,3,17,5,3,4,2,0,0,0,1,0,0,0,0,6.39963E+20,5.34637E+21,1.08856E+16,4.82551E+16
134061,134062,9,1,87,148,2016,3,7,7,3,5,3,0,0,1,1,0,0,0,0,7.39404E+20,5.27865E+21,1.2186E+16,4.7617E+16
134062,134063,9,1,87,150,2016,3,19,5,3,5,3,2,0,0,1,0,1,0,0,7.296E+20,5.30428E+21,1.20692E+16,4.78508E+16
134063,134064,9,7,78,121,2016,3,17,3,2,8,1,0,2,0,0,0,1,0,0,6.01575E+20,5.32867E+21,1.03644E+16,4.81032E+16
134064,134065,9,5,74,132,2016,3,12,6,3,6,4,0,0,0,1,1,0,0,0,6.7607E+20,5.48674E+21,1.14322E+16,4.95077E+16
134065,134066,9,7,80,139,2016,3,11,7,3,6,2,0,0,0,1,1,0,0,0,5.96009E+20,5.26298E+21,1.02751E+16,4.75131E+16
134066,134067,9,3,63,0,2016,3,9,7,3,5,3,0,0,0,1,0,0,0,0,7.26816E+20,5.5091E+21,1.21451E+16,4.96917E+16
134067,134068,9,4,71,195,2016,3,12,4,3,2,2,0,0,0,1,0,1,0,0,6.41351E+20,5.52339E+21,1.09661E+16,4.98463E+16
134068,134069,9,7,79,197,2016,3,14,1,2,5,3,0,0,0,1,0,1,0,0,6.17408E+20,5.42426E+21,1.06039E+16,4.89601E+16
134069,134070,9,5,64,0,2016,3,13,7,3,5,3,0,0,0,1,0,0,0,0,6.49106E+20,5.47701E+21,1.10563E+16,4.94275E+16
134070,134071,9,7,74,135,2016,3,21,3,1,9,1,2,0,0,1,0,0,0,0,5.93205E+20,5.37007E+21,1.02612E+16,4.84768E+16
134071,134072,9,3,75,180,2016,3,7,4,3,5,3,0,0,1,1,0,0,0,0,7.2375E+20,5.4306E+21,1.20585E+16,4.89877E+16
134072,134073,9,3,62,0,2016,3,15,6,2,5,3,0,0,1,1,0,0,0,0,7.23471E+20,5.43462E+21,1.20569E+16,4.90239E+16
134073,134074,9,5,62,0,2016,3,10,5,2,0,7,0,0,1,0,0,0,0,0,6.42143E+20,5.49416E+21,1.09665E+16,4.95833E+16
134074,134075,9,1,87,118,2016,3,14,6,2,0,6,0,0,1,1,0,0,0,0,7.53436E+20,5.3016E+21,1.23858E+16,4.78178E+16
134075,134076,9,7,61,0,2016,3,7,5,3,2,6,0,0,0,1,0,0,0,0,6.38049E+20,5.3583E+21,1.08638E+16,4.83627E+16
134076,134077,9,1,84,149,2016,3,16,6,3,3,2,0,0,1,1,0,0,0,0,6.90894E+20,5.35074E+21,1.15732E+16,4.8281E+16
134077,134078,9,1,86,143,2016,3,18,5,3,0,2,2,0,1,0,0,0,0,0,6.8509E+20,5.37839E+21,1.15072E+16,4.85313E+16
134078,134079,9,7,79,196,2016,3,17,3,2,2,6,0,0,1,1,0,0,0,0,6.36331E+20,5.39304E+21,1.08519E+16,4.86755E+16
134079,134080,9,5,74,138,2016,3,7,7,2,0,5,0,0,0,1,0,0,0,0,6.63361E+20,5.49324E+21,1.12594E+16,4.95696E+16
134080,134081,9,2,75,156,2016,3,10,7,2,0,7,0,0,0,0,0,0,0,1,8.52808E+20,5.39422E+21,1.37862E+16,4.86014E+16
134081,134082,9,3,62,0,2016,3,11,4,3,0,7,0,0,0,0,0,0,0,1,7.25818E+20,5.43355E+21,1.20884E+16,4.90135E+16
134082,134083,9,5,64,0,2016,3,0,1,3,1,1,2,0,0,1,0,0,0,0,6.52108E+20,5.48003E+21,1.10988E+16,4.94539E+16
134083,134084,9,5,61,0,2016,3,13,5,3,1,7,0,0,0,1,0,1,0,0,6.13079E+20,5.46072E+21,1.05551E+16,4.92888E+16
134084,134085,9,1,61,0,2016,3,10,6,3,0,7,0,0,1,1,0,0,0,0,6.7817E+20,5.4053E+21,1.14251E+16,4.87752E+16
134085,134086,9,7,61,0,2016,3,15,5,3,5,3,0,0,1,1,0,0,0,0,6.42154E+20,5.36035E+21,1.09199E+16,4.83803E+16
134086,134087,9,7,75,135,2016,3,16,6,3,0,7,0,0,1,0,0,0,0,0,5.741E+20,5.36012E+21,1.00009E+16,4.83899E+16
134087,134088,9,5,64,0,2016,3,23,5,3,2,7,2,0,0,1,0,0,0,0,6.50916E+20,5.48022E+21,1.10825E+16,4.94558E+16
134088,134089,9,1,61,0,2016,3,17,6,3,2,6,0,0,1,1,0,0,0,0,6.77002E+20,5.404E+21,1.14087E+16,4.87638E+16
134089,134090,9,7,61,0,2016,3,8,5,3,5,1,0,0,1,1,0,0,0,0,6.41909E+20,5.35764E+21,1.09156E+16,4.8356E+16
134090,134091,9,1,62,0,2016,3,14,6,3,3,2,0,0,1,1,0,0,0,0,6.91462E+20,5.34036E+21,1.15761E+16,4.81876E+16
134091,134092,9,7,71,142,2016,3,7,3,2,5,3,0,1,1,1,0,0,0,0,6.45787E+20,5.35236E+21,1.09661E+16,4.83076E+16
134092,134093,9,3,62,0,2016,3,17,4,3,5,2,0,0,1,1,0,0,0,0,7.26793E+20,5.43369E+21,1.21018E+16,4.90144E+16
134093,134094,9,1,71,112,2016,3,16,7,3,2,6,0,0,1,0,0,0,1,0,7.82119E+20,5.33998E+21,1.27933E+16,4.81504E+16
134094,134095,9,2,74,121,2016,3,13,1,3,0,7,0,0,1,0,0,0,0,0,7.2424E+20,5.37093E+21,1.20328E+16,4.84515E+16
134095,134096,9,4,63,0,2016,3,14,5,3,5,3,0,0,0,1,0,1,0,0,6.41376E+20,5.57124E+21,1.09842E+16,5.02763E+16
134096,134097,9,1,61,0,2016,3,20,6,3,3,6,2,0,0,1,0,0,1,0,6.77444E+20,5.40526E+21,1.14152E+16,4.8775E+16
134097,134098,9,7,61,0,2016,3,13,5,3,4,6,0,0,0,1,0,0,0,0,6.39754E+20,5.35812E+21,1.08867E+16,4.83608E+16
134098,134099,9,2,77,128,2016,3,20,4,3,9,1,2,0,0,1,0,0,0,0,7.96824E+20,5.35185E+21,1.29989E+16,4.82503E+16
134099,134100,9,3,62,0,2016,3,11,6,3,5,7,0,0,0,1,0,0,0,0,7.28032E+20,5.43165E+21,1.21176E+16,4.89956E+16
134100,134101,9,7,61,0,2016,3,6,3,2,5,2,1,0,0,1,0,0,0,0,6.39036E+20,5.36284E+21,1.08786E+16,4.84034E+16
134101,134102,9,2,77,116,2016,3,17,4,3,5,3,0,0,0,1,0,0,0,0,7.78008E+20,5.36796E+21,1.27566E+16,4.84034E+16
134102,134103,9,3,72,116,2016,3,15,6,2,2,6,0,0,0,1,0,0,0,0,7.67057E+20,5.45832E+21,1.26677E+16,4.92194E+16
134103,134104,9,1,78,132,2016,3,14,1,2,0,1,0,1,1,0,0,0,0,0,7.12195E+20,5.38175E+21,1.18756E+16,4.85529E+16
134104,134105,9,7,61,0,2016,3,8,6,3,2,6,0,0,0,1,0,0,0,0,6.40003E+20,5.35809E+21,1.08901E+16,4.83605E+16
134105,134106,9,3,62,0,2016,3,9,5,3,1,5,0,0,0,1,0,0,0,0,7.24794E+20,5.43388E+21,1.20746E+16,4.90169E+16
134106,134107,9,1,62,0,2016,3,16,7,3,5,3,0,0,0,1,0,1,0,0,6.92621E+20,5.33481E+21,1.15892E+16,4.81374E+16
134107,134108,9,7,61,0,2016,3,13,3,3,4,2,0,1,0,1,0,0,0,0,6.4113E+20,5.35185E+21,1.09032E+16,4.83041E+16
134108,134109,9,1,83,140,2016,3,16,4,2,4,6,0,0,0,1,0,0,0,0,7.40193E+20,5.34045E+21,1.22309E+16,4.81718E+16
134109,134110,9,2,63,0,2016,3,14,6,3,2,6,0,0,0,1,0,1,0,0,7.61575E+20,5.41961E+21,1.25676E+16,4.88742E+16
134110,134111,9,7,71,114,2016,3,6,5,3,0,3,0,0,1,1,0,0,0,0,6.45502E+20,5.37492E+21,1.09701E+16,4.85105E+16
134111,134112,9,1,88,139,2016,3,12,7,3,6,7,0,0,0,1,1,0,0,0,6.74906E+20,5.31904E+21,1.13448E+16,4.80007E+16
134112,134113,9,1,81,130,2016,3,16,5,3,4,2,0,0,0,1,0,1,0,1,6.39079E+20,5.32487E+21,1.08667E+16,4.80619E+16
134113,134114,9,7,61,0,2016,3,7,3,3,5,3,1,0,1,1,0,0,0,0,6.41792E+20,5.35808E+21,1.09142E+16,4.836E+16
134114,134115,9,6,63,0,2016,3,11,5,3,4,2,0,0,0,1,1,0,0,0,5.67263E+20,5.5153E+21,9.93442E+15,4.97864E+16
134115,134116,9,6,63,0,2016,3,12,3,2,2,6,0,1,0,1,0,1,0,0,5.66955E+20,5.51494E+21,9.93009E+15,4.97832E+16
134116,134117,9,6,63,0,2016,3,17,5,3,6,4,0,0,0,1,1,0,0,0,5.66835E+20,5.51601E+21,9.9286E+15,4.97928E+16
134117,134118,9,5,74,112,2016,3,7,6,3,2,6,0,0,0,1,0,0,0,0,6.70078E+20,5.47337E+21,1.13437E+16,4.93893E+16
134118,134119,9,7,75,135,2016,3,17,7,2,3,7,0,0,1,1,0,0,0,0,5.81505E+20,5.36091E+21,1.01011E+16,4.83961E+16
134119,134120,9,4,79,150,2016,3,10,7,3,0,7,0,0,0,0,0,0,1,0,7.20452E+20,5.56517E+21,1.2089E+16,5.01976E+16
134120,134121,9,1,63,0,2016,3,13,4,3,0,1,0,0,1,0,0,0,0,0,7.32449E+20,5.30507E+21,1.21077E+16,4.78569E+16
134121,134122,9,1,62,0,2016,3,15,1,2,6,7,0,0,1,0,1,0,0,0,6.92246E+20,5.33475E+21,1.15841E+16,4.81369E+16
134122,134123,9,5,64,0,2016,3,13,5,3,2,6,0,0,0,1,0,0,1,0,6.52228E+20,5.4788E+21,1.11E+16,4.94428E+16
134123,134124,9,1,86,151,2016,3,15,6,3,5,2,0,0,0,1,0,1,0,0,6.81555E+20,5.37529E+21,1.1458E+16,4.85045E+16
134124,134125,9,6,63,0,2016,3,9,5,3,4,2,0,0,0,1,0,1,0,0,5.69158E+20,5.51761E+21,9.96116E+15,4.98069E+16
134125,134126,9,1,62,0,2016,3,17,6,3,6,4,0,0,0,1,1,0,0,0,6.90333E+20,5.33495E+21,1.15585E+16,4.81393E+16
134126,134127,9,6,79,187,2016,3,13,3,3,9,7,0,0,0,1,0,0,0,0,5.73837E+20,5.50607E+21,1.0024E+16,4.97026E+16
134127,134128,9,1,87,117,2016,3,14,4,3,0,7,0,0,1,0,0,0,0,0,7.25249E+20,5.30542E+21,1.20118E+16,4.78626E+16
134128,134129,9,5,64,0,2016,3,19,7,3,2,6,2,0,0,1,0,0,0,0,6.50385E+20,5.47902E+21,1.10747E+16,4.94452E+16
134129,134130,9,2,72,136,2016,3,18,7,3,8,1,2,0,0,0,0,1,0,0,8.53013E+20,5.40902E+21,1.38016E+16,4.87341E+16
134130,134131,9,1,61,0,2016,3,22,4,3,5,3,2,0,1,1,0,0,0,0,6.78474E+20,5.40465E+21,1.1429E+16,4.87692E+16
134131,134132,9,5,63,0,2016,3,23,6,3,5,3,2,0,0,1,0,0,0,0,6.43921E+20,5.48186E+21,1.09866E+16,4.94723E+16
134132,134133,9,6,76,121,2016,3,19,7,3,1,7,2,0,0,1,0,0,0,0,5.11489E+20,5.52074E+21,9.15978E+15,4.9839E+16
134133,134134,9,3,62,0,2016,3,14,7,3,5,7,0,1,0,1,0,1,0,0,7.24398E+20,5.43325E+21,1.20689E+16,4.90113E+16
134134,134135,9,1,61,0,2016,3,22,4,3,2,6,2,1,0,1,0,0,0,0,6.78403E+20,5.40467E+21,1.1428E+16,4.87694E+16
134135,134136,9,7,61,0,2016,3,17,1,3,5,2,0,0,1,1,0,0,0,0,6.39917E+20,5.35739E+21,1.08887E+16,4.83542E+16
134136,134137,9,5,64,0,2016,3,15,5,3,2,6,0,0,0,1,0,0,0,0,6.51011E+20,5.47927E+21,1.10834E+16,4.94473E+16
134137,134138,9,1,86,151,2016,3,18,6,3,5,3,1,0,0,1,0,0,0,0,6.8146E+20,5.37497E+21,1.14566E+16,4.85017E+16
134138,134139,9,6,77,157,2016,3,14,5,3,5,3,0,0,1,1,0,0,0,0,5.43889E+20,5.52111E+21,9.61039E+15,4.98408E+16
134139,134140,9,1,62,0,2016,3,10,6,3,1,5,0,0,1,1,0,0,0,0,6.91008E+20,5.33466E+21,1.15675E+16,4.81365E+16
134140,134141,9,6,71,121,2016,3,7,3,3,0,7,0,0,0,0,0,1,0,0,5.1249E+20,5.53824E+21,9.17426E+15,4.99964E+16
134141,134142,9,1,87,150,2016,3,18,1,3,5,3,2,0,0,1,0,0,0,0,7.29345E+20,5.3036E+21,1.20655E+16,4.78448E+16
134142,134143,9,4,77,128,2016,3,13,5,2,0,1,0,0,1,0,0,0,0,0,6.75098E+20,5.55366E+21,1.14489E+16,5.01093E+16
134143,134144,9,4,61,0,2016,3,18,2,3,5,3,2,0,1,1,0,0,0,0,6.38083E+20,5.5287E+21,1.09226E+16,4.98948E+16
134144,134145,9,4,63,0,2016,3,14,5,2,5,3,0,0,0,1,0,0,0,0,6.42803E+20,5.57071E+21,1.1004E+16,5.02712E+16
134145,134146,9,1,80,123,2016,3,20,7,3,0,1,2,0,1,0,0,0,0,0,6.69808E+20,5.25892E+21,1.12531E+16,4.74616E+16
134146,134147,9,3,74,133,2016,3,14,6,3,0,3,0,1,0,1,0,0,0,0,7.27854E+20,5.49872E+21,1.21534E+16,4.9598E+16
134147,134148,9,5,64,0,2016,3,15,4,3,6,4,0,0,0,1,1,0,0,0,6.50902E+20,5.47859E+21,1.10816E+16,4.94412E+16
134148,134149,9,6,76,121,2016,3,16,3,3,3,6,0,0,0,1,0,0,0,0,5.11403E+20,5.52083E+21,9.15858E+15,4.98398E+16
134149,134150,9,7,80,124,2016,3,15,2,3,4,6,0,0,0,1,0,0,0,0,5.91434E+20,5.26801E+21,1.02154E+16,4.75591E+16
134150,134151,9,7,73,125,2016,3,19,7,3,4,2,2,0,0,1,0,1,0,0,6.11664E+20,5.38267E+21,1.05142E+16,4.85872E+16
134151,134152,9,2,63,0,2016,3,16,1,3,0,1,0,0,1,0,0,0,0,0,7.64108E+20,5.42032E+21,1.26025E+16,4.88795E+16
134152,134153,9,4,74,126,2016,3,11,5,3,5,3,0,0,0,1,0,0,0,1,6.48846E+20,5.5094E+21,1.1065E+16,4.97187E+16
134153,134154,9,5,64,0,2016,3,20,4,3,0,1,2,1,1,0,0,0,0,0,6.52116E+20,5.47893E+21,1.10985E+16,4.94439E+16