FID,OBJECTID,ULAND,UREGBEZ,UKREIS,UGEMEINDE,UJAHR,UMONAT,USTUNDE,UWOCHENTAG,UKATEGORIE,UART,UTYP1,ULICHTVERH,IstStrasse,IstRad,IstPKW,IstFuss,IstKrad,IstGkfz,IstSonstig,LINREFX,LINREFY,XGCSWGS84,YGCSWGS84
134154,134155,9,3,62,0,2016,3,19,6,3,5,2,2,1,0,1,0,0,0,0,7.27584E+20,5.43584E+21,1.21138E+16,4.90334E+16
134155,134156,9,1,81,130,2016,3,11,1,3,1,6,0,0,1,1,0,0,0,0,6.39567E+20,5.32505E+21,1.08733E+16,4.80635E+16
134156,134157,9,7,75,164,2016,3,8,2,3,1,7,0,0,0,1,0,0,1,0,5.86237E+20,5.35313E+21,1.01634E+16,4.83255E+16
134157,134158,9,2,77,152,2016,3,11,2,3,5,3,0,0,0,1,0,0,0,0,7.96004E+20,5.35771E+21,1.29919E+16,4.83033E+16
134158,134159,9,4,79,169,2016,3,9,4,3,6,7,0,0,0,1,1,0,0,0,7.14209E+20,5.54673E+21,1.19913E+16,5.00343E+16
134159,134160,9,6,76,160,2016,3,7,3,3,5,3,0,0,0,1,0,0,0,0,5.11452E+20,5.52865E+21,9.15949E+15,4.99101E+16
134160,134161,9,1,78,124,2016,3,16,3,2,0,6,0,0,1,1,0,0,0,0,7.04045E+20,5.36529E+21,1.17573E+16,4.84077E+16
134161,134162,9,4,64,0,2016,3,11,4,3,6,7,0,0,0,0,1,0,1,0,7.07611E+20,5.57773E+21,1.19162E+16,5.03151E+16
134162,134163,9,5,72,135,2016,3,15,3,3,0,1,0,0,1,0,0,0,0,0,6.3097E+20,5.50779E+21,1.08166E+16,4.97083E+16
134163,134164,9,5,64,0,2016,3,19,2,3,5,3,2,0,1,1,0,0,0,0,6.51281E+20,5.4786E+21,1.10869E+16,4.94412E+16
134164,134165,9,7,73,144,2016,3,10,7,3,3,7,0,0,1,1,0,0,0,0,6.05426E+20,5.38056E+21,1.04291E+16,4.85693E+16
134165,134166,9,1,73,118,2016,3,4,6,3,9,7,2,0,0,1,0,0,0,0,6.9008E+20,5.30291E+21,1.15409E+16,4.78514E+16
134166,134167,9,3,63,0,2016,3,16,5,3,2,6,0,0,0,1,0,0,0,0,7.24823E+20,5.50855E+21,1.21171E+16,4.96874E+16
134167,134168,9,4,63,0,2016,3,16,4,3,0,7,1,1,0,0,0,1,0,1,6.42051E+20,5.56808E+21,1.09924E+16,5.02478E+16
134168,134169,9,1,79,123,2016,3,14,1,2,1,7,0,0,1,1,0,0,0,0,6.75027E+20,5.33368E+21,1.13524E+16,4.81323E+16
134169,134170,9,7,61,0,2016,3,21,2,3,1,5,2,0,1,1,0,0,0,0,6.39501E+20,5.36197E+21,1.08846E+16,4.83955E+16
134170,134171,9,1,63,0,2016,3,14,2,3,5,3,0,0,0,1,0,0,0,0,7.32318E+20,5.30437E+21,1.21056E+16,4.78507E+16
134171,134172,9,5,62,0,2016,3,11,3,2,0,2,0,0,1,1,0,0,0,0,6.44386E+20,5.49306E+21,1.09971E+16,4.95729E+16
134172,134173,9,3,62,0,2016,3,17,2,3,0,1,0,0,0,0,0,1,0,0,7.27051E+20,5.436E+21,1.21066E+16,4.9035E+16
134173,134174,9,3,77,159,2016,3,21,5,3,0,1,2,0,1,0,0,0,0,0,7.29037E+20,5.53293E+21,1.21898E+16,4.99049E+16
134174,134175,9,1,73,112,2016,3,14,7,3,9,7,0,0,1,0,0,0,0,0,6.91392E+20,5.29264E+21,1.15539E+16,4.77587E+16
134175,134176,9,1,82,123,2016,3,1,6,2,9,7,2,1,0,1,0,0,0,0,7.16608E+20,5.30095E+21,1.18941E+16,4.78254E+16
134176,134177,9,3,75,174,2016,3,8,5,3,2,6,0,0,0,1,0,0,0,0,7.35806E+20,5.43125E+21,1.22235E+16,4.89891E+16
134177,134178,9,1,87,150,2016,3,13,6,3,5,3,0,1,1,1,0,0,0,0,7.2947E+20,5.30417E+21,1.20674E+16,4.78499E+16
134178,134179,9,3,71,116,2016,3,14,1,2,8,7,0,0,1,0,0,0,0,0,6.88469E+20,5.4838E+21,1.16018E+16,4.94776E+16
134179,134180,9,3,73,147,2016,3,17,5,3,5,3,0,0,0,1,0,0,0,0,6.78956E+20,5.46239E+21,1.1461E+16,4.9288E+16
134180,134181,9,4,74,126,2016,3,14,4,2,6,4,0,0,0,0,1,0,0,1,6.48441E+20,5.50935E+21,1.10593E+16,4.97183E+16
134181,134182,9,3,75,174,2016,3,9,2,3,5,3,0,0,0,1,0,0,0,0,7.33519E+20,5.43154E+21,1.21924E+16,4.89926E+16
134182,134183,9,1,77,119,2016,3,15,2,2,6,7,0,0,0,0,1,1,0,0,7.17906E+20,5.34044E+21,1.19315E+16,4.81798E+16
134183,134184,9,5,62,0,2016,3,9,3,3,4,3,0,0,1,1,0,0,0,0,6.44983E+20,5.49414E+21,1.10057E+16,4.95824E+16
134184,134185,9,3,73,167,2016,3,16,2,3,1,7,0,0,0,0,0,1,0,1,6.91606E+20,5.45719E+21,1.16323E+16,4.92374E+16
134185,134186,9,2,63,0,2016,3,12,5,3,5,3,0,0,0,1,0,1,0,0,7.62066E+20,5.41897E+21,1.25738E+16,4.88682E+16
134186,134187,9,1,87,182,2016,3,10,7,2,6,4,0,1,0,0,1,0,0,1,7.40814E+20,5.32828E+21,1.22323E+16,4.80623E+16
134187,134188,9,1,61,0,2016,3,23,6,3,5,3,2,1,0,1,0,0,0,0,6.7849E+20,5.40387E+21,1.14289E+16,4.87622E+16
134188,134189,9,3,74,144,2016,3,18,4,3,8,7,1,1,0,1,0,0,0,0,7.20255E+20,5.5145E+21,1.20573E+16,4.97426E+16
134189,134190,9,5,64,0,2016,3,15,3,3,1,5,0,0,0,1,0,0,0,0,6.51891E+20,5.48E+21,1.10958E+16,4.94536E+16
134190,134191,9,3,72,116,2016,3,17,4,3,5,3,0,0,0,1,0,1,0,0,7.6643E+20,5.45644E+21,1.26579E+16,4.92028E+16
134191,134192,9,5,64,0,2016,3,17,3,3,5,3,0,0,1,1,0,0,0,0,6.50991E+20,5.48023E+21,1.10835E+16,4.9456E+16
134192,134193,9,6,71,130,2016,3,4,1,3,9,1,2,0,0,1,0,0,0,0,5.16606E+20,5.54304E+21,9.2319E+15,5.00395E+16
134193,134194,9,5,64,0,2016,3,17,3,2,5,3,0,0,0,1,0,0,0,0,6.45744E+20,5.48098E+21,1.10114E+16,4.94639E+16
134194,134195,9,3,76,119,2016,3,8,2,3,5,3,0,0,0,1,0,0,0,1,7.21298E+20,5.45386E+21,1.20378E+16,4.91975E+16
134195,134196,9,2,78,149,2016,3,23,5,3,9,1,2,0,0,1,0,0,0,0,7.79082E+20,5.41996E+21,1.28061E+16,4.88698E+16
134196,134197,9,1,61,0,2016,3,11,7,3,4,3,0,0,0,1,0,0,0,0,6.79559E+20,5.40462E+21,1.14437E+16,4.87687E+16
134197,134198,9,1,86,147,2016,3,20,6,3,9,1,2,1,0,1,0,0,0,0,6.85435E+20,5.39536E+21,1.15194E+16,4.86837E+16
134198,134199,9,1,81,122,2016,3,13,3,3,9,1,0,0,0,1,0,0,0,0,6.50055E+20,5.33499E+21,1.10175E+16,4.81505E+16
134199,134200,9,5,64,0,2016,3,21,3,3,6,4,2,0,0,1,1,0,0,0,6.51291E+20,5.48083E+21,1.10879E+16,4.94613E+16
134200,134201,9,7,72,184,2016,3,2,2,3,1,5,2,0,1,1,0,0,0,0,6.34884E+20,5.36134E+21,1.0822E+16,4.83908E+16
134201,134202,9,7,72,223,2016,3,15,7,3,8,1,0,0,0,1,0,0,0,0,6.17878E+20,5.35771E+21,1.05914E+16,4.83615E+16
134202,134203,9,1,75,118,2016,3,0,6,3,1,1,2,0,0,1,0,0,1,0,7.14865E+20,5.33894E+21,1.18899E+16,4.81674E+16
134203,134204,9,2,71,119,2016,3,1,1,3,8,1,2,0,0,1,0,0,0,0,7.91228E+20,5.41781E+21,1.29698E+16,4.88448E+16
134204,134205,9,1,62,0,2016,3,16,2,3,0,7,0,0,1,0,0,0,0,1,6.91698E+20,5.33464E+21,1.15767E+16,4.81361E+16
134205,134206,9,7,61,0,2016,3,14,7,3,4,2,0,0,1,1,0,0,0,0,6.39677E+20,5.35751E+21,1.08855E+16,4.83553E+16
134206,134207,9,2,71,119,2016,3,17,2,2,8,7,0,0,0,0,0,0,0,1,7.89395E+20,5.41725E+21,1.29444E+16,4.88407E+16
134207,134208,9,2,74,184,2016,3,16,1,2,9,1,0,0,0,1,0,0,0,0,7.50636E+20,5.3736E+21,1.23908E+16,4.84656E+16
134208,134209,9,2,61,0,2016,3,9,5,3,4,7,0,0,0,1,0,0,0,0,7.35459E+20,5.3797E+21,1.21892E+16,4.85262E+16
134209,134210,9,1,62,0,2016,3,14,2,3,0,7,0,0,0,0,1,0,0,1,6.92207E+20,5.33725E+21,1.15847E+16,4.81594E+16
134210,134211,9,3,62,0,2016,3,18,4,3,4,2,2,0,0,1,0,0,0,0,7.28723E+20,5.43542E+21,1.21291E+16,4.90292E+16
134211,134212,9,5,77,161,2016,3,7,3,3,5,3,0,0,0,1,0,0,0,1,6.45102E+20,5.44089E+21,1.0988E+16,4.91038E+16
134212,134213,9,5,64,0,2016,3,16,2,3,4,7,0,0,1,1,0,0,0,0,6.50484E+20,5.48016E+21,1.10765E+16,4.94555E+16
134213,134214,9,7,61,0,2016,3,22,7,3,1,6,2,0,0,1,0,0,0,0,6.40112E+20,5.35902E+21,1.08919E+16,4.83688E+16
134214,134215,9,1,78,124,2016,3,14,6,3,5,3,0,1,0,1,0,1,0,0,7.03145E+20,5.36479E+21,1.17449E+16,4.84035E+16
134215,134216,9,3,76,141,2016,3,13,1,3,5,1,0,0,0,1,0,0,0,0,7.24159E+20,5.45014E+21,1.2075E+16,4.91631E+16
134216,134217,9,1,90,157,2016,3,19,5,3,0,7,2,0,1,0,1,0,0,0,6.60872E+20,5.30058E+21,1.11499E+16,4.78384E+16
134217,134218,9,2,63,0,2016,3,12,4,3,0,1,0,0,1,0,0,0,0,0,7.61369E+20,5.41872E+21,1.25642E+16,4.88663E+16
134218,134219,9,1,79,123,2016,3,4,1,3,8,1,2,0,0,1,0,0,0,0,6.73975E+20,5.33322E+21,1.13381E+16,4.81284E+16
134219,134220,9,5,74,138,2016,3,18,2,3,6,4,0,0,0,1,1,0,0,0,6.65218E+20,5.48598E+21,1.1282E+16,4.95039E+16
134220,134221,9,1,88,139,2016,3,18,2,3,0,7,0,0,0,1,0,0,0,1,6.7376E+20,5.32166E+21,1.13305E+16,4.80246E+16
134221,134222,9,1,83,148,2016,3,9,4,3,0,7,0,0,1,1,0,0,0,0,7.52786E+20,5.34473E+21,1.24025E+16,4.82054E+16
134222,134223,9,1,62,0,2016,3,9,5,3,2,6,0,0,0,1,0,0,0,0,6.91374E+20,5.33811E+21,1.15739E+16,4.81674E+16
134223,134224,9,1,78,124,2016,3,19,1,3,2,6,1,0,1,1,0,0,0,0,7.03225E+20,5.36513E+21,1.17461E+16,4.84065E+16
134224,134225,9,7,77,121,2016,3,19,2,2,6,2,0,0,0,1,1,0,0,0,6.28723E+20,5.32201E+21,1.07269E+16,4.80384E+16
134225,134226,9,1,90,138,2016,3,18,2,2,4,6,0,0,0,1,0,1,0,0,6.63462E+20,5.30699E+21,1.11869E+16,4.78954E+16
134226,134227,9,1,61,0,2016,3,13,4,2,6,4,0,0,0,1,1,0,0,0,6.7679E+20,5.40629E+21,1.14068E+16,4.87845E+16
134227,134228,9,5,61,0,2016,3,14,3,3,6,4,0,0,0,0,1,0,0,1,6.14579E+20,5.46214E+21,1.05761E+16,4.93013E+16
134228,134229,9,2,77,138,2016,3,12,2,3,6,4,0,0,0,0,1,0,1,0,7.9132E+20,5.37163E+21,1.29386E+16,4.84304E+16
134229,134230,9,1,73,135,2016,3,12,5,3,0,7,0,0,0,1,0,0,0,0,6.93523E+20,5.28482E+21,1.15789E+16,4.76878E+16
134230,134231,9,1,74,137,2016,3,7,7,2,8,1,0,1,0,1,0,0,0,0,6.58969E+20,5.34973E+21,1.11428E+16,4.82808E+16
134231,134232,9,1,62,0,2016,3,3,5,3,0,7,2,0,1,0,0,0,0,0,6.89858E+20,5.33668E+21,1.15529E+16,4.8155E+16
134232,134233,9,1,71,125,2016,3,20,5,3,5,3,2,0,0,1,0,0,0,0,7.73811E+20,5.35047E+21,1.26886E+16,4.82482E+16
134233,134234,9,1,88,137,2016,3,15,4,2,4,6,0,0,0,1,0,0,0,0,6.68204E+20,5.31618E+21,1.12539E+16,4.79768E+16
134234,134235,9,4,75,156,2016,3,11,3,3,5,3,0,1,0,1,0,0,0,0,6.92797E+20,5.57835E+21,1.17087E+16,5.03256E+16
134235,134236,9,1,62,0,2016,3,21,1,3,6,7,2,1,0,1,1,0,0,0,6.9173E+20,5.33915E+21,1.15792E+16,4.81767E+16
134236,134237,9,4,64,0,2016,3,14,3,3,1,3,0,0,1,1,0,0,0,0,7.07788E+20,5.5772E+21,1.19184E+16,5.03102E+16
134237,134238,9,2,77,116,2016,3,17,2,3,4,2,0,0,1,1,0,0,0,0,7.77799E+20,5.36793E+21,1.27537E+16,4.84032E+16
134238,134239,9,1,82,125,2016,3,11,5,2,8,7,0,1,0,0,0,1,0,0,7.12004E+20,5.2972E+21,1.18309E+16,4.77933E+16
134239,134240,9,1,78,124,2016,3,16,7,3,5,3,0,0,0,1,0,1,0,0,7.04701E+20,5.36386E+21,1.17654E+16,4.83946E+16
134240,134241,9,4,63,0,2016,3,16,3,2,4,6,0,1,0,1,0,1,0,0,6.42732E+20,5.56932E+21,1.10024E+16,5.02587E+16
134241,134242,9,2,79,122,2016,3,12,2,3,2,2,0,0,0,1,0,0,0,0,7.72008E+20,5.3967E+21,1.26944E+16,4.8664E+16
134242,134243,9,1,82,134,2016,3,17,5,3,5,2,0,0,1,1,0,0,0,0,7.0082E+20,5.29506E+21,1.16807E+16,4.77776E+16
134243,134244,9,1,75,113,2016,3,17,7,3,0,1,0,1,1,0,0,0,0,0,7.16055E+20,5.31583E+21,1.18942E+16,4.79593E+16
134244,134245,9,1,62,0,2016,3,13,5,2,0,4,0,0,0,0,1,0,1,0,6.89649E+20,5.33288E+21,1.15484E+16,4.81209E+16
134245,134246,9,1,74,118,2016,3,12,4,3,0,1,0,0,1,0,0,0,0,0,6.70129E+20,5.355E+21,1.12952E+16,4.83252E+16
134246,134247,9,4,73,159,2016,3,14,3,3,5,3,0,0,1,1,0,0,0,0,6.45444E+20,5.57315E+21,1.10419E+16,5.02925E+16
134247,134248,9,3,62,0,2016,3,7,1,3,5,3,0,0,0,1,0,0,0,0,7.26176E+20,5.43282E+21,1.20929E+16,4.90068E+16
134248,134249,9,6,63,0,2016,3,16,7,3,4,3,0,0,0,1,0,0,0,0,5.66629E+20,5.51675E+21,9.92587E+15,4.97995E+16
134249,134250,9,1,90,139,2016,3,19,2,3,0,3,2,0,0,1,0,1,0,0,6.54467E+20,5.296E+21,1.10628E+16,4.77988E+16
134250,134251,9,2,73,119,2016,3,20,1,2,9,1,2,0,0,0,0,1,0,0,7.08384E+20,5.40886E+21,1.18377E+16,4.87978E+16
134251,134252,9,1,85,158,2016,3,15,5,3,1,5,0,0,0,1,0,1,0,0,6.67023E+20,5.38095E+21,1.12637E+16,4.85594E+16
134252,134253,9,1,62,0,2016,3,19,6,3,2,6,2,1,0,1,0,0,0,0,6.91753E+20,5.33197E+21,1.15762E+16,4.81121E+16
134253,134254,9,7,75,135,2016,3,12,5,3,5,3,0,0,1,0,0,0,0,1,5.74305E+20,5.36041E+21,1.00038E+16,4.83925E+16
134254,134255,9,1,74,115,2016,3,21,3,3,1,1,2,1,1,1,0,0,0,0,6.80707E+20,5.347E+21,1.14344E+16,4.82505E+16
134255,134256,9,7,75,135,2016,3,15,5,3,0,3,0,0,0,1,0,0,0,1,5.74116E+20,5.36066E+21,1.00012E+16,4.83947E+16
134256,134257,9,1,78,144,2016,3,10,4,3,8,1,0,0,0,1,0,0,0,0,7.07003E+20,5.37844E+21,1.18037E+16,4.85249E+16
134257,134258,9,4,78,120,2016,3,8,3,3,0,1,0,0,1,0,0,0,0,0,6.40359E+20,5.54764E+21,1.09612E+16,5.00644E+16
134258,134259,9,7,80,133,2016,3,16,2,3,4,3,0,0,0,1,0,0,0,0,5.96303E+20,5.251E+21,1.02764E+16,4.74054E+16
134259,134260,9,5,72,132,2016,3,18,7,3,0,1,0,0,0,1,0,1,0,0,6.36005E+20,5.49324E+21,1.08813E+16,4.95764E+16
134260,134261,9,1,71,112,2016,3,16,2,2,5,3,0,0,0,1,0,1,0,0,7.84362E+20,5.34304E+21,1.28255E+16,4.81769E+16
134261,134262,9,2,73,137,2016,3,14,1,3,0,7,0,0,1,0,0,0,0,0,7.07057E+20,5.41906E+21,1.18248E+16,4.88899E+16
134262,134263,9,1,88,121,2016,3,16,5,3,0,7,0,0,0,1,1,0,0,0,6.71298E+20,5.33074E+21,1.13012E+16,4.81069E+16
134263,134264,9,1,78,124,2016,3,7,4,2,2,6,0,0,0,1,0,0,0,0,7.03383E+20,5.36478E+21,1.17481E+16,4.84034E+16
134264,134265,9,7,75,129,2016,3,9,5,2,6,3,0,0,0,1,1,0,0,0,5.82368E+20,5.34169E+21,1.0109E+16,4.82231E+16
134265,134266,9,1,77,142,2016,3,17,1,2,8,7,0,0,0,1,0,0,0,0,7.20211E+20,5.34955E+21,1.19672E+16,4.82608E+16
134266,134267,9,1,62,0,2016,3,9,2,3,7,7,0,0,1,0,1,0,0,0,6.83901E+20,5.33661E+21,1.14729E+16,4.81561E+16
134267,134268,9,1,75,124,2016,3,19,4,3,1,5,2,0,1,1,0,0,0,0,7.15639E+20,5.32811E+21,1.18948E+16,4.80698E+16
134268,134269,9,4,63,0,2016,3,18,3,3,5,3,0,0,1,1,0,0,0,0,6.39538E+20,5.56861E+21,1.09574E+16,5.02531E+16
134269,134270,9,4,64,0,2016,3,14,2,3,5,3,0,0,0,1,0,0,0,0,7.07032E+20,5.57679E+21,1.19076E+16,5.03069E+16
134270,134271,9,1,75,139,2016,3,14,5,2,5,3,0,0,1,1,0,0,0,0,7.10222E+20,5.32944E+21,1.18228E+16,4.80836E+16
134271,134272,9,7,80,144,2016,3,18,5,3,0,7,0,0,1,0,0,0,0,0,5.84638E+20,5.27728E+21,1.01269E+16,4.76433E+16
134272,134273,9,4,77,128,2016,3,9,3,3,5,3,0,0,0,1,0,0,0,0,6.75267E+20,5.55405E+21,1.14514E+16,5.01128E+16
134273,134274,9,6,72,149,2016,3,18,2,3,9,1,0,0,0,1,0,0,0,0,5.6085E+20,5.57075E+21,9.85415E+15,5.02857E+16
134274,134275,9,5,62,0,2016,3,19,7,3,5,3,2,0,1,0,0,0,0,0,6.45996E+20,5.49587E+21,1.10204E+16,4.95977E+16
134275,134276,9,7,61,0,2016,3,7,5,3,5,3,0,0,1,1,0,0,0,0,6.42972E+20,5.36002E+21,1.09308E+16,4.83772E+16
134276,134277,9,1,62,0,2016,3,18,4,3,5,3,1,0,0,1,0,0,0,0,6.88741E+20,5.33429E+21,1.15369E+16,4.81339E+16
134277,134278,9,1,62,0,2016,3,6,3,3,0,7,1,0,0,0,1,0,0,1,6.99056E+20,5.33328E+21,1.16749E+16,4.81216E+16
134278,134279,9,7,61,0,2016,3,12,5,3,6,4,0,0,0,1,1,0,0,0,6.40215E+20,5.35328E+21,1.08913E+16,4.83171E+16
134279,134280,9,1,62,0,2016,3,12,7,3,4,2,0,0,0,1,0,0,0,0,6.96848E+20,5.3351E+21,1.16461E+16,4.81387E+16
134280,134281,9,7,72,125,2016,3,15,2,3,0,1,0,1,1,0,0,0,0,0,6.3572E+20,5.34767E+21,1.08289E+16,4.82677E+16
134281,134282,9,1,71,112,2016,3,12,2,3,2,7,0,0,0,1,0,0,0,0,7.85062E+20,5.34203E+21,1.28342E+16,4.81675E+16
134282,134283,9,4,62,0,2016,3,9,3,3,6,7,0,0,0,1,1,0,0,0,6.85308E+20,5.53559E+21,1.15828E+16,4.99439E+16
134283,134284,9,1,72,114,2016,3,9,2,3,5,3,0,0,0,1,0,0,0,0,7.91673E+20,5.29451E+21,1.28907E+16,4.77379E+16
134284,134285,9,1,84,149,2016,3,13,4,2,5,3,0,0,1,1,0,0,0,0,6.921E+20,5.34968E+21,1.15889E+16,4.82712E+16
134285,134286,9,1,62,0,2016,3,14,6,3,1,7,0,0,1,1,0,0,0,0,6.91368E+20,5.32951E+21,1.157E+16,4.80901E+16
134286,134287,9,7,61,0,2016,3,16,5,2,0,7,0,0,1,0,0,0,0,0,6.39601E+20,5.359E+21,1.08849E+16,4.83687E+16
134287,134288,9,1,62,0,2016,3,6,3,3,5,3,1,0,0,1,0,0,0,0,6.9219E+20,5.33701E+21,1.15844E+16,4.81573E+16
134288,134289,9,4,62,0,2016,3,12,3,2,0,1,0,1,0,0,0,1,0,0,6.85675E+20,5.53724E+21,1.15887E+16,4.99586E+16
134289,134290,9,1,62,0,2016,3,16,4,3,5,3,0,1,0,1,0,0,0,0,6.88058E+20,5.33278E+21,1.1527E+16,4.81205E+16
134290,134291,9,1,84,112,2016,3,8,3,3,5,3,0,0,0,1,0,1,0,0,6.99765E+20,5.33646E+21,1.16859E+16,4.815E+16
134291,134292,9,1,62,0,2016,3,16,7,3,4,2,0,0,0,1,0,0,0,0,6.90709E+20,5.33814E+21,1.1565E+16,4.81679E+16
134292,134293,9,4,62,0,2016,3,0,2,3,0,1,2,0,1,0,0,0,0,0,6.84138E+20,5.53568E+21,1.15666E+16,4.99451E+16
134293,134294,9,1,79,119,2016,3,11,2,3,0,7,0,0,1,0,0,0,0,0,6.68985E+20,5.33922E+21,1.12735E+16,4.81837E+16
134294,134295,9,4,71,123,2016,3,14,3,3,5,3,0,0,1,1,0,0,0,0,6.46524E+20,5.51913E+21,1.10364E+16,4.98067E+16
134295,134296,9,1,63,0,2016,3,15,2,2,3,6,0,0,1,0,0,1,0,0,7.32979E+20,5.30676E+21,1.21157E+16,4.78719E+16
134296,134297,9,1,62,0,2016,3,19,4,3,5,2,2,0,0,1,0,0,0,0,6.89681E+20,5.3432E+21,1.15534E+16,4.82136E+16
134297,134298,9,1,62,0,2016,3,0,6,2,5,3,2,0,0,1,0,0,0,0,6.91984E+20,5.33232E+21,1.15795E+16,4.81152E+16
134298,134299,9,6,79,165,2016,3,16,5,3,4,6,0,0,0,1,0,0,0,0,5.53148E+20,5.50814E+21,9.73738E+15,4.97234E+16
134299,134300,9,1,62,0,2016,3,19,3,3,5,2,2,0,1,1,0,0,0,0,6.92634E+20,5.33476E+21,1.15893E+16,4.81369E+16
134300,134301,9,4,71,159,2016,3,17,3,3,6,4,0,0,0,1,1,0,0,0,6.40018E+20,5.53406E+21,1.09515E+16,4.99425E+16
134301,134302,9,1,62,0,2016,3,17,2,3,0,1,0,0,1,0,0,0,0,0,6.88572E+20,5.33475E+21,1.15348E+16,4.8138E+16
134302,134303,9,5,62,0,2016,3,10,7,3,0,7,0,1,1,0,0,0,0,0,6.44593E+20,5.49745E+21,1.10016E+16,4.96123E+16
134303,134304,9,7,62,0,2016,3,14,1,3,1,6,0,0,0,1,0,1,0,0,6.22294E+20,5.30565E+21,1.0636E+16,4.78925E+16
134304,134305,9,3,62,0,2016,3,17,3,3,6,4,0,0,0,1,1,0,0,0,7.26007E+20,5.43215E+21,1.20902E+16,4.90008E+16
134305,134306,9,1,79,121,2016,3,10,2,3,2,6,0,0,0,1,0,0,0,0,6.68571E+20,5.33896E+21,1.12678E+16,4.81815E+16
134306,134307,9,1,62,0,2016,3,20,4,3,6,4,2,0,1,0,1,0,0,0,6.91495E+20,5.33462E+21,1.1574E+16,4.8136E+16
134307,134308,9,1,62,0,2016,3,18,6,3,8,1,2,1,0,1,0,0,0,0,6.92176E+20,5.33034E+21,1.15812E+16,4.80974E+16
134308,134309,9,6,63,0,2016,3,14,5,3,4,6,0,0,1,1,0,0,0,0,5.67605E+20,5.51649E+21,9.93938E+15,4.9797E+16
134309,134310,9,1,87,150,2016,3,19,3,3,0,1,0,0,0,0,0,1,0,0,7.29324E+20,5.30339E+21,1.20651E+16,4.78429E+16
134310,134311,9,1,62,0,2016,3,14,3,3,2,6,0,0,0,1,0,0,0,0,6.90951E+20,5.34032E+21,1.15692E+16,4.81874E+16
134311,134312,9,3,71,113,2016,3,12,3,3,5,3,0,0,0,1,0,0,0,0,6.90109E+20,5.50738E+21,1.16359E+16,4.96889E+16
134312,134313,9,7,80,124,2016,3,15,2,3,0,2,0,0,1,1,0,0,0,0,5.92008E+20,5.26779E+21,1.0223E+16,4.7557E+16
134313,134314,9,5,76,121,2016,3,12,7,2,5,3,0,0,0,1,0,1,0,0,6.46505E+20,5.44926E+21,1.10103E+16,4.91787E+16
134314,134315,9,6,74,171,2016,3,14,5,3,1,1,0,0,0,1,0,0,0,0,6.2555E+20,5.56131E+21,1.07589E+16,5.01906E+16
134315,134316,9,1,82,129,2016,3,23,1,2,6,6,2,1,1,0,1,0,0,0,7.08964E+20,5.28563E+21,1.17848E+16,4.76903E+16
134316,134317,9,1,62,0,2016,3,9,4,3,2,6,0,0,0,1,0,0,0,0,6.93619E+20,5.33516E+21,1.16027E+16,4.81402E+16
134317,134318,9,1,84,148,2016,3,14,3,2,1,5,0,0,1,1,0,0,0,0,6.95146E+20,5.32704E+21,1.16195E+16,4.80668E+16
134318,134319,9,6,72,114,2016,3,8,7,2,0,7,0,0,0,0,0,0,0,1,5.76449E+20,5.56029E+21,1.0071E+16,5.01899E+16
134319,134320,9,1,62,0,2016,3,17,7,3,1,5,0,0,1,1,0,0,0,0,6.86844E+20,5.33513E+21,1.15118E+16,4.8142E+16
134320,134321,9,7,62,0,2016,3,13,2,3,4,2,0,0,0,1,0,0,0,0,6.21291E+20,5.30405E+21,1.06222E+16,4.78784E+16
134321,134322,9,1,74,115,2016,3,14,2,3,6,4,0,0,0,1,1,0,0,0,6.82863E+20,5.34809E+21,1.14639E+16,4.82596E+16
134322,134323,9,1,87,122,2016,3,3,1,3,8,1,2,1,0,1,0,0,0,0,7.18174E+20,5.30734E+21,1.19183E+16,4.78823E+16
134323,134324,9,7,74,143,2016,3,20,4,3,0,1,2,0,1,0,0,0,0,0,5.9672E+20,5.35777E+21,1.03059E+16,4.83657E+16
134324,134325,9,6,78,193,2016,3,6,5,3,8,1,0,0,0,0,0,1,0,0,5.77265E+20,5.53986E+21,1.00783E+16,5.00061E+16
134325,134326,9,1,62,0,2016,3,14,2,3,2,7,0,0,0,1,0,0,0,1,6.9117E+20,5.33304E+21,1.15689E+16,4.81219E+16
134326,134327,9,1,84,149,2016,3,19,3,3,5,3,2,0,1,0,0,0,0,0,6.91528E+20,5.35013E+21,1.15814E+16,4.82754E+16
134327,134328,9,2,77,116,2016,3,14,3,3,5,3,0,0,0,0,0,1,1,0,7.77394E+20,5.36768E+21,1.27481E+16,4.84011E+16
134328,134329,9,5,64,0,2016,3,20,2,3,2,6,2,0,0,1,0,0,0,0,6.50239E+20,5.4792E+21,1.10727E+16,4.94469E+16
134329,134330,9,5,64,0,2016,3,12,7,3,5,3,0,0,0,1,0,0,0,0,6.48388E+20,5.47758E+21,1.10466E+16,4.94328E+16
134330,134331,9,6,62,0,2016,3,10,5,3,5,3,0,0,1,1,0,0,0,0,5.87949E+20,5.54554E+21,1.02286E+16,5.00557E+16