FID,OBJECTID,ULAND,UREGBEZ,UKREIS,UGEMEINDE,UJAHR,UMONAT,USTUNDE,UWOCHENTAG,UKATEGORIE,UART,UTYP1,ULICHTVERH,IstStrasse,IstRad,IstPKW,IstFuss,IstKrad,IstGkfz,IstSonstig,LINREFX,LINREFY,XGCSWGS84,YGCSWGS84
134331,134332,9,7,61,0,2016,3,14,4,3,5,3,0,0,1,1,0,0,0,0,6.42145E+20,5.36006E+21,1.09196E+16,4.83777E+16
134332,134333,9,1,62,0,2016,3,20,3,2,6,4,2,0,1,0,1,0,0,0,6.94973E+20,5.33404E+21,1.16204E+16,4.81298E+16
134333,134334,9,1,62,0,2016,3,18,7,3,4,2,2,0,0,1,0,0,0,0,6.91452E+20,5.33544E+21,1.15738E+16,4.81434E+16
134334,134335,9,5,72,115,2016,3,15,2,3,4,6,0,1,0,1,0,0,0,0,6.46712E+20,5.50273E+21,1.10329E+16,4.96593E+16
134335,134336,9,1,86,151,2016,3,17,2,2,0,7,0,0,1,0,0,0,0,0,6.81579E+20,5.37516E+21,1.14583E+16,4.85033E+16
134336,134337,9,2,61,0,2016,3,8,3,3,5,3,0,0,1,0,0,0,0,1,7.31461E+20,5.38181E+21,1.21363E+16,4.85467E+16
134337,134338,9,1,78,124,2016,3,15,2,3,5,3,0,1,0,1,0,0,0,0,7.01026E+20,5.36427E+21,1.1716E+16,4.83995E+16
134338,134339,9,2,75,134,2016,3,15,2,3,2,6,0,0,0,0,0,1,0,0,8.24299E+20,5.3721E+21,1.33835E+16,4.84185E+16
134339,134340,9,1,62,0,2016,3,14,3,3,2,3,0,0,0,1,0,1,0,0,6.91249E+20,5.32979E+21,1.15685E+16,4.80926E+16
134340,134341,9,2,61,0,2016,3,20,3,3,6,7,2,0,0,1,1,0,0,0,7.32659E+20,5.38042E+21,1.21518E+16,4.85337E+16
134341,134342,9,4,61,0,2016,3,23,7,3,6,4,2,0,0,1,1,0,0,0,6.36912E+20,5.52919E+21,1.09065E+16,4.98994E+16
134342,134343,9,7,61,0,2016,3,13,4,3,6,7,0,0,0,1,1,0,0,0,6.39471E+20,5.36161E+21,1.08841E+16,4.83922E+16
134343,134344,9,7,77,129,2016,3,1,6,2,0,6,2,0,1,0,0,0,0,0,6.27807E+20,5.27034E+21,1.06994E+16,4.75739E+16
134344,134345,9,6,61,0,2016,3,11,5,3,5,3,0,0,0,1,0,0,0,0,5.09027E+20,5.53448E+21,9.12586E+15,4.99626E+16
134345,134346,9,7,61,0,2016,3,7,4,3,0,7,0,1,0,0,0,1,0,0,6.43473E+20,5.36016E+21,1.09376E+16,4.83783E+16
134346,134347,9,1,62,0,2016,3,16,3,3,5,2,0,0,0,1,0,0,0,0,6.93369E+20,5.331E+21,1.15975E+16,4.81029E+16
134347,134348,9,1,62,0,2016,3,0,1,3,6,7,1,0,0,1,1,0,0,0,6.86313E+20,5.33568E+21,1.15049E+16,4.8147E+16
134348,134349,9,2,74,126,2016,3,20,3,3,5,3,2,0,0,1,0,0,0,0,7.33563E+20,5.3839E+21,1.2166E+16,4.85646E+16
134349,134350,9,1,77,117,2016,3,18,2,3,0,7,1,0,1,0,0,0,0,0,7.14856E+20,5.35401E+21,1.18974E+16,4.83027E+16
134350,134351,9,6,63,0,2016,3,19,4,3,0,1,1,0,0,1,0,1,0,0,5.65221E+20,5.5164E+21,9.90625E+15,4.97965E+16
134351,134352,9,7,61,0,2016,3,20,6,3,2,6,2,1,1,1,0,0,0,0,6.41899E+20,5.35819E+21,1.09157E+16,4.8361E+16
134352,134353,9,5,62,0,2016,3,15,5,3,5,3,0,0,0,1,0,0,0,0,6.46872E+20,5.49312E+21,1.10315E+16,4.95728E+16
134353,134354,9,6,78,134,2016,3,14,4,3,6,3,0,0,0,1,1,0,0,0,5.96252E+20,5.52887E+21,1.03404E+16,4.99044E+16
134354,134355,9,6,75,141,2016,3,15,6,3,5,3,0,1,0,1,0,0,0,0,5.839E+20,5.51011E+21,1.01644E+16,4.97376E+16
134355,134356,9,5,65,0,2016,3,9,5,2,5,3,0,0,0,1,0,1,0,0,6.4788E+20,5.46692E+21,1.10356E+16,4.9337E+16
134356,134357,9,7,75,135,2016,3,13,3,3,5,3,0,0,1,1,0,0,0,0,5.7349E+20,5.3602E+21,9.9927E+15,4.83906E+16
134357,134358,9,1,89,113,2016,3,21,3,3,0,7,2,0,1,0,0,0,0,0,7.67874E+20,5.30074E+21,1.25777E+16,4.78042E+16
134358,134359,9,5,64,0,2016,3,5,1,3,5,3,2,0,0,1,0,0,0,0,6.52191E+20,5.47883E+21,1.10995E+16,4.94431E+16
134359,134360,9,1,77,117,2016,3,17,2,3,5,3,0,0,0,1,0,0,0,0,7.1594E+20,5.35418E+21,1.19121E+16,4.83039E+16
134360,134361,9,6,62,0,2016,3,14,4,3,1,6,0,1,0,1,0,0,0,0,5.88081E+20,5.54285E+21,1.02298E+16,5.00315E+16
134361,134362,9,5,62,0,2016,3,12,6,3,2,6,0,1,0,1,0,0,0,0,6.47071E+20,5.49483E+21,1.10349E+16,4.95882E+16
134362,134363,9,5,76,151,2016,3,22,5,2,5,3,2,0,1,1,0,0,0,0,6.56918E+20,5.4693E+21,1.11609E+16,4.93562E+16
134363,134364,9,1,88,144,2016,3,7,3,3,5,2,0,0,0,1,0,0,0,0,6.69076E+20,5.32774E+21,1.12702E+16,4.80805E+16
134364,134365,9,1,63,0,2016,3,14,3,3,0,1,0,0,1,0,0,0,0,0,7.30886E+20,5.30404E+21,1.20863E+16,4.78482E+16
134365,134366,9,7,61,0,2016,3,17,2,2,5,3,0,0,1,1,0,0,0,0,6.39282E+20,5.36027E+21,1.08811E+16,4.83802E+16
134366,134367,9,3,77,112,2016,3,13,7,3,4,2,0,0,0,1,0,0,0,0,7.46724E+20,5.52309E+21,1.24295E+16,4.98095E+16
134367,134368,9,7,75,135,2016,3,16,3,3,5,3,0,0,1,1,0,0,0,0,5.74448E+20,5.36049E+21,1.00057E+16,4.83932E+16
134368,134369,9,1,61,0,2016,3,20,3,3,0,3,2,0,0,1,0,0,0,1,6.75342E+20,5.4045E+21,1.13863E+16,4.87688E+16
134369,134370,9,7,75,152,2016,3,10,2,3,5,3,0,0,0,1,0,0,0,0,5.76661E+20,5.3532E+21,1.00342E+16,4.83274E+16
134370,134371,9,2,75,149,2016,3,20,7,3,8,1,2,1,0,1,0,0,0,0,8.13359E+20,5.37195E+21,1.32359E+16,4.84227E+16
134371,134372,9,1,62,0,2016,3,19,1,3,3,3,2,0,0,1,0,1,0,0,6.95416E+20,5.33247E+21,1.16256E+16,4.81155E+16
134372,134373,9,1,86,143,2016,3,5,1,3,9,1,2,0,0,1,0,0,0,0,6.84911E+20,5.37808E+21,1.15046E+16,4.85286E+16
134373,134374,9,5,62,0,2016,3,15,4,2,5,3,0,1,1,1,0,0,0,0,6.43502E+20,5.49452E+21,1.09854E+16,4.95862E+16
134374,134375,9,1,62,0,2016,3,6,2,3,6,6,1,0,0,1,1,0,0,0,6.90535E+20,5.33463E+21,1.15611E+16,4.81363E+16
134375,134376,9,7,64,0,2016,3,5,3,3,0,7,1,0,1,0,0,0,0,0,5.8736E+20,5.31483E+21,1.01707E+16,4.79808E+16
134376,134377,9,1,86,162,2016,3,14,3,3,2,6,0,0,0,1,0,0,0,0,6.93241E+20,5.38692E+21,1.16215E+16,4.86055E+16
134377,134378,9,5,64,0,2016,3,14,2,3,6,2,0,0,0,0,1,0,0,1,6.51745E+20,5.4806E+21,1.1094E+16,4.94591E+16
134378,134379,9,2,73,172,2016,3,7,7,3,5,3,0,0,0,1,0,0,0,0,7.10629E+20,5.4024E+21,1.18649E+16,4.8739E+16
134379,134380,9,5,74,112,2016,3,5,5,3,6,4,0,0,0,1,1,0,0,0,6.70293E+20,5.47516E+21,1.13474E+16,4.94053E+16
134380,134381,9,5,76,151,2016,3,9,4,3,3,2,0,0,1,1,0,0,0,0,6.56977E+20,5.46892E+21,1.11616E+16,4.93528E+16
134381,134382,9,7,76,116,2016,3,11,3,3,6,3,0,0,0,1,1,0,0,0,5.51943E+20,5.26727E+21,9.69043E+15,4.75567E+16
134382,134383,9,5,64,0,2016,3,18,5,3,5,3,1,0,1,1,0,0,0,0,6.49841E+20,5.47824E+21,1.10669E+16,4.94384E+16
134383,134384,9,7,71,130,2016,3,20,3,3,4,1,2,1,0,1,0,0,0,0,6.45904E+20,5.36277E+21,1.09713E+16,4.84012E+16
134384,134385,9,5,64,0,2016,3,9,5,2,5,3,0,0,0,1,0,0,0,0,6.52028E+20,5.47901E+21,1.10973E+16,4.94448E+16
134385,134386,9,1,62,0,2016,3,12,7,3,3,6,0,0,1,0,0,0,0,0,6.92306E+20,5.33748E+21,1.15862E+16,4.81615E+16
134386,134387,9,7,72,130,2016,3,20,2,2,0,7,2,0,1,0,0,0,0,0,6.32032E+20,5.35762E+21,1.07824E+16,4.83579E+16
134387,134388,9,1,90,139,2016,3,14,2,3,0,1,0,0,0,0,0,1,0,0,6.5452E+20,5.29533E+21,1.10632E+16,4.77928E+16
134388,134389,9,1,86,162,2016,3,16,3,3,5,3,0,0,1,1,0,0,0,0,6.93139E+20,5.3871E+21,1.16202E+16,4.86072E+16
134389,134390,9,1,62,0,2016,3,12,1,3,5,3,0,0,0,1,0,0,0,0,6.94923E+20,5.3349E+21,1.16201E+16,4.81375E+16
134390,134391,9,5,63,0,2016,3,14,4,3,0,2,0,0,0,1,0,1,0,0,6.44084E+20,5.48095E+21,1.09885E+16,4.94641E+16
134391,134392,9,5,64,0,2016,3,14,6,3,4,6,0,1,0,1,0,0,0,0,6.49855E+20,5.47822E+21,1.10671E+16,4.94382E+16
134392,134393,9,5,61,0,2016,3,13,5,3,4,6,0,0,0,0,0,1,1,0,6.18516E+20,5.45682E+21,1.06286E+16,4.92527E+16
134393,134394,9,7,61,0,2016,3,10,3,3,0,7,0,0,1,0,0,0,0,0,6.40567E+20,5.36189E+21,1.08989E+16,4.83945E+16
134394,134395,9,1,62,0,2016,3,11,2,3,5,3,0,0,0,1,0,0,0,0,6.86219E+20,5.33366E+21,1.15027E+16,4.8129E+16
134395,134396,9,1,62,0,2016,3,5,1,3,0,1,2,0,1,0,0,0,0,0,6.96251E+20,5.33066E+21,1.1636E+16,4.80989E+16
134396,134397,9,1,62,0,2016,3,9,2,3,1,6,0,0,0,1,0,0,0,0,6.92226E+20,5.33878E+21,1.15857E+16,4.81732E+16
134397,134398,9,7,77,182,2016,3,17,7,3,8,1,0,0,0,0,0,0,0,1,6.27038E+20,5.30871E+21,1.07004E+16,4.79191E+16
134398,134399,9,5,73,134,2016,3,13,2,3,0,7,0,0,0,0,0,0,0,1,6.40819E+20,5.47911E+21,1.09428E+16,4.94483E+16
134399,134400,9,1,88,117,2016,3,11,2,2,6,6,0,0,1,0,1,0,0,0,6.6492E+20,5.3115E+21,1.12082E+16,4.79356E+16
134400,134401,9,1,62,0,2016,3,9,2,3,5,3,0,0,1,1,0,0,0,0,6.90907E+20,5.33325E+21,1.15655E+16,4.81239E+16
134401,134402,9,1,62,0,2016,3,10,1,3,6,4,0,0,1,0,1,0,0,0,6.90695E+20,5.33825E+21,1.15649E+16,4.81688E+16
134402,134403,9,5,64,0,2016,3,18,4,2,4,6,0,1,0,1,0,1,0,0,6.53551E+20,5.48101E+21,1.11191E+16,4.94623E+16
134403,134404,9,5,64,0,2016,3,11,6,3,3,2,0,1,0,1,0,0,0,0,6.51037E+20,5.48077E+21,1.10843E+16,4.94608E+16
134404,134405,9,4,79,152,2016,3,22,5,3,5,3,2,1,0,1,0,0,0,0,7.23668E+20,5.56327E+21,1.21329E+16,5.01794E+16
134405,134406,9,6,77,157,2016,3,11,3,3,2,6,0,0,0,1,0,0,0,0,5.44166E+20,5.522E+21,9.61435E+15,4.98488E+16
134406,134407,9,1,62,0,2016,3,17,1,2,5,7,0,0,1,1,0,0,0,0,6.90316E+20,5.33819E+21,1.15597E+16,4.81684E+16
134407,134408,9,1,78,143,2016,4,12,7,2,5,3,0,0,0,1,0,0,0,0,7.17401E+20,5.37339E+21,1.19417E+16,4.8476E+16
134408,134409,9,2,63,0,2016,4,15,2,2,0,1,0,0,1,0,0,0,0,0,7.6281E+20,5.41983E+21,1.25845E+16,4.88756E+16
134409,134410,9,2,61,0,2016,4,11,6,3,5,3,0,0,0,1,0,0,0,0,7.35228E+20,5.3826E+21,1.21878E+16,4.85523E+16
134410,134411,9,5,64,0,2016,4,17,1,3,4,2,0,0,0,1,0,0,0,0,6.51498E+20,5.47865E+21,1.10899E+16,4.94416E+16
134411,134412,9,1,62,0,2016,4,13,7,3,5,3,0,0,0,1,0,0,0,0,6.9844E+20,5.33218E+21,1.16661E+16,4.81119E+16
134412,134413,9,1,78,124,2016,3,15,4,3,2,6,0,0,0,1,0,0,0,0,7.03892E+20,5.36416E+21,1.17547E+16,4.83976E+16
134413,134414,9,7,71,130,2016,3,11,4,3,2,6,0,1,0,1,0,0,0,1,6.45628E+20,5.3575E+21,1.09658E+16,4.83539E+16
134414,134415,9,1,78,129,2016,4,19,7,2,0,1,2,0,1,0,0,0,0,0,7.09052E+20,5.37105E+21,1.18277E+16,4.84578E+16
134415,134416,9,1,62,0,2016,4,12,1,3,0,7,0,0,1,0,0,0,0,0,6.94369E+20,5.34172E+21,1.16158E+16,4.81989E+16
134416,134417,9,2,62,0,2016,4,16,2,3,4,2,0,0,1,1,0,0,0,0,8.3078E+20,5.38929E+21,1.34844E+16,4.85693E+16
134417,134418,9,1,90,140,2016,4,17,6,3,0,6,0,0,0,1,0,1,0,0,6.44477E+20,5.29572E+21,1.09293E+16,4.77986E+16
134418,134419,9,1,62,0,2016,3,14,3,2,0,7,0,0,1,0,0,0,0,0,6.91598E+20,5.33566E+21,1.15758E+16,4.81453E+16
134419,134420,9,1,62,0,2016,4,22,7,3,3,6,2,0,0,1,0,1,0,0,6.92304E+20,5.33745E+21,1.15861E+16,4.81612E+16
134420,134421,9,1,87,165,2016,4,15,2,2,0,7,0,0,1,0,0,0,0,0,7.33309E+20,5.29911E+21,1.2116E+16,4.7803E+16
134421,134422,9,1,63,0,2016,3,17,5,3,5,3,0,0,0,1,0,0,0,0,7.33644E+20,5.30619E+21,1.21242E+16,4.78665E+16
134422,134423,9,1,62,0,2016,3,16,3,3,6,3,0,0,0,1,1,0,0,0,6.81148E+20,5.33592E+21,1.14356E+16,4.81507E+16
134423,134424,9,7,72,125,2016,3,10,4,3,1,5,0,0,0,1,0,0,0,0,6.3688E+20,5.34768E+21,1.08446E+16,4.82675E+16
134424,134425,9,1,82,137,2016,3,13,5,2,0,1,0,0,1,0,0,0,0,0,7.12675E+20,5.30506E+21,1.18437E+16,4.78636E+16
134425,134426,9,7,75,135,2016,3,17,3,3,5,3,0,0,1,1,0,0,0,0,5.74885E+20,5.36104E+21,1.00117E+16,4.83981E+16
134426,134427,9,7,61,0,2016,3,18,4,3,5,3,0,1,0,1,0,0,0,0,6.37669E+20,5.35858E+21,1.08587E+16,4.83654E+16
134427,134428,9,1,77,142,2016,4,19,7,3,5,3,1,0,0,1,0,0,0,0,7.20544E+20,5.34975E+21,1.19718E+16,4.82625E+16
134428,134429,9,1,62,0,2016,4,19,1,3,0,7,0,0,0,0,0,1,0,0,6.9075E+20,5.3403E+21,1.15665E+16,4.81873E+16
134429,134430,9,1,62,0,2016,4,14,7,3,3,6,0,0,0,1,0,1,0,0,6.89007E+20,5.33754E+21,1.15419E+16,4.8163E+16
134430,134431,9,1,87,162,2016,4,5,6,3,1,1,2,0,0,1,0,0,0,0,7.51114E+20,5.30617E+21,1.23574E+16,4.78598E+16
134431,134432,9,7,64,0,2016,3,0,3,3,0,7,2,0,1,0,0,0,0,0,5.88219E+20,5.3174E+21,1.01827E+16,4.80038E+16
134432,134433,9,1,85,149,2016,4,18,2,3,6,7,0,0,0,1,1,0,0,0,6.60536E+20,5.40051E+21,1.11834E+16,4.87369E+16
134433,134434,9,1,87,122,2016,3,17,5,3,0,7,0,0,0,1,0,0,0,0,7.18053E+20,5.30735E+21,1.19166E+16,4.78824E+16
134434,134435,9,7,61,0,2016,3,14,4,3,5,3,0,0,1,1,0,0,0,0,6.38086E+20,5.36032E+21,1.08649E+16,4.8381E+16
134435,134436,9,1,75,113,2016,4,13,7,3,0,1,0,0,1,0,0,0,0,0,7.17616E+20,5.31526E+21,1.19148E+16,4.79536E+16
134436,134437,9,1,87,129,2016,4,19,6,3,6,7,2,1,0,0,1,1,0,0,7.25766E+20,5.2948E+21,1.20131E+16,4.7767E+16
134437,134438,9,5,64,0,2016,4,20,1,3,9,1,2,0,0,1,0,0,0,0,6.46146E+20,5.48001E+21,1.10166E+16,4.94551E+16
134438,134439,9,1,62,0,2016,4,16,7,3,3,2,0,0,1,1,0,0,0,0,6.8543E+20,5.33489E+21,1.14927E+16,4.81402E+16
134439,134440,9,1,61,0,2016,4,17,6,3,5,3,0,0,0,1,0,0,0,0,6.77378E+20,5.40527E+21,1.14143E+16,4.87751E+16
134440,134441,9,1,62,0,2016,4,11,7,3,1,6,0,0,0,1,0,0,0,0,6.89554E+20,5.33355E+21,1.15474E+16,4.8127E+16
134441,134442,9,2,71,119,2016,4,13,2,2,0,1,0,0,1,0,0,0,0,0,7.91791E+20,5.41446E+21,1.2975E+16,4.88145E+16
134442,134443,9,5,71,145,2016,3,8,5,3,4,6,0,0,0,1,0,1,0,0,5.98534E+20,5.44357E+21,1.03509E+16,4.9137E+16
134443,134444,9,1,88,124,2016,4,13,6,3,1,5,0,0,1,1,0,0,0,0,6.61939E+20,5.31815E+21,1.11708E+16,4.79961E+16
134444,134445,9,7,74,185,2016,3,6,3,3,5,3,0,1,0,1,0,0,0,0,6.09034E+20,5.34912E+21,1.04698E+16,4.82858E+16
134445,134446,9,1,61,0,2016,3,13,5,3,2,6,0,0,0,1,0,0,0,0,6.75982E+20,5.4047E+21,1.13951E+16,4.87704E+16
134446,134447,9,7,61,0,2016,3,8,4,3,6,4,0,1,0,1,1,0,0,0,6.38702E+20,5.3604E+21,1.08733E+16,4.83815E+16
134447,134448,9,1,62,0,2016,4,19,6,3,6,7,1,0,0,1,1,0,0,0,6.94581E+20,5.34109E+21,1.16184E+16,4.81932E+16
134448,134449,9,3,62,0,2016,4,8,2,3,6,4,0,0,1,0,1,0,0,0,7.26695E+20,5.43726E+21,1.21025E+16,4.90464E+16
134449,134450,9,1,74,115,2016,4,16,6,3,0,1,0,0,1,0,0,0,0,0,6.8224E+20,5.34685E+21,1.14549E+16,4.82487E+16
134450,134451,9,5,64,0,2016,4,14,1,2,5,3,0,0,1,0,0,0,0,1,6.49964E+20,5.47983E+21,1.10692E+16,4.94526E+16
134451,134452,9,7,63,0,2016,4,13,7,3,3,5,0,0,0,1,0,0,0,0,5.98817E+20,5.28589E+21,1.03176E+16,4.77189E+16
134452,134453,9,2,79,112,2016,3,12,5,3,0,7,0,0,1,0,0,0,0,0,7.58139E+20,5.39306E+21,1.25042E+16,4.86373E+16
134453,134454,9,7,74,143,2016,3,11,3,2,1,7,0,0,0,1,0,0,0,0,5.96802E+20,5.35813E+21,1.03071E+16,4.83689E+16
134454,134455,9,7,61,0,2016,3,14,4,3,1,7,0,0,1,1,0,0,0,0,6.408E+20,5.35947E+21,1.09013E+16,4.83727E+16
134455,134456,9,4,61,0,2016,3,22,5,3,0,1,2,1,1,0,0,0,0,0,6.37468E+20,5.5279E+21,1.09138E+16,4.98877E+16
134456,134457,9,7,74,121,2016,3,9,3,3,4,7,0,0,0,1,0,0,0,1,6.04908E+20,5.36563E+21,1.04183E+16,4.84351E+16
134457,134458,9,7,61,0,2016,3,13,4,3,0,7,0,1,0,1,0,0,0,1,6.41243E+20,5.35921E+21,1.09072E+16,4.83702E+16
134458,134459,9,6,79,130,2016,3,11,4,3,4,2,0,1,0,1,0,0,0,0,5.71566E+20,5.51977E+21,9.99501E+15,4.98261E+16
134459,134460,9,1,62,0,2016,4,15,6,3,3,2,0,0,1,1,0,0,0,0,6.8863E+20,5.33413E+21,1.15353E+16,4.81325E+16
134460,134461,9,2,71,141,2016,4,11,2,2,1,5,0,0,0,1,0,0,0,0,7.91615E+20,5.40107E+21,1.29632E+16,4.86944E+16
134461,134462,9,1,77,117,2016,4,17,6,3,4,2,0,0,0,1,0,1,0,0,7.14761E+20,5.35504E+21,1.18967E+16,4.8312E+16
134462,134463,9,5,64,0,2016,4,3,1,3,6,1,2,0,0,1,1,0,0,0,6.50722E+20,5.47935E+21,1.10795E+16,4.94481E+16
134463,134464,9,7,76,116,2016,4,1,7,3,4,6,2,0,0,1,0,1,0,0,5.52108E+20,5.2674E+21,9.69264E+15,4.75579E+16
134464,134465,9,1,76,124,2016,3,17,5,2,5,3,0,0,1,1,0,0,0,0,6.70813E+20,5.41031E+21,1.13272E+16,4.88222E+16
134465,134466,9,6,79,136,2016,3,13,4,3,4,2,0,1,0,1,0,0,0,0,5.70946E+20,5.51551E+21,9.98562E+15,4.97879E+16
134466,134467,9,1,62,0,2016,4,17,6,2,0,1,0,0,0,0,0,1,0,0,6.90548E+20,5.33475E+21,1.15613E+16,4.81374E+16
134467,134468,9,1,62,0,2016,4,18,1,3,0,7,0,0,1,0,0,0,0,0,6.89811E+20,5.3374E+21,1.15526E+16,4.81615E+16
134468,134469,9,7,61,0,2016,4,15,7,3,0,7,0,0,0,0,0,0,0,1,6.40979E+20,5.35879E+21,1.09035E+16,4.83665E+16
134469,134470,9,2,75,135,2016,4,19,2,3,0,1,1,0,0,1,0,0,0,0,8.21392E+20,5.40218E+21,1.33675E+16,4.86898E+16
134470,134471,9,1,62,0,2016,4,20,6,3,5,3,2,0,0,1,0,0,0,0,6.91323E+20,5.33523E+21,1.15719E+16,4.81415E+16
134471,134472,9,1,62,0,2016,4,15,1,3,1,1,0,0,0,1,0,0,0,0,6.96605E+20,5.33751E+21,1.16439E+16,4.81604E+16
134472,134473,9,1,62,0,2016,4,14,6,3,6,4,0,0,0,1,1,0,0,0,6.86833E+20,5.33936E+21,1.15135E+16,4.818E+16
134473,134474,9,1,90,121,2016,4,7,2,3,8,7,0,0,0,1,0,0,0,0,6.63177E+20,5.29021E+21,1.11768E+16,4.77446E+16
134474,134475,9,1,62,0,2016,3,14,5,3,5,7,0,0,1,1,0,0,0,0,6.94203E+20,5.3313E+21,1.16088E+16,4.81054E+16
134475,134476,9,1,88,118,2016,3,16,5,3,0,1,0,0,1,0,0,0,0,0,6.70918E+20,5.3128E+21,1.12889E+16,4.79457E+16
134476,134477,9,7,61,0,2016,3,16,3,3,1,6,0,0,0,1,0,0,0,0,6.40915E+20,5.35771E+21,1.09022E+16,4.83569E+16
134477,134478,9,6,75,141,2016,3,14,4,3,2,6,0,1,0,1,0,0,0,0,5.82934E+20,5.5107E+21,1.01511E+16,4.9743E+16
134478,134479,9,1,62,0,2016,4,19,6,3,5,3,2,0,1,1,0,0,0,0,6.92489E+20,5.34108E+21,1.15903E+16,4.81938E+16
134479,134480,9,1,62,0,2016,4,12,1,3,0,1,0,0,1,0,0,0,0,0,6.92373E+20,5.33431E+21,1.15856E+16,4.81329E+16
134480,134481,9,5,72,119,2016,4,22,7,3,5,3,2,0,1,1,0,0,0,0,6.44775E+20,5.49774E+21,1.10042E+16,4.96149E+16
134481,134482,9,2,71,119,2016,4,13,2,3,1,6,0,0,1,1,0,0,0,0,7.90702E+20,5.4173E+21,1.29622E+16,4.88405E+16
134482,134483,9,5,64,0,2016,3,23,5,3,5,3,2,0,0,1,0,0,0,0,6.51498E+20,5.47864E+21,1.10899E+16,4.94415E+16
134483,134484,9,1,62,0,2016,3,17,5,3,2,6,0,0,0,1,0,0,0,0,6.85341E+20,5.3377E+21,1.14927E+16,4.81655E+16
134484,134485,9,7,61,0,2016,3,12,3,3,5,3,0,0,0,0,0,0,1,1,6.40728E+20,5.35503E+21,1.08988E+16,4.83328E+16
134485,134486,9,1,61,0,2016,4,20,2,3,5,3,2,0,0,1,0,0,0,0,6.75416E+20,5.40531E+21,1.13877E+16,4.87761E+16
134486,134487,9,1,79,134,2016,3,17,5,3,6,1,0,0,0,1,1,0,0,0,6.70653E+20,5.34243E+21,1.12972E+16,4.82121E+16
134487,134488,9,6,74,130,2016,3,10,3,2,6,4,0,0,0,0,1,0,0,1,6.2836E+20,5.55056E+21,1.07946E+16,5.00934E+16
134488,134489,9,5,64,0,2016,4,16,7,3,2,6,0,0,0,1,0,0,0,0,6.5117E+20,5.47927E+21,1.10856E+16,4.94473E+16
134489,134490,9,1,88,137,2016,4,11,2,2,0,7,0,0,1,0,0,0,0,0,6.68421E+20,5.315E+21,1.12564E+16,4.79662E+16
134490,134491,9,1,79,126,2016,3,17,5,3,5,3,0,0,0,1,0,0,0,0,6.75845E+20,5.34027E+21,1.13661E+16,4.81913E+16
134491,134492,9,6,62,0,2016,3,7,3,3,5,3,0,0,0,1,0,0,0,0,5.87847E+20,5.54462E+21,1.0227E+16,5.00473E+16
134492,134493,9,5,65,0,2016,3,15,4,3,5,3,0,1,0,1,0,0,0,0,6.45709E+20,5.46573E+21,1.10053E+16,4.93269E+16
134493,134494,9,1,62,0,2016,4,13,6,3,3,6,0,0,0,0,0,1,1,0,6.89805E+20,5.33673E+21,1.15522E+16,4.81554E+16
134494,134495,9,1,62,0,2016,3,18,5,3,5,3,0,0,0,1,0,1,0,0,6.91605E+20,5.33268E+21,1.15746E+16,4.81185E+16
134495,134496,9,5,77,177,2016,4,16,1,2,0,1,0,0,1,0,0,0,0,0,6.44949E+20,5.43301E+21,1.09831E+16,4.90329E+16
134496,134497,9,5,64,0,2016,4,13,7,3,2,6,0,0,0,1,0,0,0,0,6.45724E+20,5.48103E+21,1.10112E+16,4.94645E+16
134497,134498,9,4,77,128,2016,3,14,5,3,2,2,0,0,0,1,0,0,0,0,6.72952E+20,5.55233E+21,1.14183E+16,5.00981E+16
134498,134499,9,1,62,0,2016,3,8,5,3,6,4,0,0,0,1,1,0,0,0,6.96814E+20,5.3303E+21,1.16434E+16,4.80956E+16
134499,134500,9,6,61,0,2016,3,11,3,3,6,4,0,0,0,1,1,0,0,0,5.10538E+20,5.53638E+21,9.14698E+15,4.99797E+16
134500,134501,9,5,72,132,2016,3,10,4,2,1,6,0,1,1,1,0,0,0,0,6.35441E+20,5.49138E+21,1.08729E+16,4.95598E+16
134501,134502,9,5,76,143,2016,3,15,4,3,0,7,0,1,1,0,0,0,0,0,6.52053E+20,5.45624E+21,1.1089E+16,4.924E+16
134502,134503,9,1,62,0,2016,4,14,6,3,6,4,0,0,1,0,1,0,0,0,6.8805E+20,5.3363E+21,1.15285E+16,4.81521E+16
134503,134504,9,3,76,163,2016,4,11,2,3,6,2,0,0,0,1,1,0,0,0,7.2767E+20,5.47569E+21,1.21376E+16,4.93913E+16
134504,134505,9,1,62,0,2016,3,15,5,2,0,7,0,0,0,1,0,1,0,0,6.96524E+20,5.33282E+21,1.16407E+16,4.81183E+16
134505,134506,9,5,61,0,2016,4,11,1,3,6,4,0,0,1,0,1,0,0,0,6.13351E+20,5.46348E+21,1.05596E+16,4.93136E+16
134506,134507,9,5,64,0,2016,3,18,4,3,5,2,1,1,0,1,0,0,0,0,6.54388E+20,5.47749E+21,1.11293E+16,4.94305E+16
134507,134508,9,1,62,0,2016,4,18,6,3,2,6,0,0,0,1,0,1,0,1,6.86251E+20,5.33214E+21,1.15025E+16,4.81152E+16
134508,134509,9,4,62,0,2016,4,20,2,3,6,2,2,0,0,1,1,0,0,0,6.84987E+20,5.53609E+21,1.15786E+16,4.99485E+16