FID,OBJECTID,ULAND,UREGBEZ,UKREIS,UGEMEINDE,UJAHR,UMONAT,USTUNDE,UWOCHENTAG,UKATEGORIE,UART,UTYP1,ULICHTVERH,IstStrasse,IstRad,IstPKW,IstFuss,IstKrad,IstGkfz,IstSonstig,LINREFX,LINREFY,XGCSWGS84,YGCSWGS84
134509,134510,9,1,62,0,2016,3,13,5,3,5,3,0,0,1,1,0,0,0,0,6.94547E+20,5.34048E+21,1.16176E+16,4.81877E+16
134510,134511,9,3,62,0,2016,4,15,1,3,4,2,0,0,0,1,0,0,0,0,7.24769E+20,5.43388E+21,1.20743E+16,4.90168E+16
134511,134512,9,5,64,0,2016,4,11,7,3,3,6,0,0,1,0,0,0,1,0,6.49984E+20,5.48032E+21,1.10696E+16,4.9457E+16
134512,134513,9,3,75,130,2016,3,17,5,3,5,2,0,0,0,1,0,0,0,0,7.34498E+20,5.43556E+21,1.22081E+16,4.90283E+16
134513,134514,9,5,62,0,2016,3,8,3,3,0,7,0,0,1,0,0,0,0,0,6.44994E+20,5.4956E+21,1.10065E+16,4.95956E+16
134514,134515,9,5,64,0,2016,3,0,4,3,4,2,2,0,0,1,0,0,0,0,6.50414E+20,5.47901E+21,1.10751E+16,4.94451E+16
134515,134516,9,1,62,0,2016,4,17,1,3,0,1,0,0,1,0,0,0,0,0,6.92518E+20,5.33485E+21,1.15878E+16,4.81377E+16
134516,134517,9,1,62,0,2016,4,9,6,3,0,7,0,0,1,0,0,0,0,0,6.95273E+20,5.33609E+21,1.16254E+16,4.8148E+16
134517,134518,9,1,89,155,2016,4,15,2,3,6,4,0,0,1,0,1,0,0,0,7.71939E+20,5.30772E+21,1.26363E+16,4.78652E+16
134518,134519,9,1,62,0,2016,3,11,5,3,3,2,0,0,0,1,0,1,0,0,6.86196E+20,5.33575E+21,1.15033E+16,4.81477E+16
134519,134520,9,3,62,0,2016,4,20,1,2,5,2,2,0,0,1,0,0,0,0,7.28324E+20,5.43539E+21,1.21237E+16,4.90291E+16
134520,134521,9,5,73,120,2016,4,23,7,3,9,1,2,0,0,0,0,1,0,0,6.31422E+20,5.48408E+21,1.08149E+16,4.94951E+16
134521,134522,9,1,78,124,2016,3,21,5,3,5,2,2,0,0,1,0,0,0,0,7.04445E+20,5.35947E+21,1.17598E+16,4.83553E+16
134522,134523,9,4,75,168,2016,4,17,7,3,0,7,0,0,0,1,1,0,0,0,7.10033E+20,5.56706E+21,1.19443E+16,5.02184E+16
134523,134524,9,5,72,131,2016,3,8,3,3,5,3,0,1,0,1,0,0,0,0,6.55571E+20,5.48806E+21,1.11497E+16,4.95252E+16
134524,134525,9,5,64,0,2016,3,13,4,3,5,2,0,1,1,1,0,0,0,0,6.50674E+20,5.47844E+21,1.10784E+16,4.94399E+16
134525,134526,9,1,62,0,2016,4,11,6,3,1,5,0,0,1,1,0,0,0,0,6.90334E+20,5.33347E+21,1.15579E+16,4.8126E+16
134526,134527,9,7,80,124,2016,4,16,1,3,5,2,0,0,1,1,0,0,0,0,5.9227E+20,5.26836E+21,1.02266E+16,4.75621E+16
134527,134528,9,7,74,174,2016,4,12,6,3,8,7,0,0,0,1,0,0,0,0,6.02026E+20,5.36781E+21,1.03799E+16,4.84551E+16
134528,134529,9,1,89,114,2016,4,8,2,3,0,7,0,0,1,0,0,0,0,0,7.64E+20,5.31313E+21,1.25337E+16,4.79171E+16
134529,134530,9,1,62,0,2016,3,22,5,3,4,2,2,0,0,1,0,0,0,0,6.9312E+20,5.33187E+21,1.15946E+16,4.81108E+16
134530,134531,9,5,63,0,2016,3,18,3,3,1,6,0,0,0,1,0,0,0,0,6.44219E+20,5.48195E+21,1.09907E+16,4.94731E+16
134531,134532,9,4,78,165,2016,4,16,7,3,0,1,0,0,1,0,0,0,0,0,6.42871E+20,5.55204E+21,1.09979E+16,5.01034E+16
134532,134533,9,1,79,123,2016,4,16,2,3,2,6,0,0,0,1,0,0,0,0,6.75473E+20,5.33464E+21,1.13588E+16,4.81408E+16
134533,134534,9,1,78,124,2016,3,17,5,3,0,1,0,0,0,0,0,1,0,0,7.02917E+20,5.36456E+21,1.17417E+16,4.84016E+16
134534,134535,9,5,64,0,2016,3,16,3,2,6,4,0,0,0,0,1,0,0,1,6.50105E+20,5.48093E+21,1.10715E+16,4.94624E+16
134535,134536,9,5,64,0,2016,3,14,4,3,5,3,0,1,0,1,0,0,0,0,6.51119E+20,5.47865E+21,1.10847E+16,4.94417E+16
134536,134537,9,7,80,139,2016,4,16,6,3,6,4,0,0,0,1,1,0,0,0,5.96472E+20,5.26328E+21,1.02813E+16,4.75158E+16
134537,134538,9,1,62,0,2016,3,16,5,3,0,4,0,0,0,0,1,0,0,1,6.92947E+20,5.3323E+21,1.15924E+16,4.81147E+16
134538,134539,9,4,74,147,2016,4,19,7,3,4,2,2,0,0,1,0,1,0,0,6.56659E+20,5.50819E+21,1.11728E+16,4.97059E+16
134539,134540,9,5,64,0,2016,3,7,4,3,0,1,0,1,1,0,0,0,0,0,6.54885E+20,5.48227E+21,1.1138E+16,4.94733E+16
134540,134541,9,7,72,171,2016,4,5,6,2,0,3,2,0,1,0,0,0,0,0,6.37602E+20,5.37172E+21,1.08621E+16,4.84835E+16
134541,134542,9,7,77,121,2016,4,17,1,3,9,1,0,0,1,0,0,0,0,0,6.29477E+20,5.32157E+21,1.07369E+16,4.80343E+16
134542,134543,9,4,74,126,2016,4,14,7,3,2,6,0,0,0,1,0,0,0,0,6.48569E+20,5.50898E+21,1.1061E+16,4.9715E+16
134543,134544,9,1,62,0,2016,3,14,5,3,0,7,0,0,0,0,0,1,0,0,6.92298E+20,5.33221E+21,1.15837E+16,4.81141E+16
134544,134545,9,5,64,0,2016,3,7,3,3,0,2,0,0,0,1,0,0,1,0,6.53341E+20,5.48016E+21,1.11159E+16,4.94547E+16
134545,134546,9,4,71,214,2016,4,11,7,3,0,1,0,0,0,0,0,0,0,1,6.37866E+20,5.54183E+21,1.09243E+16,5.00128E+16
134546,134547,9,1,79,147,2016,4,16,2,3,1,3,0,0,1,1,0,0,0,0,6.63508E+20,5.33456E+21,1.11981E+16,4.81433E+16
134547,134548,9,1,62,0,2016,3,20,4,3,3,6,2,0,1,1,0,0,0,0,6.93053E+20,5.33381E+21,1.15945E+16,4.81282E+16
134548,134549,9,5,77,173,2016,3,16,4,3,5,3,0,1,0,1,0,0,0,0,6.40469E+20,5.42724E+21,1.09198E+16,4.89821E+16
134549,134550,9,7,72,202,2016,4,13,6,2,4,2,0,0,0,1,0,1,0,0,6.35742E+20,5.35989E+21,1.08332E+16,4.83776E+16
134550,134551,9,1,62,0,2016,3,20,5,3,0,7,2,0,1,0,0,0,0,0,6.93598E+20,5.33395E+21,1.16019E+16,4.81294E+16
134551,134552,9,3,72,137,2016,4,16,1,1,0,7,0,0,0,1,0,1,0,1,7.79657E+20,5.45791E+21,1.28401E+16,4.92101E+16
134552,134553,9,4,61,0,2016,4,19,7,3,1,7,0,0,0,1,0,0,0,1,6.35878E+20,5.52847E+21,1.08918E+16,4.98932E+16
134553,134554,9,4,61,0,2016,3,22,5,3,6,2,2,1,0,1,1,0,0,0,6.3783E+20,5.5271E+21,1.09185E+16,4.98804E+16
134554,134555,9,5,64,0,2016,3,15,3,2,6,4,0,0,0,1,1,0,0,0,6.55098E+20,5.47469E+21,1.1138E+16,4.94052E+16
134555,134556,9,4,78,139,2016,3,21,4,3,4,3,2,0,0,1,0,0,0,0,6.47486E+20,5.55714E+21,1.10644E+16,5.01482E+16
134556,134557,9,5,64,0,2016,3,15,5,3,5,3,0,0,0,1,0,1,0,0,6.49316E+20,5.46836E+21,1.10559E+16,4.93497E+16
134557,134558,9,1,62,0,2016,3,13,5,3,3,6,0,0,1,1,0,0,0,1,6.90972E+20,5.33645E+21,1.15678E+16,4.81526E+16
134558,134559,9,5,64,0,2016,3,12,3,3,1,5,0,0,0,1,0,0,0,0,6.54291E+20,5.481E+21,1.11293E+16,4.9462E+16
134559,134560,9,1,62,0,2016,4,3,1,3,0,7,2,0,1,0,0,0,0,0,6.90843E+20,5.33479E+21,1.15653E+16,4.81377E+16
134560,134561,9,1,62,0,2016,3,23,4,3,3,2,2,1,0,1,0,0,0,1,6.9436E+20,5.34172E+21,1.16157E+16,4.81989E+16
134561,134562,9,4,62,0,2016,3,11,4,3,6,4,0,1,0,1,1,0,0,0,6.83805E+20,5.53564E+21,1.15619E+16,4.99448E+16
134562,134563,9,6,78,178,2016,4,10,6,3,0,1,0,1,1,0,0,0,0,0,5.89731E+20,5.54352E+21,1.0253E+16,5.00372E+16
134563,134564,9,4,61,0,2016,4,17,2,3,3,6,0,0,1,0,0,0,0,0,6.36386E+20,5.52955E+21,1.08993E+16,4.99028E+16
134564,134565,9,7,75,135,2016,3,15,5,3,0,7,0,0,0,0,0,0,0,1,5.74081E+20,5.36069E+21,1.00008E+16,4.8395E+16
134565,134566,9,2,72,120,2016,4,12,1,2,0,7,0,0,1,0,0,0,0,0,8.21698E+20,5.41607E+21,1.33825E+16,4.88142E+16
134566,134567,9,3,74,165,2016,4,16,7,3,0,7,0,0,0,1,0,0,0,0,7.39507E+20,5.50782E+21,1.23199E+16,4.96753E+16
134567,134568,9,2,74,179,2016,3,14,5,2,0,1,0,0,1,0,0,0,0,0,7.54799E+20,5.37597E+21,1.24484E+16,4.84852E+16
134568,134569,9,5,77,177,2016,3,13,3,3,5,3,0,0,0,1,0,0,0,0,6.43328E+20,5.43118E+21,1.09603E+16,4.90168E+16
134569,134570,9,4,61,0,2016,3,16,4,2,5,3,0,1,1,1,0,0,0,0,6.35062E+20,5.52947E+21,1.08808E+16,4.99024E+16
134570,134571,9,6,76,123,2016,4,12,6,3,5,3,0,0,0,1,0,1,0,0,5.19998E+20,5.52194E+21,9.27818E+15,4.98496E+16
134571,134572,9,7,71,130,2016,4,15,1,3,0,7,0,1,0,0,0,1,0,1,6.44917E+20,5.36397E+21,1.09584E+16,4.84122E+16
134572,134573,9,3,62,0,2016,3,16,4,3,4,7,0,1,0,1,0,0,0,0,7.29031E+20,5.4351E+21,1.21332E+16,4.90262E+16
134573,134574,9,6,61,0,2016,4,16,6,3,5,3,0,0,0,1,0,0,0,0,5.10948E+20,5.53453E+21,9.15264E+15,4.9963E+16
134574,134575,9,2,71,141,2016,4,11,2,3,5,3,0,0,0,1,0,0,0,0,7.95948E+20,5.40208E+21,1.30226E+16,4.87015E+16
134575,134576,9,7,64,0,2016,3,15,5,3,0,7,0,0,1,0,0,0,0,0,5.87548E+20,5.31569E+21,1.01734E+16,4.79885E+16
134576,134577,9,2,74,176,2016,4,2,1,3,8,1,2,0,0,1,0,0,0,0,7.22626E+20,5.39862E+21,1.20258E+16,4.87009E+16
134577,134578,9,3,75,118,2016,4,14,7,3,8,1,0,0,0,0,0,1,0,0,7.07059E+20,5.44303E+21,1.1837E+16,4.91052E+16
134578,134579,9,1,62,0,2016,3,15,4,3,2,6,0,0,0,1,0,0,0,0,6.90146E+20,5.33465E+21,1.15559E+16,4.81367E+16
134579,134580,9,5,75,152,2016,3,11,3,3,1,5,0,0,0,1,0,0,0,0,6.19013E+20,5.47888E+21,1.0642E+16,4.94509E+16
134580,134581,9,3,62,0,2016,3,13,4,3,2,6,0,0,0,1,0,0,0,0,7.26505E+20,5.43499E+21,1.20986E+16,4.90262E+16
134581,134582,9,5,63,0,2016,4,9,6,2,6,4,0,0,0,1,1,0,0,0,6.45126E+20,5.48083E+21,1.10028E+16,4.94628E+16
134582,134583,9,7,61,0,2016,4,18,1,2,0,1,0,0,0,0,0,1,0,0,6.39159E+20,5.36003E+21,1.08793E+16,4.83781E+16
134583,134584,9,3,75,165,2016,4,15,7,3,5,3,0,0,0,1,0,0,0,1,7.25803E+20,5.43873E+21,1.20911E+16,4.906E+16
134584,134585,9,1,63,0,2016,4,15,2,3,6,4,0,0,0,1,1,0,0,0,7.33202E+20,5.3059E+21,1.21182E+16,4.7864E+16
134585,134586,9,7,76,125,2016,3,13,5,2,0,7,0,0,1,0,0,0,0,1,5.64026E+20,5.26624E+21,9.85088E+15,4.75464E+16
134586,134587,9,4,64,0,2016,3,19,3,3,5,3,0,0,0,1,0,0,0,0,7.0727E+20,5.5778E+21,1.19115E+16,5.03158E+16
134587,134588,9,3,62,0,2016,4,13,7,2,0,1,0,0,1,0,0,0,0,0,7.27523E+20,5.43214E+21,1.21109E+16,4.90002E+16
134588,134589,9,1,62,0,2016,4,14,1,3,5,2,0,0,0,1,0,0,0,0,6.88705E+20,5.34349E+21,1.15405E+16,4.82166E+16
134589,134590,9,1,62,0,2016,3,18,4,3,3,5,0,0,1,1,0,0,0,0,6.91949E+20,5.33613E+21,1.15808E+16,4.81494E+16
134590,134591,9,5,64,0,2016,4,20,6,2,4,6,2,0,1,0,0,0,0,0,6.50072E+20,5.48029E+21,1.10708E+16,4.94567E+16
134591,134592,9,1,87,157,2016,4,7,2,3,5,3,0,0,1,1,0,0,0,0,7.38227E+20,5.28199E+21,1.21722E+16,4.76475E+16
134592,134593,9,7,77,121,2016,3,16,5,3,9,1,0,0,1,0,0,0,0,0,6.29332E+20,5.32145E+21,1.07349E+16,4.80332E+16
134593,134594,9,3,62,0,2016,4,14,7,3,2,6,0,0,0,1,0,0,0,0,7.2975E+20,5.4337E+21,1.21422E+16,4.90134E+16
134594,134595,9,1,62,0,2016,3,12,4,3,6,4,0,0,1,0,1,0,0,0,6.91818E+20,5.33465E+21,1.15783E+16,4.81361E+16
134595,134596,9,4,73,120,2016,3,11,3,2,6,4,0,0,0,1,1,0,0,0,6.41666E+20,5.57152E+21,1.09883E+16,5.02788E+16
134596,134597,9,3,61,0,2016,3,11,4,3,5,3,0,0,1,1,0,0,0,0,7.0749E+20,5.48084E+21,1.18625E+16,4.94448E+16
134597,134598,9,5,64,0,2016,4,16,6,3,5,3,0,0,0,1,0,1,0,0,6.45394E+20,5.47868E+21,1.10058E+16,4.94434E+16
134598,134599,9,7,61,0,2016,4,2,1,3,5,2,2,0,0,1,0,0,0,0,6.39976E+20,5.35808E+21,1.08897E+16,4.83604E+16
134599,134600,9,3,76,117,2016,4,14,7,3,5,3,0,0,0,1,0,0,0,0,7.40606E+20,5.46044E+21,1.23064E+16,4.92494E+16
134600,134601,9,7,61,0,2016,3,10,5,3,5,3,0,0,0,1,0,0,0,0,6.44171E+20,5.35823E+21,1.09463E+16,4.83608E+16
134601,134602,9,3,63,0,2016,3,19,3,2,5,3,2,0,0,1,0,0,0,0,7.28546E+20,5.50907E+21,1.2169E+16,4.96907E+16
134602,134603,9,1,62,0,2016,4,14,1,3,2,6,0,0,0,1,0,0,0,0,6.90424E+20,5.34259E+21,1.15632E+16,4.8208E+16
134603,134604,9,7,78,115,2016,3,20,4,3,5,3,1,1,0,1,0,0,0,0,5.92993E+20,5.33263E+21,1.025E+16,4.81401E+16
134604,134605,9,2,77,142,2016,3,15,4,3,0,1,0,0,1,0,0,0,0,0,7.90555E+20,5.38981E+21,1.29409E+16,4.85938E+16
134605,134606,9,5,77,136,2016,4,6,6,2,1,6,1,0,0,1,0,0,0,0,6.28208E+20,5.44161E+21,1.07569E+16,4.91139E+16
134606,134607,9,3,62,0,2016,3,10,3,3,3,6,0,1,0,1,0,1,0,0,7.26785E+20,5.43397E+21,1.21018E+16,4.90169E+16
134607,134608,9,2,75,141,2016,3,10,4,3,2,2,0,0,1,1,0,0,0,0,8.19246E+20,5.36993E+21,1.33138E+16,4.84016E+16
134608,134609,9,6,76,116,2016,4,9,1,3,9,1,0,0,0,1,0,0,0,0,5.19423E+20,5.50682E+21,9.26943E+15,4.97136E+16
134609,134610,9,7,71,130,2016,3,7,5,3,5,2,1,0,1,0,0,0,0,1,6.47217E+20,5.35778E+21,1.09873E+16,4.8356E+16
134610,134611,9,2,73,163,2016,4,17,1,3,5,6,0,0,0,1,0,1,0,0,7.08636E+20,5.39701E+21,1.18351E+16,4.86912E+16
134611,134612,9,3,71,146,2016,4,18,7,3,8,7,0,0,1,0,0,0,0,0,7.14165E+20,5.46709E+21,1.19471E+16,4.93189E+16
134612,134613,9,5,71,214,2016,3,18,5,2,8,1,0,0,0,0,0,1,0,0,6.20237E+20,5.43267E+21,1.06451E+16,4.90352E+16
134613,134614,9,7,61,0,2016,3,11,5,3,5,3,0,0,1,1,0,0,0,0,6.3688E+20,5.36014E+21,1.08486E+16,4.83796E+16
134614,134615,9,2,77,145,2016,3,13,3,3,0,1,0,0,0,0,0,1,0,0,7.97726E+20,5.3587E+21,1.30158E+16,4.83113E+16
134615,134616,9,2,61,0,2016,3,12,4,3,5,7,0,1,1,1,0,0,0,0,7.31831E+20,5.38171E+21,1.21413E+16,4.85456E+16
134616,134617,9,4,75,156,2016,4,19,6,3,5,2,0,0,0,1,0,0,0,0,6.93698E+20,5.57799E+21,1.17212E+16,5.03221E+16
134617,134618,9,3,72,116,2016,4,13,2,3,6,4,0,0,0,0,1,1,0,0,7.66585E+20,5.45877E+21,1.26615E+16,4.92236E+16
134618,134619,9,7,61,0,2016,3,20,5,3,5,7,2,0,1,1,0,0,0,0,6.39883E+20,5.35812E+21,1.08885E+16,4.83608E+16
134619,134620,9,1,73,112,2016,4,18,1,3,2,2,0,0,1,0,0,0,0,1,6.92286E+20,5.29314E+21,1.15661E+16,4.77629E+16
134620,134621,9,1,80,117,2016,4,15,7,3,2,6,0,0,0,1,0,1,0,0,6.5758E+20,5.26398E+21,1.10928E+16,4.75102E+16
134621,134622,9,1,72,114,2016,3,12,5,3,4,2,0,0,0,1,0,0,0,0,7.9125E+20,5.29392E+21,1.28847E+16,4.77329E+16
134622,134623,9,7,61,0,2016,3,4,5,3,5,3,2,1,0,1,0,0,0,0,6.4062E+20,5.35725E+21,1.08981E+16,4.83527E+16
134623,134624,9,1,87,162,2016,4,17,1,3,6,4,0,0,1,0,1,0,0,0,7.50767E+20,5.30602E+21,1.23527E+16,4.78585E+16
134624,134625,9,1,82,120,2016,4,9,7,2,0,2,0,0,0,0,0,1,0,0,7.03075E+20,5.30642E+21,1.17161E+16,4.7879E+16
134625,134626,9,4,61,0,2016,3,14,5,3,5,3,0,0,0,1,0,1,0,0,6.36931E+20,5.53071E+21,1.09073E+16,4.99131E+16
134626,134627,9,2,79,112,2016,3,18,3,3,4,2,0,0,0,1,0,1,0,0,7.57988E+20,5.39346E+21,1.25024E+16,4.86409E+16
134627,134628,9,2,74,194,2016,3,8,4,3,8,1,0,1,0,1,0,0,0,0,7.24385E+20,5.38264E+21,1.20411E+16,4.85567E+16
134628,134629,9,4,64,0,2016,4,8,6,3,5,3,0,1,0,1,0,0,0,0,7.06913E+20,5.57709E+21,1.19061E+16,5.03096E+16
134629,134630,9,2,71,146,2016,4,9,2,3,5,3,0,0,1,1,0,0,0,0,7.84351E+20,5.40986E+21,1.28707E+16,4.87767E+16
134630,134631,9,5,65,0,2016,3,12,5,3,1,5,0,0,1,1,0,0,0,0,6.47822E+20,5.46687E+21,1.10348E+16,4.93367E+16
134631,134632,9,1,82,136,2016,4,15,1,2,5,3,0,0,0,1,0,0,0,0,7.02842E+20,5.30065E+21,1.17103E+16,4.78272E+16
134632,134633,9,1,76,126,2016,4,18,7,3,1,5,0,0,0,1,0,0,0,0,6.74477E+20,5.40931E+21,1.13766E+16,4.88123E+16
134633,134634,9,7,78,203,2016,3,16,4,3,5,3,0,0,0,1,0,0,0,1,6.20589E+20,5.32267E+21,1.0618E+16,4.80459E+16
134634,134635,9,1,90,157,2016,3,9,4,3,3,2,0,1,1,0,0,0,1,0,6.60534E+20,5.30089E+21,1.11455E+16,4.78413E+16
134635,134636,9,3,75,174,2016,4,14,6,3,5,6,0,0,0,1,0,1,0,0,7.33011E+20,5.42948E+21,1.21843E+16,4.89742E+16
134636,134637,9,6,71,124,2016,4,14,1,3,5,3,0,0,0,1,0,1,0,0,5.14835E+20,5.53436E+21,9.20684E+15,4.99614E+16
134637,134638,9,1,73,134,2016,3,15,3,3,5,3,0,0,0,1,0,1,0,0,6.85922E+20,5.29895E+21,1.14837E+16,4.7817E+16
134638,134639,9,1,71,125,2016,3,13,4,3,5,3,0,0,1,0,0,0,0,1,7.75305E+20,5.34992E+21,1.27083E+16,4.82426E+16
134639,134640,9,3,75,119,2016,4,5,6,2,0,7,2,0,0,1,0,0,0,0,7.36114E+20,5.44861E+21,1.22378E+16,4.91449E+16
134640,134641,9,5,76,151,2016,4,17,1,3,5,3,0,0,0,1,0,0,0,0,6.54565E+20,5.46811E+21,1.11281E+16,4.93461E+16
134641,134642,9,3,73,147,2016,4,13,6,3,5,3,0,0,0,1,0,1,0,0,6.78527E+20,5.46139E+21,1.14547E+16,4.92792E+16
134642,134643,9,1,82,133,2016,4,13,2,3,8,1,0,0,1,0,0,0,0,0,7.03572E+20,5.31067E+21,1.17247E+16,4.7917E+16
134643,134644,9,5,72,132,2016,3,16,5,3,5,3,0,0,1,1,0,0,0,0,6.37337E+20,5.49255E+21,1.08995E+16,4.95699E+16
134644,134645,9,7,78,116,2016,3,9,4,3,1,7,0,1,0,1,0,0,0,0,6.19067E+20,5.31784E+21,1.05963E+16,4.80028E+16
134645,134646,9,1,80,117,2016,3,12,3,2,5,3,0,0,1,1,0,0,0,0,6.5845E+20,5.26213E+21,1.11036E+16,4.74933E+16
134646,134647,9,1,63,0,2016,3,7,4,3,2,6,1,1,0,1,0,1,0,0,7.34435E+20,5.30551E+21,1.21344E+16,4.78601E+16
134647,134648,9,2,76,134,2016,4,20,6,2,5,3,2,0,0,1,0,1,0,0,7.91308E+20,5.43665E+21,1.29843E+16,4.90139E+16
134648,134649,9,5,64,0,2016,4,8,1,3,0,1,0,0,1,0,0,0,0,0,6.5062E+20,5.47942E+21,1.10781E+16,4.94488E+16
134649,134650,9,1,86,143,2016,4,20,7,3,4,6,2,0,0,1,0,0,0,0,6.83597E+20,5.37713E+21,1.14864E+16,4.85204E+16
134650,134651,9,5,64,0,2016,3,18,5,2,6,4,0,0,0,1,1,0,0,0,6.49939E+20,5.47887E+21,1.10685E+16,4.9444E+16
134651,134652,9,5,74,138,2016,3,15,5,2,5,3,0,0,1,0,0,0,1,0,6.65072E+20,5.48712E+21,1.12805E+16,4.95142E+16
134652,134653,9,1,83,148,2016,3,12,3,3,0,7,0,0,0,1,0,0,0,0,7.5291E+20,5.34482E+21,1.24042E+16,4.82062E+16
134653,134654,9,1,81,130,2016,4,20,7,3,0,1,2,0,1,0,0,0,0,0,6.39429E+20,5.32432E+21,1.08712E+16,4.80569E+16
134654,134655,9,1,89,162,2016,3,14,3,3,8,1,0,0,1,0,0,0,0,0,7.7908E+20,5.31484E+21,1.27362E+16,4.7926E+16
134655,134656,9,1,74,115,2016,4,21,7,3,2,2,2,0,0,1,0,1,0,0,6.81955E+20,5.34831E+21,1.14517E+16,4.82619E+16
134656,134657,9,1,62,0,2016,4,15,1,2,1,6,0,0,0,1,0,1,0,0,6.80248E+20,5.33851E+21,1.14246E+16,4.81743E+16
134657,134658,9,7,63,0,2016,3,17,4,3,5,3,0,0,1,1,0,0,0,0,5.98664E+20,5.28696E+21,1.03158E+16,4.77285E+16
134658,134659,9,1,86,143,2016,3,19,4,3,5,3,2,1,0,1,0,1,0,0,6.8558E+20,5.37792E+21,1.15136E+16,4.85269E+16
134659,134660,9,2,76,144,2016,4,8,6,2,5,3,0,0,0,1,0,1,0,0,7.82923E+20,5.44405E+21,1.28751E+16,4.90842E+16
134660,134661,9,5,74,117,2016,3,15,5,3,5,3,0,0,0,1,0,0,1,0,6.70765E+20,5.46658E+21,1.13503E+16,4.9328E+16
134661,134662,9,1,87,172,2016,4,15,1,3,0,1,0,0,1,0,0,0,0,0,7.40884E+20,5.29205E+21,1.22131E+16,4.77368E+16
134662,134663,9,1,74,122,2016,4,18,7,3,7,7,0,0,0,0,0,1,0,0,6.81467E+20,5.35286E+21,1.14471E+16,4.83029E+16
134663,134664,9,4,72,139,2016,3,21,5,2,5,3,2,1,0,1,0,0,0,0,6.9535E+20,5.55314E+21,1.17316E+16,5.00984E+16
134664,134665,9,1,63,0,2016,3,17,3,3,0,7,0,0,1,0,1,0,0,0,7.33836E+20,5.30375E+21,1.21255E+16,4.78445E+16
134665,134666,9,1,85,149,2016,3,21,4,3,4,2,2,1,0,1,0,0,0,0,6.61917E+20,5.40059E+21,1.12022E+16,4.87373E+16
134666,134667,9,1,79,121,2016,3,18,4,2,0,7,0,0,1,0,0,0,0,0,6.65391E+20,5.33715E+21,1.12244E+16,4.8166E+16
134667,134668,9,1,62,0,2016,4,19,1,2,5,3,0,0,0,1,0,0,0,0,6.89533E+20,5.33189E+21,1.15464E+16,4.81121E+16
134668,134669,9,7,63,0,2016,3,18,4,3,6,7,0,0,1,0,1,0,0,0,6.00007E+20,5.2871E+21,1.03337E+16,4.77295E+16
134669,134670,9,1,77,133,2016,3,21,4,3,2,6,2,1,0,1,0,0,0,0,7.06373E+20,5.35909E+21,1.17856E+16,4.83512E+16
134670,134671,9,2,75,141,2016,4,13,6,3,5,2,0,0,1,1,0,0,0,0,8.1925E+20,5.36993E+21,1.33138E+16,4.84016E+16
134671,134672,9,4,74,126,2016,4,8,2,3,0,7,0,0,1,1,0,0,0,0,6.4868E+20,5.51065E+21,1.10631E+16,4.97299E+16
134672,134673,9,5,64,0,2016,3,18,5,3,6,7,0,0,0,1,1,0,0,0,6.49652E+20,5.47919E+21,1.10646E+16,4.9447E+16
134673,134674,9,1,78,145,2016,4,13,1,3,3,2,0,0,0,1,0,0,0,0,6.97366E+20,5.35494E+21,1.16623E+16,4.83168E+16
134674,134675,9,1,78,124,2016,4,17,7,3,9,1,0,0,0,0,0,1,0,0,7.03364E+20,5.35943E+21,1.17453E+16,4.83553E+16
134675,134676,9,3,62,0,2016,3,13,5,2,5,7,0,0,0,1,0,1,0,0,7.26333E+20,5.43499E+21,1.20962E+16,4.90263E+16
134676,134677,9,1,87,157,2016,3,17,3,3,0,1,0,1,1,0,0,1,0,0,7.36943E+20,5.28314E+21,1.21557E+16,4.76582E+16
134677,134678,9,1,63,0,2016,4,15,4,3,0,1,0,0,1,0,0,0,0,0,7.32185E+20,5.30599E+21,1.21047E+16,4.78653E+16
134678,134679,9,7,78,171,2016,4,11,2,3,3,3,0,0,1,0,0,0,0,1,5.89916E+20,5.31611E+21,1.02052E+16,4.7992E+16
134679,134680,9,5,64,0,2016,4,8,4,3,5,2,0,0,0,1,0,0,0,0,6.55158E+20,5.47582E+21,1.11392E+16,4.94153E+16
134680,134681,9,1,62,0,2016,4,17,5,3,3,6,0,0,1,0,0,0,0,0,6.8969E+20,5.3333E+21,1.15491E+16,4.81247E+16
134681,134682,9,1,62,0,2016,4,17,4,3,5,2,0,0,0,1,0,0,0,0,6.88659E+20,5.33629E+21,1.15366E+16,4.81518E+16
134682,134683,9,5,65,0,2016,4,16,5,3,2,6,0,0,0,1,0,0,0,0,6.46922E+20,5.46687E+21,1.10224E+16,4.93369E+16
134683,134684,9,7,72,200,2016,4,11,3,3,5,2,0,0,0,1,0,1,0,0,6.29448E+20,5.33703E+21,1.07412E+16,4.81733E+16
134684,134685,9,1,87,123,2016,4,8,4,2,9,1,0,0,1,0,0,0,0,0,7.54376E+20,5.30665E+21,1.24013E+16,4.78627E+16
134685,134686,9,1,62,0,2016,4,15,5,3,5,2,0,0,1,1,0,0,0,0,6.91373E+20,5.33196E+21,1.15711E+16,4.81121E+16