FID,OBJECTID,ULAND,UREGBEZ,UKREIS,UGEMEINDE,UJAHR,UMONAT,USTUNDE,UWOCHENTAG,UKATEGORIE,UART,UTYP1,ULICHTVERH,IstStrasse,IstRad,IstPKW,IstFuss,IstKrad,IstGkfz,IstSonstig,LINREFX,LINREFY,XGCSWGS84,YGCSWGS84
134686,134687,9,1,62,0,2016,4,18,2,3,4,2,0,0,1,1,0,0,0,0,6.87515E+20,5.33617E+21,1.15212E+16,4.81511E+16
134687,134688,9,5,64,0,2016,4,18,4,3,2,6,0,0,0,1,0,1,0,0,6.4616E+20,5.48163E+21,1.10174E+16,4.94697E+16
134688,134689,9,5,73,122,2016,4,15,5,2,6,4,0,0,0,1,1,0,0,0,6.43659E+20,5.47674E+21,1.09811E+16,4.94263E+16
134689,134690,9,1,62,0,2016,4,8,4,3,4,2,0,1,1,1,0,0,0,0,6.92833E+20,5.33498E+21,1.15921E+16,4.81388E+16
134690,134691,9,7,61,0,2016,4,13,2,3,1,2,0,0,0,1,0,0,0,0,6.41893E+20,5.36049E+21,1.09164E+16,4.83816E+16
134691,134692,9,5,77,173,2016,4,0,5,3,9,1,2,0,0,1,0,0,0,0,6.39911E+20,5.42531E+21,1.09116E+16,4.89648E+16
134692,134693,9,7,72,177,2016,4,15,3,3,0,7,0,0,1,0,0,0,0,0,6.36541E+20,5.37828E+21,1.08499E+16,4.85428E+16
134693,134694,9,7,61,0,2016,4,17,2,3,5,3,0,0,1,1,0,0,0,0,6.40847E+20,5.36151E+21,1.09026E+16,4.8391E+16
134694,134695,9,5,71,193,2016,4,13,5,3,4,1,0,0,1,0,0,0,0,1,5.85653E+20,5.47056E+21,1.01801E+16,4.93817E+16
134695,134696,9,7,71,130,2016,4,11,3,3,0,1,0,0,1,0,0,0,0,0,6.48787E+20,5.35527E+21,1.10076E+16,4.83331E+16
134696,134697,9,1,61,0,2016,4,14,4,3,3,6,0,0,0,1,0,1,0,0,6.78776E+20,5.40183E+21,1.14319E+16,4.87438E+16
134697,134698,9,1,62,0,2016,4,16,5,3,0,7,0,0,0,1,0,1,0,0,6.91368E+20,5.34088E+21,1.15751E+16,4.81923E+16
134698,134699,9,1,62,0,2016,4,7,2,3,0,7,0,0,0,0,0,1,0,0,6.811E+20,5.33655E+21,1.14352E+16,4.81564E+16
134699,134700,9,1,62,0,2016,4,12,4,3,2,6,0,1,0,1,0,0,0,0,6.94486E+20,5.3342E+21,1.16139E+16,4.81313E+16
134700,134701,9,5,64,0,2016,4,16,4,3,3,6,0,0,1,0,0,1,0,0,6.54526E+20,5.47728E+21,1.11311E+16,4.94285E+16
134701,134702,9,5,71,165,2016,4,17,5,3,5,3,0,0,0,1,0,0,0,0,6.30259E+20,5.46711E+21,1.07933E+16,4.93428E+16
134702,134703,9,7,61,0,2016,4,10,2,3,6,3,0,0,0,1,1,0,0,0,6.39369E+20,5.35866E+21,1.08817E+16,4.83657E+16
134703,134704,9,7,61,0,2016,4,16,3,3,5,2,0,0,1,1,0,0,0,0,6.39217E+20,5.35862E+21,1.08796E+16,4.83654E+16
134704,134705,9,1,86,143,2016,4,22,4,2,5,3,2,0,0,1,0,1,0,0,6.84898E+20,5.37773E+21,1.15043E+16,4.85254E+16
134705,134706,9,7,75,135,2016,4,16,2,3,0,3,0,1,0,0,0,1,0,1,5.742E+20,5.35998E+21,1.00023E+16,4.83886E+16
134706,134707,9,4,75,141,2016,4,17,4,2,5,3,0,0,1,0,0,0,0,1,6.99754E+20,5.5811E+21,1.18078E+16,5.0348E+16
134707,134708,9,1,62,0,2016,4,19,5,3,0,1,1,1,1,0,0,0,0,0,6.8989E+20,5.33531E+21,1.15527E+16,4.81427E+16
134708,134709,9,1,62,0,2016,4,19,4,3,1,5,0,0,1,1,0,0,0,0,6.90433E+20,5.33539E+21,1.15601E+16,4.81432E+16
134709,134710,9,1,62,0,2016,4,18,2,3,5,3,0,0,1,1,0,0,0,0,6.91912E+20,5.33306E+21,1.15789E+16,4.81219E+16
134710,134711,9,4,77,164,2016,4,16,4,2,5,3,0,0,0,1,0,0,0,0,6.63901E+20,5.54057E+21,1.12868E+16,4.99949E+16
134711,134712,9,1,62,0,2016,4,13,4,3,6,4,0,0,0,1,1,0,0,0,6.92318E+20,5.33745E+21,1.15863E+16,4.81612E+16
134712,134713,9,7,61,0,2016,4,5,2,3,5,3,1,0,0,1,0,1,0,0,6.39861E+20,5.35907E+21,1.08885E+16,4.83693E+16
134713,134714,9,4,62,0,2016,4,7,4,3,2,6,0,0,0,1,0,0,0,0,6.86961E+20,5.53507E+21,1.16056E+16,4.99387E+16
134714,134715,9,4,63,0,2016,4,8,5,3,0,1,0,1,1,0,0,0,0,0,6.39981E+20,5.56927E+21,1.09639E+16,5.0259E+16
134715,134716,9,7,61,0,2016,4,9,2,2,3,2,0,0,1,0,0,0,1,0,6.40785E+20,5.35925E+21,1.0901E+16,4.83707E+16
134716,134717,9,7,61,0,2016,4,16,3,2,3,6,0,0,1,1,0,0,0,0,6.39246E+20,5.36017E+21,1.08805E+16,4.83793E+16
134717,134718,9,1,88,139,2016,4,17,4,3,5,7,0,0,0,1,0,0,0,0,6.74847E+20,5.31857E+21,1.13438E+16,4.79965E+16
134718,134719,9,7,63,0,2016,4,16,2,3,5,3,0,0,0,1,0,0,0,0,5.99035E+20,5.28553E+21,1.03204E+16,4.77156E+16
134719,134720,9,4,62,0,2016,4,17,4,3,2,6,0,0,0,1,0,0,0,0,6.84932E+20,5.536E+21,1.15778E+16,4.99476E+16
134720,134721,9,1,62,0,2016,4,20,5,3,1,5,1,1,1,1,0,0,0,0,6.90841E+20,5.33596E+21,1.15658E+16,4.81482E+16
134721,134722,9,1,62,0,2016,4,11,4,3,5,3,0,1,0,1,0,0,0,0,6.81211E+20,5.3386E+21,1.14376E+16,4.81748E+16
134722,134723,9,7,61,0,2016,4,8,2,2,5,3,0,0,1,1,0,0,0,0,6.40893E+20,5.35855E+21,1.09022E+16,4.83644E+16
134723,134724,9,4,61,0,2016,4,19,5,3,5,7,0,0,1,1,0,0,0,0,6.3633E+20,5.52929E+21,1.08984E+16,4.99004E+16
134724,134725,9,7,61,0,2016,4,14,3,3,6,4,0,0,0,1,1,0,0,0,6.38972E+20,5.36053E+21,1.0877E+16,4.83826E+16
134725,134726,9,6,63,0,2016,4,16,2,3,3,5,0,0,1,1,0,0,0,0,5.67663E+20,5.51661E+21,9.94021E+15,4.97981E+16
134726,134727,9,4,61,0,2016,4,18,5,3,1,6,0,0,0,1,0,0,0,0,6.37167E+20,5.52931E+21,1.09101E+16,4.99004E+16
134727,134728,9,7,61,0,2016,4,16,3,3,5,6,0,0,0,1,0,0,0,0,6.4056E+20,5.35694E+21,1.08972E+16,4.835E+16
134728,134729,9,1,75,132,2016,4,17,3,3,5,3,0,0,1,1,0,0,0,0,7.06627E+20,5.33243E+21,1.17761E+16,4.81116E+16
134729,134730,9,7,61,0,2016,4,7,3,3,5,3,0,0,1,1,0,0,0,0,6.39819E+20,5.35778E+21,1.08875E+16,4.83577E+16
134730,134731,9,1,79,134,2016,4,11,4,3,5,3,0,0,0,1,0,0,1,0,6.6641E+20,5.34649E+21,1.12417E+16,4.82498E+16
134731,134732,9,7,80,140,2016,4,23,2,3,9,1,2,0,0,1,0,0,0,0,6.03856E+20,5.27984E+21,1.03833E+16,4.76636E+16
134732,134733,9,4,71,140,2016,4,10,4,3,5,3,0,0,0,1,0,0,0,0,6.34335E+20,5.53122E+21,1.08713E+16,4.99183E+16
134733,134734,9,7,63,0,2016,4,17,5,3,1,6,0,1,0,1,0,0,0,0,5.97978E+20,5.28624E+21,1.03065E+16,4.77221E+16
134734,134735,9,1,62,0,2016,4,7,4,3,0,1,0,1,0,0,0,1,0,0,6.93909E+20,5.3312E+21,1.16048E+16,4.81045E+16
134735,134736,9,6,63,0,2016,4,21,2,3,0,7,2,0,0,1,0,0,0,1,5.67863E+20,5.51644E+21,9.94296E+15,4.97966E+16
134736,134737,9,7,61,0,2016,4,22,3,3,4,6,2,0,1,0,0,0,0,0,6.41589E+20,5.3596E+21,1.0912E+16,4.83737E+16
134737,134738,9,1,79,118,2016,4,19,4,3,5,3,0,0,0,1,0,0,0,0,6.72328E+20,5.33677E+21,1.13174E+16,4.81608E+16
134738,134739,9,1,62,0,2016,4,20,5,3,6,2,1,1,0,1,1,0,0,0,6.88699E+20,5.34321E+21,1.15403E+16,4.8214E+16
134739,134740,9,1,62,0,2016,4,18,2,3,2,6,0,0,0,1,0,0,0,0,6.86712E+20,5.33848E+21,1.15114E+16,4.81721E+16
134740,134741,9,1,62,0,2016,4,12,4,3,4,2,0,0,0,1,0,0,0,0,6.90134E+20,5.33742E+21,1.15569E+16,4.81615E+16
134741,134742,9,1,81,122,2016,4,19,4,2,4,1,0,0,0,1,0,1,0,0,6.4939E+20,5.33326E+21,1.1008E+16,4.8135E+16
134742,134743,9,1,62,0,2016,4,19,5,3,2,6,2,1,0,1,0,0,0,0,6.92552E+20,5.33544E+21,1.15885E+16,4.81431E+16
134743,134744,9,1,62,0,2016,4,16,2,3,1,6,0,0,0,1,0,1,0,0,6.93353E+20,5.33104E+21,1.15973E+16,4.81032E+16
134744,134745,9,1,88,124,2016,4,11,4,3,1,5,0,1,1,1,0,0,0,0,6.62425E+20,5.31839E+21,1.11774E+16,4.79982E+16
134745,134746,9,4,61,0,2016,4,16,4,3,2,6,0,0,0,1,0,0,0,0,6.36293E+20,5.52933E+21,1.08979E+16,4.99009E+16
134746,134747,9,6,63,0,2016,4,17,2,3,0,1,0,0,1,0,0,0,0,0,5.68242E+20,5.51504E+21,9.94798E+15,4.97839E+16
134747,134748,9,3,63,0,2016,4,15,5,3,6,6,0,0,1,0,1,0,0,0,7.27847E+20,5.50724E+21,1.21582E+16,4.96745E+16
134748,134749,9,7,71,112,2016,4,16,3,3,5,3,0,0,0,1,0,1,0,0,6.48631E+20,5.36871E+21,1.10102E+16,4.84539E+16
134749,134750,9,1,75,118,2016,4,9,4,3,5,3,0,1,1,1,0,0,0,0,7.16397E+20,5.33901E+21,1.19105E+16,4.81674E+16
134750,134751,9,1,62,0,2016,4,7,5,3,5,3,0,0,1,1,0,0,0,0,6.95849E+20,5.33311E+21,1.16317E+16,4.81211E+16
134751,134752,9,1,84,123,2016,4,17,2,3,5,3,0,0,0,1,0,0,0,0,7.03303E+20,5.33176E+21,1.17311E+16,4.81066E+16
134752,134753,9,1,62,0,2016,4,18,4,3,2,6,0,0,1,0,0,0,0,0,6.92024E+20,5.33639E+21,1.15819E+16,4.81517E+16
134753,134754,9,6,74,159,2016,4,13,2,3,0,7,0,0,1,0,0,0,0,0,6.20854E+20,5.53111E+21,1.06836E+16,4.99202E+16
134754,134755,9,3,74,139,2016,4,10,4,3,9,1,0,0,0,0,0,1,0,0,7.28455E+20,5.51328E+21,1.21702E+16,4.97286E+16
134755,134756,9,3,62,0,2016,4,17,5,3,5,3,0,0,0,1,0,0,0,0,7.28007E+20,5.43326E+21,1.21181E+16,4.90101E+16
134756,134757,9,6,62,0,2016,4,17,2,3,0,1,0,0,1,0,0,0,0,0,5.88867E+20,5.54336E+21,1.02409E+16,5.00359E+16
134757,134758,9,3,71,122,2016,4,20,5,3,0,3,1,0,1,1,0,0,0,0,7.1007E+20,5.48352E+21,1.18995E+16,4.94679E+16
134758,134759,9,1,62,0,2016,4,18,4,3,3,2,0,0,0,1,0,0,0,1,6.86219E+20,5.33485E+21,1.15032E+16,4.81397E+16
134759,134760,9,6,71,111,2016,4,19,2,3,0,6,1,0,1,1,0,0,0,0,5.05033E+20,5.54493E+21,9.07031E+15,5.00567E+16
134760,134761,9,3,76,161,2016,4,14,5,3,5,3,0,0,1,1,0,0,0,0,7.26147E+20,5.46786E+21,1.21122E+16,4.93215E+16
134761,134762,9,6,63,0,2016,4,14,3,3,3,6,0,0,1,0,0,0,0,1,5.67268E+20,5.51637E+21,9.93468E+15,4.9796E+16
134762,134763,9,1,78,124,2016,4,11,4,3,8,1,0,0,1,0,0,0,0,0,7.02554E+20,5.36455E+21,1.17368E+16,4.84015E+16
134763,134764,9,1,62,0,2016,4,13,2,3,1,5,0,0,1,1,0,0,0,0,6.92014E+20,5.3348E+21,1.1581E+16,4.81375E+16
134764,134765,9,3,72,153,2016,4,8,4,2,5,3,0,1,0,1,0,1,0,0,7.56151E+20,5.45477E+21,1.25159E+16,4.91922E+16
134765,134766,9,7,73,170,2016,4,15,5,3,5,3,0,0,1,1,0,0,0,0,5.9572E+20,5.3891E+21,1.02996E+16,4.86477E+16
134766,134767,9,1,62,0,2016,4,7,4,2,6,7,0,1,0,1,1,0,0,0,6.91392E+20,5.3405E+21,1.15752E+16,4.81889E+16
134767,134768,9,5,76,143,2016,4,16,2,2,5,3,0,0,0,1,0,1,0,0,6.52541E+20,5.45749E+21,1.10962E+16,4.92512E+16
134768,134769,9,3,72,167,2016,4,21,4,3,0,7,2,0,0,0,0,1,0,0,7.49368E+20,5.44762E+21,1.24186E+16,4.91307E+16
134769,134770,9,2,63,0,2016,4,7,5,3,5,3,0,0,0,1,0,0,0,0,7.65724E+20,5.42043E+21,1.26246E+16,4.88798E+16
134770,134771,9,6,63,0,2016,4,8,3,3,3,2,0,0,1,1,0,0,0,0,5.63584E+20,5.51756E+21,9.88369E+15,4.98071E+16
134771,134772,9,6,77,155,2016,4,15,3,2,0,7,0,0,1,0,0,0,0,0,5.41275E+20,5.53814E+21,9.57586E+15,4.99941E+16
134772,134773,9,1,78,124,2016,4,5,4,3,5,3,2,1,0,1,0,0,0,0,7.02532E+20,5.36558E+21,1.1737E+16,4.84108E+16
134773,134774,9,7,63,0,2016,4,12,2,3,1,6,0,0,0,1,0,0,0,0,5.97774E+20,5.28604E+21,1.03037E+16,4.77204E+16
134774,134775,9,3,62,0,2016,4,6,4,3,0,6,1,1,1,0,0,0,0,0,7.25875E+20,5.43414E+21,1.20895E+16,4.90187E+16
134775,134776,9,7,72,148,2016,4,10,5,3,4,6,0,0,0,1,0,0,0,1,6.26492E+20,5.35375E+21,1.07065E+16,4.83243E+16
134776,134777,9,5,62,0,2016,4,9,3,3,0,7,0,0,0,0,0,1,0,0,6.47071E+20,5.49484E+21,1.10349E+16,4.95882E+16
134777,134778,9,1,77,139,2016,4,7,4,3,2,6,0,0,1,1,0,0,0,0,7.31849E+20,5.35933E+21,1.21292E+16,4.83446E+16
134778,134779,9,7,62,0,2016,4,11,2,2,5,3,0,0,0,1,0,1,0,0,6.22344E+20,5.30627E+21,1.06369E+16,4.78981E+16
134779,134780,9,3,62,0,2016,4,13,4,2,3,6,0,0,0,1,0,0,0,1,7.26645E+20,5.43349E+21,1.20997E+16,4.90126E+16
134780,134781,9,7,72,147,2016,4,19,5,3,0,7,1,0,0,1,0,0,0,0,6.38053E+20,5.36615E+21,1.08664E+16,4.84334E+16
134781,134782,9,1,62,0,2016,4,12,4,3,1,3,0,1,1,1,0,0,0,0,6.92188E+20,5.3313E+21,1.15818E+16,4.8106E+16
134782,134783,9,5,76,143,2016,4,21,2,2,6,4,2,0,0,1,1,0,0,0,6.51119E+20,5.45663E+21,1.10763E+16,4.92437E+16
134783,134784,9,2,63,0,2016,4,7,5,2,6,7,0,0,0,1,0,0,0,1,7.62579E+20,5.4191E+21,1.25809E+16,4.88692E+16
134784,134785,9,5,74,132,2016,4,17,3,2,6,4,0,0,0,1,1,0,0,0,6.76623E+20,5.48588E+21,1.14394E+16,4.94998E+16
134785,134786,9,1,62,0,2016,4,20,5,3,6,4,2,1,0,1,1,0,0,0,6.88867E+20,5.33623E+21,1.15394E+16,4.81513E+16
134786,134787,9,1,77,127,2016,4,5,3,3,5,3,2,0,0,1,0,1,0,0,7.26437E+20,5.34932E+21,1.20508E+16,4.82566E+16
134787,134788,9,1,62,0,2016,4,18,3,3,5,3,0,0,1,1,0,0,0,0,6.91359E+20,5.33296E+21,1.15714E+16,4.81211E+16
134788,134789,9,3,76,161,2016,4,7,4,3,5,3,0,1,1,1,0,0,0,0,7.25831E+20,5.46803E+21,1.21079E+16,4.93231E+16
134789,134790,9,7,72,184,2016,4,14,5,3,4,2,0,0,0,1,0,0,0,0,6.34608E+20,5.36091E+21,1.08182E+16,4.8387E+16
134790,134791,9,1,62,0,2016,4,22,4,3,6,2,2,0,0,1,1,0,0,0,6.91035E+20,5.3397E+21,1.15701E+16,4.81818E+16
134791,134792,9,5,63,0,2016,4,10,2,3,5,3,0,0,1,1,0,0,0,0,6.44274E+20,5.48164E+21,1.09914E+16,4.94702E+16
134792,134793,9,1,62,0,2016,4,8,4,3,0,1,0,1,1,0,0,0,0,0,6.8882E+20,5.33534E+21,1.15384E+16,4.81433E+16
134793,134794,9,2,62,0,2016,4,8,5,3,5,2,0,0,0,1,0,1,0,0,8.26498E+20,5.38914E+21,1.34265E+16,4.85702E+16
134794,134795,9,5,64,0,2016,4,14,3,3,2,6,0,0,0,1,0,0,0,0,6.51408E+20,5.48038E+21,1.10893E+16,4.94572E+16
134795,134796,9,1,62,0,2016,4,15,3,3,5,7,0,0,1,1,0,0,0,0,6.96466E+20,5.32968E+21,1.16384E+16,4.80901E+16
134796,134797,9,1,62,0,2016,4,20,5,3,5,2,2,1,0,1,0,0,0,0,6.86211E+20,5.33438E+21,1.15029E+16,4.81354E+16
134797,134798,9,1,84,131,2016,4,18,2,3,5,3,0,0,0,1,0,0,0,0,7.04203E+20,5.33932E+21,1.17469E+16,4.81743E+16
134798,134799,9,1,62,0,2016,4,23,3,3,5,2,2,0,0,1,0,1,0,0,6.90149E+20,5.33474E+21,1.1556E+16,4.81375E+16
134799,134800,9,2,63,0,2016,4,8,4,3,0,1,0,1,0,0,0,1,0,0,7.63639E+20,5.42099E+21,1.25966E+16,4.88857E+16
134800,134801,9,2,77,116,2016,4,15,5,2,4,2,0,0,1,1,0,0,0,0,7.78753E+20,5.36742E+21,1.27663E+16,4.83983E+16
134801,134802,9,1,62,0,2016,4,9,4,3,3,2,0,0,0,1,0,0,0,1,6.91963E+20,5.33228E+21,1.15792E+16,4.81148E+16
134802,134803,9,5,64,0,2016,4,18,2,3,3,5,0,0,0,1,0,0,0,1,6.50371E+20,5.47829E+21,1.10742E+16,4.94387E+16
134803,134804,9,2,74,184,2016,4,23,5,3,9,1,2,1,0,1,0,0,0,0,7.4703E+20,5.37196E+21,1.23411E+16,4.84522E+16
134804,134805,9,5,64,0,2016,4,7,3,3,0,1,0,0,0,0,0,1,0,0,6.57306E+20,5.47341E+21,1.11679E+16,4.9393E+16
134805,134806,9,1,62,0,2016,4,18,3,2,3,6,0,0,0,1,0,0,0,1,6.90508E+20,5.33343E+21,1.15602E+16,4.81256E+16
134806,134807,9,1,62,0,2016,4,10,2,3,1,5,0,0,1,0,0,0,0,1,6.93752E+20,5.33633E+21,1.16051E+16,4.81506E+16
134807,134808,9,2,71,146,2016,4,9,4,3,5,3,0,0,0,1,0,0,0,0,7.85758E+20,5.41136E+21,1.28909E+16,4.87895E+16
134808,134809,9,1,62,0,2016,4,15,4,2,5,2,0,0,1,0,0,0,0,0,6.94285E+20,5.33347E+21,1.16109E+16,4.81248E+16
134809,134810,9,5,77,177,2016,4,16,3,3,5,3,0,0,0,1,0,0,0,0,6.42688E+20,5.42954E+21,1.0951E+16,4.90023E+16
134810,134811,9,1,62,0,2016,4,15,3,3,6,7,0,0,1,1,1,0,0,0,6.90033E+20,5.33648E+21,1.15552E+16,4.81531E+16
134811,134812,9,1,62,0,2016,4,8,5,3,2,6,0,0,0,1,0,0,0,1,6.93074E+20,5.33444E+21,1.15951E+16,4.81339E+16
134812,134813,9,1,62,0,2016,4,7,2,3,5,3,0,0,1,1,0,0,0,0,6.81154E+20,5.33734E+21,1.14363E+16,4.81635E+16
134813,134814,9,1,62,0,2016,4,11,4,3,5,3,0,1,0,1,0,0,0,0,6.9278E+20,5.33351E+21,1.15907E+16,4.81256E+16
134814,134815,9,2,71,119,2016,4,17,4,3,5,3,0,0,1,1,0,0,0,0,7.90401E+20,5.41825E+21,1.29588E+16,4.88492E+16
134815,134816,9,1,90,157,2016,4,11,5,3,3,6,0,1,1,1,0,0,0,0,6.60377E+20,5.30112E+21,1.11435E+16,4.78434E+16
134816,134817,9,1,62,0,2016,4,1,4,3,0,1,2,1,1,0,0,0,0,0,6.91604E+20,5.33381E+21,1.15751E+16,4.81287E+16
134817,134818,9,5,64,0,2016,4,7,2,3,3,2,0,0,1,0,0,0,0,0,6.54645E+20,5.47835E+21,1.11331E+16,4.94382E+16
134818,134819,9,5,75,168,2016,4,18,3,3,4,2,0,0,0,1,0,1,0,0,5.89143E+20,5.4889E+21,1.02323E+16,4.95462E+16
134819,134820,9,1,88,120,2016,4,18,3,3,3,5,0,0,1,1,0,0,0,0,6.79264E+20,5.3293E+21,1.14075E+16,4.80917E+16
134820,134821,9,7,75,135,2016,4,18,2,3,5,3,0,0,1,1,0,0,0,0,5.75625E+20,5.36041E+21,1.00216E+16,4.83923E+16
134821,134822,9,2,72,145,2016,4,17,4,3,0,7,0,0,1,0,0,0,0,0,8.08381E+20,5.41686E+21,1.32022E+16,4.8828E+16
134822,134823,9,7,61,0,2016,4,19,5,3,0,1,1,0,1,0,0,0,0,0,6.3896E+20,5.3585E+21,1.08761E+16,4.83643E+16
134823,134824,9,1,62,0,2016,4,20,4,3,5,2,1,0,0,1,0,1,0,0,6.88956E+20,5.33421E+21,1.15397E+16,4.8133E+16
134824,134825,9,5,64,0,2016,4,10,2,3,2,6,0,0,0,1,0,0,0,0,6.51089E+20,5.47947E+21,1.10846E+16,4.94491E+16
134825,134826,9,1,73,112,2016,4,15,5,3,0,7,0,0,1,0,0,0,0,0,6.92317E+20,5.29221E+21,1.15661E+16,4.77545E+16
134826,134827,9,4,63,0,2016,4,5,3,3,0,2,2,1,0,1,0,1,0,0,6.41128E+20,5.56661E+21,1.09789E+16,5.02348E+16
134827,134828,9,5,64,0,2016,4,8,2,3,0,1,0,0,0,0,0,1,0,0,6.49465E+20,5.47888E+21,1.10619E+16,4.94442E+16
134828,134829,9,2,74,156,2016,4,7,4,2,5,3,0,1,1,1,0,0,0,0,7.44908E+20,5.39013E+21,1.23231E+16,4.86162E+16
134829,134830,9,1,72,118,2016,4,16,5,3,4,2,0,0,0,1,0,0,0,0,7.96823E+20,5.30662E+21,1.29675E+16,4.78443E+16
134830,134831,9,5,64,0,2016,4,16,2,3,5,3,0,0,0,1,0,1,0,0,6.55332E+20,5.47535E+21,1.11414E+16,4.9411E+16
134831,134832,9,4,62,0,2016,4,15,3,2,8,7,0,0,0,0,0,0,0,1,6.87619E+20,5.53495E+21,1.16147E+16,4.99375E+16
134832,134833,9,1,62,0,2016,4,10,3,3,3,2,0,0,0,1,0,0,0,1,6.91384E+20,5.33808E+21,1.1574E+16,4.81671E+16
134833,134834,9,7,79,181,2016,4,0,2,3,1,1,2,0,0,1,0,0,1,0,6.34433E+20,5.39166E+21,1.08257E+16,4.86635E+16
134834,134835,9,2,74,128,2016,4,15,4,3,1,7,0,0,1,1,0,0,0,0,7.3743E+20,5.38948E+21,1.22215E+16,4.86133E+16
134835,134836,9,7,61,0,2016,4,10,5,3,6,2,0,0,0,1,1,0,0,0,6.39203E+20,5.36177E+21,1.08805E+16,4.83937E+16
134836,134837,9,7,77,151,2016,4,9,4,3,5,3,0,0,0,1,0,0,0,0,6.2105E+20,5.29166E+21,1.06155E+16,4.77669E+16
134837,134838,9,5,64,0,2016,4,18,2,3,3,7,0,0,0,1,0,1,0,0,6.46851E+20,5.47789E+21,1.10255E+16,4.94359E+16
134838,134839,9,1,71,117,2016,4,21,5,3,5,3,2,1,1,1,0,0,0,0,7.67204E+20,5.3374E+21,1.25916E+16,4.81337E+16
134839,134840,9,3,74,159,2016,4,18,3,2,4,6,0,0,1,0,0,1,0,0,7.41762E+20,5.49367E+21,1.23424E+16,4.95473E+16
134840,134841,9,1,62,0,2016,4,16,3,3,5,3,0,0,0,1,0,0,0,0,6.96603E+20,5.33646E+21,1.16434E+16,4.8151E+16
134841,134842,9,1,84,120,2016,4,12,5,3,0,7,0,0,1,1,0,0,0,0,6.80635E+20,5.33249E+21,1.14272E+16,4.812E+16
134842,134843,9,1,62,0,2016,4,9,2,3,0,7,0,0,0,1,0,0,0,0,6.90713E+20,5.33447E+21,1.15634E+16,4.81349E+16
134843,134844,9,1,79,123,2016,4,12,3,3,5,3,0,0,1,0,0,0,0,0,6.75731E+20,5.33295E+21,1.13616E+16,4.81255E+16
134844,134845,9,3,62,0,2016,4,11,3,3,5,3,0,0,0,1,0,0,0,0,7.23483E+20,5.43472E+21,1.20572E+16,4.90248E+16
134845,134846,9,1,62,0,2016,4,23,3,2,5,3,2,0,0,1,0,1,0,0,6.91017E+20,5.33692E+21,1.15686E+16,4.81568E+16
134846,134847,9,7,79,194,2016,4,10,2,3,3,2,0,0,0,1,0,0,0,0,6.1013E+20,5.41231E+21,1.05013E+16,4.8854E+16
134847,134848,9,2,61,0,2016,4,17,4,3,0,7,0,0,1,0,0,0,0,0,7.3197E+20,5.37913E+21,1.21418E+16,4.85224E+16
134848,134849,9,7,61,0,2016,4,14,5,3,6,4,0,0,0,1,1,0,0,0,6.39243E+20,5.36017E+21,1.08805E+16,4.83793E+16
134849,134850,9,7,79,194,2016,4,9,4,3,0,7,0,0,1,0,0,0,0,0,6.09406E+20,5.41199E+21,1.04914E+16,4.88513E+16
134850,134851,9,5,64,0,2016,4,8,2,3,5,3,0,0,1,1,0,0,0,0,6.52046E+20,5.47858E+21,1.10974E+16,4.94408E+16
134851,134852,9,1,63,0,2016,4,18,5,2,6,7,0,0,0,1,1,0,0,0,7.33623E+20,5.30579E+21,1.21238E+16,4.78629E+16
134852,134853,9,2,63,0,2016,4,18,3,3,0,7,0,0,1,0,0,0,0,0,7.61533E+20,5.41985E+21,1.25672E+16,4.88764E+16
134853,134854,9,1,84,120,2016,4,11,3,2,5,3,0,0,1,1,0,0,0,0,6.80737E+20,5.33333E+21,1.1429E+16,4.81276E+16
134854,134855,9,1,62,0,2016,4,18,5,2,5,3,1,0,1,1,0,0,0,0,6.89582E+20,5.33701E+21,1.15494E+16,4.8158E+16
134855,134856,9,1,62,0,2016,4,9,2,3,5,2,0,0,1,1,0,0,0,0,6.91046E+20,5.33714E+21,1.15691E+16,4.81588E+16
134856,134857,9,7,73,144,2016,4,17,4,3,5,3,0,0,0,1,0,0,0,0,6.06035E+20,5.38165E+21,1.04376E+16,4.8579E+16
134857,134858,9,2,61,0,2016,4,15,4,3,3,2,0,0,1,1,0,0,0,0,7.3149E+20,5.38247E+21,1.21371E+16,4.85525E+16
134858,134859,9,1,63,0,2016,4,16,5,2,5,3,0,0,0,1,0,0,0,0,7.31246E+20,5.30438E+21,1.20913E+16,4.78511E+16
134859,134860,9,7,73,144,2016,4,9,4,3,4,6,0,0,0,1,0,0,0,0,6.05684E+20,5.38168E+21,1.04329E+16,4.85793E+16
134860,134861,9,1,86,137,2016,4,13,6,3,2,6,0,0,0,1,0,0,0,0,6.81895E+20,5.39837E+21,1.14727E+16,4.87118E+16
134861,134862,9,5,64,0,2016,4,12,2,2,6,4,0,0,0,1,1,1,0,0,6.49861E+20,5.47821E+21,1.10672E+16,4.9438E+16
134862,134863,9,1,62,0,2016,4,7,3,3,0,7,0,0,1,1,0,0,0,0,6.94778E+20,5.33438E+21,1.1618E+16,4.81328E+16