FID,OBJECTID,ULAND,UREGBEZ,UKREIS,UGEMEINDE,UJAHR,UMONAT,USTUNDE,UWOCHENTAG,UKATEGORIE,UART,UTYP1,ULICHTVERH,IstStrasse,IstRad,IstPKW,IstFuss,IstKrad,IstGkfz,IstSonstig,LINREFX,LINREFY,XGCSWGS84,YGCSWGS84
134863,134864,9,2,61,0,2016,4,13,4,3,1,7,0,0,0,1,0,0,0,0,7.31819E+20,5.38158E+21,1.21411E+16,4.85444E+16
134864,134865,9,7,72,163,2016,4,16,4,3,9,1,0,0,1,0,0,0,0,0,6.39687E+20,5.34646E+21,1.0882E+16,4.82559E+16
134865,134866,9,5,64,0,2016,4,6,2,3,5,3,1,0,1,1,0,0,0,0,6.46413E+20,5.4774E+21,1.10193E+16,4.94316E+16
134866,134867,9,1,63,0,2016,4,8,5,3,5,2,0,0,1,1,0,0,0,0,7.32458E+20,5.3046E+21,1.21076E+16,4.78526E+16
134867,134868,9,2,78,190,2016,4,18,3,3,0,1,0,0,1,0,0,0,0,0,7.64703E+20,5.42898E+21,1.26162E+16,4.8957E+16
134868,134869,9,1,62,0,2016,4,15,3,3,5,3,0,0,1,1,0,0,0,0,6.88546E+20,5.33459E+21,1.15344E+16,4.81366E+16
134869,134870,9,1,62,0,2016,4,10,5,3,7,7,0,0,0,0,0,1,0,0,6.89137E+20,5.33595E+21,1.15429E+16,4.81486E+16
134870,134871,9,1,62,0,2016,4,17,2,3,2,6,0,0,0,1,0,1,0,0,6.84442E+20,5.3326E+21,1.14784E+16,4.81199E+16
134871,134872,9,7,61,0,2016,4,17,4,3,5,3,0,0,1,1,0,0,0,0,6.39203E+20,5.35896E+21,1.08796E+16,4.83684E+16
134872,134873,9,2,79,112,2016,4,7,4,3,0,7,0,0,1,0,0,0,0,0,7.58491E+20,5.39411E+21,1.25096E+16,4.86465E+16
134873,134874,9,1,87,150,2016,4,7,5,3,0,1,0,0,1,0,0,0,0,0,7.2907E+20,5.304E+21,1.2062E+16,4.78485E+16
134874,134875,9,1,79,142,2016,4,17,6,3,0,1,0,0,1,0,0,0,0,0,6.73899E+20,5.34272E+21,1.1341E+16,4.82139E+16
134875,134876,9,5,64,0,2016,4,10,2,3,2,6,0,0,0,1,0,0,0,0,6.52315E+20,5.47935E+21,1.11014E+16,4.94477E+16
134876,134877,9,2,76,138,2016,4,15,3,2,6,4,0,0,0,0,1,0,0,1,8.00514E+20,5.43254E+21,1.31068E+16,4.89726E+16
134877,134878,9,7,74,133,2016,4,7,3,3,5,3,0,0,0,1,0,0,0,0,5.97926E+20,5.35513E+21,1.03215E+16,4.83418E+16
134878,134879,9,1,61,0,2016,4,7,5,3,6,2,0,0,0,1,1,0,0,0,6.78069E+20,5.40361E+21,1.1423E+16,4.876E+16
134879,134880,9,2,71,125,2016,4,7,3,3,0,6,0,0,0,1,0,1,0,0,7.98383E+20,5.40778E+21,1.30597E+16,4.87514E+16
134880,134881,9,1,84,136,2016,4,8,5,3,1,5,0,0,0,1,0,0,0,0,7.00491E+20,5.32704E+21,1.16912E+16,4.80651E+16
134881,134882,9,1,62,0,2016,4,1,2,3,5,2,2,0,1,1,0,0,0,0,6.91239E+20,5.33414E+21,1.15703E+16,4.81318E+16
134882,134883,9,1,73,126,2016,4,14,4,3,5,3,0,1,0,1,0,0,0,0,6.87038E+20,5.30276E+21,1.15002E+16,4.7851E+16
134883,134884,9,7,61,0,2016,4,7,5,2,6,4,0,0,0,1,1,0,0,0,6.41068E+20,5.36118E+21,1.09055E+16,4.8388E+16
134884,134885,9,7,61,0,2016,4,20,4,3,9,1,2,0,0,1,0,0,0,0,6.43594E+20,5.36233E+21,1.094E+16,4.83978E+16
134885,134886,9,5,64,0,2016,4,14,2,3,5,3,0,0,1,1,0,0,0,0,6.52071E+20,5.47882E+21,1.10979E+16,4.9443E+16
134886,134887,9,1,80,117,2016,4,12,4,3,6,6,0,0,0,1,1,0,0,0,6.57067E+20,5.26187E+21,1.10852E+16,4.74913E+16
134887,134888,9,1,76,167,2016,4,6,5,2,3,3,0,0,0,1,0,0,0,0,6.78333E+20,5.40953E+21,1.14292E+16,4.88131E+16
134888,134889,9,2,62,0,2016,4,13,3,3,1,6,0,0,1,1,0,0,0,0,8.28332E+20,5.38958E+21,1.34516E+16,4.85731E+16
134889,134890,9,7,74,121,2016,4,18,3,3,5,3,0,0,1,1,0,0,0,0,6.04948E+20,5.36535E+21,1.04188E+16,4.84325E+16
134890,134891,9,7,72,125,2016,4,14,2,3,5,3,0,0,0,1,0,0,0,0,6.33921E+20,5.3484E+21,1.08049E+16,4.82747E+16
134891,134892,9,1,89,155,2016,4,9,4,3,0,7,0,0,1,0,0,0,0,0,7.73277E+20,5.30804E+21,1.26544E+16,4.78675E+16
134892,134893,9,7,61,0,2016,4,12,5,3,0,4,0,0,1,0,1,0,0,0,6.41896E+20,5.36066E+21,1.09165E+16,4.83831E+16
134893,134894,9,7,61,0,2016,4,16,4,3,2,6,0,0,0,1,0,0,0,0,6.39538E+20,5.35879E+21,1.0884E+16,4.83669E+16
134894,134895,9,5,63,0,2016,4,18,2,2,8,1,0,0,0,1,0,1,0,0,6.38764E+20,5.48397E+21,1.09162E+16,4.94925E+16
134895,134896,9,1,71,112,2016,4,11,4,2,5,2,0,0,0,1,0,0,0,1,7.84307E+20,5.34285E+21,1.28246E+16,4.81752E+16
134896,134897,9,7,61,0,2016,4,16,5,3,2,6,0,1,0,1,0,0,0,0,6.41461E+20,5.35911E+21,1.09101E+16,4.83693E+16
134897,134898,9,7,61,0,2016,4,14,4,3,0,7,0,0,1,0,0,0,0,0,6.40545E+20,5.35885E+21,1.08976E+16,4.83671E+16
134898,134899,9,5,77,177,2016,4,14,2,3,5,3,0,0,1,1,0,0,0,0,6.42951E+20,5.43023E+21,1.09548E+16,4.90084E+16
134899,134900,9,1,86,143,2016,4,7,5,3,4,3,0,0,1,1,0,0,0,0,6.84514E+20,5.37813E+21,1.14993E+16,4.85291E+16
134900,134901,9,2,74,126,2016,4,7,3,3,5,3,0,0,1,1,0,0,0,0,7.33621E+20,5.38511E+21,1.21674E+16,4.85755E+16
134901,134902,9,1,77,117,2016,4,12,3,3,1,6,0,0,1,1,0,0,0,0,7.15801E+20,5.35441E+21,1.19103E+16,4.83061E+16
134902,134903,9,7,78,116,2016,4,14,3,2,8,1,0,0,0,0,0,1,0,0,6.1788E+20,5.31862E+21,1.05806E+16,4.801E+16
134903,134904,9,7,61,0,2016,4,17,2,3,2,6,0,0,0,1,0,0,1,0,6.37486E+20,5.35947E+21,1.08566E+16,4.83734E+16
134904,134905,9,1,72,114,2016,4,9,4,3,6,4,0,0,0,1,1,0,0,0,7.90594E+20,5.29284E+21,1.28752E+16,4.77234E+16
134905,134906,9,6,63,0,2016,4,10,5,3,6,4,0,1,0,1,1,0,0,0,5.66976E+20,5.51521E+21,9.93042E+15,4.97856E+16
134906,134907,9,7,71,113,2016,4,7,4,3,0,7,0,1,1,0,0,0,0,0,6.57804E+20,5.36917E+21,1.11344E+16,4.84558E+16
134907,134908,9,5,77,173,2016,4,12,2,3,0,3,0,0,1,1,0,0,0,0,6.39734E+20,5.42472E+21,1.09089E+16,4.89596E+16
134908,134909,9,2,73,166,2016,4,13,3,3,0,7,0,0,0,0,0,0,1,0,7.13906E+20,5.42135E+21,1.19193E+16,4.89081E+16
134909,134910,9,7,78,203,2016,4,18,3,3,5,7,0,0,1,1,0,0,0,0,6.22251E+20,5.32473E+21,1.06409E+16,4.80641E+16
134910,134911,9,1,62,0,2016,4,18,5,3,5,3,0,1,1,1,0,0,0,0,6.99523E+20,5.33272E+21,1.16809E+16,4.81165E+16
134911,134912,9,1,86,143,2016,4,14,5,3,1,7,0,0,1,1,0,0,0,0,6.8494E+20,5.37786E+21,1.15049E+16,4.85266E+16
134912,134913,9,1,72,118,2016,4,8,3,3,0,1,0,0,0,0,0,1,0,0,7.97323E+20,5.30581E+21,1.29736E+16,4.78368E+16
134913,134914,9,7,63,0,2016,4,11,3,3,2,6,0,0,0,1,0,0,0,0,5.97423E+20,5.28569E+21,1.0299E+16,4.77173E+16
134914,134915,9,1,62,0,2016,4,22,5,3,5,3,2,1,0,1,0,0,0,0,6.93445E+20,5.33207E+21,1.1599E+16,4.81125E+16
134915,134916,9,1,62,0,2016,4,8,2,3,6,7,0,0,0,1,1,0,0,0,6.97354E+20,5.32996E+21,1.16505E+16,4.80923E+16
134916,134917,9,7,63,0,2016,4,8,3,2,5,3,0,0,0,1,0,1,0,0,5.99301E+20,5.28719E+21,1.03243E+16,4.77305E+16
134917,134918,9,1,72,128,2016,4,8,4,2,5,3,0,1,1,1,0,0,0,0,7.92624E+20,5.2969E+21,1.29049E+16,4.7759E+16
134918,134919,9,5,71,193,2016,4,7,2,3,6,7,0,0,0,0,1,0,0,1,5.85579E+20,5.47016E+21,1.0179E+16,4.93781E+16
134919,134920,9,1,79,119,2016,4,15,5,3,5,3,0,0,1,0,0,0,0,0,6.6913E+20,5.33856E+21,1.12752E+16,4.81777E+16
134920,134921,9,1,63,0,2016,4,13,3,3,0,7,0,0,0,1,1,0,0,0,7.32806E+20,5.30364E+21,1.21117E+16,4.78439E+16
134921,134922,9,7,77,151,2016,4,14,3,3,0,1,0,0,1,0,0,0,0,0,6.18879E+20,5.28942E+21,1.05859E+16,4.77472E+16
134922,134923,9,1,62,0,2016,4,17,5,3,6,4,0,1,1,0,1,0,0,0,6.88701E+20,5.3324E+21,1.15355E+16,4.81169E+16
134923,134924,9,1,62,0,2016,4,17,2,2,0,1,0,0,0,0,0,1,0,0,6.97862E+20,5.33407E+21,1.16592E+16,4.81291E+16
134924,134925,9,6,63,0,2016,4,15,4,3,6,4,0,0,0,0,1,0,1,0,5.66643E+20,5.51673E+21,9.92606E+15,4.97993E+16
134925,134926,9,5,75,153,2016,4,13,2,3,1,6,0,0,0,1,0,0,0,0,6.18094E+20,5.49289E+21,1.06336E+16,4.9577E+16
134926,134927,9,1,71,125,2016,4,16,4,3,0,1,0,0,1,1,0,0,0,0,7.7395E+20,5.34971E+21,1.269E+16,4.82414E+16
134927,134928,9,1,75,132,2016,4,12,5,3,3,6,0,0,0,1,0,0,0,0,7.06733E+20,5.33085E+21,1.17767E+16,4.80973E+16
134928,134929,9,1,62,0,2016,4,12,2,3,5,3,0,0,1,1,0,0,0,0,6.9013E+20,5.33525E+21,1.15559E+16,4.81421E+16
134929,134930,9,6,62,0,2016,4,14,4,3,5,3,0,0,0,1,0,0,0,0,5.88726E+20,5.54299E+21,1.02389E+16,5.00326E+16
134930,134931,9,1,78,142,2016,4,6,5,2,0,7,1,1,0,1,0,0,0,1,7.15318E+20,5.37922E+21,1.19166E+16,4.85291E+16
134931,134932,9,6,78,193,2016,4,16,4,3,4,2,0,0,0,1,0,0,0,0,5.78266E+20,5.53714E+21,1.00917E+16,4.99814E+16
134932,134933,9,1,62,0,2016,4,8,5,3,1,6,0,1,0,1,0,0,0,0,6.89091E+20,5.3306E+21,1.15399E+16,4.81006E+16
134933,134934,9,5,75,133,2016,4,10,2,2,5,2,0,0,0,1,0,1,0,0,6.0242E+20,5.47962E+21,1.04134E+16,4.94606E+16
134934,134935,9,1,87,122,2016,4,17,3,3,0,1,0,0,1,0,0,0,0,0,7.19429E+20,5.30672E+21,1.19347E+16,4.78763E+16
134935,134936,9,7,77,152,2016,4,14,3,3,5,3,0,0,0,1,0,1,0,0,6.24034E+20,5.30697E+21,1.06597E+16,4.7904E+16
134936,134937,9,7,75,152,2016,4,20,2,3,6,6,2,0,1,0,1,0,0,0,5.79346E+20,5.35197E+21,1.00702E+16,4.83159E+16
134937,134938,9,1,71,125,2016,4,16,4,3,0,1,0,0,1,0,0,0,0,0,7.73808E+20,5.34921E+21,1.26878E+16,4.82369E+16
134938,134939,9,6,62,0,2016,4,11,5,3,5,3,0,0,0,1,0,1,0,0,5.85518E+20,5.5455E+21,1.01947E+16,5.00556E+16
134939,134940,9,6,71,111,2016,4,16,4,3,5,3,0,0,1,1,0,0,0,0,5.02265E+20,5.54815E+21,9.03167E+15,5.00856E+16
134940,134941,9,5,61,0,2016,4,17,2,3,3,6,0,0,1,1,0,0,0,0,6.15927E+20,5.46155E+21,1.05944E+16,4.92957E+16
134941,134942,9,1,77,117,2016,4,13,5,2,4,2,0,0,0,1,0,0,0,0,7.14728E+20,5.35529E+21,1.18964E+16,4.83144E+16
134942,134943,9,1,61,0,2016,4,13,3,3,0,7,0,0,1,0,0,0,0,0,6.78537E+20,5.39899E+21,1.14274E+16,4.87184E+16
134943,134944,9,1,79,126,2016,4,13,3,3,0,7,0,0,1,0,0,0,0,0,6.76555E+20,5.34024E+21,1.13757E+16,4.81909E+16
134944,134945,9,1,79,142,2016,4,15,3,3,3,2,0,0,0,0,0,1,0,1,6.73671E+20,5.3426E+21,1.13379E+16,4.82128E+16
134945,134946,9,1,62,0,2016,4,6,5,3,5,2,1,0,1,1,0,0,0,0,6.92333E+20,5.33425E+21,1.15851E+16,4.81324E+16
134946,134947,9,4,79,152,2016,4,15,2,3,8,1,0,0,0,1,0,0,0,0,7.22881E+20,5.56379E+21,1.21222E+16,5.01843E+16
134947,134948,9,1,81,131,2016,4,19,3,2,5,2,0,0,1,1,0,0,0,0,6.34272E+20,5.33353E+21,1.08049E+16,4.81409E+16
134948,134949,9,7,77,169,2016,4,15,3,3,0,7,0,0,1,0,1,0,0,0,6.31744E+20,5.27273E+21,1.07525E+16,4.75946E+16
134949,134950,9,7,61,0,2016,4,8,2,3,5,3,0,0,0,1,0,0,0,0,6.38554E+20,5.35859E+21,1.08707E+16,4.83653E+16
134950,134951,9,1,87,176,2016,4,19,4,3,0,1,1,0,0,0,0,1,0,0,7.38764E+20,5.33301E+21,1.22075E+16,4.81055E+16
134951,134952,9,5,76,151,2016,4,19,5,2,0,7,0,0,1,0,1,0,0,0,6.55507E+20,5.46887E+21,1.11413E+16,4.93527E+16
134952,134953,9,5,62,0,2016,4,17,4,3,4,6,0,0,1,1,0,0,0,0,6.46723E+20,5.48977E+21,1.10282E+16,4.95428E+16
134953,134954,9,4,77,139,2016,4,11,2,2,7,1,0,0,0,0,0,0,0,1,6.89914E+20,5.55275E+21,1.16554E+16,5.00966E+16
134954,134955,9,1,77,115,2016,4,17,3,3,9,6,0,0,0,1,0,0,1,0,7.3253E+20,5.35166E+21,1.21341E+16,4.82754E+16
134955,134956,9,3,76,168,2016,4,13,2,3,0,3,0,0,1,1,0,0,0,0,7.31364E+20,5.46234E+21,1.21807E+16,4.927E+16
134956,134957,9,7,61,0,2016,4,21,1,3,5,2,2,0,0,1,0,0,0,0,6.41132E+20,5.35185E+21,1.09032E+16,4.83041E+16
134957,134958,9,1,62,0,2016,4,18,2,3,1,2,0,0,0,1,0,0,0,1,6.83985E+20,5.3335E+21,1.14726E+16,4.81281E+16
134958,134959,9,1,87,163,2016,4,17,4,3,5,3,0,1,0,1,0,0,1,0,7.40222E+20,5.30844E+21,1.22133E+16,4.78843E+16
134959,134960,9,5,71,193,2016,4,16,3,3,5,3,0,0,1,1,0,0,0,0,5.85784E+20,5.47083E+21,1.0182E+16,4.93842E+16
134960,134961,9,1,62,0,2016,4,13,3,3,5,2,0,0,0,1,0,0,0,1,6.93461E+20,5.34131E+21,1.16034E+16,4.81956E+16
134961,134962,9,6,63,0,2016,4,21,7,3,2,6,2,0,0,1,0,1,0,0,5.67346E+20,5.51626E+21,9.93574E+15,4.9795E+16
134962,134963,9,3,76,161,2016,4,13,2,3,5,3,0,0,0,1,0,0,1,0,7.25052E+20,5.46714E+21,1.20967E+16,4.93155E+16
134963,134964,9,7,61,0,2016,4,18,1,3,0,1,0,0,1,0,0,0,0,0,6.40577E+20,5.35911E+21,1.08982E+16,4.83695E+16
134964,134965,9,1,62,0,2016,4,10,2,3,6,6,0,0,1,0,1,0,0,0,7.00134E+20,5.33493E+21,1.16901E+16,4.81361E+16
134965,134966,9,1,62,0,2016,4,8,3,3,5,3,0,1,0,0,0,1,0,1,6.87045E+20,5.3363E+21,1.1515E+16,4.81524E+16
134966,134967,9,5,61,0,2016,4,16,3,3,4,2,0,0,0,1,0,1,0,0,6.14053E+20,5.46209E+21,1.05688E+16,4.93009E+16
134967,134968,9,7,80,139,2016,4,13,6,3,6,4,0,0,0,1,1,0,0,0,5.9638E+20,5.26303E+21,1.02801E+16,4.75135E+16
134968,134969,9,7,61,0,2016,4,8,6,3,0,7,0,0,1,0,0,0,0,0,6.434E+20,5.35877E+21,1.09361E+16,4.83658E+16
134969,134970,9,1,62,0,2016,4,19,3,3,5,3,0,0,1,1,0,0,0,0,6.88332E+20,5.34084E+21,1.15343E+16,4.81928E+16
134970,134971,9,6,63,0,2016,4,14,7,3,1,1,0,0,0,1,0,1,0,0,5.67932E+20,5.51627E+21,9.94388E+15,4.9795E+16
134971,134972,9,7,61,0,2016,4,15,6,3,3,2,0,0,1,1,0,0,0,0,6.41901E+20,5.35759E+21,1.09155E+16,4.83555E+16
134972,134973,9,1,62,0,2016,4,21,3,3,0,7,2,0,1,0,0,0,0,0,6.87421E+20,5.33536E+21,1.15196E+16,4.81439E+16
134973,134974,9,6,62,0,2016,4,18,7,3,5,3,0,0,1,1,0,0,0,0,5.87715E+20,5.54367E+21,1.02249E+16,5.00389E+16
134974,134975,9,2,76,126,2016,4,14,2,2,5,3,0,0,0,1,0,1,0,0,8.05339E+20,5.42441E+21,1.31665E+16,4.88973E+16
134975,134976,9,6,63,0,2016,4,17,1,3,5,3,0,0,0,1,0,0,0,0,5.68299E+20,5.51515E+21,9.94878E+15,4.97849E+16
134976,134977,9,4,64,0,2016,4,15,3,3,5,3,0,0,0,1,0,0,0,0,7.06477E+20,5.57797E+21,1.19004E+16,5.03176E+16
134977,134978,9,1,62,0,2016,4,15,2,2,0,1,0,0,0,0,0,1,0,0,6.95895E+20,5.33462E+21,1.16331E+16,4.81347E+16
134978,134979,9,1,84,118,2016,4,7,3,3,5,2,0,1,1,1,0,0,0,0,7.03341E+20,5.33646E+21,1.17339E+16,4.81489E+16
134979,134980,9,7,76,116,2016,4,18,6,3,8,7,0,0,0,1,0,0,0,0,5.54154E+20,5.26718E+21,9.71982E+15,4.75557E+16
134980,134981,9,7,61,0,2016,4,14,6,3,1,5,0,0,1,1,0,0,0,0,6.41268E+20,5.35958E+21,1.09076E+16,4.83736E+16
134981,134982,9,6,62,0,2016,4,13,7,2,0,7,0,0,1,0,0,0,0,0,5.88194E+20,5.54413E+21,1.02317E+16,5.0043E+16
134982,134983,9,2,71,135,2016,4,16,2,3,0,7,0,0,1,0,0,0,0,0,7.91127E+20,5.40731E+21,1.29609E+16,4.87506E+16
134983,134984,9,6,74,163,2016,4,13,1,2,0,1,0,0,1,0,0,0,0,0,6.10927E+20,5.53893E+21,1.05476E+16,4.99924E+16
134984,134985,9,1,62,0,2016,4,15,2,3,5,3,0,0,1,0,0,0,0,0,6.88538E+20,5.33454E+21,1.15342E+16,4.81362E+16
134985,134986,9,1,79,134,2016,4,15,4,3,6,7,0,0,1,0,1,0,0,0,6.70715E+20,5.34285E+21,1.12982E+16,4.82159E+16
134986,134987,9,4,74,154,2016,4,8,3,3,4,6,0,0,0,1,0,1,0,0,6.53945E+20,5.49778E+21,1.11311E+16,4.9613E+16
134987,134988,9,6,61,0,2016,4,17,1,2,5,3,0,0,1,1,0,0,0,0,5.08499E+20,5.53395E+21,9.11848E+15,4.99578E+16
134988,134989,9,1,62,0,2016,4,17,2,3,6,2,0,0,0,0,1,0,0,1,6.92309E+20,5.33813E+21,1.15865E+16,4.81673E+16
134989,134990,9,4,61,0,2016,4,14,3,3,1,7,0,0,1,1,0,0,0,0,6.36909E+20,5.5299E+21,1.09067E+16,4.99058E+16
134990,134991,9,7,61,0,2016,4,16,6,3,5,3,1,0,1,1,0,0,0,0,6.39285E+20,5.3595E+21,1.08808E+16,4.83733E+16
134991,134992,9,7,78,171,2016,4,17,2,3,0,7,0,0,1,0,0,0,0,0,5.90471E+20,5.3153E+21,1.02125E+16,4.79846E+16
134992,134993,9,1,62,0,2016,4,19,3,3,5,3,0,0,1,1,0,0,0,0,6.99823E+20,5.3323E+21,1.16847E+16,4.81126E+16
134993,134994,9,6,79,205,2016,4,17,6,3,0,7,0,0,0,0,0,1,0,0,5.60619E+20,5.51536E+21,9.84214E+15,4.97876E+16
134994,134995,9,6,76,126,2016,4,10,7,3,5,3,0,0,1,0,0,0,0,1,5.11246E+20,5.52587E+21,9.15655E+15,4.98851E+16
134995,134996,9,2,71,132,2016,4,9,2,3,0,1,0,0,0,0,0,1,0,0,7.87064E+20,5.41908E+21,1.2914E+16,4.88582E+16
134996,134997,9,5,62,0,2016,4,19,1,3,8,1,0,0,0,1,0,0,0,0,6.44587E+20,5.49538E+21,1.10007E+16,4.95937E+16
134997,134998,9,7,75,152,2016,4,9,2,3,4,7,0,0,1,0,0,0,0,1,5.7733E+20,5.35334E+21,1.00433E+16,4.83285E+16
134998,134999,9,1,79,142,2016,4,16,4,3,5,3,0,1,0,1,0,0,0,0,6.76519E+20,5.34512E+21,1.13772E+16,4.82347E+16
134999,135000,9,4,61,0,2016,4,14,3,3,1,7,0,0,1,0,0,0,0,1,6.37574E+20,5.52814E+21,1.09153E+16,4.98898E+16
135000,135001,9,6,63,0,2016,4,23,6,3,0,1,2,1,0,0,0,1,0,0,5.67711E+20,5.51653E+21,9.94087E+15,4.97974E+16
135001,135002,9,1,62,0,2016,4,8,3,3,4,2,0,1,1,1,0,0,0,0,6.9215E+20,5.33523E+21,1.15831E+16,4.81413E+16
135002,135003,9,6,71,111,2016,4,11,7,3,0,7,0,0,0,1,1,0,0,0,5.05226E+20,5.54675E+21,9.07303E+15,5.0073E+16
135003,135004,9,6,63,0,2016,4,18,6,3,1,3,0,0,0,1,0,0,0,0,5.68377E+20,5.51526E+21,9.94989E+15,4.97859E+16
135004,135005,9,1,62,0,2016,4,16,3,3,6,4,0,0,0,1,1,0,0,0,6.88505E+20,5.33194E+21,1.15326E+16,4.81128E+16
135005,135006,9,5,76,143,2016,4,19,7,3,8,1,0,0,0,0,0,1,0,0,6.57249E+20,5.4555E+21,1.116E+16,4.92321E+16
135006,135007,9,5,64,0,2016,4,15,1,3,2,6,0,0,0,1,0,0,0,0,6.50927E+20,5.4806E+21,1.10827E+16,4.94593E+16
135007,135008,9,5,63,0,2016,4,18,7,3,2,6,0,0,0,1,0,0,0,0,6.45129E+20,5.48571E+21,1.10047E+16,4.95067E+16
135008,135009,9,2,75,124,2016,4,13,2,3,6,4,0,0,0,1,1,0,0,0,8.10492E+20,5.37525E+21,1.31997E+16,4.84537E+16
135009,135010,9,3,72,126,2016,4,17,1,3,3,6,0,0,0,1,0,0,0,0,7.79686E+20,5.46848E+21,1.28478E+16,4.93049E+16
135010,135011,9,7,75,135,2016,4,9,2,3,0,5,0,0,1,1,0,0,0,0,5.74002E+20,5.3604E+21,9.99965E+15,4.83924E+16
135011,135012,9,1,74,115,2016,4,10,4,3,2,6,0,0,0,1,0,0,1,0,6.81055E+20,5.34722E+21,1.14392E+16,4.82523E+16
135012,135013,9,3,63,0,2016,4,5,3,3,5,3,0,0,0,1,0,1,0,0,7.26886E+20,5.50908E+21,1.2146E+16,4.96915E+16
135013,135014,9,6,75,141,2016,4,17,6,3,6,4,0,0,0,1,1,0,0,0,5.83715E+20,5.51006E+21,1.01618E+16,4.97372E+16
135014,135015,9,5,64,0,2016,4,15,7,3,5,3,0,0,0,1,0,0,0,0,6.49992E+20,5.47964E+21,1.10695E+16,4.94509E+16
135015,135016,9,1,73,131,2016,4,15,2,2,8,1,0,0,0,0,0,1,0,0,6.77582E+20,5.26837E+21,1.136E+16,4.75444E+16
135016,135017,9,3,75,117,2016,4,19,1,3,0,1,0,0,0,0,0,1,0,0,7.33836E+20,5.43248E+21,1.21973E+16,4.90009E+16
135017,135018,9,3,62,0,2016,4,17,3,3,1,6,0,0,0,1,0,0,0,0,7.27658E+20,5.43312E+21,1.21133E+16,4.90089E+16
135018,135019,9,1,83,148,2016,4,16,2,3,5,7,0,0,0,1,0,1,0,0,7.52318E+20,5.34609E+21,1.2397E+16,4.82178E+16
135019,135020,9,3,62,0,2016,4,16,1,3,2,6,0,0,0,1,0,0,0,0,7.2977E+20,5.43668E+21,1.21441E+16,4.90401E+16
135020,135021,9,1,72,132,2016,4,12,2,3,8,1,0,0,1,0,0,0,0,0,7.99891E+20,5.28069E+21,1.29905E+16,4.76101E+16
135021,135022,9,7,77,151,2016,4,14,2,2,0,1,0,0,0,0,0,1,0,0,6.21323E+20,5.29461E+21,1.062E+16,4.77934E+16
135022,135023,9,6,62,0,2016,4,11,6,3,5,3,0,0,0,1,0,0,0,0,5.88586E+20,5.54268E+21,1.02369E+16,5.00299E+16
135023,135024,9,1,62,0,2016,4,8,3,3,0,7,0,1,0,1,0,0,0,1,6.88757E+20,5.33241E+21,1.15362E+16,4.81169E+16
135024,135025,9,5,64,0,2016,4,16,7,3,5,3,0,0,1,1,0,0,0,0,6.54636E+20,5.4746E+21,1.11316E+16,4.94044E+16
135025,135026,9,1,63,0,2016,4,16,2,3,5,3,0,0,0,1,0,1,0,0,7.32765E+20,5.30472E+21,1.21117E+16,4.78536E+16
135026,135027,9,3,62,0,2016,4,15,1,3,0,1,0,0,1,0,0,0,0,0,7.26795E+20,5.43731E+21,1.21039E+16,4.90469E+16
135027,135028,9,3,62,0,2016,4,14,3,3,0,2,0,0,0,1,1,0,0,0,7.26327E+20,5.43347E+21,1.20953E+16,4.90126E+16
135028,135029,9,6,62,0,2016,4,14,6,3,1,6,0,0,0,1,0,0,0,0,5.87035E+20,5.54438E+21,1.02156E+16,5.00453E+16
135029,135030,9,7,63,0,2016,4,7,2,3,5,3,0,0,0,1,0,0,0,0,5.97886E+20,5.28618E+21,1.03052E+16,4.77216E+16
135030,135031,9,7,75,152,2016,4,16,3,3,0,1,0,0,1,0,0,0,0,0,5.76187E+20,5.35346E+21,1.00279E+16,4.83297E+16
135031,135032,9,7,62,0,2016,4,20,6,3,1,6,2,1,0,1,0,0,0,0,6.21743E+20,5.30515E+21,1.06285E+16,4.78881E+16
135032,135033,9,6,61,0,2016,4,10,6,3,5,3,0,0,0,1,0,0,0,0,5.11618E+20,5.53704E+21,9.16207E+15,4.99856E+16
135033,135034,9,7,78,186,2016,4,19,3,3,0,7,0,0,1,0,0,0,0,0,5.96667E+20,5.30975E+21,1.02942E+16,4.79338E+16
135034,135035,9,3,62,0,2016,4,18,3,3,5,3,0,0,0,1,0,0,0,0,7.25276E+20,5.43386E+21,1.20812E+16,4.90165E+16
135035,135036,9,7,62,0,2016,4,12,6,3,5,3,0,0,0,1,0,1,0,0,6.21133E+20,5.30464E+21,1.06202E+16,4.78836E+16
135036,135037,9,5,62,0,2016,4,14,6,3,5,3,0,0,0,1,0,0,0,0,6.42144E+20,5.49411E+21,1.09665E+16,4.95828E+16
135037,135038,9,7,74,150,2016,4,16,3,3,6,4,0,0,0,1,1,0,0,0,6.01012E+20,5.34429E+21,1.03606E+16,4.82438E+16
135038,135039,9,4,62,0,2016,4,19,7,3,2,6,0,0,0,1,0,0,0,0,6.86829E+20,5.53691E+21,1.16046E+16,4.99553E+16
135039,135040,9,1,63,0,2016,4,10,2,3,6,4,0,0,0,0,1,0,0,1,7.3373E+20,5.30512E+21,1.21248E+16,4.78569E+16
135040,135041,9,3,72,116,2016,4,4,1,3,5,3,2,0,0,1,0,0,0,0,7.67082E+20,5.45836E+21,1.26681E+16,4.92197E+16