FID,OBJECTID,ULAND,UREGBEZ,UKREIS,UGEMEINDE,UJAHR,UMONAT,USTUNDE,UWOCHENTAG,UKATEGORIE,UART,UTYP1,ULICHTVERH,IstStrasse,IstRad,IstPKW,IstFuss,IstKrad,IstGkfz,IstSonstig,LINREFX,LINREFY,XGCSWGS84,YGCSWGS84
135041,135042,9,7,79,131,2016,4,15,2,3,1,6,0,0,0,1,0,1,0,0,6.29236E+20,5.39764E+21,1.07571E+16,4.87184E+16
135042,135043,9,1,78,120,2016,4,17,4,3,5,2,1,1,1,1,0,0,0,0,6.95196E+20,5.35351E+21,1.16324E+16,4.83046E+16
135043,135044,9,3,62,0,2016,4,8,3,3,6,7,0,0,0,1,1,0,0,0,7.28296E+20,5.43576E+21,1.21235E+16,4.90324E+16
135044,135045,9,5,64,0,2016,4,16,6,3,6,4,0,0,0,1,1,0,0,0,6.51811E+20,5.4789E+21,1.10943E+16,4.94438E+16
135045,135046,9,7,72,200,2016,4,15,2,3,1,6,0,0,0,1,0,0,0,1,6.30629E+20,5.33824E+21,1.07575E+16,4.8184E+16
135046,135047,9,7,63,0,2016,4,17,3,3,6,7,0,0,0,1,1,0,0,0,5.99244E+20,5.28636E+21,1.03234E+16,4.7723E+16
135047,135048,9,3,62,0,2016,4,16,7,3,1,1,0,0,0,1,0,1,0,0,7.26827E+20,5.4335E+21,1.21022E+16,4.90126E+16
135048,135049,9,3,62,0,2016,4,23,7,2,6,2,2,0,0,1,1,0,0,0,7.23995E+20,5.43288E+21,1.20631E+16,4.90081E+16
135049,135050,9,1,63,0,2016,4,15,2,3,4,2,0,0,1,1,0,0,0,0,7.34693E+20,5.30489E+21,1.21376E+16,4.78544E+16
135050,135051,9,2,74,113,2016,4,22,1,3,1,7,2,0,0,1,0,0,0,0,7.26685E+20,5.38428E+21,1.20731E+16,4.85706E+16
135051,135052,9,7,61,0,2016,4,16,2,3,0,1,0,0,1,0,0,0,0,0,6.40829E+20,5.35651E+21,1.09007E+16,4.83461E+16
135052,135053,9,1,78,124,2016,4,17,4,3,5,3,0,1,1,0,0,0,0,0,7.02695E+20,5.36413E+21,1.17385E+16,4.83977E+16
135053,135054,9,3,71,151,2016,4,12,7,3,0,7,0,0,1,0,0,0,0,0,6.98191E+20,5.4872E+21,1.17376E+16,4.9505E+16
135054,135055,9,1,61,0,2016,4,14,2,3,8,1,0,0,0,0,0,1,0,0,6.77868E+20,5.40445E+21,1.14206E+16,4.87676E+16
135055,135056,9,1,85,149,2016,4,14,1,3,5,3,0,0,1,1,0,0,0,0,6.62632E+20,5.40063E+21,1.1212E+16,4.87374E+16
135056,135057,9,7,71,113,2016,4,10,2,3,4,6,0,0,1,0,0,0,0,0,6.57483E+20,5.3682E+21,1.11297E+16,4.84472E+16
135057,135058,9,1,77,117,2016,4,16,4,2,5,1,0,1,1,1,0,0,0,0,7.15495E+20,5.35294E+21,1.19055E+16,4.8293E+16
135058,135059,9,3,73,147,2016,4,19,3,3,0,1,1,0,1,0,0,0,0,0,6.78454E+20,5.46149E+21,1.14537E+16,4.92801E+16
135059,135060,9,5,64,0,2016,4,10,6,2,5,3,0,0,1,1,0,0,0,0,6.49296E+20,5.47945E+21,1.10598E+16,4.94494E+16
135060,135061,9,7,80,119,2016,4,16,3,2,0,7,0,0,1,0,0,0,0,0,5.99085E+20,5.29771E+21,1.03238E+16,4.78251E+16
135061,135062,9,2,71,146,2016,4,18,7,3,3,6,0,0,0,1,0,1,0,0,7.84843E+20,5.40934E+21,1.28771E+16,4.87718E+16
135062,135063,9,3,62,0,2016,4,10,4,3,5,3,0,0,1,1,0,0,0,0,7.22742E+20,5.43336E+21,1.20463E+16,4.90129E+16
135063,135064,9,1,79,142,2016,4,13,1,2,5,6,0,0,0,1,0,1,0,0,6.73406E+20,5.3424E+21,1.13342E+16,4.82111E+16
135064,135065,9,1,85,153,2016,4,15,2,3,4,7,0,0,1,0,0,0,0,0,6.52425E+20,5.40153E+21,1.10736E+16,4.87481E+16
135065,135066,9,6,63,0,2016,4,14,2,3,0,1,0,0,0,0,0,1,0,0,5.69068E+20,5.51796E+21,9.95997E+15,4.98101E+16
135066,135067,9,1,75,115,2016,4,17,4,3,3,6,0,1,0,1,1,0,0,0,7.20998E+20,5.32878E+21,1.1967E+16,4.8074E+16
135067,135068,9,3,73,147,2016,4,13,3,3,5,3,0,0,0,1,0,0,0,0,6.78562E+20,5.459E+21,1.14541E+16,4.92576E+16
135068,135069,9,5,71,115,2016,4,18,6,3,9,1,0,0,1,1,0,0,0,0,6.13161E+20,5.44713E+21,1.05523E+16,4.91665E+16
135069,135070,9,2,63,0,2016,4,7,3,3,5,3,0,0,0,1,0,1,0,0,7.6201E+20,5.42011E+21,1.25738E+16,4.88785E+16
135070,135071,9,7,73,111,2016,4,6,3,2,8,1,2,0,0,1,0,0,0,0,6.06827E+20,5.37279E+21,1.04461E+16,4.84991E+16
135071,135072,9,2,61,0,2016,4,0,7,3,2,6,2,0,1,1,0,0,0,0,7.31817E+20,5.37995E+21,1.21401E+16,4.85298E+16
135072,135073,9,1,61,0,2016,4,17,2,3,5,7,0,0,1,1,0,0,0,0,6.78912E+20,5.40511E+21,1.14351E+16,4.87733E+16
135073,135074,9,3,72,116,2016,4,16,4,3,8,7,0,0,0,1,0,0,0,0,7.67437E+20,5.45469E+21,1.26705E+16,4.91867E+16
135074,135075,9,1,88,126,2016,4,21,1,3,0,7,2,0,1,0,0,0,0,0,6.59299E+20,5.32701E+21,1.11387E+16,4.80765E+16
135075,135076,9,1,86,158,2016,4,12,2,3,3,6,0,0,1,1,0,0,0,0,6.91148E+20,5.4016E+21,1.15999E+16,4.8738E+16
135076,135077,9,6,63,0,2016,4,15,2,3,5,3,0,0,0,1,0,1,0,0,5.67817E+20,5.51605E+21,9.94225E+15,4.97931E+16
135077,135078,9,7,73,125,2016,4,12,3,3,5,3,0,0,0,1,0,1,0,0,6.13693E+20,5.38348E+21,1.05419E+16,4.85941E+16
135078,135079,9,2,63,0,2016,4,15,3,3,0,1,0,0,1,0,0,0,0,0,7.6207E+20,5.42087E+21,1.25751E+16,4.88853E+16
135079,135080,9,4,79,112,2016,4,12,6,3,5,3,0,0,0,1,0,0,0,0,7.28224E+20,5.54994E+21,1.21886E+16,5.00579E+16
135080,135081,9,7,61,0,2016,4,17,3,3,2,6,0,0,0,1,0,0,0,0,6.39243E+20,5.36045E+21,1.08806E+16,4.83818E+16
135081,135082,9,2,61,0,2016,4,21,7,2,0,1,2,0,1,0,0,0,0,0,7.34119E+20,5.38111E+21,1.21719E+16,4.85393E+16
135082,135083,9,1,76,124,2016,4,20,2,3,8,2,1,0,0,1,0,1,0,0,6.70208E+20,5.4103E+21,1.13189E+16,4.88224E+16
135083,135084,9,1,81,123,2016,4,18,1,2,0,4,0,0,1,0,1,0,0,0,6.53763E+20,5.32582E+21,1.1064E+16,4.80671E+16
135084,135085,9,6,74,210,2016,4,21,2,3,7,7,2,0,0,0,0,1,0,0,6.29494E+20,5.5539E+21,1.08116E+16,5.01232E+16
135085,135086,9,2,62,0,2016,4,15,3,3,5,3,0,0,0,1,0,0,0,0,8.27222E+20,5.38869E+21,1.34359E+16,4.85657E+16
135086,135087,9,2,74,113,2016,4,3,7,3,6,4,2,0,1,0,1,0,0,0,7.29258E+20,5.38243E+21,1.21069E+16,4.8553E+16
135087,135088,9,1,79,118,2016,4,11,2,3,5,3,0,0,0,1,0,0,0,0,6.72441E+20,5.33779E+21,1.13194E+16,4.81699E+16
135088,135089,9,2,62,0,2016,4,12,4,3,4,2,0,0,0,1,0,0,0,0,8.26484E+20,5.38931E+21,1.34264E+16,4.85717E+16
135089,135090,9,1,74,115,2016,4,14,1,3,0,1,0,0,1,0,0,0,0,0,6.81608E+20,5.34625E+21,1.14462E+16,4.82434E+16
135090,135091,9,2,77,116,2016,4,8,3,3,1,5,0,1,1,1,0,0,0,0,7.78374E+20,5.36792E+21,1.27615E+16,4.84029E+16
135091,135092,9,6,62,0,2016,4,8,2,3,5,7,0,0,0,1,0,0,0,1,5.89171E+20,5.54591E+21,1.02458E+16,5.00588E+16
135092,135093,9,7,61,0,2016,4,15,3,3,0,6,0,0,1,1,0,0,0,0,6.44665E+20,5.35714E+21,1.09527E+16,4.83509E+16
135093,135094,9,2,61,0,2016,4,18,3,2,0,1,0,0,1,0,0,0,0,0,7.3167E+20,5.38212E+21,1.21394E+16,4.85494E+16
135094,135095,9,4,61,0,2016,4,5,6,3,0,7,0,0,0,0,0,1,0,0,6.35691E+20,5.52635E+21,1.08885E+16,4.98741E+16
135095,135096,9,2,79,134,2016,4,12,7,3,0,7,0,0,0,0,0,1,0,0,7.66269E+20,5.38112E+21,1.26067E+16,4.85267E+16
135096,135097,9,1,79,134,2016,4,15,2,3,9,1,0,0,0,1,0,0,0,0,6.70539E+20,5.34669E+21,1.12974E+16,4.82505E+16
135097,135098,9,1,74,126,2016,4,16,1,3,5,5,0,0,0,1,0,1,0,0,6.82384E+20,5.34546E+21,1.14563E+16,4.82361E+16
135098,135099,9,6,76,121,2016,4,7,2,3,5,3,0,0,0,1,0,0,0,0,5.11725E+20,5.52211E+21,9.1631E+15,4.98513E+16
135099,135100,9,1,62,0,2016,4,10,3,3,1,3,0,1,1,1,0,0,0,0,6.90652E+20,5.3351E+21,1.15629E+16,4.81405E+16
135100,135101,9,1,90,139,2016,4,18,3,3,6,3,0,0,0,1,1,0,0,0,6.54137E+20,5.2946E+21,1.10579E+16,4.77863E+16
135101,135102,9,3,63,0,2016,4,13,6,3,1,3,0,0,1,1,0,0,0,0,7.27493E+20,5.50752E+21,1.21535E+16,4.96772E+16
135102,135103,9,7,61,0,2016,4,14,3,2,5,3,0,0,1,0,0,0,0,0,6.41026E+20,5.35143E+21,1.09016E+16,4.83003E+16
135103,135104,9,1,89,150,2016,4,12,7,2,4,6,0,0,0,1,0,0,0,1,7.77753E+20,5.31876E+21,1.2721E+16,4.79618E+16
135104,135105,9,3,74,166,2016,4,14,6,3,5,3,0,0,0,1,0,0,0,0,7.21801E+20,5.50174E+21,1.20714E+16,4.96275E+16
135105,135106,9,6,71,130,2016,4,13,2,3,6,7,0,0,0,1,1,0,0,0,5.14505E+20,5.53959E+21,9.20243E+15,5.00084E+16
135106,135107,9,6,63,0,2016,4,7,3,3,6,7,0,0,1,0,1,0,0,0,5.65951E+20,5.51652E+21,9.9164E+15,4.97975E+16
135107,135108,9,3,74,166,2016,4,7,6,3,5,3,0,0,0,1,0,0,0,0,7.12697E+20,5.50436E+21,1.1947E+16,4.96543E+16
135108,135109,9,1,63,0,2016,4,21,7,3,5,7,2,1,1,1,0,0,0,0,7.33891E+20,5.30312E+21,1.21259E+16,4.78388E+16
135109,135110,9,1,79,134,2016,4,7,2,3,4,2,0,0,0,1,0,1,0,0,6.65267E+20,5.34346E+21,1.12252E+16,4.82229E+16
135110,135111,9,1,62,0,2016,4,21,7,3,5,3,2,1,0,1,0,0,0,0,6.94369E+20,5.34172E+21,1.16158E+16,4.81989E+16
135111,135112,9,5,72,132,2016,4,8,2,3,5,3,0,0,1,1,0,0,0,0,6.36583E+20,5.49301E+21,1.08892E+16,4.95742E+16
135112,135113,9,1,62,0,2016,4,7,3,3,0,5,0,0,0,1,0,0,0,0,6.90586E+20,5.33552E+21,1.15622E+16,4.81443E+16
135113,135114,9,1,73,126,2016,4,12,3,2,5,3,0,0,1,0,0,0,0,1,6.86537E+20,5.30334E+21,1.14938E+16,4.78563E+16
135114,135115,9,3,62,0,2016,4,23,6,3,3,6,2,0,0,1,0,0,0,0,7.26645E+20,5.43349E+21,1.20997E+16,4.90126E+16
135115,135116,9,6,63,0,2016,4,22,3,2,0,3,2,1,0,1,0,0,0,1,5.66834E+20,5.5159E+21,9.92856E+15,4.97918E+16
135116,135117,9,1,87,128,2016,4,12,7,2,5,3,0,0,1,1,0,0,0,0,7.46664E+20,5.31133E+21,1.2301E+16,4.79078E+16
135117,135118,9,1,79,123,2016,4,15,2,3,0,7,0,0,1,0,0,0,0,0,6.76017E+20,5.33331E+21,1.13656E+16,4.81287E+16
135118,135119,9,2,77,116,2016,4,18,4,3,0,7,0,1,1,0,0,0,0,0,7.77712E+20,5.36792E+21,1.27526E+16,4.84032E+16
135119,135120,9,1,62,0,2016,4,15,7,3,5,5,0,0,0,1,0,0,0,0,6.95626E+20,5.33093E+21,1.16278E+16,4.81016E+16
135120,135121,9,1,62,0,2016,4,19,7,3,5,3,1,0,1,1,0,0,0,0,6.90667E+20,5.33844E+21,1.15646E+16,4.81705E+16
135121,135122,9,1,61,0,2016,4,18,7,3,4,6,0,0,0,1,0,0,0,0,6.75281E+20,5.39926E+21,1.13833E+16,4.87217E+16
135122,135123,9,1,74,115,2016,4,18,2,3,5,3,0,0,0,1,0,1,0,0,6.80163E+20,5.3468E+21,1.1427E+16,4.82488E+16
135123,135124,9,1,62,0,2016,4,17,7,2,2,6,0,0,0,1,0,1,0,0,6.93401E+20,5.33308E+21,1.15989E+16,4.81215E+16
135124,135125,9,5,62,0,2016,4,12,2,3,4,2,0,0,1,1,0,0,0,0,6.42357E+20,5.49519E+21,1.09698E+16,4.95925E+16
135125,135126,9,1,62,0,2016,4,18,3,3,4,2,0,0,0,1,0,0,0,0,6.96478E+20,5.33268E+21,1.164E+16,4.8117E+16
135126,135127,9,1,63,0,2016,4,18,3,3,5,3,0,0,0,1,0,1,0,0,7.32945E+20,5.30431E+21,1.21139E+16,4.78498E+16
135127,135128,9,3,72,163,2016,4,17,6,3,4,6,0,0,0,1,0,1,0,0,7.58397E+20,5.47955E+21,1.25627E+16,4.94137E+16
135128,135129,9,6,77,146,2016,4,10,3,3,5,3,0,1,0,1,0,1,0,0,5.46427E+20,5.52401E+21,9.64603E+15,4.98667E+16
135129,135130,9,1,61,0,2016,4,13,7,3,5,3,0,0,0,1,0,0,0,0,6.75404E+20,5.40528E+21,1.13875E+16,4.87758E+16
135130,135131,9,1,78,115,2016,4,7,2,3,2,6,0,0,0,1,0,0,0,0,7.03742E+20,5.37628E+21,1.17585E+16,4.85066E+16
135131,135132,9,2,74,113,2016,4,18,4,3,5,3,0,0,1,1,0,0,0,0,7.29369E+20,5.38307E+21,1.21087E+16,4.85587E+16
135132,135133,9,1,62,0,2016,4,6,7,2,5,3,0,1,0,1,0,0,0,1,6.90145E+20,5.33474E+21,1.15559E+16,4.81375E+16
135133,135134,9,1,61,0,2016,4,18,3,3,0,7,0,0,1,0,0,0,0,0,6.79729E+20,5.4049E+21,1.14461E+16,4.87711E+16
135134,135135,9,5,62,0,2016,4,8,2,2,0,3,0,0,1,0,0,0,0,0,6.46391E+20,5.49478E+21,1.10255E+16,4.95879E+16
135135,135136,9,6,62,0,2016,4,7,3,3,0,7,0,0,1,0,0,0,0,0,5.86146E+20,5.54545E+21,1.02034E+16,5.00551E+16
135136,135137,9,1,74,137,2016,4,18,3,3,0,1,0,0,0,0,0,1,0,0,6.60785E+20,5.35341E+21,1.11687E+16,4.83134E+16
135137,135138,9,7,72,200,2016,4,14,6,3,6,4,0,0,0,1,1,0,0,0,6.30679E+20,5.33773E+21,1.0758E+16,4.81793E+16
135138,135139,9,3,62,0,2016,4,1,6,3,5,3,2,0,0,1,0,0,0,0,7.26877E+20,5.43271E+21,1.21024E+16,4.90055E+16
135139,135140,9,1,75,115,2016,4,16,2,3,2,2,0,0,1,1,0,0,0,0,7.20902E+20,5.32899E+21,1.19658E+16,4.80758E+16
135140,135141,9,5,63,0,2016,4,17,2,3,5,3,0,0,1,1,0,0,0,0,6.4537E+20,5.48051E+21,1.10061E+16,4.94598E+16
135141,135142,9,1,62,0,2016,4,8,2,3,8,7,0,0,1,0,0,0,1,0,6.90605E+20,5.33737E+21,1.15633E+16,4.8161E+16
135142,135143,9,3,62,0,2016,4,11,6,3,5,3,0,0,1,1,0,0,0,0,7.25912E+20,5.43487E+21,1.20904E+16,4.90253E+16
135143,135144,9,6,71,122,2016,4,8,3,3,2,6,0,1,0,1,0,0,0,0,5.04404E+20,5.5292E+21,9.06135E+15,4.99151E+16
135144,135145,9,1,81,124,2016,4,11,7,3,0,7,0,1,0,1,1,0,0,0,6.47072E+20,5.32134E+21,1.09727E+16,4.80284E+16
135145,135146,9,1,62,0,2016,4,13,1,3,1,5,0,0,1,1,0,0,0,0,6.89556E+20,5.33503E+21,1.15481E+16,4.81402E+16
135146,135147,9,2,61,0,2016,4,17,4,3,4,2,0,1,1,1,0,0,0,0,7.31872E+20,5.38068E+21,1.21413E+16,4.85364E+16
135147,135148,9,1,62,0,2016,4,0,7,3,2,7,2,1,0,1,0,1,0,0,6.8824E+20,5.33683E+21,1.15313E+16,4.81568E+16
135148,135149,9,1,62,0,2016,4,16,2,3,3,6,0,0,0,1,0,1,0,0,6.89585E+20,5.33728E+21,1.15495E+16,4.81605E+16
135149,135150,9,5,64,0,2016,4,11,2,3,5,3,0,0,1,1,0,0,0,0,6.55619E+20,5.48114E+21,1.11477E+16,4.9463E+16
135150,135151,9,6,61,0,2016,4,8,3,3,5,3,0,1,1,1,0,0,0,0,5.10226E+20,5.53553E+21,9.14261E+15,4.9972E+16
135151,135152,9,7,72,200,2016,4,8,6,3,5,3,0,0,0,1,0,1,0,0,6.30662E+20,5.33761E+21,1.07577E+16,4.81783E+16
135152,135153,9,3,72,164,2016,4,8,6,3,5,3,0,0,0,1,0,0,0,0,7.63514E+20,5.44734E+21,1.26119E+16,4.91223E+16
135153,135154,9,1,62,0,2016,4,14,6,3,2,6,0,0,1,1,0,0,0,0,6.89332E+20,5.33597E+21,1.15455E+16,4.81488E+16
135154,135155,9,1,62,0,2016,4,14,1,3,5,3,0,0,0,1,0,0,0,0,6.86629E+20,5.3322E+21,1.15076E+16,4.81157E+16
135155,135156,9,5,72,135,2016,4,11,3,3,0,7,0,1,0,0,0,1,0,1,6.30475E+20,5.508E+21,1.08098E+16,4.97103E+16
135156,135157,9,1,62,0,2016,4,10,6,3,3,6,0,0,1,0,0,0,1,0,6.93116E+20,5.33328E+21,1.15951E+16,4.81235E+16
135157,135158,9,1,89,111,2016,4,9,4,3,0,7,0,0,1,0,0,0,0,0,7.63718E+20,5.32244E+21,1.25356E+16,4.80008E+16
135158,135159,9,1,84,148,2016,4,18,7,3,4,1,0,0,1,1,0,0,0,0,6.95373E+20,5.32619E+21,1.16222E+16,4.8059E+16
135159,135160,9,5,64,0,2016,4,16,2,3,2,6,0,0,0,1,0,0,0,0,6.48554E+20,5.47863E+21,1.10493E+16,4.94422E+16
135160,135161,9,1,62,0,2016,4,17,3,3,3,7,0,0,0,1,0,1,0,0,6.99487E+20,5.33501E+21,1.16815E+16,4.81371E+16
135161,135162,9,1,62,0,2016,4,18,2,3,3,6,0,0,1,1,0,0,0,0,6.91146E+20,5.33556E+21,1.15697E+16,4.81446E+16
135162,135163,9,3,61,0,2016,4,17,6,3,5,3,0,0,1,1,0,0,0,0,7.06499E+20,5.48205E+21,1.18495E+16,4.9456E+16
135163,135164,9,5,64,0,2016,4,8,2,3,2,6,0,0,0,1,0,0,0,0,6.49247E+20,5.47916E+21,1.1059E+16,4.94468E+16
135164,135165,9,5,62,0,2016,4,11,3,3,3,6,0,0,1,1,0,0,0,0,6.4565E+20,5.49594E+21,1.10156E+16,4.95985E+16
135165,135166,9,1,62,0,2016,4,11,6,3,6,4,0,0,0,1,1,0,0,0,6.92241E+20,5.33864E+21,1.15858E+16,4.81719E+16
135166,135167,9,1,84,149,2016,4,15,1,3,1,6,0,0,0,1,0,0,0,0,6.91219E+20,5.35187E+21,1.1578E+16,4.82911E+16
135167,135168,9,1,62,0,2016,4,9,7,3,5,3,0,0,1,1,0,0,0,0,6.95755E+20,5.33111E+21,1.16296E+16,4.81032E+16
135168,135169,9,5,73,127,2016,4,5,2,3,0,7,2,0,1,0,0,0,0,0,6.46364E+20,5.47527E+21,1.10179E+16,4.94125E+16
135169,135170,9,1,62,0,2016,4,7,3,2,5,3,0,1,1,0,0,0,0,1,6.90807E+20,5.34227E+21,1.15682E+16,4.8205E+16
135170,135171,9,1,62,0,2016,4,16,2,2,5,3,0,0,1,0,0,1,0,0,6.8981E+20,5.34015E+21,1.15538E+16,4.81862E+16
135171,135172,9,2,71,119,2016,4,12,6,3,5,3,0,0,0,1,0,0,0,0,7.89863E+20,5.41807E+21,1.29514E+16,4.88478E+16
135172,135173,9,4,72,175,2016,4,13,2,3,1,6,0,0,0,1,0,0,0,0,6.8492E+20,5.51288E+21,1.15666E+16,4.97399E+16
135173,135174,9,1,62,0,2016,4,8,3,3,4,2,0,0,1,1,0,0,0,0,6.87864E+20,5.33814E+21,1.15268E+16,4.81687E+16
135174,135175,9,1,62,0,2016,4,10,2,3,5,3,0,0,0,1,0,0,0,0,6.88111E+20,5.33388E+21,1.15282E+16,4.81304E+16
135175,135176,9,2,71,125,2016,4,5,6,3,5,2,1,0,0,1,0,0,0,0,7.97244E+20,5.40977E+21,1.30457E+16,4.87698E+16
135176,135177,9,5,64,0,2016,4,14,3,3,3,6,0,0,0,1,0,0,0,0,6.48742E+20,5.47972E+21,1.10523E+16,4.94519E+16
135177,135178,9,1,62,0,2016,4,8,6,3,6,4,0,0,0,1,1,0,0,0,6.91493E+20,5.33393E+21,1.15736E+16,4.81298E+16
135178,135179,9,7,75,135,2016,4,12,7,3,5,3,0,0,1,1,0,0,0,0,5.74234E+20,5.36005E+21,1.00027E+16,4.83892E+16
135179,135180,9,1,62,0,2016,4,12,1,3,0,7,0,1,0,0,0,1,0,1,6.95059E+20,5.3353E+21,1.16221E+16,4.8141E+16
135180,135181,9,7,75,135,2016,4,9,7,3,6,4,0,0,0,1,1,0,0,0,5.74912E+20,5.36105E+21,1.00121E+16,4.83982E+16
135181,135182,9,4,72,175,2016,4,12,2,2,4,6,0,0,0,0,0,0,1,1,6.85243E+20,5.51285E+21,1.15711E+16,4.97396E+16
135182,135183,9,1,62,0,2016,4,15,3,2,6,4,0,0,0,0,1,0,0,1,6.95927E+20,5.33912E+21,1.16355E+16,4.81751E+16
135183,135184,9,1,62,0,2016,4,16,2,3,5,3,0,0,0,1,0,1,0,0,6.91895E+20,5.34295E+21,1.15831E+16,4.82108E+16
135184,135185,9,2,73,147,2016,4,18,6,3,2,6,0,0,0,1,0,0,0,0,7.05249E+20,5.39129E+21,1.17863E+16,4.8641E+16
135185,135186,9,1,62,0,2016,4,2,6,3,0,7,1,0,0,0,0,0,0,1,6.90611E+20,5.3373E+21,1.15633E+16,4.81603E+16
135186,135187,9,1,62,0,2016,4,14,1,3,3,6,0,0,1,0,0,0,0,0,6.9272E+20,5.3354E+21,1.15908E+16,4.81426E+16
135187,135188,9,1,71,112,2016,4,17,4,3,0,7,0,0,1,1,0,0,0,0,7.8442E+20,5.34197E+21,1.28255E+16,4.81673E+16
135188,135189,9,5,64,0,2016,4,11,3,3,2,6,0,0,0,1,0,0,0,0,6.56861E+20,5.47599E+21,1.11628E+16,4.94164E+16
135189,135190,9,1,62,0,2016,4,15,6,3,0,7,0,0,1,0,0,0,0,1,6.89119E+20,5.3348E+21,1.15422E+16,4.81383E+16
135190,135191,9,7,75,143,2016,4,19,1,3,8,1,0,0,0,1,0,0,0,0,5.85519E+20,5.35769E+21,1.01547E+16,4.83666E+16
135191,135192,9,1,72,114,2016,4,13,4,2,0,7,0,0,1,0,0,0,0,0,7.86704E+20,5.29226E+21,1.28231E+16,4.772E+16
135192,135193,9,7,72,184,2016,4,16,7,3,5,3,0,0,0,1,0,1,0,0,6.35927E+20,5.36173E+21,1.08362E+16,4.8394E+16
135193,135194,9,7,76,126,2016,4,14,1,3,0,1,0,0,1,0,0,0,0,0,5.55859E+20,5.26724E+21,9.74248E+15,4.75561E+16
135194,135195,9,4,74,126,2016,4,17,2,3,5,3,0,0,0,1,0,0,0,0,6.49388E+20,5.50954E+21,1.10725E+16,4.97198E+16
135195,135196,9,2,79,112,2016,4,18,6,3,4,2,0,0,0,1,0,0,0,0,7.57439E+20,5.39329E+21,1.24948E+16,4.86396E+16
135196,135197,9,5,64,0,2016,4,11,3,3,0,7,0,0,0,0,1,0,0,1,6.50229E+20,5.48051E+21,1.10731E+16,4.94587E+16
135197,135198,9,1,62,0,2016,4,15,6,3,2,6,0,0,0,1,0,0,0,0,6.87997E+20,5.33855E+21,1.15287E+16,4.81724E+16
135198,135199,9,7,76,126,2016,4,15,1,3,0,1,0,0,1,0,0,0,0,0,5.56691E+20,5.27073E+21,9.75399E+15,4.75875E+16
135199,135200,9,1,63,0,2016,4,8,4,3,5,3,0,0,1,0,0,0,1,0,7.33461E+20,5.3044E+21,1.21208E+16,4.78505E+16
135200,135201,9,7,72,217,2016,4,9,7,3,1,5,0,0,1,1,0,0,0,0,6.35784E+20,5.38128E+21,1.08407E+16,4.85699E+16
135201,135202,9,1,62,0,2016,4,19,2,3,6,4,2,1,0,1,1,0,0,0,6.95571E+20,5.33184E+21,1.16274E+16,4.81098E+16
135202,135203,9,1,73,147,2016,4,16,6,2,4,6,0,1,1,0,0,0,0,0,6.82413E+20,5.30779E+21,1.14406E+16,4.78975E+16
135203,135204,9,4,71,145,2016,4,18,2,2,0,1,0,0,1,0,0,0,0,0,6.41075E+20,5.51858E+21,1.09606E+16,4.98031E+16
135204,135205,9,5,64,0,2016,4,18,3,3,6,1,0,0,0,1,1,0,0,0,6.4985E+20,5.47746E+21,1.10667E+16,4.94313E+16
135205,135206,9,7,72,147,2016,4,18,7,3,4,2,0,1,0,1,0,0,0,0,6.3789E+20,5.36504E+21,1.08638E+16,4.84234E+16
135206,135207,9,1,62,0,2016,4,14,2,3,4,2,0,0,1,1,0,0,0,0,6.93571E+20,5.33589E+21,1.16024E+16,4.81468E+16
135207,135208,9,5,64,0,2016,4,13,3,3,5,3,0,0,0,1,0,0,0,0,6.46272E+20,5.47983E+21,1.10183E+16,4.94535E+16
135208,135209,9,1,84,119,2016,4,7,2,3,1,7,0,0,1,1,0,0,0,0,6.96989E+20,5.34734E+21,1.16536E+16,4.82486E+16
135209,135210,9,7,61,0,2016,4,5,6,3,5,3,2,1,0,1,0,0,0,1,6.38365E+20,5.35936E+21,1.08684E+16,4.83723E+16
135210,135211,9,1,71,125,2016,4,11,6,3,5,3,0,1,0,1,0,0,0,0,7.75327E+20,5.34974E+21,1.27085E+16,4.82411E+16
135211,135212,9,1,62,0,2016,4,13,6,3,3,6,0,0,0,1,0,1,0,0,6.90862E+20,5.33327E+21,1.15649E+16,4.8124E+16
135212,135213,9,7,79,194,2016,4,12,1,3,3,6,0,0,0,1,0,1,0,0,6.05806E+20,5.41119E+21,1.04421E+16,4.88447E+16
135213,135214,9,7,72,125,2016,4,10,7,3,5,3,0,0,1,1,0,0,0,0,6.36491E+20,5.34799E+21,1.08394E+16,4.82704E+16
135214,135215,9,3,77,141,2016,4,5,2,3,5,3,1,0,0,1,0,1,0,0,7.33382E+20,5.53755E+21,1.2253E+16,4.99447E+16
135215,135216,9,1,62,0,2016,4,12,3,3,4,2,0,0,0,1,0,0,0,0,6.98562E+20,5.33529E+21,1.16692E+16,4.81399E+16
135216,135217,9,1,62,0,2016,4,4,2,3,1,7,2,0,1,1,0,0,0,0,6.91021E+20,5.33734E+21,1.15688E+16,4.81606E+16
135217,135218,9,1,63,0,2016,4,13,6,3,5,2,0,1,1,1,0,0,0,0,7.32712E+20,5.30539E+21,1.21114E+16,4.78597E+16