FID,OBJECTID,ULAND,UREGBEZ,UKREIS,UGEMEINDE,UJAHR,UMONAT,USTUNDE,UWOCHENTAG,UKATEGORIE,UART,UTYP1,ULICHTVERH,IstStrasse,IstRad,IstPKW,IstFuss,IstKrad,IstGkfz,IstSonstig,LINREFX,LINREFY,XGCSWGS84,YGCSWGS84
135396,135397,9,6,62,0,2016,4,18,4,3,2,6,0,1,0,1,0,0,0,1,5.88347E+20,5.54314E+21,1.02336E+16,5.0034E+16
135397,135398,9,1,79,125,2016,4,12,1,3,2,6,0,1,0,1,0,0,0,0,6.62311E+20,5.33285E+21,1.11813E+16,4.81282E+16
135398,135399,9,1,61,0,2016,4,11,5,3,5,3,0,0,1,1,0,0,0,0,6.78118E+20,5.40415E+21,1.14239E+16,4.87648E+16
135399,135400,9,7,61,0,2016,4,13,5,3,9,1,0,1,1,0,0,0,0,0,6.40759E+20,5.35997E+21,1.09009E+16,4.83772E+16
135400,135401,9,6,62,0,2016,4,15,6,3,0,7,0,0,0,1,0,0,0,0,5.87173E+20,5.54434E+21,1.02175E+16,5.0045E+16
135401,135402,9,7,64,0,2016,4,15,5,3,5,3,0,1,0,1,0,1,0,0,5.88329E+20,5.31575E+21,1.01839E+16,4.79889E+16
135402,135403,9,6,63,0,2016,4,12,6,3,0,1,0,1,0,0,0,1,0,0,5.70345E+20,5.51809E+21,9.97773E+15,4.98112E+16
135403,135404,9,1,85,149,2016,4,20,2,3,5,3,2,0,0,1,0,0,0,0,6.61839E+20,5.39973E+21,1.12008E+16,4.87295E+16
135404,135405,9,5,72,130,2016,4,17,4,2,2,6,0,0,1,1,0,0,0,0,6.39866E+20,5.50609E+21,1.09393E+16,4.96911E+16
135405,135406,9,1,62,0,2016,4,19,7,3,0,4,1,0,1,0,1,0,0,0,6.90768E+20,5.33504E+21,1.15644E+16,4.814E+16
135406,135407,9,6,72,114,2016,4,14,1,3,6,4,0,0,0,1,1,0,0,0,5.7749E+20,5.56174E+21,1.00858E+16,5.02027E+16
135407,135408,9,5,64,0,2016,4,13,7,3,0,7,0,0,1,0,0,0,0,0,6.49244E+20,5.48061E+21,1.10596E+16,4.94598E+16
135408,135409,9,7,79,201,2016,4,18,1,3,1,5,0,1,0,1,0,0,0,0,6.41047E+20,5.39478E+21,1.09166E+16,4.86901E+16
135409,135410,9,1,86,143,2016,4,8,5,2,5,3,0,0,1,1,0,0,0,0,6.84718E+20,5.37899E+21,1.15024E+16,4.85368E+16
135410,135411,9,6,78,178,2016,4,7,5,3,5,3,0,0,0,1,0,1,0,0,5.89692E+20,5.54357E+21,1.02525E+16,5.00377E+16
135411,135412,9,5,64,0,2016,4,9,6,3,3,6,0,1,0,1,0,1,0,0,6.47453E+20,5.48138E+21,1.10351E+16,4.94671E+16
135412,135413,9,5,74,139,2016,4,9,4,3,6,7,0,0,0,0,1,0,1,0,6.70839E+20,5.47646E+21,1.13555E+16,4.94169E+16
135413,135414,9,1,75,137,2016,4,19,2,3,8,1,1,1,0,0,0,0,0,1,7.27106E+20,5.33402E+21,1.20517E+16,4.81189E+16
135414,135415,9,4,62,0,2016,4,10,2,3,5,3,0,0,0,1,0,0,0,0,6.84123E+20,5.53513E+21,1.15661E+16,4.99402E+16
135415,135416,9,7,72,202,2016,4,8,7,3,8,7,0,1,0,1,0,0,0,0,6.37024E+20,5.357E+21,1.08495E+16,4.83513E+16
135416,135417,9,1,62,0,2016,4,8,6,3,0,1,0,0,1,0,0,0,0,0,6.91734E+20,5.33368E+21,1.15768E+16,4.81275E+16
135417,135418,9,5,61,0,2016,4,21,1,3,5,3,2,1,0,1,0,0,0,0,6.14053E+20,5.46209E+21,1.05688E+16,4.93009E+16
135418,135419,9,2,63,0,2016,4,18,7,3,5,3,0,0,1,1,0,0,0,0,7.63235E+20,5.42117E+21,1.25912E+16,4.88875E+16
135419,135420,9,4,61,0,2016,4,15,6,3,1,7,0,0,0,1,0,0,0,0,6.37695E+20,5.53094E+21,1.0918E+16,4.9915E+16
135420,135421,9,1,87,177,2016,4,19,6,3,3,2,0,0,1,1,0,0,0,0,7.35033E+20,5.30512E+21,1.21422E+16,4.78564E+16
135421,135422,9,5,63,0,2016,4,9,4,3,5,3,0,0,0,1,0,0,0,0,6.45045E+20,5.48096E+21,1.10018E+16,4.9464E+16
135422,135423,9,4,74,154,2016,4,22,5,2,8,1,2,0,1,0,0,0,0,0,6.54151E+20,5.49716E+21,1.11337E+16,4.96073E+16
135423,135424,9,5,73,126,2016,4,18,6,3,5,3,0,0,0,1,0,0,0,1,6.36984E+20,5.48311E+21,1.08913E+16,4.94852E+16
135424,135425,9,2,73,164,2016,4,19,6,3,5,3,0,0,0,1,0,0,0,0,6.95269E+20,5.42581E+21,1.16674E+16,4.89543E+16
135425,135426,9,5,64,0,2016,4,10,4,3,6,4,0,0,0,1,1,0,0,0,6.49337E+20,5.47788E+21,1.10598E+16,4.94352E+16
135426,135427,9,1,62,0,2016,4,18,1,3,5,3,0,1,1,1,0,0,0,0,7.0129E+20,5.33464E+21,1.17055E+16,4.81332E+16
135427,135428,9,3,73,147,2016,4,16,2,2,5,3,0,0,0,1,0,1,0,0,6.79144E+20,5.46179E+21,1.14633E+16,4.92826E+16
135428,135429,9,1,84,119,2016,4,17,6,3,5,6,0,0,0,1,0,1,0,0,6.97714E+20,5.34891E+21,1.16641E+16,4.82626E+16
135429,135430,9,2,75,128,2016,4,0,1,2,0,7,2,1,1,0,0,0,0,0,8.31578E+20,5.4029E+21,1.35061E+16,4.86909E+16
135430,135431,9,1,85,158,2016,4,18,7,3,5,3,0,0,1,1,0,0,0,0,6.67074E+20,5.3813E+21,1.12645E+16,4.85625E+16
135431,135432,9,1,62,0,2016,4,16,5,3,1,5,0,0,1,0,0,0,0,1,6.90406E+20,5.33534E+21,1.15597E+16,4.81428E+16
135432,135433,9,7,76,116,2016,4,13,6,3,6,7,0,0,0,1,1,0,0,0,5.51529E+20,5.26747E+21,9.68495E+15,4.75586E+16
135433,135434,9,1,76,123,2016,4,7,6,2,2,6,0,1,1,1,0,0,0,0,6.60481E+20,5.41751E+21,1.11893E+16,4.88898E+16
135434,135435,9,5,64,0,2016,4,9,4,3,5,3,0,0,0,1,0,0,0,1,6.49398E+20,5.47791E+21,1.10606E+16,4.94355E+16
135435,135436,9,7,80,119,2016,4,17,6,3,4,3,0,0,0,1,0,0,0,0,5.97354E+20,5.29547E+21,1.03002E+16,4.78052E+16
135436,135437,9,1,85,149,2016,4,5,5,3,0,3,1,1,0,1,0,1,0,0,6.6039E+20,5.40084E+21,1.11816E+16,4.87399E+16
135437,135438,9,1,62,0,2016,4,9,6,3,5,7,0,1,1,1,0,0,0,0,6.93806E+20,5.33182E+21,1.16037E+16,4.81101E+16
135438,135439,9,1,79,142,2016,4,10,5,3,0,1,0,0,1,0,0,0,0,0,6.73231E+20,5.34222E+21,1.13318E+16,4.82095E+16
135439,135440,9,1,62,0,2016,4,8,5,3,1,5,0,0,1,1,0,0,0,0,6.92189E+20,5.33666E+21,1.15842E+16,4.81541E+16
135440,135441,9,7,61,0,2016,4,19,6,3,5,3,0,0,1,1,0,0,0,0,6.43149E+20,5.35919E+21,1.09329E+16,4.83696E+16
135441,135442,9,2,73,137,2016,4,18,5,3,0,7,0,0,0,0,0,1,0,0,7.11952E+20,5.42233E+21,1.18932E+16,4.89176E+16
135442,135443,9,5,64,0,2016,4,18,4,3,5,3,0,0,1,1,0,0,0,0,6.5509E+20,5.47574E+21,1.11383E+16,4.94146E+16
135443,135444,9,1,62,0,2016,4,8,7,3,5,3,0,0,0,1,0,0,0,0,6.84892E+20,5.33922E+21,1.14873E+16,4.81793E+16
135444,135445,9,1,88,120,2016,4,13,5,2,5,3,0,0,1,0,0,0,0,0,6.77916E+20,5.32624E+21,1.13881E+16,4.80646E+16
135445,135446,9,6,63,0,2016,4,6,5,3,5,7,0,0,1,1,0,0,0,0,5.67868E+20,5.51672E+21,9.94308E+15,4.97991E+16
135446,135447,9,5,62,0,2016,4,22,6,2,0,1,2,0,0,1,0,1,0,0,6.44509E+20,5.49561E+21,1.09997E+16,4.95958E+16
135447,135448,9,7,79,201,2016,4,12,5,3,8,1,0,1,1,0,0,0,0,0,6.44914E+20,5.39606E+21,1.09695E+16,4.87007E+16
135448,135449,9,6,73,141,2016,4,11,6,2,5,3,0,1,0,1,0,0,0,0,6.04737E+20,5.57348E+21,1.04708E+16,5.03041E+16
135449,135450,9,5,64,0,2016,4,7,4,3,6,4,0,0,0,1,1,0,0,0,6.52149E+20,5.48115E+21,1.10998E+16,4.9464E+16
135450,135451,9,1,88,139,2016,4,16,2,3,0,7,0,1,0,1,0,1,0,0,6.74008E+20,5.3192E+21,1.13329E+16,4.80024E+16
135451,135452,9,5,71,137,2016,4,7,2,3,8,1,0,1,0,0,0,1,0,0,5.95684E+20,5.45606E+21,1.03148E+16,4.92498E+16
135452,135453,9,7,61,0,2016,4,13,5,3,2,6,0,0,0,1,0,0,0,0,6.38941E+20,5.36079E+21,1.08766E+16,4.83849E+16
135453,135454,9,1,62,0,2016,4,18,5,3,5,3,0,0,1,1,0,0,0,0,6.92303E+20,5.33734E+21,1.15861E+16,4.81602E+16
135454,135455,9,6,79,202,2016,4,7,6,3,5,7,0,0,0,0,1,0,0,1,5.62762E+20,5.52133E+21,9.87288E+15,4.98411E+16
135455,135456,9,1,63,0,2016,4,17,2,3,2,6,0,1,0,1,0,0,0,1,7.33256E+20,5.30652E+21,1.21193E+16,4.78696E+16
135456,135457,9,5,75,112,2016,4,14,4,3,5,3,0,1,0,1,0,0,0,0,6.02269E+20,5.48398E+21,1.04124E+16,4.94998E+16
135457,135458,9,1,62,0,2016,4,21,7,3,3,6,2,0,0,1,0,1,0,0,6.90638E+20,5.33475E+21,1.15625E+16,4.81374E+16
135458,135459,9,7,61,0,2016,4,18,1,3,5,2,0,1,0,1,0,0,0,0,6.39274E+20,5.36031E+21,1.0881E+16,4.83805E+16
135459,135460,9,5,63,0,2016,4,13,7,3,2,6,0,0,0,1,0,0,0,0,6.42468E+20,5.48206E+21,1.09666E+16,4.94744E+16
135460,135461,9,5,64,0,2016,4,15,5,3,2,6,0,0,0,1,0,0,0,0,6.49726E+20,5.4795E+21,1.10658E+16,4.94497E+16
135461,135462,9,5,64,0,2016,4,14,6,3,5,3,0,1,0,1,0,0,0,0,6.45642E+20,5.48017E+21,1.10097E+16,4.94567E+16
135462,135463,9,2,71,119,2016,4,13,6,3,5,3,0,1,0,1,0,0,0,0,7.90191E+20,5.41761E+21,1.29555E+16,4.88436E+16
135463,135464,9,4,76,152,2016,4,12,4,3,1,7,0,0,0,1,0,0,1,0,6.7134E+20,5.59504E+21,1.14152E+16,5.04822E+16
135464,135465,9,1,62,0,2016,4,15,1,3,4,2,0,1,0,1,0,0,0,0,7.01854E+20,5.33532E+21,1.17134E+16,4.81391E+16
135465,135466,9,3,62,0,2016,4,16,2,3,5,3,0,0,1,1,0,0,0,0,7.2816E+20,5.43164E+21,1.21193E+16,4.89955E+16
135466,135467,9,6,78,115,2016,4,18,7,3,5,3,0,0,1,1,0,0,0,0,5.84157E+20,5.54003E+21,1.01745E+16,5.00066E+16
135467,135468,9,1,62,0,2016,4,22,6,3,3,7,2,0,1,1,0,0,0,0,6.91942E+20,5.33462E+21,1.158E+16,4.81358E+16
135468,135469,9,4,61,0,2016,4,3,1,2,6,4,2,1,0,1,1,0,0,0,6.36424E+20,5.52846E+21,1.08994E+16,4.9893E+16
135469,135470,9,2,75,146,2016,4,14,7,2,0,6,0,0,1,0,0,0,0,0,8.30466E+20,5.39465E+21,1.34844E+16,4.86175E+16
135470,135471,9,4,72,133,2016,4,19,4,3,0,1,0,0,1,0,0,0,0,0,6.93562E+20,5.5276E+21,1.16937E+16,4.98695E+16
135471,135472,9,7,64,0,2016,4,12,7,3,0,7,0,0,1,0,0,0,0,0,5.88062E+20,5.31525E+21,1.01802E+16,4.79845E+16
135472,135473,9,6,71,122,2016,4,15,1,3,1,7,0,0,1,1,0,0,0,0,5.05309E+20,5.53E+21,9.07396E+15,4.99223E+16
135473,135474,9,3,62,0,2016,4,22,7,3,5,2,2,1,0,1,0,0,0,1,7.24251E+20,5.43375E+21,1.20671E+16,4.90159E+16
135474,135475,9,4,76,145,2016,4,12,6,3,2,6,0,1,0,1,0,0,0,0,6.65818E+20,5.56771E+21,1.13253E+16,5.02383E+16
135475,135476,9,1,89,155,2016,4,18,6,3,0,5,0,0,0,1,0,0,0,1,7.72182E+20,5.30826E+21,1.26399E+16,4.78699E+16
135476,135477,9,1,62,0,2016,4,11,6,3,4,5,0,1,0,1,0,1,0,1,6.83046E+20,5.34026E+21,1.14629E+16,4.81892E+16
135477,135478,9,1,62,0,2016,4,17,4,3,3,6,0,1,0,1,0,1,0,0,6.90144E+20,5.33487E+21,1.15559E+16,4.81386E+16
135478,135479,9,1,79,121,2016,4,16,7,3,5,3,0,0,1,1,0,0,0,0,6.67733E+20,5.33957E+21,1.12568E+16,4.81872E+16
135479,135480,9,1,62,0,2016,4,17,5,3,5,3,0,0,1,1,0,0,0,0,6.92323E+20,5.34004E+21,1.15875E+16,4.81844E+16
135480,135481,9,7,73,144,2016,4,4,6,3,0,7,2,0,1,0,0,0,0,0,6.05867E+20,5.38146E+21,1.04353E+16,4.85773E+16
135481,135482,9,1,80,117,2016,4,21,5,3,8,1,2,0,0,1,0,0,0,0,6.5802E+20,5.2625E+21,1.10981E+16,4.74967E+16
135482,135483,9,1,81,144,2016,4,15,6,3,5,3,0,0,0,1,0,0,0,0,6.55536E+20,5.3213E+21,1.10862E+16,4.80261E+16
135483,135484,9,1,62,0,2016,4,13,4,3,1,5,0,0,0,1,0,0,0,0,6.9485E+20,5.33615E+21,1.16197E+16,4.81487E+16
135484,135485,9,6,74,210,2016,4,8,3,3,1,1,0,0,0,1,0,0,0,0,6.3269E+20,5.55437E+21,1.08564E+16,5.01267E+16
135485,135486,9,4,61,0,2016,4,15,3,3,0,4,0,0,0,0,1,1,0,0,6.35374E+20,5.52673E+21,1.08842E+16,4.98777E+16
135486,135487,9,1,62,0,2016,4,13,5,3,0,7,0,0,1,0,0,0,0,0,6.92718E+20,5.3354E+21,1.15908E+16,4.81426E+16
135487,135488,9,7,72,202,2016,4,17,4,2,5,3,0,0,1,1,0,0,0,0,6.36349E+20,5.35878E+21,1.0841E+16,4.83674E+16
135488,135489,9,1,78,124,2016,4,8,4,3,6,7,0,0,0,1,1,0,0,0,7.02925E+20,5.36531E+21,1.17422E+16,4.84083E+16
135489,135490,9,7,74,150,2016,4,16,5,3,1,7,0,0,1,1,0,0,0,0,6.01015E+20,5.34495E+21,1.03608E+16,4.82497E+16
135490,135491,9,6,61,0,2016,4,17,4,3,5,3,0,0,0,1,0,0,0,0,5.09313E+20,5.53689E+21,9.12991E+15,4.99843E+16
135491,135492,9,4,72,199,2016,4,17,4,2,5,3,0,0,0,1,0,0,0,1,6.93934E+20,5.5372E+21,1.17037E+16,4.99556E+16
135492,135493,9,6,79,170,2016,4,14,2,3,0,7,0,0,0,0,0,1,0,0,5.74298E+20,5.50353E+21,1.00299E+16,4.96797E+16
135493,135494,9,5,63,0,2016,4,15,5,2,0,3,0,0,0,1,0,1,0,0,6.43013E+20,5.48374E+21,1.09747E+16,4.94894E+16
135494,135495,9,2,79,126,2016,4,14,4,3,0,7,0,0,0,0,0,1,0,0,7.59329E+20,5.38537E+21,1.25155E+16,4.85677E+16
135495,135496,9,2,63,0,2016,4,16,3,3,5,2,0,0,1,0,0,0,0,0,7.63263E+20,5.41917E+21,1.25903E+16,4.88695E+16
135496,135497,9,4,76,178,2016,4,13,5,3,0,7,0,0,1,1,0,0,0,0,6.62414E+20,5.57547E+21,1.1281E+16,5.0309E+16
135497,135498,9,2,76,122,2016,4,15,5,2,0,1,0,0,1,0,0,0,0,0,7.90196E+20,5.4376E+21,1.29698E+16,4.90229E+16
135498,135499,9,2,71,111,2016,4,12,3,3,0,1,0,0,0,0,0,1,0,0,7.88315E+20,5.40752E+21,1.29229E+16,4.87538E+16
135499,135500,9,1,84,122,2016,4,8,5,3,2,6,0,0,0,1,0,0,0,0,6.89787E+20,5.32657E+21,1.15475E+16,4.80641E+16
135500,135501,9,1,78,124,2016,4,8,4,3,5,3,0,0,0,1,0,0,0,0,7.02545E+20,5.36349E+21,1.17362E+16,4.83921E+16
135501,135502,9,7,73,182,2016,4,18,5,3,2,6,0,0,0,1,0,0,0,0,6.22323E+20,5.37995E+21,1.06579E+16,4.85607E+16
135502,135503,9,5,64,0,2016,4,9,4,3,5,3,0,0,0,1,0,1,0,0,6.49931E+20,5.47788E+21,1.1068E+16,4.94351E+16
135503,135504,9,3,62,0,2016,4,9,4,3,6,7,0,0,0,1,1,0,0,0,7.27669E+20,5.43586E+21,1.2115E+16,4.90336E+16
135504,135505,9,5,64,0,2016,4,20,5,3,5,3,2,1,1,1,0,0,0,0,6.50164E+20,5.47921E+21,1.10717E+16,4.94469E+16
135505,135506,9,2,71,119,2016,4,11,3,3,0,1,0,0,1,0,0,0,0,0,7.9072E+20,5.41641E+21,1.29619E+16,4.88325E+16
135506,135507,9,4,61,0,2016,4,7,5,2,6,4,0,0,0,1,1,0,0,0,6.37242E+20,5.52916E+21,1.09111E+16,4.98991E+16
135507,135508,9,2,61,0,2016,4,16,5,3,5,3,0,0,1,0,0,0,0,0,7.3147E+20,5.38289E+21,1.21371E+16,4.85563E+16
135508,135509,9,5,62,0,2016,4,12,5,3,5,3,0,0,0,1,0,0,0,0,6.44512E+20,5.49296E+21,1.09988E+16,4.9572E+16
135509,135510,9,1,79,121,2016,4,11,5,2,6,4,0,0,0,1,1,0,0,0,6.66775E+20,5.33883E+21,1.12436E+16,4.81808E+16
135510,135511,9,6,71,122,2016,4,4,3,3,8,1,2,0,0,1,0,0,0,0,5.02725E+20,5.53172E+21,9.03797E+15,4.99379E+16
135511,135512,9,7,61,0,2016,4,18,5,3,2,6,0,0,0,1,0,0,0,0,6.40071E+20,5.35919E+21,1.08914E+16,4.83703E+16
135512,135513,9,1,82,120,2016,4,8,5,3,5,3,0,0,0,1,0,1,0,0,7.03197E+20,5.3063E+21,1.17177E+16,4.78778E+16
135513,135514,9,2,74,176,2016,4,18,4,3,0,3,0,0,0,1,0,1,0,0,7.22146E+20,5.39893E+21,1.20195E+16,4.87038E+16
135514,135515,9,2,72,151,2016,4,16,3,3,4,1,0,0,0,1,0,0,0,1,8.37382E+20,5.40746E+21,1.35884E+16,4.87287E+16
135515,135516,9,5,64,0,2016,4,19,5,3,5,3,0,0,1,1,0,0,0,0,6.49185E+20,5.47932E+21,1.10583E+16,4.94482E+16
135516,135517,9,1,73,133,2016,4,15,4,3,0,7,0,0,0,0,0,0,1,0,6.76774E+20,5.28079E+21,1.13542E+16,4.76563E+16
135517,135518,9,2,61,0,2016,4,17,3,3,5,3,0,0,1,1,0,0,0,0,7.32998E+20,5.38276E+21,1.21577E+16,4.85546E+16
135518,135519,9,3,62,0,2016,4,17,5,3,5,3,0,0,0,1,0,0,0,0,7.25461E+20,5.43215E+21,1.20828E+16,4.9001E+16
135519,135520,9,1,62,0,2016,4,7,4,3,5,3,0,0,1,1,0,0,0,0,6.96651E+20,5.33258E+21,1.16423E+16,4.81161E+16
135520,135521,9,2,73,164,2016,4,17,5,3,0,7,0,0,1,0,0,0,0,0,6.95829E+20,5.43008E+21,1.16771E+16,4.89925E+16
135521,135522,9,1,62,0,2016,4,18,4,3,5,2,0,0,1,1,0,0,0,0,6.87791E+20,5.33419E+21,1.15241E+16,4.81332E+16
135522,135523,9,6,61,0,2016,4,12,3,2,0,4,0,0,0,1,1,0,0,0,5.11978E+20,5.534E+21,9.16698E+15,4.99582E+16
135523,135524,9,2,61,0,2016,4,17,3,3,0,1,0,0,1,0,0,0,0,0,7.3268E+20,5.38093E+21,1.21523E+16,4.85382E+16
135524,135525,9,1,62,0,2016,4,11,5,3,3,3,0,0,1,1,0,0,0,0,6.88898E+20,5.33241E+21,1.15381E+16,4.81169E+16
135525,135526,9,7,76,116,2016,4,8,4,3,3,2,0,0,1,1,0,0,0,0,5.51844E+20,5.2663E+21,9.68901E+15,4.7548E+16
135526,135527,9,2,61,0,2016,4,7,3,3,0,7,0,0,1,0,0,0,0,0,7.32464E+20,5.38021E+21,1.2149E+16,4.85319E+16
135527,135528,9,5,75,112,2016,4,14,5,3,5,3,0,0,1,1,0,0,0,0,6.02939E+20,5.48449E+21,1.04218E+16,4.95043E+16
135528,135529,9,1,72,114,2016,4,10,4,3,2,6,0,0,0,1,0,0,0,0,7.91612E+20,5.29441E+21,1.28898E+16,4.77371E+16
135529,135530,9,1,62,0,2016,4,11,4,3,5,3,0,0,1,1,0,0,0,0,6.90274E+20,5.33739E+21,1.15588E+16,4.81613E+16
135530,135531,9,1,89,155,2016,4,8,5,2,0,7,0,0,1,0,0,0,0,0,7.71811E+20,5.309E+21,1.26354E+16,4.78767E+16
135531,135532,9,7,61,0,2016,4,15,4,3,2,7,0,0,0,1,0,0,0,1,6.43046E+20,5.35936E+21,1.09316E+16,4.83712E+16
135532,135533,9,5,64,0,2016,4,15,4,2,3,6,0,0,0,1,0,1,0,0,6.49951E+20,5.47892E+21,1.10687E+16,4.94445E+16
135533,135534,9,5,76,143,2016,4,11,3,3,5,3,0,0,1,1,0,0,0,0,6.52363E+20,5.45705E+21,1.10935E+16,4.92472E+16
135534,135535,9,1,73,130,2016,4,19,3,2,0,1,0,0,1,0,0,0,0,0,6.81739E+20,5.31435E+21,1.14344E+16,4.79567E+16
135535,135536,9,1,62,0,2016,4,18,5,3,2,6,0,0,0,1,1,0,0,0,6.9348E+20,5.33382E+21,1.16003E+16,4.81282E+16
135536,135537,9,7,61,0,2016,4,14,4,3,6,4,0,0,0,1,1,0,0,0,6.42894E+20,5.35945E+21,1.09295E+16,4.8372E+16
135537,135538,9,1,78,124,2016,4,7,4,3,5,2,0,0,1,0,0,0,0,0,7.03592E+20,5.36425E+21,1.17507E+16,4.83985E+16
135538,135539,9,7,80,139,2016,4,18,5,3,0,6,0,0,1,0,0,1,0,0,5.97516E+20,5.26381E+21,1.02953E+16,4.75204E+16
135539,135540,9,5,74,152,2016,4,16,4,3,5,3,0,0,0,1,0,1,0,0,6.62852E+20,5.48383E+21,1.12485E+16,4.94852E+16
135540,135541,9,4,71,119,2016,4,15,4,3,2,6,0,0,0,1,0,0,0,0,6.35331E+20,5.53732E+21,1.08873E+16,4.99728E+16
135541,135542,9,6,73,135,2016,4,7,2,3,4,1,0,0,0,1,0,0,0,0,5.82585E+20,5.57595E+21,1.01603E+16,5.03298E+16
135542,135543,9,1,75,112,2016,4,16,4,3,6,4,0,0,0,1,1,0,0,0,7.23766E+20,5.31946E+21,1.19993E+16,4.79893E+16
135543,135544,9,6,63,0,2016,4,16,4,3,0,3,0,0,0,1,0,1,0,0,5.69238E+20,5.51111E+21,9.9611E+15,4.97485E+16
135544,135545,9,5,71,193,2016,4,7,4,3,2,6,0,0,0,1,0,0,0,0,5.86309E+20,5.46861E+21,1.01887E+16,4.93641E+16
135545,135546,9,5,76,143,2016,4,18,2,3,2,5,0,0,1,1,0,0,0,0,6.49904E+20,5.45592E+21,1.10594E+16,4.92377E+16
135546,135547,9,1,90,139,2016,4,13,3,3,1,5,0,0,1,1,0,0,0,0,6.52922E+20,5.2942E+21,1.10415E+16,4.7783E+16
135547,135548,9,4,64,0,2016,4,8,5,3,5,3,0,0,0,1,0,0,0,0,7.08358E+20,5.57802E+21,1.19269E+16,5.03174E+16
135548,135549,9,1,62,0,2016,4,9,5,3,1,7,0,0,1,0,0,0,0,1,6.93564E+20,5.33444E+21,1.16017E+16,4.81338E+16
135549,135550,9,1,75,115,2016,4,16,4,3,5,3,0,0,1,1,0,0,0,0,7.21027E+20,5.33046E+21,1.19683E+16,4.8089E+16
135550,135551,9,7,72,163,2016,4,16,5,3,5,3,0,0,1,1,0,0,0,0,6.40541E+20,5.3497E+21,1.08945E+16,4.82849E+16
135551,135552,9,1,72,112,2016,4,16,5,2,0,1,0,0,1,0,0,0,0,0,7.91501E+20,5.30195E+21,1.28934E+16,4.78048E+16
135552,135553,9,2,61,0,2016,4,8,4,3,5,7,0,0,1,1,0,0,0,0,7.33159E+20,5.38124E+21,1.2159E+16,4.85409E+16
135553,135554,9,5,64,0,2016,4,13,4,3,0,6,0,0,0,1,0,0,0,1,6.4951E+20,5.48053E+21,1.10632E+16,4.9459E+16
135554,135555,9,2,71,146,2016,4,13,4,3,5,3,0,0,1,1,0,0,0,0,7.85992E+20,5.41154E+21,1.28942E+16,4.8791E+16
135555,135556,9,1,90,157,2016,4,9,3,3,6,1,0,0,1,0,1,0,0,0,6.61349E+20,5.30109E+21,1.11565E+16,4.78429E+16
135556,135557,9,5,64,0,2016,4,17,5,3,2,6,0,0,0,1,0,0,1,0,6.5628E+20,5.47467E+21,1.11542E+16,4.94046E+16
135557,135558,9,1,90,118,2016,4,18,3,3,7,6,0,0,1,0,0,0,0,0,6.36353E+20,5.29154E+21,1.08196E+16,4.77628E+16
135558,135559,9,3,63,0,2016,4,12,5,3,5,3,0,0,0,1,0,1,0,0,7.26318E+20,5.50835E+21,1.21377E+16,4.96852E+16
135559,135560,9,2,74,194,2016,4,17,5,2,1,6,0,0,1,1,0,0,0,0,7.22917E+20,5.37779E+21,1.20186E+16,4.85136E+16
135560,135561,9,5,64,0,2016,4,15,5,3,6,1,0,0,0,1,1,0,0,0,6.4992E+20,5.48075E+21,1.10689E+16,4.94609E+16
135561,135562,9,1,90,138,2016,4,14,4,2,6,7,0,0,0,0,1,0,0,1,6.61183E+20,5.31185E+21,1.11583E+16,4.79397E+16
135562,135563,9,1,89,154,2016,4,7,3,3,6,4,0,0,0,1,1,0,0,0,7.6885E+20,5.319E+21,1.26021E+16,4.79677E+16
135563,135564,9,4,63,0,2016,4,19,5,3,0,7,0,0,0,0,0,1,0,0,6.40057E+20,5.57015E+21,1.09652E+16,5.02668E+16
135564,135565,9,2,77,138,2016,4,18,5,3,5,3,0,0,0,1,0,0,0,0,7.91523E+20,5.37042E+21,1.29405E+16,4.84194E+16
135565,135566,9,6,77,149,2016,4,11,5,3,9,1,0,0,0,1,0,0,0,0,5.5715E+20,5.54739E+21,9.7987E+15,5.0076E+16
135566,135567,9,1,88,141,2016,4,11,5,2,6,4,0,0,0,1,1,0,0,0,6.70227E+20,5.30897E+21,1.12782E+16,4.79114E+16
135567,135568,9,5,62,0,2016,4,7,3,3,0,2,0,0,1,1,0,0,0,0,6.46445E+20,5.49614E+21,1.10267E+16,4.96001E+16
135568,135569,9,1,82,132,2016,4,9,3,3,6,4,0,0,0,1,1,0,0,0,7.06839E+20,5.28774E+21,1.17575E+16,4.77099E+16
135569,135570,9,5,73,115,2016,4,18,5,3,8,1,0,0,0,0,0,1,0,0,6.2917E+20,5.47449E+21,1.07807E+16,4.94094E+16
135570,135571,9,1,63,0,2016,4,14,4,3,0,1,0,0,0,0,0,1,0,0,7.31215E+20,5.30437E+21,1.20908E+16,4.78511E+16
135571,135572,9,3,62,0,2016,4,22,5,3,4,6,2,0,1,0,0,0,0,0,7.26638E+20,5.4348E+21,1.21003E+16,4.90244E+16
135572,135573,9,1,84,119,2016,4,17,4,3,5,3,0,0,1,1,0,0,0,0,6.96155E+20,5.3475E+21,1.16425E+16,4.82504E+16