FID,OBJECTID,ULAND,UREGBEZ,UKREIS,UGEMEINDE,UJAHR,UMONAT,USTUNDE,UWOCHENTAG,UKATEGORIE,UART,UTYP1,ULICHTVERH,IstStrasse,IstRad,IstPKW,IstFuss,IstKrad,IstGkfz,IstSonstig,LINREFX,LINREFY,XGCSWGS84,YGCSWGS84
135573,135574,9,1,73,147,2016,4,11,5,3,2,6,0,0,0,1,0,0,0,0,6.81851E+20,5.30948E+21,1.14338E+16,4.79128E+16
135574,135575,9,5,62,0,2016,4,19,5,3,2,6,0,0,1,0,0,0,0,0,6.42341E+20,5.49525E+21,1.09696E+16,4.95931E+16
135575,135576,9,1,77,130,2016,4,0,5,3,9,1,2,0,0,1,0,0,0,0,7.09682E+20,5.35043E+21,1.1826E+16,4.82723E+16
135576,135577,9,5,62,0,2016,4,10,3,3,4,2,0,0,0,1,0,0,0,0,6.42138E+20,5.49413E+21,1.09664E+16,4.9583E+16
135577,135578,9,1,87,122,2016,4,14,3,3,6,7,0,0,0,1,1,0,0,0,7.18576E+20,5.3074E+21,1.19237E+16,4.78827E+16
135578,135579,9,1,62,0,2016,4,10,5,2,5,2,0,0,0,1,0,0,0,0,6.9139E+20,5.33808E+21,1.15741E+16,4.81671E+16
135579,135580,9,7,74,135,2016,4,16,4,3,5,3,0,0,0,1,0,1,0,0,5.96387E+20,5.36846E+21,1.03038E+16,4.84619E+16
135580,135581,9,1,72,118,2016,4,7,5,3,0,1,0,0,0,0,0,1,0,0,7.97681E+20,5.30702E+21,1.29792E+16,4.78475E+16
135581,135582,9,1,62,0,2016,4,13,3,3,3,7,0,0,0,1,0,1,0,0,6.91788E+20,5.33555E+21,1.15783E+16,4.81443E+16
135582,135583,9,6,63,0,2016,4,11,4,3,2,6,0,0,0,1,0,0,0,0,5.66452E+20,5.51639E+21,9.92334E+15,4.97963E+16
135583,135584,9,5,64,0,2016,4,17,4,3,3,5,0,0,0,1,0,1,0,0,6.52805E+20,5.47602E+21,1.11069E+16,4.94176E+16
135584,135585,9,5,63,0,2016,4,16,2,3,0,7,0,0,1,0,0,0,0,0,6.4309E+20,5.47985E+21,1.09744E+16,4.94544E+16
135585,135586,9,5,72,131,2016,4,7,3,2,2,6,0,0,1,1,0,0,0,0,6.58283E+20,5.49205E+21,1.11888E+16,4.95603E+16
135586,135587,9,1,81,144,2016,4,7,3,3,0,6,0,0,1,0,0,0,0,0,6.55811E+20,5.32112E+21,1.10898E+16,4.80244E+16
135587,135588,9,1,62,0,2016,4,9,5,3,5,7,0,0,0,1,0,0,0,1,6.85423E+20,5.33489E+21,1.14926E+16,4.81403E+16
135588,135589,9,1,62,0,2016,4,14,4,3,1,5,0,0,0,1,0,0,0,0,6.89485E+20,5.33492E+21,1.15471E+16,4.81393E+16
135589,135590,9,5,76,143,2016,4,7,3,3,5,3,0,0,1,1,0,0,0,0,6.52796E+20,5.45746E+21,1.10997E+16,4.92508E+16
135590,135591,9,1,77,133,2016,4,10,3,3,0,5,0,0,0,1,0,0,0,0,7.06698E+20,5.35955E+21,1.17903E+16,4.83553E+16
135591,135592,9,1,62,0,2016,4,19,5,3,4,2,1,0,0,1,0,0,0,0,6.93127E+20,5.33188E+21,1.15946E+16,4.81108E+16
135592,135593,9,7,72,163,2016,4,8,4,2,2,1,0,0,0,1,0,0,0,0,6.4052E+20,5.34959E+21,1.08942E+16,4.82839E+16
135593,135594,9,1,62,0,2016,4,10,3,3,5,5,0,0,1,1,0,0,0,0,6.89792E+20,5.3309E+21,1.15495E+16,4.8103E+16
135594,135595,9,6,73,114,2016,4,17,4,2,0,7,0,0,1,0,0,0,0,1,5.8798E+20,5.57627E+21,1.02362E+16,5.0332E+16
135595,135596,9,4,63,0,2016,4,10,4,2,4,2,0,0,0,1,0,1,0,0,6.39952E+20,5.5696E+21,1.09636E+16,5.02619E+16
135596,135597,9,5,64,0,2016,4,17,2,3,5,3,0,0,1,1,0,0,0,0,6.49908E+20,5.47855E+21,1.10679E+16,4.94411E+16
135597,135598,9,5,76,113,2016,4,12,5,3,1,7,0,0,1,0,0,0,1,0,6.67135E+20,5.45664E+21,1.12962E+16,4.92397E+16
135598,135599,9,2,61,0,2016,4,13,4,3,1,1,0,0,1,1,0,0,0,0,7.30523E+20,5.38223E+21,1.21239E+16,4.85507E+16
135599,135600,9,1,62,0,2016,4,11,2,3,5,3,0,0,1,1,0,0,0,0,6.88153E+20,5.33383E+21,1.15288E+16,4.81299E+16
135600,135601,9,4,63,0,2016,4,7,5,3,5,3,0,0,1,1,0,0,0,0,6.3952E+20,5.56987E+21,1.09576E+16,5.02645E+16
135601,135602,9,7,61,0,2016,4,19,5,3,1,5,0,0,1,1,0,0,0,0,6.39795E+20,5.35965E+21,1.08878E+16,4.83745E+16
135602,135603,9,1,62,0,2016,4,17,3,3,0,1,0,0,1,0,0,0,0,0,6.89824E+20,5.33461E+21,1.15515E+16,4.81364E+16
135603,135604,9,7,76,126,2016,4,14,5,2,4,2,0,0,1,1,0,0,0,0,5.56655E+20,5.2706E+21,9.7535E+15,4.75863E+16
135604,135605,9,5,63,0,2016,4,16,4,3,1,6,0,0,0,1,0,0,0,0,6.46266E+20,5.48469E+21,1.102E+16,4.94972E+16
135605,135606,9,3,62,0,2016,4,9,4,3,4,6,0,0,1,0,0,0,0,0,7.25455E+20,5.43456E+21,1.2084E+16,4.90227E+16
135606,135607,9,5,64,0,2016,4,20,5,3,9,1,1,0,0,1,0,0,0,0,6.45832E+20,5.47756E+21,1.10114E+16,4.94332E+16
135607,135608,9,1,62,0,2016,4,8,2,3,5,3,0,0,0,1,0,0,0,0,6.86498E+20,5.33459E+21,1.15069E+16,4.81372E+16
135608,135609,9,4,61,0,2016,4,19,5,3,4,2,0,0,1,1,0,0,0,0,6.36207E+20,5.52782E+21,1.08962E+16,4.98873E+16
135609,135610,9,2,75,143,2016,4,7,5,3,5,3,0,0,0,1,0,0,0,0,8.11903E+20,5.36634E+21,1.32122E+16,4.8373E+16
135610,135611,9,5,76,143,2016,4,16,5,3,2,2,0,0,0,1,0,0,0,0,6.51317E+20,5.45674E+21,1.10791E+16,4.92447E+16
135611,135612,9,1,88,120,2016,4,18,5,3,0,7,0,0,1,0,0,0,0,0,6.7741E+20,5.3266E+21,1.13815E+16,4.8068E+16
135612,135613,9,5,63,0,2016,4,10,3,3,5,2,0,0,0,1,0,0,0,1,6.39798E+20,5.48099E+21,1.09294E+16,4.94655E+16
135613,135614,9,1,62,0,2016,4,18,2,3,5,7,0,0,1,0,0,0,0,0,6.94006E+20,5.3345E+21,1.16076E+16,4.81341E+16
135614,135615,9,5,71,166,2016,4,18,5,3,8,1,0,0,1,0,0,0,0,0,6.06169E+20,5.45089E+21,1.04574E+16,4.92016E+16
135615,135616,9,1,87,156,2016,4,18,4,2,0,7,0,0,1,0,0,0,0,0,7.35262E+20,5.29238E+21,1.21384E+16,4.77418E+16
135616,135617,9,1,87,118,2016,4,14,5,2,2,6,0,1,1,1,0,0,0,0,7.52923E+20,5.30098E+21,1.23785E+16,4.78124E+16
135617,135618,9,2,71,148,2016,4,20,4,2,0,1,0,0,1,0,0,0,0,0,7.95402E+20,5.41661E+21,1.30256E+16,4.88321E+16
135618,135619,9,1,62,0,2016,4,7,2,3,5,3,0,1,1,1,0,0,0,0,6.87995E+20,5.33914E+21,1.1529E+16,4.81777E+16
135619,135620,9,5,64,0,2016,4,11,5,3,1,5,0,0,1,1,0,0,0,0,6.52526E+20,5.48354E+21,1.11059E+16,4.94853E+16
135620,135621,9,1,87,150,2016,4,15,4,3,5,3,0,0,1,1,0,0,0,0,7.29688E+20,5.30457E+21,1.20706E+16,4.78534E+16
135621,135622,9,1,84,149,2016,4,13,2,3,6,4,0,0,0,1,1,0,0,0,6.89924E+20,5.35072E+21,1.15601E+16,4.82812E+16
135622,135623,9,3,75,181,2016,4,17,5,3,5,3,0,0,0,1,0,0,0,0,7.20283E+20,5.4366E+21,1.20145E+16,4.90429E+16
135623,135624,9,1,62,0,2016,4,15,4,3,1,7,0,0,0,1,1,0,0,0,6.85568E+20,5.33829E+21,1.1496E+16,4.81707E+16
135624,135625,9,2,79,122,2016,4,13,5,3,0,7,0,0,1,0,0,0,0,0,7.71538E+20,5.39857E+21,1.26893E+16,4.8681E+16
135625,135626,9,1,62,0,2016,4,6,4,3,6,2,0,0,0,0,1,0,0,1,6.90334E+20,5.33519E+21,1.15586E+16,4.81414E+16
135626,135627,9,5,63,0,2016,4,9,3,3,4,2,0,0,0,1,0,0,0,0,6.42325E+20,5.48243E+21,1.09648E+16,4.94779E+16
135627,135628,9,1,62,0,2016,4,13,2,3,5,3,0,0,0,1,0,0,0,0,6.8779E+20,5.33142E+21,1.15228E+16,4.81083E+16
135628,135629,9,1,62,0,2016,4,19,5,3,0,5,0,0,0,1,0,0,0,0,6.93051E+20,5.33381E+21,1.15945E+16,4.81282E+16
135629,135630,9,7,63,0,2016,4,7,4,3,1,7,0,0,0,1,0,0,1,0,5.99406E+20,5.28569E+21,1.03254E+16,4.7717E+16
135630,135631,9,1,62,0,2016,4,17,3,3,5,3,0,0,0,1,0,0,0,0,6.89229E+20,5.33344E+21,1.1543E+16,4.8126E+16
135631,135632,9,1,62,0,2016,4,12,4,3,2,6,0,0,1,0,0,0,0,0,6.89606E+20,5.33546E+21,1.1549E+16,4.81441E+16
135632,135633,9,1,73,126,2016,4,8,5,3,5,3,0,0,1,1,0,0,0,0,6.85635E+20,5.30369E+21,1.14819E+16,4.78597E+16
135633,135634,9,7,61,0,2016,4,23,4,3,5,3,2,0,1,1,0,0,0,0,6.40932E+20,5.35781E+21,1.09025E+16,4.83578E+16
135634,135635,9,5,64,0,2016,4,15,3,3,3,6,0,0,1,1,0,0,0,0,6.52187E+20,5.48066E+21,1.11001E+16,4.94595E+16
135635,135636,9,1,88,127,2016,4,11,2,3,0,1,0,1,0,1,0,0,0,0,6.79521E+20,5.32986E+21,1.14112E+16,4.80967E+16
135636,135637,9,1,84,134,2016,4,9,5,3,0,5,0,0,0,1,0,0,0,0,6.93276E+20,5.32242E+21,1.15924E+16,4.80258E+16
135637,135638,9,7,61,0,2016,4,7,4,2,5,3,0,0,1,1,0,0,0,0,6.39149E+20,5.35922E+21,1.08789E+16,4.83708E+16
135638,135639,9,1,62,0,2016,4,18,3,3,5,3,0,0,0,1,0,0,0,0,6.90519E+20,5.33682E+21,1.15619E+16,4.81561E+16
135639,135640,9,7,75,129,2016,4,17,5,3,5,3,0,0,0,1,0,1,0,0,5.81474E+20,5.34103E+21,1.00968E+16,4.82172E+16
135640,135641,9,5,76,147,2016,4,17,4,2,5,3,0,1,1,1,0,0,0,0,6.41384E+20,5.4474E+21,1.09394E+16,4.91632E+16
135641,135642,9,4,74,126,2016,4,11,4,3,0,1,0,0,1,0,0,0,0,0,6.48549E+20,5.51125E+21,1.10615E+16,4.97354E+16
135642,135643,9,5,73,134,2016,4,16,2,3,6,7,0,0,0,1,1,0,0,0,6.41449E+20,5.47923E+21,1.09516E+16,4.94492E+16
135643,135644,9,5,64,0,2016,4,19,5,3,4,2,0,0,1,1,0,0,0,0,6.45179E+20,5.47947E+21,1.10031E+16,4.94505E+16
135644,135645,9,1,90,142,2016,4,18,4,2,5,3,0,0,1,1,0,0,0,1,6.60559E+20,5.29741E+21,1.11446E+16,4.781E+16
135645,135646,9,1,62,0,2016,4,5,2,3,5,3,2,1,0,1,0,0,0,0,6.89892E+20,5.34261E+21,1.1556E+16,4.82083E+16
135646,135647,9,4,63,0,2016,4,11,5,3,2,6,0,0,0,1,0,0,0,0,6.39902E+20,5.56885E+21,1.09626E+16,5.02552E+16
135647,135648,9,6,79,180,2016,4,9,4,3,5,3,0,0,0,1,0,0,0,0,5.67469E+20,5.52246E+21,9.93853E+15,4.98507E+16
135648,135649,9,5,63,0,2016,4,17,4,3,1,6,0,0,0,1,0,0,0,0,6.44595E+20,5.48023E+21,1.09953E+16,4.94575E+16
135649,135650,9,5,77,177,2016,4,16,2,3,5,3,0,0,0,1,0,1,0,0,6.44017E+20,5.43343E+21,1.09705E+16,4.90369E+16
135650,135651,9,5,64,0,2016,4,8,3,3,2,6,0,0,0,1,0,0,0,1,6.54102E+20,5.4752E+21,1.11244E+16,4.94099E+16
135651,135652,9,1,62,0,2016,4,9,2,3,5,2,0,1,1,1,0,0,0,0,6.90436E+20,5.34269E+21,1.15634E+16,4.82088E+16
135652,135653,9,4,75,168,2016,4,11,5,3,2,6,0,0,0,1,0,0,0,0,7.10184E+20,5.56737E+21,1.19466E+16,5.02211E+16
135653,135654,9,1,62,0,2016,4,17,5,3,1,6,0,0,0,1,0,0,0,0,6.99346E+20,5.33445E+21,1.16793E+16,4.81321E+16
135654,135655,9,1,62,0,2016,4,20,3,2,6,4,2,0,0,1,1,0,0,0,6.88996E+20,5.33757E+21,1.15417E+16,4.81632E+16
135655,135656,9,7,73,125,2016,4,13,5,3,1,6,0,0,0,1,0,0,0,0,6.09663E+20,5.3834E+21,1.04873E+16,4.85941E+16
135656,135657,9,1,72,114,2016,4,13,5,3,4,6,0,0,1,0,0,0,0,0,7.92314E+20,5.29562E+21,1.29E+16,4.77476E+16
135657,135658,9,5,64,0,2016,4,9,4,3,5,3,0,0,1,1,0,0,0,0,6.50747E+20,5.48E+21,1.108E+16,4.9454E+16
135658,135659,9,3,73,147,2016,4,15,4,3,0,3,0,0,0,1,0,0,1,0,6.79315E+20,5.46177E+21,1.14657E+16,4.92823E+16
135659,135660,9,5,64,0,2016,4,7,5,3,5,2,0,0,1,1,0,0,0,0,6.51227E+20,5.47993E+21,1.10866E+16,4.94532E+16
135660,135661,9,1,62,0,2016,4,18,2,2,0,7,0,0,1,0,0,0,0,0,6.88029E+20,5.33762E+21,1.15288E+16,4.8164E+16
135661,135662,9,3,63,0,2016,4,18,5,3,1,5,0,0,1,1,0,0,0,0,7.27463E+20,5.50855E+21,1.21537E+16,4.96864E+16
135662,135663,9,2,61,0,2016,4,18,5,3,2,6,0,0,0,1,0,1,0,0,7.31671E+20,5.38212E+21,1.21394E+16,4.85493E+16
135663,135664,9,2,75,154,2016,4,17,5,3,3,6,0,0,0,1,0,1,0,0,8.0729E+20,5.39607E+21,1.31719E+16,4.86421E+16
135664,135665,9,1,62,0,2016,4,18,3,3,3,2,0,0,1,1,0,0,0,0,6.8828E+20,5.34009E+21,1.15332E+16,4.81861E+16
135665,135666,9,7,61,0,2016,4,14,5,3,1,5,0,0,1,1,0,0,0,0,6.39423E+20,5.36008E+21,1.08829E+16,4.83785E+16
135666,135667,9,1,76,123,2016,4,11,5,3,1,6,0,0,0,1,0,0,0,1,6.61291E+20,5.41674E+21,1.12001E+16,4.88827E+16
135667,135668,9,1,62,0,2016,4,16,2,3,4,2,0,0,0,1,0,0,0,0,6.98281E+20,5.33177E+21,1.16638E+16,4.81083E+16
135668,135669,9,5,64,0,2016,4,15,5,3,4,3,0,0,1,1,0,0,0,0,6.49953E+20,5.47984E+21,1.1069E+16,4.94527E+16
135669,135670,9,1,61,0,2016,4,9,4,2,7,7,0,0,1,0,0,0,0,1,6.77922E+20,5.40282E+21,1.14207E+16,4.87529E+16
135670,135671,9,3,62,0,2016,4,17,5,3,2,6,0,0,0,1,0,1,0,0,7.31458E+20,5.43338E+21,1.21653E+16,4.90099E+16
135671,135672,9,1,84,149,2016,4,17,4,3,5,3,0,0,1,1,0,0,0,0,6.91744E+20,5.35134E+21,1.15849E+16,4.82862E+16
135672,135673,9,2,79,112,2016,4,17,5,2,0,7,0,0,1,0,0,0,0,0,7.56467E+20,5.39312E+21,1.24815E+16,4.86385E+16
135673,135674,9,1,62,0,2016,4,17,4,3,5,2,0,0,1,1,0,0,0,0,6.86658E+20,5.33826E+21,1.15106E+16,4.81702E+16
135674,135675,9,5,64,0,2016,4,13,3,3,0,1,0,0,1,0,0,0,0,0,6.53427E+20,5.47693E+21,1.11158E+16,4.94257E+16
135675,135676,9,1,62,0,2016,4,18,2,3,5,7,0,0,1,0,0,0,0,1,6.89733E+20,5.33165E+21,1.1549E+16,4.81098E+16
135676,135677,9,5,62,0,2016,4,11,5,3,6,7,0,0,1,0,1,0,0,0,6.46188E+20,5.49527E+21,1.10228E+16,4.95923E+16
135677,135678,9,1,74,126,2016,4,22,5,3,0,1,2,0,1,0,0,0,0,1,6.82481E+20,5.34345E+21,1.14567E+16,4.8218E+16
135678,135679,9,4,75,136,2016,4,21,3,2,5,3,2,0,0,1,0,0,0,0,6.93749E+20,5.56822E+21,1.17169E+16,5.02343E+16
135679,135680,9,7,74,121,2016,4,6,2,3,5,3,1,0,0,1,0,0,0,0,6.0494E+20,5.36442E+21,1.04185E+16,4.84241E+16
135680,135681,9,5,71,177,2016,4,15,5,2,5,3,0,0,0,1,0,0,0,0,6.22794E+20,5.45095E+21,1.06856E+16,4.9199E+16
135681,135682,9,1,61,0,2016,4,14,4,3,5,3,0,0,1,1,0,0,0,0,6.79752E+20,5.40065E+21,1.14446E+16,4.8733E+16
135682,135683,9,1,62,0,2016,4,18,4,3,3,6,1,0,1,0,0,0,0,0,6.93643E+20,5.33617E+21,1.16035E+16,4.81493E+16
135683,135684,9,1,89,160,2016,4,16,5,3,1,2,0,0,1,1,0,0,0,0,7.59152E+20,5.29298E+21,1.24568E+16,4.77381E+16
135684,135685,9,7,61,0,2016,4,9,4,3,0,3,0,0,0,0,0,0,0,1,6.42346E+20,5.3579E+21,1.09216E+16,4.83582E+16
135685,135686,9,5,64,0,2016,4,7,4,3,6,7,0,0,1,1,1,0,0,0,6.52316E+20,5.48038E+21,1.11018E+16,4.94569E+16
135686,135687,9,4,78,165,2016,4,18,3,2,5,3,1,0,0,1,0,1,0,0,6.42917E+20,5.55171E+21,1.09984E+16,5.01005E+16
135687,135688,9,7,63,0,2016,4,7,2,3,5,3,0,1,0,1,0,0,0,0,5.99355E+20,5.28986E+21,1.03256E+16,4.77545E+16
135688,135689,9,1,62,0,2016,4,15,5,3,2,2,0,0,0,1,0,0,0,0,6.82348E+20,5.33657E+21,1.1452E+16,4.81562E+16
135689,135690,9,7,61,0,2016,4,19,4,3,0,6,0,0,0,1,0,1,0,0,6.41791E+20,5.36208E+21,1.09155E+16,4.83959E+16
135690,135691,9,7,80,115,2016,4,16,3,3,5,2,0,0,1,1,0,0,0,0,5.94546E+20,5.26469E+21,1.02561E+16,4.75288E+16
135691,135692,9,1,62,0,2016,4,15,5,2,2,6,0,0,0,1,0,0,0,0,6.8993E+20,5.33164E+21,1.15516E+16,4.81096E+16
135692,135693,9,7,77,169,2016,4,12,4,3,0,7,0,0,1,0,0,0,0,0,6.33294E+20,5.27246E+21,1.0773E+16,4.75919E+16
135693,135694,9,7,73,116,2016,4,16,3,3,9,1,0,0,0,1,0,0,0,0,6.22176E+20,5.38085E+21,1.06562E+16,4.85689E+16
135694,135695,9,6,77,177,2016,4,6,4,2,8,1,0,0,0,1,0,0,0,0,5.46483E+20,5.54918E+21,9.64986E+15,5.00931E+16
135695,135696,9,4,76,185,2016,4,15,4,3,6,4,0,0,0,1,1,0,0,0,6.6553E+20,5.56403E+21,1.13197E+16,5.02053E+16
135696,135697,9,5,71,190,2016,4,17,2,2,5,3,0,0,0,1,0,1,0,0,6.26504E+20,5.4638E+21,1.07405E+16,4.93138E+16
135697,135698,9,7,79,131,2016,4,13,2,3,6,4,0,0,0,1,1,0,0,0,6.31812E+20,5.39927E+21,1.07926E+16,4.87325E+16
135698,135699,9,4,64,0,2016,4,16,5,3,0,7,0,1,1,0,0,0,0,0,7.01278E+20,5.57706E+21,1.1827E+16,5.03112E+16
135699,135700,9,1,62,0,2016,4,15,5,3,0,1,0,0,1,0,0,0,0,0,6.91387E+20,5.33629E+21,1.15733E+16,4.8151E+16
135700,135701,9,6,63,0,2016,4,17,3,3,5,3,0,0,1,1,0,0,0,0,5.67866E+20,5.51587E+21,9.9429E+15,4.97915E+16
135701,135702,9,7,61,0,2016,4,17,5,3,5,2,0,0,1,1,0,0,0,0,6.37543E+20,5.36198E+21,1.08581E+16,4.83959E+16
135702,135703,9,1,72,114,2016,4,14,5,2,6,5,0,0,0,1,1,0,0,0,7.90615E+20,5.29244E+21,1.28752E+16,4.77199E+16
135703,135704,9,5,64,0,2016,4,7,4,3,1,6,0,0,0,1,0,1,0,0,6.51322E+20,5.48021E+21,1.10881E+16,4.94556E+16
135704,135705,9,2,71,119,2016,4,16,4,3,0,1,0,0,1,0,0,0,0,0,7.90848E+20,5.41601E+21,1.29633E+16,4.88288E+16
135705,135706,9,7,61,0,2016,4,16,2,3,6,7,0,0,0,1,1,0,0,0,6.4134E+20,5.35888E+21,1.09084E+16,4.83673E+16
135706,135707,9,5,64,0,2016,4,11,5,3,1,1,0,0,0,1,0,0,0,0,6.53033E+20,5.4857E+21,1.11138E+16,4.95046E+16
135707,135708,9,1,86,125,2016,4,16,4,3,8,1,0,0,0,0,0,1,0,0,6.73408E+20,5.37117E+21,1.13461E+16,4.84697E+16
135708,135709,9,7,80,118,2016,4,8,5,3,0,1,0,0,1,0,0,0,0,0,5.96911E+20,5.26528E+21,1.02876E+16,4.75337E+16
135709,135710,9,5,74,132,2016,4,8,4,2,1,3,0,0,1,1,0,0,0,0,6.75003E+20,5.48659E+21,1.14174E+16,4.95067E+16
135710,135711,9,3,62,0,2016,4,12,4,3,5,2,0,0,0,1,0,1,0,0,7.26657E+20,5.43371E+21,1.21E+16,4.90146E+16
135711,135712,9,5,64,0,2016,4,10,5,3,0,7,0,0,0,0,0,0,0,1,6.54682E+20,5.47471E+21,1.11322E+16,4.94054E+16
135712,135713,9,1,90,154,2016,4,6,4,2,5,3,0,0,0,1,0,1,0,0,6.37745E+20,5.28504E+21,1.08361E+16,4.77041E+16
135713,135714,9,7,71,113,2016,4,7,2,3,5,3,0,1,0,1,0,0,0,0,6.57146E+20,5.36962E+21,1.11257E+16,4.84601E+16
135714,135715,9,4,62,0,2016,4,7,5,3,5,2,0,0,1,1,0,0,0,0,6.86527E+20,5.53512E+21,1.15996E+16,4.99393E+16
135715,135716,9,2,62,0,2016,4,8,5,3,0,7,0,0,0,1,0,0,0,0,8.26522E+20,5.38822E+21,1.3426E+16,4.85619E+16
135716,135717,9,5,76,137,2016,4,18,5,3,5,7,0,0,1,1,0,0,0,0,6.50721E+20,5.46337E+21,1.10734E+16,4.93044E+16
135717,135718,9,1,79,145,2016,4,7,5,2,5,3,0,0,1,1,0,0,0,0,6.7353E+20,5.33685E+21,1.13336E+16,4.81612E+16
135718,135719,9,4,63,0,2016,4,10,3,3,0,7,0,0,0,0,0,0,0,1,6.41255E+20,5.57089E+21,1.09823E+16,5.02733E+16
135719,135720,9,6,63,0,2016,4,18,2,3,6,2,0,0,0,1,1,0,0,0,5.66765E+20,5.5157E+21,9.92757E+15,4.97901E+16
135720,135721,9,5,77,136,2016,4,8,5,3,5,3,0,0,0,1,0,0,0,0,6.26208E+20,5.44097E+21,1.07293E+16,4.91086E+16
135721,135722,9,1,74,115,2016,4,18,4,3,7,7,0,0,0,0,1,1,0,0,6.83623E+20,5.34923E+21,1.14746E+16,4.82697E+16
135722,135723,9,3,71,151,2016,4,17,5,3,0,7,0,0,1,0,0,0,0,0,7.00265E+20,5.48556E+21,1.17654E+16,4.94896E+16
135723,135724,9,1,62,0,2016,4,7,4,3,5,3,0,0,1,1,0,0,0,0,6.82425E+20,5.33741E+21,1.14534E+16,4.81638E+16
135724,135725,9,1,90,157,2016,4,15,5,2,0,1,0,0,1,0,0,0,0,0,6.59502E+20,5.30107E+21,1.11318E+16,4.78432E+16
135725,135726,9,6,63,0,2016,4,15,2,3,6,4,0,0,0,1,1,0,0,1,5.6723E+20,5.5167E+21,9.93421E+15,4.9799E+16
135726,135727,9,3,75,148,2016,4,6,5,3,5,3,1,0,1,1,0,0,0,0,7.03663E+20,5.43702E+21,1.17876E+16,4.90524E+16
135727,135728,9,2,61,0,2016,4,11,5,3,0,1,0,0,1,0,0,0,0,0,7.31053E+20,5.37941E+21,1.21295E+16,4.85252E+16
135728,135729,9,1,75,112,2016,4,17,5,3,0,1,0,0,0,0,0,1,0,0,7.2306E+20,5.31898E+21,1.19895E+16,4.79852E+16
135729,135730,9,4,71,145,2016,4,12,3,3,5,3,0,0,0,1,0,0,0,0,6.42812E+20,5.51983E+21,1.09851E+16,4.98139E+16
135730,135731,9,1,62,0,2016,4,16,5,3,5,3,0,0,1,1,0,0,0,0,6.90062E+20,5.34018E+21,1.15572E+16,4.81864E+16
135731,135732,9,7,78,116,2016,4,7,4,3,5,7,0,0,1,1,0,0,0,0,6.19476E+20,5.31818E+21,1.06019E+16,4.80058E+16
135732,135733,9,6,75,142,2016,4,7,3,3,6,4,0,0,0,1,1,0,0,0,5.92154E+20,5.51406E+21,1.02798E+16,4.9772E+16
135733,135734,9,6,79,180,2016,4,7,4,3,6,2,0,0,0,1,1,0,0,0,5.69049E+20,5.52228E+21,9.96047E+15,4.9849E+16
135734,135735,9,5,64,0,2016,4,12,4,3,5,2,0,0,0,1,0,1,0,0,6.45457E+20,5.47882E+21,1.10067E+16,4.94446E+16
135735,135736,9,5,71,145,2016,4,13,2,3,9,1,0,0,0,0,0,1,0,0,5.98131E+20,5.44632E+21,1.0346E+16,4.91619E+16
135736,135737,9,1,88,120,2016,4,13,6,3,0,6,0,0,1,0,0,0,0,0,6.78524E+20,5.32822E+21,1.13971E+16,4.80822E+16
135737,135738,9,2,62,0,2016,4,15,3,3,1,6,0,1,0,1,0,1,0,0,8.26635E+20,5.38829E+21,1.34276E+16,4.85625E+16
135738,135739,9,1,87,117,2016,4,2,1,3,0,1,2,1,1,0,0,0,0,0,7.24773E+20,5.30544E+21,1.20054E+16,4.78629E+16
135739,135740,9,1,62,0,2016,4,17,6,3,1,7,0,0,0,1,0,0,0,0,6.86852E+20,5.33024E+21,1.15097E+16,4.8098E+16
135740,135741,9,7,75,135,2016,4,15,1,3,0,7,0,0,0,0,0,1,0,0,5.74799E+20,5.36003E+21,1.00104E+16,4.8389E+16
135741,135742,9,1,62,0,2016,4,17,2,3,2,6,0,0,0,1,0,0,0,0,6.89735E+20,5.33681E+21,1.15513E+16,4.81562E+16
135742,135743,9,7,61,0,2016,4,18,7,3,1,6,0,0,0,1,0,0,0,1,6.393E+20,5.36015E+21,1.08813E+16,4.83792E+16
135743,135744,9,3,75,174,2016,4,11,6,3,5,3,0,0,0,1,0,0,0,0,7.33494E+20,5.43014E+21,1.21913E+16,4.898E+16
135744,135745,9,1,84,119,2016,4,18,4,3,5,2,0,0,0,1,0,0,0,0,6.96636E+20,5.34905E+21,1.16497E+16,4.82641E+16
135745,135746,9,7,62,0,2016,4,9,2,2,6,2,0,1,0,0,1,0,1,0,6.223E+20,5.30735E+21,1.06366E+16,4.79079E+16
135746,135747,9,5,71,125,2016,4,6,2,3,0,7,1,1,0,1,0,0,0,0,5.95612E+20,5.46263E+21,1.03154E+16,4.93089E+16
135747,135748,9,4,61,0,2016,4,7,4,3,0,6,0,0,0,1,0,0,0,0,6.35228E+20,5.52968E+21,1.08832E+16,4.99042E+16
135748,135749,9,3,73,147,2016,4,16,2,3,2,6,0,0,0,1,0,0,0,0,6.79199E+20,5.46204E+21,1.14642E+16,4.92848E+16
135749,135750,9,1,62,0,2016,4,12,6,3,1,6,0,0,0,1,0,0,0,0,6.92429E+20,5.33815E+21,1.15881E+16,4.81674E+16
135750,135751,9,1,62,0,2016,4,17,3,3,6,4,0,0,0,1,1,0,0,0,6.96999E+20,5.33097E+21,1.16462E+16,4.81015E+16