FID,OBJECTID,ULAND,UREGBEZ,UKREIS,UGEMEINDE,UJAHR,UMONAT,USTUNDE,UWOCHENTAG,UKATEGORIE,UART,UTYP1,ULICHTVERH,IstStrasse,IstRad,IstPKW,IstFuss,IstKrad,IstGkfz,IstSonstig,LINREFX,LINREFY,XGCSWGS84,YGCSWGS84
135751,135752,9,1,62,0,2016,4,15,4,3,5,7,0,1,0,1,0,0,0,0,6.90529E+20,5.33608E+21,1.15617E+16,4.81494E+16
135752,135753,9,1,62,0,2016,4,20,6,3,5,3,1,0,0,1,0,1,0,0,6.90809E+20,5.33651E+21,1.15656E+16,4.81532E+16
135753,135754,9,1,77,115,2016,4,21,5,3,6,7,2,0,0,1,1,0,0,0,7.33657E+20,5.35153E+21,1.21492E+16,4.82738E+16
135754,135755,9,7,61,0,2016,4,23,1,3,8,7,2,0,0,1,0,0,0,0,6.38E+20,5.36036E+21,1.08638E+16,4.83813E+16
135755,135756,9,6,76,131,2016,4,19,7,2,0,7,0,0,1,0,0,0,0,0,5.12936E+20,5.4963E+21,9.1791E+15,4.96192E+16
135756,135757,9,3,62,0,2016,4,21,6,3,0,7,2,0,1,0,0,0,0,0,7.25922E+20,5.43081E+21,1.20883E+16,4.89888E+16
135757,135758,9,7,73,139,2016,4,7,4,3,5,7,0,0,1,1,0,0,0,0,6.1551E+20,5.38542E+21,1.05671E+16,4.86112E+16
135758,135759,9,6,63,0,2016,4,7,2,3,5,2,0,0,0,1,0,1,0,0,5.66234E+20,5.51616E+21,9.92027E+15,4.97943E+16
135759,135760,9,2,61,0,2016,4,10,4,3,6,4,0,0,0,1,1,0,0,0,7.32358E+20,5.38206E+21,1.21486E+16,4.85485E+16
135760,135761,9,1,62,0,2016,4,23,7,3,6,4,2,1,0,1,1,0,0,0,6.91936E+20,5.33498E+21,1.15801E+16,4.81391E+16
135761,135762,9,1,84,138,2016,4,11,3,3,6,7,0,1,0,1,1,0,0,0,6.80033E+20,5.3307E+21,1.14184E+16,4.81041E+16
135762,135763,9,2,77,114,2016,4,0,7,3,7,7,2,0,0,0,0,1,0,0,7.93411E+20,5.37823E+21,1.29714E+16,4.84886E+16
135763,135764,9,5,64,0,2016,4,19,4,3,5,3,0,0,1,0,0,0,0,0,6.48682E+20,5.47763E+21,1.10507E+16,4.94331E+16
135764,135765,9,5,71,225,2016,4,6,3,3,8,1,0,2,0,1,0,0,0,0,5.90818E+20,5.47237E+21,1.02517E+16,4.93973E+16
135765,135766,9,1,86,143,2016,4,21,1,2,5,3,2,0,0,1,0,1,0,0,6.85095E+20,5.37842E+21,1.15073E+16,4.85315E+16
135766,135767,9,4,63,0,2016,4,10,7,3,6,7,0,1,0,1,1,0,0,0,6.40078E+20,5.56921E+21,1.09652E+16,5.02584E+16
135767,135768,9,6,62,0,2016,4,7,4,2,5,3,0,0,0,0,0,1,0,1,5.88731E+20,5.54298E+21,1.0239E+16,5.00325E+16
135768,135769,9,6,62,0,2016,4,21,3,2,5,3,2,1,0,1,0,0,0,0,5.87342E+20,5.54198E+21,1.02193E+16,5.00237E+16
135769,135770,9,5,64,0,2016,4,17,2,3,3,2,0,0,0,1,0,0,0,0,6.54512E+20,5.47729E+21,1.11309E+16,4.94287E+16
135770,135771,9,7,75,152,2016,4,18,6,3,5,3,0,0,1,1,0,0,0,0,5.76456E+20,5.35325E+21,1.00315E+16,4.83278E+16
135771,135772,9,1,61,0,2016,4,10,4,3,5,3,0,0,0,1,0,0,0,0,6.78304E+20,5.39748E+21,1.14236E+16,4.87048E+16
135772,135773,9,2,77,116,2016,4,15,2,2,6,4,0,0,0,1,1,0,0,0,7.79434E+20,5.36847E+21,1.27761E+16,4.84073E+16
135773,135774,9,7,78,165,2016,4,9,6,3,5,3,0,0,0,1,0,0,0,0,5.84617E+20,5.30133E+21,1.01313E+16,4.78597E+16
135774,135775,9,2,74,184,2016,4,17,3,3,3,2,0,1,1,1,0,0,0,0,7.47761E+20,5.37162E+21,1.23508E+16,4.84489E+16
135775,135776,9,1,62,0,2016,4,8,3,3,5,2,0,0,1,1,0,0,0,0,6.92602E+20,5.33211E+21,1.15877E+16,4.81131E+16
135776,135777,9,1,76,161,2016,4,21,7,3,1,5,2,1,0,1,0,0,0,0,6.80138E+20,5.41477E+21,1.1456E+16,4.88597E+16
135777,135778,9,3,73,147,2016,4,18,3,3,5,3,0,0,1,1,0,0,0,0,6.78755E+20,5.46206E+21,1.14581E+16,4.92851E+16
135778,135779,9,1,79,123,2016,4,19,1,3,5,3,0,1,0,1,0,0,0,0,6.75164E+20,5.33318E+21,1.13541E+16,4.81278E+16
135779,135780,9,7,78,116,2016,4,11,6,2,6,4,0,0,1,0,1,0,0,0,6.1891E+20,5.31808E+21,1.05942E+16,4.80049E+16
135780,135781,9,7,61,0,2016,4,17,1,3,2,2,0,0,0,1,0,0,0,0,6.41777E+20,5.36219E+21,1.09154E+16,4.83969E+16
135781,135782,9,1,79,121,2016,4,17,3,3,5,3,0,1,1,1,0,0,0,0,6.65454E+20,5.33697E+21,1.12252E+16,4.81644E+16
135782,135783,9,7,63,0,2016,4,12,6,3,2,6,0,0,1,0,0,0,0,0,5.96495E+20,5.28948E+21,1.02874E+16,4.77514E+16
135783,135784,9,1,62,0,2016,4,19,3,3,5,3,1,1,0,1,0,0,0,0,6.90579E+20,5.34269E+21,1.15653E+16,4.82088E+16
135784,135785,9,1,83,148,2016,4,16,2,3,5,3,0,0,1,1,0,0,0,0,7.5253E+20,5.34431E+21,1.23988E+16,4.82018E+16
135785,135786,9,1,61,0,2016,4,14,3,2,5,6,0,1,1,1,0,0,0,0,6.77064E+20,5.40174E+21,1.14086E+16,4.87435E+16
135786,135787,9,1,62,0,2016,4,9,3,3,5,3,0,0,1,0,0,0,0,1,6.91915E+20,5.3344E+21,1.15795E+16,4.81339E+16
135787,135788,9,1,62,0,2016,4,17,6,2,2,7,0,0,1,0,0,0,0,1,6.87536E+20,5.33672E+21,1.15217E+16,4.8156E+16
135788,135789,9,1,62,0,2016,4,18,2,3,6,4,0,0,0,1,1,0,0,0,6.88151E+20,5.33984E+21,1.15314E+16,4.81839E+16
135789,135790,9,1,62,0,2016,4,23,7,3,5,3,2,1,0,1,0,0,0,0,6.90666E+20,5.33692E+21,1.15639E+16,4.81569E+16
135790,135791,9,7,77,151,2016,4,7,6,3,0,7,0,0,1,0,0,0,0,0,6.21323E+20,5.29461E+21,1.062E+16,4.77934E+16
135791,135792,9,6,79,141,2016,4,10,1,3,0,7,0,0,1,0,0,0,0,1,5.55055E+20,5.5184E+21,9.76528E+15,4.98155E+16
135792,135793,9,1,62,0,2016,4,16,2,3,1,7,0,1,0,1,0,0,1,0,6.92838E+20,5.33078E+21,1.15903E+16,4.8101E+16
135793,135794,9,7,61,0,2016,4,10,7,3,6,7,0,0,0,1,1,0,0,0,6.40637E+20,5.35918E+21,1.0899E+16,4.83701E+16
135794,135795,9,2,71,149,2016,4,17,6,3,0,1,0,0,0,0,0,1,0,0,8.06982E+20,5.40871E+21,1.31771E+16,4.87556E+16
135795,135796,9,1,84,146,2016,4,7,4,3,4,3,0,1,1,1,0,0,0,0,6.99403E+20,5.32791E+21,1.1677E+16,4.80732E+16
135796,135797,9,7,61,0,2016,4,11,2,3,6,4,0,0,0,1,1,0,0,0,6.37616E+20,5.36023E+21,1.08586E+16,4.83802E+16
135797,135798,9,4,64,0,2016,4,11,2,3,4,6,0,0,1,1,0,0,0,0,7.07444E+20,5.57614E+21,1.1913E+16,5.03009E+16
135798,135799,9,7,72,200,2016,4,14,7,3,0,1,0,0,0,0,0,1,0,0,6.30347E+20,5.33848E+21,1.07537E+16,4.81862E+16
135799,135800,9,2,61,0,2016,4,7,6,3,4,6,0,0,1,1,0,0,0,0,7.32449E+20,5.37884E+21,1.21481E+16,4.85196E+16
135800,135801,9,1,62,0,2016,4,8,6,3,5,2,0,0,0,1,0,0,0,0,6.83393E+20,5.33756E+21,1.14665E+16,4.81648E+16
135801,135802,9,1,62,0,2016,4,17,2,3,1,7,0,1,1,1,0,0,0,0,6.92875E+20,5.33396E+21,1.15922E+16,4.81297E+16
135802,135803,9,4,63,0,2016,4,15,2,3,4,2,0,0,0,1,0,0,0,0,6.39626E+20,5.56868E+21,1.09587E+16,5.02538E+16
135803,135804,9,7,77,167,2016,4,20,6,3,9,1,2,0,0,1,0,0,0,0,6.17104E+20,5.2992E+21,1.05649E+16,4.78355E+16
135804,135805,9,1,62,0,2016,4,14,4,3,5,2,0,0,0,1,0,0,0,1,6.90147E+20,5.33525E+21,1.15562E+16,4.81421E+16
135805,135806,9,6,79,202,2016,4,2,1,3,6,7,2,0,0,1,1,0,0,0,5.62907E+20,5.51953E+21,9.87459E+15,4.98249E+16
135806,135807,9,5,64,0,2016,4,12,7,3,2,6,0,1,0,1,0,0,0,0,6.49317E+20,5.47946E+21,1.10601E+16,4.94495E+16
135807,135808,9,2,61,0,2016,4,18,6,2,0,1,0,0,1,0,0,0,0,0,7.36328E+20,5.38287E+21,1.22028E+16,4.85544E+16
135808,135809,9,6,63,0,2016,4,11,4,3,4,6,0,0,0,1,0,0,1,0,5.66416E+20,5.51722E+21,9.92299E+15,4.98037E+16
135809,135810,9,7,61,0,2016,4,16,3,3,3,7,0,1,0,1,0,0,0,1,6.40898E+20,5.35924E+21,1.09025E+16,4.83705E+16
135810,135811,9,5,73,134,2016,4,10,2,2,6,1,0,0,0,1,1,0,0,0,6.42225E+20,5.47823E+21,1.09619E+16,4.94401E+16
135811,135812,9,6,78,123,2016,4,12,2,3,8,7,0,0,0,1,0,0,0,0,5.87695E+20,5.54701E+21,1.02254E+16,5.00689E+16
135812,135813,9,7,79,203,2016,4,15,6,3,5,3,0,0,0,1,0,1,0,0,6.10899E+20,5.40894E+21,1.05109E+16,4.88235E+16
135813,135814,9,1,73,126,2016,4,15,4,2,5,3,0,0,0,1,0,0,0,1,6.81941E+20,5.30672E+21,1.14338E+16,4.7888E+16
135814,135815,9,7,79,194,2016,4,15,6,1,6,2,0,0,0,0,1,1,0,0,6.09317E+20,5.4118E+21,1.04901E+16,4.88495E+16
135815,135816,9,1,62,0,2016,4,8,3,3,6,4,0,0,0,1,1,0,0,0,6.92644E+20,5.33934E+21,1.15915E+16,4.81781E+16
135816,135817,9,2,72,151,2016,4,13,4,3,8,1,0,2,0,1,0,0,0,0,8.42124E+20,5.40273E+21,1.36488E+16,4.86837E+16
135817,135818,9,1,71,114,2016,4,10,2,3,0,7,0,1,1,0,0,0,0,0,7.79867E+20,5.34476E+21,1.27663E+16,4.81943E+16
135818,135819,9,7,79,131,2016,4,15,6,3,1,6,0,0,0,1,0,1,0,0,6.28501E+20,5.39722E+21,1.07469E+16,4.87147E+16
135819,135820,9,1,62,0,2016,4,16,3,3,1,5,0,1,0,1,0,1,0,0,6.90144E+20,5.3348E+21,1.15559E+16,4.8138E+16
135820,135821,9,1,62,0,2016,4,11,4,3,9,7,0,0,0,1,0,0,0,0,6.90914E+20,5.33504E+21,1.15664E+16,4.814E+16
135821,135822,9,3,62,0,2016,4,6,7,3,5,3,0,0,1,1,0,0,0,0,7.27054E+20,5.43411E+21,1.21056E+16,4.9018E+16
135822,135823,9,6,61,0,2016,4,18,4,3,4,2,0,1,0,1,0,0,0,0,5.10329E+20,5.53762E+21,9.1441E+15,4.99908E+16
135823,135824,9,5,62,0,2016,4,20,3,3,5,3,1,1,1,1,0,0,0,0,6.45311E+20,5.49517E+21,1.10107E+16,4.95917E+16
135824,135825,9,1,62,0,2016,4,15,7,3,6,3,0,1,0,1,1,0,0,0,6.91588E+20,5.33621E+21,1.15759E+16,4.81503E+16
135825,135826,9,7,61,0,2016,4,21,6,2,6,7,2,0,0,1,1,0,0,0,6.38758E+20,5.36033E+21,1.0874E+16,4.83809E+16
135826,135827,9,1,88,132,2016,4,12,4,3,9,1,0,0,0,1,0,0,0,0,6.65649E+20,5.32194E+21,1.12219E+16,4.80292E+16
135827,135828,9,1,76,143,2016,4,15,2,3,6,7,0,0,0,1,1,0,0,0,6.79768E+20,5.40913E+21,1.14485E+16,4.88091E+16
135828,135829,9,2,61,0,2016,4,8,3,3,0,1,0,1,1,0,0,0,0,0,7.31689E+20,5.37943E+21,1.21381E+16,4.85252E+16
135829,135830,9,1,62,0,2016,4,18,3,3,0,6,0,1,0,1,0,1,0,0,6.91658E+20,5.33279E+21,1.15753E+16,4.81195E+16
135830,135831,9,1,62,0,2016,4,16,6,3,6,4,0,0,0,1,1,0,0,0,6.8726E+20,5.33437E+21,1.1517E+16,4.8135E+16
135831,135832,9,2,61,0,2016,4,13,7,3,5,7,0,0,1,1,0,0,0,0,7.30457E+20,5.3822E+21,1.2123E+16,4.85505E+16
135832,135833,9,5,64,0,2016,4,10,4,3,5,2,0,0,1,1,0,0,0,0,6.49667E+20,5.47921E+21,1.10648E+16,4.94471E+16
135833,135834,9,4,63,0,2016,4,17,3,3,0,7,0,0,0,0,0,0,0,1,6.39213E+20,5.57096E+21,1.09537E+16,5.02744E+16
135834,135835,9,1,62,0,2016,4,20,7,3,1,5,2,1,0,1,0,0,0,0,6.84253E+20,5.33506E+21,1.14769E+16,4.81421E+16
135835,135836,9,7,61,0,2016,4,11,6,3,0,6,0,0,0,0,0,1,0,0,6.43272E+20,5.36147E+21,1.09353E+16,4.83901E+16
135836,135837,9,6,63,0,2016,4,14,1,3,7,7,0,1,0,0,0,1,0,1,5.69065E+20,5.51671E+21,9.9597E+15,4.97989E+16
135837,135838,9,1,61,0,2016,4,15,3,3,3,6,0,1,0,1,0,0,0,0,6.81703E+20,5.40247E+21,1.14719E+16,4.87487E+16
135838,135839,9,7,61,0,2016,4,22,3,3,6,4,2,1,0,1,1,0,0,0,6.37294E+20,5.36018E+21,1.08542E+16,4.83799E+16
135839,135840,9,2,61,0,2016,4,15,6,3,5,3,0,0,0,1,0,0,0,0,7.32785E+20,5.38217E+21,1.21545E+16,4.85494E+16
135840,135841,9,1,62,0,2016,4,14,6,3,1,5,0,0,1,1,0,0,0,0,6.90479E+20,5.3344E+21,1.15602E+16,4.81343E+16
135841,135842,9,1,62,0,2016,4,19,2,3,2,6,0,0,0,1,0,0,0,0,6.86726E+20,5.33021E+21,1.1508E+16,4.80978E+16
135842,135843,9,4,77,128,2016,4,16,2,3,4,2,0,0,0,1,0,0,0,0,6.76501E+20,5.55436E+21,1.14688E+16,5.01152E+16
135843,135844,9,1,62,0,2016,4,20,7,3,0,7,2,0,1,0,0,0,0,0,6.88586E+20,5.33532E+21,1.15352E+16,4.81431E+16
135844,135845,9,6,63,0,2016,4,16,6,3,5,3,0,0,0,1,0,0,0,0,5.68058E+20,5.51504E+21,9.94542E+15,4.9784E+16
135845,135846,9,6,63,0,2016,4,17,1,3,0,1,0,1,0,0,0,1,0,0,5.67308E+20,5.51485E+21,9.93496E+15,4.97824E+16
135846,135847,9,2,62,0,2016,4,9,3,3,2,6,0,1,0,1,0,0,0,0,8.28586E+20,5.38942E+21,1.34549E+16,4.85716E+16
135847,135848,9,1,84,137,2016,4,13,7,3,8,7,0,0,0,0,0,0,0,1,7.08171E+20,5.31297E+21,1.17873E+16,4.79362E+16
135848,135849,9,6,74,147,2016,4,13,6,2,5,3,0,0,1,1,0,0,0,0,6.09921E+20,5.5434E+21,1.05349E+16,5.00328E+16
135849,135850,9,6,63,0,2016,4,13,1,3,0,7,0,1,0,0,0,0,0,1,5.67296E+20,5.51452E+21,9.93474E+15,4.97793E+16
135850,135851,9,1,75,122,2016,4,14,3,3,5,3,0,1,0,1,0,0,0,0,7.20426E+20,5.32628E+21,1.1958E+16,4.80517E+16
135851,135852,9,7,72,163,2016,4,0,7,3,5,3,2,0,0,1,0,0,0,0,6.39363E+20,5.34951E+21,1.08786E+16,4.82834E+16
135852,135853,9,1,80,122,2016,4,14,6,2,8,1,0,0,0,1,0,0,0,0,6.70592E+20,5.26338E+21,1.12652E+16,4.75015E+16
135853,135854,9,7,63,0,2016,4,12,2,3,5,3,0,1,0,1,0,0,0,0,5.97766E+20,5.28727E+21,1.03039E+16,4.77314E+16
135854,135855,9,4,61,0,2016,4,7,2,3,5,3,0,1,1,1,0,0,0,0,6.36824E+20,5.52794E+21,1.09048E+16,4.98882E+16
135855,135856,9,4,62,0,2016,4,15,4,3,5,2,0,0,1,1,0,0,0,0,6.84075E+20,5.53427E+21,1.1565E+16,4.99324E+16
135856,135857,9,1,76,165,2016,4,6,2,3,0,7,0,0,0,0,0,1,0,0,6.65901E+20,5.41803E+21,1.12634E+16,4.8893E+16
135857,135858,9,6,74,147,2016,4,14,6,2,5,3,0,0,1,1,0,0,0,0,6.09514E+20,5.54424E+21,1.05294E+16,5.00403E+16
135858,135859,9,1,62,0,2016,4,11,4,3,5,3,0,0,1,1,0,0,0,0,6.83441E+20,5.33599E+21,1.14664E+16,4.81506E+16
135859,135860,9,4,63,0,2016,4,10,7,3,0,1,0,0,1,0,0,0,0,0,6.40589E+20,5.57016E+21,1.09727E+16,5.02668E+16
135860,135861,9,6,62,0,2016,4,6,4,3,5,3,0,0,1,1,0,0,0,0,5.87703E+20,5.54591E+21,1.02253E+16,5.0059E+16
135861,135862,9,6,63,0,2016,4,19,7,3,5,3,2,0,0,1,0,0,0,0,5.69509E+20,5.51878E+21,9.96625E+15,4.98175E+16
135862,135863,9,1,61,0,2016,4,6,6,2,1,5,0,0,0,1,0,0,0,1,6.78177E+20,5.4053E+21,1.14252E+16,4.87751E+16
135863,135864,9,7,78,196,2016,4,18,4,3,5,3,0,0,0,1,0,0,0,0,6.01125E+20,5.31786E+21,1.03558E+16,4.8006E+16
135864,135865,9,7,61,0,2016,4,9,2,3,5,3,0,0,0,1,0,0,0,0,6.43202E+20,5.36216E+21,1.09346E+16,4.83964E+16
135865,135866,9,2,73,147,2016,4,17,4,3,4,2,0,0,0,1,0,1,0,0,7.05454E+20,5.38954E+21,1.17882E+16,4.86252E+16
135866,135867,9,6,62,0,2016,4,16,6,3,5,3,0,0,1,1,0,0,0,0,5.8691E+20,5.54123E+21,1.02131E+16,5.0017E+16
135867,135868,9,1,62,0,2016,4,11,3,3,6,3,0,0,0,1,1,0,0,0,6.87369E+20,5.32783E+21,1.15156E+16,4.80762E+16
135868,135869,9,2,71,119,2016,4,21,7,3,8,1,2,1,0,1,0,0,0,0,7.90564E+20,5.41877E+21,1.29614E+16,4.88537E+16
135869,135870,9,5,64,0,2016,4,11,4,2,6,4,0,0,0,1,1,0,0,0,6.5125E+20,5.4779E+21,1.10862E+16,4.9435E+16
135870,135871,9,5,75,153,2016,4,14,3,3,5,3,0,0,0,1,0,0,0,0,6.17223E+20,5.4932E+21,1.06216E+16,4.958E+16
135871,135872,9,1,62,0,2016,4,17,7,3,1,5,0,0,0,1,0,0,0,0,6.92312E+20,5.33795E+21,1.15865E+16,4.81657E+16
135872,135873,9,6,62,0,2016,4,21,6,3,2,2,2,0,1,1,0,0,0,0,5.87404E+20,5.54356E+21,1.02206E+16,5.00379E+16
135873,135874,9,1,79,121,2016,4,19,4,3,5,7,0,1,0,1,0,1,0,0,6.66405E+20,5.3386E+21,1.12386E+16,4.81788E+16
135874,135875,9,1,75,122,2016,4,10,2,3,1,1,0,1,1,1,0,0,0,0,7.20895E+20,5.32569E+21,1.1964E+16,4.80462E+16
135875,135876,9,6,62,0,2016,4,12,3,3,6,7,0,1,1,0,1,0,0,0,5.88254E+20,5.54487E+21,1.02327E+16,5.00496E+16
135876,135877,9,6,71,134,2016,4,13,6,3,0,7,0,0,1,0,0,0,0,0,5.00426E+20,5.54666E+21,9.00595E+15,5.00722E+16
135877,135878,9,1,71,125,2016,4,7,4,3,5,3,1,1,1,1,0,0,0,0,7.73839E+20,5.34906E+21,1.26881E+16,4.82356E+16
135878,135879,9,1,62,0,2016,4,1,1,3,3,7,2,1,0,1,0,0,0,0,6.9196E+20,5.34042E+21,1.15828E+16,4.8188E+16
135879,135880,9,5,62,0,2016,4,14,6,3,2,6,0,0,0,1,0,0,0,0,6.45157E+20,5.49564E+21,1.10087E+16,4.95959E+16
135880,135881,9,2,72,147,2016,4,7,3,3,8,1,0,2,0,1,0,0,0,0,8.18294E+20,5.41911E+21,1.33387E+16,4.88432E+16
135881,135882,9,1,62,0,2016,4,8,3,3,6,4,0,0,1,0,1,0,0,0,6.88848E+20,5.33069E+21,1.15367E+16,4.81015E+16
135882,135883,9,1,61,0,2016,4,15,7,3,2,6,0,0,0,1,0,0,0,0,6.7659E+20,5.4051E+21,1.14036E+16,4.87738E+16
135883,135884,9,3,73,115,2016,4,7,3,2,0,1,0,1,0,0,0,1,0,0,6.91078E+20,5.43989E+21,1.16168E+16,4.90822E+16
135884,135885,9,1,62,0,2016,4,16,7,3,0,5,0,0,0,1,0,0,0,1,6.91704E+20,5.3376E+21,1.15781E+16,4.81627E+16
135885,135886,9,5,62,0,2016,4,15,6,3,3,2,0,0,1,1,0,0,0,0,6.45807E+20,5.49539E+21,1.10176E+16,4.95935E+16
135886,135887,9,6,72,139,2016,4,6,1,2,9,1,0,0,0,1,0,0,0,0,5.6905E+20,5.56244E+21,9.96772E+15,5.02101E+16
135887,135888,9,1,79,123,2016,4,9,3,3,5,7,0,0,0,1,0,0,0,0,6.76789E+20,5.33269E+21,1.13757E+16,4.81229E+16
135888,135889,9,7,77,153,2016,4,10,7,3,5,3,0,0,1,1,0,0,0,0,6.11673E+20,5.27598E+21,1.04864E+16,4.76276E+16
135889,135890,9,1,61,0,2016,4,16,6,3,0,5,0,0,1,0,0,0,0,0,6.77382E+20,5.40557E+21,1.14145E+16,4.87778E+16
135890,135891,9,1,87,137,2016,4,16,3,3,5,3,0,1,0,1,0,0,0,0,7.30666E+20,5.30837E+21,1.20856E+16,4.78872E+16
135891,135892,9,1,62,0,2016,4,16,3,3,0,6,0,1,0,1,0,1,0,0,6.88286E+20,5.33378E+21,1.15305E+16,4.81294E+16
135892,135893,9,1,62,0,2016,4,22,6,3,0,7,2,0,1,0,0,0,0,0,6.91622E+20,5.33499E+21,1.15758E+16,4.81393E+16
135893,135894,9,1,62,0,2016,4,7,2,3,2,6,0,0,0,1,0,0,0,0,6.86889E+20,5.33514E+21,1.15124E+16,4.81421E+16
135894,135895,9,1,62,0,2016,4,20,7,2,0,1,2,1,0,0,0,1,0,0,6.92325E+20,5.33759E+21,1.15865E+16,4.81624E+16
135895,135896,9,5,74,138,2016,4,17,6,3,0,1,0,0,1,0,0,0,0,0,6.64112E+20,5.48785E+21,1.12676E+16,4.95211E+16
135896,135897,9,5,64,0,2016,4,16,1,2,2,3,0,1,0,1,0,1,0,0,6.51624E+20,5.48086E+21,1.10925E+16,4.94615E+16
135897,135898,9,1,62,0,2016,4,9,2,3,5,3,0,1,0,1,0,0,0,0,6.9085E+20,5.33929E+21,1.15674E+16,4.81781E+16
135898,135899,9,7,61,0,2016,4,16,7,3,2,6,0,1,0,1,0,0,0,0,6.39283E+20,5.36134E+21,1.08814E+16,4.83898E+16
135899,135900,9,1,79,145,2016,4,16,6,3,1,6,0,0,0,1,0,1,0,0,6.76539E+20,5.33893E+21,1.13749E+16,4.81791E+16
135900,135901,9,1,62,0,2016,4,23,4,3,5,2,2,0,0,1,0,0,0,0,6.87488E+20,5.33892E+21,1.15221E+16,4.81759E+16
135901,135902,9,7,61,0,2016,4,15,2,3,3,6,0,0,1,1,0,0,0,0,6.38372E+20,5.35906E+21,1.08684E+16,4.83695E+16
135902,135903,9,3,63,0,2016,4,17,2,3,5,3,0,1,1,1,0,0,0,0,7.28293E+20,5.50864E+21,1.21652E+16,4.9687E+16
135903,135904,9,3,75,174,2016,4,13,4,3,0,3,0,0,0,1,0,1,0,0,7.34741E+20,5.43001E+21,1.22082E+16,4.89784E+16
135904,135905,9,1,62,0,2016,4,13,1,3,5,1,0,0,1,0,0,0,0,0,6.91587E+20,5.33759E+21,1.15766E+16,4.81626E+16
135905,135906,9,5,64,0,2016,4,18,6,3,1,7,0,0,1,1,0,0,0,0,6.50003E+20,5.4805E+21,1.107E+16,4.94586E+16
135906,135907,9,1,62,0,2016,4,15,6,3,5,3,0,0,0,1,0,0,0,0,6.79842E+20,5.33505E+21,1.14177E+16,4.81433E+16
135907,135908,9,1,84,131,2016,4,8,2,3,5,3,0,0,1,0,0,0,0,0,7.04824E+20,5.33848E+21,1.17548E+16,4.81666E+16
135908,135909,9,3,74,132,2016,4,22,2,2,8,7,2,0,0,1,0,0,0,0,7.35379E+20,5.49903E+21,1.22575E+16,4.9598E+16
135909,135910,9,1,62,0,2016,4,1,7,3,5,3,2,0,0,1,0,0,0,0,6.92622E+20,5.33481E+21,1.15892E+16,4.81374E+16
135910,135911,9,5,64,0,2016,4,14,6,3,5,2,0,0,1,1,0,0,0,0,6.50068E+20,5.47769E+21,1.10698E+16,4.94334E+16
135911,135912,9,1,62,0,2016,4,18,4,3,0,3,0,0,0,1,0,1,0,0,6.86383E+20,5.33374E+21,1.15049E+16,4.81296E+16
135912,135913,9,5,64,0,2016,4,14,1,3,5,2,0,0,0,1,0,0,0,0,6.49841E+20,5.47824E+21,1.10669E+16,4.94384E+16
135913,135914,9,5,62,0,2016,4,17,7,3,4,2,0,0,0,1,0,0,0,0,6.46403E+20,5.49524E+21,1.10258E+16,4.9592E+16
135914,135915,9,1,79,121,2016,4,15,6,3,2,6,0,0,0,1,0,0,0,0,6.68075E+20,5.33883E+21,1.12611E+16,4.81804E+16
135915,135916,9,7,72,202,2016,4,21,4,3,6,7,1,0,0,1,1,0,0,0,6.37224E+20,5.35868E+21,1.08528E+16,4.83663E+16
135916,135917,9,7,61,0,2016,4,16,3,3,6,2,0,1,0,1,1,0,0,0,6.39716E+20,5.35628E+21,1.08856E+16,4.83442E+16
135917,135918,9,6,62,0,2016,4,7,2,3,0,7,0,0,0,1,0,0,0,0,5.88045E+20,5.54399E+21,1.02296E+16,5.00417E+16
135918,135919,9,1,90,139,2016,4,16,4,2,1,7,0,0,1,1,0,0,0,0,6.54474E+20,5.296E+21,1.10629E+16,4.77989E+16
135919,135920,9,5,77,136,2016,4,11,6,3,6,4,0,0,0,1,1,0,0,0,6.28367E+20,5.44155E+21,1.07591E+16,4.91133E+16
135920,135921,9,1,62,0,2016,4,7,3,3,6,4,0,0,1,0,1,0,0,1,6.87561E+20,5.34146E+21,1.15242E+16,4.81986E+16
135921,135922,9,2,62,0,2016,4,20,7,3,6,2,2,1,0,1,1,0,0,0,8.27265E+20,5.38927E+21,1.34369E+16,4.8571E+16
135922,135923,9,1,62,0,2016,4,7,3,3,2,6,0,0,0,1,0,0,0,0,6.93778E+20,5.34031E+21,1.16072E+16,4.81864E+16
135923,135924,9,1,62,0,2016,4,10,4,3,1,7,0,1,0,1,0,0,0,1,6.87461E+20,5.33372E+21,1.15194E+16,4.81291E+16
135924,135925,9,4,71,214,2016,4,16,7,2,0,1,2,1,1,0,0,0,0,0,6.38325E+20,5.54229E+21,1.09308E+16,5.00168E+16
135925,135926,9,1,74,137,2016,4,8,6,3,4,6,0,0,0,1,0,0,0,0,6.59814E+20,5.35121E+21,1.11547E+16,4.82938E+16
135926,135927,9,6,61,0,2016,4,7,4,3,0,7,0,1,0,1,0,1,0,0,5.11061E+20,5.53656E+21,9.15428E+15,4.99813E+16
135927,135928,9,6,76,122,2016,4,7,3,2,9,1,0,1,0,1,0,0,0,0,5.10716E+20,5.51934E+21,9.14899E+15,4.98264E+16
135928,135929,9,5,61,0,2016,4,12,6,3,6,4,0,0,0,1,1,0,0,0,6.14977E+20,5.46386E+21,1.0582E+16,4.93166E+16