FID,OBJECTID,ULAND,UREGBEZ,UKREIS,UGEMEINDE,UJAHR,UMONAT,USTUNDE,UWOCHENTAG,UKATEGORIE,UART,UTYP1,ULICHTVERH,IstStrasse,IstRad,IstPKW,IstFuss,IstKrad,IstGkfz,IstSonstig,LINREFX,LINREFY,XGCSWGS84,YGCSWGS84
135929,135930,9,1,88,113,2016,4,11,4,3,5,7,0,1,0,1,0,0,0,0,6.75718E+20,5.31624E+21,1.13546E+16,4.79754E+16
135930,135931,9,1,62,0,2016,4,19,1,3,8,1,2,1,0,1,0,0,0,0,6.93588E+20,5.33366E+21,1.16016E+16,4.81268E+16
135931,135932,9,2,61,0,2016,4,8,3,3,2,6,0,0,0,1,0,0,0,0,7.31677E+20,5.38206E+21,1.21394E+16,4.85488E+16
135932,135933,9,1,62,0,2016,4,16,3,3,6,4,0,1,0,1,1,0,0,0,6.94793E+20,5.3354E+21,1.16186E+16,4.8142E+16
135933,135934,9,1,77,134,2016,4,22,7,3,4,6,2,1,0,1,0,0,0,0,7.15038E+20,5.34288E+21,1.18942E+16,4.82027E+16
135934,135935,9,2,63,0,2016,4,6,3,3,0,6,1,1,0,0,0,1,0,0,7.62463E+20,5.42043E+21,1.25802E+16,4.88812E+16
135935,135936,9,1,62,0,2016,4,0,7,3,5,3,2,0,0,1,0,0,0,1,6.92659E+20,5.33479E+21,1.15897E+16,4.81372E+16
135936,135937,9,4,79,136,2016,4,12,6,3,0,1,0,0,1,0,0,0,0,0,7.21514E+20,5.5434E+21,1.20913E+16,5.00017E+16
135937,135938,9,5,64,0,2016,4,14,4,3,5,3,0,0,1,1,0,0,0,0,6.51595E+20,5.47819E+21,1.1091E+16,4.94375E+16
135938,135939,9,4,64,0,2016,4,17,3,3,5,3,0,0,0,1,0,0,0,1,7.09156E+20,5.57864E+21,1.19384E+16,5.03227E+16
135939,135940,9,7,74,155,2016,4,19,7,3,5,3,0,1,0,1,0,0,0,0,5.90224E+20,5.36649E+21,1.02201E+16,4.84451E+16
135940,135941,9,4,64,0,2016,4,13,6,3,4,2,0,0,0,1,0,0,0,0,7.08328E+20,5.57788E+21,1.19263E+16,5.03161E+16
135941,135942,9,1,62,0,2016,4,17,3,3,3,6,0,1,1,1,0,0,0,0,6.90453E+20,5.33462E+21,1.156E+16,4.81363E+16
135942,135943,9,1,62,0,2016,4,16,1,3,0,2,0,0,0,1,0,0,0,1,6.92406E+20,5.33301E+21,1.15855E+16,4.81212E+16
135943,135944,9,1,61,0,2016,4,6,3,2,5,3,0,1,1,1,0,0,0,0,6.77101E+20,5.40463E+21,1.14103E+16,4.87695E+16
135944,135945,9,7,75,135,2016,4,11,3,2,0,5,0,1,0,1,0,0,0,0,5.76584E+20,5.35564E+21,1.00337E+16,4.83493E+16
135945,135946,9,1,62,0,2016,4,10,6,3,5,3,0,0,0,1,0,1,0,0,6.89099E+20,5.33294E+21,1.15411E+16,4.81216E+16
135946,135947,9,1,62,0,2016,4,16,2,3,4,2,0,1,0,1,0,0,0,0,6.94457E+20,5.33303E+21,1.1613E+16,4.81208E+16
135947,135948,9,7,74,145,2016,4,14,7,3,5,3,0,1,0,1,0,0,0,0,6.00187E+20,5.35775E+21,1.03527E+16,4.8365E+16
135948,135949,9,4,78,111,2016,4,13,6,3,0,3,0,0,0,1,0,1,0,0,6.59965E+20,5.55545E+21,1.12382E+16,5.01297E+16
135949,135950,9,5,64,0,2016,4,18,1,2,6,1,0,1,0,1,1,0,0,0,6.50461E+20,5.48434E+21,1.10778E+16,4.9493E+16
135950,135951,9,1,62,0,2016,4,19,2,3,3,6,0,1,1,0,0,1,0,0,6.87471E+20,5.33566E+21,1.15204E+16,4.81465E+16
135951,135952,9,7,61,0,2016,4,11,7,3,4,2,0,0,1,1,0,0,0,0,6.40154E+20,5.35912E+21,1.08924E+16,4.83696E+16
135952,135953,9,1,62,0,2016,4,11,5,3,5,2,0,0,1,1,0,0,0,0,6.90347E+20,5.33586E+21,1.15591E+16,4.81475E+16
135953,135954,9,5,61,0,2016,4,14,1,3,4,6,0,2,0,1,0,0,0,0,6.08017E+20,5.45945E+21,1.04851E+16,4.92782E+16
135954,135955,9,1,78,124,2016,4,8,3,3,3,2,0,0,1,1,0,0,0,0,7.03846E+20,5.35938E+21,1.17517E+16,4.83547E+16
135955,135956,9,7,72,147,2016,4,14,7,3,0,7,0,1,1,0,0,0,0,0,6.39262E+20,5.36576E+21,1.08826E+16,4.84296E+16
135956,135957,9,1,62,0,2016,4,10,5,3,5,3,0,0,1,1,0,0,0,0,6.98439E+20,5.33352E+21,1.16667E+16,4.8124E+16
135957,135958,9,1,62,0,2016,4,13,2,3,1,6,0,1,0,1,0,0,0,1,6.94702E+20,5.33247E+21,1.16161E+16,4.81157E+16
135958,135959,9,3,62,0,2016,4,16,2,3,6,7,0,0,0,0,1,0,0,1,7.28641E+20,5.43746E+21,1.21292E+16,4.90476E+16
135959,135960,9,4,62,0,2016,4,15,6,3,5,3,0,0,1,1,0,0,0,0,6.84762E+20,5.53609E+21,1.15755E+16,4.99486E+16
135960,135961,9,1,62,0,2016,4,9,4,3,5,2,0,1,0,1,0,0,0,0,6.85557E+20,5.33827E+21,1.14958E+16,4.81706E+16
135961,135962,9,4,64,0,2016,4,16,1,2,5,2,0,1,1,1,0,0,0,0,7.07793E+20,5.57871E+21,1.19193E+16,5.03238E+16
135962,135963,9,5,64,0,2016,4,13,7,3,2,6,0,1,0,1,0,0,0,0,6.5078E+20,5.47918E+21,1.10802E+16,4.94465E+16
135963,135964,9,1,62,0,2016,4,10,5,3,5,3,0,0,1,1,0,0,0,0,6.84524E+20,5.33827E+21,1.14819E+16,4.81709E+16
135964,135965,9,6,63,0,2016,4,9,4,3,5,3,0,0,0,1,0,0,0,0,5.69332E+20,5.51817E+21,9.96367E+15,4.98119E+16
135965,135966,9,6,63,0,2016,4,11,3,3,0,3,0,0,0,1,0,1,0,0,5.7039E+20,5.51818E+21,9.97838E+15,4.98119E+16
135966,135967,9,5,62,0,2016,4,8,2,3,4,2,0,0,1,1,0,0,0,0,6.44037E+20,5.49355E+21,1.09925E+16,4.95774E+16
135967,135968,9,4,71,145,2016,4,9,6,3,1,6,0,0,0,1,0,0,0,0,6.43578E+20,5.52101E+21,1.09962E+16,4.98243E+16
135968,135969,9,1,73,126,2016,4,5,4,3,6,2,1,2,0,1,1,0,0,0,6.85629E+20,5.30293E+21,1.14815E+16,4.78528E+16
135969,135970,9,1,62,0,2016,4,9,1,3,5,3,0,1,0,1,0,0,0,0,6.92508E+20,5.34085E+21,1.15904E+16,4.81917E+16
135970,135971,9,1,62,0,2016,4,7,4,3,6,3,0,0,0,1,1,0,0,0,6.93767E+20,5.33438E+21,1.16044E+16,4.81332E+16
135971,135972,9,7,61,0,2016,4,21,2,3,0,3,2,0,1,1,0,0,0,0,6.44203E+20,5.35621E+21,1.09461E+16,4.83426E+16
135972,135973,9,2,77,116,2016,4,17,4,3,4,2,0,0,0,1,0,0,0,0,7.77372E+20,5.36744E+21,1.27477E+16,4.83991E+16
135973,135974,9,1,62,0,2016,4,11,1,3,7,7,0,1,0,1,0,0,0,0,6.85459E+20,5.33013E+21,1.1491E+16,4.80974E+16
135974,135975,9,4,61,0,2016,4,14,6,3,0,7,0,0,1,0,0,0,0,0,6.37468E+20,5.5279E+21,1.09138E+16,4.98877E+16
135975,135976,9,1,62,0,2016,4,14,3,3,0,7,0,1,0,1,0,0,0,1,6.87218E+20,5.33482E+21,1.15166E+16,4.81391E+16
135976,135977,9,3,61,0,2016,4,1,7,3,9,1,2,0,0,1,0,0,0,0,7.06738E+20,5.48012E+21,1.18518E+16,4.94385E+16
135977,135978,9,6,71,143,2016,4,10,4,3,6,7,0,0,0,1,1,0,0,0,5.11859E+20,5.54389E+21,9.16564E+15,5.00472E+16
135978,135979,9,5,64,0,2016,4,14,3,3,2,6,0,0,0,1,0,0,0,0,6.46258E+20,5.48031E+21,1.10183E+16,4.94578E+16
135979,135980,9,7,80,112,2016,4,15,7,3,5,7,0,1,1,1,0,0,0,0,5.90808E+20,5.29498E+21,1.02127E+16,4.78018E+16
135980,135981,9,3,63,0,2016,4,23,6,3,5,3,2,0,0,1,0,0,0,0,7.29299E+20,5.50709E+21,1.21782E+16,4.96727E+16
135981,135982,9,1,79,123,2016,4,16,4,3,5,3,0,1,1,1,0,0,0,0,6.74861E+20,5.33289E+21,1.13499E+16,4.81252E+16
135982,135983,9,7,75,135,2016,4,18,1,2,5,3,0,0,1,1,0,0,0,0,5.76407E+20,5.35578E+21,1.00313E+16,4.83506E+16
135983,135984,9,1,72,128,2016,4,14,3,3,5,2,0,1,0,1,0,0,0,0,7.92509E+20,5.29687E+21,1.29034E+16,4.77588E+16
135984,135985,9,1,62,0,2016,4,16,3,2,2,6,0,1,0,1,0,0,0,0,6.94429E+20,5.33294E+21,1.16126E+16,4.812E+16
135985,135986,9,3,74,147,2016,4,7,6,2,0,6,0,0,0,1,0,0,0,0,7.46082E+20,5.50476E+21,1.2409E+16,4.96452E+16
135986,135987,9,1,62,0,2016,4,18,3,3,6,4,0,1,1,0,1,0,0,0,6.89942E+20,5.33661E+21,1.1554E+16,4.81543E+16
135987,135988,9,1,72,111,2016,4,16,7,3,4,1,0,0,0,1,0,0,0,0,7.96012E+20,5.30576E+21,1.29561E+16,4.7837E+16
135988,135989,9,3,62,0,2016,4,13,3,3,0,1,0,0,1,0,0,0,0,0,7.24753E+20,5.43489E+21,1.20746E+16,4.90259E+16
135989,135990,9,7,76,116,2016,4,13,7,3,2,6,0,1,1,1,0,0,0,0,5.52255E+20,5.26756E+21,9.69462E+15,4.75593E+16
135990,135991,9,3,73,121,2016,4,16,1,3,5,3,0,0,0,1,0,0,0,0,6.89298E+20,5.43449E+21,1.159E+16,4.90342E+16
135991,135992,9,1,76,160,2016,4,6,3,2,5,3,0,1,0,1,0,0,0,0,6.56964E+20,5.41869E+21,1.11418E+16,4.89013E+16
135992,135993,9,1,62,0,2016,4,20,5,3,3,6,1,0,1,1,0,0,0,0,6.91638E+20,5.3328E+21,1.15751E+16,4.81196E+16
135993,135994,9,1,62,0,2016,4,11,6,2,3,2,0,0,1,1,0,0,0,0,6.92114E+20,5.33454E+21,1.15823E+16,4.81351E+16
135994,135995,9,1,84,146,2016,4,17,2,3,6,4,0,1,0,1,1,0,0,0,6.98497E+20,5.32803E+21,1.16649E+16,4.80746E+16
135995,135996,9,5,64,0,2016,4,11,5,3,5,3,0,0,0,1,0,0,0,1,6.4545E+20,5.4788E+21,1.10066E+16,4.94444E+16
135996,135997,9,1,62,0,2016,4,18,6,3,5,3,0,0,1,1,0,0,0,0,6.89948E+20,5.33166E+21,1.15519E+16,4.81099E+16
135997,135998,9,1,77,133,2016,4,18,6,3,1,7,0,0,0,1,0,0,0,0,7.06612E+20,5.35985E+21,1.17892E+16,4.8358E+16
135998,135999,9,7,72,147,2016,4,9,7,3,3,5,0,0,0,1,0,0,0,0,6.3901E+20,5.36475E+21,1.08789E+16,4.84205E+16
135999,136000,9,5,64,0,2016,4,8,5,3,0,7,0,0,1,0,0,0,1,0,6.49809E+20,5.47924E+21,1.10668E+16,4.94474E+16
136000,136001,9,3,75,114,2016,4,16,7,3,4,6,0,0,0,1,0,1,0,0,7.42128E+20,5.44251E+21,1.23164E+16,4.90877E+16
136001,136002,9,3,62,0,2016,5,16,2,3,4,7,0,0,0,1,0,1,0,0,7.23599E+20,5.43319E+21,1.20579E+16,4.90111E+16
136002,136003,9,6,63,0,2016,4,14,6,3,1,5,0,0,1,1,0,0,0,0,5.68012E+20,5.51696E+21,9.94512E+15,4.98012E+16
136003,136004,9,1,62,0,2016,4,14,7,3,1,1,0,0,1,1,0,0,0,0,6.88594E+20,5.33647E+21,1.15358E+16,4.81535E+16
136004,136005,9,1,61,0,2016,5,9,2,3,5,3,0,0,1,0,0,0,0,1,6.75468E+20,5.40463E+21,1.13881E+16,4.87699E+16
136005,136006,9,1,84,144,2016,4,15,7,3,4,6,0,0,1,0,0,0,0,0,6.85122E+20,5.31761E+21,1.1481E+16,4.7985E+16
136006,136007,9,4,75,136,2016,4,6,6,3,1,5,0,0,0,1,0,0,0,0,6.9451E+20,5.56774E+21,1.17273E+16,5.02298E+16
136007,136008,9,1,78,145,2016,4,7,6,3,0,7,0,0,0,0,0,0,1,1,6.97274E+20,5.35528E+21,1.16612E+16,4.83199E+16
136008,136009,9,6,72,140,2016,5,2,1,3,9,7,2,0,0,1,0,0,0,0,5.80519E+20,5.55613E+21,1.01271E+16,5.01519E+16
136009,136010,9,1,72,114,2016,4,15,6,2,5,2,0,0,1,1,0,0,0,0,7.91243E+20,5.29393E+21,1.28846E+16,4.7733E+16
136010,136011,9,5,63,0,2016,5,11,2,3,2,6,0,0,0,1,0,0,0,0,6.45835E+20,5.48142E+21,1.10128E+16,4.94679E+16
136011,136012,9,1,78,124,2016,4,17,6,3,0,1,0,0,1,0,0,0,0,0,7.03401E+20,5.36511E+21,1.17485E+16,4.84063E+16
136012,136013,9,1,71,125,2016,4,16,6,3,5,3,0,0,0,1,0,1,0,0,7.75324E+20,5.34992E+21,1.27086E+16,4.82426E+16
136013,136014,9,7,61,0,2016,4,12,7,3,0,1,0,0,1,0,0,0,0,0,6.37151E+20,5.36017E+21,1.08523E+16,4.83798E+16
136014,136015,9,5,64,0,2016,4,19,5,3,0,1,0,0,1,0,0,0,0,0,6.50174E+20,5.47743E+21,1.10712E+16,4.9431E+16
136015,136016,9,3,62,0,2016,4,15,7,3,2,6,0,0,1,0,0,0,0,1,7.21863E+20,5.433E+21,1.20341E+16,4.901E+16
136016,136017,9,2,76,148,2016,5,16,2,3,0,1,0,0,1,0,0,0,0,0,8.09279E+20,5.43854E+21,1.32308E+16,4.90221E+16
136017,136018,9,6,63,0,2016,4,8,6,3,2,6,0,0,0,1,0,1,0,0,5.6782E+20,5.51376E+21,9.94189E+15,4.97725E+16
136018,136019,9,1,62,0,2016,5,7,1,2,0,1,0,0,1,0,0,0,0,0,6.92893E+20,5.33474E+21,1.15928E+16,4.81367E+16
136019,136020,9,3,62,0,2016,4,13,6,3,5,3,0,0,1,1,0,0,0,0,7.25004E+20,5.43252E+21,1.20767E+16,4.90045E+16
136020,136021,9,1,78,124,2016,4,10,6,3,5,3,0,0,1,1,0,0,0,0,7.02054E+20,5.3645E+21,1.173E+16,4.84012E+16
136021,136022,9,4,64,0,2016,5,5,1,3,5,3,2,0,0,1,0,0,0,0,7.08578E+20,5.57824E+21,1.19301E+16,5.03193E+16
136022,136023,9,5,63,0,2016,5,11,2,3,5,3,0,0,0,1,0,0,0,1,6.45093E+20,5.48471E+21,1.10038E+16,4.94976E+16
136023,136024,9,5,64,0,2016,4,16,5,3,6,4,0,0,0,1,1,0,0,0,6.49882E+20,5.48151E+21,1.10687E+16,4.94677E+16
136024,136025,9,1,89,155,2016,5,13,2,3,4,6,0,1,0,1,0,1,0,1,7.7208E+20,5.30947E+21,1.26393E+16,4.78809E+16
136025,136026,9,1,62,0,2016,4,13,6,3,0,7,0,0,0,1,0,0,0,1,6.92312E+20,5.33764E+21,1.15863E+16,4.81629E+16
136026,136027,9,5,64,0,2016,4,9,5,3,5,2,0,0,1,1,0,0,0,0,6.5052E+20,5.4785E+21,1.10763E+16,4.94406E+16
136027,136028,9,2,73,116,2016,5,13,2,3,8,7,0,1,1,0,0,0,0,0,7.19553E+20,5.42423E+21,1.19978E+16,4.8932E+16
136028,136029,9,1,88,127,2016,5,14,1,3,8,1,0,1,0,1,0,0,0,0,6.73432E+20,5.32914E+21,1.13292E+16,4.80919E+16
136029,136030,9,1,62,0,2016,4,12,5,3,0,1,0,0,0,0,0,1,0,0,6.85774E+20,5.33261E+21,1.14963E+16,4.81196E+16
136030,136031,9,1,62,0,2016,5,14,1,3,5,3,0,1,0,1,0,0,0,0,6.91224E+20,5.34026E+21,1.15729E+16,4.81868E+16
136031,136032,9,1,62,0,2016,4,12,7,3,5,2,0,1,0,1,0,0,0,0,6.94453E+20,5.33346E+21,1.16132E+16,4.81247E+16
136032,136033,9,3,72,164,2016,4,8,6,3,5,3,0,0,0,1,0,0,0,0,7.65648E+20,5.44835E+21,1.26418E+16,4.91305E+16
136033,136034,9,1,62,0,2016,4,16,5,3,6,4,0,0,0,1,1,0,0,0,6.88736E+20,5.34262E+21,1.15405E+16,4.82087E+16
136034,136035,9,3,76,161,2016,5,12,1,3,6,7,0,0,1,0,1,0,0,0,7.25773E+20,5.46848E+21,1.21074E+16,4.93272E+16
136035,136036,9,5,61,0,2016,5,10,2,3,5,3,0,0,0,1,0,0,0,0,6.13773E+20,5.46166E+21,1.05649E+16,4.92971E+16
136036,136037,9,5,64,0,2016,4,17,5,3,0,5,0,0,1,1,0,0,0,0,6.52515E+20,5.48354E+21,1.11058E+16,4.94853E+16
136037,136038,9,1,62,0,2016,4,8,6,3,3,2,0,0,1,1,0,0,0,0,6.89043E+20,5.33754E+21,1.15424E+16,4.8163E+16
136038,136039,9,1,84,136,2016,4,6,5,3,5,3,0,0,0,1,0,1,0,0,6.98037E+20,5.32635E+21,1.1658E+16,4.80596E+16
136039,136040,9,1,90,148,2016,4,15,6,3,2,6,0,0,0,1,0,1,0,0,6.40511E+20,5.29656E+21,1.08767E+16,4.78071E+16
136040,136041,9,7,61,0,2016,4,18,7,3,5,3,0,0,1,1,0,0,0,0,6.41787E+20,5.36203E+21,1.09155E+16,4.83955E+16
136041,136042,9,1,62,0,2016,4,2,5,3,0,6,2,0,0,1,0,0,0,0,6.88906E+20,5.34268E+21,1.15428E+16,4.82092E+16
136042,136043,9,7,61,0,2016,5,18,1,3,0,7,0,1,1,0,1,0,0,0,6.40775E+20,5.35925E+21,1.09009E+16,4.83707E+16
136043,136044,9,1,62,0,2016,4,15,7,3,2,6,0,0,0,1,0,1,0,0,6.90658E+20,5.33337E+21,1.15622E+16,4.8125E+16
136044,136045,9,2,71,119,2016,4,18,6,3,0,7,0,0,0,1,1,0,0,0,7.92159E+20,5.41666E+21,1.29816E+16,4.88341E+16
136045,136046,9,1,61,0,2016,5,11,1,3,3,3,0,0,0,1,0,0,0,0,6.77707E+20,5.40526E+21,1.14188E+16,4.87749E+16
136046,136047,9,4,62,0,2016,5,19,2,3,8,1,0,0,0,0,0,1,0,0,6.85507E+20,5.53151E+21,1.15836E+16,4.99072E+16
136047,136048,9,4,72,175,2016,4,11,5,3,6,7,0,0,0,1,1,0,0,0,6.83695E+20,5.51417E+21,1.15502E+16,4.9752E+16
136048,136049,9,6,74,221,2016,4,8,6,3,7,7,0,0,0,1,0,0,0,0,6.14184E+20,5.54126E+21,1.05937E+16,5.00127E+16
136049,136050,9,1,62,0,2016,4,17,6,3,1,5,0,0,1,1,0,0,0,0,6.93762E+20,5.33407E+21,1.16042E+16,4.81304E+16
136050,136051,9,1,62,0,2016,4,21,5,3,5,3,2,0,0,1,0,0,0,0,6.9151E+20,5.33568E+21,1.15747E+16,4.81455E+16
136051,136052,9,7,61,0,2016,4,13,7,2,0,7,0,0,1,0,0,0,0,0,6.41009E+20,5.36413E+21,1.09057E+16,4.84145E+16
136052,136053,9,4,62,0,2016,4,17,5,3,5,3,0,0,1,1,0,0,0,0,6.8545E+20,5.53487E+21,1.15845E+16,4.99374E+16
136053,136054,9,3,73,147,2016,4,11,7,3,5,3,0,0,0,1,0,0,0,0,6.79388E+20,5.46039E+21,1.14661E+16,4.927E+16
136054,136055,9,3,73,147,2016,5,17,2,3,2,6,0,0,0,1,0,0,0,0,6.79464E+20,5.46225E+21,1.14679E+16,4.92866E+16
136055,136056,9,6,78,135,2016,4,8,6,3,5,3,0,0,0,1,0,0,0,0,5.92255E+20,5.54218E+21,1.0288E+16,5.00247E+16
136056,136057,9,1,62,0,2016,4,13,7,3,5,3,0,0,1,1,0,0,0,0,6.92391E+20,5.33016E+21,1.1584E+16,4.80956E+16
136057,136058,9,4,61,0,2016,4,13,5,3,4,2,0,0,0,1,0,0,0,0,6.35197E+20,5.52937E+21,1.08827E+16,4.99015E+16
136058,136059,9,2,79,127,2016,4,2,7,2,9,7,2,0,0,1,0,0,0,0,7.52755E+20,5.4043E+21,1.24381E+16,4.87403E+16
136059,136060,9,4,61,0,2016,4,6,5,2,5,3,0,0,1,1,0,0,0,0,6.34959E+20,5.52931E+21,1.08793E+16,4.99009E+16
136060,136061,9,6,62,0,2016,4,15,6,3,5,3,0,0,0,1,0,0,0,0,5.886E+20,5.54332E+21,1.02372E+16,5.00356E+16
136061,136062,9,1,62,0,2016,4,13,7,3,5,3,0,0,0,1,0,0,0,0,6.99767E+20,5.33484E+21,1.16852E+16,4.81355E+16
136062,136063,9,1,62,0,2016,4,12,5,3,4,2,0,0,1,0,0,0,0,1,6.87855E+20,5.33815E+21,1.15267E+16,4.81688E+16
136063,136064,9,1,61,0,2016,4,14,6,3,6,4,0,0,0,1,1,0,0,0,6.76807E+20,5.40546E+21,1.14067E+16,4.8777E+16
136064,136065,9,6,75,149,2016,4,13,7,2,5,2,0,0,1,0,0,1,0,0,5.82114E+20,5.50487E+21,1.01385E+16,4.96908E+16
136065,136066,9,5,74,147,2016,5,11,2,3,5,3,0,0,0,1,0,1,0,0,6.8498E+20,5.48622E+21,1.15549E+16,4.95004E+16
136066,136067,9,3,77,129,2016,4,17,5,2,5,2,0,0,1,1,0,0,0,0,7.07235E+20,5.52811E+21,1.1884E+16,4.98695E+16
136067,136068,9,1,71,111,2016,4,15,7,3,0,1,0,0,1,0,0,0,0,0,7.72608E+20,5.34687E+21,1.26701E+16,4.82164E+16
136068,136069,9,2,77,145,2016,5,15,2,2,5,3,0,0,1,0,0,0,1,0,7.97476E+20,5.35264E+21,1.30082E+16,4.8257E+16
136069,136070,9,1,62,0,2016,4,12,7,3,1,3,0,0,1,1,0,0,0,0,6.9053E+20,5.335E+21,1.15612E+16,4.81397E+16
136070,136071,9,6,61,0,2016,4,11,6,3,6,7,0,0,0,1,1,0,0,0,5.10263E+20,5.53608E+21,9.14313E+15,4.9977E+16
136071,136072,9,1,62,0,2016,4,17,5,2,4,2,0,0,1,0,0,0,0,1,6.91546E+20,5.33285E+21,1.15739E+16,4.81201E+16
136072,136073,9,1,62,0,2016,5,19,1,3,5,6,1,1,0,1,0,0,0,1,6.88944E+20,5.33241E+21,1.15387E+16,4.81169E+16
136073,136074,9,3,62,0,2016,4,19,6,3,3,2,0,0,1,1,0,0,0,0,7.24145E+20,5.43251E+21,1.2065E+16,4.90047E+16
136074,136075,9,1,62,0,2016,4,13,5,3,2,2,0,0,0,1,0,0,0,1,6.97253E+20,5.33225E+21,1.16502E+16,4.8113E+16
136075,136076,9,4,62,0,2016,5,13,1,3,1,7,0,0,1,1,0,0,0,0,6.8339E+20,5.53612E+21,1.15564E+16,4.99493E+16
136076,136077,9,1,79,145,2016,5,6,2,3,1,7,0,0,1,1,0,0,0,0,6.75668E+20,5.33785E+21,1.13628E+16,4.81696E+16
136077,136078,9,1,62,0,2016,4,13,7,3,4,7,0,0,0,1,0,1,0,0,6.92641E+20,5.33803E+21,1.15909E+16,4.81663E+16
136078,136079,9,3,74,162,2016,4,19,6,3,5,3,0,0,0,1,0,1,0,0,7.41097E+20,5.50306E+21,1.2339E+16,4.96319E+16
136079,136080,9,1,62,0,2016,4,18,5,3,3,5,0,0,0,1,0,0,0,0,6.90556E+20,5.33401E+21,1.15611E+16,4.81308E+16
136080,136081,9,6,71,111,2016,5,15,1,2,8,7,0,0,1,0,0,0,0,0,5.0454E+20,5.54331E+21,9.0634E+15,5.0042E+16
136081,136082,9,1,88,137,2016,4,20,6,3,0,1,1,0,1,0,0,0,0,0,6.71281E+20,5.31442E+21,1.12944E+16,4.79602E+16
136082,136083,9,5,64,0,2016,5,13,2,3,5,7,0,0,0,1,0,1,0,0,6.47012E+20,5.48075E+21,1.10288E+16,4.94616E+16
136083,136084,9,3,72,126,2016,4,13,5,3,6,4,0,0,1,0,1,0,0,0,7.79046E+20,5.46873E+21,1.28392E+16,4.93075E+16
136084,136085,9,1,80,117,2016,5,17,2,3,3,6,0,0,0,1,0,0,0,0,6.58112E+20,5.26255E+21,1.10993E+16,4.74971E+16
136085,136086,9,1,62,0,2016,4,12,6,3,0,7,0,0,1,0,0,0,0,0,6.88073E+20,5.33267E+21,1.15272E+16,4.81194E+16
136086,136087,9,1,84,135,2016,4,8,5,3,0,7,0,0,1,0,0,0,0,0,6.91399E+20,5.34568E+21,1.15777E+16,4.82354E+16
136087,136088,9,1,88,127,2016,5,21,1,3,8,7,2,1,0,1,0,0,0,0,6.78032E+20,5.33031E+21,1.13914E+16,4.81012E+16
136088,136089,9,1,62,0,2016,4,9,7,3,1,7,0,0,0,1,0,0,0,1,6.91344E+20,5.33675E+21,1.15729E+16,4.81552E+16
136089,136090,9,3,71,120,2016,4,19,6,3,8,1,0,0,0,0,0,1,0,0,7.15566E+20,5.46947E+21,1.19676E+16,4.93398E+16
136090,136091,9,2,61,0,2016,5,17,1,3,3,2,0,0,1,1,0,0,0,0,7.31684E+20,5.38189E+21,1.21394E+16,4.85473E+16
136091,136092,9,4,78,139,2016,5,19,2,3,1,6,0,0,0,1,0,0,0,0,6.46295E+20,5.55568E+21,1.10471E+16,5.01353E+16
136092,136093,9,3,75,122,2016,4,7,5,2,6,4,0,1,0,0,1,0,0,1,7.11638E+20,5.44202E+21,1.18992E+16,4.90946E+16
136093,136094,9,5,77,136,2016,5,19,2,3,0,7,0,0,1,0,0,0,0,0,6.27556E+20,5.44155E+21,1.0748E+16,4.91135E+16
136094,136095,9,3,62,0,2016,4,16,5,3,4,2,0,0,0,1,0,0,0,0,7.24044E+20,5.43462E+21,1.20648E+16,4.90237E+16
136095,136096,9,1,87,165,2016,5,12,2,3,5,2,0,0,0,0,0,1,0,1,7.33574E+20,5.29928E+21,1.21196E+16,4.78045E+16
136096,136097,9,1,62,0,2016,4,10,6,3,5,3,0,0,1,0,0,0,0,0,6.90746E+20,5.33431E+21,1.15638E+16,4.81334E+16
136097,136098,9,1,62,0,2016,4,8,5,3,0,6,0,0,0,1,0,0,0,1,6.86675E+20,5.3303E+21,1.15074E+16,4.80986E+16
136098,136099,9,2,75,116,2016,4,17,6,3,0,1,0,0,1,0,0,0,0,0,8.19334E+20,5.36371E+21,1.33102E+16,4.83457E+16
136099,136100,9,5,64,0,2016,4,13,7,3,5,1,0,0,0,1,0,1,0,0,6.50075E+20,5.47811E+21,1.10701E+16,4.94371E+16
136100,136101,9,1,79,126,2016,5,12,1,3,2,6,0,0,0,1,0,0,0,0,6.76755E+20,5.34136E+21,1.13788E+16,4.82009E+16
136101,136102,9,1,71,111,2016,4,14,7,2,0,1,0,0,1,0,0,0,0,0,7.69891E+20,5.34885E+21,1.26349E+16,4.82354E+16
136102,136103,9,3,62,0,2016,4,16,5,3,2,6,0,0,0,1,0,0,0,0,7.24026E+20,5.43303E+21,1.20636E+16,4.90094E+16
136103,136104,9,5,62,0,2016,4,9,6,3,5,3,0,0,1,1,0,0,0,0,6.44544E+20,5.49484E+21,1.09999E+16,4.95889E+16
136104,136105,9,1,62,0,2016,4,22,7,3,5,3,2,0,0,1,0,0,0,0,6.90358E+20,5.34313E+21,1.15625E+16,4.82128E+16
136105,136106,9,1,62,0,2016,4,16,6,3,0,1,0,0,0,1,0,1,0,0,6.90288E+20,5.33396E+21,1.15575E+16,4.81304E+16