FID,OBJECTID,ULAND,UREGBEZ,UKREIS,UGEMEINDE,UJAHR,UMONAT,USTUNDE,UWOCHENTAG,UKATEGORIE,UART,UTYP1,ULICHTVERH,IstStrasse,IstRad,IstPKW,IstFuss,IstKrad,IstGkfz,IstSonstig,LINREFX,LINREFY,XGCSWGS84,YGCSWGS84
136106,136107,9,1,62,0,2016,4,7,5,3,5,3,0,0,0,1,0,0,0,0,6.8722E+20,5.32962E+21,1.15144E+16,4.80923E+16
136107,136108,9,5,64,0,2016,4,13,7,3,0,1,0,0,1,0,0,0,0,1,6.49424E+20,5.47891E+21,1.10614E+16,4.94444E+16
136108,136109,9,7,75,152,2016,4,7,6,3,5,1,0,0,0,1,0,0,0,0,5.81206E+20,5.35332E+21,1.00956E+16,4.83279E+16
136109,136110,9,7,75,129,2016,4,20,5,3,0,1,0,0,1,0,0,0,0,0,5.81559E+20,5.34247E+21,1.00983E+16,4.82302E+16
136110,136111,9,5,64,0,2016,4,14,7,3,5,3,0,0,1,1,0,0,0,0,6.50284E+20,5.47857E+21,1.10731E+16,4.94412E+16
136111,136112,9,3,73,147,2016,4,10,5,3,5,3,0,0,1,1,0,0,0,0,6.79035E+20,5.46138E+21,1.14616E+16,4.92789E+16
136112,136113,9,1,87,150,2016,4,17,7,2,5,3,0,0,1,0,0,0,0,0,7.29955E+20,5.30446E+21,1.20741E+16,4.78523E+16
136113,136114,9,5,72,131,2016,4,18,6,2,6,4,0,0,0,1,1,0,0,0,6.55664E+20,5.48799E+21,1.1151E+16,4.95245E+16
136114,136115,9,1,62,0,2016,4,9,7,2,3,7,0,0,0,1,0,0,0,1,6.95753E+20,5.33833E+21,1.16329E+16,4.8168E+16
136115,136116,9,1,61,0,2016,5,17,2,3,6,6,0,0,0,1,1,0,0,0,6.78379E+20,5.40403E+21,1.14274E+16,4.87637E+16
136116,136117,9,1,62,0,2016,4,11,7,3,0,1,0,0,1,0,0,0,0,0,6.91751E+20,5.33541E+21,1.15778E+16,4.8143E+16
136117,136118,9,5,64,0,2016,4,18,6,3,2,6,0,0,0,1,0,1,0,0,6.49286E+20,5.47946E+21,1.10597E+16,4.94495E+16
136118,136119,9,7,78,203,2016,4,19,5,3,5,3,0,0,0,1,0,0,0,0,6.22965E+20,5.32496E+21,1.06506E+16,4.80661E+16
136119,136120,9,1,81,130,2016,4,7,6,3,2,6,0,0,0,1,0,1,0,0,6.38659E+20,5.32362E+21,1.08607E+16,4.80508E+16
136120,136121,9,5,63,0,2016,5,16,2,3,6,4,0,0,0,0,1,1,0,0,6.42671E+20,5.48296E+21,1.09697E+16,4.94825E+16
136121,136122,9,2,63,0,2016,4,16,5,3,2,2,0,0,0,1,0,0,0,0,7.64929E+20,5.42102E+21,1.26141E+16,4.88855E+16
136122,136123,9,2,73,111,2016,5,15,2,2,5,3,0,0,1,1,0,0,0,0,7.08788E+20,5.41101E+21,1.18443E+16,4.88169E+16
136123,136124,9,2,72,146,2016,4,7,5,3,8,7,0,0,0,1,0,0,0,0,8.27916E+20,5.42239E+21,1.3472E+16,4.88677E+16
136124,136125,9,1,76,120,2016,4,20,7,2,0,1,0,0,1,0,0,0,0,0,6.82937E+20,5.42348E+21,1.14981E+16,4.89371E+16
136125,136126,9,3,76,161,2016,5,11,2,3,2,6,0,0,0,1,0,0,0,0,7.25765E+20,5.46879E+21,1.21075E+16,4.933E+16
136126,136127,9,5,74,138,2016,4,13,6,3,2,1,0,0,0,1,0,1,0,0,6.64231E+20,5.48692E+21,1.12688E+16,4.95126E+16
136127,136128,9,1,62,0,2016,5,22,1,3,5,3,2,1,0,1,0,0,0,0,6.90958E+20,5.33432E+21,1.15666E+16,4.81335E+16
136128,136129,9,3,62,0,2016,4,13,6,3,2,6,0,0,0,1,0,0,0,0,7.26026E+20,5.43097E+21,1.20898E+16,4.89902E+16
136129,136130,9,7,77,182,2016,4,12,5,3,5,3,0,0,0,1,0,0,0,0,6.26507E+20,5.30868E+21,1.06933E+16,4.79189E+16
136130,136131,9,5,76,142,2016,5,4,1,3,0,1,2,0,1,0,0,0,0,0,6.43635E+20,5.47041E+21,1.09785E+16,4.93695E+16
136131,136132,9,5,73,114,2016,5,18,2,3,0,1,1,0,1,0,0,0,0,0,6.30371E+20,5.47793E+21,1.07984E+16,4.944E+16
136132,136133,9,2,73,152,2016,4,7,5,3,5,3,0,0,0,1,0,1,0,0,7.04308E+20,5.41142E+21,1.17835E+16,4.88221E+16
136133,136134,9,1,89,155,2016,5,18,2,2,5,3,0,0,1,1,0,0,0,0,7.7094E+20,5.30916E+21,1.26239E+16,4.78785E+16
136134,136135,9,7,78,173,2016,4,18,6,3,3,2,0,0,0,1,0,0,0,1,6.11117E+20,5.32193E+21,1.04908E+16,4.8041E+16
136135,136136,9,7,61,0,2016,4,14,5,3,5,3,0,0,1,1,0,0,0,0,6.39247E+20,5.35539E+21,1.0879E+16,4.83363E+16
136136,136137,9,7,79,201,2016,5,14,1,2,2,6,0,0,1,0,0,0,0,0,6.40468E+20,5.39497E+21,1.09088E+16,4.86919E+16
136137,136138,9,7,78,134,2016,4,17,7,3,5,3,0,0,0,1,0,1,0,0,6.12113E+20,5.33394E+21,1.05073E+16,4.81488E+16
136138,136139,9,2,63,0,2016,4,7,6,3,0,1,0,0,1,0,0,0,0,0,7.61837E+20,5.41892E+21,1.25707E+16,4.88679E+16
136139,136140,9,7,72,170,2016,4,16,5,3,0,1,0,0,1,0,0,0,0,0,6.30726E+20,5.33461E+21,1.07576E+16,4.81513E+16
136140,136141,9,1,62,0,2016,5,0,1,3,0,1,2,0,0,0,0,1,0,0,6.92303E+20,5.33737E+21,1.15861E+16,4.81605E+16
136141,136142,9,7,63,0,2016,4,9,7,3,6,4,0,0,0,1,1,0,0,0,5.98631E+20,5.28719E+21,1.03154E+16,4.77305E+16
136142,136143,9,3,73,147,2016,4,12,6,3,4,2,0,0,1,1,0,0,0,0,6.78321E+20,5.46201E+21,1.14521E+16,4.92848E+16
136143,136144,9,7,71,130,2016,4,14,5,3,5,2,0,0,0,1,0,0,0,0,6.45644E+20,5.35749E+21,1.0966E+16,4.83538E+16
136144,136145,9,4,74,126,2016,5,8,1,3,4,1,0,0,0,1,0,1,0,0,6.49002E+20,5.50943E+21,1.10671E+16,4.97189E+16
136145,136146,9,5,75,112,2016,5,10,2,3,5,3,0,0,1,0,0,0,0,1,6.02746E+20,5.4841E+21,1.0419E+16,4.95008E+16
136146,136147,9,1,83,148,2016,4,9,5,3,0,7,0,0,1,0,0,0,0,0,7.52296E+20,5.34623E+21,1.23968E+16,4.82191E+16
136147,136148,9,7,75,129,2016,4,15,6,1,9,1,0,0,1,0,0,0,0,0,5.82078E+20,5.3419E+21,1.01051E+16,4.8225E+16
136148,136149,9,7,72,163,2016,4,15,5,2,2,1,0,0,0,1,0,0,0,1,6.40291E+20,5.34873E+21,1.08908E+16,4.82762E+16
136149,136150,9,2,73,137,2016,4,16,6,3,0,7,0,0,1,0,0,0,0,0,7.10067E+20,5.42219E+21,1.18674E+16,4.89169E+16
136150,136151,9,5,77,173,2016,4,13,7,3,5,7,0,0,1,1,0,0,0,0,6.39716E+20,5.42448E+21,1.09086E+16,4.89574E+16
136151,136152,9,1,89,155,2016,4,7,5,3,0,7,0,1,1,0,0,0,0,0,7.72688E+20,5.30844E+21,1.26467E+16,4.78713E+16
136152,136153,9,1,79,145,2016,4,12,7,3,6,4,0,0,0,1,1,0,0,0,6.75161E+20,5.33829E+21,1.13561E+16,4.81737E+16
136153,136154,9,1,87,148,2016,5,1,1,2,9,1,2,1,0,1,0,0,0,0,7.37691E+20,5.27888E+21,1.21634E+16,4.76197E+16
136154,136155,9,4,77,121,2016,5,17,2,3,5,3,0,0,0,1,0,1,0,0,6.87762E+20,5.5478E+21,1.16229E+16,5.00528E+16
136155,136156,9,1,83,128,2016,4,12,5,3,5,4,0,0,1,0,1,0,0,0,7.61728E+20,5.34908E+21,1.25253E+16,4.82409E+16
136156,136157,9,5,63,0,2016,4,17,6,2,5,3,0,0,1,0,0,0,0,1,6.44175E+20,5.48044E+21,1.09896E+16,4.94595E+16
136157,136158,9,7,77,151,2016,4,9,6,3,5,3,0,0,0,1,0,0,0,0,6.21153E+20,5.29322E+21,1.06173E+16,4.7781E+16
136158,136159,9,7,61,0,2016,4,18,5,3,2,2,0,0,1,1,0,1,0,0,6.39914E+20,5.35739E+21,1.08886E+16,4.83542E+16
136159,136160,9,4,73,166,2016,4,10,7,3,2,6,0,0,0,1,0,0,0,0,6.52499E+20,5.56534E+21,1.11378E+16,5.02205E+16
136160,136161,9,1,72,114,2016,4,19,5,2,2,6,1,1,1,1,0,0,0,0,7.91381E+20,5.29434E+21,1.28867E+16,4.77366E+16
136161,136162,9,1,78,116,2016,4,10,7,3,5,3,0,0,0,1,0,0,0,0,7.01738E+20,5.38158E+21,1.1734E+16,4.85548E+16
136162,136163,9,3,73,147,2016,5,10,2,3,3,2,0,0,1,0,0,0,1,0,6.78905E+20,5.46185E+21,1.14601E+16,4.92832E+16
136163,136164,9,5,64,0,2016,4,11,6,3,5,3,0,0,0,1,0,0,0,0,6.47935E+20,5.47728E+21,1.10403E+16,4.94301E+16
136164,136165,9,1,62,0,2016,4,14,7,3,5,2,0,0,0,1,0,1,0,0,6.92956E+20,5.33992E+21,1.1596E+16,4.81832E+16
136165,136166,9,1,61,0,2016,5,14,2,3,2,6,0,0,0,1,0,0,0,0,6.77862E+20,5.40527E+21,1.14209E+16,4.8775E+16
136166,136167,9,7,63,0,2016,4,18,7,3,4,1,0,1,0,1,0,0,0,0,5.97966E+20,5.28623E+21,1.03063E+16,4.7722E+16
136167,136168,9,4,75,136,2016,4,6,6,3,1,6,0,0,0,1,0,0,0,0,6.94509E+20,5.56774E+21,1.17273E+16,5.02298E+16
136168,136169,9,6,62,0,2016,4,15,5,3,0,7,0,0,0,0,1,0,0,1,5.87093E+20,5.54636E+21,1.02169E+16,5.00631E+16
136169,136170,9,1,63,0,2016,4,16,5,3,1,6,0,0,1,1,0,0,0,0,7.33643E+20,5.30716E+21,1.21248E+16,4.78752E+16
136170,136171,9,5,64,0,2016,4,13,6,3,3,6,0,0,0,1,0,1,0,0,6.49905E+20,5.47925E+21,1.10681E+16,4.94474E+16
136171,136172,9,1,62,0,2016,4,10,7,3,0,5,0,0,0,1,1,0,0,1,6.80228E+20,5.33557E+21,1.14231E+16,4.81478E+16
136172,136173,9,7,77,154,2016,4,17,6,3,2,6,0,0,1,1,0,0,0,0,6.05971E+20,5.30028E+21,1.04164E+16,4.78471E+16
136173,136174,9,6,76,139,2016,4,8,5,3,0,7,0,0,0,0,0,1,0,0,5.17767E+20,5.50582E+21,9.2464E+15,4.97046E+16
136174,136175,9,1,79,123,2016,4,10,6,3,5,3,0,0,1,1,0,0,0,0,6.76009E+20,5.3334E+21,1.13655E+16,4.81295E+16
136175,136176,9,4,72,190,2016,4,17,7,3,0,6,0,0,0,1,0,1,0,0,6.99731E+20,5.52848E+21,1.17799E+16,4.98754E+16
136176,136177,9,1,82,120,2016,4,16,5,3,0,3,0,0,0,1,0,0,0,0,7.02191E+20,5.30658E+21,1.17044E+16,4.78807E+16
136177,136178,9,1,62,0,2016,4,9,6,2,0,5,0,0,1,0,0,0,1,0,6.91808E+20,5.33465E+21,1.15782E+16,4.81362E+16
136178,136179,9,2,71,132,2016,5,12,2,3,4,6,0,0,0,1,0,0,0,0,7.88006E+20,5.41859E+21,1.29265E+16,4.88533E+16
136179,136180,9,5,64,0,2016,4,21,6,3,4,1,2,0,0,1,0,0,0,0,6.4986E+20,5.47837E+21,1.10672E+16,4.94395E+16
136180,136181,9,1,62,0,2016,5,17,1,3,5,3,0,1,1,1,0,0,0,0,6.87876E+20,5.3344E+21,1.15253E+16,4.81351E+16
136181,136182,9,3,62,0,2016,4,0,6,3,6,4,2,0,0,0,1,1,0,0,7.29933E+20,5.43093E+21,1.21431E+16,4.89884E+16
136182,136183,9,6,71,130,2016,4,17,5,3,0,7,0,0,1,0,0,0,0,0,5.14416E+20,5.53958E+21,9.20118E+15,5.00084E+16
136183,136184,9,4,63,0,2016,5,10,1,3,0,1,0,0,1,0,0,0,0,0,6.39736E+20,5.56875E+21,1.09602E+16,5.02544E+16
136184,136185,9,5,77,148,2016,5,18,2,3,5,3,0,0,0,1,0,1,0,0,6.41705E+20,5.41728E+21,1.09333E+16,4.88922E+16
136185,136186,9,1,87,150,2016,4,10,5,3,5,3,0,0,1,1,0,0,0,0,7.29445E+20,5.30409E+21,1.20671E+16,4.78492E+16
136186,136187,9,6,62,0,2016,5,14,1,3,8,7,0,0,1,0,0,0,0,0,5.87029E+20,5.54115E+21,1.02148E+16,5.00163E+16
136187,136188,9,1,79,121,2016,4,20,6,3,2,6,0,0,0,1,0,0,0,0,6.66034E+20,5.33814E+21,1.12334E+16,4.81748E+16
136188,136189,9,5,64,0,2016,5,11,2,3,5,3,0,0,0,1,0,0,0,0,6.51671E+20,5.48034E+21,1.10929E+16,4.94568E+16
136189,136190,9,1,87,122,2016,4,15,5,3,0,7,0,0,1,0,0,0,0,0,7.19266E+20,5.30769E+21,1.1933E+16,4.7885E+16
136190,136191,9,1,62,0,2016,4,7,6,3,4,1,0,0,1,0,0,0,0,0,6.93032E+20,5.3363E+21,1.15954E+16,4.81507E+16
136191,136192,9,1,73,147,2016,5,12,2,3,2,6,0,0,0,1,0,0,0,0,6.81471E+20,5.30855E+21,1.14283E+16,4.79046E+16
136192,136193,9,5,72,132,2016,4,13,5,3,5,3,0,0,0,1,0,0,0,0,6.36973E+20,5.49249E+21,1.08944E+16,4.95695E+16
136193,136194,9,1,62,0,2016,5,11,1,3,6,7,0,0,0,1,0,0,0,1,6.84167E+20,5.33753E+21,1.14768E+16,4.81643E+16
136194,136195,9,7,80,139,2016,4,14,7,2,0,1,0,0,1,0,0,0,0,0,5.9586E+20,5.26305E+21,1.02732E+16,4.75138E+16
136195,136196,9,3,72,116,2016,4,17,6,3,5,3,0,0,0,1,0,0,0,0,7.64276E+20,5.45682E+21,1.26286E+16,4.92071E+16
136196,136197,9,2,76,148,2016,5,13,1,3,6,4,0,0,0,1,1,0,0,0,8.09079E+20,5.43747E+21,1.32273E+16,4.90126E+16
136197,136198,9,4,78,139,2016,5,16,2,3,0,2,0,0,1,1,0,0,0,0,6.48501E+20,5.55873E+21,1.10792E+16,5.01621E+16
136198,136199,9,1,76,139,2016,4,7,5,3,5,3,0,0,1,1,0,0,0,0,6.8201E+20,5.4091E+21,1.1479E+16,4.88082E+16
136199,136200,9,7,73,125,2016,4,17,6,3,0,7,0,0,1,0,0,0,0,0,6.11133E+20,5.38234E+21,1.05069E+16,4.85843E+16
136200,136201,9,5,62,0,2016,4,7,5,3,0,6,0,0,1,1,0,0,0,0,6.42252E+20,5.49539E+21,1.09685E+16,4.95943E+16
136201,136202,9,1,63,0,2016,5,7,2,3,0,1,0,1,0,0,0,1,0,0,7.31905E+20,5.30451E+21,1.21001E+16,4.78521E+16
136202,136203,9,7,72,200,2016,4,16,6,2,4,1,0,0,0,1,0,1,0,0,6.26333E+20,5.33956E+21,1.07001E+16,4.81967E+16
136203,136204,9,5,62,0,2016,4,10,5,3,4,2,0,0,1,1,0,0,0,0,6.45565E+20,5.49621E+21,1.10146E+16,4.96009E+16
136204,136205,9,6,73,170,2016,5,12,1,2,5,3,0,0,1,1,0,0,0,0,5.89982E+20,5.59038E+21,1.02677E+16,5.04585E+16
136205,136206,9,7,77,129,2016,4,8,7,3,5,3,0,0,1,1,0,0,0,0,6.26945E+20,5.26971E+21,1.06878E+16,4.75684E+16
136206,136207,9,2,62,0,2016,4,14,6,2,5,3,0,0,0,1,0,1,0,0,8.23986E+20,5.39043E+21,1.33935E+16,4.85831E+16
136207,136208,9,1,88,139,2016,5,12,1,3,3,2,0,1,0,1,0,1,0,0,6.74833E+20,5.31873E+21,1.13437E+16,4.79979E+16
136208,136209,9,3,75,131,2016,5,16,2,3,0,7,0,0,0,0,0,1,0,0,7.11566E+20,5.44473E+21,1.18996E+16,4.9119E+16
136209,136210,9,1,86,143,2016,4,15,5,3,2,7,0,0,0,1,0,0,0,0,6.84902E+20,5.37783E+21,1.15044E+16,4.85263E+16
136210,136211,9,5,64,0,2016,4,23,6,3,5,3,2,0,1,1,0,0,0,0,6.50378E+20,5.47902E+21,1.10746E+16,4.94452E+16
136211,136212,9,7,61,0,2016,4,8,6,3,2,6,0,0,0,1,0,0,0,1,6.40895E+20,5.35801E+21,1.09021E+16,4.83596E+16
136212,136213,9,5,62,0,2016,4,12,5,3,5,3,0,1,0,1,0,1,0,0,6.46632E+20,5.49563E+21,1.10291E+16,4.95955E+16
136213,136214,9,4,74,133,2016,4,21,7,2,0,1,2,0,1,0,0,0,0,0,6.40804E+20,5.51371E+21,1.0955E+16,4.97594E+16
136214,136215,9,1,76,139,2016,4,13,5,3,5,3,0,0,0,1,0,1,0,0,6.83343E+20,5.40938E+21,1.14973E+16,4.88103E+16
136215,136216,9,1,62,0,2016,4,21,6,3,5,3,2,0,0,1,0,0,0,0,6.81931E+20,5.3395E+21,1.14476E+16,4.81827E+16
136216,136217,9,4,71,145,2016,4,15,7,3,5,3,0,0,0,1,0,1,0,0,6.42713E+20,5.51971E+21,1.09837E+16,4.98128E+16
136217,136218,9,1,61,0,2016,4,17,5,3,3,2,0,0,0,1,0,1,0,0,6.77786E+20,5.40526E+21,1.14199E+16,4.87749E+16
136218,136219,9,1,84,145,2016,4,0,6,3,2,7,2,0,0,1,0,0,0,0,6.94833E+20,5.32562E+21,1.16147E+16,4.80541E+16
136219,136220,9,5,64,0,2016,4,6,6,3,5,3,0,0,0,1,0,1,0,0,6.51589E+20,5.47869E+21,1.10911E+16,4.9442E+16
136220,136221,9,1,62,0,2016,4,10,7,3,5,3,0,0,0,1,0,0,0,0,6.85951E+20,5.33273E+21,1.14987E+16,4.81207E+16
136221,136222,9,5,76,143,2016,4,7,5,3,9,1,0,0,0,0,0,1,0,0,6.50258E+20,5.45384E+21,1.10634E+16,4.92189E+16
136222,136223,9,1,81,139,2016,4,20,6,2,0,1,0,0,1,0,0,0,0,0,6.55817E+20,5.3245E+21,1.10911E+16,4.80547E+16
136223,136224,9,3,74,124,2016,4,9,7,3,5,3,0,0,0,1,0,0,0,0,7.08789E+20,5.51121E+21,1.18966E+16,4.97171E+16
136224,136225,9,5,63,0,2016,5,14,2,3,5,3,0,0,1,1,0,0,0,0,6.42832E+20,5.48219E+21,1.09717E+16,4.94755E+16
136225,136226,9,1,61,0,2016,4,6,5,3,0,1,0,0,1,0,0,0,0,0,6.79773E+20,5.40049E+21,1.14448E+16,4.87315E+16
136226,136227,9,1,62,0,2016,4,19,6,3,0,6,0,0,1,1,0,0,0,0,6.94586E+20,5.33593E+21,1.16161E+16,4.81469E+16
136227,136228,9,2,61,0,2016,5,11,2,3,2,6,0,0,0,1,0,0,0,0,7.31476E+20,5.38287E+21,1.21371E+16,4.85561E+16
136228,136229,9,5,64,0,2016,4,19,6,3,5,3,0,0,1,1,0,0,0,0,6.51276E+20,5.4802E+21,1.10874E+16,4.94556E+16
136229,136230,9,5,74,160,2016,4,10,5,3,4,1,0,0,0,1,0,0,0,0,6.79907E+20,5.50016E+21,1.14912E+16,4.96272E+16
136230,136231,9,1,62,0,2016,5,18,1,3,5,3,0,1,1,1,0,0,0,0,6.90391E+20,5.33348E+21,1.15586E+16,4.81261E+16
136231,136232,9,7,79,186,2016,4,14,7,3,0,1,0,0,1,0,0,0,0,0,6.35923E+20,5.41105E+21,1.08524E+16,4.88375E+16
136232,136233,9,3,73,147,2016,4,15,6,3,5,2,0,0,0,1,0,0,0,0,6.76987E+20,5.4614E+21,1.14335E+16,4.92797E+16
136233,136234,9,3,73,147,2016,5,18,2,3,5,3,0,0,0,1,0,1,0,0,6.78953E+20,5.46238E+21,1.1461E+16,4.9288E+16
136234,136235,9,5,64,0,2016,4,19,6,3,3,6,0,0,1,1,0,0,0,0,6.50911E+20,5.47932E+21,1.1082E+16,4.94478E+16
136235,136236,9,1,78,124,2016,5,18,2,2,0,1,0,0,1,0,0,0,0,0,7.03876E+20,5.36399E+21,1.17544E+16,4.83961E+16
136236,136237,9,7,79,228,2016,4,16,7,3,1,1,0,0,0,1,0,0,0,1,6.26401E+20,5.41512E+21,1.07239E+16,4.88762E+16
136237,136238,9,3,74,165,2016,4,13,6,3,0,5,0,0,0,1,0,0,0,0,7.40182E+20,5.50777E+21,1.23292E+16,4.96745E+16
136238,136239,9,5,63,0,2016,4,15,5,3,0,2,0,0,0,1,0,0,0,1,6.43997E+20,5.48172E+21,1.09876E+16,4.94711E+16
136239,136240,9,5,76,127,2016,5,18,1,2,5,3,0,0,0,1,0,1,0,0,6.58053E+20,5.44967E+21,1.11688E+16,4.91795E+16
136240,136241,9,5,64,0,2016,5,15,2,2,5,2,0,0,1,1,0,0,0,0,6.50337E+20,5.47945E+21,1.10742E+16,4.94491E+16
136241,136242,9,1,79,123,2016,4,15,5,3,6,7,0,0,0,1,1,0,0,0,6.75872E+20,5.33336E+21,1.13637E+16,4.81291E+16
136242,136243,9,1,83,148,2016,5,15,2,3,5,3,0,0,0,1,0,0,0,0,7.51935E+20,5.34468E+21,1.2391E+16,4.82053E+16
136243,136244,9,7,61,0,2016,4,17,6,3,5,3,0,0,1,1,0,0,0,0,6.39853E+20,5.3599E+21,1.08887E+16,4.83768E+16
136244,136245,9,5,64,0,2016,4,14,5,3,5,3,0,0,1,1,0,0,0,0,6.51329E+20,5.48085E+21,1.10884E+16,4.94614E+16
136245,136246,9,7,78,116,2016,5,2,1,2,6,7,2,0,0,1,1,0,0,0,6.19464E+20,5.31891E+21,1.06019E+16,4.80123E+16
136246,136247,9,7,72,200,2016,4,16,7,2,2,2,0,0,0,1,0,1,0,0,6.30599E+20,5.33714E+21,1.07567E+16,4.81741E+16
136247,136248,9,2,76,148,2016,4,15,6,3,2,6,0,0,0,1,0,1,0,0,8.09484E+20,5.43751E+21,1.32329E+16,4.90128E+16
136248,136249,9,2,73,137,2016,5,18,1,3,5,3,0,1,0,1,0,0,0,0,7.10911E+20,5.42107E+21,1.18783E+16,4.89067E+16
136249,136250,9,4,63,0,2016,5,16,2,3,6,4,0,0,0,1,1,0,0,0,6.4124E+20,5.56634E+21,1.09804E+16,5.02323E+16
136250,136251,9,5,64,0,2016,4,7,5,3,5,3,0,0,0,1,0,0,0,0,6.5285E+20,5.47907E+21,1.11087E+16,4.9445E+16
136251,136252,9,4,62,0,2016,5,12,1,2,5,3,0,0,0,1,0,1,0,0,6.83247E+20,5.53566E+21,1.15542E+16,4.99452E+16
136252,136253,9,5,77,138,2016,5,7,2,2,4,6,0,0,0,1,0,1,0,0,6.28947E+20,5.44867E+21,1.07693E+16,4.91773E+16
136253,136254,9,1,78,145,2016,4,7,5,3,9,1,0,0,1,0,0,0,0,0,6.97126E+20,5.35493E+21,1.1659E+16,4.83168E+16
136254,136255,9,6,63,0,2016,4,12,6,3,2,6,0,0,0,1,0,0,0,0,5.67009E+20,5.51459E+21,9.93077E+15,4.978E+16
136255,136256,9,2,79,137,2016,4,11,6,3,1,6,0,0,0,1,0,0,0,0,7.7545E+20,5.40534E+21,1.27468E+16,4.87401E+16
136256,136257,9,3,75,174,2016,4,14,7,2,3,6,0,0,0,1,0,1,0,0,7.35002E+20,5.431E+21,1.22123E+16,4.89872E+16
136257,136258,9,1,62,0,2016,4,17,6,3,6,4,0,0,0,1,1,0,0,0,6.80109E+20,5.33553E+21,1.14215E+16,4.81475E+16
136258,136259,9,1,78,124,2016,4,19,5,3,5,3,0,0,1,1,0,0,0,0,7.0435E+20,5.36426E+21,1.17609E+16,4.83983E+16
136259,136260,9,7,71,114,2016,5,13,3,2,4,1,0,1,0,1,0,0,1,0,6.4611E+20,5.37421E+21,1.09781E+16,4.8504E+16
136260,136261,9,5,71,217,2016,5,14,5,2,9,1,0,0,0,0,0,1,0,0,6.18906E+20,5.47139E+21,1.06383E+16,4.93836E+16
136261,136262,9,7,61,0,2016,5,18,4,3,1,6,0,0,0,1,0,0,0,0,6.38164E+20,5.35937E+21,1.08657E+16,4.83724E+16
136262,136263,9,2,76,148,2016,5,13,3,3,4,2,0,0,0,1,0,1,0,0,8.09084E+20,5.43747E+21,1.32274E+16,4.90126E+16
136263,136264,9,1,62,0,2016,5,13,4,3,0,7,0,0,1,0,0,0,0,0,6.98142E+20,5.33411E+21,1.1663E+16,4.81294E+16
136264,136265,9,6,63,0,2016,5,13,3,3,1,6,0,1,0,1,0,0,0,0,5.68706E+20,5.51682E+21,9.95474E+15,4.97999E+16
136265,136266,9,7,64,0,2016,5,7,2,3,4,6,0,1,1,0,0,0,0,0,5.87901E+20,5.31503E+21,1.0178E+16,4.79825E+16
136266,136267,9,7,76,128,2016,5,15,5,3,0,1,0,0,1,0,0,0,0,0,5.46802E+20,5.26939E+21,9.62234E+15,4.75762E+16
136267,136268,9,5,72,158,2016,5,7,4,3,5,2,0,0,1,1,0,0,0,0,6.49251E+20,5.496E+21,1.10655E+16,4.95982E+16
136268,136269,9,1,72,132,2016,5,16,5,3,8,1,0,0,0,0,0,0,0,1,7.99742E+20,5.27857E+21,1.29871E+16,4.75912E+16
136269,136270,9,3,76,175,2016,5,10,5,3,0,6,0,0,0,1,0,1,0,0,7.32517E+20,5.47062E+21,1.22013E+16,4.93439E+16
136270,136271,9,1,79,121,2016,5,10,5,3,8,7,0,0,0,0,0,1,0,0,6.66549E+20,5.33874E+21,1.12406E+16,4.818E+16
136271,136272,9,4,79,152,2016,5,13,4,3,4,6,0,0,0,0,0,1,0,1,7.23626E+20,5.56141E+21,1.21312E+16,5.01627E+16
136272,136273,9,2,61,0,2016,5,10,3,3,5,3,0,0,1,0,0,0,0,0,7.3286E+20,5.38111E+21,1.21549E+16,4.85398E+16
136273,136274,9,4,73,159,2016,5,7,4,3,0,2,0,0,0,0,0,1,0,1,6.45406E+20,5.57308E+21,1.10414E+16,5.02919E+16
136274,136275,9,1,78,124,2016,5,21,4,3,3,6,2,1,0,1,0,0,0,0,7.03065E+20,5.36463E+21,1.17437E+16,4.84021E+16
136275,136276,9,1,62,0,2016,5,19,3,3,5,2,0,0,1,1,0,0,0,0,6.86247E+20,5.33237E+21,1.15025E+16,4.81173E+16
136276,136277,9,2,61,0,2016,5,7,3,3,3,6,0,0,0,1,0,1,0,0,7.32096E+20,5.38174E+21,1.21449E+16,4.85457E+16
136277,136278,9,4,63,0,2016,5,7,4,3,6,4,0,0,0,1,1,0,0,0,6.39877E+20,5.56909E+21,1.09623E+16,5.02574E+16
136278,136279,9,1,62,0,2016,5,14,4,3,5,2,0,0,1,1,0,0,0,0,6.90776E+20,5.32941E+21,1.1562E+16,4.80894E+16
136279,136280,9,1,76,123,2016,5,8,4,2,0,7,0,0,1,0,0,0,0,0,6.60406E+20,5.4181E+21,1.11885E+16,4.8895E+16
136280,136281,9,6,63,0,2016,5,16,3,2,6,4,0,0,0,1,1,0,0,0,5.66632E+20,5.51655E+21,9.92588E+15,4.97977E+16
136281,136282,9,7,78,116,2016,5,12,2,3,0,1,0,0,1,0,0,0,0,0,6.1871E+20,5.31872E+21,1.05917E+16,4.80107E+16
136282,136283,9,7,77,169,2016,5,21,5,3,1,6,2,0,1,1,0,0,0,0,6.30638E+20,5.27084E+21,1.07372E+16,4.75778E+16