FID,OBJECTID,ULAND,UREGBEZ,UKREIS,UGEMEINDE,UJAHR,UMONAT,USTUNDE,UWOCHENTAG,UKATEGORIE,UART,UTYP1,ULICHTVERH,IstStrasse,IstRad,IstPKW,IstFuss,IstKrad,IstGkfz,IstSonstig,LINREFX,LINREFY,XGCSWGS84,YGCSWGS84
136283,136284,9,5,65,0,2016,5,19,4,3,5,3,0,0,1,1,0,0,0,0,6.46959E+20,5.46659E+21,1.10229E+16,4.93343E+16
136284,136285,9,2,78,118,2016,5,13,5,2,3,7,0,0,1,0,0,0,0,0,7.7098E+20,5.42288E+21,1.26977E+16,4.88995E+16
136285,136286,9,4,77,128,2016,5,11,4,3,5,3,0,0,0,1,0,0,0,0,6.74675E+20,5.55309E+21,1.14427E+16,5.01044E+16
136286,136287,9,2,74,182,2016,5,9,3,3,0,7,0,0,1,0,0,0,0,0,7.28742E+20,5.37695E+21,1.20969E+16,4.8504E+16
136287,136288,9,1,62,0,2016,5,12,3,3,1,6,0,0,0,1,0,0,0,0,6.81111E+20,5.33735E+21,1.14357E+16,4.81636E+16
136288,136289,9,1,62,0,2016,5,15,3,3,6,4,0,0,0,1,1,0,0,0,6.90629E+20,5.33741E+21,1.15636E+16,4.81613E+16
136289,136290,9,6,63,0,2016,5,19,3,3,4,7,0,0,1,1,0,0,0,0,5.66517E+20,5.51622E+21,9.92422E+15,4.97948E+16
136290,136291,9,6,61,0,2016,5,17,5,3,8,1,0,0,1,0,0,0,0,0,5.08265E+20,5.53763E+21,9.1153E+15,4.99909E+16
136291,136292,9,7,61,0,2016,5,18,4,3,2,6,0,0,0,1,0,0,0,0,6.3804E+20,5.3594E+21,1.0864E+16,4.83727E+16
136292,136293,9,6,63,0,2016,5,14,3,3,6,4,0,1,0,1,1,0,0,0,5.67548E+20,5.5131E+21,9.938E+15,4.97666E+16
136293,136294,9,7,61,0,2016,5,18,5,3,5,3,0,0,0,1,0,0,0,0,6.39187E+20,5.35616E+21,1.08784E+16,4.83433E+16
136294,136295,9,1,89,155,2016,5,16,5,3,0,7,0,0,1,0,0,0,0,0,7.73081E+20,5.30851E+21,1.2652E+16,4.78718E+16
136295,136296,9,1,73,126,2016,5,7,3,3,5,3,0,0,1,1,0,0,0,0,6.84788E+20,5.30512E+21,1.14712E+16,4.78728E+16
136296,136297,9,2,74,194,2016,5,11,5,2,3,1,0,0,1,0,0,0,0,0,7.22655E+20,5.37753E+21,1.20149E+16,4.85114E+16
136297,136298,9,1,74,126,2016,5,1,5,2,1,5,2,0,1,1,0,0,0,0,6.82068E+20,5.34267E+21,1.14508E+16,4.82111E+16
136298,136299,9,4,74,154,2016,5,18,4,3,2,2,0,0,0,1,0,0,0,0,6.53666E+20,5.49797E+21,1.11273E+16,4.96147E+16
136299,136300,9,1,73,126,2016,5,7,3,3,4,2,0,0,1,0,0,0,0,0,6.8508E+20,5.30369E+21,1.14745E+16,4.78599E+16
136300,136301,9,1,62,0,2016,5,18,3,3,3,7,0,1,0,1,0,1,0,0,6.86677E+20,5.3383E+21,1.15109E+16,4.81705E+16
136301,136302,9,6,77,155,2016,5,15,3,3,5,3,0,0,1,1,0,0,0,0,5.41125E+20,5.53796E+21,9.57375E+15,4.99925E+16
136302,136303,9,5,64,0,2016,5,16,5,3,4,2,0,0,0,1,0,0,0,0,6.50983E+20,5.47955E+21,1.10831E+16,4.94498E+16
136303,136304,9,7,61,0,2016,5,17,4,3,2,6,0,0,0,1,0,0,0,0,6.38539E+20,5.35932E+21,1.08707E+16,4.83719E+16
136304,136305,9,1,89,155,2016,5,15,3,2,5,3,0,1,0,1,0,1,0,0,7.7178E+20,5.30919E+21,1.26351E+16,4.78785E+16
136305,136306,9,4,61,0,2016,5,17,4,3,1,6,0,0,0,1,0,0,0,0,6.36272E+20,5.52828E+21,1.08972E+16,4.98914E+16
136306,136307,9,1,62,0,2016,5,10,4,3,1,5,0,0,0,1,0,0,0,0,6.95277E+20,5.33609E+21,1.16254E+16,4.8148E+16
136307,136308,9,1,83,128,2016,5,17,3,3,5,3,0,0,0,1,0,0,0,0,7.61892E+20,5.34942E+21,1.25277E+16,4.82439E+16
136308,136309,9,1,90,140,2016,5,14,5,2,5,3,0,0,0,1,0,1,0,0,6.44182E+20,5.29543E+21,1.09253E+16,4.77961E+16
136309,136310,9,1,74,115,2016,5,13,5,3,5,3,0,0,0,1,0,0,0,0,6.81217E+20,5.34789E+21,1.14416E+16,4.82583E+16
136310,136311,9,4,61,0,2016,5,10,4,2,5,3,0,0,0,1,0,0,0,0,6.37122E+20,5.52954E+21,1.09095E+16,4.99026E+16
136311,136312,9,1,84,149,2016,5,13,3,3,5,3,0,0,1,0,0,0,0,0,6.90632E+20,5.35039E+21,1.15695E+16,4.8278E+16
136312,136313,9,6,74,130,2016,5,11,3,3,6,4,0,0,0,1,1,0,0,0,6.28534E+20,5.55124E+21,1.07973E+16,5.00995E+16
136313,136314,9,5,74,138,2016,5,8,4,3,5,2,0,0,0,1,0,1,0,0,6.65782E+20,5.48569E+21,1.12897E+16,4.95012E+16
136314,136315,9,3,74,132,2016,5,16,5,2,0,1,0,0,1,0,0,0,0,0,7.36914E+20,5.49853E+21,1.22784E+16,4.95929E+16
136315,136316,9,7,61,0,2016,5,12,4,3,0,1,0,0,1,0,0,0,0,0,6.39295E+20,5.3612E+21,1.08815E+16,4.83886E+16
136316,136317,9,1,83,128,2016,5,16,3,2,6,7,0,0,0,1,1,0,0,0,7.61664E+20,5.34911E+21,1.25245E+16,4.82412E+16
136317,136318,9,1,62,0,2016,5,10,4,3,0,5,0,0,1,1,0,0,0,0,6.9059E+20,5.33475E+21,1.15619E+16,4.81374E+16
136318,136319,9,6,78,193,2016,5,18,3,2,5,3,0,0,1,0,0,0,0,0,5.77679E+20,5.53308E+21,1.00827E+16,4.99451E+16
136319,136320,9,7,80,124,2016,5,2,2,2,0,1,2,1,1,0,0,0,0,0,5.91452E+20,5.26788E+21,1.02156E+16,4.75579E+16
136320,136321,9,7,80,144,2016,5,14,5,3,5,2,0,0,0,1,0,1,0,0,5.90391E+20,5.27976E+21,1.0204E+16,4.76649E+16
136321,136322,9,5,74,160,2016,5,19,4,2,9,1,0,0,0,1,0,0,0,0,6.79827E+20,5.49993E+21,1.149E+16,4.96252E+16
136322,136323,9,1,71,111,2016,5,18,5,2,0,7,1,0,0,0,0,1,0,0,7.73548E+20,5.34842E+21,1.26838E+16,4.823E+16
136323,136324,9,6,76,121,2016,5,12,3,3,5,3,0,1,0,1,0,0,0,0,5.11749E+20,5.52237E+21,9.16344E+15,4.98536E+16
136324,136325,9,7,77,169,2016,5,11,2,3,6,6,0,0,0,1,1,0,0,0,6.30874E+20,5.26818E+21,1.07395E+16,4.75539E+16
136325,136326,9,7,78,219,2016,5,16,5,3,5,3,0,0,0,1,0,0,0,0,5.89826E+20,5.30848E+21,1.02024E+16,4.79233E+16
136326,136327,9,6,61,0,2016,5,12,3,3,5,3,0,1,0,0,0,0,1,1,5.095E+20,5.53486E+21,9.13247E+15,4.9966E+16
136327,136328,9,5,74,164,2016,5,13,4,3,5,3,0,0,1,1,0,0,0,0,6.66334E+20,5.47503E+21,1.12929E+16,4.94052E+16
136328,136329,9,1,87,126,2016,5,16,5,3,5,3,0,0,1,1,0,0,0,0,7.38952E+20,5.32349E+21,1.22047E+16,4.80199E+16
136329,136330,9,1,72,114,2016,5,11,3,3,1,7,0,0,0,1,0,0,1,1,7.90841E+20,5.29301E+21,1.28786E+16,4.77248E+16
136330,136331,9,3,75,170,2016,5,22,4,3,5,3,2,0,0,1,0,1,0,0,7.36834E+20,5.4312E+21,1.22375E+16,4.89883E+16
136331,136332,9,1,62,0,2016,5,20,4,3,6,4,1,0,1,0,1,0,0,0,6.9191E+20,5.33463E+21,1.15795E+16,4.81359E+16
136332,136333,9,1,74,131,2016,5,13,4,3,6,7,0,0,0,1,1,0,0,0,6.76274E+20,5.35844E+21,1.13795E+16,4.83546E+16
136333,136334,9,1,84,119,2016,5,10,3,3,2,6,0,0,0,1,0,0,0,0,6.96646E+20,5.34905E+21,1.16498E+16,4.82641E+16
136334,136335,9,5,62,0,2016,5,9,3,3,3,6,0,0,0,1,0,0,1,0,6.43988E+20,5.4922E+21,1.09913E+16,4.95653E+16
136335,136336,9,7,79,194,2016,5,16,2,3,1,2,0,0,1,1,0,0,0,0,6.10477E+20,5.41146E+21,1.05058E+16,4.88463E+16
136336,136337,9,7,79,194,2016,5,16,5,2,3,7,0,0,1,0,0,0,0,0,6.08751E+20,5.41158E+21,1.04823E+16,4.88476E+16
136337,136338,9,1,72,134,2016,5,10,5,3,5,3,0,0,1,1,0,0,0,0,7.8779E+20,5.31005E+21,1.28493E+16,4.78792E+16
136338,136339,9,5,64,0,2016,5,17,4,3,6,4,0,0,0,1,1,0,0,0,6.51745E+20,5.4806E+21,1.1094E+16,4.94591E+16
136339,136340,9,1,87,165,2016,5,16,3,3,0,1,0,0,1,0,0,0,0,0,7.33369E+20,5.29897E+21,1.21167E+16,4.78017E+16
136340,136341,9,2,72,151,2016,5,23,5,2,9,1,2,0,0,1,0,0,0,0,8.36509E+20,5.4136E+21,1.35816E+16,4.87842E+16
136341,136342,9,3,75,184,2016,5,20,4,2,2,7,0,0,0,0,0,1,0,0,7.1495E+20,5.44098E+21,1.19439E+16,4.90841E+16
136342,136343,9,1,61,0,2016,5,13,3,3,3,6,0,0,1,0,0,0,0,0,6.75475E+20,5.40463E+21,1.13882E+16,4.87699E+16
136343,136344,9,2,63,0,2016,5,17,5,3,0,1,0,0,1,0,0,0,0,0,7.61994E+20,5.42002E+21,1.25735E+16,4.88777E+16
136344,136345,9,1,77,117,2016,5,16,5,3,0,7,0,0,0,0,0,1,0,0,7.15815E+20,5.353E+21,1.19098E+16,4.82934E+16
136345,136346,9,3,71,127,2016,5,14,4,3,0,7,0,0,1,0,0,0,1,0,7.12933E+20,5.49213E+21,1.19436E+16,4.95443E+16
136346,136347,9,1,85,158,2016,5,8,3,3,5,3,0,0,0,1,0,1,0,0,6.67995E+20,5.38164E+21,1.12771E+16,4.85653E+16
136347,136348,9,3,76,161,2016,5,11,4,3,5,3,0,0,1,1,0,0,0,0,7.27627E+20,5.46796E+21,1.21326E+16,4.93219E+16
136348,136349,9,1,62,0,2016,5,13,3,3,1,1,0,0,1,1,0,0,0,0,6.92034E+20,5.3383E+21,1.15829E+16,4.81689E+16
136349,136350,9,1,62,0,2016,5,14,3,3,1,5,0,1,0,1,0,0,0,0,6.92225E+20,5.33098E+21,1.15821E+16,4.81031E+16
136350,136351,9,5,72,135,2016,5,17,3,3,6,4,0,0,0,1,1,0,0,0,6.30396E+20,5.50832E+21,1.08088E+16,4.97132E+16
136351,136352,9,6,79,175,2016,5,16,5,2,0,1,0,0,1,0,0,0,0,0,5.69649E+20,5.5128E+21,9.96712E+15,4.97636E+16
136352,136353,9,7,61,0,2016,5,7,4,3,5,7,0,0,1,1,0,0,0,0,6.38796E+20,5.35703E+21,1.08734E+16,4.83512E+16
136353,136354,9,1,88,144,2016,5,18,3,3,4,1,0,1,0,1,0,0,0,0,6.6718E+20,5.329E+21,1.12452E+16,4.80924E+16
136354,136355,9,2,73,111,2016,5,19,5,3,0,1,0,0,1,0,0,0,0,0,7.10105E+20,5.41097E+21,1.18622E+16,4.88162E+16
136355,136356,9,1,62,0,2016,5,18,4,3,2,6,0,0,0,1,0,0,0,0,6.93652E+20,5.33515E+21,1.16032E+16,4.81401E+16
136356,136357,9,3,71,132,2016,5,10,4,3,6,7,0,0,0,1,1,0,0,0,6.94648E+20,5.47211E+21,1.16813E+16,4.93705E+16
136357,136358,9,1,62,0,2016,5,8,3,3,5,3,0,0,1,1,0,0,0,0,6.96895E+20,5.33774E+21,1.16479E+16,4.81624E+16
136358,136359,9,5,65,0,2016,5,14,3,3,0,7,0,0,1,0,0,0,0,0,6.47117E+20,5.4654E+21,1.10246E+16,4.93236E+16
136359,136360,9,5,61,0,2016,5,15,5,3,2,2,0,0,0,1,0,0,0,0,6.12066E+20,5.46472E+21,1.05422E+16,4.93249E+16
136360,136361,9,1,62,0,2016,5,9,3,3,5,7,0,0,1,1,0,0,0,0,6.91691E+20,5.33287E+21,1.15758E+16,4.81202E+16
136361,136362,9,5,65,0,2016,5,7,3,3,2,2,0,0,0,1,0,0,0,0,6.47465E+20,5.46646E+21,1.10298E+16,4.93331E+16
136362,136363,9,5,76,151,2016,5,18,5,3,0,7,0,0,1,0,0,0,0,0,6.60287E+20,5.46964E+21,1.12074E+16,4.93584E+16
136363,136364,9,7,61,0,2016,5,16,4,3,5,3,0,0,1,1,0,0,0,0,6.39629E+20,5.35956E+21,1.08855E+16,4.83737E+16
136364,136365,9,1,74,115,2016,5,17,3,3,5,3,0,1,0,1,0,0,0,0,6.80946E+20,5.34719E+21,1.14377E+16,4.82521E+16
136365,136366,9,2,71,119,2016,5,15,4,3,4,2,0,0,1,1,0,0,0,0,7.90445E+20,5.41638E+21,1.29581E+16,4.88324E+16
136366,136367,9,1,62,0,2016,5,8,4,3,2,6,0,0,1,1,0,0,0,0,6.9063E+20,5.3355E+21,1.15628E+16,4.81442E+16
136367,136368,9,7,79,131,2016,5,15,2,3,4,2,0,0,0,1,0,1,0,0,6.30775E+20,5.39836E+21,1.07782E+16,4.87246E+16
136368,136369,9,5,74,138,2016,5,15,3,3,4,1,0,0,0,1,0,0,0,0,6.65207E+20,5.48551E+21,1.12817E+16,4.94997E+16
136369,136370,9,5,64,0,2016,5,19,4,3,5,3,0,0,1,1,0,0,0,0,6.54165E+20,5.47896E+21,1.11268E+16,4.94437E+16
136370,136371,9,1,87,117,2016,5,16,5,3,5,3,0,0,1,1,0,0,0,0,7.25172E+20,5.30559E+21,1.20108E+16,4.78641E+16
136371,136372,9,7,71,155,2016,5,17,4,3,0,7,0,0,0,0,0,1,0,0,6.47262E+20,5.37754E+21,1.09949E+16,4.85337E+16
136372,136373,9,1,78,124,2016,5,11,3,3,8,7,0,1,0,0,0,1,0,1,7.05516E+20,5.3597E+21,1.17744E+16,4.8357E+16
136373,136374,9,7,64,0,2016,5,19,4,3,4,2,0,0,0,1,0,0,0,0,5.87061E+20,5.3117E+21,1.0166E+16,4.79527E+16
136374,136375,9,1,61,0,2016,5,7,4,3,5,3,0,0,0,1,0,0,0,0,6.75267E+20,5.39915E+21,1.1383E+16,4.87207E+16
136375,136376,9,6,63,0,2016,5,14,4,3,5,3,0,0,1,0,0,0,0,1,5.69707E+20,5.50835E+21,9.96712E+15,4.97236E+16
136376,136377,9,1,62,0,2016,5,8,2,3,4,6,0,0,1,0,0,0,0,0,6.8893E+20,5.33285E+21,1.15388E+16,4.81208E+16
136377,136378,9,7,64,0,2016,5,15,4,3,5,3,0,0,0,1,0,0,0,0,5.8812E+20,5.31474E+21,1.01809E+16,4.79799E+16
136378,136379,9,5,74,155,2016,5,21,3,3,6,7,0,0,0,1,1,0,0,0,6.6897E+20,5.49249E+21,1.13366E+16,4.95614E+16
136379,136380,9,7,72,163,2016,5,5,2,3,0,7,1,1,0,0,0,1,0,0,6.41261E+20,5.34752E+21,1.09035E+16,4.82651E+16
136380,136381,9,7,80,116,2016,5,12,5,3,0,1,0,0,1,0,0,0,0,0,5.93912E+20,5.25742E+21,1.02461E+16,4.74634E+16
136381,136382,9,5,64,0,2016,5,12,4,3,6,4,0,0,0,1,1,0,0,0,6.47697E+20,5.47847E+21,1.10374E+16,4.94409E+16
136382,136383,9,1,87,117,2016,5,16,5,3,6,4,0,0,0,1,1,0,0,0,7.25257E+20,5.30542E+21,1.20119E+16,4.78625E+16
136383,136384,9,3,73,147,2016,5,19,5,3,9,1,0,0,1,0,0,0,0,0,6.79493E+20,5.46175E+21,1.14681E+16,4.92821E+16
136384,136385,9,1,62,0,2016,5,7,4,3,3,2,0,0,1,1,0,0,0,0,6.93523E+20,5.33519E+21,1.16015E+16,4.81405E+16
136385,136386,9,2,62,0,2016,5,17,4,3,5,3,0,1,0,1,0,1,0,0,8.25816E+20,5.38804E+21,1.34164E+16,4.85607E+16
136386,136387,9,1,62,0,2016,5,15,2,3,2,2,0,0,0,1,0,0,0,0,6.87427E+20,5.3389E+21,1.15212E+16,4.81757E+16
136387,136388,9,2,73,147,2016,5,17,4,3,1,5,0,0,1,1,0,0,0,0,7.04765E+20,5.3917E+21,1.178E+16,4.86448E+16
136388,136389,9,1,78,124,2016,5,16,4,3,0,1,0,0,1,1,0,0,0,0,7.0305E+20,5.36339E+21,1.17429E+16,4.8391E+16
136389,136390,9,1,62,0,2016,5,16,3,3,2,6,0,0,0,1,0,0,0,1,6.92763E+20,5.33331E+21,1.15904E+16,4.81238E+16
136390,136391,9,5,64,0,2016,5,22,3,3,7,1,2,0,1,0,0,0,0,0,6.5579E+20,5.47421E+21,1.11473E+16,4.94007E+16
136391,136392,9,7,72,149,2016,5,9,5,3,0,1,0,0,0,0,0,1,0,0,6.36966E+20,5.33802E+21,1.08426E+16,4.81806E+16
136392,136393,9,5,64,0,2016,5,18,3,3,5,2,0,0,0,1,0,1,0,0,6.5124E+20,5.48082E+21,1.10871E+16,4.94612E+16
136393,136394,9,7,61,0,2016,5,14,2,3,2,6,0,0,0,1,0,0,0,0,6.3668E+20,5.36046E+21,1.0846E+16,4.83825E+16
136394,136395,9,7,77,168,2016,5,15,5,3,0,7,0,0,0,0,0,1,0,0,6.17445E+20,5.27873E+21,1.05639E+16,4.76513E+16
136395,136396,9,5,64,0,2016,5,23,4,2,0,1,2,0,1,0,0,0,0,0,6.49936E+20,5.47877E+21,1.10684E+16,4.94431E+16
136396,136397,9,2,71,119,2016,5,0,5,3,0,1,2,0,1,0,0,0,0,0,7.89674E+20,5.41662E+21,1.29478E+16,4.88349E+16
136397,136398,9,2,61,0,2016,5,21,4,3,0,1,2,0,1,0,0,0,0,0,7.32645E+20,5.38099E+21,1.21519E+16,4.85388E+16
136398,136399,9,1,62,0,2016,5,19,2,3,5,3,0,0,0,1,0,0,0,0,6.8781E+20,5.34362E+21,1.15285E+16,4.8218E+16
136399,136400,9,1,62,0,2016,5,9,3,3,2,6,0,0,0,1,0,0,0,0,6.89694E+20,5.33204E+21,1.15487E+16,4.81134E+16
136400,136401,9,1,62,0,2016,5,15,3,3,0,7,0,0,1,0,0,0,0,0,6.88268E+20,5.33401E+21,1.15304E+16,4.81315E+16
136401,136402,9,5,64,0,2016,5,20,3,2,4,6,2,0,0,1,0,0,0,0,6.45761E+20,5.48105E+21,1.10117E+16,4.94646E+16
136402,136403,9,6,77,148,2016,5,13,5,3,0,1,0,0,1,0,0,0,0,0,5.55685E+20,5.53525E+21,9.77647E+15,4.9967E+16
136403,136404,9,6,63,0,2016,5,17,4,3,2,6,0,0,0,1,0,0,0,0,5.68114E+20,5.51694E+21,9.94653E+15,4.98011E+16
136404,136405,9,1,62,0,2016,5,13,2,3,5,3,0,0,0,1,0,0,1,0,6.79501E+20,5.3344E+21,1.14128E+16,4.81375E+16
136405,136406,9,2,73,152,2016,5,8,5,2,5,3,0,0,1,1,0,0,0,0,7.04309E+20,5.41142E+21,1.17835E+16,4.88221E+16
136406,136407,9,1,62,0,2016,5,14,4,3,0,7,0,0,0,0,0,0,0,1,6.91747E+20,5.33434E+21,1.15772E+16,4.81334E+16
136407,136408,9,2,73,137,2016,5,16,4,2,5,3,0,0,1,0,0,0,0,0,7.12517E+20,5.42112E+21,1.19003E+16,4.89066E+16
136408,136409,9,1,62,0,2016,5,9,2,3,3,2,0,0,1,1,0,1,0,0,6.90349E+20,5.33473E+21,1.15586E+16,4.81374E+16
136409,136410,9,2,61,0,2016,5,10,5,2,0,1,0,0,1,0,0,0,0,0,7.31593E+20,5.38253E+21,1.21385E+16,4.8553E+16
136410,136411,9,1,62,0,2016,5,8,4,3,0,5,0,0,1,1,0,0,0,0,6.9055E+20,5.33698E+21,1.15624E+16,4.81575E+16
136411,136412,9,1,89,154,2016,5,16,4,3,5,3,0,0,0,1,0,0,0,0,7.6775E+20,5.31858E+21,1.25871E+16,4.79645E+16
136412,136413,9,1,62,0,2016,5,12,2,3,5,3,0,0,0,1,0,1,0,0,6.85962E+20,5.34062E+21,1.15023E+16,4.81916E+16
136413,136414,9,1,62,0,2016,5,17,3,3,5,3,0,1,1,1,0,0,0,0,6.90863E+20,5.3372E+21,1.15666E+16,4.81593E+16
136414,136415,9,5,64,0,2016,5,8,3,3,5,2,0,0,1,1,0,0,0,0,6.53473E+20,5.48128E+21,1.11181E+16,4.94647E+16
136415,136416,9,5,64,0,2016,5,14,5,3,5,2,0,0,0,1,0,1,0,0,6.48391E+20,5.48444E+21,1.10492E+16,4.94945E+16
136416,136417,9,6,79,170,2016,5,20,4,3,5,3,0,0,1,1,0,0,0,0,5.76713E+20,5.50209E+21,1.00631E+16,4.96665E+16
136417,136418,9,1,62,0,2016,5,14,2,3,5,3,0,0,1,1,0,0,0,0,6.9211E+20,5.33327E+21,1.15816E+16,4.81236E+16
136418,136419,9,1,89,152,2016,5,17,4,3,4,6,0,0,1,1,0,0,0,0,7.82114E+20,5.32775E+21,1.27852E+16,4.80407E+16
136419,136420,9,7,80,112,2016,5,18,4,3,0,1,0,0,1,0,0,0,0,0,5.90499E+20,5.29506E+21,1.02086E+16,4.78025E+16
136420,136421,9,5,64,0,2016,5,15,3,3,6,1,0,0,0,1,1,0,0,0,6.4865E+20,5.47761E+21,1.10502E+16,4.9433E+16
136421,136422,9,7,61,0,2016,5,16,2,3,0,1,0,0,1,0,0,0,0,0,6.40799E+20,5.3519E+21,1.08987E+16,4.83047E+16
136422,136423,9,1,62,0,2016,5,17,3,3,3,3,0,1,1,1,0,0,0,0,6.91062E+20,5.33558E+21,1.15686E+16,4.81448E+16
136423,136424,9,5,64,0,2016,5,9,3,3,0,6,0,0,1,1,0,0,0,0,6.47514E+20,5.47935E+21,1.10352E+16,4.94489E+16
136424,136425,9,5,64,0,2016,5,15,4,3,5,3,0,0,1,1,0,0,0,0,6.49199E+20,5.47781E+21,1.10579E+16,4.94347E+16
136425,136426,9,3,63,0,2016,5,16,5,3,0,7,0,0,0,1,0,0,0,1,7.27722E+20,5.50928E+21,1.21577E+16,4.9693E+16
136426,136427,9,6,77,148,2016,5,12,4,3,4,1,0,0,0,1,0,0,0,0,5.55077E+20,5.53451E+21,9.76789E+15,4.99604E+16
136427,136428,9,1,84,149,2016,5,15,2,3,5,3,0,0,0,1,0,1,0,0,6.90995E+20,5.35068E+21,1.15745E+16,4.82805E+16
136428,136429,9,7,77,129,2016,5,15,4,3,2,6,0,0,0,1,0,0,0,0,6.25132E+20,5.27023E+21,1.06638E+16,4.75734E+16
136429,136430,9,5,64,0,2016,5,10,3,3,0,1,0,0,0,1,0,0,0,0,6.4819E+20,5.48E+21,1.10448E+16,4.94545E+16
136430,136431,9,7,61,0,2016,5,16,2,3,0,6,0,0,0,1,0,0,0,1,6.40819E+20,5.35972E+21,1.09016E+16,4.83749E+16
136431,136432,9,7,76,116,2016,5,14,5,3,5,4,0,0,1,0,1,0,0,0,5.53742E+20,5.26664E+21,9.71427E+15,4.75509E+16
136432,136433,9,5,64,0,2016,5,17,4,3,6,4,0,0,0,0,1,1,0,0,6.50663E+20,5.47844E+21,1.10783E+16,4.944E+16
136433,136434,9,1,76,114,2016,5,19,5,3,9,1,0,0,0,0,0,1,0,0,6.85274E+20,5.43027E+21,1.1533E+16,4.89975E+16
136434,136435,9,3,76,161,2016,5,14,5,3,0,1,0,0,1,0,0,0,0,0,7.26361E+20,5.46803E+21,1.21152E+16,4.9323E+16
136435,136436,9,1,62,0,2016,5,23,4,3,1,7,2,0,0,1,0,0,0,0,6.9612E+20,5.33897E+21,1.16381E+16,4.81737E+16
136436,136437,9,1,89,162,2016,5,19,4,3,0,1,0,1,0,0,0,0,0,1,7.8023E+20,5.31556E+21,1.2752E+16,4.7932E+16
136437,136438,9,1,62,0,2016,5,9,2,3,5,7,0,0,0,0,0,1,0,0,6.88951E+20,5.33336E+21,1.15393E+16,4.81254E+16
136438,136439,9,5,64,0,2016,5,7,3,3,0,1,0,0,1,0,0,0,0,0,6.53052E+20,5.47901E+21,1.11114E+16,4.94445E+16
136439,136440,9,5,64,0,2016,5,7,4,3,5,2,0,0,0,0,0,1,0,1,6.47861E+20,5.48304E+21,1.10414E+16,4.9482E+16
136440,136441,9,1,79,134,2016,5,11,5,3,0,3,0,0,1,1,0,0,0,0,6.69028E+20,5.34535E+21,1.12765E+16,4.82388E+16
136441,136442,9,6,74,149,2016,5,11,4,3,3,5,0,0,0,1,0,0,0,0,6.08924E+20,5.55533E+21,1.05243E+16,5.01402E+16
136442,136443,9,1,62,0,2016,5,14,2,3,5,2,0,0,1,1,0,0,0,0,6.91912E+20,5.33241E+21,1.15786E+16,4.8116E+16
136443,136444,9,1,72,114,2016,5,14,4,3,6,4,0,0,0,1,1,0,0,0,7.90716E+20,5.29311E+21,1.2877E+16,4.77258E+16
136444,136445,9,7,79,176,2016,5,12,4,2,3,2,0,0,1,0,0,0,0,0,6.09912E+20,5.42025E+21,1.05005E+16,4.89254E+16
136445,136446,9,1,79,136,2016,5,19,4,2,1,7,0,0,0,1,0,1,0,0,6.61426E+20,5.34289E+21,1.11733E+16,4.82187E+16
136446,136447,9,5,73,122,2016,5,18,3,3,5,3,0,0,0,1,0,0,0,0,6.43666E+20,5.47748E+21,1.09815E+16,4.9433E+16
136447,136448,9,6,73,114,2016,5,17,2,3,5,3,0,0,0,1,0,0,0,0,5.88085E+20,5.57606E+21,1.02376E+16,5.03301E+16
136448,136449,9,7,77,130,2016,5,17,5,2,2,1,0,0,1,0,0,0,0,0,6.25301E+20,5.31059E+21,1.06777E+16,4.79363E+16
136449,136450,9,5,73,122,2016,5,16,4,3,5,2,0,0,0,1,0,0,0,0,6.43666E+20,5.47747E+21,1.09815E+16,4.94329E+16
136450,136451,9,2,75,146,2016,5,15,5,3,0,1,0,0,0,0,0,1,0,1,8.29651E+20,5.39537E+21,1.3474E+16,4.86244E+16
136451,136452,9,1,72,114,2016,5,12,4,2,0,7,0,0,0,1,1,0,0,0,7.90862E+20,5.29299E+21,1.28789E+16,4.77247E+16
136452,136453,9,1,62,0,2016,5,7,2,3,6,4,0,0,0,1,1,0,0,0,6.90936E+20,5.33437E+21,1.15664E+16,4.8134E+16
136453,136454,9,7,75,135,2016,5,16,3,3,5,3,0,1,0,1,0,0,0,0,5.74257E+20,5.36003E+21,1.0003E+16,4.83891E+16
136454,136455,9,5,75,121,2016,5,16,3,3,9,7,0,0,0,1,0,0,0,0,6.23317E+20,5.48633E+21,1.07037E+16,4.9517E+16
136455,136456,9,1,71,111,2016,5,17,4,3,5,2,0,0,1,1,0,0,0,0,7.7265E+20,5.34796E+21,1.26714E+16,4.82262E+16
136456,136457,9,1,62,0,2016,5,8,3,3,2,2,0,0,0,1,0,1,0,0,6.88192E+20,5.33237E+21,1.15286E+16,4.81167E+16
136457,136458,9,7,75,135,2016,5,9,3,3,5,3,0,0,1,1,0,0,0,0,5.74192E+20,5.35997E+21,1.00021E+16,4.83886E+16
136458,136459,9,4,63,0,2016,5,10,3,2,0,1,0,0,1,0,0,0,0,0,6.3981E+20,5.56914E+21,1.09614E+16,5.02579E+16
136459,136460,9,6,62,0,2016,5,17,2,2,6,4,0,0,0,0,1,0,0,1,5.87735E+20,5.54398E+21,1.02253E+16,5.00416E+16
136460,136461,9,7,71,176,2016,5,16,5,3,8,1,0,0,0,0,0,1,0,0,6.47933E+20,5.3828E+21,1.10058E+16,4.85809E+16