FID,OBJECTID,ULAND,UREGBEZ,UKREIS,UGEMEINDE,UJAHR,UMONAT,USTUNDE,UWOCHENTAG,UKATEGORIE,UART,UTYP1,ULICHTVERH,IstStrasse,IstRad,IstPKW,IstFuss,IstKrad,IstGkfz,IstSonstig,LINREFX,LINREFY,XGCSWGS84,YGCSWGS84
136461,136462,9,1,62,0,2016,5,13,2,3,6,7,0,0,0,0,1,0,0,1,6.9051E+20,5.33506E+21,1.15609E+16,4.81402E+16
136462,136463,9,2,74,126,2016,5,13,5,3,0,7,0,0,1,0,0,0,0,0,7.33913E+20,5.38248E+21,1.21699E+16,4.85517E+16
136463,136464,9,1,62,0,2016,5,19,4,3,4,2,0,0,1,1,0,0,0,0,6.89309E+20,5.33301E+21,1.15439E+16,4.81222E+16
136464,136465,9,1,63,0,2016,5,15,4,3,0,6,0,0,0,1,0,0,0,0,7.32713E+20,5.30531E+21,1.21113E+16,4.7859E+16
136465,136466,9,7,78,116,2016,5,11,3,2,7,7,0,0,0,1,0,0,0,0,6.18652E+20,5.31821E+21,1.05908E+16,4.80062E+16
136466,136467,9,4,78,165,2016,5,19,3,3,5,3,0,0,0,1,0,0,0,0,6.42691E+20,5.55044E+21,1.09948E+16,5.00891E+16
136467,136468,9,5,64,0,2016,5,15,5,3,5,2,0,0,0,1,0,1,0,0,6.48553E+20,5.47863E+21,1.10493E+16,4.94422E+16
136468,136469,9,6,72,114,2016,5,8,4,2,6,4,0,0,1,0,1,0,0,0,5.77976E+20,5.56243E+21,1.00928E+16,5.02089E+16
136469,136470,9,1,62,0,2016,5,17,2,3,2,6,0,0,0,1,0,0,0,0,6.86674E+20,5.33829E+21,1.15109E+16,4.81704E+16
136470,136471,9,5,62,0,2016,5,10,5,3,3,2,0,0,1,1,0,0,0,0,6.46479E+20,5.49526E+21,1.10268E+16,4.95921E+16
136471,136472,9,6,78,196,2016,5,13,4,3,7,7,0,0,1,0,0,0,0,0,5.84629E+20,5.53041E+21,1.01789E+16,4.99201E+16
136472,136473,9,1,62,0,2016,5,21,2,3,3,2,2,0,1,1,0,0,0,0,6.84312E+20,5.33752E+21,1.14788E+16,4.81642E+16
136473,136474,9,1,90,141,2016,5,21,5,3,8,7,2,0,0,0,0,1,0,0,6.80555E+20,5.2923E+21,1.14093E+16,4.77588E+16
136474,136475,9,1,62,0,2016,5,15,4,3,5,7,0,0,0,1,0,0,0,1,6.8812E+20,5.33577E+21,1.15292E+16,4.81473E+16
136475,136476,9,1,63,0,2016,5,16,4,2,6,4,0,0,0,1,1,0,0,0,7.33394E+20,5.30444E+21,1.212E+16,4.78509E+16
136476,136477,9,7,77,121,2016,5,12,3,2,5,3,0,1,0,1,0,0,0,0,6.29524E+20,5.32143E+21,1.07375E+16,4.8033E+16
136477,136478,9,4,63,0,2016,5,14,3,2,5,3,0,0,0,1,0,1,0,0,6.38369E+20,5.57023E+21,1.09416E+16,5.0268E+16
136478,136479,9,5,77,161,2016,5,22,4,2,9,1,2,0,0,0,0,1,0,0,6.40277E+20,5.44271E+21,1.09226E+16,4.91212E+16
136479,136480,9,3,62,0,2016,5,16,5,3,0,6,0,0,0,1,0,1,0,0,7.26146E+20,5.434E+21,1.20931E+16,4.90174E+16
136480,136481,9,6,61,0,2016,5,9,4,2,6,4,0,0,0,1,1,0,0,0,5.1028E+20,5.53548E+21,9.14336E+15,4.99716E+16
136481,136482,9,1,62,0,2016,5,9,2,3,5,3,0,0,1,1,0,0,0,0,6.89218E+20,5.34172E+21,1.15466E+16,4.82005E+16
136482,136483,9,7,79,155,2016,5,17,4,2,5,3,0,0,0,1,0,0,0,0,6.28003E+20,5.40685E+21,1.07432E+16,4.88014E+16
136483,136484,9,1,61,0,2016,5,13,4,3,1,5,0,0,1,1,0,0,0,0,6.76683E+20,5.40533E+21,1.14049E+16,4.87758E+16
136484,136485,9,3,74,164,2016,5,11,3,3,5,3,0,0,0,1,0,0,0,1,7.53049E+20,5.50554E+21,1.25058E+16,4.96493E+16
136485,136486,9,6,76,151,2016,5,9,2,2,8,1,0,0,0,0,0,1,0,0,5.17249E+20,5.51363E+21,9.23956E+15,4.97749E+16
136486,136487,9,7,73,182,2016,5,20,4,3,0,1,2,0,1,0,0,0,0,0,6.24312E+20,5.37934E+21,1.06847E+16,4.85548E+16
136487,136488,9,3,72,116,2016,5,20,3,3,1,6,1,0,0,1,0,1,0,0,7.66571E+20,5.45882E+21,1.26614E+16,4.92241E+16
136488,136489,9,5,62,0,2016,5,7,2,3,5,3,0,0,0,1,0,1,0,0,6.45822E+20,5.49555E+21,1.10179E+16,4.95949E+16
136489,136490,9,7,80,143,2016,5,11,5,3,3,6,0,0,1,1,0,0,0,0,5.95547E+20,5.27891E+21,1.02725E+16,4.76565E+16
136490,136491,9,5,75,129,2016,5,21,4,2,8,1,2,0,0,0,0,1,0,0,6.28713E+20,5.48631E+21,1.07782E+16,4.95157E+16
136491,136492,9,1,79,145,2016,5,15,5,3,5,3,0,0,1,0,0,0,0,0,6.7512E+20,5.33826E+21,1.13556E+16,4.81735E+16
136492,136493,9,1,84,136,2016,5,11,2,3,5,2,0,0,0,1,0,1,0,0,6.99732E+20,5.3268E+21,1.16809E+16,4.80631E+16
136493,136494,9,1,61,0,2016,5,7,4,3,0,1,0,0,1,1,0,0,0,0,6.77797E+20,5.40346E+21,1.14193E+16,4.87587E+16
136494,136495,9,7,73,125,2016,5,17,4,3,4,6,0,0,1,0,0,0,0,0,6.1021E+20,5.38207E+21,1.04943E+16,4.8582E+16
136495,136496,9,1,75,111,2016,5,12,4,2,0,7,0,0,1,0,0,0,0,0,7.13118E+20,5.33738E+21,1.18656E+16,4.81539E+16
136496,136497,9,7,73,144,2016,5,13,3,3,5,4,0,0,0,1,1,0,0,0,6.05979E+20,5.38185E+21,1.04369E+16,4.85808E+16
136497,136498,9,3,62,0,2016,5,15,3,3,0,2,0,0,1,1,0,0,0,0,7.2371E+20,5.43316E+21,1.20594E+16,4.90108E+16
136498,136499,9,5,74,155,2016,5,18,2,3,5,3,0,0,1,1,0,0,0,0,6.69495E+20,5.49308E+21,1.13441E+16,4.95666E+16
136499,136500,9,7,72,168,2016,5,14,5,3,0,1,0,0,1,0,0,0,0,0,6.18448E+20,5.34578E+21,1.05957E+16,4.82541E+16
136500,136501,9,5,61,0,2016,5,6,4,3,8,1,0,0,0,0,0,1,0,0,6.13436E+20,5.46202E+21,1.05603E+16,4.93004E+16
136501,136502,9,1,62,0,2016,5,19,2,3,0,7,0,0,1,0,0,0,0,0,6.97888E+20,5.33412E+21,1.16596E+16,4.81296E+16
136502,136503,9,2,72,118,2016,5,13,5,3,4,2,0,0,0,1,0,1,0,0,8.33724E+20,5.4177E+21,1.35471E+16,4.88224E+16
136503,136504,9,1,62,0,2016,5,12,4,3,3,7,0,0,1,1,0,0,0,0,6.90779E+20,5.33373E+21,1.1564E+16,4.81282E+16
136504,136505,9,1,76,139,2016,5,16,4,3,2,6,0,0,0,1,0,0,0,0,6.82063E+20,5.40912E+21,1.14798E+16,4.88084E+16
136505,136506,9,7,77,154,2016,5,6,5,3,1,1,0,0,1,1,0,0,0,0,6.06321E+20,5.30039E+21,1.04211E+16,4.7848E+16
136506,136507,9,5,71,183,2016,5,15,4,3,8,1,0,0,0,0,0,1,0,0,6.04904E+20,5.47301E+21,1.04459E+16,4.94007E+16
136507,136508,9,2,71,113,2016,5,15,5,2,4,6,0,0,0,0,0,1,0,0,8.00541E+20,5.41409E+21,1.30936E+16,4.8807E+16
136508,136509,9,1,62,0,2016,5,14,4,3,1,5,0,0,1,1,0,0,0,0,6.78818E+20,5.33906E+21,1.14056E+16,4.81796E+16
136509,136510,9,1,85,158,2016,5,20,4,3,0,1,0,0,1,0,0,0,0,0,6.6709E+20,5.38092E+21,1.12646E+16,4.85591E+16
136510,136511,9,1,62,0,2016,5,17,2,3,2,6,0,0,0,1,0,1,0,0,6.89686E+20,5.3347E+21,1.15497E+16,4.81373E+16
136511,136512,9,1,62,0,2016,5,15,3,3,5,3,0,0,0,1,0,1,0,0,6.91975E+20,5.3332E+21,1.15798E+16,4.81231E+16
136512,136513,9,7,61,0,2016,5,20,3,3,6,4,1,0,0,1,1,0,0,0,6.41889E+20,5.3611E+21,1.09165E+16,4.83871E+16
136513,136514,9,3,76,161,2016,5,17,3,3,0,1,0,0,1,0,0,0,0,0,7.24952E+20,5.46798E+21,1.20958E+16,4.93231E+16
136514,136515,9,6,63,0,2016,5,20,5,2,0,1,1,0,1,0,0,0,0,0,5.68187E+20,5.51343E+21,9.94693E+15,4.97695E+16
136515,136516,9,5,72,135,2016,5,18,4,3,1,6,0,0,0,1,0,0,0,0,6.29683E+20,5.50764E+21,1.07987E+16,4.97073E+16
136516,136517,9,1,62,0,2016,5,12,2,3,5,2,0,0,1,1,0,0,0,0,6.90358E+20,5.33423E+21,1.15585E+16,4.81328E+16
136517,136518,9,2,73,164,2016,5,13,5,3,0,7,0,0,1,0,0,0,0,0,7.01758E+20,5.42464E+21,1.17554E+16,4.89417E+16
136518,136519,9,1,62,0,2016,5,15,4,3,0,7,0,0,1,0,0,0,0,0,6.85842E+20,5.33279E+21,1.14973E+16,4.81212E+16
136519,136520,9,1,85,166,2016,5,11,4,2,8,7,0,0,1,0,0,0,0,0,6.73764E+20,5.38488E+21,1.13566E+16,4.85929E+16
136520,136521,9,7,61,0,2016,5,12,3,3,4,2,0,0,1,1,0,0,0,0,6.39728E+20,5.35706E+21,1.0886E+16,4.83512E+16
136521,136522,9,7,75,135,2016,5,16,2,3,1,6,0,0,0,1,0,0,0,0,5.74236E+20,5.35997E+21,1.00027E+16,4.83886E+16
136522,136523,9,7,61,0,2016,5,12,3,3,0,1,0,0,1,0,0,0,0,0,6.40822E+20,5.357E+21,1.09008E+16,4.83504E+16
136523,136524,9,3,76,151,2016,5,9,3,2,0,1,0,0,1,0,0,0,0,0,7.48342E+20,5.48416E+21,1.24273E+16,4.94593E+16
136524,136525,9,5,64,0,2016,5,14,5,3,5,3,0,0,0,1,0,1,0,0,6.45514E+20,5.48805E+21,1.10108E+16,4.95275E+16
136525,136526,9,5,72,132,2016,5,14,4,3,5,3,0,0,1,1,0,0,0,0,6.33648E+20,5.49502E+21,1.08493E+16,4.9593E+16
136526,136527,9,1,61,0,2016,5,18,4,3,3,6,0,0,1,1,0,0,0,0,6.7738E+20,5.4053E+21,1.14144E+16,4.87754E+16
136527,136528,9,7,73,183,2016,5,16,4,3,0,1,0,0,1,0,0,0,0,0,6.04053E+20,5.38616E+21,1.04119E+16,4.86199E+16
136528,136529,9,5,76,127,2016,5,12,2,3,5,3,0,0,1,1,0,0,0,0,6.59756E+20,5.4506E+21,1.11925E+16,4.91874E+16
136529,136530,9,1,88,117,2016,5,20,7,3,4,6,1,0,0,1,0,1,0,0,6.65954E+20,5.31603E+21,1.12237E+16,4.7976E+16
136530,136531,9,7,61,0,2016,5,8,6,3,6,2,0,0,0,1,1,0,0,0,6.39285E+20,5.36026E+21,1.08811E+16,4.83801E+16
136531,136532,9,2,63,0,2016,5,10,1,3,0,1,0,0,1,0,0,0,0,0,7.63469E+20,5.42057E+21,1.2594E+16,4.8882E+16
136532,136533,9,4,64,0,2016,5,14,6,3,5,3,0,0,1,1,0,0,0,0,7.06651E+20,5.57535E+21,1.19015E+16,5.0294E+16
136533,136534,9,1,62,0,2016,5,20,5,3,0,7,1,0,0,0,0,1,0,1,6.79074E+20,5.33985E+21,1.14094E+16,4.81866E+16
136534,136535,9,1,88,120,2016,5,11,7,3,8,1,0,0,0,0,0,1,0,0,6.72761E+20,5.32696E+21,1.13193E+16,4.80725E+16
136535,136536,9,7,74,135,2016,5,13,1,3,6,7,0,0,0,1,1,0,0,0,5.94582E+20,5.36741E+21,1.02792E+16,4.84527E+16
136536,136537,9,7,61,0,2016,5,17,6,3,5,3,0,0,1,1,0,0,0,0,6.39081E+20,5.35507E+21,1.08766E+16,4.83335E+16
136537,136538,9,6,61,0,2016,5,14,1,3,4,6,0,0,0,1,0,0,0,0,5.10282E+20,5.53548E+21,9.14338E+15,4.99716E+16
136538,136539,9,1,86,143,2016,5,15,2,3,8,7,0,0,1,0,0,0,0,0,6.82688E+20,5.37952E+21,1.14752E+16,4.85422E+16
136539,136540,9,1,88,120,2016,5,19,2,3,0,1,0,0,1,0,0,0,0,0,6.77658E+20,5.32765E+21,1.13853E+16,4.80774E+16
136540,136541,9,1,74,122,2016,5,18,1,3,6,6,0,0,1,0,1,0,0,0,6.8443E+20,5.35352E+21,1.14873E+16,4.8308E+16
136541,136542,9,4,63,0,2016,5,16,6,3,4,2,0,0,0,1,0,1,0,0,6.40194E+20,5.56944E+21,1.09669E+16,5.02604E+16
136542,136543,9,1,75,139,2016,5,14,1,2,2,6,0,0,1,0,0,0,0,0,7.08546E+20,5.3284E+21,1.17999E+16,4.80747E+16
136543,136544,9,1,90,148,2016,5,17,2,2,5,3,0,0,0,1,0,1,0,0,6.40466E+20,5.29654E+21,1.08761E+16,4.78069E+16
136544,136545,9,5,64,0,2016,5,21,7,3,2,6,2,0,0,1,0,0,0,0,6.49811E+20,5.47924E+21,1.10669E+16,4.94474E+16
136545,136546,9,5,64,0,2016,5,9,7,3,2,6,0,0,0,1,0,0,0,0,6.50776E+20,5.47918E+21,1.10801E+16,4.94466E+16
136546,136547,9,4,63,0,2016,5,15,6,2,0,1,0,0,1,0,0,0,0,0,6.40075E+20,5.569E+21,1.09651E+16,5.02565E+16
136547,136548,9,1,78,145,2016,5,12,1,3,5,1,0,0,0,1,0,0,0,0,6.9759E+20,5.35497E+21,1.16653E+16,4.8317E+16
136548,136549,9,2,74,113,2016,5,21,2,3,0,7,2,0,1,0,0,0,0,0,7.29214E+20,5.38197E+21,1.2106E+16,4.85489E+16
136549,136550,9,1,62,0,2016,5,18,5,3,2,7,0,0,0,1,1,0,0,0,6.8653E+20,5.34152E+21,1.15103E+16,4.81995E+16
136550,136551,9,5,64,0,2016,5,13,7,3,1,5,0,0,0,1,0,0,0,1,6.54619E+20,5.47828E+21,1.11328E+16,4.94375E+16
136551,136552,9,1,74,115,2016,5,19,7,3,9,1,0,0,0,1,0,0,0,0,6.80405E+20,5.3485E+21,1.1431E+16,4.8264E+16
136552,136553,9,7,78,203,2016,5,12,1,2,6,7,0,0,0,0,1,0,0,1,6.22193E+20,5.32438E+21,1.064E+16,4.8061E+16
136553,136554,9,7,71,165,2016,5,14,6,3,5,3,0,0,0,1,0,1,0,0,6.59627E+20,5.3621E+21,1.11563E+16,4.83919E+16
136554,136555,9,6,61,0,2016,5,20,1,3,5,3,1,0,0,1,0,0,0,0,5.12103E+20,5.53448E+21,9.16875E+15,4.99626E+16
136555,136556,9,1,75,124,2016,5,19,1,3,6,6,0,0,0,1,1,0,0,0,7.14408E+20,5.32853E+21,1.18785E+16,4.8074E+16
136556,136557,9,4,62,0,2016,5,10,6,3,6,4,0,0,0,1,1,0,0,0,6.84966E+20,5.53567E+21,1.15781E+16,4.99447E+16
136557,136558,9,5,64,0,2016,5,22,7,3,1,6,2,0,0,1,0,1,0,0,6.50817E+20,5.48151E+21,1.10816E+16,4.94675E+16
136558,136559,9,5,75,153,2016,5,13,7,3,7,7,0,0,1,0,0,0,0,1,6.16238E+20,5.49314E+21,1.0608E+16,4.95797E+16
136559,136560,9,1,78,124,2016,5,21,7,3,0,4,2,0,1,0,1,0,0,0,7.0329E+20,5.36457E+21,1.17467E+16,4.84015E+16
136560,136561,9,6,63,0,2016,5,16,6,2,2,6,0,0,0,1,0,1,0,0,5.63842E+20,5.51773E+21,9.8873E+15,4.98087E+16
136561,136562,9,2,71,119,2016,5,14,1,3,4,1,0,0,0,1,0,1,0,0,7.9305E+20,5.41659E+21,1.29937E+16,4.88331E+16
136562,136563,9,1,84,136,2016,5,16,6,3,0,5,0,0,1,1,0,0,0,0,7.00438E+20,5.3271E+21,1.16905E+16,4.80656E+16
136563,136564,9,6,63,0,2016,5,22,6,3,6,7,2,0,0,1,1,0,0,0,5.67282E+20,5.51691E+21,9.93496E+15,4.98008E+16
136564,136565,9,1,63,0,2016,5,7,2,3,6,7,0,0,1,0,1,0,0,0,7.33965E+20,5.30537E+21,1.21281E+16,4.7859E+16
136565,136566,9,4,71,214,2016,5,18,6,3,9,1,0,0,0,0,0,1,0,0,6.37854E+20,5.54258E+21,1.09244E+16,5.00196E+16
136566,136567,9,1,75,135,2016,5,17,2,3,5,3,0,0,1,1,0,0,0,0,7.07896E+20,5.34021E+21,1.17969E+16,4.8181E+16
136567,136568,9,1,62,0,2016,5,12,7,2,3,7,0,0,0,1,0,1,0,0,6.92533E+20,5.3381E+21,1.15895E+16,4.8167E+16
136568,136569,9,4,61,0,2016,5,20,6,3,0,7,1,0,1,0,0,0,0,0,6.35728E+20,5.52844E+21,1.08897E+16,4.9893E+16
136569,136570,9,4,79,152,2016,5,18,7,2,0,7,0,0,0,0,0,1,0,0,7.21744E+20,5.56114E+21,1.21047E+16,5.01609E+16
136570,136571,9,1,84,146,2016,5,6,6,2,5,3,0,0,1,1,0,0,0,0,6.97107E+20,5.32877E+21,1.16466E+16,4.80817E+16
136571,136572,9,6,75,165,2016,5,7,6,3,4,2,0,0,0,1,0,0,0,0,5.87417E+20,5.51778E+21,1.02149E+16,4.98061E+16
136572,136573,9,2,75,116,2016,5,19,1,2,8,1,0,0,1,0,0,0,0,0,8.18624E+20,5.36395E+21,1.33009E+16,4.83482E+16
136573,136574,9,4,61,0,2016,5,17,6,3,4,2,0,0,0,1,0,0,0,0,6.36789E+20,5.52863E+21,1.09046E+16,4.98944E+16
136574,136575,9,1,62,0,2016,5,14,7,3,5,3,0,0,0,1,0,0,0,0,6.92471E+20,5.33445E+21,1.1587E+16,4.81342E+16
136575,136576,9,1,62,0,2016,5,19,5,2,0,7,0,0,1,0,0,0,0,0,6.9101E+20,5.3359E+21,1.1568E+16,4.81476E+16
136576,136577,9,4,61,0,2016,5,7,6,3,1,6,0,0,1,1,0,0,0,0,6.35018E+20,5.52736E+21,1.08795E+16,4.98834E+16
136577,136578,9,1,77,117,2016,5,16,2,3,9,1,0,0,0,0,0,1,0,0,7.15193E+20,5.35392E+21,1.19019E+16,4.83018E+16
136578,136579,9,1,62,0,2016,5,15,7,3,4,2,0,0,0,1,0,1,0,0,6.91657E+20,5.33731E+21,1.15774E+16,4.81602E+16
136579,136580,9,7,71,146,2016,5,14,6,2,0,2,0,0,1,1,0,0,0,0,6.47753E+20,5.34732E+21,1.09909E+16,4.82618E+16
136580,136581,9,4,73,151,2016,5,15,7,3,1,6,0,0,0,1,0,0,0,0,6.51712E+20,5.57789E+21,1.11318E+16,5.03335E+16
136581,136582,9,1,62,0,2016,5,13,6,3,4,1,0,0,1,0,0,0,0,0,6.89529E+20,5.33835E+21,1.15492E+16,4.81701E+16
136582,136583,9,6,71,152,2016,5,16,1,2,0,6,0,0,1,0,0,0,0,0,5.17664E+20,5.54817E+21,9.24691E+15,5.00855E+16
136583,136584,9,6,73,135,2016,5,13,6,2,0,3,0,0,1,1,0,0,0,0,5.83767E+20,5.57425E+21,1.01765E+16,5.03144E+16
136584,136585,9,2,75,116,2016,5,22,1,2,9,1,2,0,1,0,0,0,0,0,8.20094E+20,5.36634E+21,1.33224E+16,4.83689E+16
136585,136586,9,3,77,141,2016,5,17,6,2,7,7,0,0,1,0,0,0,0,1,7.3302E+20,5.53839E+21,1.22485E+16,4.99523E+16
136586,136587,9,2,62,0,2016,5,16,2,3,5,3,0,0,0,1,0,0,0,0,8.21911E+20,5.38788E+21,1.33635E+16,4.85612E+16
136587,136588,9,1,62,0,2016,5,22,5,3,6,2,2,0,0,1,1,0,0,0,6.92313E+20,5.33423E+21,1.15848E+16,4.81322E+16
136588,136589,9,1,62,0,2016,5,13,6,3,4,2,0,0,0,1,0,0,0,0,6.93983E+20,5.33105E+21,1.16058E+16,4.81031E+16
136589,136590,9,7,80,112,2016,5,18,1,3,5,3,0,0,0,1,0,1,0,0,5.9136E+20,5.29539E+21,1.02202E+16,4.78054E+16
136590,136591,9,6,72,135,2016,5,13,6,2,5,3,0,0,1,1,0,0,0,0,5.87419E+20,5.56657E+21,1.0226E+16,5.02448E+16
136591,136592,9,6,71,143,2016,5,17,1,2,9,1,0,0,1,0,0,0,0,0,5.13814E+20,5.54433E+21,9.19296E+15,5.00511E+16
136592,136593,9,1,85,149,2016,5,9,2,3,6,4,0,0,0,1,1,0,0,0,6.60026E+20,5.40023E+21,1.11764E+16,4.87345E+16
136593,136594,9,1,84,148,2016,5,12,6,3,3,2,0,0,1,1,0,0,0,0,6.95635E+20,5.32625E+21,1.16257E+16,4.80595E+16
136594,136595,9,7,63,0,2016,5,9,1,3,2,2,0,0,0,1,0,0,0,0,5.9948E+20,5.28725E+21,1.03267E+16,4.77309E+16
136595,136596,9,6,78,135,2016,5,11,6,2,6,3,0,0,0,1,1,0,0,0,5.91947E+20,5.54182E+21,1.02836E+16,5.00216E+16
136596,136597,9,1,62,0,2016,5,14,6,3,4,2,0,0,0,1,0,0,0,0,6.90147E+20,5.33525E+21,1.15562E+16,4.81421E+16
136597,136598,9,5,63,0,2016,5,19,1,3,1,6,0,0,0,1,0,0,0,0,6.43618E+20,5.48267E+21,1.09827E+16,4.94797E+16
136598,136599,9,1,85,149,2016,5,16,2,3,8,6,0,0,1,1,0,0,0,0,6.6113E+20,5.39925E+21,1.1191E+16,4.87254E+16
136599,136600,9,3,74,111,2016,5,17,6,2,7,7,0,0,1,0,0,0,0,0,7.27838E+20,5.51223E+21,1.2161E+16,4.97194E+16
136600,136601,9,1,62,0,2016,5,12,7,3,1,6,0,0,0,1,0,0,0,0,6.94005E+20,5.3418E+21,1.1611E+16,4.81997E+16
136601,136602,9,1,90,139,2016,5,16,2,3,0,3,0,0,1,1,0,0,0,0,6.5487E+20,5.29468E+21,1.10677E+16,4.77868E+16
136602,136603,9,1,62,0,2016,5,11,5,3,5,3,0,0,0,1,0,1,0,0,6.92475E+20,5.33446E+21,1.15871E+16,4.81342E+16
136603,136604,9,4,77,128,2016,5,0,7,3,1,5,2,0,0,1,1,0,0,0,6.74763E+20,5.55319E+21,1.1444E+16,5.01052E+16
136604,136605,9,4,71,145,2016,5,10,7,3,1,6,0,0,0,1,0,0,0,0,6.42749E+20,5.51976E+21,1.09842E+16,4.98132E+16
136605,136606,9,1,62,0,2016,5,14,6,3,2,6,0,0,0,1,0,0,0,0,6.92462E+20,5.33459E+21,1.15869E+16,4.81354E+16
136606,136607,9,7,79,131,2016,5,0,1,3,0,6,2,0,1,1,0,0,0,0,6.32992E+20,5.39503E+21,1.08073E+16,4.86941E+16
136607,136608,9,6,76,156,2016,5,14,6,3,0,7,0,0,0,1,0,0,0,0,5.17857E+20,5.49834E+21,9.24731E+15,4.96374E+16
136608,136609,9,1,85,158,2016,5,16,2,3,5,3,0,0,1,0,0,0,0,1,6.66313E+20,5.38169E+21,1.12544E+16,4.85662E+16
136609,136610,9,5,64,0,2016,5,8,1,2,8,1,0,0,1,0,0,0,0,0,6.51983E+20,5.48339E+21,1.10984E+16,4.94841E+16
136610,136611,9,3,62,0,2016,5,8,6,2,5,3,0,0,0,1,0,1,0,0,7.23543E+20,5.43373E+21,1.20574E+16,4.90159E+16
136611,136612,9,1,62,0,2016,5,23,7,3,8,7,2,0,1,0,0,0,0,0,6.8257E+20,5.33744E+21,1.14553E+16,4.8164E+16
136612,136613,9,3,62,0,2016,5,8,6,3,8,1,0,0,1,0,0,0,0,0,7.26961E+20,5.43522E+21,1.2105E+16,4.90281E+16
136613,136614,9,1,77,139,2016,5,16,2,3,0,7,0,0,0,0,0,1,0,0,7.32304E+20,5.35966E+21,1.21355E+16,4.83474E+16
136614,136615,9,1,62,0,2016,5,12,7,3,5,3,0,0,0,1,0,1,0,0,6.82992E+20,5.33568E+21,1.14602E+16,4.8148E+16
136615,136616,9,3,73,147,2016,5,9,6,3,2,6,0,0,0,1,0,0,0,0,6.80002E+20,5.45976E+21,1.14742E+16,4.92641E+16
136616,136617,9,1,62,0,2016,5,17,7,2,0,7,0,0,1,0,0,0,0,0,6.8578E+20,5.32868E+21,1.14947E+16,4.80843E+16
136617,136618,9,1,63,0,2016,5,9,2,3,3,6,0,0,1,1,0,0,0,0,7.32195E+20,5.30434E+21,1.21039E+16,4.78504E+16
136618,136619,9,4,61,0,2016,5,23,7,3,1,7,2,0,1,1,0,0,0,0,6.371E+20,5.52996E+21,1.09094E+16,4.99063E+16
136619,136620,9,4,61,0,2016,5,15,7,3,0,7,0,0,1,0,0,0,0,0,6.33851E+20,5.52671E+21,1.0863E+16,4.98778E+16
136620,136621,9,1,62,0,2016,5,9,6,3,0,7,0,0,1,0,0,0,0,1,6.88952E+20,5.33275E+21,1.1539E+16,4.81199E+16
136621,136622,9,6,61,0,2016,5,18,6,3,0,7,0,0,1,0,0,0,0,0,5.11124E+20,5.53502E+21,9.15511E+15,4.99674E+16
136622,136623,9,2,72,141,2016,5,16,1,2,0,1,0,0,1,0,0,0,0,0,8.31303E+20,5.41309E+21,1.35106E+16,4.87824E+16
136623,136624,9,3,73,147,2016,5,13,6,3,6,4,0,0,0,1,1,0,0,0,6.79417E+20,5.46221E+21,1.14673E+16,4.92863E+16
136624,136625,9,1,62,0,2016,5,17,1,3,6,4,0,0,0,1,1,0,0,0,6.8653E+20,5.33508E+21,1.15075E+16,4.81416E+16
136625,136626,9,1,84,131,2016,5,18,7,3,5,3,0,0,1,0,0,0,0,0,7.04927E+20,5.33988E+21,1.17568E+16,4.81791E+16
136626,136627,9,3,62,0,2016,5,14,7,3,3,7,0,0,0,1,0,0,0,0,7.29636E+20,5.43335E+21,1.21404E+16,4.90103E+16
136627,136628,9,1,62,0,2016,5,10,6,2,6,4,0,0,0,0,1,0,1,0,6.92243E+20,5.33862E+21,1.15858E+16,4.81717E+16
136628,136629,9,5,62,0,2016,5,16,6,3,4,6,0,0,1,0,0,0,0,0,6.45662E+20,5.49594E+21,1.10158E+16,4.95984E+16
136629,136630,9,3,62,0,2016,5,19,7,3,0,1,0,0,1,0,0,0,0,0,7.28972E+20,5.43545E+21,1.21325E+16,4.90293E+16
136630,136631,9,1,84,140,2016,5,9,6,3,5,2,0,0,0,1,0,0,0,0,7.02031E+20,5.32842E+21,1.17125E+16,4.80771E+16
136631,136632,9,5,62,0,2016,5,15,6,3,0,7,0,0,1,0,0,0,0,0,6.45804E+20,5.49378E+21,1.1017E+16,4.95791E+16
136632,136633,9,1,90,157,2016,5,15,1,2,0,1,0,0,1,0,0,0,0,0,6.59964E+20,5.30032E+21,1.11377E+16,4.78363E+16
136633,136634,9,3,76,161,2016,5,15,6,3,5,3,0,0,0,1,0,1,0,0,7.2429E+20,5.46567E+21,1.20854E+16,4.93026E+16
136634,136635,9,1,62,0,2016,5,16,7,3,5,3,0,0,0,1,0,0,0,0,6.93985E+20,5.33636E+21,1.16082E+16,4.81509E+16
136635,136636,9,1,62,0,2016,5,8,5,3,0,7,0,0,0,1,0,0,0,0,6.90144E+20,5.33524E+21,1.15561E+16,4.8142E+16
136636,136637,9,7,73,179,2016,5,18,1,3,0,1,0,0,1,0,0,0,0,0,6.2027E+20,5.37355E+21,1.06282E+16,4.85035E+16
136637,136638,9,7,72,125,2016,5,11,6,3,5,3,0,0,0,1,0,0,0,0,6.36746E+20,5.34719E+21,1.08426E+16,4.82631E+16