FID,OBJECTID,ULAND,UREGBEZ,UKREIS,UGEMEINDE,UJAHR,UMONAT,USTUNDE,UWOCHENTAG,UKATEGORIE,UART,UTYP1,ULICHTVERH,IstStrasse,IstRad,IstPKW,IstFuss,IstKrad,IstGkfz,IstSonstig,LINREFX,LINREFY,XGCSWGS84,YGCSWGS84
136638,136639,9,1,62,0,2016,5,7,6,3,0,6,0,0,1,1,0,0,0,0,6.92002E+20,5.33982E+21,1.15831E+16,4.81825E+16
136639,136640,9,5,64,0,2016,5,20,1,3,5,3,1,0,0,1,0,1,0,0,6.52991E+20,5.48375E+21,1.11124E+16,4.94871E+16
136640,136641,9,1,81,128,2016,5,11,2,2,4,6,0,0,1,0,1,0,0,0,6.38234E+20,5.32787E+21,1.08563E+16,4.80891E+16
136641,136642,9,1,90,157,2016,5,13,1,2,8,1,0,0,0,1,0,1,0,0,6.60138E+20,5.30043E+21,1.11401E+16,4.78373E+16
136642,136643,9,3,76,144,2016,5,7,6,3,6,7,0,0,0,0,1,0,0,1,7.30564E+20,5.48214E+21,1.21811E+16,4.94481E+16
136643,136644,9,2,61,0,2016,5,7,2,3,5,3,0,0,0,1,0,0,0,0,7.31689E+20,5.38383E+21,1.21406E+16,4.85647E+16
136644,136645,9,1,62,0,2016,5,17,5,3,5,2,0,0,0,1,0,1,0,0,6.99393E+20,5.33455E+21,1.168E+16,4.81329E+16
136645,136646,9,2,71,146,2016,5,10,7,3,5,3,0,0,1,1,0,0,0,0,7.8469E+20,5.41E+21,1.28754E+16,4.87778E+16
136646,136647,9,1,80,134,2016,5,13,1,3,0,1,0,0,1,0,0,0,0,0,6.55991E+20,5.28711E+21,1.10799E+16,4.77185E+16
136647,136648,9,3,71,156,2016,5,7,6,2,2,2,0,0,0,1,0,1,0,0,7.02322E+20,5.49933E+21,1.18008E+16,4.96126E+16
136648,136649,9,1,62,0,2016,5,23,5,3,5,3,2,0,1,1,0,0,0,0,6.90807E+20,5.34227E+21,1.15682E+16,4.8205E+16
136649,136650,9,1,62,0,2016,5,16,6,1,6,4,0,0,0,1,1,0,0,0,6.98815E+20,5.3319E+21,1.1671E+16,4.81093E+16
136650,136651,9,7,72,200,2016,5,9,1,3,0,7,0,0,0,1,0,0,0,0,6.29755E+20,5.33716E+21,1.07454E+16,4.81745E+16
136651,136652,9,5,65,0,2016,5,15,6,3,5,3,0,0,0,1,0,1,0,0,6.4845E+20,5.46634E+21,1.10433E+16,4.93317E+16
136652,136653,9,5,77,111,2016,5,13,1,3,6,4,0,0,0,1,1,0,0,0,6.38112E+20,5.44471E+21,1.08936E+16,4.91396E+16
136653,136654,9,1,88,126,2016,5,11,2,2,0,7,0,0,1,0,1,0,0,0,6.61089E+20,5.32509E+21,1.1162E+16,4.80588E+16
136654,136655,9,1,62,0,2016,5,13,1,3,4,7,0,0,0,1,0,1,0,0,6.93193E+20,5.33485E+21,1.15969E+16,4.81376E+16
136655,136656,9,1,62,0,2016,5,13,7,3,5,3,0,0,1,0,0,0,0,0,6.92253E+20,5.33555E+21,1.15846E+16,4.81441E+16
136656,136657,9,2,76,148,2016,5,9,6,3,9,7,0,0,0,1,0,0,0,0,8.10242E+20,5.4362E+21,1.32422E+16,4.90006E+16
136657,136658,9,1,62,0,2016,5,0,7,3,5,3,2,0,0,1,0,0,0,0,6.90153E+20,5.33526E+21,1.15562E+16,4.81421E+16
136658,136659,9,1,90,148,2016,5,17,2,3,2,6,0,0,0,1,0,0,1,0,6.42395E+20,5.29912E+21,1.09027E+16,4.78297E+16
136659,136660,9,2,78,149,2016,5,17,7,3,9,7,0,0,0,1,0,0,0,0,7.79153E+20,5.41517E+21,1.28038E+16,4.88267E+16
136660,136661,9,2,75,154,2016,5,17,7,3,5,3,0,0,0,1,0,1,0,0,8.03325E+20,5.39778E+21,1.31195E+16,4.86594E+16
136661,136662,9,1,62,0,2016,5,18,6,3,3,2,0,0,1,1,0,0,0,0,6.95815E+20,5.33417E+21,1.16318E+16,4.81306E+16
136662,136663,9,5,74,112,2016,5,11,6,3,5,3,0,0,1,1,0,0,0,0,6.71607E+20,5.47312E+21,1.13647E+16,4.93866E+16
136663,136664,9,1,62,0,2016,5,15,6,2,3,6,0,0,0,1,0,1,0,0,6.89902E+20,5.33556E+21,1.1553E+16,4.8145E+16
136664,136665,9,7,71,130,2016,5,18,1,3,0,1,0,0,1,0,0,0,0,0,6.4556E+20,5.35797E+21,1.0965E+16,4.83581E+16
136665,136666,9,5,63,0,2016,5,8,6,3,2,6,0,0,0,1,0,0,0,0,6.40866E+20,5.48388E+21,1.09452E+16,4.94912E+16
136666,136667,9,5,75,125,2016,5,18,1,3,4,1,0,0,1,1,0,0,0,0,6.25401E+20,5.49896E+21,1.07365E+16,4.96301E+16
136667,136668,9,1,62,0,2016,5,11,7,3,0,7,0,0,0,0,0,1,0,0,6.87975E+20,5.3334E+21,1.15262E+16,4.81261E+16
136668,136669,9,2,63,0,2016,5,16,6,3,4,6,0,0,0,1,0,0,0,0,7.6202E+20,5.42056E+21,1.25742E+16,4.88826E+16
136669,136670,9,2,77,139,2016,5,16,7,2,8,1,0,0,0,1,0,1,0,0,7.87144E+20,5.37482E+21,1.28844E+16,4.84609E+16
136670,136671,9,2,62,0,2016,5,17,7,2,5,2,0,0,0,1,0,1,0,0,8.25446E+20,5.38761E+21,1.3411E+16,4.8557E+16
136671,136672,9,1,62,0,2016,5,18,6,3,0,7,0,0,0,1,0,1,0,1,6.89667E+20,5.33489E+21,1.15496E+16,4.8139E+16
136672,136673,9,5,64,0,2016,5,20,6,3,1,2,1,0,1,1,0,0,0,0,6.54386E+20,5.48276E+21,1.11313E+16,4.94779E+16
136673,136674,9,1,73,133,2016,5,10,1,2,0,1,0,0,1,0,0,0,0,0,6.77943E+20,5.28013E+21,1.13695E+16,4.76501E+16
136674,136675,9,2,63,0,2016,5,13,6,3,3,6,0,0,1,1,0,0,0,0,7.6391E+20,5.42128E+21,1.26004E+16,4.88883E+16
136675,136676,9,1,62,0,2016,5,2,1,3,0,7,2,0,1,0,0,0,0,0,6.92734E+20,5.33539E+21,1.1591E+16,4.81426E+16
136676,136677,9,1,62,0,2016,5,15,7,3,2,6,0,0,0,1,0,0,0,0,6.91698E+20,5.33373E+21,1.15763E+16,4.81279E+16
136677,136678,9,2,78,116,2016,5,19,6,3,5,3,0,0,1,1,0,0,0,0,7.65819E+20,5.43387E+21,1.26346E+16,4.90005E+16
136678,136679,9,1,84,149,2016,5,19,1,3,1,5,0,0,1,1,0,0,0,0,6.91582E+20,5.35058E+21,1.15823E+16,4.82794E+16
136679,136680,9,1,62,0,2016,5,8,7,3,5,7,0,0,0,1,0,1,0,0,6.89475E+20,5.33492E+21,1.1547E+16,4.81393E+16
136680,136681,9,2,78,149,2016,5,11,6,2,2,6,0,0,1,0,0,0,0,0,7.78983E+20,5.41808E+21,1.28034E+16,4.88529E+16
136681,136682,9,2,72,151,2016,5,15,7,3,2,1,0,0,0,1,0,0,0,0,8.3917E+20,5.40712E+21,1.36124E+16,4.87247E+16
136682,136683,9,7,75,135,2016,5,18,6,3,0,7,0,0,1,0,0,0,0,0,5.74337E+20,5.35944E+21,1.0004E+16,4.83838E+16
136683,136684,9,5,64,0,2016,5,10,6,3,0,4,0,0,0,1,1,0,0,0,6.52804E+20,5.47557E+21,1.11067E+16,4.94136E+16
136684,136685,9,1,73,112,2016,5,11,1,3,1,2,0,0,0,1,0,1,0,0,6.92061E+20,5.29182E+21,1.15625E+16,4.77511E+16
136685,136686,9,2,78,118,2016,5,8,6,3,5,3,0,0,1,1,0,0,0,0,7.70441E+20,5.42348E+21,1.26908E+16,4.89051E+16
136686,136687,9,1,62,0,2016,5,17,7,3,5,7,0,0,1,1,0,0,0,0,6.91056E+20,5.33516E+21,1.15683E+16,4.8141E+16
136687,136688,9,1,84,138,2016,5,13,5,3,5,3,0,0,0,1,0,0,0,0,6.79867E+20,5.33176E+21,1.14166E+16,4.81137E+16
136688,136689,9,7,75,134,2016,5,2,6,2,0,7,2,0,1,0,0,0,0,0,5.84642E+20,5.36469E+21,1.01442E+16,4.84296E+16
136689,136690,9,7,72,163,2016,5,12,1,3,0,1,0,0,1,0,0,0,0,0,6.40082E+20,5.34777E+21,1.08877E+16,4.82677E+16
136690,136691,9,7,71,142,2016,5,18,6,3,3,1,0,0,1,0,0,0,0,1,6.45933E+20,5.35195E+21,1.0968E+16,4.83039E+16
136691,136692,9,2,79,134,2016,5,11,7,2,0,7,0,0,1,0,0,0,0,0,7.69136E+20,5.37877E+21,1.26439E+16,4.85043E+16
136692,136693,9,7,78,144,2016,5,16,6,3,8,7,0,0,1,0,0,0,0,0,5.91772E+20,5.3029E+21,1.02273E+16,4.78729E+16
136693,136694,9,5,61,0,2016,5,16,1,3,1,5,0,0,1,1,0,0,0,0,6.16373E+20,5.46193E+21,1.06007E+16,4.9299E+16
136694,136695,9,5,64,0,2016,5,18,6,3,5,3,0,0,0,0,0,1,0,1,6.55556E+20,5.47382E+21,1.11439E+16,4.93972E+16
136695,136696,9,1,71,121,2016,5,0,1,3,6,7,2,0,0,1,1,0,0,0,7.7505E+20,5.34488E+21,1.27017E+16,4.81975E+16
136696,136697,9,2,62,0,2016,5,6,6,3,4,6,0,0,1,1,0,0,0,0,8.29434E+20,5.38832E+21,1.34655E+16,4.85612E+16
136697,136698,9,1,62,0,2016,5,18,5,3,5,3,0,0,0,1,0,1,0,0,6.79731E+20,5.33908E+21,1.14179E+16,4.81795E+16
136698,136699,9,7,74,166,2016,5,14,6,2,2,6,0,0,0,1,0,1,0,0,6.13536E+20,5.34485E+21,1.05293E+16,4.82467E+16
136699,136700,9,7,61,0,2016,5,10,1,2,5,3,0,0,0,1,0,1,0,0,6.39318E+20,5.35838E+21,1.08809E+16,4.83632E+16
136700,136701,9,5,64,0,2016,5,14,6,2,5,3,0,0,0,0,0,1,1,0,6.50207E+20,5.47487E+21,1.10706E+16,4.94079E+16
136701,136702,9,4,75,189,2016,5,14,1,3,0,7,0,0,1,0,0,0,0,0,7.00452E+20,5.55933E+21,1.18061E+16,5.01523E+16
136702,136703,9,1,79,145,2016,5,13,2,2,5,3,0,0,1,1,0,0,0,0,6.75074E+20,5.33852E+21,1.13551E+16,4.81758E+16
136703,136704,9,1,62,0,2016,5,17,1,3,5,3,0,0,0,1,0,1,0,0,6.98586E+20,5.33338E+21,1.16686E+16,4.81227E+16
136704,136705,9,7,75,135,2016,5,11,7,3,5,3,0,0,1,1,0,0,0,0,5.74231E+20,5.35991E+21,1.00027E+16,4.83879E+16
136705,136706,9,2,74,128,2016,5,8,6,3,4,6,0,0,0,1,0,0,0,0,7.38122E+20,5.39243E+21,1.22325E+16,4.86396E+16
136706,136707,9,7,74,135,2016,5,7,6,3,5,3,0,0,0,1,0,0,0,0,5.9451E+20,5.36801E+21,1.02783E+16,4.84581E+16
136707,136708,9,4,73,120,2016,5,13,1,2,5,3,0,0,0,1,0,1,0,0,6.41868E+20,5.57212E+21,1.09914E+16,5.02841E+16
136708,136709,9,1,79,123,2016,5,13,2,3,5,2,0,0,1,1,0,0,0,0,6.75995E+20,5.33341E+21,1.13653E+16,4.81296E+16
136709,136710,9,1,87,162,2016,5,13,1,3,8,1,0,0,1,0,0,0,0,0,7.5122E+20,5.30619E+21,1.23589E+16,4.78599E+16
136710,136711,9,1,90,157,2016,5,17,6,3,0,3,0,0,0,1,0,1,0,0,6.60138E+20,5.30043E+21,1.11401E+16,4.78373E+16
136711,136712,9,7,64,0,2016,5,10,7,3,0,7,0,0,1,0,0,0,0,0,5.86853E+20,5.31502E+21,1.01639E+16,4.79826E+16
136712,136713,9,2,74,126,2016,5,10,2,3,4,2,0,0,1,1,0,0,0,0,7.32754E+20,5.38428E+21,1.21552E+16,4.85683E+16
136713,136714,9,1,62,0,2016,5,14,5,3,6,4,0,0,0,1,1,0,0,0,6.87448E+20,5.33608E+21,1.15203E+16,4.81503E+16
136714,136715,9,1,73,137,2016,5,12,7,3,8,1,0,0,1,0,0,0,0,0,6.77178E+20,5.3083E+21,1.13708E+16,4.79036E+16
136715,136716,9,7,74,135,2016,5,18,6,2,5,3,0,0,1,1,0,0,0,0,5.955E+20,5.36664E+21,1.02914E+16,4.84456E+16
136716,136717,9,7,61,0,2016,5,12,1,3,1,6,0,0,0,1,0,1,0,0,6.39624E+20,5.35813E+21,1.0885E+16,4.83609E+16
136717,136718,9,5,73,133,2016,5,11,6,2,5,3,0,0,1,0,0,0,0,0,6.24263E+20,5.48245E+21,1.07156E+16,4.9482E+16
136718,136719,9,4,74,140,2016,5,13,1,3,7,7,0,0,1,0,0,0,0,1,6.5928E+20,5.49704E+21,1.12046E+16,4.96049E+16
136719,136720,9,7,73,125,2016,5,14,7,3,1,5,0,0,1,1,0,0,0,0,6.10959E+20,5.38144E+21,1.05043E+16,4.85763E+16
136720,136721,9,1,63,0,2016,5,17,6,3,4,6,0,0,1,1,0,0,0,0,7.31885E+20,5.3015E+21,1.20983E+16,4.7825E+16
136721,136722,9,1,90,153,2016,5,14,7,2,0,7,0,0,1,0,0,0,0,0,6.74604E+20,5.28808E+21,1.13283E+16,4.77225E+16
136722,136723,9,7,78,203,2016,5,15,6,3,4,6,0,0,0,1,0,0,0,1,6.22628E+20,5.32439E+21,1.06459E+16,4.8061E+16
136723,136724,9,7,72,131,2016,5,12,7,2,0,1,0,0,0,0,0,1,0,0,6.19892E+20,5.3575E+21,1.06185E+16,4.83593E+16
136724,136725,9,1,89,143,2016,5,8,2,3,1,6,0,0,0,0,0,0,0,1,7.58713E+20,5.3172E+21,1.24655E+16,4.79558E+16
136725,136726,9,1,89,155,2016,5,0,7,3,6,7,2,0,0,1,1,0,0,0,7.728E+20,5.30781E+21,1.26478E+16,4.78657E+16
136726,136727,9,1,71,114,2016,5,7,7,2,5,2,0,0,0,1,0,0,0,0,7.7995E+20,5.34515E+21,1.27676E+16,4.81978E+16
136727,136728,9,7,80,119,2016,5,17,6,2,0,1,0,0,1,0,0,0,0,0,5.98109E+20,5.29698E+21,1.03106E+16,4.78187E+16
136728,136729,9,6,75,155,2016,5,15,1,3,6,7,0,0,0,1,1,0,0,0,5.85168E+20,5.52365E+21,1.01849E+16,4.98592E+16
136729,136730,9,5,73,122,2016,5,13,6,3,2,6,0,0,0,1,0,1,0,0,6.42095E+20,5.47707E+21,1.09597E+16,4.94297E+16
136730,136731,9,1,63,0,2016,5,8,6,3,5,3,0,0,0,1,0,0,0,0,7.31748E+20,5.30113E+21,1.20962E+16,4.78218E+16
136731,136732,9,1,62,0,2016,5,14,1,3,5,1,0,0,1,0,0,0,0,0,6.96452E+20,5.3308E+21,1.16388E+16,4.81001E+16
136732,136733,9,7,72,177,2016,5,14,7,2,5,3,0,0,1,1,0,0,0,0,6.3706E+20,5.38279E+21,1.08585E+16,4.85832E+16
136733,136734,9,1,87,182,2016,5,18,7,3,0,1,0,0,1,0,0,0,0,0,7.39385E+20,5.3282E+21,1.22131E+16,4.80621E+16
136734,136735,9,7,80,143,2016,5,13,6,3,0,1,0,0,1,0,0,0,0,0,5.93951E+20,5.27962E+21,1.02514E+16,4.76631E+16
136735,136736,9,5,61,0,2016,5,17,6,2,2,5,0,0,0,1,0,1,0,0,6.13906E+20,5.46207E+21,1.05668E+16,4.93008E+16
136736,136737,9,1,82,114,2016,5,14,1,3,0,1,0,0,1,0,0,0,0,0,7.21288E+20,5.28929E+21,1.19506E+16,4.7719E+16
136737,136738,9,1,87,130,2016,5,14,6,3,5,2,0,0,1,0,0,0,0,0,7.16053E+20,5.30679E+21,1.18897E+16,4.78781E+16
136738,136739,9,5,77,136,2016,5,7,6,3,6,4,0,0,0,1,1,0,0,0,6.28124E+20,5.44218E+21,1.07559E+16,4.91191E+16
136739,136740,9,1,87,165,2016,5,17,1,3,0,1,0,0,1,0,0,0,0,0,7.33308E+20,5.29905E+21,1.21159E+16,4.78024E+16
136740,136741,9,1,61,0,2016,5,9,6,3,5,3,0,0,0,1,0,0,0,0,6.79167E+20,5.40148E+21,1.1437E+16,4.87405E+16
136741,136742,9,1,62,0,2016,5,19,1,3,1,5,0,0,0,1,0,1,0,0,6.85438E+20,5.3391E+21,1.14946E+16,4.81781E+16
136742,136743,9,7,61,0,2016,5,13,7,2,5,3,0,0,1,1,0,0,0,0,6.41948E+20,5.36063E+21,1.09172E+16,4.83828E+16
136743,136744,9,7,71,130,2016,5,10,6,3,0,1,0,0,1,0,0,0,0,0,6.46247E+20,5.35723E+21,1.0974E+16,4.83513E+16
136744,136745,9,1,63,0,2016,5,23,7,3,9,1,2,0,0,1,0,0,0,0,7.33778E+20,5.30479E+21,1.21253E+16,4.78539E+16
136745,136746,9,7,80,133,2016,5,15,6,3,0,6,0,0,1,0,0,0,0,0,5.95345E+20,5.24508E+21,1.02624E+16,4.73522E+16
136746,136747,9,4,61,0,2016,5,10,1,3,0,7,0,0,1,0,0,0,0,0,6.37789E+20,5.52957E+21,1.09188E+16,4.99027E+16
136747,136748,9,5,77,136,2016,5,14,6,3,8,7,0,0,0,1,0,0,0,0,6.27894E+20,5.44261E+21,1.07529E+16,4.9123E+16
136748,136749,9,1,88,139,2016,5,15,1,3,6,7,0,0,0,1,1,0,0,0,6.74837E+20,5.31877E+21,1.13438E+16,4.79983E+16
136749,136750,9,1,81,130,2016,5,10,6,3,5,3,0,0,1,1,0,0,0,0,6.38475E+20,5.32455E+21,1.08585E+16,4.80591E+16
136750,136751,9,2,75,116,2016,5,9,2,3,0,1,0,0,1,0,0,0,0,0,8.19597E+20,5.3641E+21,1.33141E+16,4.83491E+16
136751,136752,9,1,84,144,2016,5,13,5,3,6,7,0,0,1,0,1,0,0,0,6.88466E+20,5.31583E+21,1.1525E+16,4.7968E+16
136752,136753,9,1,87,162,2016,5,19,7,2,0,1,0,0,1,0,0,0,0,0,7.51195E+20,5.30619E+21,1.23585E+16,4.78599E+16
136753,136754,9,7,77,144,2016,5,17,6,3,4,1,0,0,0,1,0,0,0,0,6.09149E+20,5.29041E+21,1.04564E+16,4.77578E+16
136754,136755,9,6,75,117,2016,5,9,1,3,3,6,0,0,1,1,0,0,0,0,5.84014E+20,5.51735E+21,1.01675E+16,4.98027E+16
136755,136756,9,1,62,0,2016,5,17,5,2,0,7,0,0,1,0,0,0,0,0,6.96482E+20,5.33732E+21,1.16422E+16,4.81588E+16
136756,136757,9,7,76,116,2016,5,17,6,3,5,2,0,0,1,1,0,0,0,0,5.50079E+20,5.26759E+21,9.6657E+15,4.75598E+16
136757,136758,9,6,75,146,2016,5,11,1,3,5,3,0,0,1,1,0,0,0,0,5.83E+20,5.51401E+21,1.01527E+16,4.97728E+16
136758,136759,9,5,71,183,2016,5,18,6,3,0,7,0,0,1,1,0,0,0,0,6.06243E+20,5.4733E+21,1.04644E+16,4.94031E+16
136759,136760,9,3,74,162,2016,5,10,1,3,2,6,0,0,0,1,0,0,0,0,7.41377E+20,5.50201E+21,1.23422E+16,4.96223E+16
136760,136761,9,1,79,123,2016,5,7,2,3,1,6,0,0,1,1,0,0,0,0,6.76892E+20,5.33349E+21,1.13774E+16,4.813E+16
136761,136762,9,1,81,130,2016,5,11,6,3,0,1,0,0,0,0,0,1,0,0,6.38918E+20,5.32498E+21,1.08646E+16,4.8063E+16
136762,136763,9,6,77,157,2016,5,9,7,3,5,3,0,0,0,1,0,0,0,0,5.44054E+20,5.52141E+21,9.61273E+15,4.98435E+16
136763,136764,9,1,90,157,2016,5,12,2,3,3,2,0,0,1,1,0,0,0,0,6.60514E+20,5.30048E+21,1.11451E+16,4.78376E+16
136764,136765,9,1,62,0,2016,5,14,5,3,0,7,0,0,1,0,0,0,0,0,6.93267E+20,5.33427E+21,1.15976E+16,4.81323E+16
136765,136766,9,1,82,120,2016,5,21,7,3,0,1,2,0,1,0,0,0,0,0,7.01962E+20,5.30608E+21,1.17011E+16,4.78763E+16
136766,136767,9,1,87,165,2016,5,20,7,3,0,1,0,0,1,0,0,0,0,0,7.3274E+20,5.29711E+21,1.21073E+16,4.77853E+16
136767,136768,9,7,77,129,2016,5,20,6,3,5,3,0,0,0,1,0,1,0,0,6.27476E+20,5.26966E+21,1.06948E+16,4.75678E+16
136768,136769,9,6,76,116,2016,5,18,1,2,8,1,0,0,1,0,0,0,0,0,5.19774E+20,5.50653E+21,9.27428E+15,4.9711E+16
136769,136770,9,5,61,0,2016,5,11,6,3,0,1,0,1,1,0,0,0,0,0,6.1593E+20,5.46155E+21,1.05945E+16,4.92957E+16
136770,136771,9,3,77,154,2016,5,10,1,3,5,3,0,0,0,1,0,0,0,0,7.40049E+20,5.53121E+21,1.23419E+16,4.98851E+16
136771,136772,9,1,79,123,2016,5,16,6,3,0,7,0,0,0,0,0,0,0,1,6.7638E+20,5.33412E+21,1.13708E+16,4.81359E+16
136772,136773,9,1,62,0,2016,5,12,1,3,5,3,0,0,1,1,0,0,0,0,6.87006E+20,5.34362E+21,1.15177E+16,4.82182E+16
136773,136774,9,6,62,0,2016,5,14,7,3,6,4,0,0,0,1,1,0,0,0,5.88844E+20,5.54393E+21,1.02407E+16,5.00411E+16
136774,136775,9,5,61,0,2016,5,7,6,2,6,4,0,0,0,1,1,0,0,0,6.14832E+20,5.46244E+21,1.05796E+16,4.93039E+16
136775,136776,9,3,75,211,2016,5,14,1,3,0,6,0,0,1,0,0,0,0,0,7.17105E+20,5.44318E+21,1.19746E+16,4.91031E+16
136776,136777,9,1,62,0,2016,5,14,1,3,6,7,0,0,1,0,1,0,0,0,6.8611E+20,5.34277E+21,1.15052E+16,4.82108E+16
136777,136778,9,6,61,0,2016,5,15,7,3,0,7,0,0,1,0,0,0,0,0,5.09115E+20,5.53457E+21,9.12708E+15,4.99634E+16
136778,136779,9,1,81,144,2016,5,17,6,3,0,1,0,0,1,0,0,0,0,0,6.55586E+20,5.32124E+21,1.10868E+16,4.80255E+16
136779,136780,9,1,87,165,2016,5,11,7,3,4,6,0,0,1,0,0,0,0,0,7.33345E+20,5.29834E+21,1.2116E+16,4.77961E+16
136780,136781,9,1,85,153,2016,5,16,7,2,2,6,0,0,1,0,0,0,0,0,6.52525E+20,5.40084E+21,1.10747E+16,4.87419E+16
136781,136782,9,7,77,169,2016,5,11,6,3,6,4,0,0,0,1,1,0,0,0,6.30929E+20,5.2684E+21,1.07403E+16,4.75558E+16
136782,136783,9,5,61,0,2016,5,10,6,3,6,7,0,0,0,1,1,0,0,0,6.13417E+20,5.4598E+21,1.05594E+16,4.92805E+16
136783,136784,9,1,81,115,2016,5,13,1,3,0,1,0,0,1,0,0,0,0,0,6.57054E+20,5.32603E+21,1.11082E+16,4.80682E+16
136784,136785,9,1,74,115,2016,5,11,6,3,5,3,0,0,0,1,0,1,0,0,6.83354E+20,5.34801E+21,1.14704E+16,4.82587E+16
136785,136786,9,1,84,147,2016,5,18,1,3,5,3,0,0,1,1,0,0,0,0,6.98884E+20,5.34088E+21,1.16761E+16,4.819E+16
136786,136787,9,6,61,0,2016,5,10,7,3,2,6,0,0,0,1,0,1,0,0,5.08316E+20,5.5367E+21,9.116E+15,4.99826E+16
136787,136788,9,7,72,147,2016,5,8,6,3,2,2,0,0,0,1,0,0,0,0,6.39038E+20,5.3639E+21,1.0879E+16,4.84129E+16
136788,136789,9,1,86,113,2016,5,11,7,3,8,1,0,0,0,1,0,0,0,0,6.80952E+20,5.39502E+21,1.14585E+16,4.86819E+16
136789,136790,9,1,75,128,2016,5,19,6,3,8,1,0,0,1,0,0,0,0,0,7.14945E+20,5.32477E+21,1.18838E+16,4.804E+16
136790,136791,9,1,79,142,2016,5,14,7,3,6,4,0,0,0,1,1,0,0,0,6.72369E+20,5.34321E+21,1.13206E+16,4.82187E+16
136791,136792,9,7,72,147,2016,5,14,6,3,3,2,0,0,0,0,0,1,0,0,6.37925E+20,5.36612E+21,1.08647E+16,4.84331E+16
136792,136793,9,4,75,136,2016,5,19,6,3,6,4,0,0,0,1,1,0,0,0,6.93815E+20,5.56908E+21,1.17182E+16,5.02421E+16
136793,136794,9,1,74,115,2016,5,18,1,3,4,3,0,0,1,1,0,0,0,0,6.80975E+20,5.34545E+21,1.14373E+16,4.82364E+16
136794,136795,9,5,74,138,2016,5,10,7,3,6,7,0,0,0,1,1,0,0,0,6.64975E+20,5.48654E+21,1.12789E+16,4.9509E+16
136795,136796,9,7,78,171,2016,5,20,5,2,0,7,0,0,1,0,0,0,0,0,5.90773E+20,5.3158E+21,1.02166E+16,4.79891E+16
136796,136797,9,7,61,0,2016,5,15,6,3,3,6,0,0,1,1,0,0,0,0,6.3878E+20,5.35842E+21,1.08737E+16,4.83637E+16
136797,136798,9,1,79,123,2016,5,18,4,3,0,7,0,1,1,0,0,0,0,0,6.75975E+20,5.33338E+21,1.1365E+16,4.81294E+16
136798,136799,9,6,75,141,2016,5,5,3,3,0,1,0,0,1,0,0,0,0,0,5.83918E+20,5.50987E+21,1.01646E+16,4.97355E+16
136799,136800,9,1,83,148,2016,5,15,5,2,3,6,0,0,0,0,0,1,1,0,7.52368E+20,5.3457E+21,1.23975E+16,4.82142E+16
136800,136801,9,1,80,124,2016,5,17,3,3,2,6,0,1,0,1,0,1,0,0,6.65138E+20,5.28292E+21,1.12002E+16,4.76785E+16
136801,136802,9,5,77,122,2016,5,17,2,3,5,3,0,0,0,1,0,0,0,0,6.30991E+20,5.43449E+21,1.07927E+16,4.90494E+16
136802,136803,9,1,79,121,2016,5,20,4,3,0,7,0,0,1,0,0,0,0,0,6.65649E+20,5.33695E+21,1.12278E+16,4.81642E+16
136803,136804,9,7,61,0,2016,5,17,5,3,5,2,0,1,0,1,0,0,0,0,6.37422E+20,5.35541E+21,1.08544E+16,4.83369E+16
136804,136805,9,6,77,155,2016,5,15,3,3,3,7,0,0,1,0,0,0,0,0,5.41234E+20,5.53756E+21,9.57523E+15,4.99889E+16
136805,136806,9,5,77,136,2016,5,19,5,3,0,3,0,1,0,0,0,1,0,0,6.27958E+20,5.4422E+21,1.07537E+16,4.91194E+16
136806,136807,9,1,62,0,2016,5,8,4,3,0,7,0,1,0,1,0,1,0,0,6.94788E+20,5.34092E+21,1.16211E+16,4.81916E+16
136807,136808,9,7,78,169,2016,5,7,2,3,9,6,0,0,0,1,0,0,0,0,6.15899E+20,5.33501E+21,1.05585E+16,4.81577E+16
136808,136809,9,1,89,118,2016,5,12,3,3,5,3,0,0,0,1,0,0,0,0,7.8306E+20,5.32321E+21,1.27949E+16,4.79995E+16
136809,136810,9,1,62,0,2016,5,10,4,3,0,7,0,0,1,0,0,0,0,0,6.93578E+20,5.33951E+21,1.16042E+16,4.81794E+16
136810,136811,9,5,74,123,2016,5,15,2,2,8,1,0,0,0,1,0,0,0,0,6.59773E+20,5.47226E+21,1.12014E+16,4.93821E+16
136811,136812,9,6,73,141,2016,5,12,4,3,6,6,0,0,0,1,1,0,0,0,6.0467E+20,5.573E+21,1.04697E+16,5.02998E+16
136812,136813,9,6,62,0,2016,5,9,4,3,2,2,0,0,0,1,0,1,0,0,5.87644E+20,5.54245E+21,1.02237E+16,5.00279E+16
136813,136814,9,1,71,113,2016,5,13,3,2,2,6,0,0,0,1,0,1,0,0,7.79664E+20,5.33992E+21,1.27603E+16,4.8151E+16
136814,136815,9,1,62,0,2016,5,10,4,3,4,3,0,0,1,0,0,0,0,0,6.85012E+20,5.33739E+21,1.14881E+16,4.81628E+16