FID,OBJECTID,ULAND,UREGBEZ,UKREIS,UGEMEINDE,UJAHR,UMONAT,USTUNDE,UWOCHENTAG,UKATEGORIE,UART,UTYP1,ULICHTVERH,IstStrasse,IstRad,IstPKW,IstFuss,IstKrad,IstGkfz,IstSonstig,LINREFX,LINREFY,XGCSWGS84,YGCSWGS84
136993,136994,9,7,79,201,2016,5,17,3,3,5,3,0,0,0,1,0,0,0,0,6.41523E+20,5.39473E+21,1.0923E+16,4.86895E+16
136994,136995,9,5,64,0,2016,5,8,5,3,0,1,0,0,1,1,0,0,0,0,6.49414E+20,5.48002E+21,1.10617E+16,4.94544E+16
136995,136996,9,3,62,0,2016,5,14,3,2,5,3,0,0,0,1,0,0,0,1,7.2959E+20,5.43302E+21,1.21396E+16,4.90073E+16
136996,136997,9,1,62,0,2016,5,7,2,3,6,4,0,0,0,1,1,0,0,0,7.01294E+20,5.33456E+21,1.17055E+16,4.81324E+16
136997,136998,9,7,61,0,2016,5,15,4,3,5,3,0,0,1,1,0,0,0,0,6.40309E+20,5.35918E+21,1.08946E+16,4.83702E+16
136998,136999,9,6,73,142,2016,5,8,2,2,4,2,0,0,0,1,0,0,0,0,5.91862E+20,5.58614E+21,1.02931E+16,5.04201E+16
136999,137000,9,1,80,117,2016,5,14,4,3,5,3,0,0,0,1,0,0,0,0,6.58699E+20,5.26185E+21,1.11069E+16,4.74907E+16
137000,137001,9,7,73,182,2016,5,7,3,3,3,2,0,0,0,0,0,1,0,1,6.23509E+20,5.37954E+21,1.06738E+16,4.85567E+16
137001,137002,9,3,75,179,2016,5,10,3,3,0,7,0,0,1,0,0,0,0,0,7.31723E+20,5.42869E+21,1.21663E+16,4.89676E+16
137002,137003,9,1,62,0,2016,5,12,4,3,5,2,0,0,1,1,0,0,0,0,6.92113E+20,5.33668E+21,1.15832E+16,4.81543E+16
137003,137004,9,1,62,0,2016,5,14,2,3,2,6,0,0,0,1,0,0,0,0,6.98556E+20,5.33529E+21,1.16691E+16,4.81399E+16
137004,137005,9,3,75,165,2016,5,14,3,3,3,2,0,0,0,1,0,1,0,0,7.24197E+20,5.43812E+21,1.20688E+16,4.90551E+16
137005,137006,9,1,62,0,2016,5,15,4,2,0,1,0,0,1,0,0,0,0,0,6.92082E+20,5.33704E+21,1.1583E+16,4.81576E+16
137006,137007,9,1,62,0,2016,5,9,2,3,1,7,0,0,1,1,0,0,0,0,6.95835E+20,5.33086E+21,1.16305E+16,4.81008E+16
137007,137008,9,7,80,124,2016,5,17,5,3,1,6,0,1,0,1,0,0,0,0,5.92033E+20,5.26787E+21,1.02233E+16,4.75577E+16
137008,137009,9,7,71,156,2016,5,16,4,3,9,1,0,0,0,0,0,1,0,0,6.52334E+20,5.37972E+21,1.10643E+16,4.85521E+16
137009,137010,9,6,61,0,2016,5,17,2,3,1,5,0,0,1,1,0,0,0,0,5.10606E+20,5.53596E+21,9.14791E+15,4.99759E+16
137010,137011,9,3,62,0,2016,5,18,3,3,2,2,0,0,0,1,0,0,0,1,7.25538E+20,5.43229E+21,1.20839E+16,4.90022E+16
137011,137012,9,1,83,148,2016,5,15,4,3,6,7,0,0,0,1,1,0,0,1,7.52797E+20,5.34555E+21,1.24031E+16,4.82128E+16
137012,137013,9,7,73,125,2016,5,8,3,2,4,2,0,0,1,1,0,0,0,0,6.10685E+20,5.38159E+21,1.05007E+16,4.85776E+16
137013,137014,9,2,77,124,2016,5,6,5,2,4,6,0,0,1,1,0,0,0,0,7.83595E+20,5.37017E+21,1.28334E+16,4.84207E+16
137014,137015,9,3,62,0,2016,5,12,3,3,4,2,0,0,1,1,0,0,0,0,7.26786E+20,5.43369E+21,1.21017E+16,4.90144E+16
137015,137016,9,1,62,0,2016,5,16,4,3,6,3,0,0,0,1,1,0,0,0,6.93069E+20,5.33235E+21,1.15941E+16,4.81151E+16
137016,137017,9,1,62,0,2016,5,19,2,3,1,3,1,0,1,1,0,0,0,0,6.93887E+20,5.33133E+21,1.16046E+16,4.81057E+16
137017,137018,9,5,64,0,2016,5,16,2,3,5,3,0,0,0,1,0,0,0,0,6.48047E+20,5.47471E+21,1.10408E+16,4.94071E+16
137018,137019,9,3,61,0,2016,5,8,2,3,4,2,0,0,0,1,0,0,0,0,7.05814E+20,5.48061E+21,1.18393E+16,4.94432E+16
137019,137020,9,1,89,155,2016,5,13,4,3,8,1,0,0,0,0,0,1,0,0,7.72371E+20,5.3093E+21,1.26431E+16,4.78792E+16
137020,137021,9,7,72,184,2016,5,17,3,3,5,3,0,0,1,1,0,0,0,0,6.35423E+20,5.35979E+21,1.08288E+16,4.83768E+16
137021,137022,9,5,64,0,2016,5,16,5,3,2,6,0,0,0,1,0,0,0,0,6.47697E+20,5.48414E+21,1.10395E+16,4.94919E+16
137022,137023,9,3,61,0,2016,5,7,2,3,6,4,0,0,0,1,1,0,0,0,7.08737E+20,5.48066E+21,1.18796E+16,4.94427E+16
137023,137024,9,7,61,0,2016,5,8,3,3,2,6,0,0,0,1,0,0,0,0,6.38365E+20,5.35938E+21,1.08684E+16,4.83724E+16
137024,137025,9,5,64,0,2016,5,15,5,3,5,7,0,0,1,1,0,0,0,0,6.49296E+20,5.48071E+21,1.10603E+16,4.94607E+16
137025,137026,9,3,76,175,2016,5,16,3,3,4,2,0,1,0,1,0,0,0,0,7.31453E+20,5.46763E+21,1.2185E+16,4.93175E+16
137026,137027,9,2,79,122,2016,5,7,5,3,0,7,0,0,1,0,0,0,0,0,7.71873E+20,5.39686E+21,1.26927E+16,4.86656E+16
137027,137028,9,1,62,0,2016,5,21,2,3,5,3,2,0,1,1,0,0,0,0,6.91239E+20,5.33278E+21,1.15697E+16,4.81195E+16
137028,137029,9,6,63,0,2016,5,17,4,3,0,6,0,0,0,1,0,0,0,0,5.69221E+20,5.51646E+21,9.96182E+15,4.97966E+16
137029,137030,9,5,73,122,2016,5,8,2,3,5,3,0,0,0,1,0,0,0,0,6.43556E+20,5.47779E+21,1.09801E+16,4.94358E+16
137030,137031,9,2,71,146,2016,5,15,2,2,5,3,0,0,0,1,0,1,0,0,7.85548E+20,5.4112E+21,1.28879E+16,4.87882E+16
137031,137032,9,1,72,111,2016,5,15,4,2,4,6,0,0,1,0,0,1,0,0,7.91022E+20,5.30565E+21,1.28895E+16,4.78383E+16
137032,137033,9,1,87,124,2016,5,11,4,3,5,3,0,0,0,1,0,0,0,0,7.36387E+20,5.32795E+21,1.21728E+16,4.8061E+16
137033,137034,9,7,61,0,2016,5,10,3,3,5,2,0,0,1,0,0,0,0,0,6.38676E+20,5.35812E+21,1.08722E+16,4.8361E+16
137034,137035,9,5,64,0,2016,5,8,5,3,5,3,0,0,1,1,0,0,0,0,6.47998E+20,5.48007E+21,1.10422E+16,4.94552E+16
137035,137036,9,2,78,123,2016,5,16,3,2,8,1,0,0,1,0,0,0,0,0,7.50862E+20,5.41324E+21,1.24178E+16,4.88215E+16
137036,137037,9,2,73,152,2016,5,10,5,3,5,3,0,0,0,1,0,1,0,0,7.02979E+20,5.40956E+21,1.17645E+16,4.88059E+16
137037,137038,9,1,62,0,2016,5,18,2,3,5,3,0,0,0,0,0,1,0,1,6.96493E+20,5.33508E+21,1.16413E+16,4.81386E+16
137038,137039,9,7,72,163,2016,5,12,5,3,5,3,0,0,1,1,0,0,0,0,6.40408E+20,5.34913E+21,1.08926E+16,4.82798E+16
137039,137040,9,6,63,0,2016,5,12,4,3,5,3,0,0,1,1,0,0,0,0,5.67771E+20,5.51621E+21,9.94164E+15,4.97945E+16
137040,137041,9,6,77,154,2016,5,14,2,3,5,3,0,0,0,1,0,0,0,0,5.43683E+20,5.51768E+21,9.60714E+15,4.98099E+16
137041,137042,9,2,63,0,2016,5,6,3,3,9,1,0,0,1,0,0,0,0,0,7.62736E+20,5.42093E+21,1.25842E+16,4.88855E+16
137042,137043,9,1,83,148,2016,5,13,5,3,3,2,0,0,1,1,0,0,0,0,7.52705E+20,5.34465E+21,1.24014E+16,4.82047E+16
137043,137044,9,7,61,0,2016,5,16,5,3,1,6,0,1,0,1,0,0,0,0,6.38459E+20,5.36039E+21,1.087E+16,4.83815E+16
137044,137045,9,6,63,0,2016,5,12,4,3,0,7,0,0,0,0,0,0,0,1,5.68205E+20,5.51303E+21,9.94711E+15,4.97659E+16
137045,137046,9,7,71,146,2016,5,18,2,3,9,1,0,0,0,0,0,1,0,0,6.48271E+20,5.34703E+21,1.09977E+16,4.82591E+16
137046,137047,9,1,62,0,2016,5,8,2,3,1,5,0,0,1,1,0,0,0,0,6.90956E+20,5.33411E+21,1.15665E+16,4.81315E+16
137047,137048,9,1,63,0,2016,5,17,4,3,1,2,0,0,0,1,0,0,0,1,7.33977E+20,5.30533E+21,1.21282E+16,4.78587E+16
137048,137049,9,1,87,177,2016,5,17,4,3,0,1,0,0,1,0,0,0,0,0,7.36712E+20,5.30607E+21,1.21651E+16,4.78643E+16
137049,137050,9,7,61,0,2016,5,17,3,3,5,3,0,0,0,1,0,0,0,0,6.419E+20,5.3576E+21,1.09155E+16,4.83556E+16
137050,137051,9,2,71,141,2016,5,14,3,3,2,1,0,0,0,1,0,1,0,0,7.9627E+20,5.40063E+21,1.30259E+16,4.86883E+16
137051,137052,9,1,62,0,2016,5,7,4,3,2,2,0,0,0,1,0,0,0,0,6.86726E+20,5.33021E+21,1.1508E+16,4.80978E+16
137052,137053,9,1,62,0,2016,5,18,2,3,5,2,0,0,0,1,0,1,0,1,6.9138E+20,5.33808E+21,1.1574E+16,4.81671E+16
137053,137054,9,7,61,0,2016,5,17,5,3,1,6,0,1,0,1,0,0,0,1,6.38916E+20,5.36033E+21,1.08762E+16,4.83808E+16
137054,137055,9,6,63,0,2016,5,23,4,3,2,6,2,0,0,1,0,0,0,0,5.69152E+20,5.5176E+21,9.96107E+15,4.98069E+16
137055,137056,9,6,74,130,2016,5,20,2,3,0,1,0,0,1,0,0,0,0,0,6.19164E+20,5.55074E+21,1.06661E+16,5.0097E+16
137056,137057,9,2,71,140,2016,5,6,3,3,5,6,0,0,0,1,0,1,0,0,7.8478E+20,5.41933E+21,1.28831E+16,4.88615E+16
137057,137058,9,1,63,0,2016,5,16,4,3,5,3,0,0,1,1,0,0,0,0,7.3351E+20,5.30471E+21,1.21217E+16,4.78533E+16
137058,137059,9,7,75,118,2016,5,15,2,3,4,6,0,0,1,1,0,0,0,0,5.87289E+20,5.34138E+21,1.01752E+16,4.82196E+16
137059,137060,9,1,87,117,2016,5,13,4,2,4,6,0,0,1,1,0,0,0,0,7.25035E+20,5.30558E+21,1.2009E+16,4.78641E+16
137060,137061,9,7,61,0,2016,5,16,3,3,0,1,0,0,1,0,0,0,0,0,6.40544E+20,5.3593E+21,1.08978E+16,4.83712E+16
137061,137062,9,2,77,116,2016,5,13,3,3,4,6,0,0,1,0,0,0,0,1,7.78384E+20,5.36822E+21,1.27618E+16,4.84056E+16
137062,137063,9,1,62,0,2016,5,18,4,2,6,4,0,1,0,1,1,0,0,0,6.92963E+20,5.3332E+21,1.15931E+16,4.81228E+16
137063,137064,9,6,77,122,2016,5,16,4,3,7,7,0,0,0,0,0,1,0,0,5.46508E+20,5.55525E+21,9.65094E+15,5.01477E+16
137064,137065,9,5,62,0,2016,5,10,2,3,5,3,0,0,1,1,0,0,0,0,6.45925E+20,5.49093E+21,1.10176E+16,4.95534E+16
137065,137066,9,2,71,146,2016,5,7,2,3,5,3,0,0,0,1,0,1,0,0,7.83843E+20,5.41068E+21,1.28644E+16,4.87843E+16
137066,137067,9,1,62,0,2016,5,21,7,3,3,7,2,1,1,1,0,0,0,0,6.90511E+20,5.33507E+21,1.1561E+16,4.81403E+16
137067,137068,9,3,61,0,2016,5,4,7,3,2,6,2,0,1,0,0,0,0,1,7.08569E+20,5.48056E+21,1.18773E+16,4.94419E+16
137068,137069,9,1,62,0,2016,5,15,3,3,5,2,0,0,1,1,0,0,0,0,6.91588E+20,5.33621E+21,1.15759E+16,4.81503E+16
137069,137070,9,7,77,129,2016,5,13,6,3,4,2,0,1,1,1,0,0,0,0,6.25983E+20,5.26967E+21,1.0675E+16,4.75682E+16
137070,137071,9,1,62,0,2016,5,19,7,3,8,1,0,1,0,1,0,0,0,1,6.8796E+20,5.33403E+21,1.15263E+16,4.81317E+16
137071,137072,9,2,79,127,2016,5,20,4,2,9,1,0,0,0,0,0,0,0,1,7.54943E+20,5.40488E+21,1.24682E+16,4.87447E+16
137072,137073,9,3,61,0,2016,5,15,7,3,4,7,0,0,1,1,0,0,0,0,7.07593E+20,5.48084E+21,1.1864E+16,4.94447E+16
137073,137074,9,1,62,0,2016,5,9,3,3,8,1,0,0,1,0,0,0,0,0,6.89854E+20,5.33953E+21,1.15541E+16,4.81806E+16
137074,137075,9,3,75,174,2016,5,15,6,3,5,3,0,1,0,1,0,1,0,0,7.33612E+20,5.43018E+21,1.21929E+16,4.89803E+16
137075,137076,9,5,64,0,2016,5,15,3,3,0,1,0,0,0,0,0,1,0,0,6.50697E+20,5.4754E+21,1.10776E+16,4.94126E+16
137076,137077,9,3,71,144,2016,5,14,6,3,5,3,0,0,0,1,0,0,0,0,7.02747E+20,5.48409E+21,1.17989E+16,4.94756E+16
137077,137078,9,7,73,136,2016,5,7,6,3,5,3,0,1,0,1,0,0,0,0,6.01365E+20,5.37907E+21,1.03737E+16,4.85565E+16
137078,137079,9,5,73,130,2016,5,12,3,3,0,5,0,0,1,1,0,0,0,0,6.36988E+20,5.48525E+21,1.08921E+16,4.95044E+16
137079,137080,9,3,61,0,2016,5,18,6,3,1,6,0,0,0,1,0,0,0,0,7.07589E+20,5.48083E+21,1.18639E+16,4.94446E+16
137080,137081,9,7,80,118,2016,5,11,2,3,0,1,0,0,1,0,0,0,0,0,6.01848E+20,5.26726E+21,1.03536E+16,4.75508E+16
137081,137082,9,7,72,125,2016,5,17,2,3,5,3,0,1,1,1,0,0,0,0,6.36587E+20,5.34726E+21,1.08405E+16,4.82639E+16
137082,137083,9,7,72,171,2016,5,18,6,3,5,3,0,1,1,0,0,0,0,1,6.36645E+20,5.37299E+21,1.08496E+16,4.84952E+16
137083,137084,9,5,77,177,2016,5,12,3,3,4,2,0,0,0,1,0,0,0,0,6.43876E+20,5.43221E+21,1.09681E+16,4.9026E+16
137084,137085,9,2,76,138,2016,5,13,6,3,0,1,0,0,0,1,0,1,0,0,8.01315E+20,5.4333E+21,1.31183E+16,4.8979E+16
137085,137086,9,7,61,0,2016,5,10,2,2,0,1,0,1,1,0,0,0,0,0,6.41967E+20,5.35997E+21,1.09172E+16,4.83769E+16
137086,137087,9,1,62,0,2016,5,21,7,3,5,7,2,1,0,1,0,0,0,0,6.86256E+20,5.3318E+21,1.15024E+16,4.81122E+16
137087,137088,9,1,80,112,2016,5,11,4,3,0,1,0,0,1,0,0,0,0,0,6.53631E+20,5.28142E+21,1.10465E+16,4.76679E+16
137088,137089,9,2,76,144,2016,5,14,7,3,0,7,0,1,1,0,0,0,0,1,7.85813E+20,5.44339E+21,1.29141E+16,4.9077E+16
137089,137090,9,1,62,0,2016,5,9,3,3,3,2,0,1,1,0,0,0,0,1,6.90803E+20,5.33372E+21,1.15643E+16,4.81281E+16
137090,137091,9,4,75,154,2016,5,6,3,3,0,1,0,0,1,0,0,0,0,0,6.97719E+20,5.56389E+21,1.17702E+16,5.01941E+16
137091,137092,9,2,71,119,2016,5,12,6,3,2,6,0,0,0,1,0,0,0,0,7.90334E+20,5.41664E+21,1.29568E+16,4.88348E+16
137092,137093,9,7,71,130,2016,5,17,6,2,5,3,0,1,1,1,0,0,0,0,6.47585E+20,5.36208E+21,1.09938E+16,4.83946E+16
137093,137094,9,7,61,0,2016,5,20,2,3,5,3,0,1,0,1,0,0,0,0,6.38293E+20,5.35593E+21,1.08663E+16,4.83414E+16
137094,137095,9,7,71,112,2016,5,17,2,3,5,3,0,0,0,1,0,0,0,0,6.47416E+20,5.36632E+21,1.0993E+16,4.84328E+16
137095,137096,9,1,62,0,2016,5,15,7,3,1,6,0,0,0,1,0,0,0,0,6.87141E+20,5.33021E+21,1.15136E+16,4.80976E+16
137096,137097,9,2,63,0,2016,5,17,7,3,5,7,0,0,0,1,0,0,0,0,7.61543E+20,5.42028E+21,1.25676E+16,4.88803E+16
137097,137098,9,1,62,0,2016,5,8,3,3,3,6,0,0,1,1,0,0,0,0,6.90931E+20,5.33429E+21,1.15662E+16,4.81332E+16
137098,137099,9,1,62,0,2016,5,9,7,3,0,3,0,1,1,1,0,0,0,0,6.98244E+20,5.33285E+21,1.16638E+16,4.8118E+16
137099,137100,9,2,71,119,2016,5,13,7,3,2,6,0,0,0,1,0,0,0,0,7.90572E+20,5.41871E+21,1.29615E+16,4.88532E+16
137100,137101,9,7,71,130,2016,5,8,6,3,6,4,0,1,0,1,1,0,0,0,6.46972E+20,5.35803E+21,1.09841E+16,4.83583E+16
137101,137102,9,3,72,171,2016,5,11,6,3,5,3,0,0,1,1,0,0,0,0,7.6867E+20,5.47683E+21,1.27022E+16,4.93848E+16
137102,137103,9,4,75,162,2016,5,17,3,3,4,7,0,0,1,1,0,0,0,0,7.16585E+20,5.57094E+21,1.20382E+16,5.02508E+16
137103,137104,9,2,62,0,2016,5,12,6,3,6,7,0,1,0,1,1,0,0,0,8.28811E+20,5.38943E+21,1.34579E+16,4.85716E+16
137104,137105,9,7,71,130,2016,5,7,6,3,2,6,0,1,0,1,0,0,0,0,6.45501E+20,5.35652E+21,1.09637E+16,4.8345E+16
137105,137106,9,6,63,0,2016,5,12,2,3,1,1,0,0,0,1,0,0,0,0,5.66533E+20,5.51544E+21,9.92431E+15,4.97877E+16
137106,137107,9,7,80,133,2016,5,12,7,3,0,7,0,1,1,0,0,0,0,0,5.96524E+20,5.25137E+21,1.02794E+16,4.74086E+16
137107,137108,9,2,71,132,2016,5,10,7,3,0,1,0,1,1,0,0,0,0,0,7.86957E+20,5.41912E+21,1.29126E+16,4.88586E+16
137108,137109,9,7,78,118,2016,5,6,3,3,5,3,0,0,1,1,0,0,0,0,5.91156E+20,5.31354E+21,1.02213E+16,4.79687E+16
137109,137110,9,7,61,0,2016,5,16,6,3,4,2,0,1,1,1,0,0,0,0,6.40746E+20,5.35722E+21,1.08998E+16,4.83525E+16
137110,137111,9,4,78,139,2016,5,16,3,2,5,3,0,0,0,1,0,1,0,0,6.4728E+20,5.55726E+21,1.10615E+16,5.01493E+16
137111,137112,9,1,71,127,2016,5,23,6,2,8,7,2,1,0,1,0,0,0,0,7.6806E+20,5.36232E+21,1.26188E+16,4.83571E+16
137112,137113,9,3,62,0,2016,5,14,4,3,5,3,0,0,1,1,0,0,0,0,7.24216E+20,5.43501E+21,1.20673E+16,4.90272E+16
137113,137114,9,7,61,0,2016,5,14,6,3,0,1,0,1,1,0,0,0,0,0,6.41555E+20,5.35831E+21,1.09111E+16,4.83621E+16
137114,137115,9,3,72,126,2016,5,14,6,3,2,2,0,0,0,1,0,1,0,0,7.79275E+20,5.46881E+21,1.28424E+16,4.93081E+16
137115,137116,9,4,74,129,2016,5,7,3,3,2,6,0,0,0,1,0,0,0,0,6.64321E+20,5.51268E+21,1.12809E+16,4.97442E+16
137116,137117,9,1,73,147,2016,5,13,6,3,2,6,0,0,0,1,0,0,0,0,6.81187E+20,5.30954E+21,1.1425E+16,4.79136E+16
137117,137118,9,2,77,116,2016,5,22,7,3,0,7,2,1,1,0,0,0,0,0,7.79096E+20,5.36818E+21,1.27714E+16,4.84049E+16
137118,137119,9,6,79,179,2016,5,19,2,3,5,3,0,0,0,1,0,0,0,0,5.70654E+20,5.48975E+21,9.97691E+15,4.95562E+16
137119,137120,9,7,79,194,2016,5,13,7,3,5,3,0,0,0,1,0,0,0,0,6.10939E+20,5.41276E+21,1.05125E+16,4.88579E+16
137120,137121,9,1,62,0,2016,5,19,3,3,5,3,0,0,1,1,0,0,0,0,6.88639E+20,5.33795E+21,1.15371E+16,4.81668E+16
137121,137122,9,2,61,0,2016,5,12,7,3,5,3,0,0,0,1,0,0,0,0,7.32033E+20,5.38086E+21,1.21436E+16,4.85379E+16
137122,137123,9,7,74,185,2016,5,13,3,2,5,3,0,0,0,1,0,0,0,1,6.08351E+20,5.34857E+21,1.04605E+16,4.82811E+16
137123,137124,9,7,61,0,2016,5,18,6,3,0,1,0,1,0,0,0,1,0,0,6.3866E+20,5.35614E+21,1.08713E+16,4.83432E+16
137124,137125,9,1,90,157,2016,5,16,6,3,2,6,0,1,0,1,0,0,0,0,6.61586E+20,5.3009E+21,1.11596E+16,4.78411E+16
137125,137126,9,3,62,0,2016,5,16,4,3,2,6,0,0,1,1,0,0,0,0,7.25131E+20,5.43449E+21,1.20796E+16,4.90222E+16
137126,137127,9,7,72,177,2016,5,22,7,3,1,7,2,0,1,1,0,0,0,0,6.37E+20,5.37635E+21,1.08555E+16,4.85253E+16
137127,137128,9,1,89,149,2016,5,14,4,3,0,1,0,0,1,0,0,0,0,0,7.59763E+20,5.33029E+21,1.24874E+16,4.80729E+16
137128,137129,9,1,85,149,2016,5,15,7,3,2,6,0,0,1,1,0,0,0,0,6.60391E+20,5.39962E+21,1.11811E+16,4.8729E+16
137129,137130,9,1,62,0,2016,5,16,3,2,3,6,0,0,0,1,0,1,0,0,6.93461E+20,5.33353E+21,1.15999E+16,4.81256E+16
137130,137131,9,7,71,130,2016,5,10,7,3,5,3,0,0,0,1,0,0,0,0,6.45645E+20,5.35748E+21,1.0966E+16,4.83537E+16
137131,137132,9,1,72,132,2016,5,11,4,3,7,7,0,0,1,0,1,0,0,0,8.01335E+20,5.28095E+21,1.30099E+16,4.76118E+16
137132,137133,9,1,75,118,2016,5,21,7,3,5,3,2,1,0,1,0,0,0,0,7.16394E+20,5.33901E+21,1.19105E+16,4.81674E+16
137133,137134,9,7,61,0,2016,5,18,7,3,2,6,1,0,0,1,0,0,0,0,6.39414E+20,5.35852E+21,1.08823E+16,4.83644E+16
137134,137135,9,1,62,0,2016,5,15,3,3,6,2,0,0,0,1,1,0,0,0,6.92903E+20,5.33856E+21,1.15947E+16,4.81709E+16
137135,137136,9,7,71,144,2016,5,13,6,3,0,7,0,1,0,0,0,1,0,0,6.61379E+20,5.37325E+21,1.11843E+16,4.84917E+16
137136,137137,9,4,61,0,2016,5,14,3,3,3,6,0,0,1,0,0,1,0,0,6.35272E+20,5.52933E+21,1.08837E+16,4.9901E+16
137137,137138,9,1,90,157,2016,5,13,6,2,0,6,0,1,1,1,0,0,0,0,6.60213E+20,5.30086E+21,1.11412E+16,4.78411E+16
137138,137139,9,3,62,0,2016,5,6,4,3,0,1,0,0,0,1,0,1,0,0,7.28722E+20,5.43542E+21,1.21291E+16,4.90292E+16
137139,137140,9,5,76,128,2016,5,18,2,3,5,3,0,0,1,1,0,0,0,0,6.43598E+20,5.46446E+21,1.09758E+16,4.9316E+16
137140,137141,9,5,63,0,2016,5,8,2,3,5,3,0,0,0,1,0,0,0,0,6.4471E+20,5.48101E+21,1.09972E+16,4.94645E+16
137141,137142,9,6,72,114,2016,5,12,7,3,2,7,0,0,1,1,0,0,0,0,5.76468E+20,5.56152E+21,1.00715E+16,5.02009E+16
137142,137143,9,1,63,0,2016,5,8,4,2,0,1,0,0,0,1,0,0,0,0,7.32719E+20,5.30506E+21,1.21113E+16,4.78567E+16
137143,137144,9,1,84,134,2016,5,22,6,3,5,3,2,1,0,1,0,0,0,0,6.91953E+20,5.32257E+21,1.15747E+16,4.80276E+16
137144,137145,9,1,62,0,2016,5,12,3,3,6,2,0,0,0,1,1,0,0,0,6.90362E+20,5.3442E+21,1.15631E+16,4.82224E+16
137145,137146,9,6,75,127,2016,5,16,6,3,6,2,0,0,0,1,1,0,0,0,6.05953E+20,5.51373E+21,1.04713E+16,4.97667E+16
137146,137147,9,3,62,0,2016,5,6,3,3,5,3,0,0,0,1,0,1,0,0,7.24169E+20,5.43464E+21,1.20665E+16,4.90238E+16
137147,137148,9,1,90,148,2016,5,19,6,3,0,1,1,1,1,0,0,0,0,0,6.40072E+20,5.29609E+21,1.08707E+16,4.78029E+16
137148,137149,9,6,63,0,2016,5,12,6,2,0,7,0,0,0,0,0,0,0,1,5.68509E+20,5.51711E+21,9.95205E+15,4.98025E+16
137149,137150,9,3,72,144,2016,5,7,6,3,8,1,0,1,0,1,0,0,0,0,7.86823E+20,5.46465E+21,1.2943E+16,4.92672E+16
137150,137151,9,3,62,0,2016,5,10,3,3,2,6,0,0,0,1,0,0,0,0,7.27448E+20,5.43365E+21,1.21107E+16,4.90138E+16
137151,137152,9,1,71,113,2016,5,10,6,3,5,3,0,1,0,1,0,0,0,0,7.77058E+20,5.34221E+21,1.27269E+16,4.81727E+16
137152,137153,9,6,62,0,2016,5,20,6,3,3,2,0,0,1,1,0,0,0,0,5.88779E+20,5.54432E+21,1.02399E+16,5.00445E+16
137153,137154,9,3,62,0,2016,5,15,3,2,4,6,0,0,1,0,0,1,0,0,7.29543E+20,5.43486E+21,1.214E+16,4.90238E+16
137154,137155,9,1,87,117,2016,5,8,6,3,6,5,0,1,0,1,1,0,0,0,7.24347E+20,5.30558E+21,1.19998E+16,4.78644E+16
137155,137156,9,5,64,0,2016,5,0,2,3,3,6,0,0,0,1,0,0,0,0,6.48221E+20,5.47861E+21,1.10447E+16,4.94421E+16
137156,137157,9,5,64,0,2016,5,19,2,3,5,2,0,0,0,1,0,0,0,0,6.51096E+20,5.47832E+21,1.10842E+16,4.94387E+16
137157,137158,9,5,72,131,2016,5,10,7,3,5,3,0,0,1,1,0,0,0,0,6.55795E+20,5.48825E+21,1.11529E+16,4.95268E+16
137158,137159,9,1,62,0,2016,5,6,6,3,3,2,0,1,1,1,0,0,0,0,6.94557E+20,5.33545E+21,1.16155E+16,4.81425E+16
137159,137160,9,7,80,144,2016,5,8,3,3,4,1,0,0,0,0,0,1,0,1,5.90454E+20,5.27932E+21,1.02047E+16,4.76609E+16
137160,137161,9,6,78,134,2016,5,18,6,2,0,1,0,0,0,0,0,1,0,0,5.96349E+20,5.52942E+21,1.03419E+16,4.99094E+16
137161,137162,9,3,75,162,2016,5,16,6,3,5,3,0,1,0,1,0,0,0,0,7.13539E+20,5.43639E+21,1.19222E+16,4.90433E+16
137162,137163,9,2,71,146,2016,5,10,3,3,0,7,0,0,1,0,0,0,0,0,7.83434E+20,5.41035E+21,1.28586E+16,4.87815E+16
137163,137164,9,1,61,0,2016,5,19,6,3,5,3,0,0,1,1,0,0,0,0,6.78853E+20,5.40184E+21,1.14329E+16,4.87439E+16
137164,137165,9,5,64,0,2016,5,14,2,3,0,3,0,1,0,1,0,0,0,0,6.48677E+20,5.48076E+21,1.10518E+16,4.94613E+16
137165,137166,9,5,74,138,2016,5,0,7,3,6,7,2,0,0,1,1,0,0,0,6.65105E+20,5.48682E+21,1.12809E+16,4.95115E+16
137166,137167,9,1,62,0,2016,5,10,6,3,6,4,0,1,0,1,1,0,0,0,6.90476E+20,5.33425E+21,1.15601E+16,4.8133E+16
137167,137168,9,4,73,165,2016,5,12,2,2,0,1,0,1,1,0,0,0,0,0,6.34037E+20,5.5631E+21,1.08783E+16,5.02049E+16
137168,137169,9,5,74,145,2016,5,14,7,3,5,2,0,0,0,1,0,1,0,0,6.75613E+20,5.47967E+21,1.14227E+16,4.94443E+16
137169,137170,9,1,62,0,2016,5,19,6,3,3,6,0,1,0,1,0,0,0,0,6.89582E+20,5.3332E+21,1.15477E+16,4.81238E+16