FID,OBJECTID,ULAND,UREGBEZ,UKREIS,UGEMEINDE,UJAHR,UMONAT,USTUNDE,UWOCHENTAG,UKATEGORIE,UART,UTYP1,ULICHTVERH,IstStrasse,IstRad,IstPKW,IstFuss,IstKrad,IstGkfz,IstSonstig,LINREFX,LINREFY,XGCSWGS84,YGCSWGS84
137170,137171,9,7,62,0,2016,5,18,3,3,1,6,0,0,0,1,0,0,0,0,6.22262E+20,5.30542E+21,1.06356E+16,4.78905E+16
137171,137172,9,6,73,142,2016,5,18,6,3,0,3,0,0,1,1,0,0,0,0,5.92086E+20,5.58649E+21,1.02963E+16,5.04233E+16
137172,137173,9,2,77,145,2016,5,10,3,3,6,4,0,0,0,1,1,0,0,0,7.9857E+20,5.35344E+21,1.30234E+16,4.82637E+16
137173,137174,9,1,61,0,2016,5,23,6,3,8,7,2,0,1,0,0,0,0,0,6.7862E+20,5.40449E+21,1.14309E+16,4.87678E+16
137174,137175,9,3,73,151,2016,5,9,4,3,5,3,0,0,0,1,0,0,0,0,6.98417E+20,5.44865E+21,1.17215E+16,4.91586E+16
137175,137176,9,1,87,131,2016,5,18,4,3,4,1,0,0,0,1,0,1,0,0,7.31812E+20,5.28667E+21,1.20894E+16,4.76918E+16
137176,137177,9,1,62,0,2016,5,10,6,3,3,2,0,1,1,0,0,0,1,0,6.95535E+20,5.338E+21,1.16298E+16,4.81652E+16
137177,137178,9,5,73,134,2016,5,11,7,3,5,3,0,0,1,1,0,0,0,0,6.39744E+20,5.47725E+21,1.09273E+16,4.94318E+16
137178,137179,9,1,62,0,2016,5,14,3,3,6,4,0,0,0,1,1,0,0,0,6.89885E+20,5.34281E+21,1.1556E+16,4.82101E+16
137179,137180,9,7,61,0,2016,5,21,3,3,8,3,2,0,0,1,0,0,0,0,6.39731E+20,5.35709E+21,1.08861E+16,4.83515E+16
137180,137181,9,6,62,0,2016,5,15,6,3,1,6,0,0,0,1,0,0,0,0,5.89526E+20,5.54674E+21,1.02509E+16,5.00662E+16
137181,137182,9,1,88,139,2016,5,19,6,3,0,1,0,1,1,0,0,0,0,0,6.74605E+20,5.31847E+21,1.13406E+16,4.79957E+16
137182,137183,9,3,76,116,2016,5,14,4,2,8,1,0,0,0,1,0,0,0,0,7.35769E+20,5.46634E+21,1.22435E+16,4.93042E+16
137183,137184,9,3,62,0,2016,5,22,2,3,5,2,2,1,0,1,0,0,0,0,7.26542E+20,5.43521E+21,1.20992E+16,4.90281E+16
137184,137185,9,7,61,0,2016,5,14,3,3,1,3,0,0,0,1,0,0,0,0,6.4024E+20,5.35345E+21,1.08917E+16,4.83187E+16
137185,137186,9,6,76,139,2016,5,5,6,3,5,2,0,0,0,1,0,1,0,0,5.18711E+20,5.50577E+21,9.25949E+15,4.97041E+16
137186,137187,9,3,71,113,2016,5,12,4,3,5,3,0,0,0,1,0,0,0,0,6.90256E+20,5.50814E+21,1.16383E+16,4.96957E+16
137187,137188,9,5,63,0,2016,5,19,7,3,0,7,0,0,0,1,0,0,0,0,6.39546E+20,5.48114E+21,1.0926E+16,4.94668E+16
137188,137189,9,1,87,165,2016,5,16,4,2,3,6,0,0,1,1,0,0,0,0,7.30142E+20,5.29527E+21,1.20717E+16,4.77697E+16
137189,137190,9,1,62,0,2016,5,15,6,3,1,5,0,0,1,1,0,0,0,0,6.93274E+20,5.33461E+21,1.15979E+16,4.81354E+16
137190,137191,9,1,62,0,2016,5,9,3,3,1,6,0,1,0,1,0,0,0,0,6.97557E+20,5.33374E+21,1.1655E+16,4.81262E+16
137191,137192,9,3,62,0,2016,5,7,6,3,5,3,0,1,1,1,0,0,0,0,7.24136E+20,5.43465E+21,1.20661E+16,4.9024E+16
137192,137193,9,2,74,114,2016,5,18,3,2,8,6,0,0,0,1,0,1,0,0,7.36328E+20,5.37231E+21,1.21968E+16,4.84595E+16
137193,137194,9,1,75,139,2016,5,10,6,3,5,3,0,1,0,1,0,0,0,0,7.10252E+20,5.32991E+21,1.18235E+16,4.80878E+16
137194,137195,9,6,71,111,2016,5,14,6,3,5,3,0,0,0,1,0,0,0,0,5.04168E+20,5.54915E+21,9.05827E+15,5.00946E+16
137195,137196,9,2,61,0,2016,5,10,3,3,0,7,0,0,0,0,0,0,0,1,7.32112E+20,5.38069E+21,1.21445E+16,4.85364E+16
137196,137197,9,1,77,117,2016,5,11,6,3,2,6,0,1,0,1,0,0,1,0,7.15195E+20,5.35174E+21,1.19008E+16,4.82822E+16
137197,137198,9,2,78,182,2016,5,17,2,3,2,2,0,0,0,1,0,0,0,0,7.62385E+20,5.4124E+21,1.2574E+16,4.88091E+16
137198,137199,9,2,62,0,2016,5,4,2,3,2,6,1,0,0,1,0,0,0,0,8.30494E+20,5.39101E+21,1.34819E+16,4.85848E+16
137199,137200,9,5,63,0,2016,5,13,7,3,5,3,0,0,0,1,0,1,0,0,6.38479E+20,5.48355E+21,1.09121E+16,4.94888E+16
137200,137201,9,1,62,0,2016,5,14,6,3,6,2,0,1,0,1,1,0,0,0,6.8314E+20,5.34028E+21,1.14642E+16,4.81893E+16
137201,137202,9,5,64,0,2016,5,11,7,2,5,3,0,0,0,1,0,0,0,1,6.50752E+20,5.4776E+21,1.10792E+16,4.94324E+16
137202,137203,9,1,87,179,2016,5,11,4,3,5,2,0,0,0,1,0,0,0,0,7.26679E+20,5.31345E+21,1.20351E+16,4.79342E+16
137203,137204,9,1,62,0,2016,5,15,6,3,2,6,0,0,0,1,0,0,0,1,6.85889E+20,5.33395E+21,1.14984E+16,4.81316E+16
137204,137205,9,1,62,0,2016,5,8,3,3,6,4,0,0,0,1,1,0,0,0,6.90721E+20,5.33814E+21,1.15652E+16,4.81679E+16
137205,137206,9,1,80,117,2016,5,13,3,3,1,7,0,0,1,1,0,0,0,0,6.56909E+20,5.26194E+21,1.10831E+16,4.74919E+16
137206,137207,9,1,62,0,2016,5,16,5,3,1,7,0,1,1,1,0,0,0,0,6.92657E+20,5.33989E+21,1.1592E+16,4.81831E+16
137207,137208,9,6,71,111,2016,5,13,6,3,6,4,0,0,0,0,1,1,0,0,5.03924E+20,5.54843E+21,9.05485E+15,5.00881E+16
137208,137209,9,1,87,162,2016,5,8,2,3,9,1,0,1,0,1,0,0,0,0,7.52162E+20,5.30369E+21,1.237E+16,4.78371E+16
137209,137210,9,1,74,146,2016,5,10,2,3,9,1,0,1,0,1,0,0,0,0,6.67344E+20,5.34876E+21,1.12552E+16,4.82699E+16
137210,137211,9,5,64,0,2016,5,13,7,2,1,5,0,0,1,1,0,0,0,0,6.51544E+20,5.48071E+21,1.10913E+16,4.94601E+16
137211,137212,9,1,62,0,2016,5,22,6,3,2,6,2,1,0,1,0,0,0,0,6.89313E+20,5.33548E+21,1.15451E+16,4.81443E+16
137212,137213,9,7,61,0,2016,5,17,3,3,0,1,0,0,1,0,0,0,0,0,6.41272E+20,5.35922E+21,1.09076E+16,4.83703E+16
137213,137214,9,5,62,0,2016,5,18,6,3,4,2,0,0,0,1,0,1,0,0,6.46736E+20,5.49523E+21,1.10304E+16,4.95918E+16
137214,137215,9,3,62,0,2016,5,22,6,3,5,3,2,0,0,1,0,0,0,0,7.30094E+20,5.43376E+21,1.21469E+16,4.90138E+16
137215,137216,9,1,83,148,2016,5,19,3,3,5,3,0,0,1,1,0,0,0,0,7.52014E+20,5.34511E+21,1.23924E+16,4.82091E+16
137216,137217,9,1,62,0,2016,5,18,5,3,4,6,0,0,1,0,0,0,0,0,6.93966E+20,5.33505E+21,1.16073E+16,4.81391E+16
137217,137218,9,5,62,0,2016,5,13,6,3,5,3,0,0,0,1,0,0,0,0,6.45578E+20,5.4962E+21,1.10147E+16,4.96008E+16
137218,137219,9,1,89,124,2016,5,16,3,3,8,7,0,0,0,1,0,0,0,0,7.80973E+20,5.29641E+21,1.27495E+16,4.77598E+16
137219,137220,9,1,62,0,2016,5,10,5,3,3,2,0,1,1,0,0,0,0,1,6.92306E+20,5.33769E+21,1.15863E+16,4.81633E+16
137220,137221,9,5,64,0,2016,5,15,6,3,0,7,0,0,0,0,0,1,0,0,6.52694E+20,5.48203E+21,1.11077E+16,4.94717E+16
137221,137222,9,1,62,0,2016,5,1,1,3,6,4,2,0,0,1,1,0,0,0,6.90522E+20,5.33474E+21,1.1561E+16,4.81374E+16
137222,137223,9,5,64,0,2016,5,11,7,2,5,6,0,0,0,1,0,1,0,0,6.50931E+20,5.47802E+21,1.10818E+16,4.94361E+16
137223,137224,9,1,62,0,2016,5,10,6,3,6,7,0,1,1,0,1,0,0,0,6.90724E+20,5.33631E+21,1.15644E+16,4.81514E+16
137224,137225,9,7,61,0,2016,5,9,3,3,2,6,0,0,0,1,0,0,0,0,6.39602E+20,5.359E+21,1.0885E+16,4.83687E+16
137225,137226,9,5,64,0,2016,5,16,6,3,2,6,0,0,0,1,0,0,0,0,6.51211E+20,5.4765E+21,1.10851E+16,4.94224E+16
137226,137227,9,1,71,125,2016,5,11,3,2,6,4,0,0,0,1,1,0,0,0,7.7534E+20,5.34963E+21,1.27086E+16,4.82401E+16
137227,137228,9,1,62,0,2016,5,6,5,3,2,6,0,0,1,1,0,0,0,0,6.88174E+20,5.32786E+21,1.15264E+16,4.80763E+16
137228,137229,9,2,78,148,2016,5,12,4,3,5,3,0,0,0,1,0,0,0,0,7.33582E+20,5.40841E+21,1.21801E+16,4.87848E+16
137229,137230,9,5,64,0,2016,5,12,7,3,5,3,0,0,1,0,0,1,0,0,6.49135E+20,5.47951E+21,1.10576E+16,4.94499E+16
137230,137231,9,1,85,125,2016,5,16,4,3,5,3,0,0,1,1,0,0,0,0,6.50083E+20,5.39594E+21,1.10397E+16,4.86984E+16
137231,137232,9,1,62,0,2016,5,18,6,3,2,6,0,1,0,1,0,0,0,0,6.8283E+20,5.33517E+21,1.14579E+16,4.81435E+16
137232,137233,9,1,62,0,2016,5,14,1,3,5,2,0,0,1,1,0,0,0,0,6.89049E+20,5.33335E+21,1.15406E+16,4.81253E+16
137233,137234,9,5,64,0,2016,5,21,7,3,3,6,2,0,0,1,0,0,0,0,6.49943E+20,5.47911E+21,1.10686E+16,4.94461E+16
137234,137235,9,1,62,0,2016,5,17,3,3,2,6,0,0,0,1,0,0,0,0,6.91756E+20,5.33543E+21,1.15778E+16,4.81432E+16
137235,137236,9,1,62,0,2016,5,9,6,3,4,2,0,1,1,1,0,1,0,0,6.88712E+20,5.33627E+21,1.15373E+16,4.81517E+16
137236,137237,9,6,63,0,2016,5,11,3,3,6,4,0,0,1,0,1,0,0,0,5.66723E+20,5.51635E+21,9.9271E+15,4.97959E+16
137237,137238,9,5,64,0,2016,5,8,6,3,5,2,0,0,1,1,0,0,0,0,6.46509E+20,5.48058E+21,1.10218E+16,4.94602E+16
137238,137239,9,2,63,0,2016,5,1,4,3,0,1,2,0,1,0,0,0,0,0,7.61848E+20,5.4205E+21,1.25719E+16,4.88821E+16
137239,137240,9,5,64,0,2016,5,18,7,3,3,6,2,0,0,0,0,1,0,1,6.50852E+20,5.47901E+21,1.10811E+16,4.9445E+16
137240,137241,9,1,88,132,2016,5,8,4,3,5,3,0,0,0,1,0,0,0,0,6.64666E+20,5.32267E+21,1.1209E+16,4.8036E+16
137241,137242,9,1,62,0,2016,5,14,6,3,1,6,0,1,0,1,0,0,0,0,6.86243E+20,5.33267E+21,1.15026E+16,4.81201E+16
137242,137243,9,1,62,0,2016,5,19,3,3,4,7,1,1,1,1,0,0,0,0,6.9102E+20,5.33362E+21,1.15672E+16,4.81272E+16
137243,137244,9,1,87,121,2016,5,15,3,3,0,1,0,1,1,0,0,0,0,0,7.53305E+20,5.30857E+21,1.23881E+16,4.78804E+16
137244,137245,9,1,84,130,2016,5,7,5,3,5,3,0,0,0,1,0,0,0,0,6.98056E+20,5.34403E+21,1.16665E+16,4.82185E+16
137245,137246,9,5,64,0,2016,5,19,6,3,0,1,0,0,1,0,0,0,0,0,6.5086E+20,5.47849E+21,1.1081E+16,4.94403E+16
137246,137247,9,5,64,0,2016,5,12,7,3,5,3,0,0,0,1,0,0,0,0,6.49106E+20,5.47704E+21,1.10563E+16,4.94277E+16
137247,137248,9,1,62,0,2016,5,11,3,3,0,7,0,0,0,0,0,1,0,0,6.86757E+20,5.33942E+21,1.15125E+16,4.81806E+16
137248,137249,9,5,74,138,2016,5,7,3,3,1,7,0,0,1,1,0,0,0,0,6.65328E+20,5.48612E+21,1.12836E+16,4.95051E+16
137249,137250,9,5,64,0,2016,5,8,6,3,6,7,0,0,0,1,1,0,0,0,6.46514E+20,5.47703E+21,1.10206E+16,4.94283E+16
137250,137251,9,1,79,126,2016,5,19,3,3,0,7,0,0,1,0,0,0,0,0,6.76355E+20,5.34046E+21,1.13731E+16,4.81928E+16
137251,137252,9,1,62,0,2016,5,11,5,3,1,7,0,0,0,1,0,0,1,0,6.78933E+20,5.33899E+21,1.14071E+16,4.8179E+16
137252,137253,9,2,71,119,2016,5,12,4,3,5,3,0,0,0,1,0,1,0,0,7.90813E+20,5.41616E+21,1.2963E+16,4.88303E+16
137253,137254,9,1,62,0,2016,5,12,1,3,1,6,0,0,1,1,0,0,0,0,6.88494E+20,5.33325E+21,1.15331E+16,4.81246E+16
137254,137255,9,5,71,136,2016,5,2,7,3,6,4,2,0,0,1,1,0,0,0,5.97185E+20,5.43566E+21,1.03305E+16,4.90662E+16
137255,137256,9,1,79,126,2016,5,12,4,3,5,3,0,0,1,1,0,0,0,0,6.77632E+20,5.34136E+21,1.13906E+16,4.82006E+16
137256,137257,9,1,62,0,2016,5,13,6,3,5,3,0,1,0,1,0,0,0,0,6.84874E+20,5.33227E+21,1.1484E+16,4.81168E+16
137257,137258,9,1,62,0,2016,5,12,3,3,1,5,0,0,0,1,0,0,0,0,6.98848E+20,5.33379E+21,1.16723E+16,4.81263E+16
137258,137259,9,1,88,121,2016,5,11,3,3,8,1,0,1,1,1,0,0,0,0,6.7032E+20,5.32965E+21,1.12876E+16,4.80974E+16
137259,137260,9,1,62,0,2016,5,11,5,3,0,4,0,0,0,0,1,0,1,0,6.87402E+20,5.33172E+21,1.15177E+16,4.81112E+16
137260,137261,9,5,71,180,2016,5,7,6,3,5,3,0,1,0,1,0,1,0,0,6.29553E+20,5.46085E+21,1.07815E+16,4.92867E+16
137261,137262,9,1,62,0,2016,5,12,1,3,0,5,0,0,1,1,0,0,0,0,6.92082E+20,5.3366E+21,1.15828E+16,4.81537E+16
137262,137263,9,5,75,112,2016,5,17,7,3,6,1,0,0,0,1,1,0,0,0,6.02555E+20,5.48445E+21,1.04165E+16,4.9504E+16
137263,137264,9,1,79,121,2016,5,18,3,3,4,2,0,0,1,1,0,0,0,0,6.6762E+20,5.33915E+21,1.12551E+16,4.81834E+16
137264,137265,9,1,62,0,2016,5,12,5,3,1,7,0,0,0,1,1,0,0,0,6.9098E+20,5.33517E+21,1.15673E+16,4.81411E+16
137265,137266,9,7,76,127,2016,5,15,1,3,0,1,0,0,0,0,0,1,0,0,5.7699E+20,5.27302E+21,1.00243E+16,4.7606E+16
137266,137267,9,7,73,183,2016,5,23,1,3,6,7,2,0,0,1,1,0,0,0,6.05627E+20,5.38566E+21,1.04331E+16,4.86151E+16
137267,137268,9,5,61,0,2016,5,2,7,3,7,7,2,0,1,0,1,0,0,0,6.14272E+20,5.46203E+21,1.05718E+16,4.93003E+16
137268,137269,9,1,75,139,2016,5,17,4,2,8,1,0,0,1,0,0,0,0,0,7.10394E+20,5.32902E+21,1.18249E+16,4.80797E+16
137269,137270,9,1,84,140,2016,5,17,6,3,0,7,0,1,1,0,0,0,0,0,7.01939E+20,5.32847E+21,1.17113E+16,4.80775E+16
137270,137271,9,5,71,137,2016,5,23,6,2,8,1,2,1,0,1,0,0,0,0,5.94366E+20,5.45681E+21,1.02969E+16,4.92568E+16
137271,137272,9,1,74,113,2016,5,15,3,3,4,6,0,0,0,1,0,0,0,0,6.7338E+20,5.34551E+21,1.13351E+16,4.82391E+16
137272,137273,9,1,62,0,2016,5,12,5,3,6,2,0,0,0,1,1,0,0,0,6.9024E+20,5.33625E+21,1.15579E+16,4.8151E+16
137273,137274,9,6,76,136,2016,5,13,1,1,0,1,0,1,1,0,0,0,0,0,5.14317E+20,5.52827E+21,9.19939E+15,4.99067E+16
137274,137275,9,4,63,0,2016,5,14,7,2,0,7,0,0,0,0,0,1,0,0,6.40157E+20,5.56971E+21,1.09665E+16,5.02629E+16
137275,137276,9,1,62,0,2016,5,16,6,3,5,3,0,0,1,1,0,0,0,0,6.90727E+20,5.3301E+21,1.15616E+16,4.80956E+16
137276,137277,9,5,64,0,2016,5,5,3,3,5,3,0,0,0,1,0,0,0,0,6.52158E+20,5.47915E+21,1.10992E+16,4.94459E+16
137277,137278,9,4,78,116,2016,5,7,6,3,3,3,0,0,1,1,0,0,0,0,6.60498E+20,5.55681E+21,1.12462E+16,5.01417E+16
137278,137279,9,1,62,0,2016,5,13,6,3,6,4,0,1,0,1,1,0,0,0,6.92228E+20,5.33713E+21,1.15849E+16,4.81583E+16
137279,137280,9,5,63,0,2016,5,17,3,3,2,6,0,0,0,1,0,0,0,0,6.44084E+20,5.48095E+21,1.09885E+16,4.94641E+16
137280,137281,9,4,77,128,2016,5,12,6,3,5,3,0,0,0,1,0,0,1,0,6.74865E+20,5.55398E+21,1.14458E+16,5.01123E+16
137281,137282,9,3,62,0,2016,5,15,6,3,4,7,0,1,0,1,0,1,0,0,7.23579E+20,5.43352E+21,1.20578E+16,4.9014E+16
137282,137283,9,1,74,115,2016,5,5,3,3,1,1,0,0,1,1,0,0,0,0,6.79724E+20,5.34839E+21,1.14217E+16,4.82632E+16
137283,137284,9,1,84,140,2016,5,21,5,3,1,5,2,0,0,1,0,1,0,0,7.01886E+20,5.32848E+21,1.17106E+16,4.80776E+16
137284,137285,9,1,62,0,2016,5,13,6,3,3,2,0,1,0,1,0,1,0,0,6.90805E+20,5.33624E+21,1.15654E+16,4.81508E+16
137285,137286,9,5,74,128,2016,5,15,1,3,0,1,0,0,1,0,0,0,0,0,6.78723E+20,5.48579E+21,1.14683E+16,4.94983E+16
137286,137287,9,4,73,175,2016,5,4,7,2,0,1,2,0,0,0,0,1,0,0,6.34186E+20,5.56869E+21,1.08824E+16,5.02551E+16
137287,137288,9,1,62,0,2016,5,9,3,3,0,7,0,1,0,0,0,1,0,0,6.95183E+20,5.33084E+21,1.16218E+16,4.81009E+16
137288,137289,9,1,62,0,2016,5,19,6,3,5,3,0,1,0,1,0,1,0,0,6.90799E+20,5.33371E+21,1.15642E+16,4.8128E+16
137289,137290,9,5,64,0,2016,5,23,3,3,2,6,2,0,0,1,0,0,0,0,6.53705E+20,5.47576E+21,1.11192E+16,4.9415E+16
137290,137291,9,4,62,0,2016,5,8,6,3,0,1,0,0,1,0,0,0,0,0,6.86163E+20,5.53517E+21,1.15945E+16,4.99399E+16
137291,137292,9,1,62,0,2016,5,20,5,3,5,7,0,1,1,0,0,0,0,0,6.9725E+20,5.33341E+21,1.16507E+16,4.81233E+16
137292,137293,9,2,77,148,2016,5,12,4,3,0,7,0,0,0,0,0,1,0,1,7.87314E+20,5.36306E+21,1.28787E+16,4.83553E+16
137293,137294,9,5,73,133,2016,5,4,1,3,9,1,0,0,0,1,0,0,0,0,6.23105E+20,5.48223E+21,1.06995E+16,4.94802E+16
137294,137295,9,4,72,175,2016,5,10,7,3,0,1,0,0,1,0,0,0,0,0,6.78408E+20,5.51321E+21,1.14764E+16,4.97449E+16
137295,137296,9,1,77,117,2016,5,10,4,2,5,3,0,0,0,1,0,0,0,0,7.14756E+20,5.35504E+21,1.18966E+16,4.83121E+16
137296,137297,9,2,72,151,2016,5,18,4,3,5,3,0,0,0,1,0,0,0,0,8.38246E+20,5.40824E+21,1.36008E+16,4.87352E+16
137297,137298,9,4,77,128,2016,5,12,7,3,2,6,0,0,0,1,0,0,0,0,6.75124E+20,5.55352E+21,1.14492E+16,5.01081E+16
137298,137299,9,1,77,113,2016,5,7,4,3,1,6,0,0,0,1,0,0,1,0,7.22498E+20,5.35763E+21,1.20022E+16,4.83326E+16
137299,137300,9,1,62,0,2016,5,16,6,3,1,5,0,0,1,1,0,0,0,0,6.91165E+20,5.33407E+21,1.15693E+16,4.81311E+16
137300,137301,9,1,62,0,2016,5,21,3,2,0,7,2,1,1,0,0,0,0,0,6.93755E+20,5.33204E+21,1.16032E+16,4.81122E+16
137301,137302,9,4,74,126,2016,5,15,6,3,0,7,0,0,0,0,0,0,0,1,6.52107E+20,5.50979E+21,1.11103E+16,4.97213E+16
137302,137303,9,1,77,117,2016,5,7,3,3,6,2,0,0,0,1,1,0,0,0,7.1474E+20,5.35519E+21,1.18965E+16,4.83134E+16
137303,137304,9,1,62,0,2016,5,13,5,3,5,3,0,0,0,1,0,0,0,0,6.95685E+20,5.3299E+21,1.16281E+16,4.80923E+16
137304,137305,9,2,61,0,2016,5,9,4,2,1,7,0,0,0,1,0,0,0,0,7.30548E+20,5.3821E+21,1.21242E+16,4.85496E+16
137305,137306,9,1,72,118,2016,5,16,1,3,4,1,0,1,0,1,0,0,0,0,7.9649E+20,5.30771E+21,1.29638E+16,4.78542E+16
137306,137307,9,1,79,118,2016,5,15,1,3,5,3,0,0,1,1,0,0,0,0,6.72716E+20,5.33648E+21,1.13225E+16,4.81581E+16
137307,137308,9,4,71,195,2016,5,12,7,3,2,2,0,0,0,1,0,0,0,0,6.41639E+20,5.52274E+21,1.09699E+16,4.98403E+16
137308,137309,9,1,62,0,2016,5,12,3,3,6,2,0,1,0,1,1,0,0,0,6.87999E+20,5.3324E+21,1.15261E+16,4.81171E+16
137309,137310,9,7,75,135,2016,5,14,6,3,0,3,0,1,0,1,0,0,0,0,5.74318E+20,5.35962E+21,1.00038E+16,4.83854E+16
137310,137311,9,1,62,0,2016,5,18,3,3,0,7,0,0,1,0,0,0,0,0,6.93259E+20,5.33332E+21,1.15971E+16,4.81237E+16
137311,137312,9,4,71,123,2016,5,22,6,3,8,6,2,1,0,1,0,0,0,0,6.47764E+20,5.52044E+21,1.10542E+16,4.98182E+16
137312,137313,9,3,72,116,2016,5,6,6,3,2,6,0,0,0,1,0,0,0,0,7.67901E+20,5.45794E+21,1.2679E+16,4.92156E+16
137313,137314,9,1,62,0,2016,5,0,2,3,0,7,2,0,1,0,0,0,0,0,6.91965E+20,5.33344E+21,1.15798E+16,4.81253E+16
137314,137315,9,7,64,0,2016,5,17,5,3,5,3,0,1,0,1,0,1,0,0,5.8927E+20,5.31638E+21,1.01966E+16,4.79944E+16
137315,137316,9,7,78,204,2016,5,19,6,3,2,6,0,0,0,0,0,1,0,0,6.13879E+20,5.32653E+21,1.05291E+16,4.80819E+16
137316,137317,9,1,62,0,2016,5,23,3,3,5,3,2,0,0,1,0,0,0,0,6.92588E+20,5.33807E+21,1.15902E+16,4.81667E+16
137317,137318,9,3,76,161,2016,5,14,6,3,5,3,0,0,1,1,0,0,0,0,7.26999E+20,5.46719E+21,1.21235E+16,4.93152E+16
137318,137319,9,1,62,0,2016,5,13,2,3,5,3,0,1,0,1,0,0,0,0,6.92499E+20,5.34097E+21,1.15903E+16,4.81928E+16
137319,137320,9,7,74,135,2016,5,17,5,3,5,3,0,1,0,1,0,0,0,0,5.94672E+20,5.36726E+21,1.02804E+16,4.84514E+16
137320,137321,9,4,61,0,2016,5,14,6,3,5,2,0,0,1,1,0,0,0,0,6.36617E+20,5.52923E+21,1.09024E+16,4.98998E+16
137321,137322,9,1,78,143,2016,5,11,1,2,0,7,0,0,1,0,0,0,0,0,7.17217E+20,5.37289E+21,1.1939E+16,4.84716E+16
137322,137323,9,1,62,0,2016,5,15,7,3,6,7,0,0,0,1,1,0,0,0,6.91651E+20,5.34014E+21,1.15786E+16,4.81856E+16
137323,137324,9,3,75,174,2016,5,12,7,3,5,3,0,0,1,1,0,0,0,0,7.34082E+20,5.43112E+21,1.21999E+16,4.89886E+16
137324,137325,9,7,63,0,2016,5,19,6,3,8,1,0,1,0,1,0,0,0,0,5.97744E+20,5.28475E+21,1.0303E+16,4.77087E+16
137325,137326,9,5,64,0,2016,5,7,3,3,2,6,0,0,0,1,0,0,0,0,6.47345E+20,5.48147E+21,1.10337E+16,4.9468E+16
137326,137327,9,4,61,0,2016,5,9,6,3,3,2,0,0,1,1,0,0,0,0,6.36665E+20,5.52889E+21,1.09029E+16,4.98968E+16
137327,137328,9,3,61,0,2016,5,15,6,2,6,4,0,0,0,1,1,0,0,0,7.07906E+20,5.48033E+21,1.1868E+16,4.944E+16
137328,137329,9,1,62,0,2016,5,18,2,3,6,7,0,0,0,1,1,0,0,0,6.92273E+20,5.33428E+21,1.15843E+16,4.81327E+16
137329,137330,9,7,74,171,2016,5,11,5,3,0,1,0,0,1,0,0,0,0,0,6.01446E+20,5.37045E+21,1.03727E+16,4.8479E+16
137330,137331,9,7,77,151,2016,5,17,6,3,2,1,0,0,0,1,0,0,0,0,6.205E+20,5.29264E+21,1.06084E+16,4.77758E+16
137331,137332,9,1,62,0,2016,5,11,7,3,5,2,0,1,1,1,0,0,0,0,6.88583E+20,5.33124E+21,1.15334E+16,4.81065E+16
137332,137333,9,3,74,149,2016,5,17,6,3,1,1,0,0,1,1,0,0,0,0,7.14268E+20,5.51313E+21,1.19735E+16,4.97324E+16
137333,137334,9,1,62,0,2016,5,12,7,3,5,3,0,0,0,1,0,0,0,0,6.91388E+20,5.34E+21,1.1575E+16,4.81844E+16
137334,137335,9,3,62,0,2016,5,12,7,3,0,6,0,0,0,1,0,0,0,0,7.26356E+20,5.43521E+21,1.20967E+16,4.90282E+16
137335,137336,9,7,76,116,2016,5,11,6,3,5,3,0,1,1,1,0,0,0,0,5.52498E+20,5.267E+21,9.69778E+15,4.75543E+16
137336,137337,9,5,64,0,2016,5,6,3,2,1,5,0,0,1,1,0,0,0,0,6.46906E+20,5.47979E+21,1.1027E+16,4.9453E+16
137337,137338,9,1,62,0,2016,5,12,2,3,1,6,0,1,0,1,0,0,0,0,6.88046E+20,5.33901E+21,1.15296E+16,4.81765E+16
137338,137339,9,7,63,0,2016,5,12,5,3,5,3,0,1,0,1,0,0,0,0,5.98047E+20,5.28646E+21,1.03074E+16,4.77241E+16
137339,137340,9,7,76,116,2016,5,17,6,3,0,1,0,0,1,0,0,0,0,0,5.52332E+20,5.26767E+21,9.69565E+15,4.75604E+16
137340,137341,9,2,61,0,2016,5,12,6,3,5,3,0,0,0,1,0,0,0,0,7.30781E+20,5.38205E+21,1.21273E+16,4.8549E+16
137341,137342,9,1,62,0,2016,5,13,7,2,0,7,0,1,1,0,0,0,0,0,6.89847E+20,5.33183E+21,1.15506E+16,4.81115E+16
137342,137343,9,6,74,147,2016,5,11,5,3,2,6,0,0,0,1,0,0,0,0,6.07879E+20,5.54323E+21,1.05063E+16,5.00316E+16
137343,137344,9,7,61,0,2016,5,10,6,3,1,6,0,0,0,1,0,0,0,1,6.41849E+20,5.36039E+21,1.09158E+16,4.83808E+16
137344,137345,9,2,63,0,2016,5,20,1,2,0,1,0,0,1,0,0,0,0,0,7.63279E+20,5.42121E+21,1.25918E+16,4.88878E+16
137345,137346,9,1,90,135,2016,5,19,6,2,0,6,0,0,0,0,0,1,0,0,6.60017E+20,5.2938E+21,1.1136E+16,4.77776E+16
137346,137347,9,1,76,155,2016,5,16,1,3,1,5,0,0,1,1,0,0,0,0,6.61566E+20,5.42084E+21,1.12054E+16,4.89194E+16