FID,OBJECTID,ULAND,UREGBEZ,UKREIS,UGEMEINDE,UJAHR,UMONAT,USTUNDE,UWOCHENTAG,UKATEGORIE,UART,UTYP1,ULICHTVERH,IstStrasse,IstRad,IstPKW,IstFuss,IstKrad,IstGkfz,IstSonstig,LINREFX,LINREFY,XGCSWGS84,YGCSWGS84
137347,137348,9,1,62,0,2016,5,14,4,3,0,6,0,0,0,1,0,0,0,0,6.86219E+20,5.33442E+21,1.1503E+16,4.81357E+16
137348,137349,9,1,62,0,2016,5,11,4,3,2,6,0,0,0,1,0,0,0,0,6.8801E+20,5.33904E+21,1.15291E+16,4.81768E+16
137349,137350,9,7,61,0,2016,5,14,7,3,1,1,0,0,1,0,0,0,0,0,6.40445E+20,5.35289E+21,1.08943E+16,4.83136E+16
137350,137351,9,6,71,111,2016,5,15,5,2,6,4,0,0,0,1,1,0,0,0,5.05004E+20,5.54782E+21,9.06994E+15,5.00826E+16
137351,137352,9,1,62,0,2016,5,9,4,3,0,4,0,0,1,0,1,0,0,0,6.91791E+20,5.33274E+21,1.15771E+16,4.8119E+16
137352,137353,9,7,61,0,2016,5,22,7,3,5,3,2,0,0,1,0,1,0,0,6.41293E+20,5.35923E+21,1.09079E+16,4.83704E+16
137353,137354,9,1,73,123,2016,5,16,7,2,0,7,0,0,1,0,0,0,0,1,6.80091E+20,5.30623E+21,1.14089E+16,4.78841E+16
137354,137355,9,1,72,116,2016,5,18,7,2,0,1,0,0,1,0,0,0,0,0,8.00753E+20,5.28272E+21,1.30034E+16,4.7628E+16
137355,137356,9,5,76,121,2016,5,17,5,3,2,2,0,0,0,1,0,0,0,1,6.46805E+20,5.44965E+21,1.10145E+16,4.91821E+16
137356,137357,9,1,62,0,2016,5,15,4,3,5,2,0,0,1,1,0,0,0,0,6.88562E+20,5.33238E+21,1.15336E+16,4.81168E+16
137357,137358,9,6,78,174,2016,5,11,7,3,4,6,0,0,0,1,0,1,0,0,5.93511E+20,5.54525E+21,1.03062E+16,5.00522E+16
137358,137359,9,1,72,114,2016,5,10,7,3,5,3,0,0,0,1,0,0,0,0,7.90921E+20,5.29347E+21,1.288E+16,4.7729E+16
137359,137360,9,7,61,0,2016,5,14,6,3,3,6,0,0,0,1,0,1,0,0,6.3966E+20,5.35952E+21,1.08859E+16,4.83734E+16
137360,137361,9,2,63,0,2016,5,21,1,3,0,1,2,0,0,0,0,1,0,0,7.61655E+20,5.42067E+21,1.25693E+16,4.88837E+16
137361,137362,9,1,83,128,2016,5,7,6,3,5,3,0,0,1,1,0,0,0,0,7.61798E+20,5.34979E+21,1.25267E+16,4.82472E+16
137362,137363,9,1,79,142,2016,5,17,1,3,3,6,0,0,0,1,0,1,0,0,6.70972E+20,5.34093E+21,1.13009E+16,4.81986E+16
137363,137364,9,7,75,139,2016,5,21,4,3,7,1,2,1,0,0,0,1,0,0,5.82103E+20,5.36766E+21,1.01105E+16,4.84567E+16
137364,137365,9,6,76,139,2016,5,18,7,3,4,7,0,0,0,1,0,1,0,0,5.19038E+20,5.50599E+21,9.26404E+15,4.97061E+16
137365,137366,9,5,62,0,2016,5,14,5,3,8,1,0,1,0,1,0,0,0,0,6.44581E+20,5.49536E+21,1.10006E+16,4.95935E+16
137366,137367,9,1,72,114,2016,5,15,7,3,4,2,0,0,1,1,0,0,0,0,7.9012E+20,5.29336E+21,1.28693E+16,4.77283E+16
137367,137368,9,1,71,111,2016,5,17,7,3,0,1,0,0,1,0,0,0,0,0,7.7215E+20,5.34762E+21,1.26645E+16,4.82234E+16
137368,137369,9,6,75,117,2016,5,16,6,3,1,5,0,0,1,1,0,0,0,0,5.84168E+20,5.51772E+21,1.01697E+16,4.98061E+16
137369,137370,9,1,63,0,2016,5,17,6,3,0,1,0,0,0,1,0,1,0,0,7.32736E+20,5.30742E+21,1.21128E+16,4.78779E+16
137370,137371,9,1,62,0,2016,5,15,7,3,0,1,0,0,1,1,0,0,0,0,6.9105E+20,5.33423E+21,1.15678E+16,4.81326E+16
137371,137372,9,6,78,115,2016,5,22,6,2,0,7,2,0,1,0,0,0,0,0,5.84968E+20,5.53997E+21,1.01858E+16,5.0006E+16
137372,137373,9,1,61,0,2016,5,17,6,3,2,7,0,0,0,1,0,0,0,0,6.77337E+20,5.40143E+21,1.14121E+16,4.87406E+16
137373,137374,9,5,62,0,2016,5,11,5,3,1,5,0,1,1,1,0,0,0,0,6.41516E+20,5.49101E+21,1.09567E+16,4.95551E+16
137374,137375,9,7,78,115,2016,5,17,4,2,1,5,0,0,0,1,0,0,0,0,5.91768E+20,5.32831E+21,1.02326E+16,4.81015E+16
137375,137376,9,5,72,132,2016,5,13,7,2,4,2,0,0,0,1,0,1,0,0,6.36962E+20,5.49265E+21,1.08943E+16,4.95709E+16
137376,137377,9,5,64,0,2016,5,12,5,3,6,2,0,0,0,1,1,0,0,0,6.4922E+20,5.48034E+21,1.10591E+16,4.94574E+16
137377,137378,9,1,87,181,2016,5,16,7,2,5,3,0,0,0,1,0,0,0,0,7.36491E+20,5.31341E+21,1.21662E+16,4.79304E+16
137378,137379,9,6,62,0,2016,5,13,6,3,4,2,0,0,1,1,0,0,0,0,5.88341E+20,5.5445E+21,1.02339E+16,5.00462E+16
137379,137380,9,1,79,142,2016,5,17,6,3,4,2,0,0,0,1,0,1,0,0,6.72927E+20,5.34198E+21,1.13276E+16,4.82075E+16
137380,137381,9,1,62,0,2016,5,20,7,3,5,6,1,1,1,1,0,0,0,0,6.92617E+20,5.3348E+21,1.15891E+16,4.81373E+16
137381,137382,9,5,64,0,2016,5,13,5,3,0,1,0,1,0,0,0,1,0,0,6.49914E+20,5.47859E+21,1.1068E+16,4.94414E+16
137382,137383,9,7,80,143,2016,5,18,4,3,0,7,0,0,1,0,0,0,0,0,5.95614E+20,5.27568E+21,1.02726E+16,4.76275E+16
137383,137384,9,5,63,0,2016,5,18,7,2,3,6,0,0,1,1,0,0,0,0,6.44202E+20,5.48165E+21,1.09904E+16,4.94704E+16
137384,137385,9,5,76,151,2016,5,18,1,3,5,3,0,0,1,1,0,0,0,0,6.56903E+20,5.46941E+21,1.11607E+16,4.93572E+16
137385,137386,9,5,64,0,2016,5,18,5,3,2,6,0,0,0,1,0,0,0,0,6.46202E+20,5.48018E+21,1.10174E+16,4.94567E+16
137386,137387,9,7,76,129,2016,5,20,4,3,4,1,0,0,0,1,0,0,0,0,5.67203E+20,5.2719E+21,9.89397E+15,4.7597E+16
137387,137388,9,5,63,0,2016,5,17,7,2,5,3,0,0,0,1,0,1,0,0,6.45068E+20,5.4798E+21,1.10017E+16,4.94536E+16
137388,137389,9,1,79,130,2016,5,15,6,2,5,3,0,0,0,1,0,0,0,0,6.60003E+20,5.33876E+21,1.11526E+16,4.81819E+16
137389,137390,9,1,63,0,2016,5,13,7,3,5,3,0,0,0,1,0,1,0,0,7.35136E+20,5.30406E+21,1.2143E+16,4.78469E+16
137390,137391,9,6,76,133,2016,5,15,6,3,5,3,0,0,1,1,0,0,0,0,5.11782E+20,5.5237E+21,9.16394E+15,4.98656E+16
137391,137392,9,1,74,115,2016,5,14,1,3,2,6,0,0,1,0,0,0,0,0,6.81217E+20,5.34789E+21,1.14416E+16,4.82583E+16
137392,137393,9,1,81,114,2016,5,15,6,3,0,1,0,0,1,0,0,0,0,0,6.57413E+20,5.31295E+21,1.11083E+16,4.79505E+16
137393,137394,9,7,75,135,2016,5,23,7,3,0,7,2,0,1,1,0,0,0,0,5.74231E+20,5.3601E+21,1.00027E+16,4.83897E+16
137394,137395,9,4,63,0,2016,5,14,5,2,5,3,0,0,1,1,0,0,0,0,6.39916E+20,5.56884E+21,1.09628E+16,5.02551E+16
137395,137396,9,5,64,0,2016,5,15,7,3,2,6,0,0,0,1,0,1,0,0,6.56396E+20,5.47451E+21,1.11558E+16,4.94031E+16
137396,137397,9,5,63,0,2016,5,17,1,3,6,7,0,0,1,0,1,0,0,0,6.44901E+20,5.48258E+21,1.10004E+16,4.94786E+16
137397,137398,9,6,71,139,2016,5,18,6,2,0,7,0,0,0,0,0,1,0,0,5.19621E+20,5.53971E+21,9.27384E+15,5.00094E+16
137398,137399,9,2,76,117,2016,5,14,1,2,0,6,0,0,1,0,0,0,0,0,7.99008E+20,5.4436E+21,1.30945E+16,4.90726E+16
137399,137400,9,1,74,135,2016,5,18,6,3,4,2,0,0,0,1,0,0,0,1,6.63592E+20,5.35259E+21,1.12062E+16,4.83054E+16
137400,137401,9,1,78,120,2016,5,10,1,2,5,3,0,0,1,1,0,0,0,0,6.94156E+20,5.35302E+21,1.16181E+16,4.83005E+16
137401,137402,9,1,62,0,2016,5,23,4,3,0,7,2,0,0,0,0,1,0,0,6.90717E+20,5.33572E+21,1.1564E+16,4.81462E+16
137402,137403,9,6,61,0,2016,5,16,6,3,2,6,0,0,0,1,0,0,0,0,5.11206E+20,5.53489E+21,9.15625E+15,4.99663E+16
137403,137404,9,2,62,0,2016,5,2,1,3,3,6,2,0,1,1,0,0,0,0,8.3031E+20,5.39083E+21,1.34793E+16,4.85833E+16
137404,137405,9,1,78,145,2016,5,19,6,3,4,2,0,0,0,1,0,1,0,0,6.97821E+20,5.35544E+21,1.16686E+16,4.83212E+16
137405,137406,9,5,64,0,2016,5,14,6,3,5,3,0,0,0,1,0,0,0,0,6.57392E+20,5.47331E+21,1.1169E+16,4.93921E+16
137406,137407,9,1,62,0,2016,5,2,7,3,7,1,2,0,0,1,0,0,0,0,6.84127E+20,5.33351E+21,1.14746E+16,4.81282E+16
137407,137408,9,1,62,0,2016,5,23,4,3,8,7,2,0,0,1,0,0,0,0,6.88848E+20,5.33666E+21,1.15393E+16,4.81551E+16
137408,137409,9,3,63,0,2016,5,8,5,3,5,3,0,0,0,1,0,0,0,0,7.28148E+20,5.5076E+21,1.21626E+16,4.96777E+16
137409,137410,9,7,61,0,2016,5,17,4,3,5,3,0,0,0,1,0,0,0,0,6.38071E+20,5.36049E+21,1.08648E+16,4.83825E+16
137410,137411,9,5,64,0,2016,5,23,7,3,5,2,2,0,1,1,0,0,0,0,6.50168E+20,5.47923E+21,1.10718E+16,4.94472E+16
137411,137412,9,5,64,0,2016,5,13,1,3,2,6,0,0,0,1,0,0,0,0,6.46451E+20,5.47982E+21,1.10207E+16,4.94534E+16
137412,137413,9,1,63,0,2016,5,8,7,3,2,6,0,0,0,1,0,0,0,0,7.32678E+20,5.30497E+21,1.21107E+16,4.78559E+16
137413,137414,9,1,82,112,2016,5,12,7,3,0,7,0,0,1,0,0,0,0,0,7.28738E+20,5.28443E+21,1.20473E+16,4.76728E+16
137414,137415,9,5,62,0,2016,5,12,6,3,4,2,0,0,1,1,0,0,0,0,6.44907E+20,5.49457E+21,1.10049E+16,4.95863E+16
137415,137416,9,2,75,151,2016,5,19,1,2,4,6,0,0,0,1,0,0,0,0,8.25063E+20,5.39451E+21,1.34113E+16,4.86191E+16
137416,137417,9,1,77,118,2016,5,14,6,3,4,2,0,0,1,0,0,0,0,1,7.06427E+20,5.34726E+21,1.17806E+16,4.82449E+16
137417,137418,9,1,62,0,2016,5,11,7,3,6,4,0,0,0,1,1,0,0,0,6.94845E+20,5.3315E+21,1.16175E+16,4.81069E+16
137418,137419,9,3,62,0,2016,5,17,5,3,2,6,0,0,0,1,0,0,0,1,7.25844E+20,5.43386E+21,1.20889E+16,4.90163E+16
137419,137420,9,7,61,0,2016,5,19,4,3,2,2,0,0,0,1,0,0,0,0,6.41807E+20,5.36131E+21,1.09155E+16,4.8389E+16
137420,137421,9,5,64,0,2016,5,14,7,3,6,7,0,0,0,1,1,0,0,0,6.49931E+20,5.48135E+21,1.10693E+16,4.94662E+16
137421,137422,9,3,62,0,2016,5,8,5,3,4,2,0,1,1,1,0,0,0,0,7.25799E+20,5.43349E+21,1.20881E+16,4.90129E+16
137422,137423,9,7,61,0,2016,5,21,4,3,1,5,2,0,0,1,0,0,0,0,6.40527E+20,5.35544E+21,1.08963E+16,4.83365E+16
137423,137424,9,5,64,0,2016,5,15,7,3,2,6,0,0,0,1,0,1,0,0,6.52016E+20,5.47949E+21,1.10973E+16,4.94491E+16
137424,137425,9,3,62,0,2016,5,20,5,3,0,7,1,0,0,0,0,0,0,1,7.25945E+20,5.43486E+21,1.20909E+16,4.90252E+16
137425,137426,9,7,61,0,2016,5,10,4,3,5,3,0,0,1,1,0,0,0,0,6.41799E+20,5.35937E+21,1.09147E+16,4.83716E+16
137426,137427,9,5,64,0,2016,5,1,7,3,5,3,2,0,1,1,0,0,0,0,6.49842E+20,5.47824E+21,1.10669E+16,4.94384E+16
137427,137428,9,1,85,149,2016,5,16,7,3,0,7,0,0,1,0,0,0,0,0,6.61968E+20,5.39944E+21,1.12025E+16,4.87269E+16
137428,137429,9,1,86,122,2016,5,13,7,2,0,6,0,0,1,0,0,0,0,0,6.93752E+20,5.39853E+21,1.16338E+16,4.87096E+16
137429,137430,9,5,64,0,2016,5,20,6,3,5,2,1,0,0,1,0,0,0,0,6.52463E+20,5.48342E+21,1.1105E+16,4.94842E+16
137430,137431,9,1,77,117,2016,5,11,6,3,6,2,0,0,0,1,1,0,0,0,7.15637E+20,5.35474E+21,1.19083E+16,4.83091E+16
137431,137432,9,7,78,187,2016,5,14,7,3,8,7,0,0,0,1,0,0,0,0,6.09435E+20,5.32779E+21,1.04697E+16,4.8094E+16
137432,137433,9,3,73,147,2016,5,15,5,3,5,3,0,0,1,0,0,0,0,1,6.78126E+20,5.46225E+21,1.14495E+16,4.92871E+16
137433,137434,9,7,71,113,2016,5,12,4,3,1,7,0,0,1,1,0,0,0,0,6.57803E+20,5.36908E+21,1.11343E+16,4.8455E+16
137434,137435,9,5,77,162,2016,5,19,7,3,5,3,0,0,0,1,0,0,0,0,6.29307E+20,5.42156E+21,1.07656E+16,4.89334E+16
137435,137436,9,1,88,141,2016,5,14,7,3,0,1,0,0,1,0,0,0,0,0,6.68908E+20,5.30762E+21,1.126E+16,4.78996E+16
137436,137437,9,5,64,0,2016,5,15,6,3,0,1,0,0,1,0,0,0,0,0,6.53775E+20,5.47791E+21,1.1121E+16,4.94344E+16
137437,137438,9,1,77,116,2016,5,16,6,3,5,3,0,0,0,1,0,0,0,0,7.08742E+20,5.3631E+21,1.18196E+16,4.83865E+16
137438,137439,9,1,79,121,2016,5,14,7,3,5,3,0,0,0,1,0,1,0,0,6.6768E+20,5.34035E+21,1.12564E+16,4.81942E+16
137439,137440,9,5,64,0,2016,5,19,6,3,5,3,0,0,1,1,0,0,0,0,6.52676E+20,5.47833E+21,1.1106E+16,4.94384E+16
137440,137441,9,1,62,0,2016,5,16,5,3,5,2,0,1,0,1,0,0,0,0,6.88291E+20,5.33049E+21,1.15291E+16,4.80998E+16
137441,137442,9,7,64,0,2016,5,7,7,3,3,2,0,0,1,1,0,0,0,0,5.87776E+20,5.3154E+21,1.01764E+16,4.79858E+16
137442,137443,9,3,76,161,2016,5,20,5,3,5,3,1,1,0,1,0,0,0,0,7.28549E+20,5.46758E+21,1.2145E+16,4.93181E+16
137443,137444,9,6,76,111,2016,5,20,4,3,2,2,0,0,1,0,0,0,0,0,5.29117E+20,5.51905E+21,9.4048E+15,4.98232E+16
137444,137445,9,5,77,159,2016,5,18,7,2,0,3,0,0,1,0,0,0,0,0,6.35507E+20,5.44246E+21,1.08572E+16,4.912E+16
137445,137446,9,5,64,0,2016,5,19,1,2,6,4,0,0,0,1,1,0,0,0,6.51529E+20,5.47855E+21,1.10903E+16,4.94407E+16
137446,137447,9,2,73,152,2016,5,20,1,3,0,7,0,0,1,0,0,0,0,0,7.01698E+20,5.40838E+21,1.17465E+16,4.87957E+16
137447,137448,9,1,84,136,2016,5,10,5,3,6,7,0,1,0,1,1,0,0,0,6.99815E+20,5.32755E+21,1.16824E+16,4.80699E+16
137448,137449,9,5,77,136,2016,5,21,6,3,4,2,2,0,1,1,0,0,0,0,6.27993E+20,5.4417E+21,1.0754E+16,4.91148E+16
137449,137450,9,1,62,0,2016,5,12,7,3,0,6,0,0,1,1,0,0,0,0,6.87952E+20,5.33852E+21,1.15281E+16,4.81721E+16
137450,137451,9,1,62,0,2016,5,18,4,3,3,6,0,0,0,1,0,0,0,0,6.90343E+20,5.34311E+21,1.15623E+16,4.82127E+16
137451,137452,9,7,80,112,2016,5,0,7,3,8,7,2,0,0,1,0,0,0,0,5.90704E+20,5.29519E+21,1.02114E+16,4.78037E+16
137452,137453,9,2,63,0,2016,5,16,5,3,0,5,0,1,1,0,0,0,0,0,7.61777E+20,5.41955E+21,1.25703E+16,4.88735E+16
137453,137454,9,5,75,143,2016,5,18,7,2,9,1,0,0,0,0,0,1,0,0,5.9837E+20,5.47406E+21,1.03561E+16,4.94113E+16
137454,137455,9,5,71,190,2016,5,19,1,2,8,1,0,0,0,0,0,1,0,0,6.23168E+20,5.46601E+21,1.06954E+16,4.93343E+16
137455,137456,9,1,81,144,2016,5,16,7,3,5,2,0,0,1,0,0,0,0,0,6.56103E+20,5.32101E+21,1.10937E+16,4.80233E+16
137456,137457,9,7,80,115,2016,5,11,7,3,0,1,0,0,1,0,0,0,0,0,5.90562E+20,5.26348E+21,1.02029E+16,4.75184E+16
137457,137458,9,2,75,116,2016,5,12,5,3,5,3,0,0,0,1,0,0,0,0,8.19145E+20,5.36468E+21,1.33084E+16,4.83545E+16
137458,137459,9,4,75,120,2016,5,15,1,2,0,1,0,0,1,0,0,0,0,0,7.10476E+20,5.57565E+21,1.19552E+16,5.02953E+16
137459,137460,9,5,71,154,2016,5,14,6,2,2,6,0,0,1,0,0,0,0,0,6.10003E+20,5.43421E+21,1.05055E+16,4.90509E+16
137460,137461,9,1,80,131,2016,5,16,1,3,4,6,0,0,1,1,0,0,0,0,6.59783E+20,5.2786E+21,1.11273E+16,4.76411E+16
137461,137462,9,1,62,0,2016,5,14,5,3,6,4,0,1,0,1,1,0,0,0,6.96987E+20,5.33154E+21,1.16463E+16,4.81066E+16
137462,137463,9,1,62,0,2016,5,15,7,3,3,2,0,0,1,1,0,0,0,0,6.94302E+20,5.3348E+21,1.16118E+16,4.81368E+16
137463,137464,9,1,62,0,2016,5,14,4,3,6,4,0,0,0,1,1,0,0,0,6.90165E+20,5.33609E+21,1.15568E+16,4.81496E+16
137464,137465,9,6,61,0,2016,5,17,4,3,8,1,0,0,0,0,0,1,0,0,5.09264E+20,5.53688E+21,9.12922E+15,4.99842E+16
137465,137466,9,5,61,0,2016,5,23,7,3,1,3,2,1,0,1,0,0,0,0,6.15576E+20,5.46202E+21,1.05897E+16,4.93E+16
137466,137467,9,2,73,137,2016,5,18,5,3,0,7,1,1,0,0,0,1,0,1,7.05693E+20,5.41865E+21,1.1806E+16,4.88866E+16
137467,137468,9,6,71,143,2016,5,20,4,3,5,3,0,0,0,1,0,0,0,0,5.11627E+20,5.54593E+21,9.16245E+15,5.00655E+16
137468,137469,9,5,71,177,2016,5,15,7,3,0,7,0,0,1,0,1,0,0,0,6.21871E+20,5.45186E+21,1.06732E+16,4.92074E+16
137469,137470,9,1,75,132,2016,5,23,7,3,0,1,2,0,1,0,0,0,0,0,7.08046E+20,5.33102E+21,1.17944E+16,4.80985E+16
137470,137471,9,1,62,0,2016,5,13,6,3,6,4,0,0,0,1,1,0,0,0,6.84002E+20,5.33157E+21,1.1472E+16,4.81108E+16
137471,137472,9,5,61,0,2016,5,18,6,3,5,3,0,0,0,1,0,0,0,0,6.1357E+20,5.46115E+21,1.05619E+16,4.92926E+16
137472,137473,9,1,62,0,2016,5,10,5,3,5,2,0,1,0,1,0,1,0,0,6.93892E+20,5.34135E+21,1.16092E+16,4.81957E+16
137473,137474,9,4,79,136,2016,5,15,6,3,0,6,0,0,0,0,0,1,0,0,7.251E+20,5.5451E+21,1.21422E+16,5.00157E+16
137474,137475,9,1,73,126,2016,5,18,1,3,0,7,0,0,1,0,0,0,0,0,6.84569E+20,5.30597E+21,1.14686E+16,4.78805E+16
137475,137476,9,1,62,0,2016,5,17,5,3,2,6,0,1,0,1,0,0,0,0,6.91254E+20,5.33976E+21,1.1573E+16,4.81822E+16
137476,137477,9,1,84,112,2016,5,13,7,3,5,3,0,0,0,1,0,1,0,0,7.02342E+20,5.33899E+21,1.17217E+16,4.81719E+16
137477,137478,9,5,74,123,2016,5,9,4,3,0,1,0,0,1,0,0,0,0,0,6.60386E+20,5.47161E+21,1.12096E+16,4.93761E+16
137478,137479,9,4,78,111,2016,5,11,7,3,5,3,0,0,0,1,0,0,0,0,6.59862E+20,5.55478E+21,1.12365E+16,5.01237E+16
137479,137480,9,1,73,147,2016,5,18,5,3,5,3,0,1,0,1,0,1,0,0,6.81413E+20,5.30885E+21,1.14277E+16,4.79073E+16
137480,137481,9,1,62,0,2016,5,22,6,3,0,1,2,0,1,0,0,0,0,0,6.92179E+20,5.33351E+21,1.15827E+16,4.81258E+16
137481,137482,9,1,62,0,2016,5,14,6,2,0,4,0,0,1,0,1,0,0,0,6.93102E+20,5.33193E+21,1.15943E+16,4.81113E+16
137482,137483,9,4,78,139,2016,5,18,6,3,5,3,0,0,0,1,0,0,0,0,6.47583E+20,5.55622E+21,1.10654E+16,5.01398E+16
137483,137484,9,1,62,0,2016,5,15,5,3,1,5,0,1,0,1,0,1,0,0,6.98084E+20,5.33465E+21,1.16625E+16,4.81342E+16
137484,137485,9,7,77,151,2016,5,14,7,3,0,1,0,0,1,0,0,0,0,0,6.21036E+20,5.2921E+21,1.06154E+16,4.77709E+16
137485,137486,9,1,73,112,2016,5,15,5,3,6,4,0,1,0,1,1,0,0,0,6.91748E+20,5.29283E+21,1.15588E+16,4.77603E+16
137486,137487,9,5,62,0,2016,5,12,4,3,1,6,0,0,1,0,0,0,0,0,6.44925E+20,5.49534E+21,1.10054E+16,4.95933E+16
137487,137488,9,4,77,128,2016,5,13,7,2,0,1,0,0,1,0,0,0,0,0,6.75509E+20,5.55364E+21,1.14546E+16,5.01091E+16
137488,137489,9,1,71,112,2016,5,8,5,3,5,2,0,0,1,1,0,0,0,0,7.84683E+20,5.34249E+21,1.28294E+16,4.81718E+16
137489,137490,9,5,63,0,2016,5,17,4,3,6,4,0,0,0,1,1,0,0,0,6.4476E+20,5.48443E+21,1.09991E+16,4.94952E+16
137490,137491,9,4,77,128,2016,5,16,7,3,0,1,0,0,1,0,0,0,0,0,6.75131E+20,5.55314E+21,1.14491E+16,5.01047E+16
137491,137492,9,1,72,114,2016,5,8,5,2,6,7,0,1,0,0,1,0,0,1,7.90606E+20,5.29311E+21,1.28755E+16,4.77258E+16
137492,137493,9,1,62,0,2016,5,13,6,3,4,6,0,0,0,1,0,0,0,0,6.84254E+20,5.33646E+21,1.14775E+16,4.81547E+16
137493,137494,9,4,72,197,2016,5,15,6,3,9,3,0,0,0,1,0,0,0,0,6.69084E+20,5.52243E+21,1.13512E+16,4.98305E+16
137494,137495,9,1,62,0,2016,5,10,5,3,6,2,0,1,0,1,1,0,0,0,6.90045E+20,5.33362E+21,1.15541E+16,4.81274E+16
137495,137496,9,7,76,117,2016,5,11,7,2,0,1,0,0,1,0,0,0,0,0,5.68613E+20,5.27357E+21,9.91298E+15,4.76119E+16
137496,137497,9,1,87,129,2016,5,1,5,3,8,6,2,0,1,1,0,0,0,0,7.25734E+20,5.29532E+21,1.2013E+16,4.77717E+16
137497,137498,9,5,64,0,2016,5,16,4,2,5,2,0,0,0,1,0,0,0,0,6.54676E+20,5.4747E+21,1.11321E+16,4.94054E+16
137498,137499,9,4,77,128,2016,5,16,7,3,6,2,0,0,0,1,1,0,0,0,6.75843E+20,5.55423E+21,1.14596E+16,5.01142E+16
137499,137500,9,4,72,175,2016,5,16,1,2,9,1,0,0,0,0,0,1,0,0,6.83168E+20,5.51448E+21,1.1543E+16,4.97549E+16
137500,137501,9,4,61,0,2016,5,16,6,3,0,6,0,0,0,1,0,1,0,0,6.34578E+20,5.53037E+21,1.08744E+16,4.99105E+16
137501,137502,9,1,73,126,2016,5,17,1,2,1,7,0,0,1,1,0,0,0,0,6.84626E+20,5.30545E+21,1.14692E+16,4.78758E+16
137502,137503,9,1,62,0,2016,5,15,5,3,1,7,0,1,0,1,0,0,0,1,6.90519E+20,5.33519E+21,1.15611E+16,4.81414E+16
137503,137504,9,1,62,0,2016,5,21,6,2,5,7,2,0,0,1,0,0,0,0,6.86204E+20,5.33484E+21,1.1503E+16,4.81396E+16
137504,137505,9,3,77,148,2016,5,16,6,2,6,7,0,0,0,1,1,0,0,0,7.15372E+20,5.53833E+21,1.20028E+16,4.99584E+16
137505,137506,9,1,62,0,2016,5,2,7,3,4,2,2,0,0,1,0,0,0,0,6.89361E+20,5.33366E+21,1.15449E+16,4.8128E+16
137506,137507,9,1,62,0,2016,5,18,5,3,5,3,0,1,0,1,0,0,0,0,6.92278E+20,5.33826E+21,1.15861E+16,4.81685E+16
137507,137508,9,7,76,128,2016,5,13,7,2,0,1,0,0,1,0,0,0,0,0,5.49139E+20,5.26762E+21,9.65321E+15,4.75602E+16
137508,137509,9,1,82,116,2016,5,10,5,3,4,6,0,1,1,1,0,0,0,0,7.05897E+20,5.29201E+21,1.1747E+16,4.77485E+16
137509,137510,9,4,61,0,2016,5,22,1,3,9,1,2,1,0,1,0,0,0,0,6.35414E+20,5.52812E+21,1.08852E+16,4.98902E+16
137510,137511,9,3,75,174,2016,5,11,6,2,5,3,0,0,0,1,0,1,0,0,7.33779E+20,5.42981E+21,1.2195E+16,4.89769E+16
137511,137512,9,1,72,114,2016,5,15,1,3,0,1,0,0,1,0,0,0,0,0,7.90741E+20,5.29274E+21,1.28771E+16,4.77225E+16
137512,137513,9,1,62,0,2016,5,7,5,3,1,5,0,1,0,1,0,1,0,0,6.91266E+20,5.33963E+21,1.15732E+16,4.81811E+16
137513,137514,9,1,62,0,2016,5,10,7,3,4,2,0,0,1,0,0,1,0,0,6.83066E+20,5.33524E+21,1.14611E+16,4.81441E+16
137514,137515,9,1,62,0,2016,5,18,4,3,4,6,0,0,1,1,0,0,0,0,6.95896E+20,5.33349E+21,1.16326E+16,4.81245E+16
137515,137516,9,5,64,0,2016,5,16,4,3,5,2,0,0,1,1,0,0,0,0,6.54017E+20,5.47891E+21,1.11247E+16,4.94433E+16
137516,137517,9,4,71,115,2016,5,7,7,3,1,3,0,0,0,1,0,0,0,0,6.32309E+20,5.53886E+21,1.08457E+16,4.99874E+16
137517,137518,9,1,85,153,2016,5,11,5,3,8,1,0,1,1,0,0,0,0,0,6.51985E+20,5.40139E+21,1.10675E+16,4.87469E+16
137518,137519,9,3,75,148,2016,5,13,6,3,4,2,0,0,0,1,0,0,0,0,7.03042E+20,5.43644E+21,1.17788E+16,4.90473E+16
137519,137520,9,1,84,129,2016,5,8,7,3,9,7,0,0,0,0,0,1,0,0,6.99211E+20,5.32573E+21,1.16734E+16,4.80537E+16
137520,137521,9,1,62,0,2016,5,12,4,3,6,4,0,0,0,1,1,0,0,0,6.89612E+20,5.3308E+21,1.1547E+16,4.81022E+16
137521,137522,9,7,76,111,2016,5,16,7,2,5,6,0,0,0,1,0,1,0,0,5.49923E+20,5.26903E+21,9.66378E+15,4.75727E+16
137522,137523,9,1,86,122,2016,5,20,5,3,1,5,1,0,0,1,1,0,0,0,6.92166E+20,5.39506E+21,1.16107E+16,4.8679E+16
137523,137524,9,5,64,0,2016,5,14,4,3,6,7,0,0,0,1,1,0,0,0,6.53981E+20,5.48124E+21,1.11251E+16,4.94642E+16