FID,OBJECTID,ULAND,UREGBEZ,UKREIS,UGEMEINDE,UJAHR,UMONAT,USTUNDE,UWOCHENTAG,UKATEGORIE,UART,UTYP1,ULICHTVERH,IstStrasse,IstRad,IstPKW,IstFuss,IstKrad,IstGkfz,IstSonstig,LINREFX,LINREFY,XGCSWGS84,YGCSWGS84
137702,137703,9,1,75,115,2016,5,12,6,2,0,1,0,0,1,0,0,0,0,0,7.21263E+20,5.32943E+21,1.19709E+16,4.80797E+16
137703,137704,9,4,63,0,2016,5,21,2,3,5,3,2,1,0,1,0,0,0,0,6.40119E+20,5.56843E+21,1.09655E+16,5.02514E+16
137704,137705,9,1,62,0,2016,5,14,2,3,5,3,0,1,0,1,0,0,0,0,6.90519E+20,5.33682E+21,1.15619E+16,4.81561E+16
137705,137706,9,1,74,126,2016,5,16,4,3,7,1,0,0,1,0,0,0,0,0,6.83962E+20,5.34446E+21,1.14771E+16,4.82267E+16
137706,137707,9,1,62,0,2016,5,15,3,3,1,5,0,1,1,1,0,0,0,0,6.91458E+20,5.33753E+21,1.15748E+16,4.81622E+16
137707,137708,9,6,79,209,2016,5,16,2,3,2,6,0,1,0,1,0,0,0,0,5.63123E+20,5.51718E+21,9.87722E+15,4.98037E+16
137708,137709,9,1,62,0,2016,5,23,4,3,5,3,2,0,0,1,0,0,0,0,6.90897E+20,5.3331E+21,1.15653E+16,4.81225E+16
137709,137710,9,6,63,0,2016,5,15,1,2,0,1,0,0,1,0,0,0,0,0,5.68025E+20,5.51208E+21,9.94444E+15,4.97574E+16
137710,137711,9,5,73,129,2016,5,14,4,2,9,1,0,0,0,1,0,0,0,0,6.34092E+20,5.48726E+21,1.08528E+16,4.95231E+16
137711,137712,9,1,62,0,2016,5,7,4,3,0,3,0,0,0,1,0,0,0,0,6.86238E+20,5.33225E+21,1.15023E+16,4.81163E+16
137712,137713,9,7,61,0,2016,5,17,1,3,0,7,0,0,0,0,0,0,0,1,6.41414E+20,5.35923E+21,1.09095E+16,4.83704E+16
137713,137714,9,7,80,118,2016,5,21,5,3,8,1,2,0,0,1,0,0,0,0,5.95283E+20,5.26709E+21,1.02664E+16,4.75502E+16
137714,137715,9,1,75,139,2016,5,13,5,2,2,2,0,0,1,0,0,1,0,0,7.11343E+20,5.32951E+21,1.18379E+16,4.80838E+16
137715,137716,9,3,76,150,2016,5,15,6,3,2,2,0,0,0,1,0,0,0,0,7.26935E+20,5.49137E+21,1.21364E+16,4.95324E+16
137716,137717,9,4,63,0,2016,5,10,2,3,5,3,0,0,0,1,0,1,0,0,6.37745E+20,5.56909E+21,1.09324E+16,5.02579E+16
137717,137718,9,1,62,0,2016,5,12,3,3,5,2,0,1,1,1,0,0,0,0,6.84052E+20,5.33502E+21,1.14742E+16,4.81418E+16
137718,137719,9,6,63,0,2016,5,17,2,3,5,3,0,1,0,1,0,0,0,1,5.68683E+20,5.51273E+21,9.95369E+15,4.97631E+16
137719,137720,9,7,73,182,2016,5,12,5,2,0,1,0,0,1,0,0,0,0,0,6.26651E+20,5.379E+21,1.07162E+16,4.85513E+16
137720,137721,9,1,62,0,2016,5,16,1,3,5,3,0,0,1,1,0,0,0,0,6.92545E+20,5.3392E+21,1.15901E+16,4.81768E+16
137721,137722,9,6,63,0,2016,5,7,3,3,5,3,0,1,0,1,0,1,0,0,5.72197E+20,5.51685E+21,1.00032E+16,4.97998E+16
137722,137723,9,1,62,0,2016,5,2,1,3,5,2,2,0,0,1,0,0,0,0,6.90427E+20,5.34268E+21,1.15632E+16,4.82088E+16
137723,137724,9,7,61,0,2016,5,11,4,2,1,6,0,0,0,1,0,0,0,0,6.38448E+20,5.35809E+21,1.08691E+16,4.83608E+16
137724,137725,9,4,72,127,2016,5,12,2,2,6,7,0,0,0,1,1,0,0,0,6.88708E+20,5.52469E+21,1.16248E+16,4.98449E+16
137725,137726,9,1,62,0,2016,5,17,3,3,5,3,0,1,0,1,0,0,0,0,6.88577E+20,5.33213E+21,1.15337E+16,4.81145E+16
137726,137727,9,5,76,128,2016,5,20,5,2,9,7,1,0,1,0,0,0,0,0,6.41296E+20,5.46401E+21,1.0944E+16,4.93124E+16
137727,137728,9,1,62,0,2016,5,20,1,3,0,7,0,0,1,0,0,0,0,0,6.8689E+20,5.33624E+21,1.15129E+16,4.81519E+16
137728,137729,9,5,62,0,2016,5,12,3,3,3,2,0,1,1,0,0,0,0,0,6.45055E+20,5.49565E+21,1.10073E+16,4.9596E+16
137729,137730,9,1,90,157,2016,5,15,6,2,0,7,0,0,1,1,0,0,0,0,6.60248E+20,5.30022E+21,1.11415E+16,4.78353E+16
137730,137731,9,5,71,114,2016,5,13,3,3,4,6,0,1,0,1,0,0,0,1,6.059E+20,5.45518E+21,1.04549E+16,4.92403E+16
137731,137732,9,4,63,0,2016,5,12,4,3,2,6,0,0,0,1,0,0,0,0,6.40192E+20,5.5694E+21,1.09669E+16,5.02601E+16
137732,137733,9,5,76,143,2016,5,17,4,3,3,6,0,0,1,1,0,0,0,0,6.5314E+20,5.45708E+21,1.11042E+16,4.92473E+16
137733,137734,9,1,78,124,2016,5,14,5,3,0,6,0,0,1,1,0,0,0,0,7.04481E+20,5.36342E+21,1.17622E+16,4.83908E+16
137734,137735,9,3,75,180,2016,5,21,5,2,0,6,1,0,1,0,0,0,0,0,7.22845E+20,5.43014E+21,1.20459E+16,4.89839E+16
137735,137736,9,1,62,0,2016,5,23,1,3,1,3,2,0,0,1,0,1,0,0,6.90349E+20,5.3347E+21,1.15586E+16,4.81371E+16
137736,137737,9,1,62,0,2016,5,18,5,3,0,7,0,0,1,0,0,0,0,0,6.92306E+20,5.33383E+21,1.15845E+16,4.81287E+16
137737,137738,9,1,82,112,2016,5,17,5,3,8,1,0,0,1,0,0,0,0,0,7.28117E+20,5.28355E+21,1.20386E+16,4.76651E+16
137738,137739,9,7,61,0,2016,5,15,3,3,2,6,0,1,0,1,0,0,0,0,6.39629E+20,5.35812E+21,1.0885E+16,4.83608E+16
137739,137740,9,5,64,0,2016,5,19,5,3,5,1,0,0,0,1,0,1,0,0,6.489E+20,5.4829E+21,1.10557E+16,4.94805E+16
137740,137741,9,7,75,135,2016,5,10,1,3,0,7,0,0,1,0,0,0,0,0,5.73519E+20,5.36023E+21,9.9931E+15,4.8391E+16
137741,137742,9,1,62,0,2016,5,18,5,3,5,3,0,0,1,1,0,0,0,0,6.9005E+20,5.34247E+21,1.15581E+16,4.8207E+16
137742,137743,9,1,73,126,2016,5,11,5,3,0,1,0,0,1,0,0,0,0,0,6.83066E+20,5.30698E+21,1.1449E+16,4.789E+16
137743,137744,9,5,64,0,2016,5,18,3,3,5,2,0,1,0,1,0,1,0,0,6.51997E+20,5.47821E+21,1.10966E+16,4.94375E+16
137744,137745,9,1,82,129,2016,5,17,6,3,0,1,0,0,1,0,0,0,0,0,7.0713E+20,5.2854E+21,1.17602E+16,4.76887E+16
137745,137746,9,2,61,0,2016,5,17,3,2,0,1,0,0,1,0,0,0,0,0,7.31495E+20,5.38289E+21,1.21374E+16,4.85563E+16
137746,137747,9,3,62,0,2016,5,16,4,3,0,7,0,1,1,0,0,0,0,0,7.26223E+20,5.43099E+21,1.20925E+16,4.89903E+16
137747,137748,9,5,64,0,2016,5,9,4,3,5,3,0,0,1,1,0,0,0,0,6.47632E+20,5.47247E+21,1.10343E+16,4.9387E+16
137748,137749,9,1,84,138,2016,5,12,4,3,0,7,0,0,0,1,0,0,0,1,6.80004E+20,5.33071E+21,1.1418E+16,4.81042E+16
137749,137750,9,7,78,121,2016,5,15,1,2,4,2,0,0,0,1,0,1,0,0,6.0427E+20,5.33201E+21,1.04014E+16,4.81328E+16
137750,137751,9,7,64,0,2016,5,17,5,3,0,7,0,0,1,0,0,0,0,0,5.8846E+20,5.31482E+21,1.01854E+16,4.79806E+16
137751,137752,9,1,88,139,2016,5,17,5,3,5,3,0,0,1,1,0,0,0,0,6.74551E+20,5.3191E+21,1.13401E+16,4.80013E+16
137752,137753,9,3,62,0,2016,5,11,6,3,2,6,0,0,0,1,0,0,1,0,7.29106E+20,5.43509E+21,1.21342E+16,4.90261E+16
137753,137754,9,4,62,0,2016,5,17,2,3,2,6,0,1,0,1,0,0,0,0,6.84493E+20,5.53642E+21,1.15719E+16,4.99516E+16
137754,137755,9,1,62,0,2016,5,20,2,3,5,3,1,1,0,1,0,0,0,0,6.899E+20,5.34261E+21,1.15561E+16,4.82083E+16
137755,137756,9,1,62,0,2016,5,0,3,3,5,3,0,1,1,1,0,0,0,0,6.89594E+20,5.3354E+21,1.15488E+16,4.81436E+16
137756,137757,9,1,74,113,2016,5,10,6,3,0,1,0,0,1,0,0,0,0,0,6.77867E+20,5.34668E+21,1.1396E+16,4.82483E+16
137757,137758,9,1,61,0,2016,5,5,3,3,5,2,2,0,1,1,0,0,0,0,6.77406E+20,5.40526E+21,1.14147E+16,4.87751E+16
137758,137759,9,1,87,148,2016,5,17,4,3,0,7,0,0,1,0,0,0,0,1,7.40275E+20,5.27771E+21,1.21971E+16,4.76082E+16
137759,137760,9,1,62,0,2016,5,15,4,3,5,2,0,0,1,1,0,0,0,0,6.87971E+20,5.33858E+21,1.15284E+16,4.81727E+16
137760,137761,9,7,71,142,2016,5,19,1,3,0,1,0,0,1,0,0,0,0,0,6.45284E+20,5.35113E+21,1.09589E+16,4.82967E+16
137761,137762,9,7,77,153,2016,5,5,5,3,9,1,0,0,0,1,0,0,0,0,6.13979E+20,5.27503E+21,1.05168E+16,4.76187E+16
137762,137763,9,2,71,119,2016,5,15,6,3,1,6,0,0,0,1,0,0,0,0,7.90471E+20,5.41625E+21,1.29584E+16,4.88312E+16
137763,137764,9,4,62,0,2016,5,5,2,3,5,3,1,1,0,1,0,0,0,1,6.82669E+20,5.53576E+21,1.15462E+16,4.99463E+16
137764,137765,9,1,62,0,2016,5,15,3,3,5,3,0,0,1,1,0,0,0,0,6.9048E+20,5.33394E+21,1.156E+16,4.81302E+16
137765,137766,9,6,77,148,2016,5,13,2,2,5,3,0,1,0,1,0,0,0,0,5.55782E+20,5.53501E+21,9.77779E+15,4.99649E+16
137766,137767,9,6,73,186,2016,5,14,5,3,0,1,0,0,1,0,0,0,0,0,5.8442E+20,5.5689E+21,1.01845E+16,5.02662E+16
137767,137768,9,7,64,0,2016,5,9,1,3,9,6,0,0,0,1,0,1,0,0,5.86773E+20,5.31743E+21,1.01634E+16,4.80043E+16
137768,137769,9,6,78,135,2016,5,7,3,2,5,3,0,1,1,1,0,0,0,0,5.94091E+20,5.54196E+21,1.03135E+16,5.00225E+16
137769,137770,9,1,62,0,2016,5,10,3,3,5,3,0,1,0,1,0,1,0,0,6.90791E+20,5.33672E+21,1.15655E+16,4.8155E+16
137770,137771,9,6,73,153,2016,5,17,2,3,1,5,0,0,1,1,0,0,0,0,5.88056E+20,5.59051E+21,1.02406E+16,5.04599E+16
137771,137772,9,7,78,115,2016,5,11,4,3,7,7,0,0,1,0,0,0,0,0,5.93264E+20,5.33019E+21,1.02531E+16,4.81182E+16
137772,137773,9,7,61,0,2016,5,16,3,3,5,3,0,1,0,1,0,0,0,0,6.41789E+20,5.36146E+21,1.09153E+16,4.83903E+16
137773,137774,9,7,74,115,2016,5,15,1,3,0,7,0,0,1,0,0,0,0,0,6.10606E+20,5.34461E+21,1.04898E+16,4.8245E+16
137774,137775,9,4,61,0,2016,5,21,2,3,5,3,2,1,0,1,0,0,0,0,6.36087E+20,5.52785E+21,1.08945E+16,4.98876E+16
137775,137776,9,7,79,196,2016,5,14,4,3,4,6,0,0,0,1,0,0,0,0,6.36672E+20,5.39312E+21,1.08566E+16,4.86761E+16
137776,137777,9,7,78,134,2016,5,6,3,3,4,6,0,1,0,1,0,1,0,0,6.12188E+20,5.3401E+21,1.05099E+16,4.82042E+16
137777,137778,9,5,63,0,2016,5,15,5,3,0,7,0,0,0,0,0,1,0,0,6.42282E+20,5.48137E+21,1.09638E+16,4.94683E+16
137778,137779,9,7,75,162,2016,5,19,1,3,0,6,0,0,1,0,0,0,0,0,5.8029E+20,5.34778E+21,1.00822E+16,4.82782E+16
137779,137780,9,2,61,0,2016,5,12,5,1,1,7,0,0,1,1,0,0,0,0,7.31271E+20,5.38251E+21,1.21342E+16,4.8553E+16
137780,137781,9,5,63,0,2016,5,20,3,3,2,6,1,0,0,1,0,0,0,0,6.44716E+20,5.48026E+21,1.0997E+16,4.94577E+16
137781,137782,9,1,73,126,2016,5,5,6,2,5,3,0,0,1,1,0,0,0,1,6.84525E+20,5.30602E+21,1.14681E+16,4.78809E+16
137782,137783,9,2,78,182,2016,5,17,3,3,0,7,0,0,1,0,0,0,0,0,7.62537E+20,5.41257E+21,1.25762E+16,4.88106E+16
137783,137784,9,3,63,0,2016,5,20,4,3,5,3,0,0,1,1,0,0,0,0,7.28286E+20,5.50766E+21,1.21646E+16,4.96781E+16
137784,137785,9,2,72,138,2016,5,17,6,2,4,1,0,0,0,1,0,0,0,0,8.28557E+20,5.41036E+21,1.34711E+16,4.87594E+16
137785,137786,9,7,63,0,2016,5,17,1,3,0,1,0,0,1,0,0,0,0,0,6.00136E+20,5.28604E+21,1.03352E+16,4.77199E+16
137786,137787,9,4,61,0,2016,5,16,2,3,6,4,0,0,0,1,1,0,0,0,6.35981E+20,5.52865E+21,1.08933E+16,4.98948E+16
137787,137788,9,5,72,111,2016,5,22,4,3,9,1,2,0,0,1,0,0,0,0,6.37571E+20,5.50833E+21,1.09083E+16,4.97118E+16
137788,137789,9,4,76,145,2016,5,9,5,3,6,4,0,0,0,1,1,0,0,0,6.65952E+20,5.56804E+21,1.13274E+16,5.02412E+16
137789,137790,9,7,80,120,2016,5,10,1,3,0,7,0,0,1,0,0,0,0,0,5.99599E+20,5.28372E+21,1.03275E+16,4.76992E+16
137790,137791,9,1,62,0,2016,5,19,5,2,5,2,0,0,1,1,0,0,0,0,6.97008E+20,5.33123E+21,1.16464E+16,4.81038E+16
137791,137792,9,1,83,131,2016,5,18,5,3,5,3,0,0,0,1,0,1,0,0,7.61753E+20,5.3597E+21,1.25322E+16,4.83362E+16
137792,137793,9,5,64,0,2016,5,13,3,3,2,6,0,0,0,1,0,0,0,0,6.50361E+20,5.47975E+21,1.10746E+16,4.94518E+16
137793,137794,9,1,88,132,2016,5,16,6,3,5,3,0,0,0,1,0,0,0,0,6.65375E+20,5.3229E+21,1.12186E+16,4.8038E+16
137794,137795,9,1,80,117,2016,5,17,3,3,5,3,0,0,0,1,0,0,0,0,6.58185E+20,5.2629E+21,1.11004E+16,4.75003E+16
137795,137796,9,2,61,0,2016,5,9,4,3,0,3,0,0,1,1,0,0,0,0,7.32955E+20,5.38194E+21,1.21566E+16,4.85473E+16
137796,137797,9,5,64,0,2016,5,18,4,3,0,7,0,0,0,0,0,0,0,1,6.50901E+20,5.47583E+21,1.10806E+16,4.94165E+16
137797,137798,9,1,62,0,2016,5,17,4,3,2,6,0,0,0,1,0,0,0,0,6.92408E+20,5.33057E+21,1.15844E+16,4.80993E+16
137798,137799,9,5,64,0,2016,5,16,4,3,5,7,0,0,0,1,0,0,0,1,6.49287E+20,5.47784E+21,1.10591E+16,4.94349E+16
137799,137800,9,1,62,0,2016,5,9,4,3,5,7,0,0,1,1,0,0,0,0,6.90567E+20,5.33708E+21,1.15626E+16,4.81584E+16
137800,137801,9,2,71,119,2016,5,16,5,3,8,2,0,0,0,1,0,0,0,0,7.90059E+20,5.41739E+21,1.29536E+16,4.88416E+16
137801,137802,9,7,77,151,2016,5,20,1,3,0,7,0,0,1,0,0,0,0,0,6.21026E+20,5.29443E+21,1.0616E+16,4.77919E+16
137802,137803,9,1,62,0,2016,5,20,5,3,0,3,0,0,1,1,0,0,0,0,6.89044E+20,5.33495E+21,1.15412E+16,4.81397E+16
137803,137804,9,1,87,117,2016,5,9,5,3,0,1,0,0,1,0,0,0,0,0,7.23114E+20,5.30807E+21,1.19846E+16,4.78872E+16
137804,137805,9,1,75,119,2016,5,16,6,3,5,3,0,0,0,1,0,0,0,0,7.25599E+20,5.32483E+21,1.20266E+16,4.80369E+16
137805,137806,9,1,88,120,2016,5,15,3,3,0,1,0,1,1,1,0,0,0,0,6.77123E+20,5.32653E+21,1.13776E+16,4.80674E+16
137806,137807,9,1,81,130,2016,5,18,4,3,0,7,0,0,1,0,0,0,0,0,6.40866E+20,5.32364E+21,1.08903E+16,4.80505E+16
137807,137808,9,1,62,0,2016,5,22,3,3,6,4,2,0,0,1,1,0,0,0,6.83183E+20,5.33552E+21,1.14628E+16,4.81465E+16
137808,137809,9,1,62,0,2016,5,19,4,3,0,6,0,0,0,1,0,0,0,0,6.91057E+20,5.32991E+21,1.1566E+16,4.80938E+16
137809,137810,9,7,61,0,2016,5,20,1,2,0,1,0,1,0,0,0,1,0,0,6.41213E+20,5.35544E+21,1.09055E+16,4.83363E+16
137810,137811,9,7,77,163,2016,5,14,5,2,4,6,0,0,0,1,0,0,0,1,6.28638E+20,5.27456E+21,1.07117E+16,4.76117E+16
137811,137812,9,4,61,0,2016,5,22,2,3,0,7,2,1,1,0,0,0,0,0,6.3563E+20,5.52839E+21,1.08884E+16,4.98925E+16
137812,137813,9,7,61,0,2016,5,17,1,3,1,7,0,0,0,1,0,1,0,0,6.39234E+20,5.36018E+21,1.08804E+16,4.83794E+16
137813,137814,9,7,63,0,2016,5,12,5,3,5,3,0,0,0,1,0,0,0,0,5.98297E+20,5.28661E+21,1.03108E+16,4.77254E+16
137814,137815,9,1,74,115,2016,5,17,5,3,6,4,0,0,1,0,1,0,0,0,6.81057E+20,5.34722E+21,1.14392E+16,4.82523E+16
137815,137816,9,3,76,175,2016,5,16,6,3,0,1,0,0,0,0,0,1,0,0,7.33379E+20,5.46874E+21,1.22121E+16,4.93267E+16
137816,137817,9,3,62,0,2016,5,7,2,3,6,4,0,0,0,1,1,0,0,0,7.27232E+20,5.43361E+21,1.21078E+16,4.90135E+16
137817,137818,9,1,62,0,2016,5,13,2,3,2,6,0,1,0,1,0,0,0,1,6.90997E+20,5.3296E+21,1.1565E+16,4.8091E+16
137818,137819,9,1,62,0,2016,5,22,3,3,5,3,2,1,0,1,0,0,1,0,6.81218E+20,5.3386E+21,1.14377E+16,4.81748E+16
137819,137820,9,6,78,135,2016,5,8,2,3,5,3,0,0,1,1,0,0,0,0,5.91951E+20,5.54224E+21,1.02837E+16,5.00254E+16
137820,137821,9,7,75,162,2016,5,14,4,3,6,3,0,0,0,1,1,0,0,0,5.79998E+20,5.34798E+21,1.00783E+16,4.828E+16
137821,137822,9,6,63,0,2016,5,12,3,3,0,1,0,1,0,0,0,1,0,0,5.70351E+20,5.51813E+21,9.97782E+15,4.98114E+16
137822,137823,9,7,76,128,2016,5,10,1,2,3,6,0,0,1,1,0,0,0,0,5.48027E+20,5.26866E+21,9.63854E+15,4.75696E+16
137823,137824,9,3,62,0,2016,5,15,2,3,0,3,0,0,1,1,0,0,0,0,7.23531E+20,5.43373E+21,1.20573E+16,4.90159E+16
137824,137825,9,7,72,163,2016,5,12,4,2,0,7,0,1,1,0,0,0,0,1,6.39334E+20,5.34796E+21,1.08777E+16,4.82695E+16
137825,137826,9,7,61,0,2016,5,16,3,3,3,6,0,1,0,1,0,0,0,0,6.42956E+20,5.36203E+21,1.09313E+16,4.83952E+16
137826,137827,9,5,64,0,2016,5,16,5,3,0,1,0,0,0,0,0,1,0,0,6.49572E+20,5.47935E+21,1.10636E+16,4.94484E+16
137827,137828,9,7,80,124,2016,5,15,1,3,8,1,0,0,1,0,0,0,0,0,5.90366E+20,5.2689E+21,1.02014E+16,4.75672E+16
137828,137829,9,1,62,0,2016,5,21,3,3,1,6,2,1,0,1,0,0,0,0,7.00199E+20,5.33464E+21,1.16908E+16,4.81335E+16
137829,137830,9,6,76,169,2016,5,14,5,3,0,3,0,0,0,1,0,1,0,0,5.11304E+20,5.51622E+21,9.15708E+15,4.97983E+16
137830,137831,9,7,77,140,2016,5,6,1,3,0,7,0,0,0,1,0,0,0,0,6.24695E+20,5.31829E+21,1.06718E+16,4.80057E+16
137831,137832,9,6,61,0,2016,5,12,3,3,4,2,0,1,0,1,0,0,0,1,5.08102E+20,5.53649E+21,9.113E+15,4.99807E+16
137832,137833,9,2,79,113,2016,5,10,6,3,5,3,0,0,0,1,0,0,0,0,7.82839E+20,5.39368E+21,1.28391E+16,4.86321E+16
137833,137834,9,4,64,0,2016,5,14,4,3,0,1,0,0,1,0,0,0,0,0,7.08213E+20,5.57899E+21,1.19254E+16,5.03262E+16
137834,137835,9,5,62,0,2016,5,13,4,3,4,2,0,0,0,1,0,0,0,0,6.46856E+20,5.48994E+21,1.10301E+16,4.95443E+16
137835,137836,9,3,75,175,2016,5,16,5,3,0,7,2,0,1,1,0,0,0,0,7.16079E+20,5.43432E+21,1.19558E+16,4.90239E+16
137836,137837,9,7,73,140,2016,5,17,1,3,6,6,0,0,1,0,1,0,0,0,6.12997E+20,5.37486E+21,1.05302E+16,4.85167E+16
137837,137838,9,1,62,0,2016,5,15,5,3,5,3,0,0,0,1,0,0,0,0,6.8059E+20,5.3399E+21,1.14298E+16,4.81867E+16
137838,137839,9,1,87,177,2016,5,15,5,3,5,3,0,0,1,0,0,0,0,0,7.40509E+20,5.30613E+21,1.22159E+16,4.78635E+16
137839,137840,9,5,71,226,2016,5,18,3,3,5,3,0,0,0,1,0,0,0,1,6.33257E+20,5.45676E+21,1.08311E+16,4.92491E+16
137840,137841,9,1,79,121,2016,5,17,6,2,5,3,0,0,1,1,0,0,0,0,6.65026E+20,5.33589E+21,1.1219E+16,4.81549E+16
137841,137842,9,1,71,111,2016,5,8,3,3,0,1,0,1,1,0,0,0,0,0,7.72068E+20,5.34795E+21,1.26636E+16,4.82264E+16
137842,137843,9,1,80,132,2016,5,17,5,2,4,6,0,1,1,0,0,0,0,0,6.63922E+20,5.2829E+21,1.1184E+16,4.76787E+16
137843,137844,9,5,63,0,2016,5,14,3,3,2,6,0,1,0,1,0,0,1,0,6.45417E+20,5.48299E+21,1.10076E+16,4.94821E+16
137844,137845,9,1,71,130,2016,5,8,6,3,4,2,0,0,0,1,0,0,0,1,7.88459E+20,5.35162E+21,1.28863E+16,4.82521E+16
137845,137846,9,2,61,0,2016,5,20,3,3,5,3,1,1,1,1,0,0,0,0,7.32596E+20,5.38077E+21,1.21511E+16,4.85369E+16
137846,137847,9,3,62,0,2016,5,22,4,3,4,3,2,0,0,1,0,0,0,0,7.27634E+20,5.43521E+21,1.21141E+16,4.90277E+16
137847,137848,9,5,64,0,2016,5,21,4,3,5,2,0,0,1,1,0,0,0,0,6.51069E+20,5.47971E+21,1.10844E+16,4.94513E+16
137848,137849,9,1,62,0,2016,5,17,4,3,5,2,0,0,0,1,0,0,0,0,6.90871E+20,5.33914E+21,1.15676E+16,4.81768E+16
137849,137850,9,1,62,0,2016,5,19,5,3,6,7,0,0,1,0,1,0,0,0,6.91739E+20,5.33521E+21,1.15775E+16,4.81412E+16
137850,137851,9,1,76,114,2016,5,19,5,3,5,3,0,0,1,1,0,0,0,0,6.82877E+20,5.43152E+21,1.15009E+16,4.90094E+16
137851,137852,9,3,72,126,2016,5,13,6,3,1,7,0,0,0,1,0,0,0,0,7.79408E+20,5.46891E+21,1.28443E+16,4.93089E+16
137852,137853,9,2,78,148,2016,5,17,2,2,4,3,0,1,0,1,0,0,0,0,7.37127E+20,5.40682E+21,1.22273E+16,4.87691E+16
137853,137854,9,1,62,0,2016,5,18,2,2,5,3,0,1,0,1,0,0,0,0,6.81216E+20,5.33859E+21,1.14376E+16,4.81747E+16
137854,137855,9,1,78,124,2016,5,18,4,3,2,6,0,0,1,0,0,0,0,0,7.02987E+20,5.36439E+21,1.17426E+16,4.84E+16
137855,137856,9,1,62,0,2016,5,18,3,3,5,3,0,1,0,1,0,0,0,0,6.93947E+20,5.34226E+21,1.16104E+16,4.82039E+16
137856,137857,9,6,72,127,2016,5,17,2,3,5,3,0,1,0,1,0,0,0,0,5.66627E+20,5.55325E+21,9.93215E+15,5.01277E+16
137857,137858,9,7,64,0,2016,5,21,4,2,5,3,2,1,0,1,0,0,0,0,5.87038E+20,5.31726E+21,1.01669E+16,4.80027E+16
137858,137859,9,3,72,126,2016,5,15,1,2,0,1,0,0,1,0,0,0,0,0,7.82514E+20,5.46674E+21,1.28854E+16,4.9288E+16
137859,137860,9,3,62,0,2016,5,8,3,3,0,6,0,0,1,1,0,0,0,0,7.255E+20,5.43447E+21,1.20846E+16,4.90219E+16
137860,137861,9,2,62,0,2016,5,13,7,3,0,7,0,1,0,1,0,1,0,0,8.25644E+20,5.38959E+21,1.34153E+16,4.85747E+16
137861,137862,9,1,81,130,2016,5,10,7,2,5,3,0,0,1,1,0,0,0,0,6.38589E+20,5.3262E+21,1.08606E+16,4.8074E+16
137862,137863,9,4,63,0,2016,5,22,2,3,5,3,2,1,1,1,0,0,0,0,6.39997E+20,5.56822E+21,1.09637E+16,5.02495E+16
137863,137864,9,7,61,0,2016,5,17,7,3,0,1,0,0,1,0,0,0,0,0,6.40514E+20,5.35949E+21,1.08974E+16,4.83729E+16
137864,137865,9,5,62,0,2016,5,20,7,3,3,2,1,0,0,1,0,0,0,0,6.45177E+20,5.49518E+21,1.10088E+16,4.95917E+16
137865,137866,9,1,62,0,2016,5,12,7,3,4,2,0,0,1,1,0,0,0,0,6.82836E+20,5.33881E+21,1.14595E+16,4.81762E+16
137866,137867,9,5,64,0,2016,5,17,6,2,2,6,0,0,0,1,0,1,0,0,6.52297E+20,5.47871E+21,1.11009E+16,4.94419E+16
137867,137868,9,2,76,148,2016,5,14,3,3,1,6,0,1,0,1,0,0,0,0,8.09337E+20,5.43827E+21,1.32314E+16,4.90197E+16
137868,137869,9,1,75,127,2016,5,12,7,3,6,4,0,0,0,1,1,0,0,0,7.13232E+20,5.34142E+21,1.18692E+16,4.81901E+16
137869,137870,9,1,74,115,2016,5,9,3,3,5,2,0,0,1,1,0,0,0,0,6.84922E+20,5.34763E+21,1.14914E+16,4.82549E+16
137870,137871,9,1,62,0,2016,5,12,6,3,0,7,0,0,1,0,0,0,0,0,6.94794E+20,5.3415E+21,1.16214E+16,4.81968E+16
137871,137872,9,1,62,0,2016,5,11,6,3,0,7,0,0,1,0,0,0,0,0,6.86623E+20,5.33306E+21,1.15079E+16,4.81234E+16
137872,137873,9,5,62,0,2016,5,15,7,3,5,3,0,0,0,1,0,1,0,0,6.46631E+20,5.49563E+21,1.10291E+16,4.95955E+16
137873,137874,9,1,62,0,2016,5,19,2,3,0,1,0,1,0,0,0,1,0,0,6.87925E+20,5.33667E+21,1.15269E+16,4.81555E+16
137874,137875,9,1,62,0,2016,5,17,7,3,0,1,0,0,1,0,0,0,0,0,6.88249E+20,5.33636E+21,1.15312E+16,4.81526E+16
137875,137876,9,2,73,137,2016,5,14,3,3,2,5,0,0,0,1,0,0,0,0,7.11538E+20,5.42235E+21,1.18876E+16,4.89179E+16
137876,137877,9,1,62,0,2016,5,16,6,3,0,7,0,0,0,0,0,1,0,0,6.85989E+20,5.33859E+21,1.15018E+16,4.81734E+16
137877,137878,9,4,61,0,2016,5,10,2,3,0,1,0,1,0,0,0,1,0,0,6.36804E+20,5.52975E+21,1.09052E+16,4.99045E+16
137878,137879,9,1,62,0,2016,5,18,2,3,5,5,0,1,1,1,0,0,0,0,6.88413E+20,5.32979E+21,1.15305E+16,4.80935E+16