FID,OBJECTID,ULAND,UREGBEZ,UKREIS,UGEMEINDE,UJAHR,UMONAT,USTUNDE,UWOCHENTAG,UKATEGORIE,UART,UTYP1,ULICHTVERH,IstStrasse,IstRad,IstPKW,IstFuss,IstKrad,IstGkfz,IstSonstig,LINREFX,LINREFY,XGCSWGS84,YGCSWGS84
137879,137880,9,1,88,139,2016,5,12,2,3,3,6,0,0,1,0,0,0,0,1,6.75001E+20,5.31966E+21,1.13463E+16,4.80062E+16
137880,137881,9,7,61,0,2016,5,5,1,3,6,4,2,1,0,0,1,0,0,1,6.40736E+20,5.35842E+21,1.09001E+16,4.83633E+16
137881,137882,9,4,76,146,2016,5,9,3,3,6,7,0,0,0,1,1,0,0,0,6.62362E+20,5.56245E+21,1.12747E+16,5.0192E+16
137882,137883,9,7,71,163,2016,5,13,2,3,8,1,0,0,0,1,0,1,0,0,6.46264E+20,5.34255E+21,1.09692E+16,4.82193E+16
137883,137884,9,2,74,184,2016,5,16,7,3,1,1,0,0,1,1,0,0,0,0,7.48206E+20,5.37135E+21,1.23566E+16,4.84463E+16
137884,137885,9,7,74,135,2016,5,10,2,3,5,3,0,0,0,1,0,0,0,0,5.93936E+20,5.36672E+21,1.02703E+16,4.84466E+16
137885,137886,9,7,75,135,2016,5,20,7,3,1,3,1,0,0,1,0,0,0,0,5.748E+20,5.36099E+21,1.00105E+16,4.83976E+16
137886,137887,9,1,82,129,2016,5,18,3,3,0,1,0,0,1,0,0,0,0,0,7.0904E+20,5.28563E+21,1.17858E+16,4.76902E+16
137887,137888,9,1,62,0,2016,5,8,6,3,5,3,0,0,1,1,0,0,0,0,6.88655E+20,5.3365E+21,1.15367E+16,4.81537E+16
137888,137889,9,6,61,0,2016,5,7,2,3,5,2,0,1,1,1,0,0,0,0,5.093E+20,5.53689E+21,9.12972E+15,4.99843E+16
137889,137890,9,3,62,0,2016,5,11,2,3,5,3,0,0,0,1,0,0,0,1,7.2921E+20,5.43554E+21,1.21359E+16,4.90301E+16
137890,137891,9,7,61,0,2016,5,10,7,3,1,6,0,0,0,1,0,0,0,0,6.38039E+20,5.35845E+21,1.08637E+16,4.83641E+16
137891,137892,9,1,62,0,2016,5,18,2,3,5,3,0,1,0,1,0,0,0,0,6.96865E+20,5.33524E+21,1.16464E+16,4.81399E+16
137892,137893,9,1,77,117,2016,5,7,2,3,5,3,0,1,1,0,0,0,1,0,7.1508E+20,5.35395E+21,1.19004E+16,4.83022E+16
137893,137894,9,5,73,115,2016,5,10,1,3,5,3,0,0,0,1,0,0,0,1,6.31419E+20,5.47128E+21,1.08106E+16,4.938E+16
137894,137895,9,3,62,0,2016,5,17,3,3,2,6,0,0,0,1,0,0,0,0,7.26149E+20,5.43201E+21,1.20921E+16,4.89995E+16
137895,137896,9,6,78,150,2016,5,16,2,2,0,1,0,1,1,0,0,0,0,0,5.90197E+20,5.53373E+21,1.02572E+16,4.99491E+16
137896,137897,9,2,61,0,2016,5,12,7,3,0,7,0,0,1,0,0,0,0,0,7.32407E+20,5.38138E+21,1.21489E+16,4.85424E+16
137897,137898,9,1,62,0,2016,5,19,6,2,0,7,0,0,1,0,0,0,0,0,6.91172E+20,5.33304E+21,1.15689E+16,4.81219E+16
137898,137899,9,5,63,0,2016,5,13,2,3,6,4,0,0,0,1,1,0,0,0,6.44E+20,5.48191E+21,1.09877E+16,4.94727E+16
137899,137900,9,1,63,0,2016,5,17,2,3,3,2,0,1,1,1,0,0,0,0,7.33509E+20,5.30471E+21,1.21216E+16,4.78533E+16
137900,137901,9,6,63,0,2016,5,11,7,3,5,2,0,0,0,1,0,0,0,0,5.67756E+20,5.51323E+21,9.94091E+15,4.97677E+16
137901,137902,9,1,86,143,2016,5,17,3,3,5,2,0,0,1,1,0,0,0,0,6.85679E+20,5.37791E+21,1.1515E+16,4.85269E+16
137902,137903,9,1,62,0,2016,5,8,6,3,5,3,0,0,0,1,0,0,0,1,7.01294E+20,5.33455E+21,1.17055E+16,4.81323E+16
137903,137904,9,5,63,0,2016,5,7,2,3,1,6,0,1,0,1,0,0,0,0,6.42325E+20,5.48243E+21,1.09648E+16,4.94779E+16
137904,137905,9,2,75,128,2016,5,1,2,3,9,7,2,0,0,1,1,0,0,0,8.30507E+20,5.40472E+21,1.3493E+16,4.87078E+16
137905,137906,9,1,62,0,2016,5,13,1,2,5,2,0,0,0,1,0,0,0,0,6.87395E+20,5.3396E+21,1.15211E+16,4.81819E+16
137906,137907,9,3,62,0,2016,5,16,1,3,4,6,0,0,1,0,0,0,0,0,7.26651E+20,5.4324E+21,1.20991E+16,4.90028E+16
137907,137908,9,3,73,147,2016,5,19,3,3,5,3,0,1,0,1,0,1,0,0,6.79515E+20,5.46067E+21,1.14679E+16,4.92724E+16
137908,137909,9,1,73,118,2016,5,14,1,3,7,1,0,0,1,0,0,0,0,1,6.93729E+20,5.3105E+21,1.15931E+16,4.79185E+16
137909,137910,9,2,61,0,2016,5,18,7,3,5,3,0,0,1,1,0,0,0,0,7.31759E+20,5.38165E+21,1.21403E+16,4.85451E+16
137910,137911,9,1,62,0,2016,5,20,6,3,0,7,0,0,1,0,0,0,0,1,6.97052E+20,5.32993E+21,1.16464E+16,4.80922E+16
137911,137912,9,4,62,0,2016,5,15,2,3,0,6,0,0,1,1,0,0,0,0,6.85671E+20,5.53541E+21,1.15878E+16,4.99422E+16
137912,137913,9,5,76,117,2016,5,0,7,3,0,3,2,1,0,1,0,1,0,0,6.49377E+20,5.4589E+21,1.10532E+16,4.92646E+16
137913,137914,9,1,62,0,2016,5,19,7,3,4,3,0,0,1,1,0,0,0,0,6.87449E+20,5.33607E+21,1.15203E+16,4.81503E+16
137914,137915,9,5,64,0,2016,5,14,6,3,0,5,0,0,1,0,0,0,0,0,6.51135E+20,5.47926E+21,1.10851E+16,4.94472E+16
137915,137916,9,5,64,0,2016,5,20,7,3,8,1,0,0,0,1,0,0,0,0,6.50789E+20,5.48381E+21,1.10821E+16,4.94882E+16
137916,137917,9,7,77,111,2016,5,10,1,3,0,7,0,0,1,0,0,0,0,0,6.15229E+20,5.29775E+21,1.05395E+16,4.78227E+16
137917,137918,9,1,62,0,2016,5,16,7,3,0,1,0,1,0,0,0,1,0,0,6.92312E+20,5.33762E+21,1.15863E+16,4.81627E+16
137918,137919,9,4,79,129,2016,5,19,6,2,5,3,0,0,0,0,0,1,0,1,7.10525E+20,5.55681E+21,1.19455E+16,5.01262E+16
137919,137920,9,1,80,117,2016,5,10,7,2,0,1,0,0,1,0,0,0,0,0,6.58557E+20,5.26156E+21,1.11049E+16,4.74882E+16
137920,137921,9,1,86,158,2016,5,17,3,2,0,1,0,0,1,0,0,0,0,0,6.92417E+20,5.40507E+21,1.16187E+16,4.87688E+16
137921,137922,9,1,84,146,2016,5,12,6,3,4,2,0,0,1,1,0,0,0,0,6.99161E+20,5.32824E+21,1.16739E+16,4.80763E+16
137922,137923,9,5,73,134,2016,5,12,7,2,6,4,0,0,0,1,1,0,0,0,6.41941E+20,5.47835E+21,1.0958E+16,4.94413E+16
137923,137924,9,1,62,0,2016,5,20,2,3,5,2,0,1,0,1,0,0,0,0,6.87904E+20,5.33045E+21,1.15239E+16,4.80995E+16
137924,137925,9,7,74,111,2016,5,13,7,3,0,7,0,0,0,0,0,1,0,1,6.01959E+20,5.34035E+21,1.03724E+16,4.82082E+16
137925,137926,9,1,84,112,2016,5,19,7,3,5,3,0,1,0,1,0,0,0,0,7.02525E+20,5.33904E+21,1.17242E+16,4.81723E+16
137926,137927,9,1,72,130,2016,5,12,3,3,5,3,0,1,0,1,0,0,0,1,7.94287E+20,5.30876E+21,1.29351E+16,4.78647E+16
137927,137928,9,1,62,0,2016,5,17,6,3,5,3,0,0,1,1,0,0,0,0,6.91097E+20,5.33174E+21,1.15673E+16,4.81102E+16
137928,137929,9,3,74,139,2016,5,10,2,3,6,6,0,0,0,1,1,0,0,0,7.28873E+20,5.51305E+21,1.21758E+16,4.97264E+16
137929,137930,9,7,80,143,2016,5,18,7,3,0,7,0,0,1,0,0,0,0,0,5.97291E+20,5.28307E+21,1.02966E+16,4.76937E+16
137930,137931,9,1,62,0,2016,5,15,2,3,5,7,0,0,1,1,0,0,0,0,6.94504E+20,5.33171E+21,1.1613E+16,4.81089E+16
137931,137932,9,2,75,127,2016,5,14,3,3,0,1,0,1,1,0,0,0,0,0,8.0294E+20,5.3998E+21,1.31157E+16,4.86777E+16
137932,137933,9,1,62,0,2016,5,20,6,3,5,3,1,0,0,1,0,1,0,0,6.90627E+20,5.33678E+21,1.15633E+16,4.81557E+16
137933,137934,9,1,62,0,2016,5,9,2,3,4,2,0,0,0,1,0,0,1,0,6.88207E+20,5.33995E+21,1.15322E+16,4.81849E+16
137934,137935,9,7,63,0,2016,5,22,6,3,6,2,2,0,0,1,1,0,0,0,5.98517E+20,5.28629E+21,1.03137E+16,4.77225E+16
137935,137936,9,7,72,147,2016,5,15,1,3,5,3,0,0,1,1,0,0,0,0,6.38266E+20,5.36341E+21,1.08684E+16,4.84087E+16
137936,137937,9,4,63,0,2016,5,18,3,3,3,2,0,0,0,1,0,0,0,0,6.38801E+20,5.57022E+21,1.09477E+16,5.02678E+16
137937,137938,9,7,76,116,2016,5,14,2,3,0,4,0,0,1,0,1,0,0,0,5.52057E+20,5.26652E+21,9.69186E+15,4.755E+16
137938,137939,9,1,61,0,2016,5,5,3,3,5,3,0,0,0,1,0,0,0,0,6.75966E+20,5.4063E+21,1.13956E+16,4.87848E+16
137939,137940,9,7,80,139,2016,5,13,6,3,0,1,0,0,1,0,0,0,0,0,5.95846E+20,5.26333E+21,1.0273E+16,4.75163E+16
137940,137941,9,5,62,0,2016,5,7,2,3,4,2,0,1,1,1,0,0,0,0,6.45036E+20,5.49485E+21,1.10067E+16,4.95888E+16
137941,137942,9,2,71,141,2016,5,11,2,3,8,1,0,0,0,1,0,0,0,0,7.94622E+20,5.39241E+21,1.29978E+16,4.86153E+16
137942,137943,9,7,61,0,2016,5,12,7,3,6,2,0,0,0,1,1,0,0,0,6.40286E+20,5.35366E+21,1.08924E+16,4.83205E+16
137943,137944,9,1,62,0,2016,5,17,2,3,5,3,0,1,0,1,0,1,0,0,6.91238E+20,5.33993E+21,1.15729E+16,4.81838E+16
137944,137945,9,1,62,0,2016,5,13,1,3,0,7,0,0,0,0,0,0,0,1,6.82897E+20,5.33583E+21,1.1459E+16,4.81494E+16
137945,137946,9,4,61,0,2016,5,15,1,3,0,7,0,0,1,0,1,0,0,0,6.35686E+20,5.52853E+21,1.08892E+16,4.98938E+16
137946,137947,9,3,75,148,2016,5,7,3,1,4,6,0,0,0,1,0,0,0,1,7.02621E+20,5.43385E+21,1.17717E+16,4.90242E+16
137947,137948,9,1,74,115,2016,5,17,2,3,4,6,0,0,1,0,0,0,0,0,6.81382E+20,5.34783E+21,1.14438E+16,4.82577E+16
137948,137949,9,5,62,0,2016,5,10,1,3,0,7,0,1,1,0,0,0,0,0,6.46706E+20,5.49585E+21,1.10302E+16,4.95974E+16
137949,137950,9,4,74,137,2016,5,16,3,3,4,3,0,0,1,1,0,0,0,0,6.53901E+20,5.50036E+21,1.11315E+16,4.96361E+16
137950,137951,9,7,72,202,2016,5,13,2,3,6,2,0,0,0,1,1,0,0,0,6.36835E+20,5.35874E+21,1.08475E+16,4.8367E+16
137951,137952,9,1,80,118,2016,5,19,7,3,4,6,0,0,0,1,0,1,0,0,6.52894E+20,5.25947E+21,1.1029E+16,4.74707E+16
137952,137953,9,7,80,133,2016,5,15,6,3,5,3,0,0,1,1,0,0,0,0,5.96799E+20,5.25088E+21,1.0283E+16,4.74042E+16
137953,137954,9,5,64,0,2016,5,13,2,3,2,6,0,1,0,1,0,1,0,0,6.49719E+20,5.47927E+21,1.10656E+16,4.94476E+16
137954,137955,9,2,74,127,2016,5,9,2,3,4,6,0,0,0,1,0,0,0,0,7.37174E+20,5.39563E+21,1.22215E+16,4.86686E+16
137955,137956,9,5,75,153,2016,5,18,7,3,1,5,0,0,1,1,0,0,0,0,6.15661E+20,5.49315E+21,1.06E+16,4.95799E+16
137956,137957,9,1,62,0,2016,5,14,1,3,0,7,0,0,1,0,0,0,0,0,6.92037E+20,5.3324E+21,1.15803E+16,4.81158E+16
137957,137958,9,3,62,0,2016,5,21,1,3,5,3,2,1,0,1,0,0,0,1,7.27641E+20,5.43521E+21,1.21142E+16,4.90277E+16
137958,137959,9,3,72,116,2016,5,11,3,3,2,7,0,1,0,1,0,1,0,0,7.67248E+20,5.45931E+21,1.2671E+16,4.92282E+16
137959,137960,9,1,71,113,2016,5,17,1,3,0,7,0,0,1,0,0,0,0,0,7.76654E+20,5.34197E+21,1.27213E+16,4.81707E+16
137960,137961,9,4,75,156,2016,5,17,6,3,0,2,0,0,0,1,0,0,0,0,6.92601E+20,5.5787E+21,1.17061E+16,5.03289E+16
137961,137962,9,1,83,128,2016,5,17,7,3,6,3,0,0,1,1,1,0,0,0,7.61339E+20,5.34927E+21,1.25202E+16,4.82427E+16
137962,137963,9,7,77,151,2016,5,14,6,3,5,3,0,0,1,1,0,0,0,0,6.20932E+20,5.29338E+21,1.06144E+16,4.77824E+16
137963,137964,9,6,62,0,2016,5,10,2,3,0,4,0,1,0,1,1,0,0,0,5.88118E+20,5.54407E+21,1.02306E+16,5.00424E+16
137964,137965,9,1,63,0,2016,5,0,7,3,5,3,2,0,0,1,0,0,0,0,7.32855E+20,5.30525E+21,1.21132E+16,4.78583E+16
137965,137966,9,7,73,125,2016,5,9,6,3,3,5,0,0,1,1,0,0,0,0,6.09E+20,5.38168E+21,1.04778E+16,4.85787E+16
137966,137967,9,4,79,152,2016,5,13,2,3,4,2,0,0,0,1,0,0,0,0,7.23669E+20,5.56328E+21,1.21329E+16,5.01794E+16
137967,137968,9,1,61,0,2016,5,16,2,3,2,6,0,0,0,1,0,0,0,1,6.77387E+20,5.4053E+21,1.14145E+16,4.87754E+16
137968,137969,9,6,79,118,2016,5,21,7,2,4,6,2,0,0,1,0,1,0,0,5.741E+20,5.48481E+21,1.00236E+16,4.95114E+16
137969,137970,9,5,75,153,2016,5,19,7,2,8,1,0,0,0,1,0,0,0,0,6.15807E+20,5.49299E+21,1.0602E+16,4.95784E+16
137970,137971,9,1,62,0,2016,5,1,7,3,2,1,2,0,1,0,0,0,0,0,6.90317E+20,5.33296E+21,1.15574E+16,4.81214E+16
137971,137972,9,4,64,0,2016,5,18,6,3,5,3,0,0,0,1,0,0,0,0,7.07032E+20,5.5768E+21,1.19076E+16,5.03069E+16
137972,137973,9,3,76,150,2016,5,21,3,3,1,5,2,0,0,1,0,1,0,0,7.27533E+20,5.49211E+21,1.21451E+16,4.95388E+16
137973,137974,9,7,72,200,2016,5,16,6,2,0,1,0,0,1,0,0,0,0,0,6.30316E+20,5.33915E+21,1.07535E+16,4.81922E+16
137974,137975,9,1,79,142,2016,5,14,3,3,5,3,0,1,1,1,0,0,0,0,6.72957E+20,5.34335E+21,1.13286E+16,4.82198E+16
137975,137976,9,7,71,130,2016,5,14,6,3,8,1,0,0,0,1,0,0,0,0,6.53814E+20,5.35863E+21,1.10766E+16,4.83621E+16
137976,137977,9,7,64,0,2016,5,10,2,3,1,5,0,0,1,1,0,0,0,0,5.88418E+20,5.31528E+21,1.0185E+16,4.79847E+16
137977,137978,9,5,61,0,2016,5,5,7,3,5,3,0,0,0,1,0,0,0,0,6.14051E+20,5.46209E+21,1.05688E+16,4.93009E+16
137978,137979,9,1,62,0,2016,5,16,7,3,0,1,0,0,0,0,0,1,0,0,6.85048E+20,5.33161E+21,1.14861E+16,4.81109E+16
137979,137980,9,2,77,133,2016,5,19,3,3,0,1,0,1,0,1,0,0,0,0,7.69358E+20,5.36808E+21,1.264E+16,4.84083E+16
137980,137981,9,7,72,163,2016,5,18,6,3,2,6,0,0,0,1,0,0,0,0,6.40871E+20,5.34916E+21,1.08988E+16,4.828E+16
137981,137982,9,1,84,149,2016,5,11,2,3,5,3,0,0,1,0,0,0,1,0,6.90869E+20,5.34999E+21,1.15725E+16,4.82743E+16
137982,137983,9,1,88,139,2016,5,17,2,3,6,4,0,1,0,1,1,0,0,0,6.75138E+20,5.31957E+21,1.13482E+16,4.80054E+16
137983,137984,9,7,61,0,2016,5,11,1,3,0,1,0,0,1,0,0,0,0,0,6.3852E+20,5.35556E+21,1.08692E+16,4.8338E+16
137984,137985,9,4,78,139,2016,5,17,3,3,0,1,0,0,1,0,0,0,0,0,6.48509E+20,5.55673E+21,1.10785E+16,5.01442E+16
137985,137986,9,7,72,184,2016,5,11,2,2,6,2,0,0,0,1,1,0,0,0,6.35536E+20,5.36172E+21,1.0831E+16,4.83941E+16
137986,137987,9,1,87,148,2016,5,22,7,2,0,1,2,1,1,0,0,0,0,0,7.3956E+20,5.27856E+21,1.2188E+16,4.76161E+16
137987,137988,9,1,61,0,2016,5,10,3,3,2,7,0,0,1,1,0,0,0,0,6.78231E+20,5.40422E+21,1.14255E+16,4.87654E+16
137988,137989,9,7,61,0,2016,5,10,6,3,0,7,0,0,1,0,0,0,0,0,6.43711E+20,5.35749E+21,1.09399E+16,4.83542E+16
137989,137990,9,5,63,0,2016,5,16,2,3,5,3,0,0,0,1,0,0,0,0,6.45217E+20,5.4829E+21,1.10049E+16,4.94814E+16
137990,137991,9,2,62,0,2016,5,15,2,3,5,3,0,0,0,1,0,1,0,0,8.27221E+20,5.38869E+21,1.34359E+16,4.85657E+16
137991,137992,9,1,62,0,2016,5,22,7,2,5,2,2,0,1,1,0,0,0,0,6.92314E+20,5.33423E+21,1.15848E+16,4.81322E+16
137992,137993,9,1,87,165,2016,5,18,3,3,0,1,0,1,0,0,0,1,0,0,7.33788E+20,5.30014E+21,1.21229E+16,4.78121E+16
137993,137994,9,7,61,0,2016,5,18,6,3,6,7,0,0,0,1,1,0,0,0,6.42045E+20,5.36241E+21,1.09191E+16,4.83988E+16
137994,137995,9,6,62,0,2016,5,17,2,3,3,6,0,0,0,1,0,0,1,0,5.86163E+20,5.54443E+21,1.02034E+16,5.00459E+16
137995,137996,9,3,62,0,2016,5,17,2,3,5,2,0,0,1,1,0,0,0,0,7.23479E+20,5.43452E+21,1.2057E+16,4.90231E+16
137996,137997,9,7,73,182,2016,5,17,7,3,2,3,0,0,0,1,0,0,0,0,6.22316E+20,5.37994E+21,1.06578E+16,4.85606E+16
137997,137998,9,1,62,0,2016,5,11,2,2,2,6,0,0,0,1,0,1,0,0,6.90634E+20,5.33338E+21,1.15619E+16,4.81251E+16
137998,137999,9,1,78,124,2016,5,7,2,3,6,4,0,0,1,0,1,0,0,0,7.02806E+20,5.36363E+21,1.17398E+16,4.83932E+16
137999,138000,9,5,64,0,2016,5,17,1,3,2,6,0,0,0,1,0,1,0,0,6.49304E+20,5.47917E+21,1.10598E+16,4.94468E+16
138000,138001,9,3,74,124,2016,5,18,3,2,0,7,0,0,1,0,0,0,0,0,7.07704E+20,5.51316E+21,1.18826E+16,4.9735E+16
138001,138002,9,6,63,0,2016,5,7,2,3,5,3,0,1,1,1,0,0,0,0,5.67865E+20,5.51675E+21,9.94304E+15,4.97994E+16
138002,138003,9,1,82,137,2016,5,23,7,3,8,1,2,0,1,0,0,0,0,0,7.09262E+20,5.30473E+21,1.17979E+16,4.78618E+16
138003,138004,9,7,61,0,2016,5,23,6,3,2,2,2,0,0,1,0,1,0,0,6.4014E+20,5.35892E+21,1.08922E+16,4.83679E+16
138004,138005,9,5,64,0,2016,5,7,2,3,6,1,0,1,1,0,1,0,0,0,6.46757E+20,5.48106E+21,1.10254E+16,4.94644E+16
138005,138006,9,1,83,144,2016,5,7,2,2,0,1,0,1,1,0,0,0,0,0,7.40735E+20,5.35159E+21,1.22445E+16,4.82717E+16
138006,138007,9,6,75,165,2016,5,7,7,2,0,7,0,0,0,0,0,1,0,0,5.88549E+20,5.51799E+21,1.02307E+16,4.98078E+16
138007,138008,9,4,75,156,2016,5,14,7,3,2,7,0,0,0,0,0,1,0,0,6.92628E+20,5.57918E+21,1.17068E+16,5.03332E+16
138008,138009,9,7,63,0,2016,5,11,1,2,0,7,0,1,1,0,0,0,0,0,5.99016E+20,5.28666E+21,1.03204E+16,4.77257E+16
138009,138010,9,2,71,153,2016,5,14,1,3,5,3,0,0,0,1,0,0,0,0,8.00352E+20,5.4055E+21,1.30848E+16,4.87301E+16
138010,138011,9,1,62,0,2016,5,0,1,3,0,1,2,0,1,0,0,0,0,0,6.9166E+20,5.33514E+21,1.15764E+16,4.81406E+16
138011,138012,9,3,75,190,2016,5,9,1,3,0,6,0,0,1,0,0,0,0,0,7.30296E+20,5.45273E+21,1.21605E+16,4.91841E+16
138012,138013,9,3,73,153,2016,5,17,3,3,5,3,0,0,0,1,0,0,0,0,6.89133E+20,5.46392E+21,1.16015E+16,4.92987E+16
138013,138014,9,1,87,169,2016,5,12,7,3,2,6,0,0,0,1,0,0,0,0,7.37233E+20,5.29877E+21,1.21681E+16,4.77985E+16
138014,138015,9,6,79,147,2016,5,16,6,3,4,6,0,1,0,1,0,0,0,0,5.61836E+20,5.51283E+21,9.85865E+15,4.97648E+16
138015,138016,9,4,62,0,2016,5,8,2,3,2,6,0,0,1,0,0,0,0,0,6.82954E+20,5.53569E+21,1.15501E+16,4.99455E+16
138016,138017,9,6,74,149,2016,5,14,7,2,6,1,0,0,0,0,1,1,0,0,6.08437E+20,5.55432E+21,1.05172E+16,5.01312E+16
138017,138018,9,4,63,0,2016,5,14,7,3,1,7,0,0,1,0,0,0,1,0,6.39298E+20,5.56978E+21,1.09545E+16,5.02637E+16
138018,138019,9,1,62,0,2016,5,12,7,2,4,2,0,0,0,1,0,1,0,0,6.83144E+20,5.33755E+21,1.14631E+16,4.81648E+16
138019,138020,9,4,63,0,2016,5,16,6,3,4,6,0,0,1,0,0,0,0,0,6.40175E+20,5.56861E+21,1.09663E+16,5.0253E+16
138020,138021,9,2,71,119,2016,5,9,3,3,2,6,0,1,0,1,0,0,0,1,7.90719E+20,5.41642E+21,1.29619E+16,4.88326E+16
138021,138022,9,6,63,0,2016,5,5,6,3,5,3,1,1,0,1,0,0,0,0,5.68615E+20,5.51587E+21,9.9533E+15,4.97913E+16
138022,138023,9,1,62,0,2016,5,14,2,3,5,3,0,0,1,1,0,0,0,0,6.92227E+20,5.33621E+21,1.15845E+16,4.81501E+16
138023,138024,9,1,79,145,2016,5,4,1,2,0,1,1,1,1,0,0,0,0,0,6.75852E+20,5.3386E+21,1.13656E+16,4.81763E+16
138024,138025,9,4,62,0,2016,5,4,6,2,0,1,2,0,1,0,0,0,0,0,6.84267E+20,5.53561E+21,1.15683E+16,4.99444E+16
138025,138026,9,1,82,132,2016,5,19,7,3,0,1,0,0,1,0,0,0,0,0,7.07265E+20,5.28806E+21,1.17633E+16,4.77127E+16
138026,138027,9,1,86,122,2016,5,12,3,3,5,3,0,0,0,1,0,0,0,0,6.91819E+20,5.39492E+21,1.16059E+16,4.86778E+16
138027,138028,9,6,63,0,2016,5,8,6,3,5,3,0,1,0,1,0,0,0,0,5.64084E+20,5.51749E+21,9.89063E+15,4.98065E+16
138028,138029,9,4,76,145,2016,5,13,7,3,5,3,0,0,0,1,0,0,0,0,6.65613E+20,5.56774E+21,1.13225E+16,5.02386E+16
138029,138030,9,1,84,122,2016,5,12,2,3,0,7,0,0,0,1,0,0,0,0,6.88206E+20,5.32474E+21,1.15255E+16,4.80482E+16
138030,138031,9,1,62,0,2016,5,20,7,3,6,7,0,0,1,1,1,0,0,0,6.85595E+20,5.33533E+21,1.14951E+16,4.81441E+16
138031,138032,9,2,79,116,2016,5,7,3,3,5,3,0,0,0,1,0,0,0,0,7.59749E+20,5.39124E+21,1.25248E+16,4.86203E+16
138032,138033,9,6,63,0,2016,5,8,6,3,3,6,0,1,0,1,0,0,0,0,5.66552E+20,5.51543E+21,9.92456E+15,4.97876E+16
138033,138034,9,3,63,0,2016,5,13,2,3,1,7,0,0,0,1,0,0,0,0,7.27735E+20,5.50926E+21,1.21579E+16,4.96928E+16
138034,138035,9,1,62,0,2016,5,12,2,3,5,7,0,0,0,1,0,0,0,0,6.92214E+20,5.33712E+21,1.15848E+16,4.81582E+16
138035,138036,9,1,79,119,2016,5,18,2,2,8,7,0,1,1,0,0,0,0,0,6.68596E+20,5.33878E+21,1.12681E+16,4.81799E+16
138036,138037,9,7,71,112,2016,5,19,1,2,4,2,1,1,1,1,0,0,0,0,6.4668E+20,5.36872E+21,1.09839E+16,4.84545E+16
138037,138038,9,4,62,0,2016,5,14,3,3,5,3,0,0,1,1,0,0,0,0,6.84964E+20,5.53598E+21,1.15782E+16,4.99475E+16
138038,138039,9,6,63,0,2016,5,23,6,3,6,7,2,0,0,1,1,0,0,0,5.66766E+20,5.51585E+21,9.92761E+15,4.97914E+16
138039,138040,9,4,61,0,2016,5,23,7,3,0,7,2,0,1,0,0,0,0,0,6.3515E+20,5.5285E+21,1.08817E+16,4.98936E+16
138040,138041,9,7,80,123,2016,5,14,2,3,1,3,0,0,1,1,0,0,0,0,6.01604E+20,5.26189E+21,1.03492E+16,4.75025E+16
138041,138042,9,1,61,0,2016,5,7,3,3,0,2,0,0,1,1,0,0,0,0,6.77065E+20,5.40498E+21,1.141E+16,4.87726E+16
138042,138043,9,6,63,0,2016,5,12,6,3,6,4,0,0,0,1,1,0,0,0,5.68555E+20,5.5168E+21,9.95263E+15,4.97997E+16
138043,138044,9,6,61,0,2016,5,7,2,2,8,7,0,1,0,1,0,0,0,0,5.10994E+20,5.53665E+21,9.15335E+15,4.99821E+16
138044,138045,9,3,76,116,2016,5,17,2,3,9,1,0,0,0,1,0,0,0,0,7.36569E+20,5.46469E+21,1.22535E+16,4.92892E+16
138045,138046,9,7,61,0,2016,5,17,7,3,6,7,0,0,1,0,1,0,0,0,6.40954E+20,5.35118E+21,1.09006E+16,4.82981E+16
138046,138047,9,1,62,0,2016,5,12,2,2,6,4,0,0,0,1,1,0,0,0,6.93937E+20,5.33303E+21,1.1606E+16,4.81209E+16
138047,138048,9,1,62,0,2016,5,15,1,3,4,2,0,0,0,1,0,0,0,0,6.96457E+20,5.33179E+21,1.16393E+16,4.81091E+16
138048,138049,9,5,77,177,2016,5,13,1,2,5,3,0,0,1,1,0,0,0,0,6.43653E+20,5.43163E+21,1.09649E+16,4.90208E+16
138049,138050,9,3,72,126,2016,5,13,3,3,2,6,0,0,0,1,0,0,0,0,7.79119E+20,5.46867E+21,1.28402E+16,4.93069E+16
138050,138051,9,6,73,114,2016,5,16,2,3,5,3,0,0,0,1,0,0,0,0,5.87388E+20,5.57621E+21,1.02278E+16,5.03315E+16
138051,138052,9,1,61,0,2016,5,14,7,2,9,7,0,0,0,1,0,0,0,0,6.78097E+20,5.4042E+21,1.14237E+16,4.87653E+16
138052,138053,9,7,72,163,2016,5,20,2,3,5,3,0,0,1,1,0,0,0,0,6.39853E+20,5.34706E+21,1.08844E+16,4.82613E+16
138053,138054,9,1,86,152,2016,5,11,7,3,0,7,0,0,1,0,0,0,0,0,6.92541E+20,5.37591E+21,1.16069E+16,4.85068E+16
138054,138055,9,1,76,139,2016,5,18,3,3,4,2,0,0,0,1,0,0,0,0,6.83801E+20,5.4095E+21,1.15036E+16,4.88113E+16
138055,138056,9,6,73,147,2016,5,16,6,3,3,1,0,0,1,0,0,0,0,0,5.84129E+20,5.59191E+21,1.01856E+16,5.04731E+16