FID,OBJECTID,ULAND,UREGBEZ,UKREIS,UGEMEINDE,UJAHR,UMONAT,USTUNDE,UWOCHENTAG,UKATEGORIE,UART,UTYP1,ULICHTVERH,IstStrasse,IstRad,IstPKW,IstFuss,IstKrad,IstGkfz,IstSonstig,LINREFX,LINREFY,XGCSWGS84,YGCSWGS84
138056,138057,9,5,64,0,2016,5,23,2,3,8,1,2,0,0,1,0,0,0,0,6.49942E+20,5.47789E+21,1.10681E+16,4.94352E+16
138057,138058,9,2,77,116,2016,5,7,2,3,2,6,0,1,0,1,0,1,0,0,7.788E+20,5.36816E+21,1.27674E+16,4.84049E+16
138058,138059,9,1,84,127,2016,5,15,1,3,5,3,0,0,0,1,0,1,0,0,7.0184E+20,5.32215E+21,1.1707E+16,4.80207E+16
138059,138060,9,3,62,0,2016,5,14,1,2,3,6,0,0,1,0,0,0,0,0,7.28156E+20,5.43115E+21,1.2119E+16,4.8991E+16
138060,138061,9,3,72,137,2016,5,9,3,3,5,3,0,1,0,1,0,1,0,0,7.80511E+20,5.45437E+21,1.28493E+16,4.91779E+16
138061,138062,9,1,80,125,2016,5,14,1,2,0,1,0,0,1,0,0,0,0,0,6.55164E+20,5.27321E+21,1.1064E+16,4.75937E+16
138062,138063,9,1,61,0,2016,5,15,7,3,6,7,0,0,0,1,1,0,0,0,6.79427E+20,5.40356E+21,1.14415E+16,4.87591E+16
138063,138064,9,6,72,114,2016,5,19,6,2,6,7,0,0,0,1,1,0,0,0,5.7717E+20,5.55984E+21,1.0081E+16,5.01858E+16
138064,138065,9,4,61,0,2016,5,16,2,3,2,6,0,0,1,1,0,0,0,0,6.35942E+20,5.52835E+21,1.08927E+16,4.98921E+16
138065,138066,9,3,75,180,2016,5,11,7,3,2,6,0,0,0,1,0,0,0,0,7.27002E+20,5.4243E+21,1.20994E+16,4.893E+16
138066,138067,9,6,76,122,2016,5,15,6,3,0,1,0,0,0,0,0,1,0,0,5.11024E+20,5.51893E+21,9.15326E+15,4.98227E+16
138067,138068,9,4,79,152,2016,5,15,2,3,5,3,0,0,1,1,0,0,0,0,7.22818E+20,5.56243E+21,1.21205E+16,5.01721E+16
138068,138069,9,1,82,125,2016,5,6,2,3,0,1,0,1,0,0,0,1,0,0,7.11986E+20,5.29678E+21,1.18304E+16,4.77894E+16
138069,138070,9,6,62,0,2016,5,13,7,3,1,3,0,0,1,1,0,0,0,0,5.8767E+20,5.54448E+21,1.02245E+16,5.00462E+16
138070,138071,9,3,62,0,2016,5,12,7,3,5,2,0,0,0,1,0,0,0,0,7.24469E+20,5.43076E+21,1.20684E+16,4.89889E+16
138071,138072,9,7,80,132,2016,5,12,1,3,0,1,0,0,1,0,0,0,0,0,5.76897E+20,5.26975E+21,1.00225E+16,4.75766E+16
138072,138073,9,1,62,0,2016,5,19,7,2,0,7,0,0,1,0,0,0,0,0,6.87741E+20,5.34408E+21,1.15277E+16,4.82221E+16
138073,138074,9,4,61,0,2016,5,15,6,3,1,7,0,0,0,1,0,1,0,0,6.3667E+20,5.52888E+21,1.0903E+16,4.98967E+16
138074,138075,9,1,88,137,2016,5,21,7,3,0,1,1,0,1,0,0,0,0,0,6.70948E+20,5.31472E+21,1.12901E+16,4.7963E+16
138075,138076,9,1,76,165,2016,5,14,3,3,0,7,0,0,1,0,0,0,0,0,6.71879E+20,5.42189E+21,1.13465E+16,4.8926E+16
138076,138077,9,6,76,125,2016,5,17,6,3,0,1,0,0,1,0,0,0,0,0,5.16369E+20,5.50889E+21,9.22714E+15,4.97323E+16
138077,138078,9,3,62,0,2016,5,14,7,3,3,2,0,0,1,1,0,0,0,0,7.28168E+20,5.43271E+21,1.212E+16,4.90051E+16
138078,138079,9,1,62,0,2016,5,15,2,3,6,4,0,0,1,0,1,0,0,0,6.89001E+20,5.33461E+21,1.15405E+16,4.81367E+16
138079,138080,9,1,62,0,2016,5,20,7,3,6,2,0,0,0,1,1,0,0,0,6.91911E+20,5.33389E+21,1.15792E+16,4.81293E+16
138080,138081,9,1,82,114,2016,5,17,3,3,0,7,0,0,0,1,1,0,0,0,7.19612E+20,5.2899E+21,1.19286E+16,4.77251E+16
138081,138082,9,6,71,122,2016,5,11,6,3,2,5,0,0,0,1,0,0,0,0,5.04916E+20,5.53193E+21,9.06851E+15,4.99397E+16
138082,138083,9,1,62,0,2016,5,13,7,3,5,2,0,0,0,1,0,0,0,0,6.96993E+20,5.33182E+21,1.16465E+16,4.81091E+16
138083,138084,9,2,77,138,2016,5,10,3,3,5,3,0,1,1,1,0,0,0,0,7.91121E+20,5.37183E+21,1.2936E+16,4.84322E+16
138084,138085,9,6,71,143,2016,5,17,6,3,5,2,0,0,1,1,0,0,0,0,5.15313E+20,5.54537E+21,9.21394E+15,5.00605E+16
138085,138086,9,1,62,0,2016,5,9,2,3,1,5,0,0,1,1,0,0,0,0,6.8862E+20,5.33477E+21,1.15354E+16,4.81382E+16
138086,138087,9,7,61,0,2016,5,11,1,3,0,1,0,0,0,0,0,1,0,0,6.37756E+20,5.36226E+21,1.08611E+16,4.83984E+16
138087,138088,9,4,78,165,2016,5,13,3,3,5,3,0,0,0,1,0,1,0,0,6.42309E+20,5.55247E+21,1.09902E+16,5.01074E+16
138088,138089,9,7,73,125,2016,5,12,2,3,5,3,0,0,0,1,0,0,0,0,6.09657E+20,5.38358E+21,1.04872E+16,4.85957E+16
138089,138090,9,1,61,0,2016,5,13,3,3,0,6,0,0,0,1,0,0,0,1,6.77053E+20,5.40499E+21,1.14098E+16,4.87727E+16
138090,138091,9,6,71,111,2016,5,9,6,3,2,6,0,0,0,1,0,0,0,0,5.0528E+20,5.54663E+21,9.07379E+15,5.00719E+16
138091,138092,9,5,74,138,2016,5,15,2,3,5,3,0,0,1,1,0,0,0,0,6.67411E+20,5.48751E+21,1.1313E+16,4.95171E+16
138092,138093,9,2,62,0,2016,5,18,2,2,2,6,0,0,0,1,0,1,0,0,8.27611E+20,5.38893E+21,1.34413E+16,4.85677E+16
138093,138094,9,7,61,0,2016,5,15,7,3,5,3,0,0,1,1,0,0,0,0,6.41231E+20,5.35801E+21,1.09066E+16,4.83595E+16
138094,138095,9,1,62,0,2016,5,11,2,3,6,4,0,0,0,1,1,0,0,0,6.88979E+20,5.33658E+21,1.15411E+16,4.81544E+16
138095,138096,9,1,62,0,2016,5,18,1,3,0,6,0,1,0,0,0,1,0,0,6.92142E+20,5.33307E+21,1.1582E+16,4.81219E+16
138096,138097,9,3,62,0,2016,5,14,2,3,5,2,0,0,1,1,0,0,0,0,7.23883E+20,5.43365E+21,1.2062E+16,4.9015E+16
138097,138098,9,7,76,116,2016,5,5,7,3,8,1,1,1,0,1,0,0,0,0,5.51004E+20,5.26744E+21,9.67797E+15,4.75584E+16
138098,138099,9,1,62,0,2016,5,17,2,3,5,2,0,1,1,1,0,0,0,0,6.92566E+20,5.33511E+21,1.15886E+16,4.81401E+16
138099,138100,9,1,78,145,2016,5,10,2,3,5,3,0,0,0,1,0,0,0,0,6.96306E+20,5.3543E+21,1.16477E+16,4.83114E+16
138100,138101,9,5,64,0,2016,5,13,1,3,5,3,0,0,1,1,0,0,0,0,6.50415E+20,5.47901E+21,1.10751E+16,4.94452E+16
138101,138102,9,4,61,0,2016,5,6,3,3,5,3,0,0,1,0,0,0,1,0,6.37829E+20,5.53074E+21,1.09198E+16,4.99132E+16
138102,138103,9,7,61,0,2016,5,17,2,3,2,6,0,0,0,1,0,0,0,0,6.41713E+20,5.35995E+21,1.09138E+16,4.83768E+16
138103,138104,9,1,81,127,2016,5,11,7,3,0,1,0,0,1,0,0,0,0,0,6.3532E+20,5.32679E+21,1.08169E+16,4.808E+16
138104,138105,9,5,64,0,2016,5,12,2,3,5,3,0,0,1,1,0,0,0,0,6.51515E+20,5.47864E+21,1.10901E+16,4.94416E+16
138105,138106,9,1,73,147,2016,5,8,2,3,1,7,0,0,0,1,0,1,0,0,6.80996E+20,5.30934E+21,1.14223E+16,4.79119E+16
138106,138107,9,5,62,0,2016,5,11,7,3,5,3,0,0,1,0,0,0,0,0,6.42172E+20,5.49509E+21,1.09672E+16,4.95917E+16
138107,138108,9,2,71,146,2016,5,4,7,2,6,4,0,0,0,1,1,0,0,0,7.86303E+20,5.41126E+21,1.28982E+16,4.87884E+16
138108,138109,9,1,62,0,2016,5,14,1,3,1,7,0,0,0,1,0,1,0,0,6.94715E+20,5.33317E+21,1.16165E+16,4.8122E+16
138109,138110,9,2,63,0,2016,5,19,1,3,5,3,0,1,1,1,0,0,0,0,7.64412E+20,5.42044E+21,1.26067E+16,4.88805E+16
138110,138111,9,3,71,151,2016,5,19,3,3,5,3,0,0,0,1,0,1,0,0,6.9526E+20,5.48734E+21,1.16972E+16,4.95072E+16
138111,138112,9,1,88,113,2016,5,18,1,3,5,3,0,0,1,1,0,0,0,0,6.7844E+20,5.3144E+21,1.13902E+16,4.79581E+16
138112,138113,9,4,61,0,2016,5,17,6,3,3,2,0,0,1,0,0,0,1,0,6.36669E+20,5.52888E+21,1.0903E+16,4.98967E+16
138113,138114,9,7,61,0,2016,5,18,3,3,1,6,0,0,0,1,0,0,0,0,6.37605E+20,5.36076E+21,1.08586E+16,4.8385E+16
138114,138115,9,1,79,121,2016,6,16,5,3,0,7,0,0,1,0,0,0,0,0,6.67149E+20,5.34055E+21,1.12493E+16,4.81962E+16
138115,138116,9,1,80,117,2016,6,15,4,3,1,7,0,0,0,1,0,0,1,0,6.58049E+20,5.26196E+21,1.10983E+16,4.74919E+16
138116,138117,9,3,75,190,2016,6,10,6,3,5,3,0,0,0,1,0,1,0,0,7.28045E+20,5.44586E+21,1.21258E+16,4.91232E+16
138117,138118,9,5,64,0,2016,6,11,5,3,6,2,0,1,0,1,1,0,0,0,6.51794E+20,5.48089E+21,1.10948E+16,4.94617E+16
138118,138119,9,3,62,0,2016,6,13,5,3,5,2,0,1,1,0,0,0,0,1,7.29187E+20,5.4337E+21,1.21345E+16,4.90136E+16
138119,138120,9,7,72,147,2016,6,7,4,2,6,4,0,0,0,0,1,0,1,0,6.39023E+20,5.36433E+21,1.08789E+16,4.84168E+16
138120,138121,9,7,78,144,2016,6,7,5,3,0,7,0,1,1,0,0,0,0,0,5.91802E+20,5.30307E+21,1.02277E+16,4.78744E+16
138121,138122,9,6,62,0,2016,6,17,5,3,5,3,0,0,0,1,0,0,0,0,5.87346E+20,5.54484E+21,1.022E+16,5.00494E+16
138122,138123,9,1,73,112,2016,6,10,4,3,5,3,0,1,1,1,0,0,0,0,6.91282E+20,5.2927E+21,1.15525E+16,4.77593E+16
138123,138124,9,1,62,0,2016,6,12,6,3,0,5,0,1,1,1,0,0,0,0,6.84435E+20,5.33326E+21,1.14786E+16,4.81258E+16
138124,138125,9,1,83,148,2016,6,12,4,3,4,2,0,0,0,1,0,0,0,0,7.53612E+20,5.34528E+21,1.24139E+16,4.821E+16
138125,138126,9,1,87,154,2016,6,15,4,2,0,2,0,0,1,1,0,0,0,0,7.34641E+20,5.29781E+21,1.2133E+16,4.77909E+16
138126,138127,9,3,62,0,2016,6,8,5,3,6,4,0,1,0,1,1,0,0,0,7.26787E+20,5.43392E+21,1.21019E+16,4.90165E+16
138127,138128,9,6,61,0,2016,6,15,4,3,0,6,0,0,0,1,0,0,0,0,5.09459E+20,5.53696E+21,9.13195E+15,4.99849E+16
138128,138129,9,7,71,142,2016,6,16,6,3,5,3,0,0,1,1,0,0,0,0,6.46022E+20,5.35109E+21,1.09689E+16,4.82961E+16
138129,138130,9,7,73,182,2016,6,15,5,3,5,3,0,1,0,1,0,0,0,0,6.235E+20,5.37987E+21,1.06738E+16,4.85597E+16
138130,138131,9,1,87,150,2016,6,16,4,3,2,6,0,0,1,0,0,0,0,0,7.29589E+20,5.30417E+21,1.2069E+16,4.78498E+16
138131,138132,9,3,76,170,2016,6,11,6,3,5,2,0,0,0,1,0,0,0,0,7.24033E+20,5.45649E+21,1.20768E+16,4.92202E+16
138132,138133,9,1,62,0,2016,6,11,6,3,1,3,0,0,1,1,0,0,0,0,6.9079E+20,5.33475E+21,1.15646E+16,4.81374E+16
138133,138134,9,1,88,141,2016,6,13,6,2,0,7,0,0,0,0,0,1,0,0,6.68239E+20,5.31202E+21,1.12528E+16,4.79394E+16
138134,138135,9,7,61,0,2016,5,18,3,3,5,1,0,0,1,1,0,0,0,0,6.41474E+20,5.35855E+21,1.09101E+16,4.83643E+16
138135,138136,9,4,72,118,2016,6,9,4,3,5,3,0,0,0,1,0,0,0,0,6.75272E+20,5.50784E+21,1.14305E+16,4.96976E+16
138136,138137,9,6,63,0,2016,6,14,6,3,5,3,0,1,0,1,0,0,0,0,5.72099E+20,5.51631E+21,1.00018E+16,4.97949E+16
138137,138138,9,1,81,144,2016,6,2,5,2,7,1,2,0,1,0,0,0,0,0,6.5638E+20,5.32137E+21,1.10975E+16,4.80265E+16
138138,138139,9,5,64,0,2016,6,14,4,3,0,1,0,1,0,0,0,1,0,0,6.49927E+20,5.47864E+21,1.10682E+16,4.94419E+16
138139,138140,9,7,61,0,2016,6,10,6,3,0,7,0,0,1,0,0,0,0,0,6.35434E+20,5.35362E+21,1.0827E+16,4.83212E+16
138140,138141,9,6,73,114,2016,6,17,5,3,5,3,0,0,0,1,0,0,0,0,5.85829E+20,5.57492E+21,1.02057E+16,5.03201E+16
138141,138142,9,1,61,0,2016,6,17,4,3,2,6,0,0,0,1,0,0,0,0,6.74577E+20,5.40557E+21,1.13764E+16,4.87786E+16
138142,138143,9,5,64,0,2016,6,16,6,3,4,2,0,0,0,1,0,0,0,0,6.46032E+20,5.4797E+21,1.10149E+16,4.94524E+16
138143,138144,9,2,75,143,2016,6,1,6,3,8,1,2,1,0,1,0,0,0,0,8.11144E+20,5.36492E+21,1.32009E+16,4.83607E+16
138144,138145,9,5,64,0,2016,6,14,5,3,6,7,0,0,0,0,1,0,0,1,6.49645E+20,5.48029E+21,1.1065E+16,4.94569E+16
138145,138146,9,7,63,0,2016,6,18,6,3,5,3,0,1,0,1,0,0,0,0,6.01198E+20,5.2892E+21,1.03501E+16,4.77482E+16
138146,138147,9,1,77,133,2016,6,9,6,3,5,3,0,0,0,1,0,0,0,0,7.0645E+20,5.35948E+21,1.17869E+16,4.83547E+16
138147,138148,9,7,61,0,2016,5,16,3,3,2,2,0,0,0,1,0,1,0,0,6.40165E+20,5.35883E+21,1.08925E+16,4.83671E+16
138148,138149,9,3,73,113,2016,6,15,4,3,5,3,0,0,0,1,0,0,0,0,6.76666E+20,5.46802E+21,1.1432E+16,4.93393E+16
138149,138150,9,6,76,141,2016,6,15,6,2,4,1,0,1,0,1,0,0,0,0,5.15721E+20,5.51551E+21,9.21842E+15,4.97919E+16
138150,138151,9,1,77,117,2016,6,11,5,3,5,3,0,0,1,1,0,0,0,0,7.14923E+20,5.35236E+21,1.18975E+16,4.82879E+16
138151,138152,9,1,61,0,2016,6,18,4,3,5,3,0,0,1,1,0,0,0,0,6.77926E+20,5.40204E+21,1.14204E+16,4.8746E+16
138152,138153,9,4,71,140,2016,6,13,6,3,5,3,0,0,0,1,0,0,0,1,6.35044E+20,5.53269E+21,1.08817E+16,4.99313E+16
138153,138154,9,1,87,122,2016,6,18,6,3,8,2,0,1,0,1,0,0,0,0,7.21698E+20,5.3065E+21,1.19649E+16,4.78735E+16
138154,138155,9,5,64,0,2016,6,17,5,3,8,1,0,1,0,1,0,0,0,0,6.49227E+20,5.47916E+21,1.10588E+16,4.94468E+16
138155,138156,9,1,61,0,2016,6,13,4,3,6,7,0,0,0,0,1,0,0,1,6.78088E+20,5.40172E+21,1.14225E+16,4.8743E+16
138156,138157,9,4,75,168,2016,6,16,6,3,8,1,0,0,0,1,0,0,0,0,7.09809E+20,5.56301E+21,1.19389E+16,5.01821E+16
138157,138158,9,1,63,0,2016,6,7,6,3,6,4,0,0,0,1,1,0,0,0,7.31981E+20,5.3044E+21,1.21011E+16,4.7851E+16
138158,138159,9,1,62,0,2016,6,10,5,3,0,5,0,0,0,1,1,0,0,0,6.89106E+20,5.33493E+21,1.1542E+16,4.81395E+16
138159,138160,9,1,62,0,2016,6,0,4,3,7,1,2,1,1,1,0,0,0,0,6.91328E+20,5.33508E+21,1.15719E+16,4.81402E+16
138160,138161,9,6,63,0,2016,5,7,3,3,5,7,0,0,1,1,0,0,0,0,5.68705E+20,5.51669E+21,9.9547E+15,4.97987E+16
138161,138162,9,1,84,149,2016,6,17,5,3,5,3,0,0,1,0,0,0,1,0,6.91095E+20,5.35138E+21,1.15762E+16,4.82868E+16
138162,138163,9,1,84,136,2016,6,16,4,3,5,3,0,1,0,1,0,0,0,0,6.98301E+20,5.32654E+21,1.16616E+16,4.80613E+16
138163,138164,9,1,88,127,2016,6,7,4,3,8,1,0,1,0,1,0,0,0,0,6.76754E+20,5.32998E+21,1.13741E+16,4.80986E+16
138164,138165,9,3,62,0,2016,6,17,6,3,6,4,0,1,0,0,1,0,0,1,7.27202E+20,5.43399E+21,1.21075E+16,4.90169E+16
138165,138166,9,3,62,0,2016,6,5,5,2,1,6,1,1,0,1,0,0,0,0,7.29768E+20,5.43668E+21,1.21441E+16,4.90401E+16
138166,138167,9,7,61,0,2016,6,17,4,3,5,3,0,0,1,1,0,0,0,0,6.40562E+20,5.35339E+21,1.0896E+16,4.83181E+16
138167,138168,9,7,78,116,2016,6,12,5,2,0,1,0,0,0,0,0,1,0,0,6.17896E+20,5.3191E+21,1.05809E+16,4.80143E+16
138168,138169,9,6,62,0,2016,6,15,5,3,5,3,0,0,1,1,0,0,0,0,5.88339E+20,5.54501E+21,1.02339E+16,5.00508E+16
138169,138170,9,3,62,0,2016,6,12,5,3,3,6,0,1,0,1,0,0,0,0,7.28864E+20,5.43612E+21,1.21315E+16,4.90354E+16
138170,138171,9,1,62,0,2016,6,8,5,3,0,1,0,1,1,0,1,0,0,0,6.90405E+20,5.33552E+21,1.15597E+16,4.81444E+16
138171,138172,9,7,73,144,2016,6,7,4,3,5,3,0,0,0,1,0,0,0,0,6.04802E+20,5.38072E+21,1.04207E+16,4.85708E+16
138172,138173,9,1,62,0,2016,6,11,5,3,5,3,0,0,1,1,0,0,0,0,6.91325E+20,5.3367E+21,1.15726E+16,4.81547E+16
138173,138174,9,6,62,0,2016,6,19,5,3,1,6,0,0,0,1,0,0,0,0,5.89447E+20,5.5464E+21,1.02497E+16,5.00631E+16
138174,138175,9,1,62,0,2016,6,8,4,3,2,6,0,0,0,1,0,0,0,0,6.96106E+20,5.33523E+21,1.16362E+16,4.81401E+16
138175,138176,9,1,62,0,2016,6,10,6,3,5,2,0,0,0,1,0,1,0,0,6.90479E+20,5.33999E+21,1.15627E+16,4.81845E+16
138176,138177,9,1,78,145,2016,6,16,4,3,0,1,0,0,1,1,0,0,0,0,6.96587E+20,5.35447E+21,1.16516E+16,4.83129E+16
138177,138178,9,2,76,143,2016,6,8,5,2,2,6,0,0,0,1,0,0,0,0,7.92271E+20,5.43878E+21,1.2999E+16,4.90325E+16
138178,138179,9,5,64,0,2016,6,0,4,3,0,7,2,0,0,0,0,1,0,0,6.47487E+20,5.4753E+21,1.10333E+16,4.94125E+16
138179,138180,9,7,61,0,2016,6,13,6,3,0,1,0,1,0,0,0,1,0,0,6.38024E+20,5.35838E+21,1.08635E+16,4.83635E+16
138180,138181,9,6,78,176,2016,6,7,5,3,5,3,0,0,0,1,0,0,0,0,5.89295E+20,5.538E+21,1.02457E+16,4.99877E+16
138181,138182,9,7,71,165,2016,6,13,5,3,5,3,0,0,1,1,0,0,0,0,6.60287E+20,5.36293E+21,1.11656E+16,4.83991E+16
138182,138183,9,1,62,0,2016,5,19,3,3,5,3,0,1,0,1,0,1,0,0,6.88942E+20,5.33183E+21,1.15385E+16,4.81117E+16
138183,138184,9,2,63,0,2016,6,12,6,3,5,3,0,0,1,1,0,0,0,0,7.62755E+20,5.41967E+21,1.25837E+16,4.88742E+16
138184,138185,9,5,64,0,2016,6,6,5,3,5,3,0,0,0,1,0,0,0,0,6.54613E+20,5.47463E+21,1.11313E+16,4.94047E+16
138185,138186,9,1,62,0,2016,6,18,6,3,3,6,0,1,1,0,0,0,0,0,6.91208E+20,5.33405E+21,1.15699E+16,4.8131E+16
138186,138187,9,1,62,0,2016,5,11,3,3,2,6,0,0,0,1,0,0,0,0,6.91767E+20,5.33547E+21,1.1578E+16,4.81436E+16
138187,138188,9,1,62,0,2016,6,13,6,3,1,7,0,0,0,1,0,0,0,0,6.88511E+20,5.33431E+21,1.15338E+16,4.81341E+16
138188,138189,9,1,62,0,2016,5,11,3,3,9,1,0,0,0,0,0,1,0,0,6.91411E+20,5.33576E+21,1.15734E+16,4.81463E+16
138189,138190,9,1,62,0,2016,6,10,6,3,1,5,0,0,1,1,0,0,0,0,6.9089E+20,5.33673E+21,1.15668E+16,4.81551E+16
138190,138191,9,6,77,155,2016,5,17,3,2,5,3,0,0,1,0,0,0,0,0,5.41234E+20,5.53756E+21,9.57523E+15,4.99889E+16
138191,138192,9,5,77,177,2016,6,9,4,2,0,1,0,0,0,0,0,1,0,0,6.41126E+20,5.42987E+21,1.09297E+16,4.90056E+16
138192,138193,9,6,63,0,2016,6,12,6,3,0,6,0,1,0,1,0,1,0,0,5.68256E+20,5.51592E+21,9.94832E+15,4.97919E+16
138193,138194,9,1,62,0,2016,5,20,3,3,0,2,0,1,1,1,0,0,0,0,6.91957E+20,5.33616E+21,1.15809E+16,4.81497E+16
138194,138195,9,5,77,177,2016,6,14,6,3,6,7,0,0,1,0,1,0,0,0,6.44153E+20,5.43263E+21,1.09721E+16,4.90297E+16
138195,138196,9,1,73,133,2016,6,17,6,3,4,7,0,1,1,1,0,0,0,0,6.73864E+20,5.27345E+21,1.13126E+16,4.75911E+16
138196,138197,9,5,64,0,2016,6,17,5,3,0,1,0,0,0,0,0,1,0,0,6.49907E+20,5.47917E+21,1.10682E+16,4.94467E+16
138197,138198,9,7,62,0,2016,6,17,6,3,6,4,0,1,0,1,1,0,0,0,6.21307E+20,5.30394E+21,1.06224E+16,4.78773E+16
138198,138199,9,1,62,0,2016,6,9,5,3,5,3,0,1,0,1,0,1,0,0,6.87819E+20,5.33446E+21,1.15246E+16,4.81357E+16
138199,138200,9,6,75,141,2016,5,15,3,2,0,7,0,0,1,0,0,0,0,0,5.83305E+20,5.51012E+21,1.01561E+16,4.97378E+16
138200,138201,9,2,77,153,2016,6,10,4,3,0,1,0,1,1,1,0,0,0,0,7.78075E+20,5.36329E+21,1.27544E+16,4.83615E+16
138201,138202,9,1,88,144,2016,6,15,6,3,5,3,0,0,0,1,0,0,0,0,6.70135E+20,5.32501E+21,1.12833E+16,4.80556E+16
138202,138203,9,6,78,136,2016,5,10,3,3,1,5,0,0,1,1,0,0,0,0,5.85796E+20,5.53888E+21,1.01971E+16,4.99961E+16
138203,138204,9,4,62,0,2016,6,10,4,3,5,7,0,0,1,1,0,0,0,0,6.86017E+20,5.53547E+21,1.15926E+16,4.99426E+16
138204,138205,9,6,73,116,2016,6,12,6,3,5,3,0,1,0,1,0,1,0,0,5.85401E+20,5.58381E+21,1.02017E+16,5.04001E+16
138205,138206,9,1,84,112,2016,6,16,4,3,2,6,0,1,0,1,0,0,0,0,7.0159E+20,5.33835E+21,1.17113E+16,4.81664E+16
138206,138207,9,1,62,0,2016,5,7,3,3,2,6,0,0,0,1,0,0,0,0,6.92721E+20,5.3354E+21,1.15908E+16,4.81426E+16
138207,138208,9,4,63,0,2016,6,11,6,3,5,3,0,1,1,1,0,0,0,0,6.40251E+20,5.56911E+21,1.09676E+16,5.02574E+16
138208,138209,9,1,87,177,2016,6,19,6,3,0,1,1,1,0,0,0,1,0,0,7.37007E+20,5.30556E+21,1.21688E+16,4.78596E+16
138209,138210,9,2,71,141,2016,6,16,5,3,5,3,0,0,0,1,0,0,0,0,7.9504E+20,5.39733E+21,1.30069E+16,4.86593E+16
138210,138211,9,1,84,120,2016,6,11,5,3,0,2,0,0,0,1,1,0,0,0,6.81581E+20,5.33198E+21,1.14397E+16,4.81151E+16
138211,138212,9,7,75,142,2016,6,16,4,2,5,3,0,1,0,1,0,0,0,1,5.86683E+20,5.33483E+21,1.01657E+16,4.81608E+16
138212,138213,9,5,62,0,2016,5,7,3,3,5,6,0,0,1,0,0,0,0,0,6.44785E+20,5.49588E+21,1.10037E+16,4.95981E+16
138213,138214,9,1,62,0,2016,6,7,5,3,1,6,0,1,0,1,0,0,0,0,6.98371E+20,5.33476E+21,1.16664E+16,4.81351E+16
138214,138215,9,6,61,0,2016,6,18,5,3,1,5,0,0,1,1,0,0,0,0,5.10404E+20,5.53686E+21,9.14512E+15,4.9984E+16
138215,138216,9,1,62,0,2016,6,12,4,3,5,3,0,0,1,1,0,0,0,0,6.93833E+20,5.34029E+21,1.1608E+16,4.81862E+16
138216,138217,9,1,62,0,2016,5,18,3,3,0,6,0,1,0,0,0,1,0,0,6.91495E+20,5.33731E+21,1.15752E+16,4.81602E+16
138217,138218,9,5,63,0,2016,6,23,6,3,0,7,2,0,1,0,1,0,0,0,6.4514E+20,5.4842E+21,1.10043E+16,4.94931E+16
138218,138219,9,1,62,0,2016,6,7,4,3,6,4,0,0,0,1,1,0,0,0,6.87829E+20,5.33951E+21,1.15269E+16,4.81811E+16
138219,138220,9,1,62,0,2016,5,23,3,3,2,7,2,1,0,1,0,1,0,0,6.91525E+20,5.33542E+21,1.15747E+16,4.81432E+16
138220,138221,9,3,74,156,2016,6,21,6,3,8,1,2,1,0,1,0,0,0,0,7.16678E+20,5.51328E+21,1.2007E+16,4.9733E+16
138221,138222,9,1,87,179,2016,6,17,6,3,0,1,0,0,1,0,0,0,0,0,7.23839E+20,5.3098E+21,1.19952E+16,4.79025E+16
138222,138223,9,5,73,127,2016,6,18,5,3,2,4,0,0,0,1,1,0,0,0,6.46039E+20,5.4751E+21,1.10133E+16,4.9411E+16
138223,138224,9,2,71,132,2016,6,7,5,3,1,3,0,0,1,1,0,0,0,0,7.86928E+20,5.41934E+21,1.29124E+16,4.88605E+16
138224,138225,9,7,72,147,2016,6,16,4,3,0,5,0,0,1,1,0,0,0,0,6.39081E+20,5.36479E+21,1.08799E+16,4.84209E+16
138225,138226,9,7,75,152,2016,6,18,5,2,0,1,0,1,1,0,0,0,0,0,5.77793E+20,5.35292E+21,1.00495E+16,4.83247E+16
138226,138227,9,5,65,0,2016,6,8,5,3,5,3,0,0,0,1,0,0,0,0,6.49178E+20,5.4653E+21,1.10529E+16,4.93222E+16
138227,138228,9,1,62,0,2016,5,11,3,3,0,4,0,0,0,1,1,0,0,0,6.91099E+20,5.33071E+21,1.15669E+16,4.81009E+16
138228,138229,9,1,62,0,2016,6,16,6,3,5,3,0,0,0,1,0,1,0,0,6.87279E+20,5.33445E+21,1.15173E+16,4.81358E+16
138229,138230,9,1,62,0,2016,5,17,3,3,6,4,0,1,0,1,1,0,0,0,6.87442E+20,5.33977E+21,1.15218E+16,4.81835E+16
138230,138231,9,5,64,0,2016,6,16,4,3,5,3,0,1,1,1,0,0,0,0,6.49916E+20,5.47761E+21,1.10677E+16,4.94326E+16
138231,138232,9,7,61,0,2016,6,16,6,3,4,6,0,0,1,1,0,0,0,0,6.39698E+20,5.35736E+21,1.08857E+16,4.83539E+16
138232,138233,9,2,72,120,2016,6,12,5,2,0,7,0,1,0,0,0,1,0,1,8.23413E+20,5.42053E+21,1.34093E+16,4.88533E+16
138233,138234,9,6,76,145,2016,6,17,4,3,5,3,0,0,0,1,0,1,0,0,5.0978E+20,5.52064E+21,9.13601E+15,4.98381E+16