FID,OBJECTID,ULAND,UREGBEZ,UKREIS,UGEMEINDE,UJAHR,UMONAT,USTUNDE,UWOCHENTAG,UKATEGORIE,UART,UTYP1,ULICHTVERH,IstStrasse,IstRad,IstPKW,IstFuss,IstKrad,IstGkfz,IstSonstig,LINREFX,LINREFY,XGCSWGS84,YGCSWGS84
138234,138235,9,7,80,112,2016,6,16,5,3,1,5,0,0,1,0,0,0,1,0,5.94182E+20,5.2926E+21,1.02572E+16,4.77799E+16
138235,138236,9,1,84,148,2016,5,13,3,3,0,1,0,1,1,0,0,0,0,0,6.94873E+20,5.32638E+21,1.16156E+16,4.80609E+16
138236,138237,9,1,62,0,2016,6,9,6,3,3,6,0,0,0,1,0,0,0,0,6.9146E+20,5.33551E+21,1.15739E+16,4.8144E+16
138237,138238,9,1,85,149,2016,6,13,6,3,5,3,0,1,1,1,0,0,0,0,6.64472E+20,5.40087E+21,1.12371E+16,4.87391E+16
138238,138239,9,5,76,143,2016,5,13,3,3,5,3,0,0,1,1,0,0,0,0,6.51859E+20,5.45776E+21,1.10869E+16,4.92537E+16
138239,138240,9,4,78,139,2016,6,10,4,3,2,6,0,0,0,1,0,0,0,0,6.47461E+20,5.55625E+21,1.10637E+16,5.01401E+16
138240,138241,9,6,63,0,2016,6,16,6,3,0,1,0,1,0,0,0,1,0,0,5.67932E+20,5.51712E+21,9.94403E+15,4.98027E+16
138241,138242,9,1,62,0,2016,6,16,4,3,6,7,0,1,0,1,1,0,0,0,6.97952E+20,5.33294E+21,1.16599E+16,4.81189E+16
138242,138243,9,1,62,0,2016,5,18,3,3,3,2,0,0,1,0,0,0,0,1,6.98437E+20,5.33352E+21,1.16667E+16,4.8124E+16
138243,138244,9,5,75,112,2016,6,20,6,3,0,1,0,0,1,0,0,0,0,0,6.02688E+20,5.48472E+21,1.04184E+16,4.95064E+16
138244,138245,9,1,89,157,2016,6,7,6,3,5,3,0,0,0,1,0,0,0,0,7.65565E+20,5.32502E+21,1.25619E+16,4.80232E+16
138245,138246,9,6,63,0,2016,6,6,5,3,0,2,0,1,0,1,0,1,0,0,5.66754E+20,5.51569E+21,9.92742E+15,4.979E+16
138246,138247,9,1,62,0,2016,5,13,3,3,1,3,0,1,1,1,0,0,0,0,6.91861E+20,5.335E+21,1.15791E+16,4.81393E+16
138247,138248,9,5,63,0,2016,6,7,6,3,0,3,0,0,0,1,0,1,0,0,6.42118E+20,5.4807E+21,1.09613E+16,4.94623E+16
138248,138249,9,2,75,116,2016,6,17,6,3,5,7,0,0,1,0,0,0,0,1,8.19321E+20,5.36437E+21,1.33105E+16,4.83517E+16
138249,138250,9,5,73,125,2016,6,19,5,2,0,1,0,1,1,0,0,0,0,0,6.37083E+20,5.47165E+21,1.08887E+16,4.93821E+16
138250,138251,9,7,78,186,2016,6,17,6,2,0,1,0,0,0,0,0,1,0,0,5.95864E+20,5.31149E+21,1.02839E+16,4.79495E+16
138251,138252,9,1,74,121,2016,6,11,6,3,4,6,0,0,1,1,0,0,0,0,6.90102E+20,5.35323E+21,1.15636E+16,4.83037E+16
138252,138253,9,5,74,150,2016,5,8,3,3,5,3,0,0,0,1,0,0,0,0,6.71421E+20,5.48733E+21,1.13682E+16,4.95143E+16
138253,138254,9,3,62,0,2016,6,14,4,3,1,7,0,0,1,1,0,0,0,0,7.27671E+20,5.43922E+21,1.21169E+16,4.90637E+16
138254,138255,9,6,62,0,2016,6,14,6,3,2,2,0,1,0,1,0,0,0,0,5.86983E+20,5.54339E+21,1.02146E+16,5.00364E+16
138255,138256,9,1,62,0,2016,6,8,4,3,0,1,0,1,0,1,0,1,0,0,6.90411E+20,5.33559E+21,1.15599E+16,4.8145E+16
138256,138257,9,1,62,0,2016,5,8,3,3,3,6,0,0,0,1,0,0,0,0,6.92923E+20,5.33571E+21,1.15937E+16,4.81454E+16
138257,138258,9,4,62,0,2016,6,15,6,3,0,7,0,0,0,1,1,0,0,0,6.8631E+20,5.53514E+21,1.15966E+16,4.99395E+16
138258,138259,9,1,82,116,2016,6,14,6,2,0,1,0,1,1,0,0,0,0,0,7.02986E+20,5.29171E+21,1.1708E+16,4.77468E+16
138259,138260,9,5,77,177,2016,6,18,5,3,1,6,0,0,1,1,0,0,0,0,6.43913E+20,5.43252E+21,1.09688E+16,4.90288E+16
138260,138261,9,2,72,141,2016,6,13,5,2,8,7,0,0,0,0,0,0,0,1,8.32771E+20,5.409E+21,1.35272E+16,4.87449E+16
138261,138262,9,1,62,0,2016,6,2,5,2,6,2,2,0,0,1,1,0,0,0,6.91235E+20,5.3353E+21,1.15708E+16,4.81422E+16
138262,138263,9,7,79,194,2016,6,7,4,3,4,6,0,0,0,1,0,0,0,0,6.10018E+20,5.41297E+21,1.05E+16,4.886E+16
138263,138264,9,1,62,0,2016,6,23,5,3,4,3,2,1,0,1,0,0,0,0,6.90315E+20,5.3382E+21,1.15597E+16,4.81685E+16
138264,138265,9,5,64,0,2016,5,17,3,3,5,3,0,0,1,1,0,0,0,0,6.50178E+20,5.47922E+21,1.10719E+16,4.94471E+16
138265,138266,9,1,62,0,2016,6,7,4,3,5,3,0,0,1,1,0,0,0,0,6.86359E+20,5.33743E+21,1.15062E+16,4.81628E+16
138266,138267,9,7,75,135,2016,5,17,3,3,0,2,0,0,1,1,0,0,0,0,5.75381E+20,5.36077E+21,1.00183E+16,4.83956E+16
138267,138268,9,3,62,0,2016,6,14,6,3,5,2,0,0,1,1,0,0,0,0,7.23479E+20,5.43453E+21,1.2057E+16,4.90231E+16
138268,138269,9,5,71,165,2016,6,13,5,3,0,3,0,0,0,1,0,1,0,0,6.30072E+20,5.46568E+21,1.07902E+16,4.933E+16
138269,138270,9,1,87,145,2016,6,12,5,2,0,1,0,1,1,0,0,0,0,0,7.48425E+20,5.31639E+21,1.23274E+16,4.79526E+16
138270,138271,9,7,61,0,2016,6,15,4,3,3,2,0,0,1,1,0,0,0,0,6.39661E+20,5.35748E+21,1.08853E+16,4.8355E+16
138271,138272,9,7,74,135,2016,6,15,5,3,2,6,0,1,0,1,0,0,0,1,5.95341E+20,5.36743E+21,1.02894E+16,4.84528E+16
138272,138273,9,5,62,0,2016,6,7,5,3,4,2,0,0,1,1,0,0,0,0,6.44604E+20,5.49279E+21,1.1E+16,4.95704E+16
138273,138274,9,7,78,173,2016,5,16,3,3,4,6,0,0,1,1,0,0,0,0,6.10284E+20,5.32241E+21,1.04797E+16,4.80455E+16
138274,138275,9,1,62,0,2016,6,16,6,3,5,3,0,0,0,1,0,0,0,0,7.00557E+20,5.3326E+21,1.16947E+16,4.8115E+16
138275,138276,9,1,62,0,2016,6,12,5,3,2,6,0,1,0,1,0,0,0,0,6.91883E+20,5.3373E+21,1.15804E+16,4.816E+16
138276,138277,9,5,62,0,2016,6,18,5,3,0,7,0,0,0,1,0,0,0,0,6.42374E+20,5.49664E+21,1.09706E+16,4.96056E+16
138277,138278,9,1,62,0,2016,6,10,4,3,5,7,0,0,0,1,0,1,0,0,6.89964E+20,5.34316E+21,1.15572E+16,4.82132E+16
138278,138279,9,1,62,0,2016,6,20,6,3,1,6,0,1,0,1,0,0,0,0,6.9074E+20,5.3403E+21,1.15664E+16,4.81872E+16
138279,138280,9,7,64,0,2016,5,21,3,3,3,6,2,1,0,1,0,1,0,0,5.87568E+20,5.31568E+21,1.01737E+16,4.79884E+16
138280,138281,9,1,76,164,2016,6,19,5,2,9,3,0,0,1,1,0,0,0,0,6.61578E+20,5.4293E+21,1.1209E+16,4.89954E+16
138281,138282,9,6,71,111,2016,6,20,4,3,1,7,0,1,0,1,0,0,0,0,5.06931E+20,5.54877E+21,9.09689E+15,5.00912E+16
138282,138283,9,7,71,122,2016,6,7,6,3,1,6,0,0,0,1,0,0,0,1,6.51583E+20,5.36088E+21,1.10473E+16,4.83829E+16
138283,138284,9,7,61,0,2016,6,11,5,3,6,4,0,1,0,1,1,0,0,0,6.4175E+20,5.3582E+21,1.09137E+16,4.83611E+16
138284,138285,9,7,75,162,2016,5,17,3,2,5,2,0,0,1,1,0,0,0,0,5.80196E+20,5.34782E+21,1.00809E+16,4.82785E+16
138285,138286,9,3,71,150,2016,6,12,6,3,5,3,0,1,0,1,0,1,0,0,7.17027E+20,5.49246E+21,1.20003E+16,4.95458E+16
138286,138287,9,1,62,0,2016,6,19,6,3,6,4,0,1,0,1,1,0,0,0,6.91673E+20,5.33435E+21,1.15763E+16,4.81336E+16
138287,138288,9,1,81,130,2016,6,17,6,3,4,1,0,1,0,1,0,0,0,0,6.39216E+20,5.32434E+21,1.08684E+16,4.80572E+16
138288,138289,9,5,64,0,2016,5,22,3,3,5,3,2,0,0,1,0,0,0,0,6.48993E+20,5.47469E+21,1.10539E+16,4.94067E+16
138289,138290,9,7,74,148,2016,5,13,3,2,4,6,0,0,1,0,0,0,0,1,5.94441E+20,5.36229E+21,1.02761E+16,4.84067E+16
138290,138291,9,1,88,139,2016,6,10,5,3,0,1,0,1,1,0,0,0,0,0,6.72956E+20,5.31887E+21,1.13186E+16,4.79997E+16
138291,138292,9,5,64,0,2016,6,13,4,3,1,5,0,0,1,1,0,0,0,0,6.52301E+20,5.48103E+21,1.11019E+16,4.94628E+16
138292,138293,9,7,61,0,2016,6,11,6,3,6,7,0,0,0,1,1,0,0,0,6.40441E+20,5.35902E+21,1.08963E+16,4.83687E+16
138293,138294,9,7,74,171,2016,5,13,3,2,0,7,0,0,0,0,0,0,0,1,6.00871E+20,5.37137E+21,1.03652E+16,4.84873E+16
138294,138295,9,5,73,134,2016,6,22,6,3,5,3,2,0,0,1,0,0,0,0,6.41404E+20,5.47846E+21,1.09507E+16,4.94423E+16
138295,138296,9,1,73,126,2016,6,18,6,3,5,3,0,1,0,1,0,0,0,0,6.85903E+20,5.30318E+21,1.14853E+16,4.7855E+16
138296,138297,9,4,75,154,2016,6,7,5,3,0,7,0,0,0,1,0,0,0,0,6.97569E+20,5.56436E+21,1.17684E+16,5.01984E+16
138297,138298,9,7,77,144,2016,6,15,6,3,5,3,0,0,1,1,0,0,0,0,6.10097E+20,5.29274E+21,1.04697E+16,4.77786E+16
138298,138299,9,1,78,120,2016,6,15,6,3,4,5,0,0,0,1,0,0,1,0,6.95287E+20,5.35329E+21,1.16335E+16,4.83026E+16
138299,138300,9,5,64,0,2016,5,15,3,3,5,3,0,0,0,0,0,1,0,1,6.51305E+20,5.47954E+21,1.10876E+16,4.94497E+16
138300,138301,9,2,63,0,2016,6,17,4,3,1,3,0,1,0,1,0,0,0,1,7.63359E+20,5.42095E+21,1.25927E+16,4.88855E+16
138301,138302,9,5,62,0,2016,6,8,6,3,4,2,0,0,1,1,0,0,0,0,6.45504E+20,5.49518E+21,1.10133E+16,4.95917E+16
138302,138303,9,1,62,0,2016,6,6,4,3,4,6,0,0,0,1,0,0,0,0,6.86345E+20,5.34131E+21,1.15078E+16,4.81977E+16
138303,138304,9,4,62,0,2016,6,13,4,3,3,6,0,0,0,1,0,0,0,0,6.86438E+20,5.53746E+21,1.15995E+16,4.99603E+16
138304,138305,9,6,77,146,2016,6,16,6,2,0,7,0,1,1,0,0,0,0,0,5.45851E+20,5.52407E+21,9.63803E+15,4.98673E+16
138305,138306,9,1,62,0,2016,6,8,4,3,5,2,0,0,1,1,0,0,0,0,6.88829E+20,5.33561E+21,1.15386E+16,4.81457E+16
138306,138307,9,7,80,112,2016,5,21,3,3,0,7,2,0,1,0,0,0,0,0,5.90543E+20,5.29509E+21,1.02092E+16,4.78028E+16
138307,138308,9,4,64,0,2016,6,14,6,3,6,7,0,0,0,1,1,0,0,0,7.07452E+20,5.57613E+21,1.19131E+16,5.03008E+16
138308,138309,9,1,87,181,2016,6,8,6,3,8,1,0,0,0,1,0,0,0,0,7.36421E+20,5.31235E+21,1.21647E+16,4.79209E+16
138309,138310,9,1,62,0,2016,6,15,5,3,2,7,0,1,1,1,0,0,0,0,6.92043E+20,5.33495E+21,1.15815E+16,4.81388E+16
138310,138311,9,7,64,0,2016,6,16,4,3,5,2,0,0,1,1,0,0,0,0,5.88388E+20,5.31739E+21,1.0185E+16,4.80037E+16
138311,138312,9,5,64,0,2016,5,22,3,3,3,6,2,0,0,1,0,1,0,0,6.51429E+20,5.4793E+21,1.10892E+16,4.94474E+16
138312,138313,9,1,62,0,2016,6,13,5,3,2,6,0,1,0,1,0,0,0,0,6.89228E+20,5.34012E+21,1.1546E+16,4.81861E+16
138313,138314,9,1,62,0,2016,6,21,4,3,5,3,2,1,0,1,0,0,0,0,6.9198E+20,5.33232E+21,1.15794E+16,4.81151E+16
138314,138315,9,7,63,0,2016,5,7,3,2,0,7,0,0,1,0,0,0,0,0,5.99071E+20,5.2838E+21,1.03205E+16,4.77E+16
138315,138316,9,3,76,153,2016,6,13,6,3,1,5,0,0,0,1,1,0,0,0,7.29272E+20,5.48636E+21,1.21658E+16,4.94865E+16
138316,138317,9,1,79,126,2016,6,13,5,3,0,2,0,1,1,1,0,0,0,0,6.77473E+20,5.34015E+21,1.1388E+16,4.81898E+16
138317,138318,9,7,80,139,2016,5,11,3,2,0,1,0,0,1,0,0,0,0,0,5.96122E+20,5.26292E+21,1.02766E+16,4.75126E+16
138318,138319,9,4,61,0,2016,6,8,6,3,0,1,0,1,0,0,0,1,0,0,6.36963E+20,5.5282E+21,1.09068E+16,4.98905E+16
138319,138320,9,1,87,150,2016,6,13,6,3,5,3,0,0,1,1,0,0,0,0,7.28606E+20,5.30337E+21,1.20555E+16,4.7843E+16
138320,138321,9,4,78,139,2016,6,7,5,3,0,1,0,0,1,0,0,0,0,0,6.47899E+20,5.55711E+21,1.10701E+16,5.01478E+16
138321,138322,9,1,79,126,2016,6,15,5,2,0,7,0,1,1,0,0,0,0,0,6.75957E+20,5.34167E+21,1.13682E+16,4.82038E+16
138322,138323,9,1,84,149,2016,6,7,5,3,2,6,0,1,0,1,0,0,0,0,6.91302E+20,5.3496E+21,1.15781E+16,4.82707E+16
138323,138324,9,7,61,0,2016,6,13,4,3,5,3,0,0,0,1,0,1,0,0,6.38482E+20,5.35943E+21,1.087E+16,4.83728E+16
138324,138325,9,1,62,0,2016,6,18,5,3,0,7,0,1,0,0,0,1,0,0,6.91566E+20,5.33528E+21,1.15752E+16,4.81419E+16
138325,138326,9,5,74,138,2016,6,20,5,3,0,1,0,0,1,0,0,0,0,0,6.65319E+20,5.48627E+21,1.12836E+16,4.95065E+16
138326,138327,9,1,62,0,2016,6,8,4,3,1,7,0,0,0,1,0,0,0,0,6.92327E+20,5.33777E+21,1.15866E+16,4.81641E+16
138327,138328,9,1,62,0,2016,6,7,6,3,5,3,0,0,1,1,0,0,0,0,6.83453E+20,5.33622E+21,1.14667E+16,4.81528E+16
138328,138329,9,7,62,0,2016,5,16,3,2,6,4,0,0,0,1,1,0,0,0,6.22107E+20,5.30464E+21,1.06333E+16,4.78835E+16
138329,138330,9,1,79,121,2016,6,20,5,3,5,3,0,1,1,1,0,0,0,0,6.66865E+20,5.33886E+21,1.12449E+16,4.81811E+16
138330,138331,9,5,64,0,2016,6,9,4,2,6,4,0,0,0,1,1,0,0,0,6.5008E+20,5.48208E+21,1.10716E+16,4.94728E+16
138331,138332,9,7,61,0,2016,6,12,6,3,4,4,0,0,0,1,1,0,0,0,6.41716E+20,5.35355E+21,1.09117E+16,4.83193E+16
138332,138333,9,6,79,200,2016,6,18,5,3,5,3,0,0,0,1,0,1,0,0,5.58106E+20,5.52332E+21,9.80843E+15,4.98595E+16
138333,138334,9,7,80,124,2016,5,22,3,3,8,1,2,0,0,1,0,1,0,0,5.91801E+20,5.26851E+21,1.02204E+16,4.75635E+16
138334,138335,9,6,63,0,2016,6,9,4,3,0,1,0,1,1,0,0,0,0,0,5.68032E+20,5.51712E+21,9.94542E+15,4.98027E+16
138335,138336,9,7,63,0,2016,6,21,5,3,6,4,2,0,0,1,1,0,0,0,5.98556E+20,5.28614E+21,1.03141E+16,4.77211E+16
138336,138337,9,7,79,228,2016,5,8,3,3,0,7,0,0,0,1,0,0,0,1,6.26402E+20,5.41518E+21,1.07239E+16,4.88767E+16
138337,138338,9,1,62,0,2016,6,14,6,3,0,5,0,0,1,1,0,0,0,0,6.90281E+20,5.33569E+21,1.15582E+16,4.8146E+16
138338,138339,9,1,62,0,2016,6,18,6,3,5,2,0,1,1,1,0,0,0,0,6.91574E+20,5.33262E+21,1.15741E+16,4.8118E+16
138339,138340,9,5,64,0,2016,5,9,3,3,8,1,0,0,0,1,0,0,0,1,6.54707E+20,5.48334E+21,1.11359E+16,4.9483E+16
138340,138341,9,4,79,152,2016,6,10,4,3,0,7,0,0,0,0,0,1,0,0,7.23304E+20,5.56267E+21,1.21274E+16,5.01741E+16
138341,138342,9,6,63,0,2016,6,15,6,3,0,1,0,1,1,0,0,0,0,0,5.63439E+20,5.51727E+21,9.88162E+15,4.98045E+16
138342,138343,9,7,72,163,2016,5,19,3,3,0,3,0,0,1,1,0,0,0,0,6.39801E+20,5.34944E+21,1.08845E+16,4.82827E+16
138343,138344,9,5,77,177,2016,6,16,6,2,6,2,0,1,0,1,1,0,0,0,6.4385E+20,5.43253E+21,1.09679E+16,4.90289E+16
138344,138345,9,1,83,148,2016,6,15,6,3,8,7,0,0,1,0,0,0,0,0,7.52132E+20,5.34522E+21,1.2394E+16,4.82101E+16
138345,138346,9,4,72,116,2016,6,17,5,3,2,6,0,0,0,0,0,0,1,0,6.89821E+20,5.54664E+21,1.16511E+16,5.00418E+16
138346,138347,9,7,80,132,2016,6,17,6,3,5,7,0,0,0,1,0,0,0,0,5.835E+20,5.26756E+21,1.01099E+16,4.75561E+16
138347,138348,9,1,62,0,2016,6,18,5,3,2,6,0,1,0,1,0,1,0,0,6.95694E+20,5.33383E+21,1.163E+16,4.81276E+16
138348,138349,9,2,75,127,2016,6,13,6,2,8,7,0,0,0,0,0,0,0,1,8.07041E+20,5.39822E+21,1.31701E+16,4.86614E+16
138349,138350,9,4,62,0,2016,6,17,5,3,0,1,0,1,1,0,0,0,0,0,6.84611E+20,5.53538E+21,1.1573E+16,4.99422E+16
138350,138351,9,7,75,135,2016,6,12,6,3,0,7,0,1,1,0,0,0,0,0,5.74353E+20,5.36109E+21,1.00045E+16,4.83986E+16
138351,138352,9,1,79,121,2016,6,7,6,3,5,2,0,0,1,1,0,0,0,0,6.67946E+20,5.33797E+21,1.1259E+16,4.81728E+16
138352,138353,9,5,64,0,2016,5,19,3,3,0,1,0,0,1,0,0,0,0,0,6.49198E+20,5.47782E+21,1.10579E+16,4.94347E+16
138353,138354,9,3,75,190,2016,6,7,4,3,2,6,0,0,0,1,0,0,0,0,7.27865E+20,5.44687E+21,1.21239E+16,4.91324E+16
138354,138355,9,6,72,114,2016,6,13,6,3,2,7,0,0,0,1,0,0,1,0,5.75755E+20,5.5603E+21,1.00612E+16,5.019E+16
138355,138356,9,1,62,0,2016,6,19,4,3,5,3,0,0,1,1,0,0,0,0,6.91817E+20,5.33465E+21,1.15783E+16,4.81361E+16
138356,138357,9,4,78,139,2016,6,14,6,3,5,3,0,1,0,1,0,0,0,0,6.47884E+20,5.55615E+21,1.10695E+16,5.01391E+16
138357,138358,9,1,63,0,2016,6,18,6,3,5,3,0,0,0,1,0,0,0,0,7.31507E+20,5.30425E+21,1.20947E+16,4.78499E+16
138358,138359,9,3,77,145,2016,6,7,5,3,4,2,0,0,0,1,0,0,0,0,7.25806E+20,5.54052E+21,1.21494E+16,4.99743E+16
138359,138360,9,1,79,119,2016,6,7,5,3,2,6,0,1,0,1,0,0,0,1,6.69039E+20,5.33924E+21,1.12742E+16,4.81839E+16
138360,138361,9,1,62,0,2016,6,19,5,3,5,3,0,0,0,1,0,1,0,0,6.89916E+20,5.33613E+21,1.15534E+16,4.815E+16
138361,138362,9,7,77,144,2016,6,8,4,2,4,1,0,1,0,1,0,0,0,0,6.09313E+20,5.29083E+21,1.04587E+16,4.77615E+16
138362,138363,9,5,64,0,2016,5,6,3,3,5,3,0,0,0,1,0,0,0,0,6.50164E+20,5.47921E+21,1.10717E+16,4.9447E+16
138363,138364,9,1,62,0,2016,6,11,5,3,1,5,0,0,0,1,0,0,0,0,6.90152E+20,5.33371E+21,1.15555E+16,4.81282E+16
138364,138365,9,3,61,0,2016,6,16,7,3,6,7,0,0,1,0,1,0,0,0,7.07173E+20,5.48091E+21,1.18582E+16,4.94455E+16
138365,138366,9,3,62,0,2016,6,17,2,3,1,6,0,0,0,1,0,0,0,0,7.28331E+20,5.43538E+21,1.21238E+16,4.9029E+16
138366,138367,9,5,72,111,2016,6,19,1,3,5,3,0,0,0,1,0,1,0,0,6.36851E+20,5.50847E+21,1.08983E+16,4.97132E+16
138367,138368,9,1,84,149,2016,6,15,2,3,4,6,1,0,1,0,0,0,0,0,6.91525E+20,5.3516E+21,1.1582E+16,4.82886E+16
138368,138369,9,1,62,0,2016,6,20,2,3,1,6,0,0,0,1,0,0,0,0,6.92563E+20,5.33544E+21,1.15887E+16,4.8143E+16
138369,138370,9,5,75,112,2016,6,19,7,2,9,1,0,0,0,1,0,0,0,0,6.01971E+20,5.48716E+21,1.04091E+16,4.95284E+16
138370,138371,9,3,72,126,2016,6,21,3,3,5,3,1,1,0,1,0,0,0,0,7.78114E+20,5.46901E+21,1.28266E+16,4.93104E+16
138371,138372,9,7,73,144,2016,6,14,2,3,5,2,0,0,0,1,1,0,0,0,6.05777E+20,5.381E+21,1.0434E+16,4.85731E+16
138372,138373,9,1,63,0,2016,6,17,2,3,3,6,0,0,1,1,0,0,0,0,7.33394E+20,5.30444E+21,1.212E+16,4.78509E+16
138373,138374,9,5,74,138,2016,6,13,2,3,5,3,0,0,1,1,0,0,0,0,6.64072E+20,5.48721E+21,1.12667E+16,4.95153E+16
138374,138375,9,1,62,0,2016,6,16,2,3,8,7,0,0,0,1,0,0,0,0,6.90151E+20,5.33743E+21,1.15572E+16,4.81617E+16
138375,138376,9,5,62,0,2016,6,19,1,3,5,3,0,0,1,0,0,0,0,0,6.44831E+20,5.49571E+21,1.10042E+16,4.95966E+16
138376,138377,9,2,75,128,2016,6,15,3,3,0,1,0,0,0,0,0,1,0,0,8.30175E+20,5.40134E+21,1.34858E+16,4.86777E+16
138377,138378,9,1,62,0,2016,6,13,7,3,5,3,0,0,1,1,0,0,0,0,6.94021E+20,5.33412E+21,1.16077E+16,4.81307E+16
138378,138379,9,5,64,0,2016,6,20,1,3,6,4,0,0,0,1,1,0,0,0,6.48581E+20,5.479E+21,1.10498E+16,4.94455E+16
138379,138380,9,3,73,114,2016,6,14,7,2,7,1,0,0,1,0,0,0,1,0,6.75022E+20,5.45809E+21,1.14051E+16,4.92506E+16
138380,138381,9,5,73,134,2016,10,10,4,3,5,3,0,0,0,1,0,0,0,0,6.41636E+20,5.47942E+21,1.09542E+16,4.94509E+16
138381,138382,9,4,77,128,2016,6,19,7,3,8,1,0,0,0,1,0,0,0,0,6.75492E+20,5.55375E+21,1.14545E+16,5.01101E+16
138382,138383,9,7,72,167,2016,6,9,2,2,0,7,0,0,1,0,0,0,0,0,6.25503E+20,5.35518E+21,1.06935E+16,4.83373E+16
138383,138384,9,1,87,114,2016,6,19,2,2,4,6,0,0,1,1,0,0,0,0,7.49926E+20,5.29663E+21,1.23361E+16,4.77745E+16
138384,138385,9,1,87,114,2016,6,12,3,2,5,3,0,0,1,1,0,0,0,0,7.48772E+20,5.29702E+21,1.23209E+16,4.77785E+16
138385,138386,9,5,64,0,2016,6,11,2,3,0,6,0,0,0,1,0,0,0,1,6.4951E+20,5.47947E+21,1.10628E+16,4.94494E+16
138386,138387,9,5,77,114,2016,6,14,1,2,0,7,0,0,0,0,0,1,0,0,6.25842E+20,5.44547E+21,1.07257E+16,4.91491E+16
138387,138388,9,2,73,116,2016,6,17,3,3,5,2,0,0,1,1,0,0,0,0,7.19862E+20,5.42226E+21,1.2001E+16,4.89142E+16
138388,138389,9,7,79,131,2016,6,12,7,3,5,3,0,0,0,1,0,1,0,0,6.28597E+20,5.39728E+21,1.07483E+16,4.87152E+16
138389,138390,9,3,61,0,2016,6,18,7,3,0,1,0,0,1,0,0,0,0,0,7.09174E+20,5.47919E+21,1.18849E+16,4.94294E+16
138390,138391,9,1,87,165,2016,6,17,2,3,4,6,0,0,1,1,0,0,0,0,7.29926E+20,5.29869E+21,1.20706E+16,4.78005E+16
138391,138392,9,1,88,121,2016,6,11,3,3,0,7,0,0,1,1,0,0,0,0,6.70889E+20,5.33011E+21,1.12954E+16,4.81013E+16
138392,138393,9,3,62,0,2016,6,17,2,2,0,3,0,0,1,1,0,0,0,0,7.2759E+20,5.4344E+21,1.21131E+16,4.90204E+16
138393,138394,9,1,87,169,2016,6,19,2,3,5,3,0,0,0,1,0,0,0,0,7.41969E+20,5.29839E+21,1.2231E+16,4.77934E+16
138394,138395,9,1,61,0,2016,6,9,3,3,5,3,0,0,0,1,0,0,1,0,6.77691E+20,5.40407E+21,1.14181E+16,4.87642E+16
138395,138396,9,1,62,0,2016,6,11,2,3,5,3,0,0,1,1,0,0,0,0,6.86488E+20,5.33836E+21,1.15084E+16,4.81711E+16
138396,138397,9,4,63,0,2016,6,15,1,2,8,7,0,0,0,0,0,1,0,0,6.43347E+20,5.56957E+21,1.10112E+16,5.02608E+16
138397,138398,9,1,75,122,2016,6,17,3,3,5,3,0,0,1,1,0,0,0,0,7.20649E+20,5.32579E+21,1.19608E+16,4.80472E+16
138398,138399,9,1,62,0,2016,6,16,2,3,5,2,0,0,1,1,0,0,0,0,6.92824E+20,5.33537E+21,1.15922E+16,4.81423E+16
138399,138400,9,1,89,155,2016,6,12,3,2,0,7,0,0,1,0,0,0,0,0,7.71244E+20,5.30842E+21,1.26275E+16,4.78718E+16
138400,138401,9,6,77,178,2016,6,16,7,2,9,1,0,0,0,0,0,1,0,0,5.46582E+20,5.52906E+21,9.64879E+15,4.99121E+16
138401,138402,9,3,71,136,2016,6,21,7,3,6,7,0,0,0,1,1,0,0,0,7.0896E+20,5.47825E+21,1.18814E+16,4.9421E+16
138402,138403,9,1,87,122,2016,6,17,2,3,5,6,0,0,1,1,0,0,0,0,7.19631E+20,5.30667E+21,1.19374E+16,4.78758E+16
138403,138404,9,1,77,117,2016,6,15,3,2,0,2,0,0,1,0,0,1,0,0,7.16264E+20,5.35435E+21,1.19165E+16,4.83054E+16
138404,138405,9,3,62,0,2016,6,12,2,3,6,4,0,0,0,1,1,0,0,0,7.27725E+20,5.43311E+21,1.21142E+16,4.90088E+16
138405,138406,9,4,72,179,2016,6,13,1,3,8,1,0,0,0,1,0,0,0,0,6.73372E+20,5.5164E+21,1.1408E+16,4.9775E+16
138406,138407,9,1,62,0,2016,6,15,2,3,6,3,0,0,0,1,1,0,0,0,6.86816E+20,5.33485E+21,1.15112E+16,4.81395E+16
138407,138408,9,1,62,0,2016,6,13,2,3,5,2,0,0,1,1,0,0,0,0,6.9218E+20,5.33492E+21,1.15833E+16,4.81385E+16
138408,138409,9,5,64,0,2016,6,9,7,3,3,3,0,0,0,1,0,1,0,0,6.53819E+20,5.47882E+21,1.11219E+16,4.94426E+16
138409,138410,9,4,61,0,2016,6,22,3,3,5,2,2,0,1,1,0,0,0,0,6.3525E+20,5.52898E+21,1.08833E+16,4.98979E+16
138410,138411,9,4,72,119,2016,6,14,1,3,1,6,0,0,0,1,0,1,0,0,6.84594E+20,5.54077E+21,1.15754E+16,4.99907E+16