FID,OBJECTID,ULAND,UREGBEZ,UKREIS,UGEMEINDE,UJAHR,UMONAT,USTUNDE,UWOCHENTAG,UKATEGORIE,UART,UTYP1,ULICHTVERH,IstStrasse,IstRad,IstPKW,IstFuss,IstKrad,IstGkfz,IstSonstig,LINREFX,LINREFY,XGCSWGS84,YGCSWGS84
138411,138412,9,1,62,0,2016,6,17,2,3,3,6,0,0,1,0,0,0,0,0,6.92297E+20,5.33741E+21,1.1586E+16,4.81608E+16
138412,138413,9,5,62,0,2016,6,14,7,3,5,3,0,0,1,1,0,0,0,0,6.42176E+20,5.49424E+21,1.0967E+16,4.9584E+16
138413,138414,9,4,63,0,2016,6,11,3,2,6,4,0,0,0,1,1,0,0,0,6.40175E+20,5.56938E+21,1.09666E+16,5.02599E+16
138414,138415,9,1,87,122,2016,6,8,2,3,9,1,0,0,0,1,0,0,0,0,7.16676E+20,5.30601E+21,1.18976E+16,4.78708E+16
138415,138416,9,2,75,141,2016,6,12,7,2,5,3,0,0,1,1,0,0,0,0,8.1997E+20,5.37015E+21,1.33237E+16,4.84032E+16
138416,138417,9,5,64,0,2016,6,6,2,3,5,3,0,0,1,1,0,0,0,0,6.50709E+20,5.4783E+21,1.10789E+16,4.94386E+16
138417,138418,9,3,62,0,2016,6,17,2,3,4,3,0,0,1,1,0,0,0,0,7.28109E+20,5.43276E+21,1.21193E+16,4.90055E+16
138418,138419,9,4,72,199,2016,6,16,1,3,7,3,0,1,1,0,0,0,0,1,6.90212E+20,5.53748E+21,1.1652E+16,4.99593E+16
138419,138420,9,1,62,0,2016,6,18,2,2,6,7,0,0,1,0,1,0,0,0,6.82812E+20,5.33476E+21,1.14574E+16,4.81398E+16
138420,138421,9,4,78,165,2016,6,17,7,2,5,3,0,1,0,1,0,1,0,0,6.42502E+20,5.55153E+21,1.09926E+16,5.00989E+16
138421,138422,9,3,76,161,2016,6,16,3,3,5,3,0,0,1,1,0,0,0,0,7.2538E+20,5.46777E+21,1.21016E+16,4.9321E+16
138422,138423,9,7,61,0,2016,6,12,2,3,2,6,0,0,0,1,0,0,1,0,6.37156E+20,5.36081E+21,1.08525E+16,4.83855E+16
138423,138424,9,1,61,0,2016,6,15,2,2,0,7,0,0,1,0,0,0,0,0,6.78324E+20,5.40401E+21,1.14267E+16,4.87636E+16
138424,138425,9,5,64,0,2016,6,5,2,3,4,7,1,0,0,1,0,1,0,0,6.53963E+20,5.4788E+21,1.11239E+16,4.94424E+16
138425,138426,9,1,62,0,2016,6,13,2,3,5,2,0,0,0,1,0,0,0,0,6.90325E+20,5.33587E+21,1.15588E+16,4.81476E+16
138426,138427,9,7,61,0,2016,6,11,2,3,0,1,0,0,1,0,0,0,0,0,6.37441E+20,5.36079E+21,1.08564E+16,4.83853E+16
138427,138428,9,1,61,0,2016,6,15,2,3,2,6,0,0,0,1,0,0,0,0,6.77998E+20,5.40526E+21,1.14228E+16,4.87749E+16
138428,138429,9,5,64,0,2016,6,12,2,3,2,6,0,0,0,1,0,1,0,0,6.46639E+20,5.48087E+21,1.10237E+16,4.94628E+16
138429,138430,9,1,62,0,2016,6,10,2,3,5,2,0,0,1,1,0,0,0,0,6.89527E+20,5.33606E+21,1.15482E+16,4.81495E+16
138430,138431,9,3,62,0,2016,6,17,2,3,2,6,0,0,1,1,0,0,0,0,7.23983E+20,5.43506E+21,1.20642E+16,4.90277E+16
138431,138432,9,2,76,144,2016,6,15,3,3,6,7,0,0,0,1,1,0,0,0,7.83737E+20,5.44367E+21,1.28859E+16,4.90804E+16
138432,138433,9,4,62,0,2016,6,14,1,3,2,6,0,0,0,1,0,0,0,0,6.8702E+20,5.53507E+21,1.16064E+16,4.99386E+16
138433,138434,9,4,62,0,2016,6,15,7,3,6,7,0,0,1,0,1,0,0,0,6.84822E+20,5.53558E+21,1.15761E+16,4.99439E+16
138434,138435,9,7,61,0,2016,6,14,2,3,2,6,0,0,0,1,0,1,0,0,6.39283E+20,5.36134E+21,1.08814E+16,4.83899E+16
138435,138436,9,1,79,134,2016,6,19,2,2,5,2,0,0,1,0,0,0,0,0,6.66714E+20,5.3467E+21,1.12459E+16,4.82516E+16
138436,138437,9,1,61,0,2016,6,13,3,3,4,2,0,0,1,1,0,0,0,0,6.74928E+20,5.40479E+21,1.13808E+16,4.87715E+16
138437,138438,9,1,62,0,2016,6,14,2,3,0,2,0,0,0,1,0,1,0,0,6.85421E+20,5.33811E+21,1.14939E+16,4.81692E+16
138438,138439,9,5,64,0,2016,6,14,2,1,5,3,0,0,1,1,0,0,0,0,6.46878E+20,5.48228E+21,1.10275E+16,4.94754E+16
138439,138440,9,3,75,130,2016,6,12,1,3,0,6,0,0,1,1,0,0,0,0,7.3459E+20,5.43573E+21,1.22095E+16,4.90298E+16
138440,138441,9,1,62,0,2016,6,8,2,3,5,2,0,0,1,1,0,0,0,0,6.92673E+20,5.33481E+21,1.15899E+16,4.81373E+16
138441,138442,9,2,73,164,2016,6,14,3,3,4,6,0,0,1,0,0,0,0,0,6.96539E+20,5.4272E+21,1.16854E+16,4.89664E+16
138442,138443,9,7,72,163,2016,6,13,7,3,5,3,0,0,1,1,0,0,0,0,6.40498E+20,5.34954E+21,1.08939E+16,4.82834E+16
138443,138444,9,3,62,0,2016,6,5,1,3,5,3,2,0,0,1,0,1,0,0,7.27328E+20,5.43283E+21,1.21086E+16,4.90064E+16
138444,138445,9,2,74,182,2016,6,13,3,3,2,6,0,0,0,1,0,0,0,0,7.27596E+20,5.37541E+21,1.20806E+16,4.84906E+16
138445,138446,9,1,62,0,2016,6,16,7,3,1,7,0,1,1,1,0,0,0,0,6.92569E+20,5.33513E+21,1.15886E+16,4.81403E+16
138446,138447,9,3,62,0,2016,6,17,1,3,5,3,0,0,0,1,0,0,0,0,7.28696E+20,5.43233E+21,1.2127E+16,4.90014E+16
138447,138448,9,3,76,168,2016,6,16,7,2,5,3,0,0,0,1,0,1,0,0,7.29741E+20,5.46461E+21,1.21597E+16,4.9291E+16
138448,138449,9,2,72,120,2016,6,14,7,3,0,1,0,0,0,0,0,1,0,0,8.20883E+20,5.42356E+21,1.33773E+16,4.88818E+16
138449,138450,9,1,74,115,2016,6,6,2,3,5,3,0,0,0,1,0,0,0,0,6.81141E+20,5.34671E+21,1.14401E+16,4.82477E+16
138450,138451,9,1,79,134,2016,6,17,3,3,0,1,0,0,1,0,0,0,0,0,6.70222E+20,5.34269E+21,1.12915E+16,4.82146E+16
138451,138452,9,3,73,147,2016,6,11,1,2,6,4,0,0,1,0,1,0,0,0,6.78715E+20,5.46172E+21,1.14574E+16,4.92821E+16
138452,138453,9,1,62,0,2016,6,7,2,3,5,3,0,0,1,1,0,0,0,0,6.91773E+20,5.33206E+21,1.15766E+16,4.81129E+16
138453,138454,9,7,75,152,2016,6,12,2,2,2,2,0,0,0,1,0,1,0,0,5.80011E+20,5.35296E+21,1.00794E+16,4.83248E+16
138454,138455,9,1,71,112,2016,6,19,3,3,2,2,0,0,1,0,0,0,0,0,7.84515E+20,5.34338E+21,1.28277E+16,4.81799E+16
138455,138456,9,6,76,133,2016,6,8,7,3,5,3,0,1,0,1,0,0,0,0,5.12125E+20,5.52469E+21,9.16874E+15,4.98745E+16
138456,138457,9,1,80,116,2016,6,14,7,3,5,3,0,1,0,1,0,0,0,0,6.58877E+20,5.26493E+21,1.11103E+16,4.75184E+16
138457,138458,9,1,75,132,2016,6,7,2,3,1,5,0,0,0,1,0,1,0,0,7.08489E+20,5.33071E+21,1.18002E+16,4.80955E+16
138458,138459,9,1,89,120,2016,6,15,7,3,0,3,0,1,0,1,0,1,0,0,7.59762E+20,5.29753E+21,1.24677E+16,4.77787E+16
138459,138460,9,1,78,145,2016,6,15,2,3,3,3,0,0,1,1,0,0,0,0,6.97461E+20,5.35736E+21,1.16647E+16,4.83385E+16
138460,138461,9,1,79,121,2016,6,5,3,2,1,7,0,0,0,1,0,0,0,0,6.65643E+20,5.33647E+21,1.12275E+16,4.81598E+16
138461,138462,9,3,62,0,2016,6,16,2,3,5,2,0,0,1,1,0,0,0,0,7.2797E+20,5.43171E+21,1.21168E+16,4.89961E+16
138462,138463,9,2,76,121,2016,6,8,1,2,0,1,0,1,0,0,0,1,0,0,8.14454E+20,5.43522E+21,1.32989E+16,4.89897E+16
138463,138464,9,1,62,0,2016,6,8,2,3,1,3,0,0,0,1,0,1,0,0,6.96986E+20,5.33157E+21,1.16463E+16,4.81069E+16
138464,138465,9,5,74,117,2016,6,8,7,3,0,7,0,0,1,0,0,0,0,0,6.67781E+20,5.46823E+21,1.13099E+16,4.93437E+16
138465,138466,9,4,77,128,2016,6,18,3,3,2,2,0,0,0,1,0,1,0,0,6.75105E+20,5.55406E+21,1.14492E+16,5.01129E+16
138466,138467,9,7,61,0,2016,6,6,2,3,5,2,0,0,1,1,0,0,0,0,6.435E+20,5.36017E+21,1.0938E+16,4.83784E+16
138467,138468,9,1,78,143,2016,6,13,2,2,5,3,0,0,1,1,0,0,0,0,7.17428E+20,5.37203E+21,1.19414E+16,4.84638E+16
138468,138469,9,1,72,118,2016,6,17,7,3,1,1,0,1,0,1,0,0,0,0,7.9738E+20,5.30473E+21,1.29736E+16,4.78271E+16
138469,138470,9,5,64,0,2016,6,20,2,3,0,1,0,0,1,0,0,0,0,0,6.51634E+20,5.47981E+21,1.10922E+16,4.9452E+16
138470,138471,9,1,62,0,2016,6,15,2,3,0,2,0,0,1,1,0,0,0,0,6.85101E+20,5.32854E+21,1.14855E+16,4.80832E+16
138471,138472,9,3,72,117,2016,6,19,2,2,8,1,0,0,0,0,0,0,0,1,7.75191E+20,5.45474E+21,1.27767E+16,4.91836E+16
138472,138473,9,2,75,154,2016,6,9,1,3,6,2,0,1,0,1,1,0,0,0,8.08611E+20,5.39521E+21,1.31891E+16,4.86337E+16
138473,138474,9,1,77,143,2016,6,18,3,2,5,3,0,0,0,1,0,1,0,0,7.19923E+20,5.36372E+21,1.19707E+16,4.83883E+16
138474,138475,9,3,76,161,2016,6,7,2,3,6,4,0,0,0,1,1,0,0,0,7.26058E+20,5.46728E+21,1.21106E+16,4.93163E+16
138475,138476,9,2,75,141,2016,6,16,1,3,8,1,0,0,0,1,0,0,0,0,8.18744E+20,5.36954E+21,1.33067E+16,4.83984E+16
138476,138477,9,1,62,0,2016,6,15,2,3,6,7,0,0,1,0,1,0,0,0,6.9062E+20,5.33475E+21,1.15623E+16,4.81374E+16
138477,138478,9,7,75,135,2016,6,15,2,3,5,3,0,0,1,1,0,0,0,0,5.741E+20,5.36038E+21,1.0001E+16,4.83922E+16
138478,138479,9,5,77,136,2016,6,14,7,3,5,3,0,0,1,1,0,0,0,0,6.29052E+20,5.44094E+21,1.07682E+16,4.91078E+16
138479,138480,9,3,77,154,2016,6,6,3,3,1,7,0,0,1,1,0,0,0,0,7.38798E+20,5.53108E+21,1.23244E+16,4.98844E+16
138480,138481,9,7,61,0,2016,6,12,2,2,3,6,0,0,1,0,0,0,0,0,6.38707E+20,5.35669E+21,1.08721E+16,4.83481E+16
138481,138482,9,1,77,117,2016,6,10,2,3,5,2,0,0,1,1,0,0,0,0,7.1527E+20,5.35286E+21,1.19024E+16,4.82923E+16
138482,138483,9,5,73,122,2016,6,16,2,3,0,1,0,0,1,0,0,0,0,0,6.41842E+20,5.4761E+21,1.09558E+16,4.9421E+16
138483,138484,9,1,62,0,2016,6,9,2,3,5,3,0,0,0,1,0,0,0,1,6.87294E+20,5.32743E+21,1.15144E+16,4.80726E+16
138484,138485,9,1,89,160,2016,6,12,1,3,5,3,0,1,1,1,0,0,0,0,7.59418E+20,5.29266E+21,1.24602E+16,4.77351E+16
138485,138486,9,2,63,0,2016,6,7,3,3,1,5,0,0,1,1,0,0,0,0,7.61586E+20,5.42015E+21,1.25681E+16,4.8879E+16
138486,138487,9,1,89,160,2016,6,9,1,3,0,1,0,1,1,0,0,0,0,0,7.59127E+20,5.29179E+21,1.24558E+16,4.77274E+16
138487,138488,9,3,73,147,2016,6,16,7,3,5,6,0,0,1,1,0,0,0,0,6.78853E+20,5.46138E+21,1.14591E+16,4.9279E+16
138488,138489,9,1,77,117,2016,6,9,2,3,1,7,0,0,1,0,0,0,1,0,7.15392E+20,5.35518E+21,1.19052E+16,4.83131E+16
138489,138490,9,1,86,143,2016,6,16,3,3,6,4,0,0,0,1,1,0,0,0,6.85304E+20,5.37825E+21,1.151E+16,4.853E+16
138490,138491,9,4,73,138,2016,6,21,7,3,9,7,2,1,0,0,0,1,0,0,6.35348E+20,5.55881E+21,1.08952E+16,5.0166E+16
138491,138492,9,7,61,0,2016,6,13,2,3,5,6,0,0,1,1,0,0,0,0,6.39579E+20,5.35665E+21,1.08839E+16,4.83476E+16
138492,138493,9,1,77,139,2016,6,19,2,3,4,6,0,0,1,1,0,0,0,0,7.3603E+20,5.36362E+21,1.21879E+16,4.83815E+16
138493,138494,9,4,79,152,2016,6,20,2,2,8,7,0,0,0,0,0,1,0,0,7.2357E+20,5.56222E+21,1.21309E+16,5.01699E+16
138494,138495,9,1,72,114,2016,6,17,1,3,5,3,0,0,1,1,0,0,0,0,7.89282E+20,5.29238E+21,1.28574E+16,4.77199E+16
138495,138496,9,2,61,0,2016,6,15,3,3,3,2,0,0,1,1,0,0,0,0,7.33632E+20,5.37962E+21,1.21645E+16,4.85261E+16
138496,138497,9,7,62,0,2016,6,16,7,2,5,3,0,1,0,1,0,1,0,0,6.19187E+20,5.30365E+21,1.0594E+16,4.78751E+16
138497,138498,9,1,63,0,2016,6,18,7,3,5,3,0,0,1,1,0,0,0,0,7.33718E+20,5.30334E+21,1.21237E+16,4.78409E+16
138498,138499,9,1,62,0,2016,6,2,1,3,5,2,2,1,0,1,0,0,0,0,6.9459E+20,5.33417E+21,1.16153E+16,4.8131E+16
138499,138500,9,1,79,123,2016,6,15,3,3,2,6,0,0,0,1,0,1,0,0,6.76741E+20,5.33432E+21,1.13757E+16,4.81376E+16
138500,138501,9,3,61,0,2016,6,15,2,3,0,1,0,0,0,1,0,0,0,0,7.06665E+20,5.48473E+21,1.18532E+16,4.948E+16
138501,138502,9,1,86,137,2016,6,17,1,2,8,1,0,0,0,0,0,1,0,0,6.81862E+20,5.39835E+21,1.14723E+16,4.87116E+16
138502,138503,9,1,62,0,2016,6,17,2,3,3,7,0,0,1,0,0,0,0,0,6.90866E+20,5.33432E+21,1.15654E+16,4.81335E+16
138503,138504,9,4,79,136,2016,6,20,2,3,0,7,1,1,0,0,0,1,0,0,7.2134E+20,5.5446E+21,1.20895E+16,5.00126E+16
138504,138505,9,1,61,0,2016,6,18,1,3,1,5,0,0,1,1,0,0,0,0,6.76953E+20,5.39823E+21,1.14055E+16,4.8712E+16
138505,138506,9,1,77,116,2016,6,13,3,3,5,2,0,0,1,1,0,0,0,0,7.12211E+20,5.36547E+21,1.18676E+16,4.84066E+16
138506,138507,9,7,63,0,2016,6,18,2,3,5,3,0,0,1,1,0,0,0,0,5.97464E+20,5.28498E+21,1.02993E+16,4.77108E+16
138507,138508,9,1,83,148,2016,6,22,3,2,8,7,2,0,1,0,0,0,0,0,7.5175E+20,5.34467E+21,1.23885E+16,4.82052E+16
138508,138509,9,6,63,0,2016,6,14,7,3,5,2,0,0,0,1,0,0,0,1,5.66567E+20,5.51541E+21,9.92477E+15,4.97875E+16
138509,138510,9,1,87,128,2016,6,15,7,2,6,6,0,0,0,1,1,0,0,0,7.45265E+20,5.3111E+21,1.22822E+16,4.79063E+16
138510,138511,9,1,62,0,2016,6,19,1,3,5,3,0,1,0,1,0,0,0,0,6.83066E+20,5.33507E+21,1.1461E+16,4.81425E+16
138511,138512,9,1,75,132,2016,6,18,3,3,0,6,0,0,1,1,0,0,0,0,7.04771E+20,5.33469E+21,1.17522E+16,4.81324E+16
138512,138513,9,2,71,119,2016,6,9,2,3,0,1,0,0,1,0,0,0,0,0,7.9207E+20,5.41844E+21,1.29817E+16,4.88501E+16
138513,138514,9,1,79,118,2016,6,14,1,3,0,7,0,0,0,1,0,0,0,0,6.72772E+20,5.33827E+21,1.1324E+16,4.81742E+16
138514,138515,9,1,62,0,2016,6,12,2,3,3,2,0,0,0,1,0,1,0,0,6.93496E+20,5.33554E+21,1.16013E+16,4.81437E+16
138515,138516,9,7,80,139,2016,6,17,2,3,0,1,0,0,1,0,0,0,0,0,5.96033E+20,5.26271E+21,1.02754E+16,4.75107E+16
138516,138517,9,5,64,0,2016,6,18,7,3,1,5,0,0,1,1,0,0,0,0,6.50072E+20,5.4798E+21,1.10707E+16,4.94523E+16
138517,138518,9,4,74,126,2016,6,16,3,3,5,2,0,0,0,1,0,0,0,0,6.49388E+20,5.50954E+21,1.10725E+16,4.97198E+16
138518,138519,9,6,79,147,2016,6,7,2,3,6,4,0,0,0,1,1,0,0,0,5.6333E+20,5.51491E+21,9.87972E+15,4.97833E+16
138519,138520,9,1,62,0,2016,6,17,1,3,3,6,0,0,1,1,0,0,0,0,6.90665E+20,5.34067E+21,1.15655E+16,4.81906E+16
138520,138521,9,5,62,0,2016,6,20,7,2,4,6,0,0,1,1,0,0,0,0,6.44379E+20,5.49302E+21,1.0997E+16,4.95725E+16
138521,138522,9,4,73,151,2016,6,17,3,3,5,3,0,0,1,1,0,0,0,0,6.51077E+20,5.57899E+21,1.11233E+16,5.03436E+16
138522,138523,9,1,87,122,2016,6,12,7,3,4,6,0,0,1,1,0,0,0,0,7.20012E+20,5.30424E+21,1.19412E+16,4.78538E+16
138523,138524,9,2,78,134,2016,6,14,2,2,4,6,0,0,0,0,0,1,0,1,7.68588E+20,5.43823E+21,1.26753E+16,4.90383E+16
138524,138525,9,1,79,142,2016,6,11,1,3,0,1,0,1,0,0,0,1,0,0,6.72539E+20,5.34326E+21,1.13229E+16,4.82191E+16
138525,138526,9,1,62,0,2016,6,7,2,3,3,2,0,0,0,1,0,1,0,0,6.91254E+20,5.33976E+21,1.1573E+16,4.81822E+16
138526,138527,9,7,77,112,2016,6,7,2,3,6,6,0,0,0,1,1,0,0,0,6.21216E+20,5.29708E+21,1.06192E+16,4.78157E+16
138527,138528,9,4,75,146,2016,6,10,7,2,8,7,0,0,0,1,0,0,0,0,6.90194E+20,5.58375E+21,1.16749E+16,5.0375E+16
138528,138529,9,3,62,0,2016,6,23,3,3,4,2,2,0,1,1,0,0,0,0,7.28063E+20,5.43382E+21,1.21192E+16,4.90151E+16
138529,138530,9,6,63,0,2016,6,8,2,3,2,6,0,0,0,1,0,0,0,1,5.71712E+20,5.51595E+21,9.99634E+15,4.97917E+16
138530,138531,9,1,62,0,2016,6,11,1,3,5,3,0,1,0,1,0,0,0,0,6.79386E+20,5.3341E+21,1.14112E+16,4.81349E+16
138531,138532,9,4,73,170,2016,6,15,2,3,4,6,0,0,0,0,0,1,0,1,6.42553E+20,5.56052E+21,1.09966E+16,5.01797E+16
138532,138533,9,1,62,0,2016,6,7,2,3,5,3,0,0,1,1,0,0,0,0,6.97649E+20,5.32931E+21,1.16541E+16,4.80864E+16
138533,138534,9,1,74,115,2016,6,1,1,3,8,1,2,1,0,1,0,0,0,0,6.80571E+20,5.34804E+21,1.1433E+16,4.82599E+16
138534,138535,9,2,75,141,2016,6,18,3,3,5,1,0,0,0,1,0,1,0,0,8.19857E+20,5.37045E+21,1.33224E+16,4.84059E+16
138535,138536,9,1,62,0,2016,6,16,7,3,1,6,0,1,0,1,0,1,0,0,6.92648E+20,5.33478E+21,1.15895E+16,4.81371E+16
138536,138537,9,4,76,154,2016,6,15,2,3,1,6,0,0,0,1,0,0,1,0,6.57929E+20,5.56889E+21,1.12153E+16,5.0251E+16
138537,138538,9,1,62,0,2016,6,7,2,3,5,3,0,0,1,1,0,0,0,0,6.86497E+20,5.33106E+21,1.15053E+16,4.81055E+16
138538,138539,9,2,73,147,2016,6,16,2,3,5,3,0,0,0,1,0,0,0,0,7.05322E+20,5.39148E+21,1.17874E+16,4.86426E+16
138539,138540,9,2,76,128,2016,6,19,3,3,0,1,0,0,0,1,0,1,0,0,7.83644E+20,5.43814E+21,1.28808E+16,4.90308E+16
138540,138541,9,1,77,118,2016,6,16,1,3,4,6,0,0,0,1,0,1,0,0,7.07813E+20,5.34495E+21,1.17981E+16,4.82237E+16
138541,138542,9,4,62,0,2016,6,11,7,2,1,5,0,0,0,1,0,0,0,0,6.8284E+20,5.53574E+21,1.15485E+16,4.9946E+16
138542,138543,9,6,63,0,2016,6,11,2,3,1,6,0,0,0,1,0,0,1,0,5.66839E+20,5.5153E+21,9.92853E+15,4.97864E+16
138543,138544,9,1,62,0,2016,6,15,1,3,0,7,0,0,1,1,0,0,0,0,6.9046E+20,5.33814E+21,1.15617E+16,4.81679E+16
138544,138545,9,1,87,165,2016,6,12,3,3,0,7,0,0,1,0,0,0,0,0,7.33117E+20,5.29772E+21,1.21127E+16,4.77906E+16
138545,138546,9,4,63,0,2016,6,9,2,2,5,3,0,0,1,1,0,0,0,0,6.39247E+20,5.5679E+21,1.09531E+16,5.02469E+16
138546,138547,9,1,62,0,2016,6,14,7,3,0,1,0,0,1,0,0,0,0,0,6.90626E+20,5.33744E+21,1.15636E+16,4.81616E+16
138547,138548,9,2,73,137,2016,6,11,3,3,0,1,0,0,1,0,0,0,0,0,7.10229E+20,5.42264E+21,1.18699E+16,4.8921E+16
138548,138549,9,7,79,131,2016,6,12,7,3,1,2,0,0,0,1,0,1,0,0,6.30744E+20,5.39741E+21,1.07775E+16,4.8716E+16
138549,138550,9,1,61,0,2016,6,17,7,3,1,6,0,0,0,1,0,0,0,0,6.79129E+20,5.40581E+21,1.14384E+16,4.87794E+16
138550,138551,9,1,62,0,2016,6,12,7,3,5,2,0,0,0,1,0,1,0,0,6.91091E+20,5.33174E+21,1.15673E+16,4.81102E+16
138551,138552,9,6,62,0,2016,6,8,2,3,6,7,0,0,1,0,1,0,0,0,5.87556E+20,5.54429E+21,1.02228E+16,5.00444E+16
138552,138553,9,1,62,0,2016,6,8,1,3,0,7,0,1,1,0,0,0,0,0,6.93222E+20,5.33418E+21,1.1597E+16,4.81315E+16
138553,138554,9,1,61,0,2016,6,18,3,3,0,7,0,0,0,0,0,0,0,1,6.79156E+20,5.40175E+21,1.1437E+16,4.8743E+16
138554,138555,9,1,62,0,2016,6,9,7,3,5,3,0,0,0,1,0,0,0,0,6.88117E+20,5.33388E+21,1.15283E+16,4.81304E+16
138555,138556,9,1,75,115,2016,6,13,3,3,2,6,0,0,0,1,0,0,0,0,7.2017E+20,5.32894E+21,1.1956E+16,4.80757E+16
138556,138557,9,7,80,132,2016,6,15,2,3,6,2,0,0,0,1,1,0,0,0,5.77246E+20,5.2677E+21,1.00268E+16,4.75581E+16
138557,138558,9,1,71,112,2016,6,20,3,2,0,1,0,0,1,0,0,0,0,0,7.81957E+20,5.3392E+21,1.27906E+16,4.81435E+16
138558,138559,9,6,74,147,2016,6,11,7,2,5,3,0,0,1,1,0,0,0,0,6.06839E+20,5.54341E+21,1.04918E+16,5.00334E+16
138559,138560,9,1,85,158,2016,6,12,7,3,0,3,0,0,1,1,0,0,0,0,6.6864E+20,5.38138E+21,1.12858E+16,4.85628E+16
138560,138561,9,1,62,0,2016,6,10,1,3,3,2,0,1,1,1,0,0,0,0,6.90141E+20,5.33494E+21,1.15559E+16,4.81393E+16
138561,138562,9,1,77,117,2016,6,8,3,3,4,2,0,0,0,1,0,1,0,0,7.14868E+20,5.35325E+21,1.18972E+16,4.82959E+16
138562,138563,9,1,73,147,2016,6,19,2,3,8,1,0,0,0,0,0,1,0,0,6.81253E+20,5.3097E+21,1.14259E+16,4.7915E+16
138563,138564,9,7,77,169,2016,6,9,1,3,0,6,0,1,1,0,0,0,0,0,6.28648E+20,5.26958E+21,1.07104E+16,4.75669E+16
138564,138565,9,1,79,123,2016,6,13,3,3,5,3,0,0,0,1,0,1,0,0,6.76732E+20,5.33216E+21,1.13747E+16,4.81182E+16
138565,138566,9,1,90,142,2016,6,15,2,2,4,2,0,0,1,0,0,0,0,1,6.59681E+20,5.29724E+21,1.11328E+16,4.78087E+16
138566,138567,9,1,62,0,2016,6,14,7,2,1,5,0,0,0,1,0,1,0,0,6.86771E+20,5.33676E+21,1.15115E+16,4.81566E+16
138567,138568,9,1,62,0,2016,6,15,2,3,3,2,0,0,0,1,0,1,0,0,6.91464E+20,5.33572E+21,1.15741E+16,4.81458E+16
138568,138569,9,5,65,0,2016,6,20,7,2,8,1,0,0,0,0,0,1,0,0,6.4631E+20,5.46506E+21,1.10134E+16,4.93207E+16
138569,138570,9,4,63,0,2016,6,19,3,2,5,2,0,0,1,1,0,0,0,0,6.39916E+20,5.56875E+21,1.09627E+16,5.02544E+16
138570,138571,9,6,75,141,2016,6,19,1,3,0,7,0,0,1,0,0,0,0,0,5.84015E+20,5.51044E+21,1.01661E+16,4.97405E+16
138571,138572,9,1,75,115,2016,6,14,7,3,5,3,0,0,0,1,0,1,0,0,7.20644E+20,5.32899E+21,1.19624E+16,4.8076E+16
138572,138573,9,4,62,0,2016,6,15,2,3,2,6,0,1,0,1,0,1,0,0,6.84377E+20,5.53657E+21,1.15703E+16,4.99529E+16
138573,138574,9,1,80,123,2016,6,14,2,3,0,1,0,0,1,0,0,0,0,0,6.7116E+20,5.25686E+21,1.12702E+16,4.74427E+16
138574,138575,9,1,62,0,2016,6,4,7,3,1,7,2,1,0,1,0,0,0,0,6.87851E+20,5.34303E+21,1.15288E+16,4.82127E+16
138575,138576,9,1,62,0,2016,6,17,2,3,1,6,0,0,0,1,0,0,0,0,6.7882E+20,5.33895E+21,1.14056E+16,4.81786E+16
138576,138577,9,4,76,145,2016,6,12,7,3,3,6,0,0,0,1,0,1,0,0,6.65664E+20,5.56808E+21,1.13234E+16,5.02416E+16
138577,138578,9,3,61,0,2016,6,16,3,3,5,3,0,0,1,1,0,0,0,0,7.07385E+20,5.47997E+21,1.18606E+16,4.9437E+16
138578,138579,9,6,61,0,2016,6,10,2,3,3,5,0,0,1,1,0,0,0,0,5.09959E+20,5.53708E+21,9.13892E+15,4.9986E+16
138579,138580,9,1,62,0,2016,6,15,7,2,0,1,0,1,0,0,0,1,0,0,6.92316E+20,5.33791E+21,1.15865E+16,4.81653E+16
138580,138581,9,1,62,0,2016,6,8,2,3,5,2,0,0,1,1,0,0,0,0,6.89119E+20,5.33493E+21,1.15422E+16,4.81395E+16
138581,138582,9,7,77,129,2016,6,16,2,2,5,3,0,0,1,1,0,0,0,0,6.2653E+20,5.27406E+21,1.06835E+16,4.76076E+16
138582,138583,9,5,64,0,2016,6,15,7,3,2,6,0,0,0,1,0,0,0,0,6.49769E+20,5.47932E+21,1.10663E+16,4.9448E+16
138583,138584,9,4,61,0,2016,6,9,3,3,3,2,0,0,1,1,0,0,0,0,6.37589E+20,5.53005E+21,1.09162E+16,4.9907E+16
138584,138585,9,6,61,0,2016,6,7,2,3,5,3,0,0,0,1,0,0,0,1,5.10766E+20,5.53455E+21,9.15011E+15,4.99632E+16
138585,138586,9,6,73,153,2016,6,12,1,2,5,3,0,0,0,1,0,1,0,0,5.87189E+20,5.59075E+21,1.02284E+16,5.04623E+16
138586,138587,9,4,71,220,2016,6,14,2,3,6,7,0,0,0,1,1,0,0,0,6.11222E+20,5.51485E+21,1.05448E+16,4.97758E+16
138587,138588,9,1,62,0,2016,6,8,2,3,3,2,0,0,1,1,0,0,0,0,6.91915E+20,5.33911E+21,1.15816E+16,4.81762E+16
138588,138589,9,1,63,0,2016,6,20,2,3,0,1,0,0,1,0,0,0,0,0,7.32746E+20,5.30341E+21,1.21108E+16,4.78419E+16