FID,OBJECTID,ULAND,UREGBEZ,UKREIS,UGEMEINDE,UJAHR,UMONAT,USTUNDE,UWOCHENTAG,UKATEGORIE,UART,UTYP1,ULICHTVERH,IstStrasse,IstRad,IstPKW,IstFuss,IstKrad,IstGkfz,IstSonstig,LINREFX,LINREFY,XGCSWGS84,YGCSWGS84
138589,138590,9,2,63,0,2016,6,10,3,3,5,3,0,0,1,1,0,0,0,0,7.61164E+20,5.42065E+21,1.25626E+16,4.88837E+16
138590,138591,9,1,62,0,2016,6,14,7,3,0,3,0,0,1,0,0,1,0,0,6.87475E+20,5.33892E+21,1.15219E+16,4.81759E+16
138591,138592,9,3,62,0,2016,6,12,7,3,5,7,0,0,1,0,0,0,0,0,7.27684E+20,5.43588E+21,1.21152E+16,4.90338E+16
138592,138593,9,6,71,134,2016,6,18,2,3,5,3,0,0,1,1,0,0,0,0,5.00166E+20,5.54776E+21,9.00232E+15,5.00821E+16
138593,138594,9,6,74,163,2016,6,19,1,2,0,1,0,0,1,0,0,0,0,0,6.113E+20,5.53825E+21,1.05526E+16,4.99862E+16
138594,138595,9,1,61,0,2016,6,17,3,3,0,1,0,0,1,0,0,0,0,0,6.77731E+20,5.40526E+21,1.14191E+16,4.87749E+16
138595,138596,9,4,71,140,2016,6,16,2,3,0,7,0,0,1,0,0,0,0,0,6.35085E+20,5.533E+21,1.08824E+16,4.99341E+16
138596,138597,9,1,62,0,2016,6,17,7,3,5,3,0,0,1,1,0,0,0,0,6.86793E+20,5.33667E+21,1.15117E+16,4.81558E+16
138597,138598,9,6,74,133,2016,6,16,1,2,1,6,0,0,0,1,0,1,0,0,6.18825E+20,5.53615E+21,1.06569E+16,4.99658E+16
138598,138599,9,4,61,0,2016,6,16,2,2,5,3,0,0,1,0,0,0,0,0,6.36143E+20,5.52908E+21,1.08957E+16,4.98986E+16
138599,138600,9,1,62,0,2016,6,9,7,2,2,2,0,0,1,1,0,0,0,0,6.98962E+20,5.33374E+21,1.16738E+16,4.81258E+16
138600,138601,9,2,61,0,2016,6,16,3,3,4,2,0,0,1,1,0,0,0,0,7.31692E+20,5.3819E+21,1.21395E+16,4.85474E+16
138601,138602,9,7,80,123,2016,6,6,7,3,0,1,0,0,1,0,0,0,0,0,6.05522E+20,5.26331E+21,1.04015E+16,4.75146E+16
138602,138603,9,3,76,161,2016,6,14,7,3,5,2,0,0,1,1,0,0,0,0,7.27398E+20,5.46796E+21,1.21294E+16,4.9322E+16
138603,138604,9,1,62,0,2016,6,13,6,3,6,4,0,1,0,1,1,0,0,0,6.86597E+20,5.33794E+21,1.15097E+16,4.81673E+16
138604,138605,9,6,62,0,2016,6,17,1,3,2,6,0,1,0,0,0,1,0,1,5.86508E+20,5.54438E+21,1.02082E+16,5.00454E+16
138605,138606,9,1,79,123,2016,6,19,3,3,5,3,0,0,1,1,0,0,0,0,6.76732E+20,5.33219E+21,1.13747E+16,4.81184E+16
138606,138607,9,1,62,0,2016,6,13,7,3,0,7,0,1,1,0,0,0,0,0,6.91837E+20,5.33241E+21,1.15776E+16,4.8116E+16
138607,138608,9,1,62,0,2016,6,8,2,3,0,7,0,0,0,0,0,1,0,0,6.88212E+20,5.33995E+21,1.15322E+16,4.81849E+16
138608,138609,9,7,79,115,2016,6,18,2,3,0,1,0,0,1,0,0,0,0,0,6.33211E+20,5.39357E+21,1.08098E+16,4.86809E+16
138609,138610,9,1,72,128,2016,6,18,3,3,5,3,0,0,0,1,0,0,1,0,7.92521E+20,5.29749E+21,1.2904E+16,4.77644E+16
138610,138611,9,6,71,138,2016,6,19,7,3,5,3,0,0,0,1,0,0,0,0,5.14825E+20,5.54824E+21,9.20723E+15,5.00862E+16
138611,138612,9,4,79,152,2016,6,21,3,2,9,1,2,0,1,0,0,0,0,0,7.2267E+20,5.5611E+21,1.21176E+16,5.01602E+16
138612,138613,9,7,73,182,2016,6,13,2,3,1,2,0,0,0,1,0,0,0,0,6.22315E+20,5.37993E+21,1.06578E+16,4.85606E+16
138613,138614,9,1,83,113,2016,6,6,3,3,2,6,0,0,1,1,0,0,0,0,7.5E+20,5.34311E+21,1.23641E+16,4.8192E+16
138614,138615,9,7,61,0,2016,6,16,7,3,5,3,0,0,1,1,0,0,0,0,6.41785E+20,5.35875E+21,1.09143E+16,4.8366E+16
138615,138616,9,1,62,0,2016,6,10,6,3,5,3,0,1,0,1,0,0,0,0,6.92475E+20,5.33446E+21,1.15871E+16,4.81342E+16
138616,138617,9,6,76,156,2016,6,13,1,3,6,4,0,0,0,1,1,0,0,0,5.18112E+20,5.49855E+21,9.25085E+15,4.96392E+16
138617,138618,9,1,75,139,2016,6,10,3,3,0,7,0,0,1,0,0,0,0,0,7.11825E+20,5.32948E+21,1.18444E+16,4.80834E+16
138618,138619,9,1,63,0,2016,6,16,2,3,5,3,0,0,0,1,0,0,0,0,7.31659E+20,5.30444E+21,1.20968E+16,4.78515E+16
138619,138620,9,1,62,0,2016,6,10,2,3,1,1,0,0,1,1,0,0,0,0,6.91161E+20,5.33572E+21,1.157E+16,4.8146E+16
138620,138621,9,7,73,144,2016,6,16,2,3,2,6,0,0,0,1,0,0,0,0,6.04753E+20,5.38002E+21,1.04199E+16,4.85645E+16
138621,138622,9,5,74,164,2016,6,15,7,2,0,7,0,0,1,0,0,0,0,0,6.67005E+20,5.47561E+21,1.13023E+16,4.94102E+16
138622,138623,9,4,62,0,2016,6,11,3,3,5,7,0,0,0,1,0,0,0,1,6.8588E+20,5.53663E+21,1.15913E+16,4.99531E+16
138623,138624,9,5,76,142,2016,6,17,2,2,8,1,0,0,0,0,0,1,0,0,6.36919E+20,5.46569E+21,1.08844E+16,4.93286E+16
138624,138625,9,6,71,130,2016,6,20,1,3,0,1,0,1,1,0,0,0,0,0,5.15882E+20,5.53972E+21,9.22165E+15,5.00096E+16
138625,138626,9,1,62,0,2016,6,13,6,3,5,3,0,1,1,1,0,0,0,0,7.01087E+20,5.33463E+21,1.17028E+16,4.81331E+16
138626,138627,9,7,72,184,2016,6,15,5,3,5,3,0,0,1,1,0,0,0,0,6.35196E+20,5.36161E+21,1.08263E+16,4.83932E+16
138627,138628,9,5,72,154,2016,6,10,5,3,0,7,0,0,1,0,0,0,0,0,6.48473E+20,5.49585E+21,1.10547E+16,4.95969E+16
138628,138629,9,2,61,0,2016,6,7,5,2,1,6,0,0,0,1,0,1,0,0,7.33734E+20,5.38182E+21,1.21671E+16,4.85459E+16
138629,138630,9,3,73,114,2016,6,17,4,3,5,3,0,0,0,1,0,0,0,0,6.72344E+20,5.45752E+21,1.13681E+16,4.92461E+16
138630,138631,9,1,78,124,2016,6,9,6,3,0,7,0,0,1,0,0,0,0,0,7.03308E+20,5.36462E+21,1.1747E+16,4.8402E+16
138631,138632,9,7,79,131,2016,6,13,4,2,0,6,0,0,1,1,0,0,0,0,6.3103E+20,5.3987E+21,1.07818E+16,4.87275E+16
138632,138633,9,1,62,0,2016,6,14,4,3,0,1,0,0,1,0,0,0,0,0,6.90625E+20,5.34028E+21,1.15648E+16,4.81871E+16
138633,138634,9,1,62,0,2016,6,14,5,3,2,6,0,1,0,1,0,0,0,1,6.92728E+20,5.33486E+21,1.15906E+16,4.81378E+16
138634,138635,9,1,62,0,2016,6,13,3,3,3,6,0,0,1,0,0,0,0,0,6.93817E+20,5.33177E+21,1.16039E+16,4.81097E+16
138635,138636,9,4,77,128,2016,6,16,5,3,8,7,0,0,0,0,0,0,0,1,6.76842E+20,5.5549E+21,1.14739E+16,5.012E+16
138636,138637,9,1,61,0,2016,6,7,6,2,5,3,0,0,0,1,0,1,0,0,6.78502E+20,5.40527E+21,1.14296E+16,4.87748E+16
138637,138638,9,3,71,126,2016,6,18,4,3,5,3,0,1,0,1,0,1,0,0,7.0172E+20,5.49205E+21,1.17888E+16,4.95474E+16
138638,138639,9,3,62,0,2016,6,14,6,3,5,2,0,0,1,1,0,0,0,0,7.30809E+20,5.43067E+21,1.21549E+16,4.89857E+16
138639,138640,9,7,61,0,2016,6,18,4,3,0,7,0,0,1,0,0,0,0,0,6.39188E+20,5.3602E+21,1.08798E+16,4.83796E+16
138640,138641,9,1,74,115,2016,6,12,5,3,5,3,0,1,0,1,0,0,0,0,6.80894E+20,5.34668E+21,1.14368E+16,4.82475E+16
138641,138642,9,2,71,119,2016,6,12,4,3,0,7,0,0,1,0,0,0,0,0,7.90184E+20,5.41528E+21,1.29538E+16,4.88227E+16
138642,138643,9,7,61,0,2016,6,14,4,3,5,3,0,1,0,1,0,0,0,1,6.39534E+20,5.35564E+21,1.08829E+16,4.83385E+16
138643,138644,9,1,85,158,2016,6,17,5,3,5,3,0,0,1,1,0,0,0,0,6.66342E+20,5.38219E+21,1.1255E+16,4.85707E+16
138644,138645,9,2,62,0,2016,6,14,4,3,2,3,0,0,0,1,0,0,0,0,8.24854E+20,5.38952E+21,1.34045E+16,4.85744E+16
138645,138646,9,7,61,0,2016,6,17,4,3,4,2,0,1,0,1,0,1,0,0,6.40417E+20,5.35835E+21,1.08957E+16,4.83627E+16
138646,138647,9,1,62,0,2016,6,14,5,3,5,3,0,1,0,1,0,0,0,0,6.83771E+20,5.33965E+21,1.14724E+16,4.81835E+16
138647,138648,9,1,62,0,2016,6,14,3,3,7,7,0,0,1,0,0,0,0,1,6.88835E+20,5.33177E+21,1.1537E+16,4.81112E+16
138648,138649,9,4,62,0,2016,6,15,5,3,4,6,0,0,1,1,0,0,0,0,6.82816E+20,5.53695E+21,1.15488E+16,4.99569E+16
138649,138650,9,2,62,0,2016,6,15,4,2,0,6,0,0,1,0,0,0,0,0,8.25586E+20,5.38978E+21,1.34146E+16,4.85764E+16
138650,138651,9,2,77,149,2016,6,19,6,3,5,3,0,0,0,1,0,1,0,0,7.96821E+20,5.3677E+21,1.301E+16,4.83925E+16
138651,138652,9,7,61,0,2016,6,13,4,3,5,3,0,1,0,1,0,1,0,0,6.3962E+20,5.36011E+21,1.08856E+16,4.83787E+16
138652,138653,9,1,77,117,2016,6,15,5,3,1,5,0,1,0,1,0,1,0,0,7.15179E+20,5.35235E+21,1.19009E+16,4.82877E+16
138653,138654,9,7,72,163,2016,6,10,5,3,4,1,0,1,0,1,0,0,0,0,6.39832E+20,5.347E+21,1.08841E+16,4.82608E+16
138654,138655,9,1,62,0,2016,6,19,3,3,5,4,0,0,0,1,1,1,0,0,6.92249E+20,5.33754E+21,1.15854E+16,4.8162E+16
138655,138656,9,5,74,141,2016,6,15,5,3,0,3,0,0,1,1,0,0,0,0,6.69092E+20,5.49041E+21,1.13374E+16,4.95427E+16
138656,138657,9,5,63,0,2016,6,8,6,2,6,4,0,0,1,0,1,0,0,0,6.4391E+20,5.48036E+21,1.09859E+16,4.94589E+16
138657,138658,9,1,62,0,2016,6,9,3,3,5,3,0,0,1,1,0,0,0,0,6.91127E+20,5.33424E+21,1.15689E+16,4.81327E+16
138658,138659,9,5,62,0,2016,6,17,6,3,5,3,0,0,0,1,0,0,0,0,6.42229E+20,5.49345E+21,1.09674E+16,4.95769E+16
138659,138660,9,1,82,119,2016,6,13,6,3,5,3,0,0,1,0,0,0,0,0,7.11628E+20,5.29292E+21,1.18238E+16,4.77549E+16
138660,138661,9,2,75,116,2016,6,15,4,3,5,3,0,0,1,1,0,0,0,0,8.19145E+20,5.36467E+21,1.33084E+16,4.83545E+16
138661,138662,9,1,77,133,2016,6,9,6,3,3,6,0,0,0,1,0,0,0,1,7.06313E+20,5.35946E+21,1.1785E+16,4.83545E+16
138662,138663,9,1,73,147,2016,6,7,6,3,5,3,0,0,1,0,0,0,0,0,6.82333E+20,5.30854E+21,1.14398E+16,4.79042E+16
138663,138664,9,7,61,0,2016,6,7,4,3,0,7,0,1,1,0,0,0,0,0,6.40149E+20,5.35832E+21,1.08921E+16,4.83625E+16
138664,138665,9,1,62,0,2016,6,10,4,3,1,6,0,1,0,1,0,0,0,0,6.89493E+20,5.33708E+21,1.15482E+16,4.81587E+16
138665,138666,9,7,61,0,2016,6,14,5,3,2,6,0,0,0,1,0,0,0,1,6.39304E+20,5.35879E+21,1.08809E+16,4.83669E+16
138666,138667,9,7,78,116,2016,6,11,3,3,6,7,0,0,0,1,1,0,0,0,6.18628E+20,5.31788E+21,1.05904E+16,4.80032E+16
138667,138668,9,5,64,0,2016,6,9,5,3,5,3,0,0,0,1,0,1,0,0,6.47829E+20,5.47424E+21,1.10377E+16,4.94029E+16
138668,138669,9,2,72,151,2016,6,12,4,3,4,6,0,1,0,1,0,0,1,0,8.40384E+20,5.40991E+21,1.36311E+16,4.8749E+16
138669,138670,9,1,75,133,2016,6,7,6,3,0,3,0,0,0,0,0,1,0,1,7.05643E+20,5.34315E+21,1.17681E+16,4.82082E+16
138670,138671,9,6,63,0,2016,6,18,4,3,0,1,0,0,0,0,0,1,0,0,5.6424E+20,5.5173E+21,9.89276E+15,4.98047E+16
138671,138672,9,1,62,0,2016,6,15,4,3,4,3,0,0,0,1,0,0,0,0,6.79556E+20,5.33418E+21,1.14135E+16,4.81355E+16
138672,138673,9,2,61,0,2016,6,17,4,2,9,7,0,0,0,1,0,0,0,0,7.31332E+20,5.38331E+21,1.21354E+16,4.85601E+16
138673,138674,9,6,79,126,2016,6,17,4,3,5,3,0,0,1,1,0,0,0,0,5.59913E+20,5.51223E+21,9.83186E+15,4.97596E+16
138674,138675,9,1,62,0,2016,6,3,4,3,1,7,2,0,0,1,0,0,0,1,6.91032E+20,5.3348E+21,1.15678E+16,4.81377E+16
138675,138676,9,7,78,203,2016,6,18,3,3,5,3,0,0,1,1,0,0,0,0,6.22959E+20,5.32496E+21,1.06505E+16,4.80661E+16
138676,138677,9,7,72,202,2016,6,13,5,3,5,3,0,1,0,1,0,0,0,0,6.36638E+20,5.35975E+21,1.08452E+16,4.83761E+16
138677,138678,9,4,62,0,2016,6,14,5,2,5,3,0,0,1,1,0,0,0,0,6.83021E+20,5.53622E+21,1.15513E+16,4.99502E+16
138678,138679,9,5,64,0,2016,6,12,5,3,6,7,0,0,0,1,1,0,0,0,6.50398E+20,5.48015E+21,1.10753E+16,4.94554E+16
138679,138680,9,1,72,118,2016,6,10,5,3,6,7,0,1,0,1,1,0,0,0,7.97428E+20,5.30652E+21,1.29755E+16,4.78431E+16
138680,138681,9,2,74,113,2016,6,13,4,3,4,6,0,0,0,1,0,0,0,0,7.29131E+20,5.38348E+21,1.21057E+16,4.85625E+16
138681,138682,9,6,63,0,2016,6,14,4,3,0,1,0,0,1,0,0,0,0,0,5.63437E+20,5.51727E+21,9.88159E+15,4.98045E+16
138682,138683,9,1,84,138,2016,6,15,4,3,3,6,0,0,1,1,0,0,0,0,6.82513E+20,5.33137E+21,1.1452E+16,4.81094E+16
138683,138684,9,1,62,0,2016,6,16,5,3,5,3,0,0,0,1,0,0,0,0,6.88945E+20,5.33762E+21,1.15411E+16,4.81637E+16
138684,138685,9,7,76,116,2016,6,7,3,2,5,3,0,0,0,1,0,1,0,0,5.53743E+20,5.26688E+21,9.71431E+15,4.75531E+16
138685,138686,9,4,61,0,2016,6,18,5,3,1,7,0,0,1,1,0,0,0,0,6.38082E+20,5.5287E+21,1.09226E+16,4.98948E+16
138686,138687,9,1,76,139,2016,6,13,6,2,5,3,0,0,0,1,0,1,0,0,6.83191E+20,5.40939E+21,1.14952E+16,4.88105E+16
138687,138688,9,1,62,0,2016,6,12,5,3,5,3,0,1,0,1,0,0,0,0,6.96745E+20,5.33181E+21,1.16432E+16,4.81092E+16
138688,138689,9,7,76,126,2016,6,10,3,3,2,6,0,0,1,0,0,0,1,0,5.561E+20,5.26771E+21,9.74575E+15,4.75604E+16
138689,138690,9,4,61,0,2016,6,10,5,3,6,4,0,0,1,0,1,0,0,0,6.35923E+20,5.52833E+21,1.08924E+16,4.98919E+16
138690,138691,9,1,61,0,2016,6,16,6,3,4,3,0,0,0,0,0,1,0,1,6.77716E+20,5.40094E+21,1.14171E+16,4.87361E+16
138691,138692,9,5,64,0,2016,6,17,5,3,5,2,0,0,0,1,0,1,0,0,6.4679E+20,5.47922E+21,1.10252E+16,4.94479E+16
138692,138693,9,4,62,0,2016,6,19,6,3,5,2,0,0,1,1,0,0,0,0,6.84446E+20,5.53586E+21,1.1571E+16,4.99466E+16
138693,138694,9,1,81,130,2016,6,16,5,2,6,3,0,0,1,0,1,0,0,0,6.39709E+20,5.32421E+21,1.08749E+16,4.80559E+16
138694,138695,9,1,90,139,2016,6,9,4,2,0,7,0,1,1,0,0,0,0,0,6.55149E+20,5.29467E+21,1.10714E+16,4.77867E+16
138695,138696,9,6,75,147,2016,6,18,4,3,8,7,0,0,0,1,0,1,0,0,5.82751E+20,5.50218E+21,1.01468E+16,4.96664E+16
138696,138697,9,1,62,0,2016,6,17,5,3,3,2,0,0,0,1,0,0,0,1,6.91874E+20,5.33215E+21,1.15779E+16,4.81136E+16
138697,138698,9,7,62,0,2016,6,7,3,2,0,1,0,0,1,0,0,0,0,0,6.21958E+20,5.30217E+21,1.06306E+16,4.78613E+16
138698,138699,9,1,82,119,2016,6,17,6,3,5,3,0,0,1,0,0,0,0,1,7.12327E+20,5.29237E+21,1.18328E+16,4.77497E+16
138699,138700,9,4,61,0,2016,6,14,5,3,0,7,0,0,1,0,0,0,0,0,6.35405E+20,5.52662E+21,1.08846E+16,4.98767E+16
138700,138701,9,1,80,117,2016,6,11,4,3,2,6,0,0,0,1,0,0,0,0,6.57728E+20,5.26192E+21,1.1094E+16,4.74916E+16
138701,138702,9,1,78,145,2016,6,17,6,3,0,1,0,0,0,0,0,1,0,0,6.97569E+20,5.35565E+21,1.16653E+16,4.83232E+16
138702,138703,9,2,77,145,2016,6,15,6,3,5,3,0,0,1,1,0,0,0,0,7.97654E+20,5.3535E+21,1.30112E+16,4.82647E+16
138703,138704,9,6,73,117,2016,6,21,4,3,0,7,0,0,1,0,0,0,0,1,5.71591E+20,5.5836E+21,1.00073E+16,5.04E+16
138704,138705,9,1,77,117,2016,6,14,5,3,5,2,0,1,1,1,0,0,0,0,7.15557E+20,5.35446E+21,1.19071E+16,4.83066E+16
138705,138706,9,1,83,148,2016,6,17,4,3,1,6,0,0,0,1,0,0,0,0,7.53247E+20,5.34506E+21,1.24089E+16,4.82082E+16
138706,138707,9,3,73,147,2016,6,15,6,3,5,3,0,0,1,1,0,0,0,0,6.78923E+20,5.46211E+21,1.14604E+16,4.92855E+16
138707,138708,9,6,73,114,2016,6,11,4,3,5,3,0,1,0,1,0,0,0,0,5.85325E+20,5.57486E+21,1.01986E+16,5.03197E+16
138708,138709,9,1,78,113,2016,6,0,5,1,9,1,2,1,1,0,0,0,0,0,6.94015E+20,5.36814E+21,1.16232E+16,4.84365E+16
138709,138710,9,1,72,118,2016,6,8,4,3,5,3,0,0,1,1,0,0,0,0,7.97421E+20,5.30517E+21,1.29745E+16,4.7831E+16
138710,138711,9,5,62,0,2016,6,18,4,3,3,2,0,1,1,1,0,0,0,0,6.45141E+20,5.4945E+21,1.10081E+16,4.95856E+16
138711,138712,9,7,61,0,2016,6,19,5,2,4,2,0,0,1,1,0,0,0,0,6.40231E+20,5.35851E+21,1.08933E+16,4.83642E+16
138712,138713,9,7,73,125,2016,6,11,3,3,5,3,0,0,1,1,0,0,0,0,6.1069E+20,5.38159E+21,1.05007E+16,4.85776E+16
138713,138714,9,5,74,123,2016,6,7,6,2,5,3,0,0,1,1,0,0,0,0,6.59916E+20,5.47207E+21,1.12033E+16,4.93803E+16
138714,138715,9,1,63,0,2016,6,21,4,3,3,6,2,1,0,1,0,1,0,0,7.34132E+20,5.30473E+21,1.213E+16,4.78532E+16
138715,138716,9,1,78,122,2016,6,15,6,3,5,3,0,0,1,1,0,0,0,0,7.03769E+20,5.3855E+21,1.17634E+16,4.85894E+16
138716,138717,9,1,71,111,2016,6,15,6,3,0,1,0,0,1,0,0,0,0,0,7.73235E+20,5.34799E+21,1.26793E+16,4.82262E+16
138717,138718,9,5,64,0,2016,6,15,4,2,0,7,0,0,0,0,0,0,0,1,6.53302E+20,5.47828E+21,1.11146E+16,4.94379E+16
138718,138719,9,6,63,0,2016,6,16,5,3,1,6,0,0,0,1,0,0,0,0,5.69864E+20,5.51512E+21,9.97051E+15,4.97845E+16
138719,138720,9,7,61,0,2016,6,15,3,3,2,6,0,0,0,1,0,0,0,0,6.41173E+20,5.35805E+21,1.09058E+16,4.83599E+16
138720,138721,9,6,79,202,2016,6,13,5,3,0,7,0,0,1,0,0,0,0,0,5.63353E+20,5.52022E+21,9.88091E+15,4.98311E+16
138721,138722,9,7,71,113,2016,6,7,3,3,5,3,0,0,1,1,0,0,0,0,6.57E+20,5.36969E+21,1.11237E+16,4.84607E+16
138722,138723,9,5,64,0,2016,6,7,5,3,4,6,0,0,1,0,0,0,0,0,6.50971E+20,5.47924E+21,1.10828E+16,4.9447E+16
138723,138724,9,5,64,0,2016,6,7,6,3,5,3,0,0,0,1,0,0,0,1,6.50996E+20,5.47512E+21,1.10816E+16,4.941E+16
138724,138725,9,1,82,120,2016,6,13,4,3,5,3,0,1,1,1,0,0,0,0,7.0199E+20,5.30712E+21,1.17019E+16,4.78856E+16
138725,138726,9,5,64,0,2016,6,17,4,3,5,2,0,0,1,1,0,0,0,0,6.55149E+20,5.47581E+21,1.11391E+16,4.94151E+16
138726,138727,9,1,62,0,2016,6,8,4,3,6,4,0,0,1,0,1,0,0,1,6.86672E+20,5.33946E+21,1.15113E+16,4.81809E+16
138727,138728,9,1,62,0,2016,6,9,5,3,0,7,0,0,1,0,0,0,0,0,6.92595E+20,5.33418E+21,1.15885E+16,4.81317E+16
138728,138729,9,7,71,113,2016,6,16,3,3,2,6,0,0,0,1,0,0,0,0,6.55854E+20,5.36693E+21,1.11072E+16,4.84362E+16
138729,138730,9,6,63,0,2016,6,16,5,2,5,3,0,0,0,1,0,0,0,0,5.68387E+20,5.51589E+21,9.95014E+15,4.97916E+16
138730,138731,9,4,61,0,2016,6,10,5,3,5,3,0,0,1,1,0,0,0,0,6.37033E+20,5.52774E+21,1.09077E+16,4.98864E+16
138731,138732,9,1,88,126,2016,6,18,6,2,5,3,0,0,1,1,0,0,0,0,6.59149E+20,5.3242E+21,1.11357E+16,4.80512E+16
138732,138733,9,5,64,0,2016,6,16,5,3,3,6,0,0,0,1,0,1,0,0,6.52009E+20,5.47969E+21,1.10973E+16,4.94509E+16
138733,138734,9,1,76,139,2016,6,17,5,2,6,2,0,0,0,1,1,0,0,0,6.83795E+20,5.41076E+21,1.15041E+16,4.88226E+16
138734,138735,9,1,87,150,2016,6,17,4,3,5,3,0,0,0,1,0,0,0,0,7.28635E+20,5.3033E+21,1.20558E+16,4.78423E+16
138735,138736,9,5,64,0,2016,6,18,5,3,2,6,0,0,0,1,0,0,0,0,6.498E+20,5.47966E+21,1.10669E+16,4.94511E+16
138736,138737,9,1,79,137,2016,6,13,4,3,0,5,0,0,1,0,0,0,0,0,6.5604E+20,5.34677E+21,1.11023E+16,4.82549E+16
138737,138738,9,1,77,117,2016,6,17,6,3,5,6,0,0,1,0,0,0,0,0,7.14472E+20,5.35329E+21,1.18919E+16,4.82964E+16
138738,138739,9,5,64,0,2016,6,15,4,3,4,6,0,0,0,1,0,0,0,0,6.50534E+20,5.47751E+21,1.10762E+16,4.94317E+16
138739,138740,9,1,62,0,2016,6,17,4,2,0,1,0,0,1,0,0,0,0,0,6.8878E+20,5.33837E+21,1.15392E+16,4.81705E+16
138740,138741,9,1,62,0,2016,6,13,5,3,3,7,0,1,0,1,0,0,1,1,6.89922E+20,5.33194E+21,1.15517E+16,4.81124E+16
138741,138742,9,6,79,147,2016,6,17,3,3,5,3,0,0,1,1,0,0,0,0,5.63082E+20,5.51469E+21,9.87625E+15,4.97814E+16
138742,138743,9,4,61,0,2016,6,9,5,3,5,3,0,0,0,1,0,0,0,0,6.35433E+20,5.5281E+21,1.08855E+16,4.989E+16
138743,138744,9,1,79,126,2016,6,18,6,3,0,1,0,0,1,0,0,0,0,0,6.76596E+20,5.33893E+21,1.13757E+16,4.81791E+16
138744,138745,9,1,74,113,2016,6,7,4,2,9,1,0,1,0,1,0,0,0,0,6.70877E+20,5.34674E+21,1.1302E+16,4.82508E+16
138745,138746,9,3,72,153,2016,6,18,6,3,6,7,0,0,0,1,1,0,0,0,7.58158E+20,5.45638E+21,1.25445E+16,4.92058E+16
138746,138747,9,1,74,115,2016,6,17,5,3,0,1,0,0,1,0,0,0,0,0,6.81252E+20,5.34735E+21,1.14419E+16,4.82534E+16
138747,138748,9,1,74,115,2016,6,15,4,3,4,6,0,0,0,1,0,0,0,0,6.80413E+20,5.34848E+21,1.1431E+16,4.82638E+16
138748,138749,9,5,77,177,2016,6,13,4,3,5,2,0,1,1,1,0,0,0,0,6.44041E+20,5.43262E+21,1.09705E+16,4.90297E+16
138749,138750,9,6,63,0,2016,6,14,3,3,5,3,0,0,1,1,0,0,0,0,5.65813E+20,5.51653E+21,9.91449E+15,4.97977E+16
138750,138751,9,4,64,0,2016,6,7,4,3,6,7,0,0,1,0,1,0,0,0,7.06471E+20,5.57797E+21,1.19004E+16,5.03176E+16
138751,138752,9,1,62,0,2016,6,23,5,3,5,3,2,0,0,1,0,0,0,0,6.88755E+20,5.33441E+21,1.15371E+16,4.8135E+16
138752,138753,9,6,77,155,2016,6,19,3,3,5,2,0,0,1,0,0,0,0,0,5.41288E+20,5.53803E+21,9.57603E+15,4.99932E+16
138753,138754,9,3,74,162,2016,6,17,5,3,5,3,0,0,0,1,0,1,0,0,7.40692E+20,5.50058E+21,1.23319E+16,4.96098E+16
138754,138755,9,1,78,124,2016,6,21,4,3,4,6,2,1,0,1,0,0,0,0,7.03698E+20,5.36555E+21,1.17527E+16,4.84102E+16
138755,138756,9,3,76,150,2016,6,18,6,3,4,1,0,0,0,1,0,0,0,0,7.26654E+20,5.4916E+21,1.21327E+16,4.95346E+16
138756,138757,9,4,63,0,2016,6,17,4,2,0,1,0,1,1,0,0,0,0,0,6.40676E+20,5.56769E+21,1.0973E+16,5.02446E+16
138757,138758,9,1,78,124,2016,6,8,5,3,5,3,0,0,0,1,0,0,0,0,7.04706E+20,5.36276E+21,1.1765E+16,4.83848E+16
138758,138759,9,6,63,0,2016,6,12,5,3,2,6,0,0,0,1,0,0,0,0,5.69811E+20,5.51639E+21,9.97001E+15,4.97959E+16
138759,138760,9,6,78,115,2016,6,11,3,3,0,1,0,0,1,0,0,0,0,0,5.85081E+20,5.54067E+21,1.01875E+16,5.00123E+16
138760,138761,9,5,64,0,2016,6,16,5,3,0,1,0,0,1,0,0,0,0,0,6.47098E+20,5.48695E+21,1.10323E+16,4.95173E+16
138761,138762,9,5,63,0,2016,6,14,6,3,4,7,0,0,1,0,0,0,0,0,6.42611E+20,5.4847E+21,1.09695E+16,4.94982E+16
138762,138763,9,1,78,124,2016,6,17,4,3,0,1,0,0,1,0,0,0,0,0,7.037E+20,5.36575E+21,1.17528E+16,4.84119E+16
138763,138764,9,5,62,0,2016,6,7,6,3,0,7,0,0,0,1,1,0,0,0,6.43788E+20,5.49296E+21,1.09888E+16,4.95721E+16
138764,138765,9,3,74,146,2016,6,17,5,3,8,1,0,0,0,1,0,0,0,0,7.27909E+20,5.5001E+21,1.21549E+16,4.96104E+16
138765,138766,9,1,62,0,2016,6,18,3,3,5,3,0,0,1,0,0,0,0,0,6.90633E+20,5.33736E+21,1.15636E+16,4.81609E+16