FID,OBJECTID,ULAND,UREGBEZ,UKREIS,UGEMEINDE,UJAHR,UMONAT,USTUNDE,UWOCHENTAG,UKATEGORIE,UART,UTYP1,ULICHTVERH,IstStrasse,IstRad,IstPKW,IstFuss,IstKrad,IstGkfz,IstSonstig,LINREFX,LINREFY,XGCSWGS84,YGCSWGS84
138766,138767,9,1,77,119,2016,6,16,6,3,5,3,0,0,1,1,0,0,0,0,7.2128E+20,5.34103E+21,1.19771E+16,4.81839E+16
138767,138768,9,2,61,0,2016,6,11,6,3,5,3,0,0,1,1,0,0,0,0,7.33294E+20,5.38113E+21,1.21608E+16,4.85398E+16
138768,138769,9,4,73,151,2016,6,10,4,3,5,3,0,0,0,1,0,0,0,0,6.51081E+20,5.57771E+21,1.11228E+16,5.03321E+16
138769,138770,9,1,62,0,2016,6,10,4,3,5,2,0,1,0,1,0,0,0,0,6.92063E+20,5.33335E+21,1.1581E+16,4.81244E+16
138770,138771,9,6,74,195,2016,6,14,5,2,0,1,0,0,1,0,0,0,0,0,6.14152E+20,5.53806E+21,1.05923E+16,4.9984E+16
138771,138772,9,5,62,0,2016,6,17,3,3,0,7,0,0,1,0,0,0,0,0,6.4579E+20,5.49511E+21,1.10173E+16,4.9591E+16
138772,138773,9,5,64,0,2016,6,19,5,3,6,4,0,0,0,1,1,0,0,0,6.48128E+20,5.4757E+21,1.10423E+16,4.94159E+16
138773,138774,9,1,88,120,2016,6,11,3,3,5,3,0,0,0,1,0,1,0,0,6.79017E+20,5.32884E+21,1.1404E+16,4.80877E+16
138774,138775,9,1,75,115,2016,6,13,6,3,0,1,0,0,1,0,0,0,0,0,7.20285E+20,5.32894E+21,1.19575E+16,4.80757E+16
138775,138776,9,4,76,145,2016,6,17,4,1,6,4,0,0,0,1,1,0,0,0,6.63988E+20,5.56671E+21,1.12993E+16,5.02298E+16
138776,138777,9,1,62,0,2016,6,12,4,3,1,5,0,1,1,1,0,0,0,0,6.88259E+20,5.33646E+21,1.15313E+16,4.81535E+16
138777,138778,9,1,62,0,2016,6,16,5,3,0,1,0,1,1,0,0,0,0,0,6.92426E+20,5.33547E+21,1.15869E+16,4.81433E+16
138778,138779,9,5,72,131,2016,6,19,3,3,5,3,0,0,1,1,0,0,0,0,6.52734E+20,5.48713E+21,1.11102E+16,4.95175E+16
138779,138780,9,4,77,136,2016,6,6,4,3,1,7,0,0,0,1,0,0,0,1,6.7025E+20,5.55211E+21,1.13805E+16,5.00968E+16
138780,138781,9,1,62,0,2016,6,10,4,3,6,2,0,1,0,1,1,0,0,0,6.86795E+20,5.32806E+21,1.1508E+16,4.80784E+16
138781,138782,9,6,62,0,2016,6,22,5,3,1,5,2,0,0,1,0,1,0,0,5.87365E+20,5.5437E+21,1.02201E+16,5.00392E+16
138782,138783,9,5,64,0,2016,6,7,5,3,5,2,0,0,0,1,0,1,0,0,6.48234E+20,5.48123E+21,1.10459E+16,4.94656E+16
138783,138784,9,1,73,115,2016,6,16,5,3,3,6,0,1,1,1,0,0,0,0,6.80988E+20,5.28766E+21,1.14132E+16,4.77169E+16
138784,138785,9,1,62,0,2016,6,0,3,3,0,7,2,0,1,0,0,0,0,0,6.87838E+20,5.32977E+21,1.15227E+16,4.80934E+16
138785,138786,9,1,62,0,2016,6,17,5,3,5,3,0,1,1,1,0,0,0,0,6.98639E+20,5.32919E+21,1.16674E+16,4.8085E+16
138786,138787,9,4,77,128,2016,6,7,4,3,0,1,0,0,1,0,0,0,0,0,6.74997E+20,5.5532E+21,1.14473E+16,5.01053E+16
138787,138788,9,1,62,0,2016,6,22,4,3,3,6,2,1,0,1,0,1,0,0,6.91965E+20,5.33621E+21,1.1581E+16,4.81501E+16
138788,138789,9,1,62,0,2016,6,10,5,3,5,3,0,1,0,1,0,0,0,1,6.9096E+20,5.33512E+21,1.1567E+16,4.81407E+16
138789,138790,9,5,76,151,2016,6,16,3,3,5,3,0,0,1,1,0,0,0,0,6.59909E+20,5.46976E+21,1.12022E+16,4.93596E+16
138790,138791,9,3,75,208,2016,6,19,5,3,8,1,0,0,0,1,0,0,0,0,7.30442E+20,5.43998E+21,1.21552E+16,4.90695E+16
138791,138792,9,1,74,141,2016,6,16,6,3,0,1,0,0,1,0,0,0,0,0,6.85054E+20,5.35776E+21,1.14976E+16,4.83459E+16
138792,138793,9,1,62,0,2016,6,14,3,3,5,7,0,0,1,1,0,0,0,0,6.86976E+20,5.33696E+21,1.15143E+16,4.81584E+16
138793,138794,9,3,62,0,2016,6,14,6,3,0,1,0,0,1,0,0,0,0,0,7.28697E+20,5.43232E+21,1.2127E+16,4.90013E+16
138794,138795,9,4,62,0,2016,6,16,4,2,0,1,0,1,1,0,0,0,0,0,6.87749E+20,5.53766E+21,1.16178E+16,4.99617E+16
138795,138796,9,3,62,0,2016,6,8,5,3,0,7,0,1,1,0,0,0,0,1,7.23573E+20,5.43356E+21,1.20578E+16,4.90143E+16
138796,138797,9,1,74,113,2016,6,16,6,2,0,1,0,0,1,0,0,0,0,0,6.75383E+20,5.3479E+21,1.13631E+16,4.826E+16
138797,138798,9,5,73,120,2016,6,14,5,3,0,2,0,0,1,1,0,0,0,0,6.29035E+20,5.48298E+21,1.07816E+16,4.94857E+16
138798,138799,9,4,75,162,2016,6,12,6,3,5,3,0,0,0,1,0,0,0,0,7.16729E+20,5.57078E+21,1.20401E+16,5.02493E+16
138799,138800,9,1,85,149,2016,6,9,5,3,0,7,0,1,1,0,0,0,0,0,6.60475E+20,5.39962E+21,1.11823E+16,4.87289E+16
138800,138801,9,1,62,0,2016,6,18,3,3,1,3,0,0,1,0,0,1,0,0,7.01225E+20,5.33446E+21,1.17045E+16,4.81316E+16
138801,138802,9,4,74,123,2016,6,17,4,3,0,1,0,0,1,0,0,0,0,0,6.46134E+20,5.51543E+21,1.10296E+16,4.97735E+16
138802,138803,9,7,62,0,2016,6,11,5,3,5,3,0,1,0,1,0,0,0,0,6.23012E+20,5.30833E+21,1.06464E+16,4.79165E+16
138803,138804,9,5,65,0,2016,6,19,3,3,5,3,0,0,1,0,0,0,0,0,6.46352E+20,5.4657E+21,1.10142E+16,4.93265E+16
138804,138805,9,3,62,0,2016,6,9,5,3,5,2,0,1,0,1,0,1,0,0,7.25829E+20,5.43323E+21,1.20884E+16,4.90106E+16
138805,138806,9,1,62,0,2016,6,8,3,3,5,2,0,0,0,1,0,0,0,0,6.93955E+20,5.33302E+21,1.16063E+16,4.81208E+16
138806,138807,9,2,62,0,2016,6,11,6,3,1,6,0,0,0,1,0,0,0,1,8.28928E+20,5.38966E+21,1.34597E+16,4.85736E+16
138807,138808,9,4,74,126,2016,6,8,4,3,5,3,0,0,1,1,0,0,0,0,6.4891E+20,5.51074E+21,1.10664E+16,4.97307E+16
138808,138809,9,1,77,117,2016,6,12,5,3,5,7,0,0,1,1,0,0,0,0,7.15325E+20,5.35436E+21,1.19039E+16,4.83057E+16
138809,138810,9,6,61,0,2016,6,15,5,3,5,3,0,0,1,1,0,0,0,0,5.10676E+20,5.53701E+21,9.14891E+15,4.99853E+16
138810,138811,9,1,74,115,2016,6,7,5,3,0,1,0,1,0,0,0,1,0,0,6.8291E+20,5.34842E+21,1.14646E+16,4.82625E+16
138811,138812,9,1,62,0,2016,6,17,3,3,0,7,0,0,1,0,0,0,0,1,6.82861E+20,5.34106E+21,1.14608E+16,4.81964E+16
138812,138813,9,7,62,0,2016,6,14,5,3,8,1,0,1,0,1,0,0,0,0,6.21226E+20,5.30374E+21,1.06212E+16,4.78756E+16
138813,138814,9,5,63,0,2016,6,6,3,3,5,3,0,0,0,1,0,1,0,0,6.45388E+20,5.48505E+21,1.1008E+16,4.95006E+16
138814,138815,9,5,62,0,2016,6,15,6,3,5,2,0,0,1,0,0,1,0,0,6.47117E+20,5.49559E+21,1.10358E+16,4.95949E+16
138815,138816,9,1,62,0,2016,6,12,3,3,5,3,0,0,0,1,0,0,0,0,6.89791E+20,5.34318E+21,1.15549E+16,4.82134E+16
138816,138817,9,1,62,0,2016,6,10,5,3,5,3,0,1,0,1,0,0,1,0,6.89408E+20,5.33574E+21,1.15465E+16,4.81467E+16
138817,138818,9,1,83,128,2016,6,13,6,3,5,3,0,0,0,1,0,0,1,0,7.6157E+20,5.35017E+21,1.25239E+16,4.82507E+16
138818,138819,9,4,61,0,2016,6,12,4,3,6,7,0,0,1,0,1,0,0,0,6.3497E+20,5.52831E+21,1.08791E+16,4.98919E+16
138819,138820,9,6,61,0,2016,6,14,5,3,1,6,0,0,0,1,0,0,0,0,5.10268E+20,5.53548E+21,9.14319E+15,4.99716E+16
138820,138821,9,5,64,0,2016,6,18,3,3,5,3,0,0,1,1,0,0,0,0,6.48906E+20,5.48033E+21,1.10548E+16,4.94573E+16
138821,138822,9,5,77,114,2016,6,7,5,3,0,7,0,0,0,0,0,0,0,1,6.25549E+20,5.44632E+21,1.07219E+16,4.91569E+16
138822,138823,9,5,64,0,2016,6,15,3,3,5,2,0,0,0,1,0,0,0,0,6.47889E+20,5.47775E+21,1.10398E+16,4.94344E+16
138823,138824,9,5,71,136,2016,6,8,5,3,2,6,0,0,0,1,0,0,0,0,5.97099E+20,5.43615E+21,1.03294E+16,4.90705E+16
138824,138825,9,5,64,0,2016,6,13,6,3,1,5,0,0,1,1,0,0,0,0,6.51512E+20,5.47862E+21,1.10901E+16,4.94414E+16
138825,138826,9,1,62,0,2016,6,9,3,3,5,3,0,0,1,1,0,0,0,0,6.90689E+20,5.33294E+21,1.15624E+16,4.81211E+16
138826,138827,9,3,63,0,2016,6,16,4,3,5,3,0,1,0,1,0,0,0,0,7.27136E+20,5.50621E+21,1.21478E+16,4.96656E+16
138827,138828,9,1,62,0,2016,6,12,4,3,0,7,0,1,0,0,0,1,0,0,6.91151E+20,5.33569E+21,1.15698E+16,4.81457E+16
138828,138829,9,5,64,0,2016,6,9,3,2,6,4,0,0,0,0,1,1,0,0,6.50609E+20,5.47842E+21,1.10775E+16,4.94398E+16
138829,138830,9,5,62,0,2016,6,16,5,3,3,6,0,0,0,1,0,1,0,0,6.44083E+20,5.49411E+21,1.09933E+16,4.95824E+16
138830,138831,9,3,62,0,2016,6,9,5,3,5,3,0,1,0,1,0,1,0,0,7.26431E+20,5.4339E+21,1.2097E+16,4.90164E+16
138831,138832,9,5,61,0,2016,6,15,5,3,5,2,0,0,0,1,0,1,0,0,6.14085E+20,5.46292E+21,1.05695E+16,4.93084E+16
138832,138833,9,1,63,0,2016,6,8,5,3,5,3,0,1,1,1,0,0,0,0,7.33892E+20,5.30559E+21,1.21272E+16,4.78611E+16
138833,138834,9,1,84,120,2016,6,18,3,3,0,1,0,0,0,0,0,1,0,0,6.81295E+20,5.33181E+21,1.14358E+16,4.81138E+16
138834,138835,9,3,62,0,2016,6,22,4,3,0,6,2,0,0,1,0,1,0,0,7.28687E+20,5.43232E+21,1.21269E+16,4.90014E+16
138835,138836,9,1,62,0,2016,6,12,4,3,3,2,0,1,1,1,0,0,0,0,6.91398E+20,5.33426E+21,1.15725E+16,4.81328E+16
138836,138837,9,7,77,121,2016,6,7,5,3,1,1,0,1,1,1,0,0,0,0,6.29131E+20,5.32155E+21,1.07323E+16,4.80342E+16
138837,138838,9,1,84,120,2016,6,21,3,2,7,1,0,0,1,0,0,0,0,0,6.80527E+20,5.33259E+21,1.14258E+16,4.81209E+16
138838,138839,9,1,62,0,2016,6,7,5,3,5,3,0,1,0,1,0,0,0,0,6.90909E+20,5.32953E+21,1.15638E+16,4.80904E+16
138839,138840,9,3,75,174,2016,6,18,4,3,5,3,0,0,0,1,0,0,0,0,7.34471E+20,5.43132E+21,1.22053E+16,4.89903E+16
138840,138841,9,7,75,152,2016,6,15,4,3,3,7,0,0,1,1,0,0,0,0,5.76554E+20,5.35335E+21,1.00328E+16,4.83287E+16
138841,138842,9,7,79,194,2016,6,16,5,3,5,3,0,0,1,1,0,0,0,0,6.08774E+20,5.41167E+21,1.04827E+16,4.88484E+16
138842,138843,9,5,64,0,2016,6,20,3,3,5,3,0,0,1,1,0,0,0,0,6.48179E+20,5.47981E+21,1.10446E+16,4.94528E+16
138843,138844,9,3,73,147,2016,6,17,5,3,5,3,0,0,1,1,0,0,0,0,6.7899E+20,5.46083E+21,1.14608E+16,4.9274E+16
138844,138845,9,1,74,115,2016,6,20,6,3,1,1,0,0,0,1,0,1,0,0,6.80816E+20,5.34715E+21,1.14359E+16,4.82517E+16
138845,138846,9,4,64,0,2016,6,15,5,3,2,6,0,0,0,1,0,0,0,1,7.07318E+20,5.57752E+21,1.1912E+16,5.03132E+16
138846,138847,9,3,75,162,2016,6,11,6,3,0,2,0,0,1,0,0,0,0,0,7.10869E+20,5.43856E+21,1.18869E+16,4.90638E+16
138847,138848,9,1,79,145,2016,6,17,5,3,0,7,0,0,0,0,0,0,0,1,6.74118E+20,5.33758E+21,1.13418E+16,4.81676E+16
138848,138849,9,1,62,0,2016,6,7,3,3,0,7,0,0,1,0,0,0,0,0,6.8345E+20,5.33609E+21,1.14666E+16,4.81516E+16
138849,138850,9,3,75,165,2016,6,12,4,3,4,2,0,0,1,1,0,0,0,0,7.25795E+20,5.43769E+21,1.20904E+16,4.90506E+16
138850,138851,9,7,79,194,2016,6,12,5,3,2,2,0,0,0,1,0,0,0,1,6.08774E+20,5.41167E+21,1.04827E+16,4.88484E+16
138851,138852,9,5,64,0,2016,6,16,3,3,5,3,0,0,1,1,0,0,0,0,6.52308E+20,5.46886E+21,1.10973E+16,4.93534E+16
138852,138853,9,3,61,0,2016,6,21,5,3,5,3,0,0,1,1,0,0,0,0,7.0689E+20,5.48362E+21,1.18557E+16,4.94699E+16
138853,138854,9,1,62,0,2016,6,17,3,3,0,7,0,0,1,1,0,0,0,0,6.90464E+20,5.34228E+21,1.15636E+16,4.82051E+16
138854,138855,9,5,64,0,2016,6,18,3,3,0,7,0,0,1,1,0,0,0,0,6.48487E+20,5.47849E+21,1.10483E+16,4.94409E+16
138855,138856,9,2,61,0,2016,6,19,5,3,5,3,0,0,0,1,0,0,0,0,7.31615E+20,5.38187E+21,1.21385E+16,4.85471E+16
138856,138857,9,1,62,0,2016,6,12,3,3,4,2,0,0,1,1,0,0,0,0,6.98185E+20,5.33468E+21,1.16638E+16,4.81345E+16
138857,138858,9,3,72,178,2016,6,15,6,3,0,1,0,0,1,0,0,0,0,0,7.98125E+20,5.45422E+21,1.30903E+16,4.91683E+16
138858,138859,9,3,62,0,2016,6,14,4,3,0,1,0,0,1,0,0,0,0,0,7.27401E+20,5.43365E+21,1.21101E+16,4.90138E+16
138859,138860,9,1,78,124,2016,6,15,5,3,5,3,0,0,0,1,0,1,0,0,7.03854E+20,5.36354E+21,1.17538E+16,4.8392E+16
138860,138861,9,3,62,0,2016,6,8,4,3,2,6,0,0,1,0,0,0,0,0,7.25443E+20,5.43315E+21,1.20831E+16,4.90101E+16
138861,138862,9,5,62,0,2016,6,19,5,2,6,4,0,0,0,1,1,0,0,0,6.47169E+20,5.49641E+21,1.10368E+16,4.96023E+16
138862,138863,9,5,64,0,2016,6,7,3,2,5,2,0,0,0,1,0,1,0,0,6.48509E+20,5.47794E+21,1.10484E+16,4.94359E+16
138863,138864,9,5,63,0,2016,6,19,6,2,5,3,0,0,1,0,0,0,0,0,6.42956E+20,5.48584E+21,1.09747E+16,4.95083E+16
138864,138865,9,1,62,0,2016,6,19,3,3,5,2,0,0,0,1,0,1,0,0,6.95133E+20,5.333E+21,1.16221E+16,4.81203E+16
138865,138866,9,1,62,0,2016,6,7,5,2,1,5,0,1,1,1,0,0,0,0,6.85754E+20,5.33286E+21,1.14961E+16,4.81219E+16
138866,138867,9,1,63,0,2016,6,17,6,3,5,7,0,0,1,1,0,0,0,0,7.3245E+20,5.3046E+21,1.21075E+16,4.78527E+16
138867,138868,9,3,62,0,2016,6,22,4,3,5,2,2,0,0,1,0,0,0,0,7.27197E+20,5.43091E+21,1.21058E+16,4.89893E+16
138868,138869,9,7,63,0,2016,6,13,4,3,0,1,0,1,0,0,0,1,0,0,5.99483E+20,5.28522E+21,1.03263E+16,4.77127E+16
138869,138870,9,1,62,0,2016,6,9,5,3,3,3,0,0,1,1,0,0,0,0,6.90688E+20,5.33815E+21,1.15647E+16,4.8168E+16
138870,138871,9,2,61,0,2016,6,10,6,3,0,6,0,0,1,1,0,0,0,1,7.32915E+20,5.38076E+21,1.21554E+16,4.85367E+16
138871,138872,9,3,62,0,2016,6,8,4,3,3,6,0,0,0,1,0,1,0,0,7.24463E+20,5.4338E+21,1.207E+16,4.90162E+16
138872,138873,9,1,62,0,2016,6,19,4,3,6,4,0,1,1,0,1,0,0,0,6.85561E+20,5.33533E+21,1.14946E+16,4.81442E+16
138873,138874,9,5,72,154,2016,6,15,5,3,4,6,0,0,1,0,0,0,0,0,6.4851E+20,5.49629E+21,1.10553E+16,4.96009E+16
138874,138875,9,5,64,0,2016,6,16,3,3,4,2,0,0,0,1,0,0,0,0,6.52338E+20,5.48234E+21,1.11029E+16,4.94746E+16
138875,138876,9,4,63,0,2016,6,17,5,3,5,3,0,0,0,1,0,1,0,0,6.40195E+20,5.56944E+21,1.09669E+16,5.02604E+16
138876,138877,9,5,64,0,2016,6,10,6,3,5,3,0,0,0,1,0,0,0,0,6.48791E+20,5.4809E+21,1.10534E+16,4.94625E+16
138877,138878,9,1,62,0,2016,6,17,5,2,0,1,0,1,0,0,0,1,0,0,6.96821E+20,5.33375E+21,1.16451E+16,4.81266E+16
138878,138879,9,3,62,0,2016,6,8,4,2,4,2,0,0,0,1,0,1,0,0,7.25792E+20,5.43522E+21,1.2089E+16,4.90285E+16
138879,138880,9,7,77,169,2016,6,10,4,3,5,3,0,1,0,1,0,0,0,0,6.30008E+20,5.27031E+21,1.07287E+16,4.75731E+16
138880,138881,9,7,72,162,2016,6,13,5,3,9,2,0,1,0,1,0,0,0,0,6.36934E+20,5.33506E+21,1.08412E+16,4.81541E+16
138881,138882,9,5,77,177,2016,6,17,3,3,8,1,0,1,0,0,0,1,0,0,6.44692E+20,5.43224E+21,1.09793E+16,4.90261E+16
138882,138883,9,2,75,146,2016,6,23,2,3,0,6,2,1,0,0,0,1,0,0,8.32213E+20,5.39535E+21,1.35087E+16,4.86229E+16
138883,138884,9,4,61,0,2016,6,11,3,3,6,7,0,1,0,1,1,0,0,0,6.35291E+20,5.52716E+21,1.08832E+16,4.98815E+16
138884,138885,9,1,62,0,2016,6,18,2,3,9,6,0,0,0,1,1,0,0,0,6.86042E+20,5.33761E+21,1.15021E+16,4.81645E+16
138885,138886,9,1,62,0,2016,6,7,1,3,2,6,0,1,0,1,0,0,0,0,6.90887E+20,5.33443E+21,1.15657E+16,4.81345E+16
138886,138887,9,1,61,0,2016,6,10,7,3,5,2,0,1,1,0,0,1,0,0,6.79496E+20,5.40296E+21,1.14421E+16,4.87538E+16
138887,138888,9,7,61,0,2016,6,18,3,3,2,6,0,1,0,1,0,0,0,0,6.39588E+20,5.35957E+21,1.0885E+16,4.83738E+16
138888,138889,9,7,77,173,2016,6,0,7,2,8,1,2,0,1,0,0,0,0,0,6.35547E+20,5.27647E+21,1.08042E+16,4.76275E+16
138889,138890,9,7,74,150,2016,6,7,1,3,5,3,0,0,0,1,0,0,0,0,6.05201E+20,5.34485E+21,1.04171E+16,4.82481E+16
138890,138891,9,7,63,0,2016,6,17,6,3,6,7,0,0,1,0,1,0,0,0,5.98276E+20,5.28745E+21,1.03107E+16,4.77329E+16
138891,138892,9,6,63,0,2016,6,20,2,3,6,7,0,1,0,1,1,0,0,0,5.71355E+20,5.51621E+21,9.99142E+15,4.97941E+16
138892,138893,9,1,79,121,2016,6,18,2,3,1,6,0,0,0,1,0,0,0,0,6.67086E+20,5.33776E+21,1.12474E+16,4.81711E+16
138893,138894,9,1,87,157,2016,6,12,3,3,0,1,0,0,1,0,0,0,0,0,7.38427E+20,5.28222E+21,1.2175E+16,4.76494E+16
138894,138895,9,7,61,0,2016,6,13,3,3,5,3,0,0,1,1,0,0,0,0,6.38365E+20,5.35937E+21,1.08684E+16,4.83723E+16
138895,138896,9,1,76,138,2016,6,18,7,2,6,1,0,0,0,1,1,0,0,0,6.75866E+20,5.41974E+21,1.14E+16,4.89057E+16
138896,138897,9,7,79,186,2016,6,13,7,3,8,1,0,0,0,0,0,1,0,0,6.36505E+20,5.41E+21,1.08599E+16,4.8828E+16
138897,138898,9,7,62,0,2016,6,19,1,3,0,1,0,0,1,0,0,0,0,0,6.22197E+20,5.30534E+21,1.06347E+16,4.78898E+16
138898,138899,9,1,78,123,2016,6,9,7,3,5,1,0,1,0,1,0,0,0,0,6.90607E+20,5.3574E+21,1.15723E+16,4.8341E+16
138899,138900,9,7,73,125,2016,6,13,7,3,5,3,0,1,0,1,0,0,0,0,6.10214E+20,5.38206E+21,1.04944E+16,4.85819E+16
138900,138901,9,7,61,0,2016,6,19,1,3,0,1,0,1,1,0,0,0,0,0,6.37556E+20,5.36118E+21,1.08581E+16,4.83888E+16
138901,138902,9,1,62,0,2016,6,17,6,3,3,5,0,0,1,1,0,0,0,0,6.91492E+20,5.33398E+21,1.15736E+16,4.81302E+16
138902,138903,9,7,72,170,2016,6,12,7,3,0,1,0,0,0,1,0,0,0,0,6.30701E+20,5.33626E+21,1.07578E+16,4.81661E+16
138903,138904,9,7,80,139,2016,6,13,6,3,7,1,0,0,1,1,0,0,0,0,5.96376E+20,5.26343E+21,1.02801E+16,4.75171E+16
138904,138905,9,6,63,0,2016,6,17,2,2,4,2,0,0,0,1,0,1,0,0,5.68639E+20,5.51672E+21,9.95379E+15,4.9799E+16
138905,138906,9,1,78,120,2016,6,14,2,3,1,6,0,0,0,1,0,1,0,0,6.96171E+20,5.35381E+21,1.16456E+16,4.8307E+16
138906,138907,9,1,82,116,2016,6,17,3,3,4,6,0,0,0,1,0,0,0,0,7.08866E+20,5.29368E+21,1.17873E+16,4.77626E+16
138907,138908,9,1,62,0,2016,6,13,6,3,2,6,0,0,0,1,0,1,0,0,6.9529E+20,5.33877E+21,1.16268E+16,4.81721E+16
138908,138909,9,7,72,147,2016,6,15,7,3,5,7,0,0,0,1,0,0,0,1,6.38868E+20,5.36507E+21,1.08771E+16,4.84234E+16
138909,138910,9,7,61,0,2016,6,1,1,3,0,1,2,1,1,0,0,0,0,0,6.38367E+20,5.35597E+21,1.08673E+16,4.83417E+16
138910,138911,9,4,61,0,2016,6,16,2,3,5,3,0,1,0,1,0,0,0,0,6.35525E+20,5.52941E+21,1.08873E+16,4.99017E+16
138911,138912,9,3,63,0,2016,6,15,3,3,5,3,0,0,1,1,0,0,0,0,7.27676E+20,5.50805E+21,1.21563E+16,4.96819E+16
138912,138913,9,6,79,138,2016,6,13,2,2,5,3,0,0,0,1,0,0,0,0,5.68903E+20,5.50009E+21,9.95451E+15,4.96495E+16
138913,138914,9,1,62,0,2016,6,19,2,3,5,3,0,0,1,1,0,0,0,0,6.86437E+20,5.33946E+21,1.15082E+16,4.8181E+16
138914,138915,9,1,78,145,2016,6,15,2,3,0,1,0,0,1,0,0,0,0,0,6.97399E+20,5.35599E+21,1.16632E+16,4.83262E+16
138915,138916,9,6,75,141,2016,6,14,2,3,5,3,0,0,0,1,0,1,0,0,5.83289E+20,5.50967E+21,1.01558E+16,4.97337E+16
138916,138917,9,1,78,120,2016,6,16,2,3,6,3,0,1,1,0,1,0,0,0,6.94013E+20,5.35323E+21,1.16163E+16,4.83025E+16
138917,138918,9,1,62,0,2016,6,13,6,3,0,1,0,0,0,0,0,1,0,0,6.89891E+20,5.33445E+21,1.15524E+16,4.81349E+16
138918,138919,9,6,63,0,2016,6,7,3,3,2,6,0,0,0,1,0,0,0,0,5.63835E+20,5.51772E+21,9.88721E+15,4.98086E+16
138919,138920,9,7,61,0,2016,6,0,7,3,0,1,2,0,1,0,0,0,0,0,6.38754E+20,5.35681E+21,1.08728E+16,4.83492E+16
138920,138921,9,5,62,0,2016,6,19,1,3,0,6,0,1,1,1,0,0,0,0,6.46446E+20,5.49615E+21,1.10267E+16,4.96002E+16
138921,138922,9,2,71,119,2016,6,10,2,3,4,2,0,0,0,1,1,0,0,0,7.90454E+20,5.41777E+21,1.29592E+16,4.88448E+16
138922,138923,9,3,62,0,2016,6,14,3,3,5,3,0,0,1,1,0,0,0,0,7.26081E+20,5.4319E+21,1.20911E+16,4.89985E+16
138923,138924,9,6,74,184,2016,6,8,2,2,8,1,0,1,0,1,0,0,0,0,6.23432E+20,5.55536E+21,1.07273E+16,5.01376E+16
138924,138925,9,1,62,0,2016,6,19,2,3,5,3,1,1,0,1,0,0,0,0,6.87414E+20,5.33398E+21,1.15189E+16,4.81314E+16
138925,138926,9,1,62,0,2016,6,15,6,2,5,2,0,0,1,1,0,0,0,0,6.86636E+20,5.3303E+21,1.15068E+16,4.80986E+16
138926,138927,9,6,62,0,2016,6,7,3,3,5,3,0,0,1,1,0,0,0,0,5.88844E+20,5.54489E+21,1.0241E+16,5.00496E+16
138927,138928,9,6,63,0,2016,6,10,7,3,0,7,0,0,0,1,0,0,0,1,5.67404E+20,5.51456E+21,9.93625E+15,4.97798E+16
138928,138929,9,5,64,0,2016,6,20,1,3,0,1,0,1,0,0,0,1,0,0,6.50814E+20,5.47912E+21,1.10806E+16,4.9446E+16
138929,138930,9,1,62,0,2016,6,14,6,3,3,6,0,0,0,1,0,1,0,0,6.92263E+20,5.33725E+21,1.15855E+16,4.81594E+16
138930,138931,9,6,74,147,2016,6,8,7,3,5,3,0,0,1,1,0,0,0,0,6.08747E+20,5.54382E+21,1.05186E+16,5.00367E+16
138931,138932,9,5,64,0,2016,6,23,1,3,4,3,2,0,1,1,0,0,0,0,6.49414E+20,5.48057E+21,1.10619E+16,4.94594E+16
138932,138933,9,6,72,112,2016,6,19,2,3,4,2,0,0,0,1,0,1,0,0,5.76413E+20,5.56665E+21,1.00717E+16,5.0247E+16
138933,138934,9,2,61,0,2016,6,13,2,3,4,6,0,0,0,1,0,0,0,1,7.33373E+20,5.37949E+21,1.21609E+16,4.8525E+16
138934,138935,9,3,62,0,2016,6,14,3,3,0,7,0,0,0,0,1,0,0,1,7.27281E+20,5.43367E+21,1.21085E+16,4.9014E+16
138935,138936,9,1,86,143,2016,6,7,3,3,3,7,0,0,0,1,0,1,0,0,6.84593E+20,5.37775E+21,1.15002E+16,4.85257E+16
138936,138937,9,1,84,148,2016,6,13,2,3,1,5,0,0,0,1,0,1,0,0,6.94755E+20,5.32725E+21,1.16144E+16,4.80687E+16
138937,138938,9,5,61,0,2016,6,2,1,3,6,4,2,0,0,1,1,0,0,0,6.13864E+20,5.46235E+21,1.05663E+16,4.93033E+16
138938,138939,9,1,62,0,2016,6,23,6,2,5,2,2,0,1,1,0,0,0,0,6.94483E+20,5.33373E+21,1.16137E+16,4.81271E+16
138939,138940,9,6,62,0,2016,6,10,7,3,1,5,0,0,1,1,0,0,0,0,5.8767E+20,5.54392E+21,1.02244E+16,5.00411E+16
138940,138941,9,4,78,116,2016,6,1,1,2,0,1,2,0,1,0,0,0,0,0,6.61028E+20,5.55684E+21,1.12536E+16,5.01419E+16
138941,138942,9,7,80,133,2016,6,13,6,3,0,1,0,0,1,0,0,0,0,0,5.9739E+20,5.25102E+21,1.02908E+16,4.74054E+16
138942,138943,9,6,76,139,2016,6,17,2,3,3,6,0,0,1,1,0,0,0,0,5.19516E+20,5.50587E+21,9.27066E+15,4.9705E+16
138943,138944,9,1,74,126,2016,6,13,2,3,5,3,0,1,0,1,0,1,0,0,6.83646E+20,5.34495E+21,1.14731E+16,4.82312E+16