FID,OBJECTID,ULAND,UREGBEZ,UKREIS,UGEMEINDE,UJAHR,UMONAT,USTUNDE,UWOCHENTAG,UKATEGORIE,UART,UTYP1,ULICHTVERH,IstStrasse,IstRad,IstPKW,IstFuss,IstKrad,IstGkfz,IstSonstig,LINREFX,LINREFY,XGCSWGS84,YGCSWGS84
138944,138945,9,1,86,143,2016,6,12,3,3,0,4,0,0,0,0,1,0,0,1,6.84613E+20,5.37787E+21,1.15005E+16,4.85268E+16
138945,138946,9,7,72,202,2016,6,19,3,3,0,1,0,0,1,0,0,0,0,0,6.37423E+20,5.35854E+21,1.08554E+16,4.83651E+16
138946,138947,9,7,71,130,2016,6,21,6,3,0,1,1,0,1,0,0,0,0,0,6.47361E+20,5.36055E+21,1.09902E+16,4.83809E+16
138947,138948,9,6,61,0,2016,6,17,2,3,0,7,0,1,1,0,0,0,0,0,5.0943E+20,5.53135E+21,9.1314E+15,4.99344E+16
138948,138949,9,1,71,117,2016,6,14,2,3,6,4,0,0,0,1,1,0,0,0,7.667E+20,5.33777E+21,1.25851E+16,4.81372E+16
138949,138950,9,1,85,149,2016,6,12,3,3,5,3,0,0,0,1,0,0,0,0,6.61287E+20,5.3989E+21,1.1193E+16,4.87222E+16
138950,138951,9,7,61,0,2016,6,15,3,3,2,6,0,0,1,0,0,0,0,0,6.39049E+20,5.36161E+21,1.08784E+16,4.83923E+16
138951,138952,9,1,62,0,2016,6,0,2,3,0,2,2,0,0,1,0,0,0,0,6.94447E+20,5.33305E+21,1.16129E+16,4.8121E+16
138952,138953,9,4,72,111,2016,6,11,1,3,5,3,0,1,0,1,0,0,0,0,6.6929E+20,5.52165E+21,1.13537E+16,4.98234E+16
138953,138954,9,1,62,0,2016,6,15,6,3,6,6,0,0,1,1,1,0,0,0,6.83257E+20,5.33914E+21,1.14653E+16,4.8179E+16
138954,138955,9,6,78,136,2016,6,12,7,3,0,7,0,0,0,1,1,0,0,0,5.85792E+20,5.53936E+21,1.01971E+16,5.00004E+16
138955,138956,9,7,72,163,2016,6,7,6,3,0,7,0,0,1,0,0,0,0,0,6.40637E+20,5.34894E+21,1.08956E+16,4.82781E+16
138956,138957,9,6,71,114,2016,6,6,2,3,0,7,0,1,1,1,0,0,0,0,5.02579E+20,5.54313E+21,9.03602E+15,5.00404E+16
138957,138958,9,7,72,163,2016,6,17,3,3,2,6,0,0,0,1,0,0,0,0,6.39948E+20,5.34739E+21,1.08858E+16,4.82642E+16
138958,138959,9,1,76,123,2016,6,9,3,3,0,7,0,0,1,0,0,0,0,0,6.59979E+20,5.41778E+21,1.11826E+16,4.88923E+16
138959,138960,9,1,62,0,2016,6,17,6,3,6,4,0,0,1,0,1,0,0,0,6.85276E+20,5.32997E+21,1.14885E+16,4.80961E+16
138960,138961,9,5,74,138,2016,6,15,3,2,6,4,0,0,0,1,1,0,0,0,6.64976E+20,5.48705E+21,1.12792E+16,4.95136E+16
138961,138962,9,6,61,0,2016,6,11,7,3,0,7,0,0,0,0,1,0,0,1,5.10394E+20,5.53705E+21,9.14499E+15,4.99857E+16
138962,138963,9,3,76,119,2016,6,15,1,3,5,3,0,0,0,1,0,0,0,0,7.19781E+20,5.45531E+21,1.20178E+16,4.92111E+16
138963,138964,9,1,62,0,2016,6,0,6,3,0,1,2,0,1,0,0,0,0,0,6.8965E+20,5.33293E+21,1.15485E+16,4.81213E+16
138964,138965,9,5,62,0,2016,6,19,7,3,1,5,0,0,1,1,0,0,0,0,6.431E+20,5.49666E+21,1.09806E+16,4.96055E+16
138965,138966,9,3,71,132,2016,6,17,1,3,1,5,0,1,1,1,0,0,0,0,6.94021E+20,5.46858E+21,1.1671E+16,4.9339E+16
138966,138967,9,1,62,0,2016,6,15,6,2,3,5,0,0,1,1,0,0,0,0,6.87559E+20,5.328E+21,1.15182E+16,4.80777E+16
138967,138968,9,5,76,143,2016,6,13,7,3,5,3,0,0,0,1,0,0,0,0,6.52901E+20,5.45751E+21,1.11011E+16,4.92513E+16
138968,138969,9,3,73,146,2016,6,16,3,3,0,1,0,0,1,0,0,0,0,0,6.79294E+20,5.45321E+21,1.14615E+16,4.92055E+16
138969,138970,9,5,62,0,2016,6,22,2,3,3,2,2,0,1,1,0,0,0,0,6.448E+20,5.49582E+21,1.10038E+16,4.95976E+16
138970,138971,9,1,62,0,2016,6,2,1,3,1,5,2,0,0,1,0,0,0,0,6.85693E+20,5.33235E+21,1.14951E+16,4.81173E+16
138971,138972,9,1,62,0,2016,6,11,6,3,1,5,0,0,1,1,0,0,0,0,6.87415E+20,5.33039E+21,1.15173E+16,4.80992E+16
138972,138973,9,5,63,0,2016,6,8,3,3,0,7,0,0,1,0,0,0,0,1,6.44023E+20,5.48251E+21,1.09882E+16,4.94782E+16
138973,138974,9,5,74,139,2016,6,16,7,2,8,7,0,0,0,1,0,0,0,0,6.71055E+20,5.48047E+21,1.13602E+16,4.94528E+16
138974,138975,9,2,71,119,2016,6,7,2,3,5,3,0,1,0,1,0,0,0,0,7.89433E+20,5.41667E+21,1.29445E+16,4.88354E+16
138975,138976,9,3,72,116,2016,6,10,3,3,3,2,0,0,0,1,0,1,0,0,7.66307E+20,5.45892E+21,1.26578E+16,4.92251E+16
138976,138977,9,5,62,0,2016,6,7,2,3,5,3,0,1,1,1,0,0,0,0,6.45769E+20,5.49601E+21,1.10173E+16,4.95991E+16
138977,138978,9,3,62,0,2016,6,9,2,2,5,3,0,0,1,1,0,0,0,0,7.2347E+20,5.43347E+21,1.20563E+16,4.90136E+16
138978,138979,9,3,76,151,2016,6,14,3,3,4,6,0,0,0,1,0,1,0,0,7.47513E+20,5.48409E+21,1.24158E+16,4.9459E+16
138979,138980,9,5,74,138,2016,6,7,2,3,5,3,0,1,1,1,0,0,0,0,6.64777E+20,5.48717E+21,1.12765E+16,4.95148E+16
138980,138981,9,1,62,0,2016,6,17,2,3,3,6,0,0,1,1,0,0,0,0,6.91956E+20,5.33226E+21,1.15791E+16,4.81146E+16
138981,138982,9,1,62,0,2016,6,12,1,3,6,4,0,0,0,1,1,0,0,0,6.88299E+20,5.33056E+21,1.15293E+16,4.81004E+16
138982,138983,9,1,62,0,2016,6,16,6,3,0,3,0,0,0,1,0,1,0,0,6.91896E+20,5.34093E+21,1.15822E+16,4.81926E+16
138983,138984,9,5,64,0,2016,6,16,7,2,0,6,0,0,0,0,0,0,0,1,6.53585E+20,5.47675E+21,1.11179E+16,4.9424E+16
138984,138985,9,3,71,151,2016,6,17,1,3,5,3,0,1,0,1,0,0,0,0,7.00689E+20,5.48581E+21,1.17714E+16,4.94917E+16
138985,138986,9,7,61,0,2016,6,20,6,3,1,6,0,0,0,1,0,1,0,0,6.37682E+20,5.36038E+21,1.08595E+16,4.83815E+16
138986,138987,9,5,74,112,2016,6,7,2,2,5,3,0,1,0,1,1,0,0,0,6.71143E+20,5.47289E+21,1.13582E+16,4.93846E+16
138987,138988,9,1,73,112,2016,6,21,2,3,7,1,1,1,1,0,0,0,0,0,6.91906E+20,5.29292E+21,1.15609E+16,4.77611E+16
138988,138989,9,2,61,0,2016,6,19,3,3,0,7,0,0,1,0,0,0,0,0,7.32562E+20,5.3804E+21,1.21505E+16,4.85336E+16
138989,138990,9,1,79,121,2016,6,19,3,3,1,6,0,1,1,1,0,0,0,0,6.67155E+20,5.33746E+21,1.12482E+16,4.81684E+16
138990,138991,9,7,61,0,2016,6,13,3,3,4,1,0,0,1,0,0,0,0,0,6.40754E+20,5.35504E+21,1.08992E+16,4.83328E+16
138991,138992,9,1,62,0,2016,6,18,2,3,5,3,0,1,0,1,0,1,0,0,6.90702E+20,5.33463E+21,1.15633E+16,4.81363E+16
138992,138993,9,2,74,165,2016,6,3,1,2,6,1,2,0,0,0,1,0,0,1,7.16845E+20,5.38563E+21,1.19406E+16,4.85862E+16
138993,138994,9,1,62,0,2016,6,18,6,3,6,4,0,0,1,0,1,0,0,0,6.86214E+20,5.33481E+21,1.15031E+16,4.81392E+16
138994,138995,9,7,75,135,2016,6,16,2,3,1,3,0,0,1,1,0,0,0,0,5.74059E+20,5.36072E+21,1.00005E+16,4.83953E+16
138995,138996,9,1,62,0,2016,6,15,6,3,6,6,0,0,1,0,1,0,0,0,6.90003E+20,5.33653E+21,1.15548E+16,4.81536E+16
138996,138997,9,5,63,0,2016,6,17,3,3,1,6,0,1,0,1,0,0,0,0,6.38789E+20,5.4836E+21,1.09164E+16,4.94891E+16
138997,138998,9,5,64,0,2016,6,14,7,2,0,1,0,1,0,0,0,1,0,0,6.48664E+20,5.47693E+21,1.10502E+16,4.94268E+16
138998,138999,9,2,61,0,2016,6,10,1,3,5,3,0,0,0,1,0,0,0,0,7.31332E+20,5.38331E+21,1.21354E+16,4.85601E+16
138999,139000,9,7,61,0,2016,6,8,6,3,5,3,0,0,1,1,0,0,0,0,6.38853E+20,5.35924E+21,1.08749E+16,4.8371E+16
139000,139001,9,5,63,0,2016,6,6,2,3,1,6,0,0,0,1,0,0,0,1,6.39263E+20,5.48359E+21,1.09229E+16,4.9489E+16
139001,139002,9,1,79,147,2016,6,10,2,2,0,3,0,0,1,1,0,0,0,0,6.64336E+20,5.33387E+21,1.12089E+16,4.81368E+16
139002,139003,9,1,78,130,2016,6,17,3,2,5,1,0,1,0,1,0,1,0,0,7.03794E+20,5.35666E+21,1.17497E+16,4.83302E+16
139003,139004,9,7,61,0,2016,6,15,3,3,1,6,0,0,0,1,0,0,0,0,6.38338E+20,5.35466E+21,1.08665E+16,4.833E+16
139004,139005,9,1,62,0,2016,6,20,6,3,5,2,0,0,1,1,0,0,0,0,6.88724E+20,5.33627E+21,1.15375E+16,4.81516E+16
139005,139006,9,1,73,112,2016,6,17,1,2,5,3,0,0,1,1,0,0,0,0,6.92919E+20,5.29232E+21,1.15741E+16,4.77554E+16
139006,139007,9,1,62,0,2016,6,13,6,3,0,2,0,0,0,1,0,1,0,0,6.86001E+20,5.32988E+21,1.14981E+16,4.8095E+16
139007,139008,9,5,64,0,2016,6,14,7,3,0,6,0,1,1,1,0,0,0,0,6.5019E+20,5.48069E+21,1.10726E+16,4.94603E+16
139008,139009,9,5,64,0,2016,6,8,2,3,5,3,0,1,1,0,0,0,1,0,6.5187E+20,5.47779E+21,1.10947E+16,4.94338E+16
139009,139010,9,5,64,0,2016,6,14,7,3,5,2,0,1,1,1,0,0,0,0,6.46911E+20,5.47959E+21,1.1027E+16,4.94512E+16
139010,139011,9,7,61,0,2016,6,19,6,3,4,2,0,0,0,1,0,0,0,0,6.41418E+20,5.35923E+21,1.09095E+16,4.83704E+16
139011,139012,9,5,64,0,2016,6,16,2,3,5,3,0,0,0,1,0,0,0,0,6.50197E+20,5.48196E+21,1.10732E+16,4.94717E+16
139012,139013,9,1,78,145,2016,6,16,2,2,0,3,0,0,0,1,1,0,0,0,6.97508E+20,5.35446E+21,1.1664E+16,4.83125E+16
139013,139014,9,1,77,117,2016,6,17,3,3,6,4,0,0,0,1,1,0,0,0,7.15637E+20,5.35475E+21,1.19083E+16,4.83091E+16
139014,139015,9,1,62,0,2016,6,7,6,3,5,3,0,0,1,1,0,0,0,0,6.87903E+20,5.32837E+21,1.1523E+16,4.80809E+16
139015,139016,9,4,64,0,2016,6,13,7,3,5,2,0,0,0,1,0,0,0,0,7.06561E+20,5.57725E+21,1.19012E+16,5.03111E+16
139016,139017,9,1,83,148,2016,6,14,1,3,5,3,0,0,0,1,0,0,0,0,7.51879E+20,5.34419E+21,1.239E+16,4.82009E+16
139017,139018,9,2,79,112,2016,6,15,3,3,0,1,0,0,0,0,0,1,0,0,7.55226E+20,5.39204E+21,1.24641E+16,4.86293E+16
139018,139019,9,5,64,0,2016,6,16,2,3,5,3,0,0,0,1,0,0,0,0,6.49868E+20,5.48043E+21,1.10681E+16,4.9458E+16
139019,139020,9,7,75,135,2016,6,16,2,2,0,1,0,1,1,0,0,0,0,0,5.75159E+20,5.36082E+21,1.00154E+16,4.8396E+16
139020,139021,9,1,84,120,2016,6,20,1,3,0,6,0,0,1,1,0,0,0,0,6.81395E+20,5.33284E+21,1.14376E+16,4.8123E+16
139021,139022,9,1,84,147,2016,6,16,6,3,5,2,0,0,1,1,0,0,0,0,6.959E+20,5.33949E+21,1.16354E+16,4.81784E+16
139022,139023,9,1,62,0,2016,6,16,1,3,0,7,0,0,1,0,0,0,0,0,6.80023E+20,5.33584E+21,1.14204E+16,4.81503E+16
139023,139024,9,1,62,0,2016,6,7,2,2,4,2,0,0,1,1,0,0,0,0,6.95058E+20,5.33614E+21,1.16225E+16,4.81486E+16
139024,139025,9,1,62,0,2016,6,17,6,3,6,4,0,0,0,1,1,0,0,0,6.94875E+20,5.33616E+21,1.16201E+16,4.81488E+16
139025,139026,9,5,64,0,2016,6,18,3,3,6,4,0,0,0,0,1,0,0,1,6.50833E+20,5.47571E+21,1.10796E+16,4.94154E+16
139026,139027,9,4,63,0,2016,6,4,7,3,0,1,1,0,1,0,0,0,0,0,6.4021E+20,5.56839E+21,1.09667E+16,5.0251E+16
139027,139028,9,1,71,132,2016,6,17,1,2,4,6,0,1,0,1,0,1,0,0,7.65419E+20,5.35095E+21,1.25761E+16,4.82561E+16
139028,139029,9,3,71,122,2016,6,9,2,2,8,1,0,1,0,1,0,0,0,0,7.13663E+20,5.47948E+21,1.19469E+16,4.94304E+16
139029,139030,9,1,90,157,2016,6,19,3,3,1,7,0,0,0,1,0,0,0,0,6.60468E+20,5.30092E+21,1.11447E+16,4.78416E+16
139030,139031,9,5,64,0,2016,6,19,2,3,0,1,0,0,1,0,1,0,0,0,6.51422E+20,5.48054E+21,1.10896E+16,4.94586E+16
139031,139032,9,7,74,121,2016,6,10,2,3,5,7,0,1,0,1,0,0,0,0,6.04026E+20,5.36557E+21,1.04064E+16,4.84347E+16
139032,139033,9,1,62,0,2016,6,8,6,3,6,2,0,0,0,1,1,0,0,0,6.93991E+20,5.33503E+21,1.16077E+16,4.81389E+16
139033,139034,9,5,64,0,2016,6,11,3,3,1,7,0,0,0,1,0,0,1,0,6.4832E+20,5.47737E+21,1.10456E+16,4.94309E+16
139034,139035,9,4,73,141,2016,6,17,7,3,0,1,0,0,1,0,0,0,0,0,6.36915E+20,5.58277E+21,1.09258E+16,5.03811E+16
139035,139036,9,1,87,125,2016,6,17,1,2,4,6,0,0,1,0,0,0,0,0,7.52703E+20,5.31324E+21,1.23828E+16,4.79226E+16
139036,139037,9,7,61,0,2016,6,15,6,3,3,2,0,0,1,1,0,0,0,0,6.40786E+20,5.35924E+21,1.0901E+16,4.83706E+16
139037,139038,9,5,77,120,2016,6,7,2,3,4,6,0,1,0,1,0,0,0,0,6.52687E+20,5.43668E+21,1.10903E+16,4.9064E+16
139038,139039,9,1,72,117,2016,6,16,2,2,8,7,0,1,0,1,0,0,0,0,8.0012E+20,5.2833E+21,1.29954E+16,4.76335E+16
139039,139040,9,4,73,141,2016,6,16,7,3,0,1,0,0,1,0,0,0,0,0,6.40129E+20,5.57713E+21,1.09688E+16,5.03295E+16
139040,139041,9,1,87,157,2016,6,12,1,3,9,1,0,0,1,0,0,0,0,0,7.39852E+20,5.28009E+21,1.21927E+16,4.76298E+16
139041,139042,9,2,62,0,2016,6,13,2,3,6,6,0,1,1,0,1,0,0,0,8.28507E+20,5.38973E+21,1.34541E+16,4.85744E+16
139042,139043,9,1,89,155,2016,6,16,3,3,6,6,0,0,0,1,1,0,0,0,7.73079E+20,5.30819E+21,1.26518E+16,4.78689E+16
139043,139044,9,7,80,112,2016,6,5,2,2,8,1,0,0,0,1,0,0,0,0,5.88238E+20,5.29261E+21,1.01779E+16,4.77808E+16
139044,139045,9,1,74,115,2016,6,18,1,3,0,6,0,1,1,1,0,0,0,0,6.8194E+20,5.34776E+21,1.14513E+16,4.82569E+16
139045,139046,9,1,62,0,2016,6,15,6,3,2,6,0,0,0,1,0,0,0,0,6.93693E+20,5.33247E+21,1.16025E+16,4.8116E+16
139046,139047,9,5,64,0,2016,6,16,3,3,6,7,0,0,0,1,1,0,0,0,6.54987E+20,5.47448E+21,1.11363E+16,4.94033E+16
139047,139048,9,4,72,127,2016,6,19,7,2,0,1,0,0,1,0,0,0,0,0,6.90443E+20,5.52611E+21,1.16496E+16,4.98571E+16
139048,139049,9,1,74,115,2016,6,16,1,3,5,3,0,0,1,1,0,0,0,0,6.80869E+20,5.34839E+21,1.14372E+16,4.82629E+16
139049,139050,9,7,61,0,2016,6,13,6,3,0,2,0,0,1,1,0,0,0,0,6.40054E+20,5.3591E+21,1.08911E+16,4.83696E+16
139050,139051,9,5,71,145,2016,6,7,2,3,4,6,0,1,1,0,0,1,0,0,5.97659E+20,5.447E+21,1.03397E+16,4.91681E+16
139051,139052,9,1,81,114,2016,6,10,2,3,6,4,0,0,0,1,1,0,0,0,6.57025E+20,5.31293E+21,1.11031E+16,4.79504E+16
139052,139053,9,1,62,0,2016,6,17,2,3,2,6,0,0,0,1,0,0,0,0,6.87578E+20,5.32891E+21,1.15189E+16,4.80858E+16
139053,139054,9,7,61,0,2016,6,12,3,3,3,2,0,0,0,1,0,1,0,0,6.39503E+20,5.35555E+21,1.08825E+16,4.83377E+16
139054,139055,9,1,62,0,2016,6,14,6,3,0,7,0,0,0,0,0,0,0,1,6.89088E+20,5.33336E+21,1.15411E+16,4.81254E+16
139055,139056,9,4,61,0,2016,6,21,7,2,0,7,1,1,0,0,0,1,0,0,6.35834E+20,5.52883E+21,1.08913E+16,4.98965E+16
139056,139057,9,1,88,127,2016,6,11,2,3,0,7,0,1,0,0,0,0,0,1,6.79667E+20,5.32932E+21,1.14129E+16,4.80918E+16
139057,139058,9,7,61,0,2016,6,15,3,3,3,6,0,0,0,1,0,0,0,1,6.38478E+20,5.35475E+21,1.08684E+16,4.83308E+16
139058,139059,9,7,77,151,2016,6,16,2,3,8,1,0,1,0,1,0,0,0,0,6.21452E+20,5.29221E+21,1.0621E+16,4.77718E+16
139059,139060,9,1,75,127,2016,6,17,1,3,0,7,0,0,1,0,0,0,0,0,7.13013E+20,5.34097E+21,1.1866E+16,4.81862E+16
139060,139061,9,1,62,0,2016,6,1,6,3,0,1,2,0,1,0,0,0,0,0,6.91776E+20,5.33983E+21,1.15801E+16,4.81828E+16
139061,139062,9,3,73,114,2016,6,12,7,3,0,7,0,0,0,0,0,0,0,1,6.75181E+20,5.45821E+21,1.14073E+16,4.92516E+16
139062,139063,9,7,71,113,2016,6,16,6,3,4,6,0,0,0,1,0,1,0,0,6.58327E+20,5.3726E+21,1.11428E+16,4.84866E+16
139063,139064,9,5,61,0,2016,6,7,2,3,5,2,0,0,1,1,0,0,0,0,6.15438E+20,5.46209E+21,1.05879E+16,4.93006E+16
139064,139065,9,1,62,0,2016,6,9,2,3,2,7,0,0,0,1,0,1,0,0,6.92941E+20,5.33534E+21,1.15937E+16,4.8142E+16
139065,139066,9,7,75,135,2016,6,20,6,3,1,7,0,0,0,1,0,0,0,0,5.74297E+20,5.36035E+21,1.00036E+16,4.8392E+16
139066,139067,9,3,72,174,2016,6,5,7,3,8,1,0,0,0,1,0,0,0,0,7.7222E+20,5.46669E+21,1.27441E+16,4.92923E+16
139067,139068,9,1,62,0,2016,6,13,7,3,2,6,0,1,0,1,0,0,0,0,6.92597E+20,5.33472E+21,1.15888E+16,4.81365E+16
139068,139069,9,3,74,139,2016,6,16,2,3,5,3,0,1,1,1,0,0,0,0,7.29555E+20,5.51374E+21,1.21857E+16,4.97323E+16
139069,139070,9,1,89,145,2016,6,13,3,3,8,1,0,0,0,1,0,0,0,0,7.78527E+20,5.30518E+21,1.27226E+16,4.78396E+16
139070,139071,9,1,62,0,2016,6,12,7,3,5,3,0,1,1,1,0,0,0,0,6.86454E+20,5.33976E+21,1.15085E+16,4.81837E+16
139071,139072,9,7,75,135,2016,6,20,6,3,5,3,0,0,1,1,0,0,0,0,5.74243E+20,5.35998E+21,1.00028E+16,4.83887E+16
139072,139073,9,6,79,175,2016,6,19,6,3,0,1,0,0,1,0,0,0,0,0,5.70463E+20,5.51225E+21,9.97831E+15,4.97586E+16
139073,139074,9,4,79,152,2016,6,21,2,3,5,3,1,0,0,1,0,0,0,0,7.23795E+20,5.56327E+21,1.21347E+16,5.01793E+16
139074,139075,9,1,62,0,2016,6,13,1,3,0,1,0,0,0,0,0,1,0,0,6.79339E+20,5.33732E+21,1.14119E+16,4.81638E+16
139075,139076,9,7,75,135,2016,6,13,6,3,7,7,0,0,1,0,0,0,0,0,5.74848E+20,5.35901E+21,1.00108E+16,4.83798E+16
139076,139077,9,5,64,0,2016,6,18,3,3,0,1,0,1,1,0,0,0,0,0,6.49393E+20,5.47927E+21,1.10611E+16,4.94477E+16
139077,139078,9,2,78,117,2016,6,13,7,3,0,1,0,0,1,0,0,0,0,1,7.55707E+20,5.4217E+21,1.2489E+16,4.88954E+16
139078,139079,9,2,71,119,2016,6,20,2,2,4,6,1,0,0,1,0,1,0,0,7.92152E+20,5.41605E+21,1.29811E+16,4.88286E+16
139079,139080,9,1,89,159,2016,6,8,3,3,5,3,0,0,1,1,0,0,0,0,7.60335E+20,5.30215E+21,1.24781E+16,4.782E+16
139080,139081,9,4,79,152,2016,6,12,2,3,6,2,0,1,0,1,1,0,0,0,7.23577E+20,5.56222E+21,1.2131E+16,5.01699E+16
139081,139082,9,7,72,177,2016,6,15,2,2,0,1,0,1,1,0,0,0,0,0,6.36567E+20,5.37857E+21,1.08504E+16,4.85453E+16
139082,139083,9,4,64,0,2016,6,18,2,3,1,6,0,1,0,1,0,0,0,0,7.07335E+20,5.57802E+21,1.19125E+16,5.03178E+16
139083,139084,9,7,61,0,2016,6,18,2,3,2,6,0,1,0,1,0,0,0,0,6.41022E+20,5.35145E+21,1.09016E+16,4.83005E+16
139084,139085,9,1,84,131,2016,6,8,1,3,5,3,0,1,1,1,0,0,0,0,7.0472E+20,5.33789E+21,1.17531E+16,4.81612E+16
139085,139086,9,7,78,149,2016,6,17,6,2,5,3,0,0,0,1,0,1,0,0,5.95996E+20,5.31436E+21,1.02863E+16,4.79753E+16
139086,139087,9,2,75,154,2016,6,16,7,3,6,7,0,0,0,1,1,0,0,0,8.08554E+20,5.39515E+21,1.31883E+16,4.86332E+16
139087,139088,9,1,62,0,2016,6,19,7,3,3,3,0,0,0,1,0,0,0,1,6.9699E+20,5.33181E+21,1.16465E+16,4.81091E+16
139088,139089,9,4,63,0,2016,6,15,2,2,0,1,0,1,1,0,0,0,0,0,6.40863E+20,5.56902E+21,1.09761E+16,5.02565E+16
139089,139090,9,1,73,123,2016,6,10,2,3,0,7,0,0,1,0,0,0,0,1,6.79563E+20,5.30137E+21,1.13998E+16,4.78406E+16
139090,139091,9,1,71,117,2016,6,14,3,3,5,3,0,0,0,1,0,0,0,0,7.6602E+20,5.33746E+21,1.25757E+16,4.81347E+16
139091,139092,9,1,84,120,2016,6,9,2,3,0,1,0,1,0,0,0,1,0,0,6.80714E+20,5.33414E+21,1.1429E+16,4.81348E+16
139092,139093,9,7,61,0,2016,6,18,2,3,0,7,0,1,1,0,0,0,0,0,6.40624E+20,5.35996E+21,1.08991E+16,4.83771E+16
139093,139094,9,1,84,149,2016,6,16,7,3,0,7,0,1,1,0,0,0,0,0,6.91276E+20,5.35085E+21,1.15783E+16,4.82819E+16
139094,139095,9,7,74,185,2016,6,10,6,3,0,7,0,0,1,0,0,0,0,0,6.08361E+20,5.34802E+21,1.04605E+16,4.82761E+16
139095,139096,9,2,62,0,2016,6,10,7,3,5,2,0,0,0,1,0,0,0,0,8.23105E+20,5.38762E+21,1.33794E+16,4.85583E+16
139096,139097,9,1,62,0,2016,6,16,7,3,1,7,0,0,0,1,0,0,0,0,6.93359E+20,5.32915E+21,1.15965E+16,4.80863E+16
139097,139098,9,6,63,0,2016,6,14,6,3,0,5,0,0,1,1,0,0,0,0,5.67484E+20,5.51653E+21,9.9377E+15,4.97975E+16
139098,139099,9,7,75,129,2016,6,15,6,3,4,6,0,0,0,1,0,0,0,0,5.81881E+20,5.34183E+21,1.01025E+16,4.82244E+16
139099,139100,9,5,73,122,2016,6,11,3,3,0,7,0,0,0,0,1,1,0,0,6.42026E+20,5.47625E+21,1.09584E+16,4.94224E+16
139100,139101,9,2,75,119,2016,6,10,7,3,0,7,0,0,0,0,0,1,0,0,8.31934E+20,5.40047E+21,1.3509E+16,4.86689E+16
139101,139102,9,1,62,0,2016,6,15,7,3,6,4,0,1,0,1,1,0,0,0,6.89529E+20,5.3349E+21,1.15477E+16,4.81391E+16
139102,139103,9,6,79,170,2016,6,13,6,3,4,6,0,0,1,1,0,0,0,0,5.76383E+20,5.50166E+21,1.00584E+16,4.96626E+16
139103,139104,9,4,62,0,2016,6,17,2,3,5,3,0,1,1,1,0,0,0,0,6.84991E+20,5.53641E+21,1.15788E+16,4.99514E+16
139104,139105,9,1,85,149,2016,6,17,2,2,0,1,0,0,1,0,0,0,0,0,6.61099E+20,5.40184E+21,1.11916E+16,4.87487E+16
139105,139106,9,1,84,139,2016,6,20,2,3,0,1,2,1,0,0,0,1,0,0,6.88345E+20,5.32698E+21,1.15283E+16,4.80682E+16
139106,139107,9,7,61,0,2016,6,8,3,3,0,7,0,0,0,0,0,0,0,1,6.39365E+20,5.35868E+21,1.08817E+16,4.83659E+16
139107,139108,9,7,61,0,2016,6,12,2,3,6,7,0,0,0,0,1,0,0,1,6.40508E+20,5.35881E+21,1.08971E+16,4.83668E+16
139108,139109,9,1,62,0,2016,6,10,7,3,4,2,0,1,0,1,0,0,0,0,6.90145E+20,5.33474E+21,1.15559E+16,4.81374E+16
139109,139110,9,7,74,155,2016,6,13,6,3,5,3,0,0,1,1,0,0,0,0,5.9043E+20,5.36689E+21,1.02229E+16,4.84486E+16
139110,139111,9,2,61,0,2016,6,21,7,3,2,6,1,1,1,0,0,0,0,0,7.35391E+20,5.38256E+21,1.21899E+16,4.85519E+16
139111,139112,9,6,73,151,2016,6,13,6,3,8,1,0,0,0,1,0,0,0,0,5.89069E+20,5.583E+21,1.02531E+16,5.03923E+16
139112,139113,9,4,62,0,2016,6,10,2,3,2,6,0,1,0,1,0,0,0,1,6.86566E+20,5.53845E+21,1.16017E+16,4.99692E+16
139113,139114,9,1,62,0,2016,6,7,2,3,5,2,0,0,1,1,0,0,0,0,6.91487E+20,5.33808E+21,1.15754E+16,4.81671E+16
139114,139115,9,7,74,145,2016,6,15,6,2,0,1,0,0,1,0,0,0,0,0,5.9974E+20,5.35775E+21,1.03466E+16,4.8365E+16
139115,139116,9,4,74,126,2016,6,18,2,3,0,1,0,0,1,0,0,0,0,0,6.48517E+20,5.50731E+21,1.10596E+16,4.97E+16
139116,139117,9,1,75,135,2016,6,12,2,2,5,3,0,0,1,1,0,0,0,0,7.08602E+20,5.34013E+21,1.18063E+16,4.81801E+16
139117,139118,9,1,62,0,2016,6,18,2,2,3,6,0,0,1,1,0,0,0,0,6.91471E+20,5.33744E+21,1.15749E+16,4.81613E+16
139118,139119,9,7,78,116,2016,6,18,6,3,0,1,0,0,1,0,0,0,0,0,6.19399E+20,5.31846E+21,1.06009E+16,4.80083E+16
139119,139120,9,1,83,148,2016,6,4,7,3,5,3,1,0,0,1,0,0,0,0,7.51885E+20,5.34419E+21,1.23901E+16,4.82009E+16
139120,139121,9,1,62,0,2016,6,15,7,3,0,7,0,1,0,0,0,0,0,1,6.90739E+20,5.33407E+21,1.15636E+16,4.81313E+16