FID,OBJECTID,ULAND,UREGBEZ,UKREIS,UGEMEINDE,UJAHR,UMONAT,USTUNDE,UWOCHENTAG,UKATEGORIE,UART,UTYP1,ULICHTVERH,IstStrasse,IstRad,IstPKW,IstFuss,IstKrad,IstGkfz,IstSonstig,LINREFX,LINREFY,XGCSWGS84,YGCSWGS84
139121,139122,9,1,83,148,2016,6,11,7,3,5,3,0,1,0,1,0,0,0,0,7.51885E+20,5.34419E+21,1.23901E+16,4.82009E+16
139122,139123,9,1,82,125,2016,6,17,3,3,6,2,0,0,0,1,1,0,0,0,7.12271E+20,5.29675E+21,1.18342E+16,4.77891E+16
139123,139124,9,4,61,0,2016,6,15,2,3,0,7,0,1,0,0,0,1,0,0,6.36447E+20,5.52914E+21,1.09E+16,4.9899E+16
139124,139125,9,1,62,0,2016,6,17,1,3,6,4,0,0,0,0,1,0,0,1,6.90534E+20,5.33506E+21,1.15613E+16,4.81402E+16
139125,139126,9,7,78,116,2016,6,12,6,3,3,6,0,1,1,1,0,0,0,0,6.18438E+20,5.31818E+21,1.05879E+16,4.8006E+16
139126,139127,9,4,64,0,2016,6,6,3,2,2,7,0,1,0,1,0,0,0,0,7.07565E+20,5.57692E+21,1.19151E+16,5.03078E+16
139127,139128,9,1,72,118,2016,6,10,7,3,1,5,0,0,1,1,0,0,0,0,7.97728E+20,5.30658E+21,1.29795E+16,4.78435E+16
139128,139129,9,7,75,135,2016,6,10,7,3,6,3,0,1,0,1,1,0,0,0,5.75264E+20,5.36078E+21,1.00168E+16,4.83957E+16
139129,139130,9,4,78,120,2016,6,18,3,1,9,1,0,1,0,0,0,1,0,0,6.37005E+20,5.54966E+21,1.09151E+16,5.00834E+16
139130,139131,9,1,63,0,2016,6,13,7,3,5,3,0,1,1,1,0,0,0,0,7.32661E+20,5.30491E+21,1.21104E+16,4.78554E+16
139131,139132,9,7,77,165,2016,6,19,7,2,0,7,0,0,0,1,0,0,0,0,6.05554E+20,5.30602E+21,1.04123E+16,4.78988E+16
139132,139133,9,3,76,161,2016,6,12,2,3,5,2,0,1,0,1,0,0,0,0,7.24293E+20,5.46567E+21,1.20855E+16,4.93026E+16
139133,139134,9,1,82,131,2016,6,18,3,2,5,2,0,1,0,1,0,1,0,0,7.14156E+20,5.29078E+21,1.18564E+16,4.77348E+16
139134,139135,9,4,61,0,2016,6,12,2,3,0,7,0,1,0,1,0,1,0,0,6.36027E+20,5.52875E+21,1.0894E+16,4.98956E+16
139135,139136,9,7,71,113,2016,6,6,2,3,4,6,0,0,0,1,0,1,0,0,6.58093E+20,5.36891E+21,1.11382E+16,4.84534E+16
139136,139137,9,1,62,0,2016,6,13,1,3,5,3,0,0,1,1,0,0,0,0,6.89533E+20,5.33189E+21,1.15464E+16,4.81121E+16
139137,139138,9,4,71,117,2016,6,12,3,3,5,7,0,0,0,1,0,0,0,0,6.30099E+20,5.53099E+21,1.08123E+16,4.99171E+16
139138,139139,9,1,82,129,2016,6,8,7,3,9,1,0,0,1,0,0,0,0,0,7.07625E+20,5.28435E+21,1.17663E+16,4.76792E+16
139139,139140,9,7,77,159,2016,6,16,7,2,8,1,0,0,0,0,0,0,0,1,6.15416E+20,5.27074E+21,1.05348E+16,4.75798E+16
139140,139141,9,6,71,121,2016,6,17,6,3,6,4,0,0,0,1,1,0,0,0,5.12583E+20,5.53862E+21,9.17557E+15,4.99998E+16
139141,139142,9,1,89,139,2016,6,14,2,2,2,1,0,0,1,1,0,0,0,0,7.68167E+20,5.28469E+21,1.25718E+16,4.766E+16
139142,139143,9,1,62,0,2016,6,17,5,2,0,7,0,0,1,1,0,0,0,0,6.88499E+20,5.33644E+21,1.15345E+16,4.81533E+16
139143,139144,9,1,62,0,2016,6,8,6,3,5,7,0,1,0,1,0,1,0,0,6.94396E+20,5.33497E+21,1.16131E+16,4.81383E+16
139144,139145,9,7,62,0,2016,6,8,6,3,0,1,0,1,1,0,0,0,0,0,6.22293E+20,5.30413E+21,1.06356E+16,4.78789E+16
139145,139146,9,5,77,177,2016,6,16,5,2,6,1,0,0,1,0,1,0,0,0,6.43664E+20,5.43165E+21,1.0965E+16,4.9021E+16
139146,139147,9,4,73,175,2016,6,21,4,3,4,6,1,1,0,1,0,1,0,0,6.35112E+20,5.56733E+21,1.08949E+16,5.02427E+16
139147,139148,9,2,75,141,2016,6,18,7,3,5,3,0,1,0,1,0,1,0,0,8.19968E+20,5.37015E+21,1.33237E+16,4.84032E+16
139148,139149,9,1,62,0,2016,6,17,4,3,0,3,0,0,1,0,0,0,0,0,6.87928E+20,5.32982E+21,1.1524E+16,4.80939E+16
139149,139150,9,5,61,0,2016,6,23,5,2,4,2,2,1,1,1,0,0,0,0,6.14415E+20,5.46292E+21,1.0574E+16,4.93083E+16
139150,139151,9,1,62,0,2016,6,19,3,3,0,6,0,0,0,1,0,1,0,0,6.90232E+20,5.33616E+21,1.15577E+16,4.81502E+16
139151,139152,9,4,62,0,2016,6,18,7,2,6,4,0,0,0,1,1,0,0,0,6.83531E+20,5.53597E+21,1.15583E+16,4.99479E+16
139152,139153,9,2,71,119,2016,6,10,6,3,1,6,0,1,0,1,0,0,0,1,7.90841E+20,5.4161E+21,1.29633E+16,4.88297E+16
139153,139154,9,1,62,0,2016,6,23,5,3,2,7,2,1,0,1,0,0,0,0,6.86627E+20,5.33647E+21,1.15094E+16,4.8154E+16
139154,139155,9,6,63,0,2016,6,18,6,3,6,7,0,0,1,0,1,0,0,0,5.66444E+20,5.5161E+21,9.92319E+15,4.97937E+16
139155,139156,9,3,75,174,2016,6,16,7,3,0,1,0,0,0,0,0,1,0,0,7.34948E+20,5.43188E+21,1.22121E+16,4.8995E+16
139156,139157,9,4,63,0,2016,6,16,4,3,0,3,0,0,1,1,0,0,0,0,6.38846E+20,5.57085E+21,1.09485E+16,5.02735E+16
139157,139158,9,1,62,0,2016,6,9,4,3,5,2,0,0,1,1,0,0,0,0,6.93724E+20,5.33222E+21,1.16028E+16,4.81137E+16
139158,139159,9,4,63,0,2016,6,15,5,3,0,1,0,1,0,0,0,1,0,0,6.41173E+20,5.56622E+21,1.09794E+16,5.02313E+16
139159,139160,9,4,77,119,2016,6,2,4,3,9,1,2,1,0,1,0,0,0,0,6.84266E+20,5.54628E+21,1.15734E+16,5.00403E+16
139160,139161,9,1,62,0,2016,6,9,4,3,5,2,0,0,1,1,0,0,0,0,6.92607E+20,5.33257E+21,1.1588E+16,4.81173E+16
139161,139162,9,4,72,190,2016,6,14,5,3,5,3,0,0,0,1,0,0,0,0,7.00058E+20,5.52863E+21,1.17846E+16,4.98766E+16
139162,139163,9,4,71,145,2016,6,13,4,3,4,2,0,0,0,1,0,0,0,0,6.43891E+20,5.52051E+21,1.10004E+16,4.98198E+16
139163,139164,9,1,62,0,2016,6,12,4,3,6,4,0,0,0,1,1,0,0,0,6.92079E+20,5.33728E+21,1.1583E+16,4.81598E+16
139164,139165,9,1,62,0,2016,6,7,3,3,5,3,0,0,1,1,0,0,0,0,6.88062E+20,5.33946E+21,1.153E+16,4.81805E+16
139165,139166,9,2,75,153,2016,6,11,6,2,5,3,0,1,0,1,0,0,0,0,8.4837E+20,5.3892E+21,1.3722E+16,4.8559E+16
139166,139167,9,1,62,0,2016,6,7,5,3,5,7,0,0,1,1,0,0,0,0,6.88479E+20,5.33644E+21,1.15343E+16,4.81532E+16
139167,139168,9,6,63,0,2016,6,7,6,3,0,7,0,0,0,0,0,0,0,1,5.67763E+20,5.51499E+21,9.9413E+15,4.97835E+16
139168,139169,9,4,61,0,2016,6,17,4,3,4,2,0,0,1,1,0,0,0,0,6.35935E+20,5.52832E+21,1.08926E+16,4.98918E+16
139169,139170,9,1,62,0,2016,6,12,4,3,2,6,0,0,0,1,0,0,0,1,6.90894E+20,5.33442E+21,1.15658E+16,4.81344E+16
139170,139171,9,3,62,0,2016,6,7,5,3,5,2,0,0,1,1,0,0,0,0,7.2431E+20,5.43376E+21,1.20679E+16,4.90159E+16
139171,139172,9,1,62,0,2016,6,6,5,2,2,7,0,1,0,1,0,0,0,1,6.93935E+20,5.3312E+21,1.16052E+16,4.81046E+16
139172,139173,9,1,62,0,2016,6,9,6,3,0,1,0,1,0,0,0,1,0,0,6.89064E+20,5.33637E+21,1.15421E+16,4.81525E+16
139173,139174,9,2,75,152,2016,6,13,6,3,4,6,0,1,0,1,0,0,0,1,8.22679E+20,5.40934E+21,1.33906E+16,4.87533E+16
139174,139175,9,7,62,0,2016,6,15,6,3,0,1,0,0,1,0,0,0,0,0,6.21366E+20,5.30411E+21,1.06232E+16,4.78789E+16
139175,139176,9,1,62,0,2016,6,12,5,3,4,7,0,0,0,1,0,0,0,0,6.88219E+20,5.33996E+21,1.15323E+16,4.81849E+16
139176,139177,9,2,77,134,2016,6,13,6,2,4,6,0,0,0,1,0,1,0,0,7.7642E+20,5.36182E+21,1.27311E+16,4.8349E+16
139177,139178,9,1,62,0,2016,6,15,5,3,5,2,0,0,0,1,0,0,0,0,6.89412E+20,5.33573E+21,1.15465E+16,4.81466E+16
139178,139179,9,1,62,0,2016,6,17,3,3,0,7,0,1,0,1,0,1,0,0,6.87706E+20,5.33458E+21,1.15231E+16,4.81368E+16
139179,139180,9,4,61,0,2016,6,18,4,3,2,6,0,0,0,0,0,1,0,0,6.34825E+20,5.5302E+21,1.08778E+16,4.9909E+16
139180,139181,9,2,74,114,2016,6,1,7,2,1,5,2,0,1,1,0,0,0,0,7.34787E+20,5.37082E+21,1.21752E+16,4.84467E+16
139181,139182,9,7,75,152,2016,6,4,4,3,6,6,2,0,0,1,1,0,0,0,5.81155E+20,5.35315E+21,1.00949E+16,4.83263E+16
139182,139183,9,3,62,0,2016,6,7,5,3,6,4,0,0,1,0,1,0,0,0,7.25583E+20,5.43413E+21,1.20855E+16,4.90188E+16
139183,139184,9,1,62,0,2016,6,13,5,3,6,4,0,0,0,1,1,0,0,0,6.86695E+20,5.33441E+21,1.15094E+16,4.81356E+16
139184,139185,9,1,62,0,2016,6,7,6,3,2,6,0,1,0,1,0,0,1,0,6.91567E+20,5.34298E+21,1.15787E+16,4.82111E+16
139185,139186,9,2,77,116,2016,6,6,6,3,0,3,0,1,0,1,0,1,0,0,7.78261E+20,5.36803E+21,1.276E+16,4.8404E+16
139186,139187,9,7,80,145,2016,6,14,6,2,6,2,0,0,0,1,1,0,0,0,6.06172E+20,5.27306E+21,1.04125E+16,4.76023E+16
139187,139188,9,4,61,0,2016,6,7,4,3,5,7,0,0,0,1,0,1,0,0,6.36432E+20,5.52915E+21,1.08998E+16,4.98992E+16
139188,139189,9,2,79,132,2016,6,13,7,3,8,1,0,1,0,1,0,0,0,0,7.69334E+20,5.39939E+21,1.26599E+16,4.86893E+16
139189,139190,9,7,75,135,2016,6,20,4,3,5,3,1,1,0,1,0,0,0,0,5.74958E+20,5.36108E+21,1.00127E+16,4.83984E+16
139190,139191,9,3,62,0,2016,6,11,5,3,5,3,0,0,0,1,0,1,0,0,7.271E+20,5.43363E+21,1.2106E+16,4.90138E+16
139191,139192,9,3,63,0,2016,6,10,4,3,5,3,0,0,0,1,0,0,0,0,7.28271E+20,5.50902E+21,1.21651E+16,4.96904E+16
139192,139193,9,7,78,190,2016,6,15,4,3,9,1,0,0,0,1,0,0,0,0,6.09417E+20,5.33053E+21,1.04702E+16,4.81186E+16
139193,139194,9,3,61,0,2016,6,9,5,3,5,3,0,0,1,1,0,0,0,0,7.07748E+20,5.48099E+21,1.18662E+16,4.94461E+16
139194,139195,9,2,73,116,2016,6,0,6,3,1,1,2,0,1,1,0,0,0,0,7.20317E+20,5.42283E+21,1.20075E+16,4.89192E+16
139195,139196,9,1,62,0,2016,6,11,5,3,2,6,0,0,0,1,0,1,0,0,6.88302E+20,5.33057E+21,1.15293E+16,4.81006E+16
139196,139197,9,1,62,0,2016,6,18,6,2,4,7,0,0,0,1,0,1,0,0,6.9212E+20,5.34205E+21,1.15857E+16,4.82026E+16
139197,139198,9,6,78,134,2016,6,14,6,3,5,3,0,0,0,1,0,0,1,0,5.96711E+20,5.52905E+21,1.03468E+16,4.9906E+16
139198,139199,9,7,79,228,2016,6,13,6,3,3,7,0,0,1,0,0,0,0,0,6.24689E+20,5.41392E+21,1.07002E+16,4.88657E+16
139199,139200,9,2,63,0,2016,6,7,5,3,5,3,0,0,1,1,0,0,0,0,7.61926E+20,5.42065E+21,1.2573E+16,4.88834E+16
139200,139201,9,3,62,0,2016,6,18,4,2,5,2,0,0,1,1,0,0,0,0,7.23439E+20,5.43425E+21,1.20563E+16,4.90207E+16
139201,139202,9,7,80,139,2016,6,18,4,3,3,1,1,1,1,1,0,0,0,0,5.96448E+20,5.26303E+21,1.0281E+16,4.75136E+16
139202,139203,9,2,62,0,2016,6,4,5,3,0,6,2,1,1,0,0,0,0,0,8.29212E+20,5.389E+21,1.3463E+16,4.85675E+16
139203,139204,9,1,62,0,2016,6,13,3,3,6,4,0,0,0,1,1,0,0,0,6.92283E+20,5.33812E+21,1.15861E+16,4.81672E+16
139204,139205,9,4,74,123,2016,6,14,7,2,1,1,0,0,1,1,0,0,0,0,6.48283E+20,5.51466E+21,1.10592E+16,4.97661E+16
139205,139206,9,1,90,139,2016,6,20,6,3,1,7,0,0,1,1,0,0,0,0,6.5528E+20,5.29634E+21,1.10737E+16,4.78017E+16
139206,139207,9,1,62,0,2016,6,18,5,3,3,5,0,0,0,1,0,1,0,0,6.86839E+20,5.32805E+21,1.15086E+16,4.80783E+16
139207,139208,9,6,62,0,2016,6,12,6,3,1,7,0,0,0,1,0,1,0,0,5.87414E+20,5.54399E+21,1.02208E+16,5.00418E+16
139208,139209,9,3,62,0,2016,6,13,7,3,5,2,0,0,0,1,0,0,0,0,7.23411E+20,5.43454E+21,1.20561E+16,4.90232E+16
139209,139210,9,1,62,0,2016,6,16,3,3,2,2,0,1,0,1,0,0,0,0,6.90296E+20,5.33603E+21,1.15585E+16,4.8149E+16
139210,139211,9,4,76,152,2016,6,11,7,3,0,7,0,0,0,0,0,0,0,1,6.70529E+20,5.59231E+21,1.14025E+16,5.04579E+16
139211,139212,9,1,80,117,2016,6,12,6,3,5,3,0,0,1,1,0,0,0,0,6.57932E+20,5.26224E+21,1.10968E+16,4.74944E+16
139212,139213,9,1,62,0,2016,6,11,5,3,2,6,0,0,0,0,0,1,0,1,6.94022E+20,5.33412E+21,1.16077E+16,4.81307E+16
139213,139214,9,6,61,0,2016,6,7,6,3,5,3,0,1,1,0,0,0,0,1,5.10662E+20,5.53741E+21,9.14874E+15,4.99889E+16
139214,139215,9,3,62,0,2016,6,15,7,3,2,6,0,0,0,1,0,0,0,0,7.25895E+20,5.43427E+21,1.20899E+16,4.902E+16
139215,139216,9,7,73,125,2016,6,17,6,3,2,6,0,0,0,1,0,0,0,0,6.10086E+20,5.38256E+21,1.04928E+16,4.85864E+16
139216,139217,9,2,61,0,2016,6,18,5,3,0,4,0,0,0,1,1,0,0,0,7.34862E+20,5.38247E+21,1.21827E+16,4.85513E+16
139217,139218,9,3,62,0,2016,6,8,4,3,5,3,0,0,1,1,0,0,0,0,7.25715E+20,5.43367E+21,1.20871E+16,4.90146E+16
139218,139219,9,7,80,133,2016,6,11,4,3,0,7,0,1,0,0,0,0,1,0,5.95465E+20,5.24761E+21,1.02646E+16,4.73749E+16
139219,139220,9,1,62,0,2016,6,6,3,3,0,1,0,1,1,0,0,0,0,0,6.88625E+20,5.33649E+21,1.15363E+16,4.81536E+16
139220,139221,9,1,83,148,2016,6,9,6,3,1,6,0,1,0,1,0,0,0,0,7.51894E+20,5.34511E+21,1.23907E+16,4.82092E+16
139221,139222,9,1,62,0,2016,6,16,3,3,5,3,0,1,1,1,0,0,0,0,6.88464E+20,5.33636E+21,1.15341E+16,4.81525E+16
139222,139223,9,5,62,0,2016,6,13,6,3,0,7,0,0,1,0,0,0,0,0,6.44537E+20,5.49476E+21,1.09998E+16,4.95881E+16
139223,139224,9,3,62,0,2016,6,15,4,3,5,3,0,0,0,1,0,1,0,0,7.27483E+20,5.43576E+21,1.21124E+16,4.90327E+16
139224,139225,9,1,87,162,2016,6,16,7,3,5,3,0,0,1,1,0,0,0,0,7.51623E+20,5.30622E+21,1.23643E+16,4.786E+16
139225,139226,9,7,77,125,2016,6,15,4,2,0,3,0,0,0,1,0,1,0,0,6.19258E+20,5.27359E+21,1.05867E+16,4.76048E+16
139226,139227,9,2,61,0,2016,6,20,5,3,4,2,1,1,1,1,0,0,0,0,7.31981E+20,5.38036E+21,1.21426E+16,4.85334E+16
139227,139228,9,2,75,114,2016,6,12,4,3,7,6,0,0,1,1,0,0,0,0,8.00632E+20,5.3896E+21,1.30771E+16,4.85872E+16
139228,139229,9,7,73,144,2016,6,18,4,3,5,3,0,0,1,1,0,0,0,0,6.05355E+20,5.38158E+21,1.04284E+16,4.85784E+16
139229,139230,9,2,61,0,2016,6,8,5,3,0,1,0,1,1,0,0,0,0,0,7.32882E+20,5.38097E+21,1.21551E+16,4.85386E+16
139230,139231,9,2,62,0,2016,6,10,4,3,5,3,0,1,0,1,0,0,0,0,8.27421E+20,5.38929E+21,1.3439E+16,4.85711E+16
139231,139232,9,7,72,184,2016,6,15,4,3,5,3,0,0,1,0,0,0,1,0,6.3524E+20,5.35983E+21,1.08264E+16,4.83771E+16
139232,139233,9,1,62,0,2016,6,7,6,3,3,3,0,0,1,1,0,0,0,0,6.95372E+20,5.33266E+21,1.16251E+16,4.81172E+16
139233,139234,9,1,72,128,2016,6,13,6,2,3,6,0,0,1,0,0,1,0,0,7.92307E+20,5.29708E+21,1.29009E+16,4.77607E+16
139234,139235,9,1,62,0,2016,6,9,5,3,0,1,0,0,1,0,0,0,0,1,6.91412E+20,5.33734E+21,1.15741E+16,4.81604E+16
139235,139236,9,2,75,124,2016,6,16,4,3,4,6,0,0,1,1,0,0,0,0,8.12786E+20,5.37701E+21,1.3232E+16,4.84683E+16
139236,139237,9,1,61,0,2016,6,0,7,3,2,6,2,0,0,1,0,0,0,0,6.78316E+20,5.40374E+21,1.14264E+16,4.87611E+16
139237,139238,9,7,72,163,2016,6,9,4,3,1,7,0,0,1,1,0,0,0,0,6.40241E+20,5.34787E+21,1.08899E+16,4.82685E+16
139238,139239,9,7,63,0,2016,6,18,5,3,0,1,0,1,1,0,0,0,0,0,5.97741E+20,5.28726E+21,1.03035E+16,4.77313E+16
139239,139240,9,1,62,0,2016,6,9,6,3,0,7,0,1,0,0,0,1,0,0,6.87892E+20,5.33411E+21,1.15254E+16,4.81325E+16
139240,139241,9,1,87,137,2016,6,13,6,1,5,3,0,0,0,1,0,0,1,0,7.30101E+20,5.31249E+21,1.20803E+16,4.79244E+16
139241,139242,9,7,80,139,2016,6,20,5,3,0,1,0,1,1,0,0,0,0,0,5.95313E+20,5.26377E+21,1.02661E+16,4.75204E+16
139242,139243,9,1,62,0,2016,6,16,6,3,5,3,0,0,0,1,0,1,0,0,6.91444E+20,5.3397E+21,1.15756E+16,4.81817E+16
139243,139244,9,1,61,0,2016,6,12,6,3,5,3,0,0,1,1,0,0,0,0,6.78822E+20,5.40411E+21,1.14335E+16,4.87643E+16
139244,139245,9,7,72,130,2016,6,19,6,3,0,7,0,0,1,0,1,0,0,0,6.32724E+20,5.35799E+21,1.07918E+16,4.83611E+16
139245,139246,9,7,79,194,2016,6,22,5,3,1,7,2,1,1,1,0,0,0,0,6.08981E+20,5.41223E+21,1.04856E+16,4.88534E+16
139246,139247,9,2,74,184,2016,6,19,4,3,1,6,0,0,1,1,0,0,0,0,7.47879E+20,5.37163E+21,1.23524E+16,4.8449E+16
139247,139248,9,7,72,163,2016,6,12,4,3,0,1,0,0,1,0,0,0,0,0,6.39528E+20,5.3506E+21,1.08812E+16,4.82932E+16
139248,139249,9,1,73,135,2016,6,13,5,2,5,3,0,0,0,1,0,1,0,0,6.93404E+20,5.28403E+21,1.15769E+16,4.76807E+16
139249,139250,9,1,84,139,2016,6,16,3,3,5,3,0,1,0,1,0,0,0,0,6.87254E+20,5.32542E+21,1.1513E+16,4.80545E+16
139250,139251,9,5,71,214,2016,6,11,7,3,9,1,0,0,0,1,0,0,0,0,6.17815E+20,5.43504E+21,1.06126E+16,4.90569E+16
139251,139252,9,1,61,0,2016,6,16,6,3,0,7,0,1,0,1,0,0,0,0,6.76182E+20,5.39826E+21,1.13951E+16,4.87124E+16
139252,139253,9,7,71,130,2016,6,12,5,3,1,6,0,0,0,1,0,0,0,0,6.45862E+20,5.36304E+21,1.09708E+16,4.84036E+16
139253,139254,9,1,62,0,2016,6,13,6,3,5,3,0,0,0,1,0,1,0,0,6.8664E+20,5.3339E+21,1.15085E+16,4.8131E+16
139254,139255,9,5,62,0,2016,6,23,6,3,6,2,2,0,0,1,1,0,0,0,6.45321E+20,5.49568E+21,1.1011E+16,4.95962E+16
139255,139256,9,3,62,0,2016,6,10,7,3,3,2,0,0,1,1,0,0,0,0,7.25509E+20,5.43246E+21,1.20836E+16,4.90038E+16
139256,139257,9,7,72,130,2016,6,10,6,3,2,6,0,0,0,1,0,0,0,0,6.32588E+20,5.35816E+21,1.079E+16,4.83626E+16
139257,139258,9,1,71,112,2016,6,15,5,3,6,4,0,0,0,1,1,0,0,0,7.84564E+20,5.34242E+21,1.28278E+16,4.81713E+16
139258,139259,9,2,74,191,2016,6,6,4,2,1,3,1,0,1,1,0,0,0,0,7.46412E+20,5.39103E+21,1.23441E+16,4.86237E+16
139259,139260,9,7,72,160,2016,6,18,6,3,0,1,0,0,0,0,0,1,0,0,6.39575E+20,5.34012E+21,1.08784E+16,4.8199E+16
139260,139261,9,2,61,0,2016,6,20,4,3,0,1,0,1,0,0,0,1,0,0,7.32074E+20,5.38253E+21,1.2145E+16,4.85529E+16
139261,139262,9,1,85,149,2016,6,18,7,2,0,1,0,0,1,0,0,0,0,0,6.60366E+20,5.39963E+21,1.11808E+16,4.87291E+16
139262,139263,9,7,61,0,2016,6,8,4,3,3,6,0,0,0,1,0,0,0,0,6.39291E+20,5.35881E+21,1.08807E+16,4.83671E+16
139263,139264,9,1,72,114,2016,6,10,5,3,2,6,0,0,0,1,0,0,0,0,7.91105E+20,5.29368E+21,1.28826E+16,4.77308E+16
139264,139265,9,1,62,0,2016,6,9,3,3,2,7,0,0,1,1,0,0,0,0,6.89275E+20,5.33003E+21,1.15421E+16,4.80954E+16
139265,139266,9,4,76,178,2016,6,12,7,3,0,7,0,0,1,0,0,0,0,0,6.62416E+20,5.57682E+21,1.12816E+16,5.03211E+16
139266,139267,9,1,85,149,2016,6,22,6,3,5,3,2,0,0,1,0,0,0,0,6.61293E+20,5.3989E+21,1.11931E+16,4.87222E+16
139267,139268,9,7,72,163,2016,6,8,5,3,6,4,0,0,1,0,1,0,0,0,6.40143E+20,5.34818E+21,1.08887E+16,4.82713E+16
139268,139269,9,5,76,143,2016,6,14,6,3,5,3,0,0,0,1,0,0,0,0,6.52793E+20,5.45746E+21,1.10996E+16,4.92508E+16
139269,139270,9,3,62,0,2016,6,17,7,3,2,6,0,0,0,1,0,0,0,0,7.24025E+20,5.43303E+21,1.20636E+16,4.90094E+16
139270,139271,9,2,61,0,2016,6,14,4,3,1,7,0,0,0,1,0,1,0,0,7.32782E+20,5.38077E+21,1.21536E+16,4.85368E+16
139271,139272,9,1,63,0,2016,6,14,5,3,5,3,0,0,1,1,0,0,0,0,7.3338E+20,5.30395E+21,1.21195E+16,4.78465E+16
139272,139273,9,1,90,139,2016,6,17,4,3,5,2,0,0,1,1,0,0,0,0,6.54194E+20,5.29487E+21,1.10587E+16,4.77887E+16
139273,139274,9,7,61,0,2016,6,18,4,3,6,4,0,0,0,1,1,0,0,0,6.39606E+20,5.36094E+21,1.08857E+16,4.83862E+16
139274,139275,9,1,76,123,2016,6,7,6,2,0,1,0,1,1,0,0,0,0,0,6.60694E+20,5.41827E+21,1.11925E+16,4.88965E+16
139275,139276,9,7,61,0,2016,6,20,4,3,3,6,0,0,1,1,0,0,0,0,6.38887E+20,5.35694E+21,1.08746E+16,4.83504E+16
139276,139277,9,1,62,0,2016,6,1,3,3,9,1,2,1,0,0,0,1,0,0,6.91868E+20,5.33214E+21,1.15779E+16,4.81136E+16
139277,139278,9,1,88,141,2016,6,8,6,3,5,3,0,1,0,1,0,1,0,0,6.70158E+20,5.30883E+21,1.12772E+16,4.79102E+16
139278,139279,9,7,71,144,2016,6,9,5,2,0,7,0,0,0,1,0,0,0,0,6.61454E+20,5.37275E+21,1.11851E+16,4.84871E+16
139279,139280,9,5,63,0,2016,6,6,6,3,4,1,0,1,0,1,0,0,0,0,6.40713E+20,5.48467E+21,1.09433E+16,4.94984E+16
139280,139281,9,1,90,140,2016,6,7,4,3,5,3,0,0,0,1,0,0,0,0,6.44785E+20,5.29627E+21,1.09336E+16,4.78035E+16
139281,139282,9,7,61,0,2016,6,11,4,3,0,7,0,0,1,0,0,0,0,0,6.40315E+20,5.35807E+21,1.08943E+16,4.83602E+16
139282,139283,9,1,87,165,2016,6,7,5,3,0,7,0,0,0,1,1,0,0,0,7.3274E+20,5.29724E+21,1.21074E+16,4.77864E+16
139283,139284,9,1,62,0,2016,6,17,6,3,6,4,0,0,0,0,1,0,0,1,6.84971E+20,5.32856E+21,1.14837E+16,4.80835E+16
139284,139285,9,1,79,123,2016,6,17,6,3,5,3,0,0,1,0,0,0,0,1,6.76853E+20,5.33313E+21,1.13767E+16,4.81268E+16
139285,139286,9,7,72,171,2016,6,20,6,2,3,6,0,0,1,0,0,0,0,1,6.36847E+20,5.3722E+21,1.08521E+16,4.8488E+16
139286,139287,9,6,75,146,2016,6,12,5,3,3,6,0,1,0,1,0,0,0,0,5.77645E+20,5.51558E+21,1.00787E+16,4.97877E+16
139287,139288,9,1,80,117,2016,6,12,4,3,4,6,0,0,0,1,0,0,0,0,6.58207E+20,5.2627E+21,1.11006E+16,4.74985E+16
139288,139289,9,6,63,0,2016,6,11,5,3,3,6,0,1,0,1,0,0,0,0,5.68549E+20,5.5168E+21,9.95255E+15,4.97997E+16
139289,139290,9,5,64,0,2016,6,15,6,3,0,3,0,0,0,1,0,0,0,1,6.50338E+20,5.48221E+21,1.10752E+16,4.94739E+16
139290,139291,9,1,83,148,2016,6,15,4,3,1,6,0,0,0,1,0,0,0,0,7.51894E+20,5.34511E+21,1.23908E+16,4.82092E+16
139291,139292,9,1,81,130,2016,6,18,7,3,6,7,0,0,1,0,1,0,0,0,6.38429E+20,5.32454E+21,1.08579E+16,4.80591E+16
139292,139293,9,6,63,0,2016,6,10,4,3,2,6,0,0,0,1,0,0,0,1,5.67894E+20,5.51691E+21,9.94347E+15,4.98008E+16
139293,139294,9,1,61,0,2016,6,13,5,3,5,3,0,0,1,1,0,0,0,0,6.79125E+20,5.40421E+21,1.14376E+16,4.87651E+16
139294,139295,9,6,63,0,2016,6,14,5,3,2,6,0,0,0,1,0,0,0,0,5.65998E+20,5.51543E+21,9.91687E+15,4.97877E+16
139295,139296,9,1,62,0,2016,6,16,6,3,5,3,0,0,1,1,0,0,0,0,6.91786E+20,5.33266E+21,1.1577E+16,4.81183E+16
139296,139297,9,1,79,123,2016,6,0,6,3,0,7,2,1,1,0,0,0,0,0,6.75772E+20,5.33374E+21,1.13625E+16,4.81326E+16
139297,139298,9,7,71,122,2016,6,16,6,3,5,3,0,0,0,1,0,1,0,0,6.55896E+20,5.36093E+21,1.11055E+16,4.83822E+16