FID,OBJECTID,ULAND,UREGBEZ,UKREIS,UGEMEINDE,UJAHR,UMONAT,USTUNDE,UWOCHENTAG,UKATEGORIE,UART,UTYP1,ULICHTVERH,IstStrasse,IstRad,IstPKW,IstFuss,IstKrad,IstGkfz,IstSonstig,LINREFX,LINREFY,XGCSWGS84,YGCSWGS84
139298,139299,9,1,89,155,2016,6,17,4,3,4,2,0,0,0,1,0,0,0,0,7.71644E+20,5.30798E+21,1.26325E+16,4.78676E+16
139299,139300,9,1,79,121,2016,6,9,7,3,0,7,0,0,1,0,0,0,0,0,6.67041E+20,5.33964E+21,1.12475E+16,4.8188E+16
139300,139301,9,6,75,112,2016,6,11,4,3,5,3,0,0,0,1,0,0,0,0,5.83516E+20,5.51356E+21,1.01598E+16,4.97687E+16
139301,139302,9,1,86,113,2016,6,7,5,3,5,3,0,0,1,1,0,0,0,0,6.81474E+20,5.39386E+21,1.1465E+16,4.86714E+16
139302,139303,9,1,62,0,2016,6,13,3,2,5,3,0,0,1,1,0,0,0,0,6.92477E+20,5.33758E+21,1.15885E+16,4.81623E+16
139303,139304,9,5,61,0,2016,6,15,7,3,4,6,0,0,1,0,0,0,0,0,6.14068E+20,5.46346E+21,1.05694E+16,4.93133E+16
139304,139305,9,1,81,114,2016,6,18,6,3,0,1,0,0,0,0,0,0,0,1,6.54024E+20,5.31211E+21,1.10626E+16,4.79437E+16
139305,139306,9,6,75,117,2016,6,14,5,3,5,3,0,1,1,1,0,0,0,0,5.85645E+20,5.51722E+21,1.01902E+16,4.98013E+16
139306,139307,9,6,77,148,2016,6,9,4,2,5,3,0,0,0,1,0,1,0,0,5.55037E+20,5.53588E+21,9.76752E+15,4.99727E+16
139307,139308,9,1,79,123,2016,6,17,5,3,0,7,0,1,1,0,0,0,0,0,6.75409E+20,5.33342E+21,1.13575E+16,4.81298E+16
139308,139309,9,6,62,0,2016,6,12,5,3,1,5,0,1,0,1,0,0,0,0,5.87489E+20,5.54377E+21,1.02218E+16,5.00398E+16
139309,139310,9,1,62,0,2016,6,9,6,3,2,6,0,1,0,1,0,0,0,0,6.92136E+20,5.33525E+21,1.15829E+16,4.81415E+16
139310,139311,9,7,72,163,2016,6,7,6,3,5,3,0,1,0,1,0,0,0,0,6.4079E+20,5.35014E+21,1.0898E+16,4.82887E+16
139311,139312,9,1,79,123,2016,6,13,5,3,5,2,0,0,1,1,0,0,0,0,6.7607E+20,5.33314E+21,1.13662E+16,4.81271E+16
139312,139313,9,1,72,118,2016,6,5,4,3,5,3,0,1,0,1,0,1,0,0,7.97998E+20,5.30632E+21,1.29829E+16,4.7841E+16
139313,139314,9,1,74,126,2016,6,21,7,3,0,1,1,1,1,0,0,0,0,0,6.82978E+20,5.34508E+21,1.14641E+16,4.82326E+16
139314,139315,9,6,74,147,2016,6,12,4,3,1,5,0,0,0,1,0,1,0,0,6.08649E+20,5.54367E+21,1.05172E+16,5.00354E+16
139315,139316,9,1,74,126,2016,6,12,5,3,3,6,0,0,0,1,0,0,0,1,6.81512E+20,5.34488E+21,1.14443E+16,4.82311E+16
139316,139317,9,1,62,0,2016,6,13,3,3,3,6,0,0,0,1,0,0,0,0,6.91388E+20,5.33538E+21,1.15729E+16,4.81428E+16
139317,139318,9,4,62,0,2016,6,16,7,3,5,3,0,1,1,1,0,0,0,0,6.85018E+20,5.5349E+21,1.15785E+16,4.99377E+16
139318,139319,9,1,74,111,2016,6,20,6,2,0,1,2,0,0,0,0,1,0,0,6.64537E+20,5.35771E+21,1.12209E+16,4.83512E+16
139319,139320,9,6,78,174,2016,6,9,5,2,0,7,0,0,1,0,0,0,0,0,5.9494E+20,5.54568E+21,1.03263E+16,5.00558E+16
139320,139321,9,5,64,0,2016,6,13,6,3,5,3,0,1,1,1,0,0,0,0,6.5211E+20,5.48105E+21,1.10992E+16,4.94631E+16
139321,139322,9,2,76,138,2016,6,18,7,2,5,3,0,0,0,1,0,1,0,0,8.02392E+20,5.43376E+21,1.31333E+16,4.89827E+16
139322,139323,9,1,72,117,2016,6,15,4,3,4,1,0,0,0,1,0,0,0,0,7.95731E+20,5.28696E+21,1.29396E+16,4.76683E+16
139323,139324,9,6,72,114,2016,6,14,4,3,6,7,0,0,0,1,1,0,0,0,5.77129E+20,5.56161E+21,1.00807E+16,5.02017E+16
139324,139325,9,4,79,136,2016,6,16,6,3,5,3,0,0,0,1,0,0,0,0,7.21957E+20,5.54469E+21,1.20982E+16,5.00131E+16
139325,139326,9,2,78,120,2016,6,12,7,3,4,6,0,0,0,1,0,0,0,0,7.62245E+20,5.43603E+21,1.25873E+16,4.90213E+16
139326,139327,9,7,61,0,2016,6,16,6,3,5,3,0,1,1,1,0,0,0,0,6.41849E+20,5.36185E+21,1.09162E+16,4.83938E+16
139327,139328,9,1,74,113,2016,6,8,5,3,5,3,0,0,1,1,0,0,0,0,6.74169E+20,5.34544E+21,1.13457E+16,4.82382E+16
139328,139329,9,1,63,0,2016,6,16,4,3,5,3,0,0,0,1,0,1,0,0,7.34199E+20,5.30446E+21,1.21307E+16,4.78508E+16
139329,139330,9,6,72,113,2016,6,5,4,2,5,3,0,1,0,1,0,0,0,0,5.56033E+20,5.57314E+21,9.78689E+15,5.03077E+16
139330,139331,9,7,78,173,2016,6,13,3,3,0,7,0,0,1,0,0,0,0,0,6.12429E+20,5.32147E+21,1.05083E+16,4.80366E+16
139331,139332,9,1,74,115,2016,6,11,6,3,5,3,0,1,0,1,0,1,0,0,6.80815E+20,5.34716E+21,1.14359E+16,4.82519E+16
139332,139333,9,4,62,0,2016,6,23,6,3,4,2,2,0,0,1,0,0,0,0,6.85549E+20,5.5353E+21,1.1586E+16,4.99412E+16
139333,139334,9,1,87,118,2016,6,16,4,2,5,3,0,0,0,1,0,1,0,0,7.53357E+20,5.30171E+21,1.23848E+16,4.78188E+16
139334,139335,9,6,61,0,2016,6,16,4,3,5,3,0,1,1,1,0,0,0,0,5.11514E+20,5.53654E+21,9.16059E+15,4.99811E+16
139335,139336,9,1,78,124,2016,6,17,5,3,4,2,0,1,1,1,0,0,0,0,7.02607E+20,5.36418E+21,1.17373E+16,4.83982E+16
139336,139337,9,6,76,122,2016,6,13,5,3,0,7,0,0,0,1,0,0,0,0,5.11426E+20,5.51705E+21,9.15879E+15,4.98058E+16
139337,139338,9,7,78,196,2016,6,19,6,2,7,7,0,0,1,0,0,0,0,0,5.98446E+20,5.3161E+21,1.03195E+16,4.79907E+16
139338,139339,9,1,75,121,2016,6,7,5,3,5,3,0,0,0,1,0,0,0,0,7.14639E+20,5.31928E+21,1.1877E+16,4.79908E+16
139339,139340,9,1,87,162,2016,6,17,4,3,0,1,0,0,1,0,0,0,0,0,7.50797E+20,5.30603E+21,1.23531E+16,4.78586E+16
139340,139341,9,7,63,0,2016,6,18,3,3,0,1,0,1,1,0,0,0,0,0,5.9827E+20,5.28677E+21,1.03105E+16,4.77268E+16
139341,139342,9,1,77,133,2016,6,23,6,3,1,3,2,0,0,1,0,0,0,0,7.06435E+20,5.35962E+21,1.17867E+16,4.8356E+16
139342,139343,9,6,76,145,2016,6,12,5,2,6,4,0,0,0,0,1,1,0,0,5.10735E+20,5.5218E+21,9.14932E+15,4.98486E+16
139343,139344,9,1,61,0,2016,6,4,4,3,5,3,1,0,1,1,0,0,0,0,6.78293E+20,5.40539E+21,1.14268E+16,4.8776E+16
139344,139345,9,1,74,135,2016,6,0,7,3,0,7,2,0,0,0,0,1,0,0,6.6399E+20,5.35533E+21,1.12126E+16,4.83298E+16
139345,139346,9,5,64,0,2016,6,22,4,3,0,1,2,0,1,0,0,0,0,0,6.51617E+20,5.4787E+21,1.10915E+16,4.9442E+16
139346,139347,9,5,74,138,2016,6,18,5,3,5,3,0,0,0,1,0,0,0,0,6.64633E+20,5.48627E+21,1.12741E+16,4.95067E+16
139347,139348,9,7,74,150,2016,6,10,6,3,5,3,0,0,0,1,0,0,0,0,6.01198E+20,5.3456E+21,1.03634E+16,4.82555E+16
139348,139349,9,1,78,145,2016,6,10,6,3,3,1,0,0,0,1,0,0,0,0,6.96361E+20,5.35434E+21,1.16484E+16,4.83117E+16
139349,139350,9,7,61,0,2016,6,17,6,3,6,4,0,0,1,0,1,0,0,0,6.41361E+20,5.36026E+21,1.09091E+16,4.83797E+16
139350,139351,9,1,78,130,2016,6,23,6,2,0,1,2,1,1,0,0,0,0,0,7.03283E+20,5.35689E+21,1.17429E+16,4.83325E+16
139351,139352,9,7,61,0,2016,6,15,6,3,5,3,0,0,0,1,0,1,0,0,6.42394E+20,5.36002E+21,1.0923E+16,4.83772E+16
139352,139353,9,5,64,0,2016,6,0,5,2,0,1,2,0,1,0,0,0,0,0,6.49988E+20,5.47994E+21,1.10695E+16,4.94536E+16
139353,139354,9,1,79,121,2016,6,16,4,3,5,3,0,0,0,1,0,1,0,0,6.67612E+20,5.33914E+21,1.1255E+16,4.81834E+16
139354,139355,9,5,64,0,2016,6,17,4,3,5,2,0,0,0,1,0,0,0,0,6.51299E+20,5.47755E+21,1.10867E+16,4.94318E+16
139355,139356,9,1,62,0,2016,6,13,4,3,5,2,0,0,0,1,0,0,0,0,6.89431E+20,5.33717E+21,1.15474E+16,4.81595E+16
139356,139357,9,5,77,173,2016,6,19,7,3,5,3,0,0,0,1,0,0,0,0,6.39392E+20,5.42487E+21,1.09043E+16,4.8961E+16
139357,139358,9,1,78,124,2016,6,8,6,3,6,4,0,1,0,1,1,0,0,0,7.04665E+20,5.36364E+21,1.17648E+16,4.83927E+16
139358,139359,9,5,64,0,2016,6,23,5,3,4,5,2,1,0,1,0,0,0,0,6.50186E+20,5.47936E+21,1.10721E+16,4.94483E+16
139359,139360,9,7,75,118,2016,6,11,6,3,5,3,0,0,0,1,0,0,0,0,5.87561E+20,5.34168E+21,1.01789E+16,4.82223E+16
139360,139361,9,3,62,0,2016,6,9,6,3,5,3,0,1,1,1,0,0,0,0,7.25947E+20,5.43116E+21,1.20889E+16,4.8992E+16
139361,139362,9,6,63,0,2016,6,23,6,3,5,3,2,0,0,1,0,0,0,0,5.67842E+20,5.5166E+21,9.94269E+15,4.9798E+16
139362,139363,9,1,62,0,2016,6,7,4,3,2,6,0,0,0,1,0,0,0,0,6.896E+20,5.3349E+21,1.15487E+16,4.81391E+16
139363,139364,9,1,79,121,2016,6,5,4,3,5,3,0,0,0,1,0,0,0,0,6.66503E+20,5.33776E+21,1.12396E+16,4.81712E+16
139364,139365,9,5,64,0,2016,6,12,4,3,5,3,0,0,1,1,0,0,0,0,6.50518E+20,5.48092E+21,1.10772E+16,4.94623E+16
139365,139366,9,1,62,0,2016,6,12,4,3,3,2,0,0,1,1,0,0,0,0,6.91658E+20,5.33279E+21,1.15753E+16,4.81195E+16
139366,139367,9,7,63,0,2016,6,7,3,3,0,1,0,1,0,0,0,1,0,0,6.00713E+20,5.28564E+21,1.03428E+16,4.77162E+16
139367,139368,9,1,79,121,2016,6,20,4,3,4,2,0,0,0,1,0,0,0,0,6.66505E+20,5.33777E+21,1.12396E+16,4.81713E+16
139368,139369,9,1,78,145,2016,6,12,7,2,0,1,0,0,1,0,0,0,0,0,6.9738E+20,5.35506E+21,1.16625E+16,4.83179E+16
139369,139370,9,5,64,0,2016,6,11,4,3,5,3,0,0,0,1,0,0,0,0,6.49183E+20,5.47953E+21,1.10583E+16,4.94501E+16
139370,139371,9,1,62,0,2016,6,18,4,3,0,6,0,0,1,1,0,0,0,0,6.90811E+20,5.3346E+21,1.15648E+16,4.8136E+16
139371,139372,9,7,76,116,2016,6,7,3,3,1,1,0,1,0,1,0,0,0,0,5.53505E+20,5.26694E+21,9.71115E+15,4.75537E+16
139372,139373,9,4,76,146,2016,6,11,7,3,5,7,0,0,1,1,0,0,0,0,6.62598E+20,5.5623E+21,1.12779E+16,5.01906E+16
139373,139374,9,1,77,118,2016,6,7,6,3,5,3,0,1,0,1,0,1,0,0,7.08955E+20,5.34563E+21,1.18138E+16,4.82295E+16
139374,139375,9,5,64,0,2016,6,17,5,3,3,2,0,0,0,1,0,0,0,0,6.54552E+20,5.47721E+21,1.11314E+16,4.94279E+16
139375,139376,9,3,62,0,2016,6,12,6,2,6,4,0,1,0,0,1,0,0,1,7.26534E+20,5.43439E+21,1.20987E+16,4.90208E+16
139376,139377,9,2,77,145,2016,6,15,7,3,2,6,0,0,0,1,0,0,0,0,7.98713E+20,5.35393E+21,1.30257E+16,4.8268E+16
139377,139378,9,6,63,0,2016,6,13,6,3,1,7,0,0,0,1,0,0,0,1,5.68479E+20,5.51603E+21,9.95145E+15,4.97928E+16
139378,139379,9,1,62,0,2016,6,10,4,3,8,1,0,0,0,1,0,0,0,0,6.78481E+20,5.34121E+21,1.1402E+16,4.8199E+16
139379,139380,9,1,74,115,2016,6,16,4,2,5,3,0,0,0,1,0,1,0,0,6.8222E+20,5.34652E+21,1.14545E+16,4.82457E+16
139380,139381,9,5,64,0,2016,6,8,4,3,4,2,0,0,0,1,0,1,0,0,6.47973E+20,5.47779E+21,1.1041E+16,4.94347E+16
139381,139382,9,7,72,200,2016,6,18,3,3,9,7,0,1,0,1,0,0,0,0,6.30727E+20,5.33767E+21,1.07586E+16,4.81788E+16
139382,139383,9,1,75,122,2016,6,18,6,3,5,3,0,0,0,1,0,1,0,0,7.21365E+20,5.32608E+21,1.19705E+16,4.80496E+16
139383,139384,9,3,71,156,2016,6,12,6,3,5,3,0,1,0,1,0,0,0,0,6.98072E+20,5.49841E+21,1.17416E+16,4.96057E+16
139384,139385,9,1,78,145,2016,6,23,4,3,5,1,2,0,0,1,0,0,0,0,6.9756E+20,5.35428E+21,1.16646E+16,4.83108E+16
139385,139386,9,1,84,148,2016,6,8,5,3,5,3,0,0,1,1,0,0,0,0,6.94472E+20,5.32748E+21,1.16107E+16,4.80709E+16
139386,139387,9,5,64,0,2016,6,20,5,3,5,2,0,0,1,1,0,0,0,0,6.50807E+20,5.4791E+21,1.10805E+16,4.94458E+16
139387,139388,9,3,61,0,2016,6,20,6,3,0,7,0,0,1,0,1,0,0,0,7.05979E+20,5.4794E+21,1.1841E+16,4.94323E+16
139388,139389,9,1,62,0,2016,6,18,3,3,5,3,0,0,0,1,0,0,0,0,6.93621E+20,5.33256E+21,1.16016E+16,4.81168E+16
139389,139390,9,5,64,0,2016,6,15,4,3,5,3,0,0,0,1,0,0,0,0,6.491E+20,5.48053E+21,1.10575E+16,4.94592E+16
139390,139391,9,1,62,0,2016,6,16,4,3,5,3,0,0,0,1,0,0,0,0,6.9178E+20,5.33332E+21,1.15772E+16,4.81242E+16
139391,139392,9,5,64,0,2016,6,11,4,3,2,6,0,0,0,1,0,0,0,0,6.50773E+20,5.48222E+21,1.10812E+16,4.94739E+16
139392,139393,9,7,80,114,2016,6,16,6,2,4,6,0,0,0,1,0,1,0,0,6.0859E+20,5.28866E+21,1.04485E+16,4.77422E+16
139393,139394,9,1,62,0,2016,6,15,5,3,0,3,0,0,0,1,0,1,0,0,6.90675E+20,5.33618E+21,1.15637E+16,4.81503E+16
139394,139395,9,5,64,0,2016,6,13,5,3,6,4,0,0,0,0,1,0,0,1,6.50227E+20,5.47911E+21,1.10725E+16,4.9446E+16
139395,139396,9,1,62,0,2016,6,17,3,2,0,7,0,0,1,0,0,0,0,0,6.88514E+20,5.33324E+21,1.15333E+16,4.81245E+16
139396,139397,9,1,78,120,2016,6,14,7,3,5,2,0,0,0,1,0,0,0,0,6.9547E+20,5.35373E+21,1.16362E+16,4.83066E+16
139397,139398,9,5,77,136,2016,6,7,4,3,1,2,0,0,0,1,0,0,0,0,6.28568E+20,5.44169E+21,1.07619E+16,4.91146E+16
139398,139399,9,1,62,0,2016,6,12,4,3,3,2,0,0,1,1,0,0,0,0,6.89415E+20,5.33716E+21,1.15472E+16,4.81594E+16
139399,139400,9,1,75,114,2016,6,8,7,2,8,1,0,0,0,0,0,1,0,0,7.14812E+20,5.32343E+21,1.18814E+16,4.8028E+16
139400,139401,9,5,71,180,2016,6,17,4,3,5,3,0,0,0,1,0,1,0,0,6.30469E+20,5.46265E+21,1.07947E+16,4.93026E+16
139401,139402,9,1,84,120,2016,6,16,4,3,5,3,0,0,1,0,0,0,0,0,6.80961E+20,5.3318E+21,1.14313E+16,4.81137E+16
139402,139403,9,5,64,0,2016,6,15,5,3,5,2,0,0,1,0,0,1,0,0,6.50486E+20,5.47862E+21,1.10759E+16,4.94416E+16
139403,139404,9,7,62,0,2016,6,17,6,3,5,7,0,0,0,1,1,0,0,0,6.22312E+20,5.30796E+21,1.06369E+16,4.79133E+16
139404,139405,9,1,62,0,2016,6,4,5,3,5,3,2,1,1,1,0,0,0,0,6.91225E+20,5.3344E+21,1.15702E+16,4.81341E+16
139405,139406,9,6,63,0,2016,6,10,6,3,5,3,0,0,1,1,0,0,0,0,5.67928E+20,5.51727E+21,9.94401E+15,4.98041E+16
139406,139407,9,5,64,0,2016,6,15,5,3,0,1,0,1,0,0,0,1,0,0,6.49892E+20,5.47852E+21,1.10677E+16,4.94409E+16
139407,139408,9,1,62,0,2016,6,8,6,3,0,7,0,1,0,0,0,1,0,1,6.90146E+20,5.33445E+21,1.15558E+16,4.81349E+16
139408,139409,9,4,76,179,2016,6,14,4,2,0,7,0,0,1,0,0,0,0,0,6.60237E+20,5.59318E+21,1.1258E+16,5.04687E+16
139409,139410,9,1,62,0,2016,6,12,4,3,1,5,0,0,1,1,0,0,0,0,6.87427E+20,5.33918E+21,1.15214E+16,4.81782E+16
139410,139411,9,7,72,209,2016,6,10,3,3,8,1,0,0,0,0,0,1,0,0,6.36742E+20,5.33646E+21,1.08391E+16,4.81667E+16
139411,139412,9,5,71,227,2016,6,17,7,3,8,7,0,0,0,1,0,0,0,0,6.04769E+20,5.43619E+21,1.04344E+16,4.90697E+16
139412,139413,9,5,64,0,2016,6,5,3,3,5,7,1,1,1,0,0,0,0,0,6.50882E+20,5.48078E+21,1.10822E+16,4.94609E+16
139413,139414,9,1,86,149,2016,6,20,4,3,8,1,0,0,1,0,0,0,0,0,6.86057E+20,5.38728E+21,1.15243E+16,4.86109E+16
139414,139415,9,1,76,124,2016,6,7,3,3,3,6,0,1,1,0,0,0,0,1,6.7021E+20,5.41034E+21,1.1319E+16,4.88227E+16
139415,139416,9,2,73,116,2016,6,12,2,3,0,7,0,0,1,0,0,0,0,0,7.23031E+20,5.4237E+21,1.20449E+16,4.8926E+16
139416,139417,9,5,64,0,2016,6,19,1,3,2,6,0,0,0,1,0,0,0,0,6.5082E+20,5.47917E+21,1.10807E+16,4.94465E+16
139417,139418,9,7,61,0,2016,6,16,2,3,5,7,0,0,1,0,0,0,1,0,6.40219E+20,5.35729E+21,1.08927E+16,4.83532E+16
139418,139419,9,1,88,139,2016,6,19,3,3,2,6,0,0,0,1,0,1,0,0,6.69629E+20,5.31879E+21,1.1274E+16,4.79999E+16
139419,139420,9,1,62,0,2016,6,15,7,2,0,7,0,0,1,1,0,0,0,0,6.97485E+20,5.3314E+21,1.16529E+16,4.81052E+16
139420,139421,9,1,74,126,2016,6,1,1,3,1,7,2,1,0,1,1,0,0,0,6.80713E+20,5.34258E+21,1.14326E+16,4.82107E+16
139421,139422,9,1,62,0,2016,6,11,3,3,5,3,0,0,0,1,0,1,0,0,6.86776E+20,5.32787E+21,1.15077E+16,4.80767E+16
139422,139423,9,5,64,0,2016,6,9,3,3,0,7,0,0,0,0,1,0,0,1,6.50665E+20,5.47999E+21,1.10789E+16,4.94539E+16
139423,139424,9,1,90,140,2016,6,14,4,3,5,3,0,0,0,1,0,0,0,0,6.44477E+20,5.29527E+21,1.09292E+16,4.77946E+16
139424,139425,9,1,90,157,2016,6,17,2,3,5,3,0,0,0,1,0,0,0,0,6.61067E+20,5.30112E+21,1.11527E+16,4.78432E+16
139425,139426,9,7,61,0,2016,6,6,2,3,4,6,0,0,0,1,0,0,0,0,6.35839E+20,5.35573E+21,1.08331E+16,4.83401E+16
139426,139427,9,1,79,126,2016,6,17,3,3,2,2,0,0,1,1,0,0,0,0,6.77516E+20,5.3405E+21,1.13887E+16,4.81929E+16
139427,139428,9,1,90,157,2016,6,11,2,3,2,6,0,0,0,1,0,0,0,0,6.59089E+20,5.29955E+21,1.11257E+16,4.78296E+16
139428,139429,9,4,61,0,2016,6,18,1,3,1,7,0,0,0,1,1,0,0,0,6.36809E+20,5.52914E+21,1.0905E+16,4.9899E+16
139429,139430,9,7,61,0,2016,6,15,2,3,0,4,0,0,0,0,1,0,0,1,6.39799E+20,5.35869E+21,1.08875E+16,4.83659E+16
139430,139431,9,1,74,113,2016,6,13,3,3,8,1,0,0,0,1,0,0,0,0,6.74827E+20,5.35042E+21,1.13567E+16,4.82829E+16
139431,139432,9,1,80,117,2016,6,10,2,3,1,6,0,0,0,0,0,1,0,1,6.57573E+20,5.26397E+21,1.10927E+16,4.75101E+16
139432,139433,9,4,75,184,2016,6,9,1,3,1,6,0,0,0,1,0,0,0,0,7.03613E+20,5.56282E+21,1.18521E+16,5.01825E+16
139433,139434,9,6,79,202,2016,6,17,2,3,0,1,0,0,1,0,0,0,0,0,5.63129E+20,5.51976E+21,9.87772E+15,4.98269E+16
139434,139435,9,7,64,0,2016,6,19,7,2,0,1,0,0,1,0,0,0,0,0,5.86858E+20,5.31501E+21,1.0164E+16,4.79825E+16
139435,139436,9,1,62,0,2016,6,7,3,3,0,7,0,1,0,0,0,1,1,0,6.97917E+20,5.33449E+21,1.16601E+16,4.81329E+16
139436,139437,9,5,64,0,2016,6,10,3,3,1,5,0,0,0,1,0,0,0,0,6.55042E+20,5.47572E+21,1.11376E+16,4.94144E+16
139437,139438,9,1,73,142,2016,6,11,4,2,0,1,0,0,1,0,0,0,0,0,6.7458E+20,5.28208E+21,1.13256E+16,4.76685E+16
139438,139439,9,1,80,118,2016,6,17,2,2,0,1,0,0,1,0,0,0,0,0,6.54136E+20,5.25888E+21,1.10453E+16,4.74651E+16
139439,139440,9,6,63,0,2016,6,16,2,3,2,6,0,0,0,1,0,1,0,0,5.6926E+20,5.51034E+21,9.96127E+15,4.97415E+16
139440,139441,9,1,77,117,2016,6,14,3,3,5,3,0,0,1,1,0,0,0,0,7.15605E+20,5.35408E+21,1.19075E+16,4.83031E+16
139441,139442,9,2,74,113,2016,6,18,1,2,0,7,0,0,1,0,0,0,0,0,7.30088E+20,5.38207E+21,1.21179E+16,4.85495E+16
139442,139443,9,5,64,0,2016,6,11,3,3,5,7,0,0,0,1,0,1,0,0,6.48724E+20,5.47825E+21,1.10515E+16,4.94387E+16
139443,139444,9,1,62,0,2016,6,17,3,3,5,7,0,0,1,1,0,0,0,0,6.89399E+20,5.33214E+21,1.15447E+16,4.81143E+16
139444,139445,9,1,88,141,2016,6,9,4,3,6,4,0,0,0,1,1,0,0,0,6.68417E+20,5.31202E+21,1.12552E+16,4.79394E+16
139445,139446,9,5,61,0,2016,6,11,3,3,5,3,0,0,0,1,0,0,0,0,6.13976E+20,5.46276E+21,1.0568E+16,4.93069E+16
139446,139447,9,1,62,0,2016,6,9,3,3,0,4,0,0,1,0,1,0,0,0,6.88013E+20,5.33198E+21,1.15261E+16,4.81133E+16
139447,139448,9,4,79,152,2016,6,23,3,3,4,2,2,0,0,1,0,0,0,0,7.23374E+20,5.56222E+21,1.21282E+16,5.017E+16
139448,139449,9,1,83,148,2016,6,9,2,3,6,7,0,0,0,1,1,0,0,0,7.52588E+20,5.3444E+21,1.23997E+16,4.82025E+16
139449,139450,9,6,74,147,2016,6,10,2,2,1,3,0,0,1,1,0,0,0,0,6.08097E+20,5.5434E+21,1.05094E+16,5.00331E+16
139450,139451,9,1,75,114,2016,6,7,3,3,5,3,0,0,0,1,0,0,0,0,7.18046E+20,5.32494E+21,1.19255E+16,4.80405E+16
139451,139452,9,1,79,123,2016,6,23,1,3,5,3,2,0,0,1,0,0,0,0,6.76439E+20,5.33279E+21,1.1371E+16,4.81239E+16
139452,139453,9,4,64,0,2016,6,10,3,3,5,3,0,0,0,1,0,1,0,0,7.06795E+20,5.57733E+21,1.19045E+16,5.03117E+16
139453,139454,9,3,76,116,2016,6,16,4,3,0,3,0,0,1,1,0,0,0,0,7.40388E+20,5.4628E+21,1.23048E+16,4.92706E+16
139454,139455,9,1,62,0,2016,6,8,3,3,0,2,0,0,1,1,0,0,0,0,6.90195E+20,5.33542E+21,1.15569E+16,4.81436E+16
139455,139456,9,1,81,130,2016,6,21,4,3,0,7,0,0,1,0,0,0,0,0,6.38466E+20,5.32212E+21,1.08576E+16,4.80373E+16
139456,139457,9,1,89,155,2016,6,16,2,3,5,3,0,0,1,1,0,0,0,0,7.72141E+20,5.30778E+21,1.2639E+16,4.78656E+16
139457,139458,9,6,74,130,2016,6,14,2,3,7,5,0,0,1,1,0,0,0,0,6.28558E+20,5.55061E+21,1.07974E+16,5.00938E+16
139458,139459,9,1,62,0,2016,6,16,2,3,0,7,0,0,1,0,0,0,0,0,6.89652E+20,5.34277E+21,1.15529E+16,4.82098E+16
139459,139460,9,1,63,0,2016,6,8,2,3,0,7,0,0,1,0,0,0,0,0,7.32049E+20,5.30411E+21,1.21018E+16,4.78484E+16
139460,139461,9,6,78,178,2016,6,15,2,3,7,5,0,0,1,1,0,0,0,0,5.90128E+20,5.54383E+21,1.02586E+16,5.00399E+16
139461,139462,9,1,62,0,2016,6,7,2,3,4,6,0,0,1,1,0,1,0,0,6.96038E+20,5.33157E+21,1.16336E+16,4.81072E+16
139462,139463,9,1,62,0,2016,6,18,3,3,0,6,0,0,1,0,0,0,0,0,6.91743E+20,5.33521E+21,1.15776E+16,4.81413E+16
139463,139464,9,4,73,151,2016,6,16,3,3,5,3,0,0,0,1,0,1,0,0,6.4984E+20,5.57968E+21,1.11062E+16,5.03501E+16
139464,139465,9,3,76,119,2016,6,7,4,3,5,3,0,0,0,1,0,0,0,1,7.21298E+20,5.45386E+21,1.20378E+16,4.91975E+16
139465,139466,9,1,83,120,2016,6,17,4,2,5,3,0,0,1,1,0,0,0,0,7.5012E+20,5.34804E+21,1.23686E+16,4.82362E+16
139466,139467,9,1,81,130,2016,6,13,4,3,0,7,0,0,1,0,0,0,0,0,6.36703E+20,5.32065E+21,1.08335E+16,4.80245E+16
139467,139468,9,1,62,0,2016,6,9,2,2,7,7,0,0,1,0,0,0,0,1,6.95152E+20,5.33478E+21,1.16232E+16,4.81363E+16
139468,139469,9,1,87,117,2016,6,10,2,3,6,4,0,0,0,1,1,0,0,0,7.25143E+20,5.30556E+21,1.20104E+16,4.78639E+16
139469,139470,9,5,64,0,2016,6,15,1,3,4,2,0,0,0,1,0,0,0,0,6.46107E+20,5.47985E+21,1.1016E+16,4.94538E+16
139470,139471,9,5,72,130,2016,6,11,2,2,0,7,0,0,1,0,0,0,0,0,6.397E+20,5.50509E+21,1.09366E+16,4.96821E+16
139471,139472,9,1,62,0,2016,6,16,2,3,4,6,0,0,1,1,0,0,0,0,6.94193E+20,5.33452E+21,1.16101E+16,4.81342E+16
139472,139473,9,7,80,143,2016,6,11,7,3,0,1,0,0,1,0,0,0,0,0,5.95748E+20,5.27808E+21,1.02749E+16,4.7649E+16
139473,139474,9,1,77,117,2016,6,13,1,3,5,2,0,1,0,1,0,1,0,0,7.16144E+20,5.35436E+21,1.19149E+16,4.83055E+16
139474,139475,9,7,75,134,2016,6,17,3,3,5,2,0,0,1,1,0,0,0,0,5.82066E+20,5.36517E+21,1.01095E+16,4.84344E+16
139475,139476,9,4,78,165,2016,6,11,3,3,5,3,0,0,1,0,0,0,0,1,6.42635E+20,5.5527E+21,1.09948E+16,5.01094E+16