FID,OBJECTID,ULAND,UREGBEZ,UKREIS,UGEMEINDE,UJAHR,UMONAT,USTUNDE,UWOCHENTAG,UKATEGORIE,UART,UTYP1,ULICHTVERH,IstStrasse,IstRad,IstPKW,IstFuss,IstKrad,IstGkfz,IstSonstig,LINREFX,LINREFY,XGCSWGS84,YGCSWGS84
139476,139477,9,1,83,148,2016,6,8,4,2,3,6,0,0,1,0,0,0,0,1,7.51632E+20,5.34468E+21,1.2387E+16,4.82054E+16
139477,139478,9,7,79,194,2016,6,13,7,3,6,2,0,1,0,1,1,0,0,0,6.08825E+20,5.41234E+21,1.04836E+16,4.88545E+16
139478,139479,9,1,62,0,2016,6,14,7,3,5,3,0,0,1,1,0,0,0,0,6.89484E+20,5.33149E+21,1.15456E+16,4.81084E+16
139479,139480,9,7,64,0,2016,6,18,3,3,6,4,0,0,1,0,1,0,0,0,5.88109E+20,5.31527E+21,1.01808E+16,4.79847E+16
139480,139481,9,4,73,158,2016,6,6,3,3,8,1,0,1,0,1,0,0,0,0,6.28197E+20,5.57527E+21,1.08007E+16,5.03156E+16
139481,139482,9,1,83,128,2016,6,18,4,3,5,7,0,0,0,0,0,1,0,1,7.6145E+20,5.35263E+21,1.25238E+16,4.82729E+16
139482,139483,9,1,74,151,2016,6,7,4,3,4,2,0,0,1,1,0,0,0,0,6.78874E+20,5.36115E+21,1.14157E+16,4.83782E+16
139483,139484,9,1,62,0,2016,6,17,2,3,1,5,0,0,1,1,0,0,0,0,6.89868E+20,5.33735E+21,1.15533E+16,4.8161E+16
139484,139485,9,1,61,0,2016,6,22,2,3,0,1,2,0,1,0,0,0,0,0,6.76082E+20,5.40431E+21,1.13963E+16,4.87668E+16
139485,139486,9,4,76,185,2016,6,18,1,3,5,3,0,0,0,1,0,0,0,0,6.67716E+20,5.56288E+21,1.13498E+16,5.01943E+16
139486,139487,9,5,62,0,2016,6,17,2,3,4,2,0,0,1,1,0,0,0,0,6.42168E+20,5.49557E+21,1.09674E+16,4.9596E+16
139487,139488,9,7,79,131,2016,6,20,7,3,5,3,1,0,0,1,0,0,0,0,6.31703E+20,5.39835E+21,1.07908E+16,4.87243E+16
139488,139489,9,7,74,192,2016,6,16,3,3,5,3,0,0,0,1,0,0,0,1,5.99155E+20,5.33807E+21,1.03341E+16,4.81881E+16
139489,139490,9,1,72,118,2016,6,10,4,3,0,1,0,0,0,0,0,1,0,0,7.97307E+20,5.3057E+21,1.29733E+16,4.78358E+16
139490,139491,9,1,61,0,2016,6,9,2,2,5,3,0,0,0,1,0,1,0,0,6.77323E+20,5.40507E+21,1.14135E+16,4.87733E+16
139491,139492,9,5,62,0,2016,6,7,2,3,5,3,0,0,0,1,0,0,0,0,6.42263E+20,5.49556E+21,1.09687E+16,4.95959E+16
139492,139493,9,1,62,0,2016,6,14,2,3,6,4,0,0,0,1,1,0,0,0,6.89418E+20,5.33307E+21,1.15454E+16,4.81227E+16
139493,139494,9,1,72,111,2016,6,15,1,3,6,7,0,0,0,1,1,0,0,0,7.96982E+20,5.30304E+21,1.29672E+16,4.78121E+16
139494,139495,9,1,86,143,2016,6,17,2,3,5,3,0,0,0,1,0,1,0,0,6.85579E+20,5.37792E+21,1.15136E+16,4.85269E+16
139495,139496,9,5,65,0,2016,6,13,2,3,5,2,0,0,0,1,0,0,0,0,6.47404E+20,5.46652E+21,1.10289E+16,4.93336E+16
139496,139497,9,1,62,0,2016,6,8,2,2,1,5,0,0,0,1,0,1,0,0,6.92312E+20,5.33762E+21,1.15863E+16,4.81627E+16
139497,139498,9,1,85,149,2016,6,19,2,2,8,6,0,0,0,0,1,1,0,1,6.6112E+20,5.39779E+21,1.11903E+16,4.87123E+16
139498,139499,9,3,62,0,2016,6,10,1,3,1,6,0,0,0,1,0,1,0,0,7.26054E+20,5.435E+21,1.20924E+16,4.90264E+16
139499,139500,9,5,74,155,2016,6,17,2,3,5,6,0,0,1,1,0,0,0,0,6.6728E+20,5.49324E+21,1.13136E+16,4.95686E+16
139500,139501,9,3,71,132,2016,6,17,4,3,5,7,0,0,1,0,1,0,0,0,6.94582E+20,5.472E+21,1.16803E+16,4.93696E+16
139501,139502,9,7,74,185,2016,6,14,3,3,8,7,0,0,1,0,0,0,0,0,6.08472E+20,5.34984E+21,1.04624E+16,4.82924E+16
139502,139503,9,4,72,175,2016,6,9,3,3,5,3,0,0,0,1,0,0,0,0,6.83034E+20,5.5142E+21,1.15411E+16,4.97524E+16
139503,139504,9,1,86,162,2016,6,13,2,2,5,2,0,0,0,1,0,1,0,0,6.90983E+20,5.38838E+21,1.15915E+16,4.86193E+16
139504,139505,9,5,63,0,2016,6,7,2,2,6,4,0,0,0,1,1,0,0,0,6.44553E+20,5.48083E+21,1.09949E+16,4.94629E+16
139505,139506,9,4,62,0,2016,6,8,3,3,4,2,0,0,1,0,0,0,0,1,6.84739E+20,5.53578E+21,1.1575E+16,4.99458E+16
139506,139507,9,2,71,125,2016,6,13,4,3,4,2,0,0,0,1,0,0,0,0,7.97239E+20,5.40978E+21,1.30457E+16,4.877E+16
139507,139508,9,7,78,116,2016,6,12,3,3,5,3,0,0,0,1,1,0,0,0,6.19234E+20,5.31805E+21,1.05986E+16,4.80046E+16
139508,139509,9,4,61,0,2016,6,7,3,3,6,4,0,0,0,1,1,0,0,0,6.35488E+20,5.52812E+21,1.08863E+16,4.98901E+16
139509,139510,9,2,75,153,2016,6,20,4,3,4,7,0,0,1,1,0,0,0,0,8.42239E+20,5.39359E+21,1.36428E+16,4.86017E+16
139510,139511,9,7,63,0,2016,6,18,3,3,0,3,0,0,1,0,0,0,0,0,5.9858E+20,5.28714E+21,1.03147E+16,4.77301E+16
139511,139512,9,1,75,132,2016,6,11,4,3,5,3,0,0,0,1,0,0,0,0,7.07647E+20,5.33403E+21,1.17905E+16,4.81256E+16
139512,139513,9,3,63,0,2016,6,17,3,3,5,3,0,0,1,0,0,1,0,0,7.27933E+20,5.50717E+21,1.21594E+16,4.9674E+16
139513,139514,9,1,79,126,2016,6,11,2,2,0,7,0,0,1,0,0,0,0,0,6.77382E+20,5.33971E+21,1.13866E+16,4.81858E+16
139514,139515,9,5,64,0,2016,6,10,2,3,5,6,0,0,1,0,0,0,0,0,6.53837E+20,5.47545E+21,1.11209E+16,4.94123E+16
139515,139516,9,1,62,0,2016,6,17,2,2,4,2,0,0,0,1,0,1,0,0,6.92939E+20,5.33368E+21,1.15929E+16,4.81271E+16
139516,139517,9,7,71,130,2016,6,18,7,3,5,7,0,0,1,1,0,0,0,0,6.4621E+20,5.35739E+21,1.09736E+16,4.83528E+16
139517,139518,9,1,62,0,2016,6,18,7,3,5,3,0,0,1,0,0,0,0,0,6.93531E+20,5.34262E+21,1.1605E+16,4.82073E+16
139518,139519,9,7,77,172,2016,6,14,3,3,0,1,0,0,1,0,0,0,0,0,6.27909E+20,5.30643E+21,1.07114E+16,4.78985E+16
139519,139520,9,3,62,0,2016,6,16,3,3,5,3,0,0,0,1,0,0,0,0,7.271E+20,5.43363E+21,1.2106E+16,4.90138E+16
139520,139521,9,2,62,0,2016,6,15,4,3,0,7,0,0,0,1,0,0,0,0,8.24132E+20,5.3887E+21,1.33941E+16,4.85675E+16
139521,139522,9,1,72,124,2016,6,9,4,1,6,4,0,0,0,1,1,0,0,0,8.03413E+20,5.29044E+21,1.30441E+16,4.76961E+16
139522,139523,9,1,78,157,2016,6,19,4,3,0,1,0,0,1,0,0,0,0,0,7.02861E+20,5.36993E+21,1.17435E+16,4.84498E+16
139523,139524,9,1,62,0,2016,6,11,2,3,6,3,0,0,0,1,1,0,0,0,6.9145E+20,5.33437E+21,1.15733E+16,4.81338E+16
139524,139525,9,1,88,127,2016,6,7,2,3,4,2,0,0,0,1,0,0,0,0,6.7677E+20,5.32987E+21,1.13743E+16,4.80975E+16
139525,139526,9,5,71,177,2016,6,14,1,3,5,3,0,0,0,1,0,1,0,0,6.22011E+20,5.45019E+21,1.06746E+16,4.91923E+16
139526,139527,9,1,62,0,2016,6,11,3,3,6,4,0,0,1,0,1,0,0,0,6.91642E+20,5.33475E+21,1.1576E+16,4.81371E+16
139527,139528,9,1,62,0,2016,6,16,1,3,0,7,0,1,0,0,0,1,0,1,6.91979E+20,5.33344E+21,1.15799E+16,4.81252E+16
139528,139529,9,5,74,155,2016,6,12,1,2,7,7,0,0,1,0,0,0,0,1,6.68598E+20,5.49378E+21,1.1332E+16,4.95731E+16
139529,139530,9,5,64,0,2016,6,22,2,2,5,3,2,0,1,1,0,0,0,0,6.4915E+20,5.48003E+21,1.1058E+16,4.94546E+16
139530,139531,9,1,62,0,2016,6,11,2,2,6,2,0,0,0,0,1,0,0,1,6.93163E+20,5.33189E+21,1.15951E+16,4.81109E+16
139531,139532,9,7,71,130,2016,6,12,7,3,0,1,0,0,1,0,0,0,0,0,6.45839E+20,5.36149E+21,1.097E+16,4.83897E+16
139532,139533,9,1,62,0,2016,6,9,7,3,5,3,0,0,1,1,0,0,0,0,6.87516E+20,5.33617E+21,1.15212E+16,4.81511E+16
139533,139534,9,7,73,125,2016,6,7,3,2,0,7,0,0,0,0,0,0,0,1,6.10301E+20,5.38158E+21,1.04954E+16,4.85776E+16
139534,139535,9,3,62,0,2016,6,7,3,2,6,7,0,0,1,0,1,0,0,0,7.27489E+20,5.43612E+21,1.21127E+16,4.90359E+16
139535,139536,9,1,71,111,2016,6,21,4,3,0,1,1,0,0,0,0,1,0,0,7.73515E+20,5.34876E+21,1.26835E+16,4.8233E+16
139536,139537,9,1,62,0,2016,6,13,1,3,5,2,0,1,0,1,0,0,1,0,7.00047E+20,5.33521E+21,1.16891E+16,4.81387E+16
139537,139538,9,1,62,0,2016,6,17,2,3,3,6,0,0,1,1,0,0,0,0,6.79688E+20,5.33691E+21,1.14164E+16,4.816E+16
139538,139539,9,1,62,0,2016,6,19,1,2,4,7,0,1,0,1,0,0,0,0,6.89765E+20,5.33339E+21,1.15502E+16,4.81255E+16
139539,139540,9,4,74,126,2016,6,13,1,3,0,1,0,0,1,0,0,0,0,0,6.48183E+20,5.51079E+21,1.10563E+16,4.97313E+16
139540,139541,9,5,64,0,2016,6,13,2,2,6,4,0,0,0,1,1,0,0,0,6.50225E+20,5.4814E+21,1.10734E+16,4.94666E+16
139541,139542,9,7,61,0,2016,6,12,3,3,1,6,0,0,0,1,0,0,0,0,6.39692E+20,5.3575E+21,1.08857E+16,4.83552E+16
139542,139543,9,5,64,0,2016,6,15,2,3,2,6,0,0,0,1,0,0,0,0,6.50179E+20,5.47922E+21,1.10719E+16,4.94471E+16
139543,139544,9,7,71,113,2016,6,5,7,3,8,1,0,0,0,1,0,0,0,0,6.49526E+20,5.36753E+21,1.10219E+16,4.84431E+16
139544,139545,9,7,71,130,2016,6,16,3,3,0,1,0,0,1,0,0,0,0,0,6.46406E+20,5.35785E+21,1.09764E+16,4.83568E+16
139545,139546,9,3,73,147,2016,6,8,3,3,5,3,0,1,1,1,0,0,0,0,6.78097E+20,5.46093E+21,1.14486E+16,4.92752E+16
139546,139547,9,1,63,0,2016,6,18,4,3,6,2,0,0,0,1,1,0,0,0,7.34551E+20,5.30427E+21,1.21353E+16,4.7849E+16
139547,139548,9,1,84,112,2016,6,11,1,3,8,1,0,1,0,1,0,0,0,0,7.02971E+20,5.33828E+21,1.17298E+16,4.81653E+16
139548,139549,9,5,64,0,2016,6,16,2,3,3,2,0,0,0,1,0,1,0,0,6.50884E+20,5.48069E+21,1.10822E+16,4.94601E+16
139549,139550,9,1,62,0,2016,6,13,2,3,5,3,0,0,1,1,0,0,0,0,6.87614E+20,5.34123E+21,1.15248E+16,4.81966E+16
139550,139551,9,2,72,150,2016,6,18,1,3,8,1,0,0,1,0,0,0,0,0,8.17343E+20,5.41043E+21,1.3319E+16,4.87659E+16
139551,139552,9,2,75,141,2016,6,14,4,3,0,1,0,0,1,0,0,0,0,0,8.20114E+20,5.37206E+21,1.33271E+16,4.84203E+16
139552,139553,9,7,61,0,2016,6,7,3,3,1,6,0,0,1,0,0,0,0,0,6.38604E+20,5.3609E+21,1.08721E+16,4.8386E+16
139553,139554,9,1,62,0,2016,6,11,3,3,0,2,0,0,1,1,0,0,0,0,6.85893E+20,5.32988E+21,1.14967E+16,4.8095E+16
139554,139555,9,3,61,0,2016,6,7,3,3,4,6,0,0,1,0,0,0,0,0,7.06642E+20,5.48115E+21,1.1851E+16,4.94478E+16
139555,139556,9,1,62,0,2016,6,0,1,3,6,4,2,1,0,1,1,0,0,0,6.91817E+20,5.33465E+21,1.15783E+16,4.81361E+16
139556,139557,9,2,76,144,2016,6,14,3,3,9,7,0,0,0,1,0,0,0,0,7.84498E+20,5.44397E+21,1.28965E+16,4.90827E+16
139557,139558,9,1,63,0,2016,6,7,4,3,1,3,0,0,1,0,0,0,0,0,7.34116E+20,5.30497E+21,1.21299E+16,4.78554E+16
139558,139559,9,1,62,0,2016,6,12,1,3,5,3,0,1,0,1,0,0,0,0,6.81933E+20,5.3395E+21,1.14477E+16,4.81826E+16
139559,139560,9,5,71,214,2016,6,10,2,2,0,7,0,0,1,0,0,0,0,0,6.12878E+20,5.43242E+21,1.05443E+16,4.90343E+16
139560,139561,9,1,62,0,2016,6,15,2,3,2,6,0,0,0,1,0,1,0,0,6.98329E+20,5.33327E+21,1.16651E+16,4.81218E+16
139561,139562,9,1,79,142,2016,6,10,1,2,5,3,0,1,1,1,0,0,0,0,6.74279E+20,5.34389E+21,1.13466E+16,4.82243E+16
139562,139563,9,2,75,141,2016,6,12,3,2,5,3,0,0,0,1,0,1,0,0,8.19243E+20,5.37028E+21,1.3314E+16,4.84047E+16
139563,139564,9,2,74,132,2016,6,15,4,2,7,1,0,0,0,0,0,0,0,1,7.22381E+20,5.38651E+21,1.2016E+16,4.85922E+16
139564,139565,9,7,61,0,2016,6,7,3,3,5,1,0,0,1,1,0,0,0,0,6.39779E+20,5.35767E+21,1.08869E+16,4.83568E+16
139565,139566,9,1,84,130,2016,6,17,3,3,5,3,0,0,0,1,0,0,0,0,6.99682E+20,5.34412E+21,1.16884E+16,4.82189E+16
139566,139567,9,1,62,0,2016,6,19,1,3,0,7,0,1,1,0,0,0,0,0,6.90535E+20,5.33261E+21,1.15602E+16,4.81183E+16
139567,139568,9,4,75,169,2016,6,17,2,3,2,6,0,0,0,0,0,1,0,0,6.85137E+20,5.57185E+21,1.1598E+16,5.02697E+16
139568,139569,9,1,62,0,2016,6,8,2,3,5,3,0,0,1,1,0,0,0,0,6.9431E+20,5.33647E+21,1.16126E+16,4.81517E+16
139569,139570,9,6,73,114,2016,6,19,7,3,0,7,0,0,0,0,0,0,0,1,5.86478E+20,5.57601E+21,1.0215E+16,5.03298E+16
139570,139571,9,1,62,0,2016,6,13,7,3,2,6,0,0,0,1,0,0,0,0,6.86266E+20,5.33117E+21,1.15023E+16,4.81066E+16
139571,139572,9,7,61,0,2016,6,18,3,3,5,2,0,0,0,1,0,1,0,0,6.41949E+20,5.35946E+21,1.09168E+16,4.83723E+16
139572,139573,9,2,61,0,2016,6,16,3,3,5,3,0,0,0,1,0,0,0,0,7.3158E+20,5.38262E+21,1.21384E+16,4.85539E+16
139573,139574,9,4,76,145,2016,6,18,2,3,2,6,0,0,0,1,0,0,0,0,6.66033E+20,5.56709E+21,1.13281E+16,5.02327E+16
139574,139575,9,1,62,0,2016,6,9,2,3,3,6,0,0,1,0,0,0,0,0,6.9287E+20,5.33475E+21,1.15925E+16,4.81367E+16
139575,139576,9,1,90,139,2016,6,10,3,2,5,3,0,0,0,1,0,0,0,0,6.53929E+20,5.29512E+21,1.10553E+16,4.7791E+16
139576,139577,9,2,74,176,2016,6,18,4,3,5,3,0,0,0,1,0,0,0,0,7.22278E+20,5.39861E+21,1.20211E+16,4.87009E+16
139577,139578,9,1,62,0,2016,6,16,3,3,2,7,0,0,0,1,0,0,0,1,6.88638E+20,5.33649E+21,1.15364E+16,4.81537E+16
139578,139579,9,1,62,0,2016,6,19,2,3,6,6,0,0,1,0,1,0,0,0,6.90871E+20,5.33447E+21,1.15655E+16,4.81348E+16
139579,139580,9,1,62,0,2016,6,20,1,3,4,2,0,0,0,1,0,1,0,0,6.94447E+20,5.33305E+21,1.16129E+16,4.8121E+16
139580,139581,9,5,64,0,2016,6,8,1,3,2,6,0,0,0,1,0,0,0,0,6.50898E+20,5.47921E+21,1.10818E+16,4.94468E+16
139581,139582,9,4,61,0,2016,6,7,2,3,1,6,0,0,0,1,0,1,0,0,6.37235E+20,5.52916E+21,1.0911E+16,4.98991E+16
139582,139583,9,1,62,0,2016,6,13,2,3,3,7,0,0,1,0,1,0,0,0,6.90136E+20,5.33417E+21,1.15555E+16,4.81324E+16
139583,139584,9,6,76,139,2016,6,11,7,3,0,7,0,0,0,0,0,0,0,1,5.18956E+20,5.50509E+21,9.26286E+15,4.96981E+16
139584,139585,9,1,62,0,2016,6,14,7,3,2,5,0,0,0,1,0,1,0,0,6.91863E+20,5.33717E+21,1.15801E+16,4.81588E+16
139585,139586,9,7,61,0,2016,6,12,3,3,0,1,0,0,1,0,0,0,0,0,6.42089E+20,5.35696E+21,1.09178E+16,4.83498E+16
139586,139587,9,1,80,117,2016,6,22,3,3,0,1,2,0,1,0,0,0,0,0,6.58842E+20,5.26236E+21,1.11089E+16,4.74952E+16
139587,139588,9,1,63,0,2016,6,9,4,3,5,3,0,0,0,1,0,1,0,0,7.34154E+20,5.30493E+21,1.21304E+16,4.7855E+16
139588,139589,9,1,62,0,2016,6,21,1,3,4,3,1,1,0,1,0,0,0,0,6.91492E+20,5.33703E+21,1.1575E+16,4.81576E+16
139589,139590,9,4,61,0,2016,6,10,2,3,0,7,0,0,1,0,0,0,0,0,6.37976E+20,5.53016E+21,1.09216E+16,4.99079E+16
139590,139591,9,1,82,129,2016,6,15,4,2,0,1,0,0,1,0,0,0,0,0,7.07968E+20,5.28571E+21,1.17715E+16,4.76913E+16
139591,139592,9,1,84,135,2016,6,16,3,3,5,3,0,0,1,1,0,0,0,0,6.89113E+20,5.34716E+21,1.15476E+16,4.82494E+16
139592,139593,9,1,62,0,2016,6,18,2,3,6,7,0,0,1,0,1,0,0,0,6.92178E+20,5.33557E+21,1.15836E+16,4.81444E+16
139593,139594,9,7,75,135,2016,6,15,1,3,0,1,0,0,1,0,0,0,0,0,5.73882E+20,5.36058E+21,9.99806E+15,4.83941E+16
139594,139595,9,4,78,139,2016,6,20,1,3,5,2,0,0,0,1,0,1,0,0,6.48054E+20,5.55717E+21,1.10723E+16,5.01482E+16
139595,139596,9,3,74,164,2016,6,18,2,2,5,2,0,0,1,0,0,0,0,0,7.53004E+20,5.50399E+21,1.25042E+16,4.96354E+16
139596,139597,9,5,76,126,2016,6,9,7,3,0,6,0,0,1,0,0,0,0,1,6.56499E+20,5.44562E+21,1.11459E+16,4.91434E+16
139597,139598,9,7,61,0,2016,6,17,3,3,0,4,0,0,1,0,1,0,0,0,6.40567E+20,5.35916E+21,1.0898E+16,4.837E+16
139598,139599,9,1,87,150,2016,6,18,4,3,1,1,0,0,0,1,0,0,0,0,7.28656E+20,5.30475E+21,1.20569E+16,4.78553E+16
139599,139600,9,7,74,144,2016,6,3,1,2,0,7,2,0,0,1,0,0,0,0,6.06436E+20,5.36202E+21,1.04381E+16,4.84024E+16
139600,139601,9,3,77,133,2016,6,16,2,3,9,1,0,0,0,1,0,0,0,0,7.10271E+20,5.53489E+21,1.19299E+16,4.99293E+16
139601,139602,9,7,75,152,2016,6,14,2,2,0,7,0,0,1,0,0,0,0,0,5.78142E+20,5.35312E+21,1.00542E+16,4.83264E+16
139602,139603,9,1,90,140,2016,6,2,1,3,8,1,2,1,0,1,0,0,0,0,6.4376E+20,5.29676E+21,1.09201E+16,4.78081E+16
139603,139604,9,1,89,113,2016,6,17,3,3,4,6,0,0,0,1,0,1,0,0,7.67766E+20,5.30035E+21,1.25761E+16,4.78007E+16
139604,139605,9,2,74,126,2016,6,16,4,3,0,1,0,0,0,0,0,0,1,0,7.32479E+20,5.38444E+21,1.21516E+16,4.85699E+16
139605,139606,9,7,78,151,2016,6,19,2,3,6,4,0,0,0,1,1,0,0,0,5.93744E+20,5.31971E+21,1.02573E+16,4.80238E+16
139606,139607,9,7,72,147,2016,6,17,1,2,8,1,0,0,1,0,0,0,0,0,6.39174E+20,5.36577E+21,1.08814E+16,4.84297E+16
139607,139608,9,3,75,196,2016,6,15,1,2,0,1,0,0,0,0,0,1,0,0,7.30402E+20,5.41342E+21,1.21396E+16,4.8831E+16
139608,139609,9,5,63,0,2016,6,2,7,3,5,3,2,0,0,1,0,0,0,0,6.45874E+20,5.48144E+21,1.10134E+16,4.94681E+16
139609,139610,9,6,79,147,2016,6,8,3,3,1,6,0,0,0,1,0,1,0,0,5.62666E+20,5.51402E+21,9.87037E+15,4.97753E+16
139610,139611,9,1,72,114,2016,6,10,3,3,2,6,0,0,0,1,0,0,0,0,7.90578E+20,5.293E+21,1.28751E+16,4.77249E+16
139611,139612,9,7,61,0,2016,6,2,1,2,0,7,2,1,1,0,0,0,0,0,6.37005E+20,5.36016E+21,1.08503E+16,4.83797E+16
139612,139613,9,3,62,0,2016,6,14,2,2,8,1,0,0,0,0,0,1,0,0,7.2466E+20,5.43078E+21,1.20711E+16,4.8989E+16
139613,139614,9,1,79,140,2016,6,14,1,2,5,3,0,1,0,1,0,1,0,0,6.60161E+20,5.34501E+21,1.11571E+16,4.82381E+16
139614,139615,9,1,71,133,2016,6,17,3,3,0,1,0,0,1,0,0,0,0,0,7.67896E+20,5.34587E+21,1.26062E+16,4.82094E+16
139615,139616,9,2,74,126,2016,6,11,4,3,5,3,0,0,0,0,0,1,0,1,7.33169E+20,5.38296E+21,1.21601E+16,4.85563E+16
139616,139617,9,6,63,0,2016,6,9,3,2,0,1,0,0,1,0,0,0,0,0,5.66217E+20,5.51611E+21,9.92003E+15,4.97938E+16
139617,139618,9,1,62,0,2016,6,9,3,3,4,7,0,0,0,1,0,0,0,0,6.93439E+20,5.34034E+21,1.16027E+16,4.81868E+16
139618,139619,9,6,63,0,2016,6,10,3,3,5,3,0,0,0,1,0,0,0,0,5.68408E+20,5.5157E+21,9.95039E+15,4.97899E+16
139619,139620,9,1,62,0,2016,6,12,3,3,5,3,0,0,1,1,0,0,0,0,6.91566E+20,5.33652E+21,1.15758E+16,4.8153E+16
139620,139621,9,1,87,182,2016,6,16,3,2,4,3,0,0,1,1,0,0,0,0,7.40251E+20,5.3283E+21,1.22248E+16,4.80627E+16
139621,139622,9,7,61,0,2016,6,14,1,3,5,3,0,0,1,1,0,0,0,0,6.39943E+20,5.35738E+21,1.0889E+16,4.8354E+16
139622,139623,9,3,75,196,2016,6,7,2,3,5,3,0,0,0,1,0,0,0,0,7.30361E+20,5.41308E+21,1.21389E+16,4.8828E+16
139623,139624,9,7,74,185,2016,6,12,2,2,5,3,0,0,1,1,0,0,0,0,6.08585E+20,5.34835E+21,1.04636E+16,4.8279E+16
139624,139625,9,1,62,0,2016,6,10,7,3,5,3,0,0,0,1,0,0,0,0,6.87855E+20,5.34312E+21,1.15289E+16,4.82135E+16
139625,139626,9,6,63,0,2016,6,15,3,3,2,6,0,0,0,1,0,0,0,0,5.66802E+20,5.51573E+21,9.92809E+15,4.97903E+16
139626,139627,9,1,63,0,2016,6,16,3,3,1,6,0,0,1,1,0,0,0,0,7.33973E+20,5.30534E+21,1.21282E+16,4.78588E+16
139627,139628,9,2,73,152,2016,6,22,4,2,8,1,2,0,1,0,0,0,0,0,7.04558E+20,5.41101E+21,1.17867E+16,4.88184E+16
139628,139629,9,1,61,0,2016,6,14,4,2,0,7,0,0,1,0,0,0,0,0,6.74782E+20,5.40508E+21,1.1379E+16,4.87742E+16
139629,139630,9,1,62,0,2016,6,19,3,3,5,3,0,0,1,1,0,0,0,0,6.92294E+20,5.33502E+21,1.15849E+16,4.81394E+16
139630,139631,9,7,77,172,2016,6,13,2,3,0,3,0,0,0,1,0,0,0,0,6.28139E+20,5.30553E+21,1.07142E+16,4.78903E+16
139631,139632,9,7,61,0,2016,6,23,1,3,6,7,2,0,0,1,1,0,0,0,6.40696E+20,5.3586E+21,1.08996E+16,4.83648E+16
139632,139633,9,5,64,0,2016,6,19,1,3,3,6,0,0,0,1,0,1,0,0,6.50843E+20,5.47921E+21,1.10811E+16,4.94468E+16
139633,139634,9,3,75,190,2016,6,13,2,3,5,3,0,0,0,1,0,0,0,0,7.28182E+20,5.44657E+21,1.2128E+16,4.91296E+16
139634,139635,9,7,80,124,2016,6,18,2,2,2,2,0,0,0,1,0,1,0,0,5.9036E+20,5.2689E+21,1.02013E+16,4.75672E+16
139635,139636,9,5,63,0,2016,6,17,7,3,5,2,0,0,0,1,0,1,0,0,6.44258E+20,5.48069E+21,1.09908E+16,4.94617E+16
139636,139637,9,6,79,202,2016,6,21,1,3,6,4,2,0,0,1,1,0,0,0,5.62739E+20,5.52044E+21,9.87241E+15,4.98331E+16
139637,139638,9,3,62,0,2016,6,15,2,3,2,6,0,0,1,0,0,0,0,0,7.24883E+20,5.43252E+21,1.20751E+16,4.90045E+16
139638,139639,9,7,79,201,2016,6,10,2,3,0,2,0,0,1,0,0,0,0,0,6.40966E+20,5.39477E+21,1.09155E+16,4.86901E+16
139639,139640,9,5,64,0,2016,6,14,7,3,6,4,0,0,0,1,1,0,0,0,6.50823E+20,5.47848E+21,1.10805E+16,4.94403E+16
139640,139641,9,1,84,147,2016,6,10,7,3,5,3,0,0,1,1,0,0,0,0,6.96302E+20,5.34075E+21,1.16414E+16,4.81896E+16
139641,139642,9,6,72,112,2016,6,9,3,3,8,1,0,1,0,1,0,0,0,0,5.79178E+20,5.57172E+21,1.01116E+16,5.02923E+16
139642,139643,9,1,63,0,2016,6,16,3,3,0,1,0,0,0,0,0,1,0,0,7.3385E+20,5.30474E+21,1.21262E+16,4.78534E+16
139643,139644,9,1,61,0,2016,6,7,4,3,5,3,0,0,1,1,0,0,0,0,6.75342E+20,5.4045E+21,1.13863E+16,4.87688E+16
139644,139645,9,1,62,0,2016,6,17,3,3,3,2,0,0,1,1,0,0,0,0,6.8926E+20,5.33736E+21,1.15452E+16,4.81613E+16
139645,139646,9,7,73,125,2016,6,17,2,3,5,3,0,0,1,1,0,0,0,0,6.13161E+20,5.3833E+21,1.05347E+16,4.85926E+16
139646,139647,9,6,74,195,2016,6,20,1,3,5,3,0,0,0,1,0,0,0,0,6.13759E+20,5.5387E+21,1.0587E+16,4.99898E+16
139647,139648,9,4,62,0,2016,6,6,1,3,4,3,0,0,0,1,0,0,0,0,6.8363E+20,5.53492E+21,1.15591E+16,4.99384E+16
139648,139649,9,3,62,0,2016,6,15,2,3,5,3,0,0,1,1,0,0,0,0,7.29114E+20,5.43368E+21,1.21335E+16,4.90134E+16
139649,139650,9,5,64,0,2016,6,20,7,3,2,6,0,0,0,1,0,0,0,0,6.4914E+20,5.48003E+21,1.10579E+16,4.94546E+16
139650,139651,9,6,61,0,2016,6,13,3,2,0,7,0,0,1,0,0,0,0,0,5.08047E+20,5.5369E+21,9.11224E+15,4.99844E+16
139651,139652,9,1,76,167,2016,6,18,4,3,5,3,0,0,0,1,0,0,0,0,6.76963E+20,5.41023E+21,1.14108E+16,4.88198E+16
139652,139653,9,6,72,114,2016,6,14,1,3,6,7,0,0,0,1,1,0,0,0,5.77599E+20,5.56055E+21,1.00871E+16,5.01921E+16