FID,OBJECTID,ULAND,UREGBEZ,UKREIS,UGEMEINDE,UJAHR,UMONAT,USTUNDE,UWOCHENTAG,UKATEGORIE,UART,UTYP1,ULICHTVERH,IstStrasse,IstRad,IstPKW,IstFuss,IstKrad,IstGkfz,IstSonstig,LINREFX,LINREFY,XGCSWGS84,YGCSWGS84
139653,139654,9,5,62,0,2016,6,15,3,3,5,3,0,0,1,1,0,0,0,0,6.44983E+20,5.49414E+21,1.10057E+16,4.95824E+16
139654,139655,9,1,82,114,2016,6,20,3,3,0,7,0,0,0,1,0,0,0,1,7.21959E+20,5.29168E+21,1.19608E+16,4.77403E+16
139655,139656,9,1,86,151,2016,6,17,4,3,2,7,0,0,0,1,0,1,0,0,6.81463E+20,5.37451E+21,1.14564E+16,4.84975E+16
139656,139657,9,6,61,0,2016,6,16,1,3,5,3,0,0,1,1,0,0,0,0,5.11051E+20,5.53618E+21,9.15413E+15,4.99779E+16
139657,139658,9,3,62,0,2016,6,8,2,3,0,6,0,0,0,1,0,1,0,0,7.28293E+20,5.43578E+21,1.21235E+16,4.90326E+16
139658,139659,9,7,72,200,2016,6,14,2,3,5,3,0,0,0,1,0,0,0,0,6.30653E+20,5.33803E+21,1.07577E+16,4.81821E+16
139659,139660,9,3,76,161,2016,6,21,1,3,8,1,0,0,0,1,0,0,0,0,7.25518E+20,5.46874E+21,1.2104E+16,4.93297E+16
139660,139661,9,3,61,0,2016,6,7,2,3,5,3,0,0,1,1,0,0,0,0,7.06592E+20,5.48006E+21,1.18498E+16,4.94381E+16
139661,139662,9,2,79,112,2016,6,17,4,3,2,6,0,0,0,1,0,1,0,0,7.5749E+20,5.39311E+21,1.24954E+16,4.8638E+16
139662,139663,9,5,63,0,2016,6,7,3,3,0,5,0,0,0,1,0,0,0,0,6.44433E+20,5.48019E+21,1.0993E+16,4.94572E+16
139663,139664,9,1,87,120,2016,6,16,3,3,6,7,0,0,0,0,0,0,1,1,7.32983E+20,5.29137E+21,1.21075E+16,4.77336E+16
139664,139665,9,5,62,0,2016,6,17,1,3,0,3,0,0,1,1,0,0,0,0,6.46172E+20,5.4909E+21,1.1021E+16,4.9553E+16
139665,139666,9,2,75,146,2016,6,15,2,3,0,6,0,0,1,0,0,0,1,0,8.30287E+20,5.39647E+21,1.34835E+16,4.86339E+16
139666,139667,9,7,72,147,2016,6,14,2,3,0,7,0,0,1,0,0,0,0,0,6.38724E+20,5.36518E+21,1.08752E+16,4.84245E+16
139667,139668,9,2,75,152,2016,6,15,2,3,4,6,0,0,0,1,0,0,0,0,8.21986E+20,5.40572E+21,1.33783E+16,4.87212E+16
139668,139669,9,7,72,163,2016,6,8,2,3,3,7,0,0,1,1,0,0,0,0,6.39745E+20,5.34767E+21,1.08831E+16,4.82668E+16
139669,139670,9,1,76,126,2016,6,15,1,3,4,6,0,0,0,1,0,0,0,0,6.73679E+20,5.40771E+21,1.13651E+16,4.87981E+16
139670,139671,9,1,61,0,2016,6,16,3,2,5,3,0,0,1,0,0,0,0,0,6.78311E+20,5.40323E+21,1.14261E+16,4.87565E+16
139671,139672,9,1,73,147,2016,6,19,4,3,5,3,0,0,1,0,0,0,1,0,6.81648E+20,5.30894E+21,1.14309E+16,4.79081E+16
139672,139673,9,5,64,0,2016,6,3,3,2,6,4,2,1,0,1,1,0,0,0,6.50936E+20,5.47851E+21,1.10821E+16,4.94405E+16
139673,139674,9,1,62,0,2016,6,11,3,3,3,6,0,0,1,0,0,0,0,0,6.89833E+20,5.3367E+21,1.15526E+16,4.81552E+16
139674,139675,9,1,86,158,2016,6,12,3,2,8,1,0,0,1,0,0,0,0,0,6.92195E+20,5.40517E+21,1.16158E+16,4.87698E+16
139675,139676,9,2,79,135,2016,6,13,2,3,0,6,0,0,1,1,0,0,1,0,7.75744E+20,5.38591E+21,1.27379E+16,4.85655E+16
139676,139677,9,7,61,0,2016,6,14,2,3,2,6,0,0,0,1,0,0,0,0,6.39295E+20,5.36156E+21,1.08817E+16,4.83918E+16
139677,139678,9,5,77,177,2016,6,12,7,3,0,1,0,0,1,0,0,0,0,0,6.4472E+20,5.43203E+21,1.09796E+16,4.90241E+16
139678,139679,9,7,76,116,2016,6,23,5,2,1,1,2,0,1,1,0,0,0,0,5.5236E+20,5.26701E+21,9.69594E+15,4.75544E+16
139679,139680,9,7,61,0,2016,6,9,6,3,5,3,0,0,1,1,0,0,0,0,6.41545E+20,5.36046E+21,1.09117E+16,4.83814E+16
139680,139681,9,6,63,0,2016,6,13,4,3,1,6,0,0,1,0,0,0,0,0,5.67297E+20,5.51491E+21,9.93483E+15,4.97828E+16
139681,139682,9,3,63,0,2016,6,14,5,3,4,2,0,0,1,1,0,0,0,0,7.2719E+20,5.50648E+21,1.21487E+16,4.9668E+16
139682,139683,9,1,88,132,2016,6,14,6,2,8,7,0,0,0,0,0,1,0,0,6.67361E+20,5.32248E+21,1.12451E+16,4.80337E+16
139683,139684,9,7,77,130,2016,6,6,4,3,5,3,0,0,0,1,0,0,0,0,6.24335E+20,5.30918E+21,1.06644E+16,4.79239E+16
139684,139685,9,1,74,115,2016,6,7,5,3,5,3,0,0,1,1,0,0,0,0,6.82273E+20,5.34767E+21,1.14557E+16,4.8256E+16
139685,139686,9,6,77,203,2016,6,6,4,3,5,3,0,0,1,1,0,0,0,0,5.59313E+20,5.52704E+21,9.82579E+15,4.98928E+16
139686,139687,9,7,75,135,2016,6,15,6,3,3,2,0,0,1,1,0,0,0,0,5.74976E+20,5.35876E+21,1.00125E+16,4.83776E+16
139687,139688,9,1,79,145,2016,6,15,6,3,5,3,0,0,1,0,0,0,0,0,6.75255E+20,5.33847E+21,1.13575E+16,4.81753E+16
139688,139689,9,3,74,111,2016,6,19,6,3,0,3,0,0,1,0,0,1,0,0,7.27459E+20,5.51137E+21,1.21553E+16,4.97118E+16
139689,139690,9,7,80,137,2016,6,15,5,3,0,1,0,0,1,0,0,0,0,0,5.97538E+20,5.27059E+21,1.02971E+16,4.75814E+16
139690,139691,9,5,63,0,2016,6,22,6,3,0,7,2,0,0,1,0,1,0,0,6.43672E+20,5.48177E+21,1.09831E+16,4.94716E+16
139691,139692,9,3,75,190,2016,6,16,5,3,5,3,0,0,0,1,0,0,0,0,7.28172E+20,5.44512E+21,1.21271E+16,4.91165E+16
139692,139693,9,1,78,143,2016,6,17,5,2,0,7,0,0,1,0,0,0,0,0,7.15815E+20,5.37127E+21,1.19192E+16,4.84575E+16
139693,139694,9,6,62,0,2016,6,13,4,3,0,7,0,0,1,0,0,0,0,0,5.88443E+20,5.54625E+21,1.02357E+16,5.00619E+16
139694,139695,9,3,62,0,2016,6,15,5,3,4,2,0,0,0,1,0,1,0,0,7.25819E+20,5.43365E+21,1.20885E+16,4.90144E+16
139695,139696,9,1,88,120,2016,6,19,6,3,4,6,0,0,1,1,0,0,0,0,6.77297E+20,5.32653E+21,1.13799E+16,4.80674E+16
139696,139697,9,1,78,124,2016,6,10,5,3,0,7,0,0,0,0,1,1,0,0,7.02881E+20,5.36454E+21,1.17412E+16,4.84014E+16
139697,139698,9,6,62,0,2016,6,10,4,3,0,7,0,0,1,0,0,0,0,0,5.8879E+20,5.54581E+21,1.02404E+16,5.0058E+16
139698,139699,9,3,62,0,2016,6,8,5,3,0,6,0,0,0,1,0,1,0,0,7.25458E+20,5.4341E+21,1.20838E+16,4.90186E+16
139699,139700,9,1,79,121,2016,6,13,6,3,5,3,0,0,1,1,0,0,0,0,6.66379E+20,5.33737E+21,1.12377E+16,4.81678E+16
139700,139701,9,1,78,124,2016,6,7,5,3,5,3,0,0,1,1,0,0,0,0,7.02294E+20,5.36487E+21,1.17334E+16,4.84045E+16
139701,139702,9,7,75,135,2016,6,14,6,3,5,3,0,0,1,1,0,0,0,0,5.74054E+20,5.36057E+21,1.00004E+16,4.83939E+16
139702,139703,9,3,62,0,2016,6,9,6,3,4,2,0,0,1,1,0,0,0,0,7.26756E+20,5.43301E+21,1.21009E+16,4.90083E+16
139703,139704,9,7,77,159,2016,6,10,5,3,9,6,0,0,1,0,0,0,0,0,6.17115E+20,5.27367E+21,1.05582E+16,4.76058E+16
139704,139705,9,5,64,0,2016,6,10,6,3,2,6,0,0,0,1,0,0,0,0,6.49935E+20,5.47913E+21,1.10685E+16,4.94464E+16
139705,139706,9,3,62,0,2016,6,7,5,3,5,3,0,0,0,1,0,0,0,0,7.27821E+20,5.43058E+21,1.21141E+16,4.89861E+16
139706,139707,9,1,77,117,2016,6,13,5,2,5,2,0,0,1,0,0,1,0,0,7.15071E+20,5.35367E+21,1.19001E+16,4.82997E+16
139707,139708,9,6,61,0,2016,6,6,4,3,0,7,0,1,1,0,0,0,0,0,5.11388E+20,5.53471E+21,9.15878E+15,4.99646E+16
139708,139709,9,1,79,121,2016,6,12,6,3,0,7,0,0,1,0,0,0,0,0,6.67208E+20,5.33965E+21,1.12498E+16,4.81881E+16
139709,139710,9,7,77,121,2016,6,11,5,3,4,3,0,0,1,1,0,0,0,0,6.28289E+20,5.32125E+21,1.07209E+16,4.80316E+16
139710,139711,9,3,72,153,2016,6,17,6,3,4,6,0,0,0,1,0,0,0,0,7.58156E+20,5.45135E+21,1.25412E+16,4.91606E+16
139711,139712,9,7,61,0,2016,6,15,6,3,2,3,0,0,0,1,0,1,0,0,6.3743E+20,5.35543E+21,1.08545E+16,4.83371E+16
139712,139713,9,7,79,186,2016,6,17,5,2,5,3,0,0,0,1,0,1,0,0,6.35423E+20,5.411E+21,1.08455E+16,4.88372E+16
139713,139714,9,3,62,0,2016,6,7,6,3,5,3,0,0,1,1,0,0,0,0,7.28185E+20,5.43396E+21,1.2121E+16,4.90163E+16
139714,139715,9,7,73,144,2016,6,8,5,2,3,2,0,0,1,1,0,0,0,0,6.06304E+20,5.38103E+21,1.04411E+16,4.85734E+16
139715,139716,9,3,73,147,2016,6,20,5,3,4,6,0,0,1,0,0,0,0,0,6.78924E+20,5.4622E+21,1.14605E+16,4.92863E+16
139716,139717,9,7,77,135,2016,6,9,4,2,7,7,0,0,1,0,0,0,0,0,6.23685E+20,5.27279E+21,1.06453E+16,4.75967E+16
139717,139718,9,1,62,0,2016,6,18,4,3,3,6,0,0,0,1,0,1,0,0,7.00448E+20,5.33446E+21,1.16941E+16,4.81318E+16
139718,139719,9,5,65,0,2016,6,18,4,3,1,7,0,0,0,1,0,0,0,0,6.49216E+20,5.46538E+21,1.10534E+16,4.93229E+16
139719,139720,9,1,74,115,2016,6,13,6,2,5,3,0,0,0,0,0,1,1,0,6.79448E+20,5.35036E+21,1.14189E+16,4.8281E+16
139720,139721,9,7,61,0,2016,6,13,5,3,1,5,0,0,1,1,0,0,0,0,6.40565E+20,5.35789E+21,1.08976E+16,4.83585E+16
139721,139722,9,3,62,0,2016,6,17,6,3,5,2,2,0,1,1,0,0,0,0,7.26401E+20,5.43189E+21,1.20955E+16,4.89984E+16
139722,139723,9,7,61,0,2016,6,20,6,3,5,3,1,0,1,1,0,0,0,0,6.39718E+20,5.3564E+21,1.08857E+16,4.83453E+16
139723,139724,9,2,78,113,2016,6,17,5,3,5,2,0,0,0,1,0,0,0,0,7.68409E+20,5.42194E+21,1.26621E+16,4.88922E+16
139724,139725,9,7,73,144,2016,6,15,4,3,0,7,0,0,1,0,0,0,0,1,6.05861E+20,5.381E+21,1.04351E+16,4.85732E+16
139725,139726,9,1,62,0,2016,6,16,4,3,2,6,0,0,0,1,0,1,0,0,6.89008E+20,5.3321E+21,1.15395E+16,4.8114E+16
139726,139727,9,5,74,132,2016,6,12,4,3,4,1,0,0,1,0,0,0,0,0,6.75767E+20,5.48647E+21,1.14278E+16,4.95054E+16
139727,139728,9,2,63,0,2016,6,7,5,2,4,2,0,0,0,1,0,1,0,0,7.61923E+20,5.41984E+21,1.25725E+16,4.88761E+16
139728,139729,9,1,62,0,2016,6,16,4,3,5,3,0,0,1,0,0,0,0,0,6.89644E+20,5.33488E+21,1.15492E+16,4.81389E+16
139729,139730,9,5,63,0,2016,6,15,4,3,5,3,0,0,1,1,0,0,0,0,6.41655E+20,5.48278E+21,1.09557E+16,4.94811E+16
139730,139731,9,3,62,0,2016,6,9,6,3,5,3,0,0,1,1,0,0,0,0,7.27331E+20,5.4341E+21,1.21094E+16,4.90179E+16
139731,139732,9,7,61,0,2016,6,17,5,3,1,7,0,0,0,1,0,0,0,0,6.41789E+20,5.36023E+21,1.09149E+16,4.83793E+16
139732,139733,9,5,64,0,2016,6,9,6,3,6,4,0,0,1,0,1,0,0,0,6.50746E+20,5.47943E+21,1.10798E+16,4.94489E+16
139733,139734,9,7,61,0,2016,6,11,6,3,5,3,0,0,0,1,0,1,0,0,6.40266E+20,5.3586E+21,1.08938E+16,4.8365E+16
139734,139735,9,5,64,0,2016,6,13,4,3,2,6,0,0,0,1,0,1,0,0,6.50392E+20,5.47913E+21,1.10748E+16,4.94462E+16
139735,139736,9,2,71,119,2016,6,19,5,3,4,3,0,0,1,1,0,0,0,0,7.9116E+20,5.41648E+21,1.29679E+16,4.88329E+16
139736,139737,9,1,78,143,2016,6,8,6,3,4,2,0,0,1,1,0,0,0,0,7.17263E+20,5.37222E+21,1.19392E+16,4.84655E+16
139737,139738,9,1,62,0,2016,6,22,4,2,1,1,2,0,1,1,0,0,0,0,6.91884E+20,5.33421E+21,1.1579E+16,4.81322E+16
139738,139739,9,5,64,0,2016,6,21,4,3,5,2,0,0,0,1,0,0,0,0,6.49853E+20,5.47924E+21,1.10674E+16,4.94473E+16
139739,139740,9,7,75,135,2016,6,6,6,3,5,3,1,0,1,1,0,0,0,0,5.74385E+20,5.35947E+21,1.00047E+16,4.8384E+16
139740,139741,9,1,78,124,2016,6,10,6,3,5,3,0,0,1,1,0,0,0,0,7.03889E+20,5.36394E+21,1.17545E+16,4.83956E+16
139741,139742,9,3,62,0,2016,6,19,6,3,0,1,0,0,1,0,0,0,0,0,7.27077E+20,5.43333E+21,1.21055E+16,4.9011E+16
139742,139743,9,7,72,147,2016,6,17,5,3,5,3,0,0,1,1,0,0,0,0,6.39001E+20,5.36434E+21,1.08786E+16,4.84169E+16
139743,139744,9,5,64,0,2016,6,18,6,3,3,2,0,0,0,1,0,0,0,1,6.51586E+20,5.47819E+21,1.10909E+16,4.94374E+16
139744,139745,9,7,78,173,2016,6,15,6,3,0,2,0,0,0,0,0,1,0,1,6.14112E+20,5.32077E+21,1.05307E+16,4.803E+16
139745,139746,9,1,75,124,2016,6,12,6,3,5,3,0,0,0,1,0,0,0,0,7.14535E+20,5.32851E+21,1.18802E+16,4.80738E+16
139746,139747,9,3,62,0,2016,6,14,6,3,0,1,0,0,1,0,0,0,0,0,7.27096E+20,5.4336E+21,1.21059E+16,4.90135E+16
139747,139748,9,7,61,0,2016,6,13,5,3,6,2,0,0,0,1,1,0,0,0,6.4028E+20,5.3586E+21,1.0894E+16,4.83649E+16
139748,139749,9,5,64,0,2016,6,20,6,3,0,1,0,0,1,0,0,0,0,0,6.51173E+20,5.47913E+21,1.10856E+16,4.94461E+16
139749,139750,9,7,61,0,2016,6,11,6,3,0,7,0,0,1,0,0,0,0,0,6.39144E+20,5.35917E+21,1.08788E+16,4.83704E+16
139750,139751,9,5,64,0,2016,6,15,4,3,6,2,0,0,0,1,1,0,0,0,6.53604E+20,5.48313E+21,1.11207E+16,4.94813E+16
139751,139752,9,2,71,125,2016,6,16,5,3,0,1,0,0,1,0,0,0,0,0,7.99087E+20,5.41184E+21,1.30723E+16,4.87875E+16
139752,139753,9,1,77,139,2016,6,19,6,3,0,1,0,0,1,0,0,0,0,0,7.32898E+20,5.35933E+21,1.21433E+16,4.83441E+16
139753,139754,9,1,62,0,2016,6,15,4,3,5,3,0,0,0,1,0,0,0,0,6.98827E+20,5.33338E+21,1.16718E+16,4.81226E+16
139754,139755,9,7,63,0,2016,6,17,6,3,8,7,0,0,1,0,0,0,0,0,5.9784E+20,5.28796E+21,1.0305E+16,4.77376E+16
139755,139756,9,3,62,0,2016,6,7,6,3,3,3,0,0,0,1,0,0,0,1,7.27585E+20,5.4344E+21,1.2113E+16,4.90205E+16
139756,139757,9,5,64,0,2016,6,0,6,3,5,3,2,0,0,1,0,0,0,0,6.47185E+20,5.4821E+21,1.10317E+16,4.94737E+16
139757,139758,9,2,62,0,2016,6,13,5,3,0,6,0,0,1,0,0,0,0,0,8.28569E+20,5.38943E+21,1.34547E+16,4.85716E+16
139758,139759,9,7,73,144,2016,6,20,4,3,2,6,0,0,0,1,0,0,0,0,6.05828E+20,5.381E+21,1.04347E+16,4.85731E+16
139759,139760,9,1,62,0,2016,6,8,4,3,5,3,0,0,1,0,0,1,0,0,6.92148E+20,5.33811E+21,1.15843E+16,4.81672E+16
139760,139761,9,5,64,0,2016,6,10,4,3,6,4,0,0,0,1,1,0,0,0,6.48445E+20,5.47769E+21,1.10474E+16,4.94337E+16
139761,139762,9,1,62,0,2016,6,22,5,3,0,1,2,0,1,0,0,0,0,0,6.9059E+20,5.34131E+21,1.15648E+16,4.81964E+16
139762,139763,9,2,62,0,2016,6,21,5,3,6,6,2,0,0,1,1,0,0,0,8.29596E+20,5.38975E+21,1.34688E+16,4.85741E+16
139763,139764,9,1,62,0,2016,6,8,4,3,2,6,0,0,0,1,0,0,0,0,6.9272E+20,5.34044E+21,1.15931E+16,4.81879E+16
139764,139765,9,5,64,0,2016,6,13,4,3,2,6,0,0,1,1,0,0,0,0,6.51205E+20,5.47906E+21,1.1086E+16,4.94454E+16
139765,139766,9,2,72,147,2016,6,18,5,3,5,7,0,0,0,1,0,0,0,0,8.17276E+20,5.41892E+21,1.33247E+16,4.8842E+16
139766,139767,9,1,62,0,2016,6,7,5,3,5,2,0,0,0,1,0,0,0,0,6.88657E+20,5.33567E+21,1.15363E+16,4.81463E+16
139767,139768,9,1,62,0,2016,6,17,4,2,5,2,0,0,0,0,0,0,0,1,6.90857E+20,5.33481E+21,1.15655E+16,4.81379E+16
139768,139769,9,3,72,155,2016,6,18,6,3,3,2,0,0,0,1,0,1,0,0,7.70221E+20,5.45906E+21,1.27115E+16,4.92246E+16
139769,139770,9,6,63,0,2016,6,16,5,3,2,6,0,0,0,1,0,1,0,0,5.66743E+20,5.51582E+21,9.92729E+15,4.97911E+16
139770,139771,9,2,74,184,2016,6,7,5,3,4,6,0,0,0,0,0,1,0,1,7.51739E+20,5.37411E+21,1.2406E+16,4.84697E+16
139771,139772,9,7,61,0,2016,6,14,4,3,0,1,0,0,1,0,0,0,0,0,6.39017E+20,5.35917E+21,1.08771E+16,4.83703E+16
139772,139773,9,1,62,0,2016,6,7,4,3,3,2,0,0,0,1,0,1,0,0,6.89871E+20,5.33326E+21,1.15516E+16,4.81243E+16
139773,139774,9,6,63,0,2016,6,19,5,3,1,7,0,0,0,1,0,0,0,0,5.69209E+20,5.51438E+21,9.96129E+15,4.97779E+16
139774,139775,9,3,71,151,2016,6,9,6,3,2,6,0,0,0,1,0,1,0,0,6.98892E+20,5.48688E+21,1.17471E+16,4.95019E+16
139775,139776,9,6,72,114,2016,6,3,5,3,8,7,2,0,1,0,0,0,0,0,5.76825E+20,5.56126E+21,1.00764E+16,5.01985E+16
139776,139777,9,2,71,141,2016,6,20,6,3,0,1,0,0,1,0,0,0,0,0,7.98472E+20,5.40388E+21,1.30581E+16,4.87164E+16
139777,139778,9,7,71,169,2016,6,16,6,3,5,3,0,0,1,1,0,0,0,0,6.42346E+20,5.37573E+21,1.09277E+16,4.85185E+16
139778,139779,9,6,61,0,2016,6,9,5,3,5,3,0,0,0,1,0,0,1,0,5.11062E+20,5.53658E+21,9.15429E+15,4.99815E+16
139779,139780,9,2,74,124,2016,6,16,5,3,5,6,0,0,1,1,0,0,0,0,7.22929E+20,5.37476E+21,1.20171E+16,4.84864E+16
139780,139781,9,1,62,0,2016,6,20,4,1,6,2,0,0,0,0,1,0,1,0,6.87505E+20,5.33895E+21,1.15223E+16,4.81761E+16
139781,139782,9,5,64,0,2016,6,13,4,3,2,6,0,0,0,1,0,1,0,0,6.51229E+20,5.47993E+21,1.10867E+16,4.94532E+16
139782,139783,9,7,80,123,2016,6,16,6,2,0,1,0,0,1,0,0,0,0,0,6.08479E+20,5.25645E+21,1.04391E+16,4.74524E+16
139783,139784,9,1,62,0,2016,6,17,5,3,0,7,0,0,0,0,1,0,0,1,6.93729E+20,5.33376E+21,1.16036E+16,4.81276E+16
139784,139785,9,2,71,119,2016,6,18,6,3,3,6,0,0,1,0,0,0,0,0,7.88644E+20,5.41533E+21,1.29329E+16,4.88238E+16
139785,139786,9,6,61,0,2016,6,15,5,3,5,3,0,0,0,1,0,0,0,0,5.10828E+20,5.53702E+21,9.15104E+15,4.99854E+16
139786,139787,9,5,61,0,2016,6,13,6,3,8,1,0,0,0,0,0,1,0,0,6.15091E+20,5.46141E+21,1.05829E+16,4.92946E+16
139787,139788,9,6,75,131,2016,6,14,6,2,0,7,0,0,1,0,0,0,0,0,5.88733E+20,5.51434E+21,1.02324E+16,4.9775E+16
139788,139789,9,5,77,173,2016,6,16,4,3,4,6,0,0,1,0,0,0,0,0,6.40881E+20,5.42795E+21,1.09257E+16,4.89883E+16
139789,139790,9,2,79,135,2016,6,19,5,3,4,1,0,0,0,1,0,0,0,0,7.72422E+20,5.38239E+21,1.26906E+16,4.85354E+16
139790,139791,9,1,62,0,2016,6,13,5,3,5,3,0,0,1,1,0,0,0,0,6.82748E+20,5.33879E+21,1.14583E+16,4.8176E+16
139791,139792,9,6,72,166,2016,6,11,6,3,8,1,0,0,0,1,0,0,0,0,5.51049E+20,5.56804E+21,9.71622E+15,5.02623E+16
139792,139793,9,2,73,133,2016,6,12,5,3,5,3,0,0,0,1,0,1,0,0,7.0957E+20,5.42474E+21,1.1862E+16,4.894E+16
139793,139794,9,1,62,0,2016,6,20,5,1,4,6,0,0,0,1,0,1,0,0,6.85819E+20,5.32866E+21,1.14952E+16,4.80841E+16
139794,139795,9,7,61,0,2016,6,10,4,3,3,6,0,0,1,1,0,0,0,0,6.37862E+20,5.35756E+21,1.0861E+16,4.83561E+16
139795,139796,9,1,62,0,2016,6,8,4,3,3,6,0,0,1,1,0,0,0,0,6.93817E+20,5.33438E+21,1.1605E+16,4.81331E+16
139796,139797,9,5,75,121,2016,6,10,4,3,4,2,0,0,1,1,0,0,0,0,6.24091E+20,5.4898E+21,1.07155E+16,4.95481E+16
139797,139798,9,7,77,151,2016,6,15,6,3,5,3,0,0,0,1,0,0,0,0,6.21071E+20,5.29302E+21,1.06162E+16,4.77792E+16
139798,139799,9,1,62,0,2016,6,16,5,3,0,2,0,0,1,1,0,0,0,0,6.92416E+20,5.34096E+21,1.15892E+16,4.81927E+16
139799,139800,9,2,75,154,2016,6,9,6,2,1,5,0,0,1,1,0,0,0,0,8.0434E+20,5.3977E+21,1.31332E+16,4.86581E+16
139800,139801,9,6,71,111,2016,6,10,5,3,0,1,0,0,1,0,0,0,0,0,5.03745E+20,5.5492E+21,9.05236E+15,5.00951E+16
139801,139802,9,4,75,168,2016,6,17,6,3,1,7,0,0,0,1,0,0,0,0,7.09026E+20,5.56748E+21,1.19304E+16,5.02225E+16
139802,139803,9,2,79,115,2016,6,14,5,3,5,3,0,0,1,1,0,0,0,0,7.60895E+20,5.38284E+21,1.25351E+16,4.85443E+16
139803,139804,9,5,71,166,2016,6,18,4,3,0,7,0,0,0,0,1,0,0,1,6.10243E+20,5.45484E+21,1.05144E+16,4.92364E+16
139804,139805,9,1,73,147,2016,6,17,5,3,5,3,0,0,0,1,0,0,0,1,6.81407E+20,5.30885E+21,1.14276E+16,4.79073E+16
139805,139806,9,1,62,0,2016,6,15,5,3,5,2,0,0,1,1,0,0,0,0,6.83737E+20,5.33861E+21,1.14715E+16,4.81741E+16
139806,139807,9,1,62,0,2016,6,16,4,3,2,6,0,0,0,1,0,0,0,0,6.89003E+20,5.33209E+21,1.15394E+16,4.8114E+16
139807,139808,9,2,77,149,2016,6,16,6,3,2,6,0,0,0,1,0,1,0,0,7.95956E+20,5.36795E+21,1.29985E+16,4.83952E+16
139808,139809,9,1,62,0,2016,6,12,4,3,5,2,0,0,1,1,0,0,0,0,6.83246E+20,5.33551E+21,1.14636E+16,4.81464E+16
139809,139810,9,7,62,0,2016,6,17,6,2,0,1,0,0,1,0,0,0,0,0,6.20504E+20,5.30535E+21,1.0612E+16,4.78902E+16
139810,139811,9,2,75,143,2016,6,7,6,3,4,2,0,0,0,1,0,1,0,0,8.11355E+20,5.36417E+21,1.32032E+16,4.83538E+16
139811,139812,9,5,62,0,2016,6,16,5,3,0,3,0,0,1,1,0,0,0,0,6.44821E+20,5.49337E+21,1.10032E+16,4.95755E+16
139812,139813,9,4,75,162,2016,6,5,6,3,1,7,0,0,1,1,0,0,0,0,7.15425E+20,5.56975E+21,1.20213E+16,5.02406E+16
139813,139814,9,1,90,138,2016,6,18,5,3,0,7,0,0,1,0,0,0,0,0,6.60825E+20,5.3106E+21,1.1153E+16,4.79285E+16
139814,139815,9,1,62,0,2016,6,18,4,3,1,6,0,0,0,1,0,1,0,0,6.85443E+20,5.33774E+21,1.14941E+16,4.81658E+16
139815,139816,9,5,75,168,2016,6,13,4,3,5,7,0,0,1,1,0,0,0,0,5.88342E+20,5.48876E+21,1.02212E+16,4.9545E+16
139816,139817,9,1,62,0,2016,6,10,5,3,5,3,0,0,1,1,0,0,0,0,6.85333E+20,5.34182E+21,1.14944E+16,4.82025E+16
139817,139818,9,2,77,116,2016,6,14,6,3,2,6,0,0,0,1,0,0,0,0,7.79759E+20,5.36856E+21,1.27806E+16,4.8408E+16
139818,139819,9,6,74,187,2016,6,11,6,2,0,1,0,0,0,0,0,1,0,0,6.12688E+20,5.5256E+21,1.05683E+16,4.98722E+16
139819,139820,9,5,65,0,2016,6,9,5,3,0,7,0,0,0,0,0,0,0,1,6.46653E+20,5.46689E+21,1.10187E+16,4.93371E+16
139820,139821,9,1,90,148,2016,6,18,5,3,0,7,0,0,0,1,1,0,0,0,6.41403E+20,5.29659E+21,1.08886E+16,4.78071E+16
139821,139822,9,5,63,0,2016,6,14,5,3,5,3,0,0,1,1,0,0,0,0,6.44496E+20,5.48077E+21,1.09941E+16,4.94624E+16
139822,139823,9,4,64,0,2016,6,16,6,3,5,3,0,0,0,1,0,0,0,0,7.07626E+20,5.57743E+21,1.19163E+16,5.03124E+16
139823,139824,9,1,80,126,2016,6,19,5,2,1,1,0,0,1,1,0,0,0,0,6.60814E+20,5.27048E+21,1.11381E+16,4.75678E+16
139824,139825,9,7,61,0,2016,6,10,4,2,5,2,0,0,0,1,0,1,0,0,6.37241E+20,5.36017E+21,1.08535E+16,4.83798E+16
139825,139826,9,1,62,0,2016,6,17,4,3,5,3,0,0,1,1,0,0,0,0,6.88318E+20,5.34027E+21,1.15338E+16,4.81877E+16
139826,139827,9,5,61,0,2016,6,20,4,3,0,7,0,0,1,0,0,0,0,0,6.15085E+20,5.46248E+21,1.05831E+16,4.93042E+16
139827,139828,9,1,62,0,2016,6,8,5,3,3,6,0,0,1,0,0,0,0,0,6.90825E+20,5.33947E+21,1.15672E+16,4.81798E+16
139828,139829,9,5,64,0,2016,6,17,5,3,5,3,0,0,0,1,0,0,0,0,6.49222E+20,5.48335E+21,1.10603E+16,4.94844E+16
139829,139830,9,2,73,152,2016,6,13,6,3,5,3,0,0,0,1,0,0,0,1,7.02896E+20,5.40977E+21,1.17635E+16,4.88078E+16