FID,OBJECTID,ULAND,UREGBEZ,UKREIS,UGEMEINDE,UJAHR,UMONAT,USTUNDE,UWOCHENTAG,UKATEGORIE,UART,UTYP1,ULICHTVERH,IstStrasse,IstRad,IstPKW,IstFuss,IstKrad,IstGkfz,IstSonstig,LINREFX,LINREFY,XGCSWGS84,YGCSWGS84
139830,139831,9,6,73,141,2016,6,12,6,3,8,1,0,0,0,0,0,1,0,0,6.05419E+20,5.57332E+21,1.04803E+16,5.03026E+16
139831,139832,9,1,89,155,2016,6,19,5,3,6,4,0,0,0,1,1,0,0,0,7.7216E+20,5.30823E+21,1.26396E+16,4.78697E+16
139832,139833,9,7,61,0,2016,6,16,4,3,2,6,0,0,0,1,0,0,0,0,6.41077E+20,5.3579E+21,1.09045E+16,4.83585E+16
139833,139834,9,1,62,0,2016,6,21,4,3,5,2,1,0,1,1,0,0,0,0,6.86208E+20,5.33987E+21,1.15053E+16,4.81848E+16
139834,139835,9,4,79,135,2016,6,18,4,2,0,7,0,0,1,0,0,0,0,0,7.14579E+20,5.5575E+21,1.20025E+16,5.01309E+16
139835,139836,9,7,77,129,2016,6,19,6,3,5,3,0,0,1,1,0,0,0,0,6.2712E+20,5.2697E+21,1.06901E+16,4.75683E+16
139836,139837,9,1,62,0,2016,6,8,5,3,5,2,0,0,0,1,0,0,0,0,6.87452E+20,5.33606E+21,1.15203E+16,4.81501E+16
139837,139838,9,1,73,147,2016,6,17,6,2,3,6,0,0,0,1,0,1,0,0,6.81234E+20,5.30965E+21,1.14256E+16,4.79146E+16
139838,139839,9,5,64,0,2016,6,17,5,3,0,1,0,1,0,0,0,1,0,0,6.50794E+20,5.47918E+21,1.10804E+16,4.94465E+16
139839,139840,9,1,62,0,2016,6,18,4,3,1,7,0,0,1,0,0,0,0,0,6.9525E+20,5.34017E+21,1.16269E+16,4.81847E+16
139840,139841,9,4,75,154,2016,6,10,4,2,7,1,0,0,1,0,0,0,0,0,6.99038E+20,5.56392E+21,1.17887E+16,5.0194E+16
139841,139842,9,5,64,0,2016,6,12,5,3,5,3,0,0,0,1,0,0,0,1,6.57595E+20,5.47518E+21,1.11726E+16,4.94089E+16
139842,139843,9,6,72,112,2016,6,10,6,2,6,4,0,0,0,1,1,0,0,0,5.77114E+20,5.56872E+21,1.0082E+16,5.02656E+16
139843,139844,9,4,79,112,2016,6,16,4,3,5,3,0,0,0,1,0,0,0,1,7.27201E+20,5.54963E+21,1.21742E+16,5.00555E+16
139844,139845,9,1,72,128,2016,6,16,5,3,6,7,0,0,0,1,1,0,0,0,7.9226E+20,5.29676E+21,1.29E+16,4.77579E+16
139845,139846,9,1,62,0,2016,6,0,5,3,0,1,2,0,1,0,0,0,0,0,6.98672E+20,5.33419E+21,1.16701E+16,4.81299E+16
139846,139847,9,7,61,0,2016,6,18,4,3,4,6,0,0,1,0,0,0,0,0,6.40784E+20,5.35633E+21,1.09E+16,4.83445E+16
139847,139848,9,1,62,0,2016,6,15,4,3,0,3,0,0,0,1,0,1,0,0,6.87808E+20,5.34363E+21,1.15285E+16,4.8218E+16
139848,139849,9,4,78,165,2016,6,6,4,3,5,3,0,0,0,1,0,1,0,0,6.42922E+20,5.55171E+21,1.09985E+16,5.01004E+16
139849,139850,9,7,77,129,2016,6,18,6,3,5,3,0,0,1,1,0,0,0,0,6.27513E+20,5.26967E+21,1.06953E+16,4.75679E+16
139850,139851,9,1,62,0,2016,6,17,5,3,6,2,0,0,0,1,1,0,0,0,6.92658E+20,5.3325E+21,1.15886E+16,4.81166E+16
139851,139852,9,1,90,135,2016,6,18,6,3,0,1,0,0,1,0,0,0,0,0,6.60004E+20,5.2938E+21,1.11358E+16,4.77776E+16
139852,139853,9,5,64,0,2016,6,18,5,3,0,2,0,0,0,1,0,0,0,1,6.47969E+20,5.47778E+21,1.10409E+16,4.94347E+16
139853,139854,9,4,63,0,2016,6,21,6,3,0,7,0,0,0,0,0,1,0,0,6.40354E+20,5.56906E+21,1.0969E+16,5.0257E+16
139854,139855,9,1,87,172,2016,6,6,5,2,0,1,0,0,0,0,0,1,0,0,7.39872E+20,5.29525E+21,1.22013E+16,4.77659E+16
139855,139856,9,1,62,0,2016,6,8,4,3,1,7,0,0,0,1,0,0,0,0,6.89591E+20,5.33687E+21,1.15494E+16,4.81568E+16
139856,139857,9,4,77,163,2016,6,11,6,3,0,7,0,0,0,1,0,0,0,0,6.86299E+20,5.55417E+21,1.16056E+16,5.01105E+16
139857,139858,9,6,62,0,2016,6,13,6,2,1,5,0,0,1,1,0,0,0,0,5.87657E+20,5.54391E+21,1.02242E+16,5.0041E+16
139858,139859,9,4,73,158,2016,6,20,4,3,9,1,1,0,0,1,0,0,0,0,6.23547E+20,5.57803E+21,1.07363E+16,5.03414E+16
139859,139860,9,1,86,137,2016,6,7,5,3,5,3,0,0,1,1,0,0,0,0,6.84057E+20,5.39923E+21,1.15025E+16,4.87189E+16
139860,139861,9,1,62,0,2016,6,13,5,2,0,7,0,0,1,0,0,0,0,0,6.9305E+20,5.33443E+21,1.15948E+16,4.81338E+16
139861,139862,9,1,62,0,2016,6,7,4,3,5,7,0,0,1,1,0,0,0,0,6.85246E+20,5.33347E+21,1.14896E+16,4.81275E+16
139862,139863,9,7,79,226,2016,6,11,6,3,5,3,0,0,0,0,0,0,1,1,6.19944E+20,5.41547E+21,1.0636E+16,4.88805E+16
139863,139864,9,1,90,140,2016,6,11,6,3,0,3,0,0,0,1,0,1,0,0,6.44742E+20,5.29533E+21,1.09327E+16,4.7795E+16
139864,139865,9,4,62,0,2016,6,16,6,2,1,5,0,0,0,1,0,1,0,0,6.83685E+20,5.53496E+21,1.15599E+16,4.99388E+16
139865,139866,9,1,86,143,2016,6,12,5,3,2,7,0,0,0,1,0,1,0,0,6.84993E+20,5.37805E+21,1.15057E+16,4.85282E+16
139866,139867,9,1,62,0,2016,6,18,4,3,5,3,0,0,1,1,0,0,0,0,6.89034E+20,5.33238E+21,1.15399E+16,4.81166E+16
139867,139868,9,4,73,165,2016,6,17,4,3,0,1,0,0,1,0,0,0,0,0,6.28673E+20,5.5654E+21,1.0804E+16,5.02268E+16
139868,139869,9,1,62,0,2016,6,17,5,3,6,2,0,0,1,0,1,0,0,0,6.90781E+20,5.33293E+21,1.15636E+16,4.8121E+16
139869,139870,9,5,64,0,2016,6,18,5,3,1,6,0,0,0,1,0,0,1,0,6.47473E+20,5.47937E+21,1.10347E+16,4.9449E+16
139870,139871,9,4,72,175,2016,6,12,4,3,6,4,0,0,0,1,1,0,0,0,6.82962E+20,5.51464E+21,1.15403E+16,4.97564E+16
139871,139872,9,1,76,123,2016,6,17,5,3,5,3,0,0,1,1,0,0,0,0,6.62137E+20,5.41617E+21,1.12114E+16,4.88773E+16
139872,139873,9,1,62,0,2016,6,12,5,3,3,3,0,0,1,1,0,0,0,0,6.90857E+20,5.33649E+21,1.15663E+16,4.8153E+16
139873,139874,9,7,73,125,2016,6,16,6,3,0,7,0,0,1,0,0,0,0,0,6.10302E+20,5.38187E+21,1.04955E+16,4.85802E+16
139874,139875,9,1,83,148,2016,6,20,6,3,5,3,0,0,1,1,0,0,0,0,7.52374E+20,5.34395E+21,1.23965E+16,4.81986E+16
139875,139876,9,5,64,0,2016,6,8,5,3,1,1,0,0,1,0,0,0,0,1,6.52057E+20,5.47433E+21,1.10959E+16,4.94026E+16
139876,139877,9,1,88,139,2016,6,16,5,3,2,6,0,0,0,1,0,0,0,0,6.74665E+20,5.31921E+21,1.13417E+16,4.80023E+16
139877,139878,9,7,61,0,2016,6,15,4,3,5,3,0,0,1,1,0,0,0,0,6.38976E+20,5.35644E+21,1.08757E+16,4.83459E+16
139878,139879,9,1,62,0,2016,6,8,4,3,6,4,0,0,1,0,1,0,0,0,6.91924E+20,5.33415E+21,1.15795E+16,4.81316E+16
139879,139880,9,7,78,173,2016,6,11,5,2,5,3,0,0,1,1,0,0,0,0,6.10939E+20,5.32321E+21,1.04887E+16,4.80526E+16
139880,139881,9,5,73,127,2016,6,17,5,2,5,3,0,0,1,1,0,0,0,0,6.45414E+20,5.47571E+21,1.10049E+16,4.94167E+16
139881,139882,9,1,62,0,2016,6,18,6,3,0,1,0,0,1,0,0,0,0,0,6.90236E+20,5.33366E+21,1.15566E+16,4.81278E+16
139882,139883,9,1,89,159,2016,6,22,6,2,6,6,2,0,1,0,1,0,0,0,7.60418E+20,5.30419E+21,1.24804E+16,4.78382E+16
139883,139884,9,5,62,0,2016,6,13,6,3,1,5,0,0,1,1,0,0,0,0,6.44079E+20,5.49024E+21,1.09918E+16,4.95476E+16
139884,139885,9,1,72,114,2016,6,12,6,3,6,7,0,0,1,0,1,0,0,0,7.90692E+20,5.29286E+21,1.28765E+16,4.77236E+16
139885,139886,9,5,62,0,2016,6,11,6,2,4,2,0,0,1,0,0,0,0,1,6.44875E+20,5.49348E+21,1.1004E+16,4.95765E+16
139886,139887,9,5,77,114,2016,6,8,5,3,4,1,0,0,0,1,0,0,0,0,6.26616E+20,5.44599E+21,1.07365E+16,4.91536E+16
139887,139888,9,1,81,129,2016,6,9,5,2,2,7,0,0,1,0,0,0,0,0,6.42962E+20,5.30589E+21,1.09125E+16,4.78904E+16
139888,139889,9,1,62,0,2016,6,17,4,3,4,2,0,0,1,1,0,0,0,0,6.92303E+20,5.33769E+21,1.15862E+16,4.81633E+16
139889,139890,9,4,62,0,2016,6,20,4,3,5,3,0,0,1,1,0,0,0,0,6.85959E+20,5.53384E+21,1.1591E+16,4.9928E+16
139890,139891,9,7,64,0,2016,6,19,5,3,4,2,0,0,1,0,0,1,0,0,5.90356E+20,5.31914E+21,1.02117E+16,4.80192E+16
139891,139892,9,1,87,114,2016,6,18,6,2,0,1,0,0,1,0,0,0,0,0,7.49463E+20,5.29669E+21,1.233E+16,4.77752E+16
139892,139893,9,4,75,156,2016,6,12,5,2,5,3,0,0,0,1,0,0,1,0,6.90693E+20,5.57456E+21,1.16773E+16,5.02923E+16
139893,139894,9,1,62,0,2016,6,22,6,3,4,6,2,0,0,1,0,1,0,0,6.91439E+20,5.33359E+21,1.15728E+16,4.81267E+16
139894,139895,9,4,74,137,2016,6,19,6,3,5,3,0,0,1,1,0,0,0,0,6.53753E+20,5.50061E+21,1.11295E+16,4.96385E+16
139895,139896,9,5,76,143,2016,6,18,6,3,4,6,0,0,0,1,0,0,0,0,6.52695E+20,5.45675E+21,1.1098E+16,4.92444E+16
139896,139897,9,4,74,145,2016,6,12,4,3,0,7,0,0,1,0,0,0,0,0,6.56777E+20,5.50416E+21,1.11728E+16,4.96695E+16
139897,139898,9,1,81,128,2016,6,16,5,3,0,7,0,0,1,0,0,0,0,0,6.38776E+20,5.32833E+21,1.08638E+16,4.80931E+16
139898,139899,9,7,78,116,2016,6,19,5,3,9,7,0,0,1,0,0,0,0,0,6.18228E+20,5.31899E+21,1.05853E+16,4.80133E+16
139899,139900,9,1,62,0,2016,6,18,4,3,0,7,0,0,1,0,0,0,0,0,6.91101E+20,5.33532E+21,1.1569E+16,4.81424E+16
139900,139901,9,3,75,148,2016,6,16,4,3,2,2,0,0,0,1,0,0,0,0,7.03042E+20,5.43644E+21,1.17788E+16,4.90473E+16
139901,139902,9,7,72,130,2016,6,16,6,2,4,7,0,0,1,1,0,0,0,0,6.3149E+20,5.35725E+21,1.07749E+16,4.83547E+16
139902,139903,9,1,81,130,2016,6,14,5,2,4,2,0,0,0,0,0,1,1,0,6.36877E+20,5.32532E+21,1.08373E+16,4.80665E+16
139903,139904,9,6,63,0,2016,6,19,4,3,0,3,0,0,1,1,0,0,0,0,5.68805E+20,5.51645E+21,9.95604E+15,4.97966E+16
139904,139905,9,1,62,0,2016,6,10,4,3,0,7,0,0,0,1,0,0,1,0,6.92209E+20,5.33453E+21,1.15835E+16,4.81349E+16
139905,139906,9,3,62,0,2016,6,11,4,3,5,2,0,0,1,1,0,0,0,0,7.26974E+20,5.43144E+21,1.2103E+16,4.89941E+16
139906,139907,9,7,72,177,2016,6,18,6,2,5,3,0,0,0,1,0,1,0,0,6.36751E+20,5.37872E+21,1.08529E+16,4.85466E+16
139907,139908,9,7,78,116,2016,6,16,5,2,8,1,0,0,1,0,0,0,0,0,6.20007E+20,5.31934E+21,1.06093E+16,4.80161E+16
139908,139909,9,1,87,150,2016,6,14,6,3,4,2,0,0,1,0,0,1,0,0,7.29072E+20,5.304E+21,1.2062E+16,4.78485E+16
139909,139910,9,4,63,0,2016,6,13,5,2,5,2,0,0,1,0,0,0,1,0,6.39907E+20,5.56875E+21,1.09626E+16,5.02543E+16
139910,139911,9,4,72,179,2016,6,20,6,3,5,7,0,0,0,1,0,0,0,0,6.71683E+20,5.51681E+21,1.13848E+16,4.97792E+16
139911,139912,9,5,74,123,2016,6,10,6,3,0,2,0,0,1,0,0,0,0,0,6.60227E+20,5.4723E+21,1.12076E+16,4.93823E+16
139912,139913,9,3,62,0,2016,6,13,4,3,0,3,0,0,1,1,0,0,0,0,7.28008E+20,5.43172E+21,1.21173E+16,4.89962E+16
139913,139914,9,1,79,145,2016,6,20,5,3,0,7,0,0,1,0,1,0,0,0,6.76095E+20,5.33863E+21,1.13688E+16,4.81765E+16
139914,139915,9,7,63,0,2016,6,11,5,3,6,4,0,0,0,1,1,0,0,0,5.98775E+20,5.28404E+21,1.03166E+16,4.77022E+16
139915,139916,9,7,75,152,2016,6,7,4,3,5,3,0,0,1,1,0,0,0,0,5.78489E+20,5.35294E+21,1.00589E+16,4.83248E+16
139916,139917,9,7,61,0,2016,6,11,6,3,1,6,0,0,0,1,0,0,0,0,6.39283E+20,5.36134E+21,1.08814E+16,4.83898E+16
139917,139918,9,1,61,0,2016,6,6,6,3,5,3,0,0,1,1,0,0,0,0,6.81544E+20,5.40462E+21,1.14707E+16,4.87681E+16
139918,139919,9,4,71,128,2016,6,12,6,3,0,7,0,0,0,1,0,0,0,1,6.07778E+20,5.52282E+21,1.04992E+16,4.98481E+16
139919,139920,9,1,79,119,2016,6,15,5,3,5,3,0,0,0,1,0,0,0,0,6.68921E+20,5.33921E+21,1.12726E+16,4.81836E+16
139920,139921,9,1,85,158,2016,6,14,6,3,5,3,0,0,0,1,0,1,0,0,6.66388E+20,5.38211E+21,1.12556E+16,4.85699E+16
139921,139922,9,4,72,179,2016,6,11,5,3,5,3,0,0,0,1,0,0,0,0,6.73529E+20,5.51608E+21,1.14101E+16,4.97721E+16
139922,139923,9,4,61,0,2016,6,12,6,3,6,6,0,0,1,0,1,0,0,0,6.36487E+20,5.52956E+21,1.09007E+16,4.99029E+16
139923,139924,9,1,79,121,2016,6,12,5,2,5,3,0,0,1,1,0,0,0,0,6.67711E+20,5.33874E+21,1.12562E+16,4.81797E+16
139924,139925,9,7,64,0,2016,6,20,4,3,8,7,0,0,1,0,0,0,0,0,5.89145E+20,5.31621E+21,1.01949E+16,4.79929E+16
139925,139926,9,3,62,0,2016,6,12,4,3,0,1,0,0,1,0,0,0,0,0,7.26885E+20,5.43548E+21,1.21041E+16,4.90305E+16
139926,139927,9,7,63,0,2016,6,7,5,3,5,2,0,0,1,1,0,0,0,0,5.98833E+20,5.28588E+21,1.03178E+16,4.77187E+16
139927,139928,9,7,74,144,2016,6,17,4,3,5,3,0,0,0,1,0,0,0,0,6.06663E+20,5.36259E+21,1.04413E+16,4.84074E+16
139928,139929,9,1,62,0,2016,6,13,6,3,0,4,0,0,1,0,1,0,0,0,6.90125E+20,5.33549E+21,1.1556E+16,4.81442E+16
139929,139930,9,1,79,118,2016,6,19,6,3,1,7,0,0,1,1,0,0,0,0,6.72681E+20,5.33729E+21,1.13224E+16,4.81653E+16
139930,139931,9,4,77,128,2016,6,14,5,3,2,6,0,0,0,1,0,0,0,0,6.75954E+20,5.55164E+21,1.14599E+16,5.00909E+16
139931,139932,9,1,74,115,2016,6,13,5,3,5,3,0,0,1,1,0,0,0,0,6.81276E+20,5.34736E+21,1.14422E+16,4.82535E+16
139932,139933,9,7,78,116,2016,6,12,4,3,5,3,0,0,1,1,0,0,0,0,6.18656E+20,5.31808E+21,1.05908E+16,4.8005E+16
139933,139934,9,3,72,116,2016,6,16,4,3,5,3,0,0,0,1,0,1,0,0,7.67083E+20,5.45836E+21,1.26681E+16,4.92197E+16
139934,139935,9,7,78,116,2016,6,15,4,3,5,3,0,0,1,1,0,0,0,0,6.1932E+20,5.31844E+21,1.05998E+16,4.80081E+16
139935,139936,9,3,71,151,2016,6,18,4,2,6,2,0,0,0,1,1,0,0,0,6.97941E+20,5.48725E+21,1.17342E+16,4.95056E+16
139936,139937,9,7,80,139,2016,6,8,5,3,4,7,0,0,1,1,0,0,0,0,5.96683E+20,5.26315E+21,1.02841E+16,4.75145E+16
139937,139938,9,4,77,136,2016,6,5,5,3,0,1,0,0,1,0,0,0,0,0,6.70563E+20,5.55413E+21,1.13857E+16,5.01148E+16
139938,139939,9,7,75,126,2016,6,5,6,3,0,7,1,0,0,0,0,1,0,0,5.82468E+20,5.3591E+21,1.01137E+16,4.83797E+16
139939,139940,9,1,81,130,2016,6,13,6,3,4,7,0,0,1,0,0,0,0,0,6.38644E+20,5.32396E+21,1.08606E+16,4.80538E+16
139940,139941,9,5,63,0,2016,6,8,6,2,5,3,0,0,1,1,0,0,0,0,6.438E+20,5.48165E+21,1.09849E+16,4.94705E+16
139941,139942,9,4,61,0,2016,6,11,5,3,5,2,0,0,1,1,0,0,0,0,6.35188E+20,5.52938E+21,1.08826E+16,4.99015E+16
139942,139943,9,7,76,117,2016,6,20,4,3,8,1,0,0,1,0,0,0,0,0,5.66197E+20,5.27086E+21,9.88043E+15,4.75878E+16
139943,139944,9,3,76,161,2016,6,17,4,3,0,1,0,0,1,0,0,0,0,0,7.28395E+20,5.46686E+21,1.21425E+16,4.93117E+16
139944,139945,9,1,62,0,2016,6,20,7,3,0,3,1,0,1,1,0,0,0,0,6.8855E+20,5.33632E+21,1.15352E+16,4.81521E+16
139945,139946,9,1,87,131,2016,6,17,2,2,5,3,0,0,1,1,0,0,0,0,7.33474E+20,5.29044E+21,1.21135E+16,4.77251E+16
139946,139947,9,7,61,0,2016,6,6,2,3,5,7,0,0,1,1,0,0,0,0,6.43636E+20,5.35834E+21,1.09392E+16,4.83619E+16
139947,139948,9,2,75,111,2016,6,18,7,3,5,3,0,0,0,1,0,0,0,1,8.19543E+20,5.40108E+21,1.33416E+16,4.86808E+16
139948,139949,9,2,75,146,2016,6,13,1,3,4,6,0,0,0,1,0,1,0,0,8.30357E+20,5.39471E+21,1.3483E+16,4.86181E+16
139949,139950,9,7,61,0,2016,6,16,2,3,1,5,0,0,1,1,0,0,0,0,6.41031E+20,5.35917E+21,1.09043E+16,4.83699E+16
139950,139951,9,2,73,181,2016,6,9,7,3,8,1,0,0,0,0,0,1,1,0,7.13824E+20,5.40318E+21,1.19087E+16,4.87449E+16
139951,139952,9,6,72,114,2016,6,10,7,3,1,7,0,0,0,1,0,0,0,0,5.76687E+20,5.56139E+21,1.00745E+16,5.01997E+16
139952,139953,9,1,62,0,2016,6,16,2,3,5,3,0,0,1,1,0,0,0,0,6.95674E+20,5.33121E+21,1.16285E+16,4.81041E+16
139953,139954,9,3,73,147,2016,6,13,3,3,5,3,0,0,0,1,0,0,0,0,6.79192E+20,5.46041E+21,1.14634E+16,4.92702E+16
139954,139955,9,5,64,0,2016,6,7,3,3,6,1,0,0,1,0,1,0,0,0,6.51137E+20,5.47988E+21,1.10854E+16,4.94528E+16
139955,139956,9,5,64,0,2016,6,15,2,3,2,6,0,0,0,1,0,0,0,1,6.4938E+20,5.4792E+21,1.10609E+16,4.94471E+16
139956,139957,9,7,80,139,2016,6,11,7,3,6,2,0,0,1,0,1,0,0,0,5.96519E+20,5.26343E+21,1.0282E+16,4.75171E+16
139957,139958,9,2,73,137,2016,6,14,3,3,5,3,0,0,0,1,0,0,0,0,7.10443E+20,5.42126E+21,1.18721E+16,4.89085E+16
139958,139959,9,1,62,0,2016,6,11,1,3,5,2,0,0,0,1,0,0,0,0,6.89934E+20,5.33955E+21,1.15552E+16,4.81807E+16
139959,139960,9,2,73,152,2016,6,15,7,2,0,3,0,0,1,1,0,0,0,0,7.03325E+20,5.40983E+21,1.17694E+16,4.88081E+16
139960,139961,9,5,72,132,2016,6,15,2,3,5,3,0,0,1,1,0,0,0,0,6.36251E+20,5.49196E+21,1.08843E+16,4.95649E+16
139961,139962,9,2,73,116,2016,6,13,7,3,0,7,0,0,1,1,0,0,0,0,7.20426E+20,5.42398E+21,1.20096E+16,4.89294E+16
139962,139963,9,6,72,114,2016,6,16,2,3,5,7,0,0,0,1,0,0,0,1,5.75694E+20,5.56062E+21,1.00604E+16,5.01929E+16
139963,139964,9,6,72,114,2016,6,9,7,3,0,7,0,0,1,0,0,0,0,0,5.79029E+20,5.55992E+21,1.0107E+16,5.01862E+16
139964,139965,9,1,88,120,2016,6,7,2,2,5,3,0,0,0,1,0,1,0,0,6.78951E+20,5.32871E+21,1.14031E+16,4.80865E+16
139965,139966,9,2,61,0,2016,6,9,3,3,5,3,0,0,0,1,0,0,0,0,7.31699E+20,5.38188E+21,1.21396E+16,4.85472E+16
139966,139967,9,5,71,127,2016,6,16,3,3,5,3,0,0,1,1,0,0,0,0,6.1563E+20,5.45477E+21,1.05884E+16,4.92348E+16
139967,139968,9,4,71,117,2016,6,18,2,3,1,6,0,0,0,1,0,0,0,0,6.30898E+20,5.53077E+21,1.08233E+16,4.9915E+16
139968,139969,9,1,80,117,2016,6,11,3,3,0,1,0,0,0,1,0,1,0,0,6.59955E+20,5.26113E+21,1.11233E+16,4.7484E+16
139969,139970,9,1,62,0,2016,6,22,1,3,6,2,2,1,0,1,1,0,0,0,6.94443E+20,5.33303E+21,1.16128E+16,4.81208E+16
139970,139971,9,2,79,112,2016,6,18,7,3,5,3,0,1,1,1,0,0,0,0,7.58153E+20,5.39303E+21,1.25043E+16,4.8637E+16
139971,139972,9,5,64,0,2016,6,15,2,3,1,5,0,0,1,1,0,0,0,0,6.49671E+20,5.47809E+21,1.10645E+16,4.9437E+16
139972,139973,9,1,62,0,2016,6,11,7,3,3,7,0,0,0,1,0,1,0,0,6.87723E+20,5.33456E+21,1.15233E+16,4.81366E+16
139973,139974,9,1,90,148,2016,6,20,2,2,0,1,0,0,1,0,0,0,0,0,6.42281E+20,5.29691E+21,1.09004E+16,4.78098E+16
139974,139975,9,1,84,140,2016,6,11,2,3,5,3,0,0,1,1,0,0,0,0,7.01901E+20,5.32849E+21,1.17108E+16,4.80777E+16
139975,139976,9,7,74,135,2016,6,6,7,3,5,3,0,0,0,1,0,0,0,0,5.94003E+20,5.36768E+21,1.02714E+16,4.84552E+16
139976,139977,9,1,62,0,2016,6,13,2,3,5,3,0,0,0,1,0,0,0,0,6.95806E+20,5.33728E+21,1.16331E+16,4.81586E+16
139977,139978,9,1,76,129,2016,6,14,3,3,5,3,0,0,0,1,0,0,0,0,6.85651E+20,5.4044E+21,1.15264E+16,4.87649E+16
139978,139979,9,6,72,114,2016,6,20,1,3,6,4,0,0,0,1,1,0,0,0,5.76542E+20,5.56118E+21,1.00724E+16,5.01978E+16
139979,139980,9,7,73,125,2016,6,20,1,3,0,7,0,0,1,0,0,0,0,0,6.09966E+20,5.38169E+21,1.04909E+16,4.85787E+16
139980,139981,9,1,80,117,2016,6,13,7,3,2,6,0,0,0,1,0,0,0,0,6.56908E+20,5.26165E+21,1.1083E+16,4.74893E+16
139981,139982,9,1,62,0,2016,6,16,7,3,3,6,0,0,1,0,0,0,0,0,6.91777E+20,5.33551E+21,1.15782E+16,4.81439E+16
139982,139983,9,1,89,145,2016,6,9,2,2,7,7,0,0,1,0,1,0,0,0,7.77362E+20,5.30099E+21,1.27043E+16,4.78024E+16
139983,139984,9,7,79,148,2016,6,4,2,2,4,6,1,0,0,1,0,0,1,0,6.29439E+20,5.40962E+21,1.07636E+16,4.88261E+16
139984,139985,9,4,75,120,2016,6,12,1,3,6,7,0,0,0,1,1,0,0,0,7.10995E+20,5.57545E+21,1.19624E+16,5.02934E+16
139985,139986,9,1,89,161,2016,6,14,7,3,0,1,0,0,1,0,0,0,0,0,7.67845E+20,5.30597E+21,1.25806E+16,4.78512E+16
139986,139987,9,1,62,0,2016,6,17,2,3,5,6,0,0,1,1,0,0,0,0,6.90915E+20,5.33428E+21,1.1566E+16,4.81331E+16
139987,139988,9,1,77,126,2016,6,15,3,2,6,6,0,0,0,1,1,0,0,0,7.1877E+20,5.36786E+21,1.19573E+16,4.84259E+16
139988,139989,9,5,74,138,2016,6,13,1,2,6,4,0,0,0,1,1,0,0,0,6.64903E+20,5.48681E+21,1.12781E+16,4.95115E+16
139989,139990,9,1,72,114,2016,6,11,7,3,5,3,0,0,1,1,0,0,0,0,7.93784E+20,5.29604E+21,1.29198E+16,4.77507E+16
139990,139991,9,1,62,0,2016,6,13,7,3,2,6,0,0,0,1,0,0,0,0,6.90793E+20,5.3403E+21,1.15671E+16,4.81873E+16
139991,139992,9,4,73,120,2016,6,7,3,3,5,3,0,0,0,1,0,0,0,0,6.41869E+20,5.57212E+21,1.09914E+16,5.02842E+16
139992,139993,9,1,61,0,2016,6,13,2,3,0,1,0,0,1,0,0,0,0,0,6.76824E+20,5.40635E+21,1.14073E+16,4.8785E+16
139993,139994,9,5,64,0,2016,6,7,2,2,5,3,0,0,1,1,0,0,0,0,6.46885E+20,5.48127E+21,1.10273E+16,4.94663E+16
139994,139995,9,7,61,0,2016,6,11,2,3,2,6,0,0,0,1,0,0,0,0,6.40925E+20,5.3572E+21,1.09022E+16,4.83522E+16
139995,139996,9,1,87,148,2016,6,20,7,3,8,7,1,0,0,0,0,1,0,0,7.38903E+20,5.28131E+21,1.21808E+16,4.7641E+16
139996,139997,9,1,85,158,2016,6,9,1,2,4,1,0,0,0,1,0,1,0,0,6.60127E+20,5.38521E+21,1.1172E+16,4.85995E+16
139997,139998,9,7,61,0,2016,6,15,2,3,2,6,0,0,0,1,0,0,0,0,6.40896E+20,5.35802E+21,1.09021E+16,4.83596E+16
139998,139999,9,1,61,0,2016,6,2,7,2,3,1,2,0,1,0,0,0,0,0,6.82032E+20,5.40297E+21,1.14766E+16,4.87531E+16
139999,140000,9,6,76,122,2016,6,4,7,3,6,7,2,1,0,1,1,0,0,0,5.10285E+20,5.51758E+21,9.14295E+15,4.98106E+16
140000,140001,9,1,62,0,2016,6,13,2,2,6,4,0,0,0,1,1,0,0,0,6.92311E+20,5.33757E+21,1.15863E+16,4.81623E+16
140001,140002,9,2,77,154,2016,6,20,3,3,0,7,0,0,0,0,0,0,0,1,7.84966E+20,5.35671E+21,1.28428E+16,4.82993E+16
140002,140003,9,5,64,0,2016,6,14,3,3,5,2,0,0,0,1,0,0,0,1,6.51871E+20,5.48056E+21,1.10958E+16,4.94587E+16
140003,140004,9,5,77,177,2016,6,12,2,2,5,1,0,0,1,1,0,0,0,0,6.43805E+20,5.43208E+21,1.09671E+16,4.90249E+16
140004,140005,9,7,76,116,2016,6,17,7,3,4,6,0,0,0,1,0,0,0,0,5.50248E+20,5.26919E+21,9.66813E+15,4.75742E+16
140005,140006,9,6,61,0,2016,6,17,7,2,0,7,0,1,1,0,0,0,0,0,5.10268E+20,5.53559E+21,9.1432E+15,4.99726E+16
140006,140007,9,1,84,135,2016,6,18,2,3,4,1,0,0,0,1,0,1,0,0,6.89629E+20,5.34719E+21,1.15545E+16,4.82495E+16