FID,OBJECTID,ULAND,UREGBEZ,UKREIS,UGEMEINDE,UJAHR,UMONAT,USTUNDE,UWOCHENTAG,UKATEGORIE,UART,UTYP1,ULICHTVERH,IstStrasse,IstRad,IstPKW,IstFuss,IstKrad,IstGkfz,IstSonstig,LINREFX,LINREFY,XGCSWGS84,YGCSWGS84
140007,140008,9,3,63,0,2016,6,12,3,3,5,3,0,0,1,0,0,0,0,0,7.27417E+20,5.50695E+21,1.21521E+16,4.96721E+16
140008,140009,9,5,64,0,2016,6,7,2,2,0,1,0,0,0,0,0,1,0,0,6.52651E+20,5.48305E+21,1.11075E+16,4.94809E+16
140009,140010,9,7,79,197,2016,6,11,7,3,5,3,0,0,0,1,0,0,0,0,6.17519E+20,5.42346E+21,1.06052E+16,4.89529E+16
140010,140011,9,1,78,143,2016,6,12,2,3,0,6,0,0,1,0,0,0,0,0,7.17171E+20,5.37237E+21,1.19381E+16,4.84669E+16
140011,140012,9,1,81,130,2016,6,14,7,2,2,2,0,0,0,1,0,1,0,0,6.38053E+20,5.32453E+21,1.08528E+16,4.80591E+16
140012,140013,9,6,78,193,2016,6,7,2,3,5,3,0,0,1,1,0,0,0,0,5.78587E+20,5.53708E+21,1.00961E+16,4.99809E+16
140013,140014,9,6,71,134,2016,6,18,7,3,8,7,0,1,0,1,0,0,0,0,5.00789E+20,5.5473E+21,9.01103E+15,5.0078E+16
140014,140015,9,1,62,0,2016,6,8,2,3,0,2,0,0,1,0,0,1,0,0,6.90691E+20,5.33814E+21,1.15648E+16,4.81679E+16
140015,140016,9,2,74,128,2016,6,18,3,3,8,1,0,0,0,0,0,1,0,0,7.361E+20,5.3919E+21,1.22048E+16,4.86356E+16
140016,140017,9,7,63,0,2016,6,17,7,3,3,7,0,1,0,1,0,1,0,0,5.97658E+20,5.28591E+21,1.03021E+16,4.77192E+16
140017,140018,9,5,71,193,2016,6,7,3,3,5,3,0,0,0,1,0,0,0,0,5.86074E+20,5.46995E+21,1.01858E+16,4.93762E+16
140018,140019,9,3,62,0,2016,6,8,2,3,5,3,0,0,1,1,0,0,0,0,7.26162E+20,5.43216E+21,1.20923E+16,4.90008E+16
140019,140020,9,1,72,122,2016,6,9,3,2,5,3,0,0,0,1,0,0,0,0,7.91758E+20,5.31633E+21,1.29065E+16,4.79338E+16
140020,140021,9,1,62,0,2016,6,3,1,3,0,1,2,0,1,0,0,0,0,0,6.92691E+20,5.33797E+21,1.15916E+16,4.81658E+16
140021,140022,9,1,88,124,2016,6,9,7,3,1,5,0,0,0,1,0,0,0,0,6.62117E+20,5.31885E+21,1.11734E+16,4.80024E+16
140022,140023,9,2,79,112,2016,6,20,3,2,2,6,0,0,0,0,0,1,0,0,7.56419E+20,5.39126E+21,1.24797E+16,4.86218E+16
140023,140024,9,1,62,0,2016,6,23,1,3,5,3,2,1,0,1,0,0,0,0,6.86528E+20,5.33634E+21,1.1508E+16,4.81529E+16
140024,140025,9,1,78,155,2016,6,16,7,2,5,3,0,0,0,1,0,1,0,0,7.16305E+20,5.37432E+21,1.19274E+16,4.84848E+16
140025,140026,9,5,64,0,2016,6,7,2,3,0,6,0,0,1,0,0,0,1,0,6.51825E+20,5.4812E+21,1.10954E+16,4.94645E+16
140026,140027,9,1,62,0,2016,6,11,7,3,5,2,0,0,0,1,0,1,0,0,6.94581E+20,5.32964E+21,1.16131E+16,4.80903E+16
140027,140028,9,3,61,0,2016,6,16,2,3,5,2,0,0,1,1,0,0,0,0,7.0826E+20,5.47968E+21,1.18725E+16,4.94341E+16
140028,140029,9,1,62,0,2016,6,8,2,3,1,6,0,0,1,1,0,0,0,0,6.89861E+20,5.3325E+21,1.15511E+16,4.81174E+16
140029,140030,9,1,74,113,2016,6,10,3,3,0,1,0,0,1,0,0,0,0,0,6.75583E+20,5.34764E+21,1.13657E+16,4.82577E+16
140030,140031,9,5,62,0,2016,6,18,1,3,1,5,0,0,1,1,0,0,0,0,6.46107E+20,5.49596E+21,1.1022E+16,4.95985E+16
140031,140032,9,7,61,0,2016,6,1,1,3,2,6,2,0,0,1,0,0,0,0,6.39118E+20,5.35915E+21,1.08785E+16,4.83701E+16
140032,140033,9,1,62,0,2016,6,17,6,3,4,2,0,0,1,0,0,0,0,1,6.96685E+20,5.33776E+21,1.16451E+16,4.81626E+16
140033,140034,9,1,62,0,2016,6,9,7,3,4,7,0,0,0,1,0,1,0,0,6.92009E+20,5.33496E+21,1.1581E+16,4.81389E+16
140034,140035,9,1,87,131,2016,6,18,2,2,1,6,0,0,0,1,0,1,0,0,7.3423E+20,5.2917E+21,1.21243E+16,4.77361E+16
140035,140036,9,1,62,0,2016,6,12,7,3,5,3,0,0,0,1,0,0,0,0,6.94012E+20,5.34256E+21,1.16114E+16,4.82065E+16
140036,140037,9,1,80,122,2016,6,23,2,3,8,1,2,0,0,1,0,0,0,0,6.668E+20,5.25983E+21,1.12136E+16,4.74706E+16
140037,140038,9,7,74,135,2016,6,9,2,3,5,3,0,0,1,1,0,0,0,0,5.94949E+20,5.36749E+21,1.02842E+16,4.84534E+16
140038,140039,9,5,73,129,2016,6,20,1,3,4,7,0,0,0,1,0,0,0,0,6.34528E+20,5.48799E+21,1.08591E+16,4.95296E+16
140039,140040,9,1,62,0,2016,6,20,6,3,5,3,2,0,0,1,0,0,0,0,6.9092E+20,5.33943E+21,1.15684E+16,4.81794E+16
140040,140041,9,5,64,0,2016,6,19,7,3,5,3,0,0,1,0,0,0,0,0,6.53289E+20,5.47454E+21,1.1113E+16,4.94042E+16
140041,140042,9,1,84,149,2016,6,16,2,2,5,3,0,0,1,0,0,0,0,0,6.90818E+20,5.35064E+21,1.15721E+16,4.82802E+16
140042,140043,9,1,84,145,2016,6,17,7,3,1,3,0,1,1,1,0,0,0,0,6.9383E+20,5.32557E+21,1.16012E+16,4.80539E+16
140043,140044,9,4,71,145,2016,6,16,3,3,5,2,0,0,1,1,0,0,0,0,6.4299E+20,5.5198E+21,1.09876E+16,4.98136E+16
140044,140045,9,1,81,126,2016,6,15,2,1,5,7,0,0,1,0,0,0,0,0,6.35304E+20,5.33107E+21,1.0818E+16,4.81185E+16
140045,140046,9,5,64,0,2016,6,12,2,3,0,7,0,0,0,1,0,0,0,1,6.49867E+20,5.47974E+21,1.10678E+16,4.94518E+16
140046,140047,9,7,73,170,2016,6,14,7,2,6,4,0,0,0,1,1,0,0,0,5.9636E+20,5.39046E+21,1.03086E+16,4.86598E+16
140047,140048,9,1,62,0,2016,6,18,6,3,0,7,0,0,1,0,0,0,0,0,6.82339E+20,5.33659E+21,1.14519E+16,4.81564E+16
140048,140049,9,6,77,203,2016,6,21,2,2,8,1,1,0,1,0,0,0,0,0,5.58499E+20,5.5274E+21,9.81451E+15,4.98962E+16
140049,140050,9,7,61,0,2016,6,17,2,3,2,6,0,0,0,1,0,0,0,0,6.38037E+20,5.35844E+21,1.08637E+16,4.83641E+16
140050,140051,9,2,71,125,2016,6,17,1,3,5,3,0,0,0,1,0,0,0,0,7.97234E+20,5.40935E+21,1.30453E+16,4.87661E+16
140051,140052,9,7,61,0,2016,6,16,2,3,5,3,0,0,1,1,0,0,0,0,6.41786E+20,5.35875E+21,1.09143E+16,4.8366E+16
140052,140053,9,1,62,0,2016,6,11,6,3,3,6,0,0,0,1,0,1,0,0,6.90577E+20,5.33593E+21,1.15622E+16,4.81481E+16
140053,140054,9,5,64,0,2016,6,11,7,3,0,1,0,0,1,0,0,0,0,0,6.55194E+20,5.4807E+21,1.11416E+16,4.94591E+16
140054,140055,9,1,62,0,2016,6,17,2,3,5,2,0,0,1,1,0,0,0,0,6.84603E+20,5.33501E+21,1.14816E+16,4.81415E+16
140055,140056,9,3,62,0,2016,6,17,3,3,5,3,0,0,1,0,0,0,0,0,7.25675E+20,5.43434E+21,1.20869E+16,4.90206E+16
140056,140057,9,5,63,0,2016,6,13,3,3,6,4,0,0,1,0,1,0,0,0,6.44277E+20,5.48178E+21,1.09915E+16,4.94715E+16
140057,140058,9,5,64,0,2016,6,16,2,2,5,1,0,0,1,0,0,0,0,0,6.55392E+20,5.47394E+21,1.11417E+16,4.93983E+16
140058,140059,9,7,61,0,2016,6,11,7,3,1,1,0,0,1,1,0,0,0,0,6.38636E+20,5.359E+21,1.08719E+16,4.83689E+16
140059,140060,9,2,73,152,2016,6,20,3,3,5,6,0,0,0,1,0,0,0,0,7.03112E+20,5.41009E+21,1.17666E+16,4.88106E+16
140060,140061,9,1,62,0,2016,6,13,1,3,0,5,0,0,1,0,0,0,0,1,6.88942E+20,5.34147E+21,1.15427E+16,4.81984E+16
140061,140062,9,1,62,0,2016,6,18,6,3,2,6,0,0,0,1,0,0,0,1,6.88995E+20,5.33494E+21,1.15406E+16,4.81396E+16
140062,140063,9,6,71,111,2016,6,20,2,3,0,7,0,0,0,0,0,1,0,0,5.05284E+20,5.5481E+21,9.07386E+15,5.00851E+16
140063,140064,9,1,62,0,2016,6,18,2,3,5,2,0,0,1,0,0,1,0,0,6.88562E+20,5.32855E+21,1.15319E+16,4.80823E+16
140064,140065,9,4,77,135,2016,6,8,7,2,3,7,0,0,1,0,0,0,0,1,6.82481E+20,5.55537E+21,1.15529E+16,5.01225E+16
140065,140066,9,1,62,0,2016,6,8,2,3,5,3,0,0,1,1,0,0,0,0,6.93832E+20,5.34029E+21,1.16079E+16,4.81862E+16
140066,140067,9,2,75,146,2016,6,9,3,3,8,6,0,0,0,1,0,0,0,0,8.29802E+20,5.39519E+21,1.34759E+16,4.86227E+16
140067,140068,9,5,64,0,2016,6,14,3,3,5,2,0,0,1,1,0,0,0,0,6.4906E+20,5.47859E+21,1.10563E+16,4.94417E+16
140068,140069,9,4,74,126,2016,6,14,2,3,5,3,0,0,0,1,0,1,0,0,6.48692E+20,5.5104E+21,1.10632E+16,4.97277E+16
140069,140070,9,1,80,112,2016,6,11,3,3,0,1,0,0,1,0,0,0,0,0,6.53592E+20,5.28107E+21,1.10458E+16,4.76648E+16
140070,140071,9,1,62,0,2016,6,9,1,3,3,5,0,0,1,1,0,0,0,0,6.92833E+20,5.33142E+21,1.15905E+16,4.81068E+16
140071,140072,9,1,62,0,2016,6,19,6,3,3,6,0,0,1,1,0,0,0,0,6.9131E+20,5.33474E+21,1.15716E+16,4.81371E+16
140072,140073,9,5,64,0,2016,6,8,2,3,5,2,0,0,1,1,0,0,0,0,6.50902E+20,5.47932E+21,1.10819E+16,4.94478E+16
140073,140074,9,1,62,0,2016,6,18,7,3,5,2,0,1,1,1,0,0,0,0,6.90175E+20,5.33374E+21,1.15559E+16,4.81285E+16
140074,140075,9,2,79,122,2016,6,23,2,3,4,2,2,0,0,1,0,1,0,0,7.71513E+20,5.3983E+21,1.26888E+16,4.86786E+16
140075,140076,9,1,62,0,2016,6,17,2,3,0,6,0,0,1,0,0,0,0,0,6.92772E+20,5.33832E+21,1.15928E+16,4.81689E+16
140076,140077,9,1,78,143,2016,6,12,3,3,5,3,0,0,1,1,0,0,0,0,7.17387E+20,5.373E+21,1.19413E+16,4.84726E+16
140077,140078,9,5,76,143,2016,6,14,1,3,1,5,0,0,0,1,0,0,0,0,6.51984E+20,5.45815E+21,1.10888E+16,4.92572E+16
140078,140079,9,3,73,147,2016,6,7,2,2,1,3,0,0,1,1,0,0,0,0,6.7879E+20,5.46168E+21,1.14584E+16,4.92817E+16
140079,140080,9,1,62,0,2016,6,8,2,2,3,6,0,0,1,0,0,0,1,0,6.9347E+20,5.3352E+21,1.16008E+16,4.81406E+16
140080,140081,9,1,87,117,2016,6,12,3,3,0,7,0,0,1,0,0,0,0,0,7.25289E+20,5.30543E+21,1.20123E+16,4.78627E+16
140081,140082,9,6,63,0,2016,6,4,1,2,1,5,1,0,1,1,0,0,0,0,5.68179E+20,5.51609E+21,9.94729E+15,4.97934E+16
140082,140083,9,7,78,162,2016,6,16,1,3,5,3,0,0,1,1,0,0,0,0,5.91216E+20,5.31127E+21,1.02216E+16,4.79483E+16
140083,140084,9,1,62,0,2016,6,9,6,3,5,2,0,0,1,1,0,0,0,0,6.92862E+20,5.33317E+21,1.15917E+16,4.81226E+16
140084,140085,9,1,62,0,2016,6,19,7,3,1,5,0,0,0,1,0,0,0,1,6.94728E+20,5.33419E+21,1.16172E+16,4.81311E+16
140085,140086,9,1,89,155,2016,6,17,2,3,4,6,0,0,0,1,0,0,0,0,7.68651E+20,5.31085E+21,1.25944E+16,4.78947E+16
140086,140087,9,7,62,0,2016,6,7,2,3,0,1,0,0,0,0,0,1,0,0,6.21485E+20,5.30454E+21,1.06249E+16,4.78826E+16
140087,140088,9,4,79,135,2016,6,14,1,3,0,1,0,0,1,0,0,0,0,0,7.15289E+20,5.55686E+21,1.20121E+16,5.01249E+16
140088,140089,9,1,62,0,2016,6,17,6,3,2,6,0,0,0,1,0,1,0,0,6.86115E+20,5.34001E+21,1.15041E+16,4.81861E+16
140089,140090,9,3,74,164,2016,6,19,7,3,5,3,0,0,0,1,0,0,0,0,7.51543E+20,5.50162E+21,1.24825E+16,4.96148E+16
140090,140091,9,1,62,0,2016,6,18,2,3,1,5,0,0,1,1,0,0,0,0,6.91929E+20,5.3367E+21,1.15807E+16,4.81545E+16
140091,140092,9,7,78,118,2016,6,9,7,3,8,7,0,1,0,1,0,1,0,0,5.9047E+20,5.31469E+21,1.02123E+16,4.79791E+16
140092,140093,9,4,61,0,2016,6,8,3,3,2,6,0,0,0,1,0,1,0,0,6.35902E+20,5.52812E+21,1.0892E+16,4.989E+16
140093,140094,9,1,62,0,2016,6,17,6,3,0,3,0,0,0,0,1,0,0,1,6.90407E+20,5.33518E+21,1.15596E+16,4.81414E+16
140094,140095,9,1,62,0,2016,6,14,7,3,5,2,0,0,1,1,0,0,0,0,6.93877E+20,5.34126E+21,1.1609E+16,4.8195E+16
140095,140096,9,4,76,145,2016,6,1,3,2,8,7,2,0,1,0,0,0,0,0,6.6514E+20,5.56862E+21,1.13163E+16,5.02467E+16
140096,140097,9,1,61,0,2016,6,15,2,3,5,3,0,0,1,1,0,0,0,0,6.78752E+20,5.40409E+21,1.14325E+16,4.87641E+16
140097,140098,9,7,61,0,2016,6,20,2,3,5,3,0,0,1,1,0,0,0,0,6.41382E+20,5.35751E+21,1.09085E+16,4.83549E+16
140098,140099,9,1,62,0,2016,6,6,6,3,5,3,0,0,0,1,0,0,1,0,6.87979E+20,5.32738E+21,1.15236E+16,4.80719E+16
140099,140100,9,2,77,133,2016,6,18,1,2,5,3,0,0,0,1,0,1,0,0,7.67005E+20,5.36607E+21,1.2607E+16,4.83912E+16
140100,140101,9,7,61,0,2016,6,17,2,3,2,6,0,0,0,1,0,1,0,0,6.40814E+20,5.35925E+21,1.09014E+16,4.83707E+16
140101,140102,9,1,62,0,2016,6,18,6,3,5,3,0,0,1,1,0,0,0,0,6.89812E+20,5.32886E+21,1.15488E+16,4.80848E+16
140102,140103,9,3,75,181,2016,6,13,7,3,0,1,0,0,1,0,0,0,0,0,7.20511E+20,5.43717E+21,1.20179E+16,4.90479E+16
140103,140104,9,1,62,0,2016,6,12,2,2,6,4,0,0,0,0,1,0,1,0,6.9188E+20,5.33353E+21,1.15787E+16,4.81261E+16
140104,140105,9,2,63,0,2016,6,11,3,3,5,3,0,0,0,1,0,0,1,0,7.64448E+20,5.42155E+21,1.26079E+16,4.88904E+16
140105,140106,9,5,64,0,2016,6,12,3,2,5,3,0,0,1,1,0,0,0,0,6.46883E+20,5.48127E+21,1.10272E+16,4.94663E+16
140106,140107,9,5,73,122,2016,6,17,2,3,5,3,0,0,0,1,0,1,0,0,6.43779E+20,5.47633E+21,1.09826E+16,4.94226E+16
140107,140108,9,7,61,0,2016,6,19,7,3,4,6,0,1,0,1,0,0,0,0,6.41848E+20,5.36119E+21,1.0916E+16,4.8388E+16
140108,140109,9,2,79,124,2016,6,14,3,3,5,3,0,0,0,1,0,0,0,0,7.53152E+20,5.39221E+21,1.24361E+16,4.86317E+16
140109,140110,9,1,62,0,2016,6,18,1,2,0,7,0,0,0,0,0,1,0,0,6.98023E+20,5.3381E+21,1.16632E+16,4.81653E+16
140110,140111,9,5,64,0,2016,6,13,2,3,6,4,0,0,0,1,1,0,0,0,6.51829E+20,5.47914E+21,1.10946E+16,4.9446E+16
140111,140112,9,7,61,0,2016,6,13,7,3,4,7,0,0,1,1,0,0,0,0,6.41777E+20,5.36016E+21,1.09147E+16,4.83787E+16
140112,140113,9,1,78,143,2016,6,15,2,3,9,1,0,0,0,0,0,1,0,0,7.17246E+20,5.37239E+21,1.19391E+16,4.84671E+16
140113,140114,9,1,62,0,2016,6,17,6,3,5,3,0,0,1,1,0,0,0,0,6.89993E+20,5.33629E+21,1.15546E+16,4.81514E+16
140114,140115,9,6,78,193,2016,6,16,2,3,0,6,0,0,1,1,0,0,0,0,5.78793E+20,5.53722E+21,1.0099E+16,4.99821E+16
140115,140116,9,3,72,170,2016,6,18,7,2,4,6,0,0,0,0,0,1,0,1,7.47854E+20,5.45422E+21,1.24019E+16,4.91906E+16
140116,140117,9,1,62,0,2016,6,17,2,3,1,6,0,0,0,1,0,0,0,0,6.87752E+20,5.34219E+21,1.15271E+16,4.82052E+16
140117,140118,9,2,74,114,2016,6,22,3,2,9,1,2,0,0,0,0,1,0,0,7.3845E+20,5.37079E+21,1.22246E+16,4.8445E+16
140118,140119,9,5,77,177,2016,6,14,3,3,5,2,0,0,1,1,0,0,0,0,6.43986E+20,5.43238E+21,1.09697E+16,4.90275E+16
140119,140120,9,4,61,0,2016,6,7,2,3,3,7,0,0,1,1,0,0,0,0,6.37706E+20,5.52943E+21,1.09176E+16,4.99014E+16
140120,140121,9,1,89,155,2016,6,15,3,3,6,7,0,0,0,1,1,0,0,0,7.71747E+20,5.30936E+21,1.26348E+16,4.788E+16
140121,140122,9,1,62,0,2016,6,13,1,2,4,2,0,0,0,1,0,0,0,0,6.94454E+20,5.33305E+21,1.1613E+16,4.8121E+16
140122,140123,9,1,62,0,2016,6,12,6,3,4,2,0,0,0,1,0,1,0,0,6.88557E+20,5.33933E+21,1.15366E+16,4.81792E+16
140123,140124,9,1,62,0,2016,6,12,7,3,5,7,0,0,1,1,0,0,0,0,6.92817E+20,5.33837E+21,1.15934E+16,4.81693E+16
140124,140125,9,1,90,148,2016,6,16,2,3,0,1,0,1,0,0,0,1,0,0,6.42389E+20,5.29902E+21,1.09026E+16,4.78288E+16
140125,140126,9,1,62,0,2016,6,17,6,3,3,6,0,0,1,0,0,0,0,0,6.91079E+20,5.33506E+21,1.15686E+16,4.81401E+16
140126,140127,9,5,74,138,2016,6,17,2,3,2,6,0,0,0,1,0,0,0,0,6.65405E+20,5.48606E+21,1.12847E+16,4.95046E+16
140127,140128,9,3,76,161,2016,6,11,2,2,4,6,0,0,0,1,0,1,0,0,7.30579E+20,5.46481E+21,1.21713E+16,4.92925E+16
140128,140129,9,3,75,190,2016,6,19,7,3,3,6,0,1,1,0,0,0,0,0,7.29248E+20,5.44848E+21,1.21437E+16,4.91463E+16
140129,140130,9,1,62,0,2016,6,20,2,3,0,7,0,0,1,0,0,0,0,0,6.92124E+20,5.33293E+21,1.15817E+16,4.81206E+16
140130,140131,9,1,79,121,2016,6,16,3,3,5,3,0,0,0,1,0,0,0,0,6.65758E+20,5.33725E+21,1.12293E+16,4.81668E+16
140131,140132,9,5,74,123,2016,6,13,1,3,2,6,0,0,0,1,0,0,0,0,6.59406E+20,5.47432E+21,1.11971E+16,4.94007E+16
140132,140133,9,7,72,167,2016,6,4,1,3,7,7,1,0,0,0,0,1,0,0,6.27292E+20,5.35585E+21,1.07179E+16,4.8343E+16
140133,140134,9,1,62,0,2016,6,16,6,3,3,6,0,0,1,0,0,0,0,0,6.92387E+20,5.33395E+21,1.15857E+16,4.81297E+16
140134,140135,9,1,62,0,2016,6,0,7,2,1,7,2,0,0,0,0,1,0,1,6.97033E+20,5.33394E+21,1.1648E+16,4.81282E+16
140135,140136,9,1,72,114,2016,6,12,2,3,1,6,0,0,0,1,0,0,0,0,7.90581E+20,5.29296E+21,1.28751E+16,4.77245E+16
140136,140137,9,7,72,171,2016,6,15,2,3,5,3,0,0,0,1,0,0,0,0,6.37176E+20,5.37193E+21,1.08565E+16,4.84856E+16
140137,140138,9,7,75,135,2016,6,12,2,3,6,7,0,0,0,1,1,0,0,0,5.73804E+20,5.36061E+21,9.99701E+15,4.83943E+16
140138,140139,9,1,77,117,2016,6,8,3,3,1,3,0,0,1,1,0,0,0,0,7.14486E+20,5.35355E+21,1.18922E+16,4.82987E+16
140139,140140,9,5,64,0,2016,6,18,1,2,5,3,0,0,1,1,0,0,0,0,6.50781E+20,5.47919E+21,1.10802E+16,4.94467E+16
140140,140141,9,1,62,0,2016,6,12,6,3,3,3,0,0,1,1,0,0,0,0,6.90897E+20,5.33511E+21,1.15662E+16,4.81406E+16
140141,140142,9,1,62,0,2016,6,23,2,3,0,7,2,0,1,1,0,0,0,0,6.87079E+20,5.33026E+21,1.15128E+16,4.80981E+16
140142,140143,9,1,62,0,2016,6,10,7,3,2,6,0,0,1,0,0,0,0,0,6.82772E+20,5.33982E+21,1.14591E+16,4.81853E+16
140143,140144,9,4,77,128,2016,6,10,3,3,5,3,0,0,1,1,0,0,0,0,6.7581E+20,5.55418E+21,1.14591E+16,5.01138E+16
140144,140145,9,1,86,113,2016,6,12,2,2,1,3,0,0,0,1,0,1,0,0,6.81412E+20,5.39467E+21,1.14645E+16,4.86787E+16
140145,140146,9,5,64,0,2016,6,15,2,3,0,7,0,0,0,1,0,1,0,0,6.50542E+20,5.47976E+21,1.10771E+16,4.94519E+16
140146,140147,9,1,62,0,2016,6,7,6,3,2,6,0,0,0,1,0,0,0,0,6.94036E+20,5.34179E+21,1.16114E+16,4.81997E+16
140147,140148,9,1,79,126,2016,6,14,1,3,1,1,0,0,0,1,0,0,0,0,6.76361E+20,5.34091E+21,1.13733E+16,4.81969E+16
140148,140149,9,6,63,0,2016,6,9,2,3,3,6,0,0,0,1,0,0,0,0,5.66629E+20,5.51675E+21,9.92587E+15,4.97995E+16
140149,140150,9,1,62,0,2016,6,17,6,3,3,2,0,0,1,1,0,0,0,0,6.88211E+20,5.33838E+21,1.15315E+16,4.81708E+16
140150,140151,9,3,62,0,2016,6,18,7,3,1,7,0,0,0,1,0,0,0,0,7.23438E+20,5.43467E+21,1.20565E+16,4.90244E+16
140151,140152,9,3,62,0,2016,6,2,1,2,3,6,2,1,1,0,0,0,0,0,7.28835E+20,5.43415E+21,1.21299E+16,4.90177E+16
140152,140153,9,7,61,0,2016,6,7,2,3,2,6,0,0,0,1,0,0,0,1,6.38955E+20,5.35639E+21,1.08754E+16,4.83454E+16
140153,140154,9,1,62,0,2016,6,19,6,3,5,3,0,0,1,0,0,0,0,0,6.9073E+20,5.33884E+21,1.15656E+16,4.81742E+16
140154,140155,9,3,76,161,2016,6,18,7,3,1,2,0,0,0,1,0,0,0,0,7.25714E+20,5.46828E+21,1.21065E+16,4.93255E+16
140155,140156,9,1,62,0,2016,6,7,2,3,5,3,0,0,0,1,0,0,0,0,6.90623E+20,5.33377E+21,1.15619E+16,4.81286E+16
140156,140157,9,3,74,124,2016,6,18,3,3,5,3,0,0,0,1,0,1,0,0,7.09862E+20,5.51225E+21,1.1912E+16,4.97261E+16
140157,140158,9,5,64,0,2016,6,20,2,3,0,1,0,0,0,0,0,1,0,0,6.50044E+20,5.48028E+21,1.10705E+16,4.94566E+16
140158,140159,9,7,61,0,2016,6,17,7,3,2,3,0,1,0,1,0,0,0,0,6.39813E+20,5.35779E+21,1.08874E+16,4.83578E+16
140159,140160,9,1,62,0,2016,6,0,1,3,0,7,2,0,1,0,0,0,0,0,6.79396E+20,5.33665E+21,1.14124E+16,4.81578E+16
140160,140161,9,1,62,0,2016,6,21,6,3,6,6,2,0,1,0,1,0,0,0,6.87558E+20,5.34143E+21,1.15241E+16,4.81983E+16
140161,140162,9,6,61,0,2016,6,15,2,3,1,3,0,0,1,1,0,0,0,0,5.12268E+20,5.53412E+21,9.17104E+15,4.99593E+16
140162,140163,9,2,76,142,2016,6,15,7,3,5,7,0,0,1,1,0,0,0,0,7.91415E+20,5.43284E+21,1.2983E+16,4.89797E+16
140163,140164,9,1,62,0,2016,6,15,2,3,0,2,0,0,0,1,0,1,0,0,6.88121E+20,5.33631E+21,1.15294E+16,4.81522E+16
140164,140165,9,2,61,0,2016,6,9,3,3,6,7,0,0,1,0,1,0,0,0,7.31652E+20,5.38227E+21,1.21392E+16,4.85507E+16
140165,140166,9,5,75,119,2016,6,8,3,3,8,7,0,0,0,1,0,0,0,0,6.13593E+20,5.48782E+21,1.05699E+16,4.95323E+16
140166,140167,9,3,62,0,2016,6,8,2,3,1,6,0,0,0,1,0,0,0,0,7.29769E+20,5.43668E+21,1.21441E+16,4.90401E+16
140167,140168,9,1,62,0,2016,6,20,2,3,5,2,0,0,1,1,0,0,0,0,6.93827E+20,5.33171E+21,1.1604E+16,4.81092E+16
140168,140169,9,1,87,126,2016,6,16,3,3,0,1,0,0,1,0,0,0,0,0,7.41292E+20,5.32261E+21,1.22356E+16,4.80112E+16
140169,140170,9,1,62,0,2016,6,17,2,3,2,6,0,0,0,1,0,1,0,0,6.94108E+20,5.33474E+21,1.16091E+16,4.81363E+16
140170,140171,9,2,75,152,2016,6,18,3,3,5,3,0,0,1,1,0,0,0,0,8.22031E+20,5.40594E+21,1.33791E+16,4.87232E+16
140171,140172,9,5,64,0,2016,6,11,3,2,6,4,0,0,0,1,1,0,0,0,6.52448E+20,5.48071E+21,1.11038E+16,4.94599E+16
140172,140173,9,4,62,0,2016,6,11,2,2,4,1,0,0,0,1,0,0,0,0,6.88532E+20,5.53168E+21,1.16258E+16,4.99077E+16
140173,140174,9,1,90,139,2016,6,20,3,3,5,3,0,0,0,1,0,0,0,0,6.5441E+20,5.29597E+21,1.1062E+16,4.77986E+16
140174,140175,9,1,62,0,2016,6,3,1,3,1,5,2,0,0,1,0,0,0,0,6.90449E+20,5.33532E+21,1.15602E+16,4.81426E+16
140175,140176,9,1,62,0,2016,6,15,6,3,0,1,0,0,0,0,0,1,0,0,6.896E+20,5.3307E+21,1.15468E+16,4.81014E+16
140176,140177,9,5,64,0,2016,6,18,2,3,2,6,0,0,0,1,0,0,0,0,6.47619E+20,5.4841E+21,1.10384E+16,4.94916E+16
140177,140178,9,1,62,0,2016,6,12,7,3,0,7,0,0,0,0,0,0,0,1,6.9157E+20,5.33501E+21,1.15752E+16,4.81395E+16
140178,140179,9,2,75,126,2016,6,11,2,3,5,3,0,0,0,1,0,0,0,1,8.40574E+20,5.39925E+21,1.36249E+16,4.86533E+16
140179,140180,9,1,62,0,2016,6,19,2,3,5,3,0,0,1,0,0,0,0,0,6.91647E+20,5.33386E+21,1.15757E+16,4.81291E+16
140180,140181,9,1,78,145,2016,6,15,3,2,4,2,0,0,0,0,0,1,0,1,6.97809E+20,5.35549E+21,1.16685E+16,4.83217E+16
140181,140182,9,5,76,113,2016,6,11,1,3,8,1,0,0,1,0,0,0,0,0,6.59503E+20,5.45686E+21,1.11915E+16,4.92437E+16
140182,140183,9,7,61,0,2016,6,12,1,3,0,7,0,0,1,0,0,0,0,0,6.4025E+20,5.35856E+21,1.08936E+16,4.83646E+16
140183,140184,9,1,62,0,2016,6,8,6,3,3,2,0,0,1,1,0,0,0,0,6.86676E+20,5.32807E+21,1.15064E+16,4.80786E+16
140184,140185,9,7,75,152,2016,6,18,1,2,0,1,0,0,1,0,0,0,0,0,5.79155E+20,5.35183E+21,1.00676E+16,4.83147E+16