FID,OBJECTID,ULAND,UREGBEZ,UKREIS,UGEMEINDE,UJAHR,UMONAT,USTUNDE,UWOCHENTAG,UKATEGORIE,UART,UTYP1,ULICHTVERH,IstStrasse,IstRad,IstPKW,IstFuss,IstKrad,IstGkfz,IstSonstig,LINREFX,LINREFY,XGCSWGS84,YGCSWGS84
140185,140186,9,1,62,0,2016,6,15,6,3,2,6,0,0,0,1,0,0,0,1,6.91472E+20,5.3323E+21,1.15726E+16,4.81152E+16
140186,140187,9,1,62,0,2016,6,9,7,3,3,6,0,0,1,0,0,0,0,0,6.90699E+20,5.3381E+21,1.15648E+16,4.81675E+16
140187,140188,9,1,83,148,2016,6,9,2,3,2,6,0,0,0,1,0,1,0,0,7.51974E+20,5.34521E+21,1.23919E+16,4.821E+16
140188,140189,9,7,80,146,2016,6,17,2,2,7,7,0,0,0,0,1,1,0,0,5.94574E+20,5.28649E+21,1.02611E+16,4.77248E+16
140189,140190,9,5,77,177,2016,6,17,1,2,7,1,0,0,1,0,0,0,0,0,6.46055E+20,5.43215E+21,1.09979E+16,4.90249E+16
140190,140191,9,2,63,0,2016,6,19,7,3,5,3,0,0,0,1,0,0,0,0,7.61536E+20,5.41975E+21,1.25671E+16,4.88755E+16
140191,140192,9,1,62,0,2016,6,14,2,2,0,7,0,0,0,0,0,0,0,1,6.938E+20,5.33386E+21,1.16046E+16,4.81284E+16
140192,140193,9,1,62,0,2016,6,10,7,3,0,1,0,0,1,0,0,0,0,0,6.88686E+20,5.32817E+21,1.15334E+16,4.80789E+16
140193,140194,9,4,74,126,2016,6,15,3,3,5,3,0,0,0,1,0,1,0,0,6.48643E+20,5.50762E+21,1.10615E+16,4.97027E+16
140194,140195,9,1,74,115,2016,6,16,2,2,0,1,0,0,1,1,0,0,0,0,6.80079E+20,5.3474E+21,1.14261E+16,4.82542E+16
140195,140196,9,5,64,0,2016,6,16,2,3,4,2,0,0,0,1,0,1,0,0,6.48635E+20,5.47486E+21,1.1049E+16,4.94083E+16
140196,140197,9,7,61,0,2016,6,17,7,2,0,7,0,1,1,0,0,0,0,0,6.40484E+20,5.36019E+21,1.08973E+16,4.83792E+16
140197,140198,9,1,62,0,2016,6,21,4,2,4,3,1,0,0,1,0,1,0,0,6.90181E+20,5.33373E+21,1.15559E+16,4.81284E+16
140198,140199,9,5,64,0,2016,6,12,4,3,5,2,0,0,0,1,0,0,1,0,6.46305E+20,5.48037E+21,1.10189E+16,4.94584E+16
140199,140200,9,2,74,124,2016,6,8,5,3,0,7,0,0,0,0,0,1,0,0,7.27081E+20,5.37685E+21,1.20744E+16,4.85037E+16
140200,140201,9,1,62,0,2016,6,18,3,3,5,2,0,0,1,1,0,0,0,0,6.94457E+20,5.33303E+21,1.1613E+16,4.81208E+16
140201,140202,9,1,85,158,2016,7,7,6,2,5,3,0,0,0,1,0,1,0,0,6.68058E+20,5.38141E+21,1.12779E+16,4.85632E+16
140202,140203,9,1,62,0,2016,6,10,3,3,5,3,0,0,0,1,0,1,0,0,6.90699E+20,5.33705E+21,1.15644E+16,4.81581E+16
140203,140204,9,7,73,136,2016,6,14,3,3,2,6,0,0,0,1,0,0,0,0,6.01643E+20,5.37816E+21,1.03773E+16,4.85483E+16
140204,140205,9,1,61,0,2016,6,10,5,3,0,3,0,1,0,1,0,1,0,0,6.78151E+20,5.39906E+21,1.14222E+16,4.87191E+16
140205,140206,9,7,80,140,2016,6,13,4,3,0,1,0,0,1,0,0,0,0,0,6.01389E+20,5.27738E+21,1.03499E+16,4.76419E+16
140206,140207,9,1,61,0,2016,6,13,4,3,3,6,0,0,0,1,0,0,0,0,6.80654E+20,5.40529E+21,1.14589E+16,4.87743E+16
140207,140208,9,4,74,126,2016,6,17,4,3,5,3,0,0,0,1,0,0,0,0,6.48661E+20,5.50845E+21,1.1062E+16,4.97102E+16
140208,140209,9,2,73,172,2016,6,7,4,3,5,3,0,0,0,1,0,0,0,0,7.08995E+20,5.40393E+21,1.18435E+16,4.87533E+16
140209,140210,9,1,62,0,2016,6,7,5,3,5,2,0,1,0,1,0,0,0,0,6.91914E+20,5.33349E+21,1.15791E+16,4.81257E+16
140210,140211,9,7,61,0,2016,6,12,5,2,6,4,0,0,0,1,1,0,0,0,6.39418E+20,5.36003E+21,1.08828E+16,4.8378E+16
140211,140212,9,1,84,119,2016,6,18,3,3,5,3,0,0,1,1,0,0,0,0,6.95278E+20,5.34726E+21,1.16306E+16,4.82484E+16
140212,140213,9,1,62,0,2016,6,7,5,3,0,7,0,1,1,0,0,0,0,0,6.89852E+20,5.33668E+21,1.15528E+16,4.8155E+16
140213,140214,9,1,62,0,2016,6,11,3,3,3,6,0,0,1,0,0,0,0,0,6.99255E+20,5.33243E+21,1.16771E+16,4.81139E+16
140214,140215,9,1,77,117,2016,7,23,6,3,5,3,2,0,0,1,0,0,0,0,7.15082E+20,5.35293E+21,1.18999E+16,4.8293E+16
140215,140216,9,7,71,130,2016,6,17,3,3,1,6,0,0,0,1,0,0,0,0,6.45509E+20,5.35654E+21,1.09638E+16,4.83452E+16
140216,140217,9,1,81,127,2016,6,16,5,3,1,6,0,0,1,1,0,0,0,0,6.35152E+20,5.32605E+21,1.08144E+16,4.80734E+16
140217,140218,9,2,61,0,2016,7,10,6,3,4,2,0,0,1,1,0,0,0,0,7.34096E+20,5.38053E+21,1.21713E+16,4.85341E+16
140218,140219,9,7,73,125,2016,6,17,4,3,4,2,0,0,0,1,0,0,0,0,6.1061E+20,5.38113E+21,1.04995E+16,4.85735E+16
140219,140220,9,1,61,0,2016,6,14,4,3,5,2,0,0,1,1,0,0,0,0,6.77481E+20,5.40525E+21,1.14157E+16,4.8775E+16
140220,140221,9,3,62,0,2016,6,15,4,3,5,2,0,0,0,1,0,0,0,0,7.27706E+20,5.43112E+21,1.21128E+16,4.8991E+16
140221,140222,9,1,84,122,2016,6,16,5,3,1,5,0,0,1,1,0,0,0,0,6.88334E+20,5.3238E+21,1.15268E+16,4.80397E+16
140222,140223,9,6,62,0,2016,6,18,5,3,0,7,0,0,0,1,0,1,0,0,5.88881E+20,5.54452E+21,1.02414E+16,5.00464E+16
140223,140224,9,1,62,0,2016,6,21,3,3,6,2,1,0,0,1,1,0,0,0,6.89472E+20,5.3426E+21,1.15504E+16,4.82084E+16
140224,140225,9,1,62,0,2016,6,18,5,3,5,3,0,0,1,0,0,1,0,0,6.81114E+20,5.33585E+21,1.14351E+16,4.81501E+16
140225,140226,9,1,62,0,2016,6,19,4,3,1,5,0,0,1,1,0,0,0,0,6.9027E+20,5.33494E+21,1.15577E+16,4.81393E+16
140226,140227,9,6,63,0,2016,6,10,4,3,5,2,0,0,0,1,0,0,0,1,5.66825E+20,5.51404E+21,9.92812E+15,4.97751E+16
140227,140228,9,1,87,163,2016,7,17,6,3,8,1,0,0,1,0,0,0,0,0,7.41688E+20,5.3077E+21,1.22325E+16,4.78771E+16
140228,140229,9,1,77,133,2016,6,10,5,3,2,6,0,1,0,0,0,0,1,1,7.07795E+20,5.36019E+21,1.18054E+16,4.83607E+16
140229,140230,9,1,80,117,2016,7,17,6,3,6,7,0,0,0,1,1,0,0,0,6.57695E+20,5.26092E+21,1.10932E+16,4.74826E+16
140230,140231,9,2,62,0,2016,6,18,4,2,2,6,0,0,1,0,0,0,0,0,8.30394E+20,5.39131E+21,1.34808E+16,4.85876E+16
140231,140232,9,4,62,0,2016,6,11,5,3,5,3,0,0,0,1,0,0,0,0,6.8646E+20,5.53784E+21,1.15999E+16,4.99638E+16
140232,140233,9,1,62,0,2016,6,20,5,3,0,1,0,0,1,0,0,0,0,0,6.91916E+20,5.33441E+21,1.15795E+16,4.8134E+16
140233,140234,9,5,64,0,2016,6,8,5,3,4,6,0,0,1,0,0,0,0,0,6.48546E+20,5.47983E+21,1.10496E+16,4.94529E+16
140234,140235,9,1,62,0,2016,6,7,3,3,3,6,0,0,1,0,0,0,0,1,6.90146E+20,5.3346E+21,1.15559E+16,4.81362E+16
140235,140236,9,1,62,0,2016,6,8,4,3,4,2,0,0,1,1,0,0,0,0,6.88314E+20,5.34021E+21,1.15337E+16,4.81872E+16
140236,140237,9,5,63,0,2016,6,16,4,3,5,3,0,0,1,0,0,0,0,0,6.38937E+20,5.48414E+21,1.09186E+16,4.9494E+16
140237,140238,9,2,77,114,2016,6,11,5,1,5,3,0,1,0,1,0,0,0,0,7.93104E+20,5.37913E+21,1.29679E+16,4.84968E+16
140238,140239,9,1,62,0,2016,6,8,3,2,5,3,0,0,1,0,0,0,0,0,6.83344E+20,5.33538E+21,1.14649E+16,4.81452E+16
140239,140240,9,3,62,0,2016,6,16,5,3,6,7,0,0,0,1,1,0,0,0,7.25737E+20,5.43415E+21,1.20876E+16,4.90189E+16
140240,140241,9,7,73,144,2016,6,17,5,3,4,3,0,1,0,1,0,1,0,0,6.0522E+20,5.38051E+21,1.04263E+16,4.85688E+16
140241,140242,9,1,62,0,2016,6,16,3,3,5,2,0,0,1,1,0,0,0,0,6.87971E+20,5.33858E+21,1.15284E+16,4.81727E+16
140242,140243,9,1,62,0,2016,6,15,4,3,5,2,0,0,0,1,0,0,0,0,6.83084E+20,5.33755E+21,1.14623E+16,4.81648E+16
140243,140244,9,1,62,0,2016,6,9,4,3,5,3,0,0,1,1,0,0,0,0,6.89648E+20,5.33271E+21,1.15483E+16,4.81193E+16
140244,140245,9,5,64,0,2016,6,15,4,3,5,3,0,0,1,1,0,0,0,0,6.50869E+20,5.48105E+21,1.10821E+16,4.94633E+16
140245,140246,9,1,71,111,2016,6,19,4,3,0,7,0,0,1,0,0,0,0,0,7.72007E+20,5.34783E+21,1.26627E+16,4.82253E+16
140246,140247,9,5,73,125,2016,6,11,4,2,0,1,0,0,1,0,0,0,0,0,6.37598E+20,5.4735E+21,1.08965E+16,4.93986E+16
140247,140248,9,1,90,148,2016,6,13,5,3,0,6,0,0,0,1,0,0,0,0,6.42003E+20,5.29736E+21,1.08969E+16,4.78139E+16
140248,140249,9,1,62,0,2016,6,6,3,2,0,7,0,0,1,0,0,0,0,0,6.90861E+20,5.3392E+21,1.15675E+16,4.81774E+16
140249,140250,9,1,61,0,2016,7,11,6,3,5,3,0,0,0,1,0,0,0,0,6.78511E+20,5.40471E+21,1.14295E+16,4.87698E+16
140250,140251,9,1,62,0,2016,6,15,3,3,5,2,0,0,1,1,0,0,0,0,6.88285E+20,5.33636E+21,1.15316E+16,4.81526E+16
140251,140252,9,7,61,0,2016,6,16,3,3,3,6,0,0,0,1,0,1,0,0,6.43332E+20,5.36063E+21,1.09359E+16,4.83825E+16
140252,140253,9,1,86,128,2016,6,16,5,3,0,7,0,0,1,0,0,0,0,0,6.74717E+20,5.3852E+21,1.13697E+16,4.85955E+16
140253,140254,9,2,76,148,2016,7,13,6,3,5,3,0,0,0,1,0,1,0,0,8.09922E+20,5.4381E+21,1.32393E+16,4.90178E+16
140254,140255,9,7,76,116,2016,6,19,4,3,0,6,0,0,0,0,1,0,0,1,5.53302E+20,5.26785E+21,9.70857E+15,4.75619E+16
140255,140256,9,1,81,130,2016,6,17,4,3,4,2,0,0,0,1,0,0,0,0,6.37847E+20,5.32458E+21,1.08501E+16,4.80596E+16
140256,140257,9,4,61,0,2016,6,17,4,3,4,7,0,0,1,0,0,0,0,0,6.36296E+20,5.52933E+21,1.08979E+16,4.99008E+16
140257,140258,9,2,61,0,2016,6,21,4,2,2,6,1,0,0,1,0,1,0,0,7.34657E+20,5.38193E+21,1.21797E+16,4.85465E+16
140258,140259,9,7,61,0,2016,6,14,3,3,5,3,0,0,0,1,0,0,0,0,6.3884E+20,5.3558E+21,1.08736E+16,4.83401E+16
140259,140260,9,1,87,117,2016,6,7,5,3,5,6,0,1,1,1,0,0,0,0,7.24775E+20,5.30519E+21,1.20053E+16,4.78607E+16
140260,140261,9,7,75,129,2016,6,22,4,3,3,2,2,0,0,1,0,1,0,0,5.81636E+20,5.3417E+21,1.00991E+16,4.82233E+16
140261,140262,9,4,62,0,2016,6,11,4,2,5,3,0,1,1,1,0,0,0,0,6.85895E+20,5.53412E+21,1.15903E+16,4.99305E+16
140262,140263,9,2,61,0,2016,6,13,4,3,5,6,0,0,0,1,0,0,0,0,7.3486E+20,5.37965E+21,1.21811E+16,4.8526E+16
140263,140264,9,7,71,168,2016,6,12,5,3,5,3,0,1,0,1,0,1,0,0,6.48683E+20,5.34229E+21,1.10016E+16,4.82164E+16
140264,140265,9,1,62,0,2016,6,9,3,3,6,4,0,0,1,0,1,0,0,0,6.86134E+20,5.33225E+21,1.1501E+16,4.81163E+16
140265,140266,9,1,62,0,2016,6,11,5,3,2,6,0,1,0,1,0,0,0,0,6.97002E+20,5.33111E+21,1.16463E+16,4.81028E+16
140266,140267,9,7,61,0,2016,6,11,3,3,0,1,0,0,0,0,0,1,0,0,6.40648E+20,5.35755E+21,1.08986E+16,4.83555E+16
140267,140268,9,1,79,126,2016,6,10,5,2,5,3,0,1,1,1,0,0,0,0,6.76478E+20,5.34032E+21,1.13747E+16,4.81916E+16
140268,140269,9,1,80,114,2016,7,11,6,3,0,1,0,0,1,0,0,0,0,0,6.65083E+20,5.27651E+21,1.1197E+16,4.7621E+16
140269,140270,9,7,73,144,2016,6,5,4,3,5,3,0,0,0,1,0,0,0,0,6.05355E+20,5.38158E+21,1.04284E+16,4.85784E+16
140270,140271,9,2,72,151,2016,6,17,4,3,5,2,0,0,0,1,0,1,0,0,8.3936E+20,5.40695E+21,1.36148E+16,4.8723E+16
140271,140272,9,1,79,121,2016,6,11,4,3,5,3,0,0,1,1,0,0,0,1,6.65666E+20,5.33699E+21,1.1228E+16,4.81646E+16
140272,140273,9,3,62,0,2016,6,12,4,3,5,2,0,0,0,1,0,0,0,0,7.27936E+20,5.43538E+21,1.21184E+16,4.90291E+16
140273,140274,9,1,84,131,2016,6,17,5,3,6,4,0,0,0,1,1,0,0,0,7.05057E+20,5.33819E+21,1.17578E+16,4.81638E+16
140274,140275,9,5,63,0,2016,6,19,5,3,0,7,0,0,1,0,0,0,0,0,6.45062E+20,5.48094E+21,1.1002E+16,4.94637E+16
140275,140276,9,1,84,145,2016,6,16,3,3,5,2,0,0,1,1,0,0,0,1,6.97545E+20,5.3254E+21,1.16509E+16,4.80513E+16
140276,140277,9,1,62,0,2016,6,20,5,3,0,1,1,1,1,0,0,0,0,0,6.93406E+20,5.34189E+21,1.16029E+16,4.82008E+16
140277,140278,9,6,75,117,2016,6,19,5,3,5,3,0,0,1,1,0,0,0,0,5.83982E+20,5.51734E+21,1.01671E+16,4.98026E+16
140278,140279,9,1,84,127,2016,6,15,3,3,0,7,0,0,1,0,0,0,0,0,7.02163E+20,5.32201E+21,1.17112E+16,4.80194E+16
140279,140280,9,1,62,0,2016,6,0,5,3,0,7,2,0,1,0,0,0,0,0,6.92577E+20,5.33481E+21,1.15886E+16,4.81374E+16
140280,140281,9,1,75,123,2016,6,20,5,2,0,1,0,0,1,0,0,0,0,0,7.19421E+20,5.33848E+21,1.19508E+16,4.81617E+16
140281,140282,9,7,72,202,2016,6,9,4,3,5,2,0,0,1,1,0,0,0,0,6.363E+20,5.36001E+21,1.08407E+16,4.83785E+16
140282,140283,9,1,72,114,2016,7,14,6,3,6,4,0,0,0,1,1,0,0,0,7.90256E+20,5.29298E+21,1.28708E+16,4.77249E+16
140283,140284,9,4,71,145,2016,6,13,5,3,3,6,0,0,1,1,0,0,0,0,6.43674E+20,5.51965E+21,1.0997E+16,4.98121E+16
140284,140285,9,7,64,0,2016,6,18,5,2,0,7,0,0,1,0,0,0,0,0,5.86078E+20,5.31517E+21,1.01536E+16,4.7984E+16
140285,140286,9,4,75,162,2016,6,9,5,3,1,5,0,0,0,1,0,0,0,0,7.16279E+20,5.57084E+21,1.20338E+16,5.02501E+16
140286,140287,9,1,84,147,2016,6,19,3,3,2,6,0,0,1,0,0,0,0,0,6.97162E+20,5.3396E+21,1.16524E+16,4.8179E+16
140287,140288,9,1,62,0,2016,6,9,4,3,2,6,0,0,0,1,0,0,0,0,6.86219E+20,5.33367E+21,1.15027E+16,4.8129E+16
140288,140289,9,5,64,0,2016,6,22,4,2,0,1,2,0,1,0,0,0,0,0,6.49393E+20,5.47906E+21,1.1061E+16,4.94458E+16
140289,140290,9,1,62,0,2016,6,7,4,3,2,6,0,0,0,1,0,1,0,0,6.90829E+20,5.33898E+21,1.1567E+16,4.81754E+16
140290,140291,9,6,72,135,2016,6,15,4,2,1,7,0,0,1,1,0,0,0,0,5.85879E+20,5.56688E+21,1.02045E+16,5.02478E+16
140291,140292,9,1,63,0,2016,7,19,6,3,5,6,0,0,1,1,0,0,0,0,7.33269E+20,5.30623E+21,1.21193E+16,4.7867E+16
140292,140293,9,3,73,147,2016,6,21,5,3,8,7,2,1,0,1,0,0,0,0,6.80543E+20,5.45895E+21,1.14813E+16,4.92567E+16
140293,140294,9,1,62,0,2016,6,8,3,3,3,6,0,0,0,1,0,1,0,0,6.98951E+20,5.33374E+21,1.16737E+16,4.81258E+16
140294,140295,9,7,61,0,2016,6,16,3,3,0,7,0,0,1,0,0,0,0,0,6.41901E+20,5.35691E+21,1.09153E+16,4.83494E+16
140295,140296,9,1,87,156,2016,6,8,5,2,8,7,0,1,0,0,0,0,1,0,7.37219E+20,5.29094E+21,1.21636E+16,4.77282E+16
140296,140297,9,1,62,0,2016,6,18,4,3,5,2,0,0,1,1,0,0,0,0,6.87513E+20,5.34106E+21,1.15233E+16,4.8195E+16
140297,140298,9,1,62,0,2016,6,10,4,3,5,3,0,0,1,1,0,0,0,0,6.9101E+20,5.3359E+21,1.1568E+16,4.81476E+16
140298,140299,9,5,64,0,2016,6,7,4,3,1,7,0,0,0,1,0,0,1,0,6.49732E+20,5.4774E+21,1.10651E+16,4.94308E+16
140299,140300,9,1,76,167,2016,6,15,4,3,2,6,0,0,0,1,0,1,0,0,6.77303E+20,5.41077E+21,1.14157E+16,4.88246E+16
140300,140301,9,5,77,136,2016,6,17,4,2,5,3,0,0,1,1,0,0,0,0,6.29512E+20,5.43987E+21,1.07742E+16,4.90981E+16
140301,140302,9,2,73,137,2016,6,21,4,3,0,7,2,0,1,0,0,0,0,0,7.11936E+20,5.42177E+21,1.18927E+16,4.89126E+16
140302,140303,9,1,62,0,2016,6,15,3,2,5,2,0,0,0,0,0,1,0,1,6.9614E+20,5.3344E+21,1.16362E+16,4.81326E+16
140303,140304,9,1,78,145,2016,7,15,6,2,2,2,0,0,1,1,0,0,0,0,6.97259E+20,5.35782E+21,1.16622E+16,4.83427E+16
140304,140305,9,2,74,113,2016,6,17,5,3,0,7,0,0,1,1,0,0,0,0,7.27126E+20,5.38255E+21,1.20781E+16,4.85548E+16
140305,140306,9,1,86,137,2016,7,7,6,3,5,3,0,0,0,1,0,0,0,0,6.87608E+20,5.40037E+21,1.15512E+16,4.87281E+16
140306,140307,9,1,62,0,2016,6,13,3,3,0,7,0,0,0,0,1,1,0,0,6.94037E+20,5.33083E+21,1.16064E+16,4.81012E+16
140307,140308,9,7,61,0,2016,6,12,3,3,4,2,0,0,0,1,0,0,0,0,6.41017E+20,5.35143E+21,1.09015E+16,4.83003E+16
140308,140309,9,1,61,0,2016,6,8,5,3,8,1,0,0,0,1,0,0,0,0,6.78683E+20,5.40028E+21,1.14299E+16,4.87299E+16
140309,140310,9,7,78,116,2016,6,18,4,3,6,6,0,0,0,1,1,0,0,0,6.18861E+20,5.31795E+21,1.05935E+16,4.80038E+16
140310,140311,9,1,74,115,2016,6,11,4,3,2,6,0,0,0,1,0,0,0,0,6.81308E+20,5.34767E+21,1.14427E+16,4.82562E+16
140311,140312,9,4,62,0,2016,6,8,4,3,5,2,0,1,1,1,0,0,0,0,6.85556E+20,5.53641E+21,1.15867E+16,4.99512E+16
140312,140313,9,1,80,132,2016,6,13,4,2,2,6,0,0,1,0,0,0,0,0,6.63804E+20,5.28291E+21,1.11824E+16,4.76788E+16
140313,140314,9,1,62,0,2016,6,16,5,3,3,6,0,0,0,1,0,0,0,1,6.93997E+20,5.33098E+21,1.16059E+16,4.81026E+16
140314,140315,9,7,61,0,2016,6,19,5,3,2,6,0,1,0,1,0,0,0,0,6.40058E+20,5.35814E+21,1.08908E+16,4.83609E+16
140315,140316,9,1,62,0,2016,6,8,3,3,1,6,0,0,0,1,0,1,0,0,6.9058E+20,5.33283E+21,1.15609E+16,4.81202E+16
140316,140317,9,1,62,0,2016,6,16,5,3,5,3,0,0,1,1,0,0,0,0,6.95107E+20,5.33385E+21,1.16221E+16,4.8128E+16
140317,140318,9,1,74,115,2016,6,16,5,3,0,7,0,0,0,0,0,0,0,1,6.8378E+20,5.34836E+21,1.14763E+16,4.82618E+16
140318,140319,9,1,73,126,2016,7,18,6,3,0,3,0,0,1,1,0,0,0,0,6.8425E+20,5.3056E+21,1.14642E+16,4.78773E+16
140319,140320,9,6,63,0,2016,6,15,3,3,5,3,0,0,1,1,0,0,0,0,5.66854E+20,5.5168E+21,9.92899E+15,4.98E+16
140320,140321,9,1,76,114,2016,6,18,5,3,4,6,0,1,0,1,0,0,0,0,6.82985E+20,5.43201E+21,1.15026E+16,4.90138E+16
140321,140322,9,2,75,141,2016,7,16,6,3,7,1,0,0,1,0,0,0,0,0,8.18498E+20,5.37003E+21,1.33038E+16,4.84029E+16
140322,140323,9,7,77,129,2016,6,13,4,3,5,3,0,0,1,1,0,0,0,0,6.27331E+20,5.26966E+21,1.06929E+16,4.75679E+16
140323,140324,9,1,78,145,2016,6,7,4,3,2,1,0,0,0,1,0,0,0,0,6.97797E+20,5.35357E+21,1.16674E+16,4.83043E+16
140324,140325,9,3,75,165,2016,6,18,4,3,0,1,0,0,1,0,0,0,0,0,7.25463E+20,5.43725E+21,1.20856E+16,4.90468E+16
140325,140326,9,1,62,0,2016,6,11,5,3,0,2,0,1,0,0,0,1,0,0,6.90093E+20,5.33592E+21,1.15557E+16,4.81481E+16
140326,140327,9,6,62,0,2016,6,18,5,2,0,7,0,0,1,0,0,0,0,0,5.87381E+20,5.54449E+21,1.02205E+16,5.00463E+16
140327,140328,9,1,62,0,2016,6,9,3,3,5,3,0,0,1,1,0,0,0,0,6.90332E+20,5.33297E+21,1.15576E+16,4.81215E+16
140328,140329,9,1,62,0,2016,6,21,5,3,0,2,0,1,1,1,0,0,0,0,6.89518E+20,5.33606E+21,1.15481E+16,4.81496E+16
140329,140330,9,1,62,0,2016,6,17,4,2,5,3,0,0,1,1,0,0,0,0,6.82767E+20,5.33982E+21,1.1459E+16,4.81853E+16
140330,140331,9,7,61,0,2016,6,7,4,3,6,4,0,0,0,0,0,0,0,1,6.41059E+20,5.35915E+21,1.09047E+16,4.83698E+16
140331,140332,9,1,63,0,2016,7,6,6,3,3,2,0,0,1,1,0,0,0,0,7.30988E+20,5.30405E+21,1.20876E+16,4.78483E+16
140332,140333,9,3,62,0,2016,6,16,5,3,6,4,0,0,1,0,1,0,0,0,7.29365E+20,5.43357E+21,1.21369E+16,4.90123E+16
140333,140334,9,7,73,144,2016,6,15,5,3,1,5,0,0,1,1,0,0,0,0,6.04901E+20,5.38032E+21,1.04219E+16,4.85672E+16
140334,140335,9,3,71,151,2016,6,15,4,3,6,7,0,0,0,1,1,0,0,0,6.98492E+20,5.48713E+21,1.17417E+16,4.95042E+16
140335,140336,9,4,63,0,2016,6,10,5,2,1,5,0,0,0,1,0,0,0,0,6.38709E+20,5.56925E+21,1.0946E+16,5.02591E+16
140336,140337,9,1,62,0,2016,6,9,5,3,5,3,0,1,0,1,0,0,0,0,6.92417E+20,5.33438E+21,1.15862E+16,4.81336E+16
140337,140338,9,5,64,0,2016,6,20,5,3,0,1,0,0,1,0,0,0,0,0,6.48741E+20,5.48026E+21,1.10525E+16,4.94568E+16
140338,140339,9,1,62,0,2016,6,18,3,3,1,5,0,0,1,1,0,0,0,0,6.90746E+20,5.33497E+21,1.15641E+16,4.81393E+16
140339,140340,9,1,62,0,2016,6,15,4,3,5,3,0,0,0,1,0,1,0,0,6.90354E+20,5.33731E+21,1.15599E+16,4.81605E+16
140340,140341,9,5,76,113,2016,6,17,4,2,5,3,0,0,0,1,0,1,0,0,6.63152E+20,5.45799E+21,1.12421E+16,4.92529E+16
140341,140342,9,2,71,146,2016,6,12,5,3,5,3,0,1,1,1,0,0,0,0,7.83666E+20,5.41068E+21,1.2862E+16,4.87844E+16
140342,140343,9,1,62,0,2016,6,7,3,3,0,2,0,0,0,1,0,1,0,0,6.92437E+20,5.33815E+21,1.15882E+16,4.81674E+16
140343,140344,9,6,63,0,2016,6,15,3,3,5,3,0,0,1,1,0,0,0,0,5.65015E+20,5.51668E+21,9.90343E+15,4.97991E+16
140344,140345,9,1,82,132,2016,6,13,5,2,9,7,0,0,0,1,0,0,0,0,7.06875E+20,5.28806E+21,1.17581E+16,4.77128E+16
140345,140346,9,1,62,0,2016,6,8,4,3,5,3,0,0,0,1,0,0,0,0,6.91774E+20,5.33218E+21,1.15766E+16,4.8114E+16
140346,140347,9,7,64,0,2016,6,9,4,2,6,4,0,0,0,1,1,0,0,0,5.87932E+20,5.31501E+21,1.01784E+16,4.79823E+16
140347,140348,9,1,62,0,2016,6,13,3,3,3,5,0,0,1,1,0,0,0,1,6.90363E+20,5.33614E+21,1.15595E+16,4.815E+16
140348,140349,9,1,62,0,2016,6,13,4,3,5,2,0,0,0,1,0,0,0,0,6.83374E+20,5.33548E+21,1.14653E+16,4.81461E+16
140349,140350,9,1,62,0,2016,6,13,4,3,0,7,0,0,1,0,0,0,0,0,6.96494E+20,5.33731E+21,1.16423E+16,4.81586E+16
140350,140351,9,5,64,0,2016,6,14,4,3,5,3,0,0,1,1,0,0,0,0,6.53007E+20,5.47992E+21,1.11112E+16,4.94527E+16
140351,140352,9,1,71,125,2016,6,17,4,3,0,7,0,0,1,0,0,0,0,0,7.73475E+20,5.3498E+21,1.26837E+16,4.82423E+16
140352,140353,9,2,61,0,2016,6,7,5,3,0,1,0,1,0,1,0,0,0,0,7.3133E+20,5.38331E+21,1.21354E+16,4.85602E+16
140353,140354,9,1,62,0,2016,6,16,3,3,0,7,0,0,1,0,0,0,0,0,6.91224E+20,5.33404E+21,1.15701E+16,4.81309E+16
140354,140355,9,1,85,149,2016,7,13,6,2,4,6,0,0,1,0,0,0,0,0,6.61776E+20,5.40059E+21,1.12003E+16,4.87373E+16
140355,140356,9,1,62,0,2016,6,9,3,2,0,7,0,0,1,0,0,0,0,0,6.92152E+20,5.3344E+21,1.15827E+16,4.81339E+16
140356,140357,9,6,73,156,2016,6,17,3,2,1,5,0,0,1,1,0,0,0,0,5.9107E+20,5.57514E+21,1.02793E+16,5.03213E+16
140357,140358,9,1,61,0,2016,6,11,5,3,5,3,0,0,0,1,0,0,0,0,6.75428E+20,5.40504E+21,1.13877E+16,4.87736E+16
140358,140359,9,7,80,139,2016,6,8,4,3,8,1,0,0,0,0,0,1,0,0,5.95434E+20,5.26376E+21,1.02676E+16,4.75203E+16
140359,140360,9,1,78,124,2016,6,7,4,3,3,2,0,0,1,1,0,0,0,0,7.02795E+20,5.36533E+21,1.17404E+16,4.84084E+16
140360,140361,9,4,61,0,2016,6,17,4,3,0,7,0,0,1,0,0,0,0,0,6.35373E+20,5.52829E+21,1.08847E+16,4.98916E+16
140361,140362,9,1,73,142,2016,6,16,4,3,0,1,0,0,1,0,0,0,0,0,6.73988E+20,5.2811E+21,1.13173E+16,4.76598E+16
140362,140363,9,1,62,0,2016,6,21,5,3,5,2,1,1,0,0,1,0,0,1,6.90748E+20,5.33736E+21,1.15652E+16,4.81609E+16