FID,OBJECTID,ULAND,UREGBEZ,UKREIS,UGEMEINDE,UJAHR,UMONAT,USTUNDE,UWOCHENTAG,UKATEGORIE,UART,UTYP1,ULICHTVERH,IstStrasse,IstRad,IstPKW,IstFuss,IstKrad,IstGkfz,IstSonstig,LINREFX,LINREFY,XGCSWGS84,YGCSWGS84
140363,140364,9,6,63,0,2016,6,16,5,3,5,2,0,0,1,1,0,0,0,0,5.67339E+20,5.51513E+21,9.93545E+15,4.97848E+16
140364,140365,9,4,79,136,2016,6,18,4,3,5,2,0,0,0,1,0,0,0,0,7.21747E+20,5.54472E+21,1.20952E+16,5.00135E+16
140365,140366,9,1,71,112,2016,6,14,4,3,0,3,0,0,1,1,0,0,0,0,7.84888E+20,5.34229E+21,1.2832E+16,4.81699E+16
140366,140367,9,7,61,0,2016,6,18,5,3,5,3,0,0,0,1,0,0,0,0,6.38458E+20,5.36037E+21,1.087E+16,4.83813E+16
140367,140368,9,7,75,152,2016,6,11,3,3,5,3,0,0,0,1,0,0,0,1,5.76619E+20,5.35365E+21,1.00338E+16,4.83314E+16
140368,140369,9,1,62,0,2016,6,14,5,3,1,1,0,0,1,1,0,0,0,0,6.91438E+20,5.3383E+21,1.15749E+16,4.81691E+16
140369,140370,9,6,62,0,2016,6,8,3,3,5,3,0,0,1,1,0,0,0,0,5.86987E+20,5.54084E+21,1.02141E+16,5.00135E+16
140370,140371,9,1,88,145,2016,6,17,5,3,4,1,0,0,1,1,0,0,0,0,6.64807E+20,5.32625E+21,1.12123E+16,4.80682E+16
140371,140372,9,1,90,160,2016,7,11,6,2,4,6,0,0,0,1,0,1,0,0,6.48404E+20,5.28107E+21,1.09768E+16,4.7666E+16
140372,140373,9,7,73,125,2016,6,21,4,3,0,7,2,0,1,0,0,0,0,0,6.08915E+20,5.38106E+21,1.04765E+16,4.85732E+16
140373,140374,9,1,77,130,2016,6,7,4,3,5,3,0,0,1,1,0,0,0,0,7.11232E+20,5.35086E+21,1.1847E+16,4.82756E+16
140374,140375,9,3,62,0,2016,6,13,4,3,3,2,0,0,1,1,0,0,0,0,7.25638E+20,5.43257E+21,1.20854E+16,4.90047E+16
140375,140376,9,1,62,0,2016,6,12,5,3,6,4,0,0,0,1,1,0,0,0,6.87873E+20,5.33E+21,1.15233E+16,4.80956E+16
140376,140377,9,5,65,0,2016,6,15,5,3,3,6,0,0,1,0,0,0,0,0,6.46986E+20,5.46509E+21,1.10227E+16,4.93209E+16
140377,140378,9,7,75,135,2016,6,18,3,3,0,3,0,0,1,1,0,0,0,0,5.76593E+20,5.35915E+21,1.00344E+16,4.83808E+16
140378,140379,9,1,84,120,2016,6,13,4,3,0,7,0,0,0,0,0,0,0,1,6.80338E+20,5.33294E+21,1.14234E+16,4.81241E+16
140379,140380,9,6,63,0,2016,6,8,4,3,5,3,0,1,0,1,0,0,1,0,5.68664E+20,5.51444E+21,9.95373E+15,4.97785E+16
140380,140381,9,7,75,135,2016,6,14,3,3,5,3,0,0,1,1,0,0,0,0,5.74231E+20,5.3599E+21,1.00027E+16,4.83879E+16
140381,140382,9,1,62,0,2016,6,9,5,3,1,5,0,1,0,1,0,0,0,0,6.98571E+20,5.33348E+21,1.16685E+16,4.81236E+16
140382,140383,9,7,72,163,2016,6,10,4,2,0,1,0,0,1,0,0,0,0,0,6.3978E+20,5.34681E+21,1.08833E+16,4.8259E+16
140383,140384,9,6,76,125,2016,6,21,3,2,0,1,1,0,0,0,0,1,0,0,5.16309E+20,5.50781E+21,9.22626E+15,4.97226E+16
140384,140385,9,1,83,148,2016,7,14,6,3,0,1,0,0,1,0,0,0,0,0,7.52185E+20,5.34559E+21,1.23949E+16,4.82134E+16
140385,140386,9,4,74,126,2016,6,17,5,3,5,3,0,0,1,0,0,1,0,0,6.47767E+20,5.50967E+21,1.10501E+16,4.97214E+16
140386,140387,9,7,64,0,2016,6,8,5,3,5,3,0,1,1,1,0,0,0,0,5.86853E+20,5.31502E+21,1.01639E+16,4.79826E+16
140387,140388,9,5,71,224,2016,6,18,5,3,4,6,0,0,1,1,0,0,0,0,6.02344E+20,5.4309E+21,1.03999E+16,4.90225E+16
140388,140389,9,7,64,0,2016,6,16,3,3,5,3,0,0,1,1,0,0,0,0,5.87149E+20,5.31697E+21,1.01683E+16,4.80001E+16
140389,140390,9,1,62,0,2016,6,17,4,2,6,4,0,0,0,1,1,0,0,0,6.87974E+20,5.33873E+21,1.15285E+16,4.81739E+16
140390,140391,9,5,64,0,2016,6,16,4,3,5,3,0,0,1,1,0,0,0,0,6.45893E+20,5.47941E+21,1.10129E+16,4.94499E+16
140391,140392,9,2,74,118,2016,6,6,5,3,5,3,0,1,0,1,0,0,0,0,7.37018E+20,5.36785E+21,1.22036E+16,4.84191E+16
140392,140393,9,1,63,0,2016,7,7,6,3,0,1,0,0,1,0,0,0,0,0,7.32947E+20,5.30306E+21,1.21133E+16,4.78386E+16
140393,140394,9,3,62,0,2016,6,14,5,3,0,6,0,0,0,1,0,0,0,1,7.26927E+20,5.43377E+21,1.21037E+16,4.90151E+16
140394,140395,9,7,73,125,2016,6,16,5,3,0,4,0,0,1,0,1,0,0,0,6.10292E+20,5.38192E+21,1.04954E+16,4.85806E+16
140395,140396,9,7,64,0,2016,6,16,3,2,3,6,0,0,1,0,0,0,0,0,5.88673E+20,5.31484E+21,1.01883E+16,4.79807E+16
140396,140397,9,1,72,114,2016,6,17,5,3,0,1,0,0,1,0,0,0,0,0,7.91249E+20,5.29341E+21,1.28843E+16,4.77283E+16
140397,140398,9,1,62,0,2016,6,15,4,3,5,3,0,0,0,1,0,0,0,0,6.90519E+20,5.33974E+21,1.15632E+16,4.81823E+16
140398,140399,9,1,62,0,2016,6,21,4,3,0,7,2,0,1,0,0,0,0,0,6.896E+20,5.33167E+21,1.15472E+16,4.81101E+16
140399,140400,9,5,64,0,2016,6,22,4,3,5,3,2,0,0,1,0,1,0,0,6.49165E+20,5.47738E+21,1.10572E+16,4.94308E+16
140400,140401,9,1,61,0,2016,6,14,4,3,1,5,0,0,1,1,0,0,0,0,6.783E+20,5.40378E+21,1.14262E+16,4.87614E+16
140401,140402,9,5,73,127,2016,6,15,4,3,5,3,0,0,1,1,0,0,0,0,6.42263E+20,5.47234E+21,1.09603E+16,4.93871E+16
140402,140403,9,7,74,116,2016,6,7,3,3,5,3,0,0,0,1,0,0,0,1,6.06445E+20,5.34798E+21,1.04347E+16,4.82761E+16
140403,140404,9,1,88,121,2016,7,17,6,3,1,6,0,0,0,1,0,1,0,0,6.70672E+20,5.33002E+21,1.12925E+16,4.81005E+16
140404,140405,9,7,74,135,2016,6,21,3,3,0,1,0,0,1,0,0,0,0,0,5.94233E+20,5.3676E+21,1.02745E+16,4.84545E+16
140405,140406,9,6,71,136,2016,6,15,3,3,3,7,0,0,0,1,1,0,0,0,5.02702E+20,5.54139E+21,9.03772E+15,5.00248E+16
140406,140407,9,1,87,117,2016,7,17,6,3,5,3,0,0,1,1,0,0,0,0,7.24369E+20,5.30614E+21,1.20004E+16,4.78694E+16
140407,140408,9,7,80,143,2016,6,6,3,3,3,6,0,0,1,1,0,0,0,0,5.92736E+20,5.27593E+21,1.02344E+16,4.76302E+16
140408,140409,9,6,61,0,2016,6,11,3,3,0,1,0,1,0,1,0,0,0,1,5.12389E+20,5.53575E+21,9.17277E+15,4.9974E+16
140409,140410,9,1,87,150,2016,6,13,5,3,6,7,0,0,0,1,1,0,0,0,7.29091E+20,5.30411E+21,1.20623E+16,4.78494E+16
140410,140411,9,7,74,135,2016,6,15,4,2,5,7,0,0,1,1,0,0,0,0,5.94841E+20,5.36782E+21,1.02828E+16,4.84564E+16
140411,140412,9,4,62,0,2016,6,11,4,3,5,3,0,1,1,1,0,0,0,0,6.86442E+20,5.53376E+21,1.15977E+16,4.99271E+16
140412,140413,9,1,71,113,2016,6,19,4,3,5,3,0,0,1,0,0,0,0,0,7.77188E+20,5.34169E+21,1.27283E+16,4.81679E+16
140413,140414,9,7,61,0,2016,6,14,5,2,5,3,0,0,1,1,0,0,0,0,6.41947E+20,5.36063E+21,1.09172E+16,4.83828E+16
140414,140415,9,7,80,121,2016,6,11,3,2,7,7,0,0,1,0,0,0,0,1,5.96182E+20,5.25724E+21,1.02762E+16,4.74615E+16
140415,140416,9,1,62,0,2016,6,16,5,3,2,6,0,0,0,1,0,0,0,0,6.86398E+20,5.33335E+21,1.1505E+16,4.81261E+16
140416,140417,9,5,74,155,2016,6,11,3,3,0,7,0,0,0,0,0,1,0,0,6.71865E+20,5.49545E+21,1.13779E+16,4.95872E+16
140417,140418,9,1,74,111,2016,6,21,5,2,8,1,1,1,0,0,0,1,0,0,6.67659E+20,5.36033E+21,1.1264E+16,4.83739E+16
140418,140419,9,1,80,127,2016,7,7,6,2,4,6,0,0,1,1,0,0,0,0,6.67894E+20,5.27792E+21,1.1235E+16,4.76329E+16
140419,140420,9,7,72,147,2016,6,11,4,3,5,3,0,0,1,1,0,0,0,0,6.38129E+20,5.36432E+21,1.08668E+16,4.84169E+16
140420,140421,9,1,62,0,2016,6,16,3,2,3,6,0,0,1,0,0,0,0,0,6.93032E+20,5.3363E+21,1.15954E+16,4.81507E+16
140421,140422,9,3,62,0,2016,6,7,4,3,2,6,0,0,0,1,0,0,0,0,7.28299E+20,5.43611E+21,1.21237E+16,4.90356E+16
140422,140423,9,4,78,165,2016,6,14,5,3,0,1,0,0,1,0,0,0,0,0,6.42724E+20,5.55263E+21,1.09961E+16,5.01088E+16
140423,140424,9,1,62,0,2016,6,7,5,2,5,3,0,1,1,1,0,0,0,0,6.98575E+20,5.33529E+21,1.16694E+16,4.81399E+16
140424,140425,9,1,86,147,2016,6,7,5,3,6,4,0,1,0,1,1,0,0,0,6.81487E+20,5.3928E+21,1.14647E+16,4.86619E+16
140425,140426,9,2,75,141,2016,7,12,6,3,5,3,0,0,1,1,0,0,0,0,8.19062E+20,5.36911E+21,1.33107E+16,4.83943E+16
140426,140427,9,7,62,0,2016,6,8,4,3,0,1,0,0,1,0,0,0,0,0,6.22137E+20,5.30472E+21,1.06337E+16,4.78842E+16
140427,140428,9,1,62,0,2016,6,8,3,3,0,2,0,0,1,1,0,0,0,0,6.84115E+20,5.33754E+21,1.14761E+16,4.81644E+16
140428,140429,9,3,74,139,2016,6,14,4,2,0,1,0,0,1,0,0,0,0,0,7.28696E+20,5.51356E+21,1.21737E+16,4.9731E+16
140429,140430,9,1,62,0,2016,6,7,5,3,5,2,0,0,1,1,0,0,0,0,6.83607E+20,5.33545E+21,1.14684E+16,4.81458E+16
140430,140431,9,6,72,127,2016,6,16,5,3,5,3,0,0,1,1,0,0,0,0,5.6392E+20,5.55186E+21,9.89406E+15,5.01156E+16
140431,140432,9,7,73,125,2016,6,12,3,3,4,2,0,0,0,1,0,0,0,0,6.10569E+20,5.38138E+21,1.0499E+16,4.85758E+16
140432,140433,9,1,62,0,2016,6,13,5,3,5,7,0,0,0,1,0,0,0,0,6.85067E+20,5.33925E+21,1.14897E+16,4.81795E+16
140433,140434,9,1,62,0,2016,6,7,4,3,5,3,0,0,0,1,0,0,0,0,6.89832E+20,5.32823E+21,1.15488E+16,4.80791E+16
140434,140435,9,7,61,0,2016,6,9,4,2,6,1,0,0,1,0,1,0,0,0,6.4105E+20,5.3579E+21,1.09041E+16,4.83585E+16
140435,140436,9,1,87,182,2016,7,12,6,2,0,7,0,0,0,0,0,1,0,0,7.37419E+20,5.32407E+21,1.21845E+16,4.80258E+16
140436,140437,9,3,77,141,2016,6,20,5,2,0,1,0,0,1,0,0,0,0,0,7.31705E+20,5.53751E+21,1.22297E+16,4.9945E+16
140437,140438,9,7,80,143,2016,6,17,5,2,8,1,0,0,0,1,0,0,0,0,5.98607E+20,5.2824E+21,1.0314E+16,4.76874E+16
140438,140439,9,4,73,159,2016,6,17,5,2,0,1,0,0,1,0,0,0,0,0,6.45437E+20,5.57381E+21,1.10421E+16,5.02984E+16
140439,140440,9,7,73,144,2016,6,14,3,3,0,5,0,0,1,1,0,0,0,0,6.05461E+20,5.38063E+21,1.04296E+16,4.85699E+16
140440,140441,9,5,64,0,2016,6,0,5,2,1,5,2,0,0,1,0,1,0,0,6.50313E+20,5.48106E+21,1.10745E+16,4.94636E+16
140441,140442,9,7,73,144,2016,6,16,3,3,2,6,0,0,0,1,0,0,0,0,6.06276E+20,5.38103E+21,1.04408E+16,4.85733E+16
140442,140443,9,1,62,0,2016,6,19,4,3,0,7,0,0,1,0,0,0,0,0,6.91E+20,5.33525E+21,1.15676E+16,4.81418E+16
140443,140444,9,6,72,114,2016,6,13,4,2,8,1,0,0,0,0,0,1,0,0,5.75823E+20,5.56444E+21,1.0063E+16,5.02273E+16
140444,140445,9,3,76,161,2016,6,14,5,3,2,6,0,0,0,1,0,0,0,0,7.25857E+20,5.46838E+21,1.21085E+16,4.93263E+16
140445,140446,9,5,74,132,2016,6,12,3,3,8,1,0,0,0,0,0,1,0,0,6.76517E+20,5.48619E+21,1.14381E+16,4.95026E+16
140446,140447,9,1,82,129,2016,6,8,5,3,0,1,0,0,1,0,0,0,0,0,7.07391E+20,5.28584E+21,1.17639E+16,4.76927E+16
140447,140448,9,1,62,0,2016,6,10,4,3,2,2,0,0,0,1,0,0,0,0,6.89653E+20,5.34013E+21,1.15517E+16,4.81861E+16
140448,140449,9,1,62,0,2016,6,16,4,3,1,5,0,0,1,1,0,0,0,0,6.92224E+20,5.33491E+21,1.15839E+16,4.81384E+16
140449,140450,9,5,64,0,2016,6,16,4,3,0,1,0,0,1,0,0,0,0,0,6.49267E+20,5.47881E+21,1.10592E+16,4.94436E+16
140450,140451,9,5,71,166,2016,6,13,4,3,5,2,0,0,1,1,0,0,0,0,6.09691E+20,5.45463E+21,1.05068E+16,4.92346E+16
140451,140452,9,1,62,0,2016,7,12,7,3,5,3,0,0,1,1,0,0,0,0,6.86366E+20,5.33925E+21,1.15071E+16,4.81792E+16
140452,140453,9,6,62,0,2016,7,22,1,3,1,7,2,0,1,1,0,0,0,0,5.87611E+20,5.54387E+21,1.02235E+16,5.00407E+16
140453,140454,9,7,80,125,2016,7,14,6,3,0,7,0,0,1,0,0,0,0,0,5.98698E+20,5.29253E+21,1.03175E+16,4.77786E+16
140454,140455,9,5,64,0,2016,7,14,2,3,0,7,0,0,0,0,0,0,0,1,6.53779E+20,5.47839E+21,1.11212E+16,4.94387E+16
140455,140456,9,7,80,143,2016,7,16,6,3,0,7,0,0,0,0,0,1,0,0,5.97253E+20,5.27812E+21,1.0295E+16,4.76492E+16
140456,140457,9,5,61,0,2016,7,9,6,3,5,3,0,0,1,1,0,0,0,0,6.13757E+20,5.46138E+21,1.05646E+16,4.92946E+16
140457,140458,9,4,71,140,2016,7,14,1,3,5,3,0,0,0,1,0,0,0,0,6.34917E+20,5.53196E+21,1.08797E+16,4.99248E+16
140458,140459,9,1,81,130,2016,7,9,7,2,0,1,0,0,1,0,0,0,0,0,6.39096E+20,5.32367E+21,1.08665E+16,4.80512E+16
140459,140460,9,6,75,161,2016,7,14,7,3,5,3,0,0,0,1,0,0,0,0,5.89766E+20,5.50921E+21,1.02456E+16,4.97287E+16
140460,140461,9,3,76,161,2016,7,19,7,2,9,1,0,0,0,1,0,0,0,0,7.2444E+20,5.46364E+21,1.20864E+16,4.92842E+16
140461,140462,9,1,62,0,2016,7,19,6,3,1,3,0,0,1,1,0,0,0,0,6.89624E+20,5.34013E+21,1.15513E+16,4.81861E+16
140462,140463,9,5,64,0,2016,7,16,7,2,4,6,0,1,0,0,0,1,0,1,6.52769E+20,5.48563E+21,1.11101E+16,4.9504E+16
140463,140464,9,2,71,119,2016,7,6,2,3,4,2,0,0,1,1,0,0,0,0,7.90752E+20,5.41826E+21,1.29636E+16,4.88491E+16
140464,140465,9,1,88,121,2016,7,20,2,3,4,2,1,0,1,1,0,0,0,0,6.71168E+20,5.33083E+21,1.12995E+16,4.81077E+16
140465,140466,9,7,76,114,2016,7,13,6,2,0,3,0,0,0,0,0,1,0,0,5.6777E+20,5.27548E+21,9.90205E+15,4.76292E+16
140466,140467,9,3,75,174,2016,7,7,2,3,5,3,0,0,1,0,0,0,0,1,7.33742E+20,5.43106E+21,1.21952E+16,4.89881E+16
140467,140468,9,7,79,194,2016,7,17,6,3,0,6,0,0,0,1,0,1,0,0,6.13186E+20,5.41398E+21,1.05434E+16,4.88685E+16
140468,140469,9,5,71,136,2016,7,19,2,3,5,3,0,0,0,0,0,0,0,1,5.95764E+20,5.43304E+21,1.03104E+16,4.90428E+16
140469,140470,9,4,79,136,2016,7,21,6,2,0,1,0,0,1,0,0,0,0,0,7.20435E+20,5.543E+21,1.2076E+16,4.99985E+16
140470,140471,9,2,61,0,2016,7,11,1,3,6,4,0,0,0,0,1,1,0,0,7.31742E+20,5.38174E+21,1.21401E+16,4.85459E+16
140471,140472,9,1,79,145,2016,7,19,7,2,2,6,1,1,0,1,0,1,0,0,6.73453E+20,5.33754E+21,1.13329E+16,4.81674E+16
140472,140473,9,7,75,126,2016,7,13,2,3,5,3,0,0,0,1,0,0,0,1,5.82062E+20,5.35931E+21,1.01083E+16,4.83816E+16
140473,140474,9,5,64,0,2016,7,13,7,3,5,2,0,0,0,1,0,1,0,0,6.48054E+20,5.47781E+21,1.10421E+16,4.9435E+16
140474,140475,9,2,75,116,2016,7,11,7,2,5,3,0,0,1,1,0,0,0,0,8.19302E+20,5.36427E+21,1.33102E+16,4.83507E+16
140475,140476,9,1,62,0,2016,7,11,6,3,6,7,0,0,0,1,1,0,0,0,6.90374E+20,5.33878E+21,1.15608E+16,4.81737E+16
140476,140477,9,2,75,145,2016,7,19,2,2,4,6,0,0,0,0,0,1,0,0,8.24946E+20,5.37657E+21,1.33957E+16,4.84582E+16
140477,140478,9,1,84,130,2016,7,17,1,3,5,3,0,0,0,1,0,0,0,0,6.98222E+20,5.344E+21,1.16687E+16,4.82182E+16
140478,140479,9,7,79,194,2016,7,13,6,3,1,7,0,0,0,1,0,0,0,0,6.09433E+20,5.41193E+21,1.04917E+16,4.88507E+16
140479,140480,9,2,63,0,2016,7,18,2,3,5,3,0,0,1,0,0,0,0,0,7.62335E+20,5.41971E+21,1.2578E+16,4.88748E+16
140480,140481,9,1,79,142,2016,7,7,1,3,9,1,0,0,0,1,0,0,0,0,6.73239E+20,5.34398E+21,1.13326E+16,4.82254E+16
140481,140482,9,1,74,126,2016,7,16,7,3,5,7,0,0,1,1,0,0,0,0,6.83581E+20,5.34472E+21,1.14721E+16,4.82291E+16
140482,140483,9,7,61,0,2016,7,19,2,3,1,5,0,0,1,1,0,0,0,0,6.37497E+20,5.36018E+21,1.08569E+16,4.83798E+16
140483,140484,9,1,71,132,2016,7,17,1,3,0,7,0,0,1,0,0,0,0,0,7.64427E+20,5.35011E+21,1.25622E+16,4.8249E+16
140484,140485,9,1,78,124,2016,7,13,7,2,4,1,0,0,0,1,0,0,0,1,7.03835E+20,5.36428E+21,1.17539E+16,4.83987E+16
140485,140486,9,7,80,139,2016,7,11,2,3,2,6,0,0,0,1,0,0,0,0,5.96413E+20,5.26284E+21,1.02804E+16,4.75118E+16
140486,140487,9,5,64,0,2016,7,9,7,3,0,1,0,1,1,0,0,0,0,0,6.54056E+20,5.48114E+21,1.11261E+16,4.94634E+16
140487,140488,9,1,84,134,2016,7,15,1,3,0,7,0,0,1,0,0,0,0,0,6.92406E+20,5.32175E+21,1.15804E+16,4.80201E+16
140488,140489,9,1,73,147,2016,7,17,2,3,2,6,0,0,0,1,0,0,1,0,6.81668E+20,5.30897E+21,1.14311E+16,4.79083E+16
140489,140490,9,1,62,0,2016,7,19,1,3,0,2,0,0,1,1,0,0,0,0,6.89474E+20,5.33309E+21,1.15462E+16,4.81229E+16
140490,140491,9,7,71,142,2016,7,15,6,3,5,2,0,0,0,1,0,1,0,0,6.45333E+20,5.35113E+21,1.09596E+16,4.82966E+16
140491,140492,9,1,62,0,2016,7,19,7,3,5,3,0,0,0,1,0,0,0,0,6.89879E+20,5.34406E+21,1.15565E+16,4.82213E+16
140492,140493,9,6,74,133,2016,7,18,2,2,5,3,0,0,0,1,0,0,0,0,6.19358E+20,5.53699E+21,1.06646E+16,4.99733E+16
140493,140494,9,7,61,0,2016,7,22,1,3,1,1,2,0,1,1,0,0,0,0,6.37264E+20,5.36171E+21,1.08543E+16,4.83936E+16
140494,140495,9,7,72,163,2016,7,15,6,3,3,6,0,0,0,1,0,0,0,0,6.40538E+20,5.34965E+21,1.08945E+16,4.82845E+16
140495,140496,9,7,78,221,2016,7,16,1,3,9,1,0,0,0,1,0,0,0,0,5.94465E+20,5.34068E+21,1.02716E+16,4.82124E+16
140496,140497,9,1,61,0,2016,7,21,2,2,2,6,2,0,1,0,0,0,0,0,6.76076E+20,5.40382E+21,1.1396E+16,4.87625E+16
140497,140498,9,7,72,125,2016,7,15,6,3,5,3,0,0,1,1,0,0,0,0,6.35788E+20,5.34904E+21,1.08303E+16,4.828E+16
140498,140499,9,1,62,0,2016,7,14,7,3,3,6,0,1,0,1,0,1,0,0,6.87751E+20,5.34363E+21,1.15277E+16,4.82181E+16
140499,140500,9,1,62,0,2016,7,12,7,3,3,7,0,0,0,1,0,0,0,0,6.92798E+20,5.3353E+21,1.15918E+16,4.81417E+16
140500,140501,9,2,73,116,2016,7,13,7,2,0,7,0,1,1,0,0,0,0,0,7.22527E+20,5.4253E+21,1.20389E+16,4.89405E+16
140501,140502,9,1,62,0,2016,7,17,6,3,0,7,0,0,1,0,0,0,0,0,6.88304E+20,5.3374E+21,1.15324E+16,4.81619E+16
140502,140503,9,6,76,122,2016,7,14,1,2,0,7,0,0,1,0,0,0,0,0,5.11478E+20,5.51695E+21,9.15952E+15,4.98049E+16
140503,140504,9,7,61,0,2016,7,7,6,3,5,2,0,0,1,1,0,0,0,0,6.41858E+20,5.36117E+21,1.09161E+16,4.83877E+16
140504,140505,9,5,64,0,2016,7,13,2,3,5,3,0,0,1,1,0,0,0,0,6.52329E+20,5.48341E+21,1.11032E+16,4.94842E+16
140505,140506,9,7,61,0,2016,7,15,6,3,2,6,0,0,0,1,0,0,0,0,6.3914E+20,5.35689E+21,1.0878E+16,4.83498E+16
140506,140507,9,4,64,0,2016,7,16,6,3,1,2,0,0,0,1,0,0,0,1,7.06151E+20,5.57852E+21,1.18962E+16,5.03227E+16
140507,140508,9,3,75,119,2016,7,12,1,3,8,1,0,0,0,1,0,0,0,0,7.40636E+20,5.45024E+21,1.23007E+16,4.91577E+16
140508,140509,9,1,77,115,2016,7,13,7,3,5,3,0,0,0,1,0,1,0,0,7.34151E+20,5.35079E+21,1.21554E+16,4.8267E+16
140509,140510,9,6,61,0,2016,7,17,7,3,2,6,0,0,1,1,0,0,0,0,5.12599E+20,5.53517E+21,9.17568E+15,4.99687E+16
140510,140511,9,1,73,147,2016,7,0,7,3,6,6,2,0,1,0,1,0,0,0,6.81873E+20,5.31015E+21,1.14344E+16,4.79188E+16
140511,140512,9,1,84,148,2016,7,13,6,3,5,3,0,0,1,1,0,0,0,0,6.94128E+20,5.32585E+21,1.16053E+16,4.80563E+16
140512,140513,9,5,77,177,2016,7,10,7,2,8,7,0,1,0,1,0,0,0,0,6.49579E+20,5.43302E+21,1.10464E+16,4.90319E+16
140513,140514,9,4,73,159,2016,7,15,6,3,5,2,0,0,0,1,0,0,0,0,6.44738E+20,5.57248E+21,1.10318E+16,5.02867E+16
140514,140515,9,5,71,180,2016,7,6,1,3,1,7,0,0,0,1,0,0,0,0,6.30354E+20,5.46013E+21,1.07923E+16,4.928E+16
140515,140516,9,7,61,0,2016,7,20,7,3,5,7,0,1,0,1,0,0,0,0,6.39012E+20,5.36028E+21,1.08774E+16,4.83804E+16
140516,140517,9,1,84,134,2016,7,11,6,3,0,7,0,0,1,0,0,0,0,0,6.93051E+20,5.32244E+21,1.15894E+16,4.8026E+16
140517,140518,9,5,61,0,2016,7,13,7,3,5,3,0,0,0,1,0,0,0,0,6.13838E+20,5.46156E+21,1.05657E+16,4.92961E+16
140518,140519,9,1,76,139,2016,7,19,2,3,5,6,0,0,0,1,0,0,0,0,6.8283E+20,5.4094E+21,1.14903E+16,4.88106E+16
140519,140520,9,7,61,0,2016,7,23,6,3,5,3,2,0,1,1,0,0,0,0,6.38524E+20,5.35614E+21,1.08695E+16,4.83432E+16
140520,140521,9,4,64,0,2016,7,13,2,3,0,6,0,0,0,1,0,1,0,0,7.07244E+20,5.57722E+21,1.19108E+16,5.03106E+16
140521,140522,9,4,78,139,2016,7,15,6,3,5,3,0,0,1,1,0,0,0,0,6.47098E+20,5.5564E+21,1.10587E+16,5.01416E+16
140522,140523,9,2,74,126,2016,7,13,1,3,0,7,0,0,1,0,0,0,0,0,7.34107E+20,5.38509E+21,1.2174E+16,4.85751E+16
140523,140524,9,1,62,0,2016,7,12,6,3,6,4,0,0,0,0,1,1,0,0,6.96996E+20,5.33164E+21,1.16465E+16,4.81075E+16
140524,140525,9,7,78,203,2016,7,15,2,3,6,4,0,0,0,1,1,0,0,0,6.22196E+20,5.32443E+21,1.06401E+16,4.80614E+16
140525,140526,9,5,64,0,2016,7,17,7,3,1,5,0,0,0,1,0,0,0,1,6.53688E+20,5.47799E+21,1.11198E+16,4.94352E+16
140526,140527,9,5,64,0,2016,7,17,7,3,5,3,0,0,0,1,0,0,0,0,6.50042E+20,5.47975E+21,1.10702E+16,4.94519E+16
140527,140528,9,1,80,117,2016,7,11,7,2,0,7,0,0,1,0,0,0,0,0,6.57746E+20,5.26225E+21,1.10944E+16,4.74945E+16
140528,140529,9,1,62,0,2016,7,19,6,3,2,6,0,0,0,1,0,0,0,0,7.00165E+20,5.33466E+21,1.16904E+16,4.81337E+16
140529,140530,9,2,74,124,2016,7,5,2,3,0,1,0,0,0,0,0,1,0,0,7.24316E+20,5.37479E+21,1.20359E+16,4.84862E+16
140530,140531,9,1,62,0,2016,7,16,1,3,0,7,0,0,1,1,0,0,0,0,6.90803E+20,5.33486E+21,1.15648E+16,4.81384E+16
140531,140532,9,7,61,0,2016,7,19,6,3,2,6,0,0,0,1,0,0,0,0,6.39816E+20,5.36002E+21,1.08882E+16,4.83778E+16
140532,140533,9,2,77,145,2016,7,16,2,3,0,1,0,0,1,0,0,0,0,0,8.01414E+20,5.35801E+21,1.30649E+16,4.83033E+16
140533,140534,9,1,78,124,2016,7,14,2,3,5,3,0,0,1,1,0,0,0,0,7.02266E+20,5.36527E+21,1.17332E+16,4.84081E+16
140534,140535,9,7,61,0,2016,7,8,6,3,0,5,0,0,1,1,0,0,0,0,6.40264E+20,5.35807E+21,1.08936E+16,4.83602E+16
140535,140536,9,3,71,151,2016,7,5,2,3,9,1,0,0,0,1,0,0,0,0,6.97667E+20,5.48722E+21,1.17304E+16,4.95054E+16
140536,140537,9,1,87,142,2016,7,16,1,3,0,1,0,0,1,0,0,0,0,0,7.33734E+20,5.31452E+21,1.213E+16,4.79413E+16
140537,140538,9,1,62,0,2016,7,9,6,3,5,3,0,0,1,1,0,0,0,0,6.91492E+20,5.33355E+21,1.15735E+16,4.81263E+16
140538,140539,9,7,76,116,2016,7,19,2,3,0,7,0,0,0,0,0,1,0,0,5.52136E+20,5.26673E+21,9.69294E+15,4.75519E+16
140539,140540,9,1,62,0,2016,7,9,1,3,5,2,0,0,1,1,0,0,0,0,6.91352E+20,5.33843E+21,1.15738E+16,4.81702E+16