FID,OBJECTID,ULAND,UREGBEZ,UKREIS,UGEMEINDE,UJAHR,UMONAT,USTUNDE,UWOCHENTAG,UKATEGORIE,UART,UTYP1,ULICHTVERH,IstStrasse,IstRad,IstPKW,IstFuss,IstKrad,IstGkfz,IstSonstig,LINREFX,LINREFY,XGCSWGS84,YGCSWGS84
140540,140541,9,1,62,0,2016,7,16,2,3,0,7,0,0,1,0,0,0,0,0,6.92237E+20,5.3358E+21,1.15845E+16,4.81464E+16
140541,140542,9,1,87,177,2016,7,17,2,3,0,1,0,0,1,0,0,0,0,0,7.35391E+20,5.30519E+21,1.2147E+16,4.78569E+16
140542,140543,9,1,62,0,2016,7,21,1,3,5,2,1,0,0,1,0,0,0,0,6.88034E+20,5.33963E+21,1.15297E+16,4.81821E+16
140543,140544,9,6,63,0,2016,7,9,6,3,0,3,0,0,1,1,0,0,0,0,5.67054E+20,5.51541E+21,9.93153E+15,4.97874E+16
140544,140545,9,1,62,0,2016,7,20,7,3,5,2,1,1,0,1,0,0,0,0,6.87341E+20,5.33494E+21,1.15183E+16,4.81401E+16
140545,140546,9,1,62,0,2016,7,20,7,3,0,7,1,1,1,0,0,0,0,0,6.85654E+20,5.33443E+21,1.14955E+16,4.81361E+16
140546,140547,9,1,62,0,2016,7,10,6,3,6,4,0,0,0,1,1,0,0,0,6.8676E+20,5.33651E+21,1.15112E+16,4.81544E+16
140547,140548,9,7,61,0,2016,7,7,2,3,5,3,0,0,1,1,0,0,0,0,6.3924E+20,5.36046E+21,1.08806E+16,4.83819E+16
140548,140549,9,7,76,116,2016,7,17,1,3,2,6,0,0,0,1,0,0,0,0,5.5183E+20,5.2663E+21,9.68882E+15,4.7548E+16
140549,140550,9,6,63,0,2016,7,15,6,3,2,6,0,0,0,1,0,0,0,0,5.69199E+20,5.51648E+21,9.96152E+15,4.97968E+16
140550,140551,9,4,76,145,2016,7,11,6,3,8,1,0,0,0,1,0,0,0,0,6.63798E+20,5.56775E+21,1.12971E+16,5.02392E+16
140551,140552,9,5,64,0,2016,7,9,1,3,5,3,0,0,0,1,0,0,0,0,6.51096E+20,5.47949E+21,1.10847E+16,4.94492E+16
140552,140553,9,1,62,0,2016,7,17,7,3,0,1,0,1,1,0,0,0,0,0,6.89272E+20,5.33003E+21,1.15421E+16,4.80954E+16
140553,140554,9,7,77,159,2016,7,14,7,1,0,1,0,1,1,0,0,0,0,0,6.19473E+20,5.27006E+21,1.05886E+16,4.7573E+16
140554,140555,9,1,80,118,2016,7,20,7,3,4,6,1,1,0,1,0,1,0,0,6.54468E+20,5.26039E+21,1.10502E+16,4.74786E+16
140555,140556,9,1,62,0,2016,7,14,6,3,0,7,0,0,1,0,0,0,0,0,6.96053E+20,5.33191E+21,1.16339E+16,4.81102E+16
140556,140557,9,4,62,0,2016,7,14,7,3,5,3,0,0,0,1,0,0,0,0,6.82675E+20,5.53576E+21,1.15462E+16,4.99463E+16
140557,140558,9,6,63,0,2016,7,8,6,3,5,7,0,0,1,0,0,0,0,0,5.67261E+20,5.5153E+21,9.93439E+15,4.97864E+16
140558,140559,9,5,77,161,2016,7,17,2,3,0,1,0,0,1,1,0,0,0,0,6.44539E+20,5.44158E+21,1.09805E+16,4.91101E+16
140559,140560,9,6,61,0,2016,7,10,2,3,8,3,0,0,0,1,0,0,0,0,5.12645E+20,5.53438E+21,9.1763E+15,4.99616E+16
140560,140561,9,6,72,136,2016,7,22,1,2,0,7,2,0,1,0,0,0,0,0,5.79967E+20,5.56533E+21,1.01213E+16,5.02347E+16
140561,140562,9,5,64,0,2016,7,20,2,3,1,5,0,0,1,1,0,0,0,0,6.51922E+20,5.47855E+21,1.10957E+16,4.94406E+16
140562,140563,9,6,72,111,2016,7,18,6,2,0,3,0,0,1,1,0,0,0,0,5.72231E+20,5.55738E+21,1.00113E+16,5.01642E+16
140563,140564,9,4,63,0,2016,7,19,6,3,5,3,0,0,0,1,0,1,0,0,6.41273E+20,5.56794E+21,1.09815E+16,5.02467E+16
140564,140565,9,4,76,145,2016,7,17,1,2,5,2,0,0,0,1,0,0,0,0,6.68137E+20,5.57112E+21,1.13594E+16,5.02683E+16
140565,140566,9,6,63,0,2016,7,0,7,2,0,7,2,0,0,0,1,0,0,1,5.66865E+20,5.51645E+21,9.92909E+15,4.97968E+16
140566,140567,9,1,72,114,2016,7,15,7,2,5,3,0,1,1,1,0,0,0,0,7.90698E+20,5.29322E+21,1.28768E+16,4.77268E+16
140567,140568,9,1,62,0,2016,7,14,6,3,4,2,0,0,1,1,0,0,0,0,6.91579E+20,5.33008E+21,1.15731E+16,4.80952E+16
140568,140569,9,3,75,208,2016,7,11,7,3,8,7,0,0,0,1,0,0,0,0,7.33473E+20,5.44074E+21,1.21971E+16,4.90752E+16
140569,140570,9,2,71,119,2016,7,15,2,3,6,4,0,0,0,1,1,0,0,0,7.90625E+20,5.41739E+21,1.29613E+16,4.88414E+16
140570,140571,9,1,79,142,2016,7,15,2,3,4,6,0,0,1,0,0,0,0,0,6.74259E+20,5.34107E+21,1.13452E+16,4.8199E+16
140571,140572,9,6,72,114,2016,7,14,6,3,6,7,0,0,0,1,1,0,0,0,5.76979E+20,5.56153E+21,1.00786E+16,5.0201E+16
140572,140573,9,4,74,126,2016,7,20,2,3,1,7,0,0,1,1,0,0,0,0,6.4968E+20,5.50935E+21,1.10765E+16,4.9718E+16
140573,140574,9,1,89,149,2016,7,12,1,3,0,7,0,0,1,0,0,0,0,0,7.66318E+20,5.32989E+21,1.2575E+16,4.80666E+16
140574,140575,9,1,62,0,2016,7,11,6,3,2,6,0,0,0,1,0,0,0,1,6.93641E+20,5.33158E+21,1.16014E+16,4.8108E+16
140575,140576,9,7,63,0,2016,7,7,2,3,5,3,0,0,1,1,0,0,0,0,5.99125E+20,5.28713E+21,1.0322E+16,4.77299E+16
140576,140577,9,4,63,0,2016,7,7,6,3,5,6,0,0,1,1,0,0,0,0,6.39997E+20,5.56999E+21,1.09643E+16,5.02655E+16
140577,140578,9,2,63,0,2016,7,11,1,3,5,3,0,0,0,1,0,1,0,0,7.67063E+20,5.42173E+21,1.26436E+16,4.88909E+16
140578,140579,9,1,62,0,2016,7,16,6,3,0,7,0,0,1,0,0,0,0,0,6.93325E+20,5.33322E+21,1.15979E+16,4.81229E+16
140579,140580,9,5,64,0,2016,7,9,7,3,1,6,0,0,1,1,0,0,0,0,6.49875E+20,5.47941E+21,1.10678E+16,4.94489E+16
140580,140581,9,1,72,128,2016,7,13,7,3,5,3,0,0,1,1,0,0,0,0,7.93143E+20,5.29811E+21,1.29127E+16,4.77696E+16
140581,140582,9,1,62,0,2016,7,8,6,3,3,6,0,0,1,0,0,0,0,0,6.93868E+20,5.33141E+21,1.16044E+16,4.81064E+16
140582,140583,9,2,62,0,2016,7,9,2,3,0,6,0,0,0,0,0,0,1,0,8.21451E+20,5.39191E+21,1.33604E+16,4.85977E+16
140583,140584,9,1,75,113,2016,7,16,2,2,8,1,0,0,0,1,0,0,0,0,7.19568E+20,5.31414E+21,1.19403E+16,4.79429E+16
140584,140585,9,6,62,0,2016,7,10,6,2,2,2,0,0,1,0,0,1,0,0,5.87151E+20,5.54395E+21,1.02171E+16,5.00414E+16
140585,140586,9,3,76,163,2016,7,18,2,2,8,1,0,0,0,1,0,1,0,0,7.2769E+20,5.47537E+21,1.21377E+16,4.93884E+16
140586,140587,9,1,88,139,2016,7,7,1,3,5,3,0,0,0,1,0,0,0,0,6.74005E+20,5.31959E+21,1.1333E+16,4.80059E+16
140587,140588,9,1,62,0,2016,7,23,6,3,0,7,2,0,1,0,0,0,0,0,6.86055E+20,5.33226E+21,1.14999E+16,4.81164E+16
140588,140589,9,7,79,131,2016,7,21,2,3,2,6,1,0,0,1,0,0,0,0,6.29999E+20,5.39743E+21,1.07674E+16,4.87164E+16
140589,140590,9,7,78,173,2016,7,14,1,3,5,3,0,0,1,1,0,0,0,0,6.11466E+20,5.32328E+21,1.04958E+16,4.8053E+16
140590,140591,9,1,62,0,2016,7,9,2,3,2,6,0,0,0,1,0,0,0,0,6.91849E+20,5.33447E+21,1.15787E+16,4.81345E+16
140591,140592,9,1,61,0,2016,7,12,2,2,3,6,0,0,0,1,0,1,0,0,6.78652E+20,5.40326E+21,1.14308E+16,4.87567E+16
140592,140593,9,1,62,0,2016,7,18,6,3,0,7,0,0,0,1,0,0,0,0,6.9528E+20,5.33838E+21,1.16265E+16,4.81687E+16
140593,140594,9,1,62,0,2016,7,3,1,3,5,2,2,0,0,1,0,0,0,0,6.88214E+20,5.33994E+21,1.15323E+16,4.81848E+16
140594,140595,9,2,79,132,2016,7,11,2,3,5,3,0,0,0,0,0,1,0,1,7.69318E+20,5.39942E+21,1.26597E+16,4.86896E+16
140595,140596,9,1,62,0,2016,7,0,1,3,6,4,2,1,0,0,1,1,0,0,6.92186E+20,5.33435E+21,1.15831E+16,4.81334E+16
140596,140597,9,6,76,169,2016,7,5,6,2,5,3,0,0,1,1,0,0,0,0,5.11842E+20,5.51533E+21,9.16452E+15,4.97903E+16
140597,140598,9,1,62,0,2016,7,11,7,3,0,7,0,0,1,0,0,0,0,1,6.86425E+20,5.34465E+21,1.15103E+16,4.82277E+16
140598,140599,9,7,61,0,2016,7,14,2,2,6,2,0,0,0,1,1,0,0,0,6.41047E+20,5.35921E+21,1.09045E+16,4.83703E+16
140599,140600,9,7,79,181,2016,7,13,1,3,2,2,0,0,1,0,0,0,0,0,6.33655E+20,5.39053E+21,1.08148E+16,4.86535E+16
140600,140601,9,6,71,122,2016,7,14,6,3,3,7,0,0,1,1,0,0,0,0,5.05109E+20,5.53102E+21,9.07119E+15,4.99315E+16
140601,140602,9,4,62,0,2016,7,17,6,3,4,2,0,0,0,1,0,0,0,0,6.85691E+20,5.53722E+21,1.15889E+16,4.99584E+16
140602,140603,9,5,73,124,2016,7,21,1,3,7,7,1,0,0,0,0,1,0,0,6.32563E+20,5.48718E+21,1.08317E+16,4.95227E+16
140603,140604,9,1,62,0,2016,7,23,7,3,4,2,2,1,0,1,0,0,0,0,6.93003E+20,5.33384E+21,1.15939E+16,4.81286E+16
140604,140605,9,7,72,184,2016,7,19,7,3,5,3,0,1,0,1,0,0,0,0,6.34213E+20,5.36045E+21,1.08127E+16,4.83829E+16
140605,140606,9,6,61,0,2016,7,7,6,2,9,1,0,0,0,1,0,0,0,0,5.08757E+20,5.53865E+21,9.1222E+15,5.00001E+16
140606,140607,9,1,62,0,2016,7,0,7,3,5,3,2,0,0,1,0,0,0,0,6.90341E+20,5.34313E+21,1.15623E+16,4.82128E+16
140607,140608,9,1,62,0,2016,7,0,7,3,5,3,2,0,1,1,0,0,0,0,6.89112E+20,5.33311E+21,1.15413E+16,4.81231E+16
140608,140609,9,1,63,0,2016,7,17,7,3,4,3,0,0,1,1,0,0,0,0,7.32458E+20,5.30595E+21,1.21083E+16,4.78648E+16
140609,140610,9,6,62,0,2016,7,17,1,3,5,3,0,0,0,1,0,0,0,0,5.85751E+20,5.54598E+21,1.0198E+16,5.00599E+16
140610,140611,9,6,61,0,2016,7,9,6,3,1,6,0,0,1,1,0,0,0,0,5.09176E+20,5.53155E+21,9.12787E+15,4.99363E+16
140611,140612,9,5,64,0,2016,7,17,2,3,6,4,0,0,0,1,1,0,0,0,6.49001E+20,5.48073E+21,1.10562E+16,4.9461E+16
140612,140613,9,5,63,0,2016,7,14,6,3,5,3,0,0,0,1,0,0,0,1,6.45242E+20,5.48018E+21,1.10042E+16,4.94569E+16
140613,140614,9,4,71,186,2016,7,12,6,2,0,1,0,0,0,0,0,0,0,1,6.23781E+20,5.52485E+21,1.07223E+16,4.98633E+16
140614,140615,9,4,61,0,2016,7,0,1,3,2,6,2,0,0,1,0,0,0,0,6.36042E+20,5.52884E+21,1.08942E+16,4.98964E+16
140615,140616,9,6,62,0,2016,7,16,7,2,5,3,0,0,1,1,0,0,0,0,5.88844E+20,5.54489E+21,1.0241E+16,5.00496E+16
140616,140617,9,1,63,0,2016,7,5,7,3,0,1,1,0,1,0,0,0,0,0,7.33985E+20,5.30524E+21,1.21283E+16,4.78579E+16
140617,140618,9,1,62,0,2016,7,15,6,3,0,7,0,0,0,1,1,0,0,0,6.9629E+20,5.33593E+21,1.1639E+16,4.81463E+16
140618,140619,9,3,62,0,2016,7,11,7,3,0,1,0,0,1,0,0,0,0,0,7.28257E+20,5.43484E+21,1.21224E+16,4.90241E+16
140619,140620,9,2,71,119,2016,7,10,2,3,1,1,0,0,0,0,0,1,0,1,7.90842E+20,5.41628E+21,1.29634E+16,4.88313E+16
140620,140621,9,1,78,120,2016,7,19,2,3,6,1,0,0,0,1,1,0,0,0,6.94212E+20,5.3532E+21,1.1619E+16,4.83022E+16
140621,140622,9,1,62,0,2016,7,20,6,3,0,7,0,0,1,0,0,0,0,0,6.91157E+20,5.33684E+21,1.15704E+16,4.8156E+16
140622,140623,9,3,73,126,2016,7,5,7,2,7,1,0,0,0,0,0,0,0,1,6.72698E+20,5.45364E+21,1.13713E+16,4.92112E+16
140623,140624,9,1,85,158,2016,7,17,2,3,6,4,0,0,1,0,1,0,0,0,6.67084E+20,5.38127E+21,1.12647E+16,4.85622E+16
140624,140625,9,5,63,0,2016,7,6,6,2,5,3,0,0,1,1,0,0,0,0,6.45089E+20,5.48471E+21,1.10037E+16,4.94976E+16
140625,140626,9,5,71,170,2016,7,8,2,2,0,7,0,0,1,0,0,0,0,0,6.05983E+20,5.43967E+21,1.0452E+16,4.91008E+16
140626,140627,9,4,61,0,2016,7,17,6,3,0,7,0,0,1,1,0,0,0,0,6.36249E+20,5.52919E+21,1.08972E+16,4.98996E+16
140627,140628,9,2,74,126,2016,7,15,1,3,1,7,0,0,1,1,0,0,0,0,7.33808E+20,5.38485E+21,1.21698E+16,4.8573E+16
140628,140629,9,1,62,0,2016,7,13,6,3,5,3,0,0,1,0,0,0,0,1,6.82137E+20,5.33854E+21,1.145E+16,4.8174E+16
140629,140630,9,7,75,115,2016,7,9,2,3,0,7,0,0,0,1,0,0,0,0,5.81157E+20,5.34523E+21,1.00934E+16,4.8255E+16
140630,140631,9,5,64,0,2016,7,16,7,3,0,1,0,1,0,0,0,1,0,0,6.54368E+20,5.47746E+21,1.1129E+16,4.94302E+16
140631,140632,9,1,63,0,2016,7,16,7,3,2,6,0,1,0,1,0,0,0,0,7.31105E+20,5.30408E+21,1.20892E+16,4.78485E+16
140632,140633,9,7,75,164,2016,7,15,6,3,4,6,0,0,0,1,0,1,0,0,5.85792E+20,5.35055E+21,1.01569E+16,4.83023E+16
140633,140634,9,2,72,122,2016,7,18,2,2,0,3,0,0,1,1,0,0,0,0,8.50476E+20,5.41941E+21,1.37761E+16,4.88286E+16
140634,140635,9,1,62,0,2016,7,9,1,3,0,1,0,0,1,0,0,0,0,1,6.91048E+20,5.33413E+21,1.15678E+16,4.81317E+16
140635,140636,9,5,64,0,2016,7,18,6,3,6,7,0,0,0,1,1,0,0,0,6.51152E+20,5.47855E+21,1.10851E+16,4.94408E+16
140636,140637,9,1,75,121,2016,7,13,1,2,8,1,0,0,1,0,0,0,0,0,7.14574E+20,5.3181E+21,1.18755E+16,4.79802E+16
140637,140638,9,5,64,0,2016,7,15,6,3,2,6,0,0,0,1,0,0,0,0,6.5156E+20,5.47828E+21,1.10906E+16,4.94383E+16
140638,140639,9,3,62,0,2016,7,14,2,3,6,4,0,0,0,1,1,0,0,0,7.2469E+20,5.43319E+21,1.20728E+16,4.90107E+16
140639,140640,9,3,75,174,2016,7,19,6,3,5,2,0,0,1,1,0,0,0,0,7.3385E+20,5.43101E+21,1.21966E+16,4.89877E+16
140640,140641,9,1,62,0,2016,7,13,6,3,3,2,0,0,1,1,0,0,0,0,6.90628E+20,5.3355E+21,1.15627E+16,4.81441E+16
140641,140642,9,7,80,139,2016,7,13,2,3,5,3,0,0,1,1,0,0,0,0,5.96101E+20,5.26326E+21,1.02764E+16,4.75157E+16
140642,140643,9,1,62,0,2016,7,12,1,3,6,4,0,0,0,1,1,0,0,0,6.92725E+20,5.33314E+21,1.15898E+16,4.81223E+16
140643,140644,9,1,62,0,2016,7,14,2,3,3,6,0,0,1,0,0,0,0,0,6.92041E+20,5.3365E+21,1.15822E+16,4.81527E+16
140644,140645,9,1,89,127,2016,7,6,2,2,5,3,0,0,0,1,0,0,0,0,7.8899E+20,5.31729E+21,1.28702E+16,4.79436E+16
140645,140646,9,1,62,0,2016,7,16,1,3,0,7,0,0,1,0,0,0,0,0,6.91333E+20,5.3341E+21,1.15716E+16,4.81314E+16
140646,140647,9,5,64,0,2016,7,17,6,3,6,4,0,0,0,1,1,0,0,0,6.49595E+20,5.47848E+21,1.10636E+16,4.94406E+16
140647,140648,9,1,62,0,2016,7,18,7,3,6,7,0,1,0,1,1,0,0,0,6.86197E+20,5.33438E+21,1.15027E+16,4.81354E+16
140648,140649,9,6,62,0,2016,7,8,2,2,0,7,0,0,1,0,0,0,0,0,5.87783E+20,5.54444E+21,1.02261E+16,5.00458E+16
140649,140650,9,6,63,0,2016,7,18,1,3,2,6,0,0,0,1,0,0,0,0,5.66923E+20,5.51479E+21,9.9296E+15,4.97819E+16
140650,140651,9,1,62,0,2016,7,17,6,3,2,6,0,0,0,1,0,0,0,0,6.88895E+20,5.33765E+21,1.15404E+16,4.8164E+16
140651,140652,9,7,61,0,2016,7,18,2,3,2,6,0,0,0,1,0,0,0,0,6.3799E+20,5.3603E+21,1.08636E+16,4.83807E+16
140652,140653,9,7,74,150,2016,7,6,1,3,8,1,0,0,0,1,0,0,0,0,6.00481E+20,5.34791E+21,1.03543E+16,4.82764E+16
140653,140654,9,1,61,0,2016,7,5,2,3,5,3,0,0,1,1,0,0,0,0,6.76857E+20,5.40638E+21,1.14077E+16,4.87853E+16
140654,140655,9,5,64,0,2016,7,15,6,3,5,5,0,0,1,0,0,0,0,1,6.4985E+20,5.47904E+21,1.10673E+16,4.94455E+16
140655,140656,9,5,63,0,2016,7,7,1,2,7,6,0,0,1,0,0,0,0,0,6.41769E+20,5.48616E+21,1.09585E+16,4.95115E+16
140656,140657,9,1,62,0,2016,7,11,7,3,0,3,0,0,1,1,0,0,0,0,6.84187E+20,5.33266E+21,1.1475E+16,4.81205E+16
140657,140658,9,7,62,0,2016,7,0,7,3,0,1,2,0,1,0,0,0,0,0,6.21076E+20,5.30428E+21,1.06194E+16,4.78804E+16
140658,140659,9,1,82,120,2016,7,19,7,3,5,3,0,0,1,1,0,0,0,0,7.02298E+20,5.30694E+21,1.1706E+16,4.78839E+16
140659,140660,9,7,75,135,2016,7,14,6,3,5,2,0,0,0,1,0,1,0,0,5.76716E+20,5.35992E+21,1.00362E+16,4.83878E+16
140660,140661,9,5,64,0,2016,7,13,6,3,2,3,0,0,1,1,0,0,0,0,6.46151E+20,5.48162E+21,1.10173E+16,4.94696E+16
140661,140662,9,5,64,0,2016,7,15,2,3,2,6,0,0,0,1,0,0,0,0,6.52895E+20,5.48371E+21,1.11111E+16,4.94867E+16
140662,140663,9,5,64,0,2016,7,14,6,3,5,3,0,0,1,1,0,0,0,0,6.54468E+20,5.47635E+21,1.11299E+16,4.94202E+16
140663,140664,9,3,62,0,2016,7,16,6,3,3,6,0,0,0,1,0,1,0,0,7.26776E+20,5.436E+21,1.21029E+16,4.90351E+16
140664,140665,9,6,71,111,2016,7,13,2,3,4,6,0,0,0,1,0,0,0,0,5.05404E+20,5.54642E+21,9.07552E+15,5.007E+16
140665,140666,9,5,64,0,2016,7,18,6,3,0,2,0,0,1,0,0,0,0,1,6.50168E+20,5.47923E+21,1.10718E+16,4.94472E+16
140666,140667,9,3,73,147,2016,7,13,6,3,5,3,0,0,1,1,0,0,0,0,6.80168E+20,5.45958E+21,1.14764E+16,4.92624E+16
140667,140668,9,4,78,139,2016,7,6,1,3,5,3,0,0,1,1,0,0,0,0,6.48013E+20,5.55733E+21,1.10718E+16,5.01497E+16
140668,140669,9,7,61,0,2016,7,17,7,2,2,6,0,1,0,1,0,0,0,0,6.40948E+20,5.35118E+21,1.09005E+16,4.82981E+16
140669,140670,9,7,64,0,2016,7,14,6,3,2,6,0,0,1,1,0,0,0,0,5.89028E+20,5.31423E+21,1.01929E+16,4.79752E+16
140670,140671,9,3,73,147,2016,7,10,7,3,5,3,0,0,1,1,0,0,0,0,6.77986E+20,5.45937E+21,1.14463E+16,4.92612E+16
140671,140672,9,1,81,114,2016,7,17,2,3,2,6,0,0,0,1,0,1,0,0,6.57168E+20,5.31267E+21,1.11049E+16,4.7948E+16
140672,140673,9,5,73,114,2016,7,16,6,3,0,1,0,0,1,0,0,0,0,0,6.34364E+20,5.47871E+21,1.08537E+16,4.94461E+16
140673,140674,9,4,74,126,2016,7,7,2,3,1,5,0,0,1,1,0,0,0,0,6.48344E+20,5.50957E+21,1.10581E+16,4.97203E+16
140674,140675,9,3,76,163,2016,7,15,6,3,6,4,0,0,0,1,1,0,0,0,7.27704E+20,5.47561E+21,1.2138E+16,4.93905E+16
140675,140676,9,1,80,136,2016,7,11,1,3,4,1,0,0,0,0,0,1,0,0,6.75303E+20,5.26729E+21,1.13293E+16,4.75353E+16
140676,140677,9,1,62,0,2016,7,14,6,3,0,7,0,1,1,0,0,0,0,1,6.84684E+20,5.3329E+21,1.14818E+16,4.81226E+16
140677,140678,9,7,63,0,2016,7,19,2,3,0,7,0,0,1,1,0,0,0,0,5.99358E+20,5.28413E+21,1.03244E+16,4.77029E+16
140678,140679,9,5,64,0,2016,7,16,7,3,2,6,0,1,0,1,0,0,0,0,6.53176E+20,5.48005E+21,1.11136E+16,4.94538E+16
140679,140680,9,1,87,129,2016,7,18,7,3,0,7,0,1,0,0,0,1,0,0,7.25423E+20,5.29549E+21,1.20089E+16,4.77733E+16
140680,140681,9,7,64,0,2016,7,7,6,2,1,1,0,0,0,1,0,0,0,0,5.86764E+20,5.31565E+21,1.01629E+16,4.79883E+16
140681,140682,9,1,62,0,2016,7,15,1,3,0,7,0,0,1,1,0,0,0,0,6.91945E+20,5.34E+21,1.15825E+16,4.81842E+16
140682,140683,9,2,61,0,2016,7,9,2,3,0,1,0,0,1,0,0,0,0,0,7.32653E+20,5.38074E+21,1.21519E+16,4.85366E+16
140683,140684,9,2,76,113,2016,7,5,1,2,9,1,1,0,0,1,0,0,0,0,7.90535E+20,5.4494E+21,1.29829E+16,4.91287E+16
140684,140685,9,1,62,0,2016,7,8,6,3,1,5,0,0,1,1,0,0,0,0,6.82675E+20,5.33572E+21,1.1456E+16,4.81485E+16
140685,140686,9,5,64,0,2016,7,3,7,3,5,3,2,0,0,1,0,0,0,0,6.51102E+20,5.4795E+21,1.10847E+16,4.94493E+16
140686,140687,9,1,61,0,2016,7,12,7,3,6,4,0,1,0,1,1,0,0,0,6.79357E+20,5.40485E+21,1.14411E+16,4.87707E+16
140687,140688,9,7,80,112,2016,7,19,6,1,4,6,0,0,0,1,0,1,0,0,5.89517E+20,5.29593E+21,1.01957E+16,4.78105E+16
140688,140689,9,2,77,145,2016,7,15,2,2,5,3,0,0,0,1,0,1,0,0,7.97903E+20,5.3535E+21,1.30145E+16,4.82645E+16
140689,140690,9,1,78,124,2016,7,18,2,2,5,3,0,0,1,0,0,0,0,0,7.01913E+20,5.3632E+21,1.17275E+16,4.83897E+16
140690,140691,9,5,71,193,2016,7,7,6,3,8,1,0,0,0,0,0,1,0,0,5.86629E+20,5.46935E+21,1.01933E+16,4.93707E+16
140691,140692,9,3,76,161,2016,7,17,2,3,0,7,0,0,1,1,0,0,0,0,7.25129E+20,5.46747E+21,1.2098E+16,4.93184E+16
140692,140693,9,1,86,126,2016,7,20,1,3,0,1,0,0,1,0,0,0,0,0,6.84864E+20,5.37644E+21,1.15033E+16,4.85138E+16
140693,140694,9,1,62,0,2016,7,15,6,2,6,4,0,0,1,0,1,0,0,0,6.92991E+20,5.33381E+21,1.15937E+16,4.81283E+16
140694,140695,9,7,77,173,2016,7,11,2,3,7,7,0,0,1,0,0,0,0,1,6.34238E+20,5.27889E+21,1.07875E+16,4.76495E+16
140695,140696,9,1,62,0,2016,7,10,1,3,5,3,0,0,0,1,0,1,0,0,6.92622E+20,5.33482E+21,1.15892E+16,4.81374E+16
140696,140697,9,1,62,0,2016,7,7,2,3,5,3,0,0,1,0,0,0,0,1,6.91127E+20,5.33516E+21,1.15693E+16,4.81409E+16
140697,140698,9,1,63,0,2016,7,14,2,3,1,1,0,0,1,1,0,0,0,0,7.33893E+20,5.30358E+21,1.21262E+16,4.78429E+16
140698,140699,9,1,62,0,2016,7,13,1,3,0,7,0,0,1,0,0,0,0,0,6.92211E+20,5.33463E+21,1.15836E+16,4.81359E+16
140699,140700,9,5,71,136,2016,7,21,6,2,8,7,2,0,0,1,0,0,0,0,5.91509E+20,5.4369E+21,1.02531E+16,4.90782E+16
140700,140701,9,1,84,130,2016,7,13,1,3,0,7,0,0,1,0,0,0,0,0,6.99229E+20,5.34662E+21,1.16834E+16,4.82414E+16
140701,140702,9,5,61,0,2016,7,17,6,3,5,3,0,0,0,1,0,0,0,0,6.13376E+20,5.46115E+21,1.05593E+16,4.92925E+16
140702,140703,9,1,62,0,2016,7,21,7,3,5,3,2,1,0,1,0,0,0,0,6.90665E+20,5.33521E+21,1.15631E+16,4.81415E+16
140703,140704,9,7,61,0,2016,7,5,2,3,5,3,0,0,1,1,0,0,0,0,6.39229E+20,5.3608E+21,1.08805E+16,4.8385E+16
140704,140705,9,7,62,0,2016,7,0,1,2,6,4,2,0,0,1,1,0,0,0,6.21592E+20,5.30411E+21,1.06262E+16,4.78788E+16
140705,140706,9,3,76,141,2016,7,21,6,3,1,1,1,0,1,0,0,0,0,0,7.26501E+20,5.45406E+21,1.21092E+16,4.91974E+16
140706,140707,9,5,64,0,2016,7,12,1,3,2,6,0,0,0,1,0,0,0,0,6.5141E+20,5.48042E+21,1.10893E+16,4.94576E+16
140707,140708,9,1,62,0,2016,7,10,7,3,1,3,0,0,0,1,0,1,0,0,6.94004E+20,5.3364E+21,1.16085E+16,4.81512E+16
140708,140709,9,7,72,200,2016,7,13,7,3,2,6,0,0,0,1,0,0,0,0,6.3068E+20,5.33784E+21,1.0758E+16,4.81804E+16
140709,140710,9,5,64,0,2016,7,7,3,3,5,3,0,0,1,1,0,0,0,0,6.49457E+20,5.46827E+21,1.10578E+16,4.93488E+16
140710,140711,9,7,61,0,2016,7,17,4,3,5,3,0,0,0,1,0,0,0,1,6.39648E+20,5.36029E+21,1.0886E+16,4.83803E+16
140711,140712,9,2,75,116,2016,7,8,3,2,5,2,0,0,1,1,0,0,0,0,8.19573E+20,5.36463E+21,1.33141E+16,4.83539E+16
140712,140713,9,4,74,158,2016,7,18,5,3,4,6,0,0,0,1,0,1,0,0,6.51799E+20,5.50685E+21,1.11049E+16,4.96951E+16
140713,140714,9,2,72,120,2016,7,8,3,3,6,7,0,0,0,0,1,0,0,1,8.2196E+20,5.42079E+21,1.33898E+16,4.88564E+16
140714,140715,9,1,62,0,2016,7,15,2,3,0,5,0,0,1,0,0,0,1,0,6.98777E+20,5.33571E+21,1.16723E+16,4.81436E+16
140715,140716,9,5,62,0,2016,7,8,4,3,4,2,0,0,0,1,0,0,0,0,6.44902E+20,5.49457E+21,1.10048E+16,4.95863E+16
140716,140717,9,1,62,0,2016,7,19,3,2,0,7,0,0,1,0,0,0,0,0,6.90426E+20,5.33542E+21,1.156E+16,4.81435E+16