FID,OBJECTID,ULAND,UREGBEZ,UKREIS,UGEMEINDE,UJAHR,UMONAT,USTUNDE,UWOCHENTAG,UKATEGORIE,UART,UTYP1,ULICHTVERH,IstStrasse,IstRad,IstPKW,IstFuss,IstKrad,IstGkfz,IstSonstig,LINREFX,LINREFY,XGCSWGS84,YGCSWGS84
140717,140718,9,1,62,0,2016,7,17,3,3,5,3,0,0,0,1,0,1,0,0,6.8313E+20,5.33483E+21,1.14617E+16,4.81404E+16
140718,140719,9,3,72,138,2016,7,17,4,3,2,6,0,0,1,0,0,0,0,0,7.9532E+20,5.4569E+21,1.30538E+16,4.91937E+16
140719,140720,9,1,83,128,2016,7,12,4,2,9,1,0,0,0,0,0,1,0,0,7.63152E+20,5.34929E+21,1.25446E+16,4.82421E+16
140720,140721,9,3,62,0,2016,7,11,3,3,5,2,0,0,0,1,0,0,0,1,7.23553E+20,5.43363E+21,1.20575E+16,4.9015E+16
140721,140722,9,4,73,151,2016,7,13,4,3,0,1,0,0,1,0,0,0,0,0,6.51492E+20,5.57762E+21,1.11286E+16,5.03312E+16
140722,140723,9,2,73,164,2016,7,20,5,2,4,1,0,0,0,1,0,1,0,0,6.97558E+20,5.42774E+21,1.16996E+16,4.8971E+16
140723,140724,9,2,72,151,2016,7,14,3,3,0,1,0,0,1,0,0,0,0,0,8.40383E+20,5.40836E+21,1.36299E+16,4.87351E+16
140724,140725,9,3,61,0,2016,7,11,5,3,5,3,0,0,0,1,0,1,0,0,7.08834E+20,5.47984E+21,1.18805E+16,4.94353E+16
140725,140726,9,2,77,111,2016,7,12,3,3,3,6,0,0,1,0,0,0,0,1,7.81752E+20,5.3858E+21,1.28191E+16,4.85619E+16
140726,140727,9,3,62,0,2016,7,19,5,3,5,2,0,0,1,1,0,0,0,0,7.26787E+20,5.43369E+21,1.21017E+16,4.90144E+16
140727,140728,9,1,88,127,2016,7,10,2,2,1,2,0,0,1,1,0,0,0,0,6.79535E+20,5.32986E+21,1.14114E+16,4.80967E+16
140728,140729,9,5,64,0,2016,7,17,4,3,0,6,0,0,0,0,0,0,0,1,6.49206E+20,5.47467E+21,1.10568E+16,4.94064E+16
140729,140730,9,5,64,0,2016,7,14,5,3,6,2,0,0,0,1,1,0,0,0,6.4931E+20,5.47948E+21,1.106E+16,4.94496E+16
140730,140731,9,1,62,0,2016,7,8,3,3,4,2,0,0,1,0,0,0,0,1,6.92444E+20,5.33486E+21,1.15868E+16,4.81378E+16
140731,140732,9,1,61,0,2016,7,8,5,3,4,6,0,0,1,0,0,0,0,0,6.78512E+20,5.40461E+21,1.14295E+16,4.87688E+16
140732,140733,9,1,62,0,2016,7,11,3,2,4,2,0,0,1,1,0,0,0,0,6.90607E+20,5.33724E+21,1.15632E+16,4.81598E+16
140733,140734,9,3,76,149,2016,7,9,4,3,5,3,0,0,1,1,0,0,0,0,7.38581E+20,5.45507E+21,1.22754E+16,4.92019E+16
140734,140735,9,1,87,128,2016,7,19,4,3,0,6,0,0,0,1,0,1,0,0,7.46447E+20,5.31124E+21,1.2298E+16,4.79071E+16
140735,140736,9,3,71,151,2016,7,9,3,3,4,2,0,0,1,1,0,0,0,0,6.98138E+20,5.48729E+21,1.17369E+16,4.95058E+16
140736,140737,9,1,73,112,2016,7,19,5,2,0,1,0,0,0,0,0,1,0,0,6.93521E+20,5.29327E+21,1.15826E+16,4.77637E+16
140737,140738,9,2,77,116,2016,7,8,3,3,3,5,0,0,0,1,0,0,0,0,7.77938E+20,5.36796E+21,1.27556E+16,4.84034E+16
140738,140739,9,2,62,0,2016,7,9,5,3,6,6,0,0,0,1,1,0,0,0,8.30583E+20,5.3917E+21,1.34837E+16,4.8591E+16
140739,140740,9,5,62,0,2016,7,8,3,3,4,2,0,0,0,1,0,0,0,0,6.46403E+20,5.49524E+21,1.10258E+16,4.9592E+16
140740,140741,9,5,61,0,2016,7,16,5,3,0,7,0,0,1,0,0,0,0,0,6.14382E+20,5.46304E+21,1.05736E+16,4.93093E+16
140741,140742,9,7,75,135,2016,7,14,3,2,5,3,0,0,1,1,0,0,0,0,5.74228E+20,5.36004E+21,1.00026E+16,4.83892E+16
140742,140743,9,1,62,0,2016,7,15,4,3,1,6,0,0,0,1,0,0,0,0,6.90654E+20,5.33337E+21,1.15621E+16,4.8125E+16
140743,140744,9,5,77,136,2016,7,20,4,3,6,4,0,0,0,1,1,0,0,0,6.28321E+20,5.44161E+21,1.07585E+16,4.9114E+16
140744,140745,9,5,64,0,2016,7,17,5,3,6,6,0,0,1,0,1,0,0,0,6.4874E+20,5.48026E+21,1.10525E+16,4.94568E+16
140745,140746,9,7,75,135,2016,7,15,3,3,0,2,0,0,1,1,0,0,0,0,5.74972E+20,5.3576E+21,1.00123E+16,4.83671E+16
140746,140747,9,1,75,132,2016,7,15,5,3,0,7,0,0,1,0,0,0,0,0,7.06813E+20,5.33209E+21,1.17784E+16,4.81085E+16
140747,140748,9,4,64,0,2016,7,12,4,2,8,1,0,0,0,0,0,1,0,0,7.0939E+20,5.58027E+21,1.19426E+16,5.03373E+16
140748,140749,9,1,62,0,2016,7,20,4,3,5,3,0,0,0,1,0,1,0,0,6.91463E+20,5.33552E+21,1.1574E+16,4.8144E+16
140749,140750,9,1,61,0,2016,7,16,5,3,5,2,0,0,1,1,0,0,0,0,6.77987E+20,5.40469E+21,1.14224E+16,4.87697E+16
140750,140751,9,2,74,183,2016,7,17,3,3,0,6,0,0,0,1,0,1,0,0,7.41714E+20,5.36295E+21,1.22641E+16,4.83734E+16
140751,140752,9,5,64,0,2016,7,18,3,3,1,5,0,0,1,1,0,0,0,0,6.5317E+20,5.47904E+21,1.11131E+16,4.94447E+16
140752,140753,9,1,62,0,2016,7,16,4,3,5,3,0,0,0,1,0,0,0,1,6.89078E+20,5.33494E+21,1.15417E+16,4.81396E+16
140753,140754,9,7,79,181,2016,7,19,4,2,0,1,0,0,0,0,0,0,0,1,6.33485E+20,5.39097E+21,1.08126E+16,4.86575E+16
140754,140755,9,2,74,141,2016,7,7,3,3,5,3,0,0,0,1,0,0,1,0,7.27933E+20,5.39477E+21,1.20957E+16,4.86643E+16
140755,140756,9,7,75,162,2016,7,13,4,2,1,6,0,0,0,1,0,1,0,0,5.79882E+20,5.3489E+21,1.00769E+16,4.82883E+16
140756,140757,9,2,61,0,2016,7,13,3,3,6,4,0,0,1,0,1,0,0,0,7.32498E+20,5.38092E+21,1.21499E+16,4.85383E+16
140757,140758,9,1,88,127,2016,7,16,3,3,5,3,0,0,1,0,0,0,0,0,6.79222E+20,5.33041E+21,1.14074E+16,4.81018E+16
140758,140759,9,3,76,170,2016,7,11,4,3,0,1,0,0,0,0,0,1,0,0,7.24518E+20,5.45719E+21,1.20838E+16,4.92263E+16
140759,140760,9,1,87,150,2016,7,8,4,3,1,5,0,0,1,1,0,0,0,0,7.29568E+20,5.30393E+21,1.20686E+16,4.78477E+16
140760,140761,9,5,64,0,2016,7,21,3,3,5,7,0,0,0,1,0,1,0,0,6.48807E+20,5.47974E+21,1.10532E+16,4.9452E+16
140761,140762,9,7,61,0,2016,7,12,4,2,5,3,0,0,1,0,0,0,0,1,6.40729E+20,5.35802E+21,1.08998E+16,4.83596E+16
140762,140763,9,2,74,113,2016,7,6,3,3,4,6,0,0,0,1,0,0,0,1,7.27894E+20,5.38188E+21,1.20881E+16,4.85486E+16
140763,140764,9,3,74,132,2016,7,15,5,2,5,3,0,0,0,1,0,1,0,0,7.38188E+20,5.4978E+21,1.22956E+16,4.95859E+16
140764,140765,9,1,89,155,2016,7,16,3,2,5,3,0,0,1,1,0,0,0,0,7.71759E+20,5.30934E+21,1.26349E+16,4.78798E+16
140765,140766,9,1,62,0,2016,7,17,2,3,4,2,0,0,0,1,0,1,0,0,6.92255E+20,5.33723E+21,1.15854E+16,4.81593E+16
140766,140767,9,5,63,0,2016,7,6,4,3,5,3,0,0,1,0,0,0,0,1,6.44277E+20,5.48099E+21,1.09912E+16,4.94644E+16
140767,140768,9,7,64,0,2016,7,15,3,3,0,1,0,0,1,0,0,0,0,0,5.88497E+20,5.31501E+21,1.0186E+16,4.79822E+16
140768,140769,9,1,62,0,2016,7,7,3,3,2,6,0,0,0,1,0,1,0,0,6.88991E+20,5.33335E+21,1.15398E+16,4.81253E+16
140769,140770,9,3,61,0,2016,7,7,4,3,5,3,0,0,0,1,0,1,0,0,7.08386E+20,5.48101E+21,1.1875E+16,4.9446E+16
140770,140771,9,1,61,0,2016,7,7,4,3,5,2,0,0,1,1,0,0,0,0,6.76701E+20,5.40735E+21,1.1406E+16,4.8794E+16
140771,140772,9,3,62,0,2016,7,21,3,3,0,7,1,0,0,0,1,0,0,1,7.26295E+20,5.43441E+21,1.20954E+16,4.90211E+16
140772,140773,9,4,78,139,2016,7,17,4,3,5,3,0,0,0,1,0,1,0,0,6.47603E+20,5.55749E+21,1.10661E+16,5.01512E+16
140773,140774,9,1,84,138,2016,7,13,2,3,0,6,0,0,0,1,0,1,0,0,6.80133E+20,5.33066E+21,1.14197E+16,4.81037E+16
140774,140775,9,5,64,0,2016,7,14,4,3,5,3,0,0,0,1,0,1,0,0,6.58087E+20,5.47326E+21,1.11786E+16,4.93915E+16
140775,140776,9,1,84,149,2016,7,9,3,3,3,7,0,0,0,1,0,1,0,0,6.92164E+20,5.34972E+21,1.15898E+16,4.82715E+16
140776,140777,9,1,86,143,2016,7,7,4,2,6,4,0,0,0,1,1,0,0,0,6.84403E+20,5.37789E+21,1.14977E+16,4.8527E+16
140777,140778,9,4,61,0,2016,7,9,3,3,1,7,0,0,0,1,0,0,0,1,6.33319E+20,5.53037E+21,1.08569E+16,4.99108E+16
140778,140779,9,3,75,201,2016,7,11,4,3,5,3,0,0,0,1,0,0,0,1,7.47055E+20,5.41868E+21,1.23693E+16,4.88718E+16
140779,140780,9,2,77,116,2016,7,14,5,1,5,3,0,0,1,1,0,0,0,0,7.7962E+20,5.36834E+21,1.27786E+16,4.84061E+16
140780,140781,9,1,89,162,2016,7,7,3,3,0,1,0,1,0,0,0,1,0,0,7.74891E+20,5.31674E+21,1.26814E+16,4.79449E+16
140781,140782,9,3,73,126,2016,7,17,5,3,5,3,0,0,0,1,0,0,0,0,6.70131E+20,5.45224E+21,1.13354E+16,4.91994E+16
140782,140783,9,1,84,131,2016,7,14,2,2,5,3,0,0,1,1,0,0,0,0,7.0381E+20,5.33933E+21,1.17416E+16,4.81745E+16
140783,140784,9,5,64,0,2016,7,15,4,3,5,3,0,0,0,1,0,0,0,0,6.49685E+20,5.47845E+21,1.10648E+16,4.94403E+16
140784,140785,9,5,64,0,2016,7,7,5,3,5,3,0,0,0,1,0,1,0,0,6.46405E+20,5.47738E+21,1.10192E+16,4.94315E+16
140785,140786,9,7,75,129,2016,7,13,3,3,5,3,0,0,0,1,0,0,1,0,5.79894E+20,5.34374E+21,1.00761E+16,4.82419E+16
140786,140787,9,1,79,142,2016,7,8,5,3,1,6,0,0,0,1,0,0,0,0,6.72871E+20,5.34188E+21,1.13268E+16,4.82066E+16
140787,140788,9,1,62,0,2016,7,14,3,2,6,4,0,0,1,0,1,0,0,0,6.90534E+20,5.33399E+21,1.15608E+16,4.81306E+16
140788,140789,9,4,64,0,2016,7,8,4,3,6,4,0,0,0,1,1,0,0,0,7.0681E+20,5.57835E+21,1.19053E+16,5.03209E+16
140789,140790,9,2,76,138,2016,7,18,4,3,5,3,1,0,0,1,0,0,0,0,8.01915E+20,5.4326E+21,1.3126E+16,4.89724E+16
140790,140791,9,1,85,149,2016,7,13,4,3,5,3,0,0,1,1,0,0,0,0,6.60433E+20,5.40013E+21,1.11819E+16,4.87336E+16
140791,140792,9,1,72,118,2016,7,9,5,3,0,7,0,0,0,0,0,1,0,1,7.97495E+20,5.30558E+21,1.29757E+16,4.78346E+16
140792,140793,9,1,89,162,2016,7,18,3,3,0,1,0,0,1,0,0,0,0,0,7.81336E+20,5.31559E+21,1.27668E+16,4.79318E+16
140793,140794,9,1,90,157,2016,7,23,5,2,0,7,2,0,1,0,0,0,0,0,6.60146E+20,5.29962E+21,1.11399E+16,4.783E+16
140794,140795,9,1,72,114,2016,7,17,3,3,0,1,0,0,1,0,0,0,0,0,7.9069E+20,5.29286E+21,1.28765E+16,4.77236E+16
140795,140796,9,2,76,138,2016,7,16,5,3,5,2,0,0,0,1,0,0,1,0,7.99662E+20,5.43233E+21,1.30951E+16,4.89711E+16
140796,140797,9,6,78,190,2016,7,15,3,3,5,3,0,0,1,1,0,0,0,0,5.82378E+20,5.53289E+21,1.01481E+16,4.99427E+16
140797,140798,9,5,63,0,2016,7,17,5,3,5,2,0,0,1,1,0,0,0,0,6.44912E+20,5.48119E+21,1.1E+16,4.9466E+16
140798,140799,9,7,74,135,2016,7,13,3,3,5,2,0,0,0,1,0,1,0,0,5.94296E+20,5.36745E+21,1.02753E+16,4.84531E+16
140799,140800,9,1,62,0,2016,7,13,4,3,5,2,0,0,1,0,0,0,0,1,6.84515E+20,5.33211E+21,1.14792E+16,4.81155E+16
140800,140801,9,7,75,135,2016,7,7,4,3,6,4,0,0,0,1,1,0,0,0,5.74612E+20,5.36031E+21,1.00079E+16,4.83915E+16
140801,140802,9,3,76,172,2016,7,15,3,3,5,2,0,0,0,1,0,0,0,1,7.51945E+20,5.47526E+21,1.24712E+16,4.93779E+16
140802,140803,9,1,86,149,2016,7,20,5,3,5,3,0,0,0,1,0,0,0,0,6.90201E+20,5.38743E+21,1.15805E+16,4.8611E+16
140803,140804,9,1,71,123,2016,7,17,3,3,3,6,0,0,1,0,0,0,0,1,7.84948E+20,5.35188E+21,1.28393E+16,4.82559E+16
140804,140805,9,5,64,0,2016,7,15,3,3,0,2,0,0,0,1,0,0,0,1,6.49217E+20,5.48034E+21,1.10591E+16,4.94574E+16
140805,140806,9,5,74,128,2016,7,13,3,3,5,3,0,0,1,1,0,0,0,0,6.79099E+20,5.48522E+21,1.14733E+16,4.94932E+16
140806,140807,9,4,73,138,2016,7,12,5,2,0,1,0,0,0,0,0,1,0,0,6.34306E+20,5.55401E+21,1.08789E+16,5.01231E+16
140807,140808,9,7,63,0,2016,7,9,3,3,0,1,0,0,1,0,0,0,0,0,5.98443E+20,5.28783E+21,1.0313E+16,4.77363E+16
140808,140809,9,1,62,0,2016,7,12,4,3,5,2,0,0,0,1,0,0,0,0,6.90473E+20,5.33567E+21,1.15607E+16,4.81457E+16
140809,140810,9,7,80,139,2016,7,19,4,3,1,6,0,0,0,1,0,1,0,0,5.96111E+20,5.26247E+21,1.02764E+16,4.75086E+16
140810,140811,9,1,71,114,2016,7,11,3,3,0,7,0,0,0,0,0,0,0,1,7.79843E+20,5.3453E+21,1.27663E+16,4.81992E+16
140811,140812,9,1,62,0,2016,7,19,2,2,3,6,0,0,1,1,0,0,0,0,6.93126E+20,5.32903E+21,1.15933E+16,4.80853E+16
140812,140813,9,6,63,0,2016,7,15,4,3,3,6,0,0,1,0,0,0,0,0,5.67005E+20,5.51627E+21,9.931E+15,4.97951E+16
140813,140814,9,1,62,0,2016,7,9,3,3,3,2,0,0,1,0,0,0,0,1,6.92064E+20,5.34039E+21,1.15842E+16,4.81877E+16
140814,140815,9,2,71,119,2016,7,10,4,3,0,1,0,0,1,0,0,0,0,0,7.90419E+20,5.41833E+21,1.29591E+16,4.88499E+16
140815,140816,9,1,61,0,2016,7,19,4,3,6,4,0,0,0,1,1,0,0,0,6.78E+20,5.40144E+21,1.14211E+16,4.87406E+16
140816,140817,9,4,73,151,2016,7,12,3,3,5,3,0,0,1,1,0,0,0,0,6.51478E+20,5.57813E+21,1.11286E+16,5.03358E+16
140817,140818,9,3,75,190,2016,7,15,4,2,5,3,0,0,0,1,0,1,0,0,7.29396E+20,5.44508E+21,1.21438E+16,4.91157E+16
140818,140819,9,1,71,111,2016,7,10,3,2,0,7,0,0,0,0,0,0,0,1,7.73008E+20,5.34774E+21,1.26761E+16,4.8224E+16
140819,140820,9,3,62,0,2016,7,17,5,3,5,3,0,0,1,1,0,0,0,0,7.23513E+20,5.43349E+21,1.20569E+16,4.90138E+16
140820,140821,9,1,62,0,2016,7,19,4,3,4,6,0,0,1,0,0,0,0,0,6.92636E+20,5.33417E+21,1.15891E+16,4.81316E+16
140821,140822,9,7,73,182,2016,7,14,4,3,5,3,0,0,1,1,0,0,0,0,6.23363E+20,5.37988E+21,1.0672E+16,4.85599E+16
140822,140823,9,4,74,122,2016,7,7,5,2,6,7,0,0,1,0,1,0,0,0,6.51222E+20,5.50305E+21,1.10954E+16,4.9661E+16
140823,140824,9,1,63,0,2016,7,20,3,3,7,1,0,0,1,0,0,0,0,0,7.32249E+20,5.30363E+21,1.21043E+16,4.7844E+16
140824,140825,9,1,62,0,2016,7,7,2,2,5,3,0,0,1,1,0,0,0,0,6.86117E+20,5.3361E+21,1.15024E+16,4.81509E+16
140825,140826,9,5,62,0,2016,7,16,4,3,5,3,0,0,1,0,0,0,0,0,6.46351E+20,5.4948E+21,1.10249E+16,4.95881E+16
140826,140827,9,1,62,0,2016,7,8,3,3,2,6,0,0,0,1,0,0,0,0,6.86375E+20,5.33841E+21,1.15069E+16,4.81716E+16
140827,140828,9,2,78,149,2016,7,6,4,3,5,3,0,0,1,1,0,0,0,0,7.79226E+20,5.41514E+21,1.28047E+16,4.88264E+16
140828,140829,9,1,74,115,2016,7,22,4,3,0,1,2,0,0,0,0,1,0,0,6.81207E+20,5.34791E+21,1.14415E+16,4.82584E+16
140829,140830,9,4,61,0,2016,7,13,3,3,3,7,0,0,1,1,0,0,0,0,6.35499E+20,5.52803E+21,1.08864E+16,4.98893E+16
140830,140831,9,3,62,0,2016,7,20,4,3,5,3,1,0,0,1,0,0,0,0,7.25123E+20,5.43098E+21,1.20775E+16,4.89907E+16
140831,140832,9,2,73,137,2016,7,22,5,3,0,7,2,0,1,0,0,0,0,0,7.11941E+20,5.42215E+21,1.18929E+16,4.8916E+16
140832,140833,9,1,63,0,2016,7,13,3,3,1,7,0,0,1,0,0,0,0,1,7.33153E+20,5.30473E+21,1.21169E+16,4.78536E+16
140833,140834,9,3,76,153,2016,7,11,5,3,6,4,0,0,0,1,1,0,0,0,7.30273E+20,5.48686E+21,1.21799E+16,4.94907E+16
140834,140835,9,5,64,0,2016,7,15,4,3,3,2,0,0,0,1,0,1,0,0,6.46955E+20,5.48163E+21,1.10284E+16,4.94695E+16
140835,140836,9,5,64,0,2016,7,9,5,2,5,2,0,0,1,1,0,0,0,0,6.54284E+20,5.47755E+21,1.11279E+16,4.9431E+16
140836,140837,9,7,62,0,2016,7,16,3,3,1,6,0,0,0,1,0,0,0,0,6.23374E+20,5.30605E+21,1.06506E+16,4.78959E+16
140837,140838,9,1,79,149,2016,7,19,5,3,0,7,0,0,1,0,0,0,0,0,6.54371E+20,5.32963E+21,1.10736E+16,4.81013E+16
140838,140839,9,1,84,119,2016,7,19,2,3,1,7,0,0,0,0,0,1,1,0,6.96532E+20,5.34693E+21,1.16473E+16,4.82451E+16
140839,140840,9,5,64,0,2016,7,15,4,2,5,3,0,0,0,1,0,1,0,0,6.52171E+20,5.48067E+21,1.10999E+16,4.94596E+16
140840,140841,9,7,72,141,2016,7,9,3,3,2,6,0,0,0,1,0,0,0,0,6.22693E+20,5.3522E+21,1.06548E+16,4.83111E+16
140841,140842,9,1,62,0,2016,7,11,3,3,2,6,0,0,0,1,0,0,0,0,6.86254E+20,5.33617E+21,1.15043E+16,4.81514E+16
140842,140843,9,2,75,141,2016,7,10,4,3,9,7,0,0,0,1,0,0,0,0,8.23634E+20,5.37097E+21,1.33737E+16,4.84086E+16
140843,140844,9,1,62,0,2016,7,0,3,2,0,1,2,0,1,0,0,0,0,0,6.90894E+20,5.33326E+21,1.15653E+16,4.81239E+16
140844,140845,9,3,73,121,2016,7,13,3,2,4,6,0,0,1,0,0,0,0,0,6.87199E+20,5.43414E+21,1.15611E+16,4.90317E+16
140845,140846,9,1,80,117,2016,7,11,5,3,6,3,0,0,0,1,1,0,0,0,6.58078E+20,5.26499E+21,1.10997E+16,4.75191E+16
140846,140847,9,1,63,0,2016,7,17,3,3,8,1,0,0,1,0,0,0,0,0,7.34161E+20,5.30329E+21,1.21296E+16,4.78403E+16
140847,140848,9,2,62,0,2016,7,10,5,2,6,7,0,0,1,0,1,0,0,0,8.29172E+20,5.38988E+21,1.34632E+16,4.85754E+16
140848,140849,9,6,76,160,2016,7,9,3,2,5,3,0,0,1,1,0,0,0,0,5.10972E+20,5.52926E+21,9.15283E+15,4.99156E+16
140849,140850,9,5,61,0,2016,7,16,5,3,4,3,0,0,1,0,0,0,0,0,6.14275E+20,5.46191E+21,1.05718E+16,4.92992E+16
140850,140851,9,7,61,0,2016,7,16,3,3,5,3,0,0,1,1,0,0,0,0,6.39147E+20,5.35922E+21,1.08789E+16,4.83708E+16
140851,140852,9,1,62,0,2016,7,7,4,3,3,2,0,0,0,1,0,0,0,1,6.85423E+20,5.33489E+21,1.14926E+16,4.81403E+16
140852,140853,9,7,74,116,2016,7,12,4,2,0,1,0,0,0,0,0,1,0,0,6.07609E+20,5.34275E+21,1.0449E+16,4.82288E+16
140853,140854,9,2,63,0,2016,7,13,3,3,6,4,0,0,0,1,1,0,0,0,7.63499E+20,5.42025E+21,1.25942E+16,4.88791E+16
140854,140855,9,1,62,0,2016,7,1,3,2,0,7,2,0,1,0,0,0,0,0,6.93127E+20,5.33186E+21,1.15946E+16,4.81107E+16
140855,140856,9,1,62,0,2016,7,16,4,3,2,6,0,0,0,1,0,0,0,0,6.91399E+20,5.33403E+21,1.15724E+16,4.81307E+16
140856,140857,9,1,61,0,2016,7,17,5,3,5,3,0,0,0,1,0,1,0,0,6.76861E+20,5.40639E+21,1.14078E+16,4.87853E+16
140857,140858,9,1,82,125,2016,7,14,3,2,0,2,0,0,1,1,0,0,0,0,7.11949E+20,5.29732E+21,1.18302E+16,4.77943E+16
140858,140859,9,5,64,0,2016,7,11,3,2,3,6,0,0,1,1,0,0,0,0,6.50873E+20,5.47834E+21,1.10811E+16,4.9439E+16
140859,140860,9,1,62,0,2016,7,16,4,3,3,6,0,0,0,1,0,0,0,1,6.90358E+20,5.33398E+21,1.15584E+16,4.81305E+16
140860,140861,9,7,63,0,2016,7,7,4,3,5,3,0,0,1,1,0,0,0,0,5.97742E+20,5.28602E+21,1.03033E+16,4.77201E+16
140861,140862,9,1,61,0,2016,7,19,3,2,0,6,0,0,1,1,0,0,0,0,6.74867E+20,5.40423E+21,1.13798E+16,4.87664E+16
140862,140863,9,1,84,131,2016,7,11,2,2,0,1,0,0,1,0,0,0,0,0,7.0572E+20,5.3381E+21,1.17666E+16,4.81628E+16
140863,140864,9,6,71,134,2016,7,15,4,3,5,3,0,0,1,1,0,0,0,0,5.01229E+20,5.54711E+21,9.01717E+15,5.00762E+16
140864,140865,9,1,62,0,2016,7,10,3,3,5,2,0,0,1,1,0,0,0,0,6.84486E+20,5.33286E+21,1.14791E+16,4.81223E+16
140865,140866,9,1,61,0,2016,7,15,3,3,0,3,0,0,1,0,0,1,0,0,6.78679E+20,5.40429E+21,1.14316E+16,4.87659E+16
140866,140867,9,1,62,0,2016,7,8,3,3,4,2,0,0,0,1,0,1,0,0,6.95279E+20,5.33609E+21,1.16255E+16,4.8148E+16
140867,140868,9,2,72,147,2016,7,12,4,3,5,2,0,0,0,1,0,0,0,0,8.18368E+20,5.41829E+21,1.3339E+16,4.88359E+16
140868,140869,9,5,64,0,2016,7,7,3,3,5,2,0,0,0,1,0,1,0,0,6.50862E+20,5.48222E+21,1.10825E+16,4.94738E+16
140869,140870,9,7,61,0,2016,7,15,4,3,0,7,0,0,1,0,0,0,0,0,6.40296E+20,5.35729E+21,1.08938E+16,4.83532E+16
140870,140871,9,1,61,0,2016,7,16,3,2,6,4,0,0,1,0,1,0,0,0,6.77763E+20,5.40548E+21,1.14197E+16,4.87769E+16
140871,140872,9,4,71,145,2016,7,20,5,3,5,3,0,0,1,1,0,0,0,0,6.43994E+20,5.52029E+21,1.10017E+16,4.98178E+16
140872,140873,9,1,61,0,2016,7,6,3,3,5,3,0,0,0,1,0,0,0,1,6.74933E+20,5.40479E+21,1.13809E+16,4.87715E+16
140873,140874,9,1,62,0,2016,7,15,2,3,6,4,0,0,1,0,1,0,0,0,6.9271E+20,5.33954E+21,1.15925E+16,4.81798E+16
140874,140875,9,5,72,121,2016,7,17,4,3,0,1,0,0,0,1,0,1,0,0,6.58773E+20,5.49362E+21,1.11962E+16,4.95743E+16
140875,140876,9,1,62,0,2016,7,18,3,3,6,7,0,0,1,0,1,0,0,0,6.93053E+20,5.33375E+21,1.15945E+16,4.81277E+16
140876,140877,9,2,72,122,2016,7,14,4,3,5,6,0,0,1,1,0,0,0,0,8.50552E+20,5.41927E+21,1.3777E+16,4.88273E+16
140877,140878,9,1,62,0,2016,7,18,3,3,6,2,0,0,0,1,1,0,0,0,6.90849E+20,5.33908E+21,1.15673E+16,4.81762E+16
140878,140879,9,3,62,0,2016,7,11,3,3,2,6,0,0,0,1,0,0,0,0,7.23481E+20,5.4346E+21,1.20571E+16,4.90237E+16
140879,140880,9,3,62,0,2016,7,14,4,3,2,6,0,0,0,1,0,0,0,0,7.2665E+20,5.43239E+21,1.20991E+16,4.90027E+16
140880,140881,9,2,73,137,2016,7,13,5,1,5,2,0,0,0,1,0,1,0,0,7.11971E+20,5.42208E+21,1.18933E+16,4.89153E+16
140881,140882,9,1,62,0,2016,7,18,3,3,5,7,0,0,1,1,0,0,0,0,6.89283E+20,5.3333E+21,1.15437E+16,4.81248E+16
140882,140883,9,4,61,0,2016,7,18,3,3,5,3,0,0,1,1,0,0,0,0,6.36785E+20,5.5298E+21,1.09049E+16,4.99049E+16
140883,140884,9,3,62,0,2016,7,7,4,3,3,2,0,0,1,1,0,0,0,0,7.2607E+20,5.43096E+21,1.20904E+16,4.89902E+16
140884,140885,9,2,72,147,2016,7,23,5,2,0,7,2,0,1,0,0,0,0,0,8.17625E+20,5.41855E+21,1.33291E+16,4.88385E+16
140885,140886,9,1,86,143,2016,7,9,3,3,4,2,0,0,1,1,0,0,0,0,6.8508E+20,5.37833E+21,1.1507E+16,4.85308E+16
140886,140887,9,3,62,0,2016,7,15,5,3,0,7,0,0,0,0,0,1,0,0,7.29016E+20,5.43509E+21,1.2133E+16,4.90262E+16
140887,140888,9,1,62,0,2016,7,17,2,3,0,6,0,0,0,0,0,1,0,0,6.89493E+20,5.34013E+21,1.15495E+16,4.81861E+16
140888,140889,9,5,64,0,2016,7,17,4,2,6,3,0,0,0,0,1,0,0,1,6.51551E+20,5.47828E+21,1.10905E+16,4.94383E+16
140889,140890,9,5,64,0,2016,7,14,5,3,0,7,0,0,0,0,0,0,0,1,6.47351E+20,5.47812E+21,1.10325E+16,4.94379E+16
140890,140891,9,7,61,0,2016,7,15,3,3,2,6,0,0,0,1,0,0,0,0,6.37487E+20,5.35947E+21,1.08566E+16,4.83734E+16
140891,140892,9,1,79,142,2016,7,17,5,3,2,6,0,0,1,1,0,0,0,0,6.75393E+20,5.34367E+21,1.13615E+16,4.8222E+16
140892,140893,9,1,62,0,2016,7,19,3,3,1,7,0,0,1,1,0,0,0,0,6.93056E+20,5.33426E+21,1.15948E+16,4.81323E+16
140893,140894,9,2,74,113,2016,7,15,4,3,5,3,0,0,1,1,0,0,0,0,7.28488E+20,5.38194E+21,1.20962E+16,4.85489E+16
140894,140895,9,1,84,120,2016,7,14,3,2,0,1,0,0,1,0,0,0,0,0,6.81265E+20,5.33296E+21,1.14359E+16,4.8124E+16