FID,OBJECTID,ULAND,UREGBEZ,UKREIS,UGEMEINDE,UJAHR,UMONAT,USTUNDE,UWOCHENTAG,UKATEGORIE,UART,UTYP1,ULICHTVERH,IstStrasse,IstRad,IstPKW,IstFuss,IstKrad,IstGkfz,IstSonstig,LINREFX,LINREFY,XGCSWGS84,YGCSWGS84
140895,140896,9,1,89,145,2016,7,23,5,3,0,1,2,0,0,0,0,1,0,0,7.7301E+20,5.30255E+21,1.26473E+16,4.78183E+16
140896,140897,9,1,88,141,2016,7,6,3,3,4,6,0,0,1,1,0,0,0,0,6.69898E+20,5.3087E+21,1.12737E+16,4.79091E+16
140897,140898,9,1,81,126,2016,7,20,3,2,8,1,0,0,0,1,0,0,0,0,6.36581E+20,5.33228E+21,1.08356E+16,4.81291E+16
140898,140899,9,2,63,0,2016,7,8,5,3,5,3,0,0,1,1,0,0,0,0,7.61576E+20,5.41958E+21,1.25676E+16,4.88739E+16
140899,140900,9,1,84,136,2016,7,17,2,3,4,6,0,0,1,0,0,0,0,0,6.9767E+20,5.32667E+21,1.16532E+16,4.80627E+16
140900,140901,9,6,62,0,2016,7,7,3,2,6,4,0,0,0,1,1,0,0,0,5.8686E+20,5.54357E+21,1.0213E+16,5.00381E+16
140901,140902,9,5,64,0,2016,7,10,5,3,0,7,0,0,1,0,1,0,0,0,6.51299E+20,5.48257E+21,1.10886E+16,4.94769E+16
140902,140903,9,7,61,0,2016,7,18,3,3,2,6,0,0,1,1,0,0,0,0,6.39241E+20,5.36017E+21,1.08805E+16,4.83794E+16
140903,140904,9,1,62,0,2016,7,18,4,3,9,1,0,0,0,0,0,1,0,0,6.92091E+20,5.34087E+21,1.15848E+16,4.8192E+16
140904,140905,9,1,62,0,2016,7,13,4,3,5,3,0,0,1,0,0,1,0,0,6.92662E+20,5.3348E+21,1.15897E+16,4.81372E+16
140905,140906,9,2,71,119,2016,7,15,3,2,2,6,0,0,0,1,0,0,0,0,7.90476E+20,5.41669E+21,1.29587E+16,4.88352E+16
140906,140907,9,1,86,151,2016,7,11,5,3,6,2,0,0,0,1,1,0,0,0,6.81614E+20,5.3752E+21,1.14588E+16,4.85036E+16
140907,140908,9,1,81,130,2016,7,7,3,3,4,2,0,0,0,1,0,0,0,0,6.3922E+20,5.32432E+21,1.08684E+16,4.80569E+16
140908,140909,9,5,64,0,2016,7,18,3,3,2,6,0,0,1,1,0,0,0,0,6.49221E+20,5.48035E+21,1.10591E+16,4.94575E+16
140909,140910,9,1,62,0,2016,7,18,4,2,2,6,0,0,1,0,0,0,0,0,6.9143E+20,5.33292E+21,1.15723E+16,4.81207E+16
140910,140911,9,7,79,194,2016,7,13,4,3,0,7,0,0,1,0,0,0,0,0,6.09058E+20,5.4119E+21,1.04866E+16,4.88505E+16
140911,140912,9,5,72,121,2016,7,16,3,3,2,6,0,0,0,1,0,0,0,0,6.59165E+20,5.49362E+21,1.12016E+16,4.95742E+16
140912,140913,9,4,79,169,2016,7,15,5,3,9,1,0,0,1,0,0,0,0,0,7.1586E+20,5.5479E+21,1.2015E+16,5.00442E+16
140913,140914,9,7,61,0,2016,7,22,3,2,0,1,2,0,1,0,0,0,0,0,6.43022E+20,5.3576E+21,1.09306E+16,4.83553E+16
140914,140915,9,1,84,138,2016,7,13,4,3,5,3,0,0,1,1,0,0,0,0,6.82505E+20,5.33135E+21,1.14519E+16,4.81092E+16
140915,140916,9,7,80,119,2016,7,15,4,3,0,1,0,0,1,0,0,0,0,0,5.96207E+20,5.30076E+21,1.02861E+16,4.7853E+16
140916,140917,9,1,88,132,2016,7,15,3,3,6,6,0,0,1,0,1,0,0,0,6.63876E+20,5.32337E+21,1.11987E+16,4.80426E+16
140917,140918,9,7,71,158,2016,7,18,4,3,5,3,0,0,0,1,0,0,0,0,6.42756E+20,5.37342E+21,1.09324E+16,4.84976E+16
140918,140919,9,1,62,0,2016,7,17,3,3,2,6,0,0,0,1,0,0,0,0,6.89741E+20,5.3349E+21,1.15506E+16,4.8139E+16
140919,140920,9,2,79,122,2016,7,13,4,3,0,1,0,0,0,1,0,1,0,0,7.73773E+20,5.39475E+21,1.2717E+16,4.86458E+16
140920,140921,9,1,62,0,2016,7,18,3,3,1,5,0,0,1,1,0,0,0,0,6.82887E+20,5.33794E+21,1.14598E+16,4.81683E+16
140921,140922,9,5,77,136,2016,7,15,3,3,1,6,0,0,0,1,0,0,0,0,6.28806E+20,5.4426E+21,1.07654E+16,4.91227E+16
140922,140923,9,1,88,144,2016,7,7,3,3,5,3,0,0,0,1,0,0,0,0,6.68759E+20,5.32774E+21,1.12659E+16,4.80805E+16
140923,140924,9,3,62,0,2016,7,13,5,3,2,6,0,0,0,1,0,0,0,0,7.25269E+20,5.43315E+21,1.20807E+16,4.90101E+16
140924,140925,9,1,79,123,2016,7,17,3,3,5,3,0,0,1,1,0,0,0,0,6.75379E+20,5.33276E+21,1.13568E+16,4.8124E+16
140925,140926,9,1,62,0,2016,7,14,2,3,5,3,0,0,0,1,0,1,0,1,6.95232E+20,5.33871E+21,1.1626E+16,4.81716E+16
140926,140927,9,4,62,0,2016,7,10,5,3,3,6,0,0,1,0,0,0,0,1,6.84908E+20,5.53594E+21,1.15774E+16,4.99472E+16
140927,140928,9,1,81,114,2016,7,13,3,3,6,7,0,0,1,0,1,0,0,0,6.57163E+20,5.31285E+21,1.11049E+16,4.79497E+16
140928,140929,9,1,62,0,2016,7,8,2,3,6,2,0,0,0,1,1,0,0,0,6.91663E+20,5.3328E+21,1.15754E+16,4.81196E+16
140929,140930,9,5,62,0,2016,7,9,4,3,4,2,0,0,1,1,0,0,0,0,6.44982E+20,5.49415E+21,1.10057E+16,4.95825E+16
140930,140931,9,1,62,0,2016,7,17,3,3,0,7,0,0,1,0,0,0,0,0,6.9069E+20,5.33411E+21,1.15629E+16,4.81317E+16
140931,140932,9,1,62,0,2016,7,19,3,2,5,7,0,0,0,1,0,1,0,0,6.90426E+20,5.3427E+21,1.15632E+16,4.82089E+16
140932,140933,9,4,61,0,2016,7,11,3,2,5,3,0,0,1,1,0,0,0,0,6.36084E+20,5.53025E+21,1.08953E+16,4.99091E+16
140933,140934,9,3,73,147,2016,7,12,4,3,4,2,0,0,0,1,0,1,0,0,6.79458E+20,5.4606E+21,1.14671E+16,4.92718E+16
140934,140935,9,2,61,0,2016,7,19,5,3,0,1,0,0,0,0,0,1,0,0,7.31974E+20,5.37979E+21,1.21422E+16,4.85283E+16
140935,140936,9,1,74,115,2016,7,19,3,3,4,7,0,0,0,1,0,0,0,0,6.83468E+20,5.34917E+21,1.14725E+16,4.82691E+16
140936,140937,9,3,76,161,2016,7,8,5,2,5,3,0,0,1,1,0,0,0,0,7.25829E+20,5.46803E+21,1.21079E+16,4.93232E+16
140937,140938,9,1,62,0,2016,7,11,2,3,6,4,0,0,0,1,1,0,0,0,6.9299E+20,5.33385E+21,1.15937E+16,4.81286E+16
140938,140939,9,5,64,0,2016,7,16,4,3,0,3,0,0,1,1,0,0,0,0,6.46275E+20,5.48178E+21,1.1019E+16,4.94711E+16
140939,140940,9,5,64,0,2016,7,16,5,3,2,6,0,0,0,1,0,0,0,0,6.5096E+20,5.47925E+21,1.10827E+16,4.94471E+16
140940,140941,9,7,61,0,2016,7,16,3,3,5,3,0,0,0,1,0,0,0,0,6.39926E+20,5.35995E+21,1.08897E+16,4.83771E+16
140941,140942,9,1,79,123,2016,7,14,5,3,5,2,0,0,1,0,0,1,0,0,6.75851E+20,5.33258E+21,1.1363E+16,4.81222E+16
140942,140943,9,1,62,0,2016,7,23,3,3,0,5,2,0,1,1,0,0,0,0,6.89104E+20,5.3343E+21,1.15417E+16,4.81338E+16
140943,140944,9,2,73,166,2016,7,19,4,3,1,1,0,0,1,1,0,0,0,0,7.13938E+20,5.41988E+21,1.1919E+16,4.88949E+16
140944,140945,9,1,62,0,2016,7,12,3,3,4,6,0,0,1,0,0,0,0,0,6.89449E+20,5.33309E+21,1.15458E+16,4.81228E+16
140945,140946,9,1,62,0,2016,7,15,4,2,5,3,0,0,1,0,0,0,0,1,6.94254E+20,5.33347E+21,1.16105E+16,4.81248E+16
140946,140947,9,5,64,0,2016,7,16,4,3,2,6,0,0,0,1,0,0,0,0,6.4904E+20,5.47904E+21,1.10561E+16,4.94458E+16
140947,140948,9,6,63,0,2016,7,19,3,3,4,6,0,0,0,1,0,0,0,0,5.69336E+20,5.51014E+21,9.96229E+15,4.97398E+16
140948,140949,9,1,62,0,2016,7,18,3,2,0,1,0,0,1,0,0,0,0,0,6.92256E+20,5.33848E+21,1.15859E+16,4.81704E+16
140949,140950,9,1,89,154,2016,7,15,4,3,5,3,0,0,1,1,0,0,0,0,7.67735E+20,5.31815E+21,1.25867E+16,4.79606E+16
140950,140951,9,1,62,0,2016,7,8,3,3,3,6,0,0,1,0,0,0,0,0,6.91443E+20,5.34E+21,1.15757E+16,4.81844E+16
140951,140952,9,3,62,0,2016,7,20,3,3,5,7,0,0,1,1,0,0,0,0,7.28602E+20,5.43592E+21,1.21278E+16,4.90337E+16
140952,140953,9,1,90,154,2016,7,17,5,2,0,1,0,0,1,0,0,0,0,0,6.36739E+20,5.28455E+21,1.08226E+16,4.76999E+16
140953,140954,9,1,78,120,2016,7,20,3,3,5,3,0,0,1,1,0,0,0,0,6.94785E+20,5.35273E+21,1.16265E+16,4.82977E+16
140954,140955,9,2,62,0,2016,7,19,5,2,6,4,0,0,0,1,1,0,0,0,8.28493E+20,5.38981E+21,1.34539E+16,4.85752E+16
140955,140956,9,6,72,149,2016,7,20,3,2,8,1,0,1,0,1,0,0,0,0,5.60851E+20,5.56988E+21,9.85402E+15,5.02779E+16
140956,140957,9,5,71,152,2016,7,15,5,3,0,3,0,0,1,1,0,0,0,0,5.87332E+20,5.46789E+21,1.02026E+16,4.93575E+16
140957,140958,9,6,63,0,2016,7,7,3,3,3,2,0,0,1,1,0,0,0,0,5.68065E+20,5.5167E+21,9.94581E+15,4.97989E+16
140958,140959,9,1,84,138,2016,7,16,4,3,0,6,0,0,1,0,0,0,0,0,6.81047E+20,5.33083E+21,1.14321E+16,4.8105E+16
140959,140960,9,7,78,127,2016,7,19,4,2,4,6,0,0,0,0,0,1,0,1,6.1283E+20,5.31601E+21,1.05122E+16,4.79875E+16
140960,140961,9,2,62,0,2016,7,16,3,3,5,3,0,0,0,1,0,1,0,0,8.28828E+20,5.38933E+21,1.34581E+16,4.85706E+16
140961,140962,9,1,86,143,2016,7,13,5,3,1,7,0,0,1,1,0,0,0,0,6.8457E+20,5.37829E+21,1.15001E+16,4.85305E+16
140962,140963,9,1,78,124,2016,7,15,3,3,2,7,0,0,1,1,0,0,0,0,7.04249E+20,5.36379E+21,1.17593E+16,4.83942E+16
140963,140964,9,1,71,112,2016,7,7,5,3,3,7,0,0,0,1,0,1,0,0,7.85017E+20,5.34194E+21,1.28335E+16,4.81667E+16
140964,140965,9,1,77,117,2016,7,7,3,3,5,3,0,0,0,1,0,1,0,0,7.14461E+20,5.35329E+21,1.18917E+16,4.82964E+16
140965,140966,9,5,63,0,2016,7,15,3,3,6,4,0,0,0,1,1,0,0,0,6.45099E+20,5.48087E+21,1.10025E+16,4.94631E+16
140966,140967,9,1,62,0,2016,7,8,4,3,3,6,0,0,0,0,0,1,0,1,6.89062E+20,5.33335E+21,1.15407E+16,4.81253E+16
140967,140968,9,7,80,139,2016,7,7,4,3,1,6,0,0,0,0,0,1,0,0,5.95851E+20,5.26401E+21,1.02733E+16,4.75225E+16
140968,140969,9,1,62,0,2016,7,18,2,3,1,5,0,0,1,1,0,0,0,0,6.91169E+20,5.33379E+21,1.15692E+16,4.81287E+16
140969,140970,9,6,75,141,2016,7,12,4,3,5,3,0,0,1,0,0,0,0,0,5.84353E+20,5.51045E+21,1.01707E+16,4.97406E+16
140970,140971,9,4,78,139,2016,7,7,3,3,5,3,0,0,0,1,0,0,0,0,6.47583E+20,5.55622E+21,1.10654E+16,5.01398E+16
140971,140972,9,7,61,0,2016,7,16,6,2,6,7,0,0,0,1,1,0,0,0,6.37733E+20,5.36025E+21,1.08602E+16,4.83804E+16
140972,140973,9,3,63,0,2016,7,19,6,3,5,3,0,0,1,1,0,0,0,0,7.26713E+20,5.50873E+21,1.21434E+16,4.96884E+16
140973,140974,9,3,76,161,2016,7,18,1,3,3,6,0,0,1,0,0,0,0,0,7.26463E+20,5.47241E+21,1.21191E+16,4.93623E+16
140974,140975,9,3,72,169,2016,7,17,6,3,5,3,0,0,1,1,0,0,0,0,7.44177E+20,5.44928E+21,1.23486E+16,4.91477E+16
140975,140976,9,7,61,0,2016,7,17,5,3,1,5,0,0,0,1,0,1,0,0,6.40401E+20,5.35926E+21,1.08958E+16,4.83709E+16
140976,140977,9,7,63,0,2016,7,23,5,3,4,7,2,0,1,1,0,0,0,0,5.98296E+20,5.28726E+21,1.03109E+16,4.77312E+16
140977,140978,9,1,62,0,2016,7,17,6,3,5,2,0,0,0,1,0,1,0,0,6.87912E+20,5.34361E+21,1.15298E+16,4.82178E+16
140978,140979,9,3,74,131,2016,7,17,7,3,0,7,0,0,0,1,0,1,0,0,7.16032E+20,5.50077E+21,1.19911E+16,4.96208E+16
140979,140980,9,5,73,127,2016,7,22,7,2,4,1,2,0,0,1,0,1,0,0,6.45561E+20,5.47401E+21,1.10063E+16,4.94014E+16
140980,140981,9,1,74,121,2016,7,17,7,3,5,3,0,0,1,1,0,0,0,0,6.88253E+20,5.35513E+21,1.15396E+16,4.83213E+16
140981,140982,9,7,61,0,2016,7,19,6,3,2,6,0,0,0,1,0,0,0,0,6.39127E+20,5.3591E+21,1.08786E+16,4.83697E+16
140982,140983,9,7,71,158,2016,7,13,7,2,2,2,0,0,0,0,0,1,0,1,6.44191E+20,5.37251E+21,1.09515E+16,4.84892E+16
140983,140984,9,4,76,152,2016,7,16,1,3,5,3,0,0,1,1,0,0,0,0,6.66247E+20,5.59568E+21,1.13437E+16,5.04895E+16
140984,140985,9,1,88,127,2016,7,15,1,3,5,3,0,0,1,1,0,0,0,0,6.75645E+20,5.32927E+21,1.13589E+16,4.80925E+16
140985,140986,9,3,62,0,2016,7,8,6,3,5,3,0,0,1,1,0,0,0,0,7.24136E+20,5.43466E+21,1.20661E+16,4.9024E+16
140986,140987,9,1,73,112,2016,7,10,1,2,0,7,0,0,1,0,0,0,0,0,6.9151E+20,5.29282E+21,1.15556E+16,4.77603E+16
140987,140988,9,3,62,0,2016,7,15,6,3,5,6,0,0,0,1,0,1,0,0,7.28362E+20,5.43386E+21,1.21233E+16,4.90153E+16
140988,140989,9,2,73,172,2016,7,7,1,3,8,1,0,0,1,0,0,0,0,0,7.09434E+20,5.40416E+21,1.18496E+16,4.87552E+16
140989,140990,9,6,63,0,2016,7,17,5,3,5,3,0,0,1,1,0,0,0,0,5.68553E+20,5.51648E+21,9.95255E+15,4.97968E+16
140990,140991,9,7,77,169,2016,7,11,5,3,5,3,0,0,1,1,0,0,0,0,6.29376E+20,5.27014E+21,1.07202E+16,4.75718E+16
140991,140992,9,1,62,0,2016,7,15,6,3,1,3,0,0,0,1,0,1,0,0,6.92323E+20,5.34003E+21,1.15875E+16,4.81844E+16
140992,140993,9,1,62,0,2016,7,14,7,3,2,6,0,0,0,1,0,0,0,0,6.86253E+20,5.33146E+21,1.15022E+16,4.81091E+16
140993,140994,9,3,77,116,2016,7,13,7,3,0,7,0,0,1,1,0,0,0,0,7.18885E+20,5.52534E+21,1.20444E+16,4.98405E+16
140994,140995,9,5,64,0,2016,7,12,7,2,0,1,0,0,1,0,0,0,0,0,6.50003E+20,5.47295E+21,1.10671E+16,4.93908E+16
140995,140996,9,1,78,120,2016,7,23,7,3,0,1,2,0,1,0,0,0,0,0,6.94047E+20,5.35256E+21,1.16165E+16,4.82965E+16
140996,140997,9,7,61,0,2016,7,22,6,2,5,2,2,0,1,1,0,0,0,0,6.41068E+20,5.36117E+21,1.09055E+16,4.83879E+16
140997,140998,9,4,74,126,2016,7,20,1,3,0,1,0,0,1,0,0,0,0,0,6.48356E+20,5.5105E+21,1.10586E+16,4.97287E+16
140998,140999,9,1,62,0,2016,7,17,7,3,3,5,0,0,1,1,0,0,0,0,6.9195E+20,5.33564E+21,1.15805E+16,4.8145E+16
140999,141000,9,3,62,0,2016,7,9,6,2,3,6,0,0,0,1,0,0,0,1,7.26801E+20,5.43369E+21,1.21019E+16,4.90144E+16
141000,141001,9,1,87,177,2016,7,9,1,3,5,3,0,0,1,1,0,0,0,0,7.40415E+20,5.30612E+21,1.22146E+16,4.78634E+16
141001,141002,9,1,84,134,2016,7,19,5,3,0,1,0,0,1,0,0,0,0,0,6.91601E+20,5.32456E+21,1.15709E+16,4.80456E+16
141002,141003,9,7,61,0,2016,7,20,6,3,5,3,0,0,1,0,0,0,0,0,6.38006E+20,5.35565E+21,1.08623E+16,4.83389E+16
141003,141004,9,7,77,129,2016,7,4,5,3,8,1,2,0,0,1,0,0,0,0,6.25152E+20,5.27017E+21,1.06641E+16,4.75729E+16
141004,141005,9,1,62,0,2016,7,20,6,3,1,6,0,0,0,1,0,0,0,0,6.90479E+20,5.33664E+21,1.15612E+16,4.81545E+16
141005,141006,9,7,76,120,2016,7,19,7,3,1,5,0,0,1,1,0,0,0,0,5.45418E+20,5.27035E+21,9.60403E+15,4.7585E+16
141006,141007,9,7,77,121,2016,7,17,5,3,5,2,0,0,0,1,0,0,0,0,6.27246E+20,5.32094E+21,1.07068E+16,4.80291E+16
141007,141008,9,1,62,0,2016,7,9,6,2,0,7,0,0,1,0,0,0,0,0,6.85772E+20,5.33224E+21,1.14961E+16,4.81163E+16
141008,141009,9,1,62,0,2016,7,20,7,3,1,5,0,0,0,1,0,1,0,0,6.91468E+20,5.33746E+21,1.15749E+16,4.81615E+16
141009,141010,9,7,61,0,2016,7,15,7,3,1,6,0,0,1,1,0,0,0,0,6.39028E+20,5.35592E+21,1.08762E+16,4.83412E+16
141010,141011,9,3,62,0,2016,7,17,1,3,0,1,0,0,0,0,0,1,0,0,7.2721E+20,5.43091E+21,1.21059E+16,4.89893E+16
141011,141012,9,1,62,0,2016,7,18,7,3,0,1,0,0,1,0,0,0,0,0,6.91601E+20,5.33983E+21,1.15777E+16,4.81828E+16
141012,141013,9,3,72,116,2016,7,18,6,3,5,3,0,0,1,0,0,0,0,0,7.70436E+20,5.45977E+21,1.2715E+16,4.92309E+16
141013,141014,9,1,62,0,2016,7,18,5,3,4,2,0,0,0,1,0,0,0,0,6.865E+20,5.33486E+21,1.1507E+16,4.81396E+16
141014,141015,9,7,61,0,2016,7,20,6,3,6,2,0,0,0,1,1,0,0,0,6.40619E+20,5.35724E+21,1.08981E+16,4.83526E+16
141015,141016,9,7,73,125,2016,7,7,7,3,5,3,0,0,1,1,0,0,0,0,6.10132E+20,5.38235E+21,1.04934E+16,4.85845E+16
141016,141017,9,2,71,119,2016,7,13,6,3,5,3,0,0,0,1,0,1,0,0,7.90586E+20,5.41713E+21,1.29606E+16,4.8839E+16
141017,141018,9,2,72,147,2016,7,18,6,3,0,7,0,0,1,0,0,0,0,0,8.1903E+20,5.41763E+21,1.33475E+16,4.88296E+16
141018,141019,9,1,62,0,2016,7,9,5,3,4,2,0,0,1,1,0,0,0,0,6.96877E+20,5.33048E+21,1.16443E+16,4.80971E+16
141019,141020,9,3,62,0,2016,7,22,7,3,6,7,2,0,0,1,1,0,0,0,7.25933E+20,5.43413E+21,1.20903E+16,4.90186E+16
141020,141021,9,5,77,161,2016,7,16,7,3,5,3,0,0,1,1,0,0,0,0,6.39514E+20,5.44159E+21,1.09117E+16,4.91113E+16
141021,141022,9,1,78,143,2016,7,12,7,3,0,7,0,0,1,0,0,0,0,0,7.16771E+20,5.37329E+21,1.19332E+16,4.84753E+16
141022,141023,9,7,61,0,2016,7,15,6,3,1,6,0,0,0,1,0,0,0,0,6.39726E+20,5.35634E+21,1.08857E+16,4.83448E+16
141023,141024,9,2,61,0,2016,7,19,6,3,8,1,0,1,0,0,0,1,0,0,7.35079E+20,5.37971E+21,1.21841E+16,4.85264E+16
141024,141025,9,2,77,138,2016,7,17,1,3,4,3,0,0,0,1,0,0,0,1,7.91513E+20,5.37155E+21,1.29411E+16,4.84295E+16
141025,141026,9,2,73,152,2016,7,17,6,3,5,3,0,0,0,1,0,1,0,0,7.04215E+20,5.41215E+21,1.17826E+16,4.88287E+16
141026,141027,9,6,63,0,2016,7,20,5,3,5,3,0,0,1,1,0,0,0,0,5.65461E+20,5.51623E+21,9.90955E+15,4.9795E+16
141027,141028,9,7,77,153,2016,7,12,5,3,0,1,0,0,1,0,0,0,0,0,6.15208E+20,5.27494E+21,1.05332E+16,4.76176E+16
141028,141029,9,1,84,112,2016,7,18,6,2,5,3,0,0,1,1,0,0,0,0,7.03038E+20,5.33914E+21,1.17311E+16,4.8173E+16
141029,141030,9,3,72,116,2016,7,14,7,3,9,1,0,0,0,0,0,1,0,0,7.69504E+20,5.46245E+21,1.2704E+16,4.92554E+16
141030,141031,9,5,71,189,2016,7,16,7,2,5,3,0,0,0,1,0,1,0,0,6.20767E+20,5.44849E+21,1.0657E+16,4.91773E+16
141031,141032,9,1,78,155,2016,7,17,7,3,5,3,0,0,0,1,0,1,0,0,7.2175E+20,5.37442E+21,1.2001E+16,4.84837E+16
141032,141033,9,7,61,0,2016,7,19,6,3,0,1,0,0,1,0,0,0,0,0,6.40254E+20,5.35861E+21,1.08936E+16,4.8365E+16
141033,141034,9,7,71,113,2016,7,18,7,2,5,3,0,0,1,1,0,0,0,0,6.57957E+20,5.37068E+21,1.1137E+16,4.84694E+16
141034,141035,9,6,77,155,2016,7,17,5,3,1,6,0,0,0,1,0,1,0,0,5.41247E+20,5.53725E+21,9.57538E+15,4.99862E+16
141035,141036,9,1,62,0,2016,7,20,5,3,3,2,1,0,1,1,0,0,0,0,6.92312E+20,5.33423E+21,1.15848E+16,4.81322E+16
141036,141037,9,3,71,129,2016,7,10,7,3,5,3,0,0,0,1,0,1,0,0,7.03434E+20,5.46613E+21,1.17991E+16,4.9314E+16
141037,141038,9,1,75,112,2016,7,14,7,2,0,1,0,0,0,0,0,1,0,0,7.22983E+20,5.31747E+21,1.19877E+16,4.79717E+16
141038,141039,9,7,71,114,2016,7,7,6,3,3,6,0,0,1,0,0,0,0,0,6.45633E+20,5.37484E+21,1.09719E+16,4.85098E+16
141039,141040,9,6,77,129,2016,7,19,7,3,0,1,0,0,1,0,0,0,0,0,5.3217E+20,5.54616E+21,9.44951E+15,5.00668E+16
141040,141041,9,5,64,0,2016,7,18,1,2,5,2,0,0,0,1,0,0,0,0,6.5219E+20,5.47883E+21,1.10995E+16,4.94431E+16
141041,141042,9,1,85,149,2016,7,21,1,3,5,3,1,0,0,1,0,0,0,0,6.60273E+20,5.40023E+21,1.11797E+16,4.87345E+16
141042,141043,9,1,90,148,2016,7,7,6,3,0,1,0,0,1,0,0,0,0,0,6.42247E+20,5.29684E+21,1.09E+16,4.78092E+16
141043,141044,9,2,61,0,2016,7,17,1,3,2,6,0,0,0,1,0,1,0,0,7.31409E+20,5.38334E+21,1.21365E+16,4.85604E+16
141044,141045,9,6,78,193,2016,7,11,5,3,4,2,0,0,0,1,0,0,0,0,5.80144E+20,5.53972E+21,1.01184E+16,5.00044E+16
141045,141046,9,7,79,194,2016,7,12,5,3,3,2,0,0,1,0,0,1,0,0,6.09642E+20,5.41257E+21,1.04948E+16,4.88564E+16
141046,141047,9,1,62,0,2016,7,17,6,3,3,3,0,0,1,1,0,0,0,0,6.95689E+20,5.33376E+21,1.16299E+16,4.8127E+16
141047,141048,9,1,62,0,2016,7,12,7,3,6,7,0,0,1,0,1,0,0,0,6.95683E+20,5.3338E+21,1.16298E+16,4.81274E+16
141048,141049,9,2,77,142,2016,7,3,7,3,9,6,2,0,1,0,0,1,0,0,7.87509E+20,5.3889E+21,1.28991E+16,4.85871E+16
141049,141050,9,7,61,0,2016,7,12,7,3,5,3,0,0,1,1,0,0,0,0,6.38894E+20,5.35616E+21,1.08745E+16,4.83433E+16
141050,141051,9,4,75,161,2016,7,16,7,2,5,2,0,0,0,1,0,1,0,0,7.20323E+20,5.57819E+21,1.20948E+16,5.03146E+16
141051,141052,9,1,62,0,2016,7,8,6,3,2,6,0,0,0,1,0,0,0,0,6.88062E+20,5.33747E+21,1.15291E+16,4.81626E+16
141052,141053,9,3,72,126,2016,7,12,1,3,0,1,0,0,1,0,0,0,0,0,7.78417E+20,5.46808E+21,1.28301E+16,4.93019E+16
141053,141054,9,1,84,113,2016,7,15,7,2,0,1,0,1,1,0,0,0,0,0,6.86591E+20,5.32283E+21,1.1503E+16,4.80315E+16
141054,141055,9,1,80,123,2016,7,21,6,2,0,7,1,0,1,0,0,0,0,0,6.71055E+20,5.25637E+21,1.12686E+16,4.74383E+16
141055,141056,9,4,73,112,2016,7,7,1,3,5,3,0,0,0,1,0,0,0,0,6.36483E+20,5.56682E+21,1.09139E+16,5.02377E+16
141056,141057,9,1,74,115,2016,7,12,1,3,0,1,0,0,1,0,0,0,0,0,6.81924E+20,5.3484E+21,1.14514E+16,4.82626E+16
141057,141058,9,1,83,119,2016,7,11,6,3,4,7,0,0,1,0,0,0,0,0,7.36466E+20,5.33919E+21,1.21801E+16,4.8162E+16
141058,141059,9,1,71,112,2016,7,9,1,2,0,4,0,0,1,0,1,0,0,0,7.84558E+20,5.34061E+21,1.28265E+16,4.8155E+16
141059,141060,9,7,71,113,2016,7,14,6,3,0,7,0,0,1,0,0,0,0,0,6.57032E+20,5.3699E+21,1.11242E+16,4.84627E+16
141060,141061,9,7,73,125,2016,7,20,5,3,5,3,0,0,1,0,0,0,0,0,6.08683E+20,5.3824E+21,1.04737E+16,4.85852E+16
141061,141062,9,1,62,0,2016,7,13,6,3,1,6,0,0,0,1,0,0,0,0,6.91762E+20,5.33196E+21,1.15764E+16,4.8112E+16
141062,141063,9,7,75,135,2016,7,17,7,3,5,3,0,0,1,1,0,0,0,0,5.7595E+20,5.36236E+21,1.00263E+16,4.84098E+16
141063,141064,9,6,79,136,2016,7,14,6,3,5,3,0,0,0,1,0,0,0,0,5.70733E+20,5.51518E+21,9.9826E+15,4.97849E+16
141064,141065,9,1,62,0,2016,7,19,7,3,5,3,0,0,0,1,0,0,0,0,6.81218E+20,5.3386E+21,1.14377E+16,4.81748E+16
141065,141066,9,1,89,140,2016,7,11,6,2,0,1,0,0,1,0,0,0,0,0,7.6851E+20,5.29231E+21,1.2581E+16,4.77283E+16
141066,141067,9,1,62,0,2016,7,19,5,2,3,7,0,0,1,0,0,0,0,0,6.92548E+20,5.33417E+21,1.15879E+16,4.81316E+16
141067,141068,9,6,63,0,2016,7,18,6,3,0,1,0,0,1,0,0,0,0,0,5.66561E+20,5.5158E+21,9.92475E+15,4.97909E+16
141068,141069,9,1,62,0,2016,7,14,5,3,3,2,0,0,1,0,0,0,0,1,6.92166E+20,5.33956E+21,1.15852E+16,4.81802E+16
141069,141070,9,6,61,0,2016,7,12,6,3,0,7,0,1,1,0,0,0,0,0,5.10541E+20,5.53638E+21,9.14701E+15,4.99797E+16
141070,141071,9,7,73,170,2016,7,17,5,3,3,7,0,0,0,0,0,0,0,1,5.94524E+20,5.39056E+21,1.02837E+16,4.8661E+16
141071,141072,9,1,62,0,2016,7,15,6,3,5,3,0,0,0,1,0,0,0,0,6.93444E+20,5.33208E+21,1.1599E+16,4.81126E+16