FID,OBJECTID,ULAND,UREGBEZ,UKREIS,UGEMEINDE,UJAHR,UMONAT,USTUNDE,UWOCHENTAG,UKATEGORIE,UART,UTYP1,ULICHTVERH,IstStrasse,IstRad,IstPKW,IstFuss,IstKrad,IstGkfz,IstSonstig,LINREFX,LINREFY,XGCSWGS84,YGCSWGS84
141072,141073,9,7,80,115,2016,7,20,7,3,8,1,0,0,1,0,0,0,0,0,5.84353E+20,5.26049E+21,1.01199E+16,4.74924E+16
141073,141074,9,1,89,120,2016,7,17,6,3,8,1,0,0,1,0,0,0,0,0,7.58581E+20,5.29801E+21,1.24522E+16,4.77835E+16
141074,141075,9,6,74,221,2016,7,12,5,3,0,1,0,0,1,0,0,0,0,0,6.13726E+20,5.54151E+21,1.05874E+16,5.0015E+16
141075,141076,9,1,62,0,2016,7,7,5,3,0,7,0,0,1,0,0,0,0,0,6.8905E+20,5.3324E+21,1.15402E+16,4.81168E+16
141076,141077,9,2,72,141,2016,7,19,7,3,0,6,0,0,1,0,0,0,0,1,8.30641E+20,5.40892E+21,1.34982E+16,4.87454E+16
141077,141078,9,4,64,0,2016,7,15,7,3,4,2,0,0,0,1,0,1,0,0,7.08358E+20,5.57802E+21,1.19268E+16,5.03174E+16
141078,141079,9,1,62,0,2016,7,22,6,3,8,7,2,0,0,0,0,1,0,0,6.94335E+20,5.33086E+21,1.16104E+16,4.81014E+16
141079,141080,9,6,71,143,2016,7,12,6,2,8,1,0,0,0,1,0,0,0,0,5.09485E+20,5.54337E+21,9.13247E+15,5.00426E+16
141080,141081,9,6,73,116,2016,7,19,7,3,0,7,0,0,1,0,0,0,0,0,5.83882E+20,5.58514E+21,1.01806E+16,5.04123E+16
141081,141082,9,1,72,114,2016,7,14,6,3,0,7,0,0,1,0,0,0,0,0,7.91089E+20,5.2937E+21,1.28824E+16,4.77309E+16
141082,141083,9,2,73,163,2016,7,11,1,3,0,1,0,0,1,0,0,0,0,0,7.06253E+20,5.39673E+21,1.18026E+16,4.86895E+16
141083,141084,9,7,61,0,2016,7,9,7,3,5,3,0,0,1,1,0,0,0,0,6.39148E+20,5.35922E+21,1.08789E+16,4.83708E+16
141084,141085,9,3,73,147,2016,7,15,1,3,8,1,0,0,1,0,0,0,0,0,6.82433E+20,5.46189E+21,1.15085E+16,4.92825E+16
141085,141086,9,1,63,0,2016,7,14,6,3,3,2,0,0,1,1,0,0,0,0,7.33691E+20,5.30448E+21,1.2124E+16,4.78511E+16
141086,141087,9,6,73,114,2016,7,17,5,3,6,4,0,0,0,1,1,0,0,0,5.86437E+20,5.57505E+21,1.02142E+16,5.03212E+16
141087,141088,9,7,75,162,2016,7,13,5,3,0,1,0,0,1,0,0,0,0,0,5.81717E+20,5.34808E+21,1.01015E+16,4.82807E+16
141088,141089,9,2,74,114,2016,7,18,7,2,0,7,0,0,1,0,0,0,0,0,7.34042E+20,5.3707E+21,1.2165E+16,4.84458E+16
141089,141090,9,4,75,162,2016,7,13,7,3,4,1,0,0,0,1,0,1,0,0,7.15753E+20,5.57035E+21,1.20262E+16,5.02458E+16
141090,141091,9,1,62,0,2016,7,8,6,3,5,2,0,0,0,1,0,1,0,0,6.90038E+20,5.33474E+21,1.15545E+16,4.81375E+16
141091,141092,9,5,72,111,2016,7,18,6,3,4,6,0,0,1,1,0,0,0,0,6.37786E+20,5.51011E+21,1.09119E+16,4.97277E+16
141092,141093,9,6,72,114,2016,7,4,7,3,6,7,1,0,0,0,1,0,0,1,5.76823E+20,5.56145E+21,1.00764E+16,5.02002E+16
141093,141094,9,4,73,151,2016,7,19,1,3,1,5,0,0,1,1,0,0,0,0,6.50893E+20,5.57755E+21,1.11201E+16,5.03307E+16
141094,141095,9,1,79,126,2016,7,4,1,3,0,1,2,0,1,0,0,0,0,0,6.75963E+20,5.34004E+21,1.13676E+16,4.81892E+16
141095,141096,9,1,87,118,2016,7,14,6,2,0,6,0,0,1,0,0,0,0,1,7.52672E+20,5.30046E+21,1.23749E+16,4.78079E+16
141096,141097,9,2,73,152,2016,7,13,1,3,0,1,0,0,1,0,0,0,0,0,7.03793E+20,5.4119E+21,1.17768E+16,4.88266E+16
141097,141098,9,7,73,117,2016,7,17,5,3,5,2,0,0,0,1,0,0,0,0,6.1892E+20,5.39741E+21,1.06168E+16,4.87184E+16
141098,141099,9,1,62,0,2016,7,6,6,3,2,6,0,0,0,1,0,1,0,0,6.94727E+20,5.33219E+21,1.16163E+16,4.81132E+16
141099,141100,9,1,62,0,2016,7,13,7,3,5,3,0,0,1,1,0,0,0,0,6.88244E+20,5.33375E+21,1.15299E+16,4.81291E+16
141100,141101,9,6,76,119,2016,7,20,5,3,5,3,0,0,0,1,0,1,0,0,5.2579E+20,5.50172E+21,9.3574E+15,4.96675E+16
141101,141102,9,7,64,0,2016,7,22,6,3,6,2,2,0,0,1,1,0,0,0,5.86886E+20,5.31592E+21,1.01646E+16,4.79907E+16
141102,141103,9,1,90,157,2016,7,20,7,3,5,3,0,0,1,0,0,1,0,0,6.59881E+20,5.30133E+21,1.1137E+16,4.78454E+16
141103,141104,9,4,77,128,2016,7,11,7,2,5,3,0,0,1,1,0,0,0,0,6.76406E+20,5.55417E+21,1.14674E+16,5.01136E+16
141104,141105,9,1,62,0,2016,7,19,6,3,5,3,0,0,0,1,0,0,0,0,6.80589E+20,5.3399E+21,1.14298E+16,4.81867E+16
141105,141106,9,5,74,123,2016,7,16,6,3,6,7,0,0,1,0,1,0,0,0,6.60218E+20,5.47118E+21,1.12071E+16,4.93722E+16
141106,141107,9,4,62,0,2016,7,22,1,3,0,1,2,0,1,0,0,0,0,0,6.84616E+20,5.53555E+21,1.15732E+16,4.99438E+16
141107,141108,9,1,62,0,2016,7,14,7,3,4,2,0,0,0,1,0,1,0,0,6.94351E+20,5.34171E+21,1.16156E+16,4.81988E+16
141108,141109,9,1,82,136,2016,7,11,6,3,0,5,0,0,0,0,0,1,0,1,7.07229E+20,5.29711E+21,1.17671E+16,4.7794E+16
141109,141110,9,1,72,114,2016,7,0,1,3,4,6,2,0,1,1,0,0,0,0,7.91677E+20,5.29421E+21,1.28905E+16,4.77352E+16
141110,141111,9,1,62,0,2016,7,17,5,3,1,5,0,0,1,1,0,0,0,0,6.90369E+20,5.33569E+21,1.15593E+16,4.8146E+16
141111,141112,9,5,63,0,2016,7,7,6,3,2,6,0,0,0,1,0,1,0,0,6.44316E+20,5.48205E+21,1.09921E+16,4.94739E+16
141112,141113,9,7,72,200,2016,7,14,5,3,9,7,0,0,0,1,0,0,0,1,6.3017E+20,5.33828E+21,1.07513E+16,4.81844E+16
141113,141114,9,7,78,171,2016,7,12,6,3,4,7,0,0,1,1,0,0,0,0,5.90019E+20,5.31586E+21,1.02065E+16,4.79897E+16
141114,141115,9,7,80,112,2016,7,15,7,2,0,7,0,0,1,0,0,0,0,0,5.8948E+20,5.29794E+21,1.01956E+16,4.78286E+16
141115,141116,9,5,64,0,2016,7,12,6,3,0,7,0,0,0,0,1,0,0,1,6.50302E+20,5.47957E+21,1.10737E+16,4.94501E+16
141116,141117,9,1,62,0,2016,7,18,6,3,2,6,0,0,0,1,0,0,0,0,6.85956E+20,5.33762E+21,1.15009E+16,4.81646E+16
141117,141118,9,3,62,0,2016,7,14,1,3,0,1,0,0,1,0,0,0,0,0,7.26479E+20,5.43357E+21,1.20975E+16,4.90135E+16
141118,141119,9,1,62,0,2016,7,18,7,3,1,3,0,0,0,1,0,0,0,0,6.90825E+20,5.33298E+21,1.15642E+16,4.81214E+16
141119,141120,9,1,82,134,2016,7,20,6,3,0,1,0,0,1,0,0,0,0,0,7.01107E+20,5.29677E+21,1.16853E+16,4.77929E+16
141120,141121,9,1,62,0,2016,7,21,5,2,6,4,2,0,0,0,1,1,0,0,6.90728E+20,5.34274E+21,1.15673E+16,4.82092E+16
141121,141122,9,5,64,0,2016,7,23,6,3,2,6,2,0,0,1,0,0,0,1,6.50988E+20,5.47606E+21,1.10819E+16,4.94185E+16
141122,141123,9,7,77,129,2016,7,13,7,3,5,6,0,0,1,1,0,0,0,0,6.26541E+20,5.27405E+21,1.06837E+16,4.76075E+16
141123,141124,9,1,85,149,2016,7,18,6,3,0,2,0,0,0,1,0,1,0,0,6.61813E+20,5.39999E+21,1.12006E+16,4.87319E+16
141124,141125,9,6,71,122,2016,7,4,5,3,2,6,1,0,0,1,0,0,0,0,5.02841E+20,5.53161E+21,9.03958E+15,4.99368E+16
141125,141126,9,1,62,0,2016,7,19,5,3,3,7,0,0,0,1,0,1,0,0,6.91988E+20,5.33705E+21,1.15817E+16,4.81577E+16
141126,141127,9,1,89,114,2016,7,15,7,2,0,1,0,0,1,0,0,0,0,0,7.61364E+20,5.31282E+21,1.24983E+16,4.79154E+16
141127,141128,9,1,81,130,2016,7,14,6,3,5,3,0,0,0,1,0,0,0,0,6.38636E+20,5.32513E+21,1.08609E+16,4.80644E+16
141128,141129,9,1,84,147,2016,7,16,5,3,5,3,0,0,1,1,0,0,0,0,6.96388E+20,5.34066E+21,1.16425E+16,4.81888E+16
141129,141130,9,1,83,128,2016,7,12,7,3,3,6,0,0,1,1,0,0,0,0,7.61188E+20,5.3495E+21,1.25183E+16,4.82448E+16
141130,141131,9,4,77,128,2016,7,11,7,3,0,3,0,0,0,1,0,1,0,0,6.75238E+20,5.55406E+21,1.1451E+16,5.01129E+16
141131,141132,9,5,64,0,2016,7,7,6,3,5,3,0,0,1,1,0,0,0,0,6.48257E+20,5.48157E+21,1.10463E+16,4.94687E+16
141132,141133,9,1,81,130,2016,7,11,6,3,0,7,0,0,1,0,0,0,0,0,6.3906E+20,5.32445E+21,1.08663E+16,4.80582E+16
141133,141134,9,2,71,122,2016,7,19,1,3,0,1,0,0,1,0,0,0,0,0,7.93603E+20,5.42287E+21,1.30057E+16,4.88892E+16
141134,141135,9,1,79,126,2016,7,15,6,3,1,1,0,0,0,1,0,0,0,0,6.76835E+20,5.33966E+21,1.13792E+16,4.81856E+16
141135,141136,9,6,71,140,2016,7,22,5,3,0,1,2,0,0,0,0,1,0,0,5.05676E+20,5.53626E+21,9.07917E+15,4.99787E+16
141136,141137,9,7,77,151,2016,7,7,5,3,5,3,0,0,0,1,0,0,0,0,6.21522E+20,5.29296E+21,1.06222E+16,4.77786E+16
141137,141138,9,1,71,113,2016,7,12,7,3,0,1,0,0,1,0,0,0,0,0,7.77577E+20,5.34128E+21,1.27332E+16,4.81641E+16
141138,141139,9,4,71,115,2016,7,8,7,3,1,6,0,0,1,1,0,0,0,0,6.32732E+20,5.53865E+21,1.08516E+16,4.99854E+16
141139,141140,9,1,62,0,2016,7,17,6,3,5,2,0,0,1,1,0,0,0,0,6.90093E+20,5.33592E+21,1.15557E+16,4.81481E+16
141140,141141,9,5,64,0,2016,7,11,6,3,3,3,0,0,0,0,0,1,1,0,6.46614E+20,5.47722E+21,1.1022E+16,4.943E+16
141141,141142,9,6,61,0,2016,7,21,7,3,3,6,1,0,1,1,0,0,0,0,5.11819E+20,5.53709E+21,9.16487E+15,4.9986E+16
141142,141143,9,4,76,152,2016,7,11,1,2,0,7,0,0,1,0,0,0,0,0,6.69064E+20,5.59508E+21,1.13831E+16,5.04833E+16
141143,141144,9,1,79,121,2016,7,17,1,3,0,2,0,0,0,1,0,1,0,0,6.66748E+20,5.33919E+21,1.12434E+16,4.8184E+16
141144,141145,9,1,62,0,2016,7,15,6,2,0,7,0,0,1,0,0,0,0,0,6.83655E+20,5.33776E+21,1.14701E+16,4.81666E+16
141145,141146,9,5,64,0,2016,7,0,6,3,0,1,2,0,1,0,0,0,0,0,6.50743E+20,5.48034E+21,1.10801E+16,4.9457E+16
141146,141147,9,5,72,160,2016,7,13,7,2,5,3,0,0,1,1,0,0,0,0,6.2268E+20,5.51268E+21,1.07032E+16,4.97541E+16
141147,141148,9,1,87,137,2016,7,18,1,2,5,7,0,0,1,1,0,0,0,0,7.3095E+20,5.30984E+21,1.20902E+16,4.79003E+16
141148,141149,9,1,79,145,2016,7,17,6,3,3,6,0,0,1,1,0,0,0,0,6.75061E+20,5.33822E+21,1.13548E+16,4.81731E+16
141149,141150,9,2,61,0,2016,7,21,1,2,6,7,0,0,0,1,1,0,0,0,7.32859E+20,5.38096E+21,1.21548E+16,4.85385E+16
141150,141151,9,6,61,0,2016,7,16,5,3,6,4,0,0,0,1,1,0,0,0,5.11875E+20,5.534E+21,9.16555E+15,4.99582E+16
141151,141152,9,7,72,171,2016,7,14,5,3,5,3,0,0,1,1,0,0,0,0,6.37899E+20,5.36998E+21,1.08656E+16,4.84678E+16
141152,141153,9,7,74,185,2016,7,13,6,3,1,7,0,0,0,1,0,0,1,0,6.0884E+20,5.34807E+21,1.04669E+16,4.82765E+16
141153,141154,9,1,62,0,2016,7,20,7,2,5,3,0,0,0,1,0,1,0,0,6.97134E+20,5.33212E+21,1.16485E+16,4.81118E+16
141154,141155,9,1,63,0,2016,7,13,7,3,6,4,0,0,0,1,1,0,0,0,7.311E+20,5.30416E+21,1.20892E+16,4.78492E+16
141155,141156,9,4,71,155,2016,7,22,7,3,0,1,2,0,1,0,0,0,0,0,6.43645E+20,5.53035E+21,1.10006E+16,4.99083E+16
141156,141157,9,1,62,0,2016,7,22,6,3,1,1,2,0,0,1,0,0,0,0,6.86231E+20,5.33355E+21,1.15028E+16,4.81279E+16
141157,141158,9,3,63,0,2016,7,8,1,2,4,2,0,0,0,1,0,0,0,0,7.26901E+20,5.51008E+21,1.21468E+16,4.97004E+16
141158,141159,9,1,62,0,2016,7,19,7,3,3,6,0,0,0,1,0,1,0,0,6.89089E+20,5.3328E+21,1.15409E+16,4.81203E+16
141159,141160,9,1,79,149,2016,7,14,6,3,0,7,0,0,1,0,0,0,0,0,6.54951E+20,5.32981E+21,1.10814E+16,4.81027E+16
141160,141161,9,1,62,0,2016,7,16,5,3,6,4,0,0,0,1,1,0,0,0,6.82119E+20,5.33592E+21,1.14486E+16,4.81505E+16
141161,141162,9,1,74,122,2016,7,16,6,2,0,6,0,0,1,1,0,0,0,0,6.82811E+20,5.35159E+21,1.14647E+16,4.82911E+16
141162,141163,9,1,89,162,2016,7,23,1,3,0,1,2,0,1,0,0,0,0,0,7.76085E+20,5.3146E+21,1.2696E+16,4.79252E+16
141163,141164,9,5,76,143,2016,7,18,5,2,1,7,0,0,0,1,0,0,0,0,6.5283E+20,5.45665E+21,1.10998E+16,4.92435E+16
141164,141165,9,5,64,0,2016,7,16,6,3,5,7,0,0,1,1,0,0,0,0,6.51417E+20,5.48109E+21,1.10897E+16,4.94636E+16
141165,141166,9,7,71,130,2016,7,10,5,3,4,6,0,0,0,0,0,0,0,1,6.47058E+20,5.35725E+21,1.0985E+16,4.83513E+16
141166,141167,9,7,63,0,2016,7,17,6,3,2,6,0,0,1,1,0,0,0,0,5.98657E+20,5.28629E+21,1.03155E+16,4.77225E+16
141167,141168,9,1,62,0,2016,7,11,7,3,5,2,0,0,1,0,0,0,0,0,6.92124E+20,5.33675E+21,1.15834E+16,4.8155E+16
141168,141169,9,5,77,173,2016,7,17,6,2,5,3,0,0,0,1,0,1,0,0,6.39761E+20,5.42467E+21,1.09093E+16,4.89591E+16
141169,141170,9,1,88,120,2016,7,14,7,2,0,1,0,0,1,0,0,0,0,0,6.79221E+20,5.32934E+21,1.14069E+16,4.80921E+16
141170,141171,9,1,74,115,2016,7,23,6,3,0,7,2,0,0,1,1,0,0,0,6.80626E+20,5.34788E+21,1.14337E+16,4.82584E+16
141171,141172,9,1,62,0,2016,7,19,5,3,2,6,0,0,1,1,0,0,0,0,6.91965E+20,5.33619E+21,1.1581E+16,4.81499E+16
141172,141173,9,5,71,193,2016,7,20,6,3,5,3,0,0,1,1,0,0,0,0,5.85737E+20,5.47013E+21,1.01812E+16,4.93778E+16
141173,141174,9,7,61,0,2016,7,17,7,3,2,6,0,0,0,1,0,1,0,0,6.37462E+20,5.35734E+21,1.08555E+16,4.83543E+16
141174,141175,9,4,75,162,2016,7,19,6,3,1,7,0,0,1,1,0,0,0,0,7.165E+20,5.57073E+21,1.20369E+16,5.0249E+16
141175,141176,9,7,71,122,2016,7,13,5,2,6,4,0,0,0,1,1,0,0,0,6.52038E+20,5.36195E+21,1.10538E+16,4.83924E+16
141176,141177,9,7,79,201,2016,7,19,6,3,4,6,0,0,1,1,0,0,0,0,6.40833E+20,5.39458E+21,1.09136E+16,4.86883E+16
141177,141178,9,7,62,0,2016,7,10,7,3,0,1,0,0,1,0,0,0,0,0,6.17725E+20,5.30345E+21,1.05744E+16,4.78736E+16
141178,141179,9,1,62,0,2016,7,17,5,3,5,6,0,0,1,0,0,1,0,0,6.93745E+20,5.33208E+21,1.1603E+16,4.81125E+16
141179,141180,9,1,62,0,2016,7,18,5,3,4,2,0,0,0,1,1,0,0,0,6.94587E+20,5.33606E+21,1.16161E+16,4.8148E+16
141180,141181,9,1,82,133,2016,7,18,7,2,9,1,0,0,0,0,0,1,0,0,7.07971E+20,5.30975E+21,1.17831E+16,4.79074E+16
141181,141182,9,4,61,0,2016,7,17,7,3,0,7,0,0,1,0,0,0,0,0,6.36277E+20,5.52949E+21,1.08977E+16,4.99022E+16
141182,141183,9,1,62,0,2016,7,16,6,2,4,2,0,0,1,1,0,0,0,0,6.98491E+20,5.33485E+21,1.1668E+16,4.81359E+16
141183,141184,9,4,78,145,2016,7,5,6,3,0,3,0,0,0,1,0,1,0,0,6.50407E+20,5.55951E+21,1.11062E+16,5.01687E+16
141184,141185,9,1,62,0,2016,7,8,5,3,6,4,0,0,1,0,1,0,0,0,6.93192E+20,5.34038E+21,1.15994E+16,4.81873E+16
141185,141186,9,2,74,183,2016,7,18,1,3,2,2,0,0,0,1,0,1,0,0,7.41953E+20,5.36303E+21,1.22674E+16,4.8374E+16
141186,141187,9,1,62,0,2016,7,20,5,3,1,1,0,0,1,1,0,0,0,0,6.90064E+20,5.33336E+21,1.15542E+16,4.81251E+16
141187,141188,9,5,74,156,2016,7,12,5,2,5,3,0,0,1,1,0,0,0,0,6.59392E+20,5.48195E+21,1.12E+16,4.94693E+16
141188,141189,9,3,73,159,2016,7,3,1,3,0,1,2,0,1,0,0,0,0,0,6.7698E+20,5.45512E+21,1.14306E+16,4.92233E+16
141189,141190,9,1,62,0,2016,7,13,5,3,2,6,0,0,0,1,0,0,0,0,6.92883E+20,5.33553E+21,1.1593E+16,4.81438E+16
141190,141191,9,5,74,132,2016,7,7,5,3,3,6,0,0,1,1,0,0,0,0,6.74561E+20,5.48674E+21,1.14113E+16,4.95081E+16
141191,141192,9,7,75,152,2016,7,14,5,3,5,3,0,0,0,1,0,0,0,0,5.77542E+20,5.35228E+21,1.0046E+16,4.8319E+16
141192,141193,9,1,82,129,2016,7,17,7,3,0,3,0,0,1,1,0,0,0,0,7.06997E+20,5.28623E+21,1.17589E+16,4.76963E+16
141193,141194,9,1,62,0,2016,7,4,6,2,9,1,2,0,1,0,0,0,0,0,6.90662E+20,5.33344E+21,1.15623E+16,4.81256E+16
141194,141195,9,4,72,197,2016,7,15,6,2,5,3,0,0,1,1,0,0,0,0,6.68828E+20,5.52449E+21,1.13485E+16,4.98491E+16
141195,141196,9,5,76,143,2016,7,9,7,3,4,1,0,0,1,1,0,0,0,0,6.55894E+20,5.45372E+21,1.11407E+16,4.92164E+16
141196,141197,9,4,75,136,2016,7,12,1,3,6,6,0,0,1,0,1,0,0,0,6.9628E+20,5.57037E+21,1.17534E+16,5.02529E+16
141197,141198,9,1,86,122,2016,7,17,1,3,3,3,0,0,1,0,0,0,1,0,6.92199E+20,5.39509E+21,1.16111E+16,4.86792E+16
141198,141199,9,1,62,0,2016,7,11,5,3,5,3,0,0,1,1,0,0,0,0,6.89887E+20,5.34289E+21,1.15561E+16,4.82108E+16
141199,141200,9,2,73,116,2016,7,13,1,3,6,7,0,0,0,1,1,0,0,0,7.22618E+20,5.42448E+21,1.20397E+16,4.89331E+16
141200,141201,9,5,74,117,2016,7,15,5,2,0,6,0,0,1,0,0,0,0,1,6.68173E+20,5.46714E+21,1.13149E+16,4.93338E+16
141201,141202,9,7,72,163,2016,7,19,5,3,1,1,0,0,0,1,0,0,0,0,6.40876E+20,5.34916E+21,1.08989E+16,4.82799E+16
141202,141203,9,7,79,194,2016,7,12,6,3,0,3,0,0,1,1,0,0,0,0,6.09915E+20,5.4129E+21,1.04986E+16,4.88593E+16
141203,141204,9,1,62,0,2016,7,16,7,3,4,2,0,0,0,1,0,1,0,0,6.95704E+20,5.33898E+21,1.16325E+16,4.81739E+16
141204,141205,9,1,82,129,2016,7,10,7,3,0,7,0,1,1,0,0,0,0,0,7.06336E+20,5.28601E+21,1.175E+16,4.76945E+16
141205,141206,9,4,61,0,2016,7,16,7,3,5,3,0,0,1,1,0,0,0,0,6.36988E+20,5.53026E+21,1.09079E+16,4.9909E+16
141206,141207,9,1,62,0,2016,7,7,6,3,5,3,0,0,1,1,0,0,0,0,6.83344E+20,5.33538E+21,1.14648E+16,4.81452E+16
141207,141208,9,7,77,129,2016,7,10,5,3,0,6,0,0,0,0,0,1,0,0,6.21964E+20,5.2705E+21,1.06218E+16,4.75764E+16
141208,141209,9,7,79,197,2016,7,6,6,3,8,7,2,0,1,0,0,0,0,0,6.13681E+20,5.41993E+21,1.05518E+16,4.89218E+16
141209,141210,9,1,85,149,2016,7,14,7,2,9,1,0,0,1,0,0,0,0,0,6.60485E+20,5.40035E+21,1.11827E+16,4.87355E+16
141210,141211,9,3,74,164,2016,7,16,7,2,5,3,0,0,0,1,0,1,0,0,7.52912E+20,5.50437E+21,1.25032E+16,4.96388E+16
141211,141212,9,1,62,0,2016,7,20,6,3,2,6,0,0,0,1,0,0,0,0,6.86196E+20,5.33577E+21,1.15033E+16,4.81479E+16
141212,141213,9,4,74,140,2016,7,16,6,3,0,7,0,0,1,0,0,0,0,0,6.6117E+20,5.49947E+21,1.12317E+16,4.96263E+16
141213,141214,9,4,72,175,2016,7,13,1,3,8,1,0,0,0,0,0,1,0,0,6.86129E+20,5.51693E+21,1.15853E+16,4.9776E+16
141214,141215,9,1,77,113,2016,7,2,1,3,1,7,2,0,1,0,0,0,0,0,7.21165E+20,5.35557E+21,1.19832E+16,4.83146E+16
141215,141216,9,1,62,0,2016,7,15,5,3,3,6,0,0,0,1,0,0,0,0,6.90305E+20,5.33616E+21,1.15587E+16,4.81502E+16
141216,141217,9,1,72,117,2016,7,9,1,2,8,7,0,0,0,0,0,0,0,1,7.95735E+20,5.28697E+21,1.29396E+16,4.76684E+16
141217,141218,9,4,61,0,2016,7,17,6,3,5,3,0,0,1,1,0,0,0,0,6.35E+20,5.52793E+21,1.08794E+16,4.98885E+16
141218,141219,9,7,61,0,2016,7,9,5,3,6,2,0,0,0,1,1,0,0,0,6.39384E+20,5.3601E+21,1.08824E+16,4.83787E+16
141219,141220,9,7,79,115,2016,7,13,6,3,8,2,0,0,0,1,0,0,0,0,6.33711E+20,5.39304E+21,1.08164E+16,4.86761E+16
141220,141221,9,7,78,137,2016,7,11,7,3,0,7,0,0,1,0,0,0,0,1,6.24226E+20,5.3291E+21,1.06687E+16,4.8103E+16
141221,141222,9,4,61,0,2016,7,18,6,3,0,7,0,0,1,0,0,0,0,0,6.3639E+20,5.52889E+21,1.08991E+16,4.98968E+16
141222,141223,9,1,62,0,2016,7,17,7,3,6,7,0,0,1,0,1,0,0,0,6.88108E+20,5.33821E+21,1.15301E+16,4.81692E+16
141223,141224,9,1,62,0,2016,7,12,5,3,2,6,0,0,0,1,0,1,0,0,6.8621E+20,5.32985E+21,1.15009E+16,4.80947E+16
141224,141225,9,1,62,0,2016,7,23,5,3,5,2,2,0,1,1,0,0,0,0,6.87971E+20,5.33858E+21,1.15284E+16,4.81727E+16
141225,141226,9,3,62,0,2016,7,0,1,3,0,3,2,0,1,1,0,0,0,0,7.26701E+20,5.43369E+21,1.21005E+16,4.90144E+16
141226,141227,9,1,62,0,2016,7,11,7,3,5,3,0,0,0,1,0,1,0,0,6.86218E+20,5.33366E+21,1.15027E+16,4.8129E+16
141227,141228,9,1,62,0,2016,7,7,5,3,5,3,0,0,0,1,0,0,0,0,6.90736E+20,5.33927E+21,1.15659E+16,4.8178E+16
141228,141229,9,1,62,0,2016,7,10,5,2,6,7,0,0,1,0,1,0,0,0,6.82768E+20,5.33482E+21,1.14569E+16,4.81403E+16
141229,141230,9,4,61,0,2016,7,11,6,3,5,3,0,0,0,1,0,1,0,0,6.36335E+20,5.52928E+21,1.08985E+16,4.99004E+16
141230,141231,9,7,77,169,2016,7,19,7,3,0,6,0,0,1,0,0,0,0,0,6.31447E+20,5.26858E+21,1.07473E+16,4.75573E+16
141231,141232,9,5,64,0,2016,7,16,5,3,5,2,0,0,0,1,0,1,0,0,6.5439E+20,5.47749E+21,1.11293E+16,4.94305E+16
141232,141233,9,1,62,0,2016,7,19,5,3,3,6,0,0,0,1,0,1,0,0,6.90143E+20,5.3349E+21,1.15559E+16,4.81389E+16
141233,141234,9,4,63,0,2016,7,15,3,3,6,7,0,0,0,1,1,0,0,0,6.40089E+20,5.569E+21,1.09653E+16,5.02565E+16
141234,141235,9,1,84,131,2016,7,7,2,3,3,6,0,0,1,0,0,0,0,0,7.04716E+20,5.33813E+21,1.17532E+16,4.81634E+16
141235,141236,9,2,63,0,2016,7,18,2,3,5,2,0,0,0,1,0,1,0,0,7.63709E+20,5.42068E+21,1.25973E+16,4.88829E+16
141236,141237,9,2,61,0,2016,7,14,2,3,5,3,0,0,1,1,0,0,0,0,7.31831E+20,5.38171E+21,1.21413E+16,4.85456E+16
141237,141238,9,7,80,133,2016,7,13,1,3,0,7,0,0,1,0,0,0,0,0,5.95413E+20,5.24807E+21,1.0264E+16,4.73791E+16
141238,141239,9,7,61,0,2016,7,15,2,3,5,3,0,0,1,1,0,0,0,0,6.40587E+20,5.35091E+21,1.08956E+16,4.82958E+16
141239,141240,9,1,84,130,2016,7,8,3,2,3,2,0,1,1,0,0,0,0,0,6.98836E+20,5.34503E+21,1.16774E+16,4.82273E+16
141240,141241,9,1,62,0,2016,7,14,3,3,1,7,0,1,1,1,0,0,0,0,6.90386E+20,5.33561E+21,1.15595E+16,4.81452E+16
141241,141242,9,1,63,0,2016,7,14,4,3,3,6,0,0,0,1,0,1,0,0,7.33765E+20,5.30569E+21,1.21256E+16,4.7862E+16
141242,141243,9,7,61,0,2016,7,16,3,3,5,3,0,0,0,1,0,0,0,1,6.39191E+20,5.35699E+21,1.08788E+16,4.83507E+16
141243,141244,9,3,62,0,2016,7,13,3,3,3,1,0,0,1,1,0,0,0,0,7.23612E+20,5.433E+21,1.2058E+16,4.90093E+16
141244,141245,9,2,71,125,2016,7,18,4,2,0,6,0,1,0,0,0,1,0,1,7.97471E+20,5.40934E+21,1.30485E+16,4.87658E+16
141245,141246,9,7,80,124,2016,7,18,4,3,5,3,0,1,0,1,0,0,0,0,5.91952E+20,5.2677E+21,1.02222E+16,4.75562E+16
141246,141247,9,1,62,0,2016,7,9,2,3,3,6,0,0,1,0,0,0,0,0,6.9132E+20,5.33923E+21,1.15737E+16,4.81775E+16
141247,141248,9,5,64,0,2016,7,16,4,3,6,7,0,0,0,1,1,0,0,0,6.50949E+20,5.47861E+21,1.10823E+16,4.94414E+16
141248,141249,9,2,79,112,2016,7,17,2,3,5,3,0,0,0,1,0,1,0,0,7.57802E+20,5.3923E+21,1.24991E+16,4.86305E+16