FID,OBJECTID,ULAND,UREGBEZ,UKREIS,UGEMEINDE,UJAHR,UMONAT,USTUNDE,UWOCHENTAG,UKATEGORIE,UART,UTYP1,ULICHTVERH,IstStrasse,IstRad,IstPKW,IstFuss,IstKrad,IstGkfz,IstSonstig,LINREFX,LINREFY,XGCSWGS84,YGCSWGS84
141249,141250,9,1,90,139,2016,7,9,2,3,0,3,0,0,1,1,0,0,0,0,6.54472E+20,5.296E+21,1.10628E+16,4.77989E+16
141250,141251,9,7,80,133,2016,7,10,1,3,0,1,0,0,1,0,0,0,0,0,5.96134E+20,5.25222E+21,1.02744E+16,4.74164E+16
141251,141252,9,7,61,0,2016,7,10,2,3,0,7,0,0,1,0,0,0,0,0,6.40527E+20,5.35544E+21,1.08963E+16,4.83365E+16
141252,141253,9,1,62,0,2016,7,16,3,3,6,4,0,1,0,1,1,0,0,0,6.90165E+20,5.3339E+21,1.15558E+16,4.81299E+16
141253,141254,9,1,62,0,2016,7,7,3,3,5,2,0,1,1,1,0,0,0,0,6.90634E+20,5.33576E+21,1.15629E+16,4.81465E+16
141254,141255,9,1,63,0,2016,7,21,4,3,4,6,2,1,0,1,0,0,0,0,7.33116E+20,5.30424E+21,1.21161E+16,4.78491E+16
141255,141256,9,7,61,0,2016,7,23,3,3,3,5,2,1,1,1,0,0,0,0,6.39589E+20,5.35951E+21,1.0885E+16,4.83733E+16
141256,141257,9,3,62,0,2016,7,16,3,3,6,7,0,0,0,1,1,0,0,0,7.26718E+20,5.43392E+21,1.21009E+16,4.90165E+16
141257,141258,9,7,71,142,2016,7,8,4,3,0,3,0,0,1,1,0,0,0,0,6.45937E+20,5.35213E+21,1.09681E+16,4.83055E+16
141258,141259,9,7,78,173,2016,7,7,2,3,3,6,0,1,1,1,0,0,0,0,6.10701E+20,5.32226E+21,1.04853E+16,4.8044E+16
141259,141260,9,5,64,0,2016,7,16,4,3,2,6,0,1,0,1,0,0,0,0,6.49983E+20,5.47923E+21,1.10692E+16,4.94472E+16
141260,141261,9,1,90,111,2016,7,13,2,3,5,3,0,0,0,1,0,0,0,1,6.40473E+20,5.29799E+21,1.08766E+16,4.78199E+16
141261,141262,9,7,61,0,2016,7,17,2,3,2,6,0,0,0,1,0,0,0,0,6.39073E+20,5.35783E+21,1.08774E+16,4.83583E+16
141262,141263,9,3,73,112,2016,7,17,3,3,4,6,0,0,0,1,0,0,0,0,6.79021E+20,5.44018E+21,1.1452E+16,4.90884E+16
141263,141264,9,7,61,0,2016,7,21,2,2,0,1,2,1,1,0,0,0,0,0,6.40811E+20,5.35914E+21,1.09013E+16,4.83697E+16
141264,141265,9,1,62,0,2016,7,9,3,2,6,4,0,1,0,0,1,0,0,1,6.97317E+20,5.32995E+21,1.165E+16,4.80923E+16
141265,141266,9,6,63,0,2016,7,17,2,3,5,3,0,0,0,1,0,1,0,0,5.68171E+20,5.51498E+21,9.94698E+15,4.97834E+16
141266,141267,9,1,62,0,2016,7,10,3,3,0,6,0,1,0,1,0,1,0,0,6.93601E+20,5.33239E+21,1.16012E+16,4.81154E+16
141267,141268,9,4,61,0,2016,7,22,4,2,3,7,2,0,1,1,0,0,0,0,6.36877E+20,5.52903E+21,1.09059E+16,4.9898E+16
141268,141269,9,1,62,0,2016,7,20,2,3,0,7,1,0,1,1,0,0,0,0,6.90621E+20,5.33631E+21,1.1563E+16,4.81515E+16
141269,141270,9,7,61,0,2016,7,21,4,3,2,6,2,1,0,1,0,0,0,0,6.41353E+20,5.35924E+21,1.09087E+16,4.83705E+16
141270,141271,9,7,80,139,2016,7,12,2,3,5,2,0,0,1,1,0,0,0,0,5.9718E+20,5.2633E+21,1.02907E+16,4.75159E+16
141271,141272,9,4,73,158,2016,7,17,4,3,4,6,0,0,0,1,0,1,0,0,6.2763E+20,5.57398E+21,1.07923E+16,5.03041E+16
141272,141273,9,1,73,126,2016,7,9,2,3,1,5,0,0,1,1,0,0,0,0,6.84686E+20,5.30654E+21,1.14705E+16,4.78856E+16
141273,141274,9,6,63,0,2016,7,19,2,3,1,5,0,0,1,1,0,0,0,0,5.68122E+20,5.51564E+21,9.94641E+15,4.97894E+16
141274,141275,9,3,73,147,2016,7,5,3,2,5,3,1,0,1,1,0,0,0,0,6.79313E+20,5.46152E+21,1.14655E+16,4.92801E+16
141275,141276,9,1,62,0,2016,7,7,2,3,5,3,0,0,1,1,0,0,0,0,6.85672E+20,5.33463E+21,1.14958E+16,4.81378E+16
141276,141277,9,1,73,126,2016,7,18,2,3,2,2,0,0,0,1,0,0,0,0,6.83955E+20,5.30597E+21,1.14604E+16,4.78806E+16
141277,141278,9,1,62,0,2016,7,16,2,3,0,5,0,0,0,0,0,0,0,1,6.98154E+20,5.33143E+21,1.16619E+16,4.81053E+16
141278,141279,9,6,72,114,2016,7,13,4,3,6,4,0,0,0,1,1,0,0,0,5.76519E+20,5.56117E+21,1.00721E+16,5.01978E+16
141279,141280,9,1,80,117,2016,7,12,2,3,5,3,0,0,1,1,0,0,0,0,6.58063E+20,5.26254E+21,1.10987E+16,4.74971E+16
141280,141281,9,6,63,0,2016,7,16,2,2,4,6,0,0,1,0,0,0,0,0,5.65865E+20,5.51543E+21,9.91503E+15,4.97877E+16
141281,141282,9,1,62,0,2016,7,7,3,3,3,6,0,1,1,1,0,0,0,0,6.9413E+20,5.33475E+21,1.16094E+16,4.81363E+16
141282,141283,9,1,61,0,2016,7,7,4,2,5,3,0,0,1,1,0,0,0,1,6.78524E+20,5.40362E+21,1.14292E+16,4.876E+16
141283,141284,9,7,71,156,2016,7,9,3,3,4,6,0,1,0,1,0,0,0,1,6.53675E+20,5.38079E+21,1.10829E+16,4.85614E+16
141284,141285,9,3,73,147,2016,7,16,3,3,5,2,0,0,1,1,0,0,0,0,6.79092E+20,5.46009E+21,1.14619E+16,4.92673E+16
141285,141286,9,1,62,0,2016,7,8,2,3,4,2,0,0,1,1,0,0,0,0,6.94575E+20,5.3358E+21,1.16159E+16,4.81456E+16
141286,141287,9,1,73,112,2016,7,15,2,2,0,7,0,1,1,0,0,0,0,0,6.90784E+20,5.29313E+21,1.1546E+16,4.77632E+16
141287,141288,9,1,73,112,2016,7,8,2,3,5,3,0,0,1,1,0,0,0,0,6.91638E+20,5.29287E+21,1.15573E+16,4.77607E+16
141288,141289,9,7,77,151,2016,7,19,1,2,9,1,0,0,0,0,0,1,0,0,6.21696E+20,5.2906E+21,1.06238E+16,4.77573E+16
141289,141290,9,6,62,0,2016,7,10,2,3,1,7,0,0,0,1,0,1,0,0,5.8739E+20,5.5448E+21,1.02206E+16,5.00491E+16
141290,141291,9,1,62,0,2016,7,15,3,3,0,1,0,1,1,0,0,0,0,0,6.91001E+20,5.33751E+21,1.15686E+16,4.81622E+16
141291,141292,9,1,62,0,2016,7,18,3,3,5,2,0,1,1,1,0,0,0,0,6.91206E+20,5.3364E+21,1.15709E+16,4.81521E+16
141292,141293,9,1,61,0,2016,7,15,4,3,6,4,0,0,0,1,1,0,0,0,6.80504E+20,5.40501E+21,1.14567E+16,4.87719E+16
141293,141294,9,6,77,157,2016,7,16,3,3,4,2,0,0,0,0,0,1,0,1,5.43516E+20,5.52189E+21,9.60529E+15,4.98479E+16
141294,141295,9,3,71,127,2016,7,19,3,3,2,7,0,1,1,0,0,0,0,0,7.12706E+20,5.49234E+21,1.19406E+16,4.95463E+16
141295,141296,9,2,75,151,2016,7,7,4,3,4,6,0,1,0,1,0,0,0,1,8.21857E+20,5.3947E+21,1.3368E+16,4.86224E+16
141296,141297,9,7,76,116,2016,7,15,1,3,3,7,0,0,0,1,0,1,0,0,5.52856E+20,5.26667E+21,9.7025E+15,4.75513E+16
141297,141298,9,6,61,0,2016,7,17,2,3,0,7,0,0,0,0,1,1,0,0,5.09864E+20,5.5367E+21,9.13758E+15,4.99826E+16
141298,141299,9,1,62,0,2016,7,16,3,3,5,3,0,1,0,1,0,0,0,0,6.94515E+20,5.33688E+21,1.16156E+16,4.81554E+16
141299,141300,9,6,77,129,2016,7,11,3,3,6,7,0,0,0,1,1,0,0,0,5.33732E+20,5.54582E+21,9.47131E+15,5.00637E+16
141300,141301,9,2,75,128,2016,7,13,3,2,5,3,0,1,0,1,0,0,0,0,8.29489E+20,5.40072E+21,1.34761E+16,4.86725E+16
141301,141302,9,2,79,122,2016,7,11,4,2,4,2,0,0,1,1,0,0,0,0,7.72151E+20,5.39738E+21,1.26968E+16,4.86701E+16
141302,141303,9,7,80,139,2016,7,18,2,2,0,7,0,1,1,0,0,0,0,0,5.9633E+20,5.2631E+21,1.02794E+16,4.75142E+16
141303,141304,9,5,76,151,2016,7,20,4,3,4,1,0,1,1,1,0,0,0,0,6.56441E+20,5.46895E+21,1.11542E+16,4.93532E+16
141304,141305,9,1,89,113,2016,7,17,2,3,5,3,0,0,1,1,0,0,0,0,7.68765E+20,5.30152E+21,1.25901E+16,4.78109E+16
141305,141306,9,7,73,122,2016,7,16,1,2,8,1,0,0,0,1,0,0,0,0,6.28865E+20,5.38645E+21,1.07485E+16,4.86179E+16
141306,141307,9,6,61,0,2016,7,17,2,3,3,2,0,0,1,1,0,0,0,0,5.08081E+20,5.5365E+21,9.11271E+15,4.99807E+16
141307,141308,9,1,62,0,2016,7,8,3,3,9,1,0,1,1,0,0,0,0,0,6.91191E+20,5.3371E+21,1.1571E+16,4.81584E+16
141308,141309,9,1,62,0,2016,7,15,3,3,5,2,0,1,1,1,0,0,0,0,6.91028E+20,5.33509E+21,1.15679E+16,4.81404E+16
141309,141310,9,3,75,130,2016,7,14,4,3,8,7,0,0,1,0,0,0,0,0,7.35073E+20,5.43576E+21,1.22161E+16,4.90299E+16
141310,141311,9,1,76,143,2016,7,14,4,2,4,6,0,0,1,1,0,0,0,0,6.79116E+20,5.40856E+21,1.14394E+16,4.88042E+16
141311,141312,9,6,76,121,2016,7,12,3,3,3,6,0,0,0,1,0,1,0,0,5.1156E+20,5.52027E+21,9.16074E+15,4.98348E+16
141312,141313,9,1,62,0,2016,7,8,2,3,5,3,0,0,1,0,0,1,0,0,6.90497E+20,5.33275E+21,1.15597E+16,4.81195E+16
141313,141314,9,7,61,0,2016,7,16,4,2,2,2,0,1,1,0,0,1,0,0,6.41896E+20,5.35914E+21,1.0916E+16,4.83695E+16
141314,141315,9,7,80,123,2016,7,15,2,3,8,1,0,0,1,0,0,0,0,0,6.06589E+20,5.26498E+21,1.04161E+16,4.75295E+16
141315,141316,9,4,79,169,2016,7,7,4,3,5,3,0,0,0,1,0,1,0,0,7.1547E+20,5.54761E+21,1.20094E+16,5.00417E+16
141316,141317,9,1,72,116,2016,7,12,2,3,4,6,0,0,0,1,0,0,1,0,8.00088E+20,5.28308E+21,1.29948E+16,4.76315E+16
141317,141318,9,7,79,228,2016,7,13,4,3,2,6,0,1,0,1,0,1,0,0,6.26218E+20,5.41551E+21,1.07215E+16,4.88797E+16
141318,141319,9,7,63,0,2016,7,11,2,3,0,3,0,0,0,1,0,0,0,0,5.98677E+20,5.28691E+21,1.03159E+16,4.7728E+16
141319,141320,9,5,64,0,2016,7,18,4,3,5,3,0,0,0,1,0,0,0,0,6.4602E+20,5.47985E+21,1.10148E+16,4.94538E+16
141320,141321,9,1,72,112,2016,7,11,2,2,0,1,0,0,1,0,0,0,0,0,7.86661E+20,5.30133E+21,1.28285E+16,4.78014E+16
141321,141322,9,2,61,0,2016,7,16,3,3,5,3,0,1,1,1,0,0,0,0,7.31742E+20,5.38174E+21,1.21401E+16,4.85459E+16
141322,141323,9,5,65,0,2016,7,14,2,3,5,3,0,0,1,1,0,0,0,0,6.46181E+20,5.46621E+21,1.1012E+16,4.93311E+16
141323,141324,9,7,78,123,2016,7,21,3,3,9,1,2,1,0,1,0,0,0,0,5.85707E+20,5.31647E+21,1.01489E+16,4.79958E+16
141324,141325,9,1,62,0,2016,7,6,2,3,5,3,0,0,1,1,0,0,0,0,6.89763E+20,5.33252E+21,1.15498E+16,4.81177E+16
141325,141326,9,2,74,156,2016,7,13,3,3,4,6,0,0,0,1,0,1,0,0,7.44773E+20,5.38843E+21,1.23203E+16,4.86011E+16
141326,141327,9,6,63,0,2016,7,11,4,3,5,3,0,0,1,1,0,0,0,0,5.68704E+20,5.51668E+21,9.95469E+15,4.97987E+16
141327,141328,9,4,77,128,2016,7,9,4,3,1,5,0,0,1,1,0,0,0,0,6.76449E+20,5.55439E+21,1.14681E+16,5.01155E+16
141328,141329,9,1,71,117,2016,7,7,2,2,4,6,0,0,1,1,0,0,0,0,7.65906E+20,5.33808E+21,1.25746E+16,4.81403E+16
141329,141330,9,5,62,0,2016,7,18,2,3,5,3,0,1,0,1,0,0,0,0,6.44652E+20,5.49747E+21,1.10024E+16,4.96125E+16
141330,141331,9,1,90,139,2016,7,10,3,3,7,1,0,0,1,0,0,0,0,0,6.54728E+20,5.29505E+21,1.10659E+16,4.77902E+16
141331,141332,9,5,62,0,2016,7,18,2,3,6,7,0,0,0,1,1,0,0,0,6.40392E+20,5.49911E+21,1.09441E+16,4.96282E+16
141332,141333,9,1,90,157,2016,7,14,3,3,0,7,0,0,0,1,0,0,0,1,6.60745E+20,5.3008E+21,1.11483E+16,4.78404E+16
141333,141334,9,5,62,0,2016,7,14,2,3,4,2,0,0,1,1,0,0,0,0,6.45456E+20,5.49532E+21,1.10127E+16,4.9593E+16
141334,141335,9,7,75,135,2016,7,13,3,3,5,3,0,1,0,1,0,1,0,0,5.76117E+20,5.361E+21,1.00283E+16,4.83976E+16
141335,141336,9,1,62,0,2016,7,12,2,3,3,6,0,0,0,1,0,1,0,0,6.89029E+20,5.33753E+21,1.15422E+16,4.81629E+16
141336,141337,9,6,71,150,2016,7,8,4,3,6,7,0,0,0,1,1,0,0,0,5.1759E+20,5.54039E+21,9.24552E+15,5.00155E+16
141337,141338,9,1,63,0,2016,7,16,2,3,5,3,0,0,0,1,0,0,0,0,7.31374E+20,5.30422E+21,1.20929E+16,4.78496E+16
141338,141339,9,7,61,0,2016,7,13,1,3,6,7,0,0,0,1,1,0,0,0,6.36735E+20,5.3617E+21,1.08471E+16,4.83936E+16
141339,141340,9,5,74,138,2016,7,18,2,3,3,7,0,0,1,1,0,0,0,0,6.65014E+20,5.48605E+21,1.12793E+16,4.95046E+16
141340,141341,9,1,62,0,2016,7,13,3,3,0,4,0,1,0,0,1,0,0,1,6.82925E+20,5.3355E+21,1.14593E+16,4.81464E+16
141341,141342,9,1,61,0,2016,7,17,4,3,0,1,0,0,0,0,0,0,0,1,6.78102E+20,5.40452E+21,1.14239E+16,4.87682E+16
141342,141343,9,5,62,0,2016,7,16,3,3,6,4,0,0,0,0,1,0,0,1,6.42205E+20,5.49377E+21,1.09672E+16,4.95797E+16
141343,141344,9,1,89,145,2016,7,18,3,3,5,3,0,1,0,1,0,0,0,0,7.72111E+20,5.30471E+21,1.26367E+16,4.78381E+16
141344,141345,9,2,79,135,2016,7,20,4,3,9,1,1,1,0,1,0,0,0,0,7.75894E+20,5.38607E+21,1.274E+16,4.85669E+16
141345,141346,9,1,82,129,2016,7,14,2,2,0,6,0,0,1,0,0,0,0,1,7.11452E+20,5.28335E+21,1.18168E+16,4.76689E+16
141346,141347,9,1,62,0,2016,7,7,2,3,5,3,0,0,0,1,0,1,0,0,6.88898E+20,5.32858E+21,1.15364E+16,4.80825E+16
141347,141348,9,1,82,129,2016,7,10,2,3,8,1,0,0,0,1,0,0,0,0,7.11943E+20,5.28257E+21,1.18229E+16,4.76618E+16
141348,141349,9,7,61,0,2016,7,15,1,3,4,6,0,0,1,0,0,0,0,0,6.41567E+20,5.35333E+21,1.09096E+16,4.83173E+16
141349,141350,9,5,74,112,2016,7,14,2,3,5,3,0,0,0,0,0,1,1,0,6.71782E+20,5.47281E+21,1.13669E+16,4.93837E+16
141350,141351,9,1,62,0,2016,7,12,3,3,5,3,0,1,1,1,0,0,0,0,6.92257E+20,5.33847E+21,1.1586E+16,4.81703E+16
141351,141352,9,1,61,0,2016,7,7,4,3,4,7,0,1,1,1,0,0,0,0,6.78064E+20,5.40426E+21,1.14232E+16,4.87659E+16
141352,141353,9,5,74,147,2016,7,14,3,2,5,3,0,0,1,1,0,0,0,0,6.79845E+20,5.48681E+21,1.14843E+16,4.95072E+16
141353,141354,9,1,89,155,2016,7,10,3,3,2,6,0,0,0,1,0,0,0,0,7.69875E+20,5.30844E+21,1.26092E+16,4.78725E+16
141354,141355,9,1,90,140,2016,7,11,4,2,5,3,0,0,0,1,0,0,0,1,6.44884E+20,5.2954E+21,1.09347E+16,4.77956E+16
141355,141356,9,7,80,112,2016,7,15,4,2,0,7,0,1,0,0,1,0,0,1,5.88367E+20,5.29576E+21,1.01803E+16,4.78092E+16
141356,141357,9,7,73,136,2016,7,11,2,3,0,3,0,0,1,0,0,0,0,0,6.00484E+20,5.37865E+21,1.03617E+16,4.85529E+16
141357,141358,9,5,64,0,2016,7,15,4,3,6,2,0,1,0,1,1,0,0,0,6.55271E+20,5.48072E+21,1.11427E+16,4.94592E+16
141358,141359,9,1,61,0,2016,7,8,2,3,5,2,0,0,1,1,0,0,0,0,6.78161E+20,5.40533E+21,1.1425E+16,4.87755E+16
141359,141360,9,5,64,0,2016,7,17,2,3,5,3,0,1,1,1,0,0,0,0,6.45796E+20,5.4792E+21,1.10115E+16,4.94479E+16
141360,141361,9,7,78,121,2016,7,11,3,3,8,1,0,1,0,1,0,0,0,0,6.0433E+20,5.33284E+21,1.04024E+16,4.81403E+16
141361,141362,9,7,71,113,2016,7,13,1,3,5,3,0,0,0,1,0,0,0,0,6.5585E+20,5.36693E+21,1.11071E+16,4.84362E+16
141362,141363,9,7,78,115,2016,7,7,3,3,0,1,0,1,1,0,0,0,0,0,5.92491E+20,5.33312E+21,1.02434E+16,4.81446E+16
141363,141364,9,1,62,0,2016,7,19,3,3,5,3,0,1,0,1,0,1,0,0,6.83612E+20,5.33609E+21,1.14687E+16,4.81515E+16
141364,141365,9,1,86,147,2016,7,14,4,1,4,2,0,0,0,1,1,1,0,0,6.8149E+20,5.39283E+21,1.14648E+16,4.86621E+16
141365,141366,9,5,63,0,2016,7,7,3,3,0,7,0,0,1,0,0,0,0,1,6.44309E+20,5.48181E+21,1.09919E+16,4.94717E+16
141366,141367,9,1,89,154,2016,7,15,3,2,0,7,0,0,1,0,0,0,0,0,7.68661E+20,5.31844E+21,1.25992E+16,4.79628E+16
141367,141368,9,7,72,217,2016,7,18,4,3,5,3,0,1,1,1,0,0,0,0,6.36657E+20,5.37993E+21,1.08521E+16,4.85576E+16
141368,141369,9,7,73,144,2016,7,7,2,3,4,2,0,0,1,1,0,0,0,0,6.05883E+20,5.38101E+21,1.04354E+16,4.85733E+16
141369,141370,9,5,64,0,2016,7,17,4,3,5,3,0,0,0,1,0,0,0,0,6.51425E+20,5.47848E+21,1.10888E+16,4.94401E+16
141370,141371,9,1,86,162,2016,7,12,2,3,2,6,0,0,0,1,0,0,0,0,6.9375E+20,5.38616E+21,1.1628E+16,4.85985E+16
141371,141372,9,5,64,0,2016,7,17,2,3,5,3,0,1,0,1,0,0,0,0,6.4968E+20,5.47012E+21,1.10616E+16,4.93654E+16
141372,141373,9,1,89,129,2016,7,13,3,3,1,6,0,1,1,1,0,0,0,0,7.57939E+20,5.29572E+21,1.24423E+16,4.77632E+16
141373,141374,9,5,64,0,2016,7,17,2,3,2,6,0,1,0,1,0,1,0,0,6.46808E+20,5.4817E+21,1.10264E+16,4.94702E+16
141374,141375,9,7,74,150,2016,7,17,3,3,4,3,0,1,0,1,0,0,0,0,6.01615E+20,5.3449E+21,1.03688E+16,4.82491E+16
141375,141376,9,1,84,149,2016,7,16,2,3,1,5,0,0,1,1,0,0,0,0,6.91541E+20,5.35026E+21,1.15817E+16,4.82766E+16
141376,141377,9,1,72,118,2016,7,9,3,3,1,6,0,0,0,1,1,0,0,0,7.97792E+20,5.30611E+21,1.29801E+16,4.78393E+16
141377,141378,9,6,72,114,2016,7,14,4,3,0,7,0,1,0,1,0,1,0,0,5.76955E+20,5.56152E+21,1.00783E+16,5.02008E+16
141378,141379,9,5,63,0,2016,7,15,3,3,0,3,0,0,1,1,0,0,0,0,6.44065E+20,5.48123E+21,1.09883E+16,4.94666E+16
141379,141380,9,1,84,131,2016,7,15,2,3,5,2,0,0,0,1,0,0,0,1,7.03817E+20,5.33931E+21,1.17417E+16,4.81744E+16
141380,141381,9,7,61,0,2016,7,6,4,3,0,5,0,1,1,0,0,0,0,1,6.41005E+20,5.3583E+21,1.09037E+16,4.83621E+16
141381,141382,9,7,61,0,2016,7,15,2,3,5,3,0,0,0,1,0,0,0,0,6.41015E+20,5.3593E+21,1.09041E+16,4.83711E+16
141382,141383,9,4,76,146,2016,7,6,4,3,0,7,0,1,0,0,0,1,0,0,6.63121E+20,5.56421E+21,1.12861E+16,5.02075E+16
141383,141384,9,1,81,130,2016,7,8,2,3,5,3,0,0,1,0,0,0,0,0,6.38812E+20,5.32248E+21,1.08624E+16,4.80405E+16
141384,141385,9,5,73,134,2016,7,18,2,3,0,1,0,1,1,0,0,0,0,0,6.39774E+20,5.48032E+21,1.09288E+16,4.94594E+16
141385,141386,9,1,87,182,2016,7,11,3,3,1,6,0,0,0,1,0,0,0,0,7.40839E+20,5.3281E+21,1.22326E+16,4.80606E+16
141386,141387,9,1,62,0,2016,7,18,2,3,6,3,0,0,1,0,1,0,0,0,6.90738E+20,5.34276E+21,1.15675E+16,4.82093E+16
141387,141388,9,1,74,146,2016,7,7,2,3,0,3,0,0,0,1,0,0,0,1,6.68006E+20,5.34997E+21,1.12646E+16,4.82806E+16
141388,141389,9,6,74,147,2016,7,13,1,2,1,7,0,0,0,1,0,1,0,0,6.0906E+20,5.54291E+21,1.05227E+16,5.00285E+16
141389,141390,9,4,79,136,2016,7,7,2,3,5,3,0,0,0,1,0,1,0,0,7.21235E+20,5.54381E+21,1.20876E+16,5.00055E+16
141390,141391,9,1,62,0,2016,7,7,3,3,3,2,0,0,1,0,0,0,0,1,6.90725E+20,5.33356E+21,1.15632E+16,4.81267E+16
141391,141392,9,1,62,0,2016,7,11,1,3,0,1,0,0,1,0,0,0,0,0,6.97677E+20,5.33184E+21,1.16557E+16,4.81091E+16
141392,141393,9,4,63,0,2016,7,16,2,3,5,6,0,0,0,1,0,1,0,0,6.39686E+20,5.56967E+21,1.09599E+16,5.02626E+16
141393,141394,9,1,62,0,2016,7,18,3,3,2,6,0,1,0,1,0,0,0,0,6.92774E+20,5.34086E+21,1.1594E+16,4.81917E+16
141394,141395,9,1,86,122,2016,7,15,4,3,5,3,0,1,0,1,0,0,0,0,6.92014E+20,5.39515E+21,1.16086E+16,4.86798E+16
141395,141396,9,1,63,0,2016,7,18,3,3,3,2,0,1,1,1,0,0,0,0,7.34219E+20,5.3054E+21,1.21315E+16,4.78592E+16
141396,141397,9,1,84,123,2016,7,11,2,3,0,4,0,0,0,1,1,0,0,0,7.02878E+20,5.33206E+21,1.17256E+16,4.81095E+16
141397,141398,9,1,62,0,2016,7,20,1,3,1,5,0,0,1,1,0,0,0,0,6.87624E+20,5.33641E+21,1.15228E+16,4.81532E+16
141398,141399,9,1,62,0,2016,7,18,1,3,5,3,0,0,1,1,0,0,0,0,6.96839E+20,5.33524E+21,1.1646E+16,4.81399E+16
141399,141400,9,6,78,170,2016,7,16,1,3,1,6,0,0,1,1,0,0,0,0,5.87591E+20,5.53825E+21,1.0222E+16,4.99901E+16
141400,141401,9,4,72,197,2016,7,6,2,3,4,6,0,0,0,1,0,1,0,0,6.68677E+20,5.52385E+21,1.13461E+16,4.98433E+16
141401,141402,9,1,62,0,2016,7,9,3,3,3,2,0,1,1,0,0,0,0,1,6.90763E+20,5.34E+21,1.15666E+16,4.81845E+16
141402,141403,9,1,79,142,2016,7,13,4,3,1,6,0,0,0,1,0,1,0,0,6.73176E+20,5.34217E+21,1.1331E+16,4.82091E+16
141403,141404,9,5,64,0,2016,7,19,3,3,5,3,0,0,1,1,0,0,0,0,6.49186E+20,5.47932E+21,1.10583E+16,4.94482E+16
141404,141405,9,1,87,122,2016,7,20,3,3,0,1,0,1,0,0,0,1,0,0,7.16574E+20,5.30584E+21,1.18961E+16,4.78693E+16
141405,141406,9,1,89,162,2016,7,16,4,3,0,1,0,1,1,0,0,0,0,0,7.79095E+20,5.31555E+21,1.27368E+16,4.79324E+16
141406,141407,9,7,77,125,2016,7,14,4,2,5,3,0,1,0,1,0,0,0,0,6.21157E+20,5.27352E+21,1.06119E+16,4.76037E+16
141407,141408,9,7,72,147,2016,7,12,2,3,5,3,0,0,1,1,0,0,0,0,6.38589E+20,5.36579E+21,1.08735E+16,4.843E+16
141408,141409,9,5,64,0,2016,7,17,4,2,6,4,0,1,0,1,1,0,0,0,6.52434E+20,5.47834E+21,1.11027E+16,4.94386E+16
141409,141410,9,5,64,0,2016,7,11,3,3,0,7,0,0,1,1,0,0,0,0,6.50812E+20,5.47858E+21,1.10804E+16,4.94411E+16
141410,141411,9,1,87,150,2016,7,12,3,3,4,3,0,1,1,1,0,0,0,0,7.29496E+20,5.30521E+21,1.20683E+16,4.78592E+16
141411,141412,9,1,72,118,2016,7,16,4,3,5,3,0,1,1,1,0,0,0,0,7.97791E+20,5.30624E+21,1.29801E+16,4.78405E+16
141412,141413,9,6,61,0,2016,7,16,4,2,1,5,0,0,0,1,0,1,0,0,5.08046E+20,5.53699E+21,9.11224E+15,4.99852E+16
141413,141414,9,1,62,0,2016,7,20,1,3,2,6,0,0,0,1,0,0,0,0,6.886E+20,5.33901E+21,1.1537E+16,4.81763E+16
141414,141415,9,5,62,0,2016,7,17,1,3,5,3,0,0,1,1,0,0,0,0,6.45187E+20,5.49619E+21,1.10093E+16,4.96008E+16
141415,141416,9,4,62,0,2016,7,21,2,3,5,3,1,0,1,1,0,0,0,0,6.85674E+20,5.53741E+21,1.15888E+16,4.99601E+16
141416,141417,9,7,74,135,2016,7,17,3,3,3,6,0,0,1,1,0,0,0,0,5.94658E+20,5.36765E+21,1.02803E+16,4.84549E+16
141417,141418,9,1,62,0,2016,7,8,3,3,0,7,0,1,1,0,0,0,0,0,6.88629E+20,5.33649E+21,1.15363E+16,4.81536E+16
141418,141419,9,1,79,118,2016,7,7,4,3,5,7,0,0,1,1,0,0,0,0,6.72911E+20,5.33801E+21,1.13258E+16,4.81718E+16
141419,141420,9,5,64,0,2016,7,16,3,3,4,2,0,0,0,1,0,0,0,0,6.49923E+20,5.47773E+21,1.10678E+16,4.94338E+16
141420,141421,9,7,71,130,2016,7,7,4,3,2,6,0,1,0,1,0,1,0,0,6.45438E+20,5.35637E+21,1.09628E+16,4.83438E+16
141421,141422,9,7,71,130,2016,7,17,2,2,4,2,0,0,0,1,0,1,0,0,6.47363E+20,5.36051E+21,1.09902E+16,4.83805E+16
141422,141423,9,5,61,0,2016,7,7,4,3,0,7,0,0,1,0,0,0,0,0,6.1305E+20,5.46199E+21,1.0555E+16,4.93001E+16
141423,141424,9,1,62,0,2016,7,18,1,3,0,7,0,0,1,0,0,0,0,0,6.88897E+20,5.33671E+21,1.154E+16,4.81555E+16
141424,141425,9,4,62,0,2016,7,11,2,3,1,6,0,0,0,1,0,0,0,0,6.84846E+20,5.53637E+21,1.15768E+16,4.9951E+16
141425,141426,9,1,62,0,2016,7,17,1,3,5,2,0,0,1,0,0,0,0,1,6.86222E+20,5.33334E+21,1.15026E+16,4.8126E+16
141426,141427,9,5,76,132,2016,7,18,1,3,0,1,0,0,1,0,0,0,0,0,6.52466E+20,5.46334E+21,1.10974E+16,4.93037E+16