FID,OBJECTID,ULAND,UREGBEZ,UKREIS,UGEMEINDE,UJAHR,UMONAT,USTUNDE,UWOCHENTAG,UKATEGORIE,UART,UTYP1,ULICHTVERH,IstStrasse,IstRad,IstPKW,IstFuss,IstKrad,IstGkfz,IstSonstig,LINREFX,LINREFY,XGCSWGS84,YGCSWGS84
141427,141428,9,1,61,0,2016,7,13,3,2,0,7,0,0,1,0,0,0,0,1,6.80163E+20,5.40522E+21,1.14522E+16,4.87739E+16
141428,141429,9,4,62,0,2016,7,11,2,3,6,4,0,0,0,0,1,1,0,0,6.84934E+20,5.536E+21,1.15778E+16,4.99477E+16
141429,141430,9,7,78,203,2016,7,15,3,3,5,3,0,0,0,1,0,0,0,1,6.22206E+20,5.32457E+21,1.06403E+16,4.80627E+16
141430,141431,9,1,62,0,2016,7,19,2,3,3,2,0,0,1,1,0,0,0,0,6.91082E+20,5.33421E+21,1.15683E+16,4.81325E+16
141431,141432,9,1,88,139,2016,7,16,3,3,5,3,0,1,0,1,0,0,0,0,6.7465E+20,5.3192E+21,1.13415E+16,4.80022E+16
141432,141433,9,6,63,0,2016,7,15,4,3,2,6,0,0,0,1,0,0,0,0,5.67805E+20,5.51605E+21,9.94208E+15,4.97931E+16
141433,141434,9,4,73,158,2016,7,13,4,2,8,1,0,0,1,0,0,0,0,0,6.28009E+20,5.57695E+21,1.07986E+16,5.03308E+16
141434,141435,9,1,84,127,2016,7,19,1,3,1,6,0,0,1,0,0,0,0,0,7.02619E+20,5.32174E+21,1.17172E+16,4.80168E+16
141435,141436,9,4,62,0,2016,7,17,2,3,5,3,0,0,1,1,0,0,0,0,6.83693E+20,5.53451E+21,1.15598E+16,4.99347E+16
141436,141437,9,1,79,123,2016,7,13,3,3,5,3,0,0,0,1,0,0,0,1,6.76779E+20,5.33246E+21,1.13755E+16,4.81209E+16
141437,141438,9,1,62,0,2016,7,22,2,3,5,2,2,0,0,1,0,0,0,0,6.88286E+20,5.33049E+21,1.15291E+16,4.80998E+16
141438,141439,9,1,79,119,2016,7,6,3,2,9,1,0,1,0,1,0,0,0,0,6.69865E+20,5.34015E+21,1.12857E+16,4.81918E+16
141439,141440,9,4,61,0,2016,7,15,2,3,0,4,0,0,1,0,1,0,0,0,6.37663E+20,5.53008E+21,1.09172E+16,4.99073E+16
141440,141441,9,7,77,169,2016,7,15,3,2,6,6,0,1,1,0,1,0,0,0,6.29315E+20,5.27013E+21,1.07194E+16,4.75717E+16
141441,141442,9,1,62,0,2016,7,8,2,3,4,2,0,0,0,1,0,1,0,0,6.88038E+20,5.33963E+21,1.15298E+16,4.81821E+16
141442,141443,9,6,62,0,2016,7,17,4,3,5,3,0,0,0,1,0,0,0,0,5.89453E+20,5.5464E+21,1.02498E+16,5.00631E+16
141443,141444,9,1,62,0,2016,7,0,1,3,3,3,2,0,1,0,0,0,0,0,6.90272E+20,5.33567E+21,1.1558E+16,4.81458E+16
141444,141445,9,3,75,204,2016,7,14,2,3,3,2,0,0,1,0,0,0,1,0,7.31091E+20,5.43489E+21,1.21612E+16,4.90235E+16
141445,141446,9,1,62,0,2016,7,21,3,3,5,3,1,1,0,1,0,0,0,0,6.88713E+20,5.33654E+21,1.15375E+16,4.81541E+16
141446,141447,9,1,81,130,2016,7,21,4,3,5,3,2,1,1,1,0,0,0,0,6.39429E+20,5.32432E+21,1.08712E+16,4.80569E+16
141447,141448,9,5,64,0,2016,7,10,3,3,2,6,0,1,0,1,0,0,0,1,6.46876E+20,5.47301E+21,1.10241E+16,4.9392E+16
141448,141449,9,1,74,111,2016,7,18,3,2,1,5,0,1,1,1,0,0,0,0,6.61901E+20,5.35755E+21,1.11853E+16,4.83503E+16
141449,141450,9,1,62,0,2016,7,16,2,3,0,6,0,0,1,0,0,1,0,0,6.907E+20,5.33475E+21,1.15634E+16,4.81374E+16
141450,141451,9,7,75,135,2016,7,18,1,3,0,1,0,0,1,0,0,0,0,0,5.75068E+20,5.35782E+21,1.00136E+16,4.83691E+16
141451,141452,9,7,78,127,2016,7,5,1,1,8,6,1,0,1,0,0,0,0,0,6.13132E+20,5.31567E+21,1.05162E+16,4.79843E+16
141452,141453,9,5,76,132,2016,7,18,1,3,0,1,0,0,1,0,0,0,0,0,6.52467E+20,5.46334E+21,1.10974E+16,4.93037E+16
141453,141454,9,7,78,130,2016,7,11,1,3,0,1,0,0,1,0,0,0,0,0,5.9536E+20,5.32667E+21,1.02805E+16,4.80862E+16
141454,141455,9,5,74,138,2016,7,11,1,3,5,3,0,0,0,1,0,0,0,0,6.64556E+20,5.4871E+21,1.12734E+16,4.95141E+16
141455,141456,9,3,75,201,2016,7,6,2,3,5,3,0,0,1,1,0,0,0,0,7.4551E+20,5.41934E+21,1.23487E+16,4.88783E+16
141456,141457,9,1,62,0,2016,7,8,3,3,0,7,0,1,1,0,0,0,0,0,6.89605E+20,5.33695E+21,1.15496E+16,4.81575E+16
141457,141458,9,5,64,0,2016,7,8,3,3,0,1,0,0,1,0,1,0,0,0,6.49876E+20,5.48066E+21,1.10683E+16,4.94601E+16
141458,141459,9,1,77,117,2016,7,19,3,3,5,1,0,1,0,1,0,0,0,1,7.15548E+20,5.35438E+21,1.19069E+16,4.83058E+16
141459,141460,9,1,72,114,2016,7,10,4,3,5,2,0,0,1,1,0,0,0,0,7.90193E+20,5.29315E+21,1.28701E+16,4.77264E+16
141460,141461,9,7,71,122,2016,7,8,2,3,4,1,0,0,0,1,0,1,0,0,6.50565E+20,5.36378E+21,1.10346E+16,4.84092E+16
141461,141462,9,5,63,0,2016,7,14,4,3,2,6,0,1,0,1,0,0,0,1,6.43988E+20,5.4797E+21,1.09867E+16,4.94529E+16
141462,141463,9,7,75,129,2016,7,12,1,3,5,6,0,0,0,1,0,1,0,0,5.82147E+20,5.34168E+21,1.0106E+16,4.8223E+16
141463,141464,9,5,64,0,2016,7,15,1,3,0,1,0,0,1,0,0,0,0,0,6.50177E+20,5.47451E+21,1.10701E+16,4.94047E+16
141464,141465,9,3,62,0,2016,7,19,2,3,4,2,0,1,0,1,0,0,0,0,7.26155E+20,5.4332E+21,1.20928E+16,4.90102E+16
141465,141466,9,7,61,0,2016,7,16,3,3,4,2,0,1,1,1,0,0,0,0,6.41906E+20,5.36106E+21,1.09168E+16,4.83867E+16
141466,141467,9,1,84,144,2016,7,11,3,3,0,1,0,1,1,0,0,0,0,0,6.87089E+20,5.32065E+21,1.15087E+16,4.80117E+16
141467,141468,9,1,79,123,2016,7,18,4,3,2,6,0,1,0,1,0,0,0,1,6.7749E+20,5.33421E+21,1.13857E+16,4.81364E+16
141468,141469,9,5,71,217,2016,7,22,3,3,9,1,2,0,0,1,0,0,0,0,6.1881E+20,5.46588E+21,1.06354E+16,4.93341E+16
141469,141470,9,1,62,0,2016,7,14,2,2,3,7,0,0,0,1,0,1,0,1,6.94481E+20,5.33373E+21,1.16137E+16,4.81271E+16
141470,141471,9,7,61,0,2016,7,17,4,3,4,2,0,1,1,1,0,0,0,0,6.43164E+20,5.35758E+21,1.09326E+16,4.83552E+16
141471,141472,9,3,62,0,2016,7,9,2,3,0,7,0,0,0,0,0,0,0,1,7.26786E+20,5.43395E+21,1.21019E+16,4.90167E+16
141472,141473,9,7,61,0,2016,7,16,3,3,5,3,0,1,0,1,0,0,0,0,6.43042E+20,5.35935E+21,1.09315E+16,4.83711E+16
141473,141474,9,1,84,123,2016,7,20,3,3,6,2,1,1,0,1,1,0,0,0,7.0237E+20,5.33248E+21,1.1719E+16,4.81134E+16
141474,141475,9,1,74,115,2016,7,17,4,3,2,6,1,1,0,1,0,0,0,0,6.79986E+20,5.34922E+21,1.14256E+16,4.82706E+16
141475,141476,9,4,78,165,2016,7,12,3,2,0,1,0,0,1,0,0,0,0,0,6.4268E+20,5.5527E+21,1.09955E+16,5.01094E+16
141476,141477,9,1,77,117,2016,7,13,3,3,2,6,0,0,1,0,0,0,1,0,7.15411E+20,5.35435E+21,1.19051E+16,4.83057E+16
141477,141478,9,7,61,0,2016,7,20,4,3,0,1,1,1,1,0,0,0,0,0,6.40578E+20,5.35911E+21,1.08982E+16,4.83695E+16
141478,141479,9,7,61,0,2016,7,16,2,3,1,6,0,0,0,1,0,0,0,0,6.39031E+20,5.36286E+21,1.08785E+16,4.84035E+16
141479,141480,9,5,64,0,2016,7,15,4,3,0,6,0,1,0,0,0,1,0,0,6.52804E+20,5.47866E+21,1.11079E+16,4.94414E+16
141480,141481,9,7,74,140,2016,7,5,1,3,5,3,0,0,1,1,0,0,0,0,6.05728E+20,5.36676E+21,1.04297E+16,4.84451E+16
141481,141482,9,1,75,113,2016,7,10,3,2,5,3,0,1,0,1,0,0,0,0,7.16314E+20,5.31574E+21,1.18976E+16,4.79584E+16
141482,141483,9,3,62,0,2016,7,11,2,2,0,1,0,0,1,0,0,0,0,0,7.23582E+20,5.43424E+21,1.20583E+16,4.90205E+16
141483,141484,9,7,61,0,2016,7,7,3,3,5,3,0,1,0,1,0,0,1,0,6.43391E+20,5.36224E+21,1.09372E+16,4.8397E+16
141484,141485,9,1,62,0,2016,7,7,2,3,5,3,0,0,1,1,0,0,0,0,6.84263E+20,5.33648E+21,1.14777E+16,4.81549E+16
141485,141486,9,1,62,0,2016,7,11,2,3,2,6,0,0,0,1,0,1,0,0,6.90808E+20,5.33482E+21,1.15648E+16,4.8138E+16
141486,141487,9,6,63,0,2016,7,22,4,3,5,7,2,0,1,1,0,0,0,0,5.67788E+20,5.51665E+21,9.94195E+15,4.97984E+16
141487,141488,9,4,62,0,2016,7,16,4,3,4,2,0,1,0,1,0,0,0,0,6.83365E+20,5.53536E+21,1.15557E+16,4.99424E+16
141488,141489,9,7,80,139,2016,7,13,1,3,0,7,0,0,1,0,0,0,0,1,5.95114E+20,5.26499E+21,1.02637E+16,4.75313E+16
141489,141490,9,3,62,0,2016,7,20,2,3,5,7,0,0,0,1,0,0,0,0,7.26719E+20,5.43634E+21,1.21023E+16,4.90382E+16
141490,141491,9,7,61,0,2016,7,6,2,2,2,6,0,0,1,1,0,0,0,0,6.38489E+20,5.35978E+21,1.08702E+16,4.8376E+16
141491,141492,9,4,79,136,2016,7,6,4,3,5,2,0,0,0,1,0,0,0,0,7.21344E+20,5.54336E+21,1.20889E+16,5.00014E+16
141492,141493,9,7,80,133,2016,7,14,1,3,0,1,0,0,1,0,0,0,0,0,5.95737E+20,5.24851E+21,1.02684E+16,4.73831E+16
141493,141494,9,3,61,0,2016,7,14,2,3,2,6,0,0,0,1,0,0,0,0,7.06829E+20,5.4801E+21,1.1853E+16,4.94383E+16
141494,141495,9,1,62,0,2016,7,14,2,3,1,5,0,0,1,1,0,0,0,0,6.86497E+20,5.33828E+21,1.15085E+16,4.81704E+16
141495,141496,9,1,62,0,2016,7,11,2,3,2,6,0,0,0,1,0,0,0,0,6.97116E+20,5.33211E+21,1.16483E+16,4.81117E+16
141496,141497,9,5,64,0,2016,7,23,1,3,5,3,0,0,0,1,0,0,0,0,6.48421E+20,5.47826E+21,1.10473E+16,4.94389E+16
141497,141498,9,1,90,140,2016,7,15,7,2,0,1,0,0,0,0,0,1,0,0,6.46496E+20,5.29613E+21,1.09564E+16,4.78018E+16
141498,141499,9,6,79,155,2016,7,13,6,3,2,6,0,0,0,1,0,0,1,0,5.60712E+20,5.50585E+21,9.84195E+15,4.97021E+16
141499,141500,9,2,79,122,2016,7,5,5,3,5,3,1,1,1,1,0,0,0,0,7.71528E+20,5.39849E+21,1.26891E+16,4.86803E+16
141500,141501,9,1,62,0,2016,7,15,5,3,3,6,0,0,0,1,0,0,0,1,6.90764E+20,5.33626E+21,1.15649E+16,4.81509E+16
141501,141502,9,1,62,0,2016,7,17,5,3,4,6,0,0,1,0,0,1,0,0,6.913E+20,5.33475E+21,1.15714E+16,4.81372E+16
141502,141503,9,3,61,0,2016,7,21,1,3,2,2,0,1,0,1,0,1,0,0,7.08854E+20,5.48001E+21,1.18809E+16,4.94368E+16
141503,141504,9,1,86,113,2016,7,7,2,3,9,1,0,0,0,1,0,0,0,0,6.81878E+20,5.39625E+21,1.14716E+16,4.86927E+16
141504,141505,9,3,61,0,2016,7,14,6,3,5,3,0,0,1,1,0,0,0,0,7.06969E+20,5.48064E+21,1.18553E+16,4.94432E+16
141505,141506,9,5,64,0,2016,7,15,7,3,6,7,0,0,0,1,1,0,0,0,6.57578E+20,5.47561E+21,1.11725E+16,4.94127E+16
141506,141507,9,7,63,0,2016,7,15,7,3,0,7,0,0,1,0,0,0,0,0,6.0044E+20,5.28584E+21,1.03392E+16,4.77181E+16
141507,141508,9,6,72,136,2016,7,13,1,2,1,1,0,0,1,1,0,0,0,0,5.80474E+20,5.56341E+21,1.0128E+16,5.02174E+16
141508,141509,9,1,78,136,2016,7,17,1,3,5,3,0,0,0,1,0,0,0,0,6.97548E+20,5.37054E+21,1.16721E+16,4.8457E+16
141509,141510,9,1,72,130,2016,7,15,7,3,0,1,0,0,0,0,0,1,0,0,7.96087E+20,5.30989E+21,1.29599E+16,4.7874E+16
141510,141511,9,7,62,0,2016,7,13,1,2,0,1,0,0,1,0,0,0,0,0,6.20384E+20,5.30449E+21,1.06102E+16,4.78824E+16
141511,141512,9,6,71,114,2016,7,10,6,3,5,3,0,0,1,1,0,0,0,0,5.02689E+20,5.54252E+21,9.03755E+15,5.00349E+16
141512,141513,9,2,73,116,2016,7,16,5,3,6,4,0,0,0,0,1,0,0,1,7.22664E+20,5.42485E+21,1.20406E+16,4.89365E+16
141513,141514,9,7,63,0,2016,7,7,5,3,1,6,0,1,0,1,0,0,0,0,5.98885E+20,5.2858E+21,1.03185E+16,4.7718E+16
141514,141515,9,7,77,169,2016,7,18,5,2,2,6,0,0,1,0,0,0,0,0,6.32144E+20,5.27307E+21,1.07579E+16,4.75976E+16
141515,141516,9,2,75,154,2016,7,11,1,3,3,3,0,0,1,0,0,0,0,0,8.07844E+20,5.39542E+21,1.31789E+16,4.8636E+16
141516,141517,9,1,74,146,2016,7,17,2,3,0,3,0,0,0,1,0,1,0,0,6.68073E+20,5.35007E+21,1.12656E+16,4.82815E+16
141517,141518,9,2,71,119,2016,7,16,6,3,5,3,0,0,1,1,0,0,0,0,7.90816E+20,5.41616E+21,1.2963E+16,4.88303E+16
141518,141519,9,5,64,0,2016,7,13,7,3,5,3,0,0,1,1,0,0,0,0,6.53567E+20,5.4789E+21,1.11185E+16,4.94434E+16
141519,141520,9,7,80,124,2016,7,16,7,2,0,1,0,0,1,0,0,0,0,0,5.9343E+20,5.26794E+21,1.02419E+16,4.75582E+16
141520,141521,9,6,78,123,2016,7,13,1,2,0,1,0,0,1,0,0,0,0,0,5.87587E+20,5.54886E+21,1.02243E+16,5.00855E+16
141521,141522,9,1,62,0,2016,7,21,7,3,5,3,2,0,0,1,0,1,0,0,6.91978E+20,5.33232E+21,1.15794E+16,4.81152E+16
141522,141523,9,1,71,111,2016,7,21,7,3,1,5,2,0,1,1,0,0,0,0,7.732E+20,5.3482E+21,1.2679E+16,4.82281E+16
141523,141524,9,5,62,0,2016,7,17,6,3,5,3,0,0,1,0,0,0,0,0,6.44936E+20,5.49477E+21,1.10053E+16,4.95881E+16
141524,141525,9,2,73,141,2016,7,13,5,2,0,1,0,0,1,0,0,0,0,0,7.23859E+20,5.41188E+21,1.20498E+16,4.88195E+16
141525,141526,9,7,61,0,2016,7,16,5,2,0,2,0,0,0,0,0,0,0,1,6.41415E+20,5.35923E+21,1.09095E+16,4.83704E+16
141526,141527,9,2,71,119,2016,7,21,6,3,4,6,1,0,0,1,0,0,0,1,7.94161E+20,5.41592E+21,1.30083E+16,4.88265E+16
141527,141528,9,1,87,113,2016,7,14,7,3,0,1,0,0,1,0,0,0,0,0,7.46667E+20,5.32072E+21,1.23064E+16,4.79921E+16
141528,141529,9,2,71,119,2016,7,17,6,2,8,1,0,0,0,0,0,0,0,1,7.93218E+20,5.4176E+21,1.29967E+16,4.88421E+16
141529,141530,9,5,64,0,2016,7,9,7,3,1,6,0,0,0,1,0,0,0,0,6.50759E+20,5.47847E+21,1.10796E+16,4.94401E+16
141530,141531,9,7,80,139,2016,7,14,6,3,0,4,0,0,0,1,1,0,0,0,5.96437E+20,5.26282E+21,1.02808E+16,4.75116E+16
141531,141532,9,1,62,0,2016,7,15,1,3,1,5,0,0,1,1,0,0,0,0,6.93901E+20,5.33541E+21,1.16066E+16,4.81424E+16
141532,141533,9,2,75,154,2016,7,16,6,3,1,7,0,0,0,1,0,0,0,0,8.04285E+20,5.39472E+21,1.31302E+16,4.86314E+16
141533,141534,9,5,64,0,2016,7,12,7,3,0,1,0,0,1,0,0,0,0,0,6.50143E+20,5.48007E+21,1.10717E+16,4.94547E+16
141534,141535,9,7,63,0,2016,7,23,1,3,5,3,2,0,0,1,0,1,0,0,5.98679E+20,5.28696E+21,1.0316E+16,4.77285E+16
141535,141536,9,1,73,147,2016,7,11,5,3,0,7,0,1,1,0,0,0,0,0,6.80816E+20,5.30967E+21,1.142E+16,4.79148E+16
141536,141537,9,5,64,0,2016,7,10,6,3,6,7,0,0,0,1,1,0,0,0,6.50481E+20,5.48058E+21,1.10766E+16,4.94592E+16
141537,141538,9,1,73,112,2016,7,20,5,3,6,7,1,1,1,0,1,0,0,0,6.90556E+20,5.29268E+21,1.15428E+16,4.77593E+16
141538,141539,9,7,72,149,2016,7,17,5,3,4,1,0,0,0,1,0,0,0,0,6.3774E+20,5.33995E+21,1.08536E+16,4.81979E+16
141539,141540,9,2,77,138,2016,7,14,6,3,5,3,0,0,1,1,0,0,0,0,7.91252E+20,5.37161E+21,1.29376E+16,4.84302E+16
141540,141541,9,1,63,0,2016,7,17,7,2,9,1,0,0,0,1,0,0,0,0,7.3375E+20,5.30611E+21,1.21256E+16,4.78658E+16
141541,141542,9,7,61,0,2016,7,14,6,3,3,6,0,0,1,0,0,0,0,0,6.41557E+20,5.35579E+21,1.09103E+16,4.83394E+16
141542,141543,9,1,83,148,2016,7,18,5,3,2,6,0,0,0,1,0,0,0,0,7.51885E+20,5.34419E+21,1.23901E+16,4.82009E+16
141543,141544,9,7,61,0,2016,7,14,5,3,0,6,0,0,0,1,0,0,0,1,6.38342E+20,5.3609E+21,1.08686E+16,4.83861E+16
141544,141545,9,1,71,111,2016,7,12,5,3,8,1,0,1,1,0,0,0,0,0,7.73071E+20,5.34765E+21,1.26769E+16,4.82232E+16
141545,141546,9,5,64,0,2016,7,16,6,2,6,4,0,0,0,1,1,0,0,0,6.54714E+20,5.48104E+21,1.11351E+16,4.94623E+16
141546,141547,9,7,61,0,2016,7,11,5,3,5,3,0,0,0,1,0,0,0,0,6.4186E+20,5.36117E+21,1.09162E+16,4.83877E+16
141547,141548,9,2,75,144,2016,7,19,6,3,0,1,0,0,0,0,0,1,0,0,8.24514E+20,5.39851E+21,1.3407E+16,4.86553E+16
141548,141549,9,7,77,159,2016,7,17,7,3,2,6,0,0,0,1,0,0,0,0,6.1764E+20,5.27116E+21,1.05645E+16,4.75832E+16
141549,141550,9,6,61,0,2016,7,0,1,2,8,7,2,0,1,0,0,0,0,0,5.12089E+20,5.53585E+21,9.16859E+15,4.99748E+16
141550,141551,9,1,62,0,2016,7,11,7,3,0,7,0,0,1,0,0,0,0,0,6.92548E+20,5.33809E+21,1.15897E+16,4.81669E+16
141551,141552,9,1,63,0,2016,7,15,7,3,5,3,0,0,1,1,0,0,0,0,7.35717E+20,5.30329E+21,1.21503E+16,4.78397E+16
141552,141553,9,6,63,0,2016,7,18,6,3,2,6,0,0,0,1,0,0,0,0,5.66659E+20,5.51467E+21,9.92592E+15,4.97808E+16
141553,141554,9,1,63,0,2016,7,15,5,3,5,3,0,1,1,1,0,0,0,0,7.33845E+20,5.30546E+21,1.21265E+16,4.78598E+16
141554,141555,9,7,61,0,2016,7,11,5,3,5,3,0,0,0,1,0,0,1,0,6.42938E+20,5.36207E+21,1.0931E+16,4.83956E+16
141555,141556,9,7,61,0,2016,7,7,5,3,5,2,0,0,1,1,0,0,0,0,6.40929E+20,5.3572E+21,1.09023E+16,4.83522E+16
141556,141557,9,2,75,127,2016,7,17,1,3,5,6,0,0,1,0,0,0,0,0,8.04093E+20,5.3999E+21,1.31314E+16,4.8678E+16
141557,141558,9,1,81,132,2016,7,17,2,3,2,6,0,0,0,1,0,1,0,0,6.43134E+20,5.32665E+21,1.09217E+16,4.8077E+16
141558,141559,9,2,62,0,2016,7,10,6,3,6,4,0,0,0,1,1,0,0,0,8.28874E+20,5.38952E+21,1.34589E+16,4.85724E+16
141559,141560,9,4,63,0,2016,7,19,7,3,4,2,0,0,1,1,0,0,0,0,6.41344E+20,5.57242E+21,1.09841E+16,5.0287E+16
141560,141561,9,7,77,121,2016,7,20,7,3,0,1,2,0,1,0,0,0,0,0,6.28855E+20,5.32118E+21,1.07284E+16,4.80309E+16
141561,141562,9,6,61,0,2016,7,10,1,3,5,3,0,0,1,1,0,0,0,0,5.10957E+20,5.53522E+21,9.15278E+15,4.99693E+16
141562,141563,9,1,62,0,2016,7,12,7,3,2,6,0,0,0,1,0,0,0,0,6.86232E+20,5.33271E+21,1.15025E+16,4.81204E+16
141563,141564,9,1,61,0,2016,7,1,7,3,0,1,2,0,1,0,0,0,0,0,6.76439E+20,5.40531E+21,1.14016E+16,4.87757E+16
141564,141565,9,7,77,128,2016,7,17,1,2,1,6,0,0,1,0,0,0,0,0,6.14687E+20,5.30141E+21,1.05332E+16,4.78558E+16
141565,141566,9,2,73,137,2016,7,18,1,3,5,3,0,0,1,1,0,0,0,0,7.10965E+20,5.42128E+21,1.18792E+16,4.89084E+16
141566,141567,9,2,62,0,2016,7,13,6,2,6,4,0,0,0,1,1,0,0,0,8.3186E+20,5.39115E+21,1.35005E+16,4.85854E+16
141567,141568,9,7,72,147,2016,7,15,7,3,5,3,0,0,1,1,0,0,0,0,6.39228E+20,5.36621E+21,1.08823E+16,4.84337E+16
141568,141569,9,1,62,0,2016,7,13,7,2,9,7,0,0,0,1,0,0,0,0,6.87343E+20,5.33491E+21,1.15184E+16,4.81399E+16
141569,141570,9,1,86,147,2016,7,14,7,3,0,7,0,0,1,0,0,0,0,1,6.83753E+20,5.39155E+21,1.14949E+16,4.865E+16
141570,141571,9,7,79,131,2016,7,17,1,3,0,1,0,0,1,0,0,0,0,0,6.30824E+20,5.39764E+21,1.07786E+16,4.8718E+16
141571,141572,9,1,63,0,2016,7,17,5,3,0,1,0,1,1,0,0,0,0,0,7.32764E+20,5.30472E+21,1.21117E+16,4.78536E+16
141572,141573,9,7,61,0,2016,7,19,5,3,2,6,0,0,0,1,0,0,0,0,6.41132E+20,5.35185E+21,1.09032E+16,4.83041E+16
141573,141574,9,1,73,120,2016,7,3,1,3,6,6,2,0,0,1,1,0,0,0,6.85164E+20,5.31159E+21,1.1479E+16,4.79309E+16
141574,141575,9,1,62,0,2016,7,12,1,3,0,7,0,0,0,0,0,1,0,0,6.83377E+20,5.3355E+21,1.14653E+16,4.81463E+16
141575,141576,9,2,61,0,2016,7,9,6,3,5,3,0,0,1,0,0,0,0,1,7.32813E+20,5.38163E+21,1.21545E+16,4.85446E+16
141576,141577,9,4,62,0,2016,7,15,7,3,5,3,0,0,1,1,0,0,0,0,6.83057E+20,5.53454E+21,1.1551E+16,4.99351E+16
141577,141578,9,7,61,0,2016,7,11,7,2,0,1,0,0,1,0,0,0,0,0,6.37725E+20,5.35708E+21,1.0859E+16,4.83519E+16
141578,141579,9,7,76,122,2016,7,0,1,3,9,1,2,0,1,0,0,0,0,0,5.61207E+20,5.27588E+21,9.81477E+15,4.76334E+16
141579,141580,9,5,72,132,2016,7,23,1,3,0,1,2,0,1,0,0,0,0,0,6.35617E+20,5.4924E+21,1.08757E+16,4.9569E+16
141580,141581,9,1,62,0,2016,7,17,7,3,3,2,0,0,0,1,0,1,0,0,6.98831E+20,5.33339E+21,1.16719E+16,4.81226E+16
141581,141582,9,1,61,0,2016,7,12,5,3,5,3,0,0,0,1,0,0,0,1,6.75331E+20,5.39838E+21,1.13836E+16,4.87138E+16
141582,141583,9,5,64,0,2016,7,13,6,3,5,3,0,0,1,0,0,0,0,1,6.48366E+20,5.47506E+21,1.10454E+16,4.94102E+16
141583,141584,9,1,61,0,2016,7,15,5,3,5,2,0,0,1,1,0,0,0,0,6.7861E+20,5.40451E+21,1.14308E+16,4.87679E+16
141584,141585,9,6,79,130,2016,7,19,5,2,2,6,0,0,1,1,0,0,0,0,5.72224E+20,5.51953E+21,1.00041E+16,4.98239E+16
141585,141586,9,5,64,0,2016,7,10,6,3,6,4,0,0,1,0,1,0,0,0,6.51293E+20,5.47869E+21,1.10871E+16,4.9442E+16
141586,141587,9,1,85,149,2016,7,15,5,3,0,6,0,0,0,1,0,1,0,0,6.62632E+20,5.40062E+21,1.1212E+16,4.87374E+16
141587,141588,9,6,63,0,2016,7,13,5,3,3,3,0,0,0,1,0,1,0,0,5.67877E+20,5.5166E+21,9.94317E+15,4.9798E+16
141588,141589,9,1,62,0,2016,7,10,7,2,3,6,0,0,0,1,0,1,0,0,6.80125E+20,5.3383E+21,1.14228E+16,4.81724E+16
141589,141590,9,2,73,166,2016,7,5,6,3,5,3,1,0,0,1,0,0,0,0,7.14485E+20,5.42031E+21,1.19267E+16,4.88986E+16
141590,141591,9,4,74,123,2016,7,15,7,3,0,7,0,0,1,0,0,0,0,0,6.48501E+20,5.5126E+21,1.10614E+16,4.97475E+16
141591,141592,9,1,61,0,2016,7,9,5,3,5,3,0,0,0,1,0,0,0,0,6.78585E+20,5.40453E+21,1.14304E+16,4.87681E+16
141592,141593,9,1,79,142,2016,7,10,7,3,0,1,0,0,1,0,0,0,0,0,6.72924E+20,5.34198E+21,1.13276E+16,4.82075E+16
141593,141594,9,5,64,0,2016,7,10,6,3,0,7,0,0,0,0,1,0,0,1,6.50546E+20,5.4778E+21,1.10764E+16,4.94343E+16
141594,141595,9,6,77,157,2016,7,17,5,3,1,6,0,0,0,1,0,0,0,0,5.44169E+20,5.52193E+21,9.61437E+15,4.98481E+16
141595,141596,9,1,89,154,2016,7,16,6,3,5,3,0,0,1,1,0,0,0,0,7.67682E+20,5.31848E+21,1.25862E+16,4.79636E+16
141596,141597,9,1,79,121,2016,7,22,7,3,2,6,2,0,1,0,0,0,0,0,6.65734E+20,5.33718E+21,1.1229E+16,4.81662E+16
141597,141598,9,7,61,0,2016,7,12,6,3,1,6,0,0,0,1,0,0,0,0,6.39395E+20,5.36007E+21,1.08825E+16,4.83784E+16
141598,141599,9,1,63,0,2016,7,13,6,2,6,6,0,1,0,1,1,0,0,0,7.34046E+20,5.30517E+21,1.21291E+16,4.78572E+16
141599,141600,9,1,74,115,2016,7,12,7,3,0,1,0,0,1,1,0,0,0,0,6.82507E+20,5.34806E+21,1.14591E+16,4.82595E+16
141600,141601,9,1,61,0,2016,7,6,6,3,5,3,0,0,1,1,0,0,0,0,6.79483E+20,5.402E+21,1.14415E+16,4.87451E+16
141601,141602,9,3,72,126,2016,7,17,7,3,4,6,0,0,0,1,0,1,0,0,7.73864E+20,5.46867E+21,1.2768E+16,4.93093E+16
141602,141603,9,1,81,126,2016,7,23,6,2,9,1,2,0,0,1,0,0,0,0,6.3319E+20,5.33169E+21,1.07898E+16,4.81245E+16
141603,141604,9,1,88,120,2016,7,7,5,3,5,3,0,1,1,1,0,0,0,0,6.76957E+20,5.32704E+21,1.13756E+16,4.80721E+16