FID,OBJECTID,ULAND,UREGBEZ,UKREIS,UGEMEINDE,UJAHR,UMONAT,USTUNDE,UWOCHENTAG,UKATEGORIE,UART,UTYP1,ULICHTVERH,IstStrasse,IstRad,IstPKW,IstFuss,IstKrad,IstGkfz,IstSonstig,LINREFX,LINREFY,XGCSWGS84,YGCSWGS84
141782,141783,9,1,62,0,2016,7,19,3,3,0,7,0,0,1,0,0,0,0,1,6.91204E+20,5.33302E+21,1.15693E+16,4.81217E+16
141783,141784,9,5,61,0,2016,7,12,2,3,0,1,0,0,1,0,0,0,0,0,6.14082E+20,5.46347E+21,1.05696E+16,4.93133E+16
141784,141785,9,1,82,120,2016,7,15,3,3,0,7,0,0,1,0,0,0,0,0,7.01487E+20,5.30585E+21,1.16946E+16,4.78744E+16
141785,141786,9,1,62,0,2016,7,18,2,3,6,7,0,0,1,0,1,0,0,0,6.92011E+20,5.33631E+21,1.15817E+16,4.8151E+16
141786,141787,9,1,87,169,2016,7,18,3,3,2,6,0,0,0,1,0,1,0,0,7.35103E+20,5.30003E+21,1.21404E+16,4.78106E+16
141787,141788,9,7,64,0,2016,7,6,4,3,3,6,0,0,0,1,0,1,0,0,5.88395E+20,5.31606E+21,1.01848E+16,4.79917E+16
141788,141789,9,6,61,0,2016,7,13,2,3,3,5,0,0,0,1,0,1,0,0,5.09826E+20,5.53542E+21,9.13702E+15,4.99711E+16
141789,141790,9,5,61,0,2016,7,13,3,3,8,6,0,0,0,1,0,0,0,0,6.17931E+20,5.45661E+21,1.06205E+16,4.92509E+16
141790,141791,9,4,61,0,2016,7,5,4,3,5,2,0,0,1,1,0,0,0,0,6.34955E+20,5.5293E+21,1.08793E+16,4.99009E+16
141791,141792,9,5,64,0,2016,7,23,4,3,5,7,2,0,1,1,0,0,0,0,6.49672E+20,5.47921E+21,1.10649E+16,4.94471E+16
141792,141793,9,7,61,0,2016,7,19,4,2,3,1,0,0,0,1,0,1,0,0,6.39035E+20,5.35918E+21,1.08774E+16,4.83704E+16
141793,141794,9,1,72,132,2016,7,13,4,3,0,1,0,0,1,0,0,0,0,0,7.9956E+20,5.28142E+21,1.29867E+16,4.76168E+16
141794,141795,9,1,62,0,2016,7,17,3,3,5,2,0,0,1,1,0,0,0,0,6.89486E+20,5.33493E+21,1.15471E+16,4.81393E+16
141795,141796,9,4,78,116,2016,7,14,2,3,4,1,0,0,1,1,0,0,0,0,6.63961E+20,5.55505E+21,1.12939E+16,5.0125E+16
141796,141797,9,1,61,0,2016,7,8,3,3,2,6,0,0,0,1,0,1,0,0,6.77959E+20,5.40456E+21,1.14219E+16,4.87686E+16
141797,141798,9,7,61,0,2016,7,12,2,3,0,6,0,0,1,0,0,0,0,1,6.43465E+20,5.35865E+21,1.0937E+16,4.83647E+16
141798,141799,9,4,64,0,2016,7,12,3,3,1,5,0,0,0,1,0,0,0,0,7.08448E+20,5.57782E+21,1.1928E+16,5.03156E+16
141799,141800,9,1,72,128,2016,7,12,4,2,4,6,0,0,1,0,0,0,0,0,7.9342E+20,5.29746E+21,1.29159E+16,4.77637E+16
141800,141801,9,4,64,0,2016,7,6,3,3,5,3,0,0,0,1,0,1,0,0,7.07781E+20,5.57537E+21,1.19173E+16,5.02938E+16
141801,141802,9,4,61,0,2016,7,14,4,3,2,6,0,0,0,1,0,0,0,0,6.35747E+20,5.52805E+21,1.08899E+16,4.98894E+16
141802,141803,9,1,62,0,2016,7,13,3,3,3,2,0,0,0,1,0,1,0,0,6.90799E+20,5.33432E+21,1.15645E+16,4.81335E+16
141803,141804,9,6,71,152,2016,7,19,2,2,0,1,0,0,1,0,0,0,0,0,5.17903E+20,5.54822E+21,9.25025E+15,5.0086E+16
141804,141805,9,4,64,0,2016,7,9,3,3,0,4,0,0,0,0,1,0,0,1,7.07315E+20,5.5775E+21,1.19119E+16,5.03131E+16
141805,141806,9,3,74,139,2016,7,20,4,3,5,3,1,0,1,1,0,0,0,0,7.28117E+20,5.51318E+21,1.21654E+16,4.97279E+16
141806,141807,9,4,76,178,2016,7,16,2,2,8,7,0,0,1,0,0,0,0,0,6.62619E+20,5.57681E+21,1.12844E+16,5.03209E+16
141807,141808,9,1,62,0,2016,7,19,3,3,3,6,0,0,1,0,0,0,0,0,6.90981E+20,5.33562E+21,1.15675E+16,4.81452E+16
141808,141809,9,4,76,146,2016,7,19,2,3,0,7,0,0,0,0,0,1,0,0,6.62125E+20,5.56327E+21,1.12717E+16,5.01994E+16
141809,141810,9,1,76,129,2016,7,20,3,3,6,1,0,0,0,0,1,1,0,0,6.84435E+20,5.40781E+21,1.15114E+16,4.87959E+16
141810,141811,9,6,63,0,2016,7,19,2,2,0,7,0,0,0,0,1,0,0,1,5.67367E+20,5.51623E+21,9.93602E+15,4.97948E+16
141811,141812,9,4,78,139,2016,7,20,3,3,2,6,0,0,0,1,0,0,0,0,6.47015E+20,5.55757E+21,1.10579E+16,5.01521E+16
141812,141813,9,1,71,125,2016,7,14,4,3,4,2,0,0,1,1,0,0,0,0,7.73959E+20,5.34946E+21,1.269E+16,4.82391E+16
141813,141814,9,1,62,0,2016,7,10,3,3,6,4,0,0,0,1,1,0,0,0,6.91213E+20,5.33536E+21,1.15705E+16,4.81428E+16
141814,141815,9,4,77,128,2016,7,16,2,3,2,6,0,0,0,1,0,0,0,0,6.75009E+20,5.55403E+21,1.14478E+16,5.01127E+16
141815,141816,9,1,86,151,2016,7,13,3,3,1,5,0,0,1,1,0,0,0,0,6.81677E+20,5.37504E+21,1.14596E+16,4.85022E+16
141816,141817,9,4,62,0,2016,7,16,2,3,5,3,0,0,1,1,0,0,0,0,6.84146E+20,5.53426E+21,1.1566E+16,4.99323E+16
141817,141818,9,7,64,0,2016,7,9,3,3,5,2,0,0,1,1,0,0,0,0,5.86376E+20,5.31699E+21,1.01579E+16,4.80004E+16
141818,141819,9,1,86,143,2016,7,6,3,3,5,3,0,0,1,1,0,0,0,0,6.83732E+20,5.37789E+21,1.14886E+16,4.85272E+16
141819,141820,9,6,62,0,2016,7,14,2,2,0,1,0,0,1,0,0,0,0,0,5.88365E+20,5.54386E+21,1.0234E+16,5.00404E+16
141820,141821,9,4,63,0,2016,7,7,3,3,2,6,0,0,0,1,0,0,0,0,6.39997E+20,5.56822E+21,1.09637E+16,5.02495E+16
141821,141822,9,5,64,0,2016,7,13,4,3,5,3,0,0,1,1,0,0,0,0,6.55209E+20,5.47467E+21,1.11395E+16,4.94049E+16
141822,141823,9,7,61,0,2016,7,19,4,3,0,7,0,0,0,1,0,1,0,0,6.4201E+20,5.35956E+21,1.09177E+16,4.83732E+16
141823,141824,9,1,87,118,2016,7,20,4,3,0,1,0,0,1,0,0,0,0,0,7.52986E+20,5.30278E+21,1.23804E+16,4.78285E+16
141824,141825,9,7,78,116,2016,7,9,3,3,0,3,0,0,0,1,0,1,0,0,6.19219E+20,5.31859E+21,1.05985E+16,4.80095E+16
141825,141826,9,4,61,0,2016,7,12,2,2,3,6,0,0,1,0,0,0,0,0,6.35386E+20,5.52866E+21,1.08851E+16,4.9895E+16
141826,141827,9,1,85,149,2016,7,7,3,3,6,2,0,0,0,1,1,0,0,0,6.59631E+20,5.40018E+21,1.1171E+16,4.87342E+16
141827,141828,9,1,86,162,2016,7,18,3,3,3,3,0,0,0,1,0,0,0,0,6.93715E+20,5.38661E+21,1.16277E+16,4.86026E+16
141828,141829,9,7,78,115,2016,7,16,4,3,5,3,0,0,0,1,0,1,0,0,5.92991E+20,5.33263E+21,1.025E+16,4.81401E+16
141829,141830,9,6,71,152,2016,7,19,2,3,5,3,0,0,0,1,0,1,0,0,5.17642E+20,5.54798E+21,9.2466E+15,5.00839E+16
141830,141831,9,4,77,128,2016,7,22,3,3,4,2,2,0,1,1,0,0,0,0,6.74755E+20,5.55453E+21,1.14445E+16,5.01173E+16
141831,141832,9,3,77,116,2016,7,19,4,3,8,1,0,0,0,1,0,0,0,0,7.19217E+20,5.52759E+21,1.20503E+16,4.98606E+16
141832,141833,9,5,64,0,2016,7,8,4,3,3,6,0,0,1,0,0,0,0,0,6.51298E+20,5.48008E+21,1.10877E+16,4.94545E+16
141833,141834,9,7,61,0,2016,7,22,4,3,0,1,2,0,1,0,0,0,0,0,6.37696E+20,5.35256E+21,1.08571E+16,4.83112E+16
141834,141835,9,1,87,157,2016,7,12,4,3,0,7,0,0,0,1,0,0,0,0,7.38004E+20,5.28176E+21,1.21691E+16,4.76454E+16
141835,141836,9,7,75,111,2016,7,15,4,3,5,3,0,0,0,1,0,1,0,0,5.83467E+20,5.33262E+21,1.0122E+16,4.81414E+16
141836,141837,9,4,62,0,2016,7,7,3,3,4,2,0,0,0,1,0,0,0,0,6.85364E+20,5.53703E+21,1.15843E+16,4.99568E+16
141837,141838,9,5,64,0,2016,7,17,4,3,1,7,0,0,0,1,0,0,0,0,6.49168E+20,5.48148E+21,1.10588E+16,4.94677E+16
141838,141839,9,7,61,0,2016,7,16,4,3,0,7,0,0,1,0,0,0,0,0,6.4109E+20,5.35253E+21,1.09029E+16,4.83102E+16
141839,141840,9,1,82,129,2016,7,12,4,2,0,1,0,0,1,0,0,0,0,0,7.14481E+20,5.27941E+21,1.18551E+16,4.76326E+16
141840,141841,9,4,61,0,2016,7,7,2,3,0,7,0,0,0,1,1,0,0,0,6.35543E+20,5.52768E+21,1.08869E+16,4.98861E+16
141841,141842,9,1,88,113,2016,7,11,3,3,0,1,0,0,1,0,0,0,0,0,6.74597E+20,5.3123E+21,1.13379E+16,4.79402E+16
141842,141843,9,7,74,135,2016,7,18,4,3,4,2,0,0,0,1,0,0,0,0,5.95812E+20,5.36461E+21,1.02952E+16,4.84273E+16
141843,141844,9,5,72,131,2016,7,11,2,3,0,1,0,0,1,0,0,0,0,0,6.55569E+20,5.48806E+21,1.11497E+16,4.95252E+16
141844,141845,9,4,74,126,2016,7,13,3,3,2,6,0,0,0,1,0,0,0,0,6.48952E+20,5.50877E+21,1.10662E+16,4.9713E+16
141845,141846,9,3,75,196,2016,7,6,4,3,5,3,0,0,0,1,0,1,0,0,7.31008E+20,5.41302E+21,1.21477E+16,4.88271E+16
141846,141847,9,5,64,0,2016,7,16,4,3,4,2,0,0,1,1,0,0,0,0,6.46155E+20,5.47999E+21,1.10167E+16,4.9455E+16
141847,141848,9,6,72,114,2016,7,18,4,2,0,7,0,0,1,0,0,0,0,0,5.76581E+20,5.56082E+21,1.00729E+16,5.01946E+16
141848,141849,9,3,63,0,2016,7,13,2,3,1,7,0,0,1,1,0,0,0,0,7.28433E+20,5.50863E+21,1.21672E+16,4.96869E+16
141849,141850,9,7,80,139,2016,7,10,3,3,2,6,0,0,0,1,0,0,0,0,5.95583E+20,5.26376E+21,1.02696E+16,4.75203E+16
141850,141851,9,3,75,174,2016,7,14,2,3,4,2,0,0,0,1,0,0,0,0,7.35377E+20,5.43128E+21,1.22176E+16,4.89895E+16
141851,141852,9,1,79,134,2016,7,10,3,3,0,1,0,0,1,0,0,0,0,0,6.71174E+20,5.34481E+21,1.13052E+16,4.82334E+16
141852,141853,9,7,80,139,2016,7,17,3,3,6,7,0,0,1,0,1,0,0,0,5.96506E+20,5.26288E+21,1.02817E+16,4.75122E+16
141853,141854,9,3,75,118,2016,7,16,2,3,2,6,0,0,1,1,0,0,0,0,7.07283E+20,5.44817E+21,1.18428E+16,4.91513E+16
141854,141855,9,1,81,130,2016,7,18,3,2,4,6,0,0,1,0,0,0,0,0,6.39193E+20,5.32442E+21,1.08681E+16,4.80579E+16
141855,141856,9,7,80,133,2016,7,13,2,2,0,1,0,0,1,0,0,0,0,0,5.95765E+20,5.24851E+21,1.02687E+16,4.7383E+16
141856,141857,9,1,87,117,2016,7,9,4,3,0,1,0,0,1,0,0,0,0,0,7.25189E+20,5.30577E+21,1.20111E+16,4.78658E+16
141857,141858,9,3,63,0,2016,7,16,3,3,0,1,0,0,1,0,0,0,0,0,7.26964E+20,5.50736E+21,1.21461E+16,4.9676E+16
141858,141859,9,3,62,0,2016,7,16,4,3,0,4,0,0,0,0,1,0,0,1,7.26102E+20,5.4319E+21,1.20914E+16,4.89985E+16
141859,141860,9,3,62,0,2016,7,17,2,3,5,3,0,0,1,1,0,0,0,0,7.24309E+20,5.43378E+21,1.20679E+16,4.90161E+16
141860,141861,9,1,87,117,2016,7,8,4,3,6,7,0,0,0,0,1,1,0,0,7.24156E+20,5.3046E+21,1.19967E+16,4.78556E+16
141861,141862,9,7,63,0,2016,7,16,3,3,2,6,0,0,0,1,0,0,0,1,5.996E+20,5.28559E+21,1.03279E+16,4.7716E+16
141862,141863,9,1,79,126,2016,7,12,3,2,6,7,0,0,0,0,1,0,0,1,6.7688E+20,5.3405E+21,1.13802E+16,4.81931E+16
141863,141864,9,6,77,203,2016,7,18,2,2,0,7,0,0,1,0,0,0,0,1,5.58922E+20,5.52697E+21,9.82033E+15,4.98922E+16
141864,141865,9,3,62,0,2016,7,9,3,3,5,7,0,0,1,1,0,0,0,0,7.25691E+20,5.43413E+21,1.2087E+16,4.90187E+16
141865,141866,9,1,61,0,2016,7,19,4,2,6,4,0,0,0,1,1,0,0,0,6.77827E+20,5.40526E+21,1.14204E+16,4.8775E+16
141866,141867,9,7,77,129,2016,7,15,3,3,0,6,0,0,1,0,0,0,0,0,6.28418E+20,5.27132E+21,1.07078E+16,4.75825E+16
141867,141868,9,7,61,0,2016,7,1,2,3,3,5,2,0,1,1,0,0,0,0,6.39567E+20,5.35901E+21,1.08845E+16,4.83688E+16
141868,141869,9,3,73,147,2016,7,14,3,3,3,6,0,0,1,1,0,0,0,0,6.78626E+20,5.46118E+21,1.14559E+16,4.92773E+16
141869,141870,9,1,85,140,2016,7,22,4,3,7,6,2,0,0,1,0,0,0,1,6.78991E+20,5.39575E+21,1.14321E+16,4.86891E+16
141870,141871,9,3,73,147,2016,7,20,3,2,0,1,0,0,1,0,0,0,0,0,6.78853E+20,5.46183E+21,1.14593E+16,4.9283E+16
141871,141872,9,3,76,161,2016,7,20,4,3,3,2,0,0,1,1,0,0,0,0,7.25985E+20,5.46737E+21,1.21097E+16,4.93172E+16
141872,141873,9,7,73,183,2016,7,12,3,3,5,3,0,0,0,0,0,1,0,0,6.04375E+20,5.38591E+21,1.04162E+16,4.86175E+16
141873,141874,9,3,62,0,2016,7,7,2,3,0,7,0,0,1,1,0,0,0,0,7.25842E+20,5.43534E+21,1.20897E+16,4.90295E+16
141874,141875,9,7,61,0,2016,7,15,3,3,2,6,0,0,0,1,0,0,0,0,6.39697E+20,5.35755E+21,1.08858E+16,4.83556E+16
141875,141876,9,1,79,121,2016,7,11,3,2,5,7,0,0,1,0,0,0,0,0,6.68468E+20,5.3381E+21,1.12661E+16,4.81738E+16
141876,141877,9,7,80,128,2016,7,21,4,3,0,7,2,0,0,0,0,1,0,0,6.09902E+20,5.27707E+21,1.04631E+16,4.76377E+16
141877,141878,9,3,72,164,2016,7,18,3,3,4,6,0,0,0,1,0,1,0,0,7.64597E+20,5.44599E+21,1.26259E+16,4.91098E+16
141878,141879,9,5,64,0,2016,7,13,4,3,0,7,0,0,0,1,0,1,0,0,6.48809E+20,5.47875E+21,1.10528E+16,4.94432E+16
141879,141880,9,6,62,0,2016,7,12,4,3,8,1,0,0,0,1,0,0,0,0,5.86182E+20,5.5444E+21,1.02037E+16,5.00456E+16
141880,141881,9,1,86,143,2016,7,16,4,3,3,6,0,0,0,0,0,0,0,1,6.77953E+20,5.38047E+21,1.14115E+16,4.8552E+16
141881,141882,9,7,72,147,2016,7,20,3,3,0,7,0,0,1,0,0,0,0,0,6.35669E+20,5.36651E+21,1.08343E+16,4.84371E+16
141882,141883,9,1,74,115,2016,7,19,3,2,0,1,0,0,1,0,0,0,0,0,6.81136E+20,5.34884E+21,1.14409E+16,4.82668E+16
141883,141884,9,3,73,147,2016,7,11,2,2,5,3,0,0,1,1,0,0,0,0,6.79512E+20,5.46067E+21,1.14679E+16,4.92724E+16
141884,141885,9,1,74,115,2016,7,7,3,3,5,3,0,0,1,1,0,0,0,0,6.81187E+20,5.3473E+21,1.1441E+16,4.82529E+16
141885,141886,9,7,62,0,2016,7,13,4,3,0,3,0,0,1,1,0,0,0,0,6.21986E+20,5.30523E+21,1.06318E+16,4.78888E+16
141886,141887,9,5,74,154,2016,7,10,2,3,1,5,0,0,1,1,0,0,0,0,6.62676E+20,5.48497E+21,1.12465E+16,4.94955E+16
141887,141888,9,3,71,151,2016,7,14,3,3,0,3,0,0,1,0,0,0,1,0,7.02596E+20,5.48694E+21,1.17982E+16,4.95012E+16
141888,141889,9,5,64,0,2016,7,15,4,2,6,4,0,0,1,0,1,0,0,0,6.5181E+20,5.48118E+21,1.10952E+16,4.94643E+16
141889,141890,9,6,78,181,2016,7,16,4,3,5,3,0,0,0,1,0,0,0,1,5.96791E+20,5.56064E+21,1.03559E+16,5.019E+16
141890,141891,9,1,88,137,2016,7,15,4,3,2,6,0,0,0,1,0,0,0,0,6.71913E+20,5.31558E+21,1.13034E+16,4.79704E+16
141891,141892,9,7,61,0,2016,7,7,3,3,5,3,0,0,1,0,0,0,0,0,6.36723E+20,5.36086E+21,1.08467E+16,4.83861E+16
141892,141893,9,3,71,151,2016,7,20,2,2,4,2,0,0,0,1,0,1,0,0,6.96049E+20,5.4867E+21,1.17078E+16,4.95012E+16
141893,141894,9,1,75,121,2016,7,8,3,3,6,7,0,0,0,1,1,0,0,0,7.13586E+20,5.3184E+21,1.18625E+16,4.79832E+16
141894,141895,9,1,62,0,2016,7,13,2,3,5,2,0,0,1,1,0,0,0,0,6.92583E+20,5.33418E+21,1.15884E+16,4.81317E+16
141895,141896,9,5,63,0,2016,7,21,2,3,8,1,1,0,0,0,0,1,0,0,6.4607E+20,5.48339E+21,1.10168E+16,4.94856E+16
141896,141897,9,3,71,136,2016,7,19,3,3,7,7,0,0,0,0,0,1,0,1,7.11154E+20,5.47463E+21,1.19097E+16,4.93877E+16
141897,141898,9,3,61,0,2016,7,13,4,3,2,6,0,0,0,1,0,0,0,0,7.05743E+20,5.48062E+21,1.18384E+16,4.94434E+16
141898,141899,9,7,77,129,2016,7,12,4,3,5,3,0,0,1,1,0,0,0,0,6.28113E+20,5.27134E+21,1.07038E+16,4.75828E+16
141899,141900,9,5,64,0,2016,7,13,2,3,8,5,0,0,1,1,0,0,0,0,6.52185E+20,5.48211E+21,1.11007E+16,4.94726E+16
141900,141901,9,2,76,144,2016,7,18,4,2,0,1,0,0,1,0,0,0,0,0,7.84124E+20,5.44298E+21,1.28907E+16,4.9074E+16
141901,141902,9,5,64,0,2016,7,9,4,3,6,4,0,0,1,0,1,0,0,0,6.50192E+20,5.47938E+21,1.10722E+16,4.94485E+16
141902,141903,9,6,71,136,2016,7,16,4,3,0,7,0,0,1,0,0,0,0,0,5.0488E+20,5.53899E+21,9.06809E+15,5.00032E+16
141903,141904,9,1,79,142,2016,7,17,4,3,4,6,0,0,1,1,0,0,0,0,6.7325E+20,5.344E+21,1.13328E+16,4.82256E+16
141904,141905,9,7,61,0,2016,7,10,3,3,5,6,0,0,0,0,0,0,1,1,6.41725E+20,5.35998E+21,1.09139E+16,4.8377E+16
141905,141906,9,3,76,161,2016,7,11,2,3,4,6,0,0,0,1,0,1,0,0,7.26837E+20,5.46782E+21,1.21216E+16,4.93209E+16
141906,141907,9,1,62,0,2016,7,19,2,2,5,7,0,0,1,1,0,0,0,0,6.93005E+20,5.33973E+21,1.15966E+16,4.81815E+16
141907,141908,9,7,61,0,2016,7,8,2,3,5,3,0,0,1,0,0,0,0,0,6.36727E+20,5.36086E+21,1.08468E+16,4.83861E+16
141908,141909,9,2,63,0,2016,7,9,3,3,5,3,0,0,0,1,0,0,0,0,7.61512E+20,5.42E+21,1.2567E+16,4.88777E+16
141909,141910,9,1,81,130,2016,7,8,4,3,5,3,0,0,1,1,0,0,0,0,6.38868E+20,5.32271E+21,1.08632E+16,4.80426E+16
141910,141911,9,2,63,0,2016,7,14,3,2,5,3,0,0,1,1,0,0,0,0,7.62107E+20,5.42131E+21,1.25759E+16,4.88892E+16
141911,141912,9,2,71,125,2016,7,11,4,3,5,3,0,0,1,1,0,0,0,0,7.97911E+20,5.41021E+21,1.30551E+16,4.87735E+16
141912,141913,9,7,61,0,2016,7,17,3,3,5,3,0,0,1,1,0,0,0,0,6.40747E+20,5.3558E+21,1.08993E+16,4.83397E+16
141913,141914,9,3,76,147,2016,7,10,2,2,9,7,0,0,0,1,0,0,0,0,7.46037E+20,5.47128E+21,1.23875E+16,4.93446E+16
141914,141915,9,1,88,144,2016,7,6,4,3,8,1,0,0,0,0,0,1,0,0,6.66021E+20,5.32855E+21,1.12295E+16,4.80886E+16
141915,141916,9,7,61,0,2016,7,11,3,3,1,6,0,0,0,1,0,1,0,0,6.39571E+20,5.35956E+21,1.08847E+16,4.83737E+16
141916,141917,9,6,71,121,2016,7,14,4,3,0,7,0,0,0,0,0,1,0,0,5.12781E+20,5.53918E+21,9.17835E+15,5.00048E+16
141917,141918,9,3,61,0,2016,7,22,2,3,3,2,2,0,0,1,0,1,0,0,7.07593E+20,5.48091E+21,1.1864E+16,4.94453E+16
141918,141919,9,6,63,0,2016,7,8,3,3,5,3,0,0,1,0,0,0,0,0,5.66823E+20,5.51618E+21,9.92847E+15,4.97943E+16
141919,141920,9,2,63,0,2016,7,18,2,3,5,3,0,0,0,1,0,0,0,0,7.65676E+20,5.42109E+21,1.26244E+16,4.88858E+16
141920,141921,9,1,62,0,2016,7,9,2,3,1,3,0,0,0,1,0,0,0,0,6.91375E+20,5.33537E+21,1.15727E+16,4.81428E+16
141921,141922,9,6,63,0,2016,7,22,2,3,0,1,2,0,1,0,0,0,0,0,5.6673E+20,5.51606E+21,9.92715E+15,4.97932E+16
141922,141923,9,2,71,132,2016,7,7,3,3,5,3,0,0,0,1,0,1,0,0,7.86626E+20,5.41909E+21,1.29081E+16,4.88584E+16
141923,141924,9,1,79,119,2016,7,8,4,3,5,3,0,0,0,1,1,0,0,0,6.69786E+20,5.33877E+21,1.12841E+16,4.81795E+16
141924,141925,9,6,63,0,2016,7,19,3,3,5,3,0,0,0,1,0,0,0,0,5.66825E+20,5.5164E+21,9.92853E+15,4.97963E+16
141925,141926,9,2,78,118,2016,7,7,2,3,5,3,0,0,0,1,0,0,0,0,7.776E+20,5.42561E+21,1.27897E+16,4.89211E+16
141926,141927,9,1,84,145,2016,7,9,2,2,5,3,0,0,1,1,0,0,0,0,6.94115E+20,5.32515E+21,1.16049E+16,4.80501E+16
141927,141928,9,7,72,209,2016,7,17,4,3,1,6,0,0,1,0,0,0,0,1,6.3475E+20,5.33535E+21,1.08119E+16,4.81571E+16
141928,141929,9,2,75,152,2016,7,13,3,3,2,2,0,0,0,1,0,0,0,1,8.2191E+20,5.4055E+21,1.33771E+16,4.87193E+16
141929,141930,9,5,64,0,2016,7,6,4,3,2,6,0,0,0,1,0,1,0,0,6.4947E+20,5.47755E+21,1.10615E+16,4.94323E+16
141930,141931,9,1,62,0,2016,7,9,2,3,5,2,0,0,1,1,0,0,0,0,6.9006E+20,5.34017E+21,1.15572E+16,4.81863E+16
141931,141932,9,6,78,176,2016,7,22,2,3,0,1,2,0,1,0,0,0,0,0,5.89977E+20,5.53818E+21,1.02552E+16,4.99892E+16
141932,141933,9,2,75,116,2016,7,22,3,3,0,1,2,0,1,0,0,0,0,0,8.19469E+20,5.36408E+21,1.33123E+16,4.83489E+16
141933,141934,9,5,73,122,2016,7,6,4,3,5,3,0,0,0,1,0,0,0,0,6.42442E+20,5.47733E+21,1.09646E+16,4.94319E+16
141934,141935,9,1,74,115,2016,7,17,4,2,5,3,0,0,0,1,0,0,0,0,6.83624E+20,5.34872E+21,1.14744E+16,4.82651E+16
141935,141936,9,6,63,0,2016,7,15,3,3,5,3,0,0,0,1,0,0,0,0,5.67108E+20,5.51471E+21,9.93217E+15,4.97811E+16
141936,141937,9,2,75,127,2016,7,6,2,3,5,3,1,0,0,1,0,0,0,0,8.07803E+20,5.40204E+21,1.31833E+16,4.86953E+16
141937,141938,9,1,62,0,2016,7,16,2,3,4,2,0,0,1,1,0,0,0,0,6.96001E+20,5.33365E+21,1.1634E+16,4.81259E+16
141938,141939,9,1,62,0,2016,7,15,2,3,2,6,0,0,0,0,0,1,0,1,6.92903E+20,5.33361E+21,1.15924E+16,4.81265E+16
141939,141940,9,7,72,171,2016,7,19,4,3,7,7,0,0,1,0,0,0,0,0,6.37939E+20,5.36974E+21,1.0866E+16,4.84657E+16
141940,141941,9,5,64,0,2016,7,13,2,3,0,6,0,0,1,0,0,0,0,0,6.49978E+20,5.48122E+21,1.10699E+16,4.94651E+16
141941,141942,9,2,77,116,2016,7,11,3,3,0,7,0,1,0,0,0,1,0,1,7.77421E+20,5.36756E+21,1.27484E+16,4.84001E+16
141942,141943,9,5,77,114,2016,7,20,4,2,5,3,0,0,0,1,0,1,0,0,6.25715E+20,5.4458E+21,1.07241E+16,4.91521E+16
141943,141944,9,6,71,111,2016,7,22,4,3,1,7,1,0,1,1,0,0,0,0,5.07066E+20,5.55002E+21,9.0988E+15,5.01024E+16
141944,141945,9,1,62,0,2016,7,9,3,3,1,5,0,0,1,1,0,0,0,0,6.88126E+20,5.33925E+21,1.15308E+16,4.81786E+16
141945,141946,9,6,63,0,2016,7,15,3,3,2,6,0,0,0,1,0,0,0,0,5.70352E+20,5.51808E+21,9.97783E+15,4.9811E+16
141946,141947,9,2,75,116,2016,7,17,2,2,5,3,0,0,1,1,0,0,0,0,8.20069E+20,5.36419E+21,1.33205E+16,4.83497E+16
141947,141948,9,5,72,132,2016,7,20,4,3,5,3,0,0,1,0,0,0,0,0,6.36168E+20,5.49234E+21,1.08833E+16,4.95683E+16
141948,141949,9,1,62,0,2016,7,17,3,3,6,4,0,0,1,0,0,0,0,1,6.96875E+20,5.33052E+21,1.16443E+16,4.80975E+16
141949,141950,9,1,62,0,2016,7,15,2,3,4,2,0,0,0,1,0,0,0,0,6.907E+20,5.33814E+21,1.15649E+16,4.81679E+16
141950,141951,9,7,72,147,2016,7,7,4,3,0,1,0,0,1,0,0,0,0,0,6.38944E+20,5.36745E+21,1.08789E+16,4.84449E+16
141951,141952,9,5,64,0,2016,7,18,2,3,5,3,0,0,0,1,0,1,0,0,6.51929E+20,5.47944E+21,1.10961E+16,4.94486E+16
141952,141953,9,2,74,113,2016,7,15,3,3,5,3,0,0,1,1,0,0,0,0,7.29528E+20,5.38282E+21,1.21107E+16,4.85564E+16
141953,141954,9,2,62,0,2016,7,22,4,3,4,6,2,0,0,1,0,0,0,0,8.24886E+20,5.38813E+21,1.34039E+16,4.8562E+16
141954,141955,9,5,71,152,2016,7,12,4,3,5,3,0,0,0,1,0,0,0,0,5.86892E+20,5.46714E+21,1.01964E+16,4.93508E+16
141955,141956,9,1,62,0,2016,7,18,4,2,1,5,0,0,1,0,0,0,0,0,6.92831E+20,5.33571E+21,1.15924E+16,4.81454E+16
141956,141957,9,5,62,0,2016,7,18,4,3,5,3,0,0,0,1,0,1,0,0,6.47108E+20,5.49668E+21,1.10361E+16,4.96048E+16
141957,141958,9,6,72,114,2016,7,15,3,3,5,3,0,0,0,1,0,0,0,0,5.7767E+20,5.56206E+21,1.00884E+16,5.02056E+16
141958,141959,9,2,74,184,2016,7,18,2,3,5,3,0,0,0,1,0,0,0,0,7.47764E+20,5.37149E+21,1.23508E+16,4.84477E+16