FID,OBJECTID,ULAND,UREGBEZ,UKREIS,UGEMEINDE,UJAHR,UMONAT,USTUNDE,UWOCHENTAG,UKATEGORIE,UART,UTYP1,ULICHTVERH,IstStrasse,IstRad,IstPKW,IstFuss,IstKrad,IstGkfz,IstSonstig,LINREFX,LINREFY,XGCSWGS84,YGCSWGS84
141959,141960,9,1,62,0,2016,7,18,2,3,5,3,0,0,0,1,0,0,0,0,6.795E+20,5.3344E+21,1.14128E+16,4.81375E+16
141960,141961,9,7,61,0,2016,7,18,2,3,0,1,0,0,1,0,0,0,0,0,6.41061E+20,5.35789E+21,1.09043E+16,4.83584E+16
141961,141962,9,2,74,126,2016,7,17,3,2,0,7,0,0,1,0,0,1,0,0,7.32949E+20,5.38424E+21,1.21578E+16,4.85679E+16
141962,141963,9,1,62,0,2016,7,9,2,3,6,7,0,0,0,1,1,0,0,0,6.9147E+20,5.3346E+21,1.15736E+16,4.81358E+16
141963,141964,9,7,78,116,2016,7,16,2,3,0,7,0,0,1,0,0,0,0,0,6.20366E+20,5.31805E+21,1.06137E+16,4.80044E+16
141964,141965,9,7,72,163,2016,7,17,4,3,5,3,0,0,1,1,0,0,0,0,6.4012E+20,5.34808E+21,1.08883E+16,4.82704E+16
141965,141966,9,5,77,136,2016,7,14,2,3,5,3,0,0,1,1,0,0,0,0,6.23268E+20,5.44472E+21,1.06902E+16,4.9143E+16
141966,141967,9,1,62,0,2016,7,20,3,3,1,5,0,0,0,0,0,1,0,1,6.89702E+20,5.34215E+21,1.15533E+16,4.82042E+16
141967,141968,9,2,61,0,2016,7,10,3,3,0,7,0,0,1,0,0,0,0,0,7.33115E+20,5.38214E+21,1.21589E+16,4.8549E+16
141968,141969,9,2,75,149,2016,7,22,4,3,7,7,2,0,0,0,0,1,0,0,8.15693E+20,5.37358E+21,1.32686E+16,4.84361E+16
141969,141970,9,2,61,0,2016,7,14,2,3,6,7,0,0,0,1,1,0,0,0,7.32682E+20,5.38089E+21,1.21524E+16,4.85379E+16
141970,141971,9,1,62,0,2016,7,22,3,3,6,4,2,0,0,1,1,0,0,0,6.90702E+20,5.33463E+21,1.15633E+16,4.81363E+16
141971,141972,9,6,61,0,2016,7,20,3,3,6,4,0,0,0,1,1,0,0,0,5.10351E+20,5.5364E+21,9.14437E+15,4.99798E+16
141972,141973,9,1,62,0,2016,7,14,2,3,3,2,0,0,0,1,0,1,0,0,6.9181E+20,5.33238E+21,1.15772E+16,4.81158E+16
141973,141974,9,6,77,155,2016,7,13,2,3,5,3,0,0,1,1,0,0,0,0,5.41489E+20,5.53902E+21,9.57895E+15,5.0002E+16
141974,141975,9,2,79,134,2016,7,21,3,3,0,1,0,0,0,0,0,1,0,0,7.68705E+20,5.38239E+21,1.26404E+16,4.8537E+16
141975,141976,9,1,62,0,2016,7,7,3,3,4,2,0,0,1,1,0,0,0,0,6.84074E+20,5.33508E+21,1.14745E+16,4.81423E+16
141976,141977,9,6,61,0,2016,7,17,3,3,0,7,0,0,1,0,0,0,0,0,5.11337E+20,5.53515E+21,9.15809E+15,4.99686E+16
141977,141978,9,2,61,0,2016,7,14,2,3,5,3,0,0,1,0,0,0,0,0,7.32279E+20,5.3824E+21,1.21477E+16,4.85516E+16
141978,141979,9,1,62,0,2016,7,17,3,3,0,7,0,0,0,0,1,0,0,1,6.91738E+20,5.33455E+21,1.15772E+16,4.81353E+16
141979,141980,9,2,79,112,2016,7,16,3,2,0,1,0,0,1,0,0,0,0,0,7.54679E+20,5.39134E+21,1.24562E+16,4.86232E+16
141980,141981,9,2,74,194,2016,7,6,4,3,0,7,0,0,0,0,0,1,0,0,7.19507E+20,5.38094E+21,1.19741E+16,4.85431E+16
141981,141982,9,5,62,0,2016,7,13,3,3,5,3,0,0,1,1,0,0,0,0,6.4207E+20,5.49592E+21,1.09661E+16,4.95992E+16
141982,141983,9,1,90,141,2016,7,18,2,3,5,3,0,0,0,1,0,0,0,0,6.78775E+20,5.29143E+21,1.13852E+16,4.77515E+16
141983,141984,9,5,62,0,2016,7,16,3,2,4,6,0,0,1,0,0,0,0,0,6.46424E+20,5.49606E+21,1.10264E+16,4.95994E+16
141984,141985,9,1,62,0,2016,7,14,2,3,0,7,0,0,0,1,0,1,0,0,6.90949E+20,5.33435E+21,1.15665E+16,4.81337E+16
141985,141986,9,1,90,148,2016,7,7,3,3,5,3,0,0,1,1,0,0,0,0,6.41051E+20,5.29651E+21,1.08839E+16,4.78065E+16
141986,141987,9,5,75,112,2016,7,11,4,3,6,4,0,0,1,0,1,0,0,0,6.05633E+20,5.48468E+21,1.04591E+16,4.95056E+16
141987,141988,9,1,62,0,2016,7,13,4,3,0,5,0,0,1,1,0,0,0,0,6.91568E+20,5.33455E+21,1.15749E+16,4.81353E+16
141988,141989,9,5,62,0,2016,7,10,4,3,1,5,0,0,1,1,0,0,0,0,6.44941E+20,5.495E+21,1.10055E+16,4.95902E+16
141989,141990,9,1,62,0,2016,7,3,3,2,0,7,2,0,1,0,0,0,0,0,6.91802E+20,5.3356E+21,1.15785E+16,4.81447E+16
141990,141991,9,5,63,0,2016,7,16,3,3,6,4,0,0,1,0,1,0,0,0,6.43827E+20,5.48269E+21,1.09856E+16,4.94798E+16
141991,141992,9,1,80,124,2016,7,8,2,3,5,3,0,0,1,1,0,0,0,0,6.65329E+20,5.28321E+21,1.12028E+16,4.76811E+16
141992,141993,9,1,62,0,2016,7,19,2,3,5,3,0,0,1,0,0,0,0,0,6.87301E+20,5.33606E+21,1.15183E+16,4.81501E+16
141993,141994,9,1,62,0,2016,7,16,2,3,3,6,0,0,1,0,0,0,0,0,6.88109E+20,5.33631E+21,1.15293E+16,4.81522E+16
141994,141995,9,7,72,163,2016,7,10,4,3,5,3,0,0,0,1,0,0,1,0,6.39886E+20,5.34976E+21,1.08857E+16,4.82856E+16
141995,141996,9,5,75,118,2016,7,20,2,3,2,6,0,0,1,1,0,0,0,0,6.1749E+20,5.49556E+21,1.0626E+16,4.96012E+16
141996,141997,9,1,62,0,2016,7,10,2,3,0,2,0,0,0,1,0,1,0,0,6.85666E+20,5.33463E+21,1.14957E+16,4.81378E+16
141997,141998,9,7,72,163,2016,7,8,4,3,0,7,0,0,1,0,0,0,0,0,6.4018E+20,5.34769E+21,1.0889E+16,4.82669E+16
141998,141999,9,1,73,124,2016,7,10,3,3,0,1,0,0,1,0,0,0,0,0,6.93367E+20,5.29051E+21,1.15793E+16,4.7739E+16
141999,142000,9,4,79,147,2016,7,19,4,3,4,3,0,0,1,1,0,0,0,0,7.30947E+20,5.55265E+21,1.22282E+16,5.00812E+16
142000,142001,9,5,62,0,2016,7,9,4,3,0,3,0,0,0,1,0,0,0,0,6.45493E+20,5.49671E+21,1.10138E+16,4.96054E+16
142001,142002,9,1,62,0,2016,7,10,3,3,3,6,0,0,0,1,0,1,0,0,6.89693E+20,5.34013E+21,1.15522E+16,4.81861E+16
142002,142003,9,1,80,117,2016,7,14,2,2,4,6,0,0,1,1,0,0,0,0,6.58175E+20,5.26197E+21,1.10999E+16,4.74919E+16
142003,142004,9,1,62,0,2016,7,6,2,3,0,1,0,0,0,0,0,1,0,0,6.99546E+20,5.32893E+21,1.16794E+16,4.80824E+16
142004,142005,9,1,62,0,2016,7,15,2,3,0,1,0,0,0,0,0,0,0,1,6.9344E+20,5.3335E+21,1.15996E+16,4.81254E+16
142005,142006,9,7,61,0,2016,7,13,4,3,5,3,0,0,1,1,0,0,0,0,6.38087E+20,5.36032E+21,1.08649E+16,4.83809E+16
142006,142007,9,5,71,145,2016,7,11,2,3,2,6,0,0,0,1,0,0,0,0,5.97031E+20,5.44655E+21,1.0331E+16,4.91641E+16
142007,142008,9,1,89,157,2016,7,12,3,2,3,2,0,0,0,0,0,1,0,1,7.624E+20,5.32736E+21,1.2521E+16,4.80455E+16
142008,142009,9,2,61,0,2016,7,7,4,3,5,7,0,0,1,1,0,0,0,0,7.32081E+20,5.38115E+21,1.21444E+16,4.85405E+16
142009,142010,9,4,75,182,2016,7,12,4,2,4,6,0,0,0,0,0,1,0,1,7.09978E+20,5.58417E+21,1.1953E+16,5.03721E+16
142010,142011,9,1,62,0,2016,7,21,4,3,0,7,1,0,1,1,0,0,0,0,6.91765E+20,5.33467E+21,1.15776E+16,4.81364E+16
142011,142012,9,5,63,0,2016,7,19,4,3,5,3,0,0,1,0,0,0,0,0,6.44043E+20,5.48381E+21,1.0989E+16,4.94898E+16
142012,142013,9,1,89,159,2016,7,15,2,3,0,1,0,0,1,0,0,0,0,0,7.59658E+20,5.3042E+21,1.24703E+16,4.78387E+16
142013,142014,9,5,64,0,2016,7,18,3,3,1,5,0,0,1,1,0,0,0,0,6.50195E+20,5.4797E+21,1.10723E+16,4.94514E+16
142014,142015,9,1,89,162,2016,7,14,3,3,0,1,0,0,1,1,0,0,0,0,7.7951E+20,5.31637E+21,1.27429E+16,4.79396E+16
142015,142016,9,2,79,112,2016,7,16,4,3,5,3,0,0,0,1,0,0,0,0,7.58002E+20,5.39319E+21,1.25024E+16,4.86385E+16
142016,142017,9,4,78,139,2016,7,10,4,3,6,4,0,0,0,1,1,0,0,0,6.48132E+20,5.55803E+21,1.10737E+16,5.0156E+16
142017,142018,9,7,75,135,2016,7,22,4,3,5,3,2,0,1,1,0,0,0,0,5.74185E+20,5.36001E+21,1.00021E+16,4.83888E+16
142018,142019,9,5,64,0,2016,7,15,4,2,4,6,0,0,1,1,0,0,0,0,6.51214E+20,5.47857E+21,1.10859E+16,4.9441E+16
142019,142020,9,1,62,0,2016,7,14,3,3,1,6,0,0,0,1,0,1,0,0,6.90707E+20,5.33475E+21,1.15634E+16,4.81374E+16
142020,142021,9,5,64,0,2016,7,21,3,3,5,7,2,0,0,1,0,0,0,0,6.50532E+20,5.47841E+21,1.10765E+16,4.94397E+16
142021,142022,9,1,63,0,2016,7,18,2,3,5,3,0,0,1,0,0,0,0,0,7.33995E+20,5.30316E+21,1.21273E+16,4.78391E+16
142022,142023,9,1,62,0,2016,7,19,2,3,1,5,0,0,1,1,0,0,0,0,6.94776E+20,5.33831E+21,1.16197E+16,4.81682E+16
142023,142024,9,7,76,116,2016,7,22,2,2,3,6,2,0,0,0,0,1,0,1,5.53944E+20,5.26758E+21,9.71707E+15,4.75594E+16
142024,142025,9,1,62,0,2016,7,8,3,3,6,4,0,0,0,1,1,0,0,0,6.95827E+20,5.33306E+21,1.16314E+16,4.81206E+16
142025,142026,9,1,71,113,2016,7,19,3,3,5,3,0,0,1,0,0,1,0,0,7.77797E+20,5.34117E+21,1.27361E+16,4.8163E+16
142026,142027,9,1,80,117,2016,7,11,4,3,5,2,0,0,0,1,0,1,0,0,6.57897E+20,5.26219E+21,1.10963E+16,4.74939E+16
142027,142028,9,1,87,122,2016,7,18,2,3,4,6,0,0,1,0,0,0,0,0,7.18324E+20,5.30655E+21,1.19199E+16,4.78751E+16
142028,142029,9,1,62,0,2016,7,11,3,3,6,4,0,0,0,1,1,0,0,0,6.86833E+20,5.33484E+21,1.15115E+16,4.81393E+16
142029,142030,9,5,64,0,2016,7,23,3,3,0,6,2,0,0,1,0,0,0,0,6.5114E+20,5.47855E+21,1.10849E+16,4.94409E+16
142030,142031,9,1,62,0,2016,7,6,2,3,5,3,0,0,1,1,0,0,0,0,6.95279E+20,5.3361E+21,1.16255E+16,4.81481E+16
142031,142032,9,6,74,163,2016,7,10,2,2,0,5,0,0,1,1,0,0,0,0,6.10841E+20,5.53908E+21,1.05464E+16,4.99938E+16
142032,142033,9,1,87,182,2016,7,10,3,2,6,4,0,0,0,1,1,0,0,0,7.40853E+20,5.3281E+21,1.22328E+16,4.80607E+16
142033,142034,9,1,61,0,2016,7,19,2,3,0,7,0,0,0,0,0,1,0,0,6.77782E+20,5.39773E+21,1.14166E+16,4.87072E+16
142034,142035,9,1,62,0,2016,7,11,2,3,1,3,0,0,0,1,0,1,0,0,6.91661E+20,5.3328E+21,1.15754E+16,4.81196E+16
142035,142036,9,6,63,0,2016,7,11,2,3,0,1,0,0,1,0,0,0,0,0,5.67306E+20,5.51486E+21,9.93494E+15,4.97824E+16
142036,142037,9,1,63,0,2016,7,7,3,3,4,2,0,0,0,1,0,0,0,0,7.33156E+20,5.30499E+21,1.21171E+16,4.78559E+16
142037,142038,9,1,84,130,2016,7,23,3,2,8,1,2,0,1,0,0,0,0,0,6.97987E+20,5.34382E+21,1.16654E+16,4.82167E+16
142038,142039,9,5,73,120,2016,7,17,3,3,4,2,0,0,0,1,0,1,0,0,6.308E+20,5.48419E+21,1.08064E+16,4.94963E+16
142039,142040,9,1,86,143,2016,7,14,2,3,2,1,0,0,0,1,0,0,0,1,6.85124E+20,5.37912E+21,1.1508E+16,4.85379E+16
142040,142041,9,1,83,148,2016,7,15,7,2,5,3,0,0,0,1,0,1,0,0,7.52374E+20,5.34395E+21,1.23965E+16,4.81986E+16
142041,142042,9,1,61,0,2016,7,18,5,2,4,2,0,0,0,0,0,1,1,0,6.76414E+20,5.40577E+21,1.14014E+16,4.87799E+16
142042,142043,9,3,62,0,2016,7,11,6,2,0,6,0,0,0,1,0,1,0,0,7.29254E+20,5.43281E+21,1.21349E+16,4.90055E+16
142043,142044,9,7,79,181,2016,7,17,5,2,6,4,0,0,0,1,1,0,0,0,6.33628E+20,5.39109E+21,1.08146E+16,4.86585E+16
142044,142045,9,7,72,186,2016,7,20,5,3,3,6,0,0,1,0,0,0,0,0,6.37646E+20,5.34477E+21,1.08539E+16,4.82412E+16
142045,142046,9,1,88,137,2016,7,16,1,3,0,1,0,0,1,0,0,0,0,0,6.71093E+20,5.31724E+21,1.1293E+16,4.79855E+16
142046,142047,9,7,75,135,2016,7,14,6,3,3,7,0,0,1,1,0,0,0,0,5.76524E+20,5.36165E+21,1.00339E+16,4.84034E+16
142047,142048,9,1,75,115,2016,7,19,6,3,2,6,0,0,0,1,0,0,0,0,7.18557E+20,5.32791E+21,1.19338E+16,4.8067E+16
142048,142049,9,5,61,0,2016,7,2,7,2,0,7,2,0,0,1,0,0,0,0,6.14597E+20,5.463E+21,1.05766E+16,4.9309E+16
142049,142050,9,7,73,170,2016,7,15,7,3,4,3,0,0,0,1,0,1,0,0,5.96408E+20,5.38874E+21,1.03088E+16,4.86443E+16
142050,142051,9,2,61,0,2016,7,6,5,3,4,2,0,0,1,1,0,0,0,0,7.31771E+20,5.38191E+21,1.21406E+16,4.85474E+16
142051,142052,9,1,62,0,2016,7,12,7,2,5,3,0,0,0,1,0,1,0,0,6.93012E+20,5.33385E+21,1.1594E+16,4.81286E+16
142052,142053,9,1,89,149,2016,7,16,7,2,0,7,0,0,1,0,0,0,0,0,7.66054E+20,5.32907E+21,1.2571E+16,4.80593E+16
142053,142054,9,1,81,141,2016,7,20,5,2,3,6,0,0,1,0,0,0,0,0,6.436E+20,5.31826E+21,1.09251E+16,4.80015E+16
142054,142055,9,3,62,0,2016,7,18,6,3,4,3,0,0,0,1,0,0,0,0,7.27337E+20,5.43522E+21,1.21101E+16,4.90279E+16
142055,142056,9,7,61,0,2016,7,18,5,3,2,6,0,0,0,1,0,0,0,0,6.37105E+20,5.36082E+21,1.08519E+16,4.83856E+16
142056,142057,9,7,78,171,2016,7,17,6,3,0,1,0,0,1,0,0,0,0,0,5.90033E+20,5.31585E+21,1.02067E+16,4.79896E+16
142057,142058,9,7,61,0,2016,7,16,5,3,0,1,0,0,1,0,0,0,0,0,6.3892E+20,5.36025E+21,1.08762E+16,4.83801E+16
142058,142059,9,1,88,132,2016,7,12,1,2,6,4,0,0,1,0,1,0,0,0,6.67827E+20,5.32192E+21,1.12511E+16,4.80285E+16
142059,142060,9,7,64,0,2016,7,7,6,3,0,1,0,0,1,0,0,0,0,0,5.87829E+20,5.31417E+21,1.01768E+16,4.79748E+16
142060,142061,9,1,62,0,2016,7,16,5,3,7,1,0,1,1,0,0,0,0,1,6.89555E+20,5.33726E+21,1.15491E+16,4.81603E+16
142061,142062,9,4,79,152,2016,7,11,7,3,5,3,0,0,0,1,0,0,0,0,7.23372E+20,5.56221E+21,1.21281E+16,5.017E+16
142062,142063,9,7,72,184,2016,7,18,7,3,5,3,0,0,0,1,0,0,0,0,6.35987E+20,5.36105E+21,1.08368E+16,4.83879E+16
142063,142064,9,2,61,0,2016,7,8,5,3,0,3,0,0,1,1,0,0,0,0,7.32007E+20,5.3798E+21,1.21426E+16,4.85284E+16
142064,142065,9,1,62,0,2016,7,21,7,3,0,7,2,0,0,1,0,0,0,0,6.90872E+20,5.33911E+21,1.15676E+16,4.81766E+16
142065,142066,9,1,83,127,2016,7,17,7,3,8,1,0,0,0,1,0,0,0,0,7.56864E+20,5.35165E+21,1.24615E+16,4.82659E+16
142066,142067,9,1,79,126,2016,7,9,5,2,6,4,0,1,0,1,1,0,0,0,6.7743E+20,5.33966E+21,1.13872E+16,4.81854E+16
142067,142068,9,3,73,147,2016,7,3,6,2,1,7,2,0,1,1,0,0,0,0,6.784E+20,5.46293E+21,1.14536E+16,4.92931E+16
142068,142069,9,7,61,0,2016,7,16,5,2,0,1,0,0,1,0,0,0,0,0,6.39131E+20,5.35688E+21,1.08779E+16,4.83498E+16
142069,142070,9,7,74,116,2016,7,15,6,3,0,1,0,0,0,1,0,0,0,0,6.07407E+20,5.34668E+21,1.04473E+16,4.82643E+16
142070,142071,9,1,62,0,2016,7,19,5,3,5,2,0,0,1,1,0,0,0,0,6.88419E+20,5.33641E+21,1.15335E+16,4.8153E+16
142071,142072,9,1,83,135,2016,7,13,7,2,4,2,0,0,0,1,0,1,0,0,7.4116E+20,5.3462E+21,1.22471E+16,4.82231E+16
142072,142073,9,1,62,0,2016,7,15,5,2,5,3,0,0,0,0,1,0,0,1,6.86396E+20,5.32907E+21,1.15031E+16,4.80876E+16
142073,142074,9,4,75,156,2016,7,13,7,3,1,1,0,0,1,1,0,0,0,0,6.92683E+20,5.57884E+21,1.17073E+16,5.03301E+16
142074,142075,9,1,79,121,2016,7,15,5,3,5,3,0,0,0,1,0,1,0,0,6.66747E+20,5.33919E+21,1.12434E+16,4.81841E+16
142075,142076,9,7,78,116,2016,7,13,6,3,9,1,0,0,0,1,0,0,0,0,6.19078E+20,5.31913E+21,1.05968E+16,4.80144E+16
142076,142077,9,1,62,0,2016,7,23,5,3,6,4,2,1,1,0,1,0,0,0,6.91656E+20,5.33407E+21,1.15759E+16,4.8131E+16
142077,142078,9,4,64,0,2016,7,6,7,3,1,5,0,0,0,1,0,0,0,0,7.06435E+20,5.57721E+21,1.18994E+16,5.03108E+16
142078,142079,9,3,72,116,2016,7,9,6,3,5,3,0,0,0,1,0,0,0,0,7.66694E+20,5.45892E+21,1.26631E+16,4.92249E+16
142079,142080,9,1,74,115,2016,7,11,5,3,4,3,0,0,0,1,0,1,0,0,6.80804E+20,5.34815E+21,1.14362E+16,4.82607E+16
142080,142081,9,3,61,0,2016,7,17,6,3,1,7,0,0,0,1,0,0,0,0,7.07756E+20,5.48098E+21,1.18663E+16,4.94459E+16
142081,142082,9,7,61,0,2016,7,14,5,3,3,6,0,1,1,1,0,0,0,0,6.41278E+20,5.35889E+21,1.09075E+16,4.83673E+16
142082,142083,9,7,78,116,2016,7,10,6,3,8,7,0,0,1,0,0,0,0,0,6.19812E+20,5.31855E+21,1.06065E+16,4.8009E+16
142083,142084,9,1,62,0,2016,7,8,5,3,0,7,0,1,0,0,0,1,0,0,6.84269E+20,5.33106E+21,1.14754E+16,4.81062E+16
142084,142085,9,1,72,134,2016,7,16,7,3,8,1,0,0,1,0,0,0,0,0,7.85788E+20,5.30663E+21,1.28203E+16,4.78494E+16
142085,142086,9,1,74,115,2016,7,8,5,3,1,6,0,1,0,1,0,0,0,0,6.81499E+20,5.34753E+21,1.14453E+16,4.82549E+16
142086,142087,9,2,76,143,2016,7,11,6,3,6,7,0,0,0,1,1,0,0,0,7.91829E+20,5.43945E+21,1.29934E+16,4.90388E+16
142087,142088,9,7,61,0,2016,7,15,5,3,0,1,0,1,0,0,0,1,0,0,6.40987E+20,5.35921E+21,1.09037E+16,4.83703E+16
142088,142089,9,2,63,0,2016,7,17,6,3,4,6,0,0,0,1,0,0,0,0,7.60812E+20,5.42036E+21,1.25577E+16,4.88812E+16
142089,142090,9,1,78,124,2016,7,17,5,2,5,2,0,0,0,0,0,1,1,0,7.05007E+20,5.3591E+21,1.17672E+16,4.83518E+16
142090,142091,9,7,61,0,2016,7,9,5,3,2,6,0,0,0,1,0,0,0,0,6.40812E+20,5.35954E+21,1.09015E+16,4.83733E+16
142091,142092,9,7,80,124,2016,7,17,6,3,0,6,0,1,0,1,0,1,0,0,5.91339E+20,5.26805E+21,1.02142E+16,4.75594E+16
142092,142093,9,1,62,0,2016,7,13,5,3,6,4,0,0,0,1,1,0,0,0,6.91813E+20,5.33465E+21,1.15783E+16,4.81362E+16
142093,142094,9,7,61,0,2016,7,7,7,3,5,2,0,0,1,0,0,0,0,0,6.40927E+20,5.36074E+21,1.09034E+16,4.83841E+16
142094,142095,9,1,73,126,2016,7,13,5,3,4,2,0,0,1,1,0,0,0,0,6.85613E+20,5.30361E+21,1.14816E+16,4.7859E+16
142095,142096,9,1,84,131,2016,7,14,7,3,0,1,0,0,1,0,0,0,0,0,7.0387E+20,5.33933E+21,1.17424E+16,4.81745E+16
142096,142097,9,1,71,112,2016,7,10,7,3,0,7,0,0,0,0,0,1,0,0,7.84392E+20,5.34307E+21,1.28259E+16,4.81771E+16
142097,142098,9,1,78,124,2016,7,8,5,3,2,7,0,1,0,1,0,0,1,0,7.04608E+20,5.3587E+21,1.17617E+16,4.83483E+16
142098,142099,9,2,63,0,2016,7,6,6,3,5,3,0,0,1,1,0,0,0,0,7.61652E+20,5.41935E+21,1.25685E+16,4.88719E+16
142099,142100,9,6,63,0,2016,7,7,5,3,0,1,1,1,0,0,0,1,0,0,5.70444E+20,5.51772E+21,9.97904E+15,4.98078E+16
142100,142101,9,6,77,146,2016,7,13,5,3,6,7,0,0,0,1,1,0,0,0,5.45649E+20,5.52433E+21,9.63525E+15,4.98697E+16
142101,142102,9,1,79,123,2016,7,10,1,3,0,7,0,0,1,0,0,0,0,0,6.76721E+20,5.33289E+21,1.13749E+16,4.81247E+16
142102,142103,9,7,71,130,2016,7,17,6,3,0,7,0,0,1,1,0,0,0,0,6.48809E+20,5.35534E+21,1.10079E+16,4.83337E+16
142103,142104,9,1,84,136,2016,7,21,5,3,4,7,2,0,1,1,0,0,0,0,7.00441E+20,5.32736E+21,1.16907E+16,4.8068E+16
142104,142105,9,4,63,0,2016,7,11,7,3,0,1,0,1,0,0,0,1,0,1,6.40191E+20,5.56913E+21,1.09667E+16,5.02577E+16
142105,142106,9,7,61,0,2016,7,20,7,2,0,7,0,0,1,0,0,0,0,0,6.35013E+20,5.35313E+21,1.08212E+16,4.83169E+16
142106,142107,9,1,80,125,2016,7,18,5,3,8,1,0,0,1,0,0,0,0,0,6.54689E+20,5.27309E+21,1.10576E+16,4.75927E+16
142107,142108,9,1,84,131,2016,7,11,7,3,5,2,0,0,1,1,0,0,0,0,7.04859E+20,5.33962E+21,1.17558E+16,4.81767E+16
142108,142109,9,1,87,142,2016,7,11,7,2,0,1,0,0,0,0,0,1,0,0,7.33822E+20,5.31157E+21,1.21295E+16,4.79147E+16
142109,142110,9,1,79,147,2016,7,19,1,3,1,5,0,0,0,1,0,1,0,0,6.64168E+20,5.33403E+21,1.12067E+16,4.81383E+16
142110,142111,9,1,62,0,2016,7,10,5,3,3,5,0,0,1,1,0,0,0,0,6.92286E+20,5.33445E+21,1.15845E+16,4.81342E+16
142111,142112,9,7,61,0,2016,7,15,7,3,0,7,0,0,0,0,0,0,0,1,6.41146E+20,5.35185E+21,1.09034E+16,4.83041E+16
142112,142113,9,1,62,0,2016,7,11,7,3,5,2,0,0,1,1,0,0,0,0,6.93781E+20,5.33198E+21,1.16035E+16,4.81116E+16
142113,142114,9,1,82,111,2016,7,2,7,2,5,3,2,0,0,1,0,0,0,0,7.03799E+20,5.28946E+21,1.17178E+16,4.77263E+16
142114,142115,9,1,89,120,2016,7,12,1,3,2,4,0,0,0,0,1,1,0,0,7.58949E+20,5.29776E+21,1.2457E+16,4.77811E+16
142115,142116,9,2,71,146,2016,7,14,6,3,5,3,0,0,1,1,0,0,0,0,7.84193E+20,5.40996E+21,1.28687E+16,4.87776E+16
142116,142117,9,6,75,141,2016,7,14,5,3,0,7,0,0,0,1,0,1,0,0,5.83275E+20,5.51085E+21,1.01559E+16,4.97443E+16
142117,142118,9,1,79,121,2016,7,14,1,3,1,1,0,0,1,1,0,0,0,0,6.65949E+20,5.33679E+21,1.12317E+16,4.81627E+16
142118,142119,9,7,72,163,2016,7,17,6,3,5,3,0,0,1,1,0,0,0,0,6.40623E+20,5.34447E+21,1.08939E+16,4.82379E+16
142119,142120,9,1,62,0,2016,7,20,5,3,5,3,0,0,0,1,0,0,0,0,6.92761E+20,5.33315E+21,1.15903E+16,4.81224E+16
142120,142121,9,4,72,156,2016,7,20,7,2,0,1,0,0,1,0,0,0,0,0,7.01439E+20,5.53303E+21,1.1806E+16,4.99157E+16
142121,142122,9,7,61,0,2016,7,15,7,3,9,7,0,0,0,1,0,0,0,0,6.4141E+20,5.35923E+21,1.09094E+16,4.83704E+16
142122,142123,9,1,80,125,2016,7,12,5,3,6,4,0,0,0,1,1,0,0,0,6.54571E+20,5.27383E+21,1.10563E+16,4.75995E+16
142123,142124,9,1,62,0,2016,7,17,7,3,5,2,0,0,0,1,0,1,0,0,6.90777E+20,5.33644E+21,1.15651E+16,4.81525E+16
142124,142125,9,2,77,138,2016,7,12,6,3,0,1,0,0,1,0,0,0,0,0,7.90961E+20,5.37266E+21,1.29344E+16,4.84397E+16
142125,142126,9,1,77,115,2016,7,10,5,3,4,7,0,1,0,1,0,0,0,0,7.35704E+20,5.35078E+21,1.21763E+16,4.82663E+16
142126,142127,9,2,62,0,2016,7,14,6,3,0,1,0,0,0,0,0,1,0,0,8.26695E+20,5.38933E+21,1.34293E+16,4.85718E+16
142127,142128,9,6,71,140,2016,7,10,5,3,5,3,0,1,0,1,0,0,0,0,5.07025E+20,5.53636E+21,9.09798E+15,4.99795E+16
142128,142129,9,1,62,0,2016,7,16,4,3,5,3,0,0,0,1,0,1,0,0,6.92309E+20,5.33753E+21,1.15862E+16,4.81619E+16
142129,142130,9,2,75,116,2016,7,20,6,3,0,7,1,0,1,0,0,0,0,0,8.19633E+20,5.36321E+21,1.33139E+16,4.83411E+16
142130,142131,9,6,71,140,2016,7,16,5,3,5,3,0,0,0,1,0,1,0,0,5.06393E+20,5.53654E+21,9.08917E+15,4.99811E+16
142131,142132,9,7,61,0,2016,7,13,6,3,5,3,0,0,1,1,0,0,0,0,6.42598E+20,5.35771E+21,1.0925E+16,4.83565E+16
142132,142133,9,1,82,132,2016,7,18,7,3,4,2,0,1,1,1,0,0,0,0,7.06813E+20,5.2878E+21,1.17572E+16,4.77104E+16
142133,142134,9,1,62,0,2016,7,9,5,3,6,3,0,1,1,0,1,0,0,0,6.93276E+20,5.33466E+21,1.15979E+16,4.81358E+16
142134,142135,9,4,62,0,2016,7,7,7,3,5,2,0,0,0,1,0,0,0,0,6.85559E+20,5.53517E+21,1.15861E+16,4.994E+16
142135,142136,9,2,61,0,2016,7,11,6,3,0,1,0,0,1,0,0,0,0,0,7.31666E+20,5.38217E+21,1.21393E+16,4.85498E+16