FID,OBJECTID,ULAND,UREGBEZ,UKREIS,UGEMEINDE,UJAHR,UMONAT,USTUNDE,UWOCHENTAG,UKATEGORIE,UART,UTYP1,ULICHTVERH,IstStrasse,IstRad,IstPKW,IstFuss,IstKrad,IstGkfz,IstSonstig,LINREFX,LINREFY,XGCSWGS84,YGCSWGS84
142136,142137,9,1,88,139,2016,7,11,7,3,3,6,0,0,1,1,0,0,0,0,6.72896E+20,5.31921E+21,1.1318E+16,4.80028E+16
142137,142138,9,1,62,0,2016,7,18,4,3,5,2,0,0,1,0,0,0,0,0,6.84197E+20,5.33324E+21,1.14754E+16,4.81258E+16
142138,142139,9,6,61,0,2016,7,13,5,3,5,3,0,1,1,1,0,0,0,0,5.07977E+20,5.5364E+21,9.11127E+15,4.99798E+16
142139,142140,9,7,61,0,2016,7,13,6,3,2,6,0,0,1,1,0,0,0,0,6.3913E+20,5.35688E+21,1.08779E+16,4.83498E+16
142140,142141,9,1,62,0,2016,7,13,5,3,4,6,0,0,0,1,0,0,0,0,6.88369E+20,5.34312E+21,1.15358E+16,4.82134E+16
142141,142142,9,1,81,130,2016,7,14,7,3,0,7,0,0,1,0,0,0,0,0,6.39617E+20,5.32416E+21,1.08737E+16,4.80554E+16
142142,142143,9,1,62,0,2016,7,7,4,2,5,3,0,0,1,1,0,0,0,0,6.91207E+20,5.34033E+21,1.15727E+16,4.81874E+16
142143,142144,9,7,61,0,2016,7,22,6,3,0,1,2,0,1,0,0,0,0,0,6.39867E+20,5.35987E+21,1.08888E+16,4.83765E+16
142144,142145,9,1,84,149,2016,7,16,5,3,0,7,0,1,0,1,0,1,0,0,6.91287E+20,5.35092E+21,1.15785E+16,4.82826E+16
142145,142146,9,1,88,121,2016,7,12,7,3,5,3,0,0,0,1,0,0,0,0,6.70548E+20,5.33088E+21,1.12912E+16,4.81083E+16
142146,142147,9,1,62,0,2016,7,20,5,3,5,3,1,0,0,1,0,1,0,0,6.90527E+20,5.33965E+21,1.15632E+16,4.81815E+16
142147,142148,9,3,63,0,2016,7,4,7,3,0,5,2,0,1,1,0,0,0,0,7.27111E+20,5.50914E+21,1.21492E+16,4.96919E+16
142148,142149,9,1,62,0,2016,7,14,4,3,4,2,0,0,0,1,0,0,0,0,6.95494E+20,5.33748E+21,1.1629E+16,4.81605E+16
142149,142150,9,1,89,155,2016,7,13,6,3,2,6,0,0,0,1,0,0,0,1,7.72208E+20,5.30831E+21,1.26403E+16,4.78704E+16
142150,142151,9,1,62,0,2016,7,9,4,3,6,4,0,0,1,0,1,0,0,0,6.91293E+20,5.33878E+21,1.15731E+16,4.81734E+16
142151,142152,9,6,71,143,2016,7,9,5,3,5,3,0,0,0,1,0,0,0,0,5.11422E+20,5.5457E+21,9.15958E+15,5.00635E+16
142152,142153,9,1,81,114,2016,7,20,1,3,4,6,0,0,0,0,0,1,0,0,6.49466E+20,5.31306E+21,1.10019E+16,4.79534E+16
142153,142154,9,1,62,0,2016,7,9,5,3,6,4,0,1,1,0,1,0,0,0,6.94888E+20,5.3367E+21,1.16205E+16,4.81537E+16
142154,142155,9,6,78,115,2016,7,15,7,3,0,1,0,0,1,0,0,0,0,0,5.83909E+20,5.53617E+21,1.01701E+16,4.9972E+16
142155,142156,9,1,80,117,2016,7,13,5,3,2,6,0,0,1,1,0,0,0,0,6.57347E+20,5.26173E+21,1.10889E+16,4.749E+16
142156,142157,9,1,62,0,2016,7,13,7,3,4,3,0,0,1,1,0,0,0,0,6.92198E+20,5.33701E+21,1.15845E+16,4.81572E+16
142157,142158,9,1,74,146,2016,7,17,7,3,9,1,0,0,0,0,0,1,0,0,6.67058E+20,5.34894E+21,1.12514E+16,4.82716E+16
142158,142159,9,1,72,118,2016,7,9,1,3,8,1,0,0,0,1,0,0,0,0,7.97991E+20,5.30576E+21,1.29825E+16,4.78361E+16
142159,142160,9,1,62,0,2016,7,0,4,2,1,3,2,0,0,1,0,0,1,0,6.86349E+20,5.33842E+21,1.15065E+16,4.81717E+16
142160,142161,9,5,72,111,2016,7,15,5,3,5,3,0,0,1,1,0,0,0,0,6.3545E+20,5.50734E+21,1.08785E+16,4.97033E+16
142161,142162,9,1,89,162,2016,7,13,6,3,1,6,0,0,0,1,0,0,0,0,7.78903E+20,5.31561E+21,1.27343E+16,4.79331E+16
142162,142163,9,5,65,0,2016,7,8,5,2,0,7,0,1,1,0,0,0,0,0,6.47586E+20,5.46626E+21,1.10313E+16,4.93312E+16
142163,142164,9,1,78,124,2016,7,10,1,3,4,6,0,0,1,0,0,0,0,0,7.03969E+20,5.3647E+21,1.1756E+16,4.84024E+16
142164,142165,9,6,62,0,2016,7,9,6,3,3,6,0,0,1,1,0,0,0,0,5.88093E+20,5.54322E+21,1.02301E+16,5.00348E+16
142165,142166,9,1,62,0,2016,7,15,5,3,5,3,0,0,1,0,0,0,1,0,6.9056E+20,5.34156E+21,1.15645E+16,4.81986E+16
142166,142167,9,5,72,132,2016,7,19,7,3,5,3,0,0,0,1,0,1,0,0,6.37724E+20,5.4914E+21,1.09044E+16,4.95595E+16
142167,142168,9,1,80,118,2016,7,18,5,3,2,6,0,0,0,1,0,0,0,0,6.53987E+20,5.2596E+21,1.10436E+16,4.74716E+16
142168,142169,9,7,75,135,2016,7,5,7,3,0,7,1,0,0,1,1,0,0,0,5.74534E+20,5.35921E+21,1.00066E+16,4.83817E+16
142169,142170,9,1,74,115,2016,7,22,7,3,8,1,2,1,0,1,0,0,0,0,6.82608E+20,5.34854E+21,1.14606E+16,4.82638E+16
142170,142171,9,1,82,120,2016,7,13,1,3,0,1,0,0,0,0,0,1,0,0,7.0293E+20,5.31001E+21,1.17159E+16,4.79113E+16
142171,142172,9,1,62,0,2016,7,11,4,3,5,2,0,0,1,0,0,0,1,0,6.82739E+20,5.33623E+21,1.14571E+16,4.8153E+16
142172,142173,9,1,63,0,2016,7,8,6,3,6,4,0,0,0,1,1,0,0,0,7.34124E+20,5.30475E+21,1.21299E+16,4.78534E+16
142173,142174,9,5,74,138,2016,7,7,5,3,6,4,0,1,0,1,1,0,0,0,6.6515E+20,5.48731E+21,1.12817E+16,4.95159E+16
142174,142175,9,6,76,122,2016,7,13,6,3,0,1,0,0,1,0,0,0,0,0,5.10867E+20,5.51731E+21,9.15103E+15,4.98081E+16
142175,142176,9,5,74,132,2016,7,10,6,3,4,2,0,0,0,1,0,1,0,0,6.76523E+20,5.48617E+21,1.14381E+16,4.95025E+16
142176,142177,9,1,62,0,2016,7,16,5,3,2,6,0,0,0,1,0,0,0,1,6.90276E+20,5.33617E+21,1.15583E+16,4.81503E+16
142177,142178,9,3,74,162,2016,7,16,7,3,5,3,0,0,1,1,0,0,0,0,7.4169E+20,5.50172E+21,1.23464E+16,4.96196E+16
142178,142179,9,1,77,143,2016,7,21,1,2,0,1,2,0,1,0,0,0,0,0,7.21239E+20,5.36574E+21,1.19895E+16,4.8406E+16
142179,142180,9,5,74,139,2016,7,15,6,2,0,6,0,0,1,1,0,0,0,0,6.6526E+20,5.48066E+21,1.12804E+16,4.94561E+16
142180,142181,9,3,75,114,2016,7,9,7,3,8,6,0,0,0,1,0,0,0,0,7.42128E+20,5.44251E+21,1.23164E+16,4.90877E+16
142181,142182,9,5,62,0,2016,7,2,7,3,0,7,2,0,1,0,0,0,0,0,6.46634E+20,5.49096E+21,1.10274E+16,4.95535E+16
142182,142183,9,7,64,0,2016,7,20,7,3,2,7,0,0,0,1,0,0,0,0,5.88829E+20,5.31564E+21,1.01905E+16,4.79879E+16
142183,142184,9,1,62,0,2016,7,13,7,3,6,6,0,0,0,1,1,0,0,0,6.91598E+20,5.33469E+21,1.15754E+16,4.81366E+16
142184,142185,9,1,62,0,2016,7,21,4,3,5,3,1,0,0,1,0,1,0,0,6.9776E+20,5.33837E+21,1.16598E+16,4.81678E+16
142185,142186,9,1,87,148,2016,7,12,6,3,8,1,0,0,0,0,0,1,0,0,7.38868E+20,5.27884E+21,1.2179E+16,4.76188E+16
142186,142187,9,5,64,0,2016,7,10,5,3,5,3,0,0,0,1,0,1,0,0,6.50095E+20,5.48107E+21,1.10715E+16,4.94638E+16
142187,142188,9,5,63,0,2016,7,17,6,3,5,7,0,0,1,1,0,0,0,0,6.45411E+20,5.48046E+21,1.10066E+16,4.94594E+16
142188,142189,9,1,62,0,2016,7,12,5,2,6,4,0,0,0,0,1,0,0,1,6.90537E+20,5.33342E+21,1.15606E+16,4.81255E+16
142189,142190,9,1,62,0,2016,7,13,6,3,5,3,0,0,1,1,0,0,0,0,6.92996E+20,5.33385E+21,1.15938E+16,4.81286E+16
142190,142191,9,1,62,0,2016,7,14,5,3,1,6,0,0,0,1,0,0,1,0,6.9146E+20,5.34036E+21,1.15761E+16,4.81876E+16
142191,142192,9,3,62,0,2016,7,6,7,2,0,7,0,0,1,0,0,0,0,0,7.25396E+20,5.43316E+21,1.20824E+16,4.90101E+16
142192,142193,9,1,62,0,2016,7,15,4,3,2,6,0,0,0,1,0,1,0,0,6.86375E+20,5.34339E+21,1.15091E+16,4.82164E+16
142193,142194,9,1,87,120,2016,7,16,6,3,6,7,0,0,1,0,1,0,0,0,7.32752E+20,5.29166E+21,1.21045E+16,4.77363E+16
142194,142195,9,1,84,147,2016,7,9,6,3,5,3,0,0,0,1,0,0,0,1,6.95687E+20,5.33956E+21,1.16325E+16,4.81791E+16
142195,142196,9,1,84,118,2016,7,7,4,3,7,7,0,0,1,0,0,0,0,1,7.04051E+20,5.33655E+21,1.17435E+16,4.81495E+16
142196,142197,9,7,78,116,2016,7,17,7,3,4,1,0,1,0,1,0,0,0,0,6.16671E+20,5.31914E+21,1.05645E+16,4.80149E+16
142197,142198,9,1,87,130,2016,7,16,6,2,0,1,0,0,1,1,0,0,0,0,7.11658E+20,5.30975E+21,1.18324E+16,4.79062E+16
142198,142199,9,1,62,0,2016,7,8,4,3,5,3,0,0,1,1,0,0,0,0,6.97876E+20,5.33441E+21,1.16595E+16,4.81321E+16
142199,142200,9,1,61,0,2016,7,18,6,3,5,3,0,0,1,0,0,0,0,0,6.72607E+20,5.40261E+21,1.13484E+16,4.87526E+16
142200,142201,9,5,64,0,2016,7,16,5,2,6,4,0,0,0,1,1,0,0,0,6.48232E+20,5.47539E+21,1.10436E+16,4.94131E+16
142201,142202,9,5,64,0,2016,7,13,6,3,2,6,0,0,0,1,0,0,0,0,6.49114E+20,5.47957E+21,1.10574E+16,4.94505E+16
142202,142203,9,1,84,120,2016,7,10,5,3,5,3,0,1,0,1,0,0,0,0,6.80297E+20,5.3325E+21,1.14227E+16,4.81203E+16
142203,142204,9,1,62,0,2016,7,19,6,3,5,3,0,0,1,1,0,0,0,0,6.91658E+20,5.33279E+21,1.15753E+16,4.81195E+16
142204,142205,9,1,62,0,2016,7,8,4,3,3,6,0,0,0,1,0,0,1,0,6.83388E+20,5.33756E+21,1.14664E+16,4.81648E+16
142205,142206,9,1,85,158,2016,7,18,6,3,0,1,0,0,1,0,0,0,0,0,6.66278E+20,5.38232E+21,1.12542E+16,4.85719E+16
142206,142207,9,5,64,0,2016,7,7,5,3,2,6,0,1,0,1,0,1,0,0,6.50872E+20,5.48106E+21,1.10822E+16,4.94634E+16
142207,142208,9,1,77,118,2016,7,7,1,3,5,3,0,0,0,1,0,1,0,0,7.04778E+20,5.34944E+21,1.17595E+16,4.8265E+16
142208,142209,9,1,62,0,2016,7,14,5,3,5,3,0,0,0,1,0,1,0,0,6.83102E+20,5.33793E+21,1.14627E+16,4.81682E+16
142209,142210,9,5,72,137,2016,7,20,7,3,8,1,0,0,1,0,0,0,0,0,6.53869E+20,5.49134E+21,1.11275E+16,4.95551E+16
142210,142211,9,5,75,112,2016,7,20,5,3,5,3,0,0,1,0,0,0,0,0,6.03273E+20,5.48482E+21,1.04265E+16,4.95072E+16
142211,142212,9,5,64,0,2016,7,11,6,3,0,1,0,0,0,1,0,1,0,0,6.51287E+20,5.47858E+21,1.10869E+16,4.9441E+16
142212,142213,9,1,62,0,2016,7,14,5,3,0,7,0,0,1,0,0,0,0,0,6.83105E+20,5.33567E+21,1.14618E+16,4.81479E+16
142213,142214,9,5,74,138,2016,7,18,7,3,2,6,0,0,0,1,0,1,0,0,6.64658E+20,5.48612E+21,1.12744E+16,4.95053E+16
142214,142215,9,1,62,0,2016,7,8,6,3,6,4,0,0,0,1,1,0,0,0,6.9085E+20,5.33468E+21,1.15653E+16,4.81367E+16
142215,142216,9,1,62,0,2016,7,11,4,3,5,3,0,0,0,1,0,1,0,0,6.91017E+20,5.33535E+21,1.15679E+16,4.81427E+16
142216,142217,9,1,86,162,2016,7,16,6,3,5,3,0,0,0,1,0,0,0,0,6.93352E+20,5.38675E+21,1.16229E+16,4.86039E+16
142217,142218,9,4,63,0,2016,7,8,5,3,4,2,0,1,0,1,0,0,0,0,6.39723E+20,5.5693E+21,1.09603E+16,5.02593E+16
142218,142219,9,4,63,0,2016,7,7,5,3,0,7,0,1,0,0,0,1,0,0,6.39484E+20,5.56937E+21,1.09569E+16,5.026E+16
142219,142220,9,1,62,0,2016,7,23,7,3,0,7,2,1,1,0,0,0,0,0,7.00452E+20,5.33437E+21,1.16941E+16,4.8131E+16
142220,142221,9,5,64,0,2016,7,8,6,3,5,3,0,0,0,1,0,0,0,1,6.54137E+20,5.47519E+21,1.11249E+16,4.94099E+16
142221,142222,9,1,62,0,2016,7,17,5,3,2,6,0,0,0,1,0,0,0,1,6.90707E+20,5.33816E+21,1.1565E+16,4.81681E+16
142222,142223,9,5,64,0,2016,7,11,7,3,3,6,0,0,0,1,0,1,0,0,6.45853E+20,5.47933E+21,1.10123E+16,4.94491E+16
142223,142224,9,7,63,0,2016,7,4,7,2,6,7,2,0,0,1,1,0,0,0,5.9677E+20,5.28937E+21,1.02911E+16,4.77504E+16
142224,142225,9,1,62,0,2016,7,11,6,2,4,2,0,0,1,1,0,0,0,0,6.8568E+20,5.33484E+21,1.1496E+16,4.81397E+16
142225,142226,9,1,63,0,2016,7,18,1,3,1,5,0,0,1,1,0,0,0,0,7.33446E+20,5.30456E+21,1.21207E+16,4.7852E+16
142226,142227,9,1,62,0,2016,7,17,4,3,6,4,0,0,0,1,1,0,0,0,6.9342E+20,5.34034E+21,1.16024E+16,4.81868E+16
142227,142228,9,1,88,139,2016,7,8,6,3,3,6,0,0,1,1,0,0,0,0,6.7436E+20,5.3179E+21,1.13371E+16,4.79906E+16
142228,142229,9,7,63,0,2016,7,3,7,2,1,5,2,0,0,1,0,1,0,0,6.00159E+20,5.28668E+21,1.03356E+16,4.77257E+16
142229,142230,9,1,62,0,2016,7,8,6,3,5,3,0,0,1,0,0,0,0,1,6.87015E+20,5.33634E+21,1.15146E+16,4.81528E+16
142230,142231,9,1,61,0,2016,7,19,1,3,6,4,0,1,0,1,1,0,0,0,6.7702E+20,5.40583E+21,1.14097E+16,4.87802E+16
142231,142232,9,4,63,0,2016,7,19,5,3,4,2,0,0,1,1,0,0,0,0,6.40055E+20,5.56875E+21,1.09647E+16,5.02543E+16
142232,142233,9,1,62,0,2016,7,12,7,3,5,2,0,0,1,1,0,0,0,0,6.89028E+20,5.33752E+21,1.15421E+16,4.81628E+16
142233,142234,9,5,64,0,2016,7,19,6,3,3,6,0,0,0,1,0,1,0,0,6.49988E+20,5.4812E+21,1.107E+16,4.94649E+16
142234,142235,9,1,62,0,2016,7,16,5,3,5,2,0,1,1,1,0,0,0,0,6.89147E+20,5.3369E+21,1.15435E+16,4.81572E+16
142235,142236,9,3,62,0,2016,7,0,7,3,0,7,2,0,1,0,0,0,0,0,7.28596E+20,5.43284E+21,1.21259E+16,4.90061E+16
142236,142237,9,5,64,0,2016,7,13,7,3,3,6,0,0,0,1,0,0,0,1,6.51318E+20,5.47928E+21,1.10876E+16,4.94473E+16
142237,142238,9,1,80,116,2016,7,8,5,3,5,3,0,1,0,0,0,1,1,0,6.58878E+20,5.26583E+21,1.11107E+16,4.75265E+16
142238,142239,9,7,80,121,2016,7,11,7,3,5,7,0,0,1,1,0,0,0,0,5.95725E+20,5.25395E+21,1.02694E+16,4.7432E+16
142239,142240,9,1,62,0,2016,7,9,4,2,0,7,0,0,1,0,1,0,0,0,6.9195E+20,5.33564E+21,1.15805E+16,4.8145E+16
142240,142241,9,1,81,130,2016,7,18,6,3,5,3,0,0,1,1,0,0,0,0,6.39532E+20,5.32434E+21,1.08726E+16,4.8057E+16
142241,142242,9,4,62,0,2016,7,18,5,3,0,1,0,0,1,0,0,0,0,0,6.88424E+20,5.53426E+21,1.16256E+16,4.9931E+16
142242,142243,9,5,64,0,2016,7,9,6,3,5,3,0,0,1,1,0,0,0,0,6.53016E+20,5.4742E+21,1.11091E+16,4.94012E+16
142243,142244,9,1,62,0,2016,7,16,5,3,0,3,0,1,1,1,0,0,0,0,6.88718E+20,5.33614E+21,1.15374E+16,4.81505E+16
142244,142245,9,4,74,154,2016,7,15,5,3,5,2,0,0,0,1,0,1,0,0,6.54295E+20,5.49694E+21,1.11356E+16,4.96053E+16
142245,142246,9,5,77,161,2016,7,10,6,3,0,1,0,0,1,0,0,0,0,0,6.43152E+20,5.44429E+21,1.09625E+16,4.91348E+16
142246,142247,9,1,62,0,2016,7,22,7,2,9,1,2,1,0,0,0,1,0,0,6.99814E+20,5.32881E+21,1.16829E+16,4.80813E+16
142247,142248,9,5,75,115,2016,7,14,6,3,4,6,0,0,1,1,0,0,0,0,5.96085E+20,5.47786E+21,1.03256E+16,4.94458E+16
142248,142249,9,1,62,0,2016,7,15,6,3,3,6,0,0,0,1,0,0,0,1,6.91154E+20,5.34034E+21,1.1572E+16,4.81875E+16
142249,142250,9,1,62,0,2016,7,10,5,3,5,7,0,0,1,1,0,0,0,0,6.9361E+20,5.32923E+21,1.15999E+16,4.80869E+16
142250,142251,9,2,71,132,2016,7,21,7,3,0,1,2,1,0,0,0,1,0,0,7.88617E+20,5.42038E+21,1.29361E+16,4.88691E+16
142251,142252,9,1,81,146,2016,7,22,6,3,0,7,2,0,1,0,0,0,0,0,6.51634E+20,5.32588E+21,1.10355E+16,4.80682E+16
142252,142253,9,1,62,0,2016,7,15,6,2,6,4,0,0,0,0,1,0,0,1,6.95517E+20,5.33671E+21,1.16289E+16,4.81535E+16
142253,142254,9,1,62,0,2016,7,18,4,3,5,3,0,0,0,1,0,0,0,1,6.90952E+20,5.3343E+21,1.15665E+16,4.81333E+16
142254,142255,9,4,61,0,2016,7,18,5,3,1,7,0,0,1,1,0,0,0,0,6.37596E+20,5.5269E+21,1.09152E+16,4.98787E+16
142255,142256,9,5,61,0,2016,7,15,6,3,0,1,0,0,0,0,0,1,0,1,6.13632E+20,5.46139E+21,1.05628E+16,4.92947E+16
142256,142257,9,1,62,0,2016,7,8,5,3,3,5,0,1,1,1,0,0,0,0,6.91882E+20,5.33564E+21,1.15796E+16,4.81451E+16
142257,142258,9,1,62,0,2016,7,12,6,3,5,3,0,0,1,1,0,0,0,0,6.88853E+20,5.33464E+21,1.15385E+16,4.81369E+16
142258,142259,9,1,62,0,2016,7,10,4,2,1,7,0,0,0,1,0,0,0,0,6.8471E+20,5.33255E+21,1.1482E+16,4.81194E+16
142259,142260,9,1,79,123,2016,7,11,6,3,0,7,0,0,0,0,0,0,0,1,6.76701E+20,5.33441E+21,1.13752E+16,4.81384E+16
142260,142261,9,1,62,0,2016,7,12,6,3,0,5,0,0,1,1,0,0,0,0,6.90842E+20,5.33935E+21,1.15673E+16,4.81787E+16
142261,142262,9,1,62,0,2016,7,8,5,3,0,1,0,1,1,0,0,0,0,0,6.95495E+20,5.33604E+21,1.16283E+16,4.81476E+16
142262,142263,9,2,77,113,2016,7,19,7,3,0,1,0,0,1,0,0,0,0,0,8.02549E+20,5.37381E+21,1.30916E+16,4.84446E+16
142263,142264,9,1,62,0,2016,7,10,4,3,0,6,0,0,0,0,0,1,0,0,6.91196E+20,5.34001E+21,1.15724E+16,4.81845E+16
142264,142265,9,1,77,133,2016,7,20,6,3,3,7,0,0,0,1,0,0,0,0,7.06328E+20,5.35938E+21,1.17852E+16,4.83539E+16
142265,142266,9,1,62,0,2016,7,7,4,3,0,4,0,0,0,1,1,0,0,0,6.90652E+20,5.33838E+21,1.15643E+16,4.81701E+16
142266,142267,9,3,63,0,2016,7,7,5,3,5,3,0,0,1,1,0,0,0,0,7.27078E+20,5.50562E+21,1.21467E+16,4.96603E+16
142267,142268,9,1,62,0,2016,7,17,5,3,1,5,0,0,0,1,0,0,0,0,6.94266E+20,5.33271E+21,1.16103E+16,4.8118E+16
142268,142269,9,5,64,0,2016,7,13,7,3,5,3,0,0,1,1,0,0,0,0,6.48439E+20,5.47864E+21,1.10477E+16,4.94423E+16
142269,142270,9,1,83,130,2016,7,15,5,2,4,6,0,0,0,1,0,0,0,0,7.61261E+20,5.35529E+21,1.25229E+16,4.82968E+16
142270,142271,9,7,80,133,2016,7,20,7,3,5,3,1,1,0,1,0,0,0,0,5.96196E+20,5.25126E+21,1.02751E+16,4.74077E+16
142271,142272,9,1,62,0,2016,7,8,6,3,3,6,0,0,0,1,0,1,0,0,6.89014E+20,5.33619E+21,1.15414E+16,4.81509E+16
142272,142273,9,1,62,0,2016,7,12,4,3,5,3,0,0,1,1,0,0,0,0,6.86686E+20,5.34124E+21,1.15123E+16,4.81969E+16
142273,142274,9,1,78,143,2016,7,20,6,3,0,7,1,0,1,0,0,0,0,0,7.1719E+20,5.37226E+21,1.19383E+16,4.84659E+16
142274,142275,9,3,73,121,2016,7,13,5,3,4,6,0,0,0,1,0,0,0,0,6.85948E+20,5.43457E+21,1.15442E+16,4.90359E+16
142275,142276,9,3,73,151,2016,7,19,5,3,0,7,0,0,0,0,0,1,0,0,6.98262E+20,5.44872E+21,1.17195E+16,4.91593E+16
142276,142277,9,1,62,0,2016,7,11,7,2,4,2,0,0,1,1,0,0,0,0,6.96004E+20,5.33878E+21,1.16364E+16,4.8172E+16
142277,142278,9,4,79,135,2016,7,21,6,3,9,1,2,0,1,0,0,0,0,0,7.15389E+20,5.55759E+21,1.20139E+16,5.01314E+16
142278,142279,9,3,72,116,2016,7,18,5,3,0,7,0,1,0,0,0,1,0,0,7.67212E+20,5.45846E+21,1.26699E+16,4.92206E+16
142279,142280,9,1,62,0,2016,7,15,7,3,1,5,0,0,1,1,0,0,0,0,6.9105E+20,5.33413E+21,1.15678E+16,4.81317E+16
142280,142281,9,1,62,0,2016,7,17,5,3,5,3,0,0,1,1,0,0,0,0,6.92441E+20,5.33485E+21,1.15868E+16,4.81377E+16
142281,142282,9,5,75,153,2016,7,9,7,3,5,3,0,1,0,1,0,1,0,0,6.16408E+20,5.49338E+21,1.06104E+16,4.95818E+16
142282,142283,9,7,77,173,2016,7,15,7,3,0,6,0,1,1,0,0,0,0,0,6.36554E+20,5.27865E+21,1.08183E+16,4.76468E+16
142283,142284,9,1,62,0,2016,7,17,6,3,2,6,0,0,0,1,0,0,0,0,6.91434E+20,5.33582E+21,1.15737E+16,4.81468E+16
142284,142285,9,1,86,122,2016,7,14,1,2,0,1,0,0,1,0,0,0,0,0,6.97086E+20,5.3924E+21,1.16762E+16,4.86535E+16
142285,142286,9,1,78,124,2016,7,19,6,3,5,3,0,0,0,1,0,0,0,0,7.0251E+20,5.36518E+21,1.17365E+16,4.84072E+16
142286,142287,9,2,71,119,2016,7,13,5,3,5,7,0,0,0,1,0,1,0,0,7.90596E+20,5.41743E+21,1.29609E+16,4.88417E+16
142287,142288,9,4,79,136,2016,7,13,6,3,6,7,0,0,0,1,1,0,0,0,7.21313E+20,5.54469E+21,1.20892E+16,5.00134E+16
142288,142289,9,1,62,0,2016,7,15,7,3,2,2,0,0,0,1,0,0,0,0,6.94454E+20,5.33305E+21,1.1613E+16,4.81209E+16
142289,142290,9,4,63,0,2016,7,1,6,3,6,4,2,0,0,1,1,0,0,0,6.40082E+20,5.56955E+21,1.09654E+16,5.02614E+16
142290,142291,9,7,75,134,2016,7,7,5,3,5,3,0,0,0,1,0,0,0,0,5.82355E+20,5.36466E+21,1.01133E+16,4.84297E+16
142291,142292,9,2,75,135,2016,7,10,7,2,9,7,0,0,0,0,0,1,0,0,8.20664E+20,5.40413E+21,1.33592E+16,4.87076E+16
142292,142293,9,5,71,132,2016,7,10,7,2,5,3,0,0,1,1,0,0,0,0,6.04723E+20,5.44353E+21,1.04357E+16,4.91356E+16
142293,142294,9,1,72,134,2016,7,8,5,3,9,7,0,0,0,0,0,1,0,0,7.86073E+20,5.30672E+21,1.28242E+16,4.785E+16
142294,142295,9,7,79,197,2016,7,14,7,3,0,7,0,0,1,0,0,1,0,0,6.17414E+20,5.42334E+21,1.06038E+16,4.89519E+16
142295,142296,9,1,77,143,2016,7,13,6,2,6,2,0,0,0,1,1,0,0,0,7.20964E+20,5.36619E+21,1.19861E+16,4.84101E+16
142296,142297,9,1,62,0,2016,7,8,4,3,0,7,0,0,1,0,0,0,0,0,6.90381E+20,5.33699E+21,1.15601E+16,4.81577E+16
142297,142298,9,7,78,116,2016,7,15,5,2,0,7,0,0,1,0,0,0,0,0,6.19528E+20,5.31756E+21,1.06024E+16,4.80002E+16
142298,142299,9,2,75,141,2016,7,4,7,3,1,1,2,0,0,1,0,0,0,0,8.18316E+20,5.36934E+21,1.33008E+16,4.83967E+16
142299,142300,9,5,71,170,2016,7,15,7,2,5,3,0,0,0,1,0,1,0,0,6.07436E+20,5.43906E+21,1.04717E+16,4.9095E+16
142300,142301,9,1,87,117,2016,7,8,5,3,0,7,0,0,1,0,0,0,0,1,7.24095E+20,5.30469E+21,1.1996E+16,4.78564E+16
142301,142302,9,7,79,186,2016,7,18,7,3,9,7,0,0,0,1,0,0,0,0,6.36058E+20,5.412E+21,1.08545E+16,4.8846E+16
142302,142303,9,1,62,0,2016,7,6,6,2,5,3,0,0,1,1,0,0,0,0,6.92622E+20,5.33482E+21,1.15892E+16,4.81374E+16
142303,142304,9,1,84,134,2016,7,15,4,3,2,6,0,0,1,1,0,0,0,0,6.93062E+20,5.3225E+21,1.15895E+16,4.80266E+16
142304,142305,9,1,77,117,2016,7,7,6,3,0,1,0,0,1,0,0,0,0,0,7.15904E+20,5.35146E+21,1.19102E+16,4.82795E+16
142305,142306,9,2,75,154,2016,7,10,5,2,0,1,0,0,1,0,0,0,0,0,8.0786E+20,5.39541E+21,1.31791E+16,4.86359E+16
142306,142307,9,4,76,179,2016,7,17,6,3,5,6,0,0,0,1,0,0,0,1,6.6189E+20,5.59401E+21,1.12816E+16,5.04757E+16
142307,142308,9,7,75,135,2016,7,14,6,3,0,7,0,0,1,0,0,0,0,0,5.76424E+20,5.3622E+21,1.00327E+16,4.84083E+16
142308,142309,9,7,63,0,2016,7,8,5,3,0,3,0,1,0,1,0,1,0,0,5.98363E+20,5.28626E+21,1.03116E+16,4.77222E+16
142309,142310,9,2,73,152,2016,7,10,7,3,2,6,0,0,0,1,0,0,0,0,7.03849E+20,5.40847E+21,1.17758E+16,4.87957E+16
142310,142311,9,1,77,117,2016,7,16,6,3,0,7,0,0,1,0,0,0,0,0,7.15742E+20,5.35511E+21,1.19099E+16,4.83124E+16
142311,142312,9,7,75,135,2016,7,9,6,3,8,6,0,0,0,1,0,1,0,0,5.74036E+20,5.35952E+21,9.99996E+15,4.83845E+16
142312,142313,9,1,62,0,2016,7,16,4,3,1,5,0,0,1,1,0,0,0,0,6.88476E+20,5.32916E+21,1.1531E+16,4.80878E+16
142313,142314,9,2,75,141,2016,7,17,5,3,5,3,0,0,1,1,0,0,0,0,8.18108E+20,5.36964E+21,1.32982E+16,4.83995E+16