FID,OBJECTID,ULAND,UREGBEZ,UKREIS,UGEMEINDE,UJAHR,UMONAT,USTUNDE,UWOCHENTAG,UKATEGORIE,UART,UTYP1,ULICHTVERH,IstStrasse,IstRad,IstPKW,IstFuss,IstKrad,IstGkfz,IstSonstig,LINREFX,LINREFY,XGCSWGS84,YGCSWGS84
142314,142315,9,4,62,0,2016,7,17,6,3,3,6,0,0,1,1,0,0,0,0,6.83574E+20,5.53497E+21,1.15584E+16,4.99388E+16
142315,142316,9,7,76,116,2016,7,8,5,2,0,3,0,0,1,1,0,0,0,0,5.50756E+20,5.26746E+21,9.67468E+15,4.75586E+16
142316,142317,9,1,77,117,2016,7,9,6,3,0,1,0,0,1,0,0,0,0,0,7.15394E+20,5.35195E+21,1.19036E+16,4.82841E+16
142317,142318,9,2,72,120,2016,7,11,5,3,1,6,0,0,0,1,0,0,0,0,8.22366E+20,5.42069E+21,1.33952E+16,4.88553E+16
142318,142319,9,4,61,0,2016,7,20,6,3,5,7,0,0,1,0,0,0,0,0,6.35704E+20,5.52928E+21,1.08897E+16,4.99005E+16
142319,142320,9,7,76,116,2016,7,14,5,2,0,1,0,1,1,0,0,0,0,0,5.52858E+20,5.26752E+21,9.70263E+15,4.75589E+16
142320,142321,9,7,75,135,2016,7,18,6,3,1,5,0,1,0,0,0,0,1,1,5.75516E+20,5.36001E+21,1.002E+16,4.83887E+16
142321,142322,9,1,84,136,2016,7,18,4,3,5,6,0,0,1,0,0,0,0,0,6.98208E+20,5.32696E+21,1.16606E+16,4.80651E+16
142322,142323,9,7,77,153,2016,7,14,3,2,0,1,0,0,1,0,0,0,0,0,6.12587E+20,5.2735E+21,1.04979E+16,4.76051E+16
142323,142324,9,1,62,0,2016,7,21,1,2,8,1,1,0,0,1,0,0,0,0,6.92264E+20,5.33479E+21,1.15844E+16,4.81373E+16
142324,142325,9,7,80,119,2016,7,12,4,3,6,4,0,0,0,1,1,0,0,0,5.96519E+20,5.29585E+21,1.02892E+16,4.78087E+16
142325,142326,9,1,87,117,2016,7,17,4,3,1,5,0,0,1,1,0,0,0,0,7.24917E+20,5.30544E+21,1.20073E+16,4.78629E+16
142326,142327,9,4,61,0,2016,7,8,3,3,3,6,0,0,0,1,0,1,0,0,6.35951E+20,5.52839E+21,1.08928E+16,4.98924E+16
142327,142328,9,2,79,112,2016,7,15,4,3,0,7,0,0,0,0,0,0,0,1,7.57936E+20,5.39221E+21,1.25009E+16,4.86297E+16
142328,142329,9,7,62,0,2016,7,17,4,3,5,3,0,0,1,1,0,0,0,0,6.21453E+20,5.30613E+21,1.0625E+16,4.7897E+16
142329,142330,9,2,77,145,2016,7,10,2,3,0,1,0,0,1,0,0,0,0,0,7.98488E+20,5.35342E+21,1.30223E+16,4.82635E+16
142330,142331,9,6,73,151,2016,7,15,3,3,5,1,0,0,1,0,0,1,0,0,5.90389E+20,5.58316E+21,1.02717E+16,5.03935E+16
142331,142332,9,7,75,162,2016,7,7,2,3,5,3,0,0,1,1,0,0,0,0,5.79749E+20,5.3494E+21,1.00752E+16,4.82928E+16
142332,142333,9,3,76,161,2016,7,15,2,3,0,7,0,0,1,0,0,0,0,1,7.25821E+20,5.46825E+21,1.21079E+16,4.93251E+16
142333,142334,9,2,72,141,2016,7,5,3,2,0,7,1,0,0,0,0,1,0,0,8.34025E+20,5.40664E+21,1.35423E+16,4.87232E+16
142334,142335,9,1,84,139,2016,7,14,1,3,5,2,0,0,1,1,0,0,0,0,6.88864E+20,5.32738E+21,1.15354E+16,4.80717E+16
142335,142336,9,1,62,0,2016,7,19,3,3,5,3,0,1,1,1,0,0,0,1,6.87805E+20,5.3282E+21,1.15216E+16,4.80794E+16
142336,142337,9,5,63,0,2016,7,12,4,3,5,7,0,0,1,1,0,0,0,0,6.44803E+20,5.4828E+21,1.09991E+16,4.94806E+16
142337,142338,9,1,62,0,2016,7,17,3,3,2,6,0,0,0,1,0,0,0,1,6.93334E+20,5.33357E+21,1.15982E+16,4.8126E+16
142338,142339,9,3,62,0,2016,7,16,3,3,5,3,0,0,1,1,0,0,0,0,7.27051E+20,5.4355E+21,1.21063E+16,4.90305E+16
142339,142340,9,7,61,0,2016,7,16,4,3,4,2,0,0,1,1,0,0,0,0,6.41907E+20,5.35989E+21,1.09164E+16,4.83762E+16
142340,142341,9,2,62,0,2016,7,18,2,3,0,1,0,1,0,0,0,1,0,0,8.26006E+20,5.38825E+21,1.34191E+16,4.85624E+16
142341,142342,9,5,74,164,2016,7,11,3,2,0,1,0,0,1,0,0,0,0,0,6.67233E+20,5.47213E+21,1.1304E+16,4.93789E+16
142342,142343,9,7,72,160,2016,7,13,2,3,5,3,0,0,0,1,0,0,0,1,6.36836E+20,5.34233E+21,1.08422E+16,4.82194E+16
142343,142344,9,1,89,114,2016,7,18,3,3,4,7,0,0,1,0,0,0,0,0,7.61149E+20,5.31353E+21,1.24958E+16,4.79218E+16
142344,142345,9,1,62,0,2016,7,13,1,3,0,7,0,0,1,0,0,0,0,0,6.92548E+20,5.33695E+21,1.15892E+16,4.81566E+16
142345,142346,9,1,63,0,2016,7,11,5,3,0,1,0,0,1,0,0,0,0,0,7.32653E+20,5.30488E+21,1.21103E+16,4.78551E+16
142346,142347,9,7,71,141,2016,7,16,2,2,0,7,0,0,1,0,0,0,0,0,6.56663E+20,5.37507E+21,1.11212E+16,4.85092E+16
142347,142348,9,5,64,0,2016,7,16,4,3,2,6,0,1,0,1,0,0,0,0,6.50631E+20,5.48078E+21,1.10787E+16,4.94609E+16
142348,142349,9,1,62,0,2016,7,14,3,3,1,6,0,0,0,1,0,0,0,0,6.89366E+20,5.33369E+21,1.1545E+16,4.81283E+16
142349,142350,9,1,84,120,2016,7,17,1,3,5,3,0,0,0,1,0,0,0,0,6.82204E+20,5.33278E+21,1.14484E+16,4.81222E+16
142350,142351,9,1,62,0,2016,7,18,4,2,0,7,0,0,1,0,1,0,0,0,6.89631E+20,5.33603E+21,1.15496E+16,4.81493E+16
142351,142352,9,5,73,124,2016,7,14,3,3,0,7,0,0,1,1,0,0,0,0,6.32247E+20,5.48769E+21,1.08275E+16,4.95274E+16
142352,142353,9,1,62,0,2016,7,20,4,2,1,5,0,0,0,1,0,1,0,0,6.90806E+20,5.33539E+21,1.15651E+16,4.81431E+16
142353,142354,9,3,63,0,2016,7,20,2,3,0,1,0,0,1,0,0,0,0,0,7.27468E+20,5.5079E+21,1.21534E+16,4.96806E+16
142354,142355,9,1,76,121,2016,7,11,3,3,0,7,0,0,1,0,0,0,0,0,6.53907E+20,5.4171E+21,1.10996E+16,4.88878E+16
142355,142356,9,1,84,149,2016,7,17,1,2,0,7,0,0,0,1,0,0,0,0,6.91811E+20,5.35003E+21,1.15852E+16,4.82744E+16
142356,142357,9,1,79,134,2016,7,8,5,3,0,6,0,0,0,1,0,1,0,0,6.68053E+20,5.3462E+21,1.12637E+16,4.82467E+16
142357,142358,9,4,76,145,2016,7,15,4,3,4,6,0,0,0,1,0,1,0,0,6.65557E+20,5.5668E+21,1.13213E+16,5.02302E+16
142358,142359,9,6,78,174,2016,7,18,2,3,4,2,0,0,0,1,0,0,0,0,5.93373E+20,5.54512E+21,1.03043E+16,5.0051E+16
142359,142360,9,7,76,120,2016,7,11,3,2,8,7,0,0,1,0,0,0,0,0,5.45956E+20,5.2695E+21,9.6111E+15,4.75773E+16
142360,142361,9,1,62,0,2016,7,10,1,3,5,3,0,0,0,1,0,1,0,0,6.90744E+20,5.33763E+21,1.15652E+16,4.81633E+16
142361,142362,9,1,62,0,2016,7,16,4,3,0,7,0,0,0,1,0,0,0,0,6.90857E+20,5.33503E+21,1.15656E+16,4.81399E+16
142362,142363,9,1,89,124,2016,7,9,4,3,1,1,0,0,1,1,0,0,0,0,7.80986E+20,5.29712E+21,1.27501E+16,4.77661E+16
142363,142364,9,4,62,0,2016,7,16,3,3,0,4,0,1,1,0,1,0,0,0,6.8485E+20,5.53573E+21,1.15765E+16,4.99453E+16
142364,142365,9,3,71,150,2016,7,10,4,3,0,3,0,0,1,1,0,0,0,0,7.16179E+20,5.49255E+21,1.19887E+16,4.95469E+16
142365,142366,9,1,62,0,2016,7,17,2,3,0,7,1,1,1,0,0,0,0,0,6.8887E+20,5.33241E+21,1.15378E+16,4.81169E+16
142366,142367,9,1,62,0,2016,7,19,1,3,6,6,0,0,1,0,1,0,0,0,6.88153E+20,5.33984E+21,1.15314E+16,4.81839E+16
142367,142368,9,4,79,152,2016,7,21,3,3,5,3,2,0,0,1,0,0,0,0,7.23374E+20,5.56222E+21,1.21282E+16,5.017E+16
142368,142369,9,4,61,0,2016,7,10,4,2,3,2,0,0,0,1,0,1,0,0,6.35983E+20,5.52858E+21,1.08933E+16,4.98941E+16
142369,142370,9,5,64,0,2016,7,14,2,3,2,6,0,1,0,1,0,0,1,0,6.53279E+20,5.48012E+21,1.1115E+16,4.94544E+16
142370,142371,9,7,71,146,2016,7,19,3,3,5,3,0,0,1,1,0,0,0,0,6.47386E+20,5.34656E+21,1.09857E+16,4.82551E+16
142371,142372,9,1,62,0,2016,7,8,2,3,5,3,0,0,0,1,0,0,0,0,6.83406E+20,5.33935E+21,1.14674E+16,4.81809E+16
142372,142373,9,1,62,0,2016,7,17,1,3,1,6,0,1,0,1,0,1,0,0,6.89098E+20,5.33292E+21,1.1541E+16,4.81215E+16
142373,142374,9,1,76,124,2016,7,14,4,2,2,2,0,0,1,1,0,0,0,0,6.7093E+20,5.40887E+21,1.13281E+16,4.88093E+16
142374,142375,9,3,72,126,2016,7,16,3,3,0,1,0,1,1,0,0,0,0,0,7.7836E+20,5.46975E+21,1.28305E+16,4.9317E+16
142375,142376,9,1,80,117,2016,7,8,4,1,5,3,0,0,1,0,0,0,0,1,6.58486E+20,5.26126E+21,1.11038E+16,4.74854E+16
142376,142377,9,7,71,146,2016,7,14,4,3,5,3,0,0,0,1,0,0,0,0,6.47293E+20,5.34742E+21,1.09847E+16,4.82629E+16
142377,142378,9,2,75,141,2016,7,17,2,2,5,2,0,0,0,1,0,0,0,0,8.19537E+20,5.37056E+21,1.33181E+16,4.84071E+16
142378,142379,9,6,76,118,2016,7,6,3,2,5,3,0,0,0,1,0,0,0,0,5.27299E+20,5.51452E+21,9.3792E+15,4.97825E+16
142379,142380,9,7,76,116,2016,7,23,2,3,3,6,2,0,1,1,0,0,0,0,5.51315E+20,5.26606E+21,9.68196E+15,4.75459E+16
142380,142381,9,2,71,119,2016,7,1,2,3,1,1,2,0,0,1,0,0,0,0,7.91077E+20,5.41751E+21,1.29675E+16,4.88422E+16
142381,142382,9,2,77,116,2016,7,14,2,2,6,4,0,1,0,0,1,1,0,0,7.7864E+20,5.36809E+21,1.27652E+16,4.84043E+16
142382,142383,9,5,71,174,2016,7,13,2,3,5,6,0,0,1,1,0,0,0,0,6.02438E+20,5.46182E+21,1.0409E+16,4.93005E+16
142383,142384,9,6,63,0,2016,7,8,3,3,1,7,0,0,0,1,0,0,0,0,5.68156E+20,5.5155E+21,9.94686E+15,4.97881E+16
142384,142385,9,1,62,0,2016,7,9,2,3,5,2,0,0,1,1,0,0,0,0,6.92608E+20,5.33257E+21,1.1588E+16,4.81173E+16
142385,142386,9,3,62,0,2016,7,7,2,3,0,1,0,0,1,0,0,0,0,0,7.25239E+20,5.43312E+21,1.20803E+16,4.90099E+16
142386,142387,9,1,90,141,2016,7,16,1,3,4,1,0,0,1,0,0,0,0,0,6.78257E+20,5.29266E+21,1.13788E+16,4.77627E+16
142387,142388,9,1,62,0,2016,7,14,3,3,2,6,0,1,0,1,0,0,0,0,6.90934E+20,5.33307E+21,1.15658E+16,4.81223E+16
142388,142389,9,3,62,0,2016,7,21,3,3,0,6,1,1,0,1,0,0,0,0,7.29229E+20,5.43507E+21,1.21359E+16,4.90258E+16
142389,142390,9,6,78,150,2016,7,19,4,2,0,1,0,0,1,0,0,0,0,0,5.90847E+20,5.53452E+21,1.02665E+16,4.99561E+16
142390,142391,9,2,77,116,2016,7,18,2,3,0,7,0,0,0,1,1,0,0,0,7.7882E+20,5.36817E+21,1.27677E+16,4.84049E+16
142391,142392,9,5,64,0,2016,7,17,3,3,5,3,0,0,0,1,0,0,0,0,6.50874E+20,5.48105E+21,1.10822E+16,4.94633E+16
142392,142393,9,1,62,0,2016,7,15,4,3,2,6,0,1,0,1,0,0,0,0,6.89163E+20,5.33694E+21,1.15437E+16,4.81575E+16
142393,142394,9,3,74,111,2016,7,14,2,2,8,1,0,0,1,0,0,0,0,0,7.27987E+20,5.51168E+21,1.21628E+16,4.97144E+16
142394,142395,9,7,61,0,2016,7,9,2,3,2,6,0,0,0,1,0,1,0,0,6.36983E+20,5.36083E+21,1.08502E+16,4.83858E+16
142395,142396,9,1,71,132,2016,7,9,3,3,8,1,0,0,0,1,0,0,0,0,7.65096E+20,5.35152E+21,1.25721E+16,4.82613E+16
142396,142397,9,1,62,0,2016,7,15,1,3,5,3,0,0,0,1,0,1,0,0,6.88879E+20,5.33482E+21,1.15389E+16,4.81385E+16
142397,142398,9,1,87,150,2016,7,17,5,3,2,6,0,0,1,1,0,0,0,0,7.2841E+20,5.30379E+21,1.20531E+16,4.78468E+16
142398,142399,9,6,63,0,2016,7,17,2,3,2,6,0,0,0,1,0,0,0,0,5.69303E+20,5.51645E+21,9.96297E+15,4.97965E+16
142399,142400,9,2,61,0,2016,7,8,3,2,0,1,0,0,1,0,0,0,0,0,7.27679E+20,5.38036E+21,1.20844E+16,4.8535E+16
142400,142401,9,1,62,0,2016,7,17,1,3,0,7,0,0,0,0,0,1,0,0,6.92115E+20,5.33453E+21,1.15823E+16,4.8135E+16
142401,142402,9,1,62,0,2016,7,17,3,3,3,2,0,1,1,1,0,0,0,0,6.9185E+20,5.3404E+21,1.15814E+16,4.81878E+16
142402,142403,9,5,64,0,2016,7,9,4,3,1,5,0,0,1,1,0,0,0,0,6.51268E+20,5.47858E+21,1.10867E+16,4.94411E+16
142403,142404,9,1,62,0,2016,7,14,3,3,5,3,0,0,0,1,0,1,0,0,6.8122E+20,5.3386E+21,1.14377E+16,4.81748E+16
142404,142405,9,1,62,0,2016,7,18,4,3,0,1,0,1,1,0,0,0,0,0,6.91135E+20,5.33408E+21,1.15689E+16,4.81312E+16
142405,142406,9,1,78,124,2016,7,18,3,3,1,6,0,1,0,1,0,0,0,0,7.03721E+20,5.35936E+21,1.175E+16,4.83545E+16
142406,142407,9,1,62,0,2016,7,18,1,3,0,7,0,0,1,0,0,0,0,0,6.90847E+20,5.33467E+21,1.15653E+16,4.81367E+16
142407,142408,9,1,77,117,2016,7,18,5,3,5,3,0,0,1,1,0,0,0,0,7.15488E+20,5.35448E+21,1.19062E+16,4.83067E+16
142408,142409,9,4,62,0,2016,7,13,4,3,4,2,0,0,0,1,0,0,0,0,6.82678E+20,5.53577E+21,1.15463E+16,4.99463E+16
142409,142410,9,5,64,0,2016,7,23,2,3,6,4,2,0,0,1,1,0,0,0,6.52581E+20,5.47968E+21,1.11052E+16,4.94506E+16
142410,142411,9,7,63,0,2016,7,19,3,3,1,6,0,0,0,1,0,0,0,0,5.99628E+20,5.28713E+21,1.03287E+16,4.77298E+16
142411,142412,9,1,62,0,2016,7,20,1,3,2,6,1,0,0,1,0,1,0,0,6.91951E+20,5.33449E+21,1.158E+16,4.81347E+16
142412,142413,9,5,77,113,2016,7,7,4,3,5,3,0,0,0,1,0,0,0,0,6.35087E+20,5.43629E+21,1.08493E+16,4.90647E+16
142413,142414,9,7,75,135,2016,7,14,3,3,0,5,0,0,0,1,0,0,0,0,5.74616E+20,5.35891E+21,1.00077E+16,4.83789E+16
142414,142415,9,7,78,134,2016,7,17,1,3,0,1,0,0,1,0,0,0,0,0,6.12645E+20,5.33518E+21,1.05148E+16,4.81599E+16
142415,142416,9,1,62,0,2016,7,16,4,3,6,4,0,0,1,0,1,0,0,0,6.87124E+20,5.33211E+21,1.15142E+16,4.81148E+16
142416,142417,9,7,74,150,2016,7,11,1,3,0,7,0,0,0,1,0,0,0,0,6.01859E+20,5.34467E+21,1.03721E+16,4.82471E+16
142417,142418,9,4,78,111,2016,7,20,3,3,5,3,0,0,1,0,0,0,0,0,6.59988E+20,5.55467E+21,1.12382E+16,5.01227E+16
142418,142419,9,3,62,0,2016,7,15,4,2,5,3,0,0,1,1,0,0,0,0,7.27559E+20,5.43444E+21,1.21127E+16,4.90208E+16
142419,142420,9,2,77,116,2016,7,13,2,2,5,3,0,0,0,1,0,0,0,0,7.78592E+20,5.36892E+21,1.27651E+16,4.84118E+16
142420,142421,9,5,73,122,2016,7,9,2,3,4,6,0,0,0,1,0,0,0,0,6.42265E+20,5.47744E+21,1.09622E+16,4.9433E+16
142421,142422,9,7,61,0,2016,7,12,3,3,2,6,0,0,0,1,0,0,0,0,6.39286E+20,5.35952E+21,1.08809E+16,4.83734E+16
142422,142423,9,7,72,163,2016,7,8,3,3,1,1,0,0,1,1,0,0,0,0,6.40007E+20,5.34924E+21,1.08872E+16,4.82808E+16
142423,142424,9,1,62,0,2016,7,14,2,3,0,3,0,0,1,1,0,0,0,0,6.84195E+20,5.33506E+21,1.14761E+16,4.81421E+16
142424,142425,9,3,75,174,2016,7,15,2,3,2,6,0,0,0,1,0,0,0,0,7.33016E+20,5.42944E+21,1.21843E+16,4.89739E+16
142425,142426,9,7,76,116,2016,7,20,1,3,0,1,0,0,1,0,0,0,0,0,5.52967E+20,5.26688E+21,9.704E+15,4.75532E+16
142426,142427,9,1,79,121,2016,7,21,4,3,6,5,1,0,0,1,1,0,0,0,6.65457E+20,5.3367E+21,1.12251E+16,4.8162E+16
142427,142428,9,3,62,0,2016,7,20,3,3,6,4,1,1,0,1,1,0,0,0,7.25862E+20,5.43413E+21,1.20893E+16,4.90187E+16
142428,142429,9,7,75,152,2016,7,16,4,3,5,3,0,0,1,1,0,0,0,0,5.77859E+20,5.35239E+21,1.00503E+16,4.83199E+16
142429,142430,9,1,63,0,2016,7,10,4,3,5,4,0,0,1,0,1,0,0,0,7.33497E+20,5.30468E+21,1.21215E+16,4.7853E+16
142430,142431,9,4,71,185,2016,7,21,3,2,0,1,2,0,0,0,0,1,0,0,6.44677E+20,5.541E+21,1.1019E+16,5.00037E+16
142431,142432,9,2,71,119,2016,7,18,4,3,0,1,0,1,1,0,0,0,0,0,7.91068E+20,5.41658E+21,1.29667E+16,4.88339E+16
142432,142433,9,2,74,126,2016,7,17,2,2,5,3,0,1,0,1,0,0,0,0,7.34139E+20,5.38433E+21,1.2174E+16,4.85683E+16
142433,142434,9,4,61,0,2016,7,17,2,3,6,7,0,0,1,0,1,0,0,0,6.34936E+20,5.52709E+21,1.08782E+16,4.9881E+16
142434,142435,9,6,79,170,2016,7,12,3,3,0,1,0,0,0,0,0,1,0,0,5.7709E+20,5.50167E+21,1.00682E+16,4.96626E+16
142435,142436,9,1,62,0,2016,7,13,2,3,4,2,0,1,0,1,0,1,0,0,6.9263E+20,5.33804E+21,1.15908E+16,4.81664E+16
142436,142437,9,3,62,0,2016,7,17,2,3,2,6,0,0,0,1,0,0,0,0,7.27456E+20,5.4323E+21,1.21101E+16,4.90016E+16
142437,142438,9,2,71,119,2016,7,15,3,3,5,3,0,0,1,1,0,0,0,0,7.86178E+20,5.41504E+21,1.28992E+16,4.88223E+16
142438,142439,9,7,76,116,2016,7,15,1,3,0,3,0,0,0,1,0,1,0,0,5.52103E+20,5.26656E+21,9.69248E+15,4.75504E+16
142439,142440,9,1,62,0,2016,7,18,3,3,6,4,0,0,0,1,1,1,0,0,6.90808E+20,5.33515E+21,1.1565E+16,4.8141E+16
142440,142441,9,5,76,143,2016,7,19,4,3,5,3,0,0,0,1,0,0,0,0,6.52374E+20,5.45722E+21,1.10938E+16,4.92488E+16
142441,142442,9,5,64,0,2016,7,15,3,3,5,3,0,1,1,1,0,0,0,0,6.4748E+20,5.47529E+21,1.10332E+16,4.94124E+16
142442,142443,9,7,61,0,2016,7,7,4,2,5,3,0,0,1,1,0,0,0,0,6.37241E+20,5.36017E+21,1.08535E+16,4.83798E+16
142443,142444,9,2,73,137,2016,7,8,2,3,0,1,0,0,1,0,0,0,0,0,7.13614E+20,5.41941E+21,1.19143E+16,4.88908E+16
142444,142445,9,5,62,0,2016,7,6,3,3,5,3,0,0,1,1,0,0,0,0,6.44865E+20,5.49557E+21,1.10046E+16,4.95953E+16
142445,142446,9,7,77,177,2016,7,16,2,2,5,3,0,1,1,1,0,0,0,0,6.34332E+20,5.31758E+21,1.08007E+16,4.79974E+16
142446,142447,9,1,73,147,2016,7,10,3,2,2,6,0,0,0,1,0,0,0,1,6.81662E+20,5.30895E+21,1.14311E+16,4.79081E+16
142447,142448,9,7,73,139,2016,7,17,1,3,5,3,0,0,1,1,0,0,0,0,6.15453E+20,5.38557E+21,1.05664E+16,4.86125E+16
142448,142449,9,5,64,0,2016,7,12,4,3,5,3,0,1,1,1,0,0,0,0,6.49721E+20,5.47994E+21,1.10659E+16,4.94537E+16
142449,142450,9,1,62,0,2016,7,13,3,3,5,3,0,0,1,1,0,0,0,0,6.93593E+20,5.33337E+21,1.16016E+16,4.81241E+16
142450,142451,9,7,72,177,2016,7,20,1,3,0,7,0,0,1,0,0,0,0,0,6.35823E+20,5.37696E+21,1.08398E+16,4.8531E+16
142451,142452,9,1,62,0,2016,7,14,4,3,1,7,0,0,0,1,0,0,0,0,6.88099E+20,5.33964E+21,1.15306E+16,4.81821E+16
142452,142453,9,1,77,139,2016,7,11,3,2,5,3,0,0,0,1,0,0,1,0,7.34728E+20,5.35928E+21,1.21679E+16,4.8343E+16
142453,142454,9,7,61,0,2016,7,15,1,3,0,1,0,0,1,0,0,0,0,0,6.3995E+20,5.35916E+21,1.08897E+16,4.837E+16
142454,142455,9,1,62,0,2016,7,23,4,3,5,3,2,1,1,1,0,0,0,0,6.89579E+20,5.33352E+21,1.15478E+16,4.81267E+16
142455,142456,9,5,71,114,2016,7,7,3,3,9,1,0,0,0,1,0,0,0,0,6.05901E+20,5.45518E+21,1.04549E+16,4.92402E+16
142456,142457,9,4,61,0,2016,7,22,4,3,1,7,2,0,0,1,0,1,0,0,6.35958E+20,5.52823E+21,1.08929E+16,4.9891E+16
142457,142458,9,1,62,0,2016,7,23,4,3,1,1,2,1,0,1,0,0,0,0,6.89006E+20,5.33237E+21,1.15396E+16,4.81166E+16
142458,142459,9,1,82,125,2016,7,13,3,3,2,6,0,1,1,1,0,0,0,0,7.12072E+20,5.29687E+21,1.18316E+16,4.77902E+16
142459,142460,9,5,64,0,2016,7,12,1,3,1,3,0,0,0,1,0,0,0,0,6.49054E+20,5.48055E+21,1.10569E+16,4.94593E+16
142460,142461,9,1,61,0,2016,7,11,5,3,5,3,0,0,1,1,0,0,0,0,6.77736E+20,5.40457E+21,1.14189E+16,4.87687E+16
142461,142462,9,4,79,138,2016,7,16,4,2,0,7,0,0,0,0,0,0,0,1,7.11152E+20,5.54075E+21,1.19454E+16,4.99817E+16
142462,142463,9,6,73,114,2016,7,19,2,2,0,1,0,0,1,0,0,0,0,0,5.87296E+20,5.57492E+21,1.02262E+16,5.03199E+16
142463,142464,9,7,75,129,2016,7,22,3,2,1,6,2,0,0,0,0,1,1,0,5.81857E+20,5.34212E+21,1.01022E+16,4.8227E+16
142464,142465,9,5,64,0,2016,7,18,1,3,1,5,0,0,0,1,0,0,0,0,6.52211E+20,5.48024E+21,1.11003E+16,4.94557E+16
142465,142466,9,1,62,0,2016,7,20,5,3,3,7,1,0,0,1,0,1,0,0,6.90292E+20,5.33588E+21,1.15584E+16,4.81477E+16
142466,142467,9,1,83,148,2016,7,7,4,3,5,2,0,0,1,1,0,0,0,0,7.51885E+20,5.34419E+21,1.23901E+16,4.82009E+16
142467,142468,9,4,63,0,2016,7,22,3,3,3,6,2,0,0,1,0,1,0,0,6.40054E+20,5.56996E+21,1.09651E+16,5.02651E+16
142468,142469,9,3,61,0,2016,7,18,4,3,6,4,0,0,1,0,1,0,0,0,7.06478E+20,5.48013E+21,1.18482E+16,4.94387E+16
142469,142470,9,1,80,117,2016,7,12,2,3,5,7,0,1,0,1,0,0,0,1,6.57624E+20,5.26218E+21,1.10927E+16,4.7494E+16
142470,142471,9,5,71,136,2016,7,21,2,3,9,1,2,0,0,1,0,0,0,0,5.95397E+20,5.43489E+21,1.03058E+16,4.90595E+16
142471,142472,9,6,63,0,2016,7,16,3,2,6,4,0,0,0,1,1,0,0,0,5.66599E+20,5.51511E+21,9.92517E+15,4.97847E+16
142472,142473,9,7,61,0,2016,7,15,3,3,1,6,0,0,0,1,0,1,0,0,6.42292E+20,5.36024E+21,1.09217E+16,4.83793E+16
142473,142474,9,5,64,0,2016,7,18,2,3,8,1,0,1,0,0,0,1,0,0,6.52481E+20,5.47962E+21,1.11038E+16,4.94501E+16
142474,142475,9,7,79,131,2016,7,16,3,3,0,7,0,1,0,1,0,0,1,0,6.31268E+20,5.39882E+21,1.0785E+16,4.87286E+16
142475,142476,9,1,62,0,2016,7,11,2,3,3,2,0,0,0,1,0,0,0,1,6.87378E+20,5.33608E+21,1.15193E+16,4.81504E+16
142476,142477,9,5,71,127,2016,7,22,1,3,9,6,2,0,1,0,0,0,0,0,6.16138E+20,5.45477E+21,1.05954E+16,4.92347E+16
142477,142478,9,1,76,167,2016,7,14,4,3,0,5,0,1,0,1,0,1,0,0,6.77221E+20,5.41057E+21,1.14145E+16,4.88228E+16
142478,142479,9,3,63,0,2016,7,12,3,2,5,3,0,0,1,1,0,0,0,0,7.28872E+20,5.50917E+21,1.21736E+16,4.96915E+16
142479,142480,9,1,73,147,2016,7,13,4,3,6,7,0,0,0,1,1,0,0,1,6.80426E+20,5.30867E+21,1.14144E+16,4.7906E+16
142480,142481,9,7,73,125,2016,7,18,4,2,8,6,0,0,0,1,0,1,0,0,6.11781E+20,5.38249E+21,1.05158E+16,4.85855E+16
142481,142482,9,1,73,133,2016,7,17,2,3,0,1,0,0,1,0,0,0,0,0,6.77863E+20,5.28023E+21,1.13685E+16,4.7651E+16
142482,142483,9,6,62,0,2016,7,16,3,3,4,2,0,0,0,1,0,1,0,0,5.87621E+20,5.54387E+21,1.02237E+16,5.00407E+16
142483,142484,9,7,74,135,2016,7,11,2,3,5,2,0,0,1,1,0,0,0,0,5.94858E+20,5.3671E+21,1.02828E+16,4.84499E+16
142484,142485,9,3,62,0,2016,7,10,2,2,5,4,0,0,0,1,1,0,0,0,7.26803E+20,5.43321E+21,1.21017E+16,4.901E+16
142485,142486,9,2,61,0,2016,7,8,3,3,5,3,0,0,1,1,0,0,0,0,7.31832E+20,5.38171E+21,1.21413E+16,4.85456E+16
142486,142487,9,4,75,137,2016,7,13,1,3,0,1,0,0,1,0,0,0,0,0,6.93948E+20,5.58538E+21,1.17285E+16,5.03885E+16
142487,142488,9,1,62,0,2016,7,8,2,3,0,1,0,1,1,0,0,0,0,0,6.96288E+20,5.33046E+21,1.16364E+16,4.80971E+16
142488,142489,9,3,62,0,2016,7,10,2,3,0,7,0,0,1,0,0,0,0,0,7.24977E+20,5.43518E+21,1.20778E+16,4.90284E+16
142489,142490,9,2,61,0,2016,7,20,1,2,5,3,0,0,0,1,0,1,0,0,7.31256E+20,5.38256E+21,1.2134E+16,4.85534E+16
142490,142491,9,1,62,0,2016,7,12,3,3,5,3,0,1,1,1,0,0,0,0,6.95683E+20,5.33212E+21,1.16291E+16,4.81122E+16