FID,OBJECTID,ULAND,UREGBEZ,UKREIS,UGEMEINDE,UJAHR,UMONAT,USTUNDE,UWOCHENTAG,UKATEGORIE,UART,UTYP1,ULICHTVERH,IstStrasse,IstRad,IstPKW,IstFuss,IstKrad,IstGkfz,IstSonstig,LINREFX,LINREFY,XGCSWGS84,YGCSWGS84
142491,142492,9,3,62,0,2016,7,16,3,3,5,3,0,0,1,1,0,0,0,0,7.28947E+20,5.4358E+21,1.21324E+16,4.90325E+16
142492,142493,9,6,63,0,2016,7,8,4,3,2,6,0,0,1,1,0,0,0,0,5.68336E+20,5.51288E+21,9.9489E+15,4.97645E+16
142493,142494,9,1,89,145,2016,7,11,2,3,1,3,0,0,1,1,0,0,0,0,7.73103E+20,5.30293E+21,1.26488E+16,4.78216E+16
142494,142495,9,5,63,0,2016,7,16,3,3,3,6,0,0,1,0,0,0,0,0,6.44863E+20,5.48117E+21,1.09993E+16,4.94659E+16
142495,142496,9,1,62,0,2016,7,15,4,3,3,6,0,1,0,1,0,1,0,0,6.91103E+20,5.33613E+21,1.15694E+16,4.81497E+16
142496,142497,9,7,72,184,2016,7,19,2,3,5,3,0,1,0,1,0,1,0,0,6.36175E+20,5.3618E+21,1.08396E+16,4.83947E+16
142497,142498,9,1,71,115,2016,7,18,3,3,1,1,0,0,1,0,0,0,0,0,7.7957E+20,5.35676E+21,1.27702E+16,4.83022E+16
142498,142499,9,4,76,145,2016,7,13,1,3,5,2,0,0,1,1,0,0,0,0,6.66466E+20,5.56826E+21,1.13347E+16,5.02431E+16
142499,142500,9,1,63,0,2016,7,16,5,3,0,4,0,0,1,0,1,0,0,0,7.3379E+20,5.30478E+21,1.21254E+16,4.78538E+16
142500,142501,9,6,63,0,2016,7,17,2,3,2,6,0,0,0,1,0,0,0,0,5.66597E+20,5.51719E+21,9.92549E+15,4.98035E+16
142501,142502,9,5,77,161,2016,7,12,4,3,0,1,0,0,1,0,0,0,0,0,6.44752E+20,5.44124E+21,1.09834E+16,4.91069E+16
142502,142503,9,1,62,0,2016,7,17,3,3,3,3,0,0,0,1,1,0,0,0,6.92259E+20,5.3349E+21,1.15844E+16,4.81383E+16
142503,142504,9,1,62,0,2016,7,13,3,3,5,3,0,0,1,1,0,0,0,0,6.9636E+20,5.33273E+21,1.16384E+16,4.81175E+16
142504,142505,9,5,64,0,2016,7,18,4,3,5,3,0,0,1,1,0,0,0,0,6.50938E+20,5.47922E+21,1.10824E+16,4.94469E+16
142505,142506,9,1,85,149,2016,7,9,2,3,6,3,0,0,0,1,1,0,0,0,6.60141E+20,5.39958E+21,1.11777E+16,4.87287E+16
142506,142507,9,1,84,112,2016,7,9,4,2,8,1,0,0,0,0,0,1,0,0,7.01066E+20,5.34332E+21,1.17066E+16,4.82112E+16
142507,142508,9,1,74,126,2016,7,8,3,3,6,6,0,0,1,0,1,0,0,0,6.82297E+20,5.34585E+21,1.14553E+16,4.82397E+16
142508,142509,9,4,63,0,2016,7,8,1,3,8,7,0,0,0,1,0,0,0,0,6.43068E+20,5.56956E+21,1.10072E+16,5.02608E+16
142509,142510,9,1,88,124,2016,7,14,5,3,6,4,0,0,0,1,1,0,0,0,6.62407E+20,5.31863E+21,1.11772E+16,4.80003E+16
142510,142511,9,4,62,0,2016,7,16,4,3,3,7,0,0,0,1,0,0,0,0,6.86381E+20,5.53678E+21,1.15983E+16,4.99543E+16
142511,142512,9,5,74,154,2016,7,19,2,3,0,1,0,0,0,0,0,1,0,0,6.63979E+20,5.48623E+21,1.12651E+16,4.95065E+16
142512,142513,9,7,76,111,2016,7,21,3,2,0,7,1,1,1,0,0,0,0,0,5.4869E+20,5.26886E+21,9.64737E+15,4.75713E+16
142513,142514,9,4,62,0,2016,7,11,1,3,4,7,0,0,1,1,0,0,0,0,6.83369E+20,5.53501E+21,1.15555E+16,4.99393E+16
142514,142515,9,7,75,152,2016,7,20,4,3,0,7,0,0,1,0,0,0,0,0,5.77933E+20,5.35307E+21,1.00514E+16,4.8326E+16
142515,142516,9,1,72,118,2016,7,7,4,3,5,3,0,0,1,1,0,0,0,0,7.97859E+20,5.30641E+21,1.29812E+16,4.7842E+16
142516,142517,9,4,74,126,2016,7,23,1,3,0,1,2,0,1,0,0,0,0,0,6.49155E+20,5.50923E+21,1.10692E+16,4.97171E+16
142517,142518,9,1,62,0,2016,7,18,4,3,4,2,0,0,0,1,0,0,0,0,6.88286E+20,5.33572E+21,1.15314E+16,4.81468E+16
142518,142519,9,1,62,0,2016,7,16,2,3,2,6,0,0,0,1,0,0,0,0,6.89216E+20,5.33738E+21,1.15446E+16,4.81615E+16
142519,142520,9,4,74,126,2016,7,17,1,3,2,6,0,0,0,1,0,0,0,0,6.49243E+20,5.50948E+21,1.10705E+16,4.97193E+16
142520,142521,9,4,64,0,2016,7,21,3,2,0,1,2,0,1,0,0,0,0,0,7.06437E+20,5.57686E+21,1.18993E+16,5.03076E+16
142521,142522,9,3,77,158,2016,7,20,4,3,5,3,0,0,0,1,0,1,0,0,7.36722E+20,5.54489E+21,1.2304E+16,5.00092E+16
142522,142523,9,5,64,0,2016,7,13,2,3,6,2,0,0,0,1,1,0,0,0,6.49882E+20,5.47815E+21,1.10674E+16,4.94376E+16
142523,142524,9,7,61,0,2016,7,7,3,3,5,3,0,0,0,1,0,0,0,0,6.42144E+20,5.3591E+21,1.09193E+16,4.83691E+16
142524,142525,9,7,71,130,2016,7,3,3,2,0,2,2,0,1,1,0,0,0,0,6.46401E+20,5.35785E+21,1.09763E+16,4.83568E+16
142525,142526,9,1,84,122,2016,7,15,2,3,5,3,0,0,1,1,0,0,0,0,6.87922E+20,5.32394E+21,1.15213E+16,4.80411E+16
142526,142527,9,3,77,137,2016,7,7,1,2,8,7,0,0,0,1,0,0,0,0,7.35378E+20,5.5352E+21,1.22794E+16,4.99228E+16
142527,142528,9,1,76,123,2016,7,13,4,3,0,1,0,0,1,0,0,0,0,0,6.58693E+20,5.41686E+21,1.11647E+16,4.88844E+16
142528,142529,9,3,75,190,2016,7,17,3,2,5,2,0,0,1,1,0,0,0,0,7.2805E+20,5.44698E+21,1.21265E+16,4.91333E+16
142529,142530,9,7,71,111,2016,7,15,4,2,0,7,0,0,0,0,0,1,0,1,6.59265E+20,5.3585E+21,1.11501E+16,4.83596E+16
142530,142531,9,1,76,123,2016,7,15,2,3,4,3,0,0,0,0,0,1,0,0,6.60624E+20,5.41746E+21,1.11913E+16,4.88892E+16
142531,142532,9,4,74,126,2016,7,12,3,3,4,6,0,0,1,0,0,0,0,0,6.47765E+20,5.5097E+21,1.10501E+16,4.97217E+16
142532,142533,9,2,78,148,2016,7,10,4,2,1,1,0,0,1,1,0,0,0,0,7.36738E+20,5.40699E+21,1.22221E+16,4.87708E+16
142533,142534,9,1,79,134,2016,7,4,2,3,8,1,2,0,0,0,0,1,0,0,6.67396E+20,5.34443E+21,1.12542E+16,4.8231E+16
142534,142535,9,4,62,0,2016,7,18,2,3,3,6,0,0,1,0,0,0,0,1,6.85389E+20,5.53533E+21,1.15838E+16,4.99415E+16
142535,142536,9,6,63,0,2016,7,18,3,3,2,6,0,0,0,1,0,0,0,0,5.67344E+20,5.51627E+21,9.93572E+15,4.97951E+16
142536,142537,9,1,62,0,2016,7,11,2,3,2,6,0,1,0,1,0,0,0,0,6.93105E+20,5.33528E+21,1.15959E+16,4.81414E+16
142537,142538,9,3,73,151,2016,7,6,2,2,8,1,0,0,0,0,0,1,0,0,6.95299E+20,5.44945E+21,1.16792E+16,4.91667E+16
142538,142539,9,1,89,154,2016,7,12,1,3,0,1,0,0,1,0,0,0,0,0,7.6732E+20,5.31896E+21,1.25816E+16,4.79681E+16
142539,142540,9,1,62,0,2016,7,7,3,3,5,3,0,0,0,1,0,0,0,1,6.89636E+20,5.33343E+21,1.15485E+16,4.81259E+16
142540,142541,9,3,76,144,2016,7,18,3,2,0,1,0,1,0,0,0,1,0,0,7.30065E+20,5.48288E+21,1.21747E+16,4.9455E+16
142541,142542,9,5,62,0,2016,7,17,4,3,6,2,0,0,0,1,1,0,0,0,6.44716E+20,5.49614E+21,1.10028E+16,4.96005E+16
142542,142543,9,1,78,124,2016,7,15,2,3,0,7,0,1,1,0,0,0,0,1,7.03163E+20,5.36452E+21,1.1745E+16,4.84011E+16
142543,142544,9,5,64,0,2016,7,10,3,2,5,3,0,0,1,1,0,0,0,0,6.51665E+20,5.48092E+21,1.10931E+16,4.9462E+16
142544,142545,9,1,62,0,2016,7,18,4,3,5,3,0,1,0,1,0,1,0,0,6.91753E+20,5.33446E+21,1.15774E+16,4.81345E+16
142545,142546,9,7,71,156,2016,7,19,2,2,0,7,0,0,1,0,0,0,0,0,6.54096E+20,5.38323E+21,1.10895E+16,4.85832E+16
142546,142547,9,1,82,119,2016,7,2,3,3,9,7,2,0,1,0,0,0,0,0,7.13579E+20,5.29225E+21,1.18494E+16,4.77482E+16
142547,142548,9,3,74,149,2016,7,20,1,3,4,7,1,0,0,1,0,0,0,0,7.10297E+20,5.5165E+21,1.19203E+16,4.97642E+16
142548,142549,9,1,87,179,2016,7,12,5,3,0,1,0,0,1,0,0,0,0,0,7.22704E+20,5.30896E+21,1.19796E+16,4.78952E+16
142549,142550,9,6,61,0,2016,7,12,3,3,2,6,0,0,1,1,0,0,0,0,5.08594E+20,5.53581E+21,9.11986E+15,4.99746E+16
142550,142551,9,7,80,124,2016,7,8,2,3,0,2,0,0,0,1,0,1,0,0,5.93342E+20,5.26789E+21,1.02408E+16,4.75577E+16
142551,142552,9,1,73,147,2016,7,14,3,3,0,7,0,0,1,1,0,0,0,0,6.80849E+20,5.30939E+21,1.14204E+16,4.79123E+16
142552,142553,9,2,72,122,2016,7,14,1,2,5,5,0,0,1,1,0,0,0,0,8.51458E+20,5.41949E+21,1.37895E+16,4.88287E+16
142553,142554,9,5,64,0,2016,7,8,4,3,5,3,0,0,1,1,0,0,0,0,6.46884E+20,5.48127E+21,1.10272E+16,4.94663E+16
142554,142555,9,1,62,0,2016,7,9,3,3,5,2,0,0,1,0,0,0,0,0,6.90087E+20,5.33591E+21,1.15556E+16,4.8148E+16
142555,142556,9,1,62,0,2016,7,8,4,3,3,2,0,0,1,0,0,0,1,0,6.93687E+20,5.34033E+21,1.1606E+16,4.81866E+16
142556,142557,9,1,78,120,2016,7,16,3,3,0,6,0,1,0,0,0,1,0,0,6.92324E+20,5.35477E+21,1.15943E+16,4.83169E+16
142557,142558,9,2,61,0,2016,7,15,1,3,5,3,0,0,1,0,0,0,0,0,7.32861E+20,5.3811E+21,1.21549E+16,4.85398E+16
142558,142559,9,1,62,0,2016,7,19,4,3,0,3,0,0,0,1,0,1,0,0,6.87905E+20,5.34021E+21,1.15282E+16,4.81873E+16
142559,142560,9,4,74,126,2016,7,8,4,3,5,3,0,0,1,1,0,0,0,0,6.48585E+20,5.50884E+21,1.10611E+16,4.97137E+16
142560,142561,9,5,64,0,2016,7,16,2,3,5,3,0,0,1,1,0,0,0,0,6.5153E+20,5.47838E+21,1.10902E+16,4.94392E+16
142561,142562,9,5,61,0,2016,7,9,4,2,8,1,0,0,0,0,0,1,0,0,6.13415E+20,5.46191E+21,1.056E+16,4.92994E+16
142562,142563,9,6,79,170,2016,7,13,2,3,0,7,0,1,0,0,0,1,0,0,5.77603E+20,5.50158E+21,1.00753E+16,4.96618E+16
142563,142564,9,7,64,0,2016,7,11,3,3,4,6,0,0,1,1,0,0,0,0,5.88294E+20,5.31556E+21,1.01834E+16,4.79872E+16
142564,142565,9,1,62,0,2016,7,17,4,3,1,5,0,0,1,1,0,0,0,0,6.91657E+20,5.33539E+21,1.15765E+16,4.81428E+16
142565,142566,9,1,73,133,2016,7,20,4,3,0,1,0,1,1,0,0,0,0,0,6.78017E+20,5.2814E+21,1.1371E+16,4.76615E+16
142566,142567,9,4,78,111,2016,7,20,3,2,0,1,0,0,1,0,0,0,0,0,6.60085E+20,5.55375E+21,1.12392E+16,5.01144E+16
142567,142568,9,3,62,0,2016,7,20,4,2,5,3,0,0,1,0,0,1,0,0,7.25899E+20,5.43447E+21,1.209E+16,4.90218E+16
142568,142569,9,1,78,124,2016,7,7,2,3,5,3,0,0,0,1,0,0,0,0,7.0477E+20,5.36748E+21,1.17681E+16,4.84272E+16
142569,142570,9,5,77,177,2016,7,15,2,3,5,2,0,0,0,1,0,1,0,0,6.4401E+20,5.43371E+21,1.09705E+16,4.90394E+16
142570,142571,9,6,63,0,2016,7,17,3,3,6,4,0,0,0,1,1,0,0,0,5.6818E+20,5.51595E+21,9.94728E+15,4.97922E+16
142571,142572,9,7,61,0,2016,7,21,3,3,0,7,1,0,1,0,0,0,0,0,6.3711E+20,5.36043E+21,1.08518E+16,4.83821E+16
142572,142573,9,1,62,0,2016,7,8,2,3,5,3,0,0,1,0,0,0,0,0,6.91907E+20,5.33945E+21,1.15817E+16,4.81792E+16
142573,142574,9,2,76,122,2016,7,9,2,2,0,7,0,0,1,0,0,0,0,0,7.90263E+20,5.43867E+21,1.29715E+16,4.90325E+16
142574,142575,9,1,90,139,2016,7,13,1,2,0,1,0,0,1,0,0,0,0,0,6.55224E+20,5.29435E+21,1.10723E+16,4.77838E+16
142575,142576,9,1,88,139,2016,7,11,6,3,0,7,0,0,1,0,0,0,0,0,6.75131E+20,5.31983E+21,1.13482E+16,4.80078E+16
142576,142577,9,6,72,114,2016,7,15,5,3,3,7,0,0,0,1,0,1,0,0,5.77572E+20,5.56177E+21,1.0087E+16,5.02031E+16
142577,142578,9,1,81,130,2016,7,13,7,3,0,7,0,0,1,0,0,0,0,0,6.39841E+20,5.32348E+21,1.08765E+16,4.80493E+16
142578,142579,9,1,62,0,2016,7,12,6,3,2,6,0,0,0,1,0,0,0,0,6.89704E+20,5.33601E+21,1.15505E+16,4.81491E+16
142579,142580,9,7,78,116,2016,7,9,6,3,1,5,0,0,1,1,0,0,0,0,6.20607E+20,5.3184E+21,1.06171E+16,4.80075E+16
142580,142581,9,5,71,183,2016,7,20,6,2,0,1,0,0,0,0,0,1,0,1,6.03095E+20,5.47427E+21,1.04213E+16,4.94124E+16
142581,142582,9,7,80,117,2016,7,14,7,3,0,7,0,0,1,0,0,0,0,0,5.89668E+20,5.28208E+21,1.01948E+16,4.76859E+16
142582,142583,9,1,62,0,2016,7,16,5,3,6,4,0,0,0,0,1,1,0,0,6.90203E+20,5.33543E+21,1.1557E+16,4.81437E+16
142583,142584,9,2,73,141,2016,7,15,6,3,0,1,0,0,1,0,0,0,0,0,7.27244E+20,5.41236E+21,1.20961E+16,4.88227E+16
142584,142585,9,2,77,121,2016,7,15,5,2,0,7,0,1,1,0,0,0,0,0,7.64104E+20,5.3702E+21,1.25705E+16,4.84295E+16
142585,142586,9,5,64,0,2016,7,15,7,2,6,1,0,0,0,1,1,0,0,0,6.52382E+20,5.48303E+21,1.11038E+16,4.94808E+16
142586,142587,9,6,71,156,2016,7,11,5,3,6,7,0,0,0,1,1,0,0,0,5.21301E+20,5.53563E+21,9.29705E+15,4.99726E+16
142587,142588,9,7,74,185,2016,7,18,5,3,0,7,0,0,1,0,0,0,0,0,6.09008E+20,5.34889E+21,1.04694E+16,4.82838E+16
142588,142589,9,1,62,0,2016,7,17,7,3,5,3,0,0,0,1,0,0,0,0,6.90104E+20,5.34313E+21,1.15591E+16,4.82129E+16
142589,142590,9,1,62,0,2016,7,17,6,2,9,7,0,0,0,1,0,0,0,0,6.93027E+20,5.34245E+21,1.15981E+16,4.82059E+16
142590,142591,9,6,76,132,2016,7,13,7,3,0,1,0,0,0,0,0,1,0,0,5.15144E+20,5.50755E+21,9.2101E+15,4.97202E+16
142591,142592,9,1,62,0,2016,7,12,6,3,6,4,0,0,0,0,1,0,0,1,6.89061E+20,5.33335E+21,1.15407E+16,4.81253E+16
142592,142593,9,7,71,146,2016,7,7,6,2,0,6,0,0,0,1,0,1,0,0,6.46618E+20,5.34752E+21,1.09756E+16,4.82639E+16
142593,142594,9,7,61,0,2016,7,7,7,3,0,7,0,0,1,0,0,0,0,0,6.39601E+20,5.35901E+21,1.0885E+16,4.83688E+16
142594,142595,9,1,62,0,2016,7,4,5,3,0,1,2,0,1,0,0,0,0,0,6.91141E+20,5.33567E+21,1.15697E+16,4.81455E+16
142595,142596,9,1,83,148,2016,7,12,6,3,5,3,0,0,1,1,0,0,0,0,7.51797E+20,5.34496E+21,1.23894E+16,4.82079E+16
142596,142597,9,4,64,0,2016,7,12,7,3,0,7,0,0,0,1,0,0,0,0,7.09206E+20,5.57709E+21,1.19382E+16,5.03087E+16
142597,142598,9,6,61,0,2016,7,17,5,3,1,7,0,0,1,1,0,0,0,0,5.11506E+20,5.5347E+21,9.16043E+15,4.99646E+16
142598,142599,9,7,80,133,2016,7,7,5,2,5,3,0,0,0,1,0,1,0,0,5.96165E+20,5.2524E+21,1.02749E+16,4.7418E+16
142599,142600,9,1,62,0,2016,7,10,7,3,3,2,0,0,1,1,0,0,0,0,6.94523E+20,5.33515E+21,1.16149E+16,4.81399E+16
142600,142601,9,4,64,0,2016,7,19,6,3,0,1,0,0,1,0,0,0,0,0,7.08226E+20,5.57734E+21,1.19246E+16,5.03113E+16
142601,142602,9,5,64,0,2016,7,15,7,3,5,2,0,0,1,1,0,0,0,0,6.46365E+20,5.47733E+21,1.10186E+16,4.9431E+16
142602,142603,9,1,82,124,2016,7,23,6,3,1,1,2,0,0,1,0,0,0,0,7.07191E+20,5.28462E+21,1.17607E+16,4.76817E+16
142603,142604,9,5,65,0,2016,7,12,5,3,1,6,0,0,0,1,0,1,0,0,6.47417E+20,5.46651E+21,1.10291E+16,4.93335E+16
142604,142605,9,1,61,0,2016,7,11,7,3,5,3,0,0,0,1,0,0,0,0,6.7732E+20,5.4016E+21,1.1412E+16,4.87421E+16
142605,142606,9,1,63,0,2016,7,7,6,3,3,2,0,1,1,1,0,0,0,0,7.32457E+20,5.3046E+21,1.21075E+16,4.78526E+16
142606,142607,9,1,87,118,2016,7,11,7,3,0,1,0,0,1,0,0,0,0,0,7.54342E+20,5.30338E+21,1.23989E+16,4.78334E+16
142607,142608,9,1,77,117,2016,7,13,6,3,5,3,0,0,0,1,0,0,0,0,7.14756E+20,5.35504E+21,1.18966E+16,4.83121E+16
142608,142609,9,3,73,147,2016,7,16,7,2,5,3,0,0,1,0,0,0,0,0,6.79104E+20,5.46099E+21,1.14624E+16,4.92754E+16
142609,142610,9,5,63,0,2016,7,8,5,3,6,2,0,0,0,1,1,0,0,0,6.45765E+20,5.48139E+21,1.10119E+16,4.94677E+16
142610,142611,9,7,80,133,2016,7,15,5,3,0,1,0,0,0,0,0,0,0,1,6.00579E+20,5.2492E+21,1.03327E+16,4.73885E+16
142611,142612,9,7,71,112,2016,7,6,6,3,0,7,0,0,1,1,0,0,0,0,6.46795E+20,5.36875E+21,1.09854E+16,4.84547E+16
142612,142613,9,7,75,135,2016,7,16,7,3,2,5,0,0,1,1,0,0,0,0,5.75146E+20,5.36114E+21,1.00152E+16,4.83989E+16
142613,142614,9,4,78,139,2016,7,19,6,3,5,3,0,0,1,1,0,0,0,0,6.48369E+20,5.55924E+21,1.10775E+16,5.01668E+16
142614,142615,9,1,85,149,2016,7,19,6,3,0,1,0,0,1,0,0,0,0,0,6.61573E+20,5.40046E+21,1.11975E+16,4.87362E+16
142615,142616,9,5,64,0,2016,7,18,5,3,5,3,0,0,1,1,0,0,0,0,6.53006E+20,5.47992E+21,1.11112E+16,4.94527E+16
142616,142617,9,1,76,123,2016,7,15,7,2,1,6,0,0,1,1,0,0,0,0,6.60731E+20,5.41819E+21,1.1193E+16,4.88958E+16
142617,142618,9,1,75,132,2016,7,10,7,3,5,3,0,0,1,1,0,0,0,0,7.07216E+20,5.33101E+21,1.17833E+16,4.80987E+16
142618,142619,9,1,62,0,2016,7,21,6,3,0,7,2,0,1,1,0,0,0,0,6.91423E+20,5.33638E+21,1.15738E+16,4.81519E+16
142619,142620,9,5,77,136,2016,7,11,6,3,0,1,0,0,1,0,0,0,0,0,6.28676E+20,5.44064E+21,1.0763E+16,4.91051E+16
142620,142621,9,2,75,116,2016,7,22,7,2,8,1,2,0,1,0,0,0,0,0,8.20817E+20,5.36401E+21,1.33304E+16,4.83477E+16
142621,142622,9,5,64,0,2016,7,19,5,3,6,1,0,0,0,1,1,0,0,0,6.47134E+20,5.47869E+21,1.10297E+16,4.94431E+16
142622,142623,9,1,62,0,2016,7,16,6,3,1,6,0,0,1,1,0,0,0,0,6.87273E+20,5.32919E+21,1.15149E+16,4.80885E+16
142623,142624,9,5,64,0,2016,7,15,6,3,2,6,0,0,0,1,0,0,0,0,6.53772E+20,5.48041E+21,1.11219E+16,4.94569E+16
142624,142625,9,4,61,0,2016,7,18,6,3,0,7,0,0,1,0,0,0,0,0,6.37334E+20,5.52981E+21,1.09126E+16,4.99049E+16
142625,142626,9,1,79,145,2016,7,10,6,3,2,6,0,0,1,0,0,0,0,0,6.7637E+20,5.33903E+21,1.13727E+16,4.818E+16
142626,142627,9,5,64,0,2016,7,15,5,2,5,3,0,0,0,1,0,0,0,0,6.48575E+20,5.47963E+21,1.10499E+16,4.94511E+16
142627,142628,9,1,84,142,2016,7,11,6,3,1,7,0,0,0,1,0,0,0,0,6.83185E+20,5.317E+21,1.14548E+16,4.798E+16
142628,142629,9,7,80,133,2016,7,13,6,3,9,1,0,1,1,0,0,0,0,0,5.98747E+20,5.24734E+21,1.0308E+16,4.73721E+16
142629,142630,9,4,64,0,2016,7,12,6,3,2,7,0,0,0,1,0,1,0,0,7.04587E+20,5.57745E+21,1.18736E+16,5.03136E+16
142630,142631,9,7,76,111,2016,7,18,7,3,4,7,0,0,0,1,0,1,0,0,5.50161E+20,5.26806E+21,9.66684E+15,4.7564E+16
142631,142632,9,1,62,0,2016,7,11,5,3,5,3,0,0,1,1,0,0,0,0,6.883E+20,5.34017E+21,1.15335E+16,4.81869E+16
142632,142633,9,1,90,157,2016,7,18,6,3,5,3,0,0,0,1,0,1,0,0,6.60993E+20,5.30094E+21,1.11517E+16,4.78416E+16
142633,142634,9,2,74,118,2016,7,19,5,3,0,7,0,1,1,0,0,0,0,0,7.37193E+20,5.36739E+21,1.22057E+16,4.8415E+16
142634,142635,9,1,62,0,2016,7,11,5,3,0,7,0,0,1,0,0,0,0,0,6.86393E+20,5.33754E+21,1.15067E+16,4.81638E+16
142635,142636,9,3,62,0,2016,7,13,6,3,5,2,0,0,1,1,0,0,0,0,7.30129E+20,5.43056E+21,1.21456E+16,4.8985E+16
142636,142637,9,2,75,141,2016,7,23,6,3,0,1,2,0,1,0,0,0,0,0,8.20266E+20,5.36929E+21,1.3327E+16,4.83953E+16
142637,142638,9,2,73,111,2016,7,14,5,3,5,3,0,1,1,1,0,0,0,0,7.08886E+20,5.41096E+21,1.18456E+16,4.88165E+16
142638,142639,9,5,64,0,2016,7,14,5,3,5,3,0,0,1,1,0,0,0,0,6.54456E+20,5.47636E+21,1.11298E+16,4.94203E+16
142639,142640,9,1,62,0,2016,7,21,5,3,0,5,2,0,1,1,0,0,0,0,6.92216E+20,5.33491E+21,1.15838E+16,4.81384E+16
142640,142641,9,1,62,0,2016,7,10,6,3,1,7,0,0,1,1,0,0,0,0,6.9295E+20,5.33514E+21,1.15938E+16,4.81403E+16
142641,142642,9,7,72,184,2016,7,17,6,3,5,5,0,0,1,1,0,0,0,0,6.357E+20,5.35992E+21,1.08326E+16,4.83779E+16
142642,142643,9,7,71,113,2016,7,18,7,3,0,3,0,0,1,1,0,0,0,0,6.58345E+20,5.36961E+21,1.11419E+16,4.84597E+16
142643,142644,9,1,62,0,2016,7,19,5,3,1,7,0,0,1,1,0,0,0,0,6.96099E+20,5.33363E+21,1.16353E+16,4.81257E+16
142644,142645,9,1,89,162,2016,7,9,6,2,4,1,0,0,1,0,0,0,0,1,7.79335E+20,5.31663E+21,1.27407E+16,4.7942E+16
142645,142646,9,1,72,114,2016,7,10,7,3,2,6,0,0,0,1,0,1,0,0,7.92923E+20,5.2954E+21,1.29079E+16,4.77453E+16
142646,142647,9,1,62,0,2016,7,20,5,3,5,3,0,0,0,1,0,1,0,0,6.91729E+20,5.33292E+21,1.15763E+16,4.81206E+16
142647,142648,9,4,73,159,2016,7,17,7,3,5,6,0,0,0,1,0,0,0,0,6.43692E+20,5.5724E+21,1.10171E+16,5.02862E+16
142648,142649,9,5,64,0,2016,7,8,5,3,6,4,0,0,0,0,1,0,1,0,6.51793E+20,5.48088E+21,1.10948E+16,4.94616E+16
142649,142650,9,7,77,121,2016,7,16,5,3,1,1,0,0,1,1,0,0,0,0,6.28971E+20,5.32118E+21,1.073E+16,4.80309E+16
142650,142651,9,1,62,0,2016,7,18,7,3,5,3,0,0,1,1,0,0,0,0,6.90755E+20,5.33414E+21,1.15638E+16,4.81319E+16
142651,142652,9,4,73,159,2016,7,9,6,3,5,3,0,0,0,1,0,0,0,0,6.46179E+20,5.57353E+21,1.10524E+16,5.02957E+16
142652,142653,9,5,64,0,2016,7,22,7,3,1,7,2,0,1,1,0,0,0,0,6.50898E+20,5.47971E+21,1.1082E+16,4.94513E+16
142653,142654,9,5,64,0,2016,7,14,5,3,2,1,0,0,0,1,0,0,0,0,6.54439E+20,5.47491E+21,1.1129E+16,4.94072E+16
142654,142655,9,7,80,120,2016,7,20,5,2,0,1,0,0,1,0,0,0,0,0,6.01779E+20,5.2842E+21,1.03567E+16,4.77031E+16
142655,142656,9,1,62,0,2016,7,19,7,2,3,2,0,0,0,1,0,0,0,0,6.86214E+20,5.33484E+21,1.15032E+16,4.81396E+16
142656,142657,9,1,62,0,2016,7,13,6,2,1,1,0,0,0,1,0,0,0,0,6.89017E+20,5.33679E+21,1.15417E+16,4.81562E+16
142657,142658,9,5,72,132,2016,7,11,7,3,5,3,0,0,1,1,0,0,0,0,6.36275E+20,5.49347E+21,1.08851E+16,4.95785E+16
142658,142659,9,1,63,0,2016,7,12,6,3,2,6,0,0,0,1,0,0,0,0,7.32675E+20,5.30476E+21,1.21105E+16,4.7854E+16
142659,142660,9,1,82,111,2016,7,11,7,3,0,1,0,0,1,0,0,0,0,0,7.03383E+20,5.29106E+21,1.1713E+16,4.77408E+16
142660,142661,9,3,71,123,2016,7,13,7,3,8,7,0,0,0,1,0,0,0,0,7.07933E+20,5.49139E+21,1.18742E+16,4.95394E+16
142661,142662,9,5,73,114,2016,7,6,5,3,5,3,0,0,0,1,0,0,0,0,6.35969E+20,5.4807E+21,1.08765E+16,4.94637E+16
142662,142663,9,7,73,117,2016,7,16,5,2,9,1,0,0,1,0,0,0,0,0,6.12477E+20,5.39758E+21,1.05293E+16,4.87211E+16
142663,142664,9,6,63,0,2016,7,15,6,3,3,5,0,0,1,1,0,0,0,0,5.66927E+20,5.51652E+21,9.92997E+15,4.97974E+16
142664,142665,9,7,80,120,2016,7,20,7,3,0,7,0,0,1,0,0,0,0,0,6.01592E+20,5.2841E+21,1.03541E+16,4.77023E+16
142665,142666,9,4,73,158,2016,7,18,6,3,0,1,0,0,1,0,0,0,0,0,6.25695E+20,5.57723E+21,1.07662E+16,5.03337E+16
142666,142667,9,1,76,112,2016,7,9,6,3,0,7,0,0,1,0,0,0,0,0,6.93791E+20,5.41971E+21,1.16443E+16,4.89E+16
142667,142668,9,5,77,161,2016,7,12,5,3,0,1,0,0,1,0,0,0,0,0,6.44076E+20,5.44507E+21,1.09755E+16,4.91416E+16