FID,OBJECTID,ULAND,UREGBEZ,UKREIS,UGEMEINDE,UJAHR,UMONAT,USTUNDE,UWOCHENTAG,UKATEGORIE,UART,UTYP1,ULICHTVERH,IstStrasse,IstRad,IstPKW,IstFuss,IstKrad,IstGkfz,IstSonstig,LINREFX,LINREFY,XGCSWGS84,YGCSWGS84
142668,142669,9,5,64,0,2016,7,17,7,3,4,2,0,0,0,1,0,0,0,0,6.50353E+20,5.47836E+21,1.1074E+16,4.94393E+16
142669,142670,9,1,61,0,2016,7,18,6,3,1,5,0,0,0,1,0,0,0,0,6.74578E+20,5.40546E+21,1.13763E+16,4.87776E+16
142670,142671,9,5,71,214,2016,7,11,5,2,0,1,0,0,1,0,0,0,0,0,6.16874E+20,5.43281E+21,1.05991E+16,4.90371E+16
142671,142672,9,1,86,132,2016,7,10,7,3,5,3,0,0,0,1,0,0,0,0,6.78357E+20,5.36733E+21,1.14114E+16,4.84338E+16
142672,142673,9,4,79,152,2016,7,12,5,3,5,3,0,0,0,1,0,0,0,0,7.23375E+20,5.56221E+21,1.21282E+16,5.017E+16
142673,142674,9,1,62,0,2016,7,17,6,3,4,2,0,0,0,1,0,1,0,0,6.93842E+20,5.33156E+21,1.16041E+16,4.81077E+16
142674,142675,9,5,64,0,2016,7,1,6,3,5,2,2,1,1,1,0,0,0,0,6.48919E+20,5.47967E+21,1.10547E+16,4.94514E+16
142675,142676,9,1,62,0,2016,7,17,5,2,5,3,0,0,1,1,0,0,0,0,6.94101E+20,5.33476E+21,1.1609E+16,4.81364E+16
142676,142677,9,4,61,0,2016,7,10,6,3,5,7,0,0,1,0,0,0,0,1,6.35853E+20,5.52851E+21,1.08915E+16,4.98936E+16
142677,142678,9,2,75,154,2016,7,13,6,3,6,1,0,0,0,1,1,0,0,0,8.08567E+20,5.39513E+21,1.31885E+16,4.8633E+16
142678,142679,9,1,74,115,2016,7,10,6,3,1,6,0,0,1,0,0,0,1,0,6.80921E+20,5.3477E+21,1.14376E+16,4.82567E+16
142679,142680,9,2,73,152,2016,7,8,5,3,0,7,0,0,0,0,0,1,0,0,7.04894E+20,5.41071E+21,1.17911E+16,4.88155E+16
142680,142681,9,4,64,0,2016,7,20,5,3,2,6,0,0,0,1,0,0,0,0,7.07489E+20,5.57735E+21,1.19143E+16,5.03117E+16
142681,142682,9,1,62,0,2016,7,18,6,2,6,4,0,0,1,0,1,0,0,0,6.87685E+20,5.32991E+21,1.15207E+16,4.80948E+16
142682,142683,9,7,72,151,2016,7,12,6,3,3,2,0,0,0,0,0,1,1,0,6.30657E+20,5.34355E+21,1.07595E+16,4.82317E+16
142683,142684,9,1,81,128,2016,7,14,7,3,5,3,0,0,1,1,0,0,0,0,6.38651E+20,5.32753E+21,1.08618E+16,4.8086E+16
142684,142685,9,1,62,0,2016,7,13,6,3,5,3,0,0,1,1,0,0,0,0,6.93609E+20,5.32921E+21,1.15999E+16,4.80867E+16
142685,142686,9,7,74,121,2016,7,15,6,3,5,3,0,0,0,1,0,0,0,0,6.04074E+20,5.36541E+21,1.0407E+16,4.84332E+16
142686,142687,9,5,71,145,2016,7,14,6,3,8,1,0,0,0,0,0,1,0,0,5.98902E+20,5.44561E+21,1.03564E+16,4.91553E+16
142687,142688,9,1,62,0,2016,7,15,5,3,2,6,0,0,0,1,0,1,0,0,6.90979E+20,5.33511E+21,1.15673E+16,4.81406E+16
142688,142689,9,3,72,116,2016,7,6,6,3,8,1,0,1,0,1,0,0,0,0,7.66981E+20,5.45908E+21,1.26671E+16,4.92262E+16
142689,142690,9,2,74,126,2016,7,2,6,3,5,2,2,0,1,1,0,0,0,0,7.33719E+20,5.38256E+21,1.21673E+16,4.85525E+16
142690,142691,9,1,73,123,2016,7,17,5,2,6,4,0,0,0,1,1,0,0,0,6.80391E+20,5.29978E+21,1.14102E+16,4.78261E+16
142691,142692,9,5,64,0,2016,7,13,7,3,0,7,0,0,1,1,0,0,0,0,6.45325E+20,5.47714E+21,1.10042E+16,4.94296E+16
142692,142693,9,4,64,0,2016,7,16,5,3,6,4,0,0,0,1,1,0,0,0,7.11052E+20,5.5783E+21,1.19648E+16,5.03189E+16
142693,142694,9,7,64,0,2016,7,13,5,3,2,6,0,0,0,1,0,0,0,0,5.87105E+20,5.31708E+21,1.01677E+16,4.80011E+16
142694,142695,9,1,84,120,2016,7,15,7,3,0,1,0,0,1,0,0,0,0,0,6.81053E+20,5.33219E+21,1.14327E+16,4.81172E+16
142695,142696,9,1,84,134,2016,7,20,6,2,6,4,0,0,0,1,1,0,0,0,6.93922E+20,5.32297E+21,1.16013E+16,4.80305E+16
142696,142697,9,6,62,0,2016,7,18,7,3,0,7,0,0,0,0,0,1,0,0,5.88232E+20,5.54515E+21,1.02325E+16,5.00521E+16
142697,142698,9,1,63,0,2016,7,14,6,3,3,2,0,0,0,1,0,1,0,1,7.31404E+20,5.30442E+21,1.20934E+16,4.78514E+16
142698,142699,9,7,72,200,2016,7,18,7,3,0,1,0,0,1,0,0,0,0,0,6.3087E+20,5.33746E+21,1.07605E+16,4.81769E+16
142699,142700,9,1,62,0,2016,7,10,5,1,3,2,0,0,0,1,0,0,0,1,6.85422E+20,5.33489E+21,1.14925E+16,4.81402E+16
142700,142701,9,1,83,119,2016,7,10,6,3,6,4,0,0,0,1,1,0,0,0,7.36381E+20,5.3392E+21,1.2179E+16,4.81621E+16
142701,142702,9,5,75,166,2016,7,11,7,3,5,3,0,0,1,1,0,0,0,0,6.16514E+20,5.4789E+21,1.06076E+16,4.94516E+16
142702,142703,9,4,64,0,2016,7,17,5,3,4,2,0,0,0,1,0,0,0,0,7.08003E+20,5.57456E+21,1.192E+16,5.02864E+16
142703,142704,9,1,62,0,2016,7,13,7,3,0,7,0,0,1,1,0,0,0,0,6.93019E+20,5.33084E+21,1.15927E+16,4.81016E+16
142704,142705,9,5,64,0,2016,7,20,7,3,0,7,1,0,0,1,1,0,0,0,6.52973E+20,5.47943E+21,1.11105E+16,4.94483E+16
142705,142706,9,1,87,168,2016,7,14,6,3,0,7,0,0,1,0,0,0,0,0,7.49874E+20,5.30782E+21,1.23418E+16,4.7875E+16
142706,142707,9,4,64,0,2016,7,18,5,3,1,6,0,0,0,1,0,1,0,0,7.07553E+20,5.57769E+21,1.19154E+16,5.03147E+16
142707,142708,9,1,87,122,2016,7,10,7,3,5,3,0,0,1,1,0,0,0,0,7.19201E+20,5.30665E+21,1.19316E+16,4.78757E+16
142708,142709,9,2,78,120,2016,7,19,7,3,0,7,0,0,1,0,0,0,0,0,7.6303E+20,5.43299E+21,1.2596E+16,4.89937E+16
142709,142710,9,4,77,128,2016,7,19,5,3,4,1,0,0,1,1,0,0,0,0,6.75933E+20,5.55243E+21,1.146E+16,5.0098E+16
142710,142711,9,7,61,0,2016,7,21,5,3,0,1,2,0,1,0,0,0,0,0,6.38294E+20,5.36071E+21,1.08679E+16,4.83844E+16
142711,142712,9,1,62,0,2016,7,8,6,2,0,7,0,0,1,0,0,0,0,0,6.87643E+20,5.33702E+21,1.15233E+16,4.81588E+16
142712,142713,9,6,72,114,2016,7,16,6,2,0,7,0,0,1,0,0,0,0,0,5.76166E+20,5.56238E+21,1.00674E+16,5.02087E+16
142713,142714,9,1,63,0,2016,7,20,7,3,0,1,0,0,0,0,0,1,0,0,7.33269E+20,5.30462E+21,1.21184E+16,4.78526E+16
142714,142715,9,3,73,147,2016,7,10,7,3,5,3,0,0,1,0,0,0,0,0,6.79287E+20,5.46124E+21,1.1465E+16,4.92776E+16
142715,142716,9,4,62,0,2016,7,9,5,3,5,7,0,0,1,1,0,0,0,0,6.84986E+20,5.53435E+21,1.15777E+16,4.99329E+16
142716,142717,9,7,61,0,2016,7,7,5,2,5,3,0,0,0,1,0,1,0,0,6.42863E+20,5.36092E+21,1.09296E+16,4.83853E+16
142717,142718,9,7,61,0,2016,7,19,6,3,4,6,0,0,0,1,0,1,0,0,6.40259E+20,5.35915E+21,1.08939E+16,4.83699E+16
142718,142719,9,7,75,135,2016,7,5,7,2,0,7,0,0,1,0,0,0,0,0,5.7487E+20,5.35849E+21,1.0011E+16,4.83751E+16
142719,142720,9,4,78,111,2016,7,11,6,3,0,1,0,0,0,1,0,1,0,0,6.59636E+20,5.55444E+21,1.12332E+16,5.01207E+16
142720,142721,9,1,85,149,2016,7,11,6,3,4,2,0,0,0,1,0,0,0,0,6.62597E+20,5.40061E+21,1.12115E+16,4.87372E+16
142721,142722,9,4,74,154,2016,7,18,5,3,5,3,0,0,1,1,0,0,0,0,6.53607E+20,5.49775E+21,1.11264E+16,4.96128E+16
142722,142723,9,1,85,149,2016,7,16,7,3,9,3,0,0,1,1,0,0,0,0,6.59403E+20,5.40011E+21,1.11679E+16,4.87336E+16
142723,142724,9,1,74,113,2016,7,15,7,3,8,1,0,0,0,0,0,1,0,0,6.74494E+20,5.34523E+21,1.135E+16,4.82362E+16
142724,142725,9,1,62,0,2016,7,19,6,3,2,6,0,0,1,0,0,0,0,0,6.92904E+20,5.33853E+21,1.15947E+16,4.81707E+16
142725,142726,9,5,64,0,2016,7,12,6,3,2,6,0,0,0,1,0,0,0,0,6.50921E+20,5.47934E+21,1.10822E+16,4.94479E+16
142726,142727,9,1,62,0,2016,7,18,5,3,0,2,0,0,1,1,0,0,0,0,6.90639E+20,5.33339E+21,1.15619E+16,4.81252E+16
142727,142728,9,3,77,129,2016,7,16,6,3,5,3,0,0,0,1,0,0,0,0,7.0751E+20,5.52791E+21,1.18878E+16,4.98676E+16
142728,142729,9,2,75,141,2016,7,23,6,3,0,1,2,0,1,0,0,0,0,0,8.18981E+20,5.3698E+21,1.33101E+16,4.84006E+16
142729,142730,9,1,77,133,2016,7,17,6,3,4,2,0,0,0,1,0,0,0,0,7.09959E+20,5.3594E+21,1.18342E+16,4.83529E+16
142730,142731,9,4,74,126,2016,7,11,6,3,5,3,0,0,0,1,0,0,0,0,6.48908E+20,5.51074E+21,1.10663E+16,4.97307E+16
142731,142732,9,1,88,118,2016,7,10,6,3,5,2,0,0,1,1,0,0,0,0,6.71179E+20,5.31299E+21,1.12925E+16,4.79474E+16
142732,142733,9,4,74,126,2016,7,9,5,3,5,3,0,0,1,1,0,0,0,0,6.48681E+20,5.50969E+21,1.10628E+16,4.97213E+16
142733,142734,9,1,84,112,2016,7,18,6,3,5,3,0,0,1,1,0,0,0,0,7.03038E+20,5.33914E+21,1.17311E+16,4.8173E+16
142734,142735,9,7,80,121,2016,7,14,6,2,0,1,0,0,1,0,0,0,0,0,5.95727E+20,5.25395E+21,1.02694E+16,4.7432E+16
142735,142736,9,4,75,113,2016,7,8,6,3,0,7,0,0,1,0,0,0,0,0,6.97236E+20,5.5863E+21,1.17751E+16,5.03956E+16
142736,142737,9,7,76,129,2016,7,15,7,3,0,6,0,0,1,1,0,0,0,0,5.68219E+20,5.26956E+21,9.90711E+15,4.75759E+16
142737,142738,9,1,62,0,2016,7,23,5,3,4,2,2,0,0,1,0,0,0,0,6.89051E+20,5.33557E+21,1.15416E+16,4.81452E+16
142738,142739,9,2,79,112,2016,7,16,6,3,0,1,0,0,1,0,0,0,0,0,7.56657E+20,5.39305E+21,1.24841E+16,4.86377E+16
142739,142740,9,1,89,159,2016,7,10,5,2,4,6,0,0,1,0,0,0,0,0,7.60399E+20,5.30437E+21,1.24803E+16,4.78399E+16
142740,142741,9,5,64,0,2016,7,21,7,3,6,7,2,0,1,0,1,0,0,0,6.5017E+20,5.48004E+21,1.10721E+16,4.94544E+16
142741,142742,9,3,62,0,2016,7,18,5,3,2,6,0,0,0,1,0,0,0,0,7.29458E+20,5.43149E+21,1.2137E+16,4.89936E+16
142742,142743,9,7,75,129,2016,7,7,5,3,5,3,0,0,1,1,0,0,0,0,5.81472E+20,5.34103E+21,1.00968E+16,4.82172E+16
142743,142744,9,1,62,0,2016,7,21,7,2,6,4,1,0,0,1,1,1,0,0,6.91021E+20,5.33513E+21,1.15678E+16,4.81407E+16
142744,142745,9,1,71,121,2016,7,14,5,3,5,3,0,0,1,1,0,0,0,0,7.74381E+20,5.3447E+21,1.26926E+16,4.81961E+16
142745,142746,9,3,62,0,2016,7,7,5,3,1,6,0,0,0,1,0,1,0,0,7.29771E+20,5.43668E+21,1.21442E+16,4.90402E+16
142746,142747,9,1,62,0,2016,7,15,6,3,3,6,0,0,0,1,0,1,0,0,6.85142E+20,5.3351E+21,1.14889E+16,4.81422E+16
142747,142748,9,7,72,163,2016,7,14,6,3,0,1,0,0,0,0,0,1,0,0,6.40177E+20,5.34837E+21,1.08892E+16,4.8273E+16
142748,142749,9,7,61,0,2016,7,18,7,3,3,7,0,0,0,1,0,0,0,1,6.41188E+20,5.3592E+21,1.09064E+16,4.83701E+16
142749,142750,9,1,62,0,2016,7,14,5,3,0,5,0,0,1,1,0,0,0,0,6.90588E+20,5.33865E+21,1.15636E+16,4.81725E+16
142750,142751,9,1,83,112,2016,7,14,6,3,3,6,0,0,1,0,0,1,0,0,7.52422E+20,5.35111E+21,1.24014E+16,4.82628E+16
142751,142752,9,1,71,112,2016,7,8,7,3,5,3,0,0,1,1,0,0,0,0,7.83739E+20,5.34195E+21,1.28164E+16,4.81673E+16
142752,142753,9,4,64,0,2016,7,0,7,3,5,3,2,0,0,1,0,1,0,0,7.08587E+20,5.578E+21,1.193E+16,5.03171E+16
142753,142754,9,3,73,147,2016,7,20,5,3,6,7,0,0,1,0,1,0,0,0,6.7904E+20,5.46268E+21,1.14623E+16,4.92906E+16
142754,142755,9,7,61,0,2016,7,18,5,3,3,2,0,0,0,1,0,0,0,1,6.39656E+20,5.35747E+21,1.08852E+16,4.83549E+16
142755,142756,9,1,62,0,2016,7,11,7,3,0,7,0,0,0,1,0,0,0,0,6.89552E+20,5.33317E+21,1.15472E+16,4.81236E+16
142756,142757,9,4,64,0,2016,7,10,6,3,5,3,0,1,0,0,0,1,0,1,7.074E+20,5.57645E+21,1.19126E+16,5.03037E+16
142757,142758,9,5,64,0,2016,7,13,7,3,3,6,0,0,1,1,0,0,0,0,6.44602E+20,5.478E+21,1.09946E+16,4.94375E+16
142758,142759,9,1,87,150,2016,7,22,6,3,5,3,2,0,1,1,0,0,0,0,7.26141E+20,5.30363E+21,1.20227E+16,4.78462E+16
142759,142760,9,1,84,119,2016,7,16,6,3,5,3,0,0,1,1,0,0,0,0,6.96854E+20,5.3465E+21,1.16514E+16,4.82411E+16
142760,142761,9,6,71,134,2016,7,13,7,3,8,7,0,0,0,1,0,0,0,0,5.01494E+20,5.54762E+21,9.02089E+15,5.00809E+16
142761,142762,9,1,62,0,2016,7,17,5,3,5,3,0,0,1,0,0,0,0,0,6.85166E+20,5.33201E+21,1.14879E+16,4.81144E+16
142762,142763,9,1,87,129,2016,7,19,7,2,9,1,0,0,1,0,0,0,0,0,7.26946E+20,5.29454E+21,1.20287E+16,4.77642E+16
142763,142764,9,3,71,151,2016,7,18,7,3,5,3,0,0,0,1,0,0,0,0,7.00002E+20,5.48615E+21,1.17621E+16,4.9495E+16
142764,142765,9,3,73,119,2016,7,20,5,3,4,6,1,0,0,1,0,1,0,0,6.8679E+20,5.45563E+21,1.15655E+16,4.92249E+16
142765,142766,9,7,61,0,2016,7,6,5,3,0,1,0,0,0,0,0,1,0,0,6.40164E+20,5.35292E+21,1.08905E+16,4.83139E+16
142766,142767,9,6,79,209,2016,7,18,6,3,5,3,0,0,0,1,0,0,0,0,5.62557E+20,5.5183E+21,9.86953E+15,4.98139E+16
142767,142768,9,7,64,0,2016,7,11,7,3,6,3,0,0,0,1,1,0,0,0,5.88388E+20,5.31535E+21,1.01846E+16,4.79853E+16
142768,142769,9,4,63,0,2016,7,13,6,3,0,1,0,0,0,0,0,1,0,0,6.40399E+20,5.57071E+21,1.09702E+16,5.02718E+16
142769,142770,9,1,61,0,2016,7,19,6,3,2,6,0,0,0,1,0,0,0,0,6.77355E+20,5.40347E+21,1.14133E+16,4.8759E+16
142770,142771,9,3,72,137,2016,7,16,5,3,6,4,0,0,0,1,1,0,0,0,7.81614E+20,5.45408E+21,1.28642E+16,4.91748E+16
142771,142772,9,1,79,142,2016,7,16,7,3,5,3,0,0,0,1,0,0,0,0,6.7324E+20,5.34153E+21,1.13316E+16,4.82033E+16
142772,142773,9,1,62,0,2016,7,22,6,3,7,7,2,0,1,0,0,0,0,1,6.90835E+20,5.33929E+21,1.15672E+16,4.81782E+16
142773,142774,9,3,76,175,2016,7,14,5,3,2,6,0,0,0,1,0,0,0,0,7.31946E+20,5.46755E+21,1.21917E+16,4.93166E+16
142774,142775,9,1,61,0,2016,7,5,7,2,5,3,0,0,1,1,0,0,0,0,6.77829E+20,5.40526E+21,1.14205E+16,4.8775E+16
142775,142776,9,1,80,123,2016,7,19,7,3,0,1,0,0,0,1,1,0,0,0,6.71169E+20,5.25719E+21,1.12705E+16,4.74457E+16
142776,142777,9,3,76,170,2016,7,13,5,3,8,6,0,0,0,1,0,0,0,0,7.23957E+20,5.45924E+21,1.20773E+16,4.92449E+16
142777,142778,9,1,62,0,2016,7,17,6,3,5,3,0,0,1,1,0,0,0,0,6.97225E+20,5.3316E+21,1.16495E+16,4.81071E+16
142778,142779,9,5,64,0,2016,7,12,6,3,4,2,0,0,1,1,0,0,0,0,6.50168E+20,5.47924E+21,1.10718E+16,4.94472E+16
142779,142780,9,4,61,0,2016,7,12,6,3,5,3,0,0,0,1,0,0,0,0,6.37057E+20,5.5308E+21,1.09091E+16,4.99138E+16
142780,142781,9,2,76,144,2016,7,12,6,3,0,1,0,0,1,0,0,0,0,0,7.8256E+20,5.44359E+21,1.28698E+16,4.90802E+16
142781,142782,9,1,79,121,2016,7,18,6,2,0,7,0,0,0,1,0,0,1,0,6.66121E+20,5.3375E+21,1.12343E+16,4.8169E+16
142782,142783,9,3,61,0,2016,7,22,5,3,5,3,2,0,1,1,0,0,0,0,7.06473E+20,5.48013E+21,1.18482E+16,4.94387E+16
142783,142784,9,1,62,0,2016,7,8,6,3,1,3,0,0,1,1,0,0,0,0,6.89044E+20,5.34016E+21,1.15435E+16,4.81865E+16
142784,142785,9,7,77,163,2016,7,15,6,2,0,1,0,0,1,0,0,0,0,0,6.29995E+20,5.278E+21,1.07308E+16,4.76423E+16
142785,142786,9,7,73,182,2016,7,20,7,3,0,1,0,0,1,0,0,0,0,0,6.23182E+20,5.37911E+21,1.06693E+16,4.8553E+16
142786,142787,9,1,62,0,2016,7,15,5,3,2,7,0,0,1,1,0,0,0,0,6.86729E+20,5.33022E+21,1.15081E+16,4.80978E+16
142787,142788,9,7,74,143,2016,7,20,6,3,5,3,0,0,0,1,0,0,0,0,5.97405E+20,5.35828E+21,1.03152E+16,4.83702E+16
142788,142789,9,5,75,153,2016,7,9,6,3,5,3,0,0,1,1,0,0,0,0,6.16732E+20,5.4936E+21,1.06149E+16,4.95837E+16
142789,142790,9,1,84,130,2016,7,15,5,3,0,7,0,0,1,0,0,0,0,0,6.98377E+20,5.34545E+21,1.16714E+16,4.82312E+16
142790,142791,9,3,62,0,2016,7,16,6,3,0,1,0,0,1,0,0,0,0,0,7.2368E+20,5.43336E+21,1.20591E+16,4.90125E+16
142791,142792,9,2,74,113,2016,7,9,6,2,3,7,0,0,1,1,0,0,0,0,7.28835E+20,5.38232E+21,1.21011E+16,4.85522E+16
142792,142793,9,1,71,114,2016,7,10,5,2,0,1,0,0,1,0,0,0,0,0,7.79767E+20,5.34533E+21,1.27653E+16,4.81995E+16
142793,142794,9,3,61,0,2016,7,11,5,3,0,5,0,0,1,1,0,0,0,0,7.0784E+20,5.48088E+21,1.18674E+16,4.9445E+16
142794,142795,9,7,75,135,2016,7,7,5,3,2,6,0,0,0,1,0,0,0,0,5.76718E+20,5.36025E+21,1.00363E+16,4.83908E+16
142795,142796,9,1,62,0,2016,7,23,6,3,6,4,2,0,0,0,1,0,0,1,6.91749E+20,5.33366E+21,1.1577E+16,4.81273E+16
142796,142797,9,7,61,0,2016,7,0,6,3,0,1,2,0,1,0,0,0,0,0,6.40913E+20,5.35757E+21,1.09022E+16,4.83556E+16
142797,142798,9,6,63,0,2016,7,15,7,2,6,1,0,0,0,1,1,0,0,0,5.67186E+20,5.51732E+21,9.9337E+15,4.98046E+16
142798,142799,9,1,62,0,2016,7,23,5,3,0,7,2,0,1,0,0,0,0,0,6.9685E+20,5.33397E+21,1.16456E+16,4.81285E+16
142799,142800,9,1,63,0,2016,7,13,6,3,5,3,0,0,0,1,0,1,0,0,7.32678E+20,5.30497E+21,1.21107E+16,4.78559E+16
142800,142801,9,1,63,0,2016,7,12,7,3,0,1,0,0,0,1,0,0,0,0,7.31434E+20,5.30375E+21,1.20934E+16,4.78454E+16
142801,142802,9,4,74,137,2016,7,14,7,2,0,6,0,0,0,1,0,0,0,0,6.53088E+20,5.50021E+21,1.11202E+16,4.9635E+16
142802,142803,9,2,78,123,2016,7,5,5,3,0,1,0,1,1,0,0,0,0,0,7.48861E+20,5.41365E+21,1.23909E+16,4.88259E+16
142803,142804,9,6,77,148,2016,7,13,5,3,0,7,0,0,0,0,1,0,0,1,5.55748E+20,5.53378E+21,9.77713E+15,4.99538E+16
142804,142805,9,1,90,157,2016,7,13,6,3,2,6,0,0,1,1,0,0,0,0,6.59929E+20,5.29989E+21,1.11371E+16,4.78324E+16
142805,142806,9,5,71,166,2016,7,14,7,3,9,1,0,0,0,0,0,1,0,0,6.05977E+20,5.45837E+21,1.04568E+16,4.92689E+16
142806,142807,9,2,71,119,2016,7,19,5,3,0,6,0,0,1,1,0,0,0,0,7.86186E+20,5.41356E+21,1.28982E+16,4.8809E+16
142807,142808,9,7,80,133,2016,7,16,5,3,1,6,0,0,0,1,0,0,0,1,5.9645E+20,5.25212E+21,1.02786E+16,4.74154E+16
142808,142809,9,1,62,0,2016,7,11,7,3,4,2,0,0,0,1,0,0,0,0,6.82475E+20,5.33554E+21,1.14532E+16,4.81469E+16
142809,142810,9,5,76,121,2016,7,13,7,3,0,2,0,0,1,0,0,0,0,0,6.47144E+20,5.45099E+21,1.10197E+16,4.91941E+16
142810,142811,9,1,63,0,2016,7,7,6,3,0,1,0,1,0,0,0,1,0,0,7.33173E+20,5.30456E+21,1.21171E+16,4.7852E+16
142811,142812,9,1,87,150,2016,7,17,7,3,5,3,0,0,1,0,0,0,0,1,7.28592E+20,5.30449E+21,1.20559E+16,4.7853E+16
142812,142813,9,2,76,148,2016,7,19,7,3,5,3,0,0,1,0,0,1,0,0,8.07112E+20,5.44041E+21,1.32027E+16,4.904E+16
142813,142814,9,2,77,112,2016,7,15,5,3,0,7,0,0,1,0,0,0,0,0,8.06056E+20,5.37047E+21,1.31364E+16,4.8413E+16
142814,142815,9,6,73,114,2016,7,14,5,3,0,1,0,0,1,0,0,0,0,0,5.86147E+20,5.57609E+21,1.02104E+16,5.03306E+16
142815,142816,9,6,63,0,2016,7,15,6,3,5,3,0,0,0,1,0,0,0,1,5.69672E+20,5.50906E+21,9.96677E+15,4.973E+16
142816,142817,9,7,63,0,2016,7,12,7,3,0,7,0,0,1,0,0,0,0,0,5.98454E+20,5.28685E+21,1.03129E+16,4.77275E+16
142817,142818,9,4,72,139,2016,7,14,6,2,5,3,0,0,0,1,0,1,0,0,6.9548E+20,5.55155E+21,1.17326E+16,5.0084E+16
142818,142819,9,7,61,0,2016,7,14,6,3,5,3,0,0,1,1,0,0,0,0,6.40244E+20,5.35862E+21,1.08935E+16,4.83652E+16
142819,142820,9,1,62,0,2016,7,23,7,3,3,6,2,0,1,1,0,0,0,0,6.91109E+20,5.33586E+21,1.15693E+16,4.81472E+16
142820,142821,9,4,76,180,2016,7,20,6,3,0,7,1,0,1,0,0,0,0,0,6.69104E+20,5.58505E+21,1.13792E+16,5.03932E+16
142821,142822,9,1,61,0,2016,7,10,6,3,8,6,0,0,0,1,0,0,0,0,6.75283E+20,5.39926E+21,1.13833E+16,4.87217E+16
142822,142823,9,1,85,149,2016,7,13,7,2,5,7,0,0,1,1,0,0,0,0,6.60214E+20,5.39919E+21,1.11785E+16,4.87251E+16
142823,142824,9,1,74,118,2016,7,17,7,2,4,6,0,0,0,1,0,1,0,0,6.68181E+20,5.35607E+21,1.12694E+16,4.83354E+16
142824,142825,9,1,62,0,2016,7,17,6,3,5,3,0,0,1,1,0,0,0,0,6.94449E+20,5.33346E+21,1.16131E+16,4.81246E+16
142825,142826,9,5,64,0,2016,7,22,6,3,5,3,2,0,0,1,0,1,0,0,6.51201E+20,5.47943E+21,1.10861E+16,4.94487E+16
142826,142827,9,1,62,0,2016,7,18,5,3,0,1,0,0,1,0,0,0,0,0,6.94748E+20,5.33716E+21,1.16188E+16,4.81579E+16
142827,142828,9,3,63,0,2016,7,20,6,3,3,6,1,0,1,0,0,0,0,1,7.27639E+20,5.50834E+21,1.2156E+16,4.96845E+16
142828,142829,9,2,77,148,2016,7,16,6,3,1,7,0,0,1,1,0,0,0,0,7.88524E+20,5.35865E+21,1.28919E+16,4.83151E+16
142829,142830,9,1,74,126,2016,7,21,6,3,0,6,2,0,1,0,0,0,0,0,6.83096E+20,5.34362E+21,1.14651E+16,4.82194E+16
142830,142831,9,1,63,0,2016,7,16,5,3,4,7,0,0,0,1,0,1,0,0,7.34118E+20,5.30555E+21,1.21302E+16,4.78606E+16
142831,142832,9,1,62,0,2016,8,16,4,3,0,1,0,0,1,0,0,0,0,0,6.89598E+20,5.33003E+21,1.15465E+16,4.80953E+16
142832,142833,9,2,75,116,2016,8,18,2,3,5,7,0,0,1,1,0,0,0,0,8.19924E+20,5.36425E+21,1.33186E+16,4.83503E+16
142833,142834,9,1,88,113,2016,8,12,4,3,0,1,0,0,1,0,0,0,0,0,6.76059E+20,5.31727E+21,1.13595E+16,4.79845E+16
142834,142835,9,1,62,0,2016,8,19,3,3,3,2,0,0,0,1,0,0,0,1,6.9904E+20,5.33321E+21,1.16746E+16,4.8121E+16
142835,142836,9,6,72,149,2016,8,17,3,3,9,1,0,1,0,1,0,0,0,0,5.60974E+20,5.57027E+21,9.8558E+15,5.02814E+16
142836,142837,9,2,63,0,2016,8,16,3,2,0,1,0,1,0,0,0,1,0,0,7.61413E+20,5.42025E+21,1.25658E+16,4.888E+16
142837,142838,9,1,62,0,2016,8,10,4,3,0,6,0,0,1,0,0,0,0,0,6.89609E+20,5.33489E+21,1.15488E+16,4.8139E+16
142838,142839,9,5,75,128,2016,7,12,1,2,0,1,0,0,1,0,0,0,0,0,6.17324E+20,5.49665E+21,1.0624E+16,4.9611E+16
142839,142840,9,1,62,0,2016,8,20,2,2,2,6,1,0,1,0,1,0,0,0,6.93887E+20,5.33133E+21,1.16046E+16,4.81057E+16
142840,142841,9,7,72,163,2016,8,8,2,3,5,2,0,0,1,0,0,0,1,0,6.40782E+20,5.35059E+21,1.08981E+16,4.82929E+16
142841,142842,9,5,64,0,2016,8,9,4,3,5,3,0,0,1,0,0,0,0,1,6.48033E+20,5.47848E+21,1.10421E+16,4.94409E+16
142842,142843,9,2,61,0,2016,8,15,2,3,4,2,0,0,1,1,0,0,0,0,7.31385E+20,5.38315E+21,1.21361E+16,4.85587E+16
142843,142844,9,5,71,132,2016,8,19,2,3,8,1,0,0,0,1,0,0,0,0,6.04291E+20,5.44659E+21,1.04306E+16,4.91632E+16
142844,142845,9,6,63,0,2016,8,18,2,3,5,3,0,0,1,1,0,0,0,0,5.63E+20,5.51313E+21,9.87486E+15,4.97674E+16
142845,142846,9,1,62,0,2016,8,8,3,3,6,7,0,0,1,0,1,0,0,0,6.95502E+20,5.33635E+21,1.16286E+16,4.81503E+16