FID,OBJECTID,ULAND,UREGBEZ,UKREIS,UGEMEINDE,UJAHR,UMONAT,USTUNDE,UWOCHENTAG,UKATEGORIE,UART,UTYP1,ULICHTVERH,IstStrasse,IstRad,IstPKW,IstFuss,IstKrad,IstGkfz,IstSonstig,LINREFX,LINREFY,XGCSWGS84,YGCSWGS84
142846,142847,9,7,72,163,2016,8,13,4,3,0,1,0,0,1,1,0,0,0,0,6.4009E+20,5.34796E+21,1.08879E+16,4.82694E+16
142847,142848,9,1,86,122,2016,8,12,5,3,4,6,0,0,0,1,0,0,0,0,6.93281E+20,5.40255E+21,1.16293E+16,4.8746E+16
142848,142849,9,1,84,139,2016,8,17,3,3,5,3,0,0,0,1,0,0,0,0,6.87618E+20,5.32617E+21,1.15182E+16,4.80612E+16
142849,142850,9,5,72,121,2016,8,14,3,3,1,5,0,1,0,1,0,0,0,0,6.60336E+20,5.49366E+21,1.12178E+16,4.95743E+16
142850,142851,9,7,78,116,2016,8,9,4,3,0,1,0,0,1,0,0,0,0,0,6.20406E+20,5.31801E+21,1.06143E+16,4.80041E+16
142851,142852,9,4,72,116,2016,7,18,1,3,1,1,0,0,1,1,0,0,0,0,6.89977E+20,5.54613E+21,1.1653E+16,5.00371E+16
142852,142853,9,7,78,116,2016,8,17,2,3,0,1,0,0,1,0,0,0,0,0,6.19026E+20,5.31823E+21,1.05958E+16,4.80063E+16
142853,142854,9,5,71,226,2016,8,8,4,3,5,3,0,0,0,1,0,0,0,0,6.37236E+20,5.46108E+21,1.08872E+16,4.9287E+16
142854,142855,9,1,73,115,2016,8,19,2,3,4,7,0,0,1,0,0,0,0,0,6.80981E+20,5.28805E+21,1.14132E+16,4.77204E+16
142855,142856,9,5,71,196,2016,8,11,2,2,5,3,0,0,0,1,0,1,0,0,6.18979E+20,5.46005E+21,1.06359E+16,4.92816E+16
142856,142857,9,6,72,140,2016,8,7,2,3,1,7,0,0,0,1,0,0,0,0,5.80873E+20,5.55552E+21,1.01319E+16,5.01463E+16
142857,142858,9,1,89,145,2016,8,14,3,2,0,7,0,0,1,0,0,0,0,0,7.77401E+20,5.30321E+21,1.27063E+16,4.78224E+16
142858,142859,9,1,71,117,2016,8,6,5,3,3,6,0,0,1,1,0,0,0,0,7.66972E+20,5.33953E+21,1.25898E+16,4.81529E+16
142859,142860,9,6,76,169,2016,8,19,4,3,0,7,0,0,1,0,1,0,0,0,5.11216E+20,5.51447E+21,9.15581E+15,4.97826E+16
142860,142861,9,1,75,135,2016,8,19,5,3,4,6,0,0,0,1,0,1,0,0,7.06403E+20,5.33907E+21,1.17763E+16,4.81713E+16
142861,142862,9,1,89,155,2016,8,9,2,3,6,3,0,0,0,1,1,0,0,0,7.72178E+20,5.30819E+21,1.26398E+16,4.78693E+16
142862,142863,9,1,89,140,2016,8,18,4,2,9,1,0,0,1,0,0,0,0,0,7.71145E+20,5.29593E+21,1.26183E+16,4.77597E+16
142863,142864,9,7,61,0,2016,8,10,2,2,0,7,0,0,1,0,0,0,0,0,6.38742E+20,5.36099E+21,1.0874E+16,4.83868E+16
142864,142865,9,2,74,126,2016,8,21,4,3,0,7,2,0,1,0,0,0,0,0,7.35484E+20,5.38562E+21,1.21929E+16,4.85794E+16
142865,142866,9,7,71,130,2016,8,6,2,3,5,6,0,0,1,1,0,0,0,0,6.47467E+20,5.35717E+21,1.09905E+16,4.83505E+16
142866,142867,9,3,74,124,2016,8,16,4,3,1,3,0,0,0,1,0,0,0,0,7.09399E+20,5.51138E+21,1.19051E+16,4.97185E+16
142867,142868,9,1,83,112,2016,8,9,2,3,4,2,0,0,0,1,0,0,1,0,7.5448E+20,5.34958E+21,1.24282E+16,4.82483E+16
142868,142869,9,4,79,136,2016,8,20,2,3,1,7,0,0,1,1,0,0,0,0,7.21053E+20,5.54316E+21,1.20847E+16,4.99998E+16
142869,142870,9,5,75,153,2016,8,16,3,3,2,6,0,1,0,1,0,0,0,0,6.16793E+20,5.49362E+21,1.06158E+16,4.95838E+16
142870,142871,9,6,72,113,2016,8,11,2,2,0,1,0,0,0,0,0,1,0,0,5.56702E+20,5.57345E+21,9.79633E+15,5.03104E+16
142871,142872,9,1,61,0,2016,8,6,3,3,2,6,0,0,0,1,0,0,0,0,6.76498E+20,5.40571E+21,1.14026E+16,4.87793E+16
142872,142873,9,1,85,158,2016,8,12,5,3,5,3,0,0,0,1,0,0,0,1,6.66179E+20,5.38057E+21,1.12521E+16,4.85562E+16
142873,142874,9,1,62,0,2016,8,11,4,3,3,6,0,0,0,1,0,1,0,0,6.88949E+20,5.33336E+21,1.15392E+16,4.81254E+16
142874,142875,9,1,61,0,2016,8,13,2,3,0,3,0,0,1,1,0,0,0,0,6.761E+20,5.40489E+21,1.13968E+16,4.87721E+16
142875,142876,9,1,61,0,2016,8,19,4,3,0,7,0,0,1,1,0,0,0,0,6.78187E+20,5.40395E+21,1.14248E+16,4.8763E+16
142876,142877,9,1,78,124,2016,8,20,4,3,0,1,1,0,1,0,0,0,0,0,7.04026E+20,5.36393E+21,1.17564E+16,4.83955E+16
142877,142878,9,7,61,0,2016,8,10,3,3,0,7,0,0,1,0,0,0,0,0,6.40927E+20,5.35828E+21,1.09026E+16,4.8362E+16
142878,142879,9,3,62,0,2016,8,10,3,3,1,7,0,0,0,1,0,1,0,0,7.27951E+20,5.43517E+21,1.21185E+16,4.90273E+16
142879,142880,9,3,76,161,2016,8,10,4,3,1,7,0,0,0,1,1,0,0,0,7.24918E+20,5.4667E+21,1.20946E+16,4.93115E+16
142880,142881,9,1,79,134,2016,8,9,2,3,4,6,0,0,0,1,0,0,0,1,6.6706E+20,5.34238E+21,1.12489E+16,4.82127E+16
142881,142882,9,7,80,124,2016,8,14,3,3,1,7,0,0,0,1,0,0,0,0,5.89323E+20,5.26876E+21,1.01875E+16,4.75661E+16
142882,142883,9,4,72,167,2016,8,14,3,2,4,6,0,1,0,1,0,1,0,0,6.71144E+20,5.53247E+21,1.13842E+16,4.99201E+16
142883,142884,9,1,78,145,2016,8,15,3,3,1,5,0,0,0,1,0,0,1,0,6.99402E+20,5.35481E+21,1.16896E+16,4.83151E+16
142884,142885,9,1,62,0,2016,8,18,4,3,5,2,0,0,1,1,0,0,0,0,6.89647E+20,5.3325E+21,1.15482E+16,4.81175E+16
142885,142886,9,1,79,142,2016,8,12,2,2,2,6,0,0,0,1,0,0,0,0,6.70974E+20,5.34093E+21,1.13009E+16,4.81986E+16
142886,142887,9,1,62,0,2016,8,9,3,3,5,3,0,0,0,1,0,0,0,1,6.98108E+20,5.33127E+21,1.16612E+16,4.81039E+16
142887,142888,9,6,61,0,2016,8,7,3,3,5,3,0,1,0,1,0,0,0,0,5.08179E+20,5.53563E+21,9.11407E+15,4.99729E+16
142888,142889,9,1,83,148,2016,8,16,3,3,5,3,0,0,1,0,0,0,0,0,7.52277E+20,5.34519E+21,1.23959E+16,4.82098E+16
142889,142890,9,1,62,0,2016,8,17,4,2,2,3,0,0,1,0,0,0,0,0,6.92866E+20,5.33658E+21,1.15933E+16,4.81532E+16
142890,142891,9,3,62,0,2016,7,18,1,3,5,3,0,1,0,1,0,0,0,0,7.23707E+20,5.43316E+21,1.20594E+16,4.90107E+16
142891,142892,9,1,62,0,2016,8,17,2,3,3,2,0,0,1,1,0,0,0,0,6.96696E+20,5.33777E+21,1.16453E+16,4.81627E+16
142892,142893,9,7,61,0,2016,8,15,2,3,5,2,0,0,1,1,0,0,0,0,6.393E+20,5.36166E+21,1.08818E+16,4.83927E+16
142893,142894,9,3,62,0,2016,7,13,1,3,8,7,0,1,1,0,0,0,0,0,7.27942E+20,5.43521E+21,1.21183E+16,4.90276E+16
142894,142895,9,1,62,0,2016,8,9,2,3,0,7,0,0,1,0,0,0,0,0,6.98542E+20,5.33388E+21,1.16683E+16,4.81271E+16
142895,142896,9,1,84,121,2016,8,18,2,3,5,3,0,0,1,1,0,0,0,0,7.03122E+20,5.33067E+21,1.17282E+16,4.80969E+16
142896,142897,9,7,61,0,2016,8,17,2,3,5,2,0,0,1,1,0,0,0,0,6.39076E+20,5.36306E+21,1.08792E+16,4.84053E+16
142897,142898,9,1,88,124,2016,8,19,2,2,2,6,0,0,1,0,0,0,0,0,6.60193E+20,5.32175E+21,1.11487E+16,4.80289E+16
142898,142899,9,4,72,175,2016,8,3,2,3,6,7,2,0,0,1,1,0,0,0,6.77878E+20,5.51119E+21,1.14682E+16,4.97269E+16
142899,142900,9,1,62,0,2016,8,14,3,3,5,3,0,0,0,1,0,1,0,0,6.89155E+20,5.33615E+21,1.15432E+16,4.81505E+16
142900,142901,9,5,63,0,2016,8,8,3,3,2,6,0,0,0,1,0,0,0,0,6.45476E+20,5.48299E+21,1.10085E+16,4.94821E+16
142901,142902,9,7,72,184,2016,8,11,4,3,5,3,0,0,0,1,0,0,0,0,6.34938E+20,5.36167E+21,1.08229E+16,4.83937E+16
142902,142903,9,3,73,140,2016,7,10,1,3,5,3,0,0,0,1,0,0,0,0,6.86403E+20,5.47649E+21,1.15699E+16,4.94125E+16
142903,142904,9,7,80,122,2016,8,19,2,2,3,6,0,0,1,0,0,0,0,0,6.00976E+20,5.29269E+21,1.03479E+16,4.77796E+16
142904,142905,9,2,75,116,2016,8,12,4,3,0,4,0,0,0,1,1,0,0,0,8.1935E+20,5.36441E+21,1.3311E+16,4.8352E+16
142905,142906,9,7,72,163,2016,8,19,2,3,0,7,0,0,1,0,1,0,0,0,6.40047E+20,5.34783E+21,1.08873E+16,4.82682E+16
142906,142907,9,4,73,121,2016,8,12,4,3,9,1,0,1,0,1,0,0,0,0,6.45967E+20,5.56809E+21,1.10473E+16,5.02469E+16
142907,142908,9,1,79,145,2016,8,15,2,3,1,7,0,0,1,0,0,0,0,1,6.74817E+20,5.33789E+21,1.13513E+16,4.81702E+16
142908,142909,9,4,77,143,2016,8,14,2,3,9,1,0,0,0,0,0,0,0,1,6.81961E+20,5.55365E+21,1.15448E+16,5.01072E+16
142909,142910,9,5,62,0,2016,8,17,2,3,0,7,0,0,1,1,0,0,0,0,6.45159E+20,5.49429E+21,1.10082E+16,4.95838E+16
142910,142911,9,1,87,162,2016,8,11,3,2,0,7,0,0,1,0,0,0,0,0,7.49276E+20,5.30522E+21,1.23324E+16,4.78519E+16
142911,142912,9,1,87,157,2016,8,15,5,3,0,5,0,0,1,1,0,0,0,0,7.38403E+20,5.28262E+21,1.21749E+16,4.7653E+16
142912,142913,9,5,64,0,2016,8,14,4,2,3,7,0,0,1,1,0,0,0,0,6.47816E+20,5.47789E+21,1.10388E+16,4.94357E+16
142913,142914,9,1,75,135,2016,8,12,2,3,5,3,0,0,1,1,0,0,0,0,7.07978E+20,5.33985E+21,1.17978E+16,4.81778E+16
142914,142915,9,4,77,128,2016,8,6,2,2,5,3,0,0,0,1,0,1,0,0,6.75045E+20,5.55169E+21,1.14473E+16,5.00916E+16
142915,142916,9,5,62,0,2016,8,18,2,3,5,3,0,0,1,1,0,0,0,0,6.45791E+20,5.49495E+21,1.10172E+16,4.95895E+16
142916,142917,9,7,64,0,2016,8,19,3,3,0,1,0,1,1,0,0,0,0,0,5.87961E+20,5.31752E+21,1.01793E+16,4.80049E+16
142917,142918,9,6,75,165,2016,8,6,4,3,9,1,0,1,0,1,0,0,0,0,5.88231E+20,5.51754E+21,1.02262E+16,4.98038E+16
142918,142919,9,1,79,123,2016,8,21,5,3,9,7,2,0,0,1,0,0,0,0,6.73765E+20,5.33318E+21,1.13353E+16,4.81282E+16
142919,142920,9,1,90,139,2016,8,16,4,2,5,6,0,0,1,1,0,0,0,0,6.54341E+20,5.29506E+21,1.10608E+16,4.77904E+16
142920,142921,9,3,62,0,2016,8,9,4,3,0,7,0,0,1,0,0,0,0,0,7.24289E+20,5.4339E+21,1.20677E+16,4.90172E+16
142921,142922,9,1,77,117,2016,8,10,2,3,5,3,0,0,1,1,0,0,0,0,7.14482E+20,5.35355E+21,1.18921E+16,4.82987E+16
142922,142923,9,4,62,0,2016,8,17,2,3,0,1,0,0,1,0,0,0,0,0,6.8689E+20,5.53693E+21,1.16055E+16,4.99555E+16
142923,142924,9,4,78,165,2016,8,19,3,2,0,1,0,1,1,0,0,0,0,0,6.40691E+20,5.55731E+21,1.09694E+16,5.01513E+16
142924,142925,9,5,62,0,2016,8,11,2,3,1,5,0,0,1,1,0,0,0,0,6.45133E+20,5.49537E+21,1.10083E+16,4.95935E+16
142925,142926,9,1,79,123,2016,8,9,3,3,0,7,0,0,1,0,0,0,0,0,6.76322E+20,5.33364E+21,1.13698E+16,4.81316E+16
142926,142927,9,1,62,0,2016,8,18,4,3,0,4,0,0,1,0,1,0,0,0,6.8617E+20,5.33225E+21,1.15014E+16,4.81163E+16
142927,142928,9,1,62,0,2016,7,15,1,3,4,6,0,1,0,1,0,0,0,0,6.86099E+20,5.32839E+21,1.14988E+16,4.80816E+16
142928,142929,9,6,76,139,2016,8,17,4,2,0,1,0,0,1,0,0,0,0,0,5.19281E+20,5.50569E+21,9.2674E+15,4.97034E+16
142929,142930,9,1,62,0,2016,8,12,4,3,7,7,0,0,1,0,0,0,0,1,6.81585E+20,5.33957E+21,1.1443E+16,4.81834E+16
142930,142931,9,1,62,0,2016,7,19,1,3,5,7,0,0,0,1,0,0,0,0,6.90925E+20,5.33439E+21,1.15662E+16,4.81341E+16
142931,142932,9,1,87,157,2016,8,12,4,2,0,1,0,0,1,0,0,0,0,0,7.38628E+20,5.28224E+21,1.21777E+16,4.76496E+16
142932,142933,9,1,62,0,2016,7,10,1,3,5,5,0,0,0,1,0,1,0,0,6.8728E+20,5.34007E+21,1.15198E+16,4.81862E+16
142933,142934,9,7,61,0,2016,8,7,3,1,7,7,0,0,0,0,0,1,0,0,6.37505E+20,5.35946E+21,1.08568E+16,4.83733E+16
142934,142935,9,4,61,0,2016,8,15,3,3,0,7,0,1,0,0,0,1,0,0,6.36239E+20,5.53088E+21,1.08977E+16,4.99148E+16
142935,142936,9,2,61,0,2016,7,11,1,3,4,2,0,1,0,1,0,0,0,0,7.31698E+20,5.38189E+21,1.21396E+16,4.85473E+16
142936,142937,9,1,62,0,2016,8,20,2,3,5,3,0,0,0,1,0,1,0,0,6.88922E+20,5.34331E+21,1.15433E+16,4.82148E+16
142937,142938,9,1,62,0,2016,8,15,2,3,0,7,0,0,0,1,0,0,0,0,6.91615E+20,5.33002E+21,1.15735E+16,4.80946E+16
142938,142939,9,7,61,0,2016,8,10,2,3,1,6,0,0,0,1,0,0,0,1,6.39283E+20,5.36132E+21,1.08814E+16,4.83897E+16
142939,142940,9,1,62,0,2016,7,20,1,3,5,2,0,0,1,1,0,0,0,0,6.88661E+20,5.33566E+21,1.15364E+16,4.81462E+16
142940,142941,9,1,62,0,2016,8,17,3,3,6,4,0,0,1,0,1,0,0,0,6.93496E+20,5.33612E+21,1.16015E+16,4.81489E+16
142941,142942,9,5,62,0,2016,8,19,3,3,5,3,0,1,0,1,0,0,0,0,6.45064E+20,5.49622E+21,1.10076E+16,4.96011E+16
142942,142943,9,1,61,0,2016,8,9,4,3,0,1,0,0,0,0,0,1,0,0,6.79767E+20,5.40481E+21,1.14466E+16,4.87703E+16
142943,142944,9,1,62,0,2016,8,17,3,3,4,2,0,0,0,1,0,1,0,0,6.93621E+20,5.34187E+21,1.16058E+16,4.82005E+16
142944,142945,9,6,72,114,2016,8,8,3,3,0,1,0,1,0,0,0,1,0,0,5.76968E+20,5.56125E+21,1.00784E+16,5.01984E+16
142945,142946,9,3,73,147,2016,8,23,3,3,5,3,2,1,0,1,0,0,0,0,6.79149E+20,5.46179E+21,1.14634E+16,4.92825E+16
142946,142947,9,1,73,137,2016,7,0,1,3,8,1,2,0,0,0,0,1,0,0,6.76441E+20,5.30486E+21,1.13596E+16,4.78729E+16
142947,142948,9,1,62,0,2016,8,14,2,3,2,6,0,0,1,1,0,0,0,0,6.82688E+20,5.33623E+21,1.14564E+16,4.8153E+16
142948,142949,9,1,62,0,2016,8,10,2,3,5,2,0,0,1,1,0,0,0,0,6.96563E+20,5.33264E+21,1.16411E+16,4.81166E+16
142949,142950,9,7,61,0,2016,8,17,2,3,6,4,0,0,1,0,1,0,0,0,6.41698E+20,5.36187E+21,1.09142E+16,4.8394E+16
142950,142951,9,6,71,111,2016,8,11,4,3,0,7,0,1,0,0,0,1,0,0,5.0505E+20,5.54792E+21,9.07059E+15,5.00835E+16
142951,142952,9,1,62,0,2016,7,19,1,3,0,3,0,1,1,1,0,0,0,0,6.8443E+20,5.33364E+21,1.14787E+16,4.81292E+16
142952,142953,9,4,62,0,2016,8,14,2,3,5,3,0,0,1,1,0,0,0,0,6.83929E+20,5.53444E+21,1.15631E+16,4.9934E+16
142953,142954,9,5,76,143,2016,8,11,2,3,2,6,0,0,0,1,0,0,0,0,6.51546E+20,5.45682E+21,1.10822E+16,4.92454E+16
142954,142955,9,1,84,120,2016,8,16,3,3,5,3,0,0,1,1,0,0,0,0,6.81094E+20,5.33172E+21,1.14331E+16,4.81129E+16
142955,142956,9,7,71,130,2016,8,11,4,3,2,6,0,0,0,1,0,0,0,0,6.45627E+20,5.35751E+21,1.09658E+16,4.83539E+16
142956,142957,9,1,85,158,2016,8,23,5,2,8,6,2,0,1,0,0,1,0,0,6.69992E+20,5.38223E+21,1.13044E+16,4.85701E+16
142957,142958,9,7,79,115,2016,8,19,2,3,5,3,0,0,1,0,0,1,0,0,6.33252E+20,5.39385E+21,1.08104E+16,4.86834E+16
142958,142959,9,7,64,0,2016,8,21,4,3,0,1,2,0,1,0,0,0,0,0,5.87938E+20,5.315E+21,1.01785E+16,4.79823E+16
142959,142960,9,1,80,117,2016,7,3,1,1,8,1,2,1,0,0,0,1,0,0,6.55443E+20,5.26147E+21,1.10635E+16,4.74881E+16
142960,142961,9,7,75,135,2016,8,11,2,3,5,3,0,0,1,1,0,0,0,0,5.74236E+20,5.35997E+21,1.00027E+16,4.83886E+16
142961,142962,9,5,71,178,2016,8,16,4,3,4,3,0,0,0,1,0,1,0,0,6.31527E+20,5.45278E+21,1.0806E+16,4.92137E+16
142962,142963,9,1,62,0,2016,7,12,1,3,1,5,0,0,0,1,0,0,0,0,6.90134E+20,5.33369E+21,1.15553E+16,4.81281E+16
142963,142964,9,5,76,143,2016,8,12,2,3,7,7,0,0,0,0,0,1,0,0,6.56066E+20,5.45297E+21,1.11428E+16,4.92096E+16
142964,142965,9,1,71,111,2016,8,10,5,3,2,3,0,0,1,1,0,0,0,0,7.74074E+20,5.34795E+21,1.26905E+16,4.82255E+16
142965,142966,9,6,78,168,2016,8,12,4,3,0,7,0,0,1,0,0,0,0,0,5.81701E+20,5.55028E+21,1.01424E+16,5.00992E+16
142966,142967,9,1,79,123,2016,8,10,5,3,4,6,0,0,1,0,0,0,0,0,6.75998E+20,5.33341E+21,1.13654E+16,4.81296E+16
142967,142968,9,7,64,0,2016,7,16,1,3,5,3,0,0,1,1,0,0,0,0,5.88384E+20,5.31739E+21,1.01849E+16,4.80037E+16
142968,142969,9,1,80,117,2016,8,16,4,3,5,3,0,0,0,1,0,1,0,0,6.59558E+20,5.26106E+21,1.1118E+16,4.74834E+16
142969,142970,9,3,71,131,2016,8,7,4,2,0,7,0,1,0,0,0,0,1,1,6.95099E+20,5.48101E+21,1.16919E+16,4.94504E+16
142970,142971,9,7,63,0,2016,7,19,1,3,5,3,0,1,0,1,0,0,0,0,5.98674E+20,5.28986E+21,1.03166E+16,4.77546E+16
142971,142972,9,4,61,0,2016,8,18,2,3,5,3,0,0,0,1,0,0,0,0,6.36209E+20,5.52944E+21,1.08968E+16,4.99018E+16
142972,142973,9,7,80,133,2016,8,18,3,3,0,1,0,0,1,0,0,0,0,0,5.96381E+20,5.2514E+21,1.02775E+16,4.7409E+16
142973,142974,9,4,77,128,2016,8,16,3,3,2,6,0,0,0,1,0,0,0,0,6.75639E+20,5.55367E+21,1.14565E+16,5.01093E+16
142974,142975,9,2,74,126,2016,8,15,4,3,5,3,0,0,0,1,0,0,0,0,7.33147E+20,5.38311E+21,1.21599E+16,4.85577E+16
142975,142976,9,4,61,0,2016,8,8,4,3,5,2,0,1,1,1,0,0,0,0,6.37804E+20,5.52711E+21,1.09181E+16,4.98805E+16
142976,142977,9,7,80,139,2016,7,17,1,3,6,7,0,0,1,0,1,0,0,0,5.96043E+20,5.26282E+21,1.02755E+16,4.75117E+16
142977,142978,9,3,62,0,2016,8,14,2,3,3,2,0,0,1,1,0,0,0,0,7.25284E+20,5.43219E+21,1.20804E+16,4.90015E+16
142978,142979,9,5,61,0,2016,8,15,3,3,5,3,0,1,0,1,0,0,0,0,6.15846E+20,5.45631E+21,1.05918E+16,4.92486E+16
142979,142980,9,5,74,135,2016,8,22,2,3,8,1,2,0,0,1,0,0,0,0,6.76368E+20,5.49121E+21,1.14383E+16,4.95478E+16
142980,142981,9,1,87,117,2016,8,21,3,3,2,7,0,0,1,1,0,0,0,0,7.24351E+20,5.3056E+21,1.19999E+16,4.78645E+16
142981,142982,9,1,61,0,2016,8,10,5,3,5,3,0,0,0,1,0,0,0,0,6.7807E+20,5.40153E+21,1.14221E+16,4.87413E+16
142982,142983,9,1,62,0,2016,8,15,4,2,4,3,0,0,0,1,0,1,0,0,6.93596E+20,5.33263E+21,1.16013E+16,4.81175E+16
142983,142984,9,7,76,111,2016,7,12,1,2,2,6,0,0,1,0,0,0,0,0,5.49074E+20,5.26893E+21,9.65249E+15,4.7572E+16
142984,142985,9,1,63,0,2016,8,20,4,3,5,3,1,0,0,1,0,1,0,0,7.33289E+20,5.30463E+21,1.21187E+16,4.78527E+16
142985,142986,9,1,74,126,2016,8,23,4,3,0,1,2,0,1,0,0,0,0,0,6.83728E+20,5.34656E+21,1.14748E+16,4.82456E+16
142986,142987,9,7,61,0,2016,8,10,3,3,0,7,0,0,1,0,0,0,0,0,6.40929E+20,5.35828E+21,1.09026E+16,4.8362E+16
142987,142988,9,3,62,0,2016,8,10,3,3,3,6,0,0,0,1,0,1,0,0,7.23426E+20,5.43345E+21,1.20557E+16,4.90134E+16
142988,142989,9,1,87,129,2016,7,17,1,3,9,1,0,0,0,0,0,1,0,0,7.25963E+20,5.29436E+21,1.20155E+16,4.7763E+16
142989,142990,9,1,62,0,2016,8,9,2,3,0,7,0,0,1,0,0,0,0,1,6.90878E+20,5.33403E+21,1.15654E+16,4.81309E+16
142990,142991,9,1,84,119,2016,8,15,2,2,6,6,0,0,1,0,1,0,0,0,6.96166E+20,5.34751E+21,1.16427E+16,4.82504E+16
142991,142992,9,1,74,115,2016,8,9,3,3,2,6,0,0,0,1,0,0,0,0,6.81989E+20,5.34877E+21,1.14524E+16,4.8266E+16
142992,142993,9,1,62,0,2016,8,19,4,3,5,3,0,0,1,0,0,1,0,0,6.97733E+20,5.33679E+21,1.16587E+16,4.81536E+16
142993,142994,9,7,61,0,2016,7,14,1,3,2,6,0,1,0,1,0,0,0,0,6.37682E+20,5.35943E+21,1.08592E+16,4.83731E+16
142994,142995,9,1,62,0,2016,8,23,3,2,0,6,2,1,1,0,0,0,0,0,6.90141E+20,5.33511E+21,1.1556E+16,4.81408E+16
142995,142996,9,6,71,136,2016,8,17,3,2,0,7,0,0,1,0,0,0,0,1,5.04231E+20,5.53875E+21,9.05903E+15,5.00011E+16
142996,142997,9,1,73,112,2016,8,19,3,3,5,3,0,1,1,1,0,0,0,0,6.92001E+20,5.29193E+21,1.15617E+16,4.77521E+16
142997,142998,9,1,62,0,2016,8,12,4,3,3,6,0,0,0,1,0,0,0,0,6.90143E+20,5.33491E+21,1.1556E+16,4.8139E+16
142998,142999,9,1,85,149,2016,7,6,1,3,6,7,1,1,0,1,1,0,0,0,6.61569E+20,5.40044E+21,1.11974E+16,4.8736E+16
142999,143000,9,1,62,0,2016,8,18,2,3,4,2,0,0,1,1,0,0,0,0,6.97E+20,5.33525E+21,1.16482E+16,4.81399E+16
143000,143001,9,7,61,0,2016,8,8,2,3,1,5,0,0,0,1,0,0,0,0,6.4228E+20,5.36072E+21,1.09217E+16,4.83836E+16
143001,143002,9,5,64,0,2016,8,12,4,3,2,6,0,0,0,1,0,0,0,0,6.51457E+20,5.47809E+21,1.10891E+16,4.94366E+16
143002,143003,9,7,61,0,2016,7,9,1,3,5,3,0,1,0,1,0,0,0,0,6.38368E+20,5.35857E+21,1.08682E+16,4.83651E+16
143003,143004,9,3,62,0,2016,8,14,2,3,5,3,0,0,1,1,0,0,0,0,7.27477E+20,5.43389E+21,1.21113E+16,4.90159E+16
143004,143005,9,5,74,117,2016,8,8,2,3,1,7,0,0,0,1,1,0,0,0,6.6778E+20,5.46892E+21,1.13102E+16,4.93499E+16
143005,143006,9,7,61,0,2016,8,11,2,3,0,1,0,0,1,0,0,0,0,1,6.41279E+20,5.35889E+21,1.09076E+16,4.83673E+16
143006,143007,9,6,63,0,2016,7,12,1,3,5,7,0,0,1,0,0,0,0,0,5.66561E+20,5.5159E+21,9.92478E+15,4.97919E+16
143007,143008,9,6,63,0,2016,8,21,2,2,0,1,1,0,1,0,0,0,0,0,5.68091E+20,5.51199E+21,9.94535E+15,4.97565E+16
143008,143009,9,1,62,0,2016,8,14,3,3,5,3,0,0,0,1,0,0,0,0,6.96272E+20,5.33131E+21,1.16366E+16,4.81048E+16
143009,143010,9,5,74,138,2016,8,11,3,3,0,1,0,1,1,0,0,0,0,0,6.64948E+20,5.48763E+21,1.1279E+16,4.95188E+16
143010,143011,9,7,63,0,2016,8,13,4,3,5,2,0,0,0,0,0,0,0,1,5.98271E+20,5.28742E+21,1.03106E+16,4.77327E+16
143011,143012,9,1,79,142,2016,7,0,1,3,0,1,2,0,1,0,0,0,0,0,6.73192E+20,5.34148E+21,1.1331E+16,4.82029E+16
143012,143013,9,7,63,0,2016,8,14,2,3,5,3,0,0,1,1,0,0,0,0,5.98804E+20,5.28695E+21,1.03176E+16,4.77284E+16
143013,143014,9,2,63,0,2016,8,9,4,3,0,1,0,0,1,0,0,0,0,0,7.61521E+20,5.42062E+21,1.25675E+16,4.88833E+16
143014,143015,9,4,75,154,2016,8,15,4,3,6,4,0,1,0,1,1,0,0,0,6.98621E+20,5.56328E+21,1.17825E+16,5.01884E+16
143015,143016,9,6,77,131,2016,7,11,1,2,0,1,0,0,1,0,0,0,0,0,5.49232E+20,5.54532E+21,9.68778E+15,5.00581E+16
143016,143017,9,3,62,0,2016,8,12,2,3,0,1,0,0,0,0,0,1,0,0,7.277E+20,5.43275E+21,1.21137E+16,4.90056E+16
143017,143018,9,5,64,0,2016,8,14,2,3,0,3,0,0,1,1,0,0,0,1,6.48385E+20,5.47758E+21,1.10466E+16,4.94327E+16
143018,143019,9,1,89,120,2016,8,18,3,2,0,3,0,0,1,0,0,0,0,0,7.55832E+20,5.29898E+21,1.24162E+16,4.77933E+16
143019,143020,9,1,63,0,2016,8,21,5,3,5,3,0,0,1,1,0,0,0,0,7.32445E+20,5.30453E+21,1.21073E+16,4.7852E+16
143020,143021,9,6,76,121,2016,8,6,4,3,0,1,0,1,0,0,0,1,0,0,5.11421E+20,5.52083E+21,9.15884E+15,4.98398E+16
143021,143022,9,1,62,0,2016,8,10,4,3,0,5,0,0,1,0,0,0,0,1,6.92074E+20,5.33658E+21,1.15826E+16,4.81534E+16
143022,143023,9,1,62,0,2016,8,21,3,3,1,5,2,1,1,1,0,0,0,0,6.91343E+20,5.33409E+21,1.15717E+16,4.81312E+16