FID,OBJECTID,ULAND,UREGBEZ,UKREIS,UGEMEINDE,UJAHR,UMONAT,USTUNDE,UWOCHENTAG,UKATEGORIE,UART,UTYP1,ULICHTVERH,IstStrasse,IstRad,IstPKW,IstFuss,IstKrad,IstGkfz,IstSonstig,LINREFX,LINREFY,XGCSWGS84,YGCSWGS84
143023,143024,9,6,63,0,2016,8,15,4,3,6,4,0,0,0,1,1,0,0,0,5.6935E+20,5.51929E+21,9.96412E+15,4.9822E+16
143024,143025,9,1,79,126,2016,8,21,5,3,8,1,1,0,1,0,0,0,0,0,6.7759E+20,5.34094E+21,1.13899E+16,4.81968E+16
143025,143026,9,1,79,126,2016,7,19,1,3,4,6,0,1,1,0,0,0,0,0,6.77472E+20,5.34015E+21,1.1388E+16,4.81898E+16
143026,143027,9,1,73,120,2016,8,11,4,2,8,1,0,0,1,0,0,0,0,0,6.83801E+20,5.31285E+21,1.14613E+16,4.79426E+16
143027,143028,9,3,62,0,2016,8,12,4,3,1,7,0,0,1,1,0,0,0,0,7.29111E+20,5.4336E+21,1.21334E+16,4.90127E+16
143028,143029,9,6,72,114,2016,7,16,1,3,0,1,0,0,1,0,0,0,0,0,5.76488E+20,5.56048E+21,1.00715E+16,5.01916E+16
143029,143030,9,3,76,163,2016,8,21,2,3,5,3,1,0,0,1,0,0,0,0,7.27866E+20,5.47536E+21,1.21401E+16,4.93882E+16
143030,143031,9,4,78,145,2016,8,7,3,3,2,1,0,1,0,1,0,1,0,0,6.51454E+20,5.56018E+21,1.11211E+16,5.01745E+16
143031,143032,9,5,64,0,2016,8,19,2,3,6,4,0,0,0,1,1,0,0,0,6.49758E+20,5.47897E+21,1.1066E+16,4.94449E+16
143032,143033,9,1,61,0,2016,8,12,3,2,6,4,0,1,0,1,1,0,0,0,6.81762E+20,5.40249E+21,1.14727E+16,4.87489E+16
143033,143034,9,1,62,0,2016,8,16,4,3,5,2,0,0,0,1,0,0,0,0,6.81989E+20,5.33691E+21,1.14473E+16,4.81594E+16
143034,143035,9,6,72,114,2016,7,13,1,3,0,7,0,0,0,1,1,0,0,0,5.77382E+20,5.56181E+21,1.00843E+16,5.02034E+16
143035,143036,9,1,61,0,2016,8,15,4,3,0,7,0,0,1,0,1,0,0,0,6.77091E+20,5.40579E+21,1.14107E+16,4.87799E+16
143036,143037,9,1,77,143,2016,8,18,4,2,0,1,0,0,1,0,0,0,0,0,7.20831E+20,5.36531E+21,1.19838E+16,4.84022E+16
143037,143038,9,6,71,126,2016,7,3,1,2,0,7,2,1,0,1,0,0,0,0,5.26929E+20,5.54194E+21,9.37598E+15,5.00291E+16
143038,143039,9,1,71,111,2016,8,15,4,3,5,3,0,0,0,1,0,0,0,0,7.72924E+20,5.34836E+21,1.26753E+16,4.82296E+16
143039,143040,9,2,63,0,2016,8,21,4,3,0,2,2,0,0,1,0,1,0,0,7.64025E+20,5.42085E+21,1.26017E+16,4.88843E+16
143040,143041,9,5,72,131,2016,7,17,1,3,0,7,0,0,0,0,1,0,0,1,6.55413E+20,5.48798E+21,1.11475E+16,4.95245E+16
143041,143042,9,7,72,163,2016,8,11,3,3,5,3,0,0,1,1,0,0,0,0,6.39247E+20,5.34582E+21,1.08758E+16,4.82503E+16
143042,143043,9,4,61,0,2016,8,17,3,3,5,3,0,1,0,1,0,0,0,0,6.36516E+20,5.52762E+21,1.09004E+16,4.98854E+16
143043,143044,9,1,62,0,2016,8,8,2,3,5,3,0,0,1,1,0,0,0,0,6.89753E+20,5.33456E+21,1.15506E+16,4.8136E+16
143044,143045,9,1,62,0,2016,8,13,2,3,5,3,0,0,1,1,0,0,0,0,6.91931E+20,5.33608E+21,1.15805E+16,4.8149E+16
143045,143046,9,1,62,0,2016,8,8,4,3,5,3,0,0,1,1,0,0,0,0,6.88648E+20,5.33158E+21,1.15344E+16,4.81096E+16
143046,143047,9,5,74,117,2016,7,15,1,3,4,6,0,1,0,1,0,0,0,0,6.70249E+20,5.46684E+21,1.13433E+16,4.93305E+16
143047,143048,9,1,62,0,2016,8,9,3,3,5,2,0,0,1,0,0,1,0,0,6.91281E+20,5.33288E+21,1.15703E+16,4.81204E+16
143048,143049,9,5,62,0,2016,8,13,3,2,0,7,0,0,1,0,0,0,0,0,6.44996E+20,5.49506E+21,1.10063E+16,4.95907E+16
143049,143050,9,7,75,135,2016,8,11,4,3,5,3,0,0,1,1,0,0,0,0,5.74579E+20,5.36105E+21,1.00076E+16,4.83982E+16
143050,143051,9,1,77,117,2016,7,3,1,3,5,3,2,0,0,1,0,0,0,0,7.14466E+20,5.35417E+21,1.18922E+16,4.83043E+16
143051,143052,9,7,61,0,2016,8,6,3,3,5,3,0,0,0,1,0,0,0,0,6.40539E+20,5.35805E+21,1.08973E+16,4.836E+16
143052,143053,9,3,62,0,2016,8,16,3,3,5,3,0,0,0,1,0,0,0,0,7.27629E+20,5.43521E+21,1.21141E+16,4.90277E+16
143053,143054,9,1,62,0,2016,7,23,7,3,4,2,2,0,1,1,0,0,0,0,6.9324E+20,5.33332E+21,1.15968E+16,4.81238E+16
143054,143055,9,1,84,145,2016,8,12,2,3,0,3,0,0,1,0,0,0,0,0,6.94891E+20,5.32464E+21,1.1615E+16,4.80453E+16
143055,143056,9,1,62,0,2016,8,18,2,3,0,7,0,0,0,0,0,0,0,1,6.98958E+20,5.33376E+21,1.16738E+16,4.8126E+16
143056,143057,9,6,63,0,2016,8,9,2,2,5,2,0,0,1,1,0,0,0,0,5.69423E+20,5.517E+21,9.96472E+15,4.98014E+16
143057,143058,9,5,64,0,2016,7,17,1,3,1,7,0,1,1,1,0,0,0,0,6.49529E+20,5.47928E+21,1.1063E+16,4.94477E+16
143058,143059,9,3,76,153,2016,8,14,2,2,0,7,0,0,1,0,0,0,0,0,7.30458E+20,5.48655E+21,1.21822E+16,4.94877E+16
143059,143060,9,1,62,0,2016,8,9,3,3,4,2,0,0,1,1,0,0,0,0,6.90046E+20,5.33293E+21,1.15538E+16,4.81212E+16
143060,143061,9,5,64,0,2016,8,10,3,3,2,1,0,1,1,1,0,0,0,0,6.48927E+20,5.4807E+21,1.10552E+16,4.94607E+16
143061,143062,9,7,71,145,2016,8,22,4,2,9,1,2,0,1,0,0,0,0,0,6.47373E+20,5.34634E+21,1.09854E+16,4.82532E+16
143062,143063,9,1,62,0,2016,7,16,7,3,0,7,0,0,1,0,0,0,0,0,6.91198E+20,5.33405E+21,1.15697E+16,4.8131E+16
143063,143064,9,7,77,169,2016,8,14,2,3,8,6,0,0,1,0,0,0,0,0,6.30754E+20,5.27114E+21,1.07388E+16,4.75804E+16
143064,143065,9,2,74,141,2016,8,18,4,3,4,6,0,0,0,1,0,1,0,0,7.29376E+20,5.39138E+21,1.21134E+16,4.86334E+16
143065,143066,9,4,72,150,2016,8,23,4,3,7,7,2,0,0,0,0,1,0,0,6.81185E+20,5.53815E+21,1.15266E+16,4.99681E+16
143066,143067,9,5,64,0,2016,7,12,1,3,5,2,0,0,1,1,0,0,0,0,6.51025E+20,5.4793E+21,1.10836E+16,4.94476E+16
143067,143068,9,3,61,0,2016,8,16,2,3,1,5,0,0,0,1,0,0,0,0,7.08848E+20,5.47993E+21,1.18808E+16,4.94362E+16
143068,143069,9,1,62,0,2016,8,15,2,3,1,5,0,0,0,1,0,0,0,1,6.91821E+20,5.33482E+21,1.15784E+16,4.81377E+16
143069,143070,9,5,73,120,2016,8,15,4,3,1,3,0,0,0,1,0,0,1,0,6.2847E+20,5.48304E+21,1.07738E+16,4.94864E+16
143070,143071,9,5,64,0,2016,7,17,1,3,0,4,0,1,0,0,1,1,0,0,6.49318E+20,5.46839E+21,1.1056E+16,4.935E+16
143071,143072,9,2,63,0,2016,8,15,2,3,1,7,0,0,0,1,0,0,0,1,7.6431E+20,5.42056E+21,1.26054E+16,4.88816E+16
143072,143073,9,5,73,122,2016,8,17,2,3,4,6,0,0,1,0,0,0,0,0,6.42936E+20,5.47751E+21,1.09714E+16,4.94335E+16
143073,143074,9,6,74,221,2016,8,7,4,3,4,6,0,1,0,1,0,0,0,0,6.12839E+20,5.54064E+21,1.05748E+16,5.00074E+16
143074,143075,9,1,79,123,2016,8,20,5,3,4,6,0,0,1,0,0,0,0,0,6.75835E+20,5.33293E+21,1.1363E+16,4.81253E+16
143075,143076,9,1,90,148,2016,8,22,4,2,2,6,2,0,0,0,0,1,0,0,6.42128E+20,5.29709E+21,1.08984E+16,4.78114E+16
143076,143077,9,3,72,116,2016,8,14,4,3,4,2,0,0,0,1,0,0,0,0,7.67485E+20,5.45941E+21,1.26743E+16,4.9229E+16
143077,143078,9,5,77,136,2016,7,3,1,2,7,7,2,0,1,0,0,0,0,0,6.27825E+20,5.44211E+21,1.07518E+16,4.91185E+16
143078,143079,9,2,71,119,2016,8,8,2,3,4,2,0,0,0,1,0,0,0,0,7.90491E+20,5.41679E+21,1.2959E+16,4.8836E+16
143079,143080,9,4,63,0,2016,8,13,3,3,2,6,0,0,0,1,0,1,0,0,6.38361E+20,5.56802E+21,1.09407E+16,5.02482E+16
143080,143081,9,5,77,177,2016,8,16,2,3,6,6,0,0,0,1,1,0,0,0,6.43733E+20,5.43162E+21,1.0966E+16,4.90207E+16
143081,143082,9,1,74,115,2016,8,17,3,2,6,4,0,0,0,1,1,0,0,0,6.83335E+20,5.34845E+21,1.14704E+16,4.82627E+16
143082,143083,9,5,64,0,2016,8,6,3,3,5,3,0,1,0,1,0,0,0,1,6.51021E+20,5.47929E+21,1.10835E+16,4.94475E+16
143083,143084,9,5,71,193,2016,8,15,2,3,8,7,0,0,0,0,0,1,0,0,5.85681E+20,5.46971E+21,1.01803E+16,4.93741E+16
143084,143085,9,1,87,148,2016,8,20,3,1,0,1,1,0,1,0,0,0,0,0,7.39652E+20,5.27896E+21,1.21895E+16,4.76197E+16
143085,143086,9,1,87,137,2016,8,19,5,2,8,1,0,0,0,0,0,1,0,0,7.30576E+20,5.30861E+21,1.20846E+16,4.78894E+16
143086,143087,9,1,62,0,2016,8,3,4,3,6,4,2,0,0,1,1,0,0,0,6.9207E+20,5.33451E+21,1.15816E+16,4.81348E+16
143087,143088,9,1,63,0,2016,8,11,4,3,0,1,0,0,1,0,0,0,0,0,7.31623E+20,5.3044E+21,1.20963E+16,4.78511E+16
143088,143089,9,1,81,130,2016,8,20,4,3,2,6,1,0,0,1,0,0,0,0,6.3882E+20,5.32323E+21,1.08627E+16,4.80472E+16
143089,143090,9,7,61,0,2016,8,19,3,3,4,2,0,0,1,1,0,0,0,0,6.39232E+20,5.35706E+21,1.08793E+16,4.83514E+16
143090,143091,9,4,61,0,2016,8,15,3,2,0,7,0,1,1,0,0,0,0,0,6.35922E+20,5.52902E+21,1.08926E+16,4.98981E+16
143091,143092,9,1,62,0,2016,7,0,7,3,5,3,2,0,0,1,0,0,0,0,6.90564E+20,5.33533E+21,1.15618E+16,4.81426E+16
143092,143093,9,1,62,0,2016,8,16,2,3,6,7,0,0,1,0,0,0,0,1,6.96878E+20,5.33181E+21,1.1645E+16,4.81091E+16
143093,143094,9,1,84,136,2016,8,9,2,2,5,3,0,0,1,1,0,0,0,0,6.97678E+20,5.32681E+21,1.16534E+16,4.80639E+16
143094,143095,9,1,62,0,2016,8,11,1,3,5,3,0,0,0,1,0,0,0,0,6.94958E+20,5.3367E+21,1.16214E+16,4.81536E+16
143095,143096,9,7,74,135,2016,8,12,5,3,0,1,0,0,1,0,0,0,0,0,5.94672E+20,5.36726E+21,1.02804E+16,4.84514E+16
143096,143097,9,3,77,131,2016,8,18,1,3,1,5,0,0,0,1,0,1,0,0,7.30855E+20,5.54413E+21,1.22218E+16,5.00047E+16
143097,143098,9,1,80,117,2016,8,17,6,3,1,6,0,1,0,1,0,0,0,0,6.58804E+20,5.26509E+21,1.11094E+16,4.75199E+16
143098,143099,9,1,83,120,2016,8,4,1,3,9,1,2,0,0,1,0,0,0,0,7.49879E+20,5.3478E+21,1.23653E+16,4.82341E+16
143099,143100,9,1,62,0,2016,8,14,5,3,2,6,0,0,0,1,0,0,0,0,6.93717E+20,5.33247E+21,1.16028E+16,4.8116E+16
143100,143101,9,7,79,155,2016,8,20,7,3,6,4,2,0,0,0,1,0,0,1,6.22486E+20,5.4019E+21,1.06666E+16,4.87581E+16
143101,143102,9,3,74,149,2016,8,19,5,3,0,1,0,0,1,0,0,0,0,0,7.11535E+20,5.51658E+21,1.19375E+16,4.97645E+16
143102,143103,9,5,64,0,2016,8,21,6,3,2,6,2,0,0,1,0,0,0,0,6.49718E+20,5.47927E+21,1.10656E+16,4.94477E+16
143103,143104,9,2,75,154,2016,8,18,7,3,1,7,0,0,1,1,0,0,0,0,8.0807E+20,5.39382E+21,1.31808E+16,4.86215E+16
143104,143105,9,1,90,157,2016,8,18,2,3,4,1,0,0,0,1,0,1,0,0,6.60985E+20,5.30215E+21,1.1152E+16,4.78525E+16
143105,143106,9,7,63,0,2016,8,19,5,3,0,1,0,0,0,0,0,1,0,0,5.98821E+20,5.28374E+21,1.03171E+16,4.76995E+16
143106,143107,9,7,74,135,2016,8,18,6,3,5,6,0,0,0,1,0,0,1,0,5.95403E+20,5.36443E+21,1.02896E+16,4.84258E+16
143107,143108,9,1,61,0,2016,8,6,7,3,5,3,0,0,1,1,0,0,0,0,6.76494E+20,5.4057E+21,1.14025E+16,4.87793E+16
143108,143109,9,1,78,124,2016,8,18,2,2,6,4,0,0,0,1,1,0,0,0,7.0305E+20,5.36463E+21,1.17435E+16,4.84021E+16
143109,143110,9,1,79,126,2016,8,14,6,3,6,4,0,1,0,1,1,0,0,0,6.77376E+20,5.33971E+21,1.13865E+16,4.81859E+16
143110,143111,9,1,87,137,2016,8,11,1,3,0,7,0,0,0,1,1,0,0,0,7.30173E+20,5.30877E+21,1.20793E+16,4.78909E+16
143111,143112,9,1,62,0,2016,8,7,5,3,3,2,0,0,0,1,0,1,0,0,6.89623E+20,5.34321E+21,1.15527E+16,4.82138E+16
143112,143113,9,3,76,161,2016,8,5,5,3,8,1,0,0,0,0,0,0,0,1,7.24243E+20,5.4676E+21,1.20859E+16,4.93199E+16
143113,143114,9,5,64,0,2016,8,16,6,3,5,3,0,0,0,1,0,0,0,0,6.48061E+20,5.47844E+21,1.10424E+16,4.94405E+16
143114,143115,9,1,63,0,2016,8,17,2,3,5,3,0,0,1,0,0,1,0,0,7.34198E+20,5.30446E+21,1.21307E+16,4.78508E+16
143115,143116,9,7,80,139,2016,8,21,5,3,6,6,2,0,1,0,1,0,0,0,5.9676E+20,5.26313E+21,1.02851E+16,4.75144E+16
143116,143117,9,7,80,139,2016,8,9,6,2,5,6,0,0,1,0,0,0,0,0,5.9664E+20,5.26315E+21,1.02835E+16,4.75146E+16
143117,143118,9,1,79,142,2016,8,11,7,3,0,2,0,0,0,1,0,1,0,0,6.73177E+20,5.34099E+21,1.13306E+16,4.81985E+16
143118,143119,9,7,61,0,2016,8,17,7,3,5,3,0,0,1,1,0,0,0,0,6.41795E+20,5.36146E+21,1.09154E+16,4.83903E+16
143119,143120,9,1,62,0,2016,8,15,5,3,5,2,0,0,0,1,0,1,0,0,6.92655E+20,5.33802E+21,1.15911E+16,4.81662E+16
143120,143121,9,1,84,130,2016,8,16,1,3,0,1,0,0,1,0,0,0,0,0,6.98955E+20,5.34416E+21,1.16786E+16,4.82195E+16
143121,143122,9,7,76,116,2016,8,15,5,3,5,3,0,0,1,1,0,0,0,0,5.52263E+20,5.26756E+21,9.69473E+15,4.75594E+16
143122,143123,9,6,63,0,2016,8,12,1,3,2,2,0,0,0,1,0,1,0,0,5.67352E+20,5.51588E+21,9.93575E+15,4.97916E+16
143123,143124,9,5,64,0,2016,8,11,6,3,2,6,0,0,0,1,0,0,0,0,6.49028E+20,5.47993E+21,1.10563E+16,4.94537E+16
143124,143125,9,7,76,116,2016,8,12,1,3,0,1,0,0,1,0,0,0,0,0,5.54133E+20,5.26631E+21,9.71943E+15,4.7548E+16
143125,143126,9,2,71,146,2016,8,16,7,3,0,7,0,0,1,0,0,0,0,1,7.8433E+20,5.40821E+21,1.28693E+16,4.87619E+16
143126,143127,9,1,61,0,2016,8,14,2,3,5,3,0,0,0,1,0,0,0,0,6.76299E+20,5.40426E+21,1.13992E+16,4.87664E+16
143127,143128,9,7,80,124,2016,8,9,5,3,0,1,0,0,1,0,0,0,0,0,5.91726E+20,5.26848E+21,1.02194E+16,4.75633E+16
143128,143129,9,7,62,0,2016,8,15,6,2,0,2,0,1,1,0,0,0,0,0,6.22062E+20,5.30751E+21,1.06335E+16,4.79093E+16
143129,143130,9,1,78,124,2016,8,11,1,3,2,6,0,0,0,1,0,1,0,0,7.02553E+20,5.36455E+21,1.17368E+16,4.84016E+16
143130,143131,9,1,81,130,2016,8,11,7,3,1,6,0,0,1,0,0,0,0,0,6.39843E+20,5.32365E+21,1.08766E+16,4.80508E+16
143131,143132,9,6,74,130,2016,8,18,7,3,5,3,0,0,0,1,0,0,0,0,6.29033E+20,5.55111E+21,1.08042E+16,5.00983E+16
143132,143133,9,1,62,0,2016,8,17,5,3,4,2,0,0,1,1,0,0,0,0,6.91378E+20,5.33807E+21,1.1574E+16,4.81671E+16
143133,143134,9,1,62,0,2016,8,5,1,3,6,4,1,0,0,1,1,0,0,0,6.89195E+20,5.33551E+21,1.15435E+16,4.81447E+16
143134,143135,9,7,80,124,2016,8,11,5,3,0,1,0,0,1,0,0,0,0,0,5.90989E+20,5.26702E+21,1.02093E+16,4.75502E+16
143135,143136,9,5,64,0,2016,8,7,1,3,1,5,0,0,0,1,0,0,1,0,6.52333E+20,5.48055E+21,1.11021E+16,4.94585E+16
143136,143137,9,2,75,124,2016,8,16,6,3,0,1,0,1,1,0,0,0,0,0,8.10249E+20,5.37151E+21,1.31937E+16,4.84202E+16
143137,143138,9,1,80,123,2016,8,16,1,2,0,1,0,0,1,0,0,0,0,0,6.71024E+20,5.25638E+21,1.12682E+16,4.74384E+16
143138,143139,9,1,62,0,2016,8,17,5,3,5,2,0,0,0,1,0,1,0,0,6.87453E+20,5.33606E+21,1.15203E+16,4.81501E+16
143139,143140,9,7,77,151,2016,8,20,7,3,4,1,0,0,0,1,0,0,0,0,6.23738E+20,5.29255E+21,1.06516E+16,4.77744E+16
143140,143141,9,1,78,145,2016,8,16,2,3,5,1,0,0,0,1,0,0,0,0,6.97586E+20,5.35474E+21,1.16651E+16,4.83149E+16
143141,143142,9,7,77,159,2016,8,10,5,2,0,7,0,0,1,0,0,0,0,0,6.15412E+20,5.27354E+21,1.05355E+16,4.7605E+16
143142,143143,9,2,63,0,2016,8,12,1,3,5,7,0,0,1,0,0,0,0,0,7.61397E+20,5.4204E+21,1.25657E+16,4.88813E+16
143143,143144,9,1,62,0,2016,8,5,7,3,5,3,0,0,0,1,0,0,0,0,6.88232E+20,5.33022E+21,1.15282E+16,4.80974E+16
143144,143145,9,5,64,0,2016,8,9,7,3,2,6,0,0,0,1,0,0,0,0,6.49847E+20,5.47837E+21,1.1067E+16,4.94396E+16
143145,143146,9,2,77,116,2016,8,6,2,3,5,3,0,0,0,1,0,1,0,0,7.79355E+20,5.36871E+21,1.27752E+16,4.84095E+16
143146,143147,9,7,75,135,2016,8,11,1,2,0,1,0,0,0,0,0,1,0,0,5.73472E+20,5.35976E+21,9.99238E+15,4.83867E+16
143147,143148,9,7,73,125,2016,8,9,5,3,5,3,0,0,0,1,0,0,0,0,6.11296E+20,5.38258E+21,1.05092E+16,4.85864E+16
143148,143149,9,1,63,0,2016,8,10,6,3,6,7,0,1,1,0,1,0,0,0,7.34111E+20,5.30479E+21,1.21297E+16,4.78537E+16
143149,143150,9,1,87,174,2016,8,11,1,3,0,1,0,0,1,0,0,0,0,0,7.4128E+20,5.3138E+21,1.22304E+16,4.7932E+16
143150,143151,9,1,62,0,2016,8,11,5,3,2,6,0,0,0,1,0,0,0,0,6.86211E+20,5.33427E+21,1.15029E+16,4.81345E+16
143151,143152,9,7,72,163,2016,8,23,7,3,0,1,2,0,1,0,0,0,0,0,6.40476E+20,5.34655E+21,1.08926E+16,4.82566E+16
143152,143153,9,2,63,0,2016,8,6,5,2,7,1,0,0,1,0,0,0,0,0,7.61965E+20,5.42011E+21,1.25732E+16,4.88785E+16
143153,143154,9,5,64,0,2016,8,14,6,3,5,3,0,0,0,1,0,0,0,0,6.48142E+20,5.47919E+21,1.10438E+16,4.94473E+16
143154,143155,9,2,73,163,2016,8,19,7,2,0,1,0,0,1,0,0,0,0,0,7.06271E+20,5.39674E+21,1.18029E+16,4.86896E+16
143155,143156,9,2,71,119,2016,8,17,5,3,4,2,0,0,0,1,0,0,0,0,7.88448E+20,5.41547E+21,1.29303E+16,4.88251E+16
143156,143157,9,4,76,179,2016,8,14,7,3,0,7,0,0,0,1,0,0,0,1,6.6217E+20,5.59366E+21,1.12854E+16,5.04725E+16
143157,143158,9,5,75,112,2016,8,21,6,3,5,3,2,0,1,1,0,0,0,0,6.02266E+20,5.484E+21,1.04124E+16,4.95E+16
143158,143159,9,2,61,0,2016,8,23,7,3,4,2,2,0,0,1,0,0,0,1,7.31661E+20,5.38222E+21,1.21393E+16,4.85502E+16
143159,143160,9,7,72,177,2016,8,9,5,3,0,7,0,0,1,0,0,0,0,0,6.36794E+20,5.37818E+21,1.08533E+16,4.85418E+16
143160,143161,9,7,61,0,2016,8,19,6,3,1,5,0,0,1,1,0,0,0,0,6.38885E+20,5.36032E+21,1.08757E+16,4.83808E+16
143161,143162,9,1,81,139,2016,8,19,6,2,0,7,0,1,1,0,0,0,0,0,6.55716E+20,5.32419E+21,1.10896E+16,4.8052E+16
143162,143163,9,1,61,0,2016,8,1,1,3,0,1,2,0,1,0,0,0,0,0,6.78923E+20,5.40269E+21,1.14342E+16,4.87515E+16
143163,143164,9,1,62,0,2016,8,12,5,2,5,2,0,0,1,0,0,0,0,1,6.89227E+20,5.33092E+21,1.15419E+16,4.81034E+16
143164,143165,9,2,75,135,2016,8,10,5,2,0,1,0,0,1,0,0,0,0,0,8.27327E+20,5.40305E+21,1.34486E+16,4.86945E+16
143165,143166,9,4,64,0,2016,8,6,6,3,0,2,1,1,0,1,0,0,0,1,7.06449E+20,5.57796E+21,1.19E+16,5.03175E+16
143166,143167,9,7,63,0,2016,8,1,1,2,8,1,2,0,0,1,0,0,0,0,5.96887E+20,5.28832E+21,1.02924E+16,4.7741E+16
143167,143168,9,2,78,187,2016,8,18,7,2,0,7,0,0,1,0,0,0,0,0,7.81128E+20,5.42583E+21,1.28379E+16,4.89215E+16
143168,143169,9,1,63,0,2016,8,9,2,3,0,1,0,0,1,0,0,0,0,0,7.34424E+20,5.30483E+21,1.21339E+16,4.7854E+16
143169,143170,9,7,71,130,2016,8,16,5,3,5,6,0,0,0,1,0,1,0,0,6.46825E+20,5.36442E+21,1.09843E+16,4.84158E+16
143170,143171,9,7,72,131,2016,8,10,6,3,5,3,0,1,0,1,0,0,0,0,6.16642E+20,5.35619E+21,1.05743E+16,4.83481E+16
143171,143172,9,1,81,130,2016,8,11,7,3,0,7,0,0,1,0,0,0,0,0,6.39782E+20,5.3242E+21,1.08759E+16,4.80557E+16
143172,143173,9,6,79,205,2016,8,13,7,3,1,7,0,0,0,1,1,0,0,0,5.54578E+20,5.51607E+21,9.75832E+15,4.97946E+16
143173,143174,9,1,62,0,2016,8,16,5,3,3,6,0,0,0,1,0,1,0,0,6.92798E+20,5.3353E+21,1.15918E+16,4.81417E+16
143174,143175,9,1,89,143,2016,8,16,2,3,0,1,0,0,1,0,0,0,0,0,7.60004E+20,5.31481E+21,1.24813E+16,4.79338E+16
143175,143176,9,7,72,163,2016,8,19,5,3,0,1,0,0,1,0,0,0,0,0,6.40628E+20,5.34695E+21,1.08948E+16,4.82602E+16
143176,143177,9,7,72,171,2016,8,20,6,3,8,1,1,1,0,1,0,0,0,0,6.37859E+20,5.37068E+21,1.08653E+16,4.84741E+16
143177,143178,9,1,79,126,2016,8,15,7,2,0,1,0,0,1,0,0,0,0,0,6.76112E+20,5.34018E+21,1.13697E+16,4.81904E+16
143178,143179,9,1,75,128,2016,8,12,2,3,0,1,0,0,1,0,0,0,0,0,7.12725E+20,5.32431E+21,1.18539E+16,4.80366E+16
143179,143180,9,7,71,130,2016,8,19,1,2,3,6,0,0,1,1,0,0,0,0,6.44132E+20,5.36341E+21,1.09476E+16,4.84073E+16
143180,143181,9,1,61,0,2016,8,20,2,3,6,4,0,0,0,1,1,0,0,0,6.79073E+20,5.40163E+21,1.14358E+16,4.8742E+16
143181,143182,9,7,61,0,2016,8,19,5,3,5,3,0,0,1,1,0,0,0,0,6.41762E+20,5.36248E+21,1.09153E+16,4.83995E+16
143182,143183,9,7,72,147,2016,8,15,6,3,2,6,0,1,0,1,0,0,0,0,6.39019E+20,5.36439E+21,1.08789E+16,4.84173E+16
143183,143184,9,1,77,123,2016,8,10,1,3,5,3,0,0,0,1,0,0,0,0,7.27101E+20,5.3444E+21,1.20571E+16,4.82121E+16
143184,143185,9,1,74,115,2016,8,14,7,3,0,2,0,0,0,1,0,1,0,0,6.81963E+20,5.34643E+21,1.1451E+16,4.8245E+16
143185,143186,9,5,72,130,2016,8,10,7,3,5,3,0,0,1,1,0,0,0,0,6.39675E+20,5.5059E+21,1.09366E+16,4.96894E+16
143186,143187,9,2,62,0,2016,8,4,2,2,5,3,2,0,1,1,0,0,0,0,8.26087E+20,5.38927E+21,1.3421E+16,4.85716E+16
143187,143188,9,1,62,0,2016,8,17,1,3,5,3,0,0,1,1,0,0,0,0,6.98511E+20,5.33244E+21,1.16672E+16,4.81143E+16
143188,143189,9,7,61,0,2016,8,7,5,3,2,6,0,0,0,1,0,0,0,0,6.40105E+20,5.35904E+21,1.08918E+16,4.8369E+16
143189,143190,9,1,62,0,2016,8,18,1,3,0,7,0,0,0,1,0,1,0,0,6.9969E+20,5.33542E+21,1.16844E+16,4.81406E+16
143190,143191,9,6,79,130,2016,8,16,5,3,6,4,0,0,1,1,1,0,0,0,5.72301E+20,5.52035E+21,1.00053E+16,4.98312E+16
143191,143192,9,6,61,0,2016,8,14,1,3,0,7,0,0,1,0,0,0,0,0,5.10095E+20,5.53443E+21,9.14075E+15,4.99621E+16
143192,143193,9,6,79,164,2016,8,6,5,3,0,7,0,0,1,1,0,0,0,0,5.47414E+20,5.50616E+21,9.65758E+15,4.97061E+16
143193,143194,9,2,62,0,2016,8,14,1,3,4,6,0,0,0,1,0,1,0,0,8.29511E+20,5.39108E+21,1.34687E+16,4.8586E+16
143194,143195,9,1,62,0,2016,8,1,7,3,6,7,2,1,0,1,1,0,0,0,6.87704E+20,5.3312E+21,1.15216E+16,4.81064E+16
143195,143196,9,2,62,0,2016,8,20,5,3,0,6,1,0,1,0,0,0,0,0,8.23594E+20,5.38995E+21,1.33878E+16,4.85789E+16
143196,143197,9,5,64,0,2016,8,13,7,3,5,2,0,0,1,1,0,0,0,0,6.50787E+20,5.47797E+21,1.10798E+16,4.94357E+16
143197,143198,9,2,79,135,2016,8,7,2,2,6,6,0,0,0,1,1,0,0,0,7.75192E+20,5.38537E+21,1.27301E+16,4.85609E+16
143198,143199,9,4,76,159,2016,8,22,6,3,0,7,2,0,0,1,1,0,0,0,6.78485E+20,5.58313E+21,1.15101E+16,5.03731E+16
143199,143200,9,1,90,148,2016,8,12,7,3,2,6,0,1,0,1,0,0,0,0,6.42015E+20,5.29722E+21,1.0897E+16,4.78126E+16