FID,OBJECTID,ULAND,UREGBEZ,UKREIS,UGEMEINDE,UJAHR,UMONAT,USTUNDE,UWOCHENTAG,UKATEGORIE,UART,UTYP1,ULICHTVERH,IstStrasse,IstRad,IstPKW,IstFuss,IstKrad,IstGkfz,IstSonstig,LINREFX,LINREFY,XGCSWGS84,YGCSWGS84
143200,143201,9,6,63,0,2016,8,15,5,3,0,7,0,0,1,0,0,0,0,0,5.68273E+20,5.51691E+21,9.94873E+15,4.98007E+16
143201,143202,9,1,61,0,2016,8,13,6,3,5,3,0,0,0,1,0,0,0,0,6.763E+20,5.40426E+21,1.13992E+16,4.87664E+16
143202,143203,9,1,82,123,2016,8,17,1,3,7,7,0,0,1,0,0,0,0,1,7.20044E+20,5.3012E+21,1.19401E+16,4.78265E+16
143203,143204,9,1,62,0,2016,8,16,5,3,5,3,0,0,0,1,0,0,0,0,6.82551E+20,5.33543E+21,1.14542E+16,4.81459E+16
143204,143205,9,4,71,150,2016,8,18,1,3,0,1,0,0,1,0,0,0,0,0,6.34348E+20,5.53513E+21,1.08729E+16,4.99534E+16
143205,143206,9,2,73,164,2016,8,17,6,3,8,1,0,0,0,1,0,0,0,0,6.99825E+20,5.42483E+21,1.17291E+16,4.89441E+16
143206,143207,9,1,89,143,2016,8,16,1,3,0,1,0,0,1,0,0,0,0,0,7.58451E+20,5.31952E+21,1.24634E+16,4.79768E+16
143207,143208,9,1,62,0,2016,8,15,5,3,3,7,0,0,1,1,0,0,0,0,6.92343E+20,5.33445E+21,1.15853E+16,4.81342E+16
143208,143209,9,7,79,188,2016,8,3,7,3,2,7,2,0,1,1,0,0,0,0,6.18603E+20,5.42019E+21,1.06191E+16,4.89233E+16
143209,143210,9,2,74,184,2016,8,11,5,3,0,6,0,0,0,1,0,1,0,0,7.49299E+20,5.3716E+21,1.23715E+16,4.84481E+16
143210,143211,9,3,63,0,2016,8,12,7,3,0,1,0,0,0,0,0,1,0,0,7.26815E+20,5.50633E+21,1.21434E+16,4.96668E+16
143211,143212,9,4,77,121,2016,8,16,6,3,5,3,0,0,0,1,0,0,0,0,6.87573E+20,5.54778E+21,1.16203E+16,5.00527E+16
143212,143213,9,1,90,140,2016,8,16,7,3,0,1,0,0,1,0,0,0,0,0,6.43701E+20,5.29485E+21,1.09187E+16,4.7791E+16
143213,143214,9,1,73,147,2016,8,15,2,3,2,6,0,0,0,1,0,1,0,0,6.81212E+20,5.30961E+21,1.14253E+16,4.79142E+16
143214,143215,9,6,63,0,2016,8,14,5,3,5,2,0,0,0,1,0,0,0,0,5.69326E+20,5.51817E+21,9.96358E+15,4.98119E+16
143215,143216,9,7,61,0,2016,8,18,6,3,5,3,0,0,1,1,0,0,0,0,6.38482E+20,5.35935E+21,1.087E+16,4.83721E+16
143216,143217,9,1,78,143,2016,8,22,7,3,5,3,2,0,0,1,0,0,0,0,7.17263E+20,5.37222E+21,1.19392E+16,4.84655E+16
143217,143218,9,1,62,0,2016,8,19,5,3,6,4,0,0,1,0,1,0,0,0,6.90343E+20,5.33494E+21,1.15587E+16,4.81392E+16
143218,143219,9,1,78,124,2016,8,16,2,3,0,1,0,0,1,0,0,0,0,0,7.02364E+20,5.36344E+21,1.17337E+16,4.83916E+16
143219,143220,9,4,77,128,2016,8,0,6,3,1,6,2,1,1,1,0,0,0,0,6.74298E+20,5.55416E+21,1.1438E+16,5.01141E+16
143220,143221,9,2,61,0,2016,8,15,5,3,4,2,0,0,1,1,0,0,0,0,7.3291E+20,5.38191E+21,1.2156E+16,4.8547E+16
143221,143222,9,4,71,140,2016,8,14,6,3,1,6,0,0,0,1,0,0,0,0,6.35725E+20,5.53227E+21,1.0891E+16,4.99273E+16
143222,143223,9,1,72,114,2016,8,20,2,3,0,7,0,0,1,0,0,0,0,0,7.90706E+20,5.29293E+21,1.28768E+16,4.77242E+16
143223,143224,9,6,63,0,2016,8,17,5,3,4,3,0,0,0,1,0,0,0,0,5.65929E+20,5.51691E+21,9.91617E+15,4.98011E+16
143224,143225,9,1,62,0,2016,8,13,6,3,0,3,0,1,0,1,0,0,0,0,6.88988E+20,5.34198E+21,1.15436E+16,4.82029E+16
143225,143226,9,1,62,0,2016,8,11,5,3,3,5,0,0,0,1,0,0,0,0,6.92007E+20,5.33448E+21,1.15808E+16,4.81346E+16
143226,143227,9,1,62,0,2016,8,11,1,3,0,3,0,0,1,1,0,0,0,0,6.97993E+20,5.32939E+21,1.16588E+16,4.8087E+16
143227,143228,9,6,78,134,2016,8,10,5,3,4,3,0,0,1,1,0,0,0,0,5.96832E+20,5.52838E+21,1.03484E+16,4.98999E+16
143228,143229,9,7,61,0,2016,8,7,1,3,5,3,0,0,0,1,0,0,0,1,6.40553E+20,5.35922E+21,1.08979E+16,4.83705E+16
143229,143230,9,1,74,115,2016,8,7,2,2,5,3,0,0,1,1,0,0,0,0,6.83719E+20,5.34807E+21,1.14754E+16,4.82592E+16
143230,143231,9,6,73,141,2016,8,17,5,2,6,4,0,0,0,1,1,0,0,0,6.04924E+20,5.57318E+21,1.04733E+16,5.03014E+16
143231,143232,9,7,61,0,2016,8,12,6,3,5,3,0,1,0,1,0,0,0,0,6.37193E+20,5.36203E+21,1.08534E+16,4.83965E+16
143232,143233,9,2,76,120,2016,8,17,1,3,0,7,0,0,1,0,0,0,0,1,7.96943E+20,5.44694E+21,1.30687E+16,4.91035E+16
143233,143234,9,1,62,0,2016,8,18,7,2,0,7,0,0,1,0,0,0,0,0,6.9322E+20,5.33473E+21,1.15972E+16,4.81365E+16
143234,143235,9,7,80,133,2016,8,11,1,3,0,7,0,0,1,0,0,0,0,0,5.97045E+20,5.25107E+21,1.02863E+16,4.74058E+16
143235,143236,9,1,61,0,2016,8,17,2,3,2,6,0,0,1,0,0,0,0,0,6.75253E+20,5.4048E+21,1.13852E+16,4.87715E+16
143236,143237,9,6,76,139,2016,8,14,5,2,0,3,0,0,1,0,0,0,0,0,5.18937E+20,5.50562E+21,9.26262E+15,4.97028E+16
143237,143238,9,6,63,0,2016,8,10,6,3,6,7,0,0,0,0,1,1,0,0,5.67125E+20,5.51628E+21,9.93267E+15,4.97952E+16
143238,143239,9,1,77,133,2016,8,15,1,3,0,7,0,0,1,0,0,0,0,0,7.0674E+20,5.36003E+21,1.17911E+16,4.83595E+16
143239,143240,9,1,62,0,2016,8,18,6,2,6,2,0,0,0,1,1,0,0,0,6.94528E+20,5.33484E+21,1.16148E+16,4.8137E+16
143240,143241,9,6,77,157,2016,8,11,7,2,5,3,0,0,0,1,0,0,0,0,5.43585E+20,5.52166E+21,9.60622E+15,4.98458E+16
143241,143242,9,7,75,164,2016,8,15,5,2,0,1,0,0,1,0,0,0,0,0,5.85615E+20,5.35124E+21,1.01546E+16,4.83085E+16
143242,143243,9,1,84,121,2016,8,14,1,2,0,1,0,0,1,0,0,0,0,0,7.06077E+20,5.33079E+21,1.17679E+16,4.8097E+16
143243,143244,9,5,62,0,2016,8,15,5,3,5,3,0,0,1,0,0,0,1,0,6.42545E+20,5.49771E+21,1.09733E+16,4.96151E+16
143244,143245,9,5,63,0,2016,8,15,1,3,5,3,0,0,0,1,0,1,0,0,6.45082E+20,5.4847E+21,1.10037E+16,4.94976E+16
143245,143246,9,2,79,130,2016,8,20,1,3,0,1,1,0,0,1,0,1,0,0,7.49798E+20,5.38911E+21,1.23888E+16,4.86052E+16
143246,143247,9,1,62,0,2016,8,20,7,3,0,1,1,0,1,0,0,0,0,0,6.90441E+20,5.3302E+21,1.15578E+16,4.80965E+16
143247,143248,9,2,61,0,2016,8,17,5,3,8,1,0,0,1,0,0,0,0,0,7.33684E+20,5.38146E+21,1.21662E+16,4.85427E+16
143248,143249,9,4,75,136,2016,8,13,7,3,5,3,0,0,0,1,0,0,0,0,6.93749E+20,5.56822E+21,1.17169E+16,5.02343E+16
143249,143250,9,3,74,111,2016,8,22,6,3,0,1,2,1,1,0,0,0,0,0,7.27858E+20,5.51214E+21,1.21612E+16,4.97186E+16
143250,143251,9,5,64,0,2016,8,12,7,3,5,2,0,0,0,1,0,0,0,0,6.52463E+20,5.48341E+21,1.1105E+16,4.94841E+16
143251,143252,9,2,72,141,2016,8,11,2,2,0,7,0,0,1,0,0,0,0,0,8.32801E+20,5.40999E+21,1.35284E+16,4.87538E+16
143252,143253,9,1,62,0,2016,8,15,1,3,0,7,0,0,1,0,0,0,0,0,6.91934E+20,5.33608E+21,1.15805E+16,4.8149E+16
143253,143254,9,5,74,157,2016,8,19,5,3,1,7,0,0,0,1,1,0,0,0,6.65509E+20,5.4668E+21,1.12781E+16,4.93315E+16
143254,143255,9,1,71,112,2016,8,9,6,3,1,5,0,1,0,1,0,0,0,0,7.84504E+20,5.34238E+21,1.28269E+16,4.81709E+16
143255,143256,9,1,72,118,2016,8,17,1,3,0,7,0,0,1,0,0,0,0,0,7.98006E+20,5.30635E+21,1.29831E+16,4.78413E+16
143256,143257,9,1,62,0,2016,8,11,5,3,5,2,0,0,0,1,0,0,0,0,6.95882E+20,5.32976E+21,1.16307E+16,4.8091E+16
143257,143258,9,7,71,130,2016,8,20,7,3,4,6,0,0,0,1,0,0,0,0,6.46681E+20,5.35684E+21,1.09797E+16,4.83477E+16
143258,143259,9,2,61,0,2016,8,17,5,3,1,7,0,0,0,1,0,1,0,0,7.31854E+20,5.3797E+21,1.21405E+16,4.85275E+16
143259,143260,9,3,75,174,2016,8,22,6,3,4,6,2,0,1,0,0,0,0,0,7.32903E+20,5.43019E+21,1.21832E+16,4.89807E+16
143260,143261,9,1,73,135,2016,8,11,7,3,5,3,0,0,0,1,0,1,0,0,6.9339E+20,5.28424E+21,1.15768E+16,4.76826E+16
143261,143262,9,1,90,139,2016,8,11,2,2,5,3,0,0,0,1,0,1,0,0,6.54669E+20,5.29485E+21,1.10651E+16,4.77884E+16
143262,143263,9,5,64,0,2016,8,16,5,3,5,3,0,0,0,1,0,0,0,0,6.49227E+20,5.48335E+21,1.10603E+16,4.94844E+16
143263,143264,9,6,63,0,2016,8,15,6,3,6,4,0,0,0,1,1,0,0,0,5.67875E+20,5.5166E+21,9.94315E+15,4.9798E+16
143264,143265,9,1,62,0,2016,8,17,6,3,9,6,0,1,0,1,0,0,0,1,6.88268E+20,5.33377E+21,1.15303E+16,4.81293E+16
143265,143266,9,1,63,0,2016,8,14,7,3,0,7,0,0,0,1,0,1,0,0,7.31143E+20,5.30436E+21,1.20899E+16,4.7851E+16
143266,143267,9,5,64,0,2016,8,14,5,3,6,4,0,0,0,1,1,0,0,0,6.46883E+20,5.48127E+21,1.10272E+16,4.94663E+16
143267,143268,9,1,62,0,2016,8,0,6,3,6,7,2,0,0,1,1,0,0,0,6.87564E+20,5.33394E+21,1.15209E+16,4.8131E+16
143268,143269,9,1,88,121,2016,8,17,6,3,2,6,0,1,0,1,0,0,0,0,6.70797E+20,5.33014E+21,1.12942E+16,4.81016E+16
143269,143270,9,1,87,117,2016,8,15,1,3,0,1,0,0,1,0,0,0,0,0,7.24851E+20,5.30526E+21,1.20064E+16,4.78613E+16
143270,143271,9,1,62,0,2016,8,11,5,3,6,2,0,0,0,1,1,0,0,1,6.86541E+20,5.33634E+21,1.15082E+16,4.81529E+16
143271,143272,9,2,74,126,2016,8,6,5,3,0,7,0,0,1,1,0,0,0,0,7.33292E+20,5.38529E+21,1.21631E+16,4.85773E+16
143272,143273,9,3,75,190,2016,8,13,6,3,5,3,0,0,0,1,0,0,0,0,7.27127E+20,5.44589E+21,1.21132E+16,4.91238E+16
143273,143274,9,7,74,162,2016,8,13,1,2,0,7,0,0,1,0,0,0,0,0,6.00976E+20,5.35092E+21,1.03617E+16,4.83034E+16
143274,143275,9,1,63,0,2016,8,13,2,3,0,7,0,0,1,0,0,0,0,0,7.33725E+20,5.30334E+21,1.21238E+16,4.78409E+16
143275,143276,9,5,64,0,2016,8,21,5,3,5,3,1,0,0,1,0,0,0,0,6.49148E+20,5.48065E+21,1.10582E+16,4.94602E+16
143276,143277,9,6,63,0,2016,8,12,6,3,2,6,0,0,0,1,0,0,0,0,5.7076E+20,5.51639E+21,9.98319E+15,4.97958E+16
143277,143278,9,1,62,0,2016,8,13,6,3,6,4,0,1,0,0,1,0,0,1,6.91305E+20,5.34292E+21,1.15752E+16,4.82106E+16
143278,143279,9,7,71,165,2016,8,15,7,3,0,7,0,0,1,0,0,0,1,0,6.60183E+20,5.36047E+21,1.11632E+16,4.8377E+16
143279,143280,9,7,78,113,2016,8,18,5,2,8,1,0,0,0,0,0,1,0,0,6.10782E+20,5.31891E+21,1.04855E+16,4.80138E+16
143280,143281,9,1,62,0,2016,8,9,1,3,3,6,0,0,0,1,0,1,0,0,6.86238E+20,5.33228E+21,1.15024E+16,4.81165E+16
143281,143282,9,1,77,117,2016,8,17,2,3,4,2,0,0,1,1,0,0,0,0,7.16057E+20,5.35437E+21,1.19138E+16,4.83055E+16
143282,143283,9,1,90,148,2016,8,21,5,3,5,3,2,0,0,1,0,1,0,0,6.4047E+20,5.29669E+21,1.08762E+16,4.78082E+16
143283,143284,9,7,72,171,2016,8,5,1,3,5,3,0,0,0,0,0,1,0,1,6.38227E+20,5.3695E+21,1.08699E+16,4.84635E+16
143284,143285,9,1,85,149,2016,8,10,2,3,0,6,0,0,0,0,0,1,0,0,6.60214E+20,5.39919E+21,1.11785E+16,4.87251E+16
143285,143286,9,5,64,0,2016,8,17,5,3,5,3,0,0,0,1,0,0,0,0,6.50089E+20,5.48354E+21,1.10723E+16,4.94859E+16
143286,143287,9,6,75,141,2016,8,12,6,3,5,3,0,0,0,1,0,0,0,0,5.83709E+20,5.50995E+21,1.01617E+16,4.97362E+16
143287,143288,9,1,77,126,2016,8,3,1,3,0,7,2,0,0,1,1,0,0,0,7.20167E+20,5.36838E+21,1.19765E+16,4.84301E+16
143288,143289,9,1,62,0,2016,8,21,6,2,0,7,2,1,1,0,0,0,0,0,6.84387E+20,5.33227E+21,1.14775E+16,4.8117E+16
143289,143290,9,6,62,0,2016,8,22,7,3,1,1,2,0,1,1,0,0,0,0,5.87192E+20,5.54449E+21,1.02178E+16,5.00463E+16
143290,143291,9,3,76,151,2016,8,7,2,3,5,3,0,0,0,1,0,0,0,0,7.49808E+20,5.48371E+21,1.24472E+16,4.94547E+16
143291,143292,9,1,62,0,2016,8,21,1,2,6,4,2,0,0,0,1,1,0,0,6.99001E+20,5.33211E+21,1.16736E+16,4.81111E+16
143292,143293,9,5,73,122,2016,8,12,5,2,5,3,0,0,1,1,0,0,0,0,6.4298E+20,5.47718E+21,1.09719E+16,4.94305E+16
143293,143294,9,4,64,0,2016,8,20,1,3,0,1,0,0,1,0,0,0,0,0,7.02831E+20,5.57651E+21,1.18485E+16,5.03058E+16
143294,143295,9,2,61,0,2016,8,16,6,3,2,6,0,1,0,1,0,0,0,0,7.31687E+20,5.38193E+21,1.21395E+16,4.85476E+16
143295,143296,9,5,77,173,2016,8,19,5,2,8,1,0,0,1,0,0,0,0,0,6.39922E+20,5.42494E+21,1.09116E+16,4.89616E+16
143296,143297,9,6,72,114,2016,8,19,1,2,0,7,0,0,0,0,0,1,0,0,5.76955E+20,5.56152E+21,1.00783E+16,5.02008E+16
143297,143298,9,1,78,145,2016,8,11,2,3,1,6,0,0,1,0,0,0,0,1,6.9732E+20,5.35513E+21,1.16617E+16,4.83185E+16
143298,143299,9,5,77,136,2016,8,8,5,2,4,6,0,0,1,0,0,0,0,0,6.27998E+20,5.44227E+21,1.07542E+16,4.91199E+16
143299,143300,9,2,75,135,2016,8,22,1,2,0,1,2,0,1,0,0,0,0,0,8.22433E+20,5.40176E+21,1.33813E+16,4.86854E+16
143300,143301,9,1,62,0,2016,8,19,7,2,5,2,0,0,0,1,0,1,0,0,6.90564E+20,5.33533E+21,1.15618E+16,4.81426E+16
143301,143302,9,5,64,0,2016,8,10,7,3,6,4,0,0,0,0,1,1,0,0,6.49774E+20,5.46958E+21,1.10627E+16,4.93605E+16
143302,143303,9,2,74,132,2016,8,20,2,3,0,1,1,0,1,0,0,0,0,0,7.23089E+20,5.38629E+21,1.20255E+16,4.859E+16
143303,143304,9,3,76,144,2016,8,6,6,3,4,6,0,1,0,1,0,0,0,0,7.30522E+20,5.48262E+21,1.21808E+16,4.94524E+16
143304,143305,9,7,74,150,2016,8,18,1,3,5,3,0,0,0,1,0,0,0,0,6.01615E+20,5.3449E+21,1.03688E+16,4.82491E+16
143305,143306,9,5,75,168,2016,8,21,5,3,1,6,2,1,0,1,0,0,0,1,5.89221E+20,5.48894E+21,1.02334E+16,4.95465E+16
143306,143307,9,1,85,149,2016,8,22,6,3,0,2,2,0,0,1,0,1,0,0,6.61321E+20,5.39924E+21,1.11936E+16,4.87253E+16
143307,143308,9,1,63,0,2016,8,17,1,3,6,7,0,0,0,1,1,0,0,0,7.33014E+20,5.30478E+21,1.21151E+16,4.78541E+16
143308,143309,9,1,62,0,2016,8,15,5,3,5,3,0,0,0,1,0,1,0,0,6.90729E+20,5.34029E+21,1.15662E+16,4.81872E+16
143309,143310,9,1,90,140,2016,8,14,5,3,5,3,0,0,0,1,0,1,0,0,6.44843E+20,5.29476E+21,1.09339E+16,4.77899E+16
143310,143311,9,1,83,148,2016,8,18,1,3,5,3,0,0,0,1,0,0,0,0,7.52661E+20,5.34504E+21,1.2401E+16,4.82082E+16
143311,143312,9,1,84,148,2016,8,16,5,3,1,6,0,0,0,1,0,1,0,0,6.94739E+20,5.32669E+21,1.16139E+16,4.80638E+16
143312,143313,9,7,62,0,2016,8,21,7,3,5,3,2,0,0,1,0,0,0,0,6.21161E+20,5.30366E+21,1.06203E+16,4.78748E+16
143313,143314,9,1,73,133,2016,8,16,5,3,1,7,0,0,1,0,1,0,0,1,6.78158E+20,5.28142E+21,1.13729E+16,4.76616E+16
143314,143315,9,4,74,144,2016,8,0,7,3,1,1,2,0,0,1,0,1,0,0,6.55599E+20,5.49616E+21,1.11533E+16,4.9598E+16
143315,143316,9,3,76,170,2016,8,13,6,3,5,3,0,0,0,1,0,0,0,0,7.24577E+20,5.4573E+21,1.20847E+16,4.92273E+16
143316,143317,9,1,61,0,2016,8,9,7,3,0,1,0,0,0,0,0,1,0,0,6.76029E+20,5.39999E+21,1.13937E+16,4.8728E+16
143317,143318,9,4,78,165,2016,8,16,5,3,5,2,0,0,0,0,0,1,0,1,6.40026E+20,5.55761E+21,1.09602E+16,5.01541E+16
143318,143319,9,6,73,134,2016,8,7,6,2,0,1,0,0,0,1,0,0,0,0,6.01213E+20,5.57929E+21,1.04229E+16,5.0357E+16
143319,143320,9,1,81,120,2016,8,9,6,3,9,1,0,1,0,1,0,0,0,0,6.50249E+20,5.32053E+21,1.1015E+16,4.80203E+16
143320,143321,9,1,88,120,2016,8,15,1,3,0,7,0,0,1,0,0,0,0,1,6.76856E+20,5.32517E+21,1.13735E+16,4.80553E+16
143321,143322,9,1,62,0,2016,8,20,5,3,3,2,1,0,1,1,0,0,0,0,6.92659E+20,5.33341E+21,1.15891E+16,4.81248E+16
143322,143323,9,1,83,148,2016,8,15,5,3,0,7,0,0,0,0,1,0,1,0,7.51504E+20,5.34443E+21,1.23851E+16,4.82033E+16
143323,143324,9,2,63,0,2016,8,15,6,3,6,4,0,0,0,0,1,0,0,1,7.61359E+20,5.42037E+21,1.25651E+16,4.88812E+16
143324,143325,9,7,80,113,2016,8,10,1,2,0,1,0,0,1,0,0,0,0,0,5.8219E+20,5.25694E+21,1.00905E+16,4.74607E+16
143325,143326,9,1,87,128,2016,8,18,2,3,0,1,0,0,1,0,0,0,0,0,7.47354E+20,5.30977E+21,1.23093E+16,4.78936E+16
143326,143327,9,3,63,0,2016,8,10,5,3,6,4,0,0,0,1,1,0,0,0,7.27342E+20,5.50716E+21,1.21512E+16,4.9674E+16
143327,143328,9,6,73,114,2016,8,19,6,2,8,1,0,0,1,0,0,0,0,0,5.88026E+20,5.57626E+21,1.02368E+16,5.03319E+16
143328,143329,9,2,63,0,2016,8,12,6,3,4,2,0,0,0,1,0,1,0,0,7.63951E+20,5.42132E+21,1.2601E+16,4.88885E+16
143329,143330,9,1,71,113,2016,8,19,2,2,2,6,0,0,0,1,0,0,0,0,7.79677E+20,5.33992E+21,1.27605E+16,4.8151E+16
143330,143331,9,3,74,150,2016,8,13,5,3,5,3,0,0,1,1,0,0,0,0,7.28727E+20,5.51844E+21,1.2177E+16,4.97748E+16
143331,143332,9,5,76,127,2016,8,16,6,3,0,7,0,0,1,0,0,0,0,0,6.58603E+20,5.44836E+21,1.11758E+16,4.91676E+16
143332,143333,9,1,84,129,2016,8,8,6,2,5,3,0,1,0,1,0,0,0,1,6.99372E+20,5.32589E+21,1.16757E+16,4.80551E+16
143333,143334,9,1,62,0,2016,8,14,1,3,3,7,0,0,0,0,0,1,0,1,6.92289E+20,5.33502E+21,1.15848E+16,4.81394E+16
143334,143335,9,7,72,163,2016,8,10,1,3,0,1,0,0,1,0,0,0,0,0,6.39639E+20,5.34779E+21,1.08818E+16,4.82679E+16
143335,143336,9,1,74,131,2016,8,16,2,3,5,3,0,0,1,1,0,0,0,0,6.75838E+20,5.35577E+21,1.13725E+16,4.83307E+16
143336,143337,9,3,74,124,2016,8,18,5,2,0,3,0,0,1,1,0,0,0,0,7.0939E+20,5.51146E+21,1.1905E+16,4.97192E+16
143337,143338,9,5,74,164,2016,8,23,6,3,9,7,2,1,0,1,0,0,0,0,6.67134E+20,5.4731E+21,1.13031E+16,4.93876E+16
143338,143339,9,1,62,0,2016,8,2,7,3,6,4,2,0,0,1,1,0,0,0,6.91109E+20,5.33522E+21,1.15691E+16,4.81415E+16
143339,143340,9,1,62,0,2016,8,16,6,3,2,6,0,1,0,1,0,0,0,0,6.90265E+20,5.33494E+21,1.15576E+16,4.81393E+16
143340,143341,9,5,64,0,2016,8,16,7,3,6,4,0,1,1,0,1,0,0,0,6.52715E+20,5.47902E+21,1.11068E+16,4.94447E+16
143341,143342,9,2,72,141,2016,8,10,2,2,1,5,0,0,1,1,0,0,0,0,8.3046E+20,5.4132E+21,1.34992E+16,4.87839E+16
143342,143343,9,1,88,127,2016,8,16,1,3,0,7,0,0,1,0,0,0,0,0,6.73539E+20,5.32907E+21,1.13306E+16,4.80912E+16
143343,143344,9,7,74,135,2016,8,20,6,2,0,7,0,0,0,0,1,0,0,1,5.94425E+20,5.36798E+21,1.02772E+16,4.84579E+16
143344,143345,9,6,79,156,2016,8,17,7,3,4,6,0,0,1,1,0,0,0,0,5.74536E+20,5.52177E+21,1.00367E+16,4.98437E+16
143345,143346,9,7,74,135,2016,8,3,5,3,0,1,2,0,1,0,0,0,0,0,5.95026E+20,5.3667E+21,1.0285E+16,4.84462E+16
143346,143347,9,1,62,0,2016,8,13,1,3,5,3,0,0,0,1,0,0,0,0,6.84481E+20,5.33297E+21,1.14791E+16,4.81233E+16
143347,143348,9,5,62,0,2016,8,14,1,2,4,2,0,0,1,1,0,0,0,0,6.43554E+20,5.49667E+21,1.09869E+16,4.96055E+16
143348,143349,9,2,74,121,2016,8,18,1,3,0,7,0,0,1,0,0,0,0,0,7.24226E+20,5.37053E+21,1.20324E+16,4.8448E+16
143349,143350,9,1,62,0,2016,8,18,7,3,1,2,0,0,1,1,0,0,0,0,6.8308E+20,5.33552E+21,1.14614E+16,4.81465E+16
143350,143351,9,1,71,112,2016,8,17,5,3,0,7,0,0,1,0,0,0,0,0,7.83868E+20,5.34203E+21,1.28182E+16,4.8168E+16
143351,143352,9,5,77,173,2016,8,9,7,3,5,6,0,0,1,1,0,0,0,0,6.39725E+20,5.42447E+21,1.09087E+16,4.89574E+16
143352,143353,9,1,62,0,2016,8,17,5,2,4,2,0,0,1,0,0,0,0,1,6.90911E+20,5.33565E+21,1.15666E+16,4.81454E+16
143353,143354,9,3,62,0,2016,8,5,6,3,5,3,1,1,0,1,0,0,0,0,7.26542E+20,5.43521E+21,1.20992E+16,4.90281E+16
143354,143355,9,1,62,0,2016,8,20,2,3,0,6,1,0,1,1,0,0,0,0,6.8753E+20,5.33388E+21,1.15204E+16,4.81305E+16
143355,143356,9,6,71,155,2016,8,7,5,3,0,7,0,0,0,0,0,1,0,0,5.04597E+20,5.53637E+21,9.06412E+15,4.99796E+16
143356,143357,9,5,64,0,2016,8,18,3,3,2,6,0,0,0,1,0,0,0,0,6.4728E+20,5.47806E+21,1.10315E+16,4.94374E+16
143357,143358,9,5,64,0,2016,8,16,5,3,5,2,0,0,0,1,0,0,0,0,6.57396E+20,5.4733E+21,1.11691E+16,4.93921E+16
143358,143359,9,5,64,0,2016,8,16,3,3,2,6,0,0,0,1,0,0,0,0,6.50404E+20,5.4792E+21,1.1075E+16,4.94468E+16
143359,143360,9,5,64,0,2016,8,14,2,3,8,1,0,0,0,1,0,0,0,0,6.46849E+20,5.47291E+21,1.10237E+16,4.93912E+16
143360,143361,9,1,62,0,2016,8,17,4,3,4,6,0,1,0,1,0,1,0,0,6.97889E+20,5.33371E+21,1.16594E+16,4.81259E+16
143361,143362,9,4,62,0,2016,8,10,5,3,5,2,0,0,0,1,0,1,0,0,6.83998E+20,5.53432E+21,1.1564E+16,4.99329E+16
143362,143363,9,1,62,0,2016,8,21,2,3,0,1,2,0,1,0,0,0,0,0,6.9021E+20,5.33375E+21,1.15563E+16,4.81286E+16
143363,143364,9,2,61,0,2016,8,7,4,3,5,2,0,0,0,1,0,1,0,0,7.32102E+20,5.38178E+21,1.2145E+16,4.85461E+16
143364,143365,9,1,83,112,2016,8,13,5,3,1,6,0,0,0,1,0,1,0,0,7.54519E+20,5.34953E+21,1.24287E+16,4.82478E+16
143365,143366,9,1,62,0,2016,8,16,3,3,2,6,0,0,0,0,0,1,0,0,6.83375E+20,5.33552E+21,1.14653E+16,4.81464E+16
143366,143367,9,2,73,141,2016,8,6,6,3,5,3,0,1,0,1,0,0,0,1,7.23925E+20,5.41206E+21,1.20508E+16,4.88211E+16
143367,143368,9,5,64,0,2016,8,0,3,3,9,1,2,0,0,1,0,0,0,0,6.45444E+20,5.47784E+21,1.10061E+16,4.94358E+16
143368,143369,9,1,62,0,2016,8,9,3,3,1,5,0,1,1,1,0,0,0,0,6.89435E+20,5.33348E+21,1.15458E+16,4.81263E+16
143369,143370,9,5,63,0,2016,8,15,5,3,0,7,0,0,1,0,0,0,0,0,6.40217E+20,5.48354E+21,1.09361E+16,4.94883E+16
143370,143371,9,5,64,0,2016,8,6,3,3,5,3,0,0,1,1,0,0,0,0,6.49388E+20,5.48071E+21,1.10616E+16,4.94606E+16
143371,143372,9,5,64,0,2016,8,14,2,3,6,7,0,0,1,0,1,0,0,0,6.49873E+20,5.48035E+21,1.10681E+16,4.94573E+16
143372,143373,9,1,62,0,2016,8,10,4,3,5,3,0,0,0,1,0,1,0,0,6.8982E+20,5.33343E+21,1.1551E+16,4.81258E+16
143373,143374,9,1,62,0,2016,8,13,2,3,5,3,0,0,1,1,0,0,0,0,6.90062E+20,5.33642E+21,1.15555E+16,4.81526E+16
143374,143375,9,1,90,157,2016,8,18,4,3,4,2,0,1,0,1,0,0,0,0,6.59996E+20,5.29895E+21,1.11376E+16,4.7824E+16
143375,143376,9,1,63,0,2016,8,12,5,3,0,7,0,0,1,1,0,0,0,0,7.3342E+20,5.30471E+21,1.21205E+16,4.78533E+16
143376,143377,9,7,75,135,2016,8,19,3,3,5,3,0,0,1,0,0,0,0,1,5.74622E+20,5.35896E+21,1.00078E+16,4.83794E+16