FID,OBJECTID,ULAND,UREGBEZ,UKREIS,UGEMEINDE,UJAHR,UMONAT,USTUNDE,UWOCHENTAG,UKATEGORIE,UART,UTYP1,ULICHTVERH,IstStrasse,IstRad,IstPKW,IstFuss,IstKrad,IstGkfz,IstSonstig,LINREFX,LINREFY,XGCSWGS84,YGCSWGS84
143377,143378,9,6,72,114,2016,8,12,4,3,0,3,0,0,0,1,0,0,0,1,5.77365E+20,5.56181E+21,1.00841E+16,5.02034E+16
143378,143379,9,5,64,0,2016,8,21,3,3,5,2,2,0,0,1,0,0,0,0,6.46964E+20,5.48163E+21,1.10285E+16,4.94695E+16
143379,143380,9,1,63,0,2016,8,18,6,3,5,3,0,0,1,1,0,0,0,0,7.33183E+20,5.30457E+21,1.21172E+16,4.78521E+16
143380,143381,9,5,71,223,2016,8,4,6,3,9,1,2,1,0,1,0,0,0,0,6.09182E+20,5.4482E+21,1.04981E+16,4.91769E+16
143381,143382,9,1,62,0,2016,8,10,2,3,0,1,0,0,1,0,0,0,0,0,6.87295E+20,5.33445E+21,1.15175E+16,4.81358E+16
143382,143383,9,7,72,147,2016,8,15,5,3,2,6,0,0,1,1,0,0,0,0,6.39139E+20,5.36441E+21,1.08805E+16,4.84175E+16
143383,143384,9,1,62,0,2016,8,21,4,3,5,3,2,1,1,1,0,0,0,0,6.92212E+20,5.33885E+21,1.15855E+16,4.81738E+16
143384,143385,9,5,64,0,2016,8,22,6,3,6,3,2,1,0,1,1,0,0,0,6.49066E+20,5.47907E+21,1.10565E+16,4.9446E+16
143385,143386,9,1,62,0,2016,8,10,5,3,5,3,0,0,0,1,0,0,0,0,6.90998E+20,5.33644E+21,1.15681E+16,4.81525E+16
143386,143387,9,4,73,151,2016,8,17,5,3,6,7,0,0,0,1,1,0,0,0,6.50139E+20,5.57817E+21,1.11098E+16,5.03365E+16
143387,143388,9,1,62,0,2016,8,18,2,2,5,3,0,0,0,1,0,0,0,0,6.90203E+20,5.33543E+21,1.1557E+16,4.81437E+16
143388,143389,9,1,83,148,2016,8,6,4,3,5,3,1,0,0,1,0,0,0,0,7.53921E+20,5.34408E+21,1.24174E+16,4.81991E+16
143389,143390,9,1,87,117,2016,8,14,5,3,3,6,0,0,1,1,0,0,0,0,7.25421E+20,5.3051E+21,1.20139E+16,4.78597E+16
143390,143391,9,7,80,121,2016,8,20,3,3,5,3,0,0,1,1,0,0,0,0,5.95811E+20,5.25717E+21,1.02712E+16,4.7461E+16
143391,143392,9,5,76,121,2016,8,17,4,2,0,7,0,0,1,0,0,0,0,0,6.47069E+20,5.45084E+21,1.10186E+16,4.91927E+16
143392,143393,9,5,64,0,2016,8,16,3,2,3,5,0,0,1,1,0,0,0,0,6.52619E+20,5.48239E+21,1.11068E+16,4.94749E+16
143393,143394,9,1,77,115,2016,8,12,6,3,5,3,0,1,0,1,0,0,0,0,7.33905E+20,5.35167E+21,1.21526E+16,4.8275E+16
143394,143395,9,3,74,117,2016,8,1,6,2,8,1,2,1,1,0,0,0,0,0,7.04054E+20,5.51511E+21,1.1833E+16,4.97538E+16
143395,143396,9,1,62,0,2016,8,8,2,3,2,6,0,0,0,1,0,1,0,0,6.91084E+20,5.34079E+21,1.15712E+16,4.81916E+16
143396,143397,9,6,62,0,2016,8,8,5,2,8,1,0,0,0,0,0,1,0,0,5.87062E+20,5.54342E+21,1.02158E+16,5.00367E+16
143397,143398,9,4,78,116,2016,8,0,3,2,9,1,2,0,1,0,0,0,0,0,6.59359E+20,5.55725E+21,1.12305E+16,5.01461E+16
143398,143399,9,5,63,0,2016,8,12,5,3,2,6,0,0,0,1,0,1,0,0,6.45838E+20,5.48142E+21,1.10129E+16,4.94679E+16
143399,143400,9,3,63,0,2016,8,6,3,3,0,1,0,0,1,0,0,0,0,0,7.2673E+20,5.50881E+21,1.21437E+16,4.96891E+16
143400,143401,9,1,62,0,2016,8,8,2,3,5,3,0,0,1,1,0,0,0,0,6.87734E+20,5.33239E+21,1.15225E+16,4.81171E+16
143401,143402,9,5,65,0,2016,8,15,5,3,5,3,0,0,1,0,0,0,0,1,6.47174E+20,5.46542E+21,1.10254E+16,4.93238E+16
143402,143403,9,7,77,159,2016,8,10,3,2,0,7,0,1,1,0,0,0,0,0,6.15682E+20,5.27098E+21,1.05384E+16,4.75819E+16
143403,143404,9,5,64,0,2016,8,11,4,3,5,3,0,0,0,1,0,1,0,0,6.46223E+20,5.4817E+21,1.10183E+16,4.94703E+16
143404,143405,9,7,72,184,2016,8,18,3,2,6,4,0,0,0,1,1,0,0,0,6.36277E+20,5.36091E+21,1.08407E+16,4.83866E+16
143405,143406,9,1,62,0,2016,8,18,5,2,6,3,0,0,0,1,1,0,0,0,6.90104E+20,5.33819E+21,1.15569E+16,4.81685E+16
143406,143407,9,2,76,122,2016,8,22,6,2,8,1,2,1,0,0,0,1,0,0,7.89988E+20,5.44013E+21,1.29688E+16,4.90458E+16
143407,143408,9,1,62,0,2016,8,17,2,3,5,3,0,0,1,1,0,0,0,0,6.86254E+20,5.34334E+21,1.15074E+16,4.82159E+16
143408,143409,9,3,72,169,2016,8,18,3,2,9,1,0,0,0,0,0,1,0,0,7.4682E+20,5.44633E+21,1.23829E+16,4.91202E+16
143409,143410,9,5,64,0,2016,8,5,5,3,5,3,1,0,0,1,0,0,0,0,6.57781E+20,5.47392E+21,1.11746E+16,4.93975E+16
143410,143411,9,3,62,0,2016,8,18,3,3,3,2,0,0,0,1,0,0,0,0,7.26446E+20,5.43348E+21,1.20969E+16,4.90126E+16
143411,143412,9,5,77,161,2016,8,18,2,3,2,5,0,0,0,1,0,0,0,0,6.4483E+20,5.44114E+21,1.09844E+16,4.91061E+16
143412,143413,9,1,84,149,2016,8,15,4,3,0,7,0,1,1,0,0,0,0,0,6.91037E+20,5.35133E+21,1.15754E+16,4.82863E+16
143413,143414,9,4,61,0,2016,8,22,5,3,5,3,2,0,1,0,0,0,0,0,6.35692E+20,5.52904E+21,1.08894E+16,4.98983E+16
143414,143415,9,5,71,155,2016,8,11,2,3,0,1,0,0,1,0,0,0,0,0,5.97453E+20,5.46842E+21,1.03421E+16,4.93607E+16
143415,143416,9,5,64,0,2016,8,7,4,3,0,1,0,1,1,0,0,0,0,0,6.47278E+20,5.48067E+21,1.10325E+16,4.94608E+16
143416,143417,9,1,84,138,2016,8,8,4,3,5,2,0,0,1,1,0,0,0,0,6.82522E+20,5.33131E+21,1.14521E+16,4.81089E+16
143417,143418,9,3,75,174,2016,8,8,5,3,5,3,0,0,0,1,0,0,1,0,7.3387E+20,5.43071E+21,1.21967E+16,4.89849E+16
143418,143419,9,1,62,0,2016,8,14,2,3,4,3,0,0,1,1,0,0,0,0,6.90707E+20,5.33815E+21,1.1565E+16,4.8168E+16
143419,143420,9,1,83,148,2016,8,10,4,3,6,7,0,0,1,0,1,0,0,0,7.52774E+20,5.34484E+21,1.24024E+16,4.82064E+16
143420,143421,9,3,76,161,2016,8,13,3,3,5,3,0,0,1,1,0,0,0,0,7.25831E+20,5.46803E+21,1.21079E+16,4.93231E+16
143421,143422,9,1,62,0,2016,8,6,3,3,5,7,0,1,0,1,0,0,0,0,6.90956E+20,5.33431E+21,1.15666E+16,4.81334E+16
143422,143423,9,4,79,152,2016,8,18,5,3,0,1,0,0,1,0,0,0,0,0,7.2428E+20,5.56624E+21,1.21432E+16,5.02058E+16
143423,143424,9,3,76,117,2016,8,9,3,3,2,1,0,0,0,1,0,1,0,0,7.40726E+20,5.45977E+21,1.23076E+16,4.92433E+16
143424,143425,9,4,75,136,2016,8,14,2,3,5,3,0,0,0,1,0,1,0,0,6.94179E+20,5.56862E+21,1.17231E+16,5.02378E+16
143425,143426,9,1,62,0,2016,8,23,4,3,6,7,2,0,0,1,1,0,0,0,6.90578E+20,5.34027E+21,1.15642E+16,4.81871E+16
143426,143427,9,1,62,0,2016,8,12,5,3,3,2,0,0,1,1,0,0,0,0,6.8936E+20,5.33113E+21,1.15438E+16,4.81052E+16
143427,143428,9,4,63,0,2016,8,21,5,3,5,3,2,0,0,1,0,1,0,0,6.43625E+20,5.56949E+21,1.1015E+16,5.02601E+16
143428,143429,9,1,62,0,2016,8,20,2,3,6,4,0,0,0,0,1,1,0,0,6.90519E+20,5.33682E+21,1.15619E+16,4.81561E+16
143429,143430,9,1,72,134,2016,8,6,4,3,7,1,0,1,0,1,0,1,0,0,7.86307E+20,5.30673E+21,1.28273E+16,4.78501E+16
143430,143431,9,1,61,0,2016,8,16,5,3,2,6,0,0,0,1,0,1,0,0,6.78142E+20,5.40528E+21,1.14247E+16,4.8775E+16
143431,143432,9,7,64,0,2016,8,8,3,3,1,7,0,0,0,1,0,0,0,0,5.87077E+20,5.31537E+21,1.0167E+16,4.79857E+16
143432,143433,9,5,64,0,2016,8,17,4,3,1,7,0,0,1,0,1,0,0,0,6.51566E+20,5.48076E+21,1.10916E+16,4.94606E+16
143433,143434,9,3,71,120,2016,8,18,3,3,1,7,0,0,0,1,0,1,0,0,7.13273E+20,5.46891E+21,1.19358E+16,4.93356E+16
143434,143435,9,1,62,0,2016,8,18,2,3,5,3,0,0,1,0,0,0,0,0,6.9155E+20,5.33387E+21,1.15744E+16,4.81292E+16
143435,143436,9,1,72,116,2016,8,11,4,3,1,5,0,1,0,1,0,0,0,0,8.00726E+20,5.2834E+21,1.30035E+16,4.76341E+16
143436,143437,9,1,86,128,2016,8,14,5,3,8,1,0,0,0,1,0,0,0,0,6.79031E+20,5.38375E+21,1.14275E+16,4.85812E+16
143437,143438,9,1,62,0,2016,8,8,3,3,5,3,0,1,0,1,0,1,0,0,6.93519E+20,5.33561E+21,1.16016E+16,4.81442E+16
143438,143439,9,1,89,124,2016,8,17,6,3,0,7,0,0,1,0,0,0,0,0,7.8062E+20,5.29768E+21,1.27456E+16,4.77713E+16
143439,143440,9,5,64,0,2016,8,20,6,3,5,3,0,1,0,1,0,1,0,0,6.50264E+20,5.48114E+21,1.10738E+16,4.94643E+16
143440,143441,9,7,75,152,2016,8,10,5,3,8,1,0,0,0,1,0,0,0,0,5.76661E+20,5.3532E+21,1.00342E+16,4.83274E+16
143441,143442,9,1,62,0,2016,8,13,2,3,5,6,0,0,0,1,0,0,0,1,6.94079E+20,5.33637E+21,1.16095E+16,4.8151E+16
143442,143443,9,1,63,0,2016,8,5,4,3,5,3,1,1,1,0,0,1,0,0,7.31956E+20,5.30539E+21,1.21013E+16,4.786E+16
143443,143444,9,1,86,143,2016,8,6,5,3,0,1,0,0,1,0,0,0,0,0,6.83973E+20,5.37867E+21,1.14922E+16,4.85342E+16
143444,143445,9,7,76,116,2016,8,10,3,2,0,7,0,1,1,0,0,0,0,0,5.5139E+20,5.26685E+21,9.68304E+15,4.7553E+16
143445,143446,9,5,64,0,2016,8,19,4,3,4,6,0,0,1,0,0,0,0,0,6.52045E+20,5.47929E+21,1.10977E+16,4.94472E+16
143446,143447,9,7,71,146,2016,8,15,3,3,0,7,0,0,0,0,0,1,1,0,6.46865E+20,5.34702E+21,1.09788E+16,4.82593E+16
143447,143448,9,1,62,0,2016,8,17,5,3,2,6,0,0,0,1,0,1,0,0,6.89878E+20,5.34016E+21,1.15547E+16,4.81863E+16
143448,143449,9,3,62,0,2016,8,17,6,3,4,2,0,0,0,1,0,0,0,0,7.28065E+20,5.43383E+21,1.21192E+16,4.90152E+16
143449,143450,9,1,62,0,2016,8,16,2,3,1,7,0,0,1,1,0,0,0,0,6.90852E+20,5.33488E+21,1.15655E+16,4.81385E+16
143450,143451,9,1,74,121,2016,8,20,6,3,0,1,1,0,1,0,0,0,0,0,6.87562E+20,5.35283E+21,1.15292E+16,4.83009E+16
143451,143452,9,4,62,0,2016,8,13,6,3,5,3,0,1,0,1,0,0,0,0,6.84318E+20,5.53508E+21,1.15688E+16,4.99396E+16
143452,143453,9,1,62,0,2016,8,11,2,3,0,7,0,0,1,0,0,0,0,0,6.83043E+20,5.33553E+21,1.14609E+16,4.81466E+16
143453,143454,9,7,61,0,2016,8,12,5,2,0,7,0,0,0,0,0,1,0,0,6.4428E+20,5.35867E+21,1.0948E+16,4.83647E+16
143454,143455,9,1,62,0,2016,8,19,2,3,2,6,0,0,0,1,0,0,0,0,6.86216E+20,5.33463E+21,1.15031E+16,4.81377E+16
143455,143456,9,5,74,132,2016,8,18,5,3,0,1,0,0,1,0,0,0,0,0,6.76359E+20,5.48651E+21,1.1436E+16,4.95056E+16
143456,143457,9,7,72,200,2016,8,6,3,3,5,3,0,1,1,1,0,0,0,0,6.3053E+20,5.33876E+21,1.07563E+16,4.81886E+16
143457,143458,9,4,73,159,2016,8,12,2,3,3,6,0,0,1,0,0,0,0,0,6.44034E+20,5.57256E+21,1.10219E+16,5.02875E+16
143458,143459,9,5,64,0,2016,8,18,4,3,5,6,0,0,1,0,0,0,0,1,6.53668E+20,5.4824E+21,1.11213E+16,4.94748E+16
143459,143460,9,7,71,112,2016,8,8,3,3,5,3,0,1,0,1,0,0,1,0,6.48574E+20,5.36659E+21,1.10087E+16,4.84349E+16
143460,143461,9,1,62,0,2016,8,19,4,3,5,3,0,1,1,1,0,0,0,0,6.90058E+20,5.34018E+21,1.15572E+16,4.81864E+16
143461,143462,9,3,75,130,2016,8,12,5,3,0,7,0,0,0,0,0,0,0,1,7.35011E+20,5.43578E+21,1.22152E+16,4.90301E+16
143462,143463,9,1,62,0,2016,8,16,2,3,1,5,0,0,1,1,0,0,0,0,6.89825E+20,5.33329E+21,1.1551E+16,4.81245E+16
143463,143464,9,2,71,119,2016,8,13,3,3,0,1,0,0,0,0,0,1,0,0,7.89449E+20,5.41706E+21,1.2945E+16,4.8839E+16
143464,143465,9,1,62,0,2016,8,11,3,3,5,3,0,0,1,1,0,0,0,0,6.91414E+20,5.3353E+21,1.15732E+16,4.81421E+16
143465,143466,9,5,64,0,2016,8,15,5,3,2,6,0,0,0,1,0,0,0,0,6.45178E+20,5.47946E+21,1.1003E+16,4.94504E+16
143466,143467,9,2,71,149,2016,8,5,3,3,8,6,1,1,0,1,0,0,0,0,8.05214E+20,5.40838E+21,1.31529E+16,4.87535E+16
143467,143468,9,6,76,119,2016,8,19,5,3,5,3,0,0,1,1,0,0,0,0,5.28018E+20,5.50079E+21,9.38821E+15,4.9659E+16
143468,143469,9,2,77,116,2016,8,20,3,3,5,3,1,1,1,1,0,0,0,0,7.77682E+20,5.36791E+21,1.27521E+16,4.84031E+16
143469,143470,9,5,64,0,2016,8,18,5,3,5,2,0,0,1,1,0,0,0,0,6.52218E+20,5.48069E+21,1.11006E+16,4.94597E+16
143470,143471,9,2,61,0,2016,8,9,3,3,0,1,0,1,0,0,0,1,0,0,7.32504E+20,5.3803E+21,1.21496E+16,4.85326E+16
143471,143472,9,4,73,159,2016,8,7,2,3,0,1,0,0,1,0,0,0,0,0,6.44878E+20,5.5727E+21,1.10338E+16,5.02886E+16
143472,143473,9,4,73,151,2016,8,11,4,3,2,6,0,0,0,1,0,1,0,0,6.51222E+20,5.57756E+21,1.11248E+16,5.03307E+16
143473,143474,9,1,62,0,2016,8,18,4,3,2,7,0,1,0,1,0,0,0,0,6.94001E+20,5.33503E+21,1.16078E+16,4.8139E+16
143474,143475,9,3,62,0,2016,8,10,5,3,3,2,0,0,1,1,0,0,0,0,7.25947E+20,5.43094E+21,1.20887E+16,4.899E+16
143475,143476,9,7,80,139,2016,8,17,2,3,2,6,0,0,1,1,0,0,0,0,5.96462E+20,5.26313E+21,1.02812E+16,4.75145E+16
143476,143477,9,1,87,128,2016,8,17,4,3,0,1,0,0,1,0,0,0,0,0,7.47448E+20,5.31076E+21,1.23111E+16,4.79024E+16
143477,143478,9,1,85,127,2016,8,17,5,2,0,1,0,0,1,0,0,0,0,0,6.54819E+20,5.38654E+21,1.11005E+16,4.86128E+16
143478,143479,9,2,73,116,2016,8,19,3,3,5,3,0,0,0,1,0,0,0,0,7.20745E+20,5.42353E+21,1.20137E+16,4.89253E+16
143479,143480,9,1,62,0,2016,8,13,3,3,4,2,0,0,1,1,0,0,0,0,6.91283E+20,5.3394E+21,1.15733E+16,4.8179E+16
143480,143481,9,2,77,116,2016,8,6,6,3,5,3,0,1,1,1,0,0,0,0,7.78233E+20,5.36817E+21,1.27597E+16,4.84052E+16
143481,143482,9,1,62,0,2016,8,11,4,3,5,7,0,1,0,1,0,1,0,0,6.90145E+20,5.33468E+21,1.15559E+16,4.8137E+16
143482,143483,9,4,76,145,2016,8,12,2,3,6,2,0,0,0,1,1,0,0,0,6.65815E+20,5.56771E+21,1.13253E+16,5.02383E+16
143483,143484,9,1,62,0,2016,8,9,4,3,5,5,0,0,1,1,0,0,0,0,6.91576E+20,5.33537E+21,1.15754E+16,4.81427E+16
143484,143485,9,7,80,123,2016,8,14,2,2,0,1,0,0,1,0,0,0,0,0,6.05436E+20,5.253E+21,1.03979E+16,4.7422E+16
143485,143486,9,1,86,147,2016,8,13,5,2,5,3,0,0,1,1,0,0,0,0,6.82302E+20,5.39194E+21,1.14754E+16,4.86539E+16
143486,143487,9,7,75,152,2016,8,16,3,2,5,3,0,0,1,1,0,0,0,0,5.77244E+20,5.35377E+21,1.00422E+16,4.83324E+16
143487,143488,9,1,90,157,2016,8,11,3,3,6,7,0,1,0,1,1,0,0,0,6.60406E+20,5.30064E+21,1.11437E+16,4.78391E+16
143488,143489,9,1,72,114,2016,8,10,6,3,4,2,0,1,0,1,0,0,0,0,7.90639E+20,5.29316E+21,1.2876E+16,4.77263E+16
143489,143490,9,5,71,165,2016,8,12,6,3,0,7,0,0,1,1,0,0,0,0,6.30103E+20,5.46696E+21,1.07911E+16,4.93415E+16
143490,143491,9,7,80,124,2016,8,10,2,3,5,2,0,0,1,1,0,0,0,0,5.89733E+20,5.26922E+21,1.01931E+16,4.75702E+16
143491,143492,9,7,77,147,2016,8,20,5,3,0,7,0,0,1,0,0,0,0,0,6.36476E+20,5.28598E+21,1.08195E+16,4.77128E+16
143492,143493,9,7,72,170,2016,8,16,2,3,4,6,0,0,0,1,0,1,0,0,6.31588E+20,5.33273E+21,1.07686E+16,4.81342E+16
143493,143494,9,1,82,111,2016,8,17,4,2,0,1,0,0,0,0,0,1,0,0,7.0498E+20,5.28753E+21,1.17326E+16,4.77086E+16
143494,143495,9,6,71,111,2016,8,16,5,3,0,5,0,0,1,1,0,0,0,0,5.0179E+20,5.54682E+21,9.02501E+15,5.00737E+16
143495,143496,9,1,62,0,2016,8,22,5,3,5,3,2,0,1,1,0,0,0,0,6.96523E+20,5.33887E+21,1.16435E+16,4.81727E+16
143496,143497,9,7,72,177,2016,8,15,2,3,5,3,0,0,1,1,0,0,0,0,6.36895E+20,5.37805E+21,1.08547E+16,4.85406E+16
143497,143498,9,1,85,149,2016,8,14,4,2,2,6,0,0,1,1,0,0,0,0,6.60746E+20,5.40005E+21,1.11861E+16,4.87327E+16
143498,143499,9,1,78,124,2016,8,12,5,3,5,3,0,0,1,1,0,0,0,0,7.03591E+20,5.36425E+21,1.17506E+16,4.83985E+16
143499,143500,9,7,75,129,2016,8,18,3,3,0,6,0,1,1,1,0,0,0,0,5.8272E+20,5.33919E+21,1.01132E+16,4.82005E+16
143500,143501,9,4,63,0,2016,8,8,4,2,4,2,0,0,0,0,0,1,0,1,6.39883E+20,5.56952E+21,1.09626E+16,5.02613E+16
143501,143502,9,1,90,148,2016,8,10,3,3,1,3,0,1,0,1,0,1,0,0,6.41262E+20,5.29741E+21,1.0887E+16,4.78145E+16
143502,143503,9,1,77,133,2016,8,8,6,3,3,6,0,1,0,1,0,0,0,0,7.06328E+20,5.35938E+21,1.17852E+16,4.83539E+16
143503,143504,9,3,77,154,2016,8,15,6,2,0,3,0,1,1,1,0,0,0,0,7.38961E+20,5.53059E+21,1.23264E+16,4.988E+16
143504,143505,9,7,71,142,2016,8,14,2,2,0,4,0,0,0,0,1,0,0,1,6.45619E+20,5.35119E+21,1.09635E+16,4.82971E+16
143505,143506,9,6,63,0,2016,8,4,5,3,8,7,2,0,0,1,0,0,0,0,5.6981E+20,5.51639E+21,9.97E+15,4.97959E+16
143506,143507,9,5,63,0,2016,8,19,5,3,4,2,0,0,0,1,0,0,0,0,6.42325E+20,5.48243E+21,1.09648E+16,4.94778E+16
143507,143508,9,4,62,0,2016,8,18,2,3,5,2,0,0,0,1,0,0,0,0,6.8686E+20,5.53508E+21,1.16042E+16,4.99388E+16
143508,143509,9,4,63,0,2016,8,14,4,2,0,7,0,0,1,0,0,0,0,0,6.40862E+20,5.56901E+21,1.09761E+16,5.02564E+16
143509,143510,9,7,75,152,2016,8,10,4,3,5,3,0,0,0,1,0,0,0,0,5.77929E+20,5.35355E+21,1.00514E+16,4.83303E+16
143510,143511,9,7,62,0,2016,8,17,3,3,6,4,0,1,0,1,1,0,0,0,6.21583E+20,5.30543E+21,1.06265E+16,4.78907E+16
143511,143512,9,4,71,140,2016,8,18,4,3,5,3,0,0,0,1,0,0,0,0,6.33979E+20,5.53108E+21,1.08663E+16,4.9917E+16
143512,143513,9,6,63,0,2016,8,10,3,3,5,2,0,0,1,1,0,0,0,0,5.67385E+20,5.51598E+21,9.93624E+15,4.97925E+16
143513,143514,9,1,62,0,2016,8,18,5,3,0,7,0,0,1,1,0,0,0,0,6.83122E+20,5.3374E+21,1.14627E+16,4.81634E+16
143514,143515,9,3,76,147,2016,8,11,6,2,8,1,0,1,0,1,0,0,0,0,7.4459E+20,5.47105E+21,1.23675E+16,4.93431E+16
143515,143516,9,7,71,163,2016,8,19,2,3,5,7,0,0,1,1,0,0,0,0,6.45735E+20,5.34179E+21,1.09618E+16,4.82125E+16
143516,143517,9,1,89,135,2016,8,18,3,3,4,1,0,1,1,1,0,0,0,0,7.86244E+20,5.31451E+21,1.28316E+16,4.79199E+16
143517,143518,9,5,64,0,2016,8,7,5,3,5,3,0,0,0,1,0,0,0,1,6.46303E+20,5.48038E+21,1.10189E+16,4.94584E+16
143518,143519,9,1,71,112,2016,8,14,3,3,5,3,0,0,1,1,0,0,0,0,7.83983E+20,5.34239E+21,1.28199E+16,4.81712E+16
143519,143520,9,4,62,0,2016,8,15,2,3,6,7,0,0,0,0,1,0,0,1,6.84702E+20,5.53579E+21,1.15745E+16,4.99459E+16
143520,143521,9,7,80,124,2016,8,15,4,3,5,2,0,1,0,1,0,1,0,0,5.92387E+20,5.26776E+21,1.0228E+16,4.75567E+16
143521,143522,9,3,62,0,2016,8,11,5,3,2,6,0,0,0,1,0,0,0,0,7.26702E+20,5.43285E+21,1.21001E+16,4.90069E+16
143522,143523,9,7,61,0,2016,8,15,2,3,0,1,0,0,1,0,0,0,0,0,6.38681E+20,5.36015E+21,1.08729E+16,4.83793E+16
143523,143524,9,1,79,123,2016,8,11,4,3,0,7,0,0,1,0,0,0,0,0,6.75047E+20,5.33311E+21,1.13525E+16,4.81272E+16
143524,143525,9,1,62,0,2016,8,19,4,3,5,7,0,0,1,1,0,0,0,0,6.92194E+20,5.33501E+21,1.15835E+16,4.81393E+16
143525,143526,9,3,72,116,2016,8,8,5,3,1,7,0,0,0,1,0,0,0,0,7.66954E+20,5.45806E+21,1.26661E+16,4.92171E+16
143526,143527,9,7,61,0,2016,8,7,2,3,0,3,0,0,1,1,0,0,0,0,6.41881E+20,5.36058E+21,1.09162E+16,4.83824E+16
143527,143528,9,1,62,0,2016,8,6,4,3,3,5,0,0,1,1,0,0,0,0,6.89775E+20,5.33534E+21,1.15512E+16,4.8143E+16
143528,143529,9,1,63,0,2016,8,20,3,3,3,6,1,1,1,1,0,0,0,0,7.32076E+20,5.30459E+21,1.21025E+16,4.78527E+16
143529,143530,9,1,62,0,2016,8,12,3,1,6,4,0,0,0,0,1,0,1,0,6.91668E+20,5.33278E+21,1.15755E+16,4.81194E+16
143530,143531,9,5,61,0,2016,8,22,5,2,3,6,2,0,0,1,0,1,0,0,6.14391E+20,5.4621E+21,1.05735E+16,4.93009E+16
143531,143532,9,1,63,0,2016,8,16,3,3,0,6,0,0,0,1,1,0,0,0,7.30908E+20,5.30157E+21,1.20853E+16,4.7826E+16
143532,143533,9,4,74,126,2016,8,10,2,3,4,6,0,0,1,1,0,0,0,0,6.48666E+20,5.51016E+21,1.10627E+16,4.97256E+16
143533,143534,9,7,61,0,2016,8,15,4,3,3,6,0,0,0,1,0,0,0,0,6.42609E+20,5.36229E+21,1.09267E+16,4.83976E+16
143534,143535,9,1,62,0,2016,8,11,5,3,1,5,0,0,0,1,0,0,0,0,6.84562E+20,5.33241E+21,1.14799E+16,4.81182E+16
143535,143536,9,6,63,0,2016,8,10,2,3,5,3,0,0,1,1,0,0,0,0,5.69127E+20,5.51648E+21,9.96052E+15,4.97968E+16
143536,143537,9,1,79,136,2016,8,18,4,2,0,7,0,0,1,0,0,0,0,0,6.61076E+20,5.34148E+21,1.1168E+16,4.82061E+16
143537,143538,9,1,62,0,2016,8,8,4,3,2,6,0,0,0,1,0,0,0,0,6.92312E+20,5.33762E+21,1.15863E+16,4.81627E+16
143538,143539,9,7,75,135,2016,8,7,3,3,0,7,0,1,0,0,0,1,0,0,5.76143E+20,5.36101E+21,1.00287E+16,4.83977E+16
143539,143540,9,4,71,165,2016,8,6,4,3,0,1,0,0,1,0,0,0,0,0,6.29368E+20,5.53286E+21,1.08027E+16,4.99341E+16
143540,143541,9,1,63,0,2016,8,17,3,3,5,2,0,1,1,1,0,0,0,0,7.3267E+20,5.30476E+21,1.21105E+16,4.7854E+16
143541,143542,9,1,79,123,2016,8,13,6,3,5,7,0,1,1,1,0,0,0,0,6.75735E+20,5.33381E+21,1.1362E+16,4.81333E+16
143542,143543,9,1,75,132,2016,8,21,3,3,0,3,2,1,1,1,0,0,0,0,7.07286E+20,5.33034E+21,1.17839E+16,4.80926E+16
143543,143544,9,1,89,143,2016,8,21,6,3,0,1,2,0,1,0,0,0,0,0,7.61537E+20,5.31778E+21,1.25036E+16,4.79599E+16
143544,143545,9,4,61,0,2016,8,17,2,3,0,7,0,0,1,0,0,0,0,0,6.36849E+20,5.52901E+21,1.09055E+16,4.98978E+16
143545,143546,9,5,64,0,2016,8,12,6,3,0,1,0,1,0,0,0,1,0,0,6.49283E+20,5.48059E+21,1.10601E+16,4.94596E+16
143546,143547,9,1,62,0,2016,8,18,5,3,5,3,0,0,1,1,0,0,0,0,6.90564E+20,5.33533E+21,1.15618E+16,4.81426E+16
143547,143548,9,6,63,0,2016,8,17,2,3,8,1,0,0,0,0,0,1,0,0,5.67768E+20,5.51699E+21,9.94172E+15,4.98015E+16
143548,143549,9,1,79,121,2016,8,16,4,3,0,1,0,0,1,0,0,0,0,0,6.65776E+20,5.33731E+21,1.12296E+16,4.81674E+16
143549,143550,9,1,62,0,2016,8,8,4,3,1,5,0,0,1,1,0,0,0,0,6.92035E+20,5.33431E+21,1.15811E+16,4.8133E+16
143550,143551,9,7,76,128,2016,8,12,3,3,1,5,0,1,1,1,0,0,0,0,5.47934E+20,5.26855E+21,9.63729E+15,4.75686E+16
143551,143552,9,4,61,0,2016,8,14,4,3,0,7,0,0,0,0,0,0,0,1,6.36511E+20,5.52958E+21,1.0901E+16,4.9903E+16
143552,143553,9,6,72,114,2016,8,8,3,3,1,6,0,1,0,1,0,0,0,1,5.76899E+20,5.5617E+21,1.00775E+16,5.02025E+16
143553,143554,9,1,62,0,2016,8,12,5,3,5,3,0,0,1,1,0,0,0,0,6.94326E+20,5.34056E+21,1.16147E+16,4.81886E+16