FID,OBJECTID,ULAND,UREGBEZ,UKREIS,UGEMEINDE,UJAHR,UMONAT,USTUNDE,UWOCHENTAG,UKATEGORIE,UART,UTYP1,ULICHTVERH,IstStrasse,IstRad,IstPKW,IstFuss,IstKrad,IstGkfz,IstSonstig,LINREFX,LINREFY,XGCSWGS84,YGCSWGS84
143554,143555,9,3,62,0,2016,8,8,6,3,5,3,0,1,1,1,0,0,0,0,7.26224E+20,5.43441E+21,1.20944E+16,4.9021E+16
143555,143556,9,6,75,141,2016,8,14,2,3,5,2,0,0,1,1,0,0,0,0,5.84085E+20,5.5105E+21,1.0167E+16,4.97411E+16
143556,143557,9,6,76,125,2016,8,20,5,3,2,5,0,0,0,1,0,0,0,0,5.16545E+20,5.50889E+21,9.22959E+15,4.97323E+16
143557,143558,9,1,87,162,2016,8,17,3,3,5,3,0,1,0,1,0,0,0,0,7.48771E+20,5.30358E+21,1.23247E+16,4.78374E+16
143558,143559,9,4,78,165,2016,8,16,6,3,5,3,0,0,0,1,0,0,0,0,6.43059E+20,5.5517E+21,1.10004E+16,5.01003E+16
143559,143560,9,6,73,117,2016,8,19,2,2,5,2,0,0,1,1,0,0,0,0,5.71992E+20,5.58488E+21,1.00132E+16,5.04115E+16
143560,143561,9,7,72,125,2016,8,16,5,3,5,1,0,0,0,1,0,0,0,0,6.35507E+20,5.34777E+21,1.08261E+16,4.82686E+16
143561,143562,9,6,61,0,2016,8,7,2,3,2,6,0,0,0,1,0,0,0,0,5.1224E+20,5.53581E+21,9.1707E+15,4.99745E+16
143562,143563,9,5,72,132,2016,8,19,5,2,0,1,0,0,1,0,0,0,0,0,6.37692E+20,5.49174E+21,1.09041E+16,4.95626E+16
143563,143564,9,7,79,194,2016,8,10,3,3,5,7,0,0,0,1,0,0,0,0,6.09971E+20,5.41224E+21,1.04991E+16,4.88534E+16
143564,143565,9,3,62,0,2016,8,14,4,3,2,6,0,0,0,1,0,0,0,0,7.24205E+20,5.43464E+21,1.2067E+16,4.90239E+16
143565,143566,9,5,62,0,2016,8,5,3,3,0,3,1,1,1,1,0,0,0,0,6.46906E+20,5.49556E+21,1.10329E+16,4.95948E+16
143566,143567,9,7,61,0,2016,8,13,4,3,5,3,0,0,1,1,0,0,0,0,6.39147E+20,5.35922E+21,1.08789E+16,4.83708E+16
143567,143568,9,1,62,0,2016,8,17,5,2,3,5,0,0,0,1,0,1,0,0,6.8992E+20,5.34394E+21,1.1557E+16,4.82203E+16
143568,143569,9,2,71,113,2016,8,18,6,3,5,3,0,1,0,1,0,0,0,0,8.00423E+20,5.41418E+21,1.30921E+16,4.88079E+16
143569,143570,9,6,61,0,2016,8,15,2,3,4,7,0,0,1,1,0,0,0,0,5.11347E+20,5.53553E+21,9.15824E+15,4.9972E+16
143570,143571,9,1,82,129,2016,8,13,3,2,0,1,0,1,1,0,0,0,0,0,7.09618E+20,5.28529E+21,1.17933E+16,4.76869E+16
143571,143572,9,5,64,0,2016,8,6,5,3,6,4,0,0,0,1,1,0,0,0,6.49986E+20,5.47834E+21,1.10689E+16,4.94392E+16
143572,143573,9,1,86,122,2016,8,20,3,3,0,1,0,0,1,0,0,0,0,0,6.92121E+20,5.39566E+21,1.16103E+16,4.86844E+16
143573,143574,9,3,77,158,2016,8,7,2,3,4,2,0,0,0,1,0,1,0,0,7.37551E+20,5.54345E+21,1.23147E+16,4.9996E+16
143574,143575,9,5,64,0,2016,8,9,5,3,3,6,0,0,0,1,0,1,0,0,6.54621E+20,5.47792E+21,1.11326E+16,4.94343E+16
143575,143576,9,1,76,160,2016,8,1,3,2,0,7,2,0,0,0,0,1,0,0,6.57074E+20,5.41801E+21,1.11431E+16,4.88951E+16
143576,143577,9,3,62,0,2016,8,15,2,1,3,2,0,0,1,0,0,0,1,0,7.28945E+20,5.43605E+21,1.21325E+16,4.90348E+16
143577,143578,9,2,76,138,2016,8,12,4,3,9,1,0,1,0,0,0,1,0,0,8.02406E+20,5.43181E+21,1.31321E+16,4.89651E+16
143578,143579,9,6,63,0,2016,8,12,4,3,1,7,0,0,1,1,0,0,0,0,5.68402E+20,5.5159E+21,9.95035E+15,4.97917E+16
143579,143580,9,3,76,161,2016,8,8,5,3,2,2,0,1,0,1,0,0,0,0,7.25826E+20,5.46832E+21,1.2108E+16,4.93257E+16
143580,143581,9,5,62,0,2016,8,22,2,3,0,7,2,0,1,1,0,0,0,0,6.43329E+20,5.49685E+21,1.09839E+16,4.96072E+16
143581,143582,9,1,77,117,2016,8,12,4,3,0,6,0,0,1,1,0,0,0,0,7.15959E+20,5.35458E+21,1.19126E+16,4.83075E+16
143582,143583,9,1,81,139,2016,8,8,3,3,1,1,0,1,0,0,0,0,0,1,6.55758E+20,5.3243E+21,1.10902E+16,4.8053E+16
143583,143584,9,1,84,135,2016,8,10,3,3,5,7,0,0,1,1,0,0,0,0,6.8965E+20,5.34794E+21,1.15552E+16,4.82563E+16
143584,143585,9,4,75,127,2016,8,16,5,3,6,7,0,0,0,1,1,0,0,0,7.13531E+20,5.57885E+21,1.19999E+16,5.0323E+16
143585,143586,9,1,75,132,2016,8,13,3,3,5,3,0,1,0,1,0,0,0,0,7.07647E+20,5.33403E+21,1.17905E+16,4.81256E+16
143586,143587,9,3,76,161,2016,8,16,2,3,4,2,0,0,1,1,0,0,0,0,7.25804E+20,5.46756E+21,1.21073E+16,4.9319E+16
143587,143588,9,6,73,114,2016,8,9,4,3,1,3,0,0,0,1,0,0,0,0,5.85748E+20,5.57466E+21,1.02045E+16,5.03178E+16
143588,143589,9,1,62,0,2016,8,7,5,3,1,7,0,0,1,1,0,0,0,0,6.94007E+20,5.3364E+21,1.16085E+16,4.81513E+16
143589,143590,9,5,65,0,2016,8,15,2,3,5,3,0,0,0,1,0,0,0,0,6.47114E+20,5.46588E+21,1.10247E+16,4.93279E+16
143590,143591,9,1,77,117,2016,8,16,4,3,0,1,0,1,0,0,0,1,0,0,7.14758E+20,5.35503E+21,1.18966E+16,4.8312E+16
143591,143592,9,6,73,114,2016,8,15,4,3,6,4,0,0,1,0,1,0,0,0,5.8573E+20,5.57508E+21,1.02043E+16,5.03216E+16
143592,143593,9,5,76,151,2016,8,8,2,2,0,2,0,0,0,0,0,1,0,1,6.58171E+20,5.4704E+21,1.11786E+16,4.93657E+16
143593,143594,9,1,62,0,2016,8,17,3,3,2,3,0,1,0,1,0,0,0,0,6.86505E+20,5.33926E+21,1.1509E+16,4.81792E+16
143594,143595,9,1,62,0,2016,8,17,4,3,5,3,0,0,1,1,0,0,0,0,6.90397E+20,5.34293E+21,1.1563E+16,4.8211E+16
143595,143596,9,1,62,0,2016,8,18,3,3,2,6,0,1,0,1,0,0,0,0,6.89666E+20,5.3334E+21,1.15489E+16,4.81256E+16
143596,143597,9,1,71,112,2016,8,18,6,3,5,3,0,0,1,1,0,0,0,0,7.84307E+20,5.34203E+21,1.2824E+16,4.81678E+16
143597,143598,9,5,64,0,2016,8,16,6,3,0,1,0,1,0,0,0,1,0,0,6.49937E+20,5.47878E+21,1.10684E+16,4.94432E+16
143598,143599,9,7,64,0,2016,8,14,5,3,5,3,0,0,1,1,0,0,0,0,5.88167E+20,5.3151E+21,1.01816E+16,4.79831E+16
143599,143600,9,5,64,0,2016,8,8,2,3,2,6,0,0,0,1,0,0,0,0,6.52678E+20,5.47972E+21,1.11066E+16,4.94509E+16
143600,143601,9,1,62,0,2016,8,11,3,3,0,4,0,0,1,0,1,0,0,0,6.90958E+20,5.33463E+21,1.15668E+16,4.81362E+16
143601,143602,9,1,62,0,2016,8,18,4,3,5,2,0,1,0,1,0,0,0,0,6.94108E+20,5.33474E+21,1.16091E+16,4.81363E+16
143602,143603,9,7,63,0,2016,8,17,3,3,1,6,0,1,0,1,0,0,0,0,5.98044E+20,5.28787E+21,1.03077E+16,4.77368E+16
143603,143604,9,2,71,125,2016,8,15,4,3,8,1,0,1,0,0,0,0,1,0,7.95894E+20,5.41527E+21,1.30314E+16,4.88199E+16
143604,143605,9,5,63,0,2016,8,8,3,3,0,7,0,1,1,0,0,0,0,0,6.42444E+20,5.48195E+21,1.09662E+16,4.94734E+16
143605,143606,9,1,62,0,2016,8,8,4,3,3,7,0,0,0,1,0,1,0,0,6.8985E+20,5.33449E+21,1.15518E+16,4.81353E+16
143606,143607,9,7,75,162,2016,8,20,3,3,5,3,1,0,1,1,0,0,0,0,5.79649E+20,5.34769E+21,1.00735E+16,4.82774E+16
143607,143608,9,2,71,113,2016,8,13,4,2,5,3,0,0,1,1,0,0,0,0,8.02103E+20,5.41128E+21,1.31128E+16,4.87811E+16
143608,143609,9,1,84,145,2016,8,14,2,2,5,3,0,0,1,1,0,0,0,0,6.97544E+20,5.3254E+21,1.16509E+16,4.80513E+16
143609,143610,9,1,74,115,2016,8,12,6,2,0,1,0,1,0,1,0,1,0,0,6.8113E+20,5.34652E+21,1.14399E+16,4.8246E+16
143610,143611,9,3,63,0,2016,8,17,6,3,0,7,0,0,1,0,0,0,0,0,7.27565E+20,5.5084E+21,1.2155E+16,4.96851E+16
143611,143612,9,7,61,0,2016,8,15,5,3,2,6,0,0,0,1,0,0,0,0,6.39771E+20,5.35768E+21,1.08868E+16,4.83568E+16
143612,143613,9,5,74,132,2016,8,17,5,3,5,3,0,0,1,1,0,0,0,0,6.76723E+20,5.48625E+21,1.14409E+16,4.95031E+16
143613,143614,9,3,76,160,2016,8,12,2,3,2,6,0,0,0,0,0,1,0,1,7.56736E+20,5.49028E+21,1.25468E+16,4.95107E+16
143614,143615,9,5,75,156,2016,8,11,3,2,5,3,0,0,0,1,0,0,0,0,6.05711E+20,5.47809E+21,1.04584E+16,4.94463E+16
143615,143616,9,1,62,0,2016,8,11,6,3,4,2,0,1,0,1,0,0,0,0,6.94355E+20,5.34171E+21,1.16156E+16,4.81989E+16
143616,143617,9,6,71,130,2016,8,5,7,3,9,1,1,0,0,1,0,0,0,0,5.1453E+20,5.53953E+21,9.20278E+15,5.00079E+16
143617,143618,9,1,62,0,2016,8,22,7,2,8,1,2,0,1,0,0,0,0,0,6.91623E+20,5.33281E+21,1.15749E+16,4.81197E+16
143618,143619,9,1,62,0,2016,8,9,7,3,5,3,0,0,0,1,0,0,0,0,6.84755E+20,5.33117E+21,1.1482E+16,4.8107E+16
143619,143620,9,7,61,0,2016,8,16,3,3,2,6,0,0,0,1,0,0,0,0,6.40557E+20,5.35994E+21,1.08982E+16,4.83769E+16
143620,143621,9,1,90,132,2016,8,19,3,2,0,1,1,1,0,0,0,1,0,0,6.7574E+20,5.29404E+21,1.13458E+16,4.77757E+16
143621,143622,9,4,61,0,2016,8,14,2,3,1,7,0,0,1,1,0,0,0,0,6.36237E+20,5.52918E+21,1.08971E+16,4.98995E+16
143622,143623,9,1,77,130,2016,8,19,7,2,0,7,0,0,1,0,0,0,0,0,7.11211E+20,5.35045E+21,1.18465E+16,4.8272E+16
143623,143624,9,3,63,0,2016,8,14,3,3,0,7,0,0,1,0,0,0,0,0,7.28486E+20,5.50782E+21,1.21674E+16,4.96795E+16
143624,143625,9,5,62,0,2016,8,11,7,3,5,3,0,0,1,1,0,0,0,0,6.44982E+20,5.49414E+21,1.10057E+16,4.95825E+16
143625,143626,9,6,72,135,2016,8,2,2,2,8,1,2,0,0,1,0,0,0,0,5.82256E+20,5.56827E+21,1.0154E+16,5.02608E+16
143626,143627,9,1,62,0,2016,8,15,2,3,2,7,0,0,1,0,0,0,0,0,6.899E+20,5.34321E+21,1.15564E+16,4.82136E+16
143627,143628,9,5,64,0,2016,8,12,1,3,2,6,0,0,1,1,0,0,0,0,6.45987E+20,5.47176E+21,1.10114E+16,4.93811E+16
143628,143629,9,6,76,122,2016,8,12,3,3,0,7,0,0,0,0,0,1,1,0,5.10441E+20,5.51746E+21,9.14512E+15,4.98095E+16
143629,143630,9,1,62,0,2016,8,14,7,3,2,6,0,0,0,1,0,0,0,0,6.92763E+20,5.33831E+21,1.15927E+16,4.81688E+16
143630,143631,9,5,64,0,2016,8,22,1,3,9,1,2,0,0,1,0,0,0,0,6.51833E+20,5.47882E+21,1.10946E+16,4.94431E+16
143631,143632,9,1,84,134,2016,8,12,7,2,0,6,0,0,1,1,0,0,0,0,6.89831E+20,5.31818E+21,1.15443E+16,4.79887E+16
143632,143633,9,1,80,117,2016,8,23,3,3,0,3,2,0,1,1,0,0,0,0,6.57657E+20,5.2623E+21,1.10932E+16,4.74951E+16
143633,143634,9,3,75,130,2016,8,13,2,3,5,3,0,0,0,1,0,1,0,0,7.33618E+20,5.43585E+21,1.21962E+16,4.90312E+16
143634,143635,9,1,62,0,2016,8,15,6,3,1,5,0,0,0,1,0,0,0,0,6.91966E+20,5.33976E+21,1.15826E+16,4.8182E+16
143635,143636,9,5,72,131,2016,8,17,7,2,0,1,0,0,1,0,0,0,0,0,6.55234E+20,5.48813E+21,1.11451E+16,4.95259E+16
143636,143637,9,5,62,0,2016,8,10,2,2,3,2,0,0,1,0,0,0,1,0,6.44853E+20,5.49349E+21,1.10037E+16,4.95766E+16
143637,143638,9,7,64,0,2016,8,21,2,3,5,3,2,0,1,1,0,0,0,0,5.87171E+20,5.31695E+21,1.01686E+16,4.79999E+16
143638,143639,9,5,77,149,2016,8,9,1,2,0,1,0,0,1,0,0,0,0,0,6.35267E+20,5.43137E+21,1.08502E+16,4.90204E+16
143639,143640,9,1,62,0,2016,8,2,1,3,0,1,2,0,1,0,0,0,0,0,6.91618E+20,5.3338E+21,1.15753E+16,4.81286E+16
143640,143641,9,1,62,0,2016,8,10,7,3,5,2,0,0,0,1,0,1,0,0,6.94806E+20,5.34041E+21,1.16211E+16,4.8187E+16
143641,143642,9,5,64,0,2016,8,10,3,3,5,3,0,0,0,1,0,0,0,0,6.52037E+20,5.47902E+21,1.10974E+16,4.94448E+16
143642,143643,9,1,62,0,2016,8,13,6,3,5,3,0,1,0,1,0,1,0,0,6.89618E+20,5.34253E+21,1.15523E+16,4.82076E+16
143643,143644,9,5,76,128,2016,8,15,7,3,0,7,0,0,0,0,0,1,0,0,6.41388E+20,5.46446E+21,1.09455E+16,4.93164E+16
143644,143645,9,3,62,0,2016,8,14,2,3,2,6,0,0,0,1,0,0,0,0,7.27263E+20,5.43367E+21,1.21082E+16,4.9014E+16
143645,143646,9,1,62,0,2016,8,14,6,3,4,2,0,0,0,1,0,0,0,0,6.86214E+20,5.33486E+21,1.15032E+16,4.81397E+16
143646,143647,9,4,63,0,2016,8,16,3,2,4,2,0,0,1,1,0,0,0,0,6.39673E+20,5.56871E+21,1.09593E+16,5.0254E+16
143647,143648,9,5,76,143,2016,8,17,7,3,0,7,0,0,1,0,0,0,0,0,6.51984E+20,5.45559E+21,1.10878E+16,4.92342E+16
143648,143649,9,5,64,0,2016,8,20,2,3,5,3,0,0,0,1,0,0,0,0,6.4867E+20,5.47862E+21,1.10509E+16,4.94421E+16
143649,143650,9,7,75,162,2016,8,16,2,2,0,3,0,0,1,0,1,0,0,0,5.77992E+20,5.35004E+21,1.00516E+16,4.82987E+16
143650,143651,9,4,75,169,2016,8,12,1,3,1,7,0,0,0,1,0,0,0,0,6.84119E+20,5.57361E+21,1.15846E+16,5.02859E+16
143651,143652,9,1,62,0,2016,8,8,3,3,5,3,0,0,1,0,0,0,0,0,6.9273E+20,5.33693E+21,1.15916E+16,4.81564E+16
143652,143653,9,1,62,0,2016,8,10,1,3,5,3,0,0,0,1,0,0,0,0,6.88588E+20,5.33587E+21,1.15355E+16,4.81481E+16
143653,143654,9,1,62,0,2016,8,9,7,3,0,7,0,0,1,0,0,0,0,0,6.83462E+20,5.33667E+21,1.1467E+16,4.81568E+16
143654,143655,9,5,71,226,2016,8,17,3,3,5,3,0,0,0,1,0,0,0,0,6.33728E+20,5.45661E+21,1.08375E+16,4.92477E+16
143655,143656,9,1,62,0,2016,8,11,6,3,5,3,0,1,0,1,0,0,0,0,6.90551E+20,5.3307E+21,1.15596E+16,4.81011E+16
143656,143657,9,5,76,143,2016,8,16,7,2,5,3,0,0,1,1,0,0,0,0,6.5005E+20,5.45288E+21,1.10602E+16,4.92103E+16
143657,143658,9,1,62,0,2016,8,11,7,3,6,7,0,0,1,0,1,0,0,0,6.89596E+20,5.3434E+21,1.15524E+16,4.82155E+16
143658,143659,9,1,62,0,2016,8,15,7,3,2,6,0,0,1,0,0,0,0,0,6.86505E+20,5.32988E+21,1.15049E+16,4.80949E+16
143659,143660,9,7,72,163,2016,8,18,3,3,5,3,0,0,1,1,0,0,0,0,6.39936E+20,5.34742E+21,1.08856E+16,4.82645E+16
143660,143661,9,5,74,138,2016,8,12,7,2,4,6,0,0,1,0,0,0,0,0,6.65413E+20,5.48689E+21,1.12851E+16,4.9512E+16
143661,143662,9,4,62,0,2016,8,18,1,3,2,6,0,0,0,1,0,1,0,0,6.83642E+20,5.53622E+21,1.15599E+16,4.995E+16
143662,143663,9,7,63,0,2016,8,16,3,3,0,7,0,0,1,0,0,0,0,0,5.98468E+20,5.28685E+21,1.03131E+16,4.77275E+16
143663,143664,9,1,62,0,2016,8,23,1,3,3,2,2,0,0,1,0,0,0,1,6.92286E+20,5.33813E+21,1.15862E+16,4.81673E+16
143664,143665,9,4,74,146,2016,8,18,1,3,0,1,0,0,1,0,0,0,0,0,6.46881E+20,5.49995E+21,1.10342E+16,4.96343E+16
143665,143666,9,1,85,149,2016,8,13,7,2,6,7,0,0,0,0,1,0,0,1,6.63775E+20,5.39977E+21,1.12272E+16,4.87294E+16
143666,143667,9,4,75,168,2016,8,13,3,3,0,7,0,0,1,0,0,0,0,0,7.10304E+20,5.56663E+21,1.19478E+16,5.02144E+16
143667,143668,9,1,62,0,2016,8,18,6,3,5,3,0,0,1,1,0,0,0,0,6.9025E+20,5.33493E+21,1.15574E+16,4.81391E+16
143668,143669,9,5,64,0,2016,8,13,7,3,6,1,0,0,0,0,1,0,0,1,6.51102E+20,5.47928E+21,1.10847E+16,4.94474E+16
143669,143670,9,1,84,112,2016,8,15,7,3,0,1,0,0,1,0,0,0,0,0,7.03183E+20,5.33917E+21,1.17331E+16,4.81733E+16
143670,143671,9,1,62,0,2016,8,17,7,3,5,3,0,0,1,1,0,0,0,0,6.9435E+20,5.33618E+21,1.1613E+16,4.81492E+16
143671,143672,9,6,73,126,2016,8,20,3,3,0,7,0,0,0,0,0,1,0,1,5.97655E+20,5.56911E+21,1.03702E+16,5.02661E+16
143672,143673,9,1,83,148,2016,8,9,3,3,0,7,0,0,1,0,0,0,0,1,7.53112E+20,5.34459E+21,1.24068E+16,4.8204E+16
143673,143674,9,3,71,150,2016,8,18,2,3,5,3,0,0,0,1,0,1,0,0,7.17511E+20,5.49352E+21,1.20076E+16,4.95552E+16
143674,143675,9,1,75,115,2016,8,18,7,2,0,1,0,0,1,0,0,0,0,0,7.21008E+20,5.32965E+21,1.19676E+16,4.80818E+16
143675,143676,9,3,75,174,2016,8,12,3,3,4,6,0,0,1,1,0,0,0,0,7.34338E+20,5.43131E+21,1.22035E+16,4.89901E+16
143676,143677,9,1,89,145,2016,8,8,3,3,0,6,0,0,0,1,0,1,0,0,7.78654E+20,5.30421E+21,1.27236E+16,4.78308E+16
143677,143678,9,1,62,0,2016,8,4,1,2,1,1,2,0,0,1,0,0,0,0,6.90929E+20,5.3344E+21,1.15663E+16,4.81342E+16
143678,143679,9,2,63,0,2016,8,17,2,3,3,2,0,0,1,1,0,0,0,0,7.63224E+20,5.42116E+21,1.2591E+16,4.88874E+16
143679,143680,9,1,79,145,2016,8,11,7,3,5,3,0,0,1,1,0,0,0,0,6.75653E+20,5.33812E+21,1.13627E+16,4.81721E+16
143680,143681,9,3,62,0,2016,8,6,3,3,5,2,0,0,0,0,0,1,1,0,7.30093E+20,5.43376E+21,1.21469E+16,4.90138E+16
143681,143682,9,5,64,0,2016,8,9,7,3,0,7,0,0,1,0,0,0,0,0,6.52775E+20,5.47575E+21,1.11064E+16,4.94152E+16
143682,143683,9,5,64,0,2016,8,15,2,3,6,2,0,0,0,1,1,0,0,0,6.49253E+20,5.4806E+21,1.10597E+16,4.94597E+16
143683,143684,9,1,62,0,2016,8,19,7,3,0,1,0,0,1,0,0,0,0,0,6.90247E+20,5.33494E+21,1.15574E+16,4.81393E+16
143684,143685,9,4,71,145,2016,8,14,1,3,5,7,0,0,1,1,0,0,0,0,6.4265E+20,5.52002E+21,1.09829E+16,4.98157E+16
143685,143686,9,1,62,0,2016,8,16,7,3,3,6,0,0,0,1,0,1,0,0,6.91078E+20,5.33518E+21,1.15686E+16,4.81412E+16
143686,143687,9,1,72,130,2016,8,12,3,3,5,3,0,0,1,1,0,0,0,0,7.96339E+20,5.30967E+21,1.29631E+16,4.78719E+16
143687,143688,9,2,71,127,2016,8,19,2,3,0,1,0,0,1,0,0,0,0,0,8.03983E+20,5.40393E+21,1.31329E+16,4.87142E+16
143688,143689,9,4,74,126,2016,8,13,3,3,0,7,0,0,1,0,0,0,0,0,6.48518E+20,5.50915E+21,1.10603E+16,4.97165E+16
143689,143690,9,5,64,0,2016,8,17,7,3,5,5,0,0,1,1,0,0,0,0,6.51811E+20,5.48155E+21,1.10953E+16,4.94676E+16
143690,143691,9,5,64,0,2016,8,18,2,3,2,6,0,0,0,1,0,0,0,0,6.49853E+20,5.47924E+21,1.10674E+16,4.94473E+16
143691,143692,9,7,74,171,2016,8,12,2,2,9,1,0,0,0,0,0,1,0,0,6.02275E+20,5.37142E+21,1.03842E+16,4.84876E+16
143692,143693,9,3,76,163,2016,8,12,1,3,5,2,0,0,1,1,0,0,0,0,7.27249E+20,5.4752E+21,1.21315E+16,4.9387E+16
143693,143694,9,1,62,0,2016,8,18,1,3,2,2,0,0,0,1,0,1,0,0,6.90441E+20,5.34251E+21,1.15634E+16,4.82073E+16
143694,143695,9,7,78,121,2016,8,17,7,3,2,2,0,0,0,1,0,1,0,0,6.01027E+20,5.33207E+21,1.03579E+16,4.81338E+16
143695,143696,9,5,71,193,2016,8,17,7,2,0,7,0,0,0,1,1,0,0,0,5.84799E+20,5.47119E+21,1.01685E+16,4.93875E+16
143696,143697,9,5,64,0,2016,8,17,2,3,4,7,0,0,0,1,0,1,0,0,6.49615E+20,5.48225E+21,1.10653E+16,4.94744E+16
143697,143698,9,7,63,0,2016,8,8,2,3,5,3,0,0,0,1,0,0,0,0,5.98674E+20,5.28987E+21,1.03166E+16,4.77546E+16
143698,143699,9,2,63,0,2016,8,1,1,2,6,4,2,0,0,1,1,0,0,0,7.61862E+20,5.4205E+21,1.2572E+16,4.88821E+16
143699,143700,9,5,72,142,2016,8,18,3,3,4,6,0,0,1,0,0,0,0,0,6.43733E+20,5.49932E+21,1.09904E+16,4.96293E+16
143700,143701,9,1,62,0,2016,8,15,6,3,0,1,0,0,1,0,0,0,0,0,6.9198E+20,5.33381E+21,1.15801E+16,4.81286E+16
143701,143702,9,5,71,115,2016,8,16,7,2,0,7,0,0,1,0,0,0,0,1,6.14543E+20,5.44989E+21,1.05721E+16,4.91911E+16
143702,143703,9,5,64,0,2016,8,14,2,3,5,2,0,0,0,1,0,0,0,0,6.49636E+20,5.4746E+21,1.10627E+16,4.94057E+16
143703,143704,9,7,80,133,2016,8,15,2,3,0,7,0,0,0,0,0,0,0,1,5.96927E+20,5.25101E+21,1.02847E+16,4.74053E+16
143704,143705,9,2,76,117,2016,8,1,1,3,9,1,2,0,0,1,0,0,0,0,7.99313E+20,5.44329E+21,1.30984E+16,4.90696E+16
143705,143706,9,7,64,0,2016,8,6,3,2,0,7,0,0,1,0,0,0,0,0,5.88845E+20,5.3154E+21,1.01907E+16,4.79857E+16
143706,143707,9,1,62,0,2016,8,21,1,3,4,7,1,0,1,0,0,0,0,0,6.86314E+20,5.33624E+21,1.15051E+16,4.8152E+16
143707,143708,9,2,76,117,2016,8,9,1,3,8,6,0,0,0,1,0,0,0,0,7.99006E+20,5.44333E+21,1.30942E+16,4.90701E+16
143708,143709,9,5,75,112,2016,8,18,3,2,0,1,0,0,1,0,0,0,0,0,6.02115E+20,5.48389E+21,1.04103E+16,4.9499E+16
143709,143710,9,7,64,0,2016,8,18,6,3,0,6,0,0,0,1,0,1,0,0,5.87153E+20,5.31618E+21,1.01682E+16,4.79929E+16
143710,143711,9,5,71,174,2016,8,2,7,2,8,1,2,0,0,1,0,0,0,0,6.00026E+20,5.46329E+21,1.03762E+16,4.93142E+16
143711,143712,9,5,64,0,2016,8,6,3,3,3,2,0,0,1,0,0,1,0,0,6.50611E+20,5.4802E+21,1.10782E+16,4.94558E+16
143712,143713,9,7,80,139,2016,8,15,6,3,1,6,0,0,0,1,0,0,0,1,5.96051E+20,5.26261E+21,1.02756E+16,4.75099E+16
143713,143714,9,4,71,117,2016,8,11,7,2,0,1,0,0,1,0,0,0,0,0,6.29945E+20,5.52913E+21,1.08095E+16,4.99004E+16
143714,143715,9,3,77,154,2016,8,18,7,2,0,1,0,0,0,0,0,1,0,0,7.40138E+20,5.5325E+21,1.23439E+16,4.98966E+16
143715,143716,9,2,78,118,2016,8,15,1,3,0,7,0,0,1,0,0,0,0,0,7.71196E+20,5.42457E+21,1.27018E+16,4.89146E+16
143716,143717,9,7,73,122,2016,8,17,3,2,5,3,0,0,0,1,0,1,0,0,6.25936E+20,5.38576E+21,1.07086E+16,4.86122E+16
143717,143718,9,1,71,112,2016,8,14,3,3,2,6,0,0,1,0,0,0,0,0,7.84663E+20,5.3425E+21,1.28291E+16,4.81719E+16
143718,143719,9,1,62,0,2016,8,17,1,2,0,7,0,0,1,1,0,0,0,0,6.95758E+20,5.33207E+21,1.163E+16,4.81118E+16
143719,143720,9,2,72,118,2016,8,18,1,2,0,1,0,0,1,0,0,0,0,0,8.32927E+20,5.41402E+21,1.35333E+16,4.87899E+16
143720,143721,9,2,77,113,2016,8,12,2,2,0,1,0,0,1,0,0,0,0,0,8.05405E+20,5.37247E+21,1.31291E+16,4.84312E+16
143721,143722,9,1,79,142,2016,8,16,7,2,5,3,0,0,1,1,0,0,0,0,6.72569E+20,5.3408E+21,1.13223E+16,4.8197E+16
143722,143723,9,3,61,0,2016,8,22,3,3,1,5,2,0,0,1,0,1,0,0,7.07556E+20,5.47922E+21,1.18626E+16,4.94302E+16
143723,143724,9,3,72,153,2016,8,14,7,3,8,1,0,0,0,1,0,0,0,0,7.55821E+20,5.45705E+21,1.25129E+16,4.92128E+16
143724,143725,9,7,74,150,2016,8,12,7,2,0,7,0,0,1,0,0,0,0,1,6.00517E+20,5.34492E+21,1.03541E+16,4.82495E+16
143725,143726,9,2,61,0,2016,8,16,1,3,3,6,0,0,0,1,0,1,0,0,7.32417E+20,5.38012E+21,1.21483E+16,4.85311E+16
143726,143727,9,7,75,129,2016,8,13,7,3,5,3,0,0,0,1,0,0,0,0,5.81353E+20,5.3409E+21,1.00952E+16,4.82161E+16
143727,143728,9,7,63,0,2016,8,20,7,3,4,1,0,0,0,1,0,0,0,1,6.00609E+20,5.28868E+21,1.03421E+16,4.77436E+16
143728,143729,9,7,80,123,2016,8,15,7,3,0,1,0,0,1,0,0,0,0,0,6.08489E+20,5.25659E+21,1.04393E+16,4.74537E+16
143729,143730,9,7,61,0,2016,8,18,3,3,5,3,0,0,1,1,0,0,0,0,6.3863E+20,5.36232E+21,1.08729E+16,4.83988E+16
143730,143731,9,1,71,135,2016,8,17,3,3,0,1,0,0,1,0,0,0,0,0,7.69051E+20,5.34107E+21,1.26187E+16,4.81659E+16
143731,143732,9,1,62,0,2016,8,18,1,3,5,3,0,0,1,1,0,0,0,0,6.92323E+20,5.33754E+21,1.15864E+16,4.8162E+16