FID,OBJECTID,ULAND,UREGBEZ,UKREIS,UGEMEINDE,UJAHR,UMONAT,USTUNDE,UWOCHENTAG,UKATEGORIE,UART,UTYP1,ULICHTVERH,IstStrasse,IstRad,IstPKW,IstFuss,IstKrad,IstGkfz,IstSonstig,LINREFX,LINREFY,XGCSWGS84,YGCSWGS84
143732,143733,9,2,62,0,2016,8,14,2,2,6,6,0,0,0,1,1,0,0,0,8.28626E+20,5.38944E+21,1.34554E+16,4.85717E+16
143733,143734,9,1,74,115,2016,8,22,7,3,5,2,2,0,0,1,0,1,0,0,6.81244E+20,5.34784E+21,1.1442E+16,4.82578E+16
143734,143735,9,3,61,0,2016,8,16,3,3,4,2,0,0,0,1,0,1,0,0,7.07355E+20,5.48052E+21,1.18605E+16,4.9442E+16
143735,143736,9,3,62,0,2016,8,13,7,3,0,6,0,0,0,1,0,1,0,0,7.2938E+20,5.43517E+21,1.2138E+16,4.90267E+16
143736,143737,9,5,77,177,2016,8,11,2,3,5,3,0,0,0,1,0,0,0,0,6.43329E+20,5.43117E+21,1.09603E+16,4.90168E+16
143737,143738,9,7,62,0,2016,8,20,2,3,1,1,0,0,0,1,0,0,0,0,6.22644E+20,5.30446E+21,1.06404E+16,4.78818E+16
143738,143739,9,7,80,133,2016,8,22,7,3,0,1,2,0,1,0,0,0,0,0,5.97407E+20,5.25008E+21,1.02908E+16,4.73969E+16
143739,143740,9,1,80,112,2016,8,10,1,3,0,1,0,0,1,0,0,0,0,0,6.54435E+20,5.2813E+21,1.10571E+16,4.76666E+16
143740,143741,9,6,62,0,2016,8,13,3,2,0,1,0,0,1,0,0,0,0,0,5.87981E+20,5.54417E+21,1.02288E+16,5.00433E+16
143741,143742,9,2,72,141,2016,8,16,2,3,9,1,0,0,1,1,0,0,0,0,8.32313E+20,5.40841E+21,1.35205E+16,4.87399E+16
143742,143743,9,1,82,129,2016,8,9,3,3,0,5,0,0,0,1,1,0,0,0,7.07894E+20,5.28546E+21,1.17704E+16,4.7689E+16
143743,143744,9,2,61,0,2016,8,17,2,3,9,1,0,0,1,0,0,0,0,0,7.33767E+20,5.38111E+21,1.21672E+16,4.85395E+16
143744,143745,9,1,62,0,2016,8,7,6,3,0,7,0,1,0,1,0,1,0,0,6.90571E+20,5.33592E+21,1.15622E+16,4.81479E+16
143745,143746,9,3,73,147,2016,8,23,7,3,5,2,2,0,1,1,0,0,0,0,6.78985E+20,5.46103E+21,1.14608E+16,4.92758E+16
143746,143747,9,7,73,144,2016,8,9,2,3,1,7,0,0,0,1,0,0,1,0,6.05747E+20,5.38168E+21,1.04337E+16,4.85793E+16
143747,143748,9,1,80,116,2016,8,17,1,3,6,6,0,0,1,0,1,0,0,0,6.59768E+20,5.26674E+21,1.11228E+16,4.75344E+16
143748,143749,9,7,80,133,2016,8,16,7,2,0,1,0,0,1,0,0,0,0,0,5.96965E+20,5.2489E+21,1.02847E+16,4.73863E+16
143749,143750,9,5,64,0,2016,8,14,3,2,2,6,0,0,0,1,0,1,0,0,6.51068E+20,5.47943E+21,1.10843E+16,4.94487E+16
143750,143751,9,7,76,116,2016,8,10,6,3,0,7,0,0,0,1,1,0,0,0,5.51383E+20,5.26596E+21,9.68284E+15,4.7545E+16
143751,143752,9,3,71,111,2016,8,18,7,2,0,1,0,0,1,0,0,0,0,0,7.00032E+20,5.48004E+21,1.17594E+16,4.94401E+16
143752,143753,9,2,63,0,2016,8,23,7,3,8,1,2,0,0,1,0,0,0,0,7.59241E+20,5.41831E+21,1.2535E+16,4.88635E+16
143753,143754,9,5,75,125,2016,8,13,2,2,5,3,0,0,0,1,0,1,0,0,6.22492E+20,5.49848E+21,1.06961E+16,4.96264E+16
143754,143755,9,2,75,116,2016,8,10,7,2,0,1,0,0,1,0,0,0,0,0,8.20561E+20,5.36367E+21,1.33267E+16,4.83447E+16
143755,143756,9,5,71,174,2016,8,19,2,3,4,7,0,0,1,1,0,0,0,0,6.02828E+20,5.46218E+21,1.04145E+16,4.93037E+16
143756,143757,9,7,73,125,2016,8,17,2,3,2,3,0,0,1,1,0,0,0,0,6.09819E+20,5.38169E+21,1.04889E+16,4.85787E+16
143757,143758,9,1,89,157,2016,8,19,1,3,0,1,0,0,1,0,0,0,0,0,7.6468E+20,5.32463E+21,1.25498E+16,4.80201E+16
143758,143759,9,1,62,0,2016,8,20,3,3,0,7,2,0,0,0,0,1,0,0,6.89224E+20,5.33301E+21,1.15428E+16,4.81222E+16
143759,143760,9,7,78,161,2016,8,11,1,3,0,1,0,0,1,0,0,0,0,0,5.83293E+20,5.30941E+21,1.01151E+16,4.79326E+16
143760,143761,9,7,76,120,2016,8,17,7,3,5,7,0,0,0,1,0,1,0,0,5.46264E+20,5.26925E+21,9.61517E+15,4.7575E+16
143761,143762,9,5,73,122,2016,8,7,3,3,6,4,0,0,0,1,1,0,0,0,6.44033E+20,5.4757E+21,1.09859E+16,4.94169E+16
143762,143763,9,7,62,0,2016,8,14,6,2,0,3,0,0,1,0,0,0,0,0,6.21133E+20,5.30572E+21,1.06205E+16,4.78934E+16
143763,143764,9,2,74,184,2016,8,6,7,2,2,6,0,1,0,1,0,0,1,0,7.46785E+20,5.37204E+21,1.23379E+16,4.8453E+16
143764,143765,9,7,71,130,2016,8,15,3,2,0,7,0,0,1,0,0,0,0,0,6.48102E+20,5.35836E+21,1.09994E+16,4.83611E+16
143765,143766,9,1,85,149,2016,8,5,3,2,4,6,1,0,1,0,0,1,0,0,6.6042E+20,5.39762E+21,1.11807E+16,4.8711E+16
143766,143767,9,7,74,143,2016,8,23,1,3,6,7,2,0,0,1,1,0,0,0,5.97271E+20,5.35915E+21,1.03136E+16,4.8378E+16
143767,143768,9,2,73,141,2016,8,3,2,2,8,1,2,1,0,1,0,0,0,0,7.23937E+20,5.41257E+21,1.20512E+16,4.88257E+16
143768,143769,9,1,79,145,2016,8,16,7,3,1,1,0,0,1,1,0,0,0,0,6.75972E+20,5.33784E+21,1.13668E+16,4.81694E+16
143769,143770,9,1,86,143,2016,8,18,1,3,0,1,0,0,1,0,0,0,0,0,6.83445E+20,5.37637E+21,1.1484E+16,4.85137E+16
143770,143771,9,7,63,0,2016,8,17,3,2,6,4,0,0,0,1,1,0,0,0,5.98069E+20,5.28804E+21,1.03081E+16,4.77382E+16
143771,143772,9,7,77,129,2016,8,15,1,2,5,3,0,0,1,0,0,1,0,0,6.2651E+20,5.26968E+21,1.0682E+16,4.75682E+16
143772,143773,9,1,85,118,2016,8,16,1,2,8,1,0,0,1,0,0,0,0,0,6.65616E+20,5.4036E+21,1.12537E+16,4.87634E+16
143773,143774,9,1,85,158,2016,8,4,7,3,0,1,2,0,1,0,0,0,0,0,6.67123E+20,5.38081E+21,1.1265E+16,4.85581E+16
143774,143775,9,5,61,0,2016,8,17,3,3,5,3,0,0,0,1,0,0,0,0,6.19683E+20,5.46362E+21,1.06467E+16,4.93136E+16
143775,143776,9,7,79,194,2016,8,9,6,3,1,6,0,0,0,1,0,0,0,0,6.10501E+20,5.41203E+21,1.05063E+16,4.88514E+16
143776,143777,9,2,61,0,2016,8,17,7,3,2,6,0,0,0,1,0,0,0,0,7.31664E+20,5.38214E+21,1.21393E+16,4.85495E+16
143777,143778,9,7,80,143,2016,8,11,7,3,8,1,0,0,1,0,0,0,0,0,5.95925E+20,5.28092E+21,1.02779E+16,4.76745E+16
143778,143779,9,7,80,145,2016,8,15,7,3,0,7,0,0,1,0,0,0,0,1,6.05214E+20,5.26795E+21,1.03985E+16,4.75565E+16
143779,143780,9,6,79,161,2016,8,17,3,2,1,5,0,0,0,1,0,0,0,0,5.62024E+20,5.5211E+21,9.86258E+15,4.98391E+16
143780,143781,9,1,88,137,2016,8,14,3,3,0,7,0,0,1,0,0,0,0,0,6.7172E+20,5.3152E+21,1.13006E+16,4.79671E+16
143781,143782,9,1,80,132,2016,8,15,2,3,0,1,0,0,1,0,0,0,0,0,6.64768E+20,5.28337E+21,1.11954E+16,4.76827E+16
143782,143783,9,1,77,117,2016,8,17,7,3,0,7,0,0,1,1,0,0,0,0,7.15445E+20,5.35496E+21,1.19058E+16,4.83111E+16
143783,143784,9,3,61,0,2016,8,21,3,3,0,1,2,0,0,1,0,1,0,0,7.0787E+20,5.48087E+21,1.18678E+16,4.94449E+16
143784,143785,9,2,79,112,2016,8,17,7,3,5,3,0,0,1,1,0,0,0,0,7.58328E+20,5.39404E+21,1.25073E+16,4.8646E+16
143785,143786,9,4,78,165,2016,8,13,2,3,2,6,0,0,0,1,0,0,0,0,6.43252E+20,5.55129E+21,1.10029E+16,5.00966E+16
143786,143787,9,7,73,139,2016,8,11,2,3,0,1,0,0,1,0,0,0,0,0,6.18026E+20,5.38654E+21,1.06015E+16,4.86208E+16
143787,143788,9,2,76,134,2016,8,18,3,3,0,7,0,0,1,0,0,0,0,0,7.90684E+20,5.43518E+21,1.29747E+16,4.9001E+16
143788,143789,9,1,73,126,2016,8,15,7,3,5,3,0,0,0,1,0,1,0,0,6.84509E+20,5.30604E+21,1.14679E+16,4.78812E+16
143789,143790,9,7,72,200,2016,8,13,2,3,0,1,0,0,1,0,0,0,0,0,6.30604E+20,5.33769E+21,1.07569E+16,4.8179E+16
143790,143791,9,7,80,124,2016,8,17,7,3,0,1,0,0,1,0,0,0,0,0,5.91987E+20,5.26789E+21,1.02227E+16,4.75579E+16
143791,143792,9,1,88,113,2016,8,14,1,3,4,6,0,0,1,1,0,0,0,0,6.74452E+20,5.31161E+21,1.13357E+16,4.79341E+16
143792,143793,9,7,79,131,2016,8,23,7,3,5,3,2,0,0,1,0,0,0,0,6.30775E+20,5.39831E+21,1.07782E+16,4.87241E+16
143793,143794,9,1,84,149,2016,8,19,2,3,0,1,0,0,1,0,0,0,0,0,6.90925E+20,5.35071E+21,1.15736E+16,4.82807E+16
143794,143795,9,1,83,148,2016,8,14,2,3,5,2,0,0,0,1,0,0,0,0,7.53612E+20,5.34528E+21,1.24139E+16,4.821E+16
143795,143796,9,1,62,0,2016,8,12,6,3,0,6,0,1,0,1,0,1,0,0,6.90371E+20,5.33382E+21,1.15585E+16,4.81292E+16
143796,143797,9,1,73,112,2016,8,15,7,3,8,1,0,0,0,0,0,1,0,0,6.91541E+20,5.29281E+21,1.1556E+16,4.77602E+16
143797,143798,9,4,63,0,2016,8,22,2,3,4,2,2,0,0,1,0,1,0,0,6.39478E+20,5.57005E+21,1.09571E+16,5.02661E+16
143798,143799,9,7,71,146,2016,8,12,2,3,0,1,0,0,0,0,0,1,0,0,6.47113E+20,5.3483E+21,1.09826E+16,4.82708E+16
143799,143800,9,1,88,139,2016,8,14,1,3,0,7,0,0,1,0,0,0,0,0,6.74007E+20,5.31919E+21,1.13329E+16,4.80023E+16
143800,143801,9,7,77,129,2016,8,17,1,3,3,6,0,0,1,1,0,0,0,0,6.27563E+20,5.26965E+21,1.0696E+16,4.75678E+16
143801,143802,9,7,73,113,2016,8,10,7,2,8,6,0,0,1,0,0,0,0,0,5.97301E+20,5.37796E+21,1.03184E+16,4.85472E+16
143802,143803,9,5,64,0,2016,8,13,3,2,5,7,0,0,1,1,0,0,0,0,6.45761E+20,5.47734E+21,1.10103E+16,4.94313E+16
143803,143804,9,1,79,147,2016,8,15,1,3,0,1,0,0,1,0,0,0,0,0,6.64946E+20,5.33379E+21,1.12171E+16,4.81359E+16
143804,143805,9,6,76,132,2016,8,15,3,3,5,2,0,0,0,1,0,0,0,0,5.15161E+20,5.50747E+21,9.21033E+15,4.97195E+16
143805,143806,9,1,84,149,2016,8,12,2,3,5,3,0,0,1,1,0,0,0,0,6.92217E+20,5.34975E+21,1.15905E+16,4.82718E+16
143806,143807,9,7,72,200,2016,8,11,6,3,0,1,0,0,1,0,0,0,0,0,6.30158E+20,5.33734E+21,1.07508E+16,4.8176E+16
143807,143808,9,1,73,112,2016,8,13,7,3,5,3,0,0,0,1,0,1,0,0,6.92005E+20,5.29193E+21,1.15618E+16,4.77522E+16
143808,143809,9,4,63,0,2016,8,12,2,3,0,7,0,0,0,0,0,1,0,0,6.38963E+20,5.57113E+21,1.09503E+16,5.02759E+16
143809,143810,9,7,61,0,2016,8,16,2,2,5,3,0,0,1,1,0,0,0,0,6.43783E+20,5.35827E+21,1.09411E+16,4.83613E+16
143810,143811,9,1,81,139,2016,8,11,1,3,4,1,0,0,1,0,0,0,0,0,6.56505E+20,5.32452E+21,1.11003E+16,4.80548E+16
143811,143812,9,7,75,135,2016,8,23,3,3,0,7,2,0,1,0,1,0,0,0,5.73864E+20,5.3606E+21,9.99782E+15,4.83942E+16
143812,143813,9,7,77,145,2016,8,23,1,3,5,3,2,0,0,1,0,0,0,0,6.28845E+20,5.32444E+21,1.07293E+16,4.80602E+16
143813,143814,9,1,74,115,2016,8,14,1,3,5,3,0,0,0,1,0,0,0,0,6.81244E+20,5.34784E+21,1.1442E+16,4.82578E+16
143814,143815,9,5,71,227,2016,8,9,3,3,5,3,0,0,0,1,0,0,0,0,6.0491E+20,5.43531E+21,1.04361E+16,4.90617E+16
143815,143816,9,6,63,0,2016,8,21,6,3,5,3,2,0,0,1,0,1,0,0,5.67984E+20,5.51638E+21,9.94462E+15,4.97961E+16
143816,143817,9,1,83,118,2016,8,15,7,2,0,1,0,0,0,0,0,1,0,0,7.46802E+20,5.34028E+21,1.23195E+16,4.81678E+16
143817,143818,9,7,72,223,2016,8,15,7,3,0,3,0,0,1,1,0,0,0,0,6.24413E+20,5.36383E+21,1.06814E+16,4.84153E+16
143818,143819,9,6,63,0,2016,8,18,6,3,8,1,0,0,0,1,0,0,0,0,5.67775E+20,5.51499E+21,9.94148E+15,4.97835E+16
143819,143820,9,1,89,140,2016,8,15,7,3,5,3,0,0,1,1,0,0,0,0,7.74058E+20,5.29459E+21,1.26563E+16,4.77464E+16
143820,143821,9,1,72,116,2016,8,8,7,3,4,6,0,1,0,1,0,0,0,0,8.03735E+20,5.28354E+21,1.30435E+16,4.76339E+16
143821,143822,9,1,75,132,2016,8,0,1,3,6,4,2,0,0,1,1,0,0,0,7.07527E+20,5.33101E+21,1.17875E+16,4.80985E+16
143822,143823,9,7,79,201,2016,8,7,3,3,0,7,0,0,1,0,0,0,0,0,6.47069E+20,5.3891E+21,1.09963E+16,4.86377E+16
143823,143824,9,7,79,201,2016,8,18,1,2,5,3,0,0,1,1,0,0,0,0,6.45517E+20,5.39575E+21,1.09776E+16,4.86978E+16
143824,143825,9,1,75,132,2016,8,17,1,3,0,1,0,0,0,0,0,1,0,0,7.07204E+20,5.33245E+21,1.17838E+16,4.81116E+16
143825,143826,9,1,63,0,2016,8,12,2,3,6,7,0,1,1,0,1,0,0,0,7.3338E+20,5.30442E+21,1.21198E+16,4.78507E+16
143826,143827,9,1,88,139,2016,8,15,7,3,0,7,0,0,1,0,0,0,0,0,6.7703E+20,5.3217E+21,1.13744E+16,4.8024E+16
143827,143828,9,4,73,151,2016,8,13,3,3,6,7,0,0,1,0,1,0,0,0,6.5036E+20,5.57741E+21,1.11126E+16,5.03296E+16
143828,143829,9,6,72,127,2016,8,17,6,2,0,1,0,0,1,0,0,0,0,0,5.63997E+20,5.55119E+21,9.89502E+15,5.01095E+16
143829,143830,9,1,72,114,2016,8,23,7,2,9,1,2,0,1,0,0,0,0,0,7.93134E+20,5.29533E+21,1.29107E+16,4.77446E+16
143830,143831,9,7,72,163,2016,8,18,7,2,5,3,0,0,0,0,0,1,0,0,6.4062E+20,5.34447E+21,1.08939E+16,4.82379E+16
143831,143832,9,7,61,0,2016,8,13,7,3,0,6,0,0,0,0,0,1,0,0,6.40999E+20,5.35921E+21,1.09039E+16,4.83703E+16
143832,143833,9,6,62,0,2016,8,13,3,2,0,1,0,0,1,0,0,0,0,0,5.85537E+20,5.54365E+21,1.01945E+16,5.0039E+16
143833,143834,9,1,62,0,2016,8,14,2,3,0,6,0,0,1,1,0,0,0,0,6.86783E+20,5.33672E+21,1.15116E+16,4.81563E+16
143834,143835,9,7,61,0,2016,8,12,7,3,0,3,0,0,1,0,0,0,0,1,6.39629E+20,5.35956E+21,1.08855E+16,4.83737E+16
143835,143836,9,7,72,202,2016,8,19,3,3,5,3,0,0,1,1,0,0,0,0,6.36905E+20,5.35874E+21,1.08485E+16,4.8367E+16
143836,143837,9,1,84,119,2016,8,14,2,3,7,6,0,0,1,0,0,0,0,0,6.96819E+20,5.34693E+21,1.16512E+16,4.8245E+16
143837,143838,9,7,79,197,2016,8,18,1,3,0,7,0,0,1,0,0,0,0,0,6.16885E+20,5.42421E+21,1.05968E+16,4.89597E+16
143838,143839,9,1,79,118,2016,8,15,2,3,6,7,0,0,0,1,1,0,0,0,6.72025E+20,5.33617E+21,1.13131E+16,4.81555E+16
143839,143840,9,1,79,123,2016,8,12,7,3,5,2,0,0,0,1,0,0,0,0,6.76107E+20,5.33266E+21,1.13665E+16,4.81229E+16
143840,143841,9,2,77,116,2016,8,13,3,3,1,2,0,0,0,1,0,0,0,0,7.7755E+20,5.3677E+21,1.27502E+16,4.84013E+16
143841,143842,9,1,71,125,2016,8,11,7,2,0,7,0,0,1,0,0,0,0,0,7.74747E+20,5.34967E+21,1.27007E+16,4.82406E+16
143842,143843,9,4,62,0,2016,8,17,2,3,6,7,0,0,1,0,1,0,0,0,6.84787E+20,5.53559E+21,1.15756E+16,4.99441E+16
143843,143844,9,6,63,0,2016,8,12,7,3,0,1,0,0,1,0,0,0,0,0,5.67005E+20,5.51617E+21,9.93098E+15,4.97942E+16
143844,143845,9,1,75,139,2016,8,14,1,2,0,7,0,0,1,0,0,0,0,0,7.10341E+20,5.32925E+21,1.18243E+16,4.80818E+16
143845,143846,9,6,62,0,2016,8,14,7,3,2,6,0,0,0,1,0,0,0,0,5.85993E+20,5.54465E+21,1.02011E+16,5.00479E+16
143846,143847,9,1,62,0,2016,8,12,2,3,5,3,0,0,1,0,0,0,0,0,6.8173E+20,5.33823E+21,1.14444E+16,4.81713E+16
143847,143848,9,1,81,114,2016,8,16,2,3,0,7,0,0,1,0,0,0,0,0,6.56056E+20,5.31284E+21,1.10901E+16,4.79499E+16
143848,143849,9,1,87,177,2016,8,12,7,3,0,6,0,0,0,1,0,1,0,0,7.39704E+20,5.30576E+21,1.22049E+16,4.78604E+16
143849,143850,9,4,71,140,2016,8,0,2,2,0,1,2,0,1,0,0,0,0,0,6.34766E+20,5.53152E+21,1.08774E+16,4.99208E+16
143850,143851,9,1,78,143,2016,8,18,2,3,7,1,0,0,1,0,0,0,0,0,7.2032E+20,5.371E+21,1.19799E+16,4.84536E+16
143851,143852,9,1,62,0,2016,8,10,6,3,6,7,0,1,0,1,1,0,0,0,6.93681E+20,5.33588E+21,1.16039E+16,4.81466E+16
143852,143853,9,1,82,120,2016,8,9,7,2,5,3,0,0,0,1,0,1,0,0,7.02595E+20,5.3066E+21,1.17098E+16,4.78808E+16
143853,143854,9,4,61,0,2016,8,21,2,3,2,2,2,0,0,1,0,1,0,0,6.36629E+20,5.52963E+21,1.09027E+16,4.99035E+16
143854,143855,9,7,61,0,2016,8,22,2,3,0,1,2,0,1,0,0,0,0,0,6.3499E+20,5.35356E+21,1.0821E+16,4.83208E+16
143855,143856,9,1,62,0,2016,8,22,7,3,4,2,2,0,1,1,0,0,0,0,6.86281E+20,5.33846E+21,1.15057E+16,4.81721E+16
143856,143857,9,5,65,0,2016,8,8,3,2,6,4,0,0,0,1,1,0,0,0,6.47231E+20,5.46679E+21,1.10267E+16,4.93361E+16
143857,143858,9,5,76,151,2016,8,8,6,3,9,7,0,1,0,0,0,0,0,1,6.55786E+20,5.4691E+21,1.11452E+16,4.93547E+16
143858,143859,9,1,87,129,2016,8,20,7,1,0,1,0,0,1,0,0,0,0,0,7.21641E+20,5.30107E+21,1.19614E+16,4.78248E+16
143859,143860,9,4,61,0,2016,8,17,2,3,1,7,0,0,0,1,0,1,0,0,6.35304E+20,5.52701E+21,1.08833E+16,4.98802E+16
143860,143861,9,7,61,0,2016,8,16,2,3,3,1,0,0,1,1,0,0,0,0,6.39785E+20,5.35871E+21,1.08873E+16,4.83661E+16
143861,143862,9,1,62,0,2016,8,14,7,3,0,1,0,0,1,0,0,0,0,0,6.9256E+20,5.33754E+21,1.15896E+16,4.8162E+16
143862,143863,9,7,64,0,2016,8,16,3,3,8,1,0,0,0,1,0,0,0,0,5.88774E+20,5.31423E+21,1.01895E+16,4.79752E+16
143863,143864,9,7,71,130,2016,8,18,1,3,0,7,0,0,1,0,0,0,0,0,6.47726E+20,5.35853E+21,1.09944E+16,4.83626E+16
143864,143865,9,1,62,0,2016,8,10,7,3,2,6,0,0,0,1,0,0,0,0,6.86084E+20,5.34013E+21,1.15037E+16,4.81871E+16
143865,143866,9,1,61,0,2016,8,18,7,3,4,1,0,0,1,0,0,0,0,0,6.78974E+20,5.40707E+21,1.14368E+16,4.87909E+16
143866,143867,9,7,71,113,2016,8,18,2,3,0,7,0,0,1,0,0,0,0,0,6.52852E+20,5.36866E+21,1.10673E+16,4.84525E+16
143867,143868,9,1,62,0,2016,8,20,7,3,8,7,0,0,1,0,0,0,0,0,6.91577E+20,5.33467E+21,1.15751E+16,4.81364E+16
143868,143869,9,1,62,0,2016,8,8,3,3,0,5,0,0,1,1,0,0,0,0,6.93268E+20,5.33458E+21,1.15978E+16,4.81351E+16
143869,143870,9,6,79,170,2016,8,15,1,3,0,7,0,0,1,0,0,0,0,0,5.74914E+20,5.50342E+21,1.00384E+16,4.96787E+16
143870,143871,9,6,71,121,2016,8,16,7,3,5,3,0,0,1,1,0,0,0,0,5.13157E+20,5.53835E+21,9.18358E+15,4.99973E+16
143871,143872,9,5,73,115,2016,8,22,3,3,8,1,2,0,0,1,0,0,0,0,6.31562E+20,5.47118E+21,1.08126E+16,4.93791E+16
143872,143873,9,5,74,117,2016,8,15,6,3,1,5,0,1,0,1,0,1,0,0,6.69262E+20,5.46625E+21,1.13295E+16,4.93255E+16
143873,143874,9,7,72,131,2016,8,15,3,3,4,6,0,0,0,1,0,1,0,0,6.22807E+20,5.35729E+21,1.06578E+16,4.83568E+16
143874,143875,9,1,79,142,2016,8,20,7,3,0,7,0,0,1,0,0,0,0,0,6.72961E+20,5.34124E+21,1.13278E+16,4.82008E+16
143875,143876,9,2,75,124,2016,8,18,4,2,0,1,0,0,1,0,0,0,0,0,8.10484E+20,5.3754E+21,1.31997E+16,4.8455E+16
143876,143877,9,7,78,186,2016,8,15,4,3,0,7,0,0,1,0,0,0,0,0,5.9753E+20,5.31093E+21,1.03061E+16,4.79442E+16
143877,143878,9,2,62,0,2016,8,16,5,3,0,2,0,1,0,0,0,1,0,0,8.2504E+20,5.38806E+21,1.34059E+16,4.85612E+16
143878,143879,9,2,74,184,2016,8,10,5,3,6,7,0,0,0,0,1,0,0,1,7.4798E+20,5.37171E+21,1.23538E+16,4.84496E+16
143879,143880,9,3,62,0,2016,8,10,7,3,2,6,0,0,0,1,0,0,0,0,7.30362E+20,5.43215E+21,1.21497E+16,4.89993E+16
143880,143881,9,6,79,194,2016,8,15,7,3,5,6,0,1,1,1,0,0,0,0,5.60377E+20,5.52604E+21,9.84045E+15,4.98837E+16
143881,143882,9,1,77,116,2016,8,11,7,3,4,6,0,0,0,1,0,0,0,0,7.14152E+20,5.35734E+21,1.18896E+16,4.83329E+16
143882,143883,9,1,79,121,2016,8,20,6,3,0,7,1,0,1,1,0,0,0,0,6.67613E+20,5.33953E+21,1.12552E+16,4.81869E+16
143883,143884,9,2,72,138,2016,8,20,4,3,0,1,0,0,1,0,0,0,0,0,8.25917E+20,5.41039E+21,1.34353E+16,4.87611E+16
143884,143885,9,1,80,117,2016,8,12,7,3,3,2,0,0,1,1,0,0,0,0,6.5972E+20,5.26097E+21,1.11201E+16,4.74826E+16
143885,143886,9,7,78,209,2016,8,7,4,3,5,3,0,0,1,1,0,0,0,0,6.17901E+20,5.3246E+21,1.05825E+16,4.80637E+16
143886,143887,9,2,78,123,2016,8,5,6,3,0,7,1,0,0,0,0,1,0,0,7.49734E+20,5.41593E+21,1.24041E+16,4.88461E+16
143887,143888,9,7,79,111,2016,8,10,6,3,0,7,0,0,1,0,0,0,0,0,6.18888E+20,5.41145E+21,1.06204E+16,4.88446E+16
143888,143889,9,1,62,0,2016,8,10,5,3,3,6,0,0,0,1,0,1,0,0,6.89699E+20,5.33191E+21,1.15487E+16,4.81121E+16
143889,143890,9,2,61,0,2016,8,11,5,3,0,6,0,0,0,0,0,1,1,0,7.33015E+20,5.38204E+21,1.21575E+16,4.85481E+16
143890,143891,9,1,62,0,2016,8,13,5,3,4,2,0,1,1,1,0,0,0,0,6.89998E+20,5.33392E+21,1.15536E+16,4.81301E+16
143891,143892,9,2,73,111,2016,8,18,5,3,5,3,0,0,1,1,0,0,0,0,7.11379E+20,5.41297E+21,1.18806E+16,4.88337E+16
143892,143893,9,1,62,0,2016,8,23,6,3,5,3,2,0,0,1,0,0,0,1,6.91666E+20,5.33412E+21,1.1576E+16,4.81314E+16
143893,143894,9,1,74,115,2016,8,19,6,3,0,7,0,0,1,0,0,0,0,1,6.8263E+20,5.34821E+21,1.14608E+16,4.82608E+16
143894,143895,9,2,74,120,2016,8,9,4,3,5,3,0,0,0,1,0,0,0,1,7.50978E+20,5.36697E+21,1.23914E+16,4.84059E+16
143895,143896,9,7,76,116,2016,8,10,4,2,4,6,0,0,1,0,0,0,0,0,5.51243E+20,5.26627E+21,9.68101E+15,4.75478E+16
143896,143897,9,2,76,117,2016,8,11,6,2,5,2,0,0,1,1,0,0,0,0,7.99643E+20,5.44281E+21,1.31026E+16,4.90652E+16
143897,143898,9,7,73,125,2016,8,12,6,3,5,3,0,0,1,1,0,0,0,0,6.08905E+20,5.3813E+21,1.04765E+16,4.85753E+16
143898,143899,9,1,62,0,2016,8,15,5,3,5,3,0,1,0,1,0,1,0,0,6.90801E+20,5.33371E+21,1.15642E+16,4.81281E+16
143899,143900,9,1,82,124,2016,8,2,1,3,8,1,2,1,0,1,0,0,0,0,7.06037E+20,5.28261E+21,1.17444E+16,4.76641E+16
143900,143901,9,5,75,117,2016,8,17,6,3,1,3,0,0,1,1,0,0,0,0,6.23378E+20,5.49986E+21,1.07088E+16,4.96387E+16
143901,143902,9,1,90,157,2016,8,16,5,3,1,2,0,0,0,1,0,1,0,0,6.61079E+20,5.30114E+21,1.11529E+16,4.78434E+16
143902,143903,9,2,74,141,2016,8,13,4,3,5,3,0,0,0,1,0,1,0,0,7.32931E+20,5.39387E+21,1.2163E+16,4.86544E+16
143903,143904,9,7,73,144,2016,8,12,4,3,0,7,0,0,1,0,0,0,0,0,6.0525E+20,5.38041E+21,1.04267E+16,4.85679E+16
143904,143905,9,1,74,115,2016,8,14,6,3,0,1,0,0,1,0,0,0,0,0,6.81533E+20,5.34603E+21,1.14451E+16,4.82415E+16
143905,143906,9,2,73,147,2016,8,19,4,1,0,1,0,0,1,0,0,0,0,0,7.05439E+20,5.39141E+21,1.1789E+16,4.86419E+16
143906,143907,9,1,80,123,2016,8,15,7,3,0,2,0,0,1,1,0,0,0,0,6.70411E+20,5.25636E+21,1.12601E+16,4.74384E+16
143907,143908,9,7,61,0,2016,8,17,4,3,1,6,0,0,0,1,0,0,0,0,6.36801E+20,5.36085E+21,1.08478E+16,4.8386E+16