FID,OBJECTID,ULAND,UREGBEZ,UKREIS,UGEMEINDE,UJAHR,UMONAT,USTUNDE,UWOCHENTAG,UKATEGORIE,UART,UTYP1,ULICHTVERH,IstStrasse,IstRad,IstPKW,IstFuss,IstKrad,IstGkfz,IstSonstig,LINREFX,LINREFY,XGCSWGS84,YGCSWGS84
143908,143909,9,2,76,138,2016,8,8,6,2,1,1,0,0,1,1,0,0,0,0,8.02219E+20,5.43223E+21,1.31298E+16,4.8969E+16
143909,143910,9,7,61,0,2016,8,16,6,3,1,6,0,0,1,1,0,0,0,0,6.3876E+20,5.36086E+21,1.08742E+16,4.83857E+16
143910,143911,9,1,62,0,2016,8,19,5,2,5,2,0,1,1,1,0,0,0,0,6.91437E+20,5.33534E+21,1.15735E+16,4.81425E+16
143911,143912,9,5,74,141,2016,8,16,7,2,5,3,0,0,1,1,0,0,0,0,6.69168E+20,5.4888E+21,1.13378E+16,4.95282E+16
143912,143913,9,1,62,0,2016,8,23,7,3,1,6,2,0,0,1,0,0,0,0,6.91815E+20,5.33567E+21,1.15788E+16,4.81454E+16
143913,143914,9,5,75,112,2016,8,14,6,3,2,6,0,0,0,1,0,1,0,0,6.02039E+20,5.4838E+21,1.04092E+16,4.94982E+16
143914,143915,9,1,80,124,2016,8,17,5,3,0,1,0,0,1,0,0,0,0,0,6.66489E+20,5.28513E+21,1.1219E+16,4.7698E+16
143915,143916,9,2,73,177,2016,8,17,4,2,0,1,0,0,1,0,0,0,0,0,7.08376E+20,5.40028E+21,1.18332E+16,4.87206E+16
143916,143917,9,7,61,0,2016,8,18,4,3,0,1,0,0,1,0,0,0,0,0,6.40524E+20,5.35938E+21,1.08975E+16,4.83719E+16
143917,143918,9,1,71,111,2016,8,7,5,3,3,6,0,0,1,1,0,0,0,0,7.73058E+20,5.34782E+21,1.26768E+16,4.82247E+16
143918,143919,9,1,63,0,2016,8,18,5,3,3,6,0,0,1,1,0,0,0,0,7.31361E+20,5.3041E+21,1.20927E+16,4.78486E+16
143919,143920,9,4,73,120,2016,8,10,7,3,5,3,0,0,0,1,0,1,0,0,6.41866E+20,5.57212E+21,1.09914E+16,5.02841E+16
143920,143921,9,7,71,146,2016,8,18,7,3,5,3,0,1,0,1,0,0,0,0,6.46662E+20,5.34857E+21,1.09766E+16,4.82733E+16
143921,143922,9,6,63,0,2016,8,18,4,3,0,7,0,0,0,0,0,1,0,1,5.69917E+20,5.51734E+21,9.97166E+15,4.98044E+16
143922,143923,9,7,75,152,2016,8,7,5,3,5,7,0,0,1,1,0,0,0,0,5.77263E+20,5.35344E+21,1.00424E+16,4.83294E+16
143923,143924,9,5,64,0,2016,8,2,7,3,0,1,2,0,1,0,0,0,0,0,6.51304E+20,5.47954E+21,1.10875E+16,4.94496E+16
143924,143925,9,1,62,0,2016,8,14,7,3,0,1,0,0,1,0,0,0,0,0,6.86497E+20,5.33485E+21,1.1507E+16,4.81396E+16
143925,143926,9,5,61,0,2016,8,18,6,3,5,3,0,0,1,0,0,0,0,0,6.14122E+20,5.46172E+21,1.05697E+16,4.92975E+16
143926,143927,9,7,75,135,2016,8,18,5,3,5,3,0,1,1,0,0,1,0,0,5.74515E+20,5.36077E+21,1.00067E+16,4.83957E+16
143927,143928,9,2,79,134,2016,8,6,4,3,4,1,0,0,0,0,0,1,1,0,7.71229E+20,5.39052E+21,1.26798E+16,4.86089E+16
143928,143929,9,2,73,164,2016,8,21,4,2,0,7,2,0,1,0,0,0,0,0,6.97532E+20,5.42639E+21,1.16986E+16,4.89588E+16
143929,143930,9,6,63,0,2016,8,16,4,3,0,5,0,0,1,1,0,0,0,0,5.67118E+20,5.51502E+21,9.93235E+15,4.97838E+16
143930,143931,9,1,82,129,2016,8,13,5,2,0,1,0,0,1,0,0,0,0,0,7.08168E+20,5.28529E+21,1.1774E+16,4.76874E+16
143931,143932,9,1,61,0,2016,8,15,5,2,6,4,0,0,1,0,1,0,0,0,6.78778E+20,5.40558E+21,1.14335E+16,4.87775E+16
143932,143933,9,2,62,0,2016,8,19,7,3,5,3,0,0,0,1,0,1,0,0,8.24853E+20,5.3895E+21,1.34045E+16,4.85743E+16
143933,143934,9,6,71,136,2016,8,18,7,3,5,3,0,1,0,1,0,0,0,0,5.04684E+20,5.53916E+21,9.06536E+15,5.00047E+16
143934,143935,9,1,62,0,2016,8,13,6,3,5,2,0,0,1,1,0,0,0,0,6.88014E+20,5.33961E+21,1.15294E+16,4.81819E+16
143935,143936,9,1,84,134,2016,8,13,5,3,5,3,0,1,1,1,0,0,0,0,6.92755E+20,5.32159E+21,1.1585E+16,4.80185E+16
143936,143937,9,1,90,132,2016,8,10,4,3,6,7,0,0,0,1,1,0,0,0,6.74163E+20,5.2943E+21,1.13249E+16,4.77785E+16
143937,143938,9,1,83,124,2016,8,15,7,3,0,7,0,0,0,1,0,0,0,0,7.56216E+20,5.34296E+21,1.24475E+16,4.81882E+16
143938,143939,9,1,84,123,2016,8,20,6,3,0,7,1,0,1,1,0,0,0,0,7.0359E+20,5.33186E+21,1.1735E+16,4.81074E+16
143939,143940,9,5,61,0,2016,8,9,6,3,0,3,0,0,0,1,0,1,0,0,6.14877E+20,5.46243E+21,1.05802E+16,4.93038E+16
143940,143941,9,1,62,0,2016,8,18,5,3,5,3,0,0,1,1,0,0,0,0,6.88671E+20,5.33651E+21,1.15369E+16,4.81538E+16
143941,143942,9,1,73,126,2016,8,18,4,3,4,2,0,0,1,0,0,0,0,0,6.83038E+20,5.30703E+21,1.14486E+16,4.78904E+16
143942,143943,9,1,87,148,2016,8,16,7,2,0,1,0,0,1,0,0,0,0,0,7.3606E+20,5.27737E+21,1.21409E+16,4.76067E+16
143943,143944,9,6,78,183,2016,8,18,4,2,0,1,0,1,1,0,0,0,0,0,5.95468E+20,5.53232E+21,1.03304E+16,4.99356E+16
143944,143945,9,2,77,138,2016,8,15,6,3,0,7,0,0,1,0,1,0,0,0,7.91459E+20,5.37155E+21,1.29404E+16,4.84295E+16
143945,143946,9,1,61,0,2016,8,15,5,3,3,2,0,0,0,0,0,1,0,1,6.77516E+20,5.40582E+21,1.14165E+16,4.878E+16
143946,143947,9,7,63,0,2016,8,14,5,2,4,6,0,0,1,1,0,0,0,0,5.98959E+20,5.28483E+21,1.03192E+16,4.77093E+16
143947,143948,9,1,86,152,2016,8,18,5,3,9,1,0,0,0,0,0,1,0,0,6.9225E+20,5.37481E+21,1.16024E+16,4.8497E+16
143948,143949,9,1,62,0,2016,8,18,6,3,0,7,0,0,0,1,0,0,0,0,7.00351E+20,5.33442E+21,1.16928E+16,4.81315E+16
143949,143950,9,1,62,0,2016,8,6,5,3,2,6,0,0,0,1,0,1,0,0,6.92713E+20,5.33412E+21,1.15901E+16,4.81312E+16
143950,143951,9,1,80,117,2016,8,19,7,3,5,3,1,1,1,1,0,0,0,1,6.58438E+20,5.26213E+21,1.11035E+16,4.74933E+16
143951,143952,9,6,62,0,2016,8,16,4,3,5,3,0,0,1,1,0,0,0,0,5.85311E+20,5.54119E+21,1.01908E+16,5.00169E+16
143952,143953,9,2,75,141,2016,8,14,6,2,3,2,0,0,1,0,0,0,0,0,8.2036E+20,5.37093E+21,1.33295E+16,4.841E+16
143953,143954,9,7,61,0,2016,8,11,6,2,5,3,0,0,1,1,0,0,0,0,6.39287E+20,5.35951E+21,1.08809E+16,4.83733E+16
143954,143955,9,7,80,133,2016,8,12,5,3,0,7,0,0,1,0,0,0,0,0,5.96352E+20,5.25132E+21,1.02771E+16,4.74082E+16
143955,143956,9,1,74,113,2016,8,16,1,3,0,7,0,0,0,0,0,1,0,0,6.71452E+20,5.34718E+21,1.13099E+16,4.82546E+16
143956,143957,9,4,73,112,2016,8,15,6,3,2,6,0,0,0,1,0,0,0,0,6.40069E+20,5.56758E+21,1.09645E+16,5.02437E+16
143957,143958,9,1,79,126,2016,8,18,5,3,1,5,0,0,1,1,0,0,0,0,6.77472E+20,5.34015E+21,1.1388E+16,4.81898E+16
143958,143959,9,6,71,140,2016,8,18,4,3,1,5,0,0,0,1,0,0,0,0,5.05812E+20,5.53679E+21,9.08107E+15,4.99834E+16
143959,143960,9,2,77,116,2016,8,17,6,2,5,7,0,0,1,1,0,0,0,0,7.77374E+20,5.36745E+21,1.27477E+16,4.83991E+16
143960,143961,9,6,79,202,2016,8,12,6,3,0,7,0,0,1,0,0,0,0,0,5.62745E+20,5.52041E+21,9.87249E+15,4.98328E+16
143961,143962,9,7,76,116,2016,8,7,5,2,5,3,0,0,1,1,0,0,0,0,5.50756E+20,5.26746E+21,9.67468E+15,4.75586E+16
143962,143963,9,1,83,148,2016,8,14,4,3,4,3,0,0,1,1,0,0,0,0,7.5216E+20,5.34462E+21,1.2394E+16,4.82047E+16
143963,143964,9,5,76,132,2016,8,12,4,3,9,1,0,0,0,1,1,0,0,0,6.5426E+20,5.46312E+21,1.11219E+16,4.93013E+16
143964,143965,9,2,74,113,2016,8,23,6,3,0,6,2,0,0,1,0,1,0,0,7.26952E+20,5.38471E+21,1.20769E+16,4.85743E+16
143965,143966,9,6,63,0,2016,8,11,6,3,0,7,0,0,0,1,1,0,0,0,5.67316E+20,5.5163E+21,9.93533E+15,4.97954E+16
143966,143967,9,7,62,0,2016,8,15,5,3,4,2,0,0,1,1,0,0,0,0,6.21125E+20,5.30396E+21,1.062E+16,4.78776E+16
143967,143968,9,5,64,0,2016,8,1,7,2,5,3,2,0,1,1,0,0,0,0,6.49061E+20,5.47908E+21,1.10564E+16,4.9446E+16
143968,143969,9,1,62,0,2016,8,14,7,2,1,5,0,0,1,1,0,0,0,0,6.90595E+20,5.33475E+21,1.15619E+16,4.81374E+16
143969,143970,9,4,72,133,2016,8,19,6,3,8,1,1,0,0,1,0,1,0,0,6.9006E+20,5.53E+21,1.16462E+16,4.98922E+16
143970,143971,9,7,73,136,2016,8,16,5,3,4,2,0,0,0,1,1,0,0,0,6.01908E+20,5.37927E+21,1.03811E+16,4.85583E+16
143971,143972,9,1,83,128,2016,8,8,4,2,0,7,0,0,1,0,0,0,0,0,7.61178E+20,5.35066E+21,1.25189E+16,4.82553E+16
143972,143973,9,5,74,147,2016,8,9,4,3,0,1,0,0,1,0,0,0,0,0,6.80374E+20,5.48647E+21,1.14914E+16,4.9504E+16
143973,143974,9,1,83,128,2016,8,6,4,3,0,1,0,0,0,0,0,1,0,0,7.6229E+20,5.34926E+21,1.2533E+16,4.82422E+16
143974,143975,9,5,64,0,2016,8,6,4,3,5,2,0,0,0,1,0,1,0,0,6.50513E+20,5.47783E+21,1.1076E+16,4.94345E+16
143975,143976,9,5,64,0,2016,8,23,4,3,1,5,2,0,1,1,0,0,0,0,6.5114E+20,5.47957E+21,1.10853E+16,4.945E+16
143976,143977,9,7,61,0,2016,8,9,5,3,0,7,0,0,1,0,0,0,0,0,6.38729E+20,5.35675E+21,1.08724E+16,4.83487E+16
143977,143978,9,5,71,175,2016,8,8,7,3,9,1,0,0,0,1,0,0,0,0,6.23438E+20,5.45653E+21,1.06961E+16,4.92491E+16
143978,143979,9,1,62,0,2016,8,18,7,3,4,6,0,1,0,1,0,0,0,0,6.91336E+20,5.33409E+21,1.15716E+16,4.81313E+16
143979,143980,9,1,62,0,2016,8,20,6,3,0,2,1,0,0,1,0,1,0,0,6.93601E+20,5.33398E+21,1.1602E+16,4.81296E+16
143980,143981,9,4,62,0,2016,8,13,6,3,5,2,0,0,0,1,0,0,0,0,6.84937E+20,5.53599E+21,1.15778E+16,4.99476E+16
143981,143982,9,6,79,201,2016,8,11,5,3,2,2,0,0,0,1,0,0,1,0,5.75265E+20,5.52469E+21,1.00474E+16,4.98699E+16
143982,143983,9,1,62,0,2016,8,2,5,3,8,7,2,0,1,0,0,0,0,0,6.9295E+20,5.33232E+21,1.15925E+16,4.81149E+16
143983,143984,9,1,72,118,2016,8,11,4,2,4,2,0,0,0,1,0,1,0,0,7.97346E+20,5.30691E+21,1.29747E+16,4.78467E+16
143984,143985,9,1,87,157,2016,8,9,7,3,0,1,0,0,1,0,0,0,0,0,7.38086E+20,5.28357E+21,1.21712E+16,4.76616E+16
143985,143986,9,5,64,0,2016,8,15,4,3,5,3,0,0,0,1,0,0,0,0,6.49561E+20,5.47933E+21,1.10634E+16,4.94482E+16
143986,143987,9,1,81,114,2016,8,12,5,3,0,7,0,0,0,1,1,0,0,0,6.57257E+20,5.31265E+21,1.11061E+16,4.79479E+16
143987,143988,9,6,63,0,2016,8,14,5,3,5,2,0,0,0,0,0,1,0,1,5.68046E+20,5.51269E+21,9.94485E+15,4.97628E+16
143988,143989,9,1,74,135,2016,8,15,5,3,5,3,0,1,0,1,0,0,0,0,6.63542E+20,5.35258E+21,1.12055E+16,4.83053E+16
143989,143990,9,1,74,126,2016,8,15,5,3,5,3,0,0,0,1,0,1,0,0,6.83022E+20,5.34378E+21,1.14641E+16,4.82209E+16
143990,143991,9,1,78,143,2016,8,13,5,3,6,4,0,1,0,1,1,0,0,0,7.21801E+20,5.37425E+21,1.20016E+16,4.84822E+16
143991,143992,9,4,61,0,2016,8,2,7,3,0,7,2,0,1,0,0,0,0,0,6.34653E+20,5.52819E+21,1.08747E+16,4.98909E+16
143992,143993,9,7,72,163,2016,8,3,7,3,9,1,2,0,0,1,0,0,0,0,6.39948E+20,5.34739E+21,1.08858E+16,4.82642E+16
143993,143994,9,1,62,0,2016,8,9,6,3,0,1,0,1,0,0,0,1,0,0,6.94201E+20,5.33431E+21,1.16102E+16,4.81324E+16
143994,143995,9,4,71,117,2016,8,23,6,3,0,1,2,0,1,0,0,0,0,0,6.3141E+20,5.53056E+21,1.08304E+16,4.9913E+16
143995,143996,9,1,62,0,2016,8,8,5,3,5,3,0,0,1,1,0,0,0,0,6.92343E+20,5.33355E+21,1.15849E+16,4.81261E+16
143996,143997,9,1,71,112,2016,8,6,4,3,0,2,0,0,0,1,0,1,0,0,7.85021E+20,5.34104E+21,1.2833E+16,4.81587E+16
143997,143998,9,1,61,0,2016,8,11,7,3,6,4,0,0,0,1,1,0,0,0,6.81556E+20,5.40151E+21,1.14695E+16,4.87401E+16
143998,143999,9,5,64,0,2016,8,17,4,2,5,3,0,0,0,1,0,0,0,0,6.53853E+20,5.48221E+21,1.11237E+16,4.94731E+16
143999,144000,9,2,73,141,2016,8,17,6,3,9,2,0,0,1,0,0,0,0,0,7.24007E+20,5.41234E+21,1.2052E+16,4.88236E+16
144000,144001,9,6,63,0,2016,8,20,6,3,5,2,1,0,0,1,0,0,0,0,5.67428E+20,5.51684E+21,9.93698E+15,4.98002E+16
144001,144002,9,1,62,0,2016,8,13,4,2,3,6,0,0,1,0,0,0,0,1,6.90165E+20,5.33382E+21,1.15558E+16,4.81292E+16
144002,144003,9,6,74,147,2016,8,16,5,3,5,6,0,0,0,0,0,1,0,1,6.05925E+20,5.54747E+21,1.04802E+16,5.00701E+16
144003,144004,9,1,62,0,2016,8,9,5,3,0,7,0,0,0,0,0,1,0,0,6.84521E+20,5.33485E+21,1.14804E+16,4.81401E+16
144004,144005,9,1,62,0,2016,8,8,6,3,5,7,0,1,1,1,0,0,0,0,6.91797E+20,5.33809E+21,1.15796E+16,4.81671E+16
144005,144006,9,1,62,0,2016,8,17,5,2,5,3,0,0,0,1,0,0,0,0,6.84775E+20,5.33331E+21,1.14832E+16,4.81262E+16
144006,144007,9,1,72,112,2016,8,14,4,3,0,7,0,0,1,0,0,0,0,0,7.89762E+20,5.29992E+21,1.28689E+16,4.77874E+16
144007,144008,9,5,64,0,2016,8,12,4,2,5,3,0,0,0,1,0,0,0,0,6.50219E+20,5.47486E+21,1.10708E+16,4.94078E+16
144008,144009,9,6,63,0,2016,8,14,6,3,1,6,0,0,0,1,0,0,0,0,5.66754E+20,5.51529E+21,9.92735E+15,4.97864E+16
144009,144010,9,6,61,0,2016,8,16,5,3,5,3,0,0,1,1,0,0,0,0,5.10488E+20,5.53665E+21,9.14629E+15,4.99821E+16
144010,144011,9,1,62,0,2016,8,16,4,3,4,6,0,0,1,0,0,0,0,0,6.92278E+20,5.33495E+21,1.15846E+16,4.81387E+16
144011,144012,9,1,63,0,2016,8,8,4,3,3,2,0,0,1,1,0,0,0,0,7.327E+20,5.30555E+21,1.21113E+16,4.78611E+16
144012,144013,9,5,71,225,2016,8,18,4,2,8,1,0,0,0,0,0,1,0,0,5.90678E+20,5.47383E+21,1.02501E+16,4.94104E+16
144013,144014,9,5,61,0,2016,8,17,4,3,9,1,0,0,0,0,0,1,0,0,6.13313E+20,5.46245E+21,1.05588E+16,4.93043E+16
144014,144015,9,1,90,160,2016,8,12,6,2,8,6,0,0,0,0,0,1,1,0,6.48307E+20,5.28201E+21,1.09758E+16,4.76745E+16
144015,144016,9,4,62,0,2016,8,18,4,3,2,6,0,0,0,1,0,0,0,0,6.8332E+20,5.53544E+21,1.15551E+16,4.99431E+16
144016,144017,9,1,80,117,2016,8,14,6,3,0,3,0,0,0,1,0,0,0,0,6.56378E+20,5.26119E+21,1.10758E+16,4.74853E+16
144017,144018,9,6,61,0,2016,8,20,6,3,8,1,2,0,1,0,0,0,0,0,5.13548E+20,5.53569E+21,9.18893E+15,4.99734E+16
144018,144019,9,6,71,111,2016,8,17,5,3,4,6,0,0,0,1,0,0,0,0,5.08222E+20,5.54964E+21,9.11497E+15,5.0099E+16
144019,144020,9,5,62,0,2016,8,12,7,3,5,3,0,0,0,1,0,0,0,0,6.44282E+20,5.49505E+21,1.09964E+16,4.95908E+16
144020,144021,9,1,62,0,2016,8,13,7,3,6,4,0,0,1,0,1,0,0,0,6.92107E+20,5.33447E+21,1.15821E+16,4.81345E+16
144021,144022,9,4,71,131,2016,8,5,6,3,2,6,1,0,0,1,0,0,0,0,6.3135E+20,5.52252E+21,1.08268E+16,4.98407E+16
144022,144023,9,1,62,0,2016,8,20,4,3,5,3,1,0,0,1,0,0,0,0,6.86087E+20,5.33763E+21,1.15027E+16,4.81646E+16
144023,144024,9,1,87,129,2016,8,15,4,3,0,1,0,0,1,0,0,0,0,0,7.24813E+20,5.2949E+21,1.20005E+16,4.77682E+16
144024,144025,9,4,62,0,2016,8,12,4,2,5,3,0,0,0,1,0,0,0,0,6.83255E+20,5.53567E+21,1.15543E+16,4.99452E+16
144025,144026,9,4,78,144,2016,8,21,7,3,2,6,2,1,0,1,0,0,0,0,6.56087E+20,5.55873E+21,1.11853E+16,5.01602E+16
144026,144027,9,7,73,112,2016,8,16,7,3,0,1,0,0,1,0,0,0,0,0,5.97012E+20,5.3875E+21,1.03167E+16,4.8633E+16
144027,144028,9,7,75,135,2016,8,19,6,2,5,3,0,0,1,1,0,0,0,0,5.74212E+20,5.36088E+21,1.00026E+16,4.83968E+16
144028,144029,9,4,71,155,2016,8,15,6,3,5,3,0,0,0,1,0,0,0,0,6.43064E+20,5.53033E+21,1.09925E+16,4.99082E+16
144029,144030,9,1,62,0,2016,8,16,5,3,3,7,0,1,1,1,0,0,0,0,6.91226E+20,5.3344E+21,1.15703E+16,4.81341E+16
144030,144031,9,1,82,116,2016,8,17,4,2,0,1,0,0,1,0,0,0,0,0,7.05565E+20,5.2921E+21,1.17426E+16,4.77495E+16
144031,144032,9,5,62,0,2016,8,18,5,3,0,7,0,0,1,0,0,0,0,0,6.45195E+20,5.49565E+21,1.10092E+16,4.9596E+16
144032,144033,9,5,64,0,2016,8,17,7,3,3,6,0,0,0,1,0,0,0,1,6.50084E+20,5.47616E+21,1.10694E+16,4.94196E+16
144033,144034,9,1,62,0,2016,8,15,7,3,6,4,0,0,1,0,1,0,0,0,6.88322E+20,5.33668E+21,1.15323E+16,4.81555E+16
144034,144035,9,4,61,0,2016,8,14,6,3,4,6,0,0,0,1,0,1,0,0,6.35527E+20,5.52938E+21,1.08873E+16,4.99015E+16
144035,144036,9,5,65,0,2016,8,16,5,2,0,7,0,0,1,0,0,0,0,0,6.46748E+20,5.46947E+21,1.1021E+16,4.93603E+16
144036,144037,9,1,87,117,2016,8,16,4,3,5,3,0,0,1,1,0,0,0,0,7.24716E+20,5.30576E+21,1.20048E+16,4.78658E+16
144037,144038,9,1,88,124,2016,8,16,4,3,0,7,0,0,1,0,0,0,0,0,6.62135E+20,5.31745E+21,1.11732E+16,4.79898E+16
144038,144039,9,4,61,0,2016,8,12,4,3,0,7,0,0,0,0,0,1,0,0,6.36458E+20,5.52819E+21,1.08998E+16,4.98905E+16
144039,144040,9,1,62,0,2016,8,12,4,3,3,6,0,0,1,1,0,0,1,0,6.90226E+20,5.33549E+21,1.15573E+16,4.81442E+16
144040,144041,9,1,62,0,2016,8,9,4,3,0,3,0,0,0,1,0,0,0,1,7.01091E+20,5.33454E+21,1.17028E+16,4.81323E+16
144041,144042,9,2,75,138,2016,8,8,7,2,4,6,0,0,0,1,0,0,1,0,8.111E+20,5.38728E+21,1.32169E+16,4.85613E+16
144042,144043,9,6,63,0,2016,8,11,7,3,5,3,0,0,0,1,0,0,0,0,5.70238E+20,5.51642E+21,9.97595E+15,4.97962E+16
144043,144044,9,7,75,152,2016,8,10,6,2,5,1,0,0,1,1,0,0,0,0,5.77797E+20,5.353E+21,1.00495E+16,4.83254E+16
144044,144045,9,1,62,0,2016,8,8,5,2,1,5,0,0,1,1,0,0,0,0,6.89698E+20,5.33574E+21,1.15504E+16,4.81466E+16
144045,144046,9,1,74,115,2016,8,15,4,3,0,4,0,0,0,0,1,1,0,0,6.80993E+20,5.34803E+21,1.14387E+16,4.82596E+16
144046,144047,9,1,61,0,2016,8,22,7,2,2,2,2,0,1,0,0,0,0,0,6.75947E+20,5.40829E+21,1.13962E+16,4.88027E+16
144047,144048,9,4,61,0,2016,8,13,4,3,1,7,0,0,0,1,0,0,0,0,6.36239E+20,5.52827E+21,1.08968E+16,4.98913E+16
144048,144049,9,1,83,148,2016,8,6,6,3,5,3,1,0,0,1,0,1,0,0,7.52082E+20,5.34533E+21,1.23934E+16,4.8211E+16
144049,144050,9,6,61,0,2016,8,11,6,3,0,7,0,0,1,0,0,0,0,0,5.11089E+20,5.53526E+21,9.15464E+15,4.99696E+16
144050,144051,9,1,88,141,2016,8,16,7,3,2,6,0,0,0,1,0,0,0,0,6.70427E+20,5.30899E+21,1.12809E+16,4.79116E+16
144051,144052,9,3,74,166,2016,8,6,4,3,2,2,0,0,0,0,0,1,0,1,7.20368E+20,5.50078E+21,1.20511E+16,4.96193E+16
144052,144053,9,5,62,0,2016,8,17,6,2,5,3,0,0,1,1,0,0,0,0,6.44983E+20,5.49414E+21,1.10057E+16,4.95824E+16
144053,144054,9,1,62,0,2016,8,23,4,3,6,4,2,0,0,1,1,0,0,0,6.9405E+20,5.33082E+21,1.16066E+16,4.81011E+16
144054,144055,9,5,63,0,2016,8,12,5,3,5,3,0,0,0,1,0,1,0,0,6.446E+20,5.48121E+21,1.09957E+16,4.94664E+16
144055,144056,9,1,62,0,2016,8,16,4,2,5,3,0,0,1,1,0,0,0,0,6.90238E+20,5.34022E+21,1.15596E+16,4.81867E+16
144056,144057,9,7,78,116,2016,8,8,6,2,0,1,0,0,1,0,0,0,0,0,6.17569E+20,5.32197E+21,1.05773E+16,4.80402E+16
144057,144058,9,1,62,0,2016,8,4,5,3,5,3,2,0,0,1,0,0,0,0,6.90149E+20,5.33606E+21,1.15565E+16,4.81493E+16
144058,144059,9,1,74,126,2016,8,14,4,3,2,7,0,0,0,1,0,1,0,0,6.82717E+20,5.34487E+21,1.14605E+16,4.82307E+16
144059,144060,9,3,72,126,2016,8,11,4,3,6,4,0,0,0,1,1,0,0,0,7.79284E+20,5.46882E+21,1.28425E+16,4.93082E+16
144060,144061,9,1,89,140,2016,8,16,6,3,4,1,0,0,1,1,0,0,0,0,7.72155E+20,5.29413E+21,1.26307E+16,4.77431E+16
144061,144062,9,5,72,120,2016,8,16,6,3,5,3,0,0,1,1,0,0,0,0,6.48303E+20,5.49515E+21,1.1052E+16,4.95907E+16
144062,144063,9,5,77,138,2016,8,17,5,3,1,2,0,0,0,1,0,1,0,0,6.29959E+20,5.44688E+21,1.07826E+16,4.9161E+16
144063,144064,9,1,86,158,2016,8,17,1,3,0,1,0,1,1,0,0,0,0,0,6.92172E+20,5.40701E+21,1.16163E+16,4.87863E+16
144064,144065,9,3,72,144,2016,8,18,6,3,8,1,0,0,1,0,0,0,0,0,7.91365E+20,5.46305E+21,1.30041E+16,4.92507E+16
144065,144066,9,1,84,119,2016,8,15,4,3,5,2,0,0,1,1,0,0,0,0,6.96522E+20,5.34754E+21,1.16474E+16,4.82506E+16
144066,144067,9,5,77,136,2016,8,14,5,3,1,5,0,0,1,0,0,0,0,1,6.27195E+20,5.44303E+21,1.07435E+16,4.91269E+16
144067,144068,9,7,80,133,2016,8,15,6,3,0,1,0,0,1,0,0,0,0,0,5.96998E+20,5.25084E+21,1.02856E+16,4.74038E+16
144068,144069,9,1,74,115,2016,8,10,4,3,1,6,0,0,0,1,0,0,0,0,6.81337E+20,5.34783E+21,1.14432E+16,4.82577E+16
144069,144070,9,3,75,183,2016,8,16,4,3,5,3,0,0,0,1,0,1,0,0,7.51939E+20,5.4295E+21,1.24425E+16,4.8967E+16
144070,144071,9,1,89,145,2016,8,19,6,2,0,7,0,0,1,0,0,0,0,0,7.76336E+20,5.30395E+21,1.26926E+16,4.78295E+16
144071,144072,9,5,64,0,2016,8,18,6,3,5,2,0,0,0,1,0,0,0,0,6.55535E+20,5.47556E+21,1.11443E+16,4.94128E+16
144072,144073,9,5,77,136,2016,8,19,5,2,9,1,0,0,0,0,0,1,0,0,6.24403E+20,5.43959E+21,1.07042E+16,4.90966E+16
144073,144074,9,5,63,0,2016,8,14,7,3,5,2,0,0,0,1,0,1,0,0,6.45044E+20,5.48097E+21,1.10018E+16,4.9464E+16
144074,144075,9,1,62,0,2016,8,22,7,3,6,7,2,0,0,1,1,0,0,0,6.90473E+20,5.34232E+21,1.15637E+16,4.82055E+16
144075,144076,9,3,62,0,2016,8,1,6,3,6,4,2,0,0,1,1,0,0,0,7.26262E+20,5.43407E+21,1.20948E+16,4.9018E+16
144076,144077,9,5,61,0,2016,8,21,5,3,9,1,2,0,0,1,0,0,0,0,6.14834E+20,5.46244E+21,1.05797E+16,4.93039E+16
144077,144078,9,1,75,118,2016,8,12,4,3,5,3,0,0,1,1,0,0,0,0,7.16351E+20,5.33948E+21,1.19101E+16,4.81717E+16
144078,144079,9,3,72,153,2016,8,14,4,3,5,3,0,0,0,1,0,0,1,0,7.57758E+20,5.45412E+21,1.25375E+16,4.91856E+16
144079,144080,9,1,62,0,2016,8,9,4,2,4,6,0,0,1,0,0,0,0,0,6.84446E+20,5.33658E+21,1.14802E+16,4.81557E+16
144080,144081,9,1,78,143,2016,8,16,4,2,0,1,0,0,1,0,0,0,0,0,7.17053E+20,5.37353E+21,1.19371E+16,4.84774E+16
144081,144082,9,3,62,0,2016,8,9,4,3,1,5,0,0,1,1,0,0,0,0,7.25038E+20,5.43388E+21,1.20779E+16,4.90167E+16
144082,144083,9,3,62,0,2016,8,19,4,2,6,4,0,0,0,1,1,0,0,0,7.2799E+20,5.43676E+21,1.21199E+16,4.90415E+16
144083,144084,9,4,62,0,2016,8,23,5,3,0,1,2,0,1,0,0,0,0,0,6.84961E+20,5.53556E+21,1.1578E+16,4.99437E+16
144084,144085,9,5,75,119,2016,8,16,7,2,7,7,0,0,1,0,1,0,0,0,6.07229E+20,5.49164E+21,1.0483E+16,4.95679E+16