FID,OBJECTID,ULAND,UREGBEZ,UKREIS,UGEMEINDE,UJAHR,UMONAT,USTUNDE,UWOCHENTAG,UKATEGORIE,UART,UTYP1,ULICHTVERH,IstStrasse,IstRad,IstPKW,IstFuss,IstKrad,IstGkfz,IstSonstig,LINREFX,LINREFY,XGCSWGS84,YGCSWGS84
144085,144086,9,1,62,0,2016,8,12,7,3,1,6,0,0,0,1,0,0,0,0,6.88138E+20,5.33385E+21,1.15286E+16,4.81301E+16
144086,144087,9,3,62,0,2016,8,11,6,3,0,1,0,0,1,0,0,0,0,0,7.29646E+20,5.43111E+21,1.21393E+16,4.89901E+16
144087,144088,9,4,61,0,2016,8,15,5,3,0,7,0,0,1,0,0,0,0,0,6.35643E+20,5.52939E+21,1.08889E+16,4.99015E+16
144088,144089,9,1,62,0,2016,8,7,5,3,1,2,0,0,1,1,0,0,0,0,6.93012E+20,5.33385E+21,1.1594E+16,4.81286E+16
144089,144090,9,1,75,115,2016,8,13,4,3,4,6,0,0,0,1,0,0,0,0,7.19341E+20,5.32847E+21,1.19446E+16,4.80718E+16
144090,144091,9,1,62,0,2016,8,19,3,3,5,3,0,0,1,1,0,0,0,0,6.94975E+20,5.3341E+21,1.16205E+16,4.81302E+16
144091,144092,9,3,76,170,2016,8,17,4,3,1,1,0,0,0,1,0,0,0,0,7.24595E+20,5.45636E+21,1.20844E+16,4.92188E+16
144092,144093,9,1,62,0,2016,8,6,4,3,5,3,0,0,0,0,0,1,0,1,6.82112E+20,5.33934E+21,1.145E+16,4.81812E+16
144093,144094,9,1,62,0,2016,8,9,4,3,3,2,0,0,0,1,0,1,0,0,6.90104E+20,5.33571E+21,1.15558E+16,4.81462E+16
144094,144095,9,2,79,112,2016,8,18,7,3,0,7,1,0,1,0,0,0,0,0,7.57182E+20,5.39346E+21,1.24915E+16,4.86413E+16
144095,144096,9,6,61,0,2016,8,17,7,3,0,3,0,1,1,1,0,0,0,0,5.10738E+20,5.53625E+21,9.14977E+15,4.99785E+16
144096,144097,9,7,77,129,2016,8,13,6,2,5,1,0,0,0,1,0,1,0,0,6.26848E+20,5.26969E+21,1.06865E+16,4.75683E+16
144097,144098,9,1,62,0,2016,8,16,4,3,6,6,0,0,1,0,1,0,0,0,6.88796E+20,5.33774E+21,1.15391E+16,4.81649E+16
144098,144099,9,4,61,0,2016,8,21,7,3,0,7,2,0,1,0,0,0,0,0,6.35984E+20,5.52815E+21,1.08932E+16,4.98903E+16
144099,144100,9,7,71,146,2016,8,11,7,3,5,3,0,0,1,1,0,0,0,0,6.47377E+20,5.34665E+21,1.09856E+16,4.82559E+16
144100,144101,9,7,77,169,2016,8,11,6,3,0,6,0,0,1,0,0,0,0,0,6.29821E+20,5.27144E+21,1.07265E+16,4.75834E+16
144101,144102,9,3,72,116,2016,8,8,6,2,5,3,0,0,1,0,0,0,0,1,7.66943E+20,5.45907E+21,1.26666E+16,4.92262E+16
144102,144103,9,1,62,0,2016,8,9,5,3,2,6,0,0,0,1,0,0,0,0,6.84527E+20,5.33486E+21,1.14805E+16,4.81402E+16
144103,144104,9,1,62,0,2016,8,16,3,3,5,3,0,0,0,1,0,0,0,0,6.98195E+20,5.3323E+21,1.16629E+16,4.81131E+16
144104,144105,9,1,81,128,2016,8,12,7,3,0,7,0,0,1,1,0,0,0,0,6.38096E+20,5.32844E+21,1.08547E+16,4.80943E+16
144105,144106,9,2,78,144,2016,8,17,4,3,5,3,0,0,0,1,0,1,0,0,7.44679E+20,5.40824E+21,1.23308E+16,4.87789E+16
144106,144107,9,1,89,159,2016,8,17,6,2,0,1,0,0,1,0,0,0,0,0,7.60137E+20,5.30509E+21,1.24772E+16,4.78465E+16
144107,144108,9,1,62,0,2016,8,22,4,3,4,2,2,0,0,1,0,0,0,0,6.86754E+20,5.33026E+21,1.15084E+16,4.80982E+16
144108,144109,9,4,61,0,2016,8,11,5,3,2,7,0,0,1,1,0,0,0,0,6.38014E+20,5.53092E+21,1.09224E+16,4.99148E+16
144109,144110,9,1,62,0,2016,8,14,4,3,3,2,0,0,1,0,0,0,0,1,6.89309E+20,5.33301E+21,1.15439E+16,4.81222E+16
144110,144111,9,7,77,169,2016,8,13,6,2,8,1,0,0,1,0,0,0,0,0,6.30397E+20,5.26829E+21,1.07332E+16,4.75549E+16
144111,144112,9,1,62,0,2016,8,12,5,3,0,7,0,0,1,0,0,0,0,1,6.90684E+20,5.33011E+21,1.15611E+16,4.80957E+16
144112,144113,9,2,63,0,2016,8,7,4,3,8,6,0,0,1,1,0,0,0,0,7.61944E+20,5.42E+21,1.25728E+16,4.88775E+16
144113,144114,9,1,71,111,2016,8,17,6,3,5,3,0,0,1,1,0,0,0,0,7.72949E+20,5.34775E+21,1.26753E+16,4.82242E+16
144114,144115,9,1,62,0,2016,8,13,5,3,2,6,0,0,0,1,0,0,0,1,6.90143E+20,5.33522E+21,1.15561E+16,4.81418E+16
144115,144116,9,1,84,149,2016,8,16,3,3,5,2,0,0,0,1,0,1,0,0,6.90633E+20,5.35039E+21,1.15695E+16,4.8278E+16
144116,144117,9,2,71,132,2016,8,18,4,3,3,6,0,0,1,1,0,0,0,0,7.86878E+20,5.41831E+21,1.2911E+16,4.88514E+16
144117,144118,9,1,85,150,2016,8,16,6,2,8,1,0,0,0,0,0,1,0,0,6.53329E+20,5.39858E+21,1.10848E+16,4.87214E+16
144118,144119,9,5,64,0,2016,8,15,6,3,5,3,0,0,0,1,0,0,0,0,6.50823E+20,5.47779E+21,1.10802E+16,4.9434E+16
144119,144120,9,3,74,158,2016,8,23,5,2,8,1,2,0,0,0,0,1,0,0,7.30687E+20,5.51385E+21,1.22014E+16,4.97329E+16
144120,144121,9,1,62,0,2016,8,20,3,2,4,2,2,0,1,1,0,0,0,0,6.89682E+20,5.3349E+21,1.15498E+16,4.8139E+16
144121,144122,9,2,62,0,2016,8,9,4,3,0,6,0,0,1,0,0,0,0,0,8.27142E+20,5.38783E+21,1.34341E+16,4.8558E+16
144122,144123,9,1,86,147,2016,8,11,6,3,0,1,0,0,1,0,0,0,0,0,6.86034E+20,5.39188E+21,1.1526E+16,4.86523E+16
144123,144124,9,5,64,0,2016,8,8,6,3,5,3,0,0,1,1,0,0,0,0,6.51594E+20,5.48077E+21,1.1092E+16,4.94607E+16
144124,144125,9,3,62,0,2016,8,16,5,3,5,3,0,0,1,1,0,0,0,0,7.27611E+20,5.43386E+21,1.21131E+16,4.90156E+16
144125,144126,9,5,64,0,2016,8,22,7,3,2,6,2,1,0,1,0,0,0,0,6.47942E+20,5.47847E+21,1.10408E+16,4.94409E+16
144126,144127,9,1,62,0,2016,8,12,7,3,5,3,0,0,0,1,0,0,0,0,6.92851E+20,5.33009E+21,1.15901E+16,4.80948E+16
144127,144128,9,3,61,0,2016,8,9,6,3,5,3,0,0,1,1,0,0,0,0,7.05682E+20,5.48062E+21,1.18375E+16,4.94434E+16
144128,144129,9,3,72,116,2016,8,11,5,3,0,7,0,0,1,0,0,0,0,0,7.72336E+20,5.46161E+21,1.27423E+16,4.92466E+16
144129,144130,9,1,62,0,2016,8,15,3,3,5,7,0,0,1,0,0,0,0,1,6.88264E+20,5.33752E+21,1.15319E+16,4.8163E+16
144130,144131,9,5,71,193,2016,8,10,6,2,0,1,0,0,1,0,0,0,0,0,5.8344E+20,5.47044E+21,1.01496E+16,4.93809E+16
144131,144132,9,3,61,0,2016,8,10,5,3,5,2,0,0,1,1,0,0,0,0,7.07134E+20,5.48135E+21,1.18579E+16,4.94495E+16
144132,144133,9,1,74,151,2016,8,15,1,3,8,1,0,0,0,0,0,1,0,0,6.79256E+20,5.35965E+21,1.14202E+16,4.83646E+16
144133,144134,9,3,61,0,2016,8,11,6,3,3,7,0,0,1,1,0,0,0,0,7.07443E+20,5.48112E+21,1.18621E+16,4.94473E+16
144134,144135,9,1,62,0,2016,8,23,4,3,5,3,2,0,1,1,0,0,0,0,6.91212E+20,5.33537E+21,1.15705E+16,4.81428E+16
144135,144136,9,1,62,0,2016,8,19,3,3,5,3,0,0,1,0,0,0,0,1,6.99482E+20,5.33531E+21,1.16815E+16,4.81397E+16
144136,144137,9,5,61,0,2016,8,5,7,2,8,1,1,0,1,0,0,0,0,0,6.14319E+20,5.46105E+21,1.05722E+16,4.92915E+16
144137,144138,9,7,80,124,2016,8,9,7,3,5,2,0,0,1,1,0,0,0,0,5.91748E+20,5.26816E+21,1.02196E+16,4.75603E+16
144138,144139,9,1,74,115,2016,8,5,2,3,0,1,1,0,1,0,0,0,0,0,6.83544E+20,5.34875E+21,1.14733E+16,4.82653E+16
144139,144140,9,1,89,140,2016,8,10,3,3,8,1,0,0,1,0,0,0,0,0,7.68325E+20,5.2922E+21,1.25785E+16,4.77273E+16
144140,144141,9,5,64,0,2016,8,11,3,3,0,1,0,0,1,0,0,0,0,0,6.49858E+20,5.47838E+21,1.10672E+16,4.94396E+16
144141,144142,9,7,77,169,2016,8,10,2,3,8,7,0,0,1,0,0,0,0,0,6.29407E+20,5.27027E+21,1.07206E+16,4.75729E+16
144142,144143,9,5,77,161,2016,8,17,3,2,8,1,0,0,1,0,0,0,0,0,6.45061E+20,5.44095E+21,1.09875E+16,4.91043E+16
144143,144144,9,3,74,162,2016,8,15,2,3,8,1,0,0,0,1,0,0,0,0,7.40907E+20,5.50287E+21,1.23363E+16,4.96303E+16
144144,144145,9,7,72,163,2016,8,17,4,3,5,3,0,0,0,1,0,1,0,0,6.40176E+20,5.34835E+21,1.08892E+16,4.82729E+16
144145,144146,9,1,62,0,2016,8,15,3,3,5,1,0,0,1,0,0,0,0,0,6.92635E+20,5.33476E+21,1.15893E+16,4.81369E+16
144146,144147,9,1,78,143,2016,8,9,2,3,1,3,0,0,0,1,0,0,1,0,7.17237E+20,5.37222E+21,1.19389E+16,4.84655E+16
144147,144148,9,7,76,116,2016,8,16,4,3,0,5,0,0,1,1,0,0,0,0,5.51092E+20,5.2674E+21,9.67914E+15,4.75581E+16
144148,144149,9,1,89,129,2016,8,19,3,3,0,7,0,0,1,0,0,0,0,0,7.60311E+20,5.29489E+21,1.24734E+16,4.77548E+16
144149,144150,9,1,80,123,2016,8,17,4,2,2,2,0,0,1,0,0,1,0,0,6.70615E+20,5.25684E+21,1.1263E+16,4.74426E+16
144150,144151,9,5,64,0,2016,8,17,4,2,5,3,0,0,1,0,0,0,0,1,6.52158E+20,5.47916E+21,1.10992E+16,4.9446E+16
144151,144152,9,1,62,0,2016,8,8,3,3,0,7,0,0,1,0,0,0,0,0,6.9386E+20,5.33467E+21,1.16058E+16,4.81357E+16
144152,144153,9,4,72,175,2016,8,16,2,3,5,3,0,0,0,1,0,0,0,0,6.83293E+20,5.51478E+21,1.15449E+16,4.97575E+16
144153,144154,9,5,71,139,2016,8,18,3,3,9,1,0,0,0,1,0,0,0,0,5.99344E+20,5.44145E+21,1.03615E+16,4.91179E+16
144154,144155,9,1,62,0,2016,8,15,3,2,0,1,0,0,1,0,0,0,0,0,6.91279E+20,5.33902E+21,1.15731E+16,4.81756E+16
144155,144156,9,5,64,0,2016,8,1,2,2,9,1,2,0,0,0,0,1,0,0,6.5126E+20,5.48056E+21,1.10873E+16,4.94588E+16
144156,144157,9,5,71,139,2016,8,20,3,3,0,1,0,0,1,0,0,0,0,0,5.99416E+20,5.4415E+21,1.03625E+16,4.91183E+16
144157,144158,9,7,61,0,2016,8,17,4,3,1,7,0,0,0,1,0,0,0,0,6.39294E+20,5.35864E+21,1.08807E+16,4.83656E+16
144158,144159,9,1,62,0,2016,8,14,3,3,5,3,0,0,1,1,0,0,0,0,6.84445E+20,5.33259E+21,1.14784E+16,4.81198E+16
144159,144160,9,1,75,124,2016,8,15,2,2,0,7,0,0,0,0,0,0,1,0,7.16718E+20,5.32823E+21,1.19093E+16,4.80705E+16
144160,144161,9,1,87,128,2016,8,0,3,3,8,1,2,0,1,0,0,0,0,0,7.47617E+20,5.31283E+21,1.23146E+16,4.79209E+16
144161,144162,9,1,80,117,2016,8,9,4,2,4,2,0,0,1,1,0,0,0,0,6.58847E+20,5.26492E+21,1.11099E+16,4.75183E+16
144162,144163,9,5,64,0,2016,8,19,4,3,5,2,0,0,1,1,0,0,0,0,6.50032E+20,5.48106E+21,1.10706E+16,4.94636E+16
144163,144164,9,1,62,0,2016,8,19,3,3,0,7,0,0,1,0,0,0,0,0,6.92042E+20,5.33705E+21,1.15824E+16,4.81577E+16
144164,144165,9,3,75,204,2016,8,19,2,3,2,6,0,0,0,1,0,0,0,1,7.32094E+20,5.43508E+21,1.2175E+16,4.90249E+16
144165,144166,9,4,61,0,2016,8,10,4,2,5,2,0,0,1,0,0,0,1,0,6.36267E+20,5.52826E+21,1.08972E+16,4.98912E+16
144166,144167,9,5,75,168,2016,8,22,3,3,0,7,2,0,0,0,0,1,0,0,5.90011E+20,5.48523E+21,1.02435E+16,4.9513E+16
144167,144168,9,1,84,122,2016,8,12,1,2,0,7,0,0,1,0,0,0,0,0,6.89198E+20,5.32429E+21,1.15386E+16,4.80439E+16
144168,144169,9,1,82,125,2016,8,20,3,3,0,7,2,0,1,0,0,0,0,0,7.10875E+20,5.2972E+21,1.18158E+16,4.77936E+16
144169,144170,9,1,62,0,2016,8,6,3,3,5,2,0,0,1,0,0,0,1,0,6.89695E+20,5.33457E+21,1.15498E+16,4.8136E+16
144170,144171,9,1,62,0,2016,8,15,1,3,0,5,0,0,0,1,0,0,0,0,6.89979E+20,5.33332E+21,1.1553E+16,4.81248E+16
144171,144172,9,7,76,122,2016,8,16,4,2,6,7,0,0,0,0,0,0,0,1,5.62109E+20,5.27562E+21,9.82673E+15,4.7631E+16
144172,144173,9,1,87,165,2016,8,10,3,3,8,1,0,0,1,0,0,0,0,0,7.29925E+20,5.29868E+21,1.20706E+16,4.78004E+16
144173,144174,9,1,89,155,2016,8,19,4,3,3,2,0,0,1,1,0,0,0,0,7.72892E+20,5.30806E+21,1.26492E+16,4.78678E+16
144174,144175,9,5,64,0,2016,8,9,4,3,3,6,0,0,0,1,0,1,0,0,6.52516E+20,5.47883E+21,1.1104E+16,4.9443E+16
144175,144176,9,7,75,135,2016,8,15,3,3,3,6,0,0,0,1,0,0,0,0,5.74273E+20,5.35971E+21,1.00032E+16,4.83862E+16
144176,144177,9,3,61,0,2016,8,10,2,3,0,7,0,0,1,1,0,0,0,0,7.06504E+20,5.48016E+21,1.18486E+16,4.9439E+16
144177,144178,9,4,61,0,2016,8,18,4,3,0,7,0,0,1,0,0,0,0,0,6.37748E+20,5.52944E+21,1.09182E+16,4.99014E+16
144178,144179,9,4,73,166,2016,8,13,3,3,8,1,0,0,0,1,0,0,0,0,6.51599E+20,5.56891E+21,1.11266E+16,5.02528E+16
144179,144180,9,1,62,0,2016,8,14,4,3,6,7,0,0,1,0,1,0,0,0,6.93571E+20,5.33488E+21,1.1602E+16,4.81377E+16
144180,144181,9,1,62,0,2016,8,7,1,3,5,3,0,1,0,1,0,0,0,0,6.8364E+20,5.33794E+21,1.14699E+16,4.81681E+16
144181,144182,9,1,82,129,2016,8,18,3,3,0,1,0,0,1,0,0,0,0,0,7.07825E+20,5.28576E+21,1.17697E+16,4.76918E+16
144182,144183,9,4,63,0,2016,8,16,3,3,5,3,0,0,1,1,0,0,0,0,6.40511E+20,5.56774E+21,1.09707E+16,5.02451E+16
144183,144184,9,4,62,0,2016,8,13,3,3,5,6,0,0,0,1,0,0,0,0,6.86618E+20,5.53721E+21,1.16018E+16,4.9958E+16
144184,144185,9,2,71,119,2016,8,6,2,3,1,6,0,0,1,0,0,0,0,1,7.91204E+20,5.41647E+21,1.29685E+16,4.88329E+16
144185,144186,9,1,87,117,2016,8,12,3,3,0,1,0,0,1,0,0,0,0,0,7.24814E+20,5.30479E+21,1.20056E+16,4.7857E+16
144186,144187,9,7,74,135,2016,8,12,3,3,5,3,0,0,1,0,1,0,0,0,5.94737E+20,5.36736E+21,1.02813E+16,4.84522E+16
144187,144188,9,2,72,151,2016,8,19,2,2,4,1,0,0,0,1,0,1,0,0,8.36995E+20,5.4121E+21,1.3587E+16,4.87705E+16
144188,144189,9,3,77,154,2016,8,11,4,3,5,3,0,0,1,1,0,0,0,0,7.39946E+20,5.53085E+21,1.23402E+16,4.98819E+16
144189,144190,9,7,78,116,2016,8,15,3,2,2,1,0,0,1,0,0,0,0,0,6.16575E+20,5.31584E+21,1.05623E+16,4.79853E+16
144190,144191,9,1,62,0,2016,8,9,4,3,1,6,0,0,0,1,0,0,0,0,6.92552E+20,5.33544E+21,1.15885E+16,4.81431E+16
144191,144192,9,7,78,173,2016,8,14,1,3,2,6,0,0,1,0,0,0,0,0,6.11934E+20,5.32265E+21,1.05019E+16,4.80473E+16
144192,144193,9,7,78,171,2016,8,13,1,3,0,7,0,0,0,0,0,1,0,0,5.89857E+20,5.31579E+21,1.02043E+16,4.79891E+16
144193,144194,9,1,87,150,2016,8,9,3,3,0,1,0,0,1,0,0,0,0,0,7.2946E+20,5.30415E+21,1.20673E+16,4.78497E+16
144194,144195,9,3,63,0,2016,8,17,3,3,6,2,0,0,0,1,1,0,0,0,7.26762E+20,5.50895E+21,1.21442E+16,4.96903E+16
144195,144196,9,7,61,0,2016,8,17,2,3,6,7,0,0,1,0,1,0,0,0,6.40161E+20,5.35885E+21,1.08925E+16,4.83672E+16
144196,144197,9,3,74,170,2016,8,19,3,2,0,7,0,0,1,0,0,0,0,1,7.31433E+20,5.5033E+21,1.22055E+16,4.96378E+16
144197,144198,9,2,74,113,2016,8,8,2,3,5,3,0,0,0,1,0,0,0,1,7.28192E+20,5.38203E+21,1.20922E+16,4.85498E+16
144198,144199,9,7,61,0,2016,8,15,4,3,5,3,0,0,1,0,0,0,0,0,6.41898E+20,5.3605E+21,1.09165E+16,4.83817E+16
144199,144200,9,1,62,0,2016,8,18,3,3,3,6,0,0,1,0,0,0,0,0,6.88023E+20,5.33424E+21,1.15272E+16,4.81336E+16
144200,144201,9,7,78,204,2016,8,15,1,3,0,1,0,0,1,0,0,0,0,0,6.1476E+20,5.33083E+21,1.0542E+16,4.81203E+16
144201,144202,9,7,62,0,2016,8,15,4,3,2,2,0,0,0,1,0,1,0,0,6.21329E+20,5.30458E+21,1.06229E+16,4.78831E+16
144202,144203,9,7,71,158,2016,8,17,4,2,4,1,0,0,0,1,0,0,0,0,6.42324E+20,5.3736E+21,1.09267E+16,4.84994E+16
144203,144204,9,3,75,208,2016,8,12,4,2,4,2,0,0,0,0,0,1,0,1,7.3367E+20,5.43992E+21,1.21993E+16,4.90678E+16
144204,144205,9,7,80,133,2016,8,17,4,3,0,1,0,0,0,0,0,0,0,1,6.00523E+20,5.2492E+21,1.03319E+16,4.73885E+16
144205,144206,9,1,62,0,2016,8,9,3,2,4,6,0,0,1,0,0,0,0,0,6.9222E+20,5.33555E+21,1.15841E+16,4.81441E+16
144206,144207,9,7,80,120,2016,8,18,1,2,6,7,0,0,0,1,1,0,0,0,5.99347E+20,5.28377E+21,1.03241E+16,4.76997E+16
144207,144208,9,7,77,166,2016,8,12,4,2,0,6,0,0,1,0,0,0,0,0,6.26903E+20,5.2791E+21,1.06899E+16,4.76529E+16
144208,144209,9,1,61,0,2016,8,20,3,3,9,1,2,0,0,0,0,1,0,0,6.69467E+20,5.40562E+21,1.13069E+16,4.87805E+16
144209,144210,9,1,89,120,2016,8,20,4,3,4,3,1,0,1,0,0,0,0,0,7.59494E+20,5.29733E+21,1.2464E+16,4.7777E+16
144210,144211,9,3,75,174,2016,8,18,3,3,0,3,0,0,1,1,0,0,0,0,7.33502E+20,5.42995E+21,1.21913E+16,4.89783E+16
144211,144212,9,7,63,0,2016,8,20,3,3,5,3,2,0,0,1,0,0,0,0,5.98165E+20,5.28658E+21,1.0309E+16,4.77252E+16
144212,144213,9,5,64,0,2016,8,17,2,3,3,2,0,0,0,1,0,1,0,0,6.51871E+20,5.48055E+21,1.10957E+16,4.94586E+16
144213,144214,9,3,75,190,2016,8,7,3,3,0,3,0,0,0,0,0,1,0,1,7.28001E+20,5.4454E+21,1.21249E+16,4.91191E+16
144214,144215,9,6,72,112,2016,8,23,4,2,0,7,2,0,1,0,0,0,0,0,5.7536E+20,5.56779E+21,1.00572E+16,5.02575E+16
144215,144216,9,1,62,0,2016,8,19,3,2,5,3,0,0,1,1,0,0,0,0,6.8712E+20,5.33623E+21,1.15159E+16,4.81517E+16
144216,144217,9,7,76,129,2016,8,17,4,2,0,1,0,0,0,0,0,1,0,0,5.67967E+20,5.27086E+21,9.90397E+15,4.75876E+16
144217,144218,9,1,61,0,2016,8,19,3,3,5,3,0,0,1,1,0,0,0,0,6.75549E+20,5.39982E+21,1.13871E+16,4.87266E+16
144218,144219,9,1,72,118,2016,8,14,4,3,5,3,0,0,0,1,0,0,0,0,7.97894E+20,5.30656E+21,1.29817E+16,4.78432E+16
144219,144220,9,5,64,0,2016,8,16,4,3,2,6,0,0,0,1,0,0,0,0,6.52811E+20,5.4798E+21,1.11084E+16,4.94517E+16
144220,144221,9,7,80,119,2016,8,15,3,3,8,1,0,0,0,0,0,1,0,0,5.95505E+20,5.29837E+21,1.02762E+16,4.78316E+16
144221,144222,9,2,61,0,2016,8,15,2,3,8,7,0,0,1,0,0,0,0,0,7.30895E+20,5.38102E+21,1.21283E+16,4.85397E+16
144222,144223,9,3,72,116,2016,8,20,4,3,3,6,1,0,1,1,0,0,0,0,7.66508E+20,5.45816E+21,1.26601E+16,4.92182E+16
144223,144224,9,3,62,0,2016,8,16,3,3,4,2,0,0,0,1,0,1,0,0,7.2713E+20,5.43375E+21,1.21064E+16,4.90148E+16
144224,144225,9,1,81,135,2016,8,20,3,2,0,7,1,0,1,0,0,0,0,0,6.46482E+20,5.31074E+21,1.09612E+16,4.79332E+16
144225,144226,9,1,72,111,2016,8,15,4,3,0,1,0,0,1,0,0,0,0,0,7.95776E+20,5.3048E+21,1.29523E+16,4.78285E+16
144226,144227,9,5,64,0,2016,8,19,4,2,0,5,0,0,1,0,0,0,0,0,6.49875E+20,5.48154E+21,1.10686E+16,4.9468E+16
144227,144228,9,7,80,139,2016,8,9,3,2,0,1,0,0,1,0,0,0,0,0,5.96329E+20,5.2631E+21,1.02794E+16,4.75142E+16
144228,144229,9,4,61,0,2016,8,18,2,3,5,3,0,0,1,1,0,0,0,0,6.345E+20,5.52943E+21,1.0873E+16,4.99021E+16
144229,144230,9,7,61,0,2016,8,13,1,3,0,1,0,0,1,0,0,0,0,0,6.38449E+20,5.3572E+21,1.08688E+16,4.83528E+16
144230,144231,9,1,81,128,2016,8,11,3,3,5,6,0,0,1,1,0,0,0,0,6.38071E+20,5.32703E+21,1.08539E+16,4.80816E+16
144231,144232,9,1,72,118,2016,8,13,4,3,0,1,0,0,1,0,0,0,0,0,7.97558E+20,5.30601E+21,1.29769E+16,4.78385E+16
144232,144233,9,5,64,0,2016,8,14,4,3,2,6,0,0,0,1,0,0,0,0,6.508E+20,5.48209E+21,1.10816E+16,4.94727E+16
144233,144234,9,7,80,133,2016,8,9,3,3,0,3,0,0,1,1,0,0,0,0,5.96403E+20,5.25159E+21,1.02779E+16,4.74107E+16
144234,144235,9,2,74,126,2016,8,15,2,2,5,3,0,0,1,1,0,0,0,0,7.33246E+20,5.38325E+21,1.21613E+16,4.85589E+16
144235,144236,9,3,61,0,2016,8,7,4,3,5,3,0,0,0,1,0,0,0,0,7.0798E+20,5.48105E+21,1.18694E+16,4.94465E+16
144236,144237,9,7,76,117,2016,8,11,3,3,1,7,0,0,0,1,0,1,0,0,5.65655E+20,5.27203E+21,9.87339E+15,4.75984E+16
144237,144238,9,1,62,0,2016,8,18,4,3,5,3,0,0,0,1,0,0,0,0,6.8906E+20,5.33335E+21,1.15407E+16,4.81253E+16
144238,144239,9,7,61,0,2016,8,4,1,3,9,1,2,0,0,1,0,0,0,0,6.39537E+20,5.35815E+21,1.08838E+16,4.83611E+16
144239,144240,9,1,88,132,2016,8,19,3,3,0,7,0,0,1,0,0,0,0,0,6.6769E+20,5.32607E+21,1.12509E+16,4.80658E+16
144240,144241,9,7,61,0,2016,8,18,1,3,5,3,0,0,1,1,0,0,0,0,6.40645E+20,5.35786E+21,1.08986E+16,4.83582E+16
144241,144242,9,1,79,121,2016,8,13,3,3,0,7,0,0,1,0,0,0,0,0,6.67656E+20,5.33852E+21,1.12554E+16,4.81778E+16
144242,144243,9,1,77,133,2016,8,17,3,3,0,6,0,0,0,1,0,0,0,0,7.06466E+20,5.35942E+21,1.17871E+16,4.83541E+16
144243,144244,9,7,62,0,2016,8,12,3,2,0,1,0,0,1,0,0,0,0,0,6.22271E+20,5.30573E+21,1.06358E+16,4.78932E+16
144244,144245,9,2,73,137,2016,8,11,2,3,0,1,0,0,1,0,0,0,0,0,7.11535E+20,5.42234E+21,1.18875E+16,4.89178E+16
144245,144246,9,6,72,114,2016,8,17,4,3,1,6,0,0,0,1,0,0,0,0,5.77604E+20,5.56167E+21,1.00874E+16,5.02022E+16
144246,144247,9,2,63,0,2016,8,9,4,3,5,3,0,0,0,1,0,0,0,0,7.61851E+20,5.4193E+21,1.25711E+16,4.88713E+16
144247,144248,9,7,79,201,2016,8,19,3,2,0,2,0,0,0,0,0,1,0,0,6.44173E+20,5.39024E+21,1.09574E+16,4.86485E+16
144248,144249,9,7,75,135,2016,8,15,4,3,0,6,0,0,1,0,0,0,0,0,5.74207E+20,5.35793E+21,1.0002E+16,4.83702E+16
144249,144250,9,1,84,119,2016,8,6,3,3,5,3,0,0,1,1,0,0,0,0,6.96854E+20,5.3465E+21,1.16514E+16,4.82411E+16
144250,144251,9,6,73,141,2016,8,11,1,3,0,1,0,0,1,0,0,0,0,0,6.04633E+20,5.57258E+21,1.04691E+16,5.02961E+16
144251,144252,9,7,77,129,2016,8,15,4,2,2,2,0,0,1,1,0,0,0,0,6.27679E+20,5.26982E+21,1.06976E+16,4.75692E+16
144252,144253,9,1,75,131,2016,8,4,3,2,8,1,2,0,0,1,0,0,0,0,7.11285E+20,5.32268E+21,1.18338E+16,4.80224E+16
144253,144254,9,3,73,112,2016,8,15,3,3,4,6,0,0,0,1,0,0,0,0,6.78221E+20,5.44189E+21,1.14418E+16,4.9104E+16
144254,144255,9,7,79,186,2016,8,16,3,3,8,1,0,0,0,0,0,1,0,0,6.39751E+20,5.41597E+21,1.09062E+16,4.8881E+16
144255,144256,9,5,76,151,2016,8,5,2,2,5,3,0,0,0,1,0,1,0,0,6.56689E+20,5.4689E+21,1.11576E+16,4.93527E+16
144256,144257,9,3,73,147,2016,8,6,3,3,4,3,0,0,1,1,0,0,0,0,6.78334E+20,5.462E+21,1.14523E+16,4.92847E+16
144257,144258,9,3,72,116,2016,8,14,3,3,4,6,0,0,0,1,0,0,1,0,7.63685E+20,5.45637E+21,1.26202E+16,4.92033E+16
144258,144259,9,3,76,153,2016,8,13,3,2,5,3,0,0,0,1,0,1,0,0,7.30889E+20,5.48653E+21,1.21882E+16,4.94874E+16
144259,144260,9,1,80,115,2016,8,13,2,2,0,1,0,0,1,0,0,0,0,0,6.57677E+20,5.27069E+21,1.10965E+16,4.75704E+16
144260,144261,9,6,62,0,2016,8,16,4,3,5,3,0,0,0,1,0,0,0,0,5.87349E+20,5.54484E+21,1.02201E+16,5.00495E+16
144261,144262,9,2,62,0,2016,8,9,4,3,5,7,0,0,0,1,0,0,0,0,8.28778E+20,5.38901E+21,1.34571E+16,4.85678E+16
144262,144263,9,1,62,0,2016,8,19,3,3,0,7,0,0,0,0,1,0,0,1,6.7823E+20,5.34028E+21,1.13982E+16,4.81907E+16