FID,OBJECTID,ULAND,UREGBEZ,UKREIS,UGEMEINDE,UJAHR,UMONAT,USTUNDE,UWOCHENTAG,UKATEGORIE,UART,UTYP1,ULICHTVERH,IstStrasse,IstRad,IstPKW,IstFuss,IstKrad,IstGkfz,IstSonstig,LINREFX,LINREFY,XGCSWGS84,YGCSWGS84
144263,144264,9,6,71,121,2016,8,6,1,3,0,5,1,1,0,1,0,0,0,0,5.12732E+20,5.53886E+21,9.17766E+15,5.00019E+16
144264,144265,9,7,72,171,2016,8,22,4,3,3,6,2,0,1,0,0,0,0,1,6.37625E+20,5.37162E+21,1.08624E+16,4.84826E+16
144265,144266,9,1,77,139,2016,8,20,3,3,5,3,1,0,1,1,0,0,0,0,7.32938E+20,5.35913E+21,1.21437E+16,4.83424E+16
144266,144267,9,1,87,176,2016,8,12,4,2,0,1,0,0,1,0,0,0,0,0,7.38098E+20,5.33419E+21,1.21992E+16,4.81164E+16
144267,144268,9,5,64,0,2016,8,16,4,3,0,1,0,0,1,0,0,0,0,0,6.53838E+20,5.47545E+21,1.11209E+16,4.94123E+16
144268,144269,9,3,71,113,2016,8,16,3,3,0,3,0,0,1,1,0,0,0,0,6.89591E+20,5.50786E+21,1.16289E+16,4.96934E+16
144269,144270,9,7,72,130,2016,8,21,3,2,4,6,0,0,1,1,0,0,0,0,6.32724E+20,5.35799E+21,1.07918E+16,4.83611E+16
144270,144271,9,4,78,139,2016,8,21,2,3,9,1,2,0,0,1,0,0,0,0,6.48681E+20,5.55739E+21,1.10812E+16,5.01501E+16
144271,144272,9,1,62,0,2016,8,8,3,3,5,3,0,0,1,1,0,0,0,0,6.90862E+20,5.33929E+21,1.15676E+16,4.81782E+16
144272,144273,9,6,62,0,2016,8,22,4,3,5,3,2,0,0,1,0,1,0,0,5.88085E+20,5.54284E+21,1.02299E+16,5.00313E+16
144273,144274,9,1,84,132,2016,8,11,3,3,4,7,0,0,1,1,0,0,0,0,6.84289E+20,5.32913E+21,1.14748E+16,4.80887E+16
144274,144275,9,5,74,138,2016,8,17,1,3,5,3,0,0,1,1,0,0,0,0,6.6526E+20,5.48639E+21,1.12828E+16,4.95076E+16
144275,144276,9,1,62,0,2016,8,8,2,3,3,2,0,0,0,1,0,0,0,1,6.8948E+20,5.33491E+21,1.1547E+16,4.81392E+16
144276,144277,9,5,77,161,2016,8,14,4,2,0,1,0,0,1,0,0,0,0,0,6.43148E+20,5.44446E+21,1.09625E+16,4.91363E+16
144277,144278,9,7,61,0,2016,8,14,3,3,5,3,0,0,1,1,0,0,0,0,6.37885E+20,5.35945E+21,1.08619E+16,4.83731E+16
144278,144279,9,3,71,122,2016,8,16,3,3,1,6,0,0,0,0,0,1,0,0,7.10717E+20,5.48395E+21,1.19087E+16,4.94716E+16
144279,144280,9,5,64,0,2016,8,12,1,3,5,7,0,0,0,1,0,0,0,0,6.56562E+20,5.48123E+21,1.11607E+16,4.94635E+16
144280,144281,9,1,62,0,2016,8,16,2,3,4,2,0,0,0,1,0,0,0,0,6.94958E+20,5.3367E+21,1.16214E+16,4.81536E+16
144281,144282,9,1,62,0,2016,8,16,2,3,1,6,0,0,0,1,0,0,0,0,6.89423E+20,5.33715E+21,1.15473E+16,4.81593E+16
144282,144283,9,1,61,0,2016,8,15,4,2,2,2,0,0,0,1,0,1,0,0,6.7486E+20,5.3984E+21,1.13772E+16,4.87141E+16
144283,144284,9,1,62,0,2016,8,14,2,3,5,3,0,0,0,1,0,0,0,0,6.90871E+20,5.33913E+21,1.15676E+16,4.81767E+16
144284,144285,9,1,85,149,2016,8,21,4,3,5,3,2,0,0,1,0,1,0,0,6.6414E+20,5.40064E+21,1.12325E+16,4.87372E+16
144285,144286,9,5,77,136,2016,8,17,4,3,1,2,0,0,1,1,0,0,0,0,6.28192E+20,5.44186E+21,1.07568E+16,4.91162E+16
144286,144287,9,7,72,202,2016,8,0,3,3,0,1,2,0,1,0,0,0,0,0,6.37484E+20,5.35867E+21,1.08563E+16,4.83662E+16
144287,144288,9,1,80,117,2016,8,13,2,3,4,2,0,0,1,1,0,0,0,0,6.5791E+20,5.2624E+21,1.10966E+16,4.74958E+16
144288,144289,9,2,75,124,2016,8,18,4,2,4,1,0,1,0,1,0,1,0,0,8.12105E+20,5.37758E+21,1.32232E+16,4.84738E+16
144289,144290,9,3,71,132,2016,8,19,3,2,7,7,0,1,1,0,0,0,0,0,6.94454E+20,5.47477E+21,1.16799E+16,4.93945E+16
144290,144291,9,4,76,145,2016,8,1,1,3,6,4,2,1,0,1,1,0,0,0,6.65491E+20,5.5678E+21,1.13208E+16,5.02391E+16
144291,144292,9,1,62,0,2016,8,17,2,3,5,3,0,0,0,1,0,1,0,0,6.87164E+20,5.33007E+21,1.15138E+16,4.80964E+16
144292,144293,9,1,72,114,2016,8,11,2,2,4,2,0,0,0,1,0,0,0,0,7.9155E+20,5.29433E+21,1.28889E+16,4.77364E+16
144293,144294,9,5,76,143,2016,8,10,4,2,3,2,0,0,1,0,0,0,0,0,6.55978E+20,5.45399E+21,1.1142E+16,4.92188E+16
144294,144295,9,2,77,116,2016,8,15,4,3,5,3,0,0,0,1,0,1,0,0,7.78356E+20,5.3676E+21,1.2761E+16,4.84E+16
144295,144296,9,7,80,143,2016,8,18,4,2,3,6,0,0,1,0,0,0,0,0,5.96635E+20,5.2763E+21,1.02864E+16,4.76329E+16
144296,144297,9,1,62,0,2016,8,16,3,3,5,3,0,0,0,1,0,0,0,0,6.90871E+20,5.33913E+21,1.15676E+16,4.81767E+16
144297,144298,9,4,63,0,2016,8,2,1,3,4,6,2,0,0,1,0,0,0,0,6.40185E+20,5.56914E+21,1.09667E+16,5.02577E+16
144298,144299,9,7,61,0,2016,8,17,3,3,5,2,0,0,1,1,0,0,0,0,6.42695E+20,5.35985E+21,1.0927E+16,4.83757E+16
144299,144300,9,1,83,126,2016,8,18,2,2,9,7,0,0,0,1,0,0,0,0,7.31225E+20,5.33654E+21,1.21083E+16,4.814E+16
144300,144301,9,2,73,147,2016,8,16,4,3,2,6,0,0,0,1,0,1,0,0,7.05109E+20,5.39071E+21,1.17841E+16,4.86358E+16
144301,144302,9,7,61,0,2016,8,19,3,2,6,2,0,0,0,1,1,0,0,0,6.42412E+20,5.36088E+21,1.09235E+16,4.8385E+16
144302,144303,9,1,62,0,2016,8,17,4,3,1,5,0,0,1,0,0,0,0,1,6.88228E+20,5.33049E+21,1.15283E+16,4.80998E+16
144303,144304,9,4,74,123,2016,8,15,1,3,5,3,0,0,1,1,0,0,0,0,6.46146E+20,5.51499E+21,1.10296E+16,4.97696E+16
144304,144305,9,4,71,185,2016,8,16,1,3,2,6,0,0,0,0,0,1,0,0,6.46285E+20,5.53763E+21,1.10401E+16,4.99731E+16
144305,144306,9,1,84,120,2016,8,18,2,3,1,7,0,0,1,1,0,0,0,0,6.81308E+20,5.33203E+21,1.14361E+16,4.81157E+16
144306,144307,9,2,76,144,2016,8,6,3,2,4,2,0,0,0,1,0,1,0,0,7.82566E+20,5.44359E+21,1.28699E+16,4.90802E+16
144307,144308,9,7,72,147,2016,8,4,2,3,5,3,2,0,1,1,0,0,0,0,6.38447E+20,5.36452E+21,1.08712E+16,4.84187E+16
144308,144309,9,2,71,119,2016,8,15,3,3,3,6,0,0,1,0,0,0,1,0,7.9084E+20,5.4161E+21,1.29633E+16,4.88297E+16
144309,144310,9,1,89,155,2016,8,14,2,1,5,3,0,0,1,1,0,0,0,0,7.70574E+20,5.30947E+21,1.26192E+16,4.78815E+16
144310,144311,9,5,62,0,2016,8,19,4,3,5,3,0,0,1,1,0,0,0,0,6.45488E+20,5.4945E+21,1.10129E+16,4.95856E+16
144311,144312,9,1,62,0,2016,8,7,3,3,5,3,0,0,0,1,0,1,0,0,6.88884E+20,5.34268E+21,1.15425E+16,4.82092E+16
144312,144313,9,3,63,0,2016,8,18,1,3,2,6,0,0,0,1,0,0,0,0,7.28383E+20,5.51026E+21,1.21674E+16,4.97015E+16
144313,144314,9,7,72,184,2016,8,12,4,2,3,2,0,0,1,1,0,0,0,0,6.34965E+20,5.36166E+21,1.08232E+16,4.83937E+16
144314,144315,9,1,62,0,2016,8,12,2,3,5,2,0,0,0,1,0,1,0,0,6.83067E+20,5.33507E+21,1.1461E+16,4.81425E+16
144315,144316,9,1,79,121,2016,8,16,4,3,0,7,0,0,0,1,0,0,0,1,6.65311E+20,5.33656E+21,1.12231E+16,4.81608E+16
144316,144317,9,4,79,126,2016,8,10,4,3,5,3,0,0,0,1,0,0,0,0,7.22122E+20,5.55249E+21,1.2105E+16,5.00831E+16
144317,144318,9,7,71,130,2016,8,10,4,3,5,6,0,0,1,1,0,0,0,0,6.45949E+20,5.35739E+21,1.09701E+16,4.83528E+16
144318,144319,9,1,62,0,2016,8,19,2,3,5,2,0,0,1,1,0,0,0,0,6.86602E+20,5.33436E+21,1.15082E+16,4.81351E+16
144319,144320,9,4,78,165,2016,8,16,4,2,4,2,0,0,0,1,0,1,0,0,6.42073E+20,5.55182E+21,1.09867E+16,5.01016E+16
144320,144321,9,2,78,118,2016,8,18,3,3,2,6,0,0,0,1,0,0,0,0,7.72107E+20,5.42266E+21,1.27129E+16,4.8897E+16
144321,144322,9,7,61,0,2016,8,18,3,3,5,1,0,0,1,1,0,0,0,0,6.39358E+20,5.35729E+21,1.08811E+16,4.83534E+16
144322,144323,9,5,64,0,2016,8,16,2,3,5,3,0,0,0,1,0,0,0,0,6.51015E+20,5.4822E+21,1.10846E+16,4.94737E+16
144323,144324,9,2,77,145,2016,8,7,3,3,5,3,0,0,1,1,0,0,0,0,7.98048E+20,5.35332E+21,1.30163E+16,4.82629E+16
144324,144325,9,5,64,0,2016,8,15,4,3,4,1,0,0,1,0,0,0,0,1,6.50193E+20,5.48005E+21,1.10724E+16,4.94545E+16
144325,144326,9,1,62,0,2016,8,20,3,3,5,3,0,0,0,1,0,0,0,1,6.85437E+20,5.32866E+21,1.149E+16,4.80842E+16
144326,144327,9,3,73,147,2016,8,16,1,3,0,1,0,0,1,0,0,0,0,0,6.80063E+20,5.46096E+21,1.14756E+16,4.92748E+16
144327,144328,9,1,62,0,2016,8,11,2,3,6,7,0,0,0,0,1,0,0,1,6.86219E+20,5.33441E+21,1.1503E+16,4.81356E+16
144328,144329,9,1,81,130,2016,8,9,4,3,0,7,0,0,1,0,0,0,0,0,6.38574E+20,5.32549E+21,1.08601E+16,4.80676E+16
144329,144330,9,4,63,0,2016,8,9,4,3,3,6,0,0,0,1,0,0,0,0,6.40829E+20,5.56878E+21,1.09756E+16,5.02544E+16
144330,144331,9,7,61,0,2016,8,16,3,3,0,7,0,0,1,0,0,0,0,0,6.40311E+20,5.35807E+21,1.08942E+16,4.83602E+16
144331,144332,9,1,87,163,2016,8,15,2,3,5,3,0,0,0,1,0,0,0,0,7.38761E+20,5.31019E+21,1.21948E+16,4.79005E+16
144332,144333,9,2,61,0,2016,8,12,4,3,1,6,0,0,0,1,0,1,0,0,7.32061E+20,5.37984E+21,1.21434E+16,4.85287E+16
144333,144334,9,2,62,0,2016,8,21,3,3,3,6,1,0,0,1,0,1,0,0,8.28755E+20,5.38939E+21,1.34571E+16,4.85712E+16
144334,144335,9,7,61,0,2016,8,18,3,3,0,1,0,0,1,0,0,0,0,0,6.41051E+20,5.35917E+21,1.09046E+16,4.83699E+16
144335,144336,9,4,61,0,2016,8,16,2,3,6,7,0,0,0,0,1,1,0,0,6.36496E+20,5.52909E+21,1.09006E+16,4.98986E+16
144336,144337,9,5,64,0,2016,8,18,4,3,3,7,0,0,1,0,0,0,0,0,6.53177E+20,5.47931E+21,1.11133E+16,4.94472E+16
144337,144338,9,3,76,170,2016,8,22,1,3,5,3,2,0,0,1,0,0,0,0,7.27785E+20,5.45644E+21,1.21282E+16,4.92184E+16
144338,144339,9,1,62,0,2016,8,9,2,3,5,3,0,0,0,1,0,0,0,0,6.95685E+20,5.3299E+21,1.16281E+16,4.80923E+16
144339,144340,9,1,88,145,2016,8,18,4,3,5,3,0,0,1,1,0,0,0,0,6.64849E+20,5.32525E+21,1.12125E+16,4.80593E+16
144340,144341,9,4,77,142,2016,8,6,4,3,5,3,0,0,0,1,0,0,0,1,6.83213E+20,5.54361E+21,1.15575E+16,5.00166E+16
144341,144342,9,6,63,0,2016,8,17,3,3,5,3,0,0,0,1,0,0,0,0,5.65521E+20,5.51604E+21,9.91035E+15,4.97932E+16
144342,144343,9,1,87,128,2016,8,11,2,2,0,7,0,0,0,1,0,0,0,0,7.46467E+20,5.31182E+21,1.22986E+16,4.79123E+16
144343,144344,9,2,61,0,2016,8,19,4,3,5,3,0,0,0,1,0,0,0,0,7.31737E+20,5.38191E+21,1.21401E+16,4.85474E+16
144344,144345,9,6,73,141,2016,8,9,3,3,6,4,0,0,0,1,1,0,0,0,6.04519E+20,5.57296E+21,1.04676E+16,5.02995E+16
144345,144346,9,1,62,0,2016,8,9,4,3,5,2,0,0,0,1,0,0,0,0,6.87761E+20,5.33124E+21,1.15224E+16,4.81068E+16
144346,144347,9,2,63,0,2016,8,18,1,3,1,5,0,0,1,1,0,0,0,0,7.61202E+20,5.41838E+21,1.25617E+16,4.88633E+16
144347,144348,9,1,62,0,2016,8,0,2,3,4,2,2,1,0,1,0,0,0,0,6.90147E+20,5.33525E+21,1.15562E+16,4.81421E+16
144348,144349,9,2,62,0,2016,8,15,3,3,1,6,0,0,0,1,0,0,0,0,8.28784E+20,5.38938E+21,1.34575E+16,4.85711E+16
144349,144350,9,2,72,151,2016,8,18,1,3,4,1,0,1,0,0,0,1,0,1,8.38624E+20,5.40741E+21,1.36052E+16,4.87276E+16
144350,144351,9,7,75,152,2016,8,8,2,3,2,6,0,0,1,1,0,0,0,0,5.77778E+20,5.35299E+21,1.00493E+16,4.83253E+16
144351,144352,9,7,75,134,2016,8,13,2,3,5,3,0,0,0,1,0,0,0,0,5.82141E+20,5.36474E+21,1.01104E+16,4.84304E+16
144352,144353,9,6,61,0,2016,8,13,3,3,4,2,0,0,0,1,0,0,1,0,5.12066E+20,5.53739E+21,9.16832E+15,4.99887E+16
144353,144354,9,1,87,117,2016,8,17,2,3,4,6,0,0,1,1,0,0,0,0,7.24963E+20,5.306E+21,1.20082E+16,4.78679E+16
144354,144355,9,2,73,116,2016,8,10,4,3,6,4,0,0,0,1,1,0,0,0,7.22651E+20,5.42429E+21,1.20401E+16,4.89315E+16
144355,144356,9,5,74,123,2016,8,17,3,2,0,1,0,0,0,0,0,1,0,0,6.60133E+20,5.47005E+21,1.12054E+16,4.93621E+16
144356,144357,9,7,75,152,2016,8,19,4,3,5,3,0,0,0,1,0,1,0,0,5.77473E+20,5.35273E+21,1.00451E+16,4.8323E+16
144357,144358,9,1,62,0,2016,8,15,3,3,4,6,0,0,1,1,0,0,0,0,6.9817E+20,5.33308E+21,1.16629E+16,4.81201E+16
144358,144359,9,2,74,112,2016,8,18,1,3,8,7,0,1,0,1,0,0,0,0,7.57108E+20,5.37816E+21,1.2481E+16,4.85039E+16
144359,144360,9,2,61,0,2016,8,0,1,3,0,1,2,0,1,0,0,0,0,0,7.32265E+20,5.38155E+21,1.21471E+16,4.8544E+16
144360,144361,9,7,78,173,2016,8,13,2,3,0,7,0,0,1,0,0,0,0,0,6.1242E+20,5.32128E+21,1.05081E+16,4.80349E+16
144361,144362,9,2,79,137,2016,8,19,3,3,0,7,1,0,1,0,0,0,0,0,7.73526E+20,5.4039E+21,1.27198E+16,4.87281E+16
144362,144363,9,6,73,114,2016,8,14,2,3,0,1,0,0,1,0,0,0,0,0,5.87273E+20,5.57595E+21,1.02262E+16,5.03291E+16
144363,144364,9,2,73,166,2016,8,12,3,3,0,1,0,0,1,0,0,0,0,0,7.14553E+20,5.42113E+21,1.1928E+16,4.89059E+16
144364,144365,9,1,88,139,2016,8,15,2,3,0,3,0,0,0,1,1,0,0,0,6.75169E+20,5.31988E+21,1.13487E+16,4.80082E+16
144365,144366,9,5,64,0,2016,8,12,4,3,5,3,0,0,1,1,0,0,0,0,6.46413E+20,5.4774E+21,1.10193E+16,4.94316E+16
144366,144367,9,2,79,126,2016,8,20,3,3,5,3,2,0,1,1,0,0,0,0,7.61899E+20,5.3836E+21,1.25491E+16,4.85507E+16
144367,144368,9,1,79,121,2016,8,12,2,3,6,7,0,0,0,1,1,0,0,0,6.6546E+20,5.3367E+21,1.12251E+16,4.8162E+16
144368,144369,9,5,64,0,2016,8,22,4,3,0,7,2,0,0,1,0,1,0,0,6.49768E+20,5.48041E+21,1.10667E+16,4.94579E+16
144369,144370,9,2,79,134,2016,8,13,4,3,8,1,0,0,0,1,0,0,0,0,7.66279E+20,5.38506E+21,1.26093E+16,4.8562E+16
144370,144371,9,7,80,133,2016,8,17,4,3,0,1,0,0,0,0,0,0,0,1,6.00128E+20,5.2492E+21,1.03267E+16,4.73886E+16
144371,144372,9,1,62,0,2016,8,17,3,3,6,6,0,0,1,0,1,0,0,0,6.96053E+20,5.33277E+21,1.16343E+16,4.8118E+16
144372,144373,9,1,80,135,2016,8,16,1,2,7,7,0,0,1,0,0,0,0,1,6.52607E+20,5.27681E+21,1.10312E+16,4.76267E+16
144373,144374,9,7,72,163,2016,8,19,4,2,5,3,0,0,1,0,0,0,0,0,6.4131E+20,5.34715E+21,1.0904E+16,4.82618E+16
144374,144375,9,7,78,203,2016,8,15,2,2,0,7,0,0,1,0,0,0,0,0,6.2216E+20,5.32401E+21,1.06395E+16,4.80577E+16
144375,144376,9,1,78,145,2016,8,16,4,3,0,6,0,1,0,0,0,1,0,0,6.9594E+20,5.35833E+21,1.16446E+16,4.83477E+16
144376,144377,9,1,90,141,2016,8,22,3,2,7,7,2,0,1,0,0,0,0,1,6.76028E+20,5.29318E+21,1.13493E+16,4.7768E+16
144377,144378,9,5,63,0,2016,8,13,3,3,4,2,0,0,1,1,0,0,0,0,6.45101E+20,5.48289E+21,1.10032E+16,4.94813E+16
144378,144379,9,4,75,174,2016,8,8,2,3,1,6,0,0,0,1,0,0,0,0,7.02676E+20,5.56096E+21,1.1838E+16,5.01662E+16
144379,144380,9,1,90,141,2016,8,12,3,2,0,7,0,0,0,0,0,0,1,0,6.79149E+20,5.29497E+21,1.13917E+16,4.77831E+16
144380,144381,9,5,64,0,2016,8,20,4,3,1,5,0,0,1,1,0,0,0,0,6.50129E+20,5.47968E+21,1.10714E+16,4.94512E+16
144381,144382,9,1,62,0,2016,8,21,3,3,3,6,2,0,1,1,0,0,0,0,6.91988E+20,5.33231E+21,1.15796E+16,4.81151E+16
144382,144383,9,7,80,120,2016,8,10,2,2,0,1,0,0,0,0,0,1,0,0,5.99589E+20,5.28406E+21,1.03274E+16,4.77022E+16
144383,144384,9,1,77,130,2016,8,12,4,2,5,3,0,0,1,1,0,0,0,0,7.09715E+20,5.35085E+21,1.18266E+16,4.82761E+16
144384,144385,9,1,62,0,2016,8,22,3,3,4,2,2,0,0,1,0,0,0,0,6.96831E+20,5.3351E+21,1.16458E+16,4.81387E+16
144385,144386,9,1,72,132,2016,8,18,1,3,0,1,0,0,1,0,0,0,0,0,8.00531E+20,5.28145E+21,1.29996E+16,4.76166E+16
144386,144387,9,7,80,139,2016,8,14,2,3,5,2,0,0,1,0,0,0,0,0,5.97744E+20,5.26178E+21,1.02979E+16,4.75021E+16
144387,144388,9,1,77,133,2016,8,9,4,3,5,3,0,0,0,1,0,0,0,1,7.05811E+20,5.35496E+21,1.17761E+16,4.83143E+16
144388,144389,9,4,74,126,2016,8,15,4,3,5,3,0,0,0,1,0,1,0,0,6.48486E+20,5.50799E+21,1.10594E+16,4.97061E+16
144389,144390,9,5,64,0,2016,8,17,3,3,5,2,0,0,1,1,0,0,0,0,6.54872E+20,5.47951E+21,1.11367E+16,4.94485E+16
144390,144391,9,4,61,0,2016,8,14,2,3,0,7,0,0,0,1,0,0,0,0,6.34597E+20,5.52818E+21,1.08739E+16,4.98908E+16
144391,144392,9,1,71,125,2016,8,17,1,3,5,3,0,1,0,1,0,0,0,0,7.73083E+20,5.34955E+21,1.26783E+16,4.82403E+16
144392,144393,9,7,76,117,2016,8,8,2,2,1,1,0,0,1,1,0,0,0,0,5.67133E+20,5.27304E+21,9.89321E+15,4.76073E+16
144393,144394,9,1,75,115,2016,8,12,4,1,3,2,0,0,1,0,0,0,1,0,7.20066E+20,5.32892E+21,1.19546E+16,4.80755E+16
144394,144395,9,4,71,155,2016,8,23,4,2,0,1,2,0,1,0,0,0,0,0,6.44155E+20,5.53246E+21,1.10085E+16,4.99271E+16
144395,144396,9,5,64,0,2016,8,7,3,2,4,2,0,0,1,0,0,0,0,0,6.49294E+20,5.47962E+21,1.10599E+16,4.94509E+16
144396,144397,9,1,74,150,2016,8,19,2,3,5,3,0,0,0,1,0,0,0,0,6.82029E+20,5.3597E+21,1.14576E+16,4.83642E+16
144397,144398,9,1,73,123,2016,8,13,4,3,0,7,0,0,1,0,0,0,0,0,6.79296E+20,5.2959E+21,1.1394E+16,4.77914E+16
144398,144399,9,5,64,0,2016,8,16,3,3,5,3,0,0,1,0,0,0,0,0,6.54037E+20,5.48029E+21,1.11255E+16,4.94557E+16
144399,144400,9,1,62,0,2016,8,17,4,3,5,2,0,0,1,1,0,0,0,0,6.88563E+20,5.33241E+21,1.15336E+16,4.8117E+16
144400,144401,9,1,82,112,2016,8,14,1,3,1,7,0,0,0,1,0,1,0,0,7.26158E+20,5.28451E+21,1.2013E+16,4.76744E+16
144401,144402,9,4,61,0,2016,8,19,4,3,5,2,0,0,1,1,0,0,0,0,6.35613E+20,5.53027E+21,1.08888E+16,4.99094E+16
144402,144403,9,5,64,0,2016,8,10,3,3,0,5,0,0,1,1,0,0,0,0,6.50081E+20,5.48211E+21,1.10717E+16,4.94731E+16
144403,144404,9,1,74,115,2016,8,13,2,2,6,4,0,0,1,0,1,0,0,0,6.81054E+20,5.34702E+21,1.14391E+16,4.82505E+16
144404,144405,9,1,80,124,2016,8,17,4,3,4,2,0,0,1,1,0,0,0,0,6.65333E+20,5.28307E+21,1.12029E+16,4.76798E+16
144405,144406,9,1,73,124,2016,8,8,3,3,6,7,0,0,0,1,1,0,0,0,6.93645E+20,5.29125E+21,1.15833E+16,4.77455E+16
144406,144407,9,1,82,131,2016,8,14,1,2,0,7,0,1,1,0,0,0,0,0,7.14057E+20,5.29077E+21,1.18551E+16,4.77348E+16
144407,144408,9,7,64,0,2016,8,11,4,3,5,3,0,0,0,1,0,0,0,0,5.87058E+20,5.31721E+21,1.01671E+16,4.80022E+16
144408,144409,9,2,74,126,2016,8,12,5,3,0,7,0,0,1,0,0,0,0,0,7.33884E+20,5.38322E+21,1.21699E+16,4.85584E+16
144409,144410,9,2,75,152,2016,8,22,6,2,5,3,2,0,0,1,0,0,0,0,8.22026E+20,5.40576E+21,1.33789E+16,4.87216E+16
144410,144411,9,5,62,0,2016,8,11,6,3,0,7,0,0,1,0,0,0,0,0,6.4456E+20,5.49234E+21,1.09992E+16,4.95663E+16
144411,144412,9,1,62,0,2016,8,12,5,3,8,7,0,0,0,0,0,1,0,0,6.89455E+20,5.33717E+21,1.15477E+16,4.81596E+16
144412,144413,9,5,76,111,2016,8,12,6,3,8,1,0,0,0,0,0,1,0,0,6.44388E+20,5.45701E+21,1.0984E+16,4.92488E+16
144413,144414,9,6,72,114,2016,8,20,5,2,0,7,0,0,1,0,0,0,0,0,5.77162E+20,5.55998E+21,1.00809E+16,5.0187E+16
144414,144415,9,1,62,0,2016,8,19,5,3,5,7,0,0,1,0,0,0,0,0,6.94573E+20,5.33347E+21,1.16148E+16,4.81247E+16
144415,144416,9,2,78,116,2016,8,18,7,3,9,1,0,0,1,0,0,0,0,0,7.66368E+20,5.43102E+21,1.26403E+16,4.89746E+16
144416,144417,9,2,79,112,2016,8,10,5,3,5,7,0,0,1,1,0,0,0,0,7.57705E+20,5.39308E+21,1.24983E+16,4.86377E+16
144417,144418,9,2,75,141,2016,8,18,6,3,4,6,0,0,0,1,0,0,0,0,8.1874E+20,5.37033E+21,1.33072E+16,4.84054E+16
144418,144419,9,5,63,0,2016,8,14,7,3,5,3,0,0,0,1,0,0,0,0,6.4444E+20,5.48127E+21,1.09935E+16,4.94669E+16
144419,144420,9,7,79,194,2016,8,8,7,3,5,3,0,0,0,1,0,1,0,0,6.09753E+20,5.41213E+21,1.04961E+16,4.88524E+16
144420,144421,9,1,62,0,2016,8,16,6,3,0,2,0,0,0,1,0,0,0,0,6.91898E+20,5.33388E+21,1.15791E+16,4.81292E+16
144421,144422,9,1,62,0,2016,8,14,5,3,5,3,0,0,0,1,0,0,0,0,6.81833E+20,5.33457E+21,1.14442E+16,4.81384E+16
144422,144423,9,5,77,125,2016,8,10,5,3,5,6,0,0,0,1,0,1,0,0,6.43392E+20,5.43699E+21,1.09632E+16,4.90691E+16
144423,144424,9,5,76,117,2016,8,6,6,3,5,3,1,0,0,1,0,0,0,0,6.50708E+20,5.45956E+21,1.10718E+16,4.92702E+16
144424,144425,9,1,62,0,2016,8,18,6,3,6,4,0,0,0,1,1,0,0,0,6.94488E+20,5.34053E+21,1.16169E+16,4.81882E+16
144425,144426,9,1,62,0,2016,8,7,5,3,2,3,0,0,0,1,0,0,0,0,6.93955E+20,5.33302E+21,1.16063E+16,4.81208E+16
144426,144427,9,5,74,156,2016,8,13,6,3,0,3,0,0,0,0,0,1,0,0,6.5916E+20,5.48174E+21,1.11967E+16,4.94674E+16
144427,144428,9,5,74,139,2016,8,18,5,3,4,6,0,0,0,1,0,0,0,0,6.70488E+20,5.48023E+21,1.13523E+16,4.94508E+16
144428,144429,9,2,72,134,2016,8,18,7,3,8,1,0,0,1,0,0,0,0,0,8.33839E+20,5.43074E+21,1.35594E+16,4.89394E+16
144429,144430,9,1,80,117,2016,8,18,5,3,5,3,0,0,0,1,0,1,0,0,6.56974E+20,5.26146E+21,1.10838E+16,4.74876E+16
144430,144431,9,2,73,163,2016,8,16,6,3,0,1,0,0,1,0,0,0,0,0,7.06291E+20,5.39675E+21,1.18032E+16,4.86897E+16
144431,144432,9,5,64,0,2016,8,12,7,2,6,4,0,0,0,1,1,0,0,0,6.51412E+20,5.47862E+21,1.10887E+16,4.94414E+16
144432,144433,9,7,72,200,2016,8,18,7,2,0,1,0,0,1,0,0,0,0,0,6.29636E+20,5.3378E+21,1.0744E+16,4.81802E+16
144433,144434,9,1,62,0,2016,8,18,6,3,4,6,0,0,1,0,0,0,0,0,6.89687E+20,5.3385E+21,1.15514E+16,4.81714E+16
144434,144435,9,1,62,0,2016,8,8,5,3,6,6,0,0,0,1,1,0,0,0,6.89851E+20,5.33346E+21,1.15514E+16,4.81261E+16
144435,144436,9,1,82,124,2016,8,9,7,2,0,1,0,0,1,0,0,0,0,0,7.05894E+20,5.28282E+21,1.17426E+16,4.7666E+16
144436,144437,9,5,74,132,2016,8,10,6,3,4,2,0,0,1,1,0,0,0,0,6.75783E+20,5.48669E+21,1.14282E+16,4.95073E+16
144437,144438,9,4,73,121,2016,8,8,5,2,5,3,0,0,0,1,0,1,0,0,6.48192E+20,5.56495E+21,1.10773E+16,5.02181E+16
144438,144439,9,1,89,145,2016,8,13,5,3,0,7,0,0,1,0,1,0,0,0,7.75574E+20,5.30257E+21,1.26815E+16,4.78174E+16