FID,OBJECTID,ULAND,UREGBEZ,UKREIS,UGEMEINDE,UJAHR,UMONAT,USTUNDE,UWOCHENTAG,UKATEGORIE,UART,UTYP1,ULICHTVERH,IstStrasse,IstRad,IstPKW,IstFuss,IstKrad,IstGkfz,IstSonstig,LINREFX,LINREFY,XGCSWGS84,YGCSWGS84
144439,144440,9,2,61,0,2016,8,15,6,3,0,1,0,0,1,0,0,0,0,0,7.3192E+20,5.37946E+21,1.21412E+16,4.85254E+16
144440,144441,9,2,61,0,2016,8,17,7,3,8,1,0,0,0,1,0,0,0,0,7.30108E+20,5.38265E+21,1.21185E+16,4.85547E+16
144441,144442,9,1,89,119,2016,8,15,5,3,0,7,0,0,1,0,0,0,0,0,7.65799E+20,5.30228E+21,1.2551E+16,4.78189E+16
144442,144443,9,2,61,0,2016,8,19,6,3,0,1,0,0,1,0,0,0,0,0,7.31669E+20,5.38214E+21,1.21393E+16,4.85495E+16
144443,144444,9,5,64,0,2016,8,21,7,3,4,6,2,0,0,1,0,1,0,0,6.50703E+20,5.48222E+21,1.10803E+16,4.94739E+16
144444,144445,9,7,72,184,2016,8,23,7,3,8,7,2,0,0,0,0,1,0,0,6.36099E+20,5.36335E+21,1.08391E+16,4.84086E+16
144445,144446,9,1,62,0,2016,8,21,6,3,5,3,2,0,1,1,0,0,0,0,6.86798E+20,5.33666E+21,1.15118E+16,4.81557E+16
144446,144447,9,1,62,0,2016,8,12,5,3,0,7,0,0,1,0,1,0,0,0,6.83649E+20,5.33477E+21,1.14687E+16,4.81397E+16
144447,144448,9,1,87,150,2016,8,9,7,3,2,6,0,0,0,1,0,0,0,0,7.29085E+20,5.30434E+21,1.20624E+16,4.78515E+16
144448,144449,9,5,64,0,2016,8,9,6,3,1,5,0,0,0,1,0,0,0,0,6.48998E+20,5.46963E+21,1.1052E+16,4.93612E+16
144449,144450,9,4,74,121,2016,8,17,5,3,0,1,0,0,0,0,0,1,0,0,6.64597E+20,5.5161E+21,1.12861E+16,4.97748E+16
144450,144451,9,1,89,114,2016,8,19,5,2,5,3,0,0,1,0,0,0,0,0,7.6414E+20,5.31045E+21,1.25339E+16,4.78929E+16
144451,144452,9,2,74,182,2016,8,16,6,3,4,6,0,0,0,1,0,0,0,0,7.28576E+20,5.37401E+21,1.2093E+16,4.84777E+16
144452,144453,9,5,64,0,2016,8,9,6,3,5,3,0,0,0,1,0,0,0,0,6.52402E+20,5.48055E+21,1.11031E+16,4.94584E+16
144453,144454,9,5,64,0,2016,8,17,6,3,2,6,0,0,0,1,0,0,0,0,6.52424E+20,5.47836E+21,1.11025E+16,4.94388E+16
144454,144455,9,6,63,0,2016,8,17,5,3,5,7,0,0,1,1,0,0,0,0,5.68551E+20,5.51648E+21,9.95252E+15,4.97968E+16
144455,144456,9,1,62,0,2016,8,18,5,3,6,4,0,0,0,1,1,0,0,0,6.88262E+20,5.34327E+21,1.15344E+16,4.82147E+16
144456,144457,9,2,73,137,2016,8,17,6,2,1,6,0,0,1,0,0,0,1,0,7.1208E+20,5.42207E+21,1.18948E+16,4.89152E+16
144457,144458,9,1,62,0,2016,8,12,6,3,0,7,0,0,1,0,0,0,0,0,6.88934E+20,5.33739E+21,1.15408E+16,4.81617E+16
144458,144459,9,1,62,0,2016,8,13,5,3,0,1,0,0,1,0,0,0,0,0,6.92323E+20,5.33151E+21,1.15837E+16,4.81078E+16
144459,144460,9,1,86,152,2016,8,19,7,3,3,2,0,0,0,1,0,1,0,0,6.9066E+20,5.3763E+21,1.15816E+16,4.85108E+16
144460,144461,9,1,62,0,2016,8,8,6,3,1,5,0,0,1,1,0,0,0,0,6.85201E+20,5.33164E+21,1.14882E+16,4.81111E+16
144461,144462,9,4,71,117,2016,8,17,5,3,1,1,0,0,0,1,0,1,0,0,6.3153E+20,5.53004E+21,1.08319E+16,4.99083E+16
144462,144463,9,1,83,128,2016,8,1,5,3,8,7,2,0,0,1,0,0,0,0,7.60413E+20,5.35174E+21,1.25093E+16,4.82653E+16
144463,144464,9,1,83,112,2016,8,13,5,3,5,3,0,0,1,1,0,0,0,0,7.52601E+20,5.35039E+21,1.24034E+16,4.82563E+16
144464,144465,9,2,79,112,2016,8,14,6,3,1,3,0,0,1,1,0,0,0,0,7.58204E+20,5.39305E+21,1.2505E+16,4.86371E+16
144465,144466,9,5,73,125,2016,8,19,6,3,1,5,1,0,1,0,0,0,1,0,6.37765E+20,5.4725E+21,1.08984E+16,4.93896E+16
144466,144467,9,1,84,112,2016,8,22,5,3,0,1,2,0,0,0,0,1,0,0,6.98912E+20,5.33714E+21,1.16747E+16,4.81564E+16
144467,144468,9,5,75,115,2016,8,15,6,3,1,3,0,0,1,1,0,0,0,0,5.96333E+20,5.4781E+21,1.0329E+16,4.94479E+16
144468,144469,9,6,61,0,2016,8,15,5,3,5,7,0,0,0,1,0,0,0,0,5.11301E+20,5.53537E+21,9.15759E+15,4.99705E+16
144469,144470,9,1,62,0,2016,8,8,5,3,3,6,0,0,1,0,0,0,0,0,6.89574E+20,5.33454E+21,1.15481E+16,4.81358E+16
144470,144471,9,2,73,116,2016,8,10,7,3,0,7,0,0,1,0,0,0,0,0,7.21739E+20,5.42479E+21,1.20279E+16,4.89363E+16
144471,144472,9,1,89,162,2016,8,23,5,3,0,1,2,0,0,1,0,0,0,0,7.78042E+20,5.31511E+21,1.27225E+16,4.79289E+16
144472,144473,9,1,76,114,2016,8,19,7,3,0,6,0,0,1,0,0,0,0,0,6.81844E+20,5.43263E+21,1.14873E+16,4.90197E+16
144473,144474,9,4,61,0,2016,8,9,5,3,5,3,0,0,0,1,0,1,0,0,6.37996E+20,5.53034E+21,1.0922E+16,4.99095E+16
144474,144475,9,2,73,111,2016,8,18,7,2,4,1,0,0,0,1,0,0,0,0,7.14248E+20,5.40925E+21,1.19176E+16,4.87993E+16
144475,144476,9,1,71,112,2016,8,2,5,3,5,7,2,0,1,1,0,0,0,0,7.83039E+20,5.34109E+21,1.28064E+16,4.816E+16
144476,144477,9,1,80,136,2016,8,9,6,3,5,3,0,0,0,1,0,1,0,0,6.71831E+20,5.26544E+21,1.12824E+16,4.75196E+16
144477,144478,9,5,64,0,2016,8,16,7,3,2,6,0,0,1,1,0,0,0,0,6.53107E+20,5.48176E+21,1.11133E+16,4.94692E+16
144478,144479,9,5,75,112,2016,8,13,6,3,2,6,0,0,0,1,0,0,1,0,6.0196E+20,5.484E+21,1.04082E+16,4.95E+16
144479,144480,9,1,62,0,2016,8,12,6,3,5,3,0,0,0,1,0,1,0,0,6.88673E+20,5.33053E+21,1.15343E+16,4.81001E+16
144480,144481,9,1,62,0,2016,8,12,5,3,3,6,0,0,0,1,0,1,0,0,6.89844E+20,5.3345E+21,1.15518E+16,4.81354E+16
144481,144482,9,4,79,152,2016,8,9,6,2,1,7,0,0,0,1,0,0,1,0,7.24309E+20,5.56267E+21,1.21415E+16,5.01737E+16
144482,144483,9,5,64,0,2016,8,17,5,3,3,5,0,0,1,0,0,0,0,1,6.51558E+20,5.47866E+21,1.10907E+16,4.94417E+16
144483,144484,9,1,90,158,2016,8,1,7,3,8,7,2,0,0,0,0,1,0,0,6.53536E+20,5.30369E+21,1.10531E+16,4.78682E+16
144484,144485,9,1,73,126,2016,8,13,6,3,5,3,0,0,0,1,0,0,0,0,6.8561E+20,5.30361E+21,1.14815E+16,4.7859E+16
144485,144486,9,5,77,136,2016,8,18,7,2,0,1,0,0,1,0,0,0,0,0,6.26426E+20,5.43987E+21,1.0732E+16,4.90986E+16
144486,144487,9,7,72,184,2016,8,10,7,3,5,3,0,0,1,1,0,0,0,0,6.3549E+20,5.36098E+21,1.08301E+16,4.83874E+16
144487,144488,9,1,62,0,2016,8,21,6,3,0,7,2,0,1,0,0,0,0,0,6.98472E+20,5.3353E+21,1.1668E+16,4.814E+16
144488,144489,9,7,75,164,2016,8,12,5,2,4,2,0,0,1,1,0,0,0,0,5.84215E+20,5.35042E+21,1.01356E+16,4.83013E+16
144489,144490,9,1,88,145,2016,8,13,7,3,5,3,0,0,1,1,0,0,0,0,6.63938E+20,5.32628E+21,1.12007E+16,4.80687E+16
144490,144491,9,4,79,126,2016,8,14,6,3,0,7,0,0,0,0,0,1,0,0,7.18222E+20,5.5538E+21,1.20513E+16,5.00963E+16
144491,144492,9,1,80,118,2016,8,20,6,3,5,3,0,0,0,1,0,1,0,0,6.54286E+20,5.26004E+21,1.10477E+16,4.74755E+16
144492,144493,9,5,75,121,2016,8,9,7,3,4,2,0,0,0,1,0,1,0,0,6.24297E+20,5.49005E+21,1.07184E+16,4.95503E+16
144493,144494,9,7,72,147,2016,8,10,7,3,5,3,0,0,0,1,0,0,0,0,6.38579E+20,5.36365E+21,1.08727E+16,4.84107E+16
144494,144495,9,1,62,0,2016,8,21,6,3,1,5,2,0,1,1,0,0,0,0,6.91874E+20,5.33212E+21,1.15779E+16,4.81134E+16
144495,144496,9,7,75,164,2016,8,5,5,3,5,3,1,0,1,1,0,0,0,0,5.86064E+20,5.35033E+21,1.01605E+16,4.83003E+16
144496,144497,9,5,71,180,2016,8,13,5,3,0,7,0,0,1,1,0,0,0,0,6.30078E+20,5.46143E+21,1.07889E+16,4.92918E+16
144497,144498,9,1,63,0,2016,8,18,5,3,2,6,0,0,0,1,0,0,0,0,7.32491E+20,5.30462E+21,1.2108E+16,4.78529E+16
144498,144499,9,1,83,119,2016,8,18,6,3,4,6,0,0,1,0,0,1,0,0,7.33295E+20,5.33961E+21,1.21378E+16,4.81669E+16
144499,144500,9,5,75,112,2016,8,17,7,3,0,1,0,0,0,0,0,1,0,0,6.02211E+20,5.48395E+21,1.04116E+16,4.94996E+16
144500,144501,9,7,61,0,2016,8,1,7,3,1,1,2,1,0,1,0,1,0,0,6.40931E+20,5.35836E+21,1.09027E+16,4.83626E+16
144501,144502,9,1,62,0,2016,8,9,6,3,3,2,0,0,1,1,0,0,0,0,6.94648E+20,5.33615E+21,1.1617E+16,4.81488E+16
144502,144503,9,7,75,135,2016,8,0,5,3,5,3,2,0,1,1,0,0,0,0,5.74245E+20,5.35989E+21,1.00029E+16,4.83878E+16
144503,144504,9,1,79,126,2016,8,22,7,3,0,7,2,0,1,1,0,0,0,0,6.76789E+20,5.33941E+21,1.13785E+16,4.81833E+16
144504,144505,9,1,62,0,2016,8,20,6,3,5,3,2,0,0,1,0,0,0,0,6.9295E+20,5.33232E+21,1.15925E+16,4.81149E+16
144505,144506,9,3,63,0,2016,8,16,5,3,0,7,0,0,1,0,0,0,0,0,7.28682E+20,5.50968E+21,1.21712E+16,4.96962E+16
144506,144507,9,1,87,162,2016,8,17,5,2,3,2,0,0,1,1,0,0,0,0,7.51322E+20,5.30621E+21,1.23602E+16,4.786E+16
144507,144508,9,1,89,143,2016,8,15,6,3,4,1,0,0,0,1,0,0,0,0,7.59692E+20,5.31619E+21,1.24779E+16,4.79463E+16
144508,144509,9,1,85,149,2016,8,19,5,3,0,7,0,0,1,0,0,0,0,0,6.61494E+20,5.40007E+21,1.11963E+16,4.87327E+16
144509,144510,9,1,72,132,2016,8,16,6,3,6,6,0,0,1,0,1,0,0,0,8.0036E+20,5.28138E+21,1.29973E+16,4.76162E+16
144510,144511,9,1,63,0,2016,8,15,6,2,6,4,0,0,1,0,1,0,0,0,7.32348E+20,5.30584E+21,1.21068E+16,4.78638E+16
144511,144512,9,1,62,0,2016,8,11,6,3,6,5,0,0,0,1,1,0,0,0,6.91432E+20,5.33641E+21,1.15739E+16,4.81521E+16
144512,144513,9,7,78,190,2016,8,16,5,2,5,3,0,0,0,1,0,1,0,0,6.10016E+20,5.33225E+21,1.04787E+16,4.8134E+16
144513,144514,9,1,88,121,2016,8,17,7,3,5,2,0,0,1,1,0,0,0,0,6.70817E+20,5.33017E+21,1.12945E+16,4.81019E+16
144514,144515,9,7,75,135,2016,8,19,6,3,0,7,0,0,1,0,0,0,0,0,5.75299E+20,5.36207E+21,1.00175E+16,4.84072E+16
144515,144516,9,3,62,0,2016,8,14,5,2,5,3,0,0,1,1,0,0,0,0,7.27561E+20,5.43444E+21,1.21127E+16,4.90208E+16
144516,144517,9,1,80,136,2016,8,16,7,2,0,1,0,0,0,0,0,1,0,0,6.73995E+20,5.26689E+21,1.13117E+16,4.75321E+16
144517,144518,9,1,76,121,2016,8,10,5,2,0,7,0,0,1,0,0,0,0,0,6.54339E+20,5.41778E+21,1.11057E+16,4.88937E+16
144518,144519,9,1,87,177,2016,8,16,6,3,1,5,0,0,0,1,0,1,0,0,7.35788E+20,5.30467E+21,1.2152E+16,4.78521E+16
144519,144520,9,4,64,0,2016,8,6,6,3,5,3,0,0,0,1,0,0,0,0,7.08349E+20,5.57712E+21,1.19262E+16,5.03094E+16
144520,144521,9,7,64,0,2016,8,15,6,3,5,3,0,0,1,1,0,0,0,0,5.89197E+20,5.31577E+21,1.01955E+16,4.7989E+16
144521,144522,9,7,78,186,2016,8,18,5,3,5,3,0,0,0,1,0,1,0,0,5.97156E+20,5.31031E+21,1.03009E+16,4.79387E+16
144522,144523,9,4,73,151,2016,8,14,6,2,5,3,0,0,1,1,0,0,0,0,6.50371E+20,5.57746E+21,1.11128E+16,5.033E+16
144523,144524,9,5,62,0,2016,8,8,5,3,6,4,0,0,0,1,1,0,0,0,6.44914E+20,5.49539E+21,1.10053E+16,4.95937E+16
144524,144525,9,4,63,0,2016,8,18,6,2,5,3,0,0,1,1,0,0,0,0,6.41385E+20,5.56783E+21,1.0983E+16,5.02457E+16
144525,144526,9,4,77,159,2016,8,11,6,3,7,7,0,0,0,0,0,1,0,0,6.7827E+20,5.55667E+21,1.14946E+16,5.01354E+16
144526,144527,9,6,74,130,2016,8,18,5,2,0,1,0,0,1,0,0,0,0,0,6.28614E+20,5.55027E+21,1.0798E+16,5.00907E+16
144527,144528,9,7,74,150,2016,8,11,5,3,4,7,0,0,1,1,0,0,0,0,6.01389E+20,5.34425E+21,1.03656E+16,4.82434E+16
144528,144529,9,1,74,121,2016,8,21,7,3,0,1,2,0,1,0,0,0,0,0,6.89236E+20,5.35461E+21,1.15526E+16,4.83164E+16
144529,144530,9,1,73,111,2016,8,11,7,3,4,6,0,0,1,0,0,0,0,1,6.82125E+20,5.28793E+21,1.14284E+16,4.7719E+16
144530,144531,9,1,88,124,2016,8,19,5,3,2,2,0,0,0,0,0,1,0,1,6.64197E+20,5.32034E+21,1.12019E+16,4.80152E+16
144531,144532,9,1,61,0,2016,8,18,6,3,2,6,0,0,0,1,0,1,0,0,6.80296E+20,5.40625E+21,1.14545E+16,4.87831E+16
144532,144533,9,5,61,0,2016,8,9,7,3,0,1,0,0,1,0,0,0,0,0,6.14594E+20,5.4631E+21,1.05766E+16,4.93099E+16
144533,144534,9,7,61,0,2016,8,9,7,3,4,2,0,0,1,1,0,0,0,0,6.40905E+20,5.35895E+21,1.09025E+16,4.8368E+16
144534,144535,9,4,62,0,2016,8,17,6,3,4,2,0,0,0,1,0,0,0,0,6.83365E+20,5.53536E+21,1.15557E+16,4.99424E+16
144535,144536,9,7,78,116,2016,8,16,6,3,0,3,0,0,0,1,0,1,0,0,6.19526E+20,5.31809E+21,1.06025E+16,4.8005E+16
144536,144537,9,7,75,129,2016,8,11,5,3,1,6,0,0,0,1,0,1,0,0,5.82695E+20,5.3417E+21,1.01134E+16,4.82232E+16
144537,144538,9,5,64,0,2016,8,8,5,3,0,1,0,0,1,0,0,0,0,0,6.50941E+20,5.47843E+21,1.10821E+16,4.94398E+16
144538,144539,9,1,73,131,2016,8,9,7,3,8,6,0,0,0,1,0,1,0,0,6.77803E+20,5.26842E+21,1.13629E+16,4.75449E+16
144539,144540,9,1,83,112,2016,8,11,7,3,4,2,0,0,0,1,0,0,0,0,7.54275E+20,5.3498E+21,1.24255E+16,4.82504E+16
144540,144541,9,1,88,121,2016,8,21,5,3,8,1,2,0,0,0,0,1,0,0,6.7226E+20,5.33086E+21,1.13141E+16,4.81077E+16
144541,144542,9,1,61,0,2016,8,20,6,3,5,2,0,0,1,1,0,0,0,0,6.78184E+20,5.4053E+21,1.14253E+16,4.87752E+16
144542,144543,9,6,75,178,2016,8,18,7,3,5,3,0,0,0,1,0,0,0,0,5.96855E+20,5.51634E+21,1.03457E+16,4.97917E+16
144543,144544,9,7,63,0,2016,8,17,6,2,0,7,0,0,1,0,0,0,0,0,5.98804E+20,5.28975E+21,1.03183E+16,4.77536E+16
144544,144545,9,4,74,144,2016,8,13,6,2,2,6,0,0,0,0,0,1,0,0,6.55816E+20,5.49743E+21,1.11568E+16,4.96093E+16
144545,144546,9,4,78,145,2016,8,17,5,3,0,1,0,0,1,1,0,0,0,0,6.51323E+20,5.56006E+21,1.11192E+16,5.01734E+16
144546,144547,9,1,77,117,2016,8,22,5,3,0,7,2,1,0,0,0,1,0,0,7.15771E+20,5.35442E+21,1.19099E+16,4.83061E+16
144547,144548,9,1,85,158,2016,8,16,6,3,6,4,0,0,0,1,1,0,0,0,6.66938E+20,5.38633E+21,1.12647E+16,4.86078E+16
144548,144549,9,1,86,113,2016,8,12,6,2,5,3,0,0,1,1,0,0,0,0,6.81784E+20,5.39354E+21,1.14691E+16,4.86684E+16
144549,144550,9,4,75,162,2016,8,13,7,3,0,7,0,0,1,1,0,0,0,0,7.15899E+20,5.57058E+21,1.20284E+16,5.02479E+16
144550,144551,9,1,76,121,2016,8,10,6,2,3,7,0,0,1,0,0,0,0,0,6.56595E+20,5.4171E+21,1.11362E+16,4.88871E+16
144551,144552,9,4,64,0,2016,8,11,7,3,5,3,0,0,0,1,0,1,0,0,7.0858E+20,5.57824E+21,1.19301E+16,5.03193E+16
144552,144553,9,6,75,165,2016,8,20,7,3,5,3,1,0,1,0,0,0,0,0,5.88549E+20,5.51671E+21,1.02304E+16,4.97963E+16
144553,144554,9,7,80,125,2016,8,19,6,2,0,1,0,0,1,0,0,0,0,0,5.99461E+20,5.29251E+21,1.03277E+16,4.77783E+16
144554,144555,9,7,63,0,2016,8,18,5,3,0,5,0,0,1,1,0,0,0,0,5.98172E+20,5.28653E+21,1.03091E+16,4.77247E+16
144555,144556,9,1,74,121,2016,8,16,7,2,8,1,0,0,0,0,0,1,0,0,6.90292E+20,5.35546E+21,1.15672E+16,4.83236E+16
144556,144557,9,4,71,159,2016,8,23,6,2,0,1,2,0,1,0,0,0,0,0,6.40753E+20,5.53255E+21,1.09612E+16,4.99287E+16
144557,144558,9,1,62,0,2016,8,8,4,3,3,2,0,0,1,1,0,0,0,0,6.93001E+20,5.33533E+21,1.15945E+16,4.81419E+16
144558,144559,9,1,88,121,2016,8,20,6,3,1,7,0,0,1,1,0,0,0,0,6.70309E+20,5.32986E+21,1.12876E+16,4.80992E+16
144559,144560,9,6,63,0,2016,8,0,5,2,8,7,2,0,1,0,0,0,0,0,5.6756E+20,5.51504E+21,9.93851E+15,4.9784E+16
144560,144561,9,7,63,0,2016,8,16,5,3,5,3,0,0,0,1,0,1,0,0,5.99059E+20,5.28552E+21,1.03207E+16,4.77154E+16
144561,144562,9,1,62,0,2016,8,8,6,2,6,2,0,0,0,1,1,0,0,0,6.86418E+20,5.32843E+21,1.15031E+16,4.80819E+16
144562,144563,9,3,62,0,2016,8,15,5,3,0,6,0,0,0,1,0,0,0,0,7.25347E+20,5.43354E+21,1.2082E+16,4.90135E+16
144563,144564,9,1,89,160,2016,8,16,7,2,7,1,0,0,1,0,0,0,0,1,7.59069E+20,5.29282E+21,1.24556E+16,4.77367E+16
144564,144565,9,1,84,131,2016,8,20,4,3,6,4,2,0,0,1,1,0,0,0,7.05038E+20,5.33819E+21,1.17575E+16,4.81638E+16
144565,144566,9,7,62,0,2016,8,14,6,2,5,2,0,0,0,1,0,0,0,0,6.21275E+20,5.30367E+21,1.06219E+16,4.78749E+16
144566,144567,9,7,76,117,2016,8,6,5,2,5,3,0,0,1,1,0,0,0,0,5.66903E+20,5.27246E+21,9.89006E+15,4.76021E+16
144567,144568,9,1,62,0,2016,8,17,6,3,5,3,0,0,1,0,0,0,0,0,6.88946E+20,5.34348E+21,1.15437E+16,4.82164E+16
144568,144569,9,7,73,136,2016,8,16,6,3,5,7,0,0,1,1,0,0,0,0,6.00907E+20,5.3787E+21,1.03674E+16,4.85533E+16
144569,144570,9,3,73,147,2016,8,23,5,3,8,1,2,0,1,0,0,0,0,0,6.78505E+20,5.46071E+21,1.14541E+16,4.92731E+16
144570,144571,9,1,62,0,2016,8,15,4,2,5,3,0,0,1,1,0,0,0,0,6.93411E+20,5.33555E+21,1.16001E+16,4.81437E+16
144571,144572,9,1,62,0,2016,8,8,4,3,5,2,0,0,1,1,0,0,0,0,6.89533E+20,5.33189E+21,1.15464E+16,4.81121E+16
144572,144573,9,1,79,123,2016,8,10,6,2,3,6,0,0,1,1,0,0,0,0,6.75347E+20,5.33474E+21,1.13572E+16,4.81418E+16
144573,144574,9,4,61,0,2016,8,17,6,3,6,7,0,0,1,0,1,0,0,0,6.35477E+20,5.52847E+21,1.08862E+16,4.98932E+16
144574,144575,9,7,63,0,2016,8,10,5,3,6,6,0,0,0,0,1,0,0,1,5.97872E+20,5.28824E+21,1.03055E+16,4.77401E+16
144575,144576,9,3,77,116,2016,8,16,6,3,7,7,0,0,0,1,0,0,0,0,7.18384E+20,5.5248E+21,1.20371E+16,4.98358E+16
144576,144577,9,6,62,0,2016,8,10,5,3,2,6,0,0,0,1,0,0,0,0,5.88462E+20,5.54345E+21,1.02353E+16,5.00368E+16
144577,144578,9,7,77,130,2016,8,17,5,3,5,3,0,0,0,1,0,0,0,0,6.24595E+20,5.30977E+21,1.0668E+16,4.79291E+16
144578,144579,9,1,71,124,2016,8,19,7,3,0,1,0,0,1,0,0,0,0,0,7.81759E+20,5.34096E+21,1.27892E+16,4.81594E+16
144579,144580,9,1,62,0,2016,8,11,4,3,5,7,0,0,1,1,0,0,0,0,6.88643E+20,5.33477E+21,1.15358E+16,4.81382E+16
144580,144581,9,1,74,115,2016,8,18,6,3,0,1,0,0,1,0,0,0,0,0,6.81999E+20,5.34917E+21,1.14527E+16,4.82696E+16
144581,144582,9,4,73,166,2016,8,15,7,3,0,1,0,0,1,0,0,0,0,0,6.54917E+20,5.56628E+21,1.1172E+16,5.02284E+16
144582,144583,9,6,74,195,2016,8,18,7,2,0,3,0,0,0,1,0,1,0,0,6.14234E+20,5.53816E+21,1.05935E+16,4.99849E+16
144583,144584,9,1,74,115,2016,8,6,6,3,5,3,0,0,0,1,0,1,0,0,6.84189E+20,5.34766E+21,1.14815E+16,4.82554E+16
144584,144585,9,6,78,174,2016,8,8,7,3,6,7,0,0,0,1,1,0,0,0,5.93423E+20,5.54515E+21,1.0305E+16,5.00513E+16
144585,144586,9,3,75,180,2016,8,8,6,3,0,1,0,0,0,1,0,0,0,1,7.23208E+20,5.42778E+21,1.20496E+16,4.89626E+16
144586,144587,9,7,72,177,2016,8,10,6,3,5,3,0,0,0,1,0,0,0,1,6.35962E+20,5.37672E+21,1.08416E+16,4.85289E+16
144587,144588,9,7,77,164,2016,8,16,5,2,0,6,0,0,0,1,0,1,0,0,6.23824E+20,5.31287E+21,1.06586E+16,4.79571E+16
144588,144589,9,3,75,213,2016,8,23,6,2,1,5,2,0,0,1,0,0,0,0,7.27537E+20,5.44064E+21,1.21159E+16,4.90765E+16
144589,144590,9,5,74,112,2016,8,10,5,3,5,3,0,0,1,1,0,0,0,0,6.71947E+20,5.47294E+21,1.13693E+16,4.93849E+16
144590,144591,9,1,71,117,2016,8,17,7,3,0,7,0,0,1,0,0,0,0,0,7.6675E+20,5.33623E+21,1.25848E+16,4.81233E+16
144591,144592,9,1,84,118,2016,8,17,4,3,0,7,0,0,0,1,0,0,0,1,7.03145E+20,5.3367E+21,1.17314E+16,4.81511E+16
144592,144593,9,1,78,120,2016,8,16,6,3,5,1,0,0,0,1,0,0,0,0,6.95671E+20,5.35386E+21,1.16389E+16,4.83077E+16
144593,144594,9,4,78,176,2016,8,17,7,3,0,7,0,0,0,0,0,1,0,0,6.57885E+20,5.54669E+21,1.12055E+16,5.00515E+16
144594,144595,9,6,71,122,2016,8,15,7,2,0,7,0,0,1,0,0,0,0,0,5.04579E+20,5.52592E+21,9.06375E+15,4.98857E+16
144595,144596,9,7,72,147,2016,8,11,6,3,5,3,0,0,1,1,0,0,0,0,6.38792E+20,5.36389E+21,1.08757E+16,4.84129E+16
144596,144597,9,7,73,182,2016,8,21,5,3,0,1,1,0,0,0,0,1,0,0,6.24135E+20,5.38004E+21,1.06825E+16,4.85611E+16
144597,144598,9,1,62,0,2016,8,17,6,3,4,2,0,0,1,1,0,0,0,0,6.92275E+20,5.33276E+21,1.15836E+16,4.81191E+16
144598,144599,9,3,62,0,2016,8,11,6,3,5,2,0,0,1,1,0,0,0,0,7.24598E+20,5.43383E+21,1.20719E+16,4.90164E+16
144599,144600,9,4,62,0,2016,8,11,5,3,6,4,0,0,0,1,1,0,0,0,6.8554E+20,5.53435E+21,1.15855E+16,4.99327E+16
144600,144601,9,7,72,163,2016,8,18,6,3,2,5,0,0,0,1,0,0,0,0,6.39771E+20,5.34677E+21,1.08832E+16,4.82587E+16
144601,144602,9,7,71,130,2016,8,17,5,2,0,1,0,0,1,0,0,0,0,0,6.46346E+20,5.35779E+21,1.09755E+16,4.83564E+16
144602,144603,9,5,75,153,2016,8,20,5,2,0,1,0,0,0,0,0,1,0,0,6.17902E+20,5.49264E+21,1.06308E+16,4.95749E+16
144603,144604,9,1,84,149,2016,8,18,4,2,4,2,0,0,1,1,0,0,0,0,6.91825E+20,5.34958E+21,1.15852E+16,4.82704E+16
144604,144605,9,1,78,120,2016,8,17,6,3,0,2,0,0,0,1,0,0,0,0,6.95211E+20,5.35347E+21,1.16325E+16,4.83043E+16
144605,144606,9,4,63,0,2016,8,1,7,3,0,1,2,1,0,0,0,1,0,0,6.38278E+20,5.56776E+21,1.09394E+16,5.02458E+16
144606,144607,9,5,72,119,2016,8,3,7,3,3,6,2,0,1,0,0,0,0,0,6.45565E+20,5.4994E+21,1.10158E+16,4.96296E+16
144607,144608,9,7,61,0,2016,8,15,5,2,6,4,0,0,0,1,1,0,0,0,6.39283E+20,5.36134E+21,1.08814E+16,4.83899E+16
144608,144609,9,7,72,216,2016,8,16,5,3,5,2,0,0,0,1,0,1,0,0,6.22464E+20,5.36876E+21,1.06565E+16,4.846E+16
144609,144610,9,1,62,0,2016,8,5,6,3,5,3,1,0,0,1,0,0,0,1,6.90735E+20,5.33928E+21,1.15659E+16,4.81781E+16
144610,144611,9,7,61,0,2016,8,18,6,3,5,2,0,0,1,1,0,0,0,0,6.38508E+20,5.36233E+21,1.08713E+16,4.83989E+16
144611,144612,9,2,71,146,2016,8,15,5,3,0,1,0,0,1,0,0,0,0,0,7.83877E+20,5.41106E+21,1.28651E+16,4.87877E+16
144612,144613,9,1,84,136,2016,8,10,4,2,5,3,0,0,1,1,0,0,0,0,6.97675E+20,5.3268E+21,1.16533E+16,4.80639E+16
144613,144614,9,1,77,117,2016,8,21,6,3,4,6,2,0,1,0,0,0,0,0,7.15988E+20,5.35424E+21,1.19128E+16,4.83045E+16
144614,144615,9,3,72,138,2016,8,16,6,3,0,7,0,0,1,0,0,0,0,0,7.95346E+20,5.45682E+21,1.30541E+16,4.91929E+16
144615,144616,9,1,84,136,2016,8,14,4,3,5,3,0,0,1,1,0,0,0,0,6.99531E+20,5.32668E+21,1.16782E+16,4.80622E+16