FID,OBJECTID,ULAND,UREGBEZ,UKREIS,UGEMEINDE,UJAHR,UMONAT,USTUNDE,UWOCHENTAG,UKATEGORIE,UART,UTYP1,ULICHTVERH,IstStrasse,IstRad,IstPKW,IstFuss,IstKrad,IstGkfz,IstSonstig,LINREFX,LINREFY,XGCSWGS84,YGCSWGS84
144616,144617,9,1,77,118,2016,8,21,6,3,0,1,2,0,0,0,0,0,0,1,7.08028E+20,5.3447E+21,1.18009E+16,4.82213E+16
144617,144618,9,1,62,0,2016,8,17,5,3,0,1,0,0,0,0,0,1,0,0,6.90831E+20,5.33942E+21,1.15672E+16,4.81794E+16
144618,144619,9,7,61,0,2016,8,22,6,2,0,7,2,1,1,0,0,0,0,0,6.41627E+20,5.35226E+21,1.091E+16,4.83077E+16
144619,144620,9,7,72,163,2016,8,16,5,3,5,2,0,0,1,1,0,0,0,0,6.39943E+20,5.34741E+21,1.08857E+16,4.82645E+16
144620,144621,9,1,84,144,2016,8,13,6,3,0,1,0,0,1,0,0,0,0,0,6.87225E+20,5.31881E+21,1.15097E+16,4.79951E+16
144621,144622,9,7,61,0,2016,8,10,6,3,0,1,0,0,1,0,0,0,0,0,6.40859E+20,5.35828E+21,1.09017E+16,4.8362E+16
144622,144623,9,2,75,137,2016,8,12,5,3,4,6,0,0,1,0,0,0,1,0,8.42042E+20,5.38833E+21,1.36358E+16,4.85546E+16
144623,144624,9,1,87,163,2016,8,17,7,3,2,6,0,0,0,1,0,0,0,0,7.40036E+20,5.30867E+21,1.2211E+16,4.78865E+16
144624,144625,9,1,62,0,2016,8,19,4,3,8,4,0,0,0,1,1,0,0,0,6.91342E+20,5.34293E+21,1.15757E+16,4.82107E+16
144625,144626,9,1,62,0,2016,8,17,4,3,5,7,1,0,1,0,0,1,0,0,6.90437E+20,5.34024E+21,1.15623E+16,4.81868E+16
144626,144627,9,1,62,0,2016,8,23,5,2,5,2,2,0,0,1,0,0,0,0,6.91192E+20,5.34034E+21,1.15725E+16,4.81875E+16
144627,144628,9,3,72,116,2016,8,17,6,3,2,6,0,0,0,1,0,0,0,0,7.6832E+20,5.45215E+21,1.26809E+16,4.91634E+16
144628,144629,9,7,61,0,2016,8,12,5,2,4,6,0,0,1,1,0,0,0,0,6.39001E+20,5.36029E+21,1.08773E+16,4.83804E+16
144629,144630,9,3,72,116,2016,8,12,6,3,0,7,0,0,0,0,0,1,0,1,7.66897E+20,5.45674E+21,1.26644E+16,4.92053E+16
144630,144631,9,6,61,0,2016,8,7,5,3,4,2,0,0,1,1,0,0,0,0,5.10366E+20,5.53666E+21,9.14459E+15,4.99821E+16
144631,144632,9,7,61,0,2016,8,20,5,2,5,3,2,0,1,0,0,0,0,1,6.42499E+20,5.36005E+21,1.09244E+16,4.83775E+16
144632,144633,9,3,61,0,2016,8,12,6,3,0,1,0,0,1,0,0,0,0,0,7.07299E+20,5.48053E+21,1.18598E+16,4.9442E+16
144633,144634,9,6,63,0,2016,8,9,5,2,1,1,0,0,1,1,0,0,0,0,5.69301E+20,5.51844E+21,9.96329E+15,4.98144E+16
144634,144635,9,7,61,0,2016,8,13,5,3,0,1,0,0,1,0,0,0,0,0,6.41854E+20,5.36233E+21,1.09165E+16,4.83982E+16
144635,144636,9,1,62,0,2016,8,7,6,3,5,6,0,0,0,1,0,0,0,1,6.91362E+20,5.33705E+21,1.15733E+16,4.81578E+16
144636,144637,9,2,75,141,2016,8,12,5,3,5,3,0,0,0,1,0,1,0,0,8.19676E+20,5.37028E+21,1.33198E+16,4.84045E+16
144637,144638,9,1,87,121,2016,8,21,7,3,5,3,2,0,1,1,0,0,0,0,7.52252E+20,5.31061E+21,1.23752E+16,4.78992E+16
144638,144639,9,1,62,0,2016,8,8,4,3,0,6,0,0,1,0,0,0,0,0,6.89886E+20,5.33595E+21,1.1553E+16,4.81485E+16
144639,144640,9,1,62,0,2016,8,7,5,3,2,6,0,0,0,1,0,1,0,0,6.88585E+20,5.33497E+21,1.15351E+16,4.814E+16
144640,144641,9,4,63,0,2016,8,0,7,3,0,7,2,0,1,0,0,0,0,0,6.41181E+20,5.5662E+21,1.09795E+16,5.02311E+16
144641,144642,9,2,63,0,2016,8,9,6,3,8,1,0,0,0,0,0,1,0,0,7.66228E+20,5.4194E+21,1.26308E+16,4.88703E+16
144642,144643,9,6,77,157,2016,8,14,6,3,2,6,0,0,0,1,0,0,0,0,5.44104E+20,5.52162E+21,9.61343E+15,4.98454E+16
144643,144644,9,7,61,0,2016,8,18,5,3,4,2,0,0,1,0,0,0,0,1,6.39131E+20,5.35688E+21,1.08779E+16,4.83498E+16
144644,144645,9,2,71,127,2016,8,12,6,3,0,1,0,0,1,0,0,0,0,0,8.06672E+20,5.40251E+21,1.31683E+16,4.87002E+16
144645,144646,9,5,64,0,2016,8,16,5,3,5,3,0,0,0,1,0,0,0,1,6.48986E+20,5.47432E+21,1.10536E+16,4.94033E+16
144646,144647,9,1,87,162,2016,8,14,7,3,0,1,0,0,1,0,0,0,0,0,7.50525E+20,5.30587E+21,1.23494E+16,4.78573E+16
144647,144648,9,1,62,0,2016,8,8,5,3,5,2,0,0,1,1,0,0,0,0,6.90204E+20,5.33328E+21,1.1556E+16,4.81244E+16
144648,144649,9,3,63,0,2016,8,14,7,3,4,2,0,0,1,1,0,0,0,0,7.27601E+20,5.50782E+21,1.21552E+16,4.96799E+16
144649,144650,9,1,82,111,2016,8,13,7,3,0,3,0,0,1,1,0,0,0,0,7.03614E+20,5.28881E+21,1.1715E+16,4.77206E+16
144650,144651,9,1,62,0,2016,8,20,4,3,0,7,2,0,1,0,0,0,0,0,6.85598E+20,5.33509E+21,1.1495E+16,4.8142E+16
144651,144652,9,1,62,0,2016,8,15,5,3,5,3,0,0,1,0,0,0,0,0,6.92312E+20,5.33768E+21,1.15863E+16,4.81632E+16
144652,144653,9,3,62,0,2016,8,13,7,1,4,2,0,0,0,1,0,1,0,0,7.26973E+20,5.43144E+21,1.2103E+16,4.89941E+16
144653,144654,9,5,72,115,2016,8,9,7,3,0,1,0,0,0,0,0,1,0,0,6.46696E+20,5.50274E+21,1.10327E+16,4.96593E+16
144654,144655,9,6,72,138,2016,8,13,6,2,0,1,0,0,0,0,0,1,0,0,5.56585E+20,5.57043E+21,9.79424E+15,5.02833E+16
144655,144656,9,7,61,0,2016,8,12,5,3,0,1,0,0,1,0,0,0,0,1,6.4141E+20,5.35583E+21,1.09083E+16,4.83398E+16
144656,144657,9,5,71,214,2016,8,16,5,3,0,1,0,0,0,0,0,1,0,0,6.16591E+20,5.43369E+21,1.05955E+16,4.90451E+16
144657,144658,9,1,62,0,2016,8,16,4,3,5,2,0,0,1,1,0,0,0,0,6.98374E+20,5.33475E+21,1.16664E+16,4.8135E+16
144658,144659,9,1,62,0,2016,8,11,5,3,0,7,0,0,1,0,0,0,0,0,6.84302E+20,5.33134E+21,1.1476E+16,4.81087E+16
144659,144660,9,2,76,138,2016,8,15,7,3,2,6,0,0,0,1,0,0,0,0,8.01473E+20,5.43214E+21,1.31196E+16,4.89685E+16
144660,144661,9,5,76,142,2016,8,3,7,2,0,1,2,0,1,0,0,0,0,0,6.43369E+20,5.46656E+21,1.09735E+16,4.93349E+16
144661,144662,9,6,71,124,2016,8,18,6,3,0,2,0,0,1,1,0,0,0,0,5.1448E+20,5.53476E+21,9.2019E+15,4.9965E+16
144662,144663,9,7,61,0,2016,8,9,5,2,0,1,0,0,0,0,0,1,0,0,6.39437E+20,5.35575E+21,1.08817E+16,4.83395E+16
144663,144664,9,1,84,113,2016,8,12,6,3,4,2,0,0,0,1,0,1,0,0,6.84598E+20,5.32107E+21,1.14755E+16,4.80162E+16
144664,144665,9,6,61,0,2016,8,17,6,2,5,3,0,0,1,1,0,0,0,0,5.10535E+20,5.53638E+21,9.14693E+15,4.99797E+16
144665,144666,9,2,61,0,2016,8,14,5,3,0,6,0,0,0,1,0,1,0,0,7.31593E+20,5.38336E+21,1.2139E+16,4.85605E+16
144666,144667,9,1,62,0,2016,8,17,4,3,5,3,0,0,1,1,0,0,0,0,7.00673E+20,5.33437E+21,1.16971E+16,4.8131E+16
144667,144668,9,5,74,117,2016,8,19,7,2,8,1,0,0,0,0,0,1,0,0,6.71294E+20,5.46896E+21,1.13586E+16,4.93493E+16
144668,144669,9,6,61,0,2016,8,7,6,3,5,3,0,0,0,1,0,0,0,0,5.12019E+20,5.53735E+21,9.16766E+15,4.99884E+16
144669,144670,9,7,61,0,2016,8,20,5,3,5,3,1,0,1,1,0,0,0,0,6.40138E+20,5.35831E+21,1.0892E+16,4.83624E+16
144670,144671,9,1,62,0,2016,8,13,6,3,4,6,0,0,1,0,0,0,0,0,6.91385E+20,5.33924E+21,1.15746E+16,4.81775E+16
144671,144672,9,2,71,116,2016,8,19,6,3,8,1,1,0,0,0,0,1,0,0,7.88681E+20,5.42352E+21,1.29392E+16,4.88973E+16
144672,144673,9,1,62,0,2016,8,19,4,3,5,3,0,0,0,1,0,1,0,0,6.91606E+20,5.33268E+21,1.15746E+16,4.81185E+16
144673,144674,9,6,79,204,2016,8,17,5,2,0,7,0,0,1,0,0,0,0,0,5.58393E+20,5.51203E+21,9.81072E+15,4.97579E+16
144674,144675,9,5,61,0,2016,8,16,2,3,5,3,0,0,1,1,0,0,0,0,6.14248E+20,5.46296E+21,1.05718E+16,4.93087E+16
144675,144676,9,5,64,0,2016,8,12,3,3,3,2,0,0,0,1,0,1,0,0,6.53789E+20,5.48346E+21,1.11233E+16,4.94843E+16
144676,144677,9,1,78,143,2016,8,13,4,3,0,7,0,0,1,0,0,0,0,0,7.17674E+20,5.37355E+21,1.19455E+16,4.84774E+16
144677,144678,9,1,85,149,2016,8,20,2,3,7,7,2,0,1,0,0,0,0,0,6.61729E+20,5.40003E+21,1.11995E+16,4.87323E+16
144678,144679,9,4,74,143,2016,8,13,1,2,0,7,0,0,1,0,0,0,0,0,6.54261E+20,5.51147E+21,1.11408E+16,4.97359E+16
144679,144680,9,4,64,0,2016,8,19,3,3,0,1,0,0,1,0,0,0,0,0,7.075E+20,5.57687E+21,1.19142E+16,5.03074E+16
144680,144681,9,2,77,133,2016,8,13,4,3,9,7,0,0,0,1,0,0,0,0,7.6664E+20,5.36638E+21,1.26023E+16,4.83941E+16
144681,144682,9,1,62,0,2016,8,22,1,3,0,5,2,0,1,1,0,0,0,0,6.90358E+20,5.33397E+21,1.15584E+16,4.81304E+16
144682,144683,9,2,71,141,2016,8,18,3,3,0,7,0,0,0,0,0,1,0,0,7.95055E+20,5.40271E+21,1.3011E+16,4.87075E+16
144683,144684,9,4,64,0,2016,8,8,4,3,3,6,0,0,0,1,0,0,0,0,7.07623E+20,5.57688E+21,1.19159E+16,5.03074E+16
144684,144685,9,7,76,116,2016,8,16,2,3,5,4,0,0,1,0,1,0,0,0,5.54137E+20,5.26737E+21,9.71961E+15,4.75575E+16
144685,144686,9,1,62,0,2016,8,19,1,2,5,2,0,0,0,1,0,1,0,0,6.90847E+20,5.33301E+21,1.15646E+16,4.81217E+16
144686,144687,9,1,62,0,2016,8,17,3,3,3,2,0,0,1,1,0,0,0,0,6.88652E+20,5.33052E+21,1.1534E+16,4.81E+16
144687,144688,9,4,61,0,2016,8,0,1,2,0,1,2,0,0,0,0,1,0,0,6.35264E+20,5.53097E+21,1.08842E+16,4.99158E+16
144688,144689,9,3,75,117,2016,8,20,3,2,2,2,2,0,1,1,0,0,0,0,7.33936E+20,5.43274E+21,1.21988E+16,4.90032E+16
144689,144690,9,1,62,0,2016,8,15,3,3,2,6,0,0,0,0,0,1,0,1,6.89547E+20,5.34012E+21,1.15503E+16,4.8186E+16
144690,144691,9,3,74,131,2016,8,11,1,2,8,1,0,0,0,0,0,1,0,0,7.19212E+20,5.49711E+21,1.20331E+16,4.95868E+16
144691,144692,9,4,62,0,2016,8,11,3,3,5,3,0,0,0,1,0,1,0,0,6.84328E+20,5.53511E+21,1.15689E+16,4.99399E+16
144692,144693,9,1,63,0,2016,8,19,4,2,0,1,0,0,1,0,0,0,0,0,7.33115E+20,5.30485E+21,1.21165E+16,4.78546E+16
144693,144694,9,7,64,0,2016,8,20,1,3,1,1,2,0,0,1,0,1,0,0,5.88043E+20,5.31599E+21,1.01801E+16,4.79911E+16
144694,144695,9,1,63,0,2016,8,17,3,3,2,6,0,0,0,1,0,0,0,0,7.32476E+20,5.30462E+21,1.21078E+16,4.78528E+16
144695,144696,9,3,62,0,2016,8,8,4,3,5,3,0,0,0,1,0,0,0,0,7.27116E+20,5.43267E+21,1.21056E+16,4.90051E+16
144696,144697,9,5,64,0,2016,8,17,4,3,2,6,0,0,0,1,0,0,0,0,6.46182E+20,5.47716E+21,1.10161E+16,4.94295E+16
144697,144698,9,7,61,0,2016,8,18,2,3,5,3,0,1,1,1,0,0,0,0,6.40203E+20,5.35712E+21,1.08924E+16,4.83517E+16
144698,144699,9,1,62,0,2016,8,19,3,3,1,5,0,0,1,1,0,0,0,0,6.91925E+20,5.33462E+21,1.15798E+16,4.81359E+16
144699,144700,9,3,75,175,2016,8,15,1,3,0,7,0,0,1,0,0,0,0,0,7.14403E+20,5.432E+21,1.19317E+16,4.90036E+16
144700,144701,9,2,78,170,2016,8,17,3,3,8,1,0,0,0,1,0,0,0,0,7.63607E+20,5.42626E+21,1.25995E+16,4.89331E+16
144701,144702,9,1,62,0,2016,8,16,2,3,5,3,0,0,0,1,0,0,0,0,6.88725E+20,5.33206E+21,1.15357E+16,4.81138E+16
144702,144703,9,5,63,0,2016,8,21,2,3,0,7,2,0,1,0,0,0,0,0,6.43011E+20,5.48378E+21,1.09747E+16,4.94898E+16
144703,144704,9,7,61,0,2016,8,16,3,3,6,4,0,0,0,1,1,0,0,0,6.39454E+20,5.3598E+21,1.08832E+16,4.8376E+16
144704,144705,9,1,81,130,2016,8,18,4,3,0,3,0,0,1,1,0,0,0,0,6.39181E+20,5.32444E+21,1.08679E+16,4.8058E+16
144705,144706,9,1,88,120,2016,8,16,3,3,0,1,0,0,1,0,0,0,0,0,6.77082E+20,5.32601E+21,1.13769E+16,4.80628E+16
144706,144707,9,6,62,0,2016,8,15,2,2,5,3,0,0,1,1,0,0,0,0,5.86788E+20,5.54333E+21,1.02119E+16,5.0036E+16
144707,144708,9,1,78,143,2016,8,9,2,3,5,3,0,0,0,1,0,0,0,1,7.17401E+20,5.37339E+21,1.19417E+16,4.8476E+16
144708,144709,9,3,75,171,2016,8,7,4,2,6,6,0,0,1,0,1,0,0,0,7.50904E+20,5.42242E+21,1.2424E+16,4.89038E+16
144709,144710,9,4,61,0,2016,8,14,2,3,0,7,0,0,1,0,0,0,0,0,6.35106E+20,5.52857E+21,1.08811E+16,4.98943E+16
144710,144711,9,7,78,173,2016,8,16,3,3,4,6,0,0,0,1,0,0,0,0,6.10303E+20,5.32042E+21,1.04795E+16,4.80276E+16
144711,144712,9,3,62,0,2016,8,1,1,3,0,1,2,0,1,0,0,0,0,0,7.26927E+20,5.43283E+21,1.21032E+16,4.90066E+16
144712,144713,9,5,64,0,2016,8,20,2,3,0,3,1,0,1,0,0,0,0,1,6.55521E+20,5.47555E+21,1.11441E+16,4.94128E+16
144713,144714,9,5,62,0,2016,8,15,3,3,0,6,0,0,1,1,0,0,0,0,6.45235E+20,5.49573E+21,1.10098E+16,4.95967E+16
144714,144715,9,1,74,115,2016,8,8,4,3,0,6,0,0,0,1,0,0,0,1,6.826E+20,5.34819E+21,1.14604E+16,4.82606E+16
144715,144716,9,1,63,0,2016,8,17,2,3,2,6,0,0,1,1,0,0,0,0,7.33838E+20,5.3053E+21,1.21264E+16,4.78584E+16
144716,144717,9,3,73,147,2016,8,21,1,3,4,2,2,0,0,1,0,0,0,0,6.78912E+20,5.46185E+21,1.14602E+16,4.92832E+16
144717,144718,9,2,71,141,2016,8,10,2,3,5,3,0,1,0,1,0,0,0,0,7.96382E+20,5.40241E+21,1.30287E+16,4.87042E+16
144718,144719,9,7,76,120,2016,8,13,3,3,0,7,0,0,0,1,1,0,0,1,5.45859E+20,5.26897E+21,9.60975E+15,4.75725E+16
144719,144720,9,3,73,147,2016,8,17,1,3,5,3,0,0,0,1,0,0,0,0,6.79674E+20,5.46126E+21,1.14704E+16,4.92776E+16
144720,144721,9,1,62,0,2016,8,10,2,3,1,5,0,1,0,1,0,1,0,0,6.91255E+20,5.32995E+21,1.15687E+16,4.80941E+16
144721,144722,9,4,76,145,2016,8,9,2,3,2,6,0,0,0,1,0,0,0,0,6.65682E+20,5.56694E+21,1.13231E+16,5.02314E+16
144722,144723,9,5,64,0,2016,8,14,3,3,5,3,0,0,1,1,0,0,0,0,6.51924E+20,5.47883E+21,1.10958E+16,4.94431E+16
144723,144724,9,1,62,0,2016,8,6,3,3,5,3,0,0,0,1,0,0,0,0,6.82438E+20,5.3387E+21,1.14541E+16,4.81754E+16
144724,144725,9,1,74,115,2016,8,12,2,3,0,1,0,1,1,0,0,0,0,0,6.83789E+20,5.34832E+21,1.14764E+16,4.82614E+16
144725,144726,9,2,76,148,2016,8,11,1,2,4,7,0,0,1,1,0,0,0,0,8.0941E+20,5.43729E+21,1.32317E+16,4.90108E+16
144726,144727,9,4,63,0,2016,8,8,3,3,1,3,0,0,0,1,0,1,0,0,6.40173E+20,5.56959E+21,1.09667E+16,5.02618E+16
144727,144728,9,2,73,137,2016,8,7,4,3,5,3,0,0,1,1,0,0,0,0,7.1113E+20,5.42248E+21,1.18821E+16,4.89192E+16
144728,144729,9,7,80,123,2016,8,18,1,3,8,1,0,0,1,0,0,0,0,0,6.04546E+20,5.26275E+21,1.03884E+16,4.75098E+16
144729,144730,9,2,75,141,2016,8,18,3,3,4,2,0,0,0,1,0,0,0,0,8.19593E+20,5.37049E+21,1.33189E+16,4.84064E+16
144730,144731,9,3,74,124,2016,8,18,4,2,4,2,0,0,1,1,0,0,0,0,7.08796E+20,5.51121E+21,1.18967E+16,4.97171E+16
144731,144732,9,5,64,0,2016,8,19,4,2,6,4,0,0,0,1,1,0,0,0,6.52708E+20,5.48212E+21,1.11079E+16,4.94725E+16
144732,144733,9,7,72,163,2016,8,15,2,3,0,1,0,0,1,0,0,0,0,0,6.39392E+20,5.34886E+21,1.08788E+16,4.82776E+16
144733,144734,9,1,62,0,2016,8,12,1,3,3,7,0,0,0,1,0,1,0,0,6.91771E+20,5.33549E+21,1.15781E+16,4.81437E+16
144734,144735,9,2,62,0,2016,8,15,4,3,0,7,0,0,1,0,0,0,0,0,8.26458E+20,5.38701E+21,1.34242E+16,4.85511E+16
144735,144736,9,7,77,183,2016,8,13,1,3,0,1,0,0,1,0,0,0,0,0,6.29784E+20,5.29344E+21,1.07325E+16,4.77812E+16
144736,144737,9,7,72,125,2016,8,13,3,3,5,3,0,0,1,1,0,0,0,0,6.3697E+20,5.34842E+21,1.0846E+16,4.82741E+16
144737,144738,9,2,77,121,2016,8,4,1,3,0,7,2,0,1,0,0,0,0,0,7.6383E+20,5.3717E+21,1.25677E+16,4.84431E+16
144738,144739,9,4,79,112,2016,8,8,4,3,0,6,0,0,0,0,0,1,0,1,7.26628E+20,5.54971E+21,1.21662E+16,5.00565E+16
144739,144740,9,7,74,135,2016,8,13,2,2,0,1,0,0,1,0,0,0,0,0,5.95651E+20,5.36712E+21,1.02936E+16,4.845E+16
144740,144741,9,1,62,0,2016,8,15,1,3,0,6,0,0,1,1,0,0,0,0,6.89598E+20,5.33003E+21,1.15465E+16,4.80953E+16
144741,144742,9,5,64,0,2016,8,0,3,3,5,3,2,0,0,1,0,0,0,1,6.50385E+20,5.47821E+21,1.10744E+16,4.94379E+16
144742,144743,9,1,84,130,2016,8,8,3,3,5,3,0,0,1,1,0,0,0,0,6.98911E+20,5.34416E+21,1.1678E+16,4.82194E+16
144743,144744,9,2,79,112,2016,8,14,1,3,0,7,0,0,1,0,0,0,0,0,7.58504E+20,5.39346E+21,1.25094E+16,4.86407E+16
144744,144745,9,3,63,0,2016,8,23,3,2,8,1,2,0,1,0,0,0,0,0,7.28459E+20,5.50866E+21,1.21675E+16,4.96871E+16
144745,144746,9,1,82,136,2016,8,12,4,3,5,3,0,0,0,1,0,0,0,0,7.04681E+20,5.30207E+21,1.17355E+16,4.78394E+16
144746,144747,9,7,77,163,2016,8,15,1,2,0,7,0,0,1,0,0,0,0,0,6.29348E+20,5.27463E+21,1.07212E+16,4.76122E+16
144747,144748,9,1,87,122,2016,8,13,3,3,0,1,0,0,1,0,0,0,0,0,7.19003E+20,5.30673E+21,1.1929E+16,4.78765E+16
144748,144749,9,1,62,0,2016,8,22,1,3,5,2,2,0,1,1,0,0,0,0,6.90438E+20,5.34023E+21,1.15623E+16,4.81868E+16
144749,144750,9,3,76,119,2016,8,13,4,3,1,1,0,0,1,0,0,0,0,1,7.17325E+20,5.45263E+21,1.19827E+16,4.91879E+16
144750,144751,9,5,64,0,2016,8,11,4,3,2,6,0,0,1,1,0,0,0,0,6.5062E+20,5.48019E+21,1.10784E+16,4.94557E+16
144751,144752,9,6,63,0,2016,8,8,2,3,5,3,0,0,0,1,0,0,0,1,5.66638E+20,5.51674E+21,9.92598E+15,4.97994E+16
144752,144753,9,7,75,135,2016,8,17,3,3,5,6,0,0,0,1,0,0,0,0,5.7325E+20,5.35996E+21,9.98941E+15,4.83885E+16
144753,144754,9,1,80,118,2016,8,20,1,3,0,1,2,0,1,0,0,0,0,0,6.54269E+20,5.25978E+21,1.10474E+16,4.74732E+16
144754,144755,9,3,72,116,2016,8,17,3,3,5,3,0,0,0,1,0,0,0,0,7.66497E+20,5.45885E+21,1.26604E+16,4.92244E+16
144755,144756,9,1,74,136,2016,8,18,3,1,4,2,0,0,0,1,0,1,0,0,6.84071E+20,5.36626E+21,1.14881E+16,4.84226E+16
144756,144757,9,5,62,0,2016,8,10,2,3,5,3,0,0,0,1,0,1,0,0,6.41946E+20,5.49262E+21,1.09632E+16,4.95695E+16
144757,144758,9,3,72,116,2016,8,7,2,3,0,1,0,1,0,0,0,1,0,0,7.67134E+20,5.45789E+21,1.26685E+16,4.92155E+16
144758,144759,9,7,78,186,2016,8,13,3,2,0,7,0,0,1,0,0,0,0,0,5.96554E+20,5.31131E+21,1.02931E+16,4.79479E+16
144759,144760,9,1,71,117,2016,8,18,1,2,0,1,0,0,1,0,0,0,0,0,7.67585E+20,5.33679E+21,1.25963E+16,4.81281E+16
144760,144761,9,7,77,152,2016,8,12,7,3,0,1,0,0,1,0,0,0,0,0,6.2541E+20,5.30005E+21,1.06761E+16,4.78416E+16
144761,144762,9,1,62,0,2016,8,14,2,3,0,1,0,1,1,0,0,0,0,0,6.88096E+20,5.33689E+21,1.15293E+16,4.81574E+16
144762,144763,9,5,64,0,2016,8,14,2,3,5,2,0,0,0,1,0,0,0,0,6.52592E+20,5.48079E+21,1.11058E+16,4.94606E+16
144763,144764,9,6,63,0,2016,8,11,3,3,2,3,0,0,1,1,0,0,0,0,5.67182E+20,5.515E+21,9.93325E+15,4.97837E+16
144764,144765,9,1,79,123,2016,8,13,4,3,5,3,0,0,0,1,0,0,0,0,6.76928E+20,5.33414E+21,1.13782E+16,4.81359E+16
144765,144766,9,1,73,147,2016,8,17,2,2,6,7,0,0,1,0,1,0,0,0,6.81199E+20,5.30974E+21,1.14252E+16,4.79154E+16
144766,144767,9,2,76,138,2016,8,17,4,3,0,1,0,0,1,0,0,0,0,0,8.03038E+20,5.43203E+21,1.31409E+16,4.89668E+16
144767,144768,9,7,79,167,2016,8,17,1,3,5,3,0,0,1,1,0,0,0,0,6.23483E+20,5.41119E+21,1.06829E+16,4.88414E+16
144768,144769,9,7,79,228,2016,8,19,3,3,5,3,0,0,0,1,0,0,0,0,6.26642E+20,5.41451E+21,1.0727E+16,4.88706E+16
144769,144770,9,1,82,129,2016,8,11,1,3,0,1,0,0,0,0,0,1,0,0,7.05805E+20,5.28601E+21,1.17429E+16,4.76947E+16
144770,144771,9,5,71,180,2016,8,10,4,3,4,6,0,0,0,1,0,0,0,0,6.31873E+20,5.46334E+21,1.08142E+16,4.93086E+16
144771,144772,9,7,75,135,2016,8,1,2,3,1,6,2,0,0,1,0,0,0,0,5.78891E+20,5.36322E+21,1.00662E+16,4.84172E+16
144772,144773,9,1,62,0,2016,8,14,1,3,3,5,0,0,1,1,0,0,0,0,6.96604E+20,5.33259E+21,1.16416E+16,4.81162E+16
144773,144774,9,5,64,0,2016,8,19,3,2,6,4,0,0,1,0,1,0,0,0,6.50856E+20,5.47878E+21,1.10811E+16,4.94429E+16
144774,144775,9,1,62,0,2016,8,13,3,2,4,2,0,0,0,1,0,1,0,0,6.90724E+20,5.34029E+21,1.15662E+16,4.81872E+16
144775,144776,9,1,87,150,2016,8,16,1,3,0,7,0,0,1,0,0,0,0,0,7.30353E+20,5.30412E+21,1.20792E+16,4.78491E+16
144776,144777,9,4,73,170,2016,8,9,3,3,5,3,0,0,1,1,0,0,0,0,6.42494E+20,5.5606E+21,1.09958E+16,5.01804E+16
144777,144778,9,5,75,153,2016,8,16,2,3,1,7,0,0,0,1,0,0,0,0,6.16073E+20,5.49344E+21,1.06058E+16,4.95824E+16
144778,144779,9,5,63,0,2016,8,16,3,3,1,3,0,0,0,1,0,1,0,0,6.44286E+20,5.47939E+21,1.09907E+16,4.945E+16
144779,144780,9,1,78,120,2016,8,22,4,3,5,1,2,0,0,1,0,0,0,0,6.94158E+20,5.35302E+21,1.16182E+16,4.83005E+16
144780,144781,9,1,87,150,2016,8,12,2,3,1,6,0,1,0,1,0,0,1,0,7.29324E+20,5.30339E+21,1.20651E+16,4.78429E+16
144781,144782,9,1,76,164,2016,8,13,1,3,5,3,0,0,1,1,0,0,0,0,6.60319E+20,5.42706E+21,1.11909E+16,4.89756E+16
144782,144783,9,5,71,171,2016,8,16,3,3,5,3,0,0,0,1,0,1,0,0,6.08195E+20,5.46559E+21,1.04892E+16,4.93334E+16
144783,144784,9,2,77,116,2016,8,16,4,2,5,3,0,0,1,1,0,0,0,0,7.7755E+20,5.36763E+21,1.27502E+16,4.84006E+16
144784,144785,9,7,72,200,2016,8,17,1,3,1,6,0,0,1,1,0,0,0,0,6.30287E+20,5.33725E+21,1.07525E+16,4.81751E+16
144785,144786,9,7,61,0,2016,8,13,3,3,0,7,0,0,1,0,0,0,0,0,6.41458E+20,5.36257E+21,1.09112E+16,4.84004E+16
144786,144787,9,4,64,0,2016,8,14,4,3,2,6,0,0,0,1,0,1,0,0,7.07618E+20,5.57688E+21,1.19159E+16,5.03075E+16
144787,144788,9,7,63,0,2016,8,13,2,3,6,4,0,1,0,1,1,0,0,0,5.98589E+20,5.2862E+21,1.03146E+16,4.77216E+16
144788,144789,9,1,84,120,2016,8,13,1,3,0,1,0,0,1,0,0,0,0,0,6.81995E+20,5.33324E+21,1.14458E+16,4.81263E+16
144789,144790,9,1,84,145,2016,8,17,3,3,5,2,0,0,1,1,0,0,0,0,6.94095E+20,5.32509E+21,1.16046E+16,4.80496E+16
144790,144791,9,1,76,114,2016,8,11,1,3,8,1,0,0,1,0,0,0,0,0,6.80783E+20,5.43399E+21,1.14734E+16,4.90322E+16
144791,144792,9,3,74,111,2016,8,18,3,3,5,3,0,0,0,1,0,0,0,0,7.27788E+20,5.51191E+21,1.21601E+16,4.97166E+16
144792,144793,9,1,79,142,2016,8,18,4,3,0,1,0,0,1,0,0,0,0,0,6.72345E+20,5.34262E+21,1.13201E+16,4.82134E+16