FID,OBJECTID,ULAND,UREGBEZ,UKREIS,UGEMEINDE,UJAHR,UMONAT,USTUNDE,UWOCHENTAG,UKATEGORIE,UART,UTYP1,ULICHTVERH,IstStrasse,IstRad,IstPKW,IstFuss,IstKrad,IstGkfz,IstSonstig,LINREFX,LINREFY,XGCSWGS84,YGCSWGS84
144793,144794,9,1,79,145,2016,8,18,3,3,4,6,0,0,0,1,0,0,0,0,6.73921E+20,5.33698E+21,1.13389E+16,4.81622E+16
144794,144795,9,6,78,193,2016,8,18,2,2,8,1,0,0,0,0,0,1,0,0,5.79099E+20,5.53991E+21,1.01039E+16,5.00062E+16
144795,144796,9,1,63,0,2016,8,11,4,3,5,3,0,0,0,1,0,1,0,0,7.34002E+20,5.30584E+21,1.21288E+16,4.78633E+16
144796,144797,9,7,61,0,2016,8,17,1,3,4,2,0,0,1,1,0,0,0,0,6.4194E+20,5.35692E+21,1.09158E+16,4.83495E+16
144797,144798,9,1,71,125,2016,8,13,3,3,5,3,0,0,0,1,0,0,0,0,7.75322E+20,5.34992E+21,1.27086E+16,4.82427E+16
144798,144799,9,3,62,0,2016,8,11,4,2,5,3,0,0,0,1,0,0,0,0,7.28688E+20,5.43232E+21,1.21269E+16,4.90014E+16
144799,144800,9,5,64,0,2016,8,7,4,2,0,7,0,0,0,1,0,1,0,0,6.54233E+20,5.47744E+21,1.11271E+16,4.94301E+16
144800,144801,9,7,61,0,2016,8,14,2,3,2,6,0,0,0,1,0,0,0,0,6.39283E+20,5.36134E+21,1.08814E+16,4.83898E+16
144801,144802,9,1,88,121,2016,8,14,1,2,4,6,0,1,0,1,0,0,0,0,6.69426E+20,5.3302E+21,1.12758E+16,4.81026E+16
144802,144803,9,2,76,142,2016,8,14,3,3,5,7,0,0,0,1,0,1,0,0,7.91717E+20,5.43342E+21,1.29876E+16,4.89847E+16
144803,144804,9,1,78,157,2016,8,17,3,3,5,3,0,0,0,1,0,0,0,0,7.04903E+20,5.37021E+21,1.17713E+16,4.84516E+16
144804,144805,9,5,74,112,2016,8,17,2,3,3,6,0,0,1,0,0,0,1,0,6.70766E+20,5.47272E+21,1.13529E+16,4.93832E+16
144805,144806,9,7,61,0,2016,8,17,3,2,1,2,0,0,1,1,0,0,0,0,6.42405E+20,5.36002E+21,1.09231E+16,4.83773E+16
144806,144807,9,3,76,119,2016,8,14,2,3,0,1,0,0,0,0,0,1,0,0,7.21007E+20,5.45504E+21,1.20345E+16,4.92082E+16
144807,144808,9,2,71,125,2016,8,19,4,2,4,1,0,0,0,0,0,1,0,1,7.97388E+20,5.40886E+21,1.3047E+16,4.87616E+16
144808,144809,9,5,64,0,2016,8,12,4,3,5,2,0,0,0,1,0,1,0,0,6.53076E+20,5.47851E+21,1.11116E+16,4.944E+16
144809,144810,9,4,71,140,2016,8,12,2,3,5,3,0,0,1,1,0,0,0,0,6.3474E+20,5.53253E+21,1.08774E+16,4.99299E+16
144810,144811,9,7,78,214,2016,8,14,3,2,0,1,0,0,1,0,0,0,0,0,5.9735E+20,5.31837E+21,1.03053E+16,4.80112E+16
144811,144812,9,7,76,111,2016,8,4,7,2,1,5,2,0,1,1,0,0,0,0,5.49616E+20,5.26884E+21,9.65968E+15,4.7571E+16
144812,144813,9,5,64,0,2016,8,12,2,2,5,3,0,0,1,1,0,0,0,0,6.46316E+20,5.48361E+21,1.10203E+16,4.94875E+16
144813,144814,9,6,76,134,2016,8,12,3,3,5,3,0,0,1,1,0,0,0,0,5.13261E+20,5.51237E+21,9.18414E+15,4.97636E+16
144814,144815,9,1,81,144,2016,8,19,4,3,0,7,0,0,1,1,0,0,0,0,6.56298E+20,5.32101E+21,1.10963E+16,4.80232E+16
144815,144816,9,1,89,134,2016,8,16,2,1,6,4,0,0,0,1,1,0,0,0,7.71072E+20,5.32244E+21,1.2634E+16,4.79977E+16
144816,144817,9,1,78,120,2016,8,1,1,3,9,7,2,0,0,0,0,1,0,0,6.91554E+20,5.3544E+21,1.15837E+16,4.83138E+16
144817,144818,9,2,75,120,2016,8,18,4,3,4,6,0,0,0,1,0,0,0,0,8.1257E+20,5.40526E+21,1.32503E+16,4.87219E+16
144818,144819,9,7,61,0,2016,8,4,1,3,2,6,2,0,1,1,0,0,0,0,6.41563E+20,5.35955E+21,1.09116E+16,4.83733E+16
144819,144820,9,7,72,147,2016,8,19,3,3,6,7,0,0,1,0,1,0,0,0,6.39021E+20,5.36511E+21,1.08791E+16,4.84237E+16
144820,144821,9,1,78,124,2016,8,17,1,3,2,6,0,0,0,1,0,1,0,0,7.02959E+20,5.36437E+21,1.17422E+16,4.83998E+16
144821,144822,9,7,76,112,2016,8,12,3,3,0,1,0,0,1,0,0,0,0,0,5.76154E+20,5.2797E+21,1.00144E+16,4.76662E+16
144822,144823,9,1,62,0,2016,8,14,7,3,1,5,0,0,0,1,0,0,0,0,6.79546E+20,5.33623E+21,1.14142E+16,4.8154E+16
144823,144824,9,1,62,0,2016,8,10,2,3,0,3,0,1,0,1,0,1,0,0,6.88035E+20,5.33671E+21,1.15284E+16,4.81558E+16
144824,144825,9,4,64,0,2016,8,16,2,3,5,3,0,0,1,1,0,0,0,0,7.0728E+20,5.57663E+21,1.1911E+16,5.03053E+16
144825,144826,9,5,64,0,2016,8,6,3,3,2,6,0,0,0,1,0,0,0,0,6.47509E+20,5.48304E+21,1.10365E+16,4.94821E+16
144826,144827,9,1,77,113,2016,8,7,4,3,0,6,0,0,0,1,0,1,0,0,7.22312E+20,5.35748E+21,1.19996E+16,4.83314E+16
144827,144828,9,1,79,134,2016,8,8,2,3,5,2,0,0,1,1,0,0,0,0,6.67721E+20,5.34252E+21,1.12578E+16,4.82137E+16
144828,144829,9,1,62,0,2016,8,16,7,2,5,3,0,0,1,1,0,0,0,0,6.91432E+20,5.33545E+21,1.15735E+16,4.81434E+16
144829,144830,9,4,73,159,2016,8,14,3,3,4,2,0,0,0,1,0,1,0,0,6.43664E+20,5.57247E+21,1.10167E+16,5.02868E+16
144830,144831,9,2,79,122,2016,8,15,4,3,0,7,0,0,1,0,0,0,0,0,7.71534E+20,5.39854E+21,1.26892E+16,4.86808E+16
144831,144832,9,7,61,0,2016,8,17,1,3,4,2,0,0,0,1,0,0,0,0,6.40403E+20,5.35918E+21,1.08958E+16,4.83702E+16
144832,144833,9,2,71,122,2016,8,19,3,3,0,1,0,0,1,0,0,0,0,0,7.90409E+20,5.42116E+21,1.2961E+16,4.88753E+16
144833,144834,9,4,61,0,2016,8,9,4,3,6,7,0,0,0,1,1,0,0,0,6.3522E+20,5.52938E+21,1.0883E+16,4.99015E+16
144834,144835,9,5,64,0,2016,8,12,4,3,2,6,0,0,0,1,0,0,0,0,6.51536E+20,5.48071E+21,1.10912E+16,4.94601E+16
144835,144836,9,7,72,163,2016,8,17,2,3,7,1,0,0,1,0,0,0,0,0,6.39905E+20,5.34741E+21,1.08852E+16,4.82645E+16
144836,144837,9,1,62,0,2016,8,16,1,2,1,5,0,0,1,1,0,0,0,0,6.89954E+20,5.33621E+21,1.1554E+16,4.81507E+16
144837,144838,9,1,62,0,2016,8,17,3,3,1,5,0,0,1,1,0,0,0,0,6.90147E+20,5.33454E+21,1.15558E+16,4.81357E+16
144838,144839,9,4,75,154,2016,8,17,4,3,6,4,0,0,1,0,1,0,0,0,6.99115E+20,5.56358E+21,1.17896E+16,5.01909E+16
144839,144840,9,7,75,129,2016,8,7,2,3,5,3,0,0,0,1,0,0,0,0,5.81247E+20,5.34201E+21,1.0094E+16,4.82261E+16
144840,144841,9,1,84,144,2016,8,14,1,3,0,1,0,0,1,0,0,0,0,0,6.8848E+20,5.3159E+21,1.15253E+16,4.79686E+16
144841,144842,9,5,64,0,2016,8,16,3,3,2,6,0,0,0,1,0,0,0,0,6.48526E+20,5.47863E+21,1.10489E+16,4.94422E+16
144842,144843,9,1,62,0,2016,8,12,3,2,3,2,0,0,0,1,0,1,0,0,6.93149E+20,5.33373E+21,1.15958E+16,4.81275E+16
144843,144844,9,1,62,0,2016,8,15,7,3,4,3,0,0,0,1,0,0,0,0,6.92188E+20,5.33701E+21,1.15844E+16,4.81573E+16
144844,144845,9,4,71,140,2016,8,20,3,3,2,6,2,0,0,1,0,0,0,0,6.36276E+20,5.53194E+21,1.08986E+16,4.99242E+16
144845,144846,9,1,87,138,2016,8,15,4,3,0,1,0,0,1,0,0,0,0,0,7.56114E+20,5.31029E+21,1.24266E+16,4.78948E+16
144846,144847,9,6,63,0,2016,8,6,1,3,0,1,0,0,0,0,0,1,0,0,5.67475E+20,5.51546E+21,9.93739E+15,4.97878E+16
144847,144848,9,1,82,125,2016,8,18,3,2,0,7,0,0,0,0,0,1,0,1,7.10672E+20,5.29829E+21,1.18136E+16,4.78035E+16
144848,144849,9,3,73,147,2016,8,15,4,2,0,1,0,0,1,0,0,0,0,0,6.77423E+20,5.46179E+21,1.14397E+16,4.92831E+16
144849,144850,9,5,64,0,2016,8,7,4,2,0,1,0,0,1,0,0,0,0,0,6.501E+20,5.48006E+21,1.10711E+16,4.94547E+16
144850,144851,9,6,63,0,2016,8,17,2,3,4,2,0,0,0,1,0,0,0,0,5.65958E+20,5.51616E+21,9.91644E+15,4.97943E+16
144851,144852,9,1,62,0,2016,8,16,3,3,1,5,0,0,1,1,0,0,0,0,6.91607E+20,5.33626E+21,1.15762E+16,4.81507E+16
144852,144853,9,1,62,0,2016,8,19,7,3,5,2,1,0,0,1,0,0,0,1,6.86763E+20,5.33699E+21,1.15115E+16,4.81587E+16
144853,144854,9,1,62,0,2016,8,23,7,2,7,6,2,0,1,0,0,0,0,1,6.88558E+20,5.33646E+21,1.15354E+16,4.81534E+16
144854,144855,9,3,62,0,2016,8,18,3,3,2,6,0,0,0,1,0,0,0,0,7.28977E+20,5.4351E+21,1.21324E+16,4.90263E+16
144855,144856,9,1,79,145,2016,8,12,4,2,0,7,0,0,1,0,0,0,0,0,6.74265E+20,5.33769E+21,1.13438E+16,4.81686E+16
144856,144857,9,4,79,136,2016,8,23,1,2,0,1,2,0,1,0,0,0,0,0,7.22155E+20,5.54476E+21,1.2101E+16,5.00137E+16
144857,144858,9,1,79,121,2016,8,22,3,2,8,7,2,0,0,1,0,1,0,0,6.67874E+20,5.33878E+21,1.12584E+16,4.81801E+16
144858,144859,9,5,62,0,2016,8,11,2,3,1,5,0,0,1,1,0,0,0,0,6.42234E+20,5.49412E+21,1.09677E+16,4.95829E+16
144859,144860,9,3,75,119,2016,8,10,2,3,4,6,0,0,0,1,0,0,0,1,7.37479E+20,5.4425E+21,1.22529E+16,4.90895E+16
144860,144861,9,7,64,0,2016,8,16,3,3,2,6,0,0,0,1,0,0,0,0,5.88517E+20,5.31541E+21,1.01863E+16,4.79859E+16
144861,144862,9,1,62,0,2016,8,20,7,3,5,3,0,0,1,1,0,0,0,0,6.90367E+20,5.34321E+21,1.15627E+16,4.82136E+16
144862,144863,9,5,75,121,2016,8,12,2,3,4,6,0,0,0,1,0,0,0,0,6.23648E+20,5.49053E+21,1.07096E+16,4.95547E+16
144863,144864,9,5,62,0,2016,8,17,3,3,1,5,0,0,1,1,0,0,0,0,6.45242E+20,5.49516E+21,1.10097E+16,4.95915E+16
144864,144865,9,1,74,150,2016,8,17,4,3,4,6,0,0,0,1,0,0,0,1,6.80691E+20,5.35849E+21,1.14391E+16,4.83537E+16
144865,144866,9,1,82,124,2016,8,14,2,3,8,6,0,1,0,1,0,1,0,0,7.06965E+20,5.28395E+21,1.17574E+16,4.76758E+16
144866,144867,9,1,62,0,2016,8,17,2,3,2,6,0,1,0,1,0,0,0,0,6.86279E+20,5.339E+21,1.15058E+16,4.81769E+16
144867,144868,9,5,63,0,2016,8,14,2,3,0,7,0,0,1,0,0,0,0,0,6.43232E+20,5.48528E+21,1.09783E+16,4.95033E+16
144868,144869,9,6,79,175,2016,8,11,3,3,0,7,0,0,1,0,0,0,0,0,5.70614E+20,5.51224E+21,9.98041E+15,4.97585E+16
144869,144870,9,2,61,0,2016,8,12,2,3,5,3,0,1,0,1,0,1,0,0,7.31694E+20,5.37958E+21,1.21383E+16,4.85266E+16
144870,144871,9,7,77,129,2016,8,13,3,3,0,6,0,0,1,0,0,0,0,0,6.25992E+20,5.2697E+21,1.06751E+16,4.75685E+16
144871,144872,9,1,62,0,2016,8,23,7,3,2,6,2,0,0,1,0,0,0,1,6.91118E+20,5.33516E+21,1.15692E+16,4.81409E+16
144872,144873,9,5,64,0,2016,8,19,4,3,0,3,0,0,0,1,0,0,0,1,6.50788E+20,5.47758E+21,1.10797E+16,4.94321E+16
144873,144874,9,1,62,0,2016,8,20,2,3,3,7,1,1,0,1,0,1,0,0,6.9035E+20,5.33469E+21,1.15586E+16,4.8137E+16
144874,144875,9,5,64,0,2016,8,12,3,3,5,2,0,0,1,1,0,0,0,0,6.50806E+20,5.48195E+21,1.10816E+16,4.94714E+16
144875,144876,9,1,84,131,2016,8,17,3,3,5,3,0,0,1,1,0,0,0,0,7.05622E+20,5.33831E+21,1.17654E+16,4.81647E+16
144876,144877,9,1,62,0,2016,8,19,7,3,5,3,0,0,1,1,0,0,0,0,6.86921E+20,5.34359E+21,1.15165E+16,4.82179E+16
144877,144878,9,4,73,141,2016,8,15,3,2,6,3,0,0,0,0,1,0,1,0,6.40417E+20,5.57427E+21,1.09718E+16,5.03038E+16
144878,144879,9,1,80,136,2016,8,16,4,3,4,1,0,0,1,1,0,0,0,0,6.73882E+20,5.26692E+21,1.13103E+16,4.75324E+16
144879,144880,9,4,79,136,2016,8,16,1,3,0,1,0,0,1,0,0,0,0,0,7.20427E+20,5.54302E+21,1.20759E+16,4.99987E+16
144880,144881,9,1,62,0,2016,8,13,7,3,1,3,0,0,1,1,0,0,0,0,6.88989E+20,5.34196E+21,1.15436E+16,4.82027E+16
144881,144882,9,5,71,146,2016,8,16,3,2,5,3,0,0,0,1,0,1,0,0,6.09538E+20,5.47225E+21,1.05095E+16,4.93931E+16
144882,144883,9,2,72,146,2016,8,15,4,3,5,3,0,0,0,1,0,0,0,0,8.28295E+20,5.42405E+21,1.34785E+16,4.88823E+16
144883,144884,9,6,72,140,2016,8,11,1,2,0,7,0,0,1,0,0,0,0,0,5.80205E+20,5.55733E+21,1.01229E+16,5.01628E+16
144884,144885,9,7,61,0,2016,8,21,3,3,5,3,2,0,1,0,0,0,0,0,6.37402E+20,5.35765E+21,1.08548E+16,4.8357E+16
144885,144886,9,1,62,0,2016,8,18,7,2,0,7,0,0,1,0,0,0,0,0,6.88428E+20,5.33716E+21,1.15339E+16,4.81598E+16
144886,144887,9,4,75,162,2016,8,18,4,3,0,1,0,0,1,0,0,0,0,0,7.15645E+20,5.57012E+21,1.20246E+16,5.02439E+16
144887,144888,9,7,78,116,2016,8,8,2,3,2,6,0,1,1,1,0,0,0,0,6.19322E+20,5.31791E+21,1.05997E+16,4.80034E+16
144888,144889,9,1,62,0,2016,8,13,1,3,3,6,0,0,0,1,0,1,0,0,6.89437E+20,5.33308E+21,1.15457E+16,4.81228E+16
144889,144890,9,5,77,168,2016,8,11,3,3,2,7,0,0,1,0,0,0,0,0,6.46147E+20,5.41733E+21,1.09939E+16,4.88917E+16
144890,144891,9,1,62,0,2016,8,11,3,3,6,7,0,0,0,1,1,0,0,0,6.86261E+20,5.33949E+21,1.15058E+16,4.81814E+16
144891,144892,9,1,62,0,2016,8,16,7,3,1,5,0,0,1,1,0,0,0,0,6.92484E+20,5.3367E+21,1.15882E+16,4.81544E+16
144892,144893,9,3,63,0,2016,8,11,3,3,0,7,0,0,1,0,0,0,0,0,7.26972E+20,5.51011E+21,1.21478E+16,4.97006E+16
144893,144894,9,1,87,179,2016,8,17,4,3,8,1,0,1,1,0,0,0,0,0,7.23665E+20,5.3097E+21,1.19928E+16,4.79016E+16
144894,144895,9,5,71,145,2016,8,19,1,3,5,3,0,0,0,1,0,1,0,0,5.97628E+20,5.44726E+21,1.03394E+16,4.91704E+16
144895,144896,9,1,88,141,2016,8,17,3,2,9,1,0,0,1,0,0,0,0,0,6.63906E+20,5.30662E+21,1.11927E+16,4.7892E+16
144896,144897,9,6,72,114,2016,8,11,2,3,0,7,0,0,0,1,0,0,0,1,5.77729E+20,5.56141E+21,1.00891E+16,5.01998E+16
144897,144898,9,3,61,0,2016,8,8,4,3,4,2,0,0,0,1,0,0,0,1,7.07205E+20,5.48124E+21,1.18588E+16,4.94484E+16
144898,144899,9,5,64,0,2016,8,14,4,3,0,7,0,0,0,1,0,0,0,0,6.4967E+20,5.48029E+21,1.10653E+16,4.94569E+16
144899,144900,9,6,72,142,2016,8,0,2,2,9,1,2,0,1,0,0,0,0,0,5.76489E+20,5.55481E+21,1.00704E+16,5.01406E+16
144900,144901,9,4,74,135,2016,8,13,2,2,0,1,0,0,0,0,0,1,0,0,6.45144E+20,5.50572E+21,1.10123E+16,4.96865E+16
144901,144902,9,1,89,149,2016,8,19,3,3,0,7,1,0,1,0,0,0,0,0,7.65704E+20,5.33118E+21,1.25676E+16,4.80784E+16
144902,144903,9,3,75,205,2016,8,18,4,3,0,6,0,0,0,1,0,0,0,0,7.30703E+20,5.42311E+21,1.21492E+16,4.89179E+16
144903,144904,9,5,64,0,2016,8,15,4,3,0,6,0,0,0,1,0,1,0,0,6.54871E+20,5.47424E+21,1.11347E+16,4.94011E+16
144904,144905,9,7,72,163,2016,8,7,2,3,5,3,0,0,0,1,0,0,0,0,6.39278E+20,5.34842E+21,1.08771E+16,4.82736E+16
144905,144906,9,7,75,135,2016,8,15,7,3,5,3,0,0,0,1,0,0,0,0,5.74148E+20,5.36082E+21,1.00017E+16,4.83962E+16
144906,144907,9,3,71,151,2016,8,19,3,3,5,3,0,0,0,1,0,0,0,0,6.97939E+20,5.48725E+21,1.17341E+16,4.95055E+16
144907,144908,9,1,78,143,2016,8,8,3,2,8,6,0,0,0,1,0,0,0,0,7.23017E+20,5.36904E+21,1.20153E+16,4.8435E+16
144908,144909,9,5,65,0,2016,8,19,2,2,5,3,0,0,1,1,0,0,0,0,6.48759E+20,5.46745E+21,1.10479E+16,4.93417E+16
144909,144910,9,3,76,161,2016,8,15,2,3,5,3,0,0,1,1,0,0,0,0,7.26962E+20,5.46799E+21,1.21235E+16,4.93224E+16
144910,144911,9,7,80,123,2016,8,11,3,3,0,1,0,0,1,0,0,0,0,0,6.02425E+20,5.26208E+21,1.03601E+16,4.75041E+16
144911,144912,9,7,75,129,2016,8,14,7,3,2,6,0,0,0,1,0,1,0,0,5.80168E+20,5.34335E+21,1.00797E+16,4.82383E+16
144912,144913,9,7,75,134,2016,8,17,3,3,0,7,0,0,1,0,0,0,0,0,5.85864E+20,5.36503E+21,1.01608E+16,4.84326E+16
144913,144914,9,7,76,116,2016,8,10,7,3,0,1,0,0,1,0,0,0,0,0,5.5373E+20,5.26677E+21,9.71413E+15,4.75521E+16
144914,144915,9,5,64,0,2016,8,13,2,2,5,2,0,0,1,1,0,0,0,0,6.50794E+20,5.48181E+21,1.10814E+16,4.94702E+16
144915,144916,9,6,72,149,2016,8,8,3,3,0,7,0,0,0,1,0,0,1,0,5.60696E+20,5.56888E+21,9.85168E+15,5.02689E+16
144916,144917,9,1,79,123,2016,8,11,4,3,6,7,0,0,0,1,1,0,0,0,6.76011E+20,5.33341E+21,1.13655E+16,4.81296E+16
144917,144918,9,1,90,139,2016,8,15,2,3,5,3,0,0,0,1,0,0,0,0,6.55302E+20,5.29629E+21,1.1074E+16,4.78012E+16
144918,144919,9,2,75,159,2016,8,21,4,3,7,7,1,0,0,0,0,1,0,0,8.10201E+20,5.39659E+21,1.32117E+16,4.86453E+16
144919,144920,9,5,76,113,2016,8,12,1,2,7,7,0,0,1,0,0,0,0,0,6.60464E+20,5.45637E+21,1.12045E+16,4.9239E+16
144920,144921,9,7,72,184,2016,8,5,3,3,5,3,1,0,1,0,0,0,0,0,6.35912E+20,5.36166E+21,1.0836E+16,4.83934E+16
144921,144922,9,7,77,166,2016,8,11,7,3,9,1,0,0,1,0,0,0,0,0,6.29708E+20,5.28102E+21,1.07278E+16,4.76696E+16
144922,144923,9,5,75,168,2016,8,6,4,2,5,3,0,0,0,1,0,1,0,0,5.88381E+20,5.48887E+21,1.02218E+16,4.9546E+16
144923,144924,9,7,74,150,2016,8,10,2,3,6,7,0,0,0,1,1,0,0,0,6.01314E+20,5.3444E+21,1.03647E+16,4.82447E+16
144924,144925,9,1,62,0,2016,8,11,1,3,2,4,0,0,0,1,1,0,0,0,6.89091E+20,5.33336E+21,1.15411E+16,4.81254E+16
144925,144926,9,5,64,0,2016,8,9,3,2,5,3,0,0,0,1,0,0,0,0,6.50084E+20,5.48119E+21,1.10713E+16,4.94648E+16
144926,144927,9,7,72,215,2016,9,10,6,3,5,2,0,0,1,1,0,0,0,0,6.33545E+20,5.34534E+21,1.07989E+16,4.82472E+16
144927,144928,9,3,62,0,2016,9,13,5,3,2,7,0,0,0,1,0,1,0,0,7.26784E+20,5.43378E+21,1.21017E+16,4.90151E+16
144928,144929,9,6,78,123,2016,9,19,6,3,0,1,1,0,1,0,0,0,0,0,5.85605E+20,5.55029E+21,1.0197E+16,5.00987E+16
144929,144930,9,1,85,149,2016,9,17,5,2,2,6,0,0,0,1,0,0,0,0,6.60368E+20,5.40036E+21,1.11811E+16,4.87356E+16
144930,144931,9,3,72,124,2016,9,14,7,3,8,1,0,0,0,0,0,0,0,1,7.83851E+20,5.46962E+21,1.29058E+16,4.93132E+16
144931,144932,9,4,61,0,2016,9,10,6,3,0,7,0,0,1,0,0,0,0,0,6.36033E+20,5.5283E+21,1.08939E+16,4.98916E+16
144932,144933,9,5,64,0,2016,9,8,5,2,4,2,0,0,1,0,0,0,0,1,6.50361E+20,5.48095E+21,1.10751E+16,4.94625E+16
144933,144934,9,1,87,176,2016,9,20,7,2,0,1,2,0,1,0,0,0,0,0,7.39442E+20,5.33261E+21,1.22164E+16,4.81017E+16
144934,144935,9,1,62,0,2016,9,15,5,3,6,2,0,0,0,1,1,0,0,0,6.84604E+20,5.33502E+21,1.14816E+16,4.81416E+16
144935,144936,9,7,75,152,2016,9,14,5,3,2,6,0,0,1,0,0,0,0,0,5.78989E+20,5.35215E+21,1.00655E+16,4.83176E+16
144936,144937,9,6,62,0,2016,8,14,4,3,5,3,0,0,0,1,0,1,0,0,5.886E+20,5.54332E+21,1.02372E+16,5.00356E+16
144937,144938,9,5,64,0,2016,9,13,6,3,1,1,0,0,1,1,0,0,0,0,6.49562E+20,5.48073E+21,1.1064E+16,4.94608E+16
144938,144939,9,1,81,130,2016,9,17,5,2,0,1,0,0,1,0,0,0,0,0,6.39279E+20,5.32398E+21,1.08691E+16,4.80539E+16
144939,144940,9,2,61,0,2016,9,16,7,3,2,6,0,0,0,1,0,1,0,0,7.31497E+20,5.38281E+21,1.21374E+16,4.85556E+16
144940,144941,9,5,76,143,2016,9,14,6,2,0,7,0,0,1,0,0,0,0,0,6.52063E+20,5.45628E+21,1.10891E+16,4.92404E+16
144941,144942,9,1,77,117,2016,9,14,5,3,0,7,0,0,0,0,0,1,0,0,7.14729E+20,5.35528E+21,1.18963E+16,4.83142E+16
144942,144943,9,2,76,148,2016,9,7,7,3,9,1,2,0,0,1,0,0,0,0,8.09305E+20,5.43837E+21,1.32311E+16,4.90205E+16
144943,144944,9,2,63,0,2016,9,19,6,3,3,6,1,0,1,1,0,0,0,0,7.61813E+20,5.4205E+21,1.25714E+16,4.88821E+16
144944,144945,9,5,64,0,2016,9,15,5,3,5,3,0,0,0,1,0,1,0,0,6.52698E+20,5.47594E+21,1.11054E+16,4.9417E+16
144945,144946,9,1,79,142,2016,9,14,7,3,3,6,0,0,1,1,0,0,0,0,6.74004E+20,5.34403E+21,1.13429E+16,4.82256E+16
144946,144947,9,1,62,0,2016,9,17,5,3,3,6,0,1,1,0,0,1,0,0,6.90263E+20,5.33523E+21,1.15577E+16,4.81419E+16
144947,144948,9,6,63,0,2016,9,15,5,3,2,6,0,0,0,1,0,0,0,0,5.67855E+20,5.51669E+21,9.94289E+15,4.97989E+16
144948,144949,9,7,80,139,2016,9,15,5,3,5,3,0,0,0,1,0,1,0,0,5.96778E+20,5.26291E+21,1.02853E+16,4.75124E+16
144949,144950,9,6,63,0,2016,9,8,7,3,1,7,0,0,0,0,1,0,0,1,5.67281E+20,5.5169E+21,9.93495E+15,4.98008E+16
144950,144951,9,1,80,117,2016,9,18,6,3,4,6,0,0,1,1,0,0,0,0,6.59789E+20,5.25941E+21,1.11204E+16,4.74685E+16
144951,144952,9,1,77,117,2016,9,18,5,3,0,1,0,0,1,0,0,0,0,0,7.15441E+20,5.35476E+21,1.19057E+16,4.83093E+16
144952,144953,9,1,83,128,2016,9,16,7,2,3,6,0,0,1,0,0,1,0,0,7.61131E+20,5.35346E+21,1.252E+16,4.82804E+16
144953,144954,9,1,62,0,2016,9,12,6,3,2,6,0,0,0,1,0,0,0,1,6.79487E+20,5.33858E+21,1.14144E+16,4.81751E+16
144954,144955,9,7,64,0,2016,9,10,6,3,5,3,0,0,1,1,0,0,0,0,5.87286E+20,5.31736E+21,1.01702E+16,4.80036E+16
144955,144956,9,2,76,148,2016,9,19,5,2,8,7,0,0,0,0,0,1,0,0,8.0675E+20,5.44011E+21,1.31975E+16,4.90375E+16
144956,144957,9,2,61,0,2016,9,14,6,3,1,6,0,0,0,1,0,0,0,0,7.34849E+20,5.38199E+21,1.21823E+16,4.8547E+16
144957,144958,9,1,62,0,2016,9,22,6,3,0,1,2,0,1,0,0,0,0,0,6.9148E+20,5.33394E+21,1.15735E+16,4.81299E+16
144958,144959,9,1,62,0,2016,9,11,6,3,5,2,0,0,0,1,0,0,0,0,6.97932E+20,5.33452E+21,1.16604E+16,4.81331E+16
144959,144960,9,7,72,147,2016,9,7,5,3,5,3,0,0,1,1,0,0,0,0,6.38515E+20,5.36443E+21,1.08721E+16,4.84178E+16
144960,144961,9,1,62,0,2016,9,16,5,3,5,2,0,0,1,1,0,0,0,0,6.87367E+20,5.33901E+21,1.15205E+16,4.81767E+16
144961,144962,9,5,64,0,2016,9,16,7,3,0,2,0,0,0,1,0,0,0,1,6.49683E+20,5.48046E+21,1.10655E+16,4.94584E+16
144962,144963,9,1,72,134,2016,9,21,6,2,9,1,2,0,0,1,0,0,0,0,7.85411E+20,5.30587E+21,1.28148E+16,4.78427E+16
144963,144964,9,1,62,0,2016,8,19,4,3,6,4,0,0,1,0,1,0,0,0,6.90942E+20,5.34031E+21,1.15691E+16,4.81873E+16
144964,144965,9,7,62,0,2016,9,17,6,3,5,3,0,0,1,1,0,0,0,0,6.22295E+20,5.30555E+21,1.0636E+16,4.78916E+16
144965,144966,9,2,76,128,2016,9,18,5,2,4,1,0,0,0,1,0,1,0,0,7.85905E+20,5.4384E+21,1.29118E+16,4.90321E+16
144966,144967,9,6,63,0,2016,9,13,6,3,2,6,0,0,0,1,0,0,0,0,5.63587E+20,5.51711E+21,9.88366E+15,4.98031E+16
144967,144968,9,1,62,0,2016,8,13,4,3,1,5,0,0,1,1,0,0,0,0,6.90353E+20,5.33451E+21,1.15586E+16,4.81353E+16
144968,144969,9,5,64,0,2016,9,10,7,3,0,7,0,0,1,0,0,0,0,0,6.50203E+20,5.47141E+21,1.10693E+16,4.93769E+16
144969,144970,9,1,82,120,2016,9,14,6,3,8,1,0,0,1,0,0,0,0,0,7.02949E+20,5.30996E+21,1.17161E+16,4.79108E+16