FID,OBJECTID,ULAND,UREGBEZ,UKREIS,UGEMEINDE,UJAHR,UMONAT,USTUNDE,UWOCHENTAG,UKATEGORIE,UART,UTYP1,ULICHTVERH,IstStrasse,IstRad,IstPKW,IstFuss,IstKrad,IstGkfz,IstSonstig,LINREFX,LINREFY,XGCSWGS84,YGCSWGS84
144970,144971,9,1,62,0,2016,8,21,4,2,3,3,2,0,1,1,0,0,0,0,6.91321E+20,5.33726E+21,1.15728E+16,4.81597E+16
144971,144972,9,7,61,0,2016,9,15,5,3,1,6,0,0,0,1,0,0,0,1,6.39283E+20,5.36136E+21,1.08814E+16,4.839E+16
144972,144973,9,1,62,0,2016,9,17,5,3,3,6,0,1,0,1,0,1,0,1,6.86713E+20,5.33438E+21,1.15097E+16,4.81352E+16
144973,144974,9,7,61,0,2016,9,13,6,3,5,3,0,0,1,1,0,0,0,0,6.41775E+20,5.36196E+21,1.09153E+16,4.83949E+16
144974,144975,9,2,63,0,2016,9,17,5,3,5,3,0,0,1,1,0,0,0,0,7.61074E+20,5.42012E+21,1.25611E+16,4.8879E+16
144975,144976,9,5,62,0,2016,9,8,6,3,6,7,0,0,1,0,1,0,0,0,6.44776E+20,5.49569E+21,1.10035E+16,4.95965E+16
144976,144977,9,1,84,138,2016,8,15,4,3,5,3,0,0,1,1,0,0,0,0,6.79867E+20,5.33176E+21,1.14166E+16,4.81137E+16
144977,144978,9,3,62,0,2016,9,12,7,3,0,3,0,0,0,1,1,0,0,0,7.28163E+20,5.43181E+21,1.21195E+16,4.8997E+16
144978,144979,9,3,62,0,2016,9,12,6,3,5,2,0,0,0,1,0,0,1,0,7.31105E+20,5.43355E+21,1.21606E+16,4.90115E+16
144979,144980,9,5,64,0,2016,9,19,5,3,4,2,0,0,0,1,0,1,0,0,6.50023E+20,5.48111E+21,1.10705E+16,4.94641E+16
144980,144981,9,1,87,162,2016,9,15,7,3,0,1,0,0,1,0,0,0,0,0,7.5026E+20,5.30569E+21,1.23458E+16,4.78557E+16
144981,144982,9,1,62,0,2016,9,19,5,3,0,1,0,1,1,0,0,0,0,0,6.87897E+20,5.33028E+21,1.15238E+16,4.80981E+16
144982,144983,9,6,63,0,2016,9,17,5,3,6,7,0,0,0,1,1,0,0,0,5.68387E+20,5.51663E+21,9.95027E+15,4.97983E+16
144983,144984,9,7,78,186,2016,9,10,5,3,5,3,0,0,1,0,0,0,0,0,5.97223E+20,5.31072E+21,1.03019E+16,4.79424E+16
144984,144985,9,6,78,193,2016,8,12,4,3,4,6,0,0,1,1,0,0,0,0,5.78806E+20,5.53721E+21,1.00992E+16,4.9982E+16
144985,144986,9,4,73,151,2016,9,17,6,3,0,3,0,0,1,1,0,0,0,0,6.51098E+20,5.57711E+21,1.11228E+16,5.03267E+16
144986,144987,9,5,64,0,2016,9,12,5,3,6,1,0,0,1,0,1,0,0,0,6.49619E+20,5.47916E+21,1.10642E+16,4.94467E+16
144987,144988,9,1,88,139,2016,9,14,6,3,4,6,0,0,1,0,0,0,0,0,6.76099E+20,5.32198E+21,1.1362E+16,4.80268E+16
144988,144989,9,1,62,0,2016,8,16,4,3,6,4,0,0,0,1,1,0,0,0,6.85034E+20,5.32939E+21,1.1485E+16,4.80909E+16
144989,144990,9,1,62,0,2016,9,5,5,3,1,5,1,0,0,1,0,0,0,0,6.96589E+20,5.33261E+21,1.16414E+16,4.81164E+16
144990,144991,9,6,63,0,2016,9,13,5,3,2,6,0,0,1,1,0,0,0,0,5.67674E+20,5.51663E+21,9.94036E+15,4.97983E+16
144991,144992,9,1,62,0,2016,9,17,5,3,0,1,0,1,1,0,0,0,0,0,6.92785E+20,5.33836E+21,1.1593E+16,4.81692E+16
144992,144993,9,5,62,0,2016,8,7,4,3,0,7,0,0,1,0,0,0,0,0,6.44109E+20,5.49322E+21,1.09933E+16,4.95744E+16
144993,144994,9,2,78,170,2016,9,5,5,2,1,5,1,0,0,1,0,1,0,0,7.63421E+20,5.42506E+21,1.25962E+16,4.89223E+16
144994,144995,9,5,63,0,2016,9,15,6,3,5,3,0,0,0,1,0,0,0,1,6.44401E+20,5.48027E+21,1.09926E+16,4.94579E+16
144995,144996,9,1,84,136,2016,8,12,4,3,5,3,0,0,0,1,0,0,0,0,6.98302E+20,5.32635E+21,1.16615E+16,4.80596E+16
144996,144997,9,2,74,153,2016,9,22,7,3,1,7,2,0,1,1,0,0,0,0,7.34486E+20,5.40311E+21,1.21893E+16,4.87369E+16
144997,144998,9,2,73,147,2016,9,12,6,3,1,5,0,0,0,1,0,1,0,0,7.04835E+20,5.39127E+21,1.17807E+16,4.86409E+16
144998,144999,9,5,64,0,2016,9,15,5,3,5,3,0,0,0,1,0,1,0,0,6.48818E+20,5.47839E+21,1.10528E+16,4.94399E+16
144999,145000,9,1,79,126,2016,9,13,7,3,0,7,0,0,0,0,0,1,0,1,6.76518E+20,5.34125E+21,1.13756E+16,4.81999E+16
145000,145001,9,7,61,0,2016,9,17,5,3,0,7,0,0,1,0,0,0,0,0,6.38787E+20,5.35842E+21,1.08738E+16,4.83637E+16
145001,145002,9,1,62,0,2016,9,18,5,2,6,4,0,0,1,0,1,0,0,0,6.91461E+20,5.33395E+21,1.15732E+16,4.813E+16
145002,145003,9,6,63,0,2016,9,9,5,2,5,7,0,0,1,1,0,0,0,0,5.6816E+20,5.51256E+21,9.9464E+15,4.97616E+16
145003,145004,9,7,79,186,2016,9,20,5,2,2,6,2,0,0,1,0,1,0,0,6.38351E+20,5.4131E+21,1.08861E+16,4.88554E+16
145004,145005,9,6,71,155,2016,9,13,7,3,5,3,0,0,0,1,0,1,0,0,5.04548E+20,5.5366E+21,9.06343E+15,4.99817E+16
145005,145006,9,1,83,148,2016,9,9,6,2,3,6,0,0,1,1,0,0,0,0,7.53259E+20,5.34506E+21,1.24091E+16,4.82082E+16
145006,145007,9,1,62,0,2016,8,6,4,3,0,6,1,0,0,0,0,1,0,0,6.91225E+20,5.34182E+21,1.15736E+16,4.82008E+16
145007,145008,9,1,90,157,2016,9,17,7,3,0,7,0,0,0,1,1,0,0,0,6.59282E+20,5.30194E+21,1.11292E+16,4.78511E+16
145008,145009,9,1,62,0,2016,9,18,6,2,0,6,0,0,0,1,0,1,0,0,6.93978E+20,5.33122E+21,1.16058E+16,4.81047E+16
145009,145010,9,1,62,0,2016,9,10,6,3,5,2,0,0,0,1,0,1,0,0,6.90251E+20,5.33474E+21,1.15573E+16,4.81375E+16
145010,145011,9,5,64,0,2016,9,13,7,3,0,1,0,0,1,0,0,0,0,0,6.50449E+20,5.48076E+21,1.10762E+16,4.94609E+16
145011,145012,9,1,63,0,2016,9,10,6,3,0,1,0,0,1,0,0,0,0,0,7.33018E+20,5.30802E+21,1.21169E+16,4.78831E+16
145012,145013,9,1,62,0,2016,8,14,4,2,5,2,0,0,1,0,0,0,0,0,6.93837E+20,5.33401E+21,1.16051E+16,4.81298E+16
145013,145014,9,1,62,0,2016,8,16,4,3,2,6,0,0,1,0,0,0,0,0,6.86692E+20,5.33947E+21,1.15116E+16,4.8181E+16
145014,145015,9,1,62,0,2016,9,16,6,3,3,6,0,0,1,0,0,0,0,0,6.88865E+20,5.33623E+21,1.15394E+16,4.81513E+16
145015,145016,9,7,78,116,2016,9,10,6,3,0,1,0,0,1,0,0,0,0,0,6.22538E+20,5.31775E+21,1.06428E+16,4.80013E+16
145016,145017,9,2,63,0,2016,9,17,5,3,8,1,0,0,0,0,0,1,0,0,7.67876E+20,5.42254E+21,1.26552E+16,4.88978E+16
145017,145018,9,7,61,0,2016,9,14,6,2,1,7,0,0,1,1,0,0,0,0,6.4128E+20,5.36149E+21,1.09084E+16,4.83907E+16
145018,145019,9,4,77,138,2016,9,16,7,1,8,1,0,0,0,1,0,0,0,0,6.90261E+20,5.56351E+21,1.16657E+16,5.01932E+16
145019,145020,9,5,61,0,2016,9,7,6,3,5,7,0,0,1,1,0,0,0,0,6.13823E+20,5.46279E+21,1.05659E+16,4.93072E+16
145020,145021,9,5,77,161,2016,9,11,5,2,0,7,0,0,1,0,0,0,0,0,6.45027E+20,5.44117E+21,1.09871E+16,4.91062E+16
145021,145022,9,1,87,122,2016,9,15,6,3,5,3,0,0,1,1,0,0,0,0,7.19404E+20,5.30683E+21,1.19344E+16,4.78773E+16
145022,145023,9,1,62,0,2016,8,9,4,3,3,7,0,0,1,0,0,0,1,0,6.88598E+20,5.33051E+21,1.15333E+16,4.80999E+16
145023,145024,9,1,79,138,2016,9,23,6,3,0,7,2,0,1,0,0,0,0,0,6.54761E+20,5.33551E+21,1.10809E+16,4.8154E+16
145024,145025,9,7,61,0,2016,9,14,5,3,4,6,0,0,1,0,0,0,0,0,6.40763E+20,5.35457E+21,1.08991E+16,4.83286E+16
145025,145026,9,1,62,0,2016,9,18,5,3,0,1,0,1,0,0,0,1,0,0,6.9258E+20,5.33204E+21,1.15874E+16,4.81125E+16
145026,145027,9,5,74,138,2016,8,18,4,3,1,5,0,0,1,1,0,0,0,0,6.65405E+20,5.48625E+21,1.12848E+16,4.95063E+16
145027,145028,9,2,75,138,2016,9,13,5,3,5,3,0,0,0,1,0,0,0,0,8.08874E+20,5.38818E+21,1.31875E+16,4.85704E+16
145028,145029,9,5,76,143,2016,9,22,6,3,8,1,2,0,0,0,0,1,0,0,6.56065E+20,5.45388E+21,1.11431E+16,4.92178E+16
145029,145030,9,1,62,0,2016,8,15,4,3,0,7,0,0,0,0,0,0,0,1,6.92994E+20,5.3404E+21,1.15967E+16,4.81875E+16
145030,145031,9,3,76,169,2016,9,13,7,3,5,3,0,0,1,1,0,0,0,0,7.27538E+20,5.47888E+21,1.21376E+16,4.942E+16
145031,145032,9,7,79,228,2016,9,21,6,3,5,1,2,0,0,1,0,0,0,1,6.27105E+20,5.41463E+21,1.07334E+16,4.88716E+16
145032,145033,9,2,73,166,2016,9,14,5,2,0,1,0,0,1,0,0,0,0,0,7.15762E+20,5.42084E+21,1.19443E+16,4.89029E+16
145033,145034,9,6,72,139,2016,9,6,6,3,1,3,0,0,0,1,0,1,0,0,5.68788E+20,5.56123E+21,9.96382E+15,5.01992E+16
145034,145035,9,1,84,149,2016,8,15,4,3,5,2,0,0,0,1,0,0,0,0,6.90364E+20,5.3507E+21,1.1566E+16,4.82809E+16
145035,145036,9,4,71,172,2016,9,11,7,3,5,3,0,0,0,1,0,0,0,1,6.31472E+20,5.51453E+21,1.08258E+16,4.97689E+16
145036,145037,9,4,62,0,2016,9,17,6,3,5,3,0,0,1,1,0,0,0,0,6.84742E+20,5.53521E+21,1.15748E+16,4.99407E+16
145037,145038,9,4,79,169,2016,9,17,5,3,5,7,0,0,0,1,0,0,0,1,7.14999E+20,5.54798E+21,1.2003E+16,5.00452E+16
145038,145039,9,1,81,113,2016,9,22,6,2,8,1,2,0,1,1,0,0,0,0,6.381E+20,5.30776E+21,1.08481E+16,4.79083E+16
145039,145040,9,1,62,0,2016,9,16,5,2,0,1,0,1,0,0,0,1,0,0,6.92654E+20,5.33802E+21,1.15911E+16,4.81662E+16
145040,145041,9,1,62,0,2016,9,15,5,3,5,3,0,0,0,1,0,1,0,0,6.91847E+20,5.335E+21,1.15789E+16,4.81393E+16
145041,145042,9,5,76,122,2016,8,18,4,3,6,7,0,0,0,1,1,0,0,0,6.75214E+20,5.43472E+21,1.13976E+16,4.90404E+16
145042,145043,9,5,64,0,2016,9,6,6,3,5,3,0,0,0,1,0,1,0,0,6.53721E+20,5.47937E+21,1.11208E+16,4.94476E+16
145043,145044,9,1,62,0,2016,8,17,4,3,5,3,0,0,1,1,0,0,0,0,6.98215E+20,5.33365E+21,1.16638E+16,4.81252E+16
145044,145045,9,2,61,0,2016,9,19,7,3,0,7,0,0,1,0,0,0,0,0,7.31635E+20,5.38237E+21,1.2139E+16,4.85516E+16
145045,145046,9,2,61,0,2016,9,13,6,3,2,6,0,0,0,1,0,0,0,0,7.31809E+20,5.38192E+21,1.21411E+16,4.85475E+16
145046,145047,9,1,78,124,2016,9,2,7,3,0,1,2,0,1,0,0,0,0,0,7.03726E+20,5.36372E+21,1.17522E+16,4.83937E+16
145047,145048,9,1,62,0,2016,9,15,6,3,1,5,0,0,1,1,0,0,0,0,6.86652E+20,5.33974E+21,1.15112E+16,4.81834E+16
145048,145049,9,3,76,163,2016,9,14,6,3,6,7,0,0,0,1,1,0,0,0,7.2691E+20,5.47546E+21,1.2127E+16,4.93895E+16
145049,145050,9,4,75,156,2016,9,11,5,3,6,2,0,0,0,1,1,0,0,0,6.92632E+20,5.57885E+21,1.17066E+16,5.03302E+16
145050,145051,9,1,82,111,2016,9,11,7,3,0,1,0,0,1,0,0,0,0,0,7.05341E+20,5.28659E+21,1.1737E+16,4.77E+16
145051,145052,9,1,62,0,2016,9,1,5,2,0,1,2,0,0,1,0,0,0,0,6.97952E+20,5.3311E+21,1.1659E+16,4.81024E+16
145052,145053,9,6,63,0,2016,9,11,5,3,2,6,0,0,0,1,0,0,1,0,5.68471E+20,5.5125E+21,9.9507E+15,4.97611E+16
145053,145054,9,7,78,116,2016,9,19,5,3,0,1,0,0,1,0,0,0,0,0,6.1954E+20,5.31807E+21,1.06027E+16,4.80047E+16
145054,145055,9,6,63,0,2016,9,13,7,3,1,5,0,0,0,1,0,0,0,0,5.67979E+20,5.5147E+21,9.94425E+15,4.97809E+16
145055,145056,9,1,62,0,2016,8,16,4,3,0,5,0,0,1,1,0,0,0,0,6.90785E+20,5.33504E+21,1.15646E+16,4.81399E+16
145056,145057,9,1,80,117,2016,9,17,7,3,0,1,0,0,1,0,0,0,0,0,6.57725E+20,5.26233E+21,1.10941E+16,4.74953E+16
145057,145058,9,1,62,0,2016,9,20,6,3,3,2,2,0,1,0,0,0,1,0,6.89653E+20,5.33457E+21,1.15492E+16,4.81361E+16
145058,145059,9,7,78,173,2016,9,9,6,2,5,3,0,0,1,1,0,0,0,0,6.11088E+20,5.32073E+21,1.04901E+16,4.80302E+16
145059,145060,9,1,90,138,2016,9,15,5,2,1,5,0,0,1,1,0,0,0,0,6.61217E+20,5.31058E+21,1.11583E+16,4.79283E+16
145060,145061,9,1,62,0,2016,9,12,5,3,0,7,0,0,0,0,0,0,1,1,6.79248E+20,5.33775E+21,1.14108E+16,4.81677E+16
145061,145062,9,6,63,0,2016,9,6,5,3,6,4,0,0,1,0,1,0,0,0,5.68661E+20,5.517E+21,9.95414E+15,4.98015E+16
145062,145063,9,5,63,0,2016,9,17,7,2,0,7,0,0,1,0,0,0,0,0,6.43513E+20,5.48219E+21,1.09811E+16,4.94754E+16
145063,145064,9,1,89,154,2016,9,13,6,3,5,3,0,0,1,1,0,0,0,0,7.67674E+20,5.31831E+21,1.2586E+16,4.7962E+16
145064,145065,9,1,62,0,2016,8,21,4,3,0,7,2,0,1,0,0,0,0,0,6.92868E+20,5.33658E+21,1.15933E+16,4.81532E+16
145065,145066,9,7,80,139,2016,9,10,6,3,0,6,0,0,0,1,0,0,0,0,5.95918E+20,5.26385E+21,1.02741E+16,4.7521E+16
145066,145067,9,1,89,145,2016,9,14,5,3,0,6,0,0,0,1,0,1,0,0,7.72399E+20,5.30322E+21,1.26396E+16,4.78246E+16
145067,145068,9,7,61,0,2016,9,16,6,3,0,1,0,0,1,0,0,0,0,0,6.40682E+20,5.35926E+21,1.08996E+16,4.83708E+16
145068,145069,9,1,62,0,2016,8,18,4,3,0,1,0,0,1,0,0,0,0,0,6.91284E+20,5.33406E+21,1.15709E+16,4.8131E+16
145069,145070,9,4,63,0,2016,9,12,6,3,5,3,0,0,1,1,0,0,0,0,6.40938E+20,5.57208E+21,1.09783E+16,5.0284E+16
145070,145071,9,4,64,0,2016,9,10,5,3,5,3,0,0,0,1,0,0,0,0,7.06748E+20,5.57511E+21,1.19027E+16,5.02919E+16
145071,145072,9,1,76,123,2016,9,15,6,3,4,7,0,0,0,1,0,0,0,0,6.60827E+20,5.41877E+21,1.11945E+16,4.8901E+16
145072,145073,9,7,78,171,2016,8,15,4,3,5,3,0,0,0,1,0,1,0,0,5.90167E+20,5.31563E+21,1.02085E+16,4.79876E+16
145073,145074,9,5,64,0,2016,9,8,7,3,5,2,0,0,0,1,0,1,0,0,6.51673E+20,5.47802E+21,1.10921E+16,4.94359E+16
145074,145075,9,1,87,162,2016,9,10,6,2,6,4,0,0,0,1,1,0,0,0,7.50364E+20,5.30569E+21,1.23472E+16,4.78557E+16
145075,145076,9,7,74,155,2016,8,16,4,3,2,6,0,0,0,1,0,0,0,0,5.90262E+20,5.36685E+21,1.02206E+16,4.84483E+16
145076,145077,9,1,62,0,2016,9,15,5,3,0,1,0,0,1,0,0,0,0,0,6.8979E+20,5.34023E+21,1.15536E+16,4.81869E+16
145077,145078,9,7,61,0,2016,9,13,6,3,3,2,0,0,1,1,0,0,0,0,6.42667E+20,5.36055E+21,1.09269E+16,4.83819E+16
145078,145079,9,1,83,128,2016,9,8,5,3,3,2,0,0,1,1,0,0,0,0,7.60125E+20,5.34983E+21,1.25042E+16,4.82482E+16
145079,145080,9,5,62,0,2016,9,16,6,3,4,6,0,0,1,0,0,0,0,0,6.41864E+20,5.49605E+21,1.09633E+16,4.96004E+16
145080,145081,9,7,63,0,2016,8,16,4,3,2,6,0,0,0,1,0,1,0,0,5.98657E+20,5.2855E+21,1.03153E+16,4.77153E+16
145081,145082,9,3,75,165,2016,9,11,7,3,5,3,0,0,0,1,0,0,0,0,7.24808E+20,5.43787E+21,1.2077E+16,4.90527E+16
145082,145083,9,3,75,174,2016,9,14,6,3,5,6,0,0,1,1,0,0,0,0,7.328E+20,5.42998E+21,1.21817E+16,4.89788E+16
145083,145084,9,4,64,0,2016,9,12,5,3,5,3,0,0,0,1,0,0,0,0,7.07082E+20,5.57689E+21,1.19083E+16,5.03077E+16
145084,145085,9,1,87,138,2016,9,9,7,3,5,3,0,0,1,1,0,0,0,0,7.55355E+20,5.30914E+21,1.24158E+16,4.78847E+16
145085,145086,9,1,62,0,2016,9,9,5,2,0,7,0,1,1,0,0,0,0,0,6.89172E+20,5.33258E+21,1.15419E+16,4.81184E+16
145086,145087,9,6,72,135,2016,9,15,5,2,4,1,0,0,0,1,0,0,0,0,5.82537E+20,5.56749E+21,1.01578E+16,5.02538E+16
145087,145088,9,7,64,0,2016,9,19,5,2,5,3,1,0,1,1,0,0,0,0,5.89364E+20,5.3156E+21,1.01977E+16,4.79874E+16
145088,145089,9,5,74,132,2016,8,17,4,3,5,3,0,0,0,1,0,0,0,0,6.75592E+20,5.4867E+21,1.14255E+16,4.95075E+16
145089,145090,9,5,71,154,2016,9,14,6,2,8,7,0,0,0,0,0,0,0,1,6.08959E+20,5.43429E+21,1.04913E+16,4.90519E+16
145090,145091,9,1,77,117,2016,9,22,6,3,5,3,2,0,0,1,0,0,0,0,7.15638E+20,5.35477E+21,1.19083E+16,4.83093E+16
145091,145092,9,7,61,0,2016,9,10,5,3,5,3,0,0,1,1,0,0,0,0,6.3963E+20,5.35956E+21,1.08855E+16,4.83737E+16
145092,145093,9,1,62,0,2016,9,17,5,3,0,1,0,1,0,0,0,1,0,0,6.93456E+20,5.33529E+21,1.16006E+16,4.81414E+16
145093,145094,9,5,74,128,2016,8,13,4,3,0,7,0,0,1,0,0,0,0,0,6.79282E+20,5.48075E+21,1.14738E+16,4.94529E+16
145094,145095,9,1,72,122,2016,9,11,5,3,9,1,0,0,0,0,0,0,1,0,7.92411E+20,5.31815E+21,1.29165E+16,4.79498E+16
145095,145096,9,5,74,112,2016,9,20,6,3,0,1,1,0,1,0,0,0,0,0,6.71056E+20,5.47303E+21,1.1357E+16,4.93859E+16
145096,145097,9,7,80,143,2016,8,11,4,3,8,1,0,0,1,0,0,0,0,0,5.96399E+20,5.27476E+21,1.02829E+16,4.7619E+16
145097,145098,9,2,75,141,2016,9,18,7,3,5,1,0,0,1,1,0,0,0,0,8.21782E+20,5.3732E+21,1.33504E+16,4.84296E+16
145098,145099,9,2,71,141,2016,9,15,6,3,0,7,0,0,1,0,0,0,0,1,7.95958E+20,5.40142E+21,1.30223E+16,4.86955E+16
145099,145100,9,4,76,145,2016,9,14,5,3,4,2,0,0,0,1,0,1,0,0,6.65822E+20,5.567E+21,1.13251E+16,5.02319E+16
145100,145101,9,1,88,117,2016,9,12,7,3,0,6,0,0,0,1,0,1,0,0,6.63032E+20,5.3153E+21,1.11843E+16,4.79702E+16
145101,145102,9,1,62,0,2016,9,16,5,2,3,7,0,0,0,1,0,1,0,0,6.90641E+20,5.33522E+21,1.15628E+16,4.81416E+16
145102,145103,9,6,76,139,2016,9,19,5,3,8,7,0,0,0,1,0,0,0,0,5.16224E+20,5.50411E+21,9.22493E+15,4.96893E+16
145103,145104,9,7,76,117,2016,9,16,5,2,0,1,0,0,1,0,0,0,0,1,5.66283E+20,5.27074E+21,9.88155E+15,4.75867E+16
145104,145105,9,6,63,0,2016,9,10,7,3,3,5,0,0,0,1,0,0,0,0,5.68046E+20,5.51695E+21,9.94559E+15,4.98012E+16
145105,145106,9,1,73,135,2016,9,14,6,3,5,3,0,0,1,1,0,0,0,0,6.9317E+20,5.28422E+21,1.15739E+16,4.76825E+16
145106,145107,9,7,76,116,2016,8,17,4,3,0,7,0,0,1,0,0,0,0,0,5.50486E+20,5.26755E+21,9.6711E+15,4.75594E+16
145107,145108,9,7,79,131,2016,8,12,4,2,5,7,0,0,0,1,0,1,0,0,6.30976E+20,5.39868E+21,1.0781E+16,4.87274E+16
145108,145109,9,2,61,0,2016,9,20,7,3,0,1,2,0,1,0,0,0,0,0,7.32121E+20,5.38058E+21,1.21446E+16,4.85353E+16
145109,145110,9,1,90,114,2016,9,18,6,1,4,6,0,0,1,0,0,0,0,1,6.31399E+20,5.28799E+21,1.07525E+16,4.77319E+16
145110,145111,9,4,63,0,2016,9,17,5,2,0,1,0,0,0,0,0,1,0,0,6.3966E+20,5.57228E+21,1.09605E+16,5.02861E+16
145111,145112,9,1,62,0,2016,9,7,6,3,5,3,0,0,1,0,0,0,0,0,6.95825E+20,5.33092E+21,1.16304E+16,4.81014E+16
145112,145113,9,1,62,0,2016,9,16,6,3,0,1,0,0,1,0,0,0,0,0,6.93569E+20,5.32922E+21,1.15994E+16,4.80868E+16
145113,145114,9,5,64,0,2016,9,15,7,3,2,6,0,0,1,1,0,0,0,0,6.46571E+20,5.48177E+21,1.10231E+16,4.94709E+16
145114,145115,9,1,71,125,2016,9,20,6,3,9,1,2,0,1,0,0,0,0,0,7.74429E+20,5.35049E+21,1.26969E+16,4.82481E+16
145115,145116,9,7,72,130,2016,8,20,4,3,0,7,0,0,0,0,0,1,0,0,6.31461E+20,5.35597E+21,1.07742E+16,4.83433E+16
145116,145117,9,7,77,129,2016,9,15,6,3,0,3,0,0,1,1,0,0,0,0,6.2844E+20,5.27054E+21,1.07079E+16,4.75756E+16
145117,145118,9,1,63,0,2016,9,18,5,3,3,6,1,0,1,1,0,0,0,0,7.33844E+20,5.30535E+21,1.21265E+16,4.78589E+16
145118,145119,9,6,73,123,2016,9,18,6,3,0,7,0,0,1,1,0,0,0,0,5.80778E+20,5.59709E+21,1.01395E+16,5.05202E+16
145119,145120,9,1,62,0,2016,9,16,6,3,6,7,0,0,1,0,1,0,0,0,6.92234E+20,5.33871E+21,1.15857E+16,4.81726E+16
145120,145121,9,7,74,185,2016,9,13,6,3,5,3,0,0,0,1,0,0,0,0,6.08651E+20,5.3489E+21,1.04646E+16,4.8284E+16
145121,145122,9,1,87,142,2016,9,13,5,3,0,1,0,0,1,0,0,0,0,0,7.33522E+20,5.31315E+21,1.21264E+16,4.79291E+16
145122,145123,9,4,78,111,2016,9,20,7,2,8,1,2,1,0,1,0,0,0,0,6.61878E+20,5.55437E+21,1.12645E+16,5.01195E+16
145123,145124,9,1,87,172,2016,9,13,6,3,5,3,0,0,0,1,0,0,0,0,7.42236E+20,5.29583E+21,1.22332E+16,4.77702E+16
145124,145125,9,7,71,130,2016,8,19,4,3,0,7,0,0,0,0,0,1,0,0,6.44173E+20,5.36361E+21,1.09482E+16,4.84091E+16
145125,145126,9,1,81,130,2016,9,7,6,3,5,3,0,0,0,1,0,0,1,0,6.37583E+20,5.32539E+21,1.08468E+16,4.80669E+16
145126,145127,9,7,61,0,2016,9,15,5,2,0,7,0,0,0,0,0,1,0,0,6.39233E+20,5.36049E+21,1.08805E+16,4.83822E+16
145127,145128,9,1,62,0,2016,9,17,5,3,0,1,0,0,1,0,0,0,0,0,6.86141E+20,5.33486E+21,1.15022E+16,4.81397E+16
145128,145129,9,1,87,162,2016,9,11,5,3,0,1,0,1,1,0,0,0,0,0,7.50523E+20,5.30587E+21,1.23494E+16,4.78573E+16
145129,145130,9,5,76,137,2016,9,16,6,3,0,7,0,0,1,0,0,0,0,0,6.50817E+20,5.46331E+21,1.10747E+16,4.93039E+16
145130,145131,9,7,72,202,2016,8,11,4,3,2,6,0,0,0,1,0,0,0,0,6.36625E+20,5.36011E+21,1.08451E+16,4.83794E+16
145131,145132,9,3,71,126,2016,9,6,7,2,9,1,1,0,0,1,0,0,0,0,7.02164E+20,5.49076E+21,1.17942E+16,4.95357E+16
145132,145133,9,3,62,0,2016,9,12,6,3,4,6,0,0,1,1,0,0,0,0,7.29193E+20,5.43342E+21,1.21344E+16,4.90111E+16
145133,145134,9,4,62,0,2016,9,10,5,3,5,3,0,0,0,1,0,0,0,0,6.84506E+20,5.53628E+21,1.1572E+16,4.99504E+16
145134,145135,9,7,61,0,2016,8,15,4,3,6,4,0,0,0,1,1,0,0,0,6.42598E+20,5.35776E+21,1.0925E+16,4.83569E+16
145135,145136,9,4,71,191,2016,9,16,7,3,0,3,0,0,1,1,0,0,0,0,6.30339E+20,5.52587E+21,1.08139E+16,4.98711E+16
145136,145137,9,4,76,178,2016,9,17,6,3,5,3,0,0,1,1,0,0,0,0,6.6317E+20,5.57527E+21,1.12915E+16,5.03069E+16
145137,145138,9,4,71,120,2016,9,15,5,3,5,3,0,0,1,1,0,0,0,0,6.25331E+20,5.52093E+21,1.07426E+16,4.98277E+16
145138,145139,9,1,88,141,2016,9,8,6,2,0,7,0,1,1,0,0,0,0,0,6.6955E+20,5.30689E+21,1.12683E+16,4.78929E+16
145139,145140,9,7,61,0,2016,8,7,4,3,0,7,0,0,1,0,0,0,0,0,6.39283E+20,5.35967E+21,1.08809E+16,4.83748E+16
145140,145141,9,1,62,0,2016,9,9,5,2,0,7,0,0,1,1,0,0,0,0,6.82778E+20,5.34114E+21,1.14597E+16,4.81971E+16
145141,145142,9,1,62,0,2016,9,12,5,3,2,6,0,0,0,1,0,0,0,0,6.91513E+20,5.33597E+21,1.15748E+16,4.81481E+16
145142,145143,9,5,63,0,2016,8,18,4,3,2,6,0,0,0,1,0,0,0,0,6.44062E+20,5.4797E+21,1.09878E+16,4.94529E+16
145143,145144,9,1,87,122,2016,9,15,5,3,3,6,0,0,1,0,0,0,1,0,7.19684E+20,5.30654E+21,1.1938E+16,4.78746E+16
145144,145145,9,5,64,0,2016,9,21,6,2,5,3,2,0,1,1,0,0,0,0,6.51371E+20,5.48021E+21,1.10887E+16,4.94557E+16
145145,145146,9,7,71,155,2016,8,12,4,3,0,1,0,0,0,0,0,1,0,0,6.48428E+20,5.37586E+21,1.101E+16,4.85183E+16
145146,145147,9,2,74,126,2016,9,22,7,3,0,7,2,0,1,0,0,0,0,0,7.33902E+20,5.38246E+21,1.21697E+16,4.85516E+16
145147,145148,9,2,74,113,2016,9,14,6,3,1,3,0,0,0,1,0,1,0,0,7.29137E+20,5.38251E+21,1.21053E+16,4.85538E+16