FID,OBJECTID,ULAND,UREGBEZ,UKREIS,UGEMEINDE,UJAHR,UMONAT,USTUNDE,UWOCHENTAG,UKATEGORIE,UART,UTYP1,ULICHTVERH,IstStrasse,IstRad,IstPKW,IstFuss,IstKrad,IstGkfz,IstSonstig,LINREFX,LINREFY,XGCSWGS84,YGCSWGS84
145148,145149,9,4,61,0,2016,9,18,5,3,2,6,0,0,0,1,0,0,0,0,6.3705E+20,5.52841E+21,1.09081E+16,4.98924E+16
145149,145150,9,1,88,127,2016,9,16,7,3,0,1,0,0,0,0,0,1,0,0,6.74527E+20,5.32825E+21,1.13435E+16,4.80836E+16
145150,145151,9,1,62,0,2016,9,12,6,3,3,6,0,0,0,1,0,0,0,1,6.82493E+20,5.33779E+21,1.14544E+16,4.81671E+16
145151,145152,9,1,84,138,2016,9,7,5,3,4,2,0,1,1,1,0,0,0,0,6.82526E+20,5.33131E+21,1.14521E+16,4.81089E+16
145152,145153,9,5,62,0,2016,9,16,5,3,1,5,0,0,0,1,0,1,0,0,6.4481E+20,5.49614E+21,1.10041E+16,4.96005E+16
145153,145154,9,7,72,200,2016,9,19,5,3,4,2,0,0,1,1,0,0,0,0,6.30347E+20,5.33848E+21,1.07537E+16,4.81862E+16
145154,145155,9,1,82,136,2016,9,19,7,3,5,3,0,0,0,1,0,0,0,0,7.02835E+20,5.30065E+21,1.17102E+16,4.78272E+16
145155,145156,9,1,62,0,2016,9,8,5,3,0,7,0,1,1,0,0,0,0,0,6.88398E+20,5.33288E+21,1.15316E+16,4.81213E+16
145156,145157,9,5,62,0,2016,9,17,5,3,5,3,0,0,0,1,0,0,0,0,6.43041E+20,5.49633E+21,1.09797E+16,4.96026E+16
145157,145158,9,7,78,116,2016,9,15,5,3,0,6,0,0,0,1,0,1,0,0,6.19025E+20,5.31823E+21,1.05958E+16,4.80063E+16
145158,145159,9,6,79,156,2016,8,20,4,3,0,7,2,1,0,0,0,1,0,1,5.73396E+20,5.52141E+21,1.00208E+16,4.98406E+16
145159,145160,9,1,90,140,2016,9,11,7,3,5,3,0,0,0,1,0,0,0,0,6.41939E+20,5.29431E+21,1.0895E+16,4.77865E+16
145160,145161,9,1,62,0,2016,9,17,6,3,5,3,0,0,1,0,0,0,0,0,6.86095E+20,5.34005E+21,1.15038E+16,4.81864E+16
145161,145162,9,1,62,0,2016,9,8,6,3,1,1,0,0,1,1,0,0,0,1,6.92062E+20,5.33705E+21,1.15827E+16,4.81576E+16
145162,145163,9,5,64,0,2016,9,18,7,2,3,2,0,0,1,1,0,0,0,0,6.49736E+20,5.47951E+21,1.10659E+16,4.94497E+16
145163,145164,9,1,63,0,2016,9,16,6,3,0,1,0,0,1,0,0,0,0,0,7.32993E+20,5.30583E+21,1.21154E+16,4.78635E+16
145164,145165,9,6,63,0,2016,8,11,4,3,5,7,0,0,1,1,0,0,0,0,5.67479E+20,5.51535E+21,9.93743E+15,4.97869E+16
145165,145166,9,5,65,0,2016,9,11,7,3,0,7,0,0,1,0,0,0,0,0,6.45939E+20,5.46895E+21,1.10097E+16,4.93558E+16
145166,145167,9,1,89,140,2016,9,17,6,3,9,7,0,0,0,1,0,0,0,0,7.72051E+20,5.29587E+21,1.26303E+16,4.77587E+16
145167,145168,9,6,77,148,2016,8,10,4,3,6,7,0,0,0,1,1,0,0,0,5.5481E+20,5.5348E+21,9.76421E+15,4.9963E+16
145168,145169,9,7,63,0,2016,9,16,6,3,5,3,0,0,0,1,0,0,0,1,5.98523E+20,5.28629E+21,1.03137E+16,4.77225E+16
145169,145170,9,1,61,0,2016,9,18,5,3,1,5,0,0,1,1,0,0,0,0,6.7659E+20,5.40506E+21,1.14035E+16,4.87735E+16
145170,145171,9,7,61,0,2016,9,9,6,3,0,1,0,0,1,0,0,0,0,0,6.39795E+20,5.35773E+21,1.08871E+16,4.83573E+16
145171,145172,9,4,75,161,2016,9,10,6,3,1,7,0,0,0,0,0,0,0,1,7.14994E+20,5.5762E+21,1.20189E+16,5.02987E+16
145172,145173,9,3,62,0,2016,9,5,5,3,4,6,2,0,1,0,0,1,0,0,7.28781E+20,5.43246E+21,1.21283E+16,4.90026E+16
145173,145174,9,1,86,151,2016,9,7,6,3,9,1,0,0,0,1,0,0,0,0,6.77845E+20,5.37542E+21,1.14079E+16,4.85067E+16
145174,145175,9,6,72,143,2016,8,23,4,2,8,7,2,0,1,0,0,0,0,0,5.85315E+20,5.55935E+21,1.01949E+16,5.01802E+16
145175,145176,9,1,77,117,2016,9,0,6,3,6,7,2,0,0,1,1,0,0,0,7.15984E+20,5.35512E+21,1.19132E+16,4.83123E+16
145176,145177,9,7,61,0,2016,9,19,5,3,2,6,0,0,0,1,0,1,0,0,6.41174E+20,5.35919E+21,1.09062E+16,4.83701E+16
145177,145178,9,1,62,0,2016,9,17,5,3,0,5,0,1,0,1,0,1,0,0,6.9151E+20,5.33246E+21,1.15732E+16,4.81166E+16
145178,145179,9,5,63,0,2016,8,14,4,2,5,2,0,0,0,1,0,1,0,0,6.45054E+20,5.48258E+21,1.10025E+16,4.94785E+16
145179,145180,9,7,74,155,2016,9,13,3,3,0,1,0,0,1,0,0,0,0,0,5.90374E+20,5.36693E+21,1.02222E+16,4.8449E+16
145180,145181,9,2,74,126,2016,9,21,2,3,1,6,2,0,0,1,0,0,0,0,7.33154E+20,5.38357E+21,1.21602E+16,4.85618E+16
145181,145182,9,7,61,0,2016,9,10,3,3,6,4,0,0,0,1,1,0,0,0,6.37563E+20,5.36199E+21,1.08584E+16,4.83961E+16
145182,145183,9,1,62,0,2016,9,10,1,3,5,3,0,0,1,1,0,0,0,0,6.83139E+20,5.33636E+21,1.14625E+16,4.81541E+16
145183,145184,9,7,61,0,2016,9,12,4,3,0,5,0,0,1,1,0,0,0,0,6.40809E+20,5.3595E+21,1.09014E+16,4.8373E+16
145184,145185,9,1,62,0,2016,9,18,4,3,6,2,0,0,0,0,1,0,0,1,6.91588E+20,5.33621E+21,1.15759E+16,4.81503E+16
145185,145186,9,5,73,120,2016,9,6,3,3,3,7,0,0,0,1,0,1,0,0,6.28661E+20,5.48311E+21,1.07765E+16,4.9487E+16
145186,145187,9,5,63,0,2016,9,18,2,3,5,3,0,0,0,1,0,0,0,0,6.44398E+20,5.48115E+21,1.09929E+16,4.94658E+16
145187,145188,9,5,64,0,2016,9,12,4,3,3,6,0,0,1,1,0,0,0,0,6.49908E+20,5.47961E+21,1.10683E+16,4.94507E+16
145188,145189,9,1,62,0,2016,9,8,2,3,1,5,0,0,1,0,0,0,0,1,6.93088E+20,5.33445E+21,1.15953E+16,4.8134E+16
145189,145190,9,7,61,0,2016,9,19,2,3,2,6,0,0,0,1,0,0,0,0,6.40437E+20,5.35918E+21,1.08963E+16,4.83702E+16
145190,145191,9,5,62,0,2016,9,14,3,3,5,3,0,0,0,1,0,1,0,0,6.46672E+20,5.48995E+21,1.10275E+16,4.95444E+16
145191,145192,9,2,74,126,2016,9,14,4,3,0,7,0,0,1,0,0,0,0,0,7.34139E+20,5.38494E+21,1.21743E+16,4.85738E+16
145192,145193,9,1,62,0,2016,9,7,1,3,5,3,0,0,0,1,0,0,0,1,6.91296E+20,5.33206E+21,1.15702E+16,4.8113E+16
145193,145194,9,5,62,0,2016,9,11,4,3,0,2,0,0,0,1,0,0,0,1,6.44773E+20,5.49525E+21,1.10033E+16,4.95925E+16
145194,145195,9,7,80,133,2016,9,9,4,2,3,6,0,0,1,0,0,0,0,0,5.96996E+20,5.25117E+21,1.02856E+16,4.74068E+16
145195,145196,9,6,74,180,2016,9,18,3,3,6,1,0,0,0,0,1,1,0,0,6.01332E+20,5.54152E+21,1.04145E+16,5.00173E+16
145196,145197,9,7,76,122,2016,9,15,1,2,6,4,0,0,0,1,1,0,0,0,5.62703E+20,5.27689E+21,9.83483E+15,4.76424E+16
145197,145198,9,6,72,127,2016,9,18,4,3,5,2,0,0,1,1,0,0,0,0,5.63964E+20,5.55122E+21,9.89456E+15,5.01097E+16
145198,145199,9,7,78,165,2016,9,8,4,3,0,7,0,0,1,0,0,0,0,0,5.84411E+20,5.3009E+21,1.01285E+16,4.78559E+16
145199,145200,9,3,75,208,2016,9,17,3,3,0,2,0,1,0,0,0,1,0,0,7.31442E+20,5.441E+21,1.21695E+16,4.90783E+16
145200,145201,9,5,64,0,2016,9,12,2,3,5,3,0,0,0,1,0,0,0,0,6.52031E+20,5.47901E+21,1.10974E+16,4.94447E+16
145201,145202,9,5,61,0,2016,9,11,4,2,5,3,0,0,0,1,0,0,1,0,6.17346E+20,5.45773E+21,1.06128E+16,4.92611E+16
145202,145203,9,7,74,135,2016,9,10,2,3,5,3,0,0,1,1,0,0,0,0,5.94648E+20,5.36748E+21,1.02801E+16,4.84533E+16
145203,145204,9,7,78,173,2016,9,15,7,3,5,3,0,0,1,0,0,0,0,0,6.10881E+20,5.32146E+21,1.04875E+16,4.80368E+16
145204,145205,9,1,87,177,2016,9,14,4,3,6,3,0,0,0,0,1,0,1,0,7.35632E+20,5.30464E+21,1.21499E+16,4.78519E+16
145205,145206,9,2,73,172,2016,9,15,3,3,2,6,0,0,0,1,0,1,0,0,7.09138E+20,5.40387E+21,1.18454E+16,4.87527E+16
145206,145207,9,7,71,113,2016,9,10,1,2,0,7,0,0,0,0,0,1,0,0,6.57293E+20,5.369E+21,1.11274E+16,4.84544E+16
145207,145208,9,5,64,0,2016,9,8,4,3,4,2,0,0,0,1,0,1,0,0,6.45226E+20,5.48635E+21,1.10062E+16,4.95123E+16
145208,145209,9,7,71,122,2016,9,14,4,3,4,6,0,0,0,1,0,0,0,0,6.52562E+20,5.36173E+21,1.10608E+16,4.83902E+16
145209,145210,9,2,73,177,2016,9,15,4,2,2,6,0,0,1,1,0,0,0,0,7.08375E+20,5.40236E+21,1.18343E+16,4.87394E+16
145210,145211,9,1,62,0,2016,9,13,3,3,3,6,0,0,1,0,0,0,0,0,6.86257E+20,5.33983E+21,1.15059E+16,4.81844E+16
145211,145212,9,2,74,126,2016,9,15,2,3,2,7,0,0,1,0,0,0,0,0,7.33763E+20,5.38237E+21,1.21678E+16,4.85508E+16
145212,145213,9,2,72,122,2016,9,9,3,3,5,3,0,0,0,1,0,1,0,0,8.50427E+20,5.41931E+21,1.37753E+16,4.88278E+16
145213,145214,9,3,72,117,2016,9,18,4,3,5,3,0,0,0,0,0,0,0,1,7.73467E+20,5.45671E+21,1.27544E+16,4.92021E+16
145214,145215,9,1,84,120,2016,9,8,3,3,5,3,0,0,1,1,0,0,0,0,6.80296E+20,5.33286E+21,1.14228E+16,4.81234E+16
145215,145216,9,7,61,0,2016,9,18,2,3,0,2,0,0,1,1,0,0,0,0,6.42763E+20,5.35981E+21,1.09279E+16,4.83753E+16
145216,145217,9,7,61,0,2016,9,21,2,3,6,7,2,0,0,1,1,0,0,0,6.39113E+20,5.36167E+21,1.08793E+16,4.83928E+16
145217,145218,9,1,76,123,2016,9,10,4,3,0,7,0,0,1,0,0,0,0,0,6.59503E+20,5.41832E+21,1.11763E+16,4.88972E+16
145218,145219,9,1,63,0,2016,9,16,3,3,5,3,0,0,0,1,0,0,0,0,7.34112E+20,5.30479E+21,1.21297E+16,4.78537E+16
145219,145220,9,6,63,0,2016,9,11,1,3,5,3,0,1,0,1,0,0,0,0,5.68299E+20,5.51514E+21,9.94878E+15,4.97849E+16
145220,145221,9,1,62,0,2016,9,17,3,3,0,7,0,0,1,1,0,0,0,0,6.91927E+20,5.33348E+21,1.15793E+16,4.81256E+16
145221,145222,9,2,61,0,2016,9,7,2,3,3,6,0,0,1,1,0,0,0,0,7.31491E+20,5.381E+21,1.21363E+16,4.85394E+16
145222,145223,9,7,71,130,2016,9,12,3,3,4,6,0,0,1,1,0,0,0,0,6.47459E+20,5.36205E+21,1.09921E+16,4.83944E+16
145223,145224,9,6,77,155,2016,9,2,1,3,9,7,2,0,0,1,0,0,0,0,5.41267E+20,5.53705E+21,9.57562E+15,4.99844E+16
145224,145225,9,1,74,135,2016,9,11,4,3,0,7,0,0,0,1,0,0,0,0,6.62826E+20,5.35323E+21,1.11961E+16,4.83113E+16
145225,145226,9,1,74,141,2016,9,15,3,2,4,6,0,0,0,1,0,1,0,0,6.82894E+20,5.35638E+21,1.14679E+16,4.83341E+16
145226,145227,9,6,72,121,2016,9,3,1,2,9,1,2,0,0,1,0,0,0,0,5.68105E+20,5.55378E+21,9.95292E+15,5.01323E+16
145227,145228,9,1,62,0,2016,9,20,4,3,1,6,0,0,1,0,0,0,0,0,6.91816E+20,5.33706E+21,1.15794E+16,4.81578E+16
145228,145229,9,7,64,0,2016,9,14,7,3,5,3,0,0,1,1,0,0,0,0,5.88277E+20,5.31555E+21,1.01831E+16,4.79872E+16
145229,145230,9,7,62,0,2016,9,13,3,3,0,1,0,0,1,0,0,0,0,0,6.22086E+20,5.30694E+21,1.06336E+16,4.79042E+16
145230,145231,9,1,73,130,2016,9,17,2,3,4,6,0,0,0,1,0,0,0,0,6.81447E+20,5.31339E+21,1.143E+16,4.79481E+16
145231,145232,9,7,61,0,2016,9,17,3,3,2,6,0,0,1,1,0,0,0,0,6.39512E+20,5.36023E+21,1.08841E+16,4.83798E+16
145232,145233,9,5,65,0,2016,9,5,1,3,9,7,2,0,0,1,0,0,0,0,6.48456E+20,5.46714E+21,1.10437E+16,4.93389E+16
145233,145234,9,6,79,194,2016,9,10,4,3,5,3,0,0,0,1,0,0,0,0,5.60861E+20,5.52584E+21,9.84715E+15,4.98819E+16
145234,145235,9,7,75,135,2016,9,16,4,3,5,3,0,0,1,1,0,0,0,0,5.73752E+20,5.36045E+21,9.99629E+15,4.83929E+16
145235,145236,9,5,77,136,2016,9,5,3,3,4,6,2,0,0,1,0,1,0,0,6.28281E+20,5.44236E+21,1.07581E+16,4.91207E+16
145236,145237,9,5,64,0,2016,9,12,2,2,6,4,0,0,0,0,1,1,0,0,6.48466E+20,5.48107E+21,1.1049E+16,4.94642E+16
145237,145238,9,5,77,136,2016,9,18,4,2,0,7,0,0,1,0,0,0,0,0,6.28764E+20,5.44212E+21,1.07647E+16,4.91184E+16
145238,145239,9,7,75,152,2016,9,15,2,2,1,6,0,0,0,1,0,0,0,0,5.77929E+20,5.35355E+21,1.00514E+16,4.83303E+16
145239,145240,9,7,74,160,2016,9,17,7,3,5,3,0,0,0,1,0,1,0,0,6.0775E+20,5.35155E+21,1.04531E+16,4.8308E+16
145240,145241,9,6,63,0,2016,9,13,2,3,5,7,0,0,1,1,0,0,0,0,5.68073E+20,5.51654E+21,9.94588E+15,4.97975E+16
145241,145242,9,5,63,0,2016,9,10,3,3,5,3,0,0,0,1,0,0,0,0,6.43864E+20,5.48178E+21,1.09858E+16,4.94716E+16
145242,145243,9,5,64,0,2016,9,19,2,3,0,3,0,0,0,1,0,0,0,0,6.46648E+20,5.47721E+21,1.10225E+16,4.94298E+16
145243,145244,9,1,62,0,2016,9,14,2,3,5,3,0,0,0,1,0,0,0,0,6.90631E+20,5.33338E+21,1.15618E+16,4.81251E+16
145244,145245,9,4,61,0,2016,9,23,1,3,0,7,2,1,1,0,0,0,0,0,6.36387E+20,5.52954E+21,1.08993E+16,4.99027E+16
145245,145246,9,1,62,0,2016,9,17,2,3,2,5,0,0,0,1,0,1,0,0,6.90498E+20,5.3386E+21,1.15624E+16,4.81721E+16
145246,145247,9,7,75,162,2016,9,19,7,3,4,6,0,0,1,1,0,0,0,0,5.80558E+20,5.34836E+21,1.00859E+16,4.82833E+16
145247,145248,9,6,74,221,2016,9,7,2,3,9,1,1,1,0,1,0,0,0,0,6.13047E+20,5.54042E+21,1.05776E+16,5.00054E+16
145248,145249,9,1,83,148,2016,9,9,2,3,5,3,0,0,1,1,0,0,0,0,7.53866E+20,5.34548E+21,1.24175E+16,4.82117E+16
145249,145250,9,6,62,0,2016,9,6,3,3,5,2,0,0,1,1,0,0,0,0,5.88607E+20,5.54332E+21,1.02373E+16,5.00356E+16
145250,145251,9,4,61,0,2016,9,13,1,3,0,7,0,0,1,0,0,0,0,0,6.36573E+20,5.5288E+21,1.09016E+16,4.9896E+16
145251,145252,9,6,78,176,2016,9,10,4,3,0,3,0,0,0,0,0,1,0,0,5.89069E+20,5.53883E+21,1.02427E+16,4.99951E+16
145252,145253,9,7,63,0,2016,9,10,4,3,2,6,0,0,0,1,0,0,0,0,5.98709E+20,5.28689E+21,1.03164E+16,4.77278E+16
145253,145254,9,3,62,0,2016,9,17,3,3,5,2,0,0,1,1,0,0,0,0,7.28324E+20,5.4354E+21,1.21237E+16,4.90292E+16
145254,145255,9,5,64,0,2016,9,1,2,3,5,2,2,0,0,1,0,0,0,0,6.49551E+20,5.4785E+21,1.1063E+16,4.94407E+16
145255,145256,9,3,62,0,2016,9,17,4,3,5,7,0,0,1,1,0,0,0,0,7.23781E+20,5.43354E+21,1.20606E+16,4.90141E+16
145256,145257,9,7,61,0,2016,9,19,2,3,0,1,0,0,1,0,0,0,0,0,6.44064E+20,5.35725E+21,1.09446E+16,4.8352E+16
145257,145258,9,7,77,159,2016,9,17,2,2,6,4,0,0,0,0,1,1,0,0,6.1729E+20,5.2711E+21,1.05598E+16,4.75827E+16
145258,145259,9,7,74,121,2016,9,8,7,3,1,7,0,0,0,1,0,0,0,0,6.05321E+20,5.36466E+21,1.04237E+16,4.84263E+16
145259,145260,9,1,87,154,2016,9,17,4,3,0,1,0,0,1,0,0,0,0,0,7.36164E+20,5.29642E+21,1.21526E+16,4.77778E+16
145260,145261,9,2,79,137,2016,9,14,3,3,0,7,0,0,1,0,0,0,0,0,7.75593E+20,5.40965E+21,1.27516E+16,4.87787E+16
145261,145262,9,1,73,126,2016,9,15,4,3,0,7,0,0,1,0,0,0,0,0,6.85517E+20,5.30328E+21,1.14802E+16,4.78561E+16
145262,145263,9,3,74,140,2016,9,18,1,3,6,4,0,0,0,1,1,0,0,0,7.03546E+20,5.52406E+21,1.18306E+16,4.98344E+16
145263,145264,9,5,63,0,2016,9,7,4,3,5,3,0,0,0,0,0,1,0,1,6.45202E+20,5.48294E+21,1.10047E+16,4.94817E+16
145264,145265,9,7,80,124,2016,9,11,4,2,0,1,0,0,1,0,0,0,0,0,5.90037E+20,5.26868E+21,1.0197E+16,4.75653E+16
145265,145266,9,2,78,113,2016,9,17,4,3,0,1,0,0,1,0,0,0,0,0,7.65724E+20,5.41671E+21,1.26222E+16,4.88464E+16
145266,145267,9,1,62,0,2016,9,13,3,3,3,3,0,0,1,1,0,0,0,0,6.87988E+20,5.33904E+21,1.15288E+16,4.81768E+16
145267,145268,9,1,81,114,2016,9,20,4,3,0,1,1,0,1,0,0,0,0,0,6.57047E+20,5.31286E+21,1.11033E+16,4.79498E+16
145268,145269,9,1,76,161,2016,9,13,3,2,8,1,0,0,0,0,0,1,0,0,6.79506E+20,5.41359E+21,1.14469E+16,4.88493E+16
145269,145270,9,3,71,151,2016,9,3,1,3,6,7,2,0,0,0,1,1,0,0,6.985E+20,5.48712E+21,1.17418E+16,4.95042E+16
145270,145271,9,2,62,0,2016,9,10,1,3,5,3,0,0,0,1,0,0,0,1,8.23985E+20,5.39043E+21,1.33935E+16,4.85831E+16
145271,145272,9,7,72,202,2016,9,16,4,3,5,3,0,0,0,1,0,0,0,0,6.37211E+20,5.35802E+21,1.08524E+16,4.83604E+16
145272,145273,9,2,74,126,2016,9,19,4,3,1,7,0,0,1,1,0,0,0,0,7.34106E+20,5.38509E+21,1.2174E+16,4.85751E+16
145273,145274,9,1,62,0,2016,9,12,3,3,5,2,0,0,0,1,0,0,0,1,6.88714E+20,5.33784E+21,1.15381E+16,4.81658E+16
145274,145275,9,1,83,148,2016,9,12,2,3,1,7,0,1,0,1,0,0,0,0,7.57722E+20,5.34685E+21,1.24701E+16,4.82224E+16
145275,145276,9,7,77,121,2016,9,16,3,3,5,3,0,0,0,1,0,1,0,0,6.29524E+20,5.32142E+21,1.07375E+16,4.8033E+16
145276,145277,9,1,78,124,2016,9,14,4,3,5,3,0,0,1,1,0,0,0,0,7.03445E+20,5.36404E+21,1.17486E+16,4.83967E+16
145277,145278,9,5,76,121,2016,9,16,3,3,5,7,0,0,1,1,0,0,0,0,6.4697E+20,5.45041E+21,1.10171E+16,4.91889E+16
145278,145279,9,5,64,0,2016,9,16,2,3,0,6,0,0,1,0,1,0,0,0,6.49374E+20,5.47942E+21,1.10609E+16,4.94491E+16
145279,145280,9,1,62,0,2016,9,17,2,3,6,4,0,0,0,1,1,0,0,0,6.86838E+20,5.33953E+21,1.15136E+16,4.81815E+16
145280,145281,9,2,77,116,2016,9,16,1,3,0,7,0,0,0,0,0,1,0,0,7.80262E+20,5.36863E+21,1.27874E+16,4.84084E+16
145281,145282,9,1,62,0,2016,9,9,2,3,5,3,0,1,1,1,0,0,0,0,6.91975E+20,5.33367E+21,1.158E+16,4.81273E+16
145282,145283,9,7,80,128,2016,9,11,7,2,0,1,0,0,1,0,0,0,0,0,6.09589E+20,5.27813E+21,1.04592E+16,4.76473E+16
145283,145284,9,6,72,135,2016,9,18,2,2,4,2,0,0,0,1,0,1,0,0,5.85145E+20,5.56688E+21,1.01942E+16,5.02479E+16
145284,145285,9,1,63,0,2016,9,17,2,3,5,2,0,0,1,1,0,0,0,0,7.32981E+20,5.30543E+21,1.2115E+16,4.78599E+16
145285,145286,9,6,75,112,2016,9,13,3,3,4,2,0,0,0,1,0,0,1,0,5.84403E+20,5.51303E+21,1.0172E+16,4.97638E+16
145286,145287,9,2,61,0,2016,9,0,1,3,0,1,2,0,0,0,0,1,0,0,7.316E+20,5.38219E+21,1.21384E+16,4.855E+16
145287,145288,9,6,74,159,2016,9,16,4,3,5,3,0,0,1,1,0,0,0,0,6.20927E+20,5.53085E+21,1.06845E+16,4.99178E+16
145288,145289,9,1,62,0,2016,9,19,3,3,0,7,1,0,1,0,0,0,0,0,6.9234E+20,5.33424E+21,1.15852E+16,4.81323E+16
145289,145290,9,1,63,0,2016,9,18,2,3,0,6,0,0,1,0,0,0,0,0,7.334E+20,5.30635E+21,1.21211E+16,4.78681E+16
145290,145291,9,7,61,0,2016,9,17,3,3,2,6,0,0,0,1,0,0,0,0,6.39038E+20,5.36283E+21,1.08786E+16,4.84033E+16
145291,145292,9,1,90,144,2016,9,22,1,2,9,7,2,1,0,1,0,0,0,0,6.56841E+20,5.30853E+21,1.1099E+16,4.79109E+16
145292,145293,9,7,61,0,2016,9,16,4,3,4,2,0,0,1,1,0,0,0,0,6.4018E+20,5.35927E+21,1.08928E+16,4.8371E+16
145293,145294,9,5,64,0,2016,9,17,3,2,8,1,0,0,0,0,0,1,0,0,6.51378E+20,5.48021E+21,1.10888E+16,4.94557E+16
145294,145295,9,5,77,136,2016,9,9,2,2,9,7,0,0,1,0,0,0,0,0,6.31214E+20,5.44201E+21,1.07982E+16,4.91169E+16
145295,145296,9,1,62,0,2016,9,15,2,3,4,2,0,0,0,1,0,0,0,0,6.89846E+20,5.33346E+21,1.15513E+16,4.8126E+16
145296,145297,9,1,62,0,2016,9,14,2,3,2,6,0,0,0,1,0,0,1,0,6.87798E+20,5.32845E+21,1.15216E+16,4.80817E+16
145297,145298,9,6,62,0,2016,9,17,2,3,2,6,0,0,0,1,0,0,0,0,5.87917E+20,5.54409E+21,1.02278E+16,5.00426E+16
145298,145299,9,5,62,0,2016,9,16,3,3,6,2,0,0,0,1,1,0,0,0,6.44669E+20,5.49584E+21,1.1002E+16,4.95978E+16
145299,145300,9,1,80,125,2016,9,18,1,3,0,5,0,1,1,1,0,0,0,0,6.54375E+20,5.27383E+21,1.10537E+16,4.75995E+16
145300,145301,9,6,71,120,2016,9,18,4,3,5,3,0,0,1,1,0,0,0,0,5.1029E+20,5.53916E+21,9.14359E+15,5.00046E+16
145301,145302,9,7,80,143,2016,9,13,4,2,0,7,0,0,1,0,0,0,0,0,5.96273E+20,5.2753E+21,1.02813E+16,4.76239E+16
145302,145303,9,2,63,0,2016,9,8,3,3,5,3,0,0,0,1,0,0,0,0,7.61489E+20,5.42078E+21,1.25672E+16,4.88848E+16
145303,145304,9,3,75,213,2016,9,7,4,3,5,3,0,0,0,1,0,1,0,0,7.27031E+20,5.44068E+21,1.2109E+16,4.90771E+16
145304,145305,9,1,62,0,2016,9,23,3,3,0,7,2,0,0,0,1,0,0,1,6.88461E+20,5.33637E+21,1.1534E+16,4.81526E+16
145305,145306,9,7,78,186,2016,9,8,4,3,0,7,0,0,1,0,0,0,0,0,5.97273E+20,5.31025E+21,1.03025E+16,4.79382E+16
145306,145307,9,5,71,166,2016,9,19,3,3,8,1,2,1,0,0,0,1,0,0,6.09339E+20,5.45654E+21,1.05025E+16,4.92518E+16
145307,145308,9,4,62,0,2016,9,8,2,3,5,3,0,0,1,1,0,0,0,0,6.84333E+20,5.53512E+21,1.1569E+16,4.994E+16
145308,145309,9,5,61,0,2016,9,10,4,3,8,1,0,0,0,1,0,0,0,0,6.13857E+20,5.46283E+21,1.05663E+16,4.93076E+16
145309,145310,9,7,64,0,2016,9,18,2,3,0,7,1,0,1,0,0,0,0,0,5.86989E+20,5.31567E+21,1.01659E+16,4.79884E+16
145310,145311,9,7,80,133,2016,9,11,7,2,0,7,0,0,1,0,0,0,0,0,5.98462E+20,5.24682E+21,1.03041E+16,4.73674E+16
145311,145312,9,1,71,111,2016,9,10,4,3,5,3,0,0,1,1,0,0,0,0,7.7183E+20,5.34794E+21,1.26604E+16,4.82264E+16
145312,145313,9,1,83,148,2016,9,16,1,3,0,3,0,0,1,1,0,0,0,0,7.52568E+20,5.34434E+21,1.23993E+16,4.8202E+16
145313,145314,9,5,64,0,2016,9,11,4,3,1,5,0,0,1,1,0,0,0,0,6.52186E+20,5.48211E+21,1.11007E+16,4.94726E+16
145314,145315,9,7,72,117,2016,9,5,4,3,1,5,2,0,0,1,0,0,0,0,6.31809E+20,5.36332E+21,1.07811E+16,4.84093E+16
145315,145316,9,2,61,0,2016,9,16,4,3,5,3,0,0,0,1,0,1,0,0,7.32711E+20,5.37941E+21,1.21519E+16,4.85246E+16
145316,145317,9,1,62,0,2016,9,13,3,3,1,5,0,0,1,1,0,0,0,0,6.86526E+20,5.33796E+21,1.15087E+16,4.81675E+16
145317,145318,9,1,63,0,2016,9,4,2,3,9,1,2,0,0,1,0,0,0,0,7.31802E+20,5.30456E+21,1.20988E+16,4.78525E+16
145318,145319,9,7,79,131,2016,9,20,2,3,2,3,0,0,1,1,0,0,0,0,6.31058E+20,5.39739E+21,1.07817E+16,4.87158E+16
145319,145320,9,7,76,116,2016,9,19,7,3,0,1,1,0,1,0,0,0,0,0,5.5222E+20,5.26813E+21,9.69422E+15,4.75645E+16
145320,145321,9,1,86,149,2016,9,13,4,2,1,5,0,0,1,1,0,0,0,0,6.89037E+20,5.38678E+21,1.15644E+16,4.86055E+16
145321,145322,9,1,73,126,2016,9,6,3,3,1,5,2,1,1,1,0,0,0,0,6.86015E+20,5.3028E+21,1.14866E+16,4.78516E+16
145322,145323,9,1,71,112,2016,9,12,1,2,0,7,0,0,1,0,0,0,0,0,7.84609E+20,5.34068E+21,1.28272E+16,4.81556E+16
145323,145324,9,1,62,0,2016,9,14,3,3,5,3,0,0,1,1,0,0,0,0,6.86854E+20,5.33392E+21,1.15114E+16,4.81311E+16
145324,145325,9,1,87,162,2016,9,11,2,3,0,1,0,0,1,0,0,0,0,0,7.50526E+20,5.30587E+21,1.23494E+16,4.78573E+16