FID,OBJECTID,ULAND,UREGBEZ,UKREIS,UGEMEINDE,UJAHR,UMONAT,USTUNDE,UWOCHENTAG,UKATEGORIE,UART,UTYP1,ULICHTVERH,IstStrasse,IstRad,IstPKW,IstFuss,IstKrad,IstGkfz,IstSonstig,LINREFX,LINREFY,XGCSWGS84,YGCSWGS84
145325,145326,9,7,71,130,2016,9,13,3,3,0,7,0,0,1,0,0,0,0,0,6.47578E+20,5.35763E+21,1.09921E+16,4.83546E+16
145326,145327,9,1,63,0,2016,9,13,1,3,0,1,0,0,1,0,0,0,0,0,7.33998E+20,5.30188E+21,1.21266E+16,4.78277E+16
145327,145328,9,5,63,0,2016,9,18,3,2,5,7,0,0,1,1,0,0,0,0,6.44995E+20,5.48286E+21,1.10018E+16,4.94811E+16
145328,145329,9,4,74,126,2016,9,14,2,3,5,3,0,0,1,1,0,0,0,0,6.49017E+20,5.50947E+21,1.10674E+16,4.97193E+16
145329,145330,9,1,62,0,2016,9,18,2,3,5,2,0,0,1,1,0,0,0,0,6.84876E+20,5.3345E+21,1.1485E+16,4.81369E+16
145330,145331,9,1,88,117,2016,9,12,1,3,0,7,0,0,1,0,0,0,0,0,6.66113E+20,5.31431E+21,1.12252E+16,4.79606E+16
145331,145332,9,1,74,126,2016,9,12,4,3,0,1,0,0,1,0,0,0,0,0,6.8342E+20,5.34396E+21,1.14696E+16,4.82223E+16
145332,145333,9,1,88,120,2016,9,15,3,3,5,3,0,0,1,1,0,0,0,0,6.7696E+20,5.32704E+21,1.13756E+16,4.80721E+16
145333,145334,9,1,88,120,2016,9,20,1,3,0,1,2,0,1,0,0,0,0,0,6.77187E+20,5.32527E+21,1.1378E+16,4.8056E+16
145334,145335,9,7,63,0,2016,9,17,3,3,2,6,0,0,0,1,0,1,0,0,5.99012E+20,5.28554E+21,1.03201E+16,4.77157E+16
145335,145336,9,1,87,150,2016,9,13,2,3,4,6,0,0,1,1,0,0,0,0,7.29035E+20,5.30412E+21,1.20616E+16,4.78496E+16
145336,145337,9,7,61,0,2016,9,17,3,3,0,7,0,0,0,1,0,1,0,0,6.42776E+20,5.35848E+21,1.09276E+16,4.83634E+16
145337,145338,9,1,78,124,2016,9,0,1,3,0,7,2,0,1,0,0,0,0,0,7.04417E+20,5.36413E+21,1.17617E+16,4.83972E+16
145338,145339,9,7,71,113,2016,9,14,4,3,4,7,0,0,1,1,0,0,0,0,6.5717E+20,5.36911E+21,1.11258E+16,4.84555E+16
145339,145340,9,7,75,135,2016,9,15,4,3,5,3,0,0,1,1,0,0,0,0,5.74272E+20,5.36002E+21,1.00032E+16,4.8389E+16
145340,145341,9,5,73,127,2016,9,8,3,3,4,2,0,0,0,1,0,1,0,0,6.45459E+20,5.47363E+21,1.10048E+16,4.9398E+16
145341,145342,9,4,71,140,2016,9,6,2,3,0,1,0,1,0,0,0,1,0,0,6.36281E+20,5.53194E+21,1.08987E+16,4.99242E+16
145342,145343,9,5,64,0,2016,9,8,4,3,6,7,0,0,1,0,1,0,0,0,6.51645E+20,5.48077E+21,1.10927E+16,4.94606E+16
145343,145344,9,1,62,0,2016,9,20,2,3,5,2,2,0,0,1,0,0,0,0,6.89078E+20,5.33493E+21,1.15417E+16,4.81395E+16
145344,145345,9,7,77,182,2016,9,21,7,3,5,3,2,0,0,1,0,0,0,0,6.26975E+20,5.30903E+21,1.06996E+16,4.7922E+16
145345,145346,9,6,76,121,2016,9,18,2,3,0,7,0,0,1,1,0,0,0,0,5.11566E+20,5.52147E+21,9.16087E+15,4.98455E+16
145346,145347,9,5,62,0,2016,9,13,3,3,5,3,0,0,1,1,0,0,0,0,6.45555E+20,5.49533E+21,1.10141E+16,4.9593E+16
145347,145348,9,1,62,0,2016,9,17,2,3,5,2,0,0,1,1,0,0,0,0,6.91199E+20,5.34043E+21,1.15726E+16,4.81883E+16
145348,145349,9,7,72,149,2016,9,0,7,3,9,2,2,0,0,1,0,0,0,0,6.37784E+20,5.33999E+21,1.08542E+16,4.81982E+16
145349,145350,9,6,61,0,2016,9,14,2,3,0,7,0,0,0,1,0,1,0,0,5.10224E+20,5.53553E+21,9.14258E+15,4.99721E+16
145350,145351,9,1,87,117,2016,9,16,2,3,0,1,0,0,0,0,0,1,0,0,7.24115E+20,5.306E+21,1.19969E+16,4.78682E+16
145351,145352,9,6,72,127,2016,9,6,3,3,0,1,0,1,0,0,0,1,0,0,5.63319E+20,5.55296E+21,9.88584E+15,5.01255E+16
145352,145353,9,1,77,117,2016,9,12,1,3,0,7,0,0,1,0,0,0,0,0,7.15142E+20,5.35404E+21,1.19013E+16,4.83029E+16
145353,145354,9,6,62,0,2016,9,15,4,3,1,5,0,0,0,1,0,1,0,0,5.87372E+20,5.54488E+21,1.02204E+16,5.00498E+16
145354,145355,9,7,80,143,2016,9,9,4,3,5,3,0,0,1,1,0,0,0,0,5.97978E+20,5.28141E+21,1.03054E+16,4.76787E+16
145355,145356,9,3,62,0,2016,9,10,3,3,0,7,0,0,0,0,0,0,0,1,7.24069E+20,5.43464E+21,1.20651E+16,4.90239E+16
145356,145357,9,3,62,0,2016,9,18,2,3,4,6,0,1,1,0,0,0,0,0,7.2598E+20,5.43345E+21,1.20906E+16,4.90125E+16
145357,145358,9,4,73,121,2016,9,11,4,2,8,1,0,0,0,0,0,1,0,0,6.48775E+20,5.56742E+21,1.10864E+16,5.02402E+16
145358,145359,9,7,76,116,2016,9,14,2,3,0,3,0,1,0,0,0,1,0,0,5.51277E+20,5.26853E+21,9.68173E+15,4.75682E+16
145359,145360,9,7,72,184,2016,9,14,7,3,5,3,0,0,0,1,0,1,0,0,6.35488E+20,5.36098E+21,1.08301E+16,4.83874E+16
145360,145361,9,1,82,119,2016,9,11,4,2,5,3,0,0,1,1,0,0,0,0,7.12656E+20,5.29287E+21,1.18374E+16,4.77541E+16
145361,145362,9,2,61,0,2016,9,21,3,2,5,3,2,0,1,1,0,0,0,0,7.32112E+20,5.38161E+21,1.2145E+16,4.85446E+16
145362,145363,9,1,62,0,2016,9,22,7,3,2,6,2,0,0,1,0,0,0,0,6.99025E+20,5.3339E+21,1.16747E+16,4.81272E+16
145363,145364,9,7,61,0,2016,9,14,4,2,5,3,0,0,1,1,0,0,0,0,6.37268E+20,5.36046E+21,1.08539E+16,4.83824E+16
145364,145365,9,2,79,125,2016,9,22,4,3,0,7,2,0,0,0,0,1,0,0,7.67871E+20,5.39275E+21,1.26358E+16,4.86304E+16
145365,145366,9,1,62,0,2016,9,16,7,3,4,2,0,0,0,1,0,0,0,1,6.89724E+20,5.33335E+21,1.15496E+16,4.81251E+16
145366,145367,9,5,74,138,2016,9,19,4,3,8,1,0,0,1,0,0,0,0,0,6.59081E+20,5.49072E+21,1.11993E+16,4.95481E+16
145367,145368,9,7,76,126,2016,9,10,4,3,0,7,0,0,0,0,0,0,0,1,5.56581E+20,5.2693E+21,9.75234E+15,4.75746E+16
145368,145369,9,2,73,172,2016,9,15,3,2,3,6,0,0,1,0,0,0,1,0,7.09721E+20,5.40379E+21,1.18533E+16,4.87518E+16
145369,145370,9,3,76,175,2016,9,10,2,3,3,2,0,0,0,1,0,0,1,0,7.33283E+20,5.46966E+21,1.22113E+16,4.9335E+16
145370,145371,9,3,76,153,2016,9,16,4,2,0,7,0,0,1,0,0,0,0,0,7.30156E+20,5.48732E+21,1.21785E+16,4.94948E+16
145371,145372,9,1,62,0,2016,9,17,3,3,4,2,0,0,0,1,0,1,0,0,6.82501E+20,5.3364E+21,1.1454E+16,4.81547E+16
145372,145373,9,1,79,113,2016,9,10,4,3,0,7,0,0,1,0,0,0,0,0,6.71467E+20,5.33443E+21,1.13049E+16,4.814E+16
145373,145374,9,1,61,0,2016,9,11,3,2,0,7,0,0,1,0,1,0,0,0,6.75315E+20,5.40439E+21,1.13859E+16,4.87678E+16
145374,145375,9,1,62,0,2016,9,1,7,2,7,7,2,0,1,0,0,0,0,0,6.92602E+20,5.33474E+21,1.15889E+16,4.81367E+16
145375,145376,9,1,62,0,2016,9,8,3,3,4,6,0,0,1,0,0,0,0,0,6.93768E+20,5.33438E+21,1.16044E+16,4.81332E+16
145376,145377,9,1,87,117,2016,9,17,2,3,4,1,0,0,0,1,0,0,0,0,7.25396E+20,5.30516E+21,1.20136E+16,4.78602E+16
145377,145378,9,7,61,0,2016,9,17,3,3,5,3,0,0,0,1,0,0,0,0,6.38677E+20,5.35812E+21,1.08722E+16,4.8361E+16
145378,145379,9,2,73,147,2016,9,16,4,3,2,6,0,0,0,1,0,0,0,0,7.05537E+20,5.39577E+21,1.17925E+16,4.86811E+16
145379,145380,9,1,62,0,2016,9,5,3,3,0,3,0,0,0,0,0,1,1,0,6.88993E+20,5.34175E+21,1.15435E+16,4.82008E+16
145380,145381,9,1,87,137,2016,9,12,2,3,5,3,0,0,0,1,0,1,0,0,7.28461E+20,5.30688E+21,1.20554E+16,4.78745E+16
145381,145382,9,1,78,116,2016,9,11,4,3,8,1,0,0,0,1,0,0,0,0,6.97505E+20,5.38131E+21,1.16766E+16,4.85537E+16
145382,145383,9,1,77,117,2016,9,15,3,3,5,3,0,0,1,1,0,0,0,0,7.15835E+20,5.35441E+21,1.19108E+16,4.8306E+16
145383,145384,9,1,62,0,2016,9,9,7,3,1,1,0,0,1,1,0,0,0,0,6.92192E+20,5.33232E+21,1.15823E+16,4.81151E+16
145384,145385,9,1,62,0,2016,9,17,4,3,5,3,0,0,1,1,0,0,0,0,6.91036E+20,5.33701E+21,1.15689E+16,4.81576E+16
145385,145386,9,1,62,0,2016,9,6,2,3,4,2,0,1,0,1,0,0,0,1,6.92479E+20,5.33061E+21,1.15854E+16,4.80997E+16
145386,145387,9,7,61,0,2016,9,10,7,2,5,3,0,0,0,1,0,0,0,0,6.38695E+20,5.3604E+21,1.08732E+16,4.83815E+16
145387,145388,9,1,78,124,2016,9,16,2,3,5,3,0,0,1,1,0,0,0,0,7.04685E+20,5.36323E+21,1.17649E+16,4.8389E+16
145388,145389,9,6,77,131,2016,9,19,3,3,5,3,0,0,0,1,0,0,0,0,5.48983E+20,5.54532E+21,9.6843E+15,5.00581E+16
145389,145390,9,1,62,0,2016,9,13,7,3,3,5,0,0,0,1,0,1,0,0,7.00134E+20,5.33492E+21,1.16901E+16,4.8136E+16
145390,145391,9,6,79,170,2016,9,10,4,2,9,7,0,0,1,0,0,0,0,0,5.73822E+20,5.50064E+21,1.00228E+16,4.96537E+16
145391,145392,9,7,78,113,2016,9,18,4,2,9,1,0,0,0,1,0,0,0,0,6.10205E+20,5.31764E+21,1.04775E+16,4.80026E+16
145392,145393,9,5,71,193,2016,9,16,3,2,0,1,0,0,1,1,0,0,0,0,5.85009E+20,5.4696E+21,1.0171E+16,4.93731E+16
145393,145394,9,3,61,0,2016,9,5,2,3,5,2,2,1,1,1,0,0,0,0,7.06722E+20,5.48011E+21,1.18516E+16,4.94385E+16
145394,145395,9,1,62,0,2016,9,21,7,3,6,4,2,0,0,1,1,0,0,0,6.80408E+20,5.33565E+21,1.14255E+16,4.81485E+16
145395,145396,9,7,61,0,2016,9,16,4,2,5,3,0,0,0,1,0,1,0,0,6.40611E+20,5.35714E+21,1.0898E+16,4.83518E+16
145396,145397,9,5,64,0,2016,9,11,3,3,6,1,0,0,1,0,1,0,0,0,6.54003E+20,5.47895E+21,1.11245E+16,4.94437E+16
145397,145398,9,2,75,128,2016,9,10,2,3,5,3,0,0,1,1,0,0,0,0,8.29337E+20,5.4008E+21,1.34741E+16,4.86733E+16
145398,145399,9,1,62,0,2016,9,16,2,3,0,7,0,0,1,1,0,0,0,0,6.91184E+20,5.33514E+21,1.157E+16,4.81407E+16
145399,145400,9,1,84,112,2016,9,13,7,2,0,1,0,0,1,0,0,0,0,0,7.01335E+20,5.34185E+21,1.17095E+16,4.8198E+16
145400,145401,9,1,62,0,2016,9,15,2,3,1,5,0,0,1,1,0,0,0,0,6.89273E+20,5.33599E+21,1.15447E+16,4.81489E+16
145401,145402,9,5,62,0,2016,9,13,2,3,3,2,0,0,1,1,0,0,0,0,6.46409E+20,5.49526E+21,1.10259E+16,4.95922E+16
145402,145403,9,1,62,0,2016,9,21,1,3,2,6,2,1,0,1,0,0,0,0,6.86335E+20,5.33843E+21,1.15064E+16,4.81718E+16
145403,145404,9,6,76,132,2016,9,11,3,3,0,7,0,0,0,0,0,1,0,0,5.16098E+20,5.50691E+21,9.2233E+15,4.97145E+16
145404,145405,9,1,62,0,2016,9,10,7,3,1,5,0,0,1,1,0,0,0,0,6.9166E+20,5.3315E+21,1.15748E+16,4.81079E+16
145405,145406,9,6,76,134,2016,9,17,4,3,5,3,0,0,0,1,0,0,0,0,5.12727E+20,5.51399E+21,9.17677E+15,4.97783E+16
145406,145407,9,7,63,0,2016,9,8,4,3,6,7,0,0,0,1,1,0,0,1,6.00116E+20,5.28587E+21,1.03349E+16,4.77184E+16
145407,145408,9,3,73,126,2016,9,6,3,3,5,3,0,1,0,1,0,0,0,0,6.7128E+20,5.45132E+21,1.13508E+16,4.91908E+16
145408,145409,9,2,77,133,2016,9,17,2,3,5,7,0,0,1,1,0,0,0,0,7.66866E+20,5.36631E+21,1.26053E+16,4.83934E+16
145409,145410,9,3,75,174,2016,9,20,4,3,4,6,1,0,1,0,0,0,0,0,7.34064E+20,5.43111E+21,1.21996E+16,4.89885E+16
145410,145411,9,1,84,141,2016,9,15,3,3,1,5,0,0,1,1,0,0,0,0,6.9851E+20,5.31637E+21,1.16597E+16,4.79698E+16
145411,145412,9,7,79,201,2016,9,18,2,3,8,7,0,0,0,0,0,0,0,1,6.44219E+20,5.39098E+21,1.09583E+16,4.86552E+16
145412,145413,9,7,61,0,2016,9,13,7,3,5,3,0,0,1,1,0,0,0,0,6.42732E+20,5.36015E+21,1.09276E+16,4.83784E+16
145413,145414,9,5,71,165,2016,9,18,4,3,0,7,0,0,1,0,0,0,0,0,6.30327E+20,5.46722E+21,1.07942E+16,4.93438E+16
145414,145415,9,7,78,173,2016,9,17,2,3,5,1,0,0,0,1,0,0,0,0,6.09034E+20,5.3255E+21,1.04638E+16,4.80734E+16
145415,145416,9,6,63,0,2016,9,14,7,3,0,7,0,0,0,0,0,0,0,1,5.65841E+20,5.51573E+21,9.91475E+15,4.97904E+16
145416,145417,9,1,73,135,2016,9,10,4,3,5,2,0,0,1,1,0,0,0,0,6.93452E+20,5.28395E+21,1.15775E+16,4.76799E+16
145417,145418,9,1,62,0,2016,9,15,7,3,3,6,0,0,1,0,0,0,0,1,6.91378E+20,5.33454E+21,1.15724E+16,4.81353E+16
145418,145419,9,5,64,0,2016,9,10,4,3,6,2,0,0,0,1,1,0,0,0,6.49685E+20,5.48074E+21,1.10657E+16,4.94609E+16
145419,145420,9,7,77,163,2016,9,11,4,3,0,7,0,0,1,0,0,0,0,1,6.29402E+20,5.27489E+21,1.07219E+16,4.76145E+16
145420,145421,9,2,63,0,2016,9,18,4,3,5,3,0,0,0,1,0,1,0,0,7.61866E+20,5.41959E+21,1.25715E+16,4.88739E+16
145421,145422,9,1,62,0,2016,9,11,3,3,5,3,0,0,0,1,0,0,0,0,6.90519E+20,5.34185E+21,1.15641E+16,4.82013E+16
145422,145423,9,1,74,122,2016,9,14,4,3,5,3,0,0,0,1,0,0,0,0,6.81828E+20,5.35144E+21,1.14514E+16,4.829E+16
145423,145424,9,1,62,0,2016,9,18,3,3,2,6,0,0,0,1,0,1,0,0,6.80981E+20,5.33956E+21,1.14349E+16,4.81835E+16
145424,145425,9,1,62,0,2016,9,12,7,3,0,7,0,0,1,0,0,0,0,0,6.91653E+20,5.33431E+21,1.1576E+16,4.81332E+16
145425,145426,9,1,86,130,2016,9,12,4,3,9,7,0,0,0,1,0,0,0,0,6.85076E+20,5.37238E+21,1.15043E+16,4.84773E+16
145426,145427,9,1,73,118,2016,9,10,3,3,4,1,0,1,0,0,0,0,0,1,6.91085E+20,5.29921E+21,1.15527E+16,4.78179E+16
145427,145428,9,7,75,152,2016,9,18,7,3,5,3,0,0,1,1,0,0,0,0,5.77055E+20,5.35378E+21,1.00397E+16,4.83325E+16
145428,145429,9,1,62,0,2016,9,16,3,3,5,2,0,0,1,1,0,0,0,0,6.88718E+20,5.33679E+21,1.15376E+16,4.81563E+16
145429,145430,9,1,84,147,2016,9,1,1,3,5,7,2,0,1,1,0,0,0,0,6.96195E+20,5.34066E+21,1.16399E+16,4.81889E+16
145430,145431,9,7,73,122,2016,9,12,3,3,0,1,0,0,1,0,0,0,0,0,6.26944E+20,5.38494E+21,1.0722E+16,4.86047E+16
145431,145432,9,5,63,0,2016,9,6,3,3,5,3,1,0,0,1,0,0,0,1,6.43182E+20,5.48609E+21,1.09779E+16,4.95105E+16
145432,145433,9,2,77,116,2016,9,9,2,3,2,6,0,0,0,1,0,0,0,0,7.76307E+20,5.36759E+21,1.27334E+16,4.84008E+16
145433,145434,9,1,62,0,2016,9,12,2,3,1,7,0,0,1,1,0,0,0,0,6.83644E+20,5.33543E+21,1.14689E+16,4.81456E+16
145434,145435,9,7,75,135,2016,9,18,7,3,4,2,0,0,0,1,0,0,0,0,5.75184E+20,5.36078E+21,1.00157E+16,4.83957E+16
145435,145436,9,1,62,0,2016,9,10,2,3,3,3,0,0,1,1,0,0,0,0,6.86246E+20,5.3318E+21,1.15023E+16,4.81122E+16
145436,145437,9,6,63,0,2016,9,21,7,3,6,4,2,0,1,0,1,0,0,0,5.66864E+20,5.51691E+21,9.92916E+15,4.9801E+16
145437,145438,9,7,71,146,2016,9,11,6,3,0,1,0,0,1,0,0,0,0,0,6.46095E+20,5.34941E+21,1.09693E+16,4.82811E+16
145438,145439,9,5,62,0,2016,9,15,5,3,4,6,0,0,1,0,0,0,0,0,6.44679E+20,5.49482E+21,1.10018E+16,4.95886E+16
145439,145440,9,2,62,0,2016,9,16,5,3,5,3,0,0,0,1,0,1,0,0,8.26604E+20,5.38931E+21,1.3428E+16,4.85716E+16
145440,145441,9,1,62,0,2016,9,21,7,3,0,7,2,0,0,0,0,0,0,1,6.91899E+20,5.3344E+21,1.15793E+16,4.81339E+16
145441,145442,9,6,62,0,2016,9,16,7,3,2,6,0,0,0,1,0,0,0,0,5.88201E+20,5.54509E+21,1.0232E+16,5.00515E+16
145442,145443,9,6,62,0,2016,9,11,6,3,5,3,0,0,1,1,0,0,0,0,5.87197E+20,5.54349E+21,1.02176E+16,5.00373E+16
145443,145444,9,1,62,0,2016,9,18,5,3,0,7,0,0,0,1,0,1,0,0,6.92278E+20,5.33489E+21,1.15846E+16,4.81382E+16
145444,145445,9,2,78,113,2016,9,14,7,3,4,3,0,0,1,1,0,0,0,0,7.65997E+20,5.41676E+21,1.26259E+16,4.88467E+16
145445,145446,9,4,62,0,2016,9,8,6,2,1,3,0,0,1,1,0,0,0,0,6.81261E+20,5.5353E+21,1.15263E+16,4.99425E+16
145446,145447,9,2,74,184,2016,9,12,6,3,4,6,0,0,0,1,0,0,0,0,7.47125E+20,5.37145E+21,1.23421E+16,4.84477E+16
145447,145448,9,1,62,0,2016,9,14,6,3,5,2,0,0,1,1,0,0,0,1,6.90169E+20,5.33632E+21,1.15569E+16,4.81517E+16
145448,145449,9,1,62,0,2016,9,14,5,3,3,2,0,0,1,0,0,0,0,1,6.91367E+20,5.33194E+21,1.15711E+16,4.81119E+16
145449,145450,9,2,75,141,2016,9,16,5,3,5,3,0,0,1,1,0,0,0,0,8.18593E+20,5.37022E+21,1.33052E+16,4.84045E+16
145450,145451,9,7,61,0,2016,9,0,7,3,1,6,2,0,1,1,0,0,0,0,6.39088E+20,5.36025E+21,1.08784E+16,4.838E+16
145451,145452,9,4,79,136,2016,9,9,7,3,2,6,0,0,1,1,0,0,0,0,7.20261E+20,5.54286E+21,1.20735E+16,4.99973E+16
145452,145453,9,7,61,0,2016,9,18,5,3,6,7,0,0,1,0,1,0,0,0,6.35338E+20,5.35354E+21,1.08257E+16,4.83206E+16
145453,145454,9,1,62,0,2016,9,0,5,3,1,7,2,0,0,1,0,0,0,0,6.89719E+20,5.34381E+21,1.15542E+16,4.82191E+16
145454,145455,9,2,77,111,2016,9,18,5,2,8,7,0,0,0,0,0,1,0,0,7.80573E+20,5.38311E+21,1.28013E+16,4.85383E+16
145455,145456,9,7,77,151,2016,9,21,7,3,5,3,2,0,0,1,0,0,0,0,6.2115E+20,5.29322E+21,1.06173E+16,4.7781E+16
145456,145457,9,5,64,0,2016,9,13,7,3,4,6,0,0,1,1,0,0,0,0,6.54964E+20,5.47446E+21,1.1136E+16,4.94031E+16
145457,145458,9,7,77,151,2016,9,12,5,3,0,1,0,0,1,0,0,0,0,0,6.20951E+20,5.29269E+21,1.06145E+16,4.77762E+16
145458,145459,9,5,64,0,2016,9,19,6,3,5,3,0,0,0,1,0,0,0,0,6.48736E+20,5.47879E+21,1.10519E+16,4.94436E+16
145459,145460,9,1,62,0,2016,9,13,5,3,5,3,0,0,1,1,0,0,0,0,6.91705E+20,5.32945E+21,1.15745E+16,4.80894E+16
145460,145461,9,1,80,122,2016,9,23,7,2,4,1,2,0,0,1,0,0,0,0,6.71491E+20,5.26298E+21,1.1277E+16,4.74977E+16
145461,145462,9,3,72,144,2016,9,13,6,3,9,2,0,0,0,1,0,0,0,1,7.87464E+20,5.46426E+21,1.29515E+16,4.92634E+16
145462,145463,9,1,63,0,2016,9,20,6,3,6,4,2,0,1,0,1,0,0,0,7.31916E+20,5.3045E+21,1.21003E+16,4.78519E+16
145463,145464,9,1,62,0,2016,9,14,7,3,6,7,0,0,1,0,1,0,0,0,6.91375E+20,5.33295E+21,1.15716E+16,4.8121E+16
145464,145465,9,1,62,0,2016,9,20,6,3,1,1,2,0,0,1,0,1,0,0,6.89375E+20,5.33492E+21,1.15456E+16,4.81393E+16
145465,145466,9,7,78,123,2016,9,9,5,3,4,6,0,0,0,1,0,0,0,0,5.84818E+20,5.31623E+21,1.01369E+16,4.79938E+16
145466,145467,9,1,90,140,2016,9,15,5,3,5,3,0,0,0,1,0,0,0,0,6.44321E+20,5.2952E+21,1.09271E+16,4.77939E+16
145467,145468,9,6,74,219,2016,9,12,7,2,8,1,0,0,0,0,0,1,0,0,6.04809E+20,5.54076E+21,1.04628E+16,5.00099E+16
145468,145469,9,3,75,190,2016,9,18,7,3,9,1,0,0,0,1,0,0,0,0,7.2208E+20,5.44646E+21,1.20444E+16,4.91308E+16
145469,145470,9,6,75,141,2016,9,13,5,3,5,3,0,0,1,1,0,0,0,0,5.83998E+20,5.50982E+21,1.01657E+16,4.9735E+16
145470,145471,9,1,76,149,2016,9,14,7,3,5,3,0,0,0,1,0,1,0,0,6.65937E+20,5.40753E+21,1.12597E+16,4.87986E+16
145471,145472,9,7,74,135,2016,9,12,6,3,5,3,0,0,1,1,0,0,0,0,5.95019E+20,5.36747E+21,1.02851E+16,4.84532E+16
145472,145473,9,5,76,143,2016,9,14,5,3,0,3,0,0,1,0,0,0,0,1,6.52603E+20,5.4579E+21,1.10972E+16,4.92548E+16
145473,145474,9,5,77,138,2016,9,11,6,2,5,3,0,0,1,1,0,0,0,0,6.31808E+20,5.44573E+21,1.08075E+16,4.91502E+16
145474,145475,9,1,87,122,2016,9,22,7,3,9,1,2,0,0,1,0,0,0,0,7.17763E+20,5.31073E+21,1.19145E+16,4.79128E+16
145475,145476,9,1,62,0,2016,9,18,6,3,6,2,0,0,0,1,1,0,0,0,6.95527E+20,5.33718E+21,1.16293E+16,4.81578E+16
145476,145477,9,2,75,154,2016,9,23,6,3,0,7,2,0,0,1,0,0,0,0,8.0893E+20,5.39491E+21,1.31932E+16,4.86308E+16
145477,145478,9,2,63,0,2016,9,11,6,3,5,3,0,0,1,1,0,0,0,0,7.62262E+20,5.41938E+21,1.25768E+16,4.88718E+16
145478,145479,9,1,62,0,2016,9,7,6,2,6,4,0,0,0,1,1,0,0,0,6.81167E+20,5.33877E+21,1.14371E+16,4.81764E+16
145479,145480,9,1,80,129,2016,9,15,5,1,5,3,0,0,1,0,0,0,1,0,6.51684E+20,5.2798E+21,1.102E+16,4.76538E+16
145480,145481,9,7,79,197,2016,9,17,6,3,4,2,0,0,1,1,0,0,0,0,6.17227E+20,5.42327E+21,1.06012E+16,4.89512E+16
145481,145482,9,5,63,0,2016,9,14,5,3,5,3,0,0,0,1,0,0,0,0,6.45372E+20,5.4805E+21,1.10061E+16,4.94598E+16
145482,145483,9,1,80,118,2016,9,12,5,3,4,6,0,0,0,1,0,0,0,0,6.54248E+20,5.26006E+21,1.10472E+16,4.74757E+16
145483,145484,9,1,62,0,2016,9,19,6,3,2,6,0,0,0,1,0,0,0,0,6.86253E+20,5.33147E+21,1.15022E+16,4.81092E+16
145484,145485,9,1,89,155,2016,9,12,5,3,6,4,0,0,1,0,1,0,0,0,7.72384E+20,5.30819E+21,1.26425E+16,4.78692E+16
145485,145486,9,6,71,122,2016,9,20,5,3,3,7,1,0,0,1,0,1,0,0,5.04703E+20,5.52971E+21,9.06552E+15,4.99198E+16
145486,145487,9,1,63,0,2016,9,15,6,3,2,6,0,0,0,1,0,0,0,0,7.31086E+20,5.30362E+21,1.20887E+16,4.78443E+16
145487,145488,9,7,61,0,2016,9,7,6,3,4,2,0,0,0,0,0,1,1,0,6.4105E+20,5.35921E+21,1.09046E+16,4.83703E+16
145488,145489,9,5,64,0,2016,9,7,5,3,2,7,0,0,0,1,0,0,0,0,6.50696E+20,5.47846E+21,1.10788E+16,4.94401E+16
145489,145490,9,1,89,154,2016,9,16,5,2,8,1,0,0,1,0,0,0,0,0,7.68953E+20,5.31893E+21,1.26034E+16,4.79671E+16
145490,145491,9,7,78,171,2016,9,22,7,3,8,7,2,0,0,1,0,0,0,0,5.89897E+20,5.31619E+21,1.0205E+16,4.79927E+16
145491,145492,9,6,61,0,2016,9,16,7,3,4,6,0,0,0,1,0,0,0,0,5.11876E+20,5.53387E+21,9.16557E+15,4.99571E+16
145492,145493,9,6,71,140,2016,9,16,6,3,6,4,0,0,0,1,1,0,0,0,5.06019E+20,5.53727E+21,9.08397E+15,4.99878E+16
145493,145494,9,1,62,0,2016,9,10,5,3,6,6,0,0,0,1,1,0,0,0,6.90414E+20,5.34267E+21,1.15631E+16,4.82087E+16
145494,145495,9,2,62,0,2016,9,16,7,3,0,6,0,0,1,0,0,0,0,0,8.27018E+20,5.38914E+21,1.34335E+16,4.85699E+16
145495,145496,9,4,61,0,2016,9,19,6,3,6,7,0,0,1,0,1,0,0,0,6.36692E+20,5.52839E+21,1.09031E+16,4.98923E+16
145496,145497,9,1,63,0,2016,9,6,6,2,5,3,0,0,1,1,0,0,0,0,7.32658E+20,5.30476E+21,1.21103E+16,4.7854E+16
145497,145498,9,2,73,137,2016,9,19,6,3,8,1,1,0,1,0,0,0,0,0,7.13447E+20,5.41982E+21,1.19123E+16,4.88945E+16
145498,145499,9,6,63,0,2016,9,17,6,3,1,6,0,0,0,1,0,0,0,0,5.67029E+20,5.51455E+21,9.93105E+15,4.97797E+16
145499,145500,9,1,84,123,2016,9,10,5,3,4,2,0,0,1,1,0,0,0,0,7.02471E+20,5.33187E+21,1.172E+16,4.81079E+16
145500,145501,9,1,72,130,2016,9,19,5,3,8,1,0,0,0,0,0,1,0,0,7.95406E+20,5.31038E+21,1.29512E+16,4.78787E+16
145501,145502,9,4,77,128,2016,9,21,6,3,9,1,2,0,0,1,0,0,0,0,6.75233E+20,5.55385E+21,1.14509E+16,5.01111E+16