FID,OBJECTID,ULAND,UREGBEZ,UKREIS,UGEMEINDE,UJAHR,UMONAT,USTUNDE,UWOCHENTAG,UKATEGORIE,UART,UTYP1,ULICHTVERH,IstStrasse,IstRad,IstPKW,IstFuss,IstKrad,IstGkfz,IstSonstig,LINREFX,LINREFY,XGCSWGS84,YGCSWGS84
145502,145503,9,1,87,117,2016,9,12,6,3,0,1,0,0,1,0,0,0,0,0,7.25252E+20,5.30538E+21,1.20118E+16,4.78622E+16
145503,145504,9,1,73,112,2016,9,13,6,2,0,7,0,0,1,0,0,0,0,0,6.9208E+20,5.2918E+21,1.15627E+16,4.77509E+16
145504,145505,9,5,64,0,2016,9,17,5,3,1,5,0,0,1,1,0,0,0,0,6.51872E+20,5.48054E+21,1.10958E+16,4.94585E+16
145505,145506,9,1,62,0,2016,9,13,5,3,5,3,0,0,1,1,0,0,0,0,6.87293E+20,5.33467E+21,1.15176E+16,4.81377E+16
145506,145507,9,1,71,121,2016,9,6,5,3,8,1,0,0,1,0,0,0,0,0,7.74748E+20,5.34508E+21,1.26977E+16,4.81994E+16
145507,145508,9,7,77,170,2016,9,14,7,2,0,6,0,0,1,0,0,0,0,0,6.22941E+20,5.2784E+21,1.0637E+16,4.76473E+16
145508,145509,9,5,73,111,2016,9,17,7,3,5,7,0,0,1,1,0,0,0,0,6.33845E+20,5.47603E+21,1.08456E+16,4.94222E+16
145509,145510,9,7,72,223,2016,9,17,5,3,3,6,0,0,1,0,0,0,0,0,6.19121E+20,5.36167E+21,1.06093E+16,4.8397E+16
145510,145511,9,5,64,0,2016,9,12,6,3,5,2,0,0,1,1,0,0,0,0,6.51801E+20,5.47729E+21,1.10935E+16,4.94293E+16
145511,145512,9,1,62,0,2016,9,17,5,3,0,1,0,0,1,0,0,0,0,0,6.91932E+20,5.33221E+21,1.15788E+16,4.81142E+16
145512,145513,9,1,73,126,2016,9,12,7,3,5,3,0,0,1,1,0,0,0,0,6.84768E+20,5.30507E+21,1.14709E+16,4.78724E+16
145513,145514,9,2,77,116,2016,9,19,6,3,0,7,1,0,1,0,0,0,0,0,7.79412E+20,5.36825E+21,1.27757E+16,4.84054E+16
145514,145515,9,3,62,0,2016,9,5,6,3,2,6,1,0,0,1,0,1,0,0,7.27357E+20,5.43351E+21,1.21094E+16,4.90125E+16
145515,145516,9,1,85,149,2016,9,1,6,3,7,5,2,0,0,1,0,0,0,0,6.5951E+20,5.40016E+21,1.11694E+16,4.8734E+16
145516,145517,9,1,62,0,2016,9,23,7,3,5,2,2,0,1,1,0,0,0,0,6.90911E+20,5.33565E+21,1.15666E+16,4.81454E+16
145517,145518,9,1,62,0,2016,9,10,6,3,5,2,0,0,1,1,0,0,0,0,6.91239E+20,5.33414E+21,1.15703E+16,4.81318E+16
145518,145519,9,1,62,0,2016,9,21,6,2,1,5,2,0,1,1,0,0,0,0,6.87357E+20,5.335E+21,1.15186E+16,4.81406E+16
145519,145520,9,1,62,0,2016,9,17,5,3,0,7,0,0,1,0,0,0,0,0,6.88926E+20,5.33288E+21,1.15387E+16,4.81211E+16
145520,145521,9,1,63,0,2016,9,12,5,3,5,3,0,0,0,1,0,1,0,0,7.32806E+20,5.30366E+21,1.21117E+16,4.78441E+16
145521,145522,9,7,61,0,2016,9,14,7,3,0,7,0,0,1,1,0,0,0,0,6.41704E+20,5.35352E+21,1.09115E+16,4.8319E+16
145522,145523,9,4,63,0,2016,9,10,7,3,8,7,0,0,0,1,0,0,0,0,6.4066E+20,5.5691E+21,1.09733E+16,5.02572E+16
145523,145524,9,7,61,0,2016,9,7,5,3,0,1,0,0,1,0,0,0,0,0,6.40592E+20,5.35889E+21,1.08983E+16,4.83675E+16
145524,145525,9,1,86,143,2016,9,14,7,3,3,6,0,0,0,1,0,1,0,0,6.83326E+20,5.37891E+21,1.14836E+16,4.85365E+16
145525,145526,9,1,62,0,2016,9,17,6,3,0,1,0,0,1,0,0,0,0,0,6.91561E+20,5.33443E+21,1.15748E+16,4.81343E+16
145526,145527,9,1,62,0,2016,9,18,6,3,5,2,0,0,1,1,0,0,0,0,6.87464E+20,5.33605E+21,1.15205E+16,4.815E+16
145527,145528,9,1,87,118,2016,9,15,5,3,0,1,0,0,1,0,0,0,0,0,7.52995E+20,5.30269E+21,1.23805E+16,4.78278E+16
145528,145529,9,1,82,124,2016,9,12,5,1,0,7,0,0,1,0,0,0,0,0,7.06887E+20,5.28371E+21,1.17562E+16,4.76736E+16
145529,145530,9,3,76,163,2016,9,10,7,3,4,1,0,0,0,1,0,0,0,0,7.27769E+20,5.47553E+21,1.21388E+16,4.93898E+16
145530,145531,9,6,62,0,2016,9,17,5,3,6,2,0,0,0,1,1,0,0,0,5.87781E+20,5.5445E+21,1.0226E+16,5.00463E+16
145531,145532,9,1,77,133,2016,9,9,7,3,5,3,0,0,0,1,0,0,0,1,7.06403E+20,5.35928E+21,1.17861E+16,4.83529E+16
145532,145533,9,7,62,0,2016,9,13,6,3,0,1,0,0,0,0,0,0,0,1,6.2229E+20,5.30567E+21,1.0636E+16,4.78927E+16
145533,145534,9,5,64,0,2016,9,19,5,2,5,3,0,0,1,1,0,0,0,0,6.51796E+20,5.47942E+21,1.10943E+16,4.94485E+16
145534,145535,9,1,62,0,2016,9,20,6,3,5,2,2,0,0,1,0,0,0,0,6.96979E+20,5.33182E+21,1.16463E+16,4.81092E+16
145535,145536,9,7,61,0,2016,9,17,6,3,5,3,0,0,1,1,0,0,0,0,6.41915E+20,5.35831E+21,1.09159E+16,4.8362E+16
145536,145537,9,1,62,0,2016,9,18,5,3,0,1,0,0,1,0,0,0,0,0,6.89461E+20,5.34077E+21,1.15494E+16,4.81919E+16
145537,145538,9,1,87,137,2016,9,9,5,3,4,6,0,0,0,1,0,0,0,0,7.31424E+20,5.3131E+21,1.20983E+16,4.79294E+16
145538,145539,9,4,73,159,2016,9,16,6,3,5,3,0,0,0,1,0,0,0,0,6.44751E+20,5.57124E+21,1.10315E+16,5.02756E+16
145539,145540,9,1,61,0,2016,9,13,6,3,5,3,0,0,0,1,0,0,0,0,6.77908E+20,5.40465E+21,1.14213E+16,4.87694E+16
145540,145541,9,1,89,143,2016,9,9,6,2,3,6,0,0,1,1,0,0,0,0,7.58249E+20,5.31937E+21,1.24606E+16,4.79755E+16
145541,145542,9,5,64,0,2016,9,15,5,3,6,4,0,0,1,0,1,0,0,0,6.52188E+20,5.47884E+21,1.10995E+16,4.94432E+16
145542,145543,9,1,62,0,2016,9,18,5,3,5,2,0,0,1,1,0,0,0,0,6.82788E+20,5.34113E+21,1.14599E+16,4.81971E+16
145543,145544,9,1,61,0,2016,9,16,5,3,2,6,0,0,0,1,0,0,0,0,6.78736E+20,5.40406E+21,1.14323E+16,4.87639E+16
145544,145545,9,7,80,121,2016,9,15,7,2,0,6,0,0,0,1,0,1,0,0,5.96684E+20,5.25715E+21,1.02828E+16,4.74606E+16
145545,145546,9,7,73,182,2016,9,16,6,3,3,6,0,0,1,1,0,0,0,0,6.24307E+20,5.37937E+21,1.06846E+16,4.85551E+16
145546,145547,9,5,71,177,2016,9,12,5,3,5,3,0,0,0,1,0,0,0,0,6.24394E+20,5.45108E+21,1.07076E+16,4.91999E+16
145547,145548,9,1,61,0,2016,9,16,5,2,5,3,0,0,1,1,0,0,0,0,6.77082E+20,5.40122E+21,1.14086E+16,4.87388E+16
145548,145549,9,1,62,0,2016,9,10,7,3,5,2,0,0,1,1,0,0,0,0,6.90596E+20,5.33725E+21,1.15631E+16,4.81599E+16
145549,145550,9,6,73,141,2016,9,14,6,3,5,3,0,0,0,1,0,0,0,0,6.04737E+20,5.57348E+21,1.04708E+16,5.03041E+16
145550,145551,9,1,62,0,2016,9,5,5,3,5,2,2,0,0,1,0,0,0,0,6.86419E+20,5.33755E+21,1.15071E+16,4.81638E+16
145551,145552,9,4,72,143,2016,9,17,6,2,6,7,0,0,0,1,1,0,0,0,6.92315E+20,5.54317E+21,1.16842E+16,5.00098E+16
145552,145553,9,1,89,150,2016,9,12,6,3,0,1,0,0,1,0,0,0,0,0,7.78474E+20,5.32246E+21,1.2733E+16,4.79947E+16
145553,145554,9,1,62,0,2016,9,7,5,3,5,2,0,0,1,1,0,0,0,0,6.95138E+20,5.333E+21,1.16222E+16,4.81204E+16
145554,145555,9,1,61,0,2016,9,12,5,3,6,4,0,0,0,1,1,0,0,0,6.7831E+20,5.4039E+21,1.14264E+16,4.87625E+16
145555,145556,9,7,72,131,2016,9,9,7,3,0,7,0,0,1,0,0,0,0,0,6.21029E+20,5.35709E+21,1.06338E+16,4.83554E+16
145556,145557,9,5,61,0,2016,9,8,7,3,5,3,0,0,0,1,0,0,0,0,6.1453E+20,5.46154E+21,1.05752E+16,4.92959E+16
145557,145558,9,7,61,0,2016,9,15,5,3,5,3,0,0,0,1,0,0,0,0,6.40338E+20,5.36259E+21,1.08961E+16,4.84008E+16
145558,145559,9,5,64,0,2016,9,14,6,3,0,7,0,0,1,0,0,0,0,0,6.51012E+20,5.47965E+21,1.10836E+16,4.94507E+16
145559,145560,9,1,89,159,2016,9,18,7,3,6,7,0,0,1,0,1,0,0,0,7.61659E+20,5.30197E+21,1.24956E+16,4.78178E+16
145560,145561,9,1,62,0,2016,9,15,6,3,5,3,0,0,1,1,0,0,0,0,6.93319E+20,5.33525E+21,1.15987E+16,4.81411E+16
145561,145562,9,5,63,0,2016,9,15,7,3,1,5,0,0,1,1,0,0,0,0,6.44106E+20,5.48135E+21,1.0989E+16,4.94677E+16
145562,145563,9,7,80,139,2016,9,13,5,2,5,2,0,0,1,1,0,0,0,0,5.96072E+20,5.26299E+21,1.0276E+16,4.75132E+16
145563,145564,9,5,64,0,2016,9,11,6,3,0,1,0,0,1,0,0,0,0,0,6.49095E+20,5.47912E+21,1.10569E+16,4.94465E+16
145564,145565,9,1,62,0,2016,9,12,5,3,1,5,0,0,1,1,0,0,0,0,6.89444E+20,5.33349E+21,1.15459E+16,4.81264E+16
145565,145566,9,1,90,140,2016,9,4,7,3,3,1,2,0,1,0,0,0,0,0,6.44023E+20,5.29578E+21,1.09233E+16,4.77993E+16
145566,145567,9,3,74,158,2016,9,14,6,3,0,3,0,0,0,1,0,1,0,0,7.31071E+20,5.51405E+21,1.22069E+16,4.97345E+16
145567,145568,9,1,86,162,2016,9,6,6,3,1,5,0,0,0,1,0,0,0,0,6.93612E+20,5.38582E+21,1.1626E+16,4.85955E+16
145568,145569,9,1,62,0,2016,9,13,7,3,5,2,0,0,0,1,0,0,0,0,6.92713E+20,5.33412E+21,1.15901E+16,4.81312E+16
145569,145570,9,1,62,0,2016,9,15,6,3,3,5,0,0,0,1,0,1,0,0,6.98949E+20,5.33324E+21,1.16734E+16,4.81213E+16
145570,145571,9,1,62,0,2016,9,12,5,3,2,6,0,0,0,1,0,0,0,0,6.88572E+20,5.3337E+21,1.15343E+16,4.81286E+16
145571,145572,9,1,61,0,2016,9,12,5,3,1,6,0,0,0,1,0,1,0,0,6.78634E+20,5.40178E+21,1.14299E+16,4.87434E+16
145572,145573,9,6,75,141,2016,9,11,7,3,5,3,0,0,0,1,0,1,0,0,5.82801E+20,5.51033E+21,1.01492E+16,4.97398E+16
145573,145574,9,3,75,148,2016,9,10,7,3,3,6,0,0,0,1,0,0,1,0,7.07567E+20,5.4355E+21,1.18401E+16,4.90374E+16
145574,145575,9,6,63,0,2016,9,13,5,3,5,2,0,0,1,1,0,0,0,0,5.6847E+20,5.51538E+21,9.95119E+15,4.9787E+16
145575,145576,9,1,86,147,2016,9,10,7,2,2,6,0,0,1,0,0,0,0,0,6.82306E+20,5.39166E+21,1.14753E+16,4.86514E+16
145576,145577,9,7,78,171,2016,9,18,6,3,5,3,0,0,1,1,0,0,0,0,5.9022E+20,5.31549E+21,1.02091E+16,4.79864E+16
145577,145578,9,4,63,0,2016,9,11,5,3,0,7,0,0,1,0,0,0,0,0,6.40547E+20,5.56796E+21,1.09713E+16,5.0247E+16
145578,145579,9,2,76,122,2016,9,15,6,3,9,1,0,0,0,0,0,1,0,0,7.91147E+20,5.438E+21,1.29831E+16,4.9026E+16
145579,145580,9,1,88,139,2016,9,18,6,3,6,7,0,0,0,1,1,0,0,0,6.74287E+20,5.31775E+21,1.1336E+16,4.79892E+16
145580,145581,9,1,62,0,2016,9,15,6,3,5,3,0,0,1,1,0,0,0,0,6.83074E+20,5.33567E+21,1.14613E+16,4.81479E+16
145581,145582,9,1,79,123,2016,9,9,5,3,0,7,0,0,1,0,0,0,0,0,6.74914E+20,5.33388E+21,1.1351E+16,4.81341E+16
145582,145583,9,7,73,125,2016,9,0,1,3,0,1,2,0,1,0,0,0,0,0,6.11311E+20,5.38259E+21,1.05094E+16,4.85865E+16
145583,145584,9,4,74,129,2016,9,21,5,3,0,7,2,0,1,0,0,0,0,0,6.67305E+20,5.51405E+21,1.13228E+16,4.97556E+16
145584,145585,9,1,81,114,2016,9,16,5,3,2,6,0,0,0,1,0,0,0,0,6.57049E+20,5.3126E+21,1.11033E+16,4.79474E+16
145585,145586,9,6,63,0,2016,9,16,6,3,0,1,0,0,1,0,0,0,0,0,5.67341E+20,5.51473E+21,9.93541E+15,4.97812E+16
145586,145587,9,1,62,0,2016,9,8,5,3,4,2,0,0,1,1,0,0,0,0,6.92165E+20,5.33794E+21,1.15845E+16,4.81656E+16
145587,145588,9,1,74,126,2016,9,19,5,2,0,1,0,0,1,0,0,0,0,0,6.82468E+20,5.34605E+21,1.14577E+16,4.82414E+16
145588,145589,9,1,62,0,2016,9,13,6,3,5,7,0,0,0,1,0,1,0,0,6.8726E+20,5.33377E+21,1.15167E+16,4.81296E+16
145589,145590,9,1,74,115,2016,9,10,5,3,5,3,0,0,0,1,0,0,0,0,6.82821E+20,5.34874E+21,1.14636E+16,4.82655E+16
145590,145591,9,7,72,163,2016,9,12,6,3,0,1,0,0,1,0,0,0,0,0,6.40335E+20,5.3489E+21,1.08915E+16,4.82777E+16
145591,145592,9,4,61,0,2016,9,17,5,3,5,3,0,0,1,1,0,0,0,0,6.36375E+20,5.52862E+21,1.08988E+16,4.98944E+16
145592,145593,9,1,75,133,2016,9,22,5,3,0,1,2,0,1,0,0,0,0,0,7.06171E+20,5.34106E+21,1.17741E+16,4.81892E+16
145593,145594,9,7,75,135,2016,9,11,7,3,5,3,0,0,1,0,0,0,0,0,5.7469E+20,5.36022E+21,1.00089E+16,4.83907E+16
145594,145595,9,6,71,121,2016,9,10,7,2,0,7,0,0,1,0,0,0,0,0,5.13705E+20,5.5386E+21,9.19123E+15,4.99996E+16
145595,145596,9,6,61,0,2016,9,7,6,3,5,3,0,0,1,1,0,0,0,0,5.08845E+20,5.53721E+21,9.12338E+15,4.99872E+16
145596,145597,9,1,62,0,2016,9,16,5,2,0,7,0,0,0,0,0,0,0,1,6.93806E+20,5.33385E+21,1.16047E+16,4.81284E+16
145597,145598,9,2,62,0,2016,9,16,7,2,0,7,0,0,1,0,0,0,0,0,8.27202E+20,5.3908E+21,1.34373E+16,4.85847E+16
145598,145599,9,4,74,126,2016,9,9,6,3,0,1,0,0,1,0,0,0,0,0,6.48877E+20,5.50957E+21,1.10654E+16,4.97202E+16
145599,145600,9,1,81,127,2016,9,11,6,2,9,7,0,0,0,1,0,0,0,0,6.33401E+20,5.32523E+21,1.07906E+16,4.80664E+16
145600,145601,9,1,71,117,2016,9,10,6,3,1,2,0,0,0,1,0,0,0,0,7.67343E+20,5.33703E+21,1.25932E+16,4.81303E+16
145601,145602,9,4,73,144,2016,9,16,6,3,9,7,0,0,0,0,0,1,0,0,6.38592E+20,5.57403E+21,1.09461E+16,5.0302E+16
145602,145603,9,1,79,121,2016,9,7,6,3,6,4,0,0,0,1,1,0,0,0,6.676E+20,5.33793E+21,1.12544E+16,4.81725E+16
145603,145604,9,1,72,114,2016,9,12,6,3,0,1,0,0,1,0,0,0,0,0,7.89936E+20,5.29262E+21,1.28663E+16,4.77218E+16
145604,145605,9,4,61,0,2016,9,8,5,3,0,7,0,0,1,0,0,0,0,0,6.36593E+20,5.52854E+21,1.09018E+16,4.98937E+16
145605,145606,9,1,62,0,2016,9,10,5,3,6,4,0,0,0,1,1,0,0,0,6.87465E+20,5.33565E+21,1.15203E+16,4.81464E+16
145606,145607,9,1,75,132,2016,9,10,5,2,3,6,0,0,1,1,0,0,0,0,7.073E+20,5.33085E+21,1.17843E+16,4.80972E+16
145607,145608,9,7,80,115,2016,9,13,7,3,0,1,0,0,1,0,0,0,0,0,5.89892E+20,5.26181E+21,1.01937E+16,4.75035E+16
145608,145609,9,5,64,0,2016,9,11,7,3,5,3,0,0,0,0,0,1,0,1,6.50034E+20,5.48106E+21,1.10706E+16,4.94636E+16
145609,145610,9,7,73,182,2016,9,8,5,3,2,2,0,0,0,1,0,0,0,0,6.2418E+20,5.38029E+21,1.06831E+16,4.85634E+16
145610,145611,9,5,64,0,2016,9,22,6,3,5,2,2,0,1,1,0,0,0,0,6.50943E+20,5.48135E+21,1.10833E+16,4.94661E+16
145611,145612,9,1,62,0,2016,9,18,5,3,5,3,0,0,0,1,0,0,0,0,6.91004E+20,5.33227E+21,1.15663E+16,4.8115E+16
145612,145613,9,1,80,123,2016,9,12,7,3,0,7,0,0,1,0,1,0,0,0,6.70318E+20,5.25674E+21,1.1259E+16,4.74418E+16
145613,145614,9,3,72,153,2016,9,10,6,2,0,1,0,0,1,0,0,0,0,0,7.55272E+20,5.4546E+21,1.25038E+16,4.9191E+16
145614,145615,9,1,74,113,2016,9,15,6,3,0,7,0,0,1,0,0,0,0,0,6.72459E+20,5.34974E+21,1.13245E+16,4.82773E+16
145615,145616,9,1,62,0,2016,9,10,7,3,5,3,0,0,1,1,0,0,0,0,6.92436E+20,5.33825E+21,1.15883E+16,4.81684E+16
145616,145617,9,1,62,0,2016,9,19,6,3,2,6,1,0,0,1,0,0,0,0,6.87132E+20,5.33801E+21,1.15169E+16,4.81677E+16
145617,145618,9,1,78,145,2016,9,17,5,2,5,1,0,0,1,1,0,0,0,0,6.95589E+20,5.35843E+21,1.16399E+16,4.83487E+16
145618,145619,9,3,62,0,2016,9,17,7,3,4,7,0,0,0,1,0,1,0,0,7.25681E+20,5.43318E+21,1.20863E+16,4.90102E+16
145619,145620,9,6,74,130,2016,9,20,5,2,9,1,1,0,0,0,0,1,0,0,6.2804E+20,5.55277E+21,1.07909E+16,5.01134E+16
145620,145621,9,1,84,149,2016,9,17,6,3,5,3,0,0,1,1,0,0,0,0,6.91535E+20,5.35089E+21,1.15819E+16,4.82822E+16
145621,145622,9,1,62,0,2016,9,15,5,3,4,2,0,0,1,0,0,1,0,0,6.93807E+20,5.33511E+21,1.16052E+16,4.81397E+16
145622,145623,9,1,62,0,2016,9,17,4,3,2,2,0,0,0,1,0,0,0,1,6.88918E+20,5.34268E+21,1.1543E+16,4.82092E+16
145623,145624,9,7,61,0,2016,9,14,7,3,0,7,0,0,1,0,0,0,0,0,6.407E+20,5.36171E+21,1.09007E+16,4.83928E+16
145624,145625,9,4,73,159,2016,9,13,7,3,4,6,0,0,0,1,0,0,0,0,6.46302E+20,5.57416E+21,1.10544E+16,5.03014E+16
145625,145626,9,7,61,0,2016,9,13,5,3,5,3,0,0,1,1,0,0,0,0,6.40377E+20,5.35341E+21,1.08936E+16,4.83182E+16
145626,145627,9,5,75,181,2016,9,12,6,3,4,2,0,0,0,1,0,0,0,0,6.25974E+20,5.49119E+21,1.0742E+16,4.95602E+16
145627,145628,9,1,62,0,2016,9,11,5,2,6,7,0,0,1,0,1,0,0,0,6.9004E+20,5.32838E+21,1.15517E+16,4.80803E+16
145628,145629,9,1,87,130,2016,9,18,7,3,4,3,0,0,1,1,0,0,0,0,7.12786E+20,5.30982E+21,1.18475E+16,4.79064E+16
145629,145630,9,1,62,0,2016,9,18,6,3,5,3,0,0,1,1,0,0,0,0,6.88287E+20,5.33272E+21,1.15301E+16,4.81199E+16
145630,145631,9,1,62,0,2016,9,18,6,3,2,6,0,0,0,1,0,1,0,0,6.89303E+20,5.33612E+21,1.15452E+16,4.81501E+16
145631,145632,9,1,62,0,2016,9,18,4,3,2,6,0,0,0,1,0,0,0,0,6.87102E+20,5.33026E+21,1.15131E+16,4.80982E+16
145632,145633,9,7,79,194,2016,9,20,6,3,2,6,2,0,0,1,0,0,0,0,6.08427E+20,5.41258E+21,1.04782E+16,4.88567E+16
145633,145634,9,3,77,154,2016,9,16,5,3,5,3,0,0,0,1,0,0,0,0,7.40024E+20,5.52999E+21,1.23408E+16,4.98742E+16
145634,145635,9,1,79,142,2016,9,10,7,2,1,7,0,0,0,1,0,0,0,0,6.71884E+20,5.34183E+21,1.13135E+16,4.82064E+16
145635,145636,9,7,80,146,2016,9,18,6,3,5,3,0,0,0,1,0,0,0,0,5.89486E+20,5.28975E+21,1.0194E+16,4.77549E+16
145636,145637,9,3,75,183,2016,9,15,5,3,5,3,0,0,1,1,0,0,0,0,7.4817E+20,5.42877E+21,1.23907E+16,4.8962E+16
145637,145638,9,1,62,0,2016,9,15,6,3,2,6,0,0,1,1,0,0,0,0,6.95574E+20,5.33163E+21,1.16274E+16,4.81079E+16
145638,145639,9,1,62,0,2016,9,8,4,3,5,7,0,0,1,1,0,0,0,0,6.88203E+20,5.33633E+21,1.15305E+16,4.81524E+16
145639,145640,9,5,74,156,2016,9,20,5,2,9,1,1,0,1,1,0,0,0,0,6.59473E+20,5.48327E+21,1.12017E+16,4.94811E+16
145640,145641,9,4,79,136,2016,9,13,6,3,2,6,0,0,0,1,0,0,0,0,7.20898E+20,5.54318E+21,1.20825E+16,5E+16
145641,145642,9,1,74,115,2016,9,7,6,3,1,3,0,0,1,0,0,0,0,1,6.82252E+20,5.34718E+21,1.14553E+16,4.82516E+16
145642,145643,9,2,63,0,2016,9,17,5,3,0,3,0,0,1,0,0,0,0,1,7.63762E+20,5.42156E+21,1.25986E+16,4.88908E+16
145643,145644,9,1,62,0,2016,9,6,5,3,0,1,0,0,1,0,0,0,0,0,6.8121E+20,5.3386E+21,1.14376E+16,4.81748E+16
145644,145645,9,1,62,0,2016,9,17,4,2,0,7,0,0,0,0,0,1,0,0,6.9347E+20,5.34035E+21,1.16031E+16,4.81869E+16
145645,145646,9,7,64,0,2016,9,23,7,3,0,7,2,0,1,0,0,0,0,0,5.87666E+20,5.31871E+21,1.01756E+16,4.80157E+16
145646,145647,9,5,72,132,2016,9,17,7,3,3,6,0,0,1,1,0,0,0,0,6.36664E+20,5.49306E+21,1.08904E+16,4.95747E+16
145647,145648,9,7,80,123,2016,9,14,5,2,0,1,0,0,1,0,0,0,0,0,6.08488E+20,5.25663E+21,1.04392E+16,4.74541E+16
145648,145649,9,5,64,0,2016,9,13,6,3,1,1,0,0,1,1,0,0,0,0,6.52055E+20,5.47858E+21,1.10975E+16,4.94408E+16
145649,145650,9,1,84,136,2016,9,9,5,3,0,7,0,0,0,0,1,0,0,1,6.99671E+20,5.32678E+21,1.16801E+16,4.8063E+16
145650,145651,9,1,62,0,2016,9,8,4,3,3,6,0,0,1,1,0,0,0,1,6.91096E+20,5.33611E+21,1.15693E+16,4.81495E+16
145651,145652,9,1,62,0,2016,9,19,7,3,6,4,0,0,1,0,1,0,0,0,6.92208E+20,5.33725E+21,1.15847E+16,4.81594E+16
145652,145653,9,6,74,221,2016,9,3,6,3,5,3,2,0,0,1,0,0,0,0,6.13767E+20,5.54152E+21,1.0588E+16,5.00151E+16
145653,145654,9,1,62,0,2016,9,15,5,2,4,6,0,0,0,1,0,1,0,0,6.96011E+20,5.33499E+21,1.16348E+16,4.8138E+16
145654,145655,9,1,84,149,2016,9,14,4,2,0,7,0,0,1,0,0,0,0,0,6.90784E+20,5.35183E+21,1.15722E+16,4.82909E+16
145655,145656,9,4,72,167,2016,9,13,6,3,0,7,0,0,0,0,0,1,0,1,6.76631E+20,5.53209E+21,1.14604E+16,4.99151E+16
145656,145657,9,1,63,0,2016,9,9,6,2,6,4,0,0,0,0,1,0,0,1,7.33868E+20,5.30562E+21,1.21269E+16,4.78613E+16
145657,145658,9,2,63,0,2016,9,15,5,3,5,3,0,0,0,1,0,0,0,0,7.61508E+20,5.42E+21,1.25669E+16,4.88777E+16
145658,145659,9,1,84,123,2016,9,13,5,3,0,7,0,0,0,0,0,1,0,0,7.03497E+20,5.33247E+21,1.17341E+16,4.81129E+16
145659,145660,9,1,84,149,2016,9,13,4,3,5,3,0,0,1,1,0,0,0,0,6.91363E+20,5.35077E+21,1.15795E+16,4.82812E+16
145660,145661,9,7,73,144,2016,9,10,7,3,1,3,0,0,1,1,0,0,0,0,6.07016E+20,5.38119E+21,1.04508E+16,4.85746E+16
145661,145662,9,5,75,168,2016,9,0,7,3,0,7,2,0,1,0,0,0,0,0,5.89953E+20,5.489E+21,1.02435E+16,4.95469E+16
145662,145663,9,7,72,121,2016,9,11,5,3,8,1,0,0,0,1,0,0,0,0,6.33918E+20,5.37741E+21,1.08141E+16,4.85355E+16
145663,145664,9,5,64,0,2016,9,13,6,3,0,7,0,0,1,1,0,0,0,0,6.50016E+20,5.47819E+21,1.10693E+16,4.94379E+16
145664,145665,9,1,84,149,2016,9,17,5,3,5,3,0,0,1,1,0,0,0,0,6.91251E+20,5.35216E+21,1.15786E+16,4.82937E+16
145665,145666,9,1,80,125,2016,9,10,7,3,6,7,0,0,0,1,1,0,0,0,6.54257E+20,5.27374E+21,1.10521E+16,4.75987E+16
145666,145667,9,1,62,0,2016,9,14,6,3,3,6,0,0,0,1,0,0,0,1,6.92196E+20,5.33264E+21,1.15825E+16,4.8118E+16
145667,145668,9,3,61,0,2016,9,14,6,3,5,1,0,0,0,1,0,1,0,0,7.09477E+20,5.48097E+21,1.189E+16,4.94452E+16
145668,145669,9,1,78,143,2016,9,14,6,3,0,7,0,0,0,0,0,0,0,1,7.17744E+20,5.37224E+21,1.19457E+16,4.84656E+16
145669,145670,9,2,75,141,2016,9,15,7,3,5,2,0,0,1,1,0,0,0,0,8.18847E+20,5.36871E+21,1.33075E+16,4.83908E+16
145670,145671,9,4,61,0,2016,9,8,6,3,5,3,0,0,1,1,0,0,0,0,6.35061E+20,5.52947E+21,1.08808E+16,4.99024E+16
145671,145672,9,1,77,139,2016,9,15,6,3,8,6,0,0,0,0,0,1,0,0,7.2705E+20,5.35386E+21,1.20615E+16,4.82972E+16
145672,145673,9,1,62,0,2016,9,12,7,2,0,1,0,0,1,0,0,0,0,0,6.83077E+20,5.33554E+21,1.14613E+16,4.81468E+16
145673,145674,9,1,62,0,2016,9,19,6,3,1,7,0,0,1,1,0,0,0,0,6.8284E+20,5.33585E+21,1.14583E+16,4.81496E+16
145674,145675,9,1,62,0,2016,9,18,5,3,4,6,0,0,1,0,0,0,0,0,6.88968E+20,5.3324E+21,1.15391E+16,4.81168E+16
145675,145676,9,1,62,0,2016,9,12,4,3,5,3,0,0,0,1,0,1,0,0,6.93157E+20,5.34117E+21,1.15993E+16,4.81944E+16
145676,145677,9,7,61,0,2016,9,22,7,3,1,5,2,0,0,1,0,0,0,0,6.40226E+20,5.35914E+21,1.08934E+16,4.83699E+16
145677,145678,9,4,74,126,2016,9,21,7,3,6,7,2,0,0,1,1,0,0,0,6.48761E+20,5.50961E+21,1.10639E+16,4.97206E+16
145678,145679,9,6,63,0,2016,9,11,5,3,6,7,0,0,0,1,1,0,0,0,5.66878E+20,5.51605E+21,9.92921E+15,4.97932E+16