FID,OBJECTID,ULAND,UREGBEZ,UKREIS,UGEMEINDE,UJAHR,UMONAT,USTUNDE,UWOCHENTAG,UKATEGORIE,UART,UTYP1,ULICHTVERH,IstStrasse,IstRad,IstPKW,IstFuss,IstKrad,IstGkfz,IstSonstig,LINREFX,LINREFY,XGCSWGS84,YGCSWGS84
145856,145857,9,1,84,136,2016,9,12,3,3,0,7,0,0,1,0,0,0,0,0,6.98741E+20,5.32639E+21,1.16674E+16,4.80598E+16
145857,145858,9,7,76,116,2016,9,16,2,3,8,1,0,0,1,0,0,0,0,0,5.49177E+20,5.26758E+21,9.65371E+15,4.75597E+16
145858,145859,9,7,80,120,2016,9,20,3,3,8,1,2,0,0,0,0,1,0,0,6.0203E+20,5.2845E+21,1.03601E+16,4.77058E+16
145859,145860,9,6,62,0,2016,9,15,2,3,5,3,0,0,1,1,0,0,0,0,5.87683E+20,5.54365E+21,1.02245E+16,5.00387E+16
145860,145861,9,1,62,0,2016,9,10,2,3,5,3,0,0,1,0,0,0,0,0,6.88182E+20,5.32998E+21,1.15274E+16,4.80953E+16
145861,145862,9,1,87,154,2016,9,14,3,3,0,6,0,0,0,1,0,1,0,0,7.34866E+20,5.29603E+21,1.21351E+16,4.77748E+16
145862,145863,9,5,62,0,2016,9,14,2,3,4,2,0,0,0,1,0,0,0,0,6.46067E+20,5.49464E+21,1.10209E+16,4.95867E+16
145863,145864,9,1,62,0,2016,9,9,2,2,0,4,0,0,1,0,1,0,0,0,6.93193E+20,5.33399E+21,1.15965E+16,4.81298E+16
145864,145865,9,1,87,154,2016,9,9,3,3,0,3,0,0,1,0,0,0,0,1,7.34853E+20,5.29668E+21,1.21352E+16,4.77806E+16
145865,145866,9,4,61,0,2016,9,15,2,3,2,6,0,0,0,1,0,0,0,0,6.36017E+20,5.52871E+21,1.08938E+16,4.98953E+16
145866,145867,9,7,61,0,2016,9,18,1,3,1,5,0,0,1,1,0,0,0,0,6.43801E+20,5.36018E+21,1.0942E+16,4.83784E+16
145867,145868,9,1,87,118,2016,9,19,2,3,0,4,0,0,1,0,1,0,0,0,7.53461E+20,5.30221E+21,1.23865E+16,4.78233E+16
145868,145869,9,1,78,124,2016,9,8,1,3,5,3,0,0,1,1,0,0,0,0,7.03621E+20,5.36419E+21,1.1751E+16,4.83979E+16
145869,145870,9,1,62,0,2016,9,23,3,3,0,1,2,0,1,0,0,0,0,0,6.89269E+20,5.33475E+21,1.15441E+16,4.81378E+16
145870,145871,9,1,82,134,2016,9,10,2,2,4,6,0,0,0,1,0,0,0,1,7.01233E+20,5.29364E+21,1.16856E+16,4.77647E+16
145871,145872,9,7,77,169,2016,9,10,2,3,3,6,0,0,1,0,0,0,0,0,6.32315E+20,5.27413E+21,1.07605E+16,4.76071E+16
145872,145873,9,7,72,200,2016,9,18,3,3,0,1,0,0,1,0,0,0,0,0,6.31012E+20,5.33808E+21,1.07626E+16,4.81825E+16
145873,145874,9,1,62,0,2016,9,14,1,3,2,6,0,0,0,1,0,0,0,1,6.9111E+20,5.33515E+21,1.1569E+16,4.81409E+16
145874,145875,9,5,63,0,2016,9,12,2,3,0,4,0,0,1,0,1,0,0,0,6.45441E+20,5.48023E+21,1.1007E+16,4.94573E+16
145875,145876,9,1,62,0,2016,9,15,2,3,5,3,0,0,0,1,0,0,0,0,6.89999E+20,5.3372E+21,1.1555E+16,4.81596E+16
145876,145877,9,1,62,0,2016,9,9,3,3,5,3,0,0,1,1,0,0,0,0,6.92264E+20,5.33665E+21,1.15852E+16,4.8154E+16
145877,145878,9,5,61,0,2016,9,14,1,3,5,3,0,0,1,1,0,0,0,0,6.10553E+20,5.45932E+21,1.05199E+16,4.92766E+16
145878,145879,9,5,74,147,2016,9,12,3,2,8,1,0,0,1,0,0,0,0,1,6.81482E+20,5.48834E+21,1.15076E+16,4.95205E+16
145879,145880,9,1,78,124,2016,9,8,1,3,5,3,0,0,1,1,0,0,0,0,7.03629E+20,5.36419E+21,1.17511E+16,4.8398E+16
145880,145881,9,1,82,124,2016,9,16,2,3,0,1,0,0,1,0,0,0,0,0,7.05232E+20,5.28642E+21,1.17355E+16,4.76986E+16
145881,145882,9,6,78,115,2016,9,9,3,2,0,7,0,0,1,0,0,0,0,0,5.84624E+20,5.54043E+21,1.01811E+16,5.00102E+16
145882,145883,9,1,61,0,2016,9,17,2,3,0,6,0,0,0,1,0,1,0,0,6.79959E+20,5.40438E+21,1.1449E+16,4.87664E+16
145883,145884,9,1,75,131,2016,9,15,1,2,0,1,0,0,1,0,0,0,0,0,7.07064E+20,5.32243E+21,1.17771E+16,4.80216E+16
145884,145885,9,7,74,198,2016,9,19,3,3,2,2,2,0,0,1,0,0,0,0,6.13459E+20,5.35001E+21,1.05297E+16,4.82931E+16
145885,145886,9,1,61,0,2016,9,16,2,3,0,1,0,0,0,0,0,1,0,0,6.78441E+20,5.40554E+21,1.14289E+16,4.87772E+16
145886,145887,9,7,79,131,2016,9,12,2,3,2,6,0,0,0,1,0,0,0,0,6.30775E+20,5.39831E+21,1.07782E+16,4.87241E+16
145887,145888,9,7,61,0,2016,9,18,3,3,4,2,0,0,0,1,0,1,0,0,6.41986E+20,5.36041E+21,1.09176E+16,4.83809E+16
145888,145889,9,4,64,0,2016,9,16,3,3,5,3,0,0,1,1,0,0,0,0,7.07801E+20,5.57684E+21,1.19184E+16,5.0307E+16
145889,145890,9,1,62,0,2016,9,0,1,3,4,2,2,0,1,0,0,0,0,0,6.9192E+20,5.33388E+21,1.15794E+16,4.81292E+16
145890,145891,9,1,62,0,2016,9,17,3,2,4,2,0,0,0,1,0,1,0,0,6.94168E+20,5.33499E+21,1.161E+16,4.81385E+16
145891,145892,9,5,64,0,2016,9,15,3,3,0,7,0,0,1,1,0,0,0,0,6.51464E+20,5.4787E+21,1.10894E+16,4.94421E+16
145892,145893,9,1,62,0,2016,9,21,7,2,0,7,2,0,1,0,0,0,0,0,6.9177E+20,5.33467E+21,1.15777E+16,4.81363E+16
145893,145894,9,2,78,182,2016,9,19,3,3,0,1,1,0,1,0,0,0,0,0,7.63157E+20,5.41137E+21,1.25838E+16,4.87996E+16
145894,145895,9,3,77,118,2016,9,16,2,2,0,1,0,0,1,0,0,0,0,0,7.22898E+20,5.53036E+21,1.2103E+16,4.98841E+16
145895,145896,9,7,63,0,2016,9,14,1,3,4,6,0,0,1,0,0,0,0,0,5.97404E+20,5.28965E+21,1.02996E+16,4.77529E+16
145896,145897,9,6,63,0,2016,9,8,3,3,5,2,0,0,1,1,0,0,0,0,5.70061E+20,5.51641E+21,9.97349E+15,4.9796E+16
145897,145898,9,3,62,0,2016,9,8,3,3,5,3,0,0,0,1,0,0,0,0,7.25537E+20,5.43316E+21,1.20844E+16,4.90101E+16
145898,145899,9,3,77,129,2016,9,16,2,3,0,7,0,0,1,0,0,0,0,0,7.07243E+20,5.5281E+21,1.18842E+16,4.98694E+16
145899,145900,9,7,78,161,2016,9,12,1,3,0,1,0,0,1,0,0,0,0,0,5.8651E+20,5.30633E+21,1.01576E+16,4.79045E+16
145900,145901,9,1,62,0,2016,9,18,3,3,5,3,0,0,1,0,0,0,0,0,6.93328E+20,5.34206E+21,1.1602E+16,4.82023E+16
145901,145902,9,5,64,0,2016,9,17,3,3,5,3,0,0,1,1,0,0,0,0,6.49684E+20,5.47011E+21,1.10617E+16,4.93653E+16
145902,145903,9,1,62,0,2016,9,16,7,3,2,6,0,0,0,1,0,0,0,0,6.87392E+20,5.33181E+21,1.15176E+16,4.8112E+16
145903,145904,9,1,88,141,2016,9,16,2,2,0,1,0,0,0,0,0,1,0,0,6.70637E+20,5.30951E+21,1.12839E+16,4.79162E+16
145904,145905,9,5,63,0,2016,9,18,2,3,0,7,0,0,1,0,0,0,0,0,6.44072E+20,5.48205E+21,1.09887E+16,4.9474E+16
145905,145906,9,1,62,0,2016,9,9,2,3,2,6,0,0,0,1,0,1,0,0,6.95046E+20,5.33613E+21,1.16223E+16,4.81485E+16
145906,145907,9,3,72,126,2016,9,13,2,3,9,7,0,0,0,1,0,0,0,0,7.79004E+20,5.46822E+21,1.28383E+16,4.93029E+16
145907,145908,9,7,72,202,2016,9,15,1,3,8,1,0,0,0,1,0,0,0,0,6.36431E+20,5.35992E+21,1.08425E+16,4.83777E+16
145908,145909,9,1,88,139,2016,9,16,2,3,0,7,0,0,1,0,0,0,0,0,6.73739E+20,5.31933E+21,1.13293E+16,4.80036E+16
145909,145910,9,1,62,0,2016,9,4,7,3,6,3,2,0,0,1,1,0,0,0,6.91212E+20,5.33529E+21,1.15705E+16,4.81421E+16
145910,145911,9,1,62,0,2016,9,7,3,3,5,2,0,0,0,1,0,1,0,0,6.89696E+20,5.33191E+21,1.15486E+16,4.81121E+16
145911,145912,9,1,79,145,2016,9,11,2,3,5,3,0,0,0,0,1,1,0,0,6.74642E+20,5.33596E+21,1.13482E+16,4.81529E+16
145912,145913,9,7,61,0,2016,9,10,2,3,2,6,0,0,0,1,0,1,0,0,6.41713E+20,5.35995E+21,1.09138E+16,4.83768E+16
145913,145914,9,1,62,0,2016,9,22,7,3,1,6,2,0,0,1,0,0,0,0,6.96905E+20,5.33233E+21,1.16456E+16,4.81137E+16
145914,145915,9,1,62,0,2016,9,18,3,3,6,4,0,0,0,1,1,0,0,0,6.89861E+20,5.3442E+21,1.15563E+16,4.82226E+16
145915,145916,9,7,61,0,2016,9,16,2,3,2,6,0,0,0,1,0,0,0,0,6.38098E+20,5.36028E+21,1.08651E+16,4.83806E+16
145916,145917,9,1,62,0,2016,9,3,7,3,5,7,2,0,0,1,0,0,0,0,6.90348E+20,5.33474E+21,1.15586E+16,4.81374E+16
145917,145918,9,5,64,0,2016,9,18,2,2,5,2,0,0,1,1,0,0,0,0,6.53568E+20,5.47891E+21,1.11185E+16,4.94434E+16
145918,145919,9,1,87,150,2016,9,12,3,3,9,1,0,0,1,0,0,0,0,0,7.29817E+20,5.30403E+21,1.2072E+16,4.78485E+16
145919,145920,9,3,62,0,2016,9,18,2,3,4,2,0,0,0,1,0,0,1,0,7.29795E+20,5.43273E+21,1.21423E+16,4.90047E+16
145920,145921,9,6,63,0,2016,9,15,1,3,0,7,0,0,1,0,0,0,0,0,5.66336E+20,5.51544E+21,9.92157E+15,4.97877E+16
145921,145922,9,1,74,143,2016,9,5,2,3,7,7,1,0,0,0,0,1,0,0,6.73861E+20,5.35068E+21,1.13437E+16,4.82854E+16
145922,145923,9,1,62,0,2016,9,18,7,3,3,6,0,0,1,1,0,0,0,0,6.90081E+20,5.33474E+21,1.1555E+16,4.81375E+16
145923,145924,9,1,62,0,2016,9,8,3,3,1,5,0,0,1,0,0,0,1,0,6.91718E+20,5.33489E+21,1.15771E+16,4.81384E+16
145924,145925,9,1,75,132,2016,9,20,2,3,0,7,2,0,1,0,0,0,0,0,7.0637E+20,5.33149E+21,1.17722E+16,4.81032E+16
145925,145926,9,7,61,0,2016,9,17,2,3,0,6,0,0,1,1,0,0,0,0,6.3926E+20,5.36035E+21,1.08808E+16,4.8381E+16
145926,145927,9,7,71,130,2016,9,12,3,3,0,7,0,0,1,0,0,0,0,0,6.46076E+20,5.3562E+21,1.09713E+16,4.83421E+16
145927,145928,9,5,71,190,2016,9,13,3,3,5,3,0,0,0,1,0,1,0,0,6.2661E+20,5.46254E+21,1.07416E+16,4.93025E+16
145928,145929,9,1,62,0,2016,9,12,1,3,5,3,0,0,1,1,0,0,0,0,6.95162E+20,5.34178E+21,1.16265E+16,4.81993E+16
145929,145930,9,5,64,0,2016,9,13,2,3,3,7,0,0,1,0,0,0,1,0,6.48448E+20,5.47258E+21,1.10456E+16,4.93878E+16
145930,145931,9,1,62,0,2016,9,8,2,3,2,6,0,0,0,1,0,0,0,0,6.9078E+20,5.33417E+21,1.15642E+16,4.81322E+16
145931,145932,9,1,62,0,2016,9,8,3,3,0,2,0,0,1,1,0,0,0,0,6.90907E+20,5.33325E+21,1.15655E+16,4.81239E+16
145932,145933,9,7,80,139,2016,9,17,3,3,4,2,0,0,1,1,0,0,0,0,5.95943E+20,5.26298E+21,1.02742E+16,4.75132E+16
145933,145934,9,5,64,0,2016,9,10,2,2,5,2,0,0,1,1,0,0,0,0,6.50447E+20,5.48076E+21,1.10762E+16,4.94609E+16
145934,145935,9,1,62,0,2016,9,9,2,3,5,3,0,0,1,0,0,0,0,0,6.90953E+20,5.33932E+21,1.15688E+16,4.81784E+16
145935,145936,9,1,62,0,2016,9,17,3,3,5,3,0,0,1,1,0,0,0,0,6.93318E+20,5.33525E+21,1.15987E+16,4.81411E+16
145936,145937,9,4,76,152,2016,9,19,1,3,0,7,1,0,1,0,0,0,0,0,6.69101E+20,5.59545E+21,1.13838E+16,5.04866E+16
145937,145938,9,6,76,112,2016,9,14,3,2,8,1,0,0,1,1,0,0,0,0,5.16543E+20,5.49871E+21,9.22913E+15,4.96407E+16
145938,145939,9,1,78,143,2016,9,13,2,3,0,7,0,0,0,0,0,0,0,1,7.17671E+20,5.37224E+21,1.19448E+16,4.84656E+16
145939,145940,9,1,62,0,2016,9,16,7,3,1,1,0,0,0,1,0,0,0,0,6.91661E+20,5.33593E+21,1.15768E+16,4.81477E+16
145940,145941,9,7,75,162,2016,9,14,3,2,5,3,0,0,1,1,0,0,0,0,5.80606E+20,5.34942E+21,1.00867E+16,4.82928E+16
145941,145942,9,1,77,119,2016,9,20,2,3,6,4,2,0,0,1,1,0,0,0,7.21826E+20,5.34166E+21,1.19848E+16,4.81894E+16
145942,145943,9,7,61,0,2016,9,17,3,3,2,6,0,0,0,1,0,0,0,0,6.40146E+20,5.3591E+21,1.08923E+16,4.83695E+16
145943,145944,9,4,71,140,2016,9,17,3,2,4,2,0,0,0,1,0,1,0,0,6.33933E+20,5.53106E+21,1.08657E+16,4.99169E+16
145944,145945,9,1,62,0,2016,9,2,1,3,4,7,2,0,1,1,0,0,0,0,6.91035E+20,5.33415E+21,1.15676E+16,4.81319E+16
145945,145946,9,1,62,0,2016,9,17,3,2,5,7,0,0,1,1,0,0,0,0,6.90053E+20,5.3355E+21,1.1555E+16,4.81443E+16
145946,145947,9,5,64,0,2016,9,15,3,3,6,2,0,0,0,1,1,0,0,0,6.49956E+20,5.47983E+21,1.10691E+16,4.94526E+16
145947,145948,9,1,84,135,2016,9,10,7,3,6,4,0,0,0,1,1,0,0,0,6.89811E+20,5.34829E+21,1.15575E+16,4.82594E+16
145948,145949,9,5,64,0,2016,9,16,3,2,4,6,0,0,1,0,0,0,0,0,6.5147E+20,5.48344E+21,1.10913E+16,4.94847E+16
145949,145950,9,1,62,0,2016,9,18,7,3,2,6,0,0,0,1,0,0,0,0,6.91701E+20,5.34248E+21,1.15803E+16,4.82066E+16
145950,145951,9,1,84,113,2016,9,13,1,3,0,1,0,0,1,0,0,0,0,0,6.8681E+20,5.32319E+21,1.15061E+16,4.80347E+16
145951,145952,9,3,62,0,2016,9,7,3,3,2,6,0,0,0,1,0,0,0,0,7.24719E+20,5.43321E+21,1.20732E+16,4.90108E+16
145952,145953,9,3,62,0,2016,9,8,2,3,5,2,0,0,0,1,0,1,0,0,7.23553E+20,5.43363E+21,1.20575E+16,4.9015E+16
145953,145954,9,7,74,121,2016,9,18,1,2,0,7,0,0,0,0,0,0,0,1,6.03663E+20,5.36547E+21,1.04015E+16,4.84338E+16
145954,145955,9,7,61,0,2016,9,14,2,3,4,6,2,0,0,1,0,0,0,0,6.36619E+20,5.36126E+21,1.08454E+16,4.83897E+16
145955,145956,9,1,62,0,2016,9,17,7,3,0,3,0,0,0,1,0,0,0,1,6.78036E+20,5.33851E+21,1.13949E+16,4.81749E+16
145956,145957,9,4,62,0,2016,9,21,5,2,5,3,2,0,0,1,0,0,0,0,6.84751E+20,5.53603E+21,1.15753E+16,4.9948E+16
145957,145958,9,1,62,0,2016,9,1,5,3,0,1,2,1,1,0,0,0,0,0,6.92807E+20,5.33251E+21,1.15906E+16,4.81166E+16
145958,145959,9,1,62,0,2016,9,10,4,3,3,7,0,0,0,1,0,0,0,0,6.88668E+20,5.33628E+21,1.15368E+16,4.81518E+16
145959,145960,9,4,75,168,2016,9,4,4,2,0,7,2,0,0,0,0,1,0,1,7.0906E+20,5.56732E+21,1.19308E+16,5.02211E+16
145960,145961,9,6,76,121,2016,9,22,6,3,6,7,2,0,0,1,1,0,0,0,5.11521E+20,5.52099E+21,9.16023E+15,4.98413E+16
145961,145962,9,1,71,111,2016,9,12,4,2,1,3,0,0,1,1,0,0,0,0,7.73052E+20,5.34778E+21,1.26767E+16,4.82244E+16
145962,145963,9,3,75,174,2016,9,11,6,3,0,4,0,0,1,0,1,0,0,0,7.34064E+20,5.43111E+21,1.21996E+16,4.89885E+16
145963,145964,9,7,71,130,2016,9,15,5,3,5,2,0,0,0,1,0,1,0,0,6.47978E+20,5.35688E+21,1.09972E+16,4.83477E+16
145964,145965,9,1,79,134,2016,9,6,6,3,1,6,0,0,0,1,0,1,0,0,6.67718E+20,5.34264E+21,1.12578E+16,4.82148E+16
145965,145966,9,1,62,0,2016,9,9,6,3,0,7,0,1,0,0,0,0,0,1,6.8449E+20,5.33325E+21,1.14793E+16,4.81258E+16
145966,145967,9,1,62,0,2016,9,19,4,3,6,7,2,0,1,0,1,0,0,0,6.88484E+20,5.33636E+21,1.15343E+16,4.81526E+16
145967,145968,9,1,87,117,2016,9,10,5,2,0,6,0,0,0,0,0,1,0,0,7.24973E+20,5.30554E+21,1.20081E+16,4.78638E+16
145968,145969,9,4,76,152,2016,9,18,4,3,0,6,0,0,0,1,0,1,0,0,6.68114E+20,5.59787E+21,1.1371E+16,5.05086E+16
145969,145970,9,5,73,134,2016,9,7,6,3,6,7,0,0,1,0,1,0,0,0,6.4195E+20,5.47818E+21,1.09581E+16,4.94397E+16
145970,145971,9,1,85,149,2016,9,11,5,2,5,3,0,0,1,1,0,0,0,0,6.62631E+20,5.40069E+21,1.1212E+16,4.8738E+16
145971,145972,9,1,62,0,2016,9,18,4,3,1,7,0,0,1,1,0,0,0,0,6.87702E+20,5.33675E+21,1.1524E+16,4.81562E+16
145972,145973,9,1,61,0,2016,9,14,5,3,5,2,0,0,1,0,0,1,0,0,6.79093E+20,5.40271E+21,1.14365E+16,4.87516E+16
145973,145974,9,4,62,0,2016,9,8,4,3,3,2,0,0,1,0,0,0,0,1,6.8517E+20,5.53606E+21,1.15811E+16,4.99481E+16
145974,145975,9,5,76,143,2016,9,18,6,3,0,5,0,0,0,0,0,1,0,1,6.56148E+20,5.45647E+21,1.11453E+16,4.92411E+16
145975,145976,9,1,61,0,2016,9,14,5,3,5,3,0,0,1,1,0,0,0,0,6.8002E+20,5.40561E+21,1.14504E+16,4.87775E+16
145976,145977,9,1,82,132,2016,9,18,4,3,5,3,0,0,1,1,0,0,0,0,7.06915E+20,5.28736E+21,1.17583E+16,4.77065E+16
145977,145978,9,3,72,116,2016,9,12,6,3,2,6,0,0,0,1,0,0,0,0,7.66431E+20,5.4587E+21,1.26594E+16,4.9223E+16
145978,145979,9,1,62,0,2016,9,16,4,3,1,5,0,0,1,1,0,0,0,0,6.86038E+20,5.33485E+21,1.15008E+16,4.81397E+16
145979,145980,9,7,72,163,2016,9,8,5,2,0,7,0,0,1,0,0,0,0,0,6.4036E+20,5.34942E+21,1.0892E+16,4.82825E+16
145980,145981,9,1,77,117,2016,9,8,6,3,5,3,0,0,0,1,0,0,0,0,7.15638E+20,5.35477E+21,1.19083E+16,4.83093E+16
145981,145982,9,3,75,201,2016,9,17,5,2,3,2,0,0,1,0,0,1,0,0,7.46323E+20,5.41925E+21,1.23597E+16,4.88772E+16
145982,145983,9,1,62,0,2016,9,1,6,3,0,1,2,0,0,0,0,1,0,1,6.94691E+20,5.33653E+21,1.16178E+16,4.81522E+16
145983,145984,9,1,84,130,2016,9,16,4,3,6,4,0,0,0,1,1,0,0,0,6.98117E+20,5.34425E+21,1.16674E+16,4.82205E+16
145984,145985,9,1,76,114,2016,9,13,5,3,5,3,0,0,0,1,0,0,0,0,6.80444E+20,5.43448E+21,1.14689E+16,4.90368E+16
145985,145986,9,3,63,0,2016,9,13,4,3,1,7,0,0,1,1,0,0,0,0,7.27416E+20,5.50835E+21,1.21529E+16,4.96847E+16
145986,145987,9,4,71,140,2016,9,9,6,3,1,7,0,0,0,1,0,0,0,0,6.33836E+20,5.53088E+21,1.08643E+16,4.99153E+16
145987,145988,9,1,88,139,2016,9,16,5,3,5,3,0,0,1,0,0,0,0,0,6.75056E+20,5.31903E+21,1.13468E+16,4.80006E+16
145988,145989,9,1,72,118,2016,9,14,6,3,5,3,0,0,0,1,0,0,0,0,7.98193E+20,5.30695E+21,1.2986E+16,4.78467E+16
145989,145990,9,5,64,0,2016,9,19,5,3,2,6,1,0,0,0,0,1,0,1,6.50181E+20,5.47922E+21,1.10719E+16,4.94471E+16
145990,145991,9,1,62,0,2016,9,16,5,3,5,3,0,0,1,0,0,0,0,0,6.92109E+20,5.33373E+21,1.15818E+16,4.81278E+16
145991,145992,9,1,62,0,2016,9,18,4,3,0,7,0,0,1,0,0,0,0,0,6.98466E+20,5.33122E+21,1.1666E+16,4.81033E+16
145992,145993,9,2,61,0,2016,9,11,6,3,2,6,0,0,0,1,0,1,0,0,7.31704E+20,5.38189E+21,1.21397E+16,4.85473E+16
145993,145994,9,1,62,0,2016,9,7,4,3,5,3,0,0,0,1,0,0,0,0,6.95548E+20,5.33927E+21,1.16305E+16,4.81766E+16
145994,145995,9,1,86,143,2016,9,15,6,3,0,3,0,0,0,1,0,1,0,0,6.84881E+20,5.37811E+21,1.15042E+16,4.85289E+16
145995,145996,9,7,61,0,2016,9,20,5,3,5,3,2,0,0,1,0,1,0,0,6.39167E+20,5.35883E+21,1.0879E+16,4.83673E+16
145996,145997,9,3,62,0,2016,9,15,5,2,1,3,0,0,1,1,0,0,0,0,7.27561E+20,5.43444E+21,1.21127E+16,4.90208E+16
145997,145998,9,7,76,117,2016,9,16,6,3,5,3,0,0,0,1,0,1,0,0,5.65015E+20,5.27158E+21,9.86481E+15,4.75944E+16
145998,145999,9,3,74,162,2016,9,12,4,3,1,6,0,0,0,1,0,1,0,0,7.41683E+20,5.50172E+21,1.23463E+16,4.96196E+16
145999,146000,9,4,78,165,2016,9,8,5,3,5,3,0,0,0,1,0,0,0,0,6.43058E+20,5.55171E+21,1.10004E+16,5.01004E+16
146000,146001,9,1,62,0,2016,9,15,5,3,0,7,0,0,1,0,0,0,0,0,6.93356E+20,5.33342E+21,1.15984E+16,4.81246E+16
146001,146002,9,7,75,152,2016,9,9,4,3,3,6,0,0,1,1,0,0,0,0,5.77095E+20,5.35282E+21,1.004E+16,4.83238E+16
146002,146003,9,6,63,0,2016,9,14,6,3,1,1,0,0,0,1,0,0,0,1,5.66102E+20,5.51689E+21,9.91856E+15,4.98008E+16
146003,146004,9,3,77,159,2016,9,18,4,3,3,2,0,0,0,1,0,1,0,0,7.29049E+20,5.53354E+21,1.21904E+16,4.99103E+16
146004,146005,9,3,62,0,2016,9,13,5,3,5,2,0,0,1,1,0,0,0,0,7.27474E+20,5.43577E+21,1.21123E+16,4.90328E+16
146005,146006,9,7,79,194,2016,9,12,6,2,6,4,0,0,0,1,1,0,0,0,6.1047E+20,5.41211E+21,1.05059E+16,4.88521E+16
146006,146007,9,3,72,153,2016,9,6,4,3,5,3,0,0,0,1,0,0,0,0,7.55084E+20,5.45583E+21,1.2502E+16,4.92021E+16
146007,146008,9,1,81,146,2016,9,6,5,3,0,7,0,0,1,0,0,0,0,0,6.51952E+20,5.32664E+21,1.104E+16,4.80749E+16
146008,146009,9,1,62,0,2016,9,17,5,3,6,4,0,0,1,0,1,0,0,0,6.92023E+20,5.33638E+21,1.15819E+16,4.81517E+16
146009,146010,9,3,77,141,2016,9,11,5,2,0,1,0,0,1,0,0,0,0,0,7.32208E+20,5.53815E+21,1.22371E+16,4.99505E+16
146010,146011,9,1,62,0,2016,9,8,6,3,0,7,0,0,1,0,0,0,0,0,6.88501E+20,5.33644E+21,1.15346E+16,4.81533E+16
146011,146012,9,1,62,0,2016,9,18,5,3,3,2,0,0,1,1,0,0,0,0,6.89564E+20,5.33354E+21,1.15476E+16,4.81269E+16
146012,146013,9,7,75,143,2016,9,11,4,2,5,7,0,0,0,1,1,0,0,0,5.86463E+20,5.35601E+21,1.01671E+16,4.83514E+16
146013,146014,9,3,62,0,2016,9,12,4,3,5,3,0,0,1,1,0,0,0,0,7.27562E+20,5.43444E+21,1.21127E+16,4.90208E+16
146014,146015,9,5,74,152,2016,9,7,6,2,5,3,0,0,1,1,0,0,0,0,6.63442E+20,5.48358E+21,1.12565E+16,4.94828E+16
146015,146016,9,1,82,116,2016,9,12,4,3,0,1,0,0,1,0,0,0,0,0,7.05587E+20,5.29209E+21,1.17429E+16,4.77494E+16
146016,146017,9,3,62,0,2016,9,23,6,3,8,1,2,1,0,1,0,0,0,0,7.27081E+20,5.43345E+21,1.21056E+16,4.90121E+16
146017,146018,9,7,61,0,2016,9,11,5,3,1,6,0,0,0,0,0,1,0,0,6.37656E+20,5.36145E+21,1.08595E+16,4.83912E+16
146018,146019,9,1,62,0,2016,9,8,5,3,5,3,0,0,1,1,0,0,0,0,6.95024E+20,5.34084E+21,1.16242E+16,4.81908E+16
146019,146020,9,1,79,145,2016,9,17,6,3,0,7,0,1,1,0,0,0,0,0,6.73969E+20,5.33733E+21,1.13397E+16,4.81654E+16
146020,146021,9,1,61,0,2016,9,12,4,3,5,2,0,0,1,1,0,0,0,0,6.79107E+20,5.40437E+21,1.14375E+16,4.87665E+16
146021,146022,9,3,73,147,2016,9,17,4,3,1,6,0,0,0,1,0,1,0,0,6.79567E+20,5.46175E+21,1.14691E+16,4.92821E+16
146022,146023,9,7,61,0,2016,9,7,5,3,2,6,0,0,0,1,0,0,0,0,6.38779E+20,5.35688E+21,1.08732E+16,4.83498E+16
146023,146024,9,1,62,0,2016,9,9,5,3,5,3,0,0,0,1,0,0,0,0,6.87401E+20,5.33281E+21,1.15182E+16,4.81209E+16
146024,146025,9,1,79,123,2016,9,11,6,2,5,3,0,0,0,1,0,0,0,0,6.7638E+20,5.33448E+21,1.13709E+16,4.81391E+16
146025,146026,9,1,62,0,2016,9,11,6,3,4,7,0,0,0,1,0,1,0,0,6.89494E+20,5.33312E+21,1.15464E+16,4.81231E+16
146026,146027,9,1,62,0,2016,9,14,5,3,6,4,0,0,0,1,1,0,0,0,6.90416E+20,5.3339E+21,1.15592E+16,4.81299E+16
146027,146028,9,7,64,0,2016,9,16,4,3,6,4,0,0,0,1,1,0,0,0,5.87941E+20,5.31581E+21,1.01787E+16,4.79896E+16
146028,146029,9,1,79,123,2016,9,18,5,3,6,4,0,0,0,1,1,0,0,0,6.76662E+20,5.3343E+21,1.13746E+16,4.81374E+16
146029,146030,9,2,63,0,2016,9,12,4,3,6,4,0,0,0,1,1,0,0,0,7.61481E+20,5.42041E+21,1.25668E+16,4.88814E+16
146030,146031,9,5,64,0,2016,9,6,6,3,5,2,0,0,1,1,0,0,0,0,6.45621E+20,5.47989E+21,1.10093E+16,4.94542E+16
146031,146032,9,1,88,120,2016,9,7,5,3,5,3,0,0,1,1,0,0,0,0,6.76955E+20,5.32702E+21,1.13756E+16,4.80719E+16
146032,146033,9,1,76,126,2016,9,14,4,3,5,3,0,0,0,1,0,1,0,0,6.74764E+20,5.40681E+21,1.13794E+16,4.87897E+16
146033,146034,9,2,75,121,2016,9,15,6,2,0,7,0,0,1,0,0,0,0,0,8.18257E+20,5.40328E+21,1.33259E+16,4.87012E+16