FID,OBJECTID,ULAND,UREGBEZ,UKREIS,UGEMEINDE,UJAHR,UMONAT,USTUNDE,UWOCHENTAG,UKATEGORIE,UART,UTYP1,ULICHTVERH,IstStrasse,IstRad,IstPKW,IstFuss,IstKrad,IstGkfz,IstSonstig,LINREFX,LINREFY,XGCSWGS84,YGCSWGS84
146034,146035,9,7,80,146,2016,9,10,4,2,7,7,0,0,0,0,0,1,0,1,5.9291E+20,5.28716E+21,1.02391E+16,4.77311E+16
146035,146036,9,1,61,0,2016,9,12,6,3,5,3,0,0,1,1,0,0,0,0,6.78354E+20,5.4037E+21,1.14269E+16,4.87607E+16
146036,146037,9,7,61,0,2016,9,14,5,3,0,6,0,0,0,1,0,0,0,1,6.39777E+20,5.35872E+21,1.08872E+16,4.83662E+16
146037,146038,9,1,62,0,2016,9,11,5,3,1,6,0,0,0,0,0,1,1,0,6.91114E+20,5.33516E+21,1.15691E+16,4.81409E+16
146038,146039,9,3,62,0,2016,9,11,5,3,7,7,0,0,1,0,0,0,0,1,7.26709E+20,5.43547E+21,1.21017E+16,4.90304E+16
146039,146040,9,1,62,0,2016,9,10,6,3,0,2,0,0,0,1,0,1,0,0,6.90165E+20,5.33391E+21,1.15558E+16,4.813E+16
146040,146041,9,7,80,140,2016,9,11,4,3,1,7,0,0,0,1,0,1,0,0,6.01345E+20,5.27955E+21,1.03498E+16,4.76614E+16
146041,146042,9,3,72,116,2016,9,13,5,3,0,1,0,0,0,0,0,1,0,0,7.67566E+20,5.45969E+21,1.26756E+16,4.92315E+16
146042,146043,9,1,84,137,2016,9,15,6,2,0,6,0,0,1,0,0,0,0,0,7.07453E+20,5.317E+21,1.17797E+16,4.79726E+16
146043,146044,9,1,88,127,2016,9,18,5,3,0,1,0,0,0,0,0,1,0,0,6.7673E+20,5.33139E+21,1.13744E+16,4.81113E+16
146044,146045,9,2,71,119,2016,9,8,4,3,5,3,0,0,0,1,0,0,0,0,7.90738E+20,5.41713E+21,1.29626E+16,4.8839E+16
146045,146046,9,5,61,0,2016,9,7,6,3,4,6,0,0,1,0,0,0,0,0,6.15268E+20,5.46172E+21,1.05854E+16,4.92974E+16
146046,146047,9,1,74,126,2016,9,11,5,3,5,3,0,0,0,1,0,0,0,1,6.83646E+20,5.34495E+21,1.14731E+16,4.82312E+16
146047,146048,9,1,90,157,2016,9,20,6,3,5,3,2,1,0,1,0,0,0,0,6.60953E+20,5.30138E+21,1.11513E+16,4.78456E+16
146048,146049,9,7,80,124,2016,9,18,4,3,0,1,0,0,1,0,0,0,0,0,5.93024E+20,5.26774E+21,1.02365E+16,4.75564E+16
146049,146050,9,2,76,121,2016,9,8,5,2,0,7,0,0,1,0,0,0,0,1,8.14772E+20,5.4353E+21,1.33033E+16,4.89902E+16
146050,146051,9,7,80,124,2016,9,13,6,3,5,2,0,0,1,1,0,0,0,0,5.92568E+20,5.26761E+21,1.02304E+16,4.75553E+16
146051,146052,9,2,77,138,2016,9,15,4,3,4,6,0,0,0,1,0,0,0,0,7.91446E+20,5.37196E+21,1.29405E+16,4.84332E+16
146052,146053,9,4,77,128,2016,9,13,5,3,1,5,0,0,1,1,0,0,0,0,6.75368E+20,5.55443E+21,1.1453E+16,5.01162E+16
146053,146054,9,2,75,116,2016,9,12,4,3,0,1,0,0,1,1,0,0,0,0,8.19734E+20,5.3644E+21,1.33161E+16,4.83517E+16
146054,146055,9,1,74,126,2016,9,13,5,3,6,4,0,0,0,1,1,0,0,0,6.83032E+20,5.34327E+21,1.14641E+16,4.82162E+16
146055,146056,9,1,87,137,2016,9,7,6,3,5,3,0,0,1,1,0,0,0,0,7.30523E+20,5.30917E+21,1.20842E+16,4.78944E+16
146056,146057,9,5,64,0,2016,9,16,5,3,0,7,0,0,0,1,0,0,0,1,6.49468E+20,5.47947E+21,1.10622E+16,4.94495E+16
146057,146058,9,7,75,135,2016,9,8,5,3,4,1,0,0,0,1,0,0,0,0,5.74606E+20,5.3603E+21,1.00078E+16,4.83914E+16
146058,146059,9,7,79,192,2016,9,11,4,3,0,7,0,0,1,0,0,0,0,0,6.4088E+20,5.39611E+21,1.09148E+16,4.87021E+16
146059,146060,9,2,63,0,2016,9,7,5,3,5,3,0,0,1,1,0,0,0,0,7.66704E+20,5.42147E+21,1.26386E+16,4.88888E+16
146060,146061,9,7,61,0,2016,9,7,6,3,2,2,0,0,1,1,0,0,0,0,6.38946E+20,5.36031E+21,1.08766E+16,4.83807E+16
146061,146062,9,1,85,158,2016,9,18,4,3,4,2,0,0,1,1,0,0,0,0,6.6708E+20,5.38008E+21,1.12641E+16,4.85516E+16
146062,146063,9,2,77,116,2016,9,13,4,3,5,3,0,0,0,1,0,0,0,0,7.78231E+20,5.36758E+21,1.27593E+16,4.83999E+16
146063,146064,9,7,61,0,2016,9,11,5,3,1,5,0,0,1,1,0,0,0,0,6.41286E+20,5.35922E+21,1.09078E+16,4.83703E+16
146064,146065,9,1,62,0,2016,9,12,5,3,5,3,0,0,1,1,0,0,0,0,6.88639E+20,5.33158E+21,1.15343E+16,4.81096E+16
146065,146066,9,1,74,141,2016,9,18,6,3,0,1,1,1,0,0,0,1,0,0,6.80286E+20,5.35423E+21,1.14318E+16,4.83156E+16
146066,146067,9,3,75,175,2016,9,18,5,3,0,1,0,0,0,0,0,1,0,0,7.15905E+20,5.43439E+21,1.19535E+16,4.90246E+16
146067,146068,9,1,62,0,2016,9,16,6,3,2,6,0,0,0,1,0,1,0,0,6.97679E+20,5.33038E+21,1.1655E+16,4.8096E+16
146068,146069,9,7,75,111,2016,9,16,5,3,3,2,0,0,1,1,0,0,0,0,5.82756E+20,5.33503E+21,1.01129E+16,4.81632E+16
146069,146070,9,7,61,0,2016,9,7,4,3,1,6,0,0,0,1,0,0,0,0,6.37703E+20,5.35954E+21,1.08595E+16,4.8374E+16
146070,146071,9,1,78,143,2016,9,16,5,3,0,6,0,0,0,1,1,0,0,0,7.16745E+20,5.37155E+21,1.19319E+16,4.84597E+16
146071,146072,9,2,74,126,2016,9,14,4,3,0,7,0,0,1,0,0,0,0,0,7.33722E+20,5.38348E+21,1.21679E+16,4.85608E+16
146072,146073,9,5,76,151,2016,9,20,6,3,5,2,2,0,0,1,0,0,0,0,6.56948E+20,5.46873E+21,1.11611E+16,4.93511E+16
146073,146074,9,7,74,135,2016,9,19,5,2,4,6,2,0,0,1,0,0,0,0,5.92396E+20,5.36726E+21,1.02496E+16,4.84517E+16
146074,146075,9,7,61,0,2016,9,11,4,3,2,2,0,0,0,1,0,0,0,0,6.43073E+20,5.36179E+21,1.09327E+16,4.8393E+16
146075,146076,9,2,74,184,2016,9,16,4,2,0,1,0,0,0,0,0,1,1,0,7.49079E+20,5.37171E+21,1.23686E+16,4.84492E+16
146076,146077,9,6,62,0,2016,9,21,6,2,0,1,2,0,1,0,0,0,0,0,5.88121E+20,5.54428E+21,1.02307E+16,5.00443E+16
146077,146078,9,1,85,149,2016,9,18,4,3,5,3,0,0,1,0,0,1,0,0,6.65378E+20,5.4007E+21,1.12493E+16,4.87374E+16
146078,146079,9,6,77,193,2016,9,6,5,3,8,1,1,0,0,1,0,0,0,0,5.50012E+20,5.52631E+21,9.69621E+15,4.98871E+16
146079,146080,9,1,74,115,2016,9,14,6,3,0,1,0,0,0,0,0,1,0,0,6.82209E+20,5.34806E+21,1.1455E+16,4.82596E+16
146080,146081,9,1,62,0,2016,9,20,6,3,5,3,2,1,1,1,0,0,0,0,6.92374E+20,5.33054E+21,1.15839E+16,4.8099E+16
146081,146082,9,7,61,0,2016,9,17,4,3,0,1,0,0,1,0,0,0,0,0,6.40513E+20,5.35824E+21,1.0897E+16,4.83616E+16
146082,146083,9,1,78,124,2016,9,11,5,3,6,1,0,0,0,1,1,0,0,0,7.02943E+20,5.36504E+21,1.17423E+16,4.84058E+16
146083,146084,9,2,74,153,2016,9,19,4,3,0,1,1,0,1,0,0,0,0,0,7.34408E+20,5.40231E+21,1.21878E+16,4.87297E+16
146084,146085,9,5,64,0,2016,9,7,6,3,3,2,0,0,0,1,0,0,0,1,6.51076E+20,5.47971E+21,1.10845E+16,4.94512E+16
146085,146086,9,1,77,119,2016,9,16,5,3,0,6,0,0,0,1,0,0,0,0,7.22911E+20,5.34087E+21,1.1999E+16,4.81819E+16
146086,146087,9,2,74,182,2016,9,16,6,3,5,3,0,0,0,1,0,1,0,0,7.28593E+20,5.37556E+21,1.20941E+16,4.84916E+16
146087,146088,9,1,62,0,2016,9,16,4,3,5,3,0,0,0,1,0,1,0,0,6.9453E+20,5.33674E+21,1.16157E+16,4.81542E+16
146088,146089,9,1,79,123,2016,9,9,4,3,0,7,0,0,0,0,0,0,1,0,6.75215E+20,5.33306E+21,1.13547E+16,4.81267E+16
146089,146090,9,3,73,147,2016,9,9,6,3,4,6,0,0,0,1,0,0,0,0,6.79399E+20,5.46098E+21,1.14665E+16,4.92753E+16
146090,146091,9,7,61,0,2016,9,13,4,3,2,6,0,0,0,1,0,0,0,0,6.39508E+20,5.35963E+21,1.08839E+16,4.83744E+16
146091,146092,9,6,74,221,2016,9,7,5,3,4,6,0,0,0,1,0,0,0,0,6.14801E+20,5.54001E+21,1.06019E+16,5.00014E+16
146092,146093,9,1,62,0,2016,9,18,5,3,4,2,0,0,1,1,0,0,0,0,6.91046E+20,5.33716E+21,1.15691E+16,4.81589E+16
146093,146094,9,2,62,0,2016,9,14,5,3,2,2,0,0,0,1,0,1,0,0,8.25887E+20,5.38921E+21,1.34182E+16,4.85711E+16
146094,146095,9,1,62,0,2016,9,19,6,3,0,1,1,1,0,0,0,1,0,0,6.93431E+20,5.33611E+21,1.16007E+16,4.81488E+16
146095,146096,9,6,79,156,2016,9,11,4,3,2,6,0,0,0,1,0,0,0,0,5.73491E+20,5.52152E+21,1.00221E+16,4.98416E+16
146096,146097,9,1,62,0,2016,9,17,4,3,3,6,0,0,0,1,0,1,0,0,6.92411E+20,5.33418E+21,1.15861E+16,4.81318E+16
146097,146098,9,2,61,0,2016,9,12,4,3,6,7,0,0,0,1,1,0,0,0,7.3281E+20,5.38082E+21,1.2154E+16,4.85373E+16
146098,146099,9,4,73,166,2016,9,13,6,2,5,3,0,0,1,0,0,0,1,0,6.52916E+20,5.56485E+21,1.11434E+16,5.0216E+16
146099,146100,9,1,62,0,2016,9,14,4,3,3,6,0,0,1,1,0,0,1,0,6.92444E+20,5.34193E+21,1.159E+16,4.82014E+16
146100,146101,9,1,89,155,2016,9,13,6,3,6,4,0,0,0,1,1,0,0,0,7.71637E+20,5.30795E+21,1.26324E+16,4.78673E+16
146101,146102,9,5,64,0,2016,9,7,5,3,2,6,0,0,0,1,0,0,0,0,6.50842E+20,5.47889E+21,1.10809E+16,4.9444E+16
146102,146103,9,7,74,155,2016,9,17,5,1,4,6,0,0,0,1,0,0,0,0,5.90282E+20,5.36556E+21,1.02206E+16,4.84367E+16
146103,146104,9,6,63,0,2016,9,17,4,3,6,7,0,0,1,0,1,0,0,0,5.67081E+20,5.51444E+21,9.93174E+15,4.97787E+16
146104,146105,9,2,73,111,2016,9,11,5,3,0,7,0,0,1,0,0,0,0,0,7.08611E+20,5.41165E+21,1.18422E+16,4.88228E+16
146105,146106,9,7,79,194,2016,9,18,6,3,4,7,0,0,1,0,0,0,0,0,6.08846E+20,5.41169E+21,1.04837E+16,4.88487E+16
146106,146107,9,6,63,0,2016,9,9,4,3,2,6,0,0,0,1,0,0,0,1,5.65225E+20,5.51549E+21,9.90614E+15,4.97883E+16
146107,146108,9,6,73,114,2016,9,9,5,3,0,5,0,0,0,1,0,0,0,0,5.84821E+20,5.57573E+21,1.01917E+16,5.03276E+16
146108,146109,9,1,62,0,2016,9,8,5,3,0,2,0,0,1,1,0,0,0,0,6.91661E+20,5.3328E+21,1.15754E+16,4.81196E+16
146109,146110,9,1,90,148,2016,9,17,5,2,0,1,0,0,1,1,0,0,0,0,6.41585E+20,5.29685E+21,1.08911E+16,4.78094E+16
146110,146111,9,7,78,120,2016,9,10,6,3,5,3,0,0,1,1,0,0,0,0,5.88994E+20,5.32504E+21,1.01947E+16,4.80724E+16
146111,146112,9,2,74,113,2016,9,17,4,3,0,7,0,0,1,0,0,0,0,0,7.28823E+20,5.38196E+21,1.21007E+16,4.85489E+16
146112,146113,9,5,61,0,2016,9,12,5,3,5,3,0,0,1,1,0,0,0,0,6.14632E+20,5.46333E+21,1.05771E+16,4.93119E+16
146113,146114,9,7,78,116,2016,9,10,5,2,5,3,0,0,1,0,0,0,0,0,6.18788E+20,5.31904E+21,1.05929E+16,4.80136E+16
146114,146115,9,6,79,124,2016,9,12,4,3,0,7,0,0,1,0,0,0,0,0,5.71665E+20,5.50854E+21,9.99432E+15,4.97251E+16
146115,146116,9,7,61,0,2016,9,22,6,3,0,1,2,1,1,0,0,0,0,0,6.40132E+20,5.35993E+21,1.08924E+16,4.8377E+16
146116,146117,9,2,74,126,2016,9,13,4,3,4,2,0,0,0,1,0,0,0,1,7.33564E+20,5.38389E+21,1.2166E+16,4.85646E+16
146117,146118,9,1,79,121,2016,9,16,4,3,0,7,0,0,1,0,0,0,0,0,6.68391E+20,5.33869E+21,1.12653E+16,4.81792E+16
146118,146119,9,2,73,137,2016,9,10,4,3,1,6,0,0,0,1,0,0,0,0,7.12274E+20,5.42227E+21,1.18976E+16,4.8917E+16
146119,146120,9,1,73,120,2016,9,11,4,3,3,6,0,0,1,0,0,0,1,0,6.84416E+20,5.31421E+21,1.14701E+16,4.79546E+16
146120,146121,9,4,74,138,2016,9,6,5,3,7,7,2,0,0,1,0,0,0,0,6.66342E+20,5.50508E+21,1.13056E+16,4.96753E+16
146121,146122,9,1,62,0,2016,9,13,6,3,2,6,0,0,0,1,0,1,0,0,6.95356E+20,5.33265E+21,1.16249E+16,4.81171E+16
146122,146123,9,7,63,0,2016,9,7,5,3,0,6,0,0,0,1,0,1,0,0,6.01903E+20,5.28607E+21,1.03587E+16,4.772E+16
146123,146124,9,6,72,114,2016,9,0,4,3,6,4,2,0,0,1,1,0,0,0,5.77514E+20,5.56264E+21,1.00864E+16,5.02109E+16
146124,146125,9,1,73,147,2016,9,9,4,3,4,6,0,0,0,0,0,1,0,1,6.82171E+20,5.30828E+21,1.14376E+16,4.7902E+16
146125,146126,9,6,61,0,2016,9,17,6,3,6,4,0,0,0,1,1,0,0,0,5.09959E+20,5.5366E+21,9.13891E+15,4.99817E+16
146126,146127,9,1,74,143,2016,9,16,4,2,4,1,0,0,0,1,0,0,0,0,6.74044E+20,5.35111E+21,1.13464E+16,4.82892E+16
146127,146128,9,3,62,0,2016,9,16,6,3,0,1,0,0,0,0,0,0,0,1,7.27456E+20,5.4323E+21,1.21101E+16,4.90016E+16
146128,146129,9,6,61,0,2016,9,8,5,3,4,6,0,0,1,1,0,0,0,0,5.1078E+20,5.53586E+21,9.15034E+15,4.9975E+16
146129,146130,9,1,84,149,2016,9,12,5,2,0,7,0,0,1,0,0,0,0,0,6.90847E+20,5.35066E+21,1.15725E+16,4.82804E+16
146130,146131,9,1,78,138,2016,9,9,6,3,4,2,0,0,1,1,0,0,0,0,7.13343E+20,5.36873E+21,1.18845E+16,4.84356E+16
146131,146132,9,1,62,0,2016,9,20,6,3,5,2,2,1,1,1,0,0,0,0,6.86244E+20,5.33261E+21,1.15026E+16,4.81195E+16
146132,146133,9,5,62,0,2016,9,4,5,3,0,1,2,0,1,0,0,0,0,0,6.44677E+20,5.49634E+21,1.10023E+16,4.96023E+16
146133,146134,9,1,62,0,2016,9,18,5,3,1,3,0,0,1,1,0,0,0,0,6.80264E+20,5.33486E+21,1.14233E+16,4.81414E+16
146134,146135,9,1,78,157,2016,9,12,6,3,5,3,0,0,0,1,0,1,0,0,7.04474E+20,5.36984E+21,1.17653E+16,4.84484E+16
146135,146136,9,1,62,0,2016,9,22,6,3,3,3,2,1,0,1,0,0,0,0,6.89233E+20,5.34012E+21,1.1546E+16,4.81861E+16
146136,146137,9,7,77,112,2016,9,17,5,3,8,6,0,0,0,0,0,1,0,1,6.24039E+20,5.29589E+21,1.06566E+16,4.78044E+16
146137,146138,9,6,62,0,2016,9,10,4,3,2,6,0,0,0,1,0,0,0,0,5.88617E+20,5.54332E+21,1.02374E+16,5.00356E+16
146138,146139,9,1,62,0,2016,9,15,4,3,5,2,0,0,0,1,0,1,0,0,6.89862E+20,5.34014E+21,1.15545E+16,4.81861E+16
146139,146140,9,1,90,138,2016,9,11,4,3,8,1,0,0,1,0,0,0,0,0,6.60573E+20,5.31264E+21,1.11504E+16,4.79469E+16
146140,146141,9,5,64,0,2016,9,18,6,2,4,6,1,0,0,1,0,0,0,0,6.54295E+20,5.47754E+21,1.1128E+16,4.9431E+16
146141,146142,9,1,62,0,2016,9,12,4,3,2,6,0,0,0,1,0,0,0,0,6.95108E+20,5.33827E+21,1.16242E+16,4.81677E+16
146142,146143,9,1,74,113,2016,9,20,4,3,9,1,2,0,0,1,0,0,0,0,6.76214E+20,5.35024E+21,1.13753E+16,4.82808E+16
146143,146144,9,2,77,149,2016,9,14,6,2,4,6,0,0,0,1,0,0,0,0,7.96019E+20,5.36864E+21,1.29998E+16,4.84013E+16
146144,146145,9,6,78,160,2016,9,12,4,3,3,2,0,0,0,1,0,1,0,0,5.85115E+20,5.5458E+21,1.01891E+16,5.00584E+16
146145,146146,9,5,72,120,2016,9,20,5,2,0,1,2,0,1,0,0,0,0,0,6.48285E+20,5.49536E+21,1.10519E+16,4.95927E+16
146146,146147,9,1,62,0,2016,9,8,5,3,5,2,0,0,0,1,0,0,0,0,6.84077E+20,5.3351E+21,1.14746E+16,4.81425E+16
146147,146148,9,1,80,117,2016,9,18,5,3,1,6,0,0,0,1,0,0,0,0,6.58055E+20,5.26253E+21,1.10985E+16,4.7497E+16
146148,146149,9,1,62,0,2016,9,16,6,3,5,2,0,0,1,1,0,0,0,0,6.89698E+20,5.33189E+21,1.15486E+16,4.8112E+16
146149,146150,9,6,61,0,2016,9,7,4,3,0,6,0,0,1,1,0,0,0,0,5.10266E+20,5.53475E+21,9.14314E+15,4.9965E+16
146150,146151,9,1,90,141,2016,9,19,4,3,0,7,1,0,0,1,0,1,0,0,6.77968E+20,5.29145E+21,1.13745E+16,4.77518E+16
146151,146152,9,1,62,0,2016,9,19,4,3,3,6,1,0,0,1,0,0,0,1,6.93184E+20,5.33166E+21,1.15953E+16,4.81089E+16
146152,146153,9,1,62,0,2016,9,15,4,3,0,7,0,0,0,0,0,0,0,1,6.86464E+20,5.32845E+21,1.15037E+16,4.8082E+16
146153,146154,9,1,73,134,2016,9,16,4,3,6,4,0,0,0,1,1,0,0,0,6.85529E+20,5.29914E+21,1.14785E+16,4.78188E+16
146154,146155,9,5,77,177,2016,9,16,6,3,0,1,0,0,0,0,0,1,0,0,6.43751E+20,5.43294E+21,1.09667E+16,4.90326E+16
146155,146156,9,1,62,0,2016,9,20,4,3,9,6,2,0,0,1,0,0,0,0,6.93092E+20,5.33605E+21,1.15961E+16,4.81483E+16
146156,146157,9,1,75,132,2016,9,15,4,3,0,5,0,0,1,1,0,0,0,0,7.06166E+20,5.33172E+21,1.17696E+16,4.81054E+16
146157,146158,9,2,61,0,2016,9,19,6,3,5,3,2,0,1,1,0,0,0,0,7.31673E+20,5.38046E+21,1.21385E+16,4.85344E+16
146158,146159,9,6,71,111,2016,9,19,4,2,8,7,1,0,0,0,0,1,0,0,5.03535E+20,5.54536E+21,9.04939E+15,5.00605E+16
146159,146160,9,1,80,117,2016,9,11,5,2,3,2,0,0,1,1,0,0,0,0,6.58176E+20,5.26197E+21,1.10999E+16,4.74919E+16
146160,146161,9,7,62,0,2016,9,16,6,3,4,1,0,1,0,1,0,0,0,0,6.21716E+20,5.30425E+21,1.06279E+16,4.78801E+16
146161,146162,9,1,73,126,2016,9,6,4,3,6,6,1,0,0,0,1,0,0,1,6.84645E+20,5.30518E+21,1.14693E+16,4.78734E+16
146162,146163,9,4,78,139,2016,9,16,5,3,2,6,0,0,0,1,0,1,0,0,6.47607E+20,5.55749E+21,1.10662E+16,5.01513E+16
146163,146164,9,7,76,116,2016,9,7,5,3,3,6,0,0,1,1,0,0,0,0,5.53113E+20,5.26757E+21,9.70602E+15,4.75594E+16
146164,146165,9,5,62,0,2016,9,17,4,3,3,2,0,0,1,1,0,0,0,0,6.45777E+20,5.49366E+21,1.10166E+16,4.95779E+16
146165,146166,9,1,63,0,2016,9,15,6,3,2,6,0,0,0,1,0,0,0,0,7.32469E+20,5.30461E+21,1.21077E+16,4.78528E+16
146166,146167,9,5,64,0,2016,9,11,5,3,5,7,0,0,0,1,0,1,0,0,6.50043E+20,5.48182E+21,1.1071E+16,4.94705E+16
146167,146168,9,7,63,0,2016,9,11,5,3,5,3,0,0,0,1,0,0,0,0,5.99878E+20,5.28512E+21,1.03315E+16,4.77118E+16
146168,146169,9,5,76,148,2016,9,16,4,3,5,3,0,0,0,1,1,0,0,0,6.61341E+20,5.44025E+21,1.12101E+16,4.9094E+16
146169,146170,9,1,83,128,2016,9,17,5,2,3,6,0,0,1,0,0,0,0,0,7.61713E+20,5.35044E+21,1.2526E+16,4.82531E+16
146170,146171,9,7,61,0,2016,9,15,6,3,5,2,0,0,1,1,0,0,0,0,6.38917E+20,5.35847E+21,1.08755E+16,4.83641E+16
146171,146172,9,1,80,118,2016,9,12,4,3,5,2,0,0,1,1,0,0,0,0,6.54297E+20,5.26007E+21,1.10478E+16,4.74758E+16
146172,146173,9,1,62,0,2016,9,17,4,2,4,7,0,0,0,1,0,1,0,0,6.93565E+20,5.33364E+21,1.16013E+16,4.81265E+16
146173,146174,9,5,74,132,2016,9,16,5,3,5,3,0,0,1,1,0,0,0,0,6.76791E+20,5.48602E+21,1.14418E+16,4.95011E+16
146174,146175,9,1,62,0,2016,9,17,5,3,5,3,0,0,1,1,0,0,0,0,6.99799E+20,5.33306E+21,1.16847E+16,4.81194E+16
146175,146176,9,3,63,0,2016,9,14,5,2,1,5,0,0,0,1,0,1,0,0,7.27145E+20,5.50872E+21,1.21494E+16,4.96882E+16
146176,146177,9,1,62,0,2016,9,15,6,3,2,6,0,0,0,1,0,0,0,0,6.79486E+20,5.33858E+21,1.14144E+16,4.81751E+16
146177,146178,9,7,80,132,2016,9,17,5,3,5,2,0,0,1,1,0,0,0,0,5.76577E+20,5.26775E+21,1.00179E+16,4.75586E+16
146178,146179,9,5,64,0,2016,9,11,4,3,4,2,0,0,0,1,0,0,1,0,6.48736E+20,5.47285E+21,1.10496E+16,4.93901E+16
146179,146180,9,1,62,0,2016,9,14,4,3,3,6,0,0,1,1,0,0,0,0,6.8996E+20,5.33353E+21,1.15529E+16,4.81266E+16
146180,146181,9,1,83,148,2016,9,16,4,3,5,2,0,0,0,1,0,1,0,0,7.5227E+20,5.34387E+21,1.23951E+16,4.81979E+16
146181,146182,9,5,72,121,2016,9,9,6,3,1,7,0,0,0,1,0,0,0,0,6.58794E+20,5.49357E+21,1.11965E+16,4.95739E+16
146182,146183,9,1,62,0,2016,9,15,4,3,6,4,0,0,1,0,1,0,0,0,6.90345E+20,5.33483E+21,1.15586E+16,4.81382E+16
146183,146184,9,1,62,0,2016,9,11,3,3,2,6,0,0,0,1,0,0,0,0,6.88224E+20,5.33405E+21,1.15298E+16,4.81319E+16
146184,146185,9,6,63,0,2016,9,9,6,3,1,1,0,0,0,1,0,1,0,0,5.68691E+20,5.51534E+21,9.95426E+15,4.97866E+16
146185,146186,9,1,72,118,2016,9,8,4,3,1,5,0,0,0,1,0,0,0,0,7.96468E+20,5.30594E+21,1.29623E+16,4.78384E+16
146186,146187,9,6,75,112,2016,9,22,6,3,0,7,2,0,1,0,0,0,0,0,5.83362E+20,5.51399E+21,1.01577E+16,4.97726E+16
146187,146188,9,1,62,0,2016,9,7,3,2,5,2,0,0,1,0,0,0,0,1,6.87364E+20,5.33176E+21,1.15172E+16,4.81115E+16
146188,146189,9,1,71,113,2016,9,10,4,3,0,7,0,0,1,0,0,0,0,0,7.73431E+20,5.33982E+21,1.26767E+16,4.81528E+16
146189,146190,9,5,74,112,2016,9,7,5,3,5,3,0,0,0,1,0,1,0,0,6.70253E+20,5.47273E+21,1.13458E+16,4.93835E+16
146190,146191,9,1,77,117,2016,9,13,6,3,4,6,0,0,1,0,0,0,0,0,7.15165E+20,5.35237E+21,1.19007E+16,4.82879E+16
146191,146192,9,1,62,0,2016,9,15,6,3,5,3,0,0,0,1,0,1,0,0,6.90844E+20,5.33933E+21,1.15673E+16,4.81786E+16
146192,146193,9,7,73,144,2016,9,22,5,3,5,3,2,0,0,1,0,0,0,0,6.06781E+20,5.38125E+21,1.04476E+16,4.85752E+16
146193,146194,9,5,64,0,2016,9,8,4,3,6,4,0,0,0,1,1,0,0,0,6.4891E+20,5.47775E+21,1.10539E+16,4.94342E+16
146194,146195,9,1,62,0,2016,9,8,4,3,3,2,0,0,1,1,0,0,0,0,6.89753E+20,5.33456E+21,1.15506E+16,4.8136E+16
146195,146196,9,1,72,116,2016,9,19,4,3,5,2,2,0,1,1,0,0,0,0,8.00765E+20,5.28346E+21,1.3004E+16,4.76346E+16
146196,146197,9,5,64,0,2016,9,19,6,3,1,5,1,0,0,1,0,1,0,0,6.49204E+20,5.47938E+21,1.10585E+16,4.94487E+16
146197,146198,9,1,62,0,2016,9,7,4,2,0,1,0,0,1,0,0,0,0,0,6.83075E+20,5.33559E+21,1.14613E+16,4.81472E+16
146198,146199,9,1,62,0,2016,9,19,3,3,5,2,0,0,1,1,0,0,0,0,6.92905E+20,5.33855E+21,1.15947E+16,4.81709E+16
146199,146200,9,2,62,0,2016,9,14,6,3,0,6,0,1,0,0,0,1,0,1,8.28577E+20,5.39139E+21,1.34563E+16,4.85892E+16
146200,146201,9,5,64,0,2016,9,5,4,3,1,7,2,0,0,0,0,1,1,0,6.48696E+20,5.48496E+21,1.10536E+16,4.9499E+16
146201,146202,9,5,64,0,2016,9,15,5,3,0,7,0,0,1,0,1,0,0,0,6.51086E+20,5.47985E+21,1.10847E+16,4.94525E+16
146202,146203,9,1,62,0,2016,9,13,5,3,5,3,0,0,1,1,0,0,0,0,6.96813E+20,5.3303E+21,1.16434E+16,4.80956E+16
146203,146204,9,1,89,155,2016,9,18,5,3,4,6,0,0,0,1,0,0,0,0,7.71854E+20,5.30949E+21,1.26363E+16,4.78812E+16
146204,146205,9,7,75,135,2016,9,17,6,3,2,6,0,1,0,1,0,0,0,0,5.74498E+20,5.36018E+21,1.00063E+16,4.83904E+16
146205,146206,9,3,62,0,2016,9,12,6,3,5,3,0,0,1,0,0,0,0,0,7.23119E+20,5.43371E+21,1.20516E+16,4.90159E+16
146206,146207,9,5,64,0,2016,9,15,5,3,0,3,0,0,0,1,1,0,0,0,6.52041E+20,5.47915E+21,1.10976E+16,4.9446E+16
146207,146208,9,1,62,0,2016,9,11,5,3,4,2,0,0,0,1,0,0,0,0,6.97928E+20,5.33096E+21,1.16586E+16,4.81011E+16
146208,146209,9,1,72,128,2016,9,17,5,2,0,1,0,0,1,0,0,0,0,0,7.93199E+20,5.29735E+21,1.29129E+16,4.77627E+16
146209,146210,9,1,62,0,2016,9,16,6,3,2,6,0,0,0,1,0,1,0,0,6.9099E+20,5.32959E+21,1.15649E+16,4.8091E+16
146210,146211,9,5,64,0,2016,9,9,4,3,3,2,0,0,1,1,0,0,0,0,6.50168E+20,5.47923E+21,1.10718E+16,4.94472E+16