FID,OBJECTID,ULAND,UREGBEZ,UKREIS,UGEMEINDE,UJAHR,UMONAT,USTUNDE,UWOCHENTAG,UKATEGORIE,UART,UTYP1,ULICHTVERH,IstStrasse,IstRad,IstPKW,IstFuss,IstKrad,IstGkfz,IstSonstig,LINREFX,LINREFY,XGCSWGS84,YGCSWGS84
146211,146212,9,1,62,0,2016,9,10,4,3,3,6,0,0,0,1,0,1,0,0,6.90243E+20,5.3402E+21,1.15597E+16,4.81866E+16
146212,146213,9,1,72,128,2016,9,16,4,3,0,1,0,0,1,0,0,0,0,0,7.93039E+20,5.29658E+21,1.29103E+16,4.77559E+16
146213,146214,9,5,61,0,2016,9,18,6,3,5,3,0,0,0,1,0,1,0,0,6.13768E+20,5.46167E+21,1.05648E+16,4.92972E+16
146214,146215,9,1,62,0,2016,9,7,4,3,5,2,0,0,1,1,0,0,0,0,6.89043E+20,5.34014E+21,1.15435E+16,4.81864E+16
146215,146216,9,1,83,148,2016,9,11,6,3,0,7,0,0,1,0,1,0,0,0,7.53481E+20,5.34446E+21,1.24117E+16,4.82027E+16
146216,146217,9,5,61,0,2016,9,15,4,2,1,3,0,0,1,1,0,0,0,0,6.14813E+20,5.46137E+21,1.05791E+16,4.92943E+16
146217,146218,9,1,63,0,2016,9,15,5,3,3,6,0,0,1,1,0,0,0,0,7.32458E+20,5.3046E+21,1.21076E+16,4.78526E+16
146218,146219,9,7,80,124,2016,9,18,6,3,1,6,1,1,0,1,0,0,0,0,5.92225E+20,5.26784E+21,1.02259E+16,4.75574E+16
146219,146220,9,1,72,128,2016,9,9,4,3,5,3,0,0,0,1,0,0,0,0,7.92544E+20,5.29753E+21,1.29043E+16,4.77646E+16
146220,146221,9,1,71,133,2016,9,16,4,3,5,3,0,0,0,1,0,1,0,0,7.66992E+20,5.34271E+21,1.25921E+16,4.81814E+16
146221,146222,9,1,62,0,2016,9,15,4,3,9,2,0,0,1,1,0,0,0,0,6.88717E+20,5.33654E+21,1.15375E+16,4.81541E+16
146222,146223,9,5,73,127,2016,9,10,5,3,0,7,0,0,0,1,0,1,0,0,6.46043E+20,5.47509E+21,1.10134E+16,4.94109E+16
146223,146224,9,7,72,185,2016,9,16,5,3,5,3,0,0,0,1,0,0,0,0,6.35083E+20,5.38312E+21,1.08318E+16,4.85866E+16
146224,146225,9,4,79,169,2016,9,11,4,3,1,6,0,0,0,1,0,0,0,0,7.17304E+20,5.54838E+21,1.20354E+16,5.0048E+16
146225,146226,9,7,61,0,2016,9,14,6,3,5,3,0,0,1,1,0,0,0,0,6.39485E+20,5.35828E+21,1.08831E+16,4.83623E+16
146226,146227,9,1,62,0,2016,9,17,3,3,5,3,0,0,1,1,0,0,0,0,6.95685E+20,5.33212E+21,1.16291E+16,4.81123E+16
146227,146228,9,1,62,0,2016,9,14,6,3,0,7,0,0,1,0,0,0,0,0,6.92577E+20,5.33498E+21,1.15887E+16,4.81389E+16
146228,146229,9,5,65,0,2016,9,15,3,2,2,2,0,0,1,1,0,0,0,0,6.46923E+20,5.46569E+21,1.1022E+16,4.93262E+16
146229,146230,9,7,63,0,2016,9,18,3,3,1,2,0,0,0,1,0,0,1,0,5.98527E+20,5.28629E+21,1.03138E+16,4.77225E+16
146230,146231,9,1,62,0,2016,9,19,1,3,6,4,2,1,0,1,1,0,0,0,6.90334E+20,5.33537E+21,1.15587E+16,4.81431E+16
146231,146232,9,7,72,163,2016,9,14,4,3,5,2,0,0,1,1,0,0,0,0,6.40769E+20,5.35052E+21,1.08979E+16,4.82922E+16
146232,146233,9,1,62,0,2016,9,20,7,3,1,5,2,1,0,1,0,0,0,0,6.8952E+20,5.33098E+21,1.15458E+16,4.81039E+16
146233,146234,9,3,62,0,2016,9,8,7,3,5,2,0,1,0,1,0,0,0,0,7.28244E+20,5.43671E+21,1.21233E+16,4.9041E+16
146234,146235,9,1,76,153,2016,9,11,4,3,5,3,0,0,0,1,0,0,0,0,6.97422E+20,5.4095E+21,1.16889E+16,4.88071E+16
146235,146236,9,5,64,0,2016,9,13,4,3,4,2,0,0,1,0,0,0,0,1,6.50866E+20,5.48105E+21,1.10821E+16,4.94633E+16
146236,146237,9,1,62,0,2016,9,9,4,3,3,2,0,0,1,1,0,0,0,0,6.88118E+20,5.33076E+21,1.15269E+16,4.81023E+16
146237,146238,9,5,64,0,2016,9,8,2,3,0,1,0,1,1,0,0,0,0,0,6.50641E+20,5.48003E+21,1.10786E+16,4.94542E+16
146238,146239,9,1,62,0,2016,9,20,1,3,1,6,2,1,0,1,0,0,0,0,6.9515E+20,5.33299E+21,1.16223E+16,4.81203E+16
146239,146240,9,5,62,0,2016,9,19,4,2,3,2,2,0,1,0,0,0,0,0,6.45651E+20,5.4959E+21,1.10156E+16,4.95981E+16
146240,146241,9,1,62,0,2016,9,20,2,3,5,2,2,1,1,1,0,0,0,0,6.91451E+20,5.33646E+21,1.15742E+16,4.81525E+16
146241,146242,9,1,62,0,2016,9,9,7,3,5,3,0,1,1,1,0,0,0,0,6.89453E+20,5.33717E+21,1.15477E+16,4.81595E+16
146242,146243,9,1,62,0,2016,9,12,2,3,6,7,0,0,0,1,1,0,0,0,6.84381E+20,5.33221E+21,1.14774E+16,4.81164E+16
146243,146244,9,1,62,0,2016,9,18,1,3,5,3,1,1,0,1,0,0,0,0,6.90261E+20,5.33616E+21,1.15581E+16,4.81502E+16
146244,146245,9,6,79,205,2016,9,14,4,3,5,3,0,0,0,1,0,0,0,0,5.60981E+20,5.51568E+21,9.84723E+15,4.97905E+16
146245,146246,9,1,62,0,2016,9,15,2,3,5,2,0,1,0,1,0,1,0,0,6.86257E+20,5.33178E+21,1.15024E+16,4.8112E+16
146246,146247,9,1,62,0,2016,9,16,7,3,5,2,0,1,0,1,0,0,0,0,6.90955E+20,5.33432E+21,1.15666E+16,4.81334E+16
146247,146248,9,1,62,0,2016,9,21,2,2,6,4,2,1,0,0,1,1,0,0,6.90901E+20,5.34227E+21,1.15694E+16,4.82049E+16
146248,146249,9,3,73,140,2016,9,9,7,3,5,3,0,1,0,1,0,1,0,0,6.891E+20,5.47174E+21,1.16048E+16,4.9369E+16
146249,146250,9,1,62,0,2016,9,11,1,3,5,3,0,1,0,1,0,0,0,0,6.97585E+20,5.33264E+21,1.16548E+16,4.81163E+16
146250,146251,9,1,79,118,2016,9,8,4,2,0,7,0,0,1,0,0,0,0,0,6.7276E+20,5.33824E+21,1.13238E+16,4.81739E+16
146251,146252,9,4,61,0,2016,9,13,4,3,5,2,0,0,1,1,0,0,0,0,6.37458E+20,5.52923E+21,1.09141E+16,4.98996E+16
146252,146253,9,5,74,112,2016,9,5,3,3,6,6,2,0,0,1,1,0,0,0,6.7119E+20,5.47288E+21,1.13588E+16,4.93846E+16
146253,146254,9,1,62,0,2016,9,9,4,3,3,2,0,0,1,1,0,0,0,1,6.89776E+20,5.33491E+21,1.1551E+16,4.81391E+16
146254,146255,9,5,64,0,2016,9,15,2,3,0,6,0,1,0,1,0,1,0,0,6.50075E+20,5.4803E+21,1.10709E+16,4.94568E+16
146255,146256,9,1,62,0,2016,9,21,1,2,4,2,2,1,0,1,0,1,0,0,6.89892E+20,5.33596E+21,1.15531E+16,4.81485E+16
146256,146257,9,1,62,0,2016,9,9,2,3,6,4,0,1,0,1,1,0,0,0,6.82942E+20,5.33935E+21,1.14612E+16,4.8181E+16
146257,146258,9,1,62,0,2016,9,10,7,3,6,4,0,1,0,1,1,0,0,0,6.92807E+20,5.33251E+21,1.15906E+16,4.81166E+16
146258,146259,9,1,62,0,2016,9,16,2,3,2,6,0,1,0,1,0,0,0,0,6.88939E+20,5.34331E+21,1.15435E+16,4.82149E+16
146259,146260,9,5,64,0,2016,9,11,3,3,2,6,0,0,0,0,0,1,0,1,6.48997E+20,5.47471E+21,1.10539E+16,4.94068E+16
146260,146261,9,7,80,139,2016,9,12,3,3,5,3,0,0,0,1,0,0,0,0,5.95828E+20,5.26393E+21,1.02729E+16,4.75217E+16
146261,146262,9,7,80,139,2016,9,13,1,3,5,2,0,0,0,1,0,0,0,0,5.96761E+20,5.26314E+21,1.02851E+16,4.75145E+16
146262,146263,9,7,73,144,2016,9,1,1,3,5,3,2,1,0,1,0,0,0,0,6.05356E+20,5.38157E+21,1.04284E+16,4.85784E+16
146263,146264,9,5,74,138,2016,9,13,4,3,1,6,0,0,0,1,0,0,0,0,6.66198E+20,5.48743E+21,1.12962E+16,4.95167E+16
146264,146265,9,1,79,145,2016,9,13,4,3,0,7,0,0,1,0,0,0,0,0,6.75064E+20,5.33893E+21,1.13551E+16,4.81795E+16
146265,146266,9,5,64,0,2016,9,16,3,3,2,6,0,0,0,1,0,0,1,0,6.49196E+20,5.47247E+21,1.10558E+16,4.93867E+16
146266,146267,9,1,62,0,2016,9,13,4,3,3,7,0,0,1,0,0,0,0,0,6.89972E+20,5.33594E+21,1.15541E+16,4.81483E+16
146267,146268,9,5,77,177,2016,9,13,2,3,1,3,0,1,1,0,0,0,1,0,6.43093E+20,5.43043E+21,1.09568E+16,4.90101E+16
146268,146269,9,1,62,0,2016,9,19,7,3,6,4,1,1,0,0,1,0,0,1,6.90517E+20,5.33517E+21,1.15611E+16,4.81412E+16
146269,146270,9,5,64,0,2016,9,17,3,3,4,2,0,0,0,1,0,0,0,0,6.52334E+20,5.47834E+21,1.11013E+16,4.94386E+16
146270,146271,9,5,64,0,2016,9,10,2,3,1,5,0,1,1,1,0,0,0,0,6.50876E+20,5.48162E+21,1.10824E+16,4.94684E+16
146271,146272,9,7,77,129,2016,9,12,3,2,6,7,0,0,0,1,1,0,0,0,6.27689E+20,5.27007E+21,1.06978E+16,4.75715E+16
146272,146273,9,7,61,0,2016,9,12,1,3,4,1,0,1,0,1,0,0,0,1,6.40012E+20,5.3599E+21,1.08908E+16,4.83767E+16
146273,146274,9,7,77,170,2016,9,17,4,3,4,6,0,0,0,1,0,0,0,0,6.21273E+20,5.27922E+21,1.0615E+16,4.7655E+16
146274,146275,9,5,71,136,2016,9,18,2,3,5,3,0,1,0,1,0,0,0,0,5.97712E+20,5.43422E+21,1.03373E+16,4.90531E+16
146275,146276,9,1,62,0,2016,9,23,7,2,6,4,2,1,0,1,1,0,0,0,6.90145E+20,5.33477E+21,1.15559E+16,4.81377E+16
146276,146277,9,5,64,0,2016,9,17,3,3,5,3,0,0,1,1,0,0,0,0,6.52336E+20,5.47919E+21,1.11016E+16,4.94463E+16
146277,146278,9,7,75,135,2016,9,12,4,3,4,7,0,0,0,1,0,0,0,0,5.76721E+20,5.35948E+21,1.00362E+16,4.83838E+16
146278,146279,9,4,79,111,2016,9,14,2,3,5,3,0,1,0,1,0,0,0,0,7.18551E+20,5.54475E+21,1.20507E+16,5.0015E+16
146279,146280,9,1,62,0,2016,9,5,7,2,5,3,2,1,0,1,0,0,0,0,6.88022E+20,5.33192E+21,1.15261E+16,4.81128E+16
146280,146281,9,1,62,0,2016,9,14,2,3,6,7,0,1,0,1,1,0,0,0,6.90441E+20,5.33518E+21,1.15601E+16,4.81413E+16
146281,146282,9,3,74,117,2016,9,12,4,3,5,2,0,0,0,1,0,0,0,0,7.03596E+20,5.51495E+21,1.18266E+16,4.97525E+16
146282,146283,9,5,64,0,2016,9,10,3,3,2,6,0,0,0,1,0,0,0,0,6.52487E+20,5.47968E+21,1.11039E+16,4.94506E+16
146283,146284,9,4,63,0,2016,9,10,2,3,0,7,0,0,0,0,0,1,0,0,6.40965E+20,5.57158E+21,1.09785E+16,5.02795E+16
146284,146285,9,7,77,147,2016,9,10,3,3,8,1,0,0,0,0,0,1,0,0,6.36393E+20,5.28611E+21,1.08184E+16,4.77139E+16
146285,146286,9,6,79,154,2016,9,13,1,2,2,6,0,1,0,1,0,1,0,0,5.59364E+20,5.50976E+21,9.82385E+15,4.97374E+16
146286,146287,9,7,61,0,2016,9,12,4,3,1,7,0,0,1,1,0,0,0,0,6.3718E+20,5.36017E+21,1.08527E+16,4.83798E+16
146287,146288,9,1,84,136,2016,9,11,7,3,1,5,0,1,1,1,0,0,0,0,7.00294E+20,5.32698E+21,1.16885E+16,4.80646E+16
146288,146289,9,3,72,116,2016,9,18,7,3,9,1,1,1,0,1,0,0,0,0,7.66421E+20,5.45623E+21,1.26576E+16,4.92009E+16
146289,146290,9,1,62,0,2016,9,13,3,3,1,5,0,0,1,1,0,0,0,0,6.90823E+20,5.33543E+21,1.15653E+16,4.81435E+16
146290,146291,9,3,72,153,2016,9,17,4,3,4,2,0,0,0,1,0,1,0,0,7.53918E+20,5.46014E+21,1.24888E+16,4.92413E+16
146291,146292,9,5,64,0,2016,9,15,4,3,0,1,0,0,1,0,0,0,0,0,6.50858E+20,5.47576E+21,1.108E+16,4.94158E+16
146292,146293,9,1,90,154,2016,9,15,7,2,0,1,0,1,1,0,0,0,0,0,6.39509E+20,5.29144E+21,1.08617E+16,4.77612E+16
146293,146294,9,1,62,0,2016,9,20,7,3,4,2,2,1,0,1,0,0,0,0,6.8735E+20,5.33246E+21,1.15174E+16,4.81178E+16
146294,146295,9,1,62,0,2016,9,18,3,2,5,3,0,0,1,1,0,0,0,0,6.92014E+20,5.33645E+21,1.15818E+16,4.81523E+16
146295,146296,9,3,62,0,2016,9,19,4,3,5,3,1,0,1,1,0,0,0,0,7.23677E+20,5.43307E+21,1.20589E+16,4.90099E+16
146296,146297,9,5,64,0,2016,9,10,4,1,6,7,0,0,0,1,1,0,0,0,6.46573E+20,5.47659E+21,1.10212E+16,4.94243E+16
146297,146298,9,4,62,0,2016,9,7,2,3,3,2,0,1,0,1,0,0,0,0,6.84932E+20,5.53689E+21,1.15782E+16,4.99556E+16
146298,146299,9,7,79,131,2016,9,13,3,3,4,2,0,0,0,1,0,1,0,0,6.29968E+20,5.39744E+21,1.07669E+16,4.87165E+16
146299,146300,9,6,63,0,2016,9,13,1,3,5,3,0,1,0,1,0,0,0,0,5.69225E+20,5.51646E+21,9.96188E+15,4.97966E+16
146300,146301,9,6,63,0,2016,9,21,4,3,4,5,2,0,0,1,0,1,0,0,5.65195E+20,5.51679E+21,9.90595E+15,4.98001E+16
146301,146302,9,1,62,0,2016,9,18,2,3,5,7,1,1,0,1,0,0,0,0,6.96924E+20,5.3307E+21,1.16451E+16,4.80991E+16
146302,146303,9,1,62,0,2016,9,23,7,3,4,7,2,1,0,1,0,1,0,0,6.90353E+20,5.33454E+21,1.15586E+16,4.81356E+16
146303,146304,9,1,62,0,2016,9,12,2,3,5,7,0,1,1,0,1,0,0,0,6.89678E+20,5.33231E+21,1.15485E+16,4.81158E+16
146304,146305,9,1,63,0,2016,9,14,7,3,2,6,0,1,0,1,0,0,0,0,7.34535E+20,5.30488E+21,1.21354E+16,4.78544E+16
146305,146306,9,6,63,0,2016,9,13,1,3,5,1,0,1,0,1,0,0,0,0,5.66465E+20,5.51385E+21,9.92309E+15,4.97735E+16
146306,146307,9,5,63,0,2016,9,12,4,3,3,6,0,0,1,1,0,1,0,0,6.44155E+20,5.48188E+21,1.09898E+16,4.94725E+16
146307,146308,9,1,62,0,2016,9,20,3,3,0,1,2,0,1,0,0,0,0,0,6.86161E+20,5.33486E+21,1.15025E+16,4.81397E+16
146308,146309,9,3,73,147,2016,9,12,4,3,5,2,0,0,1,1,0,0,0,0,6.78348E+20,5.46155E+21,1.14523E+16,4.92807E+16
146309,146310,9,5,73,133,2016,9,16,3,3,8,1,0,0,0,1,0,0,0,0,6.24423E+20,5.48428E+21,1.07183E+16,4.94983E+16
146310,146311,9,1,62,0,2016,9,13,4,3,5,3,0,0,0,1,0,1,0,0,6.90105E+20,5.34328E+21,1.15592E+16,4.82143E+16
146311,146312,9,4,62,0,2016,9,15,2,3,0,3,0,1,0,1,0,1,0,0,6.83673E+20,5.53445E+21,1.15595E+16,4.99342E+16
146312,146313,9,6,62,0,2016,9,11,1,3,5,3,0,1,0,1,0,0,0,0,5.87396E+20,5.54562E+21,1.02209E+16,5.00564E+16
146313,146314,9,5,77,136,2016,9,13,3,3,5,3,0,0,1,0,0,1,0,0,6.27815E+20,5.44212E+21,1.07517E+16,4.91186E+16
146314,146315,9,1,62,0,2016,9,16,4,3,5,3,0,0,1,0,0,0,0,1,6.87513E+20,5.33618E+21,1.15212E+16,4.81512E+16
146315,146316,9,4,62,0,2016,9,7,2,2,0,1,0,1,1,0,0,0,0,0,6.85196E+20,5.53603E+21,1.15815E+16,4.99479E+16
146316,146317,9,5,62,0,2016,9,13,4,3,0,7,0,0,0,0,0,0,0,1,6.44718E+20,5.49566E+21,1.10027E+16,4.95962E+16
146317,146318,9,1,62,0,2016,9,6,2,3,6,4,1,0,1,0,1,0,0,0,6.90503E+20,5.33397E+21,1.15604E+16,4.81304E+16
146318,146319,9,1,62,0,2016,9,12,7,3,2,6,0,1,0,1,0,0,0,0,6.92252E+20,5.33723E+21,1.15853E+16,4.81593E+16
146319,146320,9,1,62,0,2016,9,7,2,3,6,7,0,1,1,0,1,0,0,0,6.90677E+20,5.33562E+21,1.15634E+16,4.81453E+16
146320,146321,9,6,76,145,2016,9,17,1,3,0,3,0,1,1,0,0,0,0,0,5.10871E+20,5.5214E+21,9.1512E+15,4.9845E+16
146321,146322,9,4,75,169,2016,9,7,3,3,5,3,0,0,0,1,0,0,0,0,6.89381E+20,5.57305E+21,1.16581E+16,5.02791E+16
146322,146323,9,1,62,0,2016,9,14,4,3,0,2,0,0,0,1,0,0,0,1,6.92117E+20,5.33342E+21,1.15818E+16,4.8125E+16
146323,146324,9,4,74,126,2016,9,13,2,3,3,6,0,1,0,1,0,0,0,0,6.48523E+20,5.50913E+21,1.10604E+16,4.97164E+16
146324,146325,9,1,62,0,2016,9,22,7,3,2,7,2,1,0,1,0,0,0,0,6.91224E+20,5.33644E+21,1.15712E+16,4.81525E+16
146325,146326,9,4,78,139,2016,9,15,3,3,0,7,0,0,0,0,0,0,0,1,6.47764E+20,5.55575E+21,1.10677E+16,5.01356E+16
146326,146327,9,7,75,135,2016,9,11,7,3,0,5,0,0,0,1,1,0,0,0,5.75058E+20,5.35876E+21,1.00136E+16,4.83776E+16
146327,146328,9,7,75,162,2016,9,7,2,3,0,1,0,0,1,0,0,0,0,0,5.79739E+20,5.34778E+21,1.00747E+16,4.82782E+16
146328,146329,9,4,77,128,2016,9,12,3,3,0,1,0,0,1,0,0,0,0,0,6.74508E+20,5.55286E+21,1.14403E+16,5.01024E+16
146329,146330,9,7,61,0,2016,9,17,3,3,5,3,0,0,1,1,0,0,0,0,6.39213E+20,5.36056E+21,1.08802E+16,4.83829E+16
146330,146331,9,6,76,126,2016,9,10,1,3,0,5,0,1,1,1,0,0,0,0,5.11407E+20,5.52563E+21,9.15878E+15,4.9883E+16
146331,146332,9,4,74,121,2016,9,13,3,3,4,1,0,0,0,0,0,0,0,1,6.62667E+20,5.51464E+21,1.12587E+16,4.97622E+16
146332,146333,9,7,64,0,2016,9,13,4,3,0,7,0,0,1,0,0,0,0,0,5.88239E+20,5.31602E+21,1.01827E+16,4.79914E+16
146333,146334,9,4,71,191,2016,9,14,2,3,5,3,0,1,0,1,0,0,0,0,6.31141E+20,5.5246E+21,1.08246E+16,4.98594E+16
146334,146335,9,1,63,0,2016,9,0,7,3,0,1,2,1,1,0,0,0,0,0,7.3396E+20,5.30538E+21,1.2128E+16,4.78592E+16
146335,146336,9,7,79,169,2016,9,11,7,3,1,3,0,1,0,1,0,1,0,0,6.37117E+20,5.39937E+21,1.08647E+16,4.87322E+16
146336,146337,9,1,84,149,2016,9,5,3,3,5,3,2,1,0,1,0,1,0,0,6.91315E+20,5.3496E+21,1.15783E+16,4.82707E+16
146337,146338,9,3,76,161,2016,9,8,4,3,5,3,0,0,0,1,0,1,0,0,7.26629E+20,5.46811E+21,1.21189E+16,4.93236E+16
146338,146339,9,4,73,159,2016,9,13,4,3,5,3,0,0,0,1,0,0,0,0,6.45677E+20,5.57366E+21,1.10454E+16,5.0297E+16
146339,146340,9,4,61,0,2016,9,16,3,3,5,2,0,0,0,1,0,1,0,0,6.34955E+20,5.52931E+21,1.08793E+16,4.99009E+16
146340,146341,9,3,77,131,2016,9,7,2,3,5,3,0,1,0,1,0,0,0,0,7.31095E+20,5.54492E+21,1.22256E+16,5.00117E+16
146341,146342,9,7,61,0,2016,9,13,3,3,2,6,0,0,0,1,0,1,0,0,6.40365E+20,5.3585E+21,1.08951E+16,4.8364E+16
146342,146343,9,6,71,111,2016,9,18,1,2,0,7,1,0,1,0,0,0,0,0,5.04602E+20,5.54909E+21,9.06434E+15,5.0094E+16
146343,146344,9,7,61,0,2016,9,8,4,3,0,1,0,0,1,0,0,0,0,0,6.37916E+20,5.35586E+21,1.08612E+16,4.83408E+16
146344,146345,9,7,74,115,2016,9,16,2,3,5,4,0,0,0,1,1,0,0,0,6.11054E+20,5.34457E+21,1.04958E+16,4.82446E+16
146345,146346,9,7,73,170,2016,9,8,7,3,0,1,0,0,1,0,0,0,0,0,5.95906E+20,5.39059E+21,1.03024E+16,4.8661E+16
146346,146347,9,7,61,0,2016,9,16,3,3,4,2,0,0,0,1,0,0,0,0,6.39972E+20,5.35918E+21,1.089E+16,4.83702E+16
146347,146348,9,5,64,0,2016,9,14,1,3,8,1,0,1,0,1,0,0,0,0,6.50964E+20,5.47925E+21,1.10828E+16,4.94471E+16
146348,146349,9,7,79,131,2016,9,14,4,2,5,3,0,0,0,1,0,1,0,0,6.29293E+20,5.39809E+21,1.0758E+16,4.87224E+16
146349,146350,9,7,71,142,2016,9,15,7,3,5,3,0,1,0,1,0,0,0,0,6.4605E+20,5.35232E+21,1.09697E+16,4.83072E+16
146350,146351,9,1,63,0,2016,9,15,7,3,1,6,0,1,0,1,0,0,0,0,7.33671E+20,5.30429E+21,1.21236E+16,4.78495E+16
146351,146352,9,1,62,0,2016,9,20,3,3,2,6,2,0,0,1,0,0,0,0,6.91508E+20,5.33287E+21,1.15734E+16,4.81203E+16
146352,146353,9,4,78,145,2016,9,16,4,3,0,1,0,0,1,0,0,0,0,0,6.50786E+20,5.55927E+21,1.11114E+16,5.01664E+16
146353,146354,9,3,74,118,2016,9,19,2,3,5,3,0,0,0,1,0,0,0,0,7.55876E+20,5.49772E+21,1.25398E+16,4.95778E+16
146354,146355,9,5,64,0,2016,9,14,1,3,0,1,0,1,0,0,0,1,0,0,6.54188E+20,5.48143E+21,1.1128E+16,4.9466E+16
146355,146356,9,6,76,169,2016,9,9,4,3,0,7,0,0,0,0,0,1,0,0,5.12117E+20,5.51506E+21,9.16833E+15,4.97879E+16
146356,146357,9,7,75,129,2016,9,17,2,3,1,6,1,1,0,1,0,0,0,0,5.83372E+20,5.34134E+21,1.01224E+16,4.82198E+16
146357,146358,9,7,72,202,2016,9,16,7,3,0,1,0,1,1,0,0,0,0,0,6.37557E+20,5.35891E+21,1.08573E+16,4.83683E+16
146358,146359,9,7,80,139,2016,9,9,2,2,8,1,0,1,0,1,1,0,0,0,5.95854E+20,5.26254E+21,1.0273E+16,4.75093E+16
146359,146360,9,7,79,131,2016,9,14,2,3,2,2,0,0,0,1,0,0,0,0,6.3073E+20,5.39931E+21,1.07779E+16,4.87331E+16
146360,146361,9,1,61,0,2016,9,17,7,3,2,7,1,1,0,1,0,0,0,0,6.79042E+20,5.40142E+21,1.14353E+16,4.874E+16
146361,146362,9,5,64,0,2016,9,18,1,3,5,3,0,1,1,1,0,0,0,0,6.50009E+20,5.47915E+21,1.10695E+16,4.94465E+16
146362,146363,9,1,62,0,2016,9,17,3,3,5,3,0,0,0,1,0,0,0,0,6.90435E+20,5.34251E+21,1.15633E+16,4.82072E+16
146363,146364,9,3,76,161,2016,9,5,4,3,8,7,2,0,0,1,0,1,0,0,7.28204E+20,5.46655E+21,1.21397E+16,4.9309E+16
146364,146365,9,3,75,174,2016,9,12,3,3,0,6,0,0,0,1,0,1,0,0,7.35212E+20,5.43088E+21,1.22151E+16,4.8986E+16
146365,146366,9,1,62,0,2016,9,16,4,3,4,2,0,0,1,1,0,0,0,0,6.90151E+20,5.33492E+21,1.15561E+16,4.81391E+16
146366,146367,9,3,61,0,2016,9,20,2,3,5,3,2,0,0,1,0,0,0,0,7.07212E+20,5.48073E+21,1.18587E+16,4.94438E+16
146367,146368,9,5,77,136,2016,9,10,1,3,8,1,0,1,0,1,1,0,0,0,6.28136E+20,5.44134E+21,1.07558E+16,4.91116E+16
146368,146369,9,7,72,202,2016,9,17,2,3,6,7,0,0,0,1,1,0,0,0,6.36565E+20,5.35843E+21,1.08438E+16,4.83642E+16
146369,146370,9,7,61,0,2016,9,15,7,3,5,3,0,1,0,1,0,0,0,0,6.41798E+20,5.35938E+21,1.09147E+16,4.83716E+16
146370,146371,9,7,61,0,2016,9,18,2,3,5,3,1,1,1,1,0,0,0,0,6.38863E+20,5.36028E+21,1.08754E+16,4.83804E+16
146371,146372,9,3,62,0,2016,9,13,3,2,5,2,0,0,1,1,0,0,0,0,7.28188E+20,5.43539E+21,1.21218E+16,4.90291E+16
146372,146373,9,6,79,201,2016,9,16,3,2,5,3,0,0,0,1,0,1,0,0,5.73837E+20,5.52536E+21,1.00276E+16,4.98761E+16
146373,146374,9,5,75,124,2016,9,19,1,3,5,3,0,0,0,1,0,0,0,0,5.92803E+20,5.47901E+21,1.02806E+16,4.94567E+16
146374,146375,9,2,75,141,2016,9,19,3,3,8,1,2,0,0,1,0,0,0,0,8.19507E+20,5.37054E+21,1.33177E+16,4.84069E+16
146375,146376,9,7,74,145,2016,9,16,4,3,4,6,0,0,1,1,0,0,0,0,6.00833E+20,5.36106E+21,1.03622E+16,4.83946E+16
146376,146377,9,2,71,152,2016,9,12,2,3,5,3,0,0,0,1,0,0,0,0,7.85217E+20,5.40048E+21,1.2876E+16,4.86921E+16
146377,146378,9,5,75,115,2016,9,15,1,3,0,7,0,1,0,0,0,0,0,1,5.95772E+20,5.47874E+21,1.03215E+16,4.94538E+16
146378,146379,9,1,62,0,2016,9,17,3,3,0,5,0,0,1,1,0,0,0,0,6.89849E+20,5.33491E+21,1.1552E+16,4.81391E+16
146379,146380,9,2,75,128,2016,9,17,4,3,5,3,0,0,0,1,0,0,0,0,8.29489E+20,5.40072E+21,1.34761E+16,4.86725E+16
146380,146381,9,2,61,0,2016,9,19,3,3,8,1,2,0,1,0,0,0,0,0,7.33746E+20,5.38104E+21,1.21668E+16,4.85389E+16
146381,146382,9,1,62,0,2016,9,17,4,3,3,7,0,0,1,0,0,0,0,0,6.8967E+20,5.33603E+21,1.15501E+16,4.81492E+16
146382,146383,9,2,71,119,2016,9,5,2,3,7,7,2,0,0,0,0,1,0,0,7.94577E+20,5.4136E+21,1.30123E+16,4.88055E+16
146383,146384,9,7,61,0,2016,9,16,7,3,0,1,0,1,1,0,0,0,0,0,6.39445E+20,5.35872E+21,1.08828E+16,4.83662E+16
146384,146385,9,1,87,117,2016,9,14,3,3,5,3,0,0,1,1,0,0,0,0,7.24848E+20,5.30569E+21,1.20065E+16,4.78652E+16
146385,146386,9,5,64,0,2016,9,5,2,3,0,1,2,1,0,0,0,1,0,0,6.49932E+20,5.4798E+21,1.10687E+16,4.94524E+16
146386,146387,9,6,63,0,2016,9,10,3,3,2,6,0,0,0,1,0,0,0,0,5.67422E+20,5.51555E+21,9.93667E+15,4.97886E+16
146387,146388,9,5,61,0,2016,9,15,1,2,9,1,0,0,0,1,0,0,0,0,6.11325E+20,5.45859E+21,1.05303E+16,4.92699E+16