FID,OBJECTID,ULAND,UREGBEZ,UKREIS,UGEMEINDE,UJAHR,UMONAT,USTUNDE,UWOCHENTAG,UKATEGORIE,UART,UTYP1,ULICHTVERH,IstStrasse,IstRad,IstPKW,IstFuss,IstKrad,IstGkfz,IstSonstig,LINREFX,LINREFY,XGCSWGS84,YGCSWGS84
146388,146389,9,7,62,0,2016,9,16,4,3,6,4,0,0,0,1,1,0,0,0,6.22445E+20,5.3085E+21,1.06389E+16,4.79181E+16
146389,146390,9,2,73,147,2016,9,7,2,3,5,3,0,1,1,1,0,0,0,0,7.04982E+20,5.3914E+21,1.17828E+16,4.86421E+16
146390,146391,9,6,76,116,2016,9,22,7,3,9,1,2,1,0,1,0,0,0,0,5.20246E+20,5.50592E+21,9.28079E+15,4.97055E+16
146391,146392,9,1,81,130,2016,9,6,7,2,5,3,2,1,1,1,0,0,0,0,6.38918E+20,5.32498E+21,1.08646E+16,4.8063E+16
146392,146393,9,5,62,0,2016,9,12,7,3,2,6,0,0,0,1,0,0,0,1,6.43946E+20,5.49259E+21,1.09909E+16,4.95688E+16
146393,146394,9,5,62,0,2016,9,9,7,3,8,7,0,1,0,1,0,0,0,0,6.47114E+20,5.49543E+21,1.10357E+16,4.95935E+16
146394,146395,9,1,85,149,2016,9,14,3,2,4,2,0,0,1,1,0,0,0,0,6.6129E+20,5.3989E+21,1.1193E+16,4.87222E+16
146395,146396,9,2,73,137,2016,9,22,2,3,2,6,2,1,0,1,0,0,0,0,7.11413E+20,5.42123E+21,1.18853E+16,4.89079E+16
146396,146397,9,6,63,0,2016,9,7,3,3,5,2,0,0,0,1,0,1,0,0,5.67453E+20,5.51613E+21,9.9372E+15,4.97939E+16
146397,146398,9,3,63,0,2016,9,0,1,3,0,1,2,1,0,1,0,0,0,0,7.26359E+20,5.50797E+21,1.21381E+16,4.96817E+16
146398,146399,9,7,61,0,2016,9,5,4,3,0,6,2,1,0,1,0,1,0,0,6.36931E+20,5.36084E+21,1.08495E+16,4.83858E+16
146399,146400,9,5,62,0,2016,9,11,7,3,2,6,0,0,0,1,0,0,0,0,6.44309E+20,5.49504E+21,1.09968E+16,4.95907E+16
146400,146401,9,1,88,126,2016,9,21,7,3,0,7,2,1,1,0,0,0,0,0,6.60321E+20,5.32698E+21,1.11524E+16,4.80759E+16
146401,146402,9,1,84,145,2016,9,12,3,2,5,3,0,1,1,1,0,0,0,0,6.95584E+20,5.3249E+21,1.16244E+16,4.80474E+16
146402,146403,9,2,61,0,2016,9,16,4,3,2,6,0,0,1,1,0,0,0,0,7.32599E+20,5.38106E+21,1.21513E+16,4.85395E+16
146403,146404,9,4,62,0,2016,9,16,4,3,0,2,0,0,0,1,0,0,0,0,6.83247E+20,5.53566E+21,1.15542E+16,4.99451E+16
146404,146405,9,1,62,0,2016,9,14,4,3,1,3,0,0,1,1,0,0,0,0,6.92652E+20,5.33817E+21,1.15911E+16,4.81675E+16
146405,146406,9,2,73,152,2016,9,10,2,3,5,3,0,1,0,1,0,0,0,0,7.04305E+20,5.41142E+21,1.17835E+16,4.88222E+16
146406,146407,9,1,62,0,2016,9,8,3,3,0,1,0,1,1,0,0,0,0,0,6.8247E+20,5.33543E+21,1.14531E+16,4.81459E+16
146407,146408,9,1,83,148,2016,9,16,4,3,6,7,0,0,0,1,1,0,0,0,7.53019E+20,5.34509E+21,1.24059E+16,4.82085E+16
146408,146409,9,4,71,159,2016,9,16,4,2,0,1,0,0,1,0,0,0,0,0,6.40493E+20,5.53237E+21,1.09575E+16,4.99271E+16
146409,146410,9,1,90,152,2016,9,7,2,2,5,3,0,1,1,1,0,0,0,0,6.7128E+20,5.29909E+21,1.12883E+16,4.78224E+16
146410,146411,9,6,63,0,2016,9,7,3,3,0,1,0,0,1,0,0,0,0,0,5.69602E+20,5.51477E+21,9.96682E+15,4.97814E+16
146411,146412,9,3,62,0,2016,9,12,1,3,5,7,0,0,1,1,0,0,0,0,7.28543E+20,5.43702E+21,1.21276E+16,4.90436E+16
146412,146413,9,6,79,141,2016,9,7,4,3,5,3,0,0,0,1,0,0,0,0,5.55306E+20,5.51817E+21,9.76874E+15,4.98135E+16
146413,146414,9,7,61,0,2016,9,15,2,3,2,6,0,1,0,1,0,0,0,0,6.39695E+20,5.35737E+21,1.08857E+16,4.8354E+16
146414,146415,9,5,74,138,2016,9,13,7,2,8,1,0,1,1,0,0,0,0,0,6.6614E+20,5.48749E+21,1.12954E+16,4.95172E+16
146415,146416,9,7,61,0,2016,9,15,2,3,3,2,0,1,1,0,0,0,0,1,6.40228E+20,5.35895E+21,1.08934E+16,4.83681E+16
146416,146417,9,1,79,145,2016,9,9,7,3,4,6,0,1,1,1,0,0,0,0,6.75108E+20,5.33826E+21,1.13554E+16,4.81734E+16
146417,146418,9,3,62,0,2016,9,8,1,3,2,6,0,1,0,1,0,0,0,0,7.2681E+20,5.43326E+21,1.21018E+16,4.90105E+16
146418,146419,9,1,62,0,2016,9,21,3,3,1,3,2,0,1,1,0,0,0,0,6.83245E+20,5.33551E+21,1.14636E+16,4.81464E+16
146419,146420,9,1,71,112,2016,9,17,4,3,5,3,0,0,1,0,0,0,0,0,7.85079E+20,5.34278E+21,1.28349E+16,4.81742E+16
146420,146421,9,1,61,0,2016,9,8,3,3,2,6,0,0,0,1,0,0,0,0,6.77617E+20,5.40111E+21,1.14158E+16,4.87377E+16
146421,146422,9,1,62,0,2016,9,7,4,3,3,6,0,0,0,1,0,1,0,0,6.89699E+20,5.33331E+21,1.15493E+16,4.81248E+16
146422,146423,9,1,83,119,2016,9,17,2,3,1,3,0,0,0,1,0,0,0,0,7.35532E+20,5.33939E+21,1.21677E+16,4.81641E+16
146423,146424,9,3,76,161,2016,9,13,1,3,8,7,0,1,0,1,1,0,0,0,7.2809E+20,5.46781E+21,1.21388E+16,4.93204E+16
146424,146425,9,5,63,0,2016,9,18,7,3,6,4,0,1,0,1,1,0,0,0,6.44289E+20,5.48164E+21,1.09916E+16,4.94703E+16
146425,146426,9,7,61,0,2016,9,6,2,3,6,2,2,1,0,1,1,0,0,0,6.40133E+20,5.35892E+21,1.08921E+16,4.83678E+16
146426,146427,9,5,62,0,2016,9,17,4,3,5,3,1,0,0,1,0,0,0,0,6.45066E+20,5.49211E+21,1.10062E+16,4.95642E+16
146427,146428,9,6,77,178,2016,9,19,2,3,5,3,2,1,0,1,0,0,0,0,5.4474E+20,5.52975E+21,9.62323E+15,4.99185E+16
146428,146429,9,5,64,0,2016,9,14,7,3,4,2,0,1,0,1,0,0,0,0,6.53651E+20,5.47569E+21,1.11184E+16,4.94145E+16
146429,146430,9,6,78,176,2016,9,13,2,3,6,4,0,1,0,1,1,0,0,0,5.89294E+20,5.53802E+21,1.02457E+16,4.99879E+16
146430,146431,9,1,79,126,2016,9,9,7,3,4,6,0,1,1,1,0,0,0,0,6.7634E+20,5.34119E+21,1.13732E+16,4.81995E+16
146431,146432,9,3,76,119,2016,9,17,1,2,9,7,0,1,0,1,0,0,0,0,7.21323E+20,5.45391E+21,1.20382E+16,4.9198E+16
146432,146433,9,1,76,164,2016,9,18,3,1,0,1,0,0,0,1,0,0,0,0,6.61576E+20,5.42903E+21,1.12088E+16,4.8993E+16
146433,146434,9,1,62,0,2016,9,16,4,3,2,6,0,0,0,1,0,0,0,0,6.86443E+20,5.32981E+21,1.1504E+16,4.80943E+16
146434,146435,9,1,89,148,2016,9,11,2,3,5,3,0,1,0,1,0,0,0,0,7.79161E+20,5.30639E+21,1.27318E+16,4.78502E+16
146435,146436,9,5,64,0,2016,9,21,7,3,5,3,2,1,0,1,0,0,0,0,6.49602E+20,5.47662E+21,1.1063E+16,4.94238E+16
146436,146437,9,1,84,149,2016,9,7,2,3,5,3,0,1,1,1,0,0,0,0,6.91473E+20,5.35007E+21,1.15807E+16,4.82749E+16
146437,146438,9,6,63,0,2016,9,7,3,3,5,3,0,0,0,1,0,1,0,0,5.68598E+20,5.51566E+21,9.95303E+15,4.97895E+16
146438,146439,9,2,62,0,2016,9,17,1,3,0,7,0,0,0,1,0,0,0,1,8.25261E+20,5.38808E+21,1.34089E+16,4.85613E+16
146439,146440,9,1,62,0,2016,9,19,2,3,1,6,2,1,0,1,0,0,0,0,6.90139E+20,5.33499E+21,1.15559E+16,4.81398E+16
146440,146441,9,6,75,141,2016,9,16,3,2,5,3,0,0,0,1,0,1,0,0,5.8329E+20,5.50961E+21,1.01558E+16,4.97332E+16
146441,146442,9,2,75,116,2016,9,23,1,3,9,1,2,1,0,1,0,0,0,0,8.20125E+20,5.36397E+21,1.33211E+16,4.83477E+16
146442,146443,9,1,62,0,2016,9,15,2,3,2,2,0,1,0,1,0,0,0,0,6.88711E+20,5.33614E+21,1.15373E+16,4.81505E+16
146443,146444,9,7,75,135,2016,9,13,4,3,0,5,0,0,1,1,0,0,0,0,5.74274E+20,5.36078E+21,1.00034E+16,4.83958E+16
146444,146445,9,1,83,128,2016,9,17,2,3,4,1,0,1,0,1,0,0,0,0,7.61256E+20,5.34951E+21,1.25192E+16,4.82449E+16
146445,146446,9,5,64,0,2016,9,11,7,3,3,5,0,0,1,1,0,0,0,0,6.53932E+20,5.47885E+21,1.11235E+16,4.94428E+16
146446,146447,9,6,78,192,2016,9,17,2,3,0,2,0,0,1,1,0,0,0,0,5.74046E+20,5.54576E+21,1.00345E+16,5.00596E+16
146447,146448,9,1,62,0,2016,9,8,3,3,5,3,0,1,1,1,0,0,0,0,6.87445E+20,5.33616E+21,1.15203E+16,4.81511E+16
146448,146449,9,1,71,122,2016,9,17,4,2,8,7,0,0,1,0,0,0,0,0,7.70765E+20,5.33316E+21,1.26367E+16,4.80941E+16
146449,146450,9,1,62,0,2016,9,13,2,3,5,3,0,1,0,1,0,1,0,0,6.87162E+20,5.33668E+21,1.15167E+16,4.81558E+16
146450,146451,9,1,72,114,2016,9,17,2,3,5,3,0,1,0,1,0,0,0,0,7.9155E+20,5.29462E+21,1.28891E+16,4.7739E+16
146451,146452,9,6,73,114,2016,9,15,3,3,6,4,0,0,0,1,1,0,0,0,5.8686E+20,5.5753E+21,1.02202E+16,5.03234E+16
146452,146453,9,2,74,141,2016,9,11,1,3,9,1,0,1,0,1,0,0,0,0,7.2775E+20,5.39419E+21,1.20929E+16,4.86592E+16
146453,146454,9,7,61,0,2016,9,11,4,3,0,7,0,0,1,0,0,0,0,0,6.38831E+20,5.36054E+21,1.08751E+16,4.83828E+16
146454,146455,9,5,72,133,2016,9,14,2,3,5,3,0,1,1,1,0,0,0,0,6.38305E+20,5.49873E+21,1.0915E+16,4.96253E+16
146455,146456,9,5,64,0,2016,9,12,7,3,5,3,0,1,0,1,0,0,0,0,6.53357E+20,5.47895E+21,1.11156E+16,4.94438E+16
146456,146457,9,5,63,0,2016,9,16,2,3,5,3,0,1,0,1,0,1,0,0,6.42468E+20,5.48206E+21,1.09666E+16,4.94744E+16
146457,146458,9,1,79,136,2016,9,9,7,3,9,1,0,1,0,1,0,0,0,0,6.61259E+20,5.33901E+21,1.11696E+16,4.81839E+16
146458,146459,9,7,77,147,2016,9,12,4,3,0,6,0,0,1,0,0,0,0,0,6.34636E+20,5.28481E+21,1.07946E+16,4.77026E+16
146459,146460,9,1,74,115,2016,9,20,2,3,0,1,2,1,0,0,0,1,0,0,6.8281E+20,5.34774E+21,1.1463E+16,4.82565E+16
146460,146461,9,5,77,177,2016,9,12,7,3,2,1,0,1,0,1,0,0,0,0,6.43863E+20,5.43219E+21,1.0968E+16,4.90258E+16
146461,146462,9,1,75,118,2016,9,6,7,3,8,7,1,1,0,1,0,0,0,0,7.15425E+20,5.33885E+21,1.18974E+16,4.81664E+16
146462,146463,9,4,62,0,2016,9,11,7,3,0,3,0,1,0,1,0,1,0,0,6.82383E+20,5.53482E+21,1.15417E+16,4.99378E+16
146463,146464,9,1,62,0,2016,9,7,3,3,0,7,0,1,0,0,0,1,0,0,6.89046E+20,5.33555E+21,1.15415E+16,4.81451E+16
146464,146465,9,4,61,0,2016,9,12,4,3,0,7,0,0,1,0,0,0,0,0,6.36668E+20,5.52889E+21,1.0903E+16,4.98967E+16
146465,146466,9,1,62,0,2016,9,22,1,2,1,1,2,1,1,1,0,0,0,0,6.89627E+20,5.33557E+21,1.15493E+16,4.81451E+16
146466,146467,9,6,62,0,2016,9,7,3,3,4,2,0,0,1,1,0,0,0,0,5.87616E+20,5.54417E+21,1.02237E+16,5.00434E+16
146467,146468,9,1,87,126,2016,9,11,1,3,4,6,0,1,0,1,0,0,0,0,7.39472E+20,5.32596E+21,1.22131E+16,4.8042E+16
146468,146469,9,6,62,0,2016,9,17,4,3,0,7,0,0,1,0,0,0,0,0,5.86227E+20,5.54288E+21,1.0204E+16,5.00319E+16
146469,146470,9,5,63,0,2016,9,7,2,3,2,6,0,1,0,1,0,1,0,0,6.40413E+20,5.48109E+21,1.09379E+16,4.94662E+16
146470,146471,9,4,61,0,2016,9,21,7,3,5,3,2,1,0,1,0,0,0,0,6.34906E+20,5.5282E+21,1.08782E+16,4.9891E+16
146471,146472,9,5,63,0,2016,9,8,2,3,1,7,0,1,1,1,0,0,0,0,6.4276E+20,5.48378E+21,1.09713E+16,4.94898E+16
146472,146473,9,1,77,117,2016,9,12,7,3,5,3,0,1,0,1,0,0,0,0,7.15133E+20,5.35472E+21,1.19015E+16,4.8309E+16
146473,146474,9,1,81,144,2016,9,16,1,3,0,1,0,1,1,0,0,0,0,0,6.56181E+20,5.32155E+21,1.10949E+16,4.80282E+16
146474,146475,9,7,75,139,2016,9,23,3,3,0,7,2,0,1,0,0,0,0,0,5.78102E+20,5.36525E+21,1.00559E+16,4.84356E+16
146475,146476,9,1,71,111,2016,9,7,4,3,2,6,0,0,0,1,0,0,0,0,7.72699E+20,5.34752E+21,1.26718E+16,4.82222E+16
146476,146477,9,1,62,0,2016,9,14,2,3,2,6,0,1,0,1,0,0,0,0,6.91934E+20,5.33607E+21,1.15805E+16,4.81489E+16
146477,146478,9,1,62,0,2016,9,12,4,2,0,7,0,0,1,0,0,0,0,0,6.88311E+20,5.33557E+21,1.15316E+16,4.81455E+16
146478,146479,9,1,62,0,2016,9,10,1,3,5,2,0,1,0,1,0,0,0,0,6.90713E+20,5.33814E+21,1.15651E+16,4.81679E+16
146479,146480,9,7,78,165,2016,9,11,3,3,0,1,0,0,1,0,0,0,0,0,5.85239E+20,5.30516E+21,1.01404E+16,4.78941E+16
146480,146481,9,1,71,111,2016,9,16,4,3,6,4,0,0,0,1,1,0,0,0,7.73527E+20,5.34878E+21,1.26837E+16,4.82331E+16
146481,146482,9,1,62,0,2016,9,22,2,3,5,2,2,1,0,1,0,0,0,1,6.90519E+20,5.33495E+21,1.1561E+16,4.81393E+16
146482,146483,9,1,62,0,2016,9,3,4,3,5,3,2,0,0,1,0,0,0,0,6.90913E+20,5.3351E+21,1.15664E+16,4.81405E+16
146483,146484,9,1,62,0,2016,9,17,1,3,0,1,0,1,0,0,0,1,0,0,6.89357E+20,5.33363E+21,1.15448E+16,4.81277E+16
146484,146485,9,1,74,111,2016,9,16,1,3,9,1,0,1,0,1,0,0,0,0,6.67829E+20,5.36176E+21,1.12669E+16,4.83867E+16
146485,146486,9,5,63,0,2016,9,12,2,3,8,7,0,1,0,1,0,0,0,0,6.40095E+20,5.4805E+21,1.09333E+16,4.9461E+16
146486,146487,9,3,63,0,2016,9,4,7,3,0,1,2,1,1,0,0,0,0,0,7.27966E+20,5.50902E+21,1.21609E+16,4.96905E+16
146487,146488,9,5,64,0,2016,9,17,2,3,0,5,0,1,1,0,1,0,0,0,6.51305E+20,5.47719E+21,1.10867E+16,4.94285E+16
146488,146489,9,1,77,117,2016,9,1,1,2,6,4,2,0,0,1,1,0,0,0,7.15603E+20,5.35461E+21,1.19078E+16,4.83079E+16
146489,146490,9,1,62,0,2016,9,16,2,3,3,1,0,1,0,1,0,0,1,0,6.89497E+20,5.34012E+21,1.15496E+16,4.8186E+16
146490,146491,9,1,62,0,2016,9,23,4,3,1,7,2,0,0,1,0,1,0,0,6.91702E+20,5.33604E+21,1.15774E+16,4.81487E+16
146491,146492,9,1,62,0,2016,9,16,1,3,3,6,0,1,0,1,0,1,0,0,6.92267E+20,5.33727E+21,1.15855E+16,4.81596E+16
146492,146493,9,3,62,0,2016,9,10,7,3,0,4,0,1,1,0,1,0,0,0,7.253E+20,5.43314E+21,1.20811E+16,4.901E+16
146493,146494,9,3,75,208,2016,9,3,7,3,8,1,2,1,1,0,0,0,0,0,7.33439E+20,5.44016E+21,1.21963E+16,4.907E+16
146494,146495,9,5,64,0,2016,9,6,2,3,5,2,2,1,0,1,0,0,0,0,6.54406E+20,5.47339E+21,1.11279E+16,4.93936E+16
146495,146496,9,1,62,0,2016,9,17,2,3,5,3,0,1,0,1,0,0,0,0,6.91906E+20,5.33196E+21,1.15783E+16,4.81119E+16
146496,146497,9,5,64,0,2016,9,16,2,3,5,3,0,1,1,0,0,0,0,1,6.49788E+20,5.47243E+21,1.1064E+16,4.93861E+16
146497,146498,9,5,62,0,2016,9,17,3,3,8,6,0,0,0,1,0,0,0,0,6.45428E+20,5.49616E+21,1.10127E+16,4.96005E+16
146498,146499,9,1,62,0,2016,9,0,7,3,0,7,2,1,1,0,0,0,0,0,6.93062E+20,5.33373E+21,1.15946E+16,4.81275E+16
146499,146500,9,7,74,121,2016,9,19,4,3,2,7,0,0,1,1,0,0,0,0,6.04063E+20,5.36547E+21,1.04069E+16,4.84337E+16
146500,146501,9,1,62,0,2016,9,20,1,3,3,7,2,1,0,1,0,0,0,0,6.92006E+20,5.33633E+21,1.15816E+16,4.81512E+16
146501,146502,9,1,62,0,2016,9,18,6,3,2,6,1,1,0,1,0,0,0,0,6.86758E+20,5.337E+21,1.15114E+16,4.81588E+16
146502,146503,9,2,61,0,2016,9,17,1,3,5,3,0,0,0,1,0,1,0,0,7.28534E+20,5.38088E+21,1.20962E+16,4.85394E+16
146503,146504,9,5,64,0,2016,9,15,1,3,5,2,0,0,0,1,0,1,0,0,6.51731E+20,5.47979E+21,1.10935E+16,4.94518E+16
146504,146505,9,1,62,0,2016,9,8,6,3,1,5,0,0,1,1,0,0,0,0,6.91373E+20,5.34E+21,1.15748E+16,4.81844E+16
146505,146506,9,6,73,141,2016,9,10,6,2,0,1,0,0,1,0,0,0,0,0,6.04457E+20,5.57313E+21,1.04667E+16,5.03011E+16
146506,146507,9,4,77,128,2016,9,11,7,3,3,6,0,0,1,1,0,0,0,0,6.7564E+20,5.55367E+21,1.14565E+16,5.01092E+16
146507,146508,9,7,61,0,2016,9,9,5,3,6,2,0,0,0,1,1,0,0,0,6.38983E+20,5.35694E+21,1.08759E+16,4.83503E+16
146508,146509,9,1,62,0,2016,9,13,1,3,5,3,0,0,0,1,0,0,0,0,6.9255E+20,5.33331E+21,1.15876E+16,4.81239E+16
146509,146510,9,6,72,114,2016,9,14,6,3,0,7,0,0,1,0,0,0,0,0,5.76571E+20,5.56237E+21,1.00731E+16,5.02085E+16
146510,146511,9,5,63,0,2016,9,8,5,3,2,6,0,0,0,1,0,0,0,0,6.4586E+20,5.4813E+21,1.10131E+16,4.94668E+16
146511,146512,9,1,84,122,2016,9,17,6,3,1,5,0,0,0,1,0,0,0,0,6.87993E+20,5.32387E+21,1.15222E+16,4.80404E+16
146512,146513,9,5,76,143,2016,9,14,6,3,2,6,0,0,0,1,0,1,0,0,6.52079E+20,5.45705E+21,1.10897E+16,4.92473E+16
146513,146514,9,1,62,0,2016,9,18,5,3,2,6,0,0,0,1,0,0,0,0,6.88617E+20,5.33496E+21,1.15355E+16,4.81399E+16
146514,146515,9,1,62,0,2016,9,12,7,3,6,6,0,0,1,0,1,0,0,0,6.90047E+20,5.33527E+21,1.15548E+16,4.81422E+16
146515,146516,9,4,62,0,2016,9,20,7,3,5,3,2,0,1,1,0,0,0,0,6.86839E+20,5.53691E+21,1.16048E+16,4.99553E+16
146516,146517,9,1,62,0,2016,9,8,7,3,3,7,0,0,0,1,0,0,0,0,6.89724E+20,5.33473E+21,1.15503E+16,4.81375E+16
146517,146518,9,1,62,0,2016,9,19,6,3,5,2,1,0,1,1,0,0,0,0,7.0066E+20,5.33465E+21,1.1697E+16,4.81334E+16
146518,146519,9,5,72,126,2016,9,9,6,3,3,6,0,0,1,1,0,0,0,0,6.32315E+20,5.50677E+21,1.08349E+16,4.96989E+16
146519,146520,9,1,62,0,2016,9,12,7,3,6,4,0,0,0,1,1,0,0,0,6.89548E+20,5.3328E+21,1.1547E+16,4.81202E+16
146520,146521,9,3,77,127,2016,9,16,7,1,9,1,0,0,0,0,0,1,0,0,7.06298E+20,5.53493E+21,1.18747E+16,4.99311E+16
146521,146522,9,7,63,0,2016,9,18,7,3,2,6,1,0,0,1,0,0,0,0,5.97512E+20,5.28495E+21,1.03E+16,4.77106E+16
146522,146523,9,6,72,114,2016,9,7,5,2,5,3,0,0,1,1,0,0,0,0,5.75862E+20,5.56095E+21,1.00629E+16,5.01958E+16
146523,146524,9,1,62,0,2016,9,11,6,3,3,6,0,0,1,1,0,0,0,0,6.92563E+20,5.33417E+21,1.15881E+16,4.81316E+16
146524,146525,9,7,78,214,2016,9,14,1,3,2,6,0,0,1,0,0,1,0,0,5.98058E+20,5.3184E+21,1.03148E+16,4.80114E+16
146525,146526,9,2,79,115,2016,9,16,1,2,0,7,0,0,1,0,0,0,0,0,7.60177E+20,5.38264E+21,1.25253E+16,4.85428E+16
146526,146527,9,5,62,0,2016,9,8,6,3,6,7,0,0,0,1,1,0,0,0,6.44929E+20,5.49441E+21,1.10051E+16,4.95849E+16
146527,146528,9,5,63,0,2016,9,15,5,3,4,2,0,0,0,1,0,0,0,0,6.45466E+20,5.48303E+21,1.10083E+16,4.94825E+16
146528,146529,9,1,62,0,2016,9,8,6,3,5,2,0,0,1,0,0,0,0,0,6.89646E+20,5.33342E+21,1.15486E+16,4.81258E+16
146529,146530,9,1,62,0,2016,9,20,5,3,5,2,2,0,1,1,0,0,0,0,6.87779E+20,5.33126E+21,1.15226E+16,4.81069E+16
146530,146531,9,7,80,121,2016,9,14,7,3,3,7,0,0,1,0,0,0,0,0,5.95633E+20,5.25611E+21,1.02686E+16,4.74514E+16
146531,146532,9,3,75,201,2016,9,13,7,2,1,5,0,0,1,1,0,0,0,0,7.45807E+20,5.41996E+21,1.23531E+16,4.88838E+16
146532,146533,9,7,77,151,2016,9,17,7,3,0,7,0,0,1,0,0,0,0,0,6.21194E+20,5.29359E+21,1.0618E+16,4.77843E+16
146533,146534,9,2,79,115,2016,9,10,1,1,8,1,0,0,0,0,0,1,0,0,7.58508E+20,5.38102E+21,1.25017E+16,4.8529E+16
146534,146535,9,5,64,0,2016,9,4,1,3,5,3,2,0,0,1,0,0,0,0,6.46691E+20,5.47849E+21,1.10236E+16,4.94414E+16
146535,146536,9,1,62,0,2016,9,11,6,3,8,1,0,0,1,0,0,0,0,0,6.91675E+20,5.33804E+21,1.15779E+16,4.81667E+16
146536,146537,9,5,62,0,2016,9,8,5,3,2,6,0,0,1,0,0,0,0,0,6.45497E+20,5.49512E+21,1.10132E+16,4.95911E+16
146537,146538,9,1,62,0,2016,9,16,6,3,5,7,0,0,1,1,0,0,0,0,6.90815E+20,5.33597E+21,1.15655E+16,4.81483E+16
146538,146539,9,7,74,155,2016,9,13,1,2,0,1,0,0,1,0,0,0,0,0,5.9008E+20,5.36693E+21,1.02182E+16,4.84491E+16
146539,146540,9,1,90,139,2016,9,12,1,3,8,1,0,0,1,0,0,0,0,0,6.55945E+20,5.29426E+21,1.10819E+16,4.77828E+16
146540,146541,9,5,64,0,2016,9,13,6,3,4,7,0,0,0,1,0,1,0,0,6.49376E+20,5.4779E+21,1.10603E+16,4.94354E+16
146541,146542,9,5,64,0,2016,9,16,5,3,5,3,0,0,1,1,0,0,0,0,6.49684E+20,5.47011E+21,1.10617E+16,4.93653E+16
146542,146543,9,7,74,121,2016,9,4,5,3,5,3,2,0,0,1,0,0,0,0,6.04027E+20,5.36557E+21,1.04064E+16,4.84347E+16
146543,146544,9,3,62,0,2016,9,5,7,3,5,2,2,1,0,1,0,0,0,1,7.25285E+20,5.43219E+21,1.20804E+16,4.90015E+16
146544,146545,9,1,83,122,2016,9,14,1,3,0,1,0,0,1,0,0,0,0,0,7.50072E+20,5.3387E+21,1.23625E+16,4.81523E+16
146545,146546,9,5,64,0,2016,9,12,5,3,0,1,0,0,1,0,0,0,0,0,6.50177E+20,5.48075E+21,1.10725E+16,4.94609E+16
146546,146547,9,5,64,0,2016,9,0,1,3,1,5,2,0,1,1,0,0,0,0,6.47853E+20,5.47812E+21,1.10394E+16,4.94377E+16
146547,146548,9,1,62,0,2016,9,13,6,3,1,5,0,0,1,1,0,0,0,0,6.91092E+20,5.33628E+21,1.15693E+16,4.8151E+16
146548,146549,9,5,64,0,2016,9,5,6,3,1,1,2,0,1,1,0,0,0,0,6.52084E+20,5.47923E+21,1.10982E+16,4.94467E+16
146549,146550,9,5,64,0,2016,9,13,5,3,4,6,0,0,1,1,0,0,0,0,6.5341E+20,5.47973E+21,1.11167E+16,4.94509E+16
146550,146551,9,3,73,126,2016,9,13,7,2,5,3,0,0,0,1,0,1,0,0,6.69967E+20,5.4572E+21,1.13353E+16,4.92439E+16
146551,146552,9,1,89,124,2016,9,3,1,2,9,1,2,0,0,1,0,0,0,0,7.81228E+20,5.2972E+21,1.27534E+16,4.77668E+16
146552,146553,9,5,64,0,2016,9,8,6,3,6,4,0,0,0,1,1,0,0,0,6.50818E+20,5.4815E+21,1.10816E+16,4.94675E+16
146553,146554,9,5,73,134,2016,9,9,5,3,5,3,0,0,0,1,0,0,0,0,6.4187E+20,5.47905E+21,1.09573E+16,4.94475E+16
146554,146555,9,7,62,0,2016,9,11,5,3,1,1,0,0,0,1,0,0,0,0,6.21868E+20,5.30511E+21,1.06302E+16,4.78877E+16
146555,146556,9,3,76,175,2016,9,23,7,3,0,1,2,0,0,1,0,0,0,0,7.33809E+20,5.46863E+21,1.22179E+16,4.93256E+16
146556,146557,9,7,76,117,2016,9,22,7,3,8,1,2,0,1,0,0,0,0,0,5.66886E+20,5.27205E+21,9.88977E+15,4.75984E+16
146557,146558,9,1,71,133,2016,9,13,1,3,6,7,0,0,1,0,1,0,0,0,7.67096E+20,5.3462E+21,1.25957E+16,4.82128E+16
146558,146559,9,5,73,127,2016,9,17,5,2,5,3,0,0,0,1,0,1,0,0,6.44369E+20,5.47423E+21,1.099E+16,4.94036E+16
146559,146560,9,5,71,115,2016,9,13,1,2,0,1,0,0,1,0,0,0,0,0,6.16602E+20,5.44593E+21,1.05992E+16,4.91551E+16
146560,146561,9,7,75,135,2016,9,11,6,3,3,3,0,0,0,1,0,0,0,0,5.74117E+20,5.36039E+21,1.00012E+16,4.83923E+16
146561,146562,9,5,64,0,2016,9,10,6,3,0,7,0,0,0,0,0,1,0,0,6.49894E+20,5.47754E+21,1.10674E+16,4.9432E+16
146562,146563,9,2,78,118,2016,9,18,7,2,0,7,0,0,1,0,0,0,0,1,7.69638E+20,5.42381E+21,1.26801E+16,4.89084E+16
146563,146564,9,7,71,113,2016,9,17,5,3,0,7,0,0,1,0,0,0,0,0,6.57525E+20,5.36912E+21,1.11306E+16,4.84555E+16
146564,146565,9,7,80,118,2016,9,11,1,3,9,1,0,0,1,0,0,0,0,0,5.97244E+20,5.26602E+21,1.02922E+16,4.75403E+16
146565,146566,9,7,72,163,2016,9,12,5,3,5,3,0,0,1,1,0,0,0,0,6.40234E+20,5.34852E+21,1.089E+16,4.82743E+16