FID,OBJECTID,ULAND,UREGBEZ,UKREIS,UGEMEINDE,UJAHR,UMONAT,USTUNDE,UWOCHENTAG,UKATEGORIE,UART,UTYP1,ULICHTVERH,IstStrasse,IstRad,IstPKW,IstFuss,IstKrad,IstGkfz,IstSonstig,LINREFX,LINREFY,XGCSWGS84,YGCSWGS84
146921,146922,9,1,62,0,2016,9,9,2,3,5,3,0,0,0,1,0,1,0,0,6.86672E+20,5.33946E+21,1.15113E+16,4.81809E+16
146922,146923,9,2,61,0,2016,9,14,2,3,3,2,0,0,1,1,0,0,0,0,7.32283E+20,5.38238E+21,1.21478E+16,4.85514E+16
146923,146924,9,2,74,184,2016,9,17,3,2,0,7,0,0,0,1,0,0,0,1,7.48594E+20,5.36842E+21,1.23601E+16,4.84198E+16
146924,146925,9,4,71,123,2016,9,13,5,3,5,3,0,0,0,1,0,0,0,0,6.46361E+20,5.51927E+21,1.10342E+16,4.9808E+16
146925,146926,9,1,62,0,2016,9,7,4,3,0,4,0,0,1,0,1,0,0,0,6.91979E+20,5.34001E+21,1.15829E+16,4.81843E+16
146926,146927,9,1,62,0,2016,9,10,2,3,6,4,0,0,0,1,1,0,0,0,6.88729E+20,5.33566E+21,1.15373E+16,4.81462E+16
146927,146928,9,2,61,0,2016,9,8,2,3,5,3,0,0,1,0,0,0,0,0,7.31794E+20,5.37994E+21,1.21398E+16,4.85297E+16
146928,146929,9,1,78,124,2016,9,14,4,3,5,3,0,0,1,1,0,0,0,0,7.02593E+20,5.36432E+21,1.17372E+16,4.83995E+16
146929,146930,9,7,79,131,2016,9,20,3,3,0,7,2,0,0,0,0,1,0,0,6.29573E+20,5.39761E+21,1.07616E+16,4.8718E+16
146930,146931,9,1,62,0,2016,9,0,4,3,5,2,2,0,1,0,0,0,1,0,6.90723E+20,5.3403E+21,1.15662E+16,4.81873E+16
146931,146932,9,2,74,126,2016,9,7,2,3,6,4,0,0,0,0,1,0,0,1,7.34126E+20,5.38391E+21,1.21736E+16,4.85645E+16
146932,146933,9,1,80,123,2016,9,9,5,2,0,3,0,0,1,1,0,0,0,0,6.70727E+20,5.25703E+21,1.12645E+16,4.74444E+16
146933,146934,9,2,79,122,2016,9,16,3,3,0,7,0,0,1,0,0,0,0,0,7.74339E+20,5.39883E+21,1.27274E+16,4.86821E+16
146934,146935,9,1,84,123,2016,9,13,2,3,3,2,0,0,1,1,0,0,0,0,7.03103E+20,5.33199E+21,1.17286E+16,4.81088E+16
146935,146936,9,2,73,137,2016,9,8,2,3,8,7,0,0,0,1,0,0,0,0,7.11624E+20,5.42102E+21,1.1888E+16,4.8906E+16
146936,146937,9,7,73,144,2016,9,17,3,2,5,3,0,0,0,1,0,1,0,0,6.04764E+20,5.37996E+21,1.042E+16,4.8564E+16
146937,146938,9,1,75,123,2016,9,20,4,2,6,4,2,0,0,1,1,0,0,0,7.23248E+20,5.33792E+21,1.20019E+16,4.81553E+16
146938,146939,9,7,61,0,2016,9,9,3,3,5,3,0,0,1,0,0,0,0,0,6.40777E+20,5.35925E+21,1.09009E+16,4.83707E+16
146939,146940,9,1,62,0,2016,9,14,3,3,3,2,0,0,1,1,0,0,0,0,6.97707E+20,5.33272E+21,1.16565E+16,4.8117E+16
146940,146941,9,7,61,0,2016,9,10,3,3,5,3,0,0,1,0,0,0,0,0,6.36573E+20,5.3601E+21,1.08444E+16,4.83793E+16
146941,146942,9,1,62,0,2016,9,13,4,3,5,2,0,0,1,1,0,0,0,0,6.86248E+20,5.33336E+21,1.1503E+16,4.81262E+16
146942,146943,9,2,73,152,2016,9,20,2,3,5,3,2,0,0,1,0,0,0,0,7.03112E+20,5.4101E+21,1.17666E+16,4.88107E+16
146943,146944,9,1,73,124,2016,9,12,5,3,0,7,0,0,1,0,0,0,0,0,6.93141E+20,5.28932E+21,1.15758E+16,4.77283E+16
146944,146945,9,1,73,112,2016,9,19,3,3,6,4,1,0,0,1,1,0,0,0,6.93672E+20,5.29299E+21,1.15845E+16,4.77612E+16
146945,146946,9,1,62,0,2016,9,16,2,3,2,6,0,0,0,1,0,0,0,0,6.93682E+20,5.33588E+21,1.16039E+16,4.81467E+16
146946,146947,9,7,61,0,2016,9,8,3,3,4,2,0,0,1,1,0,0,0,0,6.38119E+20,5.36184E+21,1.08659E+16,4.83946E+16
146947,146948,9,1,62,0,2016,9,17,3,3,4,2,0,0,0,1,0,0,0,0,6.8619E+20,5.33592E+21,1.15033E+16,4.81493E+16
146948,146949,9,4,61,0,2016,9,14,5,3,5,2,0,0,0,0,0,1,1,0,6.35793E+20,5.52807E+21,1.08905E+16,4.98896E+16
146949,146950,9,1,62,0,2016,9,18,2,3,5,3,0,0,1,1,0,0,0,0,6.87686E+20,5.33118E+21,1.15213E+16,4.81062E+16
146950,146951,9,2,73,137,2016,9,16,2,3,5,3,0,0,1,1,0,0,0,0,7.11129E+20,5.42248E+21,1.1882E+16,4.89192E+16
146951,146952,9,4,61,0,2016,9,18,5,3,5,3,0,0,1,1,0,0,0,0,6.3741E+20,5.52768E+21,1.09129E+16,4.98857E+16
146952,146953,9,1,80,124,2016,9,7,2,2,0,1,0,0,1,0,0,0,0,0,6.6621E+20,5.28291E+21,1.12145E+16,4.76782E+16
146953,146954,9,1,73,112,2016,9,14,5,2,5,3,0,0,1,0,0,0,1,0,6.92127E+20,5.29175E+21,1.15633E+16,4.77505E+16
146954,146955,9,1,89,152,2016,9,14,3,3,5,3,0,0,1,1,0,0,0,0,7.82005E+20,5.32779E+21,1.27838E+16,4.80411E+16
146955,146956,9,1,62,0,2016,9,22,2,3,0,7,2,0,0,0,1,0,0,1,6.92094E+20,5.33494E+21,1.15822E+16,4.81387E+16
146956,146957,9,5,64,0,2016,9,16,4,3,6,1,0,0,1,0,1,0,0,0,6.48741E+20,5.47831E+21,1.10517E+16,4.94392E+16
146957,146958,9,7,61,0,2016,9,16,3,3,8,1,0,0,1,0,0,0,0,0,6.41563E+20,5.35333E+21,1.09095E+16,4.83173E+16
146958,146959,9,5,64,0,2016,9,8,4,3,5,3,0,0,1,1,0,0,0,0,6.49066E+20,5.47908E+21,1.10565E+16,4.94461E+16
146959,146960,9,1,84,134,2016,9,14,3,3,0,3,0,0,1,1,0,0,0,0,6.92959E+20,5.32178E+21,1.15878E+16,4.80202E+16
146960,146961,9,1,71,112,2016,9,17,3,2,0,7,0,0,1,0,0,0,0,0,7.84407E+20,5.3423E+21,1.28256E+16,4.81702E+16
146961,146962,9,3,74,154,2016,9,7,5,3,5,3,0,0,0,1,0,0,0,0,7.28996E+20,5.50509E+21,1.21729E+16,4.96549E+16
146962,146963,9,1,62,0,2016,9,16,4,3,3,6,0,0,1,0,0,0,0,0,6.91986E+20,5.34E+21,1.1583E+16,4.81842E+16
146963,146964,9,7,75,164,2016,9,15,2,3,9,1,0,0,0,1,0,0,0,0,5.83624E+20,5.34737E+21,1.0127E+16,4.8274E+16
146964,146965,9,1,72,114,2016,9,7,2,3,6,4,0,0,0,1,1,0,0,0,7.91409E+20,5.2938E+21,1.28867E+16,4.77317E+16
146965,146966,9,1,63,0,2016,9,16,3,3,5,6,0,0,0,1,0,1,0,0,7.33806E+20,5.30508E+21,1.21258E+16,4.78565E+16
146966,146967,9,1,62,0,2016,9,16,3,3,5,3,0,0,0,1,0,0,0,0,6.90329E+20,5.3432E+21,1.15622E+16,4.82134E+16
146967,146968,9,7,61,0,2016,9,11,3,3,0,7,0,0,1,0,0,0,0,0,6.40588E+20,5.35886E+21,1.08982E+16,4.83673E+16
146968,146969,9,5,64,0,2016,9,14,4,3,5,3,0,0,1,1,0,0,0,0,6.5038E+20,5.47837E+21,1.10744E+16,4.94394E+16
146969,146970,9,7,78,186,2016,9,7,2,2,0,7,0,0,1,0,0,0,0,0,5.97542E+20,5.31091E+21,1.03062E+16,4.79441E+16
146970,146971,9,1,62,0,2016,9,16,3,3,6,6,0,0,1,0,1,0,0,0,6.92312E+20,5.33762E+21,1.15863E+16,4.81627E+16
146971,146972,9,5,73,134,2016,9,16,4,3,5,3,0,0,1,1,0,0,0,0,6.42003E+20,5.47866E+21,1.0959E+16,4.9444E+16
146972,146973,9,6,63,0,2016,9,7,3,3,2,6,0,0,0,1,0,1,0,0,5.68656E+20,5.51513E+21,9.95374E+15,4.97847E+16
146973,146974,9,5,61,0,2016,9,16,4,2,8,1,0,0,0,1,0,0,0,0,6.07907E+20,5.46366E+21,1.04847E+16,4.93162E+16
146974,146975,9,5,63,0,2016,9,10,2,3,6,4,0,0,0,1,1,0,0,0,6.4455E+20,5.48063E+21,1.09948E+16,4.94611E+16
146975,146976,9,1,87,163,2016,9,13,3,3,4,6,0,0,0,1,0,0,0,1,7.39361E+20,5.31095E+21,1.22032E+16,4.79071E+16
146976,146977,9,1,62,0,2016,9,10,4,3,5,3,0,0,0,1,0,0,0,0,6.93246E+20,5.33793E+21,1.1599E+16,4.81652E+16
146977,146978,9,7,78,203,2016,9,18,2,3,0,1,0,0,1,0,0,0,0,0,6.22697E+20,5.32521E+21,1.0647E+16,4.80684E+16
146978,146979,9,1,71,132,2016,9,16,2,3,5,3,0,0,0,1,0,0,0,0,7.65679E+20,5.35178E+21,1.25801E+16,4.82634E+16
146979,146980,9,1,62,0,2016,9,18,3,3,4,3,0,0,1,0,0,0,0,0,6.86537E+20,5.32931E+21,1.15051E+16,4.80897E+16
146980,146981,9,6,73,171,2016,9,13,3,3,0,1,0,0,0,0,0,1,0,0,5.88052E+20,5.57085E+21,1.02359E+16,5.02832E+16
146981,146982,9,1,62,0,2016,9,18,4,3,1,6,0,0,1,1,0,0,0,0,6.91242E+20,5.33634E+21,1.15713E+16,4.81516E+16
146982,146983,9,1,89,140,2016,9,10,5,3,0,1,0,0,1,0,0,0,0,0,7.73121E+20,5.29628E+21,1.26449E+16,4.7762E+16
146983,146984,9,1,87,132,2016,9,11,3,3,8,1,0,0,1,0,0,0,0,0,7.43658E+20,5.2978E+21,1.22532E+16,4.77874E+16
146984,146985,9,1,62,0,2016,9,19,4,3,3,2,0,0,1,1,0,0,0,0,6.90156E+20,5.33524E+21,1.15563E+16,4.8142E+16
146985,146986,9,1,87,182,2016,9,12,5,3,0,7,0,0,1,0,0,0,0,0,7.37445E+20,5.32752E+21,1.21868E+16,4.80567E+16
146986,146987,9,1,61,0,2016,9,16,3,3,6,7,0,0,1,0,1,0,0,0,6.78097E+20,5.40172E+21,1.14226E+16,4.8743E+16
146987,146988,9,1,62,0,2016,9,14,4,3,0,3,0,0,0,1,0,0,0,0,6.92384E+20,5.33814E+21,1.15875E+16,4.81674E+16
146988,146989,9,7,80,139,2016,9,21,2,3,0,1,2,0,0,0,0,1,0,0,5.95069E+20,5.26405E+21,1.02629E+16,4.7523E+16
146989,146990,9,1,87,177,2016,9,17,2,3,2,6,0,0,0,1,0,0,0,0,7.36039E+20,5.30428E+21,1.21552E+16,4.78485E+16
146990,146991,9,1,62,0,2016,9,7,3,2,5,3,0,0,1,1,0,0,0,0,6.94501E+20,5.33775E+21,1.16158E+16,4.81632E+16
146991,146992,9,6,62,0,2016,9,7,3,3,4,6,0,0,0,1,0,0,1,0,5.88184E+20,5.54412E+21,1.02316E+16,5.00428E+16
146992,146993,9,4,79,169,2016,9,11,4,3,5,3,0,0,0,1,0,0,0,0,7.14907E+20,5.54715E+21,1.20013E+16,5.00378E+16
146993,146994,9,3,75,165,2016,9,16,5,3,8,7,0,0,0,1,0,0,0,0,7.24566E+20,5.43756E+21,1.20735E+16,4.905E+16
146994,146995,9,1,62,0,2016,9,16,4,3,6,4,0,0,1,0,1,0,0,0,6.88184E+20,5.33634E+21,1.15303E+16,4.81524E+16
146995,146996,9,1,63,0,2016,9,12,2,2,0,1,0,0,0,0,0,1,0,0,7.32137E+20,5.30075E+21,1.21012E+16,4.78182E+16
146996,146997,9,1,63,0,2016,9,20,5,3,0,2,2,0,0,1,0,1,0,0,7.33384E+20,5.30486E+21,1.21201E+16,4.78547E+16
146997,146998,9,1,76,129,2016,9,20,3,3,0,7,2,0,1,0,0,0,0,0,6.85817E+20,5.40424E+21,1.15286E+16,4.87634E+16
146998,146999,9,7,76,117,2016,9,14,2,3,0,1,0,0,1,0,0,0,0,0,5.67422E+20,5.27271E+21,9.897E+15,4.76043E+16
146999,147000,9,4,62,0,2016,9,18,4,2,5,3,0,0,1,1,0,0,0,0,6.85454E+20,5.53669E+21,1.15854E+16,4.99537E+16
147000,147001,9,6,76,124,2016,9,15,3,2,6,7,0,0,1,0,1,0,0,0,5.3177E+20,5.51441E+21,9.4413E+15,4.97813E+16
147001,147002,9,4,62,0,2016,9,17,4,3,0,1,0,0,1,0,0,0,0,0,6.84248E+20,5.5357E+21,1.15681E+16,4.99452E+16
147002,147003,9,5,64,0,2016,9,7,2,3,0,7,0,0,0,1,1,0,0,0,6.49706E+20,5.48004E+21,1.10657E+16,4.94546E+16
147003,147004,9,1,62,0,2016,9,19,3,3,2,6,2,0,0,1,0,0,0,0,6.90744E+20,5.33333E+21,1.15633E+16,4.81246E+16
147004,147005,9,7,76,116,2016,9,15,2,2,6,4,0,0,0,1,1,0,0,0,5.53334E+20,5.2675E+21,9.70896E+15,4.75587E+16
147005,147006,9,1,78,145,2016,9,7,2,3,1,1,0,0,1,1,0,0,0,0,6.97303E+20,5.35498E+21,1.16614E+16,4.83172E+16
147006,147007,9,5,72,132,2016,9,14,3,3,5,3,0,0,0,1,0,0,0,0,6.35212E+20,5.49308E+21,1.08703E+16,4.95752E+16
147007,147008,9,5,77,151,2016,9,17,2,3,4,6,0,0,0,1,0,0,0,0,6.58816E+20,5.43364E+21,1.11729E+16,4.90352E+16
147008,147009,9,1,62,0,2016,9,17,3,2,6,4,0,0,0,0,1,0,1,0,6.86059E+20,5.34025E+21,1.15034E+16,4.81882E+16
147009,147010,9,5,74,132,2016,9,10,3,3,4,2,0,0,1,1,0,0,0,0,6.76485E+20,5.48628E+21,1.14377E+16,4.95034E+16
147010,147011,9,3,62,0,2016,9,13,5,3,1,6,0,0,0,1,0,0,0,0,7.23705E+20,5.43318E+21,1.20594E+16,4.90109E+16
147011,147012,9,1,78,124,2016,9,13,2,3,5,3,0,0,1,1,0,0,0,0,7.03263E+20,5.36482E+21,1.17465E+16,4.84038E+16
147012,147013,9,1,63,0,2016,9,15,5,3,0,1,0,0,1,0,0,0,0,0,7.33219E+20,5.30527E+21,1.21181E+16,4.78584E+16
147013,147014,9,1,86,143,2016,9,12,3,3,6,2,0,0,0,1,1,0,0,0,6.85198E+20,5.37811E+21,1.15085E+16,4.85288E+16
147014,147015,9,7,62,0,2016,9,12,2,3,0,3,0,0,0,1,0,0,0,0,6.2136E+20,5.30351E+21,1.0623E+16,4.78735E+16
147015,147016,9,3,72,171,2016,9,13,4,2,0,7,0,0,1,0,0,0,0,0,7.68459E+20,5.47674E+21,1.26993E+16,4.93842E+16
147016,147017,9,5,63,0,2016,9,14,3,3,5,3,0,0,0,1,0,0,0,0,6.45206E+20,5.48294E+21,1.10047E+16,4.94817E+16
147017,147018,9,3,62,0,2016,9,12,4,3,5,3,0,0,1,1,0,0,0,0,7.23914E+20,5.43421E+21,1.20628E+16,4.90201E+16
147018,147019,9,5,77,136,2016,9,22,2,3,5,3,2,0,0,1,0,0,0,0,6.28656E+20,5.44193E+21,1.07631E+16,4.91167E+16
147019,147020,9,1,62,0,2016,9,16,3,3,5,3,0,0,0,1,0,1,0,0,6.90526E+20,5.3358E+21,1.15615E+16,4.81469E+16
147020,147021,9,1,79,126,2016,9,15,3,3,1,6,0,0,0,1,0,1,0,0,6.75589E+20,5.33963E+21,1.13624E+16,4.81856E+16
147021,147022,9,3,62,0,2016,9,7,5,3,4,2,0,0,1,0,0,0,0,1,7.26786E+20,5.43369E+21,1.21017E+16,4.90144E+16
147022,147023,9,1,62,0,2016,9,18,4,3,8,6,0,0,0,0,0,1,0,0,6.86511E+20,5.33833E+21,1.15087E+16,4.81708E+16
147023,147024,9,7,80,124,2016,9,16,2,3,0,1,0,0,1,0,0,0,0,0,5.92474E+20,5.2678E+21,1.02292E+16,4.7557E+16
147024,147025,9,1,77,117,2016,9,16,2,2,0,7,0,0,1,1,0,0,0,0,7.15041E+20,5.3551E+21,1.19005E+16,4.83125E+16
147025,147026,9,3,73,155,2016,9,16,5,3,3,6,0,0,0,0,0,1,0,1,6.69221E+20,5.46011E+21,1.13263E+16,4.92703E+16
147026,147027,9,1,62,0,2016,9,13,4,3,4,6,0,0,1,0,0,0,0,0,6.8382E+20,5.339E+21,1.14728E+16,4.81776E+16
147027,147028,9,7,72,149,2016,9,14,2,3,5,3,0,0,1,1,0,0,0,0,6.36978E+20,5.33773E+21,1.08427E+16,4.8178E+16
147028,147029,9,1,84,123,2016,9,16,1,3,0,1,0,0,1,0,0,0,0,0,7.03124E+20,5.33146E+21,1.17286E+16,4.8104E+16
147029,147030,9,1,79,123,2016,9,14,3,3,0,3,0,0,1,0,0,0,0,0,6.75978E+20,5.33198E+21,1.13645E+16,4.81168E+16
147030,147031,9,1,62,0,2016,9,23,3,3,6,4,2,0,0,1,1,0,0,0,6.90267E+20,5.33494E+21,1.15576E+16,4.81393E+16
147031,147032,9,3,62,0,2016,9,11,4,3,5,3,0,0,1,0,0,1,0,0,7.27674E+20,5.43588E+21,1.21151E+16,4.90337E+16
147032,147033,9,5,63,0,2016,9,13,3,2,6,4,0,0,0,1,1,0,0,0,6.44776E+20,5.48134E+21,1.09982E+16,4.94674E+16
147033,147034,9,3,73,160,2016,9,14,4,3,0,1,0,0,0,0,0,1,0,0,6.93019E+20,5.45142E+21,1.16489E+16,4.91852E+16
147034,147035,9,1,79,121,2016,9,12,3,3,5,3,0,0,1,0,0,1,0,0,6.65457E+20,5.33617E+21,1.12249E+16,4.81573E+16
147035,147036,9,1,62,0,2016,9,16,4,3,2,2,0,0,1,0,0,0,0,0,6.87862E+20,5.33729E+21,1.15264E+16,4.81611E+16
147036,147037,9,7,72,147,2016,9,19,2,3,5,2,1,0,1,1,0,0,0,0,6.39188E+20,5.36505E+21,1.08814E+16,4.84232E+16
147037,147038,9,1,62,0,2016,9,20,1,3,1,5,2,0,1,1,0,0,0,0,7.00439E+20,5.33221E+21,1.16929E+16,4.81116E+16
147038,147039,9,1,62,0,2016,9,15,3,3,2,6,0,0,0,1,0,0,0,0,6.941E+20,5.33502E+21,1.16091E+16,4.81388E+16
147039,147040,9,5,64,0,2016,9,14,3,3,2,6,0,0,0,1,0,0,0,0,6.47941E+20,5.47705E+21,1.10402E+16,4.94281E+16
147040,147041,9,1,62,0,2016,9,11,3,3,1,5,0,0,0,1,0,0,0,0,6.98551E+20,5.33343E+21,1.16682E+16,4.81231E+16
147041,147042,9,5,64,0,2016,9,18,3,3,5,3,0,0,1,1,0,0,0,0,6.48794E+20,5.47888E+21,1.10527E+16,4.94444E+16
147042,147043,9,3,73,146,2016,9,15,4,3,0,6,0,0,1,1,0,0,0,0,6.78105E+20,5.44848E+21,1.14431E+16,4.91632E+16
147043,147044,9,1,62,0,2016,9,20,4,3,3,2,2,0,1,1,0,0,0,0,6.8813E+20,5.33714E+21,1.15299E+16,4.81597E+16
147044,147045,9,1,62,0,2016,9,18,1,3,0,7,0,0,1,0,0,0,0,0,6.93325E+20,5.33322E+21,1.15979E+16,4.81229E+16
147045,147046,9,1,87,114,2016,9,16,5,2,7,7,0,0,1,0,1,0,0,0,7.4839E+20,5.29446E+21,1.23144E+16,4.77556E+16
147046,147047,9,1,74,115,2016,9,16,3,3,0,1,0,0,1,0,0,0,0,0,6.8183E+20,5.34786E+21,1.14499E+16,4.82578E+16
147047,147048,9,7,71,122,2016,9,16,2,2,9,1,0,0,0,0,0,0,0,1,6.48204E+20,5.36021E+21,1.10015E+16,4.83776E+16
147048,147049,9,1,62,0,2016,9,15,1,3,6,6,0,0,1,0,1,0,0,0,6.93825E+20,5.33391E+21,1.16049E+16,4.81289E+16
147049,147050,9,7,74,144,2016,10,18,7,3,0,1,1,0,1,0,0,0,0,0,6.06437E+20,5.36098E+21,1.04378E+16,4.8393E+16
147050,147051,9,2,61,0,2016,9,15,6,3,5,3,0,0,1,1,0,0,0,0,7.31767E+20,5.37999E+21,1.21395E+16,4.85301E+16
147051,147052,9,6,61,0,2016,9,15,5,2,0,6,0,0,0,0,0,1,0,1,5.11433E+20,5.53396E+21,9.15939E+15,4.99579E+16
147052,147053,9,7,77,121,2016,9,16,6,3,0,6,0,0,0,1,0,0,0,1,6.32278E+20,5.32087E+21,1.07742E+16,4.80274E+16
147053,147054,9,7,61,0,2016,9,13,6,3,2,6,0,0,0,1,0,1,0,0,6.4237E+20,5.36017E+21,1.09227E+16,4.83786E+16
147054,147055,9,1,63,0,2016,9,20,6,2,2,2,2,0,0,1,0,1,0,0,7.33977E+20,5.30533E+21,1.21282E+16,4.78587E+16
147055,147056,9,7,61,0,2016,10,18,7,3,8,1,2,0,1,0,0,0,0,0,6.4124E+20,5.35726E+21,1.09065E+16,4.83527E+16
147056,147057,9,1,62,0,2016,10,19,1,3,5,2,2,1,0,1,0,0,0,0,6.94483E+20,5.33373E+21,1.16137E+16,4.81271E+16
147057,147058,9,5,62,0,2016,9,18,5,3,5,3,1,0,1,1,0,0,0,0,6.44916E+20,5.49488E+21,1.10051E+16,4.95891E+16
147058,147059,9,2,75,128,2016,10,0,1,3,8,1,2,0,0,1,0,0,0,0,8.29362E+20,5.40174E+21,1.34751E+16,4.86817E+16
147059,147060,9,1,72,118,2016,10,13,7,2,5,3,0,0,0,1,0,1,0,0,7.98198E+20,5.30696E+21,1.29861E+16,4.78467E+16
147060,147061,9,1,77,117,2016,9,17,6,2,6,2,0,0,0,1,1,0,0,0,7.14453E+20,5.35305E+21,1.18915E+16,4.82943E+16
147061,147062,9,1,62,0,2016,9,17,5,3,3,7,0,0,1,0,0,0,0,0,6.91541E+20,5.33703E+21,1.15757E+16,4.81577E+16
147062,147063,9,1,62,0,2016,9,0,6,2,3,6,2,0,0,1,0,1,0,0,6.89051E+20,5.33237E+21,1.15402E+16,4.81165E+16
147063,147064,9,5,64,0,2016,9,19,6,3,2,6,2,0,0,1,0,0,0,0,6.52528E+20,5.47883E+21,1.11042E+16,4.9443E+16
147064,147065,9,1,81,128,2016,9,12,6,3,6,7,0,0,1,0,1,0,0,0,6.39062E+20,5.32786E+21,1.08675E+16,4.80889E+16
147065,147066,9,4,72,176,2016,10,16,7,3,8,1,0,0,0,0,0,1,0,0,6.67352E+20,5.52926E+21,1.133E+16,4.98923E+16
147066,147067,9,6,62,0,2016,9,16,6,3,0,3,0,0,0,1,0,0,0,1,5.88669E+20,5.54249E+21,1.0238E+16,5.00281E+16
147067,147068,9,1,61,0,2016,9,19,6,3,5,3,2,0,1,1,0,0,0,0,6.77996E+20,5.40528E+21,1.14227E+16,4.87751E+16
147068,147069,9,5,64,0,2016,10,16,7,3,2,6,0,0,0,1,0,0,0,1,6.51221E+20,5.4767E+21,1.10853E+16,4.94242E+16
147069,147070,9,5,62,0,2016,9,13,5,3,0,7,0,0,0,1,0,0,0,0,6.44542E+20,5.49561E+21,1.10002E+16,4.95958E+16
147070,147071,9,1,62,0,2016,10,12,7,3,5,3,0,0,0,1,0,0,0,0,6.92517E+20,5.33025E+21,1.15857E+16,4.80964E+16
147071,147072,9,1,74,122,2016,10,17,7,2,0,1,0,1,0,0,0,1,0,0,6.81828E+20,5.35144E+21,1.14514E+16,4.829E+16
147072,147073,9,1,62,0,2016,9,11,5,2,6,4,1,0,1,0,1,0,0,0,6.90143E+20,5.33523E+21,1.15561E+16,4.81419E+16
147073,147074,9,1,84,138,2016,9,18,6,2,0,7,0,0,0,0,0,0,0,1,6.80859E+20,5.33067E+21,1.14295E+16,4.81036E+16
147074,147075,9,2,63,0,2016,10,15,7,3,0,7,0,0,1,0,0,0,0,0,7.60927E+20,5.42302E+21,1.25609E+16,4.89051E+16
147075,147076,9,1,62,0,2016,10,18,7,3,1,7,1,0,1,1,0,0,0,0,6.8793E+20,5.33229E+21,1.15251E+16,4.81161E+16
147076,147077,9,3,62,0,2016,9,16,6,3,0,6,0,0,0,1,0,1,0,0,7.26647E+20,5.4335E+21,1.20997E+16,4.90128E+16
147077,147078,9,7,74,116,2016,9,17,6,3,5,3,0,0,0,1,0,0,0,0,6.07189E+20,5.34682E+21,1.04444E+16,4.82655E+16
147078,147079,9,5,64,0,2016,9,15,6,3,0,1,0,0,0,0,0,1,0,0,6.4874E+20,5.48092E+21,1.10527E+16,4.94627E+16
147079,147080,9,1,62,0,2016,9,17,6,3,0,6,0,0,1,0,0,0,0,0,6.89607E+20,5.33695E+21,1.15497E+16,4.81575E+16
147080,147081,9,1,74,131,2016,9,18,6,2,5,3,0,0,0,1,0,0,0,0,6.72971E+20,5.36338E+21,1.1337E+16,4.83999E+16
147081,147082,9,1,62,0,2016,9,18,5,2,6,4,0,0,0,1,1,0,0,0,6.88265E+20,5.33646E+21,1.15314E+16,4.81535E+16
147082,147083,9,1,88,127,2016,9,10,6,3,5,3,0,0,0,1,0,0,0,0,6.78019E+20,5.33032E+21,1.13912E+16,4.81012E+16
147083,147084,9,2,61,0,2016,10,23,2,3,2,6,2,1,0,1,0,0,0,0,7.3177E+20,5.38172E+21,1.21405E+16,4.85457E+16
147084,147085,9,1,62,0,2016,10,0,7,3,0,1,2,0,1,0,0,0,0,0,6.90316E+20,5.33296E+21,1.15574E+16,4.81214E+16
147085,147086,9,2,72,151,2016,9,15,6,3,2,6,0,0,0,1,0,1,0,0,8.38552E+20,5.40791E+21,1.36047E+16,4.87321E+16
147086,147087,9,1,84,149,2016,9,13,5,3,5,2,0,0,1,1,0,0,0,0,6.90355E+20,5.34991E+21,1.15655E+16,4.82738E+16
147087,147088,9,7,80,132,2016,9,15,6,3,0,1,0,0,1,0,0,0,0,0,5.82364E+20,5.26775E+21,1.00948E+16,4.75579E+16
147088,147089,9,7,72,163,2016,9,19,6,3,6,4,1,0,0,1,1,0,0,0,6.40076E+20,5.34777E+21,1.08876E+16,4.82677E+16
147089,147090,9,1,89,154,2016,9,13,6,3,5,3,0,0,1,1,0,0,0,0,7.68789E+20,5.31804E+21,1.26007E+16,4.79592E+16
147090,147091,9,1,62,0,2016,9,6,5,3,5,3,1,0,0,1,0,0,0,0,6.93684E+20,5.34032E+21,1.1606E+16,4.81866E+16
147091,147092,9,1,62,0,2016,10,21,1,3,0,7,2,0,1,0,0,0,0,0,6.80002E+20,5.3355E+21,1.142E+16,4.81473E+16
147092,147093,9,1,62,0,2016,9,14,5,2,5,2,0,0,1,0,0,0,0,0,6.89552E+20,5.33647E+21,1.15487E+16,4.81532E+16
147093,147094,9,1,62,0,2016,10,18,1,3,5,2,1,1,0,1,0,0,0,0,6.90366E+20,5.33387E+21,1.15585E+16,4.81296E+16
147094,147095,9,6,71,111,2016,10,9,2,2,0,1,0,1,1,0,0,0,0,0,5.0645E+20,5.54876E+21,9.09017E+15,5.0091E+16
147095,147096,9,5,63,0,2016,10,1,1,3,5,3,2,0,0,1,0,0,0,0,6.4528E+20,5.48292E+21,1.10057E+16,4.94815E+16
147096,147097,9,2,75,116,2016,10,13,7,3,1,6,0,0,1,0,0,0,0,0,8.21769E+20,5.36459E+21,1.33437E+16,4.83524E+16
147097,147098,9,7,77,159,2016,10,14,7,3,0,7,0,0,1,0,0,0,0,0,6.16702E+20,5.26995E+21,1.05517E+16,4.75725E+16