FID,OBJECTID,ULAND,UREGBEZ,UKREIS,UGEMEINDE,UJAHR,UMONAT,USTUNDE,UWOCHENTAG,UKATEGORIE,UART,UTYP1,ULICHTVERH,IstStrasse,IstRad,IstPKW,IstFuss,IstKrad,IstGkfz,IstSonstig,LINREFX,LINREFY,XGCSWGS84,YGCSWGS84
147098,147099,9,1,90,157,2016,9,12,6,3,5,3,0,0,1,1,0,0,0,0,6.61165E+20,5.30311E+21,1.11548E+16,4.78611E+16
147099,147100,9,1,84,131,2016,9,20,5,3,6,7,2,0,1,0,1,0,0,0,7.05076E+20,5.33816E+21,1.1758E+16,4.81636E+16
147100,147101,9,6,79,202,2016,9,19,6,3,1,7,2,0,0,1,0,0,0,0,5.62547E+20,5.52016E+21,9.8697E+15,4.98306E+16
147101,147102,9,1,87,154,2016,9,9,6,3,4,1,0,0,1,1,0,0,0,0,7.35161E+20,5.29625E+21,1.21391E+16,4.77766E+16
147102,147103,9,5,62,0,2016,10,13,7,3,6,4,0,0,1,0,1,0,0,0,6.44723E+20,5.49563E+21,1.10027E+16,4.95959E+16
147103,147104,9,5,65,0,2016,9,15,5,3,2,2,0,0,0,1,0,1,0,0,6.47172E+20,5.46542E+21,1.10254E+16,4.93238E+16
147104,147105,9,1,87,128,2016,10,14,1,3,0,1,0,1,1,0,0,0,0,0,7.47053E+20,5.31079E+21,1.23059E+16,4.79028E+16
147105,147106,9,1,87,169,2016,10,15,7,2,1,6,0,0,0,1,0,1,0,0,7.37291E+20,5.29866E+21,1.21688E+16,4.77975E+16
147106,147107,9,1,62,0,2016,9,17,5,3,5,3,0,0,1,1,0,0,0,0,6.90561E+20,5.33578E+21,1.1562E+16,4.81467E+16
147107,147108,9,5,74,138,2016,9,17,5,3,6,4,0,0,0,1,1,0,0,0,6.64914E+20,5.48677E+21,1.12782E+16,4.95111E+16
147108,147109,9,5,64,0,2016,10,13,2,3,2,6,0,1,0,1,0,0,0,0,6.51696E+20,5.48005E+21,1.10931E+16,4.94541E+16
147109,147110,9,4,71,142,2016,10,10,1,3,5,3,0,0,0,1,0,0,0,1,6.59006E+20,5.52476E+21,1.12121E+16,4.98542E+16
147110,147111,9,1,90,157,2016,10,15,7,2,3,2,0,0,0,1,0,1,0,0,6.60994E+20,5.30094E+21,1.11517E+16,4.78416E+16
147111,147112,9,1,62,0,2016,9,16,5,3,5,3,0,0,0,1,0,1,0,0,6.90824E+20,5.33797E+21,1.15665E+16,4.81663E+16
147112,147113,9,7,73,144,2016,10,12,7,3,7,7,0,0,1,0,1,0,0,0,6.06851E+20,5.38115E+21,1.04486E+16,4.85743E+16
147113,147114,9,1,62,0,2016,9,14,5,3,2,6,0,0,0,1,0,0,0,0,6.98495E+20,5.33348E+21,1.16674E+16,4.81236E+16
147114,147115,9,1,78,138,2016,10,13,7,3,0,7,0,0,1,1,0,0,0,0,7.10196E+20,5.36843E+21,1.18419E+16,4.84339E+16
147115,147116,9,5,74,138,2016,9,14,6,3,5,3,0,0,0,1,0,0,0,0,6.6492E+20,5.48592E+21,1.12779E+16,4.95035E+16
147116,147117,9,1,76,123,2016,9,19,6,3,0,7,1,1,1,0,0,0,0,1,6.60926E+20,5.41774E+21,1.11955E+16,4.88917E+16
147117,147118,9,5,71,214,2016,10,13,7,2,0,7,0,0,1,0,0,0,0,0,6.16787E+20,5.43282E+21,1.05979E+16,4.90372E+16
147118,147119,9,5,64,0,2016,9,14,5,3,5,3,0,0,1,1,0,0,0,0,6.49414E+20,5.48204E+21,1.10624E+16,4.94726E+16
147119,147120,9,1,62,0,2016,9,11,6,3,6,4,0,0,0,1,1,0,0,0,6.85114E+20,5.33278E+21,1.14875E+16,4.81214E+16
147120,147121,9,1,74,136,2016,9,15,6,3,3,6,0,0,1,1,0,0,0,0,6.82863E+20,5.365E+21,1.14712E+16,4.84116E+16
147121,147122,9,1,62,0,2016,10,17,7,3,6,7,0,0,1,0,1,0,0,0,6.89117E+20,5.33335E+21,1.15415E+16,4.81253E+16
147122,147123,9,1,77,117,2016,10,18,7,3,1,1,1,0,0,1,0,0,0,0,7.14826E+20,5.35398E+21,1.1897E+16,4.83025E+16
147123,147124,9,1,62,0,2016,9,18,5,3,6,7,0,0,0,1,1,0,0,0,6.91748E+20,5.32971E+21,1.15752E+16,4.80918E+16
147124,147125,9,1,62,0,2016,9,16,6,3,5,3,0,0,0,1,0,1,0,0,6.95225E+20,5.33425E+21,1.16239E+16,4.81316E+16
147125,147126,9,3,72,116,2016,10,15,2,3,2,6,0,0,0,1,0,0,0,0,7.65304E+20,5.45945E+21,1.26444E+16,4.92303E+16
147126,147127,9,1,62,0,2016,9,12,5,3,0,7,0,0,0,0,1,0,0,1,6.90621E+20,5.33081E+21,1.15605E+16,4.8102E+16
147127,147128,9,1,62,0,2016,9,15,6,3,2,6,0,0,0,1,0,0,0,0,6.86847E+20,5.33436E+21,1.15114E+16,4.81351E+16
147128,147129,9,1,88,120,2016,9,14,6,3,2,6,0,0,0,1,0,0,0,0,6.76077E+20,5.32675E+21,1.13637E+16,4.80697E+16
147129,147130,9,4,74,154,2016,10,14,7,3,7,5,0,0,1,1,0,0,0,0,6.58373E+20,5.50093E+21,1.11936E+16,4.96401E+16
147130,147131,9,5,64,0,2016,9,16,6,3,0,1,0,0,1,0,0,0,0,0,6.53243E+20,5.47454E+21,1.11123E+16,4.94043E+16
147131,147132,9,1,62,0,2016,9,0,6,3,0,7,2,0,1,0,0,0,0,0,6.91879E+20,5.33588E+21,1.15797E+16,4.81472E+16
147132,147133,9,1,62,0,2016,9,17,5,3,5,3,0,0,1,1,0,0,0,0,6.91686E+20,5.33372E+21,1.15761E+16,4.81278E+16
147133,147134,9,1,62,0,2016,9,17,6,3,0,3,0,0,1,1,0,0,0,0,6.8415E+20,5.33684E+21,1.14763E+16,4.81581E+16
147134,147135,9,1,89,111,2016,10,20,2,2,1,1,1,1,1,1,0,0,0,0,7.63656E+20,5.32181E+21,1.25344E+16,4.79952E+16
147135,147136,9,7,74,135,2016,10,20,7,3,0,1,2,0,1,0,0,0,0,0,5.94962E+20,5.36768E+21,1.02844E+16,4.84551E+16
147136,147137,9,1,84,139,2016,10,16,7,3,0,1,0,0,1,0,0,0,0,0,6.89092E+20,5.32773E+21,1.15387E+16,4.80747E+16
147137,147138,9,3,62,0,2016,9,14,6,3,1,6,0,0,0,1,0,0,0,0,7.27666E+20,5.43521E+21,1.21146E+16,4.90277E+16
147138,147139,9,7,80,139,2016,9,15,6,3,3,6,0,0,1,1,0,0,0,0,5.95836E+20,5.26351E+21,1.02729E+16,4.75179E+16
147139,147140,9,7,79,194,2016,9,15,6,2,0,7,0,0,0,1,1,0,0,0,6.09161E+20,5.41198E+21,1.0488E+16,4.88511E+16
147140,147141,9,1,62,0,2016,9,7,5,3,3,6,0,0,1,0,0,0,0,0,6.92312E+20,5.33762E+21,1.15863E+16,4.81627E+16
147141,147142,9,1,62,0,2016,10,11,1,3,5,3,0,1,0,1,0,0,0,0,6.86223E+20,5.33329E+21,1.15026E+16,4.81256E+16
147142,147143,9,5,64,0,2016,9,12,5,3,2,6,0,0,0,1,0,0,0,1,6.52487E+20,5.48212E+21,1.11048E+16,4.94726E+16
147143,147144,9,5,64,0,2016,10,16,2,3,2,6,0,1,0,1,0,0,0,0,6.50844E+20,5.47903E+21,1.1081E+16,4.94452E+16
147144,147145,9,4,73,166,2016,10,16,1,3,0,7,0,0,1,0,0,0,0,0,6.55852E+20,5.56958E+21,1.11865E+16,5.02578E+16
147145,147146,9,2,73,111,2016,10,16,7,3,0,7,0,0,1,0,0,0,0,0,7.08902E+20,5.40966E+21,1.18452E+16,4.88048E+16
147146,147147,9,1,62,0,2016,9,17,5,3,3,2,0,0,1,1,0,0,0,0,6.92044E+20,5.33238E+21,1.15803E+16,4.81157E+16
147147,147148,9,7,79,131,2016,10,12,7,3,2,6,0,0,0,1,0,0,0,0,6.30757E+20,5.39899E+21,1.07781E+16,4.87302E+16
147148,147149,9,7,75,135,2016,9,21,5,3,5,3,2,0,1,1,0,0,0,0,5.74753E+20,5.36067E+21,1.00099E+16,4.83948E+16
147149,147150,9,6,74,221,2016,9,14,6,3,1,6,0,0,0,1,0,0,0,0,6.14094E+20,5.54022E+21,1.05921E+16,5.00033E+16
147150,147151,9,1,61,0,2016,9,1,6,3,5,3,2,0,1,1,0,0,0,0,6.77035E+20,5.40527E+21,1.14097E+16,4.87752E+16
147151,147152,9,5,64,0,2016,10,12,7,3,5,3,0,0,1,1,0,0,0,0,6.51743E+20,5.47797E+21,1.1093E+16,4.94355E+16
147152,147153,9,2,73,147,2016,9,16,6,2,0,1,0,0,1,0,0,0,0,0,7.04566E+20,5.3914E+21,1.17771E+16,4.86422E+16
147153,147154,9,6,71,140,2016,9,12,5,3,6,4,0,0,0,1,1,0,0,0,5.06434E+20,5.53667E+21,9.08974E+15,4.99823E+16
147154,147155,9,7,77,129,2016,9,16,6,3,1,6,0,0,0,1,0,0,0,0,6.27663E+20,5.26983E+21,1.06974E+16,4.75693E+16
147155,147156,9,7,61,0,2016,9,11,6,3,1,6,0,0,0,1,0,0,0,0,6.39166E+20,5.35901E+21,1.08791E+16,4.83689E+16
147156,147157,9,1,63,0,2016,9,11,6,3,6,2,0,0,1,0,1,0,0,0,7.33724E+20,5.30482E+21,1.21246E+16,4.78541E+16
147157,147158,9,7,61,0,2016,10,13,7,3,0,7,0,0,1,0,0,0,0,0,6.4132E+20,5.35545E+21,1.0907E+16,4.83364E+16
147158,147159,9,1,84,145,2016,10,14,1,3,1,5,0,1,0,1,0,0,0,0,6.93832E+20,5.32516E+21,1.16011E+16,4.80503E+16
147159,147160,9,5,64,0,2016,9,12,5,3,1,6,0,0,0,1,0,0,0,0,6.53811E+20,5.48378E+21,1.11238E+16,4.94872E+16
147160,147161,9,4,78,139,2016,10,20,2,2,0,5,2,0,0,1,0,1,0,0,6.47959E+20,5.55713E+21,1.1071E+16,5.0148E+16
147161,147162,9,2,75,146,2016,10,12,1,3,5,3,0,1,1,1,0,0,0,0,8.30873E+20,5.39457E+21,1.34899E+16,4.86166E+16
147162,147163,9,1,83,128,2016,10,12,7,3,0,7,0,0,1,0,0,0,0,0,7.63402E+20,5.35097E+21,1.2549E+16,4.82571E+16
147163,147164,9,1,62,0,2016,9,19,5,3,0,7,2,0,1,0,0,0,0,1,6.89964E+20,5.33492E+21,1.15536E+16,4.81391E+16
147164,147165,9,7,71,130,2016,10,12,7,3,6,7,0,0,0,1,1,0,0,0,6.46869E+20,5.36281E+21,1.09844E+16,4.84013E+16
147165,147166,9,7,64,0,2016,9,16,5,3,5,3,0,0,1,1,0,0,0,0,5.87778E+20,5.31523E+21,1.01764E+16,4.79844E+16
147166,147167,9,1,62,0,2016,9,17,6,3,0,6,0,0,1,0,0,0,0,0,6.92196E+20,5.3392E+21,1.15855E+16,4.81769E+16
147167,147168,9,5,64,0,2016,9,21,6,3,1,5,2,0,1,0,0,0,0,1,6.51652E+20,5.47896E+21,1.10921E+16,4.94443E+16
147168,147169,9,1,81,121,2016,9,15,6,1,4,6,0,0,1,1,0,0,0,0,6.38951E+20,5.31382E+21,1.08614E+16,4.79626E+16
147169,147170,9,3,77,157,2016,10,17,7,2,5,3,0,0,0,1,0,0,0,0,7.19552E+20,5.5411E+21,1.20626E+16,4.99817E+16
147170,147171,9,5,64,0,2016,9,13,6,3,2,6,0,0,1,1,0,0,0,0,6.48997E+20,5.4755E+21,1.10542E+16,4.94139E+16
147171,147172,9,5,64,0,2016,9,5,5,2,6,7,2,0,0,1,1,0,0,0,6.49899E+20,5.47658E+21,1.10671E+16,4.94234E+16
147172,147173,9,1,62,0,2016,10,22,7,3,6,4,2,0,0,1,1,0,0,0,6.89947E+20,5.33353E+21,1.15527E+16,4.81267E+16
147173,147174,9,1,85,149,2016,10,22,7,3,0,1,2,1,1,0,0,0,0,0,6.60138E+20,5.40012E+21,1.11779E+16,4.87335E+16
147174,147175,9,7,78,118,2016,9,7,5,3,0,1,1,0,1,0,0,0,0,0,5.90467E+20,5.31339E+21,1.0212E+16,4.79674E+16
147175,147176,9,1,62,0,2016,9,10,6,3,0,7,0,0,0,1,0,1,0,0,6.90315E+20,5.33587E+21,1.15587E+16,4.81476E+16
147176,147177,9,3,76,161,2016,10,8,7,3,5,3,0,0,0,1,0,0,0,0,7.24373E+20,5.46735E+21,1.20875E+16,4.93176E+16
147177,147178,9,3,62,0,2016,9,13,6,3,1,6,0,0,0,1,0,0,0,1,7.2588E+20,5.43426E+21,1.20897E+16,4.90198E+16
147178,147179,9,7,64,0,2016,9,7,6,3,0,1,0,0,1,0,0,0,0,0,5.86648E+20,5.31861E+21,1.01619E+16,4.80149E+16
147179,147180,9,7,74,135,2016,9,6,5,2,5,3,2,0,0,1,0,0,0,0,5.94821E+20,5.36665E+21,1.02822E+16,4.84458E+16
147180,147181,9,1,62,0,2016,9,13,6,3,0,7,0,0,1,0,0,0,0,0,6.82902E+20,5.34021E+21,1.1461E+16,4.81888E+16
147181,147182,9,1,62,0,2016,10,19,1,3,4,6,2,1,0,1,0,0,0,0,6.95923E+20,5.33858E+21,1.16353E+16,4.81702E+16
147182,147183,9,1,62,0,2016,9,21,6,3,5,3,2,0,1,1,0,0,0,0,6.9014E+20,5.33494E+21,1.15559E+16,4.81393E+16
147183,147184,9,7,63,0,2016,9,7,5,3,6,2,0,0,0,1,1,0,0,0,5.97958E+20,5.28584E+21,1.03061E+16,4.77185E+16
147184,147185,9,1,84,149,2016,9,11,6,3,4,6,0,0,1,0,0,0,0,0,6.91524E+20,5.3516E+21,1.1582E+16,4.82886E+16
147185,147186,9,2,72,126,2016,10,0,2,3,5,3,2,1,0,1,0,0,0,0,8.36497E+20,5.41852E+21,1.35855E+16,4.88283E+16
147186,147187,9,1,84,112,2016,10,8,7,3,5,3,0,0,1,1,0,0,0,0,7.01819E+20,5.33884E+21,1.17146E+16,4.81708E+16
147187,147188,9,2,71,119,2016,9,19,6,3,1,5,2,0,1,1,0,0,0,0,7.86924E+20,5.41513E+21,1.29094E+16,4.88228E+16
147188,147189,9,7,80,144,2016,9,16,5,3,0,1,0,0,0,0,0,1,0,0,5.90445E+20,5.28001E+21,1.02047E+16,4.76671E+16
147189,147190,9,7,76,116,2016,9,17,6,3,5,3,0,0,1,1,0,0,0,0,5.53952E+20,5.26733E+21,9.71715E+15,4.75572E+16
147190,147191,9,7,72,147,2016,9,9,6,3,5,3,0,0,0,1,0,0,0,0,6.39455E+20,5.36643E+21,1.08854E+16,4.84356E+16
147191,147192,9,1,83,148,2016,9,14,6,3,0,7,0,0,1,0,0,0,0,0,7.5332E+20,5.34509E+21,1.24099E+16,4.82084E+16
147192,147193,9,7,77,151,2016,9,17,5,3,5,3,0,0,0,1,0,0,0,0,6.2107E+20,5.29302E+21,1.06162E+16,4.77792E+16
147193,147194,9,1,62,0,2016,10,4,1,3,6,7,2,1,0,1,1,0,0,0,6.92349E+20,5.33552E+21,1.15858E+16,4.81439E+16
147194,147195,9,5,71,114,2016,9,6,5,3,2,6,1,0,0,1,0,1,0,0,6.03444E+20,5.45822E+21,1.04219E+16,4.9268E+16
147195,147196,9,5,64,0,2016,10,13,2,3,5,5,0,1,0,1,0,0,0,0,6.49663E+20,5.48099E+21,1.10655E+16,4.94631E+16
147196,147197,9,6,71,121,2016,10,14,2,3,6,4,0,0,0,1,1,0,0,0,5.13138E+20,5.53834E+21,9.18331E+15,4.99972E+16
147197,147198,9,7,61,0,2016,10,17,1,3,6,2,0,1,0,1,1,0,0,0,6.40817E+20,5.35914E+21,1.09014E+16,4.83697E+16
147198,147199,9,2,62,0,2016,10,15,7,3,5,2,0,0,0,1,0,1,0,0,8.28729E+20,5.38986E+21,1.34572E+16,4.85755E+16
147199,147200,9,7,80,120,2016,10,11,7,3,5,3,0,0,1,1,0,0,0,0,6.00921E+20,5.28344E+21,1.0345E+16,4.76965E+16
147200,147201,9,2,73,141,2016,9,10,6,2,0,7,0,0,0,1,0,0,0,0,7.2279E+20,5.40983E+21,1.20341E+16,4.88015E+16
147201,147202,9,7,77,118,2016,9,15,5,3,7,7,0,0,1,0,0,0,0,1,6.3012E+20,5.2985E+21,1.07385E+16,4.78267E+16
147202,147203,9,7,61,0,2016,9,12,6,3,6,1,0,0,1,0,1,0,0,0,6.39507E+20,5.35556E+21,1.08825E+16,4.83378E+16
147203,147204,9,1,63,0,2016,9,11,6,3,0,1,0,0,1,0,0,0,0,0,7.34138E+20,5.30495E+21,1.21302E+16,4.78552E+16
147204,147205,9,6,75,141,2016,10,10,7,3,5,3,0,0,0,1,0,0,0,0,5.82814E+20,5.51043E+21,1.01494E+16,4.97406E+16
147205,147206,9,1,62,0,2016,10,1,1,3,0,7,2,1,1,1,0,0,0,0,6.90452E+20,5.33474E+21,1.156E+16,4.81374E+16
147206,147207,9,4,79,136,2016,9,19,5,3,5,3,2,0,0,1,0,1,0,0,7.21624E+20,5.5436E+21,1.20929E+16,5.00035E+16
147207,147208,9,1,71,113,2016,10,18,1,3,0,1,2,1,1,0,0,0,0,0,7.76402E+20,5.34216E+21,1.2718E+16,4.81725E+16
147208,147209,9,1,87,177,2016,10,12,7,2,4,6,0,0,1,0,0,0,0,0,7.35062E+20,5.30513E+21,1.21426E+16,4.78565E+16
147209,147210,9,1,62,0,2016,9,8,5,3,2,6,0,0,0,1,0,0,0,1,6.88418E+20,5.34148E+21,1.15357E+16,4.81986E+16
147210,147211,9,7,76,117,2016,9,12,5,3,8,1,0,0,0,1,0,0,0,0,5.6725E+20,5.27398E+21,9.8949E+15,4.76158E+16
147211,147212,9,1,62,0,2016,9,16,6,3,3,2,0,0,1,1,0,0,0,0,6.90302E+20,5.336E+21,1.15586E+16,4.81488E+16
147212,147213,9,5,64,0,2016,9,17,6,3,1,5,0,0,1,1,0,0,0,0,6.4658E+20,5.47827E+21,1.10219E+16,4.94394E+16
147213,147214,9,4,73,121,2016,10,17,1,3,5,3,0,0,0,1,0,0,0,0,6.47947E+20,5.56502E+21,1.10739E+16,5.02188E+16
147214,147215,9,1,90,144,2016,10,15,7,2,2,6,0,0,0,1,0,0,0,0,6.57358E+20,5.30869E+21,1.1106E+16,4.79122E+16
147215,147216,9,1,62,0,2016,9,9,5,3,0,7,0,0,0,1,0,0,1,0,6.93167E+20,5.33412E+21,1.15962E+16,4.8131E+16
147216,147217,9,7,73,144,2016,10,14,7,3,5,2,0,0,1,1,0,0,0,0,6.06713E+20,5.38111E+21,1.04467E+16,4.8574E+16
147217,147218,9,7,80,132,2016,9,14,5,3,6,7,0,0,0,1,1,0,0,0,5.76859E+20,5.26727E+21,1.00216E+16,4.75543E+16
147218,147219,9,6,71,122,2016,9,7,6,3,1,6,0,0,1,1,0,0,0,0,5.0501E+20,5.53025E+21,9.0698E+15,4.99246E+16
147219,147220,9,1,61,0,2016,9,16,6,2,5,3,0,0,0,1,0,1,0,0,6.76798E+20,5.40631E+21,1.14069E+16,4.87846E+16
147220,147221,9,5,75,121,2016,10,15,7,2,5,3,0,0,0,1,0,0,0,0,6.2382E+20,5.4901E+21,1.07119E+16,4.95508E+16
147221,147222,9,5,71,217,2016,9,18,5,3,0,1,0,0,0,0,0,1,0,0,6.19536E+20,5.46855E+21,1.06461E+16,4.93579E+16
147222,147223,9,1,62,0,2016,9,18,6,3,6,4,0,0,0,1,1,0,0,0,6.90192E+20,5.34392E+21,1.15606E+16,4.822E+16
147223,147224,9,1,62,0,2016,10,19,7,3,4,2,1,0,1,1,0,0,0,0,6.90437E+20,5.34269E+21,1.15634E+16,4.82088E+16
147224,147225,9,1,74,115,2016,10,9,7,3,0,1,0,0,1,0,0,0,0,0,6.81191E+20,5.34793E+21,1.14413E+16,4.82587E+16
147225,147226,9,7,77,121,2016,9,17,5,3,3,7,0,0,1,0,0,0,0,1,6.30957E+20,5.32073E+21,1.07565E+16,4.80264E+16
147226,147227,9,1,62,0,2016,9,15,6,3,1,6,0,0,0,1,0,0,0,0,6.84517E+20,5.33212E+21,1.14792E+16,4.81156E+16
147227,147228,9,1,79,123,2016,9,19,6,3,6,4,2,0,0,1,1,0,0,0,6.76126E+20,5.3325E+21,1.13667E+16,4.81213E+16
147228,147229,9,4,62,0,2016,10,12,7,3,5,3,0,0,1,1,0,0,0,0,6.83776E+20,5.53481E+21,1.15611E+16,4.99373E+16
147229,147230,9,5,64,0,2016,9,7,5,3,2,6,0,0,1,1,0,0,0,0,6.49525E+20,5.47012E+21,1.10595E+16,4.93654E+16
147230,147231,9,5,64,0,2016,9,18,6,3,0,1,0,0,1,0,0,0,0,0,6.48032E+20,5.47367E+21,1.10402E+16,4.93977E+16
147231,147232,9,1,62,0,2016,9,15,6,3,0,1,0,0,1,0,0,0,0,0,6.92352E+20,5.33751E+21,1.15868E+16,4.81617E+16
147232,147233,9,7,72,200,2016,9,11,5,3,5,3,0,0,1,1,0,0,0,0,6.30666E+20,5.33795E+21,1.07579E+16,4.81813E+16
147233,147234,9,1,84,120,2016,9,18,6,3,1,3,0,0,0,1,0,1,0,0,6.82226E+20,5.3326E+21,1.14486E+16,4.81206E+16
147234,147235,9,1,80,122,2016,10,1,2,2,8,1,2,1,0,1,0,0,0,0,6.68446E+20,5.26042E+21,1.12356E+16,4.74754E+16
147235,147236,9,1,62,0,2016,10,19,7,3,1,7,2,0,1,1,0,0,0,0,6.91879E+20,5.33588E+21,1.15797E+16,4.81472E+16
147236,147237,9,2,77,116,2016,9,21,6,2,1,7,2,0,1,1,0,0,0,0,7.75501E+20,5.3698E+21,1.2724E+16,4.8421E+16
147237,147238,9,5,72,135,2016,9,17,5,3,4,2,0,0,0,1,0,0,0,0,6.32582E+20,5.50808E+21,1.0839E+16,4.97106E+16
147238,147239,9,7,80,124,2016,9,19,6,2,8,1,2,0,0,0,0,1,0,0,5.91835E+20,5.26804E+21,1.02207E+16,4.75593E+16
147239,147240,9,7,72,163,2016,9,16,6,3,2,6,0,0,0,1,0,0,0,0,6.38859E+20,5.3478E+21,1.08712E+16,4.82682E+16
147240,147241,9,1,72,114,2016,9,7,6,3,1,1,0,0,1,1,0,0,0,0,7.9178E+20,5.29436E+21,1.2892E+16,4.77365E+16
147241,147242,9,1,62,0,2016,10,23,7,3,6,5,2,0,0,1,1,0,0,0,6.89683E+20,5.33338E+21,1.15491E+16,4.81254E+16
147242,147243,9,3,62,0,2016,9,15,6,3,4,2,0,0,1,1,0,0,0,0,7.26959E+20,5.43143E+21,1.21028E+16,4.8994E+16
147243,147244,9,7,74,185,2016,9,19,6,3,0,7,1,0,1,0,0,0,0,0,6.09074E+20,5.34799E+21,1.04701E+16,4.82757E+16
147244,147245,9,7,61,0,2016,9,13,5,3,0,1,0,0,1,0,0,0,0,0,6.4153E+20,5.3581E+21,1.09107E+16,4.83602E+16
147245,147246,9,1,62,0,2016,10,10,1,3,4,7,0,1,1,1,0,0,0,0,6.94463E+20,5.33303E+21,1.16131E+16,4.81208E+16
147246,147247,9,5,63,0,2016,10,13,2,3,1,1,0,0,0,1,0,0,0,0,6.45045E+20,5.48096E+21,1.10018E+16,4.9464E+16
147247,147248,9,5,64,0,2016,10,13,1,3,0,1,0,1,0,0,0,1,0,0,6.54165E+20,5.48127E+21,1.11277E+16,4.94645E+16
147248,147249,9,2,61,0,2016,10,12,7,3,0,1,0,0,1,0,0,0,0,0,7.31546E+20,5.38188E+21,1.21375E+16,4.85472E+16
147249,147250,9,7,77,159,2016,10,15,7,2,0,1,0,0,1,0,0,0,0,0,6.11725E+20,5.26948E+21,1.04854E+16,4.75691E+16
147250,147251,9,7,61,0,2016,9,15,5,3,6,2,0,0,0,1,1,0,0,0,6.40811E+20,5.35953E+21,1.09015E+16,4.83732E+16
147251,147252,9,6,72,135,2016,9,7,6,3,5,3,0,0,0,1,0,0,0,0,5.85145E+20,5.56688E+21,1.01942E+16,5.02479E+16
147252,147253,9,1,76,129,2016,9,21,6,3,0,1,2,0,1,0,0,0,0,0,6.8531E+20,5.40395E+21,1.15216E+16,4.87609E+16
147253,147254,9,5,64,0,2016,10,12,7,3,2,6,0,0,0,1,0,0,0,0,6.52017E+20,5.47957E+21,1.10974E+16,4.94498E+16
147254,147255,9,5,64,0,2016,9,17,5,3,5,3,0,0,1,1,0,0,0,0,6.49521E+20,5.48053E+21,1.10633E+16,4.9459E+16
147255,147256,9,6,63,0,2016,9,16,5,3,5,2,0,0,1,1,0,0,0,0,5.66856E+20,5.5168E+21,9.92902E+15,4.97999E+16
147256,147257,9,7,61,0,2016,10,16,7,3,6,4,0,0,0,1,1,0,0,0,6.41078E+20,5.35875E+21,1.09048E+16,4.83661E+16
147257,147258,9,1,62,0,2016,10,20,1,3,5,3,2,1,0,1,0,0,0,0,6.90104E+20,5.34313E+21,1.15591E+16,4.82129E+16
147258,147259,9,5,64,0,2016,9,18,5,3,2,6,0,0,0,1,0,0,0,0,6.48283E+20,5.4824E+21,1.1047E+16,4.94761E+16
147259,147260,9,5,64,0,2016,10,15,2,3,2,6,0,1,0,1,0,1,0,0,6.51031E+20,5.47806E+21,1.10832E+16,4.94364E+16
147260,147261,9,2,63,0,2016,10,14,1,3,4,2,0,1,0,1,0,0,0,0,7.66016E+20,5.42138E+21,1.26292E+16,4.88882E+16
147261,147262,9,1,83,112,2016,10,11,7,3,2,6,0,0,0,1,0,1,0,0,7.53121E+20,5.34976E+21,1.241E+16,4.82505E+16
147262,147263,9,1,62,0,2016,9,8,5,3,3,6,0,0,0,1,0,1,0,0,6.8623E+20,5.33285E+21,1.15025E+16,4.81216E+16
147263,147264,9,7,72,177,2016,10,16,7,3,0,1,0,0,1,0,0,0,0,0,6.32123E+20,5.37916E+21,1.07904E+16,4.85516E+16
147264,147265,9,6,63,0,2016,9,16,5,3,5,2,0,0,1,1,0,0,0,0,5.67491E+20,5.51545E+21,9.93761E+15,4.97877E+16
147265,147266,9,1,84,129,2016,9,8,6,3,5,3,0,0,1,1,0,0,0,0,6.99947E+20,5.3263E+21,1.16836E+16,4.80587E+16
147266,147267,9,5,63,0,2016,9,15,6,3,3,2,0,0,0,1,0,0,0,1,6.43227E+20,5.48273E+21,1.09773E+16,4.94803E+16
147267,147268,9,1,76,123,2016,9,6,6,2,5,3,2,1,1,1,0,0,0,0,6.61419E+20,5.41671E+21,1.12018E+16,4.88823E+16
147268,147269,9,5,61,0,2016,10,16,7,2,0,1,0,0,1,0,0,0,0,0,6.16192E+20,5.46134E+21,1.0598E+16,4.92938E+16
147269,147270,9,5,64,0,2016,9,7,5,2,5,3,0,0,0,1,0,1,0,0,6.49841E+20,5.47824E+21,1.10669E+16,4.94384E+16
147270,147271,9,5,64,0,2016,9,15,6,3,5,3,0,0,0,1,0,0,0,0,6.44917E+20,5.47921E+21,1.09994E+16,4.94483E+16
147271,147272,9,1,62,0,2016,9,7,6,3,0,1,0,0,1,0,0,0,0,0,6.88197E+20,5.32769E+21,1.15266E+16,4.80747E+16
147272,147273,9,1,62,0,2016,10,16,7,2,2,6,0,0,0,1,0,0,0,0,6.91216E+20,5.3402E+21,1.15727E+16,4.81862E+16
147273,147274,9,1,78,124,2016,10,10,7,3,6,2,0,0,0,1,1,0,0,0,7.03548E+20,5.36438E+21,1.17501E+16,4.83997E+16