FID,OBJECTID,ULAND,UREGBEZ,UKREIS,UGEMEINDE,UJAHR,UMONAT,USTUNDE,UWOCHENTAG,UKATEGORIE,UART,UTYP1,ULICHTVERH,IstStrasse,IstRad,IstPKW,IstFuss,IstKrad,IstGkfz,IstSonstig,LINREFX,LINREFY,XGCSWGS84,YGCSWGS84
147274,147275,9,6,63,0,2016,9,7,5,2,1,1,0,0,0,1,0,0,0,0,5.67312E+20,5.51621E+21,9.93526E+15,4.97946E+16
147275,147276,9,1,62,0,2016,9,11,6,3,0,7,0,0,0,1,0,0,0,1,6.90369E+20,5.33569E+21,1.15593E+16,4.8146E+16
147276,147277,9,1,62,0,2016,10,11,7,3,0,4,0,0,0,0,1,1,0,0,6.92515E+20,5.33685E+21,1.15887E+16,4.81557E+16
147277,147278,9,1,61,0,2016,10,14,7,3,2,2,0,0,0,1,0,1,0,0,6.78304E+20,5.40539E+21,1.1427E+16,4.87759E+16
147278,147279,9,6,77,157,2016,9,18,5,3,5,3,0,0,0,1,0,1,0,0,5.39137E+20,5.51941E+21,9.54414E+15,4.98259E+16
147279,147280,9,1,62,0,2016,9,11,6,3,5,3,0,0,1,1,0,0,0,0,6.95119E+20,5.33832E+21,1.16243E+16,4.81682E+16
147280,147281,9,3,73,147,2016,10,11,7,3,0,7,0,0,0,0,0,1,0,0,6.80824E+20,5.46213E+21,1.14866E+16,4.92851E+16
147281,147282,9,3,63,0,2016,9,19,6,3,6,4,2,0,0,1,1,0,0,0,7.27905E+20,5.50727E+21,1.21591E+16,4.96748E+16
147282,147283,9,7,64,0,2016,9,11,6,3,1,1,0,0,1,1,0,0,0,0,5.89428E+20,5.31565E+21,1.01986E+16,4.79879E+16
147283,147284,9,6,62,0,2016,9,14,5,3,2,6,0,0,0,1,0,0,0,0,5.85918E+20,5.54485E+21,1.02001E+16,5.00498E+16
147284,147285,9,1,62,0,2016,9,17,6,3,3,2,0,0,1,0,0,0,0,1,6.85052E+20,5.33922E+21,1.14895E+16,4.81792E+16
147285,147286,9,1,75,111,2016,10,21,2,3,0,7,2,1,1,0,0,0,0,0,7.1308E+20,5.33607E+21,1.18645E+16,4.81421E+16
147286,147287,9,6,78,193,2016,10,15,2,2,4,1,0,1,0,1,0,0,0,0,5.80623E+20,5.54062E+21,1.01253E+16,5.00125E+16
147287,147288,9,2,71,146,2016,10,1,2,3,8,1,2,1,1,1,0,0,0,0,7.86189E+20,5.41184E+21,1.28971E+16,4.87936E+16
147288,147289,9,1,62,0,2016,10,16,7,3,1,5,0,0,1,1,0,0,0,0,6.84213E+20,5.32938E+21,1.14739E+16,4.80911E+16
147289,147290,9,2,63,0,2016,9,12,6,3,2,6,0,0,0,1,0,0,0,0,7.633E+20,5.42108E+21,1.2592E+16,4.88866E+16
147290,147291,9,6,76,169,2016,9,8,5,2,0,1,0,0,0,0,0,1,0,0,5.10568E+20,5.51601E+21,9.14684E+15,4.97965E+16
147291,147292,9,7,76,116,2016,9,15,6,2,3,6,0,0,1,1,0,0,0,0,5.52596E+20,5.26803E+21,9.6992E+15,4.75635E+16
147292,147293,9,7,73,125,2016,9,12,6,3,0,7,0,0,1,0,0,0,0,0,6.09805E+20,5.38129E+21,1.04886E+16,4.8575E+16
147293,147294,9,1,90,157,2016,9,13,6,3,2,2,0,0,0,1,0,1,0,0,6.60591E+20,5.30155E+21,1.11465E+16,4.78472E+16
147294,147295,9,1,62,0,2016,10,1,1,3,6,4,2,1,0,1,1,0,0,0,6.9178E+20,5.33552E+21,1.15782E+16,4.8144E+16
147295,147296,9,4,76,145,2016,9,13,5,3,5,3,0,0,0,1,0,1,0,0,6.66087E+20,5.56795E+21,1.13292E+16,5.02404E+16
147296,147297,9,5,64,0,2016,10,19,2,3,6,2,2,1,0,1,1,0,0,0,6.47971E+20,5.47779E+21,1.10409E+16,4.94348E+16
147297,147298,9,4,76,178,2016,10,22,1,2,8,7,2,0,0,1,0,0,0,0,6.6337E+20,5.57212E+21,1.1293E+16,5.02785E+16
147298,147299,9,1,90,139,2016,10,16,7,3,4,7,0,0,1,1,0,0,0,0,6.54609E+20,5.29438E+21,1.10641E+16,4.77842E+16
147299,147300,9,1,62,0,2016,9,10,5,3,4,6,0,0,1,1,0,0,0,0,6.92143E+20,5.33408E+21,1.15824E+16,4.81309E+16
147300,147301,9,7,73,125,2016,10,18,7,3,3,2,0,0,0,1,0,1,0,0,6.09779E+20,5.38318E+21,1.04888E+16,4.85921E+16
147301,147302,9,5,72,132,2016,9,19,5,3,0,1,2,0,1,0,0,0,0,0,6.36664E+20,5.49306E+21,1.08904E+16,4.95747E+16
147302,147303,9,5,65,0,2016,10,19,5,3,5,3,2,0,1,1,0,0,0,0,6.47172E+20,5.46542E+21,1.10253E+16,4.93238E+16
147303,147304,9,6,63,0,2016,10,13,3,2,7,5,0,0,0,1,0,1,0,1,5.6877E+20,5.51473E+21,9.95525E+15,4.97811E+16
147304,147305,9,3,73,147,2016,10,8,5,3,5,3,0,1,0,1,0,0,0,0,6.79513E+20,5.46067E+21,1.14679E+16,4.92724E+16
147305,147306,9,1,82,125,2016,10,7,5,3,6,7,0,0,0,0,1,0,0,1,7.12031E+20,5.29662E+21,1.18309E+16,4.7788E+16
147306,147307,9,1,62,0,2016,10,16,4,3,0,2,0,0,0,1,0,1,0,0,6.94031E+20,5.33489E+21,1.16081E+16,4.81377E+16
147307,147308,9,4,64,0,2016,10,11,6,3,6,4,0,1,0,1,1,0,0,0,7.07441E+20,5.57615E+21,1.1913E+16,5.03009E+16
147308,147309,9,7,61,0,2016,10,13,4,3,2,6,0,0,0,1,0,0,0,0,6.4093E+20,5.35793E+21,1.09025E+16,4.83588E+16
147309,147310,9,7,76,131,2016,10,20,6,3,0,7,2,0,0,0,0,1,0,0,5.6375E+20,5.27978E+21,9.84919E+15,4.76683E+16
147310,147311,9,1,62,0,2016,10,15,3,3,2,6,0,1,0,1,0,0,0,0,6.94292E+20,5.33426E+21,1.16114E+16,4.8132E+16
147311,147312,9,5,63,0,2016,10,7,4,3,5,6,0,0,0,1,0,0,0,1,6.38885E+20,5.4836E+21,1.09177E+16,4.94891E+16
147312,147313,9,3,62,0,2016,10,8,4,3,5,3,0,1,0,1,0,0,0,0,7.25473E+20,5.43214E+21,1.20829E+16,4.9001E+16
147313,147314,9,1,81,130,2016,10,13,3,3,8,1,0,0,1,0,0,0,0,0,6.38643E+20,5.3251E+21,1.08609E+16,4.80641E+16
147314,147315,9,6,77,155,2016,10,7,3,3,0,5,1,0,1,1,0,0,0,0,5.40919E+20,5.53666E+21,9.57074E+15,4.99809E+16
147315,147316,9,1,62,0,2016,10,18,5,3,4,6,0,0,1,1,0,0,0,0,6.91565E+20,5.33405E+21,1.15747E+16,4.81309E+16
147316,147317,9,1,78,130,2016,10,23,5,3,1,6,2,0,0,1,0,0,0,0,7.05625E+20,5.35899E+21,1.17755E+16,4.83505E+16
147317,147318,9,1,62,0,2016,10,14,4,2,2,6,0,0,1,0,0,0,0,0,6.89554E+20,5.332E+21,1.15467E+16,4.8113E+16
147318,147319,9,1,61,0,2016,10,17,6,3,2,6,0,0,0,1,0,1,0,0,6.79077E+20,5.40545E+21,1.14375E+16,4.87762E+16
147319,147320,9,6,73,141,2016,10,11,6,3,0,2,0,0,0,1,1,0,0,0,6.0456E+20,5.57296E+21,1.04681E+16,5.02995E+16
147320,147321,9,1,79,145,2016,10,10,5,2,0,7,0,1,1,0,0,0,0,0,6.75727E+20,5.33856E+21,1.13639E+16,4.8176E+16
147321,147322,9,1,62,0,2016,10,8,4,3,2,6,0,1,0,1,0,0,0,0,6.89776E+20,5.33678E+21,1.15519E+16,4.81559E+16
147322,147323,9,2,73,137,2016,10,15,6,3,6,4,0,0,0,1,1,0,0,0,7.10235E+20,5.42243E+21,1.18698E+16,4.89191E+16
147323,147324,9,6,79,164,2016,10,18,6,3,8,1,2,0,0,0,0,1,0,0,5.47564E+20,5.5064E+21,9.6597E+15,4.97082E+16
147324,147325,9,1,62,0,2016,10,16,3,3,3,2,0,1,0,1,0,1,0,0,6.89041E+20,5.33228E+21,1.154E+16,4.81157E+16
147325,147326,9,5,64,0,2016,10,16,4,3,8,1,0,0,0,1,0,0,0,0,6.5207E+20,5.48107E+21,1.10987E+16,4.94632E+16
147326,147327,9,2,75,154,2016,10,12,4,3,6,7,0,1,0,0,1,0,0,1,8.08328E+20,5.3945E+21,1.31848E+16,4.86274E+16
147327,147328,9,6,62,0,2016,10,8,3,3,5,3,0,0,1,1,0,0,0,0,5.89168E+20,5.54591E+21,1.02457E+16,5.00588E+16
147328,147329,9,1,62,0,2016,10,18,5,3,3,7,2,0,1,0,0,0,0,0,6.84767E+20,5.32904E+21,1.14812E+16,4.80878E+16
147329,147330,9,1,86,143,2016,10,17,4,2,5,3,0,1,1,1,0,0,0,0,6.8558E+20,5.37792E+21,1.15136E+16,4.85269E+16
147330,147331,9,1,74,126,2016,10,21,6,3,0,1,2,1,1,0,0,0,0,0,6.8306E+20,5.34378E+21,1.14647E+16,4.82208E+16
147331,147332,9,5,64,0,2016,10,14,6,3,2,6,0,0,0,1,0,0,0,0,6.49051E+20,5.48038E+21,1.10568E+16,4.94578E+16
147332,147333,9,7,71,113,2016,10,13,5,2,4,2,0,0,0,1,0,0,0,0,6.55843E+20,5.36693E+21,1.11071E+16,4.84362E+16
147333,147334,9,4,61,0,2016,10,7,5,3,0,1,0,0,0,0,0,1,0,0,6.37645E+20,5.52926E+21,1.09167E+16,4.98999E+16
147334,147335,9,7,61,0,2016,10,13,5,3,1,2,0,0,0,1,0,1,0,0,6.4101E+20,5.35871E+21,1.09039E+16,4.83658E+16
147335,147336,9,4,73,134,2016,10,7,5,2,2,6,0,0,0,1,0,1,0,0,6.43224E+20,5.5679E+21,1.10088E+16,5.02458E+16
147336,147337,9,1,83,119,2016,10,12,4,3,5,2,0,0,0,1,0,0,0,0,7.36721E+20,5.33917E+21,1.21835E+16,4.81617E+16
147337,147338,9,6,62,0,2016,10,17,3,3,0,1,0,0,1,0,0,0,0,0,5.87383E+20,5.54362E+21,1.02203E+16,5.00385E+16
147338,147339,9,1,84,112,2016,10,13,5,3,0,1,0,1,0,0,0,1,0,0,7.00704E+20,5.33773E+21,1.16991E+16,4.81611E+16
147339,147340,9,1,84,131,2016,10,16,4,3,5,2,0,0,1,1,0,0,0,0,7.04824E+20,5.33918E+21,1.17551E+16,4.81728E+16
147340,147341,9,5,62,0,2016,10,16,5,3,5,3,0,0,1,1,0,0,0,0,6.45083E+20,5.49555E+21,1.10077E+16,4.95951E+16
147341,147342,9,6,71,138,2016,10,14,3,3,5,3,0,0,0,1,0,0,0,1,5.13885E+20,5.54738E+21,9.19406E+15,5.00785E+16
147342,147343,9,3,62,0,2016,10,18,5,3,6,4,1,0,0,1,1,0,0,0,7.26392E+20,5.43408E+21,1.20965E+16,4.90181E+16
147343,147344,9,2,61,0,2016,10,18,5,3,4,2,0,0,1,1,0,0,0,0,7.31698E+20,5.38189E+21,1.21396E+16,4.85473E+16
147344,147345,9,1,77,144,2016,10,8,5,2,5,3,0,1,0,1,0,0,0,0,7.15299E+20,5.3469E+21,1.18998E+16,4.82388E+16
147345,147346,9,5,65,0,2016,10,13,3,2,6,4,0,1,0,1,1,0,0,0,6.47395E+20,5.46565E+21,1.10285E+16,4.93258E+16
147346,147347,9,7,71,130,2016,10,17,4,3,5,3,0,0,1,1,0,0,0,0,6.47241E+20,5.35868E+21,1.09879E+16,4.83641E+16
147347,147348,9,5,64,0,2016,10,7,3,3,3,6,0,1,0,1,0,0,0,1,6.47783E+20,5.47835E+21,1.10386E+16,4.94399E+16
147348,147349,9,7,64,0,2016,10,7,4,3,0,7,1,0,1,0,0,0,0,0,5.87938E+20,5.3168E+21,1.01788E+16,4.79984E+16
147349,147350,9,1,79,142,2016,10,8,4,3,5,3,0,1,1,1,0,0,0,0,6.73829E+20,5.34241E+21,1.13399E+16,4.82111E+16
147350,147351,9,6,63,0,2016,10,16,4,3,0,6,0,0,0,1,0,1,0,0,5.71169E+20,5.51665E+21,9.98892E+15,4.9798E+16
147351,147352,9,5,71,165,2016,10,17,4,2,0,7,0,0,0,1,0,0,0,0,6.30221E+20,5.46737E+21,1.07928E+16,4.93451E+16
147352,147353,9,5,64,0,2016,10,10,5,2,0,1,0,1,1,0,0,0,0,0,6.52091E+20,5.48064E+21,1.10988E+16,4.94594E+16
147353,147354,9,5,64,0,2016,10,20,3,3,0,5,2,0,1,0,0,0,0,0,6.52483E+20,5.48207E+21,1.11048E+16,4.94721E+16
147354,147355,9,1,61,0,2016,10,5,5,3,6,4,2,1,0,1,1,0,0,0,6.7754E+20,5.40708E+21,1.14173E+16,4.87913E+16
147355,147356,9,1,84,146,2016,10,14,4,2,0,7,0,0,0,0,0,0,0,1,6.98314E+20,5.3282E+21,1.16625E+16,4.80762E+16
147356,147357,9,3,72,144,2016,10,10,6,3,4,2,0,1,0,1,0,0,0,0,7.87463E+20,5.46426E+21,1.29515E+16,4.92634E+16
147357,147358,9,7,61,0,2016,10,14,6,3,1,6,0,1,0,1,0,0,0,0,6.37488E+20,5.35947E+21,1.08566E+16,4.83734E+16
147358,147359,9,1,62,0,2016,10,8,3,3,6,4,0,0,1,0,1,0,0,0,6.91521E+20,5.33604E+21,1.1575E+16,4.81488E+16
147359,147360,9,5,64,0,2016,10,15,4,3,2,6,0,0,0,1,0,0,0,0,6.51457E+20,5.48059E+21,1.10901E+16,4.94591E+16
147360,147361,9,2,63,0,2016,10,17,4,3,1,7,0,0,1,1,0,0,0,0,7.64759E+20,5.42122E+21,1.2612E+16,4.88873E+16
147361,147362,9,1,74,121,2016,10,16,3,3,2,6,0,1,1,1,0,0,0,0,6.89219E+20,5.35463E+21,1.15523E+16,4.83166E+16
147362,147363,9,1,62,0,2016,10,14,3,3,6,2,0,1,0,1,1,0,0,0,6.91418E+20,5.33469E+21,1.1573E+16,4.81367E+16
147363,147364,9,1,81,130,2016,10,14,4,3,2,2,0,0,0,1,0,0,0,0,6.38937E+20,5.32242E+21,1.0864E+16,4.804E+16
147364,147365,9,5,76,143,2016,10,8,4,3,0,7,0,0,0,0,0,0,0,1,6.52119E+20,5.45659E+21,1.109E+16,4.92432E+16
147365,147366,9,4,62,0,2016,10,7,4,3,5,3,0,0,0,1,0,0,0,0,6.8178E+20,5.53473E+21,1.15333E+16,4.99372E+16
147366,147367,9,1,75,135,2016,10,7,3,3,2,7,0,0,0,1,0,1,0,0,7.0871E+20,5.33959E+21,1.18075E+16,4.81753E+16
147367,147368,9,5,64,0,2016,10,16,3,3,4,6,0,0,1,1,0,0,0,0,6.47567E+20,5.4739E+21,1.10339E+16,4.93999E+16
147368,147369,9,1,62,0,2016,10,6,6,3,2,6,2,1,0,1,0,0,0,0,6.87756E+20,5.34431E+21,1.1528E+16,4.82242E+16
147369,147370,9,1,88,144,2016,10,8,5,3,5,3,0,1,0,1,0,0,0,0,6.68759E+20,5.32774E+21,1.12659E+16,4.80805E+16
147370,147371,9,1,62,0,2016,10,19,4,1,6,6,2,0,0,1,1,0,0,0,6.92822E+20,5.32973E+21,1.15896E+16,4.80916E+16
147371,147372,9,1,89,155,2016,10,22,6,3,5,3,2,1,0,1,0,0,0,0,7.73419E+20,5.30838E+21,1.26565E+16,4.78705E+16
147372,147373,9,6,63,0,2016,10,20,6,3,4,2,2,0,1,1,0,0,0,0,5.69145E+20,5.51772E+21,9.96099E+15,4.9808E+16
147373,147374,9,7,75,143,2016,10,17,3,3,6,4,0,0,0,1,1,0,0,0,5.8617E+20,5.35612E+21,1.01631E+16,4.83523E+16
147374,147375,9,5,71,127,2016,10,19,5,3,3,6,2,0,1,1,0,0,0,0,6.15193E+20,5.45461E+21,1.05824E+16,4.92334E+16
147375,147376,9,1,63,0,2016,10,16,4,3,3,6,0,0,1,0,0,0,0,0,7.339E+20,5.30476E+21,1.21269E+16,4.78535E+16
147376,147377,9,5,64,0,2016,10,7,4,3,3,6,0,1,1,0,0,1,0,0,6.51207E+20,5.47976E+21,1.10863E+16,4.94517E+16
147377,147378,9,2,77,116,2016,10,7,4,3,0,3,0,0,0,1,0,0,0,0,7.80436E+20,5.36615E+21,1.27881E+16,4.83861E+16
147378,147379,9,5,64,0,2016,10,11,3,3,1,7,0,1,0,1,0,0,0,0,6.48359E+20,5.47899E+21,1.10467E+16,4.94454E+16
147379,147380,9,1,62,0,2016,10,7,5,3,5,3,0,1,0,1,0,1,0,0,6.90433E+20,5.33269E+21,1.15589E+16,4.8119E+16
147380,147381,9,1,62,0,2016,10,9,4,3,4,2,0,0,1,1,0,0,0,0,6.9433E+20,5.34056E+21,1.16148E+16,4.81885E+16
147381,147382,9,1,79,134,2016,10,10,4,3,3,6,0,0,1,0,0,0,0,0,6.67265E+20,5.34272E+21,1.12518E+16,4.82156E+16
147382,147383,9,5,77,125,2016,10,10,3,3,0,1,0,1,0,0,0,1,0,0,6.43764E+20,5.43617E+21,1.0968E+16,4.90616E+16
147383,147384,9,1,62,0,2016,10,18,5,3,3,6,1,1,1,0,0,1,0,0,6.93823E+20,5.33473E+21,1.16053E+16,4.81363E+16
147384,147385,9,1,62,0,2016,10,11,4,3,1,3,0,0,1,1,0,0,0,0,6.93864E+20,5.33909E+21,1.16078E+16,4.81755E+16
147385,147386,9,1,79,121,2016,10,13,6,3,5,3,0,0,1,1,0,0,0,0,6.67163E+20,5.34022E+21,1.12494E+16,4.81932E+16
147386,147387,9,6,62,0,2016,10,6,6,3,0,7,2,1,0,0,0,1,0,0,5.87881E+20,5.54411E+21,1.02273E+16,5.00428E+16
147387,147388,9,7,72,209,2016,10,16,5,3,8,6,0,0,0,1,0,0,0,0,6.33297E+20,5.3352E+21,1.07924E+16,4.81561E+16
147388,147389,9,4,62,0,2016,10,8,5,2,0,5,0,0,1,1,0,0,0,0,6.84944E+20,5.53505E+21,1.15775E+16,4.99392E+16
147389,147390,9,5,75,150,2016,10,6,3,3,0,1,1,0,1,0,0,0,0,0,6.1543E+20,5.49944E+21,1.05986E+16,4.96364E+16
147390,147391,9,1,62,0,2016,10,13,5,3,0,6,0,1,0,1,0,1,0,0,6.92462E+20,5.33351E+21,1.15865E+16,4.81257E+16
147391,147392,9,1,62,0,2016,10,10,4,3,0,5,0,0,1,1,0,0,0,0,6.94025E+20,5.33088E+21,1.16062E+16,4.81016E+16
147392,147393,9,5,73,127,2016,10,5,6,3,1,7,2,1,0,0,0,1,1,0,6.45882E+20,5.47534E+21,1.10112E+16,4.94132E+16
147393,147394,9,6,72,127,2016,10,16,5,3,6,7,0,0,0,1,1,0,0,0,5.63931E+20,5.55184E+21,9.89421E+15,5.01154E+16
147394,147395,9,3,75,165,2016,10,7,5,3,6,4,0,0,0,1,1,0,0,0,7.25424E+20,5.43764E+21,1.20853E+16,4.90504E+16
147395,147396,9,3,72,116,2016,10,7,5,3,3,2,0,0,1,1,0,0,0,0,7.68408E+20,5.4575E+21,1.26857E+16,4.92114E+16
147396,147397,9,5,75,112,2016,10,20,3,3,5,3,2,0,0,1,0,0,0,0,6.02371E+20,5.48465E+21,1.0414E+16,4.95059E+16
147397,147398,9,7,80,139,2016,10,18,4,3,3,6,0,0,1,1,0,0,0,0,5.95021E+20,5.26396E+21,1.02622E+16,4.75221E+16
147398,147399,9,7,74,135,2016,10,12,3,3,2,6,0,0,0,1,0,0,0,0,5.94598E+20,5.36769E+21,1.02795E+16,4.84552E+16
147399,147400,9,1,88,127,2016,10,17,4,2,5,2,0,0,0,1,0,1,0,0,6.76226E+20,5.32957E+21,1.13668E+16,4.8095E+16
147400,147401,9,6,74,163,2016,10,10,4,3,5,3,0,0,0,0,0,1,1,0,6.11314E+20,5.53873E+21,1.05529E+16,4.99905E+16
147401,147402,9,4,63,0,2016,10,10,4,3,4,6,0,1,0,1,0,0,0,0,6.42428E+20,5.57085E+21,1.09988E+16,5.02726E+16
147402,147403,9,1,62,0,2016,10,19,2,3,4,2,2,1,0,1,0,0,0,0,6.93623E+20,5.34189E+21,1.16059E+16,4.82007E+16
147403,147404,9,4,62,0,2016,10,19,3,3,5,3,2,0,0,1,0,0,0,1,6.85667E+20,5.53531E+21,1.15877E+16,4.99413E+16
147404,147405,9,1,86,162,2016,10,18,5,3,5,3,2,1,0,1,0,0,0,0,6.9294E+20,5.38653E+21,1.16172E+16,4.86021E+16
147405,147406,9,1,62,0,2016,10,17,4,3,5,2,0,0,0,1,0,0,0,0,6.89677E+20,5.3432E+21,1.15534E+16,4.82136E+16
147406,147407,9,2,71,119,2016,10,12,6,3,3,6,0,0,1,1,0,0,0,0,7.90558E+20,5.41719E+21,1.29602E+16,4.88396E+16
147407,147408,9,5,76,151,2016,10,17,5,3,6,1,1,1,1,0,1,0,0,0,6.53721E+20,5.46704E+21,1.1116E+16,4.93367E+16
147408,147409,9,4,74,121,2016,10,15,3,2,5,3,0,0,0,1,0,1,0,0,6.57087E+20,5.51656E+21,1.11821E+16,4.97809E+16
147409,147410,9,3,62,0,2016,10,22,5,3,0,1,2,1,1,0,0,0,0,0,7.26328E+20,5.43392E+21,1.20956E+16,4.90166E+16
147410,147411,9,1,71,112,2016,10,16,5,3,5,3,0,0,1,1,0,0,0,0,7.85032E+20,5.34248E+21,1.28341E+16,4.81715E+16
147411,147412,9,1,62,0,2016,10,15,4,3,5,3,0,0,0,1,0,1,0,0,6.90567E+20,5.33708E+21,1.15626E+16,4.81584E+16
147412,147413,9,5,61,0,2016,10,15,6,3,5,1,0,0,0,1,0,0,0,0,6.14517E+20,5.46256E+21,1.05753E+16,4.93051E+16
147413,147414,9,7,61,0,2016,10,11,4,2,6,4,0,0,0,1,1,0,0,0,6.41847E+20,5.36039E+21,1.09157E+16,4.83807E+16
147414,147415,9,7,80,140,2016,10,16,3,1,4,6,0,0,1,1,0,0,0,0,5.98753E+20,5.27704E+21,1.03147E+16,4.76393E+16
147415,147416,9,1,88,120,2016,10,7,4,3,5,3,1,1,0,1,0,0,0,0,6.78164E+20,5.3263E+21,1.13915E+16,4.80651E+16
147416,147417,9,7,74,144,2016,10,17,6,3,4,2,1,0,0,1,0,0,0,0,6.06352E+20,5.36087E+21,1.04367E+16,4.8392E+16
147417,147418,9,5,74,138,2016,10,8,4,3,5,3,0,0,0,1,0,0,0,0,6.63768E+20,5.48707E+21,1.12625E+16,4.95141E+16
147418,147419,9,3,62,0,2016,10,15,4,3,3,6,0,1,0,1,0,0,0,0,7.27253E+20,5.43364E+21,1.21081E+16,4.90138E+16
147419,147420,9,1,62,0,2016,10,17,2,3,1,1,0,0,1,1,0,0,0,0,6.89912E+20,5.33491E+21,1.15529E+16,4.81391E+16
147420,147421,9,4,61,0,2016,10,6,3,2,5,3,1,1,1,0,0,0,0,1,6.36599E+20,5.53049E+21,1.09026E+16,4.99112E+16
147421,147422,9,1,77,117,2016,10,4,6,3,2,6,2,1,0,1,0,0,0,0,7.14353E+20,5.35502E+21,1.18912E+16,4.8312E+16
147422,147423,9,1,74,115,2016,10,13,5,3,5,3,0,1,1,1,0,0,0,0,6.80547E+20,5.34711E+21,1.14323E+16,4.82515E+16
147423,147424,9,1,62,0,2016,10,7,4,3,1,7,0,0,0,1,0,0,0,0,6.92674E+20,5.33013E+21,1.15878E+16,4.80953E+16
147424,147425,9,1,61,0,2016,10,15,6,3,5,3,0,0,1,1,0,0,0,0,6.77514E+20,5.40529E+21,1.14162E+16,4.87753E+16
147425,147426,9,6,78,134,2016,10,9,6,2,8,1,0,0,0,0,0,1,0,0,5.97712E+20,5.52928E+21,1.03608E+16,4.99079E+16
147426,147427,9,7,76,116,2016,10,5,5,3,0,1,2,0,0,0,0,1,0,0,5.50111E+20,5.26759E+21,9.66612E+15,4.75598E+16
147427,147428,9,7,61,0,2016,10,13,6,3,6,4,0,0,0,0,1,0,0,1,6.40786E+20,5.35924E+21,1.0901E+16,4.83706E+16
147428,147429,9,7,76,111,2016,10,13,3,3,0,1,0,0,1,0,0,0,0,0,5.50112E+20,5.26893E+21,9.66629E+15,4.75718E+16
147429,147430,9,5,64,0,2016,10,17,4,3,2,6,0,0,0,1,0,0,0,0,6.49445E+20,5.47923E+21,1.10618E+16,4.94474E+16
147430,147431,9,2,76,138,2016,10,7,4,3,6,6,0,0,0,1,1,0,0,0,8.01199E+20,5.43575E+21,1.31186E+16,4.90011E+16
147431,147432,9,4,61,0,2016,10,7,3,3,3,2,0,0,1,1,0,0,0,0,6.35917E+20,5.52833E+21,1.08923E+16,4.9892E+16
147432,147433,9,1,62,0,2016,10,10,5,3,1,6,0,1,0,1,0,0,0,0,6.9341E+20,5.33306E+21,1.1599E+16,4.81214E+16
147433,147434,9,1,74,115,2016,10,12,6,3,0,7,0,1,1,1,0,0,0,0,6.80394E+20,5.34823E+21,1.14307E+16,4.82615E+16
147434,147435,9,5,64,0,2016,10,21,6,3,5,3,2,0,0,1,0,0,0,1,6.50074E+20,5.47833E+21,1.10701E+16,4.94391E+16
147435,147436,9,7,61,0,2016,10,17,5,3,0,7,0,0,0,1,0,0,0,1,6.41294E+20,5.35922E+21,1.09079E+16,4.83703E+16
147436,147437,9,4,61,0,2016,10,13,5,3,6,7,0,0,0,1,1,0,0,0,6.35816E+20,5.52866E+21,1.0891E+16,4.98949E+16
147437,147438,9,3,74,149,2016,10,18,3,3,5,3,2,0,0,1,0,1,0,0,7.11548E+20,5.5172E+21,1.1938E+16,4.977E+16
147438,147439,9,1,62,0,2016,10,11,5,3,2,2,0,1,0,1,0,0,0,0,6.90637E+20,5.33339E+21,1.15619E+16,4.81252E+16
147439,147440,9,1,62,0,2016,10,17,4,3,5,3,0,0,0,0,0,0,1,1,6.92535E+20,5.33695E+21,1.1589E+16,4.81566E+16
147440,147441,9,4,79,169,2016,10,11,5,3,1,7,0,0,0,1,0,0,0,0,7.16623E+20,5.54811E+21,1.20258E+16,5.00458E+16
147441,147442,9,3,62,0,2016,10,17,3,3,3,7,0,0,0,1,0,1,0,0,7.23986E+20,5.43282E+21,1.2063E+16,4.90076E+16
147442,147443,9,1,84,120,2016,10,8,5,3,3,5,0,1,1,1,0,0,0,0,6.81094E+20,5.33374E+21,1.14339E+16,4.81311E+16
147443,147444,9,1,62,0,2016,10,12,4,2,0,4,0,0,0,0,1,0,0,1,6.86775E+20,5.33659E+21,1.15115E+16,4.81551E+16
147444,147445,9,6,62,0,2016,10,7,5,3,3,2,2,0,1,1,0,0,0,0,5.87008E+20,5.5412E+21,1.02145E+16,5.00167E+16
147445,147446,9,3,76,175,2016,10,16,3,3,6,7,0,0,0,1,1,0,0,0,7.30617E+20,5.46726E+21,1.21733E+16,4.93144E+16
147446,147447,9,3,62,0,2016,10,15,5,2,6,4,0,0,0,0,1,0,0,1,7.26698E+20,5.43358E+21,1.21005E+16,4.90134E+16
147447,147448,9,2,71,146,2016,10,8,5,3,4,2,0,0,0,1,0,0,0,0,7.8576E+20,5.41135E+21,1.28909E+16,4.87894E+16
147448,147449,9,1,78,143,2016,10,9,5,3,5,3,0,1,0,1,0,0,0,0,7.17547E+20,5.37331E+21,1.19437E+16,4.84753E+16
147449,147450,9,3,76,144,2016,10,7,3,3,5,2,0,1,1,1,0,0,0,0,7.3019E+20,5.48315E+21,1.21766E+16,4.94574E+16
147450,147451,9,7,71,113,2016,10,10,4,3,8,1,0,0,1,0,0,0,0,0,6.58402E+20,5.36924E+21,1.11425E+16,4.84563E+16