FID,OBJECTID,ULAND,UREGBEZ,UKREIS,UGEMEINDE,UJAHR,UMONAT,USTUNDE,UWOCHENTAG,UKATEGORIE,UART,UTYP1,ULICHTVERH,IstStrasse,IstRad,IstPKW,IstFuss,IstKrad,IstGkfz,IstSonstig,LINREFX,LINREFY,XGCSWGS84,YGCSWGS84
147451,147452,9,7,62,0,2016,10,16,3,3,4,6,0,0,1,0,0,0,0,0,6.21254E+20,5.30561E+21,1.06221E+16,4.78924E+16
147452,147453,9,1,77,117,2016,10,12,4,3,2,6,0,0,1,0,0,0,0,0,7.14357E+20,5.35506E+21,1.18912E+16,4.83124E+16
147453,147454,9,1,77,114,2016,10,7,4,3,2,6,0,0,0,1,0,0,0,0,7.22549E+20,5.34458E+21,1.1996E+16,4.82154E+16
147454,147455,9,7,61,0,2016,10,19,4,3,5,3,1,1,1,1,0,0,0,0,6.40943E+20,5.3598E+21,1.09033E+16,4.83756E+16
147455,147456,9,5,77,173,2016,10,10,4,2,5,7,0,0,0,1,0,1,0,0,6.40162E+20,5.42337E+21,1.09143E+16,4.89474E+16
147456,147457,9,5,64,0,2016,10,12,5,2,0,1,0,1,0,0,0,1,0,0,6.50214E+20,5.48043E+21,1.10729E+16,4.9458E+16
147457,147458,9,2,72,141,2016,10,18,3,3,4,6,1,0,0,1,0,1,0,0,8.31193E+20,5.4096E+21,1.35062E+16,4.87512E+16
147458,147459,9,1,82,120,2016,10,6,5,2,6,3,1,1,0,1,1,0,0,0,7.02585E+20,5.30661E+21,1.17096E+16,4.78808E+16
147459,147460,9,1,62,0,2016,10,21,4,3,1,5,2,0,0,1,0,0,0,0,6.86217E+20,5.33384E+21,1.15028E+16,4.81305E+16
147460,147461,9,3,63,0,2016,10,13,6,3,8,1,0,0,0,1,0,0,0,0,7.24643E+20,5.50835E+21,1.21145E+16,4.96858E+16
147461,147462,9,7,61,0,2016,10,7,4,3,4,2,0,0,0,1,0,1,0,0,6.4094E+20,5.3598E+21,1.09033E+16,4.83756E+16
147462,147463,9,7,79,194,2016,10,11,6,3,9,7,0,0,1,0,0,0,0,0,6.09642E+20,5.41257E+21,1.04947E+16,4.88564E+16
147463,147464,9,7,73,125,2016,10,10,3,3,0,7,0,0,1,0,0,0,0,0,6.10652E+20,5.38107E+21,1.05001E+16,4.85729E+16
147464,147465,9,5,64,0,2016,10,14,4,3,2,6,0,0,1,0,0,0,0,1,6.48272E+20,5.47507E+21,1.10441E+16,4.94102E+16
147465,147466,9,3,71,151,2016,10,8,4,3,1,7,0,0,0,1,0,0,0,0,7.00373E+20,5.48588E+21,1.1767E+16,4.94924E+16
147466,147467,9,7,63,0,2016,10,13,2,3,2,2,0,0,0,1,0,0,0,1,5.98889E+20,5.28792E+21,1.0319E+16,4.77371E+16
147467,147468,9,1,73,147,2016,10,14,3,2,6,4,0,1,0,1,1,0,0,0,6.81182E+20,5.30973E+21,1.1425E+16,4.79153E+16
147468,147469,9,1,62,0,2016,10,8,5,3,0,7,0,1,1,0,0,0,0,0,6.91104E+20,5.33739E+21,1.157E+16,4.8161E+16
147469,147470,9,1,75,139,2016,10,13,5,3,5,2,0,1,1,1,0,0,0,0,7.1121E+20,5.33065E+21,1.18367E+16,4.80941E+16
147470,147471,9,5,65,0,2016,10,7,4,2,0,5,0,0,0,1,0,1,0,0,6.46668E+20,5.4656E+21,1.10185E+16,4.93255E+16
147471,147472,9,4,62,0,2016,10,21,4,3,0,1,2,1,0,0,0,1,0,0,6.85422E+20,5.53531E+21,1.15843E+16,4.99414E+16
147472,147473,9,7,76,120,2016,10,12,2,3,0,1,0,1,1,0,0,0,0,0,5.45603E+20,5.26965E+21,9.60642E+15,4.75787E+16
147473,147474,9,1,90,157,2016,10,17,3,3,4,7,0,1,0,1,0,0,0,1,6.61569E+20,5.30085E+21,1.11594E+16,4.78407E+16
147474,147475,9,1,81,130,2016,10,10,5,3,5,3,0,1,0,1,0,0,0,0,6.38983E+20,5.32496E+21,1.08654E+16,4.80628E+16
147475,147476,9,1,62,0,2016,10,12,4,3,1,5,0,0,0,1,0,0,0,0,7.00297E+20,5.33487E+21,1.16923E+16,4.81356E+16
147476,147477,9,1,73,126,2016,10,15,6,3,0,7,0,1,0,0,0,1,0,0,6.83127E+20,5.30423E+21,1.14486E+16,4.78653E+16
147477,147478,9,6,63,0,2016,10,12,6,3,0,1,0,1,1,0,0,0,0,0,5.6633E+20,5.51339E+21,9.92113E+15,4.97693E+16
147478,147479,9,7,72,209,2016,10,6,3,2,8,1,2,1,0,0,0,1,0,0,6.34253E+20,5.33551E+21,1.08053E+16,4.81586E+16
147479,147480,9,5,64,0,2016,10,15,5,3,5,2,0,1,1,1,0,0,0,0,6.54325E+20,5.47843E+21,1.11288E+16,4.94389E+16
147480,147481,9,5,64,0,2016,10,10,4,3,2,6,0,0,0,1,0,0,0,0,6.52369E+20,5.48082E+21,1.11027E+16,4.94609E+16
147481,147482,9,2,75,135,2016,10,12,4,2,4,2,0,0,0,1,0,1,0,0,8.22722E+20,5.40208E+21,1.33855E+16,4.86882E+16
147482,147483,9,1,90,141,2016,10,7,3,3,5,3,0,0,1,1,0,0,0,0,6.77318E+20,5.29363E+21,1.13667E+16,4.77716E+16
147483,147484,9,1,62,0,2016,10,15,5,2,5,2,0,1,0,1,0,0,0,1,6.94459E+20,5.33323E+21,1.16131E+16,4.81226E+16
147484,147485,9,1,85,149,2016,10,11,4,3,0,7,0,0,1,0,0,0,0,1,6.61339E+20,5.3987E+21,1.11936E+16,4.87204E+16
147485,147486,9,5,64,0,2016,10,6,6,3,2,6,0,0,0,1,0,0,0,0,6.50884E+20,5.47924E+21,1.10816E+16,4.94471E+16
147486,147487,9,1,62,0,2016,10,11,4,3,6,7,0,0,0,0,1,0,0,1,6.88564E+20,5.33981E+21,1.15369E+16,4.81836E+16
147487,147488,9,1,85,158,2016,10,5,6,2,5,3,2,1,0,1,0,0,0,0,6.68706E+20,5.38003E+21,1.12861E+16,4.85507E+16
147488,147489,9,6,78,135,2016,10,23,6,3,5,3,2,0,0,1,0,0,0,0,5.92086E+20,5.54163E+21,1.02855E+16,5.00198E+16
147489,147490,9,7,72,147,2016,10,14,3,3,5,3,0,1,0,1,0,0,0,0,6.37878E+20,5.36645E+21,1.08641E+16,4.84361E+16
147490,147491,9,7,71,130,2016,10,13,5,2,2,2,0,1,1,1,0,0,0,0,6.46237E+20,5.35736E+21,1.09739E+16,4.83525E+16
147491,147492,9,4,62,0,2016,10,17,5,3,5,3,0,0,1,1,0,0,0,0,6.84692E+20,5.53536E+21,1.15741E+16,4.9942E+16
147492,147493,9,1,80,117,2016,10,11,3,3,5,3,0,0,0,1,0,0,0,1,6.57335E+20,5.26173E+21,1.10887E+16,4.749E+16
147493,147494,9,1,62,0,2016,10,19,5,3,5,3,2,0,1,1,0,0,0,0,6.96827E+20,5.33716E+21,1.16467E+16,4.81572E+16
147494,147495,9,1,62,0,2016,10,8,4,3,6,2,0,0,0,1,1,0,0,0,6.9844E+20,5.33351E+21,1.16667E+16,4.81239E+16
147495,147496,9,5,62,0,2016,10,13,5,3,0,7,0,0,0,0,0,0,0,1,6.46132E+20,5.49368E+21,1.10215E+16,4.9578E+16
147496,147497,9,1,73,112,2016,10,16,3,3,0,1,0,1,1,0,0,0,0,0,6.91989E+20,5.29324E+21,1.15621E+16,4.77639E+16
147497,147498,9,3,62,0,2016,10,12,5,3,4,2,0,0,1,1,0,0,0,0,7.2696E+20,5.43143E+21,1.21028E+16,4.8994E+16
147498,147499,9,1,89,155,2016,10,17,5,3,2,6,1,1,0,1,0,0,0,0,7.7197E+20,5.30656E+21,1.2636E+16,4.78547E+16
147499,147500,9,1,62,0,2016,10,18,4,3,5,3,2,1,0,1,0,1,0,0,6.88886E+20,5.33574E+21,1.15394E+16,4.81468E+16
147500,147501,9,7,71,113,2016,10,19,5,3,0,7,1,0,1,0,0,0,0,0,6.57766E+20,5.36947E+21,1.1134E+16,4.84585E+16
147501,147502,9,3,75,190,2016,10,16,5,3,0,1,0,1,1,0,0,0,0,0,7.28739E+20,5.44551E+21,1.21351E+16,4.91199E+16
147502,147503,9,1,89,162,2016,10,11,3,3,5,3,0,1,0,1,0,0,0,0,7.78784E+20,5.31591E+21,1.27329E+16,4.79357E+16
147503,147504,9,7,74,121,2016,10,5,4,3,5,3,2,1,1,1,0,0,0,0,6.05489E+20,5.36458E+21,1.04259E+16,4.84255E+16
147504,147505,9,1,62,0,2016,10,10,3,3,5,3,0,1,1,1,0,0,0,0,6.89151E+20,5.33451E+21,1.15425E+16,4.81357E+16
147505,147506,9,6,63,0,2016,10,20,4,3,4,2,2,0,0,1,0,1,0,0,5.67925E+20,5.51601E+21,9.94375E+15,4.97927E+16
147506,147507,9,4,79,152,2016,10,22,4,2,6,4,2,1,0,1,1,0,0,0,7.23215E+20,5.56261E+21,1.21262E+16,5.01736E+16
147507,147508,9,1,72,114,2016,10,16,3,3,6,2,0,0,0,1,1,0,0,0,7.91666E+20,5.29451E+21,1.28906E+16,4.77379E+16
147508,147509,9,1,61,0,2016,10,6,5,3,0,1,2,0,1,0,0,0,0,0,6.78389E+20,5.40596E+21,1.14284E+16,4.8781E+16
147509,147510,9,1,62,0,2016,10,21,4,3,5,3,2,0,0,1,0,0,0,0,6.92621E+20,5.33481E+21,1.15892E+16,4.81374E+16
147510,147511,9,3,71,128,2016,10,9,6,2,6,7,0,0,0,1,1,0,0,0,6.89601E+20,5.49642E+21,1.16235E+16,4.95906E+16
147511,147512,9,7,61,0,2016,10,16,6,3,4,1,0,0,0,1,0,0,1,0,6.39674E+20,5.3561E+21,1.0885E+16,4.83427E+16
147512,147513,9,7,72,125,2016,10,17,3,3,2,6,0,1,0,1,0,0,0,0,6.37025E+20,5.34707E+21,1.08463E+16,4.8262E+16
147513,147514,9,1,63,0,2016,10,12,3,3,6,4,0,1,0,0,1,1,0,0,7.3343E+20,5.30471E+21,1.21206E+16,4.78533E+16
147514,147515,9,5,77,177,2016,10,12,6,3,2,6,0,0,0,1,0,0,0,0,6.43333E+20,5.4313E+21,1.09604E+16,4.90179E+16
147515,147516,9,7,61,0,2016,10,20,4,3,5,3,2,0,0,1,0,0,0,0,6.38957E+20,5.3606E+21,1.08768E+16,4.83832E+16
147516,147517,9,7,72,163,2016,10,15,3,3,5,2,0,1,1,1,0,0,0,0,6.39923E+20,5.34741E+21,1.08855E+16,4.82644E+16
147517,147518,9,1,62,0,2016,10,14,3,2,6,4,0,1,0,1,1,0,0,0,6.86375E+20,5.32931E+21,1.15029E+16,4.80898E+16
147518,147519,9,7,78,173,2016,10,15,6,2,2,6,0,1,1,1,0,0,0,0,6.11526E+20,5.32254E+21,1.04964E+16,4.80464E+16
147519,147520,9,5,72,135,2016,10,9,4,3,4,2,0,0,0,1,0,0,0,0,6.32333E+20,5.50743E+21,1.08353E+16,4.97049E+16
147520,147521,9,3,74,156,2016,10,14,4,3,8,1,0,0,0,0,0,1,0,0,7.16738E+20,5.51335E+21,1.20079E+16,4.97335E+16
147521,147522,9,7,61,0,2016,10,2,2,3,6,4,2,0,0,1,1,0,0,0,6.42008E+20,5.36069E+21,1.0918E+16,4.83834E+16
147522,147523,9,1,82,125,2016,10,8,3,2,0,1,0,1,1,0,0,0,0,0,7.12261E+20,5.29698E+21,1.18342E+16,4.77911E+16
147523,147524,9,1,78,124,2016,10,13,6,3,5,3,0,1,0,1,0,0,0,0,7.04306E+20,5.36421E+21,1.17603E+16,4.83979E+16
147524,147525,9,1,74,126,2016,10,17,5,3,5,3,0,0,0,1,0,0,0,0,6.82659E+20,5.34376E+21,1.14592E+16,4.82207E+16
147525,147526,9,1,62,0,2016,10,11,4,3,6,4,0,0,0,0,1,0,0,1,6.94145E+20,5.33465E+21,1.16096E+16,4.81355E+16
147526,147527,9,1,72,118,2016,10,10,6,3,4,6,0,1,0,1,0,0,1,0,7.96701E+20,5.30466E+21,1.29645E+16,4.78268E+16
147527,147528,9,6,77,148,2016,10,14,6,3,5,3,0,0,1,1,0,0,0,0,5.55076E+20,5.53465E+21,9.7679E+15,4.99616E+16
147528,147529,9,7,61,0,2016,10,16,3,3,0,1,0,1,1,0,0,0,0,0,6.41974E+20,5.36089E+21,1.09176E+16,4.83852E+16
147529,147530,9,7,78,187,2016,10,17,5,2,5,3,0,0,0,1,0,0,0,0,6.09281E+20,5.32805E+21,1.04677E+16,4.80963E+16
147530,147531,9,5,71,194,2016,10,10,5,3,5,3,0,1,0,1,0,0,0,0,6.15462E+20,5.47334E+21,1.05915E+16,4.94018E+16
147531,147532,9,5,64,0,2016,10,17,4,3,2,6,0,1,0,1,0,0,1,0,6.5141E+20,5.48042E+21,1.10893E+16,4.94576E+16
147532,147533,9,2,61,0,2016,10,15,4,3,2,6,0,0,0,1,0,0,0,0,7.31681E+20,5.38198E+21,1.21394E+16,4.85481E+16
147533,147534,9,1,61,0,2016,10,16,3,3,1,5,0,0,1,1,0,0,0,0,6.79776E+20,5.40158E+21,1.14453E+16,4.87412E+16
147534,147535,9,1,62,0,2016,10,7,5,3,0,6,0,1,0,0,0,1,0,1,6.87942E+20,5.339E+21,1.15282E+16,4.81764E+16
147535,147536,9,5,64,0,2016,10,9,4,3,4,2,0,0,0,1,0,0,0,0,6.4708E+20,5.47952E+21,1.10293E+16,4.94505E+16
147536,147537,9,2,63,0,2016,10,9,4,3,0,1,0,0,1,0,0,0,0,0,7.61776E+20,5.42084E+21,1.25711E+16,4.88851E+16
147537,147538,9,1,86,128,2016,10,15,3,3,0,1,0,1,0,0,0,1,0,0,6.79925E+20,5.38849E+21,1.14417E+16,4.86235E+16
147538,147539,9,1,84,131,2016,10,8,5,3,5,3,0,1,0,1,0,0,0,1,7.04851E+20,5.34003E+21,1.17559E+16,4.81805E+16
147539,147540,9,1,81,114,2016,10,15,6,3,8,1,0,1,0,1,0,0,0,0,6.50143E+20,5.31691E+21,1.10123E+16,4.79879E+16
147540,147541,9,5,62,0,2016,10,17,6,3,5,3,0,0,1,1,0,0,0,0,6.44517E+20,5.49636E+21,1.10001E+16,4.96025E+16
147541,147542,9,7,61,0,2016,10,8,5,3,5,3,1,1,0,1,0,1,0,0,6.3744E+20,5.3602E+21,1.08562E+16,4.838E+16
147542,147543,9,4,71,214,2016,10,6,5,3,5,3,1,1,0,1,0,1,0,0,6.38095E+20,5.54196E+21,1.09275E+16,5.00139E+16
147543,147544,9,1,86,143,2016,10,12,3,3,5,3,0,1,0,1,0,0,0,0,6.8348E+20,5.3768E+21,1.14847E+16,4.85175E+16
147544,147545,9,1,62,0,2016,10,17,5,3,2,6,0,0,0,1,0,1,0,0,6.89553E+20,5.33317E+21,1.15473E+16,4.81236E+16
147545,147546,9,1,62,0,2016,10,15,4,2,3,2,0,1,1,0,0,0,1,0,6.9767E+20,5.33637E+21,1.16577E+16,4.81499E+16
147546,147547,9,1,84,139,2016,10,7,3,2,6,3,1,1,1,0,1,0,0,0,6.88447E+20,5.32607E+21,1.15293E+16,4.80601E+16
147547,147548,9,1,62,0,2016,10,10,4,3,2,6,0,0,0,1,0,0,0,0,6.90328E+20,5.33885E+21,1.15602E+16,4.81743E+16
147548,147549,9,6,72,114,2016,10,15,5,3,6,4,0,0,0,1,1,0,0,0,5.76852E+20,5.56167E+21,1.00769E+16,5.02022E+16
147549,147550,9,1,88,139,2016,10,20,3,3,2,6,2,1,0,1,0,0,0,0,6.7495E+20,5.31928E+21,1.13455E+16,4.80028E+16
147550,147551,9,3,62,0,2016,10,19,5,3,0,6,2,0,0,0,0,0,0,1,7.25814E+20,5.4335E+21,1.20883E+16,4.90131E+16
147551,147552,9,3,72,116,2016,10,18,5,2,6,4,1,1,0,1,1,0,0,0,7.6722E+20,5.45895E+21,1.26703E+16,4.9225E+16
147552,147553,9,1,78,143,2016,10,18,5,3,1,3,2,1,0,1,0,0,0,0,7.17223E+20,5.37231E+21,1.19387E+16,4.84663E+16
147553,147554,9,7,73,144,2016,10,21,4,3,4,2,2,0,0,1,0,0,0,0,6.06711E+20,5.38113E+21,1.04467E+16,4.85741E+16
147554,147555,9,7,71,112,2016,10,14,3,3,4,1,0,1,0,1,0,1,0,0,6.4732E+20,5.36533E+21,1.09913E+16,4.84239E+16
147555,147556,9,1,62,0,2016,10,17,3,3,2,3,1,1,0,1,0,1,0,0,6.89292E+20,5.34104E+21,1.15473E+16,4.81944E+16
147556,147557,9,6,62,0,2016,10,7,4,3,0,5,0,0,1,1,0,0,0,0,5.86795E+20,5.54454E+21,1.02123E+16,5.00468E+16
147557,147558,9,4,77,127,2016,10,7,4,2,0,7,0,0,0,0,0,1,0,0,6.78905E+20,5.5545E+21,1.15025E+16,5.01158E+16
147558,147559,9,6,79,138,2016,10,14,2,3,5,3,0,1,0,1,0,0,0,0,5.68865E+20,5.50257E+21,9.95443E+15,4.96718E+16
147559,147560,9,1,62,0,2016,10,9,7,3,5,3,0,0,0,1,0,0,0,0,6.83988E+20,5.33988E+21,1.14754E+16,4.81854E+16
147560,147561,9,1,62,0,2016,10,18,3,3,1,5,2,1,1,1,0,0,0,0,6.9152E+20,5.33623E+21,1.1575E+16,4.81505E+16
147561,147562,9,1,62,0,2016,10,22,7,2,5,3,2,1,0,1,0,0,0,1,6.9726E+20,5.33227E+21,1.16503E+16,4.81131E+16
147562,147563,9,5,63,0,2016,10,8,3,3,3,6,0,0,0,1,0,0,1,0,6.40898E+20,5.48115E+21,1.09446E+16,4.94667E+16
147563,147564,9,3,62,0,2016,10,13,3,3,3,6,0,0,1,1,0,0,0,0,7.26652E+20,5.43286E+21,1.20994E+16,4.9007E+16
147564,147565,9,1,62,0,2016,10,17,2,3,5,7,0,0,1,1,0,0,0,0,6.91479E+20,5.34031E+21,1.15763E+16,4.81871E+16
147565,147566,9,5,64,0,2016,10,7,2,3,2,6,1,0,0,1,0,1,0,0,6.52494E+20,5.48311E+21,1.11053E+16,4.94815E+16
147566,147567,9,7,74,135,2016,10,12,4,3,5,3,0,0,0,1,0,0,0,0,5.95268E+20,5.36744E+21,1.02885E+16,4.84529E+16
147567,147568,9,7,73,182,2016,10,13,1,2,5,3,0,0,1,1,0,0,0,0,6.2521E+20,5.37982E+21,1.0697E+16,4.8559E+16
147568,147569,9,1,78,124,2016,10,7,2,3,7,6,0,0,0,1,0,0,0,0,7.0398E+20,5.3594E+21,1.17535E+16,4.83548E+16
147569,147570,9,4,61,0,2016,10,19,2,2,0,7,2,0,0,0,0,1,0,0,6.37955E+20,5.53015E+21,1.09213E+16,4.99078E+16
147570,147571,9,1,87,148,2016,10,16,2,3,0,7,0,1,1,0,0,0,0,0,7.38327E+20,5.27879E+21,1.21718E+16,4.76187E+16
147571,147572,9,1,62,0,2016,10,14,7,3,2,6,0,1,0,1,0,0,0,0,6.94342E+20,5.34171E+21,1.16154E+16,4.81989E+16
147572,147573,9,5,64,0,2016,10,17,4,3,1,7,0,0,0,1,0,0,0,0,6.57326E+20,5.47338E+21,1.11681E+16,4.93928E+16
147573,147574,9,1,85,149,2016,10,19,3,3,0,1,1,0,1,0,0,0,0,0,6.60475E+20,5.40029E+21,1.11825E+16,4.8735E+16
147574,147575,9,1,62,0,2016,10,17,2,3,4,2,0,0,1,1,0,0,0,0,6.93947E+20,5.33508E+21,1.16071E+16,4.81394E+16
147575,147576,9,7,61,0,2016,10,14,4,3,0,7,0,0,1,0,0,0,0,0,6.41923E+20,5.35759E+21,1.09158E+16,4.83555E+16
147576,147577,9,1,90,148,2016,10,19,3,3,1,6,2,1,0,0,0,1,0,0,6.40121E+20,5.2965E+21,1.08715E+16,4.78066E+16
147577,147578,9,1,62,0,2016,10,14,2,3,4,2,0,0,0,1,0,0,0,0,6.79379E+20,5.3341E+21,1.14111E+16,4.81349E+16
147578,147579,9,7,79,131,2016,10,16,4,3,2,6,0,0,0,1,0,0,0,0,6.2998E+20,5.39828E+21,1.07674E+16,4.87239E+16
147579,147580,9,5,64,0,2016,10,1,1,2,0,1,2,0,1,0,0,0,0,0,6.51046E+20,5.4809E+21,1.10845E+16,4.9462E+16
147580,147581,9,1,78,143,2016,10,19,2,3,0,6,2,1,1,0,0,0,0,0,7.16782E+20,5.37335E+21,1.19333E+16,4.84758E+16
147581,147582,9,3,71,136,2016,10,16,2,3,5,3,0,0,0,1,0,0,0,0,7.07956E+20,5.47872E+21,1.18679E+16,4.94255E+16
147582,147583,9,1,62,0,2016,10,22,7,3,5,3,2,0,0,1,0,0,0,0,6.90351E+20,5.34313E+21,1.15624E+16,4.82128E+16
147583,147584,9,5,61,0,2016,10,6,4,3,5,3,2,0,1,1,0,0,0,0,6.13971E+20,5.46162E+21,1.05676E+16,4.92967E+16
147584,147585,9,1,62,0,2016,10,7,6,3,5,2,0,1,1,1,0,0,0,0,6.87496E+20,5.33407E+21,1.152E+16,4.81323E+16
147585,147586,9,1,62,0,2016,10,13,4,2,1,5,0,0,1,1,0,0,0,0,6.91432E+20,5.33641E+21,1.15739E+16,4.81521E+16
147586,147587,9,5,74,112,2016,10,12,4,3,1,7,0,0,0,1,0,0,1,0,6.72977E+20,5.47095E+21,1.13826E+16,4.93667E+16
147587,147588,9,1,73,112,2016,10,14,1,3,0,7,0,0,0,0,1,0,0,1,6.91847E+20,5.29291E+21,1.15601E+16,4.7761E+16
147588,147589,9,1,79,121,2016,10,19,4,3,5,3,2,0,1,1,0,0,0,0,6.65768E+20,5.33724E+21,1.12295E+16,4.81668E+16
147589,147590,9,7,78,203,2016,10,13,3,3,4,1,0,1,0,1,0,0,0,0,6.23114E+20,5.32596E+21,1.06528E+16,4.80751E+16
147590,147591,9,3,75,213,2016,10,21,1,3,8,6,2,0,0,1,0,1,0,0,7.27789E+20,5.44216E+21,1.21202E+16,4.909E+16
147591,147592,9,1,61,0,2016,10,6,4,3,5,2,1,0,1,1,0,0,0,0,6.76895E+20,5.40541E+21,1.14078E+16,4.87765E+16
147592,147593,9,1,62,0,2016,10,13,3,3,5,3,0,0,0,0,0,1,0,1,6.95685E+20,5.3299E+21,1.16281E+16,4.80923E+16
147593,147594,9,1,90,140,2016,10,6,2,3,0,1,2,0,0,0,0,1,0,0,6.43973E+20,5.2953E+21,1.09225E+16,4.7795E+16
147594,147595,9,1,62,0,2016,10,14,7,3,2,6,0,1,0,1,0,0,0,0,6.95612E+20,5.33853E+21,1.16311E+16,4.81699E+16
147595,147596,9,2,61,0,2016,10,18,4,3,5,3,1,0,1,1,0,0,0,0,7.34422E+20,5.38194E+21,1.21765E+16,4.85467E+16
147596,147597,9,7,76,116,2016,10,18,2,3,0,1,1,0,1,0,0,0,0,0,5.50538E+20,5.26753E+21,9.67179E+15,4.75592E+16
147597,147598,9,1,62,0,2016,10,10,4,3,0,7,0,0,1,0,0,0,0,0,6.91207E+20,5.33405E+21,1.15699E+16,4.8131E+16
147598,147599,9,1,78,145,2016,10,15,1,3,0,7,0,0,1,0,0,0,0,0,6.96448E+20,5.35439E+21,1.16496E+16,4.83121E+16
147599,147600,9,1,62,0,2016,10,8,3,3,0,7,0,0,1,1,0,0,0,0,6.92054E+20,5.33457E+21,1.15815E+16,4.81354E+16
147600,147601,9,7,78,173,2016,10,18,7,3,5,7,0,0,1,1,0,0,0,0,6.11392E+20,5.32336E+21,1.04949E+16,4.80538E+16
147601,147602,9,6,76,144,2016,10,13,3,2,0,3,0,1,0,1,0,1,0,0,5.09482E+20,5.52947E+21,9.13207E+15,4.99175E+16
147602,147603,9,4,62,0,2016,10,8,3,3,1,7,0,0,0,1,0,0,0,0,6.83556E+20,5.5343E+21,1.15578E+16,4.99328E+16
147603,147604,9,1,78,155,2016,10,7,3,3,5,3,1,0,1,1,0,0,0,0,7.16354E+20,5.37421E+21,1.1928E+16,4.84837E+16
147604,147605,9,7,74,143,2016,10,12,7,2,4,6,0,0,0,1,0,1,0,0,5.91765E+20,5.35795E+21,1.0239E+16,4.8368E+16
147605,147606,9,5,62,0,2016,10,20,2,2,5,3,2,0,1,1,0,0,0,0,6.45502E+20,5.49435E+21,1.1013E+16,4.95843E+16
147606,147607,9,7,64,0,2016,10,0,1,3,0,7,2,0,1,0,0,0,0,0,5.88076E+20,5.31439E+21,1.01802E+16,4.79767E+16
147607,147608,9,7,73,182,2016,10,12,7,3,4,6,0,0,0,1,0,0,0,0,6.24296E+20,5.37939E+21,1.06845E+16,4.85553E+16
147608,147609,9,7,61,0,2016,10,8,2,3,5,3,0,0,0,1,0,0,0,0,6.39914E+20,5.35739E+21,1.08886E+16,4.83541E+16
147609,147610,9,1,62,0,2016,10,13,6,3,2,6,0,1,0,1,0,0,0,0,6.95913E+20,5.332E+21,1.16321E+16,4.81111E+16
147610,147611,9,1,84,134,2016,10,8,7,3,0,1,0,1,0,1,0,0,0,0,6.92238E+20,5.32199E+21,1.15783E+16,4.80223E+16
147611,147612,9,5,64,0,2016,10,9,2,3,5,3,0,0,0,1,0,0,0,0,6.51197E+20,5.47844E+21,1.10856E+16,4.94398E+16
147612,147613,9,1,62,0,2016,10,16,3,3,2,6,0,1,0,1,0,0,0,0,6.84055E+20,5.33361E+21,1.14736E+16,4.81291E+16
147613,147614,9,7,71,142,2016,10,13,7,3,5,3,0,1,0,1,0,0,0,1,6.46634E+20,5.35165E+21,1.09773E+16,4.83011E+16
147614,147615,9,3,73,147,2016,10,14,3,3,2,6,0,0,0,1,0,0,0,0,6.78719E+20,5.46177E+21,1.14575E+16,4.92825E+16
147615,147616,9,1,62,0,2016,10,17,2,3,2,6,0,1,0,1,0,0,0,1,6.91965E+20,5.33621E+21,1.1581E+16,4.81501E+16
147616,147617,9,7,77,112,2016,10,9,4,3,6,7,0,0,0,0,1,0,1,0,6.22905E+20,5.2962E+21,1.06415E+16,4.78074E+16
147617,147618,9,7,61,0,2016,10,13,1,3,6,7,0,0,0,1,1,0,0,0,6.39994E+20,5.35836E+21,1.089E+16,4.83629E+16
147618,147619,9,1,78,143,2016,10,16,2,3,0,7,0,1,1,0,0,0,0,0,7.16775E+20,5.37332E+21,1.19332E+16,4.84756E+16
147619,147620,9,4,61,0,2016,10,5,2,2,8,1,2,0,0,1,0,0,0,0,6.3759E+20,5.53231E+21,1.0917E+16,4.99273E+16
147620,147621,9,1,87,122,2016,10,17,2,3,6,4,0,0,0,1,1,0,0,0,7.1945E+20,5.30688E+21,1.19351E+16,4.78777E+16
147621,147622,9,1,78,140,2016,10,20,2,3,9,7,2,1,0,1,0,0,0,0,7.07531E+20,5.36325E+21,1.18033E+16,4.83882E+16
147622,147623,9,1,62,0,2016,10,8,6,3,1,6,0,0,1,1,0,0,0,0,6.91307E+20,5.33413E+21,1.15712E+16,4.81316E+16
147623,147624,9,4,78,139,2016,10,8,2,3,4,2,0,0,0,1,0,0,0,0,6.47486E+20,5.55714E+21,1.10644E+16,5.01482E+16
147624,147625,9,1,61,0,2016,10,7,2,3,0,5,0,0,1,1,0,0,0,0,6.79349E+20,5.40512E+21,1.14411E+16,4.87733E+16
147625,147626,9,7,72,163,2016,10,16,7,3,5,3,0,1,1,1,0,0,0,0,6.39684E+20,5.34641E+21,1.08819E+16,4.82555E+16