FID,OBJECTID,ULAND,UREGBEZ,UKREIS,UGEMEINDE,UJAHR,UMONAT,USTUNDE,UWOCHENTAG,UKATEGORIE,UART,UTYP1,ULICHTVERH,IstStrasse,IstRad,IstPKW,IstFuss,IstKrad,IstGkfz,IstSonstig,LINREFX,LINREFY,XGCSWGS84,YGCSWGS84
147626,147627,9,5,64,0,2016,10,11,4,3,5,2,0,0,0,1,0,0,0,0,6.4863E+20,5.47487E+21,1.10489E+16,4.94083E+16
147627,147628,9,1,89,154,2016,10,7,3,3,3,2,0,0,0,1,0,1,0,0,7.68415E+20,5.31845E+21,1.25959E+16,4.7963E+16
147628,147629,9,1,84,112,2016,10,17,2,3,5,3,0,0,1,1,0,0,0,0,7.03039E+20,5.33914E+21,1.17311E+16,4.8173E+16
147629,147630,9,7,72,184,2016,10,6,4,3,5,3,2,0,0,1,0,1,0,0,6.36276E+20,5.36091E+21,1.08407E+16,4.83866E+16
147630,147631,9,5,73,127,2016,10,14,1,3,5,3,0,0,0,1,0,0,0,0,6.45637E+20,5.47397E+21,1.10074E+16,4.94009E+16
147631,147632,9,1,62,0,2016,10,13,1,3,2,6,0,0,0,1,0,1,0,0,6.88E+20,5.33775E+21,1.15284E+16,4.81652E+16
147632,147633,9,1,62,0,2016,10,18,3,3,0,3,1,1,0,1,0,1,0,0,6.8598E+20,5.33439E+21,1.14998E+16,4.81356E+16
147633,147634,9,1,82,125,2016,10,8,2,3,0,6,0,0,0,1,0,0,0,1,7.11879E+20,5.29677E+21,1.1829E+16,4.77894E+16
147634,147635,9,2,75,120,2016,10,15,2,3,0,7,0,0,1,0,0,0,0,0,8.13934E+20,5.40377E+21,1.32677E+16,4.87078E+16
147635,147636,9,7,61,0,2016,10,20,7,3,2,6,2,0,0,1,0,0,0,0,6.41943E+20,5.36062E+21,1.09171E+16,4.83827E+16
147636,147637,9,3,73,147,2016,10,5,4,2,5,3,2,1,0,1,0,0,1,0,6.79146E+20,5.46179E+21,1.14633E+16,4.92826E+16
147637,147638,9,1,62,0,2016,10,7,2,3,5,3,1,0,1,1,0,0,0,0,6.92442E+20,5.33658E+21,1.15876E+16,4.81533E+16
147638,147639,9,1,62,0,2016,10,22,6,2,1,1,2,0,0,1,0,1,0,0,6.92918E+20,5.3357E+21,1.15936E+16,4.81453E+16
147639,147640,9,1,62,0,2016,10,9,4,3,1,6,0,1,0,1,0,0,0,0,6.88857E+20,5.33056E+21,1.15368E+16,4.81003E+16
147640,147641,9,7,61,0,2016,10,19,7,3,4,2,2,0,0,1,0,0,0,0,6.40553E+20,5.35923E+21,1.08979E+16,4.83706E+16
147641,147642,9,5,64,0,2016,10,14,4,3,0,1,0,0,1,0,0,0,0,0,6.50253E+20,5.4805E+21,1.10734E+16,4.94585E+16
147642,147643,9,1,62,0,2016,10,19,2,3,5,3,2,0,0,1,0,0,0,0,6.90801E+20,5.33475E+21,1.15647E+16,4.81373E+16
147643,147644,9,7,61,0,2016,10,7,4,3,5,3,0,0,1,1,0,0,0,0,6.39412E+20,5.36009E+21,1.08828E+16,4.83785E+16
147644,147645,9,2,71,118,2016,10,0,1,2,8,1,2,0,0,1,0,0,0,0,7.88723E+20,5.39953E+21,1.29229E+16,4.8682E+16
147645,147646,9,1,81,130,2016,10,16,4,3,5,3,0,0,1,1,0,0,0,0,6.38668E+20,5.32623E+21,1.08616E+16,4.80743E+16
147646,147647,9,1,62,0,2016,10,18,3,3,6,4,2,1,0,1,1,0,0,0,6.95852E+20,5.33847E+21,1.16342E+16,4.81692E+16
147647,147648,9,6,63,0,2016,10,3,7,2,0,1,2,0,1,0,0,0,0,0,5.66356E+20,5.5165E+21,9.92202E+15,4.97973E+16
147648,147649,9,1,90,140,2016,10,10,4,2,0,7,0,0,0,0,0,1,0,0,6.44391E+20,5.29569E+21,1.09282E+16,4.77983E+16
147649,147650,9,7,80,124,2016,10,9,2,3,0,1,0,0,1,0,0,0,0,0,5.9065E+20,5.26818E+21,1.0205E+16,4.75607E+16
147650,147651,9,1,62,0,2016,10,8,7,3,0,7,0,1,0,0,1,0,1,0,6.87853E+20,5.32855E+21,1.15224E+16,4.80825E+16
147651,147652,9,5,64,0,2016,10,14,4,3,1,5,0,0,0,1,0,0,1,0,6.49918E+20,5.48139E+21,1.10691E+16,4.94666E+16
147652,147653,9,1,87,118,2016,10,14,1,3,5,3,0,0,1,1,0,0,0,0,7.53346E+20,5.29949E+21,1.23833E+16,4.77989E+16
147653,147654,9,1,78,124,2016,10,10,4,3,2,7,0,0,1,0,0,0,1,0,7.02776E+20,5.36359E+21,1.17393E+16,4.83929E+16
147654,147655,9,7,61,0,2016,10,18,3,3,5,3,1,0,1,1,0,0,0,0,6.38027E+20,5.3594E+21,1.08638E+16,4.83727E+16
147655,147656,9,5,71,135,2016,10,8,3,3,5,3,0,0,0,1,0,0,0,0,6.21788E+20,5.47213E+21,1.06782E+16,4.93897E+16
147656,147657,9,6,61,0,2016,10,13,7,3,5,3,0,0,0,1,0,0,0,0,5.11509E+20,5.53528E+21,9.16049E+15,4.99698E+16
147657,147658,9,6,77,181,2016,10,17,2,3,4,2,0,0,0,1,0,1,0,0,5.42265E+20,5.52723E+21,9.58848E+15,4.98959E+16
147658,147659,9,1,62,0,2016,10,16,1,3,5,3,0,0,0,1,0,0,0,0,6.925E+20,5.34096E+21,1.15903E+16,4.81927E+16
147659,147660,9,1,62,0,2016,10,18,6,3,6,4,2,1,0,1,1,0,0,0,6.99034E+20,5.33392E+21,1.16749E+16,4.81274E+16
147660,147661,9,5,64,0,2016,10,9,2,3,3,6,0,0,0,1,0,0,0,1,6.54077E+20,5.47607E+21,1.11244E+16,4.94178E+16
147661,147662,9,1,61,0,2016,10,21,2,3,5,2,2,0,1,1,0,0,0,0,6.78304E+20,5.40378E+21,1.14263E+16,4.87615E+16
147662,147663,9,5,76,143,2016,10,9,7,3,8,1,0,1,0,1,0,0,0,0,6.49352E+20,5.45625E+21,1.10519E+16,4.92408E+16
147663,147664,9,2,74,174,2016,10,10,3,3,4,6,0,0,0,1,0,0,0,0,7.44207E+20,5.39735E+21,1.23179E+16,4.86814E+16
147664,147665,9,1,62,0,2016,10,19,2,2,6,4,2,1,0,1,1,0,0,0,6.90897E+20,5.34227E+21,1.15694E+16,4.82049E+16
147665,147666,9,1,62,0,2016,10,7,3,3,5,2,0,0,1,1,0,0,0,0,6.93632E+20,5.33335E+21,1.16021E+16,4.81239E+16
147666,147667,9,5,64,0,2016,10,18,7,3,5,3,2,0,1,1,0,0,0,0,6.49911E+20,5.48146E+21,1.10691E+16,4.94673E+16
147667,147668,9,5,72,132,2016,10,14,3,3,5,3,0,0,0,0,0,0,0,1,6.37929E+20,5.49337E+21,1.0908E+16,4.95772E+16
147668,147669,9,4,61,0,2016,10,13,3,3,2,7,0,0,0,1,0,0,0,0,6.33584E+20,5.52713E+21,1.08594E+16,4.98817E+16
147669,147670,9,1,62,0,2016,10,9,2,3,5,2,0,0,1,1,0,0,0,0,6.96151E+20,5.33668E+21,1.16374E+16,4.81531E+16
147670,147671,9,5,63,0,2016,10,11,2,3,1,6,0,0,0,1,0,0,0,0,6.45339E+20,5.48047E+21,1.10056E+16,4.94595E+16
147671,147672,9,7,80,132,2016,10,14,1,2,6,2,0,0,0,1,1,0,0,0,5.77093E+20,5.26719E+21,1.00247E+16,4.75535E+16
147672,147673,9,1,62,0,2016,10,18,1,3,2,6,1,0,0,1,0,0,0,0,6.9015E+20,5.33528E+21,1.15562E+16,4.81423E+16
147673,147674,9,1,62,0,2016,10,7,6,3,6,2,1,1,0,1,1,0,0,0,6.78841E+20,5.33894E+21,1.14059E+16,4.81785E+16
147674,147675,9,1,62,0,2016,10,2,7,3,6,4,2,0,0,1,1,0,0,0,6.92141E+20,5.33682E+21,1.15836E+16,4.81556E+16
147675,147676,9,4,61,0,2016,10,15,2,3,0,4,0,0,0,1,1,0,0,0,6.36369E+20,5.52889E+21,1.08988E+16,4.98968E+16
147676,147677,9,1,79,142,2016,10,17,2,3,5,3,0,1,1,1,0,0,0,0,6.7299E+20,5.34293E+21,1.13288E+16,4.8216E+16
147677,147678,9,5,64,0,2016,10,21,7,3,0,1,2,0,1,0,0,0,0,0,6.46303E+20,5.48038E+21,1.10189E+16,4.94584E+16
147678,147679,9,5,64,0,2016,10,9,4,3,1,5,0,0,1,1,0,0,0,0,6.48144E+20,5.47923E+21,1.10439E+16,4.94476E+16
147679,147680,9,1,61,0,2016,10,20,3,3,5,3,2,1,1,1,0,0,0,0,6.7719E+20,5.40395E+21,1.14112E+16,4.87633E+16
147680,147681,9,1,62,0,2016,10,8,2,3,4,2,0,0,1,1,0,0,0,0,6.92835E+20,5.3301E+21,1.15899E+16,4.8095E+16
147681,147682,9,7,61,0,2016,10,20,4,3,4,2,2,0,0,1,0,1,0,0,6.44097E+20,5.35834E+21,1.09454E+16,4.83617E+16
147682,147683,9,3,75,204,2016,10,19,1,3,1,1,1,0,0,1,0,0,0,0,7.32094E+20,5.43508E+21,1.2175E+16,4.90249E+16
147683,147684,9,1,61,0,2016,10,6,4,3,6,2,2,0,0,1,1,0,0,0,6.67307E+20,5.40409E+21,1.12769E+16,4.87673E+16
147684,147685,9,7,62,0,2016,10,18,4,3,2,6,1,0,0,1,0,1,0,0,6.22296E+20,5.30557E+21,1.06361E+16,4.78918E+16
147685,147686,9,6,63,0,2016,10,19,1,3,6,4,1,0,0,1,1,0,0,0,5.67346E+20,5.51729E+21,9.93592E+15,4.98043E+16
147686,147687,9,1,62,0,2016,10,19,1,3,5,2,2,0,1,1,0,0,0,0,6.9312E+20,5.33187E+21,1.15946E+16,4.81108E+16
147687,147688,9,3,73,155,2016,10,10,2,3,5,3,0,0,0,1,0,0,0,0,6.71092E+20,5.46366E+21,1.13535E+16,4.93017E+16
147688,147689,9,5,64,0,2016,10,12,7,3,2,6,0,0,0,1,0,0,0,0,6.51968E+20,5.48339E+21,1.10982E+16,4.94841E+16
147689,147690,9,5,61,0,2016,10,7,4,3,5,3,0,0,1,1,0,0,0,0,6.1426E+20,5.46207E+21,1.05717E+16,4.93007E+16
147690,147691,9,1,62,0,2016,10,7,4,3,5,3,0,1,1,1,0,0,0,0,6.84525E+20,5.32893E+21,1.14779E+16,4.80869E+16
147691,147692,9,6,75,178,2016,10,13,4,3,6,4,0,0,0,0,1,1,0,0,5.97412E+20,5.51659E+21,1.03535E+16,4.97939E+16
147692,147693,9,2,72,151,2016,10,19,1,3,6,4,2,0,0,1,1,0,0,0,8.38216E+20,5.40775E+21,1.36E+16,4.87309E+16
147693,147694,9,1,79,126,2016,10,11,4,3,3,3,0,0,0,1,0,0,0,0,6.77062E+20,5.34012E+21,1.13824E+16,4.81896E+16
147694,147695,9,1,62,0,2016,10,19,3,3,0,7,1,1,0,0,0,1,0,0,6.90538E+20,5.33526E+21,1.15614E+16,4.8142E+16
147695,147696,9,5,73,133,2016,10,9,7,3,9,1,0,0,0,1,0,0,0,0,6.25418E+20,5.48192E+21,1.07313E+16,4.9477E+16
147696,147697,9,1,82,111,2016,10,9,4,3,0,1,0,0,1,0,0,0,0,0,7.04191E+20,5.28877E+21,1.17227E+16,4.772E+16
147697,147698,9,7,71,142,2016,10,16,2,3,8,1,0,0,0,1,0,0,0,0,6.4574E+20,5.35275E+21,1.09656E+16,4.83112E+16
147698,147699,9,1,62,0,2016,10,7,3,3,0,7,0,0,1,0,0,0,0,0,7.00873E+20,5.33284E+21,1.16991E+16,4.81171E+16
147699,147700,9,4,77,128,2016,10,12,7,2,5,3,0,1,1,1,0,0,0,0,6.75256E+20,5.55261E+21,1.14506E+16,5.00999E+16
147700,147701,9,2,61,0,2016,10,3,4,3,0,1,2,0,1,0,0,0,0,0,7.36427E+20,5.3846E+21,1.22051E+16,4.85699E+16
147701,147702,9,7,64,0,2016,10,9,2,3,5,3,0,0,1,0,0,0,1,0,5.87043E+20,5.31727E+21,1.01669E+16,4.80028E+16
147702,147703,9,1,62,0,2016,10,18,4,3,0,5,2,0,1,1,0,0,0,0,6.92577E+20,5.33498E+21,1.15887E+16,4.81389E+16
147703,147704,9,1,88,132,2016,10,15,1,3,5,3,0,0,0,1,0,0,0,0,6.64635E+20,5.32237E+21,1.12085E+16,4.80334E+16
147704,147705,9,1,78,113,2016,10,19,4,3,5,3,2,0,1,1,0,0,0,0,6.91964E+20,5.36765E+21,1.15953E+16,4.84327E+16
147705,147706,9,4,62,0,2016,10,8,7,3,5,3,0,0,1,1,0,0,0,0,6.84585E+20,5.53659E+21,1.15732E+16,4.99531E+16
147706,147707,9,7,61,0,2016,10,16,3,3,6,7,0,0,0,1,1,0,0,1,6.40886E+20,5.35396E+21,1.09006E+16,4.83231E+16
147707,147708,9,4,64,0,2016,10,13,3,3,6,6,0,0,0,1,1,0,0,0,7.07485E+20,5.57794E+21,1.19146E+16,5.0317E+16
147708,147709,9,1,74,115,2016,10,9,3,3,2,6,0,0,0,1,0,0,0,0,6.8443E+20,5.34764E+21,1.14848E+16,4.82551E+16
147709,147710,9,4,62,0,2016,10,10,7,3,2,6,0,0,0,1,0,0,0,0,6.83682E+20,5.53488E+21,1.15598E+16,4.9938E+16
147710,147711,9,6,62,0,2016,10,6,2,3,5,3,2,0,0,1,0,1,0,0,5.87238E+20,5.54178E+21,1.02178E+16,5.00219E+16
147711,147712,9,1,62,0,2016,10,15,1,3,3,5,0,0,1,1,0,0,0,0,6.91058E+20,5.33602E+21,1.15687E+16,4.81487E+16
147712,147713,9,1,62,0,2016,10,16,1,3,2,6,0,0,0,1,0,0,0,0,6.86769E+20,5.33698E+21,1.15116E+16,4.81587E+16
147713,147714,9,1,62,0,2016,10,7,6,3,2,5,0,1,0,1,0,0,0,0,6.88517E+20,5.3381E+21,1.15355E+16,4.81682E+16
147714,147715,9,1,62,0,2016,10,6,6,2,5,3,1,1,1,0,0,0,0,1,6.88149E+20,5.33715E+21,1.15302E+16,4.81597E+16
147715,147716,9,1,62,0,2016,10,16,7,3,3,2,0,0,0,1,0,0,0,1,6.86761E+20,5.33696E+21,1.15114E+16,4.81584E+16
147716,147717,9,5,64,0,2016,10,13,2,3,2,6,0,0,0,1,0,0,0,0,6.50336E+20,5.47921E+21,1.10741E+16,4.94469E+16
147717,147718,9,1,62,0,2016,10,11,3,3,0,3,0,0,0,1,0,0,0,1,6.92946E+20,5.33233E+21,1.15924E+16,4.8115E+16
147718,147719,9,4,74,126,2016,10,17,7,3,5,3,0,0,0,1,0,0,0,0,6.48579E+20,5.50806E+21,1.10607E+16,4.97067E+16
147719,147720,9,3,62,0,2016,10,6,3,3,7,7,2,0,1,0,0,0,0,1,7.30266E+20,5.43049E+21,1.21474E+16,4.89843E+16
147720,147721,9,1,62,0,2016,10,16,2,3,5,3,0,0,0,1,0,0,0,0,6.82095E+20,5.33852E+21,1.14494E+16,4.81739E+16
147721,147722,9,5,64,0,2016,10,16,2,2,1,5,0,0,1,1,0,0,0,0,6.53574E+20,5.47505E+21,1.11171E+16,4.94087E+16
147722,147723,9,7,78,171,2016,10,14,4,3,4,2,0,0,1,1,0,0,0,0,5.89911E+20,5.31612E+21,1.02051E+16,4.7992E+16
147723,147724,9,7,72,167,2016,10,9,1,3,5,3,0,0,0,1,0,0,0,0,6.26562E+20,5.3558E+21,1.0708E+16,4.83427E+16
147724,147725,9,1,62,0,2016,10,14,1,3,3,6,0,0,1,0,0,0,0,0,6.92305E+20,5.33383E+21,1.15845E+16,4.81287E+16
147725,147726,9,4,61,0,2016,10,18,2,3,0,1,2,0,0,0,0,1,0,0,6.3381E+20,5.53063E+21,1.08638E+16,4.9913E+16
147726,147727,9,1,79,142,2016,10,18,2,3,1,6,1,0,0,1,0,0,0,0,6.72848E+20,5.342E+21,1.13266E+16,4.82077E+16
147727,147728,9,3,77,118,2016,10,22,7,3,8,1,2,0,0,1,0,0,0,0,7.21619E+20,5.53124E+21,1.20857E+16,4.98924E+16
147728,147729,9,5,64,0,2016,10,12,4,3,3,2,0,0,0,1,0,0,0,1,6.49917E+20,5.47774E+21,1.10677E+16,4.94338E+16
147729,147730,9,1,61,0,2016,10,18,3,3,2,6,1,1,0,1,0,0,0,0,6.77168E+20,5.40503E+21,1.14114E+16,4.87731E+16
147730,147731,9,4,75,158,2016,10,13,2,3,5,3,0,0,0,1,0,0,0,0,7.09269E+20,5.57226E+21,1.19364E+16,5.02653E+16
147731,147732,9,1,79,121,2016,10,9,2,2,5,3,0,0,1,1,0,0,0,0,6.68267E+20,5.33802E+21,1.12634E+16,4.81731E+16
147732,147733,9,2,75,160,2016,10,10,7,2,5,3,0,0,0,1,0,0,0,0,8.26581E+20,5.40491E+21,1.344E+16,4.87115E+16
147733,147734,9,1,73,118,2016,10,10,3,3,4,6,0,0,0,1,0,0,0,0,6.91627E+20,5.29811E+21,1.15595E+16,4.78078E+16
147734,147735,9,1,62,0,2016,10,16,2,3,0,6,0,0,1,1,0,0,0,0,6.93307E+20,5.33325E+21,1.15977E+16,4.81232E+16
147735,147736,9,7,71,130,2016,10,18,4,3,0,7,1,0,0,0,1,0,0,1,6.47981E+20,5.35692E+21,1.09973E+16,4.83481E+16
147736,147737,9,5,64,0,2016,10,16,1,3,0,1,0,1,0,0,0,1,0,0,6.52464E+20,5.48339E+21,1.1105E+16,4.9484E+16
147737,147738,9,1,62,0,2016,10,14,1,3,5,3,0,0,0,1,0,0,0,0,6.93667E+20,5.3311E+21,1.16015E+16,4.81037E+16
147738,147739,9,1,62,0,2016,10,15,3,3,6,4,0,0,0,1,1,0,0,0,6.8995E+20,5.339E+21,1.15552E+16,4.81758E+16
147739,147740,9,2,76,144,2016,10,16,2,3,0,1,0,1,1,0,0,0,0,0,7.82742E+20,5.44355E+21,1.28722E+16,4.90798E+16
147740,147741,9,2,73,147,2016,10,13,7,3,1,5,0,1,0,1,0,1,0,0,7.05209E+20,5.39139E+21,1.17858E+16,4.86419E+16
147741,147742,9,4,77,128,2016,10,9,4,3,0,5,0,0,1,1,0,0,0,0,6.75656E+20,5.55387E+21,1.14568E+16,5.01111E+16
147742,147743,9,1,62,0,2016,10,13,6,3,5,3,0,1,0,1,0,0,0,0,6.86344E+20,5.33003E+21,1.15028E+16,4.80963E+16
147743,147744,9,1,62,0,2016,10,17,4,3,5,3,0,0,0,1,0,0,0,0,6.86527E+20,5.3339E+21,1.1507E+16,4.8131E+16
147744,147745,9,5,76,127,2016,10,7,4,3,8,7,0,1,0,0,0,0,0,1,6.61788E+20,5.44879E+21,1.12196E+16,4.91706E+16
147745,147746,9,1,72,134,2016,10,18,1,3,8,6,1,0,1,1,0,0,0,0,7.85857E+20,5.30678E+21,1.28214E+16,4.78507E+16
147746,147747,9,1,62,0,2016,10,18,2,3,4,6,2,0,0,1,0,0,0,1,6.933E+20,5.33423E+21,1.1598E+16,4.8132E+16
147747,147748,9,7,61,0,2016,10,22,4,3,5,3,2,0,1,1,0,0,0,0,6.40757E+20,5.35475E+21,1.08991E+16,4.83302E+16
147748,147749,9,3,62,0,2016,10,17,1,3,6,7,0,0,1,0,1,0,0,0,7.26673E+20,5.43371E+21,1.21002E+16,4.90146E+16
147749,147750,9,1,62,0,2016,10,20,1,3,2,6,2,0,0,1,0,0,0,0,6.94258E+20,5.33499E+21,1.16112E+16,4.81384E+16
147750,147751,9,1,76,139,2016,10,17,4,2,5,2,0,0,1,1,0,0,0,0,6.82633E+20,5.40934E+21,1.14876E+16,4.88102E+16
147751,147752,9,1,62,0,2016,10,7,3,3,2,1,0,0,1,1,0,0,0,0,6.91113E+20,5.32997E+21,1.15668E+16,4.80943E+16
147752,147753,9,2,61,0,2016,10,14,7,3,6,4,0,0,0,1,1,0,0,0,7.31598E+20,5.38022E+21,1.21373E+16,4.85323E+16
147753,147754,9,1,73,147,2016,10,12,4,3,3,6,0,0,0,1,0,0,0,0,6.81574E+20,5.30877E+21,1.14298E+16,4.79066E+16
147754,147755,9,7,76,116,2016,10,7,2,3,5,2,0,0,1,1,0,0,0,0,5.52631E+20,5.2675E+21,9.69961E+15,4.75588E+16
147755,147756,9,1,78,124,2016,10,12,1,3,1,7,0,0,1,0,0,0,0,1,7.03473E+20,5.36468E+21,1.17493E+16,4.84024E+16
147756,147757,9,1,62,0,2016,10,19,3,3,3,6,2,1,1,1,0,0,0,0,6.91116E+20,5.33553E+21,1.15693E+16,4.81443E+16
147757,147758,9,2,61,0,2016,10,14,7,3,0,4,0,0,1,0,1,0,0,0,7.32937E+20,5.38271E+21,1.21568E+16,4.85542E+16
147758,147759,9,5,65,0,2016,10,15,3,3,2,6,0,0,0,1,0,0,0,0,6.47644E+20,5.46549E+21,1.10319E+16,4.93242E+16
147759,147760,9,4,61,0,2016,10,8,3,3,0,7,0,0,1,0,0,0,0,1,6.35348E+20,5.52653E+21,1.08838E+16,4.98759E+16
147760,147761,9,1,78,155,2016,10,7,3,3,5,3,0,1,1,1,0,0,0,0,7.1636E+20,5.37421E+21,1.19281E+16,4.84837E+16
147761,147762,9,1,79,119,2016,10,7,4,3,6,4,0,1,0,1,1,0,0,0,6.69445E+20,5.33888E+21,1.12795E+16,4.81806E+16
147762,147763,9,7,72,200,2016,10,13,3,3,4,2,0,0,1,1,0,0,0,0,6.3062E+20,5.33846E+21,1.07574E+16,4.81859E+16
147763,147764,9,1,89,113,2016,10,12,7,3,4,7,0,1,0,1,0,1,0,0,7.69296E+20,5.30047E+21,1.25965E+16,4.78012E+16
147764,147765,9,6,63,0,2016,10,9,2,3,0,2,0,0,0,1,0,1,0,0,5.6799E+20,5.51638E+21,9.9447E+15,4.97961E+16
147765,147766,9,1,62,0,2016,10,12,6,3,0,7,0,0,0,1,0,0,0,1,6.96606E+20,5.33432E+21,1.16425E+16,4.81317E+16
147766,147767,9,1,62,0,2016,10,20,7,2,6,4,2,1,0,1,1,0,0,0,6.90813E+20,5.3349E+21,1.1565E+16,4.81387E+16
147767,147768,9,5,64,0,2016,10,18,2,3,5,2,0,0,1,1,0,0,0,0,6.46489E+20,5.48186E+21,1.1022E+16,4.94717E+16
147768,147769,9,1,63,0,2016,10,18,7,3,1,5,0,0,0,1,0,0,0,0,7.32505E+20,5.30457E+21,1.21082E+16,4.78523E+16
147769,147770,9,2,77,138,2016,10,7,3,3,4,6,0,0,0,1,0,0,0,0,7.90974E+20,5.37205E+21,1.29342E+16,4.84343E+16
147770,147771,9,1,62,0,2016,10,20,2,3,1,1,2,0,1,1,0,0,0,0,6.92287E+20,5.33732E+21,1.15858E+16,4.816E+16
147771,147772,9,7,62,0,2016,10,17,4,3,0,1,0,0,1,0,0,0,0,0,6.22181E+20,5.30588E+21,1.06346E+16,4.78946E+16
147772,147773,9,6,63,0,2016,10,4,1,3,0,7,2,0,0,1,1,0,0,0,5.67266E+20,5.5153E+21,9.93446E+15,4.97864E+16
147773,147774,9,1,62,0,2016,10,17,1,3,5,3,1,0,0,1,0,0,0,1,6.88184E+20,5.32736E+21,1.15263E+16,4.80717E+16
147774,147775,9,1,63,0,2016,10,11,7,3,5,3,0,0,0,1,0,0,0,0,7.31691E+20,5.30431E+21,1.20972E+16,4.78503E+16
147775,147776,9,5,62,0,2016,10,16,2,2,0,7,0,0,0,0,0,0,0,1,6.46376E+20,5.49526E+21,1.10254E+16,4.95922E+16
147776,147777,9,7,78,116,2016,10,17,1,3,0,3,0,0,0,1,0,0,0,0,6.19269E+20,5.31789E+21,1.0599E+16,4.80031E+16
147777,147778,9,1,62,0,2016,10,14,1,3,4,2,0,0,0,1,0,0,0,0,6.97928E+20,5.33096E+21,1.16586E+16,4.81011E+16
147778,147779,9,1,62,0,2016,10,20,6,3,0,1,2,1,1,0,0,0,0,0,6.96765E+20,5.33073E+21,1.16429E+16,4.80994E+16
147779,147780,9,1,62,0,2016,10,16,7,3,6,7,0,1,0,1,1,0,0,0,6.92228E+20,5.33713E+21,1.1585E+16,4.81583E+16
147780,147781,9,4,72,138,2016,10,12,2,2,8,7,0,0,1,0,0,0,0,1,7.04874E+20,5.54436E+21,1.18599E+16,5.00162E+16
147781,147782,9,1,74,115,2016,10,11,2,3,7,1,0,0,1,0,0,0,0,0,6.81577E+20,5.34782E+21,1.14464E+16,4.82576E+16
147782,147783,9,1,79,126,2016,10,13,7,3,5,3,0,0,0,1,0,0,0,0,6.7723E+20,5.33931E+21,1.13844E+16,4.81823E+16
147783,147784,9,5,64,0,2016,10,15,4,3,0,6,0,0,0,1,0,1,0,0,6.55045E+20,5.47436E+21,1.11371E+16,4.94022E+16
147784,147785,9,1,83,136,2016,10,17,3,3,5,3,0,1,0,1,0,0,0,0,7.59212E+20,5.34822E+21,1.2491E+16,4.82341E+16
147785,147786,9,1,62,0,2016,10,15,2,3,1,1,0,0,0,1,0,0,0,0,6.9698E+20,5.33089E+21,1.16459E+16,4.81008E+16
147786,147787,9,7,61,0,2016,10,16,4,3,4,6,0,0,0,1,0,0,0,0,6.38041E+20,5.35712E+21,1.08633E+16,4.83521E+16
147787,147788,9,4,71,123,2016,10,17,1,2,5,3,0,0,0,1,0,0,0,0,6.46796E+20,5.51903E+21,1.10402E+16,4.98057E+16
147788,147789,9,1,62,0,2016,10,14,1,3,0,7,0,0,1,0,0,0,0,0,6.92307E+20,5.33383E+21,1.15845E+16,4.81287E+16
147789,147790,9,1,87,117,2016,10,14,4,3,6,5,0,0,0,1,1,0,0,0,7.24828E+20,5.30544E+21,1.20061E+16,4.78629E+16
147790,147791,9,1,62,0,2016,10,15,3,3,5,7,0,1,1,1,0,0,0,0,6.84498E+20,5.33203E+21,1.14789E+16,4.81147E+16
147791,147792,9,2,61,0,2016,10,9,2,3,4,2,0,0,1,1,0,0,0,0,7.32844E+20,5.38263E+21,1.21555E+16,4.85535E+16
147792,147793,9,1,79,123,2016,10,12,7,3,6,7,0,0,0,1,1,0,0,0,6.75016E+20,5.33152E+21,1.13514E+16,4.81129E+16
147793,147794,9,3,73,126,2016,10,7,4,3,5,3,0,1,1,1,0,0,0,0,6.69973E+20,5.45199E+21,1.13332E+16,4.91971E+16
147794,147795,9,3,62,0,2016,10,21,2,3,5,3,2,0,1,1,0,0,0,0,7.26186E+20,5.43222E+21,1.20927E+16,4.90014E+16
147795,147796,9,1,75,121,2016,10,11,7,2,1,1,0,0,0,1,1,0,0,1,7.13957E+20,5.31902E+21,1.18677E+16,4.79887E+16
147796,147797,9,5,77,136,2016,10,17,4,3,6,4,0,0,0,1,1,0,0,0,6.28814E+20,5.44261E+21,1.07655E+16,4.91228E+16
147797,147798,9,7,61,0,2016,10,17,4,3,4,6,0,0,0,1,0,1,0,0,6.40667E+20,5.35802E+21,1.0899E+16,4.83597E+16
147798,147799,9,2,71,119,2016,10,7,1,3,0,1,0,0,0,1,0,0,0,0,7.89552E+20,5.41684E+21,1.29463E+16,4.88369E+16
147799,147800,9,1,81,130,2016,10,7,4,3,0,7,0,1,1,0,0,0,0,0,6.38846E+20,5.32292E+21,1.0863E+16,4.80445E+16
147800,147801,9,1,62,0,2016,10,18,3,3,0,3,1,1,0,1,0,1,0,0,6.93069E+20,5.33235E+21,1.15941E+16,4.81151E+16
147801,147802,9,1,62,0,2016,10,10,6,2,0,1,0,0,0,0,0,1,0,0,6.97946E+20,5.33123E+21,1.1659E+16,4.81035E+16
147802,147803,9,1,83,128,2016,10,13,4,3,5,3,0,0,1,1,0,0,0,0,7.60458E+20,5.34955E+21,1.25085E+16,4.82456E+16