FID,OBJECTID,ULAND,UREGBEZ,UKREIS,UGEMEINDE,UJAHR,UMONAT,USTUNDE,UWOCHENTAG,UKATEGORIE,UART,UTYP1,ULICHTVERH,IstStrasse,IstRad,IstPKW,IstFuss,IstKrad,IstGkfz,IstSonstig,LINREFX,LINREFY,XGCSWGS84,YGCSWGS84
147803,147804,9,7,72,147,2016,10,5,2,3,6,2,2,0,0,1,1,0,0,0,6.39167E+20,5.36648E+21,1.08816E+16,4.84361E+16
147804,147805,9,1,62,0,2016,10,6,6,3,5,2,2,1,1,1,0,0,0,0,6.91057E+20,5.33528E+21,1.15684E+16,4.81421E+16
147805,147806,9,7,75,135,2016,10,8,2,3,5,3,0,0,0,1,0,0,0,0,5.76081E+20,5.35972E+21,1.00276E+16,4.83861E+16
147806,147807,9,1,62,0,2016,10,10,4,3,4,2,0,0,1,1,0,0,0,0,6.88168E+20,5.32789E+21,1.15263E+16,4.80765E+16
147807,147808,9,1,87,117,2016,10,12,1,3,5,3,0,0,0,1,0,0,0,0,7.24631E+20,5.30578E+21,1.20037E+16,4.7866E+16
147808,147809,9,1,78,124,2016,10,8,4,3,5,3,0,1,1,1,0,0,0,0,7.05454E+20,5.36226E+21,1.17748E+16,4.838E+16
147809,147810,9,1,62,0,2016,10,10,6,3,0,7,0,1,0,1,0,1,0,0,6.92145E+20,5.33159E+21,1.15813E+16,4.81085E+16
147810,147811,9,7,61,0,2016,10,22,3,3,5,2,2,0,0,1,0,0,0,0,6.41907E+20,5.35763E+21,1.09156E+16,4.83559E+16
147811,147812,9,5,61,0,2016,10,12,3,3,6,4,0,0,0,0,1,1,0,0,6.14909E+20,5.46154E+21,1.05804E+16,4.92958E+16
147812,147813,9,1,79,130,2016,10,16,3,3,8,1,0,1,0,1,0,0,0,0,6.58501E+20,5.33869E+21,1.11324E+16,4.81817E+16
147813,147814,9,6,77,157,2016,10,7,2,3,5,2,0,0,1,1,0,0,0,0,5.44282E+20,5.52194E+21,9.61595E+15,4.98483E+16
147814,147815,9,1,62,0,2016,10,9,1,3,5,3,0,0,0,1,0,0,0,0,6.87099E+20,5.33155E+21,1.15136E+16,4.81097E+16
147815,147816,9,1,62,0,2016,10,8,6,3,2,6,0,1,0,1,0,0,0,0,6.9217E+20,5.33531E+21,1.15834E+16,4.8142E+16
147816,147817,9,4,64,0,2016,10,7,2,3,0,6,0,0,1,1,0,0,0,0,7.07386E+20,5.57562E+21,1.19119E+16,5.02962E+16
147817,147818,9,2,71,152,2016,10,14,6,3,4,6,0,0,0,1,0,1,0,0,7.85441E+20,5.3992E+21,1.28782E+16,4.86805E+16
147818,147819,9,7,78,118,2016,10,6,1,3,1,7,0,0,1,1,0,0,0,0,5.90354E+20,5.31338E+21,1.02105E+16,4.79673E+16
147819,147820,9,7,64,0,2016,10,9,5,3,4,6,0,0,0,1,0,1,0,0,5.84285E+20,5.31075E+21,1.01287E+16,4.79445E+16
147820,147821,9,2,77,148,2016,10,3,1,2,0,7,2,0,0,0,0,1,0,0,7.88225E+20,5.35868E+21,1.28879E+16,4.83155E+16
147821,147822,9,1,80,116,2016,10,15,1,2,5,3,0,0,0,1,0,1,0,0,6.59005E+20,5.26655E+21,1.11126E+16,4.75329E+16
147822,147823,9,6,75,141,2016,10,15,6,3,4,6,0,0,1,0,0,0,0,0,5.84454E+20,5.51182E+21,1.01724E+16,4.97529E+16
147823,147824,9,7,80,123,2016,10,16,7,3,0,1,0,0,1,0,0,0,0,0,6.03404E+20,5.26219E+21,1.03731E+16,4.75049E+16
147824,147825,9,5,71,145,2016,10,9,6,3,1,5,0,0,0,1,0,0,0,0,5.97019E+20,5.44712E+21,1.0331E+16,4.91692E+16
147825,147826,9,2,62,0,2016,10,13,6,3,1,6,0,0,0,1,0,0,0,0,8.28672E+20,5.38937E+21,1.3456E+16,4.85711E+16
147826,147827,9,3,73,114,2016,10,7,7,3,8,1,0,0,0,1,0,0,0,0,6.73799E+20,5.45973E+21,1.1389E+16,4.92656E+16
147827,147828,9,7,72,115,2016,10,16,2,3,5,3,0,0,0,1,0,0,1,0,6.18688E+20,5.37079E+21,1.0606E+16,4.8479E+16
147828,147829,9,1,62,0,2016,10,9,6,3,8,1,0,0,0,1,0,0,0,0,7.01277E+20,5.33469E+21,1.17053E+16,4.81336E+16
147829,147830,9,5,64,0,2016,10,11,7,3,5,3,0,0,0,1,0,0,0,0,6.51989E+20,5.47883E+21,1.10967E+16,4.94431E+16
147830,147831,9,7,80,139,2016,10,12,5,3,1,5,0,0,0,1,0,0,0,0,5.96469E+20,5.26356E+21,1.02814E+16,4.75184E+16
147831,147832,9,3,74,148,2016,10,19,2,2,0,1,2,0,1,0,0,0,0,0,7.08781E+20,5.51977E+21,1.1901E+16,4.97941E+16
147832,147833,9,1,88,124,2016,10,14,1,2,0,7,0,0,1,0,0,0,0,0,6.62683E+20,5.31832E+21,1.11808E+16,4.79974E+16
147833,147834,9,6,71,111,2016,10,22,7,3,3,2,2,0,0,1,0,1,0,0,5.03974E+20,5.54843E+21,9.05555E+15,5.00881E+16
147834,147835,9,1,63,0,2016,10,4,1,2,6,4,2,0,0,1,1,0,0,0,7.33828E+20,5.30529E+21,1.21262E+16,4.78583E+16
147835,147836,9,5,64,0,2016,10,14,6,3,2,6,0,0,0,1,0,0,0,0,6.48352E+20,5.47909E+21,1.10467E+16,4.94463E+16
147836,147837,9,7,61,0,2016,10,10,7,3,0,7,0,0,1,0,0,0,0,0,6.41641E+20,5.35232E+21,1.09102E+16,4.83082E+16
147837,147838,9,4,73,134,2016,10,0,6,3,0,6,2,0,1,1,0,0,0,0,6.4456E+20,5.56591E+21,1.10268E+16,5.02277E+16
147838,147839,9,2,72,118,2016,10,12,6,3,0,4,0,0,0,0,1,1,0,0,8.34398E+20,5.4164E+21,1.35552E+16,4.88104E+16
147839,147840,9,2,63,0,2016,10,21,7,2,5,3,2,0,0,1,0,0,0,0,7.6254E+20,5.42099E+21,1.25816E+16,4.88862E+16
147840,147841,9,6,63,0,2016,10,17,2,3,5,3,0,0,1,1,0,0,0,0,5.68701E+20,5.51406E+21,9.95417E+15,4.97751E+16
147841,147842,9,1,62,0,2016,10,15,6,1,2,6,0,0,0,1,0,0,0,0,6.88734E+20,5.33627E+21,1.15376E+16,4.81516E+16
147842,147843,9,7,73,182,2016,10,8,5,3,5,1,0,0,0,1,0,0,0,0,6.23739E+20,5.3806E+21,1.06773E+16,4.85662E+16
147843,147844,9,1,83,127,2016,10,7,2,3,0,1,0,1,0,0,0,1,0,0,7.57592E+20,5.3506E+21,1.24706E+16,4.82562E+16
147844,147845,9,1,73,126,2016,10,15,5,3,4,2,0,0,1,0,0,0,1,1,6.85796E+20,5.3035E+21,1.1484E+16,4.7858E+16
147845,147846,9,4,61,0,2016,10,21,6,3,0,1,2,0,1,0,0,0,0,0,6.38117E+20,5.52889E+21,1.09231E+16,4.98965E+16
147846,147847,9,2,74,113,2016,10,10,6,3,5,3,0,0,0,1,0,0,0,0,7.28274E+20,5.38173E+21,1.20932E+16,4.85471E+16
147847,147848,9,1,62,0,2016,10,20,1,3,1,5,2,0,0,1,0,0,0,1,6.89433E+20,5.32971E+21,1.15441E+16,4.80925E+16
147848,147849,9,5,76,113,2016,10,16,1,3,2,6,0,0,0,0,0,1,0,0,6.62058E+20,5.45785E+21,1.1227E+16,4.9252E+16
147849,147850,9,2,79,113,2016,10,15,6,1,2,6,0,0,1,1,0,0,0,0,7.8741E+20,5.39333E+21,1.29008E+16,4.8627E+16
147850,147851,9,5,74,112,2016,10,8,2,3,5,3,0,0,1,0,0,0,0,0,6.70701E+20,5.47296E+21,1.13521E+16,4.93854E+16
147851,147852,9,1,79,121,2016,10,11,2,3,5,3,0,0,0,1,0,0,0,0,6.67151E+20,5.33901E+21,1.12488E+16,4.81823E+16
147852,147853,9,7,61,0,2016,10,12,1,3,2,6,0,0,0,1,0,0,0,0,6.40483E+20,5.36021E+21,1.08973E+16,4.83794E+16
147853,147854,9,5,64,0,2016,10,18,7,3,2,6,0,0,0,1,0,1,0,0,6.53925E+20,5.47875E+21,1.11234E+16,4.94419E+16
147854,147855,9,7,72,147,2016,10,12,5,2,0,3,0,0,1,1,0,0,0,0,6.3879E+20,5.36418E+21,1.08757E+16,4.84155E+16
147855,147856,9,1,82,131,2016,10,14,2,2,0,7,0,0,1,0,0,0,0,0,7.15757E+20,5.28734E+21,1.1876E+16,4.77034E+16
147856,147857,9,3,77,154,2016,10,6,6,3,0,7,0,0,1,0,0,0,0,0,7.39537E+20,5.53196E+21,1.23352E+16,4.9892E+16
147857,147858,9,1,73,147,2016,10,8,6,3,2,6,0,0,0,1,0,1,0,0,6.81391E+20,5.30935E+21,1.14276E+16,4.79118E+16
147858,147859,9,1,62,0,2016,10,17,1,3,0,7,0,0,0,0,0,0,0,1,6.91612E+20,5.33499E+21,1.15757E+16,4.81393E+16
147859,147860,9,7,72,121,2016,10,11,5,2,4,6,0,0,1,1,0,0,0,0,6.32955E+20,5.37772E+21,1.08012E+16,4.85385E+16
147860,147861,9,4,79,136,2016,10,12,1,2,4,6,0,0,0,1,0,0,0,0,7.20432E+20,5.54326E+21,1.20761E+16,5.00008E+16
147861,147862,9,1,90,159,2016,10,14,1,2,6,4,0,0,0,1,1,0,0,0,6.65966E+20,5.30482E+21,1.12196E+16,4.78752E+16
147862,147863,9,7,61,0,2016,10,17,6,3,2,6,0,0,0,1,0,0,0,0,6.40938E+20,5.3572E+21,1.09024E+16,4.83522E+16
147863,147864,9,1,62,0,2016,10,13,7,3,0,4,0,0,0,0,1,0,0,1,6.82997E+20,5.33578E+21,1.14604E+16,4.81489E+16
147864,147865,9,7,61,0,2016,10,11,5,3,4,7,0,0,0,1,0,0,0,0,6.38051E+20,5.35855E+21,1.08639E+16,4.8365E+16
147865,147866,9,5,64,0,2016,10,14,6,3,5,2,0,0,1,1,0,0,0,0,6.46883E+20,5.48127E+21,1.10272E+16,4.94663E+16
147866,147867,9,1,80,117,2016,10,14,6,3,0,1,0,0,1,0,0,0,0,0,6.58825E+20,5.26161E+21,1.11084E+16,4.74885E+16
147867,147868,9,7,61,0,2016,10,0,5,3,1,5,2,0,0,1,0,0,0,0,6.3963E+20,5.36005E+21,1.08857E+16,4.83782E+16
147868,147869,9,1,89,155,2016,10,16,5,3,2,7,0,0,0,0,0,1,1,0,7.71731E+20,5.30693E+21,1.2633E+16,4.78582E+16
147869,147870,9,1,80,117,2016,10,11,6,2,0,1,0,0,1,0,0,0,0,0,6.58152E+20,5.26197E+21,1.10996E+16,4.74919E+16
147870,147871,9,1,62,0,2016,10,15,6,3,6,7,0,0,0,0,1,0,0,1,6.85514E+20,5.33271E+21,1.14928E+16,4.81206E+16
147871,147872,9,7,80,133,2016,10,12,1,3,8,1,0,0,1,0,0,0,0,0,5.96877E+20,5.25225E+21,1.02843E+16,4.74165E+16
147872,147873,9,6,63,0,2016,10,6,5,3,4,6,2,0,0,1,0,0,1,0,5.66362E+20,5.51723E+21,9.92224E+15,4.98038E+16
147873,147874,9,1,89,114,2016,10,11,1,3,0,7,0,0,1,0,0,0,0,0,7.6488E+20,5.31436E+21,1.25462E+16,4.79277E+16
147874,147875,9,5,62,0,2016,10,14,6,3,5,3,0,0,1,1,0,0,0,0,6.46303E+20,5.49473E+21,1.10242E+16,4.95875E+16
147875,147876,9,7,71,142,2016,10,17,7,3,5,2,1,0,0,1,0,1,0,0,6.4629E+20,5.35271E+21,1.0973E+16,4.83106E+16
147876,147877,9,4,79,169,2016,10,8,6,3,5,3,0,0,1,1,0,0,0,0,7.14225E+20,5.54669E+21,1.19915E+16,5.00339E+16
147877,147878,9,1,83,148,2016,10,11,6,3,5,3,0,0,1,1,0,0,0,0,7.53767E+20,5.34541E+21,1.24161E+16,4.82111E+16
147878,147879,9,2,72,120,2016,10,17,7,3,8,1,0,0,0,0,0,1,0,0,8.24598E+20,5.42134E+21,1.34261E+16,4.886E+16
147879,147880,9,7,61,0,2016,10,19,2,3,5,3,2,0,1,1,0,0,0,0,6.41071E+20,5.35847E+21,1.09046E+16,4.83636E+16
147880,147881,9,1,62,0,2016,10,10,6,3,6,4,0,0,0,0,1,0,0,1,6.83013E+20,5.33577E+21,1.14606E+16,4.81488E+16
147881,147882,9,5,64,0,2016,10,16,7,3,2,6,0,0,1,0,0,1,0,0,6.5019E+20,5.48069E+21,1.10726E+16,4.94603E+16
147882,147883,9,2,74,113,2016,10,13,7,3,1,1,0,0,0,1,0,0,0,0,7.29369E+20,5.38204E+21,1.21082E+16,4.85495E+16
147883,147884,9,7,63,0,2016,10,15,2,3,5,3,0,0,0,1,0,0,0,0,5.97426E+20,5.28574E+21,1.0299E+16,4.77177E+16
147884,147885,9,1,83,128,2016,10,7,5,2,8,7,0,1,0,0,0,0,1,0,7.57575E+20,5.34909E+21,1.24695E+16,4.82427E+16
147885,147886,9,1,62,0,2016,10,9,6,3,0,1,0,0,0,0,0,1,0,0,6.86693E+20,5.33821E+21,1.15111E+16,4.81697E+16
147886,147887,9,5,64,0,2016,10,17,7,3,1,5,0,0,1,1,0,0,0,0,6.51296E+20,5.47759E+21,1.10867E+16,4.94322E+16
147887,147888,9,6,72,113,2016,10,12,5,3,0,7,0,0,0,1,0,1,0,0,5.55963E+20,5.57233E+21,9.78579E+15,5.03005E+16
147888,147889,9,5,75,153,2016,10,7,2,3,5,3,0,0,0,1,0,0,0,0,6.16375E+20,5.49334E+21,1.06099E+16,4.95814E+16
147889,147890,9,1,61,0,2016,10,13,1,3,6,4,0,0,0,1,1,0,0,0,6.77981E+20,5.40405E+21,1.1422E+16,4.8764E+16
147890,147891,9,5,64,0,2016,10,14,6,3,0,7,0,0,0,1,0,0,0,1,6.50891E+20,5.48074E+21,1.10823E+16,4.94605E+16
147891,147892,9,6,62,0,2016,10,12,7,3,2,2,0,0,0,1,0,0,0,0,5.87145E+20,5.54171E+21,1.02165E+16,5.00213E+16
147892,147893,9,4,74,126,2016,10,15,6,3,3,6,0,0,1,0,0,0,0,1,6.48431E+20,5.50976E+21,1.10593E+16,4.9722E+16
147893,147894,9,1,87,150,2016,10,20,6,3,0,1,2,0,1,0,0,0,0,0,7.29218E+20,5.30409E+21,1.2064E+16,4.78493E+16
147894,147895,9,2,74,126,2016,10,15,7,3,8,1,0,0,0,0,0,1,0,0,7.32243E+20,5.38564E+21,1.21491E+16,4.85808E+16
147895,147896,9,6,61,0,2016,10,13,2,2,5,3,0,0,1,0,0,0,0,0,5.09777E+20,5.53552E+21,9.13634E+15,4.99719E+16
147896,147897,9,7,79,194,2016,10,13,1,3,5,3,0,0,1,1,0,0,0,0,6.08774E+20,5.41167E+21,1.04827E+16,4.88484E+16
147897,147898,9,5,64,0,2016,10,0,7,3,6,4,2,0,0,1,1,0,0,0,6.5019E+20,5.47937E+21,1.10721E+16,4.94484E+16
147898,147899,9,1,62,0,2016,10,20,6,3,1,6,2,0,0,1,0,0,0,0,6.85928E+20,5.32935E+21,1.14969E+16,4.80903E+16
147899,147900,9,6,71,130,2016,10,17,5,3,4,2,0,0,0,1,0,0,0,0,5.1479E+20,5.53975E+21,9.20641E+15,5.00098E+16
147900,147901,9,1,71,112,2016,10,18,2,3,5,2,2,0,0,1,0,0,0,0,7.85043E+20,5.34248E+21,1.28342E+16,4.81716E+16
147901,147902,9,1,61,0,2016,10,7,5,2,0,1,0,0,1,0,0,0,0,0,6.7697E+20,5.40541E+21,1.14089E+16,4.87765E+16
147902,147903,9,3,77,148,2016,10,19,6,3,5,3,1,0,0,1,0,1,0,0,7.15533E+20,5.53541E+21,1.20034E+16,4.99321E+16
147903,147904,9,6,61,0,2016,10,20,5,2,4,2,2,0,0,1,0,0,0,0,5.0798E+20,5.5364E+21,9.11129E+15,4.99798E+16
147904,147905,9,3,76,160,2016,10,10,2,3,8,1,0,0,0,1,0,0,0,0,7.56049E+20,5.48866E+21,1.25363E+16,4.94964E+16
147905,147906,9,5,64,0,2016,10,14,7,3,2,6,0,0,0,1,0,0,0,0,6.51444E+20,5.47922E+21,1.10894E+16,4.94467E+16
147906,147907,9,1,61,0,2016,10,21,6,2,5,2,2,0,0,1,0,0,0,0,6.7817E+20,5.4053E+21,1.14251E+16,4.87752E+16
147907,147908,9,5,64,0,2016,10,18,2,3,6,1,0,0,0,1,1,0,0,0,6.50656E+20,5.47942E+21,1.10786E+16,4.94488E+16
147908,147909,9,1,77,115,2016,10,16,2,3,0,1,0,0,1,0,0,0,0,0,7.33928E+20,5.35194E+21,1.21531E+16,4.82774E+16
147909,147910,9,6,72,114,2016,10,17,1,3,2,6,0,0,0,1,0,1,0,0,5.77297E+20,5.56177E+21,1.00831E+16,5.0203E+16
147910,147911,9,6,61,0,2016,10,7,5,3,6,2,1,0,0,0,1,1,0,0,5.10954E+20,5.53522E+21,9.15275E+15,4.99692E+16
147911,147912,9,1,61,0,2016,10,18,2,3,4,7,0,0,1,0,0,0,0,1,6.77292E+20,5.40492E+21,1.1413E+16,4.8772E+16
147912,147913,9,1,61,0,2016,10,13,6,3,5,3,0,0,0,1,0,0,0,0,6.79518E+20,5.40584E+21,1.14437E+16,4.87796E+16
147913,147914,9,1,79,145,2016,10,15,6,3,5,3,0,0,1,1,0,0,0,0,6.75433E+20,5.33847E+21,1.13599E+16,4.81752E+16
147914,147915,9,1,62,0,2016,10,10,1,3,2,6,0,0,0,1,0,0,0,0,6.84327E+20,5.33752E+21,1.1479E+16,4.81642E+16
147915,147916,9,5,64,0,2016,10,19,1,3,5,3,2,0,0,1,0,0,0,1,6.49902E+20,5.47987E+21,1.10683E+16,4.9453E+16
147916,147917,9,2,72,151,2016,10,15,1,2,0,1,0,0,0,0,0,1,0,0,8.38689E+20,5.40821E+21,1.36068E+16,4.87347E+16
147917,147918,9,5,65,0,2016,10,8,5,3,0,2,0,0,0,1,0,0,0,0,6.4646E+20,5.46739E+21,1.10163E+16,4.93416E+16
147918,147919,9,1,83,148,2016,10,14,7,3,2,6,0,0,0,1,0,0,0,0,7.51961E+20,5.34519E+21,1.23917E+16,4.82099E+16
147919,147920,9,1,76,143,2016,10,16,5,2,0,1,0,0,0,0,0,1,0,0,6.8094E+20,5.40933E+21,1.14646E+16,4.88106E+16
147920,147921,9,1,62,0,2016,10,8,6,3,3,2,0,0,1,0,0,0,1,0,6.95058E+20,5.33614E+21,1.16225E+16,4.81486E+16
147921,147922,9,5,64,0,2016,10,16,7,3,2,6,0,0,0,1,0,0,0,0,6.50218E+20,5.47948E+21,1.10726E+16,4.94494E+16
147922,147923,9,5,63,0,2016,10,12,5,3,5,3,0,0,1,1,0,0,0,0,6.44904E+20,5.48155E+21,1.1E+16,4.94693E+16
147923,147924,9,1,87,159,2016,10,12,1,3,0,7,0,0,1,0,0,0,0,1,7.29931E+20,5.32999E+21,1.20874E+16,4.80816E+16
147924,147925,9,5,74,112,2016,10,14,6,3,5,2,0,0,0,1,0,0,1,0,6.70912E+20,5.47315E+21,1.13551E+16,4.93871E+16
147925,147926,9,7,61,0,2016,10,20,7,3,6,4,2,0,0,1,1,0,0,0,6.42396E+20,5.36014E+21,1.09231E+16,4.83784E+16
147926,147927,9,4,78,139,2016,10,14,6,3,5,3,0,0,0,1,0,0,0,0,6.48684E+20,5.55739E+21,1.10812E+16,5.01501E+16
147927,147928,9,7,75,135,2016,10,13,1,3,4,2,0,0,0,1,0,0,0,0,5.74352E+20,5.36061E+21,1.00044E+16,4.83943E+16
147928,147929,9,5,63,0,2016,10,6,5,3,0,7,2,0,1,0,1,0,0,0,6.4175E+20,5.48637E+21,1.09583E+16,4.95134E+16
147929,147930,9,3,72,117,2016,10,14,1,3,3,6,0,0,1,1,0,0,0,0,7.72926E+20,5.456E+21,1.27465E+16,4.9196E+16
147930,147931,9,1,80,124,2016,10,11,1,2,0,1,0,0,1,0,0,0,0,0,6.64618E+20,5.28158E+21,1.11928E+16,4.76667E+16
147931,147932,9,6,63,0,2016,10,14,6,3,5,3,0,0,1,1,0,0,0,0,5.6676E+20,5.51722E+21,9.92777E+15,4.98037E+16
147932,147933,9,7,75,135,2016,10,7,7,2,5,3,0,0,1,1,0,0,0,0,5.74729E+20,5.36042E+21,1.00095E+16,4.83925E+16
147933,147934,9,5,71,134,2016,10,5,6,3,9,1,2,1,0,1,0,0,0,0,5.88331E+20,5.45895E+21,1.02144E+16,4.92769E+16
147934,147935,9,1,81,139,2016,10,15,6,3,0,7,0,0,1,0,0,0,0,0,6.56187E+20,5.32398E+21,1.10959E+16,4.805E+16
147935,147936,9,1,83,128,2016,10,14,7,3,0,7,0,0,1,0,0,0,0,0,7.63228E+20,5.34806E+21,1.25448E+16,4.8231E+16
147936,147937,9,7,73,144,2016,10,12,2,2,0,1,0,0,1,0,0,0,0,0,6.05252E+20,5.38034E+21,1.04267E+16,4.85673E+16
147937,147938,9,1,61,0,2016,10,15,5,3,3,5,0,0,1,1,0,0,0,0,6.78312E+20,5.40375E+21,1.14264E+16,4.87612E+16
147938,147939,9,1,74,122,2016,10,16,6,2,0,7,0,0,0,0,0,1,0,1,6.85263E+20,5.35168E+21,1.14977E+16,4.82912E+16
147939,147940,9,1,62,0,2016,10,9,6,3,3,2,0,0,1,1,0,0,0,0,6.93001E+20,5.33533E+21,1.15945E+16,4.81419E+16
147940,147941,9,4,73,151,2016,10,16,7,2,0,7,0,0,1,0,0,0,0,0,6.51366E+20,5.57745E+21,1.11267E+16,5.03297E+16
147941,147942,9,5,64,0,2016,10,16,5,2,5,5,0,0,0,1,0,1,0,0,6.48876E+20,5.48072E+21,1.10545E+16,4.94609E+16
147942,147943,9,4,62,0,2016,10,8,2,3,5,3,0,0,1,1,0,0,0,0,6.84991E+20,5.53618E+21,1.15787E+16,4.99493E+16
147943,147944,9,1,76,148,2016,10,12,1,1,8,1,0,0,0,0,0,1,0,0,6.46055E+20,5.41565E+21,1.0992E+16,4.88766E+16
147944,147945,9,5,64,0,2016,10,10,6,3,3,7,0,0,0,1,0,1,0,0,6.45901E+20,5.47943E+21,1.1013E+16,4.945E+16
147945,147946,9,6,71,120,2016,10,15,7,3,0,1,0,0,0,0,0,1,0,0,5.11012E+20,5.5385E+21,9.15366E+15,4.99987E+16
147946,147947,9,1,77,117,2016,10,23,6,3,8,1,2,0,0,1,0,0,0,0,7.15211E+20,5.3551E+21,1.19028E+16,4.83124E+16
147947,147948,9,5,65,0,2016,10,15,2,3,5,3,0,0,0,1,0,0,0,0,6.48528E+20,5.46659E+21,1.10444E+16,4.93339E+16
147948,147949,9,1,88,127,2016,10,8,2,3,1,6,0,0,0,1,0,0,0,0,6.76754E+20,5.32987E+21,1.13741E+16,4.80976E+16
147949,147950,9,1,77,117,2016,10,21,6,3,5,3,2,1,0,1,0,0,0,0,7.14179E+20,5.35448E+21,1.18885E+16,4.83072E+16
147950,147951,9,1,83,128,2016,10,22,7,3,3,7,2,0,1,1,0,0,0,0,7.6139E+20,5.34966E+21,1.25211E+16,4.82462E+16
147951,147952,9,7,71,112,2016,10,7,2,3,8,1,1,1,0,1,0,0,0,0,6.49315E+20,5.36895E+21,1.10196E+16,4.84559E+16
147952,147953,9,1,62,0,2016,10,11,6,3,0,1,0,0,1,0,0,0,0,0,6.91866E+20,5.33394E+21,1.15787E+16,4.81298E+16
147953,147954,9,5,64,0,2016,10,19,5,2,6,4,2,0,0,1,1,0,0,0,6.46196E+20,5.48014E+21,1.10173E+16,4.94563E+16
147954,147955,9,2,61,0,2016,10,13,2,3,4,2,0,0,0,1,0,0,0,1,7.31698E+20,5.38189E+21,1.21396E+16,4.85473E+16
147955,147956,9,3,75,174,2016,10,8,6,3,0,2,0,0,0,1,1,0,0,0,7.3382E+20,5.43164E+21,1.21966E+16,4.89933E+16
147956,147957,9,1,77,118,2016,10,5,6,3,8,1,2,1,0,1,0,0,0,0,7.05615E+20,5.34523E+21,1.17687E+16,4.8227E+16
147957,147958,9,1,84,123,2016,10,16,1,3,5,3,0,0,1,1,0,0,0,0,7.03425E+20,5.33217E+21,1.1733E+16,4.81103E+16
147958,147959,9,5,74,146,2016,10,11,1,3,6,4,0,0,0,1,1,0,0,0,6.69162E+20,5.48664E+21,1.13368E+16,4.95088E+16
147959,147960,9,5,64,0,2016,10,17,5,3,5,3,0,0,0,1,0,0,0,0,6.50005E+20,5.47682E+21,1.10686E+16,4.94256E+16
147960,147961,9,1,81,130,2016,10,12,2,2,5,3,0,0,1,1,0,0,0,0,6.39158E+20,5.32456E+21,1.08677E+16,4.80591E+16
147961,147962,9,7,61,0,2016,10,14,1,3,5,3,0,0,1,1,0,0,0,0,6.3911E+20,5.36005E+21,1.08787E+16,4.83783E+16
147962,147963,9,5,75,161,2016,10,13,5,2,6,7,0,0,0,1,1,0,0,0,6.06493E+20,5.50327E+21,1.0476E+16,4.96725E+16
147963,147964,9,1,87,170,2016,10,14,2,3,0,1,0,0,0,0,0,1,0,0,7.3392E+20,5.31942E+21,1.21351E+16,4.79853E+16
147964,147965,9,3,73,147,2016,10,11,6,3,2,6,0,0,0,1,0,0,0,1,6.78351E+20,5.46157E+21,1.14523E+16,4.92809E+16
147965,147966,9,1,62,0,2016,10,7,5,3,2,6,1,0,0,1,0,0,0,0,6.78312E+20,5.33906E+21,1.13988E+16,4.81797E+16
147966,147967,9,1,84,147,2016,10,20,1,3,6,7,2,0,0,1,1,0,0,0,6.96445E+20,5.34149E+21,1.16436E+16,4.81963E+16
147967,147968,9,5,71,200,2016,10,13,5,3,8,6,0,0,0,1,0,1,0,0,5.94356E+20,5.44025E+21,1.02928E+16,4.91078E+16
147968,147969,9,5,61,0,2016,10,13,1,3,5,6,0,0,0,1,0,1,0,0,6.1396E+20,5.46208E+21,1.05675E+16,4.93008E+16
147969,147970,9,2,77,116,2016,10,16,1,3,1,3,0,0,1,1,0,0,0,0,7.78583E+20,5.36806E+21,1.27644E+16,4.84041E+16
147970,147971,9,1,62,0,2016,10,19,7,3,0,2,2,0,1,1,0,0,0,0,6.88713E+20,5.33627E+21,1.15374E+16,4.81517E+16
147971,147972,9,4,79,152,2016,10,19,5,3,1,7,1,1,0,1,0,0,0,0,7.23582E+20,5.56235E+21,1.21311E+16,5.01712E+16
147972,147973,9,1,62,0,2016,10,18,5,3,0,7,1,0,0,0,0,1,0,0,6.90276E+20,5.33565E+21,1.15581E+16,4.81456E+16
147973,147974,9,1,87,124,2016,10,19,7,3,1,5,2,0,0,1,0,0,0,1,7.34614E+20,5.32855E+21,1.21494E+16,4.8067E+16
147974,147975,9,1,85,158,2016,10,17,5,2,2,6,0,0,0,1,0,1,0,0,6.67504E+20,5.3807E+21,1.12701E+16,4.8557E+16
147975,147976,9,1,74,141,2016,10,7,5,3,2,6,0,0,0,1,0,0,0,0,6.82474E+20,5.35779E+21,1.14628E+16,4.83469E+16
147976,147977,9,1,62,0,2016,10,11,5,3,0,7,0,0,0,1,0,0,0,0,6.87999E+20,5.34144E+21,1.15301E+16,4.81984E+16
147977,147978,9,7,75,135,2016,10,19,6,3,5,3,2,1,1,1,0,0,0,0,5.74284E+20,5.35969E+21,1.00033E+16,4.8386E+16