FID,OBJECTID,ULAND,UREGBEZ,UKREIS,UGEMEINDE,UJAHR,UMONAT,USTUNDE,UWOCHENTAG,UKATEGORIE,UART,UTYP1,ULICHTVERH,IstStrasse,IstRad,IstPKW,IstFuss,IstKrad,IstGkfz,IstSonstig,LINREFX,LINREFY,XGCSWGS84,YGCSWGS84
147978,147979,9,7,74,145,2016,10,3,1,3,8,1,2,0,0,1,0,0,0,0,6.00088E+20,5.36087E+21,1.03521E+16,4.8393E+16
147979,147980,9,4,63,0,2016,10,14,5,3,1,2,0,0,0,1,0,1,0,0,6.40061E+20,5.57021E+21,1.09653E+16,5.02674E+16
147980,147981,9,1,73,131,2016,10,13,1,1,8,1,0,0,0,0,0,1,0,0,6.8152E+20,5.26947E+21,1.14127E+16,4.75532E+16
147981,147982,9,6,76,122,2016,10,11,6,2,5,3,0,0,1,1,0,0,0,0,5.11155E+20,5.51676E+21,9.15501E+15,4.98032E+16
147982,147983,9,7,79,147,2016,10,14,7,2,0,7,0,0,1,0,0,0,0,0,6.10352E+20,5.42447E+21,1.05076E+16,4.89633E+16
147983,147984,9,5,61,0,2016,10,16,6,3,6,7,0,0,1,0,1,0,0,0,6.13811E+20,5.46236E+21,1.05656E+16,4.93034E+16
147984,147985,9,1,62,0,2016,10,8,5,2,3,6,0,0,0,0,0,0,0,1,6.89041E+20,5.33753E+21,1.15423E+16,4.81629E+16
147985,147986,9,1,87,130,2016,10,15,7,3,8,6,0,0,1,1,0,0,0,0,7.15725E+20,5.30615E+21,1.1885E+16,4.78724E+16
147986,147987,9,7,61,0,2016,10,12,2,3,6,7,0,0,1,0,1,0,0,0,6.40705E+20,5.35165E+21,1.08974E+16,4.83024E+16
147987,147988,9,7,64,0,2016,10,20,6,3,5,3,2,0,0,1,0,0,0,0,5.8704E+20,5.31727E+21,1.01669E+16,4.80028E+16
147988,147989,9,4,72,131,2016,10,10,7,2,5,3,0,0,0,1,0,0,0,0,6.7932E+20,5.53456E+21,1.1499E+16,4.99364E+16
147989,147990,9,4,61,0,2016,10,2,5,3,0,7,2,0,1,0,0,0,0,0,6.36148E+20,5.52591E+21,1.08947E+16,4.98701E+16
147990,147991,9,3,76,161,2016,10,7,2,2,5,3,0,0,1,1,0,0,0,0,7.25829E+20,5.46803E+21,1.21079E+16,4.93232E+16
147991,147992,9,1,88,121,2016,10,11,1,3,5,3,0,0,1,1,0,0,0,0,6.70684E+20,5.33004E+21,1.12927E+16,4.81007E+16
147992,147993,9,7,64,0,2016,10,11,6,3,2,6,0,0,0,1,0,0,0,1,5.86076E+20,5.31399E+21,1.01533E+16,4.79734E+16
147993,147994,9,4,62,0,2016,10,7,7,3,4,2,0,0,0,1,0,1,0,0,6.86308E+20,5.53514E+21,1.15965E+16,4.99395E+16
147994,147995,9,4,61,0,2016,10,12,5,3,2,6,0,0,0,1,0,0,0,0,6.35539E+20,5.52942E+21,1.08874E+16,4.99018E+16
147995,147996,9,1,63,0,2016,10,2,1,3,9,1,2,0,0,0,0,0,0,1,7.34026E+20,5.30157E+21,1.21268E+16,4.78248E+16
147996,147997,9,5,64,0,2016,10,16,6,2,9,1,0,0,0,0,0,1,0,0,6.4976E+20,5.47722E+21,1.10654E+16,4.94292E+16
147997,147998,9,6,63,0,2016,10,11,7,3,5,3,0,0,0,0,0,1,0,1,5.71592E+20,5.51597E+21,9.99467E+15,4.97919E+16
147998,147999,9,4,62,0,2016,10,7,6,3,6,2,0,0,0,1,1,0,0,0,6.85449E+20,5.53457E+21,1.15843E+16,4.99347E+16
147999,148000,9,1,62,0,2016,10,8,5,3,6,7,0,0,0,1,1,0,0,0,6.9039E+20,5.32954E+21,1.15569E+16,4.80907E+16
148000,148001,9,1,86,158,2016,10,23,7,3,1,1,2,0,1,0,0,0,0,1,6.92136E+20,5.40527E+21,1.1615E+16,4.87708E+16
148001,148002,9,6,78,178,2016,10,16,2,3,5,3,0,0,1,1,0,0,0,0,5.89232E+20,5.54317E+21,1.0246E+16,5.00341E+16
148002,148003,9,7,77,151,2016,10,17,1,3,0,7,0,0,1,0,0,0,0,0,6.21379E+20,5.29406E+21,1.06206E+16,4.77885E+16
148003,148004,9,7,63,0,2016,10,12,6,3,1,6,0,0,0,1,0,0,0,0,5.98312E+20,5.28652E+21,1.0311E+16,4.77245E+16
148004,148005,9,3,63,0,2016,10,11,5,3,2,6,0,0,0,1,0,0,0,0,7.27606E+20,5.5059E+21,1.21541E+16,4.96626E+16
148005,148006,9,1,72,118,2016,10,13,2,3,6,4,0,0,0,1,1,0,0,0,7.96093E+20,5.30632E+21,1.29576E+16,4.7842E+16
148006,148007,9,1,77,117,2016,10,15,5,3,5,3,0,0,1,1,0,0,0,0,7.14461E+20,5.35399E+21,1.18921E+16,4.83027E+16
148007,148008,9,2,76,144,2016,10,8,6,3,9,7,0,0,0,0,0,0,1,0,7.84408E+20,5.4426E+21,1.28943E+16,4.90705E+16
148008,148009,9,1,62,0,2016,10,18,5,3,2,6,1,0,1,1,0,0,0,0,6.90169E+20,5.33391E+21,1.15559E+16,4.813E+16
148009,148010,9,5,62,0,2016,10,14,7,3,3,2,0,0,1,1,0,0,0,0,6.41864E+20,5.49586E+21,1.09633E+16,4.95987E+16
148010,148011,9,1,62,0,2016,10,10,5,3,4,2,0,0,0,1,0,0,0,0,6.86201E+20,5.33568E+21,1.15034E+16,4.81471E+16
148011,148012,9,1,85,143,2016,10,14,7,2,0,7,0,0,1,0,0,0,0,0,6.59828E+20,5.38566E+21,1.11681E+16,4.86036E+16
148012,148013,9,5,64,0,2016,10,8,2,2,5,3,0,0,1,1,0,0,0,0,6.49284E+20,5.4794E+21,1.10596E+16,4.94489E+16
148013,148014,9,1,77,117,2016,10,7,2,3,6,7,0,0,1,0,1,0,0,0,7.15046E+20,5.35356E+21,1.18997E+16,4.82987E+16
148014,148015,9,6,63,0,2016,10,17,1,2,5,2,0,0,0,1,0,1,0,0,5.65955E+20,5.51604E+21,9.91638E+15,4.97932E+16
148015,148016,9,3,63,0,2016,10,16,5,3,8,1,0,0,0,1,0,0,0,0,7.27946E+20,5.5051E+21,1.21584E+16,4.96553E+16
148016,148017,9,1,82,120,2016,10,16,2,3,0,1,0,0,1,0,0,0,0,0,7.02203E+20,5.30615E+21,1.17043E+16,4.78768E+16
148017,148018,9,1,62,0,2016,10,10,5,2,3,2,0,0,1,0,0,0,1,0,6.93615E+20,5.33468E+21,1.16025E+16,4.81359E+16
148018,148019,9,1,62,0,2016,10,11,1,3,3,2,0,0,0,1,0,1,0,0,6.92621E+20,5.33481E+21,1.15892E+16,4.81374E+16
148019,148020,9,3,75,162,2016,10,13,5,3,0,7,0,1,0,1,0,0,0,0,7.13325E+20,5.43651E+21,1.19194E+16,4.90445E+16
148020,148021,9,4,78,165,2016,10,14,1,3,0,1,0,0,1,0,0,0,0,0,6.42026E+20,5.55179E+21,1.0986E+16,5.01014E+16
148021,148022,9,1,90,148,2016,10,14,1,3,1,6,0,0,0,1,0,0,0,0,6.41908E+20,5.29741E+21,1.08956E+16,4.78144E+16
148022,148023,9,6,63,0,2016,10,7,6,3,2,7,0,0,1,1,0,0,0,0,5.68701E+20,5.51534E+21,9.95441E+15,4.97866E+16
148023,148024,9,1,62,0,2016,10,11,7,3,6,4,0,0,1,0,1,0,0,0,6.91575E+20,5.33362E+21,1.15746E+16,4.8127E+16
148024,148025,9,1,62,0,2016,10,16,1,3,6,4,0,0,0,1,1,0,0,0,6.84615E+20,5.33256E+21,1.14807E+16,4.81196E+16
148025,148026,9,5,64,0,2016,10,19,1,2,4,6,2,0,1,0,0,0,0,0,6.52327E+20,5.47885E+21,1.11014E+16,4.94432E+16
148026,148027,9,3,75,165,2016,10,13,5,3,3,6,0,0,0,1,0,1,0,0,7.25331E+20,5.43708E+21,1.20837E+16,4.90453E+16
148027,148028,9,1,77,133,2016,10,19,5,3,6,4,2,0,0,1,1,0,0,0,7.06732E+20,5.35931E+21,1.17906E+16,4.83531E+16
148028,148029,9,1,62,0,2016,10,17,5,3,5,2,0,0,0,1,0,0,0,0,6.93987E+20,5.33636E+21,1.16082E+16,4.81509E+16
148029,148030,9,7,80,139,2016,10,19,6,3,5,3,2,0,0,1,1,0,0,0,5.95282E+20,5.26353E+21,1.02656E+16,4.75182E+16
148030,148031,9,3,62,0,2016,10,0,5,3,5,7,2,0,0,1,0,0,0,0,7.31937E+20,5.43026E+21,1.21701E+16,4.89817E+16
148031,148032,9,1,71,132,2016,10,4,1,3,0,1,2,0,1,0,0,0,0,0,7.66177E+20,5.35189E+21,1.25869E+16,4.82643E+16
148032,148033,9,5,74,138,2016,10,17,6,3,5,3,0,0,1,1,0,0,0,0,6.63229E+20,5.48773E+21,1.12553E+16,4.95202E+16
148033,148034,9,7,72,202,2016,10,14,7,3,5,3,0,0,1,1,0,0,0,0,6.36811E+20,5.35887E+21,1.08473E+16,4.83682E+16
148034,148035,9,4,73,151,2016,10,18,6,3,5,3,1,0,0,1,0,0,0,1,6.51486E+20,5.57754E+21,1.11285E+16,5.03304E+16
148035,148036,9,1,62,0,2016,10,15,5,3,3,6,0,0,0,1,0,0,1,0,6.84134E+20,5.33754E+21,1.14764E+16,4.81644E+16
148036,148037,9,1,86,139,2016,10,7,7,2,5,3,0,0,1,1,0,0,0,0,6.98071E+20,5.40456E+21,1.16954E+16,4.87625E+16
148037,148038,9,7,61,0,2016,10,20,2,3,6,4,1,1,0,1,1,0,0,0,6.41615E+20,5.35969E+21,1.09124E+16,4.83745E+16
148038,148039,9,3,62,0,2016,10,21,5,3,4,1,2,0,1,1,0,0,0,0,7.27343E+20,5.43535E+21,1.21102E+16,4.90291E+16
148039,148040,9,5,64,0,2016,10,7,6,3,0,7,0,0,1,0,0,0,0,1,6.52153E+20,5.47888E+21,1.1099E+16,4.94435E+16
148040,148041,9,1,62,0,2016,10,16,5,3,0,7,0,0,1,0,0,0,0,0,6.87489E+20,5.33745E+21,1.15214E+16,4.81626E+16
148041,148042,9,1,79,142,2016,10,13,7,3,0,7,0,0,0,0,0,0,0,1,6.72967E+20,5.34099E+21,1.13277E+16,4.81986E+16
148042,148043,9,7,62,0,2016,10,21,2,3,2,6,1,1,0,1,0,0,0,0,6.22291E+20,5.30566E+21,1.0636E+16,4.78926E+16
148043,148044,9,1,62,0,2016,10,20,4,3,6,4,2,0,0,1,1,0,0,0,6.93074E+20,5.33248E+21,1.15942E+16,4.81162E+16
148044,148045,9,1,62,0,2016,10,11,5,3,3,5,0,0,1,1,0,0,0,0,6.88559E+20,5.33602E+21,1.15352E+16,4.81494E+16
148045,148046,9,7,77,129,2016,10,9,6,3,0,7,0,0,1,0,0,0,0,1,6.27729E+20,5.26971E+21,1.06982E+16,4.75682E+16
148046,148047,9,3,73,147,2016,10,10,7,2,6,2,0,0,0,1,1,0,0,0,6.79161E+20,5.46178E+21,1.14635E+16,4.92825E+16
148047,148048,9,2,75,151,2016,10,17,5,3,5,3,0,0,1,1,0,0,0,0,8.2541E+20,5.39391E+21,1.34155E+16,4.86135E+16
148048,148049,9,4,79,136,2016,10,7,2,3,0,7,1,0,1,0,0,0,0,0,7.23766E+20,5.54499E+21,1.21235E+16,5.00152E+16
148049,148050,9,1,61,0,2016,10,8,1,3,9,1,0,0,0,1,0,0,0,0,6.80671E+20,5.40543E+21,1.14592E+16,4.87756E+16
148050,148051,9,5,64,0,2016,10,10,6,2,5,7,0,0,1,0,0,0,0,1,6.47851E+20,5.47698E+21,1.1039E+16,4.94275E+16
148051,148052,9,6,76,158,2016,10,23,7,3,8,7,2,1,0,1,0,0,0,0,5.29038E+20,5.51442E+21,9.40335E+15,4.97815E+16
148052,148053,9,4,61,0,2016,10,15,6,3,2,6,0,0,0,1,0,1,0,0,6.37038E+20,5.52773E+21,1.09077E+16,4.98862E+16
148053,148054,9,1,62,0,2016,10,15,5,3,0,7,0,0,0,0,0,1,0,0,6.92687E+20,5.33338E+21,1.15894E+16,4.81245E+16
148054,148055,9,1,88,121,2016,10,10,7,3,5,3,0,0,0,1,0,0,1,0,6.70511E+20,5.33126E+21,1.12908E+16,4.81118E+16
148055,148056,9,5,62,0,2016,10,14,2,3,5,3,0,0,1,1,0,0,0,0,6.45305E+20,5.49575E+21,1.10108E+16,4.95969E+16
148056,148057,9,1,88,121,2016,10,8,2,3,2,6,0,0,0,1,0,0,0,0,6.70684E+20,5.33067E+21,1.12929E+16,4.81064E+16
148057,148058,9,7,71,130,2016,10,23,1,3,0,1,2,0,1,1,0,0,0,0,6.46733E+20,5.35741E+21,1.09806E+16,4.83528E+16
148058,148059,9,7,72,167,2016,10,10,6,2,8,1,0,0,0,1,0,0,0,0,6.24849E+20,5.35724E+21,1.06853E+16,4.8356E+16
148059,148060,9,2,73,172,2016,10,15,5,3,4,6,0,0,0,1,0,0,0,0,7.08447E+20,5.40279E+21,1.18355E+16,4.87432E+16
148060,148061,9,1,71,112,2016,10,7,2,2,6,4,1,0,0,0,1,0,0,1,7.84462E+20,5.34236E+21,1.28263E+16,4.81707E+16
148061,148062,9,7,72,125,2016,10,12,6,3,0,7,0,0,1,1,0,0,0,0,6.36505E+20,5.34887E+21,1.08399E+16,4.82783E+16
148062,148063,9,2,61,0,2016,10,8,5,3,1,3,0,0,1,1,0,0,0,0,7.32355E+20,5.38187E+21,1.21485E+16,4.85469E+16
148063,148064,9,2,77,138,2016,10,8,2,3,2,6,0,0,0,1,0,0,0,0,7.91641E+20,5.37265E+21,1.29436E+16,4.84394E+16
148064,148065,9,1,62,0,2016,10,13,5,3,5,2,0,0,1,1,0,0,0,0,6.90146E+20,5.33494E+21,1.1556E+16,4.81392E+16
148065,148066,9,5,64,0,2016,10,10,2,3,2,6,0,0,1,1,0,0,0,0,6.55178E+20,5.47464E+21,1.1139E+16,4.94047E+16
148066,148067,9,1,62,0,2016,10,16,1,2,6,4,0,0,0,1,1,0,0,0,6.83126E+20,5.33598E+21,1.14622E+16,4.81507E+16
148067,148068,9,5,62,0,2016,10,17,1,2,6,4,0,0,1,0,1,0,0,0,6.45639E+20,5.49596E+21,1.10155E+16,4.95987E+16
148068,148069,9,2,61,0,2016,10,7,5,3,1,3,0,0,1,1,0,0,0,0,7.3154E+20,5.38289E+21,1.2138E+16,4.85563E+16
148069,148070,9,1,88,139,2016,10,9,2,3,5,3,0,0,0,1,0,0,0,0,6.75436E+20,5.31942E+21,1.13521E+16,4.8004E+16
148070,148071,9,1,62,0,2016,10,13,4,3,3,5,0,0,1,1,0,0,0,0,6.86227E+20,5.3376E+21,1.15045E+16,4.81643E+16
148071,148072,9,2,63,0,2016,10,12,6,3,0,6,0,0,0,1,0,0,0,0,7.62945E+20,5.4186E+21,1.25856E+16,4.88645E+16
148072,148073,9,7,75,135,2016,10,13,5,3,5,3,0,0,1,1,0,0,0,0,5.74273E+20,5.36002E+21,1.00033E+16,4.8389E+16
148073,148074,9,1,62,0,2016,10,14,1,3,0,1,0,0,1,0,0,0,0,0,6.87821E+20,5.32971E+21,1.15225E+16,4.8093E+16
148074,148075,9,1,90,140,2016,10,18,5,3,6,4,2,0,0,1,1,0,0,0,6.43905E+20,5.29582E+21,1.09217E+16,4.77997E+16
148075,148076,9,5,73,122,2016,10,2,1,3,8,1,2,0,0,1,0,0,0,0,6.43951E+20,5.47531E+21,1.09846E+16,4.94134E+16
148076,148077,9,2,77,116,2016,10,9,1,3,9,1,0,0,0,1,0,0,0,0,7.76499E+20,5.36868E+21,1.27367E+16,4.84105E+16
148077,148078,9,1,77,117,2016,10,13,1,3,6,4,0,0,1,0,1,0,0,0,7.15429E+20,5.35436E+21,1.19053E+16,4.83057E+16
148078,148079,9,1,79,121,2016,10,20,7,3,5,3,2,0,0,1,0,0,0,0,6.65993E+20,5.33787E+21,1.12328E+16,4.81724E+16
148079,148080,9,1,62,0,2016,10,21,4,3,3,2,2,0,0,1,0,1,0,0,6.90329E+20,5.33884E+21,1.15602E+16,4.81743E+16
148080,148081,9,5,64,0,2016,10,7,4,3,5,3,0,0,0,1,0,0,0,0,6.50183E+20,5.47833E+21,1.10716E+16,4.94391E+16
148081,148082,9,3,61,0,2016,10,13,6,3,5,3,0,1,1,1,0,0,0,0,7.07852E+20,5.48086E+21,1.18675E+16,4.94448E+16
148082,148083,9,7,61,0,2016,10,8,3,3,5,3,0,1,1,0,0,0,0,0,6.40397E+20,5.35889E+21,1.08957E+16,4.83676E+16
148083,148084,9,1,62,0,2016,10,14,5,3,2,7,0,0,0,1,0,0,0,1,6.86219E+20,5.33447E+21,1.15031E+16,4.81362E+16
148084,148085,9,7,63,0,2016,10,9,5,3,2,6,0,1,0,1,0,0,0,0,5.9857E+20,5.28571E+21,1.03142E+16,4.77173E+16
148085,148086,9,1,74,126,2016,10,1,5,3,8,1,2,1,0,1,0,0,0,0,6.83105E+20,5.34342E+21,1.14651E+16,4.82176E+16
148086,148087,9,1,78,124,2016,10,6,5,3,5,3,2,1,1,1,0,0,0,0,7.0317E+20,5.36517E+21,1.17454E+16,4.84069E+16
148087,148088,9,5,64,0,2016,10,18,4,3,5,7,2,0,0,1,0,1,0,0,6.52467E+20,5.4833E+21,1.1105E+16,4.94832E+16
148088,148089,9,7,75,135,2016,10,12,6,2,6,4,0,0,0,1,1,0,0,0,5.74641E+20,5.36068E+21,1.00083E+16,4.83948E+16
148089,148090,9,1,79,142,2016,10,9,3,3,2,6,0,1,0,1,0,0,0,0,6.72993E+20,5.34301E+21,1.13289E+16,4.82167E+16
148090,148091,9,1,62,0,2016,10,2,3,2,4,6,2,1,1,0,0,0,0,0,6.87706E+20,5.32992E+21,1.1521E+16,4.80949E+16
148091,148092,9,3,73,126,2016,10,13,5,3,5,3,0,1,0,1,0,0,0,0,6.65981E+20,5.45248E+21,1.12786E+16,4.92026E+16
148092,148093,9,5,64,0,2016,10,20,5,3,6,4,2,0,0,1,1,0,0,0,6.51658E+20,5.47849E+21,1.1092E+16,4.94401E+16
148093,148094,9,6,63,0,2016,10,7,3,3,5,7,0,0,0,1,0,0,0,0,5.67544E+20,5.51382E+21,9.93806E+15,4.9773E+16
148094,148095,9,6,76,139,2016,10,12,5,3,5,3,0,1,0,1,0,0,0,0,5.17594E+20,5.50638E+21,9.24404E+15,4.97097E+16
148095,148096,9,1,76,126,2016,10,16,4,3,5,3,0,0,1,1,0,0,0,0,6.7371E+20,5.40787E+21,1.13656E+16,4.87995E+16
148096,148097,9,7,61,0,2016,10,18,5,3,0,7,2,0,1,0,0,0,0,0,6.41634E+20,5.3533E+21,1.09105E+16,4.8317E+16
148097,148098,9,1,62,0,2016,10,11,4,3,0,7,0,0,0,0,0,0,0,1,6.97222E+20,5.33182E+21,1.16496E+16,4.81091E+16
148098,148099,9,1,62,0,2016,10,14,4,3,4,6,0,1,1,1,0,0,0,0,6.86998E+20,5.33995E+21,1.15159E+16,4.81852E+16
148099,148100,9,5,64,0,2016,10,10,4,2,6,4,0,0,0,1,1,0,0,0,6.53996E+20,5.47895E+21,1.11244E+16,4.94437E+16
148100,148101,9,7,73,144,2016,10,7,6,3,5,3,0,1,0,1,0,0,0,0,6.04958E+20,5.37992E+21,1.04226E+16,4.85636E+16
148101,148102,9,1,79,145,2016,10,19,3,3,5,3,2,1,0,1,0,0,0,0,6.74017E+20,5.33684E+21,1.13402E+16,4.8161E+16
148102,148103,9,1,84,112,2016,10,18,3,3,5,3,1,1,0,1,0,1,0,0,7.00183E+20,5.33685E+21,1.16917E+16,4.81534E+16
148103,148104,9,3,76,161,2016,10,7,5,3,1,6,0,1,0,1,0,0,0,0,7.25767E+20,5.46849E+21,1.21073E+16,4.93273E+16
148104,148105,9,6,63,0,2016,10,5,3,3,5,3,2,1,0,1,0,0,0,0,5.68615E+20,5.51586E+21,9.9533E+15,4.97913E+16
148105,148106,9,1,78,145,2016,10,20,4,3,6,1,2,0,0,1,1,0,0,0,6.97501E+20,5.3545E+21,1.16639E+16,4.83128E+16
148106,148107,9,5,64,0,2016,10,14,5,3,0,7,0,1,1,0,0,0,0,0,6.50644E+20,5.48008E+21,1.10786E+16,4.94547E+16
148107,148108,9,1,62,0,2016,10,14,4,2,5,3,0,1,1,1,0,0,0,0,6.89369E+20,5.34139E+21,1.15484E+16,4.81975E+16
148108,148109,9,5,64,0,2016,10,12,4,3,5,1,0,0,1,0,0,0,0,1,6.49697E+20,5.47928E+21,1.10653E+16,4.94477E+16
148109,148110,9,5,64,0,2016,10,10,6,3,0,1,0,0,0,0,0,1,0,0,6.49927E+20,5.47863E+21,1.10682E+16,4.94419E+16
148110,148111,9,4,61,0,2016,10,13,6,2,5,3,0,0,0,1,0,0,0,1,6.36151E+20,5.52842E+21,1.08956E+16,4.98927E+16
148111,148112,9,1,87,117,2016,10,17,6,2,4,3,1,1,0,1,0,1,0,0,7.25539E+20,5.30482E+21,1.20153E+16,4.78571E+16
148112,148113,9,5,64,0,2016,10,7,4,3,0,1,0,1,1,0,0,0,0,0,6.51545E+20,5.47833E+21,1.10904E+16,4.94387E+16
148113,148114,9,6,63,0,2016,10,10,6,3,3,6,0,0,0,1,0,0,1,0,5.66428E+20,5.51722E+21,9.92315E+15,4.98037E+16
148114,148115,9,1,62,0,2016,10,8,3,3,5,3,0,1,0,1,0,0,0,0,6.96685E+20,5.33605E+21,1.16443E+16,4.81472E+16
148115,148116,9,5,75,118,2016,10,19,6,2,9,1,2,1,0,1,0,0,0,0,6.18596E+20,5.49426E+21,1.06409E+16,4.95893E+16
148116,148117,9,1,90,157,2016,10,11,6,3,2,6,0,1,0,1,0,0,0,0,6.59412E+20,5.29915E+21,1.11299E+16,4.78259E+16
148117,148118,9,5,63,0,2016,10,18,5,3,6,4,1,1,0,1,1,0,0,0,6.40561E+20,5.48383E+21,1.09409E+16,4.94908E+16
148118,148119,9,6,78,183,2016,10,20,3,3,4,2,2,0,1,1,0,0,0,0,5.95525E+20,5.53254E+21,1.03312E+16,4.99376E+16
148119,148120,9,1,62,0,2016,10,16,3,3,3,2,0,1,1,1,0,0,0,0,6.88377E+20,5.33658E+21,1.1533E+16,4.81545E+16
148120,148121,9,1,62,0,2016,10,12,4,2,5,3,0,1,1,1,0,0,0,0,6.87978E+20,5.32738E+21,1.15236E+16,4.80719E+16
148121,148122,9,5,77,136,2016,10,7,4,3,5,3,2,1,1,1,0,0,0,0,6.28696E+20,5.44124E+21,1.07635E+16,4.91105E+16
148122,148123,9,3,62,0,2016,10,9,6,2,5,2,0,0,0,1,0,0,0,0,7.27541E+20,5.43272E+21,1.21115E+16,4.90054E+16
148123,148124,9,6,76,134,2016,10,12,3,3,0,3,0,0,1,1,0,0,0,0,5.13342E+20,5.513E+21,9.18528E+15,4.97693E+16
148124,148125,9,1,62,0,2016,10,16,5,3,5,3,0,0,1,1,0,0,0,1,6.8891E+20,5.33365E+21,1.15388E+16,4.81281E+16
148125,148126,9,1,62,0,2016,10,8,5,3,5,3,0,0,1,1,0,0,0,0,6.95506E+20,5.3307E+21,1.1626E+16,4.80996E+16
148126,148127,9,1,62,0,2016,10,7,4,3,5,3,0,1,0,1,0,1,0,0,6.87357E+20,5.33195E+21,1.15172E+16,4.81132E+16
148127,148128,9,6,71,140,2016,10,17,3,2,5,3,0,0,0,1,0,0,0,1,5.05039E+20,5.53675E+21,9.07029E+15,4.99831E+16
148128,148129,9,1,62,0,2016,10,10,4,3,0,7,0,1,1,0,0,0,0,0,6.90435E+20,5.33538E+21,1.15601E+16,4.81432E+16
148129,148130,9,4,64,0,2016,10,7,4,3,6,4,0,1,0,1,1,0,0,0,7.08083E+20,5.57706E+21,1.19225E+16,5.03089E+16
148130,148131,9,1,62,0,2016,10,18,6,3,5,3,2,1,0,1,0,1,0,0,6.92511E+20,5.3319E+21,1.15864E+16,4.81112E+16
148131,148132,9,5,62,0,2016,10,7,3,3,0,7,2,1,0,0,0,1,0,0,6.45296E+20,5.49583E+21,1.10107E+16,4.95975E+16
148132,148133,9,1,62,0,2016,10,15,3,3,6,4,0,1,0,1,1,0,0,0,6.87404E+20,5.33489E+21,1.15192E+16,4.81396E+16
148133,148134,9,5,64,0,2016,10,22,5,3,0,7,2,1,0,0,0,1,0,0,6.52033E+20,5.47883E+21,1.10973E+16,4.94431E+16
148134,148135,9,4,78,127,2016,10,14,4,3,5,3,0,0,0,1,0,0,1,0,6.55389E+20,5.55785E+21,1.11752E+16,5.01525E+16
148135,148136,9,3,76,119,2016,10,16,5,3,5,3,0,1,0,1,0,0,0,0,7.19894E+20,5.45554E+21,1.20195E+16,4.92132E+16
148136,148137,9,2,71,119,2016,10,10,6,3,1,6,0,1,1,1,0,0,0,0,7.90847E+20,5.41617E+21,1.29634E+16,4.88303E+16
148137,148138,9,5,63,0,2016,10,17,3,3,2,6,0,1,0,1,0,1,0,0,6.44749E+20,5.48279E+21,1.09983E+16,4.94805E+16
148138,148139,9,7,72,147,2016,10,10,5,3,0,7,0,1,1,0,0,0,0,0,6.38235E+20,5.36547E+21,1.08686E+16,4.84272E+16
148139,148140,9,1,62,0,2016,10,7,4,3,2,2,0,0,0,1,0,1,0,0,6.93955E+20,5.33302E+21,1.16063E+16,4.81208E+16
148140,148141,9,1,62,0,2016,10,9,4,3,5,2,0,0,1,1,0,0,0,0,6.92334E+20,5.34191E+21,1.15885E+16,4.82012E+16
148141,148142,9,4,62,0,2016,10,16,4,3,4,2,0,0,0,1,0,0,0,0,6.84507E+20,5.53628E+21,1.1572E+16,4.99503E+16
148142,148143,9,7,63,0,2016,10,10,6,3,5,3,0,1,0,1,0,1,0,0,5.9852E+20,5.28585E+21,1.03136E+16,4.77185E+16
148143,148144,9,1,74,135,2016,10,15,3,3,5,2,0,1,0,1,0,0,0,0,6.63551E+20,5.3525E+21,1.12056E+16,4.83046E+16
148144,148145,9,1,62,0,2016,10,10,3,3,5,3,0,1,0,1,0,0,0,0,6.92584E+20,5.33386E+21,1.15883E+16,4.81288E+16
148145,148146,9,3,61,0,2016,10,9,5,2,1,7,0,0,0,1,0,0,0,0,7.07192E+20,5.48096E+21,1.18585E+16,4.9446E+16
148146,148147,9,5,64,0,2016,10,6,5,3,5,3,2,1,1,1,0,0,0,0,6.52334E+20,5.47866E+21,1.11014E+16,4.94415E+16
148147,148148,9,1,62,0,2016,10,5,2,3,5,3,2,1,0,1,0,0,0,0,6.79503E+20,5.3344E+21,1.14128E+16,4.81375E+16
148148,148149,9,1,62,0,2016,10,6,3,3,6,2,2,1,0,1,1,0,0,0,6.92176E+20,5.33442E+21,1.1583E+16,4.8134E+16
148149,148150,9,5,77,136,2016,10,14,5,3,5,3,0,0,0,1,0,1,0,0,6.28499E+20,5.44079E+21,1.07606E+16,4.91065E+16
148150,148151,9,3,61,0,2016,10,16,5,3,6,4,1,1,0,1,1,0,0,0,7.05891E+20,5.48058E+21,1.18404E+16,4.9443E+16
148151,148152,9,5,64,0,2016,10,21,5,3,2,6,2,1,0,1,0,0,0,0,6.50164E+20,5.47921E+21,1.10717E+16,4.9447E+16
148152,148153,9,5,64,0,2016,10,9,3,3,2,6,0,1,0,1,0,0,0,0,6.45716E+20,5.48054E+21,1.10109E+16,4.946E+16
148153,148154,9,6,63,0,2016,10,17,5,3,2,6,0,1,0,1,0,0,0,0,5.72116E+20,5.51614E+21,1.0002E+16,4.97934E+16