FID,OBJECTID,ULAND,UREGBEZ,UKREIS,UGEMEINDE,UJAHR,UMONAT,USTUNDE,UWOCHENTAG,UKATEGORIE,UART,UTYP1,ULICHTVERH,IstStrasse,IstRad,IstPKW,IstFuss,IstKrad,IstGkfz,IstSonstig,LINREFX,LINREFY,XGCSWGS84,YGCSWGS84
148330,148331,9,4,62,0,2016,10,13,6,3,4,2,0,0,0,1,0,1,0,0,6.85143E+20,5.53583E+21,1.15806E+16,4.99461E+16
148331,148332,9,1,87,150,2016,10,13,6,3,2,6,0,0,0,1,0,0,0,0,7.2932E+20,5.30353E+21,1.20651E+16,4.78442E+16
148332,148333,9,1,61,0,2016,10,20,3,3,5,3,2,1,0,1,0,0,0,0,6.78291E+20,5.4054E+21,1.14268E+16,4.8776E+16
148333,148334,9,1,62,0,2016,10,19,3,3,5,6,2,1,0,1,0,0,0,0,6.90434E+20,5.34263E+21,1.15633E+16,4.82083E+16
148334,148335,9,3,62,0,2016,10,15,5,3,5,6,0,0,1,1,0,0,0,0,7.25881E+20,5.43426E+21,1.20897E+16,4.90198E+16
148335,148336,9,1,62,0,2016,10,18,3,3,5,2,2,1,1,1,0,0,0,0,6.86393E+20,5.32932E+21,1.15031E+16,4.80898E+16
148336,148337,9,5,64,0,2016,10,9,4,3,5,2,0,0,1,1,0,0,0,0,6.49761E+20,5.47934E+21,1.10662E+16,4.94482E+16
148337,148338,9,1,85,149,2016,10,16,4,3,4,6,0,0,0,1,0,0,0,0,6.60401E+20,5.40072E+21,1.11817E+16,4.87388E+16
148338,148339,9,3,75,165,2016,10,15,6,3,0,1,0,0,1,0,0,0,0,0,7.21414E+20,5.44072E+21,1.20322E+16,4.90795E+16
148339,148340,9,1,86,143,2016,10,18,3,3,4,6,1,1,0,1,0,0,0,0,6.85513E+20,5.3794E+21,1.15134E+16,4.85402E+16
148340,148341,9,1,88,121,2016,10,13,6,3,0,7,0,1,1,0,0,0,0,0,6.71219E+20,5.33113E+21,1.13003E+16,4.81104E+16
148341,148342,9,1,62,0,2016,10,17,5,2,8,7,0,0,0,1,1,0,0,0,6.94205E+20,5.33433E+21,1.16102E+16,4.81326E+16
148342,148343,9,1,62,0,2016,10,8,6,3,3,2,0,1,1,1,0,0,0,0,6.88711E+20,5.33614E+21,1.15373E+16,4.81505E+16
148343,148344,9,7,63,0,2016,10,10,2,3,5,3,0,0,1,1,0,0,0,0,5.98662E+20,5.28698E+21,1.03158E+16,4.77286E+16
148344,148345,9,3,62,0,2016,10,9,2,3,2,6,0,1,0,1,0,1,0,0,7.23204E+20,5.4356E+21,1.20538E+16,4.90329E+16
148345,148346,9,1,62,0,2016,10,9,4,3,0,2,0,0,0,0,1,0,1,0,6.92912E+20,5.33785E+21,1.15945E+16,4.81646E+16
148346,148347,9,4,61,0,2016,10,3,1,3,1,7,2,0,1,1,0,0,0,0,6.35495E+20,5.52803E+21,1.08863E+16,4.98893E+16
148347,148348,9,1,84,120,2016,10,10,3,2,5,3,0,1,0,1,0,1,0,0,6.82382E+20,5.33237E+21,1.14506E+16,4.81184E+16
148348,148349,9,1,90,157,2016,10,10,3,3,0,7,0,1,0,0,0,1,0,1,6.59914E+20,5.30081E+21,1.11372E+16,4.78408E+16
148349,148350,9,1,73,126,2016,10,14,3,3,0,7,0,1,0,0,0,1,0,1,6.85622E+20,5.30364E+21,1.14817E+16,4.78592E+16
148350,148351,9,2,78,140,2016,10,10,2,3,1,6,0,0,0,1,0,0,0,1,7.74907E+20,5.41646E+21,1.27469E+16,4.88402E+16
148351,148352,9,2,62,0,2016,10,9,7,3,5,3,0,0,0,1,0,0,0,1,8.26498E+20,5.38915E+21,1.34265E+16,4.85702E+16
148352,148353,9,6,73,141,2016,10,18,3,3,6,2,2,0,0,1,1,0,0,0,6.04315E+20,5.57285E+21,1.04647E+16,5.02985E+16
148353,148354,9,1,62,0,2016,10,22,2,3,3,2,2,0,0,1,0,0,0,1,6.90141E+20,5.33525E+21,1.15561E+16,4.8142E+16
148354,148355,9,4,79,152,2016,10,18,3,3,5,3,2,0,0,1,0,0,0,0,7.24738E+20,5.56235E+21,1.21473E+16,5.01707E+16
148355,148356,9,1,84,149,2016,10,7,3,3,6,4,1,1,0,1,1,0,0,0,6.91115E+20,5.34962E+21,1.15756E+16,4.82709E+16
148356,148357,9,5,64,0,2016,10,13,4,3,5,3,0,0,0,1,0,0,0,0,6.50754E+20,5.48039E+21,1.10803E+16,4.94575E+16
148357,148358,9,2,75,130,2016,10,15,1,3,0,7,0,0,1,0,0,0,0,0,8.1349E+20,5.3638E+21,1.32316E+16,4.83494E+16
148358,148359,9,1,62,0,2016,10,17,2,3,6,4,0,0,0,1,1,0,0,0,6.89046E+20,5.33248E+21,1.15401E+16,4.81175E+16
148359,148360,9,1,73,134,2016,10,7,3,3,8,1,2,1,0,1,0,0,0,0,6.86465E+20,5.30232E+21,1.14924E+16,4.78472E+16
148360,148361,9,1,73,112,2016,10,7,3,3,5,3,0,1,0,1,0,0,0,0,6.92804E+20,5.29292E+21,1.15729E+16,4.77608E+16
148361,148362,9,2,71,119,2016,10,13,2,3,6,3,0,0,0,0,1,0,1,0,7.90452E+20,5.41654E+21,1.29583E+16,4.88338E+16
148362,148363,9,2,61,0,2016,10,13,7,3,5,3,0,0,1,1,0,0,0,0,7.32948E+20,5.38253E+21,1.21569E+16,4.85525E+16
148363,148364,9,5,62,0,2016,10,17,3,3,3,2,0,1,1,1,0,0,0,0,6.45125E+20,5.4946E+21,1.10079E+16,4.95866E+16
148364,148365,9,1,62,0,2016,10,8,2,3,5,2,0,0,1,1,0,0,0,0,6.87701E+20,5.33432E+21,1.15229E+16,4.81344E+16
148365,148366,9,4,79,152,2016,10,22,3,2,5,3,2,1,0,1,0,1,0,0,7.24386E+20,5.56286E+21,1.21427E+16,5.01754E+16
148366,148367,9,4,62,0,2016,10,14,4,3,6,7,0,0,1,0,1,0,0,0,6.8363E+20,5.53623E+21,1.15598E+16,4.99501E+16
148367,148368,9,2,74,126,2016,10,17,1,3,6,4,1,1,0,1,1,0,0,0,7.33723E+20,5.38305E+21,1.21676E+16,4.85569E+16
148368,148369,9,4,61,0,2016,10,21,7,3,5,2,2,0,1,1,0,0,0,0,6.36668E+20,5.52889E+21,1.0903E+16,4.98967E+16
148369,148370,9,1,62,0,2016,10,20,2,3,4,2,2,0,0,1,0,1,0,0,6.89062E+20,5.33335E+21,1.15407E+16,4.81253E+16
148370,148371,9,7,64,0,2016,10,19,3,3,6,2,2,0,0,1,1,0,0,0,5.87772E+20,5.31541E+21,1.01763E+16,4.7986E+16
148371,148372,9,1,63,0,2016,10,16,3,3,2,6,0,1,0,1,0,0,0,0,7.33189E+20,5.30457E+21,1.21173E+16,4.78521E+16
148372,148373,9,2,73,163,2016,10,5,2,3,7,7,2,0,0,1,0,0,0,0,7.11714E+20,5.3968E+21,1.18768E+16,4.86883E+16
148373,148374,9,2,79,112,2016,10,19,7,3,4,6,1,0,0,1,0,0,0,0,7.57457E+20,5.39227E+21,1.24944E+16,4.86304E+16
148374,148375,9,1,61,0,2016,10,17,4,3,1,5,1,0,0,1,0,1,0,0,6.79693E+20,5.40671E+21,1.14465E+16,4.87874E+16
148375,148376,9,1,73,147,2016,10,13,2,3,2,6,0,0,0,1,0,0,0,0,6.8168E+20,5.30892E+21,1.14313E+16,4.79079E+16
148376,148377,9,2,79,112,2016,10,22,7,3,6,7,2,0,0,1,1,0,0,0,7.56819E+20,5.39404E+21,1.24869E+16,4.86466E+16
148377,148378,9,1,62,0,2016,10,14,2,3,5,2,0,0,0,1,0,0,0,1,6.91318E+20,5.3387E+21,1.15734E+16,4.81727E+16
148378,148379,9,1,71,137,2016,10,14,4,3,0,7,0,0,0,0,0,1,1,0,7.69869E+20,5.35197E+21,1.26366E+16,4.82634E+16
148379,148380,9,1,62,0,2016,10,9,3,3,5,2,0,1,1,1,0,0,0,0,6.9016E+20,5.33608E+21,1.15567E+16,4.81495E+16
148380,148381,9,3,62,0,2016,10,17,4,3,4,2,0,0,0,1,0,1,0,0,7.26702E+20,5.43285E+21,1.21001E+16,4.90069E+16
148381,148382,9,1,90,157,2016,10,15,1,2,4,6,0,0,1,0,0,0,0,0,6.5808E+20,5.30317E+21,1.11136E+16,4.78624E+16
148382,148383,9,3,62,0,2016,10,15,7,2,0,1,0,1,1,0,0,0,0,0,7.27072E+20,5.43319E+21,1.21053E+16,4.90098E+16
148383,148384,9,1,62,0,2016,10,13,2,3,5,2,0,0,1,1,0,0,0,0,6.91222E+20,5.33477E+21,1.15704E+16,4.81374E+16
148384,148385,9,1,87,182,2016,10,11,3,3,5,2,0,0,1,1,0,0,0,0,7.41093E+20,5.3272E+21,1.22355E+16,4.80525E+16
148385,148386,9,1,90,139,2016,10,12,2,3,5,3,0,0,0,1,0,0,0,0,6.54284E+20,5.29498E+21,1.106E+16,4.77897E+16
148386,148387,9,1,83,148,2016,10,17,1,3,0,7,0,0,1,0,0,0,0,0,7.52341E+20,5.34569E+21,1.23971E+16,4.82142E+16
148387,148388,9,1,62,0,2016,10,19,3,2,6,4,2,1,0,0,1,1,0,0,6.84424E+20,5.33257E+21,1.14781E+16,4.81197E+16
148388,148389,9,1,63,0,2016,10,6,3,3,5,3,2,0,1,1,0,0,0,0,7.31654E+20,5.30524E+21,1.20972E+16,4.78587E+16
148389,148390,9,1,79,121,2016,10,16,1,3,5,3,0,0,0,1,0,0,0,1,6.67062E+20,5.33851E+21,1.12474E+16,4.81779E+16
148390,148391,9,1,63,0,2016,10,18,3,3,2,6,1,1,0,1,0,0,0,0,7.32781E+20,5.30471E+21,1.21119E+16,4.78535E+16
148391,148392,9,1,90,129,2016,10,7,2,3,5,3,1,1,1,1,0,0,0,0,6.42282E+20,5.30134E+21,1.09019E+16,4.78496E+16
148392,148393,9,1,90,157,2016,10,11,7,3,5,3,0,0,1,1,0,0,0,0,6.61177E+20,5.30142E+21,1.11543E+16,4.78459E+16
148393,148394,9,2,75,116,2016,10,19,4,1,5,3,2,0,1,1,0,0,0,0,8.19856E+20,5.36237E+21,1.33162E+16,4.83334E+16
148394,148395,9,1,74,113,2016,10,13,1,2,5,6,0,0,0,0,0,1,0,0,6.73928E+20,5.34562E+21,1.13426E+16,4.82399E+16
148395,148396,9,2,71,119,2016,10,22,7,3,2,6,2,0,0,1,0,0,0,0,7.9051E+20,5.41729E+21,1.29596E+16,4.88405E+16
148396,148397,9,7,75,164,2016,10,17,2,3,0,4,1,1,1,0,1,0,0,0,5.86167E+20,5.35E+21,1.01618E+16,4.82973E+16
148397,148398,9,7,78,115,2016,10,16,3,3,0,1,0,0,1,0,0,0,0,0,5.93073E+20,5.33301E+21,1.02512E+16,4.81435E+16
148398,148399,9,1,72,118,2016,10,17,2,3,0,3,1,0,1,1,0,0,0,0,7.98224E+20,5.3071E+21,1.29865E+16,4.7848E+16
148399,148400,9,4,64,0,2016,10,13,3,3,6,4,0,0,0,1,1,0,0,0,7.06419E+20,5.57805E+21,1.18997E+16,5.03183E+16
148400,148401,9,7,63,0,2016,10,18,4,2,0,1,2,0,1,0,0,0,0,0,5.96566E+20,5.28476E+21,1.02873E+16,4.7709E+16
148401,148402,9,1,62,0,2016,10,15,7,3,5,7,0,0,0,1,0,1,0,0,6.90645E+20,5.33522E+21,1.15628E+16,4.81416E+16
148402,148403,9,1,87,137,2016,10,7,3,3,0,1,1,1,1,0,0,0,0,0,7.31185E+20,5.30827E+21,1.20925E+16,4.7886E+16
148403,148404,9,1,61,0,2016,10,15,3,3,2,6,0,0,0,1,0,0,1,0,6.77448E+20,5.40526E+21,1.14153E+16,4.8775E+16
148404,148405,9,1,63,0,2016,10,18,2,3,5,3,1,0,0,1,0,0,0,0,7.33842E+20,5.30546E+21,1.21265E+16,4.78599E+16
148405,148406,9,1,90,140,2016,10,9,7,3,4,6,0,0,0,1,0,1,0,0,6.41706E+20,5.29131E+21,1.08909E+16,4.77596E+16
148406,148407,9,5,62,0,2016,10,14,3,3,6,4,0,1,0,1,1,0,0,0,6.46086E+20,5.48996E+21,1.10195E+16,4.95446E+16
148407,148408,9,7,63,0,2016,10,7,2,3,0,7,0,1,0,0,0,1,0,0,5.98621E+20,5.28725E+21,1.03153E+16,4.77311E+16
148408,148409,9,4,73,151,2016,10,5,3,3,0,1,2,1,1,0,0,0,0,0,6.50984E+20,5.57725E+21,1.11213E+16,5.03279E+16
148409,148410,9,1,84,120,2016,10,12,3,3,5,7,0,1,1,0,0,0,0,1,6.80844E+20,5.33356E+21,1.14305E+16,4.81296E+16
148410,148411,9,5,62,0,2016,10,18,3,2,4,2,2,1,1,1,0,0,0,0,6.45213E+20,5.49432E+21,1.1009E+16,4.9584E+16
148411,148412,9,7,80,120,2016,10,18,2,3,8,7,1,0,0,1,0,0,0,0,6.01488E+20,5.28397E+21,1.03527E+16,4.77011E+16
148412,148413,9,7,74,155,2016,10,11,3,2,0,1,0,1,0,0,0,1,0,0,5.9043E+20,5.36689E+21,1.02229E+16,4.84486E+16
148413,148414,9,4,74,126,2016,10,7,3,3,8,6,0,0,1,1,0,0,0,0,6.48464E+20,5.51061E+21,1.10601E+16,4.97296E+16
148414,148415,9,1,84,129,2016,10,7,3,3,5,3,1,1,1,1,0,0,0,0,6.98843E+20,5.32606E+21,1.16687E+16,4.80568E+16
148415,148416,9,5,63,0,2016,10,18,4,3,6,4,2,0,0,1,1,0,0,0,6.44134E+20,5.4808E+21,1.09891E+16,4.94627E+16
148416,148417,9,1,62,0,2016,10,13,7,2,5,3,0,0,1,1,0,0,0,0,6.94382E+20,5.33086E+21,1.1611E+16,4.81013E+16
148417,148418,9,1,62,0,2016,10,17,3,3,6,4,1,1,0,0,1,1,0,0,6.82243E+20,5.33598E+21,1.14503E+16,4.8151E+16
148418,148419,9,1,77,117,2016,10,16,3,3,5,3,0,1,0,1,0,1,0,0,7.13679E+20,5.35445E+21,1.18818E+16,4.83071E+16
148419,148420,9,1,63,0,2016,10,11,2,2,5,2,0,0,1,0,0,0,1,0,7.32457E+20,5.30459E+21,1.21075E+16,4.78526E+16
148420,148421,9,1,73,134,2016,10,15,7,2,6,4,0,0,0,1,1,0,0,0,6.84734E+20,5.295E+21,1.14662E+16,4.77818E+16
148421,148422,9,5,62,0,2016,10,16,3,2,0,7,0,0,0,1,0,0,0,0,6.46719E+20,5.49288E+21,1.10293E+16,4.95707E+16
148422,148423,9,7,80,119,2016,10,8,2,3,2,6,0,0,0,1,0,0,0,0,5.96632E+20,5.29578E+21,1.02906E+16,4.78081E+16
148423,148424,9,1,73,126,2016,10,12,4,3,2,7,0,0,0,0,0,1,1,0,6.86903E+20,5.30266E+21,1.14984E+16,4.78501E+16
148424,148425,9,1,62,0,2016,10,14,3,3,2,3,0,1,0,1,0,0,0,0,6.9295E+20,5.33232E+21,1.15925E+16,4.81149E+16
148425,148426,9,4,71,115,2016,10,8,3,3,8,6,0,1,0,1,0,0,0,0,6.27092E+20,5.54022E+21,1.07734E+16,5.00007E+16
148426,148427,9,4,61,0,2016,10,6,4,2,3,2,2,0,1,0,0,0,0,1,6.35917E+20,5.52834E+21,1.08923E+16,4.9892E+16
148427,148428,9,1,62,0,2016,10,14,7,2,0,7,0,0,1,0,0,0,0,0,6.86365E+20,5.32936E+21,1.15028E+16,4.80902E+16
148428,148429,9,3,63,0,2016,10,22,7,3,6,4,2,0,0,0,1,0,0,1,7.28257E+20,5.50826E+21,1.21645E+16,4.96836E+16
148429,148430,9,7,77,121,2016,10,17,2,3,3,6,0,0,1,1,0,0,0,0,6.27709E+20,5.32197E+21,1.07133E+16,4.80382E+16
148430,148431,9,7,80,139,2016,10,11,3,3,0,5,0,0,1,1,0,0,0,0,5.96181E+20,5.26295E+21,1.02774E+16,4.75128E+16
148431,148432,9,1,77,115,2016,10,12,3,3,5,3,0,0,1,1,0,0,0,0,7.34046E+20,5.35135E+21,1.21543E+16,4.8272E+16
148432,148433,9,5,77,136,2016,10,11,4,3,0,7,0,0,1,0,0,0,0,0,6.28137E+20,5.44261E+21,1.07562E+16,4.9123E+16
148433,148434,9,1,62,0,2016,10,15,7,3,4,6,0,0,0,1,0,0,0,0,6.82028E+20,5.34033E+21,1.14493E+16,4.81901E+16
148434,148435,9,7,79,194,2016,10,15,2,2,5,3,0,0,0,1,0,1,0,0,6.08049E+20,5.41231E+21,1.0473E+16,4.88543E+16
148435,148436,9,1,63,0,2016,10,19,2,2,1,7,2,0,0,1,0,0,0,0,7.3254E+20,5.307E+21,1.211E+16,4.78742E+16
148436,148437,9,1,71,111,2016,10,17,7,3,4,1,0,0,0,1,0,0,0,0,7.71924E+20,5.34577E+21,1.26602E+16,4.82069E+16
148437,148438,9,7,73,125,2016,10,17,2,3,4,6,0,0,0,1,0,0,0,0,6.11327E+20,5.38247E+21,1.05096E+16,4.85854E+16
148438,148439,9,1,63,0,2016,10,13,4,3,1,6,0,0,0,1,0,0,0,0,7.32793E+20,5.30687E+21,1.21132E+16,4.78729E+16
148439,148440,9,2,63,0,2016,10,17,4,3,2,6,0,0,0,1,0,0,0,0,7.62254E+20,5.41839E+21,1.2576E+16,4.8863E+16
148440,148441,9,1,62,0,2016,10,13,7,3,6,4,0,0,1,0,1,0,0,0,6.8997E+20,5.33928E+21,1.15556E+16,4.81784E+16
148441,148442,9,3,73,126,2016,10,17,7,3,5,3,0,1,0,1,0,0,1,0,6.69684E+20,5.45679E+21,1.13312E+16,4.92403E+16
148442,148443,9,6,63,0,2016,10,8,2,3,0,7,0,1,0,1,0,0,0,1,5.66578E+20,5.51543E+21,9.92493E+15,4.97876E+16
148443,148444,9,1,87,169,2016,10,17,2,3,0,6,0,1,0,1,0,1,0,0,7.41863E+20,5.29973E+21,1.22304E+16,4.78055E+16
148444,148445,9,1,87,130,2016,10,8,2,3,9,1,0,0,0,1,0,0,0,0,7.15476E+20,5.30618E+21,1.18816E+16,4.78728E+16
148445,148446,9,1,88,121,2016,10,12,4,3,0,7,0,0,0,0,1,0,0,1,6.70085E+20,5.33079E+21,1.12849E+16,4.81076E+16
148446,148447,9,2,74,146,2016,10,6,4,2,0,1,2,1,1,0,0,0,0,0,7.37192E+20,5.37911E+21,1.22123E+16,4.85202E+16
148447,148448,9,1,62,0,2016,10,18,7,3,5,3,2,0,0,1,0,0,0,1,6.90714E+20,5.34029E+21,1.1566E+16,4.81872E+16
148448,148449,9,5,62,0,2016,10,7,3,3,4,2,2,1,1,1,0,0,0,0,6.45823E+20,5.49465E+21,1.10176E+16,4.95869E+16
148449,148450,9,7,76,127,2016,10,10,3,3,1,7,0,0,0,1,0,0,0,0,5.75863E+20,5.27028E+21,1.00089E+16,4.75815E+16
148450,148451,9,4,61,0,2016,10,12,3,3,5,3,0,0,1,1,0,0,0,0,6.35482E+20,5.52818E+21,1.08862E+16,4.98907E+16
148451,148452,9,1,62,0,2016,10,16,3,3,6,4,0,1,0,1,1,0,0,0,6.98214E+20,5.32917E+21,1.16617E+16,4.8085E+16
148452,148453,9,7,62,0,2016,10,7,4,3,3,7,1,0,1,1,0,0,0,0,6.21819E+20,5.30421E+21,1.06293E+16,4.78796E+16
148453,148454,9,1,62,0,2016,10,14,7,3,0,7,0,0,0,0,0,0,0,1,6.95464E+20,5.33569E+21,1.16278E+16,4.81444E+16
148454,148455,9,1,62,0,2016,10,15,2,3,2,1,0,0,0,1,0,0,0,0,6.90218E+20,5.33376E+21,1.15564E+16,4.81286E+16
148455,148456,9,1,62,0,2016,10,13,2,3,5,2,0,0,0,1,0,0,0,0,6.84489E+20,5.33305E+21,1.14792E+16,4.81239E+16
148456,148457,9,1,62,0,2016,10,20,4,3,5,3,2,0,1,1,0,0,0,0,6.93618E+20,5.33466E+21,1.16025E+16,4.81357E+16
148457,148458,9,1,62,0,2016,10,21,7,3,1,6,2,0,0,1,0,0,0,0,6.94691E+20,5.33664E+21,1.16178E+16,4.81532E+16
148458,148459,9,1,62,0,2016,10,2,3,3,2,6,2,0,0,1,0,0,0,1,6.88128E+20,5.34329E+21,1.15326E+16,4.82149E+16
148459,148460,9,1,62,0,2016,10,8,2,3,1,5,0,1,1,1,0,0,0,0,6.91542E+20,5.3352E+21,1.15749E+16,4.81412E+16
148460,148461,9,1,62,0,2016,10,10,2,3,2,6,0,0,1,1,0,0,0,0,6.88592E+20,5.33194E+21,1.15338E+16,4.81127E+16
148461,148462,9,1,87,150,2016,10,13,2,3,5,3,0,0,1,1,0,0,0,0,7.28083E+20,5.30286E+21,1.20482E+16,4.78386E+16
148462,148463,9,1,63,0,2016,10,7,7,3,7,7,1,0,0,1,0,0,0,0,7.32802E+20,5.3033E+21,1.21114E+16,4.78408E+16
148463,148464,9,5,72,121,2016,10,11,3,2,5,3,0,0,0,0,0,1,0,1,6.59343E+20,5.49382E+21,1.12041E+16,4.9576E+16
148464,148465,9,6,75,141,2016,10,15,2,3,5,3,0,1,1,1,0,0,0,0,5.83133E+20,5.50993E+21,1.01537E+16,4.97361E+16
148465,148466,9,7,76,116,2016,10,11,3,2,0,7,0,0,0,0,0,0,0,1,5.53343E+20,5.26738E+21,9.70906E+15,4.75576E+16
148466,148467,9,1,61,0,2016,10,12,2,2,0,1,0,0,1,0,0,0,0,0,6.78331E+20,5.40401E+21,1.14268E+16,4.87635E+16
148467,148468,9,3,62,0,2016,10,21,3,3,0,4,2,0,1,0,1,0,0,0,7.25822E+20,5.43362E+21,1.20885E+16,4.90141E+16
148468,148469,9,1,62,0,2016,10,12,3,3,0,7,0,1,0,1,0,0,0,0,6.95482E+20,5.335E+21,1.16277E+16,4.81382E+16
148469,148470,9,5,64,0,2016,10,16,4,3,3,6,0,0,0,1,0,1,0,0,6.50336E+20,5.4792E+21,1.10741E+16,4.94469E+16
148470,148471,9,1,62,0,2016,10,14,7,3,1,2,0,0,0,1,0,0,0,0,6.91442E+20,5.33545E+21,1.15736E+16,4.81434E+16
148471,148472,9,1,62,0,2016,10,7,2,3,0,1,0,1,1,0,0,0,0,0,6.9528E+20,5.33869E+21,1.16267E+16,4.81715E+16
148472,148473,9,1,79,142,2016,10,7,2,3,5,3,1,0,0,1,0,0,0,0,6.72912E+20,5.34312E+21,1.13279E+16,4.82177E+16
148473,148474,9,1,61,0,2016,10,18,7,3,5,3,1,0,0,1,0,0,0,0,6.77801E+20,5.40513E+21,1.142E+16,4.87737E+16
148474,148475,9,6,62,0,2016,10,16,2,3,6,4,0,1,0,1,1,0,0,0,5.88135E+20,5.54426E+21,1.02309E+16,5.00441E+16
148475,148476,9,1,79,121,2016,10,18,2,2,0,7,1,0,1,0,0,0,0,0,6.68065E+20,5.33994E+21,1.12614E+16,4.81905E+16
148476,148477,9,1,61,0,2016,10,17,7,3,2,6,1,0,0,1,0,0,0,0,6.8095E+20,5.40319E+21,1.1462E+16,4.87554E+16
148477,148478,9,5,63,0,2016,10,6,3,3,5,3,2,1,0,1,0,0,0,1,6.42919E+20,5.48339E+21,1.09733E+16,4.94863E+16
148478,148479,9,6,74,147,2016,10,7,2,3,0,1,0,1,1,0,0,0,0,0,6.08999E+20,5.54383E+21,1.05221E+16,5.00368E+16
148479,148480,9,3,62,0,2016,10,12,3,3,2,6,0,1,0,1,0,0,0,0,7.27432E+20,5.43147E+21,1.21093E+16,4.89942E+16
148480,148481,9,4,78,139,2016,10,12,4,3,3,2,0,0,1,1,0,0,0,0,6.4846E+20,5.55763E+21,1.10782E+16,5.01523E+16
148481,148482,9,1,62,0,2016,10,15,7,3,0,1,0,0,1,0,0,0,0,0,6.92184E+20,5.33515E+21,1.15835E+16,4.81405E+16
148482,148483,9,4,71,174,2016,10,13,7,3,5,3,0,1,0,1,0,0,0,0,6.35407E+20,5.54188E+21,1.089E+16,5.00139E+16
148483,148484,9,6,61,0,2016,10,21,2,2,5,3,2,1,0,1,0,1,0,0,5.11115E+20,5.53632E+21,9.15503E+15,4.99791E+16
148484,148485,9,1,62,0,2016,10,16,2,3,0,7,0,0,0,0,0,0,0,1,6.90449E+20,5.33532E+21,1.15602E+16,4.81426E+16
148485,148486,9,1,74,115,2016,10,8,2,3,5,3,0,0,1,1,0,0,0,0,6.82549E+20,5.34857E+21,1.14598E+16,4.8264E+16
148486,148487,9,1,85,149,2016,10,16,7,3,0,7,0,0,1,1,0,0,0,0,6.66147E+20,5.3985E+21,1.12589E+16,4.87173E+16
148487,148488,9,1,87,137,2016,10,13,4,2,6,7,0,0,0,1,1,0,0,0,7.30637E+20,5.3088E+21,1.20855E+16,4.7891E+16
148488,148489,9,2,62,0,2016,10,16,4,3,1,6,0,0,0,1,0,0,0,0,8.25579E+20,5.38976E+21,1.34145E+16,4.85762E+16
148489,148490,9,7,64,0,2016,10,11,7,3,3,6,0,0,0,1,0,0,0,0,5.8661E+20,5.31604E+21,1.01609E+16,4.79918E+16
148490,148491,9,1,72,131,2016,10,16,4,3,0,1,0,1,0,0,0,1,0,0,7.82224E+20,5.28674E+21,1.27599E+16,4.76724E+16
148491,148492,9,3,75,174,2016,10,14,4,3,6,4,0,0,0,1,1,0,0,0,7.34066E+20,5.43111E+21,1.21996E+16,4.89885E+16
148492,148493,9,7,75,162,2016,10,12,7,3,9,1,0,0,1,0,0,0,0,0,5.79983E+20,5.34641E+21,1.00778E+16,4.82659E+16
148493,148494,9,3,75,174,2016,10,15,7,3,5,3,0,1,0,1,0,0,0,0,7.33778E+20,5.42981E+21,1.2195E+16,4.89769E+16
148494,148495,9,5,72,132,2016,10,22,2,3,0,1,2,1,1,0,0,0,0,0,6.36866E+20,5.49219E+21,1.08929E+16,4.95668E+16
148495,148496,9,1,62,0,2016,10,10,2,3,2,6,0,0,0,1,0,1,0,0,6.87071E+20,5.33629E+21,1.15153E+16,4.81523E+16
148496,148497,9,1,78,124,2016,10,16,2,2,5,3,0,0,1,1,0,0,0,0,7.01088E+20,5.3641E+21,1.17168E+16,4.8398E+16
148497,148498,9,7,78,116,2016,10,10,7,2,6,2,0,0,0,1,1,0,0,0,6.19201E+20,5.32001E+21,1.05987E+16,4.80222E+16
148498,148499,9,1,62,0,2016,10,6,3,3,3,6,2,1,0,1,0,1,0,0,6.90362E+20,5.33256E+21,1.15578E+16,4.81179E+16
148499,148500,9,7,63,0,2016,10,16,7,2,0,1,0,1,1,0,0,0,0,0,5.97954E+20,5.28705E+21,1.03063E+16,4.77294E+16
148500,148501,9,1,62,0,2016,10,16,1,3,5,3,0,0,0,1,0,0,0,0,7.00976E+20,5.33534E+21,1.17016E+16,4.81395E+16
148501,148502,9,1,76,114,2016,10,11,7,3,3,7,0,0,1,0,0,0,0,1,6.8088E+20,5.43464E+21,1.1475E+16,4.9038E+16
148502,148503,9,5,64,0,2016,10,9,3,3,2,6,0,1,1,1,0,0,0,0,6.51865E+20,5.47873E+21,1.1095E+16,4.94422E+16
148503,148504,9,7,72,147,2016,10,7,3,2,6,4,1,1,0,1,1,0,0,0,6.39032E+20,5.36503E+21,1.08793E+16,4.84231E+16
148504,148505,9,2,71,119,2016,10,11,7,3,0,7,0,0,0,1,1,0,0,0,7.89614E+20,5.41667E+21,1.2947E+16,4.88354E+16
148505,148506,9,5,65,0,2016,10,19,2,3,5,3,2,1,0,1,0,0,0,0,6.48625E+20,5.46712E+21,1.1046E+16,4.93387E+16