FID,OBJECTID,ULAND,UREGBEZ,UKREIS,UGEMEINDE,UJAHR,UMONAT,USTUNDE,UWOCHENTAG,UKATEGORIE,UART,UTYP1,ULICHTVERH,IstStrasse,IstRad,IstPKW,IstFuss,IstKrad,IstGkfz,IstSonstig,LINREFX,LINREFY,XGCSWGS84,YGCSWGS84
148682,148683,9,7,63,0,2016,10,21,2,3,0,1,2,0,0,0,0,1,0,0,5.9874E+20,5.28602E+21,1.03166E+16,4.772E+16
148683,148684,9,5,63,0,2016,11,21,3,3,5,3,2,0,0,1,0,0,0,0,6.42758E+20,5.4809E+21,1.09702E+16,4.9464E+16
148684,148685,9,2,73,111,2016,10,21,2,3,5,3,2,0,0,1,0,1,0,0,7.13016E+20,5.41053E+21,1.19016E+16,4.88112E+16
148685,148686,9,1,62,0,2016,10,3,5,3,0,7,2,0,1,0,0,0,0,0,6.92383E+20,5.33751E+21,1.15872E+16,4.81617E+16
148686,148687,9,4,79,152,2016,10,3,1,3,5,3,2,0,0,1,0,0,0,0,7.23664E+20,5.56328E+21,1.21328E+16,5.01794E+16
148687,148688,9,3,63,0,2016,10,15,1,3,9,6,0,0,0,1,0,0,0,0,7.23743E+20,5.50516E+21,1.21002E+16,4.96574E+16
148688,148689,9,7,72,125,2016,10,13,6,3,5,1,0,0,1,1,0,0,0,0,6.35046E+20,5.34941E+21,1.08204E+16,4.82835E+16
148689,148690,9,3,71,113,2016,10,10,5,3,5,3,0,0,0,1,0,0,0,0,6.89765E+20,5.50793E+21,1.16314E+16,4.9694E+16
148690,148691,9,1,62,0,2016,10,15,2,3,5,3,0,0,1,1,0,0,0,0,6.88518E+20,5.33475E+21,1.15341E+16,4.8138E+16
148691,148692,9,5,64,0,2016,10,17,7,2,4,6,0,0,1,0,0,0,0,1,6.53751E+20,5.47886E+21,1.1121E+16,4.94429E+16
148692,148693,9,7,75,135,2016,11,23,3,3,8,1,2,0,0,1,0,0,0,0,5.81041E+20,5.36231E+21,1.00951E+16,4.84087E+16
148693,148694,9,7,76,117,2016,10,12,2,3,0,1,0,0,1,0,0,0,0,0,5.66674E+20,5.27234E+21,9.88699E+15,4.76011E+16
148694,148695,9,1,90,138,2016,10,13,2,3,3,6,0,0,1,1,0,0,0,0,6.62874E+20,5.30822E+21,1.11795E+16,4.79066E+16
148695,148696,9,1,84,145,2016,10,15,5,2,4,3,0,0,1,0,0,0,0,1,6.97544E+20,5.3254E+21,1.16509E+16,4.80513E+16
148696,148697,9,2,62,0,2016,10,9,5,3,0,6,0,0,1,0,0,0,0,0,8.24063E+20,5.39023E+21,1.33944E+16,4.85813E+16
148697,148698,9,5,77,177,2016,10,18,7,3,4,6,2,0,0,1,0,0,0,1,6.46041E+20,5.4332E+21,1.09981E+16,4.90344E+16
148698,148699,9,1,72,114,2016,11,3,3,3,7,1,2,0,0,0,0,1,0,0,7.90981E+20,5.29312E+21,1.28806E+16,4.77258E+16
148699,148700,9,3,77,139,2016,10,14,1,2,8,7,0,0,0,1,0,0,0,0,7.53576E+20,5.53471E+21,1.25321E+16,4.99109E+16
148700,148701,9,1,83,112,2016,10,16,2,2,0,7,1,0,1,0,0,0,0,0,7.53846E+20,5.35062E+21,1.24203E+16,4.82579E+16
148701,148702,9,1,62,0,2016,10,6,5,3,5,3,2,0,1,1,0,0,0,0,6.86249E+20,5.33984E+21,1.15058E+16,4.81844E+16
148702,148703,9,4,76,184,2016,10,13,7,3,9,2,0,0,0,1,1,0,0,0,6.75903E+20,5.57163E+21,1.14685E+16,5.02705E+16
148703,148704,9,7,61,0,2016,10,13,6,3,3,7,0,0,1,1,0,0,0,0,6.39825E+20,5.35904E+21,1.0888E+16,4.8369E+16
148704,148705,9,2,61,0,2016,10,15,5,2,6,2,0,0,0,0,1,0,1,0,7.31989E+20,5.38135E+21,1.21432E+16,4.85423E+16
148705,148706,9,4,62,0,2016,10,9,7,2,5,3,0,0,0,1,0,0,0,0,6.85536E+20,5.53194E+21,1.15842E+16,4.99111E+16
148706,148707,9,1,72,118,2016,10,17,2,2,5,3,2,0,1,1,0,0,0,0,7.96369E+20,5.30457E+21,1.296E+16,4.78261E+16
148707,148708,9,1,62,0,2016,10,15,5,2,0,3,0,0,1,1,0,0,0,0,6.90592E+20,5.34131E+21,1.15648E+16,4.81964E+16
148708,148709,9,2,73,137,2016,10,16,5,3,0,7,0,0,0,0,0,1,0,0,7.11546E+20,5.42192E+21,1.18874E+16,4.8914E+16
148709,148710,9,2,73,152,2016,10,10,7,3,0,1,0,1,1,0,0,0,0,0,7.03326E+20,5.4095E+21,1.17692E+16,4.88052E+16
148710,148711,9,1,63,0,2016,11,16,4,3,5,3,1,1,0,1,0,1,0,0,7.33656E+20,5.30407E+21,1.21233E+16,4.78475E+16
148711,148712,9,7,61,0,2016,10,7,6,3,3,7,0,0,1,1,0,0,0,0,6.4018E+20,5.3586E+21,1.08926E+16,4.8365E+16
148712,148713,9,2,77,116,2016,11,20,4,2,6,4,2,1,0,1,1,0,0,0,7.78122E+20,5.36825E+21,1.27583E+16,4.8406E+16
148713,148714,9,6,73,114,2016,10,10,6,3,5,3,0,0,1,1,0,0,0,0,5.85305E+20,5.57503E+21,1.01983E+16,5.03212E+16
148714,148715,9,1,72,134,2016,10,10,2,3,5,3,0,0,0,1,0,0,0,0,7.8632E+20,5.30673E+21,1.28275E+16,4.785E+16
148715,148716,9,1,84,127,2016,10,17,5,3,0,5,0,0,1,1,0,0,0,0,7.0263E+20,5.32137E+21,1.17172E+16,4.80135E+16
148716,148717,9,1,62,0,2016,10,17,2,2,6,4,2,0,1,0,1,0,0,0,6.8965E+20,5.33264E+21,1.15483E+16,4.81187E+16
148717,148718,9,1,87,117,2016,11,13,3,3,5,3,0,0,0,1,0,0,0,0,7.26451E+20,5.30574E+21,1.2028E+16,4.7865E+16
148718,148719,9,1,79,121,2016,11,10,4,3,4,2,0,1,0,1,0,0,0,0,6.65991E+20,5.33787E+21,1.12327E+16,4.81724E+16
148719,148720,9,7,79,194,2016,10,8,2,2,6,2,0,0,0,1,1,0,0,0,6.10473E+20,5.41275E+21,1.05061E+16,4.88579E+16
148720,148721,9,5,64,0,2016,11,11,3,3,4,7,0,0,0,1,0,0,0,0,6.4825E+20,5.47996E+21,1.10456E+16,4.94542E+16
148721,148722,9,1,72,114,2016,10,13,2,2,0,7,0,0,1,0,0,0,0,0,7.90206E+20,5.2931E+21,1.28702E+16,4.7726E+16
148722,148723,9,1,62,0,2016,10,22,5,3,5,3,2,1,1,1,0,0,0,0,6.87517E+20,5.3322E+21,1.15195E+16,4.81154E+16
148723,148724,9,3,75,153,2016,10,15,1,2,2,6,0,0,0,1,0,1,0,0,7.19013E+20,5.44793E+21,1.20033E+16,4.91451E+16
148724,148725,9,3,62,0,2016,10,18,1,3,4,2,2,0,0,1,0,0,0,0,7.23695E+20,5.43316E+21,1.20592E+16,4.90107E+16
148725,148726,9,1,86,137,2016,10,9,2,3,0,1,0,0,1,0,0,0,0,0,6.82179E+20,5.39862E+21,1.14767E+16,4.8714E+16
148726,148727,9,1,62,0,2016,10,18,5,3,6,4,2,0,1,0,1,0,0,0,6.91965E+20,5.33621E+21,1.1581E+16,4.81501E+16
148727,148728,9,3,73,119,2016,10,17,1,3,0,1,1,0,1,0,0,0,0,0,6.85041E+20,5.45576E+21,1.15415E+16,4.92267E+16
148728,148729,9,3,72,116,2016,10,11,1,2,0,1,0,0,0,0,0,1,0,0,7.66548E+20,5.4582E+21,1.26606E+16,4.92185E+16
148729,148730,9,6,61,0,2016,10,16,6,3,0,7,0,0,0,0,0,0,0,1,5.1225E+20,5.5347E+21,9.17081E+15,4.99646E+16
148730,148731,9,1,90,141,2016,10,18,5,2,4,3,1,0,1,0,0,0,0,0,6.76911E+20,5.29235E+21,1.13607E+16,4.77602E+16
148731,148732,9,1,62,0,2016,10,11,2,3,0,5,0,0,0,0,1,0,0,1,6.93273E+20,5.33448E+21,1.15978E+16,4.81342E+16
148732,148733,9,2,73,137,2016,10,17,7,3,0,7,1,0,0,1,1,0,0,0,7.11142E+20,5.42113E+21,1.18815E+16,4.89071E+16
148733,148734,9,1,85,158,2016,11,1,3,3,6,7,2,1,0,1,1,0,0,0,6.67086E+20,5.38121E+21,1.12647E+16,4.85617E+16
148734,148735,9,5,62,0,2016,10,7,6,3,0,3,0,0,1,1,0,0,0,0,6.46072E+20,5.49464E+21,1.1021E+16,4.95867E+16
148735,148736,9,7,79,131,2016,10,7,2,3,2,6,0,0,0,1,0,0,0,0,6.30775E+20,5.39831E+21,1.07782E+16,4.87241E+16
148736,148737,9,5,64,0,2016,11,22,3,3,5,2,2,0,0,1,0,0,0,0,6.50224E+20,5.48049E+21,1.1073E+16,4.94585E+16
148737,148738,9,1,76,112,2016,10,13,2,3,0,1,0,0,1,0,0,0,0,0,6.87774E+20,5.42424E+21,1.15644E+16,4.89425E+16
148738,148739,9,7,75,164,2016,10,4,5,3,0,1,2,1,0,0,0,1,0,0,5.86054E+20,5.35166E+21,1.01606E+16,4.83122E+16
148739,148740,9,3,61,0,2016,10,2,1,3,6,4,2,0,0,1,1,0,0,0,7.07346E+20,5.48105E+21,1.18607E+16,4.94467E+16
148740,148741,9,5,64,0,2016,10,16,6,3,5,3,0,0,0,1,0,1,0,0,6.49123E+20,5.48034E+21,1.10578E+16,4.94574E+16
148741,148742,9,1,73,118,2016,10,7,5,2,6,7,0,0,0,0,1,0,0,1,6.94104E+20,5.30314E+21,1.15948E+16,4.78522E+16
148742,148743,9,1,89,155,2016,10,17,7,3,8,7,2,0,1,0,0,0,0,0,7.74496E+20,5.30568E+21,1.26691E+16,4.78458E+16
148743,148744,9,5,64,0,2016,10,14,6,3,3,3,0,0,0,1,0,1,0,0,6.47695E+20,5.47719E+21,1.10369E+16,4.94294E+16
148744,148745,9,1,85,149,2016,10,9,5,3,0,7,0,0,0,1,0,0,0,0,6.60022E+20,5.39848E+21,1.11757E+16,4.87188E+16
148745,148746,9,1,62,0,2016,10,18,2,3,4,6,2,0,0,1,0,0,0,0,6.90464E+20,5.33865E+21,1.15619E+16,4.81726E+16
148746,148747,9,1,75,132,2016,10,20,7,3,0,7,2,0,1,0,0,0,0,0,7.0755E+20,5.33118E+21,1.17878E+16,4.81E+16
148747,148748,9,6,79,202,2016,10,19,2,3,6,4,2,0,0,1,1,0,0,0,5.62705E+20,5.52079E+21,9.872E+15,4.98363E+16
148748,148749,9,1,79,134,2016,10,17,2,3,0,1,1,0,1,0,0,0,0,0,6.70177E+20,5.34226E+21,1.12907E+16,4.82107E+16
148749,148750,9,7,75,135,2016,10,16,5,3,0,7,0,0,1,0,0,0,0,0,5.74124E+20,5.36049E+21,1.00013E+16,4.83932E+16
148750,148751,9,1,76,138,2016,10,14,5,3,9,1,0,0,0,1,0,0,0,0,6.76768E+20,5.4192E+21,1.14121E+16,4.89005E+16
148751,148752,9,1,77,117,2016,10,18,7,3,0,1,1,1,0,0,0,1,0,0,7.15134E+20,5.35474E+21,1.19015E+16,4.83092E+16
148752,148753,9,2,78,148,2016,10,8,1,3,0,1,0,0,0,0,0,1,0,0,7.36949E+20,5.40687E+21,1.22249E+16,4.87697E+16
148753,148754,9,5,64,0,2016,10,12,6,3,0,7,0,1,0,0,0,1,0,1,6.47411E+20,5.47544E+21,1.10323E+16,4.94137E+16
148754,148755,9,1,88,139,2016,10,14,5,3,5,3,0,1,1,0,0,0,0,0,6.76052E+20,5.31843E+21,1.13599E+16,4.79949E+16
148755,148756,9,5,61,0,2016,10,10,2,3,6,4,0,0,0,1,1,0,0,0,6.13684E+20,5.46168E+21,1.05636E+16,4.92973E+16
148756,148757,9,1,88,121,2016,10,17,2,3,5,3,2,0,1,1,0,0,0,0,6.70396E+20,5.32975E+21,1.12887E+16,4.80982E+16
148757,148758,9,7,78,144,2016,10,6,5,3,8,1,2,0,0,1,0,0,0,0,5.93501E+20,5.3041E+21,1.02506E+16,4.78834E+16
148758,148759,9,1,74,111,2016,10,12,2,3,8,1,0,0,0,1,0,0,0,0,6.66562E+20,5.36149E+21,1.12497E+16,4.83846E+16
148759,148760,9,7,80,139,2016,10,10,5,3,5,6,0,0,1,1,0,0,0,0,5.95706E+20,5.2636E+21,1.02712E+16,4.75188E+16
148760,148761,9,1,88,139,2016,10,9,5,3,4,2,0,0,0,0,0,0,1,1,6.75592E+20,5.31926E+21,1.13541E+16,4.80025E+16
148761,148762,9,1,62,0,2016,10,14,6,3,2,6,0,0,0,1,0,0,0,1,6.89059E+20,5.34153E+21,1.15443E+16,4.81988E+16
148762,148763,9,2,63,0,2016,10,2,1,2,5,3,2,0,0,1,0,0,0,0,7.63453E+20,5.42061E+21,1.25938E+16,4.88824E+16
148763,148764,9,1,90,157,2016,11,20,4,2,4,2,2,1,1,1,0,0,0,0,6.60352E+20,5.30107E+21,1.11432E+16,4.78429E+16
148764,148765,9,4,64,0,2016,10,12,6,3,8,7,0,0,0,1,0,0,0,0,7.07151E+20,5.57588E+21,1.19088E+16,5.02986E+16
148765,148766,9,7,76,129,2016,10,13,5,3,2,7,0,0,0,1,0,0,1,1,5.6904E+20,5.27042E+21,9.91816E+15,4.75835E+16
148766,148767,9,7,79,131,2016,10,19,5,2,5,7,2,0,1,0,1,0,0,0,6.28628E+20,5.39721E+21,1.07487E+16,4.87146E+16
148767,148768,9,4,62,0,2016,10,19,6,3,5,2,2,0,0,1,0,0,0,0,6.83365E+20,5.53536E+21,1.15557E+16,4.99424E+16
148768,148769,9,1,79,134,2016,10,19,5,3,4,2,2,0,0,1,0,1,0,0,6.70853E+20,5.34274E+21,1.13E+16,4.82149E+16
148769,148770,9,1,62,0,2016,10,19,2,3,4,2,2,0,0,1,0,0,0,0,6.84744E+20,5.33374E+21,1.14829E+16,4.81301E+16
148770,148771,9,1,81,130,2016,11,11,3,3,0,7,0,0,1,0,0,0,0,0,6.38695E+20,5.3249E+21,1.08616E+16,4.80623E+16
148771,148772,9,1,78,124,2016,11,17,4,2,6,4,2,1,0,1,1,0,0,0,7.04487E+20,5.36349E+21,1.17624E+16,4.83914E+16
148772,148773,9,1,81,130,2016,10,16,5,3,0,7,0,1,1,0,0,0,0,0,6.39509E+20,5.32433E+21,1.08723E+16,4.8057E+16
148773,148774,9,1,62,0,2016,10,13,6,3,0,7,0,0,0,0,0,0,0,1,6.91933E+20,5.33222E+21,1.15788E+16,4.81143E+16
148774,148775,9,1,79,121,2016,11,19,3,3,6,4,2,0,0,1,1,0,0,0,6.67515E+20,5.33976E+21,1.12539E+16,4.8189E+16
148775,148776,9,1,61,0,2016,11,14,4,3,6,4,0,0,0,1,1,0,0,0,6.77622E+20,5.40702E+21,1.14184E+16,4.87908E+16
148776,148777,9,4,71,140,2016,10,9,6,2,6,7,0,0,0,1,1,0,0,0,6.34866E+20,5.53251E+21,1.08792E+16,4.99297E+16
148777,148778,9,6,63,0,2016,10,15,2,3,6,2,0,0,0,1,1,0,0,0,5.68915E+20,5.51491E+21,9.9573E+15,4.97827E+16
148778,148779,9,1,78,124,2016,10,10,2,3,5,3,0,0,1,1,0,0,0,0,7.02624E+20,5.36496E+21,1.17379E+16,4.84052E+16
148779,148780,9,7,61,0,2016,10,16,5,3,6,4,0,0,0,1,1,0,0,0,6.4301E+20,5.35943E+21,1.09311E+16,4.83718E+16
148780,148781,9,2,72,136,2016,10,20,1,3,8,1,2,0,0,0,0,1,0,0,8.49983E+20,5.40849E+21,1.37601E+16,4.87309E+16
148781,148782,9,1,61,0,2016,10,14,1,3,6,4,0,0,0,1,1,0,0,0,6.77959E+20,5.40454E+21,1.14219E+16,4.87684E+16
148782,148783,9,3,75,174,2016,10,7,6,2,5,3,0,1,0,1,0,1,0,0,7.35341E+20,5.43088E+21,1.22169E+16,4.8986E+16
148783,148784,9,1,77,117,2016,10,6,5,3,5,3,2,0,0,1,0,1,0,0,7.1424E+20,5.35537E+21,1.18898E+16,4.83152E+16
148784,148785,9,1,84,145,2016,10,10,2,1,5,2,0,0,1,0,0,0,1,0,6.94242E+20,5.32554E+21,1.16067E+16,4.80536E+16
148785,148786,9,1,62,0,2016,10,9,6,3,5,3,0,0,0,1,0,0,0,0,6.91504E+20,5.33726E+21,1.15753E+16,4.81597E+16
148786,148787,9,6,63,0,2016,10,12,2,3,2,6,0,0,0,1,0,0,0,0,5.68043E+20,5.51266E+21,9.9448E+15,4.97626E+16
148787,148788,9,5,64,0,2016,11,20,3,3,5,3,2,0,0,1,0,0,0,0,6.49182E+20,5.48073E+21,1.10587E+16,4.94609E+16
148788,148789,9,1,62,0,2016,10,13,1,3,5,3,0,0,0,1,0,0,0,0,6.86251E+20,5.33329E+21,1.1503E+16,4.81256E+16
148789,148790,9,6,62,0,2016,10,13,5,3,0,7,0,0,0,1,0,1,0,0,5.87654E+20,5.54464E+21,1.02243E+16,5.00476E+16
148790,148791,9,6,77,159,2016,10,16,2,3,0,7,0,0,0,0,0,1,0,0,5.44498E+20,5.55992E+21,9.62336E+15,5.01898E+16
148791,148792,9,5,64,0,2016,11,15,3,3,2,6,0,0,0,1,0,1,0,0,6.50055E+20,5.48164E+21,1.10711E+16,4.94689E+16
148792,148793,9,1,62,0,2016,10,15,1,2,6,6,0,0,1,0,1,0,0,0,6.8777E+20,5.33676E+21,1.15249E+16,4.81564E+16
148793,148794,9,6,61,0,2016,10,16,5,3,5,3,0,0,0,1,0,0,0,0,5.10666E+20,5.53741E+21,9.1488E+15,4.99889E+16
148794,148795,9,1,76,120,2016,10,6,1,3,9,1,0,0,0,1,0,0,0,0,6.79567E+20,5.42188E+21,1.14514E+16,4.89238E+16
148795,148796,9,1,88,113,2016,10,12,1,2,0,1,0,0,1,0,0,0,0,0,6.79034E+20,5.31166E+21,1.1397E+16,4.79332E+16
148796,148797,9,3,75,118,2016,10,8,6,3,4,6,0,0,0,1,0,0,1,0,7.04612E+20,5.44221E+21,1.18031E+16,4.90987E+16
148797,148798,9,1,62,0,2016,10,11,4,3,5,2,0,0,0,1,0,0,0,0,6.91658E+20,5.33279E+21,1.15753E+16,4.81195E+16
148798,148799,9,1,62,0,2016,10,20,2,3,1,6,2,0,0,1,0,0,0,0,6.90721E+20,5.34032E+21,1.15661E+16,4.81874E+16
148799,148800,9,1,62,0,2016,10,16,6,3,6,4,0,0,0,1,1,0,0,0,6.82599E+20,5.33743E+21,1.14557E+16,4.81639E+16
148800,148801,9,6,75,141,2016,10,15,2,2,4,2,0,0,0,0,0,1,1,0,5.84694E+20,5.51233E+21,1.01759E+16,4.97575E+16
148801,148802,9,1,62,0,2016,10,15,1,3,5,2,0,0,1,1,0,0,0,0,6.81467E+20,5.33465E+21,1.14393E+16,4.81392E+16
148802,148803,9,6,61,0,2016,10,9,5,3,5,3,0,0,0,1,0,0,0,0,5.11676E+20,5.5357E+21,9.16284E+15,4.99735E+16
148803,148804,9,1,62,0,2016,10,21,4,3,4,2,2,0,0,1,0,0,0,0,6.91445E+20,5.33545E+21,1.15737E+16,4.81434E+16
148804,148805,9,1,62,0,2016,10,16,6,2,0,7,0,0,1,0,0,0,0,0,6.92569E+20,5.33512E+21,1.15886E+16,4.81401E+16
148805,148806,9,1,74,115,2016,11,2,3,3,0,1,2,0,1,0,0,0,0,0,6.81121E+20,5.34883E+21,1.14407E+16,4.82668E+16
148806,148807,9,1,74,113,2016,10,16,1,2,8,1,0,0,0,0,0,1,0,0,6.75314E+20,5.34654E+21,1.13616E+16,4.82478E+16
148807,148808,9,2,71,146,2016,11,13,4,3,5,3,0,1,0,1,0,0,0,1,7.86363E+20,5.41254E+21,1.28999E+16,4.87998E+16
148808,148809,9,3,75,208,2016,10,19,6,2,4,6,2,0,0,1,0,0,0,0,7.30976E+20,5.4391E+21,1.2162E+16,4.90614E+16
148809,148810,9,1,62,0,2016,10,18,4,2,0,6,1,0,1,0,0,0,0,0,6.79591E+20,5.33691E+21,1.14151E+16,4.816E+16
148810,148811,9,1,62,0,2016,10,8,6,3,6,7,0,0,0,1,1,0,0,0,6.90894E+20,5.33502E+21,1.15661E+16,4.81397E+16
148811,148812,9,3,62,0,2016,10,11,6,3,2,6,0,0,0,1,0,1,0,0,7.26214E+20,5.43253E+21,1.20933E+16,4.90042E+16
148812,148813,9,1,62,0,2016,10,14,4,3,5,7,0,1,0,1,0,0,1,0,6.79457E+20,5.33457E+21,1.14123E+16,4.8139E+16
148813,148814,9,1,62,0,2016,10,14,2,3,0,7,0,0,1,0,0,0,0,0,6.8782E+20,5.32971E+21,1.15225E+16,4.8093E+16
148814,148815,9,1,62,0,2016,10,12,6,3,6,4,0,0,0,1,1,0,0,0,6.80157E+20,5.33539E+21,1.1422E+16,4.81462E+16
148815,148816,9,1,62,0,2016,10,10,1,3,3,2,0,0,0,1,0,1,0,0,6.85956E+20,5.33762E+21,1.15009E+16,4.81646E+16
148816,148817,9,5,65,0,2016,10,10,5,3,6,4,0,0,0,1,1,0,0,0,6.46952E+20,5.46561E+21,1.10224E+16,4.93255E+16
148817,148818,9,1,62,0,2016,10,12,4,3,5,3,0,0,0,1,0,0,0,0,6.86754E+20,5.33026E+21,1.15084E+16,4.80982E+16
148818,148819,9,1,62,0,2016,10,7,6,2,5,3,1,0,1,1,0,0,0,0,6.93501E+20,5.33554E+21,1.16013E+16,4.81437E+16
148819,148820,9,1,89,157,2016,11,12,4,3,0,7,0,1,1,0,0,0,0,0,7.63658E+20,5.32469E+21,1.25362E+16,4.8021E+16
148820,148821,9,3,72,116,2016,10,19,6,3,5,3,2,0,0,1,0,0,0,0,7.6708E+20,5.45836E+21,1.2668E+16,4.92197E+16
148821,148822,9,5,64,0,2016,10,20,5,3,2,6,2,0,0,1,0,1,0,0,6.48325E+20,5.47738E+21,1.10457E+16,4.9431E+16
148822,148823,9,1,78,124,2016,10,17,1,3,5,3,2,0,1,1,0,0,0,0,7.0159E+20,5.36409E+21,1.17236E+16,4.83978E+16
148823,148824,9,4,75,171,2016,10,5,2,3,8,1,2,1,0,0,0,1,0,0,6.95412E+20,5.57902E+21,1.17458E+16,5.03309E+16
148824,148825,9,1,62,0,2016,10,17,1,3,0,5,2,0,1,1,0,0,0,0,6.92219E+20,5.3371E+21,1.15848E+16,4.8158E+16
148825,148826,9,5,64,0,2016,10,10,5,3,0,1,0,0,1,1,0,0,0,0,6.52374E+20,5.48047E+21,1.11027E+16,4.94578E+16
148826,148827,9,1,78,124,2016,11,13,3,3,3,6,0,0,0,1,0,0,0,0,7.04487E+20,5.35925E+21,1.17603E+16,4.83533E+16
148827,148828,9,1,86,143,2016,11,13,4,3,0,1,0,1,1,0,0,0,0,0,6.84651E+20,5.37808E+21,1.15011E+16,4.85286E+16
148828,148829,9,2,71,119,2016,10,12,6,3,1,6,0,0,0,1,0,0,0,0,7.90146E+20,5.41855E+21,1.29556E+16,4.8852E+16
148829,148830,9,6,62,0,2016,10,13,2,3,6,2,0,0,0,1,1,0,0,0,5.89009E+20,5.5446E+21,1.02432E+16,5.0047E+16
148830,148831,9,1,62,0,2016,10,19,1,3,5,3,2,0,1,1,0,0,0,0,6.91922E+20,5.33801E+21,1.15812E+16,4.81663E+16
148831,148832,9,5,64,0,2016,10,10,5,3,5,2,0,0,0,1,0,0,0,1,6.49885E+20,5.47815E+21,1.10675E+16,4.94375E+16
148832,148833,9,1,62,0,2016,10,9,7,2,9,1,0,0,0,1,0,0,0,0,6.86701E+20,5.33842E+21,1.15113E+16,4.81716E+16
148833,148834,9,1,62,0,2016,10,11,7,3,5,3,0,1,0,1,0,1,0,0,6.88445E+20,5.33965E+21,1.15353E+16,4.81821E+16
148834,148835,9,2,71,127,2016,10,14,6,3,4,6,0,0,0,1,0,0,0,0,8.0509E+20,5.40412E+21,1.31481E+16,4.87154E+16
148835,148836,9,1,62,0,2016,10,17,4,3,0,2,1,0,1,1,0,0,0,0,6.89533E+20,5.33606E+21,1.15483E+16,4.81495E+16
148836,148837,9,1,84,146,2016,10,12,2,3,5,3,0,0,0,1,0,1,0,0,6.9793E+20,5.32819E+21,1.16574E+16,4.80762E+16
148837,148838,9,1,62,0,2016,10,17,6,3,5,3,0,0,1,0,0,0,1,0,6.93967E+20,5.34233E+21,1.16107E+16,4.82045E+16
148838,148839,9,5,64,0,2016,10,17,5,3,5,3,0,0,0,1,0,0,0,0,6.51026E+20,5.47929E+21,1.10836E+16,4.94475E+16
148839,148840,9,1,62,0,2016,10,19,7,3,2,6,1,0,0,1,0,0,0,0,6.92327E+20,5.33777E+21,1.15866E+16,4.81641E+16
148840,148841,9,2,75,116,2016,10,15,6,3,5,3,0,0,0,1,0,0,0,0,8.18551E+20,5.36394E+21,1.32999E+16,4.83482E+16
148841,148842,9,1,62,0,2016,10,12,4,3,4,2,0,0,1,1,0,0,0,0,6.85017E+20,5.329E+21,1.14845E+16,4.80874E+16
148842,148843,9,1,62,0,2016,10,10,2,3,5,2,0,0,1,1,0,0,0,0,6.95505E+20,5.33603E+21,1.16285E+16,4.81474E+16
148843,148844,9,1,62,0,2016,10,22,6,3,4,2,2,0,0,1,0,0,0,0,6.90714E+20,5.34029E+21,1.1566E+16,4.81872E+16
148844,148845,9,1,62,0,2016,10,13,2,3,5,3,0,0,1,1,0,0,0,0,6.88092E+20,5.33076E+21,1.15266E+16,4.81023E+16
148845,148846,9,1,84,114,2016,11,12,3,2,4,2,0,0,1,1,0,0,0,0,6.99556E+20,5.32287E+21,1.16767E+16,4.80279E+16
148846,148847,9,1,90,140,2016,10,19,6,3,1,6,2,0,0,1,0,0,0,0,6.44838E+20,5.29393E+21,1.09336E+16,4.77825E+16
148847,148848,9,5,64,0,2016,10,15,2,3,5,3,0,0,1,1,0,0,0,0,6.4924E+20,5.47917E+21,1.1059E+16,4.94469E+16
148848,148849,9,5,61,0,2016,11,1,3,3,9,1,2,0,0,1,0,0,0,0,6.13864E+20,5.46092E+21,1.05659E+16,4.92904E+16
148849,148850,9,7,75,135,2016,10,17,1,3,0,7,0,0,0,0,0,1,0,0,5.75721E+20,5.3609E+21,1.0023E+16,4.83967E+16
148850,148851,9,5,64,0,2016,10,11,5,3,0,1,0,0,1,0,0,0,0,0,6.52207E+20,5.48293E+21,1.11013E+16,4.94799E+16
148851,148852,9,1,62,0,2016,10,14,7,3,6,4,0,0,0,1,1,0,0,0,6.8673E+20,5.33771E+21,1.15113E+16,4.81651E+16
148852,148853,9,1,84,129,2016,10,13,7,3,2,6,0,1,1,0,0,0,0,1,6.99653E+20,5.32641E+21,1.16797E+16,4.80597E+16
148853,148854,9,1,80,117,2016,10,14,6,3,6,7,0,0,0,1,1,0,0,0,6.58011E+20,5.26192E+21,1.10977E+16,4.74915E+16
148854,148855,9,1,62,0,2016,10,16,4,3,2,6,0,0,1,1,0,0,0,0,6.87366E+20,5.33901E+21,1.15205E+16,4.81767E+16
148855,148856,9,1,62,0,2016,10,18,2,3,2,6,2,0,0,1,0,0,0,0,6.89047E+20,5.33335E+21,1.15405E+16,4.81253E+16
148856,148857,9,1,62,0,2016,10,8,6,2,0,5,0,0,1,0,0,0,0,1,6.97629E+20,5.33184E+21,1.1655E+16,4.81091E+16