FID,OBJECTID,ULAND,UREGBEZ,UKREIS,UGEMEINDE,UJAHR,UMONAT,USTUNDE,UWOCHENTAG,UKATEGORIE,UART,UTYP1,ULICHTVERH,IstStrasse,IstRad,IstPKW,IstFuss,IstKrad,IstGkfz,IstSonstig,LINREFX,LINREFY,XGCSWGS84,YGCSWGS84
148857,148858,9,5,64,0,2016,10,21,2,3,3,7,2,0,0,1,0,0,0,0,6.5153E+20,5.47849E+21,1.10903E+16,4.94402E+16
148858,148859,9,7,80,139,2016,10,13,1,3,3,6,0,0,0,1,0,1,0,0,5.96485E+20,5.26361E+21,1.02816E+16,4.75188E+16
148859,148860,9,5,64,0,2016,10,19,5,3,3,6,1,0,0,1,0,0,0,0,6.51111E+20,5.48079E+21,1.10854E+16,4.9461E+16
148860,148861,9,5,75,121,2016,10,15,2,3,5,3,0,0,0,1,0,0,0,0,6.23701E+20,5.49053E+21,1.07103E+16,4.95547E+16
148861,148862,9,7,80,132,2016,10,21,1,3,8,1,2,0,1,0,0,0,0,0,5.77029E+20,5.2674E+21,1.00239E+16,4.75555E+16
148862,148863,9,5,73,134,2016,10,8,5,3,5,3,0,0,1,1,0,0,0,0,6.41637E+20,5.47942E+21,1.09542E+16,4.94509E+16
148863,148864,9,1,62,0,2016,10,18,4,3,1,7,1,0,1,1,0,0,0,1,6.93592E+20,5.33367E+21,1.16017E+16,4.81268E+16
148864,148865,9,1,62,0,2016,10,13,6,3,5,3,0,0,1,1,0,0,0,0,6.93781E+20,5.33605E+21,1.16053E+16,4.81482E+16
148865,148866,9,1,72,118,2016,10,9,6,3,5,3,0,0,1,1,0,0,0,0,7.97518E+20,5.30496E+21,1.29756E+16,4.78291E+16
148866,148867,9,1,62,0,2016,10,15,4,3,5,3,0,0,1,1,0,0,0,0,6.92545E+20,5.3392E+21,1.15901E+16,4.81768E+16
148867,148868,9,1,62,0,2016,10,17,6,3,3,6,1,0,1,0,0,0,0,0,6.86621E+20,5.33226E+21,1.15075E+16,4.81162E+16
148868,148869,9,7,77,121,2016,10,16,1,3,5,3,0,0,0,1,0,1,0,0,6.27784E+20,5.32172E+21,1.07142E+16,4.80359E+16
148869,148870,9,5,61,0,2016,10,8,5,2,8,7,0,0,1,0,0,0,0,1,6.16293E+20,5.46183E+21,1.05996E+16,4.92982E+16
148870,148871,9,1,62,0,2016,10,14,4,3,0,6,0,0,0,0,0,0,0,1,6.80826E+20,5.33575E+21,1.14312E+16,4.81492E+16
148871,148872,9,1,62,0,2016,10,12,6,3,5,3,0,0,1,0,0,0,0,0,6.89495E+20,5.33491E+21,1.15472E+16,4.81392E+16
148872,148873,9,1,62,0,2016,10,11,2,3,5,3,0,0,0,1,0,0,0,0,6.86139E+20,5.33995E+21,1.15044E+16,4.81855E+16
148873,148874,9,1,87,122,2016,11,5,4,3,5,3,2,0,0,1,0,1,0,0,7.18896E+20,5.30753E+21,1.1928E+16,4.78837E+16
148874,148875,9,1,62,0,2016,10,9,4,3,1,7,0,1,1,0,0,0,0,1,6.9371E+20,5.33222E+21,1.16026E+16,4.81138E+16
148875,148876,9,1,62,0,2016,10,14,6,3,0,6,0,0,0,1,0,1,0,0,6.90949E+20,5.33435E+21,1.15665E+16,4.81337E+16
148876,148877,9,7,75,139,2016,10,17,7,3,8,1,0,0,0,0,0,1,0,0,5.78234E+20,5.36484E+21,1.00576E+16,4.84318E+16
148877,148878,9,1,73,147,2016,11,9,4,3,6,4,0,0,0,1,1,0,0,0,6.81234E+20,5.30946E+21,1.14255E+16,4.79129E+16
148878,148879,9,1,87,154,2016,10,1,6,3,8,1,2,1,1,0,0,0,0,0,7.34894E+20,5.29655E+21,1.21357E+16,4.77795E+16
148879,148880,9,4,75,168,2016,10,7,5,2,6,7,0,0,0,0,1,0,1,0,7.09181E+20,5.56729E+21,1.19325E+16,5.02208E+16
148880,148881,9,1,62,0,2016,10,14,4,3,5,3,0,0,0,1,0,0,0,0,6.91012E+20,5.33228E+21,1.15664E+16,4.81151E+16
148881,148882,9,1,77,133,2016,11,11,4,3,6,7,0,0,0,1,1,0,0,0,7.06696E+20,5.35955E+21,1.17902E+16,4.83553E+16
148882,148883,9,4,62,0,2016,11,18,7,3,1,1,2,1,0,1,0,0,0,0,6.8297E+20,5.53568E+21,1.15503E+16,4.99454E+16
148883,148884,9,2,74,172,2016,11,5,2,3,6,3,2,1,0,1,1,0,0,0,7.1888E+20,5.39419E+21,1.19726E+16,4.86623E+16
148884,148885,9,1,88,127,2016,11,18,5,2,5,2,2,0,1,1,0,0,0,0,6.79583E+20,5.32972E+21,1.1412E+16,4.80954E+16
148885,148886,9,1,62,0,2016,11,18,7,3,1,6,2,1,0,1,0,0,0,0,6.9343E+20,5.34191E+21,1.16033E+16,4.82009E+16
148886,148887,9,1,62,0,2016,11,15,7,3,2,6,0,0,0,1,0,1,0,0,6.83455E+20,5.33756E+21,1.14673E+16,4.81648E+16
148887,148888,9,1,71,113,2016,11,17,5,3,0,1,2,0,1,0,0,0,0,0,7.76737E+20,5.34231E+21,1.27226E+16,4.81737E+16
148888,148889,9,3,62,0,2016,11,22,7,3,0,4,2,1,0,0,1,1,0,0,7.23935E+20,5.43444E+21,1.20632E+16,4.90221E+16
148889,148890,9,7,61,0,2016,11,10,4,3,6,4,0,1,1,0,1,0,0,0,6.40651E+20,5.35927E+21,1.08992E+16,4.83709E+16
148890,148891,9,1,62,0,2016,11,10,2,3,4,2,0,1,0,1,0,0,0,0,6.9658E+20,5.33433E+21,1.16421E+16,4.81318E+16
148891,148892,9,7,61,0,2016,11,16,6,3,0,1,1,1,1,0,0,0,0,0,6.40472E+20,5.35805E+21,1.08964E+16,4.836E+16
148892,148893,9,7,61,0,2016,11,9,2,3,5,3,0,0,0,1,0,0,0,0,6.41409E+20,5.35922E+21,1.09094E+16,4.83703E+16
148893,148894,9,2,61,0,2016,11,14,2,3,1,6,0,0,0,1,0,0,0,0,7.31501E+20,5.38173E+21,1.21368E+16,4.85459E+16
148894,148895,9,1,62,0,2016,11,9,5,3,7,1,0,1,1,0,0,0,0,0,6.87511E+20,5.3396E+21,1.15227E+16,4.8182E+16
148895,148896,9,6,63,0,2016,11,20,6,3,6,7,2,0,0,1,1,0,0,0,5.68019E+20,5.51503E+21,9.94488E+15,4.97838E+16
148896,148897,9,1,62,0,2016,11,8,4,2,5,3,0,1,1,1,0,0,0,0,6.87921E+20,5.3308E+21,1.15243E+16,4.81027E+16
148897,148898,9,1,62,0,2016,11,11,7,2,6,4,0,0,0,1,1,0,0,0,6.8611E+20,5.33486E+21,1.15018E+16,4.81397E+16
148898,148899,9,1,62,0,2016,11,12,7,3,3,7,0,1,0,1,0,0,0,0,6.91267E+20,5.33962E+21,1.15732E+16,4.8181E+16
148899,148900,9,1,79,149,2016,11,18,5,3,6,4,2,0,0,1,1,0,0,0,6.54697E+20,5.33006E+21,1.10781E+16,4.8105E+16
148900,148901,9,3,72,116,2016,11,10,7,3,6,4,0,0,0,1,1,0,0,0,7.66863E+20,5.4582E+21,1.26649E+16,4.92184E+16
148901,148902,9,6,63,0,2016,11,8,4,3,6,2,0,0,0,1,1,0,0,0,5.67443E+20,5.51611E+21,9.93707E+15,4.97937E+16
148902,148903,9,1,62,0,2016,11,18,2,2,6,3,2,1,0,1,1,0,0,0,6.93962E+20,5.33369E+21,1.16067E+16,4.81269E+16
148903,148904,9,6,63,0,2016,11,7,6,3,3,6,0,0,0,1,0,0,1,0,5.6846E+20,5.51688E+21,9.95133E+15,4.98005E+16
148904,148905,9,6,79,202,2016,11,13,2,3,5,2,0,0,0,1,0,0,0,0,5.63233E+20,5.51948E+21,9.87913E+15,4.98244E+16
148905,148906,9,1,90,157,2016,11,18,2,3,4,2,2,0,1,0,0,0,0,0,6.60924E+20,5.30072E+21,1.11507E+16,4.78397E+16
148906,148907,9,1,62,0,2016,11,16,5,3,5,3,1,0,0,1,0,0,0,0,6.80591E+20,5.3399E+21,1.14298E+16,4.81867E+16
148907,148908,9,6,63,0,2016,11,13,4,3,6,4,0,0,0,1,1,0,0,0,5.66825E+20,5.5164E+21,9.92852E+15,4.97963E+16
148908,148909,9,6,78,115,2016,11,10,6,3,6,2,0,0,0,0,1,0,0,1,5.84698E+20,5.54038E+21,1.01821E+16,5.00097E+16
148909,148910,9,1,71,125,2016,11,9,3,3,3,2,0,0,1,1,0,0,0,0,7.75139E+20,5.34965E+21,1.27059E+16,4.82403E+16
148910,148911,9,1,62,0,2016,11,8,7,3,0,3,0,1,1,0,0,0,0,0,6.85918E+20,5.33225E+21,1.14981E+16,4.81163E+16
148911,148912,9,2,71,114,2016,11,17,7,3,1,5,2,1,0,0,0,1,1,0,8.09202E+20,5.40841E+21,1.3207E+16,4.87518E+16
148912,148913,9,6,77,157,2016,11,14,4,3,5,2,0,0,0,1,0,0,0,0,5.44968E+20,5.52193E+21,9.62549E+15,4.98481E+16
148913,148914,9,1,63,0,2016,11,20,2,3,5,3,2,1,1,1,0,0,0,0,7.33958E+20,5.30511E+21,1.21278E+16,4.78567E+16
148914,148915,9,2,75,128,2016,11,10,7,3,0,3,0,0,0,1,0,1,0,0,8.28938E+20,5.40043E+21,1.34684E+16,4.86701E+16
148915,148916,9,6,77,155,2016,11,12,4,3,6,7,0,0,0,1,1,0,0,0,5.42293E+20,5.53784E+21,9.59002E+15,4.99914E+16
148916,148917,9,5,62,0,2016,11,18,6,3,0,7,2,0,0,1,0,1,0,0,6.46988E+20,5.4956E+21,1.1034E+16,4.95951E+16
148917,148918,9,1,87,130,2016,11,15,2,3,0,2,0,0,0,1,0,0,0,0,7.12692E+20,5.30983E+21,1.18462E+16,4.79065E+16
148918,148919,9,1,62,0,2016,11,12,5,3,5,3,0,0,1,1,0,0,0,0,6.86629E+20,5.3303E+21,1.15067E+16,4.80986E+16
148919,148920,9,6,72,114,2016,11,19,4,3,6,2,2,1,0,1,1,0,0,0,5.75872E+20,5.56077E+21,1.0063E+16,5.01942E+16
148920,148921,9,5,65,0,2016,11,10,6,3,6,5,0,0,0,1,1,0,0,0,6.47714E+20,5.46597E+21,1.1033E+16,4.93286E+16
148921,148922,9,1,62,0,2016,11,13,7,3,1,5,0,1,1,1,0,0,0,0,6.96135E+20,5.33594E+21,1.16369E+16,4.81465E+16
148922,148923,9,7,75,135,2016,11,19,4,2,0,2,2,0,0,1,0,1,0,0,5.78943E+20,5.36411E+21,1.00671E+16,4.84252E+16
148923,148924,9,2,75,141,2016,11,12,7,3,5,3,0,0,0,1,0,0,0,0,8.18684E+20,5.36924E+21,1.33057E+16,4.83957E+16
148924,148925,9,1,62,0,2016,11,9,5,3,0,5,0,1,1,1,0,0,0,0,6.90108E+20,5.33391E+21,1.1555E+16,4.81301E+16
148925,148926,9,1,62,0,2016,11,18,7,3,0,5,2,1,1,1,0,0,0,0,6.90691E+20,5.33622E+21,1.15639E+16,4.81506E+16
148926,148927,9,1,62,0,2016,11,16,5,3,1,6,1,0,1,1,0,0,0,0,6.92097E+20,5.33571E+21,1.15825E+16,4.81456E+16
148927,148928,9,1,62,0,2016,11,12,7,3,0,7,0,1,1,0,0,0,0,0,6.91609E+20,5.335E+21,1.15757E+16,4.81394E+16
148928,148929,9,2,62,0,2016,11,16,5,3,6,5,1,0,0,1,1,0,0,0,8.2525E+20,5.39033E+21,1.34105E+16,4.85815E+16
148929,148930,9,1,90,111,2016,11,7,7,3,9,1,0,1,0,1,0,0,0,0,6.40956E+20,5.29858E+21,1.08833E+16,4.78251E+16
148930,148931,9,6,62,0,2016,11,12,4,2,5,3,0,0,0,1,0,1,0,0,5.88607E+20,5.54329E+21,1.02373E+16,5.00353E+16
148931,148932,9,1,76,167,2016,11,17,2,2,6,4,2,1,0,1,1,0,0,0,6.77151E+20,5.41073E+21,1.14136E+16,4.88243E+16
148932,148933,9,1,62,0,2016,11,17,5,3,6,4,2,0,1,0,1,0,0,0,6.90415E+20,5.33552E+21,1.15599E+16,4.81444E+16
148933,148934,9,6,62,0,2016,11,11,4,3,3,6,0,0,0,1,0,0,0,0,5.87768E+20,5.5443E+21,1.02258E+16,5.00445E+16
148934,148935,9,5,77,177,2016,11,11,6,2,5,3,0,0,0,1,0,0,0,0,6.43329E+20,5.43117E+21,1.09603E+16,4.90168E+16
148935,148936,9,1,63,0,2016,11,8,3,3,4,2,0,0,1,1,0,0,0,0,7.33379E+20,5.30302E+21,1.2119E+16,4.78381E+16
148936,148937,9,7,74,162,2016,11,20,4,3,8,1,2,0,0,1,0,0,0,0,6.00481E+20,5.3479E+21,1.03543E+16,4.82764E+16
148937,148938,9,1,80,123,2016,11,9,7,2,6,1,0,0,0,0,1,0,0,1,6.70527E+20,5.25664E+21,1.12617E+16,4.74409E+16
148938,148939,9,6,79,147,2016,11,17,2,3,5,3,2,1,0,1,0,1,0,0,5.63681E+20,5.51454E+21,9.88454E+15,4.97799E+16
148939,148940,9,1,85,158,2016,11,18,2,3,1,7,2,0,0,1,0,0,0,0,6.66225E+20,5.38058E+21,1.12527E+16,4.85563E+16
148940,148941,9,1,62,0,2016,11,16,5,3,2,6,0,0,0,1,0,0,0,0,6.90946E+20,5.3343E+21,1.15665E+16,4.81333E+16
148941,148942,9,1,62,0,2016,11,13,7,3,2,6,0,1,1,1,0,0,0,0,6.91576E+20,5.33535E+21,1.15754E+16,4.81426E+16
148942,148943,9,7,80,139,2016,11,23,7,3,1,6,2,0,0,1,0,0,0,0,5.9615E+20,5.25865E+21,1.0276E+16,4.74742E+16
148943,148944,9,1,63,0,2016,11,16,5,3,5,3,0,0,0,0,0,1,0,1,7.3109E+20,5.30416E+21,1.20891E+16,4.78492E+16
148944,148945,9,1,89,155,2016,11,14,7,2,0,7,0,0,0,0,0,0,0,1,7.74758E+20,5.30679E+21,1.26733E+16,4.78557E+16
148945,148946,9,6,61,0,2016,11,7,4,3,0,7,0,1,1,0,0,0,0,0,5.10676E+20,5.53737E+21,9.14893E+15,4.99885E+16
148946,148947,9,1,62,0,2016,11,11,2,3,0,7,0,1,1,1,0,0,0,0,6.92543E+20,5.33523E+21,1.15883E+16,4.81412E+16
148947,148948,9,5,75,143,2016,11,7,6,2,8,1,1,1,0,1,0,0,0,0,5.97775E+20,5.47464E+21,1.03481E+16,4.94166E+16
148948,148949,9,6,63,0,2016,11,18,2,3,1,6,2,1,0,1,0,0,0,0,5.69023E+20,5.51669E+21,9.95911E+15,4.97987E+16
148949,148950,9,3,62,0,2016,11,19,3,3,2,6,2,0,1,1,0,0,0,0,7.26701E+20,5.43191E+21,1.20996E+16,4.89985E+16
148950,148951,9,1,62,0,2016,11,18,2,3,5,3,2,0,1,1,0,0,0,0,6.93802E+20,5.34029E+21,1.16075E+16,4.81863E+16
148951,148952,9,5,71,136,2016,11,18,6,3,1,5,2,1,1,1,0,0,0,0,5.96215E+20,5.43598E+21,1.03173E+16,4.90691E+16
148952,148953,9,1,61,0,2016,11,16,3,3,2,6,0,0,0,1,0,0,0,0,6.77806E+20,5.4053E+21,1.14202E+16,4.87752E+16
148953,148954,9,7,63,0,2016,11,12,4,3,1,6,0,0,0,1,0,0,0,0,5.97518E+20,5.28493E+21,1.03E+16,4.77104E+16
148954,148955,9,6,74,147,2016,11,11,2,3,1,6,0,0,0,1,0,0,0,0,6.08369E+20,5.54329E+21,1.05132E+16,5.00321E+16
148955,148956,9,3,76,161,2016,11,7,3,3,5,3,0,2,0,1,0,0,0,1,7.2562E+20,5.46704E+21,1.21045E+16,4.93144E+16
148956,148957,9,1,81,130,2016,11,7,2,3,1,6,0,2,0,1,0,0,0,0,6.38893E+20,5.32266E+21,1.08635E+16,4.80421E+16
148957,148958,9,7,75,126,2016,11,6,5,2,2,6,1,1,1,0,0,0,0,1,5.81924E+20,5.35854E+21,1.01063E+16,4.83747E+16
148958,148959,9,7,76,116,2016,11,19,7,2,0,2,2,1,0,1,1,0,0,0,5.51813E+20,5.26631E+21,9.68859E+15,4.75481E+16
148959,148960,9,7,79,194,2016,11,5,7,2,6,7,2,1,0,1,1,0,0,0,6.08827E+20,5.41232E+21,1.04836E+16,4.88543E+16
148960,148961,9,1,62,0,2016,11,16,4,3,5,3,0,1,0,1,0,0,0,0,6.94594E+20,5.33606E+21,1.16162E+16,4.8148E+16
148961,148962,9,1,72,118,2016,11,11,7,3,1,6,0,0,0,1,0,0,0,0,7.97492E+20,5.30481E+21,1.29752E+16,4.78277E+16
148962,148963,9,5,72,132,2016,11,21,4,2,6,4,2,0,0,1,1,0,0,0,6.37598E+20,5.49149E+21,1.09027E+16,4.95603E+16
148963,148964,9,1,62,0,2016,11,17,2,3,6,7,2,1,0,1,1,0,0,0,6.83869E+20,5.33594E+21,1.14721E+16,4.81501E+16
148964,148965,9,5,61,0,2016,11,17,6,2,2,6,2,0,0,1,0,0,0,0,6.13513E+20,5.46205E+21,1.05614E+16,4.93006E+16
148965,148966,9,6,72,127,2016,11,19,2,2,4,6,2,1,0,1,0,0,0,0,5.6479E+20,5.55154E+21,9.90617E+15,5.01125E+16
148966,148967,9,1,79,121,2016,11,5,2,3,5,3,2,1,0,1,0,0,0,0,6.66503E+20,5.33776E+21,1.12396E+16,4.81712E+16
148967,148968,9,7,63,0,2016,11,20,5,3,5,3,2,0,0,1,0,0,0,0,5.99526E+20,5.28789E+21,1.03275E+16,4.77367E+16
148968,148969,9,5,62,0,2016,11,7,4,3,5,3,0,1,1,1,0,0,0,0,6.45301E+20,5.49575E+21,1.10107E+16,4.95969E+16
148969,148970,9,4,64,0,2016,11,17,6,2,5,2,1,0,1,1,0,0,0,0,7.08408E+20,5.5785E+21,1.19278E+16,5.03217E+16
148970,148971,9,1,85,149,2016,11,13,3,3,6,7,0,0,1,0,1,0,0,0,6.60221E+20,5.40016E+21,1.1179E+16,4.87338E+16
148971,148972,9,7,73,125,2016,11,10,7,3,5,3,0,0,0,1,0,1,0,0,6.10389E+20,5.38151E+21,1.04966E+16,4.85769E+16
148972,148973,9,1,74,115,2016,11,8,2,3,1,6,0,1,0,1,0,0,0,1,6.80704E+20,5.3472E+21,1.14344E+16,4.82522E+16
148973,148974,9,7,77,125,2016,11,16,5,3,0,1,0,0,1,0,0,0,0,0,6.19898E+20,5.27326E+21,1.05951E+16,4.76017E+16
148974,148975,9,4,61,0,2016,11,10,6,3,3,7,0,1,1,1,0,0,0,0,6.35329E+20,5.52982E+21,1.08847E+16,4.99054E+16
148975,148976,9,1,84,147,2016,11,11,4,3,4,2,0,1,1,1,0,0,0,0,6.96043E+20,5.34031E+21,1.16377E+16,4.81857E+16
148976,148977,9,1,86,113,2016,11,18,7,3,1,5,2,1,0,1,0,1,0,0,6.81453E+20,5.39427E+21,1.14649E+16,4.86751E+16
148977,148978,9,5,63,0,2016,11,12,4,3,1,3,0,0,0,1,0,1,0,0,6.44021E+20,5.48093E+21,1.09876E+16,4.94639E+16
148978,148979,9,4,61,0,2016,11,9,6,3,0,7,0,0,1,0,0,0,0,0,6.36165E+20,5.52949E+21,1.08962E+16,4.99023E+16
148979,148980,9,1,78,124,2016,11,14,2,2,9,1,0,1,1,0,0,0,0,0,7.0171E+20,5.36489E+21,1.17256E+16,4.84049E+16
148980,148981,9,7,71,142,2016,11,14,5,3,5,3,0,0,0,1,0,1,0,0,6.46616E+20,5.35189E+21,1.09771E+16,4.83032E+16
148981,148982,9,5,64,0,2016,11,17,4,3,2,6,2,1,0,1,0,0,0,0,6.49612E+20,5.47932E+21,1.10641E+16,4.94481E+16
148982,148983,9,3,62,0,2016,11,15,6,2,4,3,0,0,0,1,0,0,0,0,7.25254E+20,5.43531E+21,1.20817E+16,4.90295E+16
148983,148984,9,7,80,124,2016,11,15,4,2,5,2,0,1,1,1,0,0,0,0,5.92518E+20,5.26766E+21,1.02297E+16,4.75558E+16
148984,148985,9,1,79,142,2016,11,6,7,3,2,6,1,1,0,1,0,0,1,0,6.7831E+20,5.34201E+21,1.14E+16,4.82063E+16
148985,148986,9,7,72,184,2016,11,18,4,3,3,6,2,0,0,1,0,0,0,1,6.34944E+20,5.36164E+21,1.0823E+16,4.83935E+16
148986,148987,9,1,77,133,2016,11,11,7,3,5,3,0,0,0,1,0,0,1,0,7.06348E+20,5.35927E+21,1.17854E+16,4.83529E+16
148987,148988,9,1,62,0,2016,11,16,1,3,3,6,1,1,0,1,0,0,0,0,6.92699E+20,5.3354E+21,1.15905E+16,4.81427E+16
148988,148989,9,7,61,0,2016,11,16,5,3,1,7,1,0,0,1,0,0,0,0,6.37503E+20,5.35947E+21,1.08568E+16,4.83734E+16
148989,148990,9,1,62,0,2016,11,18,2,3,5,3,2,1,1,1,0,0,0,0,6.9366E+20,5.33112E+21,1.16015E+16,4.81038E+16
148990,148991,9,1,81,140,2016,11,12,3,3,2,5,0,0,0,1,0,0,0,0,6.43728E+20,5.32348E+21,1.09286E+16,4.80484E+16
148991,148992,9,7,72,125,2016,11,3,4,3,8,1,2,0,0,1,0,0,0,0,6.36841E+20,5.34849E+21,1.08443E+16,4.82748E+16
148992,148993,9,6,76,121,2016,11,20,2,3,8,7,2,1,0,1,0,0,0,0,5.15272E+20,5.52147E+21,9.21242E+15,4.98455E+16
148993,148994,9,2,71,146,2016,11,22,3,3,2,6,2,0,1,0,0,0,0,0,7.85544E+20,5.41119E+21,1.28879E+16,4.87881E+16
148994,148995,9,1,62,0,2016,11,18,1,2,6,4,2,1,0,1,1,0,0,0,6.90623E+20,5.3355E+21,1.15627E+16,4.81442E+16
148995,148996,9,7,61,0,2016,11,6,5,3,0,7,2,1,1,0,0,0,0,0,6.42998E+20,5.36004E+21,1.09311E+16,4.83773E+16
148996,148997,9,7,72,151,2016,11,11,7,3,9,1,0,1,0,1,0,0,0,0,6.28536E+20,5.34361E+21,1.07309E+16,4.82327E+16
148997,148998,9,7,61,0,2016,11,8,7,3,5,3,0,1,1,1,0,0,0,0,6.39148E+20,5.35922E+21,1.08789E+16,4.83708E+16
148998,148999,9,1,61,0,2016,11,16,5,3,0,1,0,0,1,0,0,0,0,0,6.78373E+20,5.40392E+21,1.14273E+16,4.87627E+16
148999,149000,9,1,62,0,2016,11,17,1,3,1,6,2,1,0,1,0,0,0,0,6.92909E+20,5.33535E+21,1.15933E+16,4.81421E+16
149000,149001,9,7,61,0,2016,11,8,5,3,2,2,0,0,1,1,0,0,0,0,6.40547E+20,5.35928E+21,1.08978E+16,4.8371E+16
149001,149002,9,7,61,0,2016,11,19,7,3,0,1,2,1,1,0,0,0,0,0,6.3973E+20,5.36082E+21,1.08873E+16,4.83851E+16
149002,149003,9,7,61,0,2016,11,13,7,3,2,1,0,0,0,1,0,0,0,1,6.40791E+20,5.35722E+21,1.09004E+16,4.83524E+16
149003,149004,9,1,73,145,2016,11,14,5,2,0,7,0,0,0,0,0,0,0,1,6.90041E+20,5.28833E+21,1.1534E+16,4.77204E+16
149004,149005,9,1,62,0,2016,11,15,6,3,5,3,0,0,1,1,0,0,0,0,6.86413E+20,5.32885E+21,1.15032E+16,4.80857E+16
149005,149006,9,5,64,0,2016,11,19,4,3,3,6,2,1,0,1,0,1,0,0,6.51242E+20,5.47941E+21,1.10866E+16,4.94486E+16
149006,149007,9,1,62,0,2016,11,18,2,3,5,3,2,0,1,1,0,0,0,0,6.91295E+20,5.33206E+21,1.15701E+16,4.81131E+16
149007,149008,9,3,73,147,2016,11,9,6,2,5,3,0,0,0,1,0,0,0,0,6.7838E+20,5.46072E+21,1.14524E+16,4.92732E+16
149008,149009,9,1,79,145,2016,11,13,3,3,0,3,0,1,1,0,0,0,0,1,6.76351E+20,5.33917E+21,1.13725E+16,4.81812E+16
149009,149010,9,1,62,0,2016,11,18,6,3,0,7,1,0,0,1,0,0,0,1,6.92082E+20,5.3337E+21,1.15815E+16,4.81276E+16
149010,149011,9,6,76,145,2016,11,11,2,3,5,3,0,0,0,1,0,0,0,0,5.08574E+20,5.52065E+21,9.11924E+15,4.98382E+16
149011,149012,9,2,79,113,2016,11,7,3,3,8,1,0,1,0,0,0,0,1,0,7.90688E+20,5.39204E+21,1.29443E+16,4.86139E+16
149012,149013,9,7,72,200,2016,11,6,1,3,9,1,0,1,0,1,0,0,0,0,6.30323E+20,5.33917E+21,1.07536E+16,4.81924E+16
149013,149014,9,7,61,0,2016,11,17,5,3,6,4,2,0,0,1,1,0,0,0,6.40251E+20,5.35915E+21,1.08938E+16,4.83699E+16
149014,149015,9,7,61,0,2016,11,15,7,3,0,1,0,1,1,0,0,0,0,0,6.40511E+20,5.35805E+21,1.08969E+16,4.83599E+16
149015,149016,9,1,62,0,2016,11,16,4,3,5,3,0,1,1,1,0,0,0,0,6.89464E+20,5.33542E+21,1.15471E+16,4.81438E+16
149016,149017,9,1,62,0,2016,11,17,6,3,0,7,2,1,0,1,0,0,0,0,6.90641E+20,5.33522E+21,1.15628E+16,4.81416E+16
149017,149018,9,5,64,0,2016,11,17,4,3,6,4,2,1,0,1,1,0,0,0,6.52189E+20,5.47884E+21,1.10995E+16,4.94432E+16
149018,149019,9,3,72,116,2016,11,14,6,3,2,6,0,0,0,1,0,0,0,0,7.67115E+20,5.45796E+21,1.26682E+16,4.92161E+16
149019,149020,9,1,62,0,2016,11,14,6,3,3,6,0,0,0,1,0,0,0,0,6.97846E+20,5.33066E+21,1.16574E+16,4.80984E+16
149020,149021,9,5,64,0,2016,11,11,4,3,6,4,0,0,0,1,1,0,0,0,6.51936E+20,5.47943E+21,1.10962E+16,4.94485E+16
149021,149022,9,1,62,0,2016,11,13,2,3,5,2,0,0,1,1,0,0,0,0,6.94442E+20,5.33302E+21,1.16128E+16,4.81207E+16
149022,149023,9,3,72,116,2016,11,3,6,2,6,6,2,0,0,0,1,0,0,1,7.66412E+20,5.45873E+21,1.26591E+16,4.92234E+16
149023,149024,9,5,62,0,2016,11,13,2,3,5,3,0,1,1,1,0,0,0,0,6.45508E+20,5.49435E+21,1.10131E+16,4.95842E+16
149024,149025,9,7,61,0,2016,11,11,1,3,1,5,0,1,0,1,0,0,0,0,6.43884E+20,5.35789E+21,1.09424E+16,4.83578E+16
149025,149026,9,6,79,138,2016,11,13,5,3,4,6,0,1,0,1,0,1,0,0,5.67535E+20,5.50061E+21,9.93566E+15,4.96542E+16
149026,149027,9,5,64,0,2016,11,12,4,3,5,2,0,0,1,0,0,0,0,1,6.46096E+20,5.47983E+21,1.10158E+16,4.94535E+16
149027,149028,9,2,71,119,2016,11,8,6,3,2,6,0,0,1,1,0,0,0,0,7.90685E+20,5.41625E+21,1.29613E+16,4.88311E+16
149028,149029,9,6,75,141,2016,11,20,7,3,5,3,2,1,0,1,0,0,0,0,5.85609E+20,5.50929E+21,1.01879E+16,4.973E+16
149029,149030,9,1,62,0,2016,11,17,6,3,0,3,1,0,0,1,0,0,0,1,6.86593E+20,5.32982E+21,1.15061E+16,4.80943E+16
149030,149031,9,5,64,0,2016,11,15,4,3,5,3,0,0,1,1,0,0,0,0,6.46408E+20,5.47738E+21,1.10192E+16,4.94315E+16
149031,149032,9,7,61,0,2016,11,10,1,3,0,1,0,1,1,0,0,0,0,0,6.41155E+20,5.35919E+21,1.0906E+16,4.83701E+16
149032,149033,9,6,61,0,2016,11,1,1,3,9,1,2,0,0,1,0,0,0,0,5.10528E+20,5.53638E+21,9.14684E+15,4.99797E+16