FID,OBJECTID,ULAND,UREGBEZ,UKREIS,UGEMEINDE,UJAHR,UMONAT,USTUNDE,UWOCHENTAG,UKATEGORIE,UART,UTYP1,ULICHTVERH,IstStrasse,IstRad,IstPKW,IstFuss,IstKrad,IstGkfz,IstSonstig,LINREFX,LINREFY,XGCSWGS84,YGCSWGS84
149033,149034,9,6,74,133,2016,11,15,5,2,0,1,0,1,1,0,0,0,0,0,6.15977E+20,5.53833E+21,1.06178E+16,4.9986E+16
149034,149035,9,6,71,119,2016,11,15,1,3,0,7,0,1,1,0,0,0,0,0,5.13711E+20,5.55224E+21,9.19181E+15,5.01222E+16
149035,149036,9,6,76,116,2016,11,15,5,2,6,4,0,0,0,0,1,0,0,1,5.19136E+20,5.50618E+21,9.2654E+15,4.97078E+16
149036,149037,9,5,64,0,2016,11,22,4,3,5,2,2,0,0,1,0,0,0,0,6.51404E+20,5.48044E+21,1.10893E+16,4.94577E+16
149037,149038,9,2,74,183,2016,11,13,6,3,0,1,0,0,0,0,0,0,0,1,7.41525E+20,5.36199E+21,1.22611E+16,4.83649E+16
149038,149039,9,6,71,136,2016,11,21,7,3,5,3,2,0,0,1,0,0,0,0,5.04483E+20,5.53878E+21,9.06256E+15,5.00013E+16
149039,149040,9,7,61,0,2016,11,13,4,3,5,3,0,1,0,1,0,0,1,0,6.38325E+20,5.36239E+21,1.08688E+16,4.83995E+16
149040,149041,9,1,62,0,2016,11,12,6,3,8,2,0,0,0,1,0,0,0,0,6.94486E+20,5.3342E+21,1.16139E+16,4.81313E+16
149041,149042,9,5,62,0,2016,11,13,5,3,0,7,0,1,1,0,0,0,0,0,6.46074E+20,5.49464E+21,1.1021E+16,4.95867E+16
149042,149043,9,5,62,0,2016,11,8,5,3,5,3,0,0,1,1,0,0,0,0,6.44983E+20,5.49414E+21,1.10057E+16,4.95824E+16
149043,149044,9,2,62,0,2016,11,20,5,3,5,3,2,0,0,1,0,0,0,0,8.27365E+20,5.38945E+21,1.34384E+16,4.85725E+16
149044,149045,9,1,62,0,2016,11,7,6,3,6,2,0,0,0,1,1,0,0,0,6.86176E+20,5.33855E+21,1.15043E+16,4.81729E+16
149045,149046,9,5,64,0,2016,11,6,4,3,4,2,1,1,0,1,0,1,0,0,6.50056E+20,5.47683E+21,1.10693E+16,4.94256E+16
149046,149047,9,1,62,0,2016,11,16,2,3,3,6,0,0,0,1,0,0,0,1,6.88855E+20,5.33241E+21,1.15376E+16,4.81169E+16
149047,149048,9,1,78,124,2016,11,17,3,3,5,3,2,0,1,1,0,0,0,0,7.03025E+20,5.36543E+21,1.17436E+16,4.84093E+16
149048,149049,9,7,61,0,2016,11,10,4,3,6,4,0,1,0,1,1,0,0,0,6.38234E+20,5.35552E+21,1.08654E+16,4.83377E+16
149049,149050,9,5,64,0,2016,11,16,4,2,4,3,0,1,0,1,0,1,0,0,6.4751E+20,5.47839E+21,1.10348E+16,4.94403E+16
149050,149051,9,2,61,0,2016,11,21,6,3,4,2,2,1,0,1,0,0,0,0,7.31661E+20,5.38222E+21,1.21393E+16,4.85503E+16
149051,149052,9,1,62,0,2016,11,15,2,3,2,6,0,0,0,1,0,0,0,0,6.91202E+20,5.33582E+21,1.15706E+16,4.81469E+16
149052,149053,9,7,61,0,2016,11,12,4,3,0,1,0,0,0,0,0,1,0,0,6.39121E+20,5.35689E+21,1.08778E+16,4.83498E+16
149053,149054,9,1,62,0,2016,11,5,6,3,5,2,2,0,1,1,0,0,0,0,6.83811E+20,5.34083E+21,1.14735E+16,4.81941E+16
149054,149055,9,5,62,0,2016,11,7,2,3,5,3,0,1,1,1,0,0,0,0,6.44508E+20,5.49434E+21,1.09993E+16,4.95843E+16
149055,149056,9,5,64,0,2016,11,15,1,3,5,3,0,1,1,1,0,0,0,0,6.54403E+20,5.48276E+21,1.11315E+16,4.94779E+16
149056,149057,9,5,64,0,2016,11,10,5,3,4,2,0,0,0,1,0,1,0,0,6.48552E+20,5.47781E+21,1.1049E+16,4.94348E+16
149057,149058,9,5,62,0,2016,11,13,7,2,5,3,0,1,1,1,0,0,0,0,6.46082E+20,5.49475E+21,1.10212E+16,4.95877E+16
149058,149059,9,5,65,0,2016,11,19,7,3,0,1,2,1,0,0,0,1,0,0,6.47424E+20,5.46655E+21,1.10292E+16,4.93339E+16
149059,149060,9,1,87,113,2016,11,14,5,3,4,2,0,0,0,1,0,0,0,0,7.46402E+20,5.32104E+21,1.23031E+16,4.79951E+16
149060,149061,9,1,62,0,2016,11,17,6,3,5,7,2,0,0,1,0,1,0,0,6.92974E+20,5.33233E+21,1.15928E+16,4.8115E+16
149061,149062,9,5,64,0,2016,11,13,4,3,5,3,0,0,0,1,0,0,0,0,6.50797E+20,5.48181E+21,1.10814E+16,4.94702E+16
149062,149063,9,1,62,0,2016,11,13,2,3,5,3,0,1,0,1,0,0,0,0,6.90658E+20,5.33343E+21,1.15622E+16,4.81255E+16
149063,149064,9,1,90,140,2016,11,10,6,3,5,3,0,0,0,1,0,0,0,0,6.44331E+20,5.2952E+21,1.09272E+16,4.7794E+16
149064,149065,9,5,64,0,2016,11,7,2,3,5,2,0,1,1,1,0,0,0,0,6.52287E+20,5.47917E+21,1.1101E+16,4.94461E+16
149065,149066,9,2,73,137,2016,11,10,3,3,5,3,0,0,0,1,0,0,0,0,7.11906E+20,5.42215E+21,1.18925E+16,4.8916E+16
149066,149067,9,5,64,0,2016,11,14,1,3,5,3,0,1,1,1,0,0,0,0,6.50342E+20,5.48003E+21,1.10745E+16,4.94543E+16
149067,149068,9,5,71,127,2016,11,11,5,3,2,6,0,0,0,1,0,0,0,0,6.15903E+20,5.45514E+21,1.05922E+16,4.9238E+16
149068,149069,9,4,61,0,2016,11,11,2,3,2,2,0,0,1,0,0,0,0,1,6.35627E+20,5.52815E+21,1.08882E+16,4.98904E+16
149069,149070,9,1,90,157,2016,11,15,3,2,0,5,0,0,0,1,0,0,0,1,6.59957E+20,5.30182E+21,1.11382E+16,4.78498E+16
149070,149071,9,5,77,136,2016,11,18,1,3,5,3,2,1,0,1,0,0,0,0,6.28057E+20,5.442E+21,1.0755E+16,4.91175E+16
149071,149072,9,4,75,154,2016,11,12,5,2,9,7,0,0,0,0,0,0,0,1,6.98412E+20,5.5631E+21,1.17795E+16,5.01868E+16
149072,149073,9,5,64,0,2016,11,5,7,3,5,3,2,0,0,1,0,1,0,0,6.49255E+20,5.47951E+21,1.10593E+16,4.94499E+16
149073,149074,9,5,64,0,2016,11,9,7,2,0,1,0,1,1,0,0,0,0,0,6.54007E+20,5.47908E+21,1.11246E+16,4.94448E+16
149074,149075,9,1,78,124,2016,11,17,5,2,5,3,2,0,0,1,0,1,0,0,7.04434E+20,5.36517E+21,1.17625E+16,4.84065E+16
149075,149076,9,1,62,0,2016,11,13,6,3,5,2,0,0,1,1,0,0,0,0,6.88849E+20,5.33451E+21,1.15384E+16,4.81358E+16
149076,149077,9,5,73,122,2016,11,11,4,3,2,6,0,0,0,1,0,0,0,0,6.42861E+20,5.47739E+21,1.09704E+16,4.94324E+16
149077,149078,9,1,62,0,2016,11,8,2,3,1,7,0,0,0,1,0,0,0,0,6.90982E+20,5.33661E+21,1.1568E+16,4.8154E+16
149078,149079,9,1,63,0,2016,11,8,6,2,6,4,0,0,0,1,1,0,0,0,7.32473E+20,5.30461E+21,1.21078E+16,4.78528E+16
149079,149080,9,3,62,0,2016,11,12,2,3,2,6,0,0,0,1,0,0,0,0,7.26916E+20,5.43144E+21,1.21022E+16,4.89941E+16
149080,149081,9,4,77,128,2016,11,15,1,3,5,3,0,1,0,1,0,0,0,0,6.74964E+20,5.55401E+21,1.14472E+16,5.01126E+16
149081,149082,9,4,64,0,2016,11,9,5,3,5,3,0,0,0,1,0,0,0,0,7.08431E+20,5.57837E+21,1.19281E+16,5.03205E+16
149082,149083,9,5,73,125,2016,11,15,4,3,1,5,0,0,0,1,0,0,0,0,6.36898E+20,5.47324E+21,1.08867E+16,4.93965E+16
149083,149084,9,1,87,150,2016,11,10,6,3,1,6,0,0,0,1,0,0,1,0,7.29607E+20,5.30415E+21,1.20693E+16,4.78497E+16
149084,149085,9,1,62,0,2016,11,15,2,2,5,3,0,0,0,1,0,0,0,1,6.91927E+20,5.33221E+21,1.15787E+16,4.81142E+16
149085,149086,9,5,64,0,2016,11,11,7,3,6,4,0,1,1,0,1,0,0,0,6.47787E+20,5.48038E+21,1.10394E+16,4.94581E+16
149086,149087,9,7,61,0,2016,11,14,4,3,0,7,0,1,1,0,0,0,0,0,6.40215E+20,5.35722E+21,1.08926E+16,4.83526E+16
149087,149088,9,1,62,0,2016,11,20,6,3,6,4,2,0,1,0,1,0,0,0,6.90508E+20,5.33503E+21,1.15609E+16,4.81399E+16
149088,149089,9,4,63,0,2016,11,14,4,3,3,6,0,1,0,1,0,0,1,0,6.40119E+20,5.56981E+21,1.0966E+16,5.02638E+16
149089,149090,9,1,87,117,2016,11,14,6,3,0,1,0,0,0,0,0,1,0,0,7.2291E+20,5.30588E+21,1.19808E+16,4.78676E+16
149090,149091,9,1,62,0,2016,11,16,4,3,5,3,0,1,1,1,0,0,0,0,6.80628E+20,5.33847E+21,1.14297E+16,4.81738E+16
149091,149092,9,7,78,203,2016,11,6,6,3,8,1,1,1,0,1,0,0,0,0,6.23506E+20,5.32352E+21,1.06574E+16,4.8053E+16
149092,149093,9,4,63,0,2016,11,8,4,3,5,2,1,0,0,1,0,1,0,0,6.4005E+20,5.57009E+21,1.09651E+16,5.02664E+16
149093,149094,9,7,62,0,2016,11,12,2,3,4,6,0,1,1,1,0,0,0,0,6.21685E+20,5.30302E+21,1.06272E+16,4.7869E+16
149094,149095,9,1,85,149,2016,11,13,6,2,6,4,0,0,0,1,1,0,0,0,6.60213E+20,5.39918E+21,1.11785E+16,4.87251E+16
149095,149096,9,3,77,129,2016,11,23,1,3,6,4,2,1,0,1,1,0,0,0,7.07294E+20,5.52869E+21,1.18852E+16,4.98747E+16
149096,149097,9,4,62,0,2016,11,13,5,3,5,3,0,0,1,0,0,0,0,1,6.87034E+20,5.53703E+21,1.16076E+16,4.99563E+16
149097,149098,9,4,63,0,2016,11,9,4,3,2,6,0,0,0,1,0,0,0,1,6.40552E+20,5.56795E+21,1.09714E+16,5.02469E+16
149098,149099,9,1,76,147,2016,11,0,6,2,8,1,2,0,0,1,0,0,0,0,6.93838E+20,5.41644E+21,1.16434E+16,4.88706E+16
149099,149100,9,7,61,0,2016,11,12,4,3,3,6,0,0,0,1,0,0,0,1,6.39368E+20,5.35729E+21,1.08812E+16,4.83534E+16
149100,149101,9,7,62,0,2016,11,13,6,2,5,3,0,0,1,1,0,0,0,0,6.195E+20,5.30307E+21,1.0598E+16,4.78699E+16
149101,149102,9,3,63,0,2016,11,19,5,3,4,2,2,1,0,1,0,1,0,0,7.27604E+20,5.50814E+21,1.21554E+16,4.96827E+16
149102,149103,9,5,64,0,2016,11,0,7,3,5,3,2,0,0,1,0,0,0,0,6.50206E+20,5.47487E+21,1.10706E+16,4.94079E+16
149103,149104,9,3,74,124,2016,11,13,1,3,0,6,0,1,1,1,0,0,0,0,7.08992E+20,5.51112E+21,1.18993E+16,4.97163E+16
149104,149105,9,3,62,0,2016,11,3,1,3,6,4,2,0,0,1,1,0,0,0,7.26384E+20,5.43409E+21,1.20964E+16,4.90181E+16
149105,149106,9,3,62,0,2016,11,17,5,3,5,2,2,0,0,1,0,0,0,0,7.2582E+20,5.43365E+21,1.20885E+16,4.90144E+16
149106,149107,9,1,62,0,2016,11,13,2,3,1,5,0,0,0,1,0,0,0,0,6.95755E+20,5.33398E+21,1.16309E+16,4.8129E+16
149107,149108,9,7,61,0,2016,11,17,4,3,2,4,2,1,0,1,1,0,0,0,6.41414E+20,5.35924E+21,1.09095E+16,4.83705E+16
149108,149109,9,7,79,194,2016,11,9,6,3,0,7,0,0,1,0,0,0,0,0,6.09345E+20,5.41184E+21,1.04905E+16,4.88499E+16
149109,149110,9,3,62,0,2016,11,5,2,3,3,6,2,2,0,1,0,0,0,0,7.29556E+20,5.43482E+21,1.21402E+16,4.90235E+16
149110,149111,9,3,62,0,2016,11,16,1,3,3,6,0,0,0,1,0,0,0,0,7.29305E+20,5.43501E+21,1.21369E+16,4.90253E+16
149111,149112,9,3,62,0,2016,11,8,5,3,5,2,0,0,1,1,0,0,0,0,7.26974E+20,5.43144E+21,1.2103E+16,4.89941E+16
149112,149113,9,5,64,0,2016,11,21,7,3,2,6,2,1,0,1,0,0,0,0,6.50156E+20,5.47922E+21,1.10716E+16,4.94471E+16
149113,149114,9,5,77,136,2016,11,17,7,3,6,4,2,1,0,1,1,0,0,0,6.28361E+20,5.44226E+21,1.07592E+16,4.91197E+16
149114,149115,9,1,85,149,2016,11,17,5,3,0,2,2,0,1,1,0,0,0,0,6.60389E+20,5.39966E+21,1.11811E+16,4.87293E+16
149115,149116,9,7,61,0,2016,11,15,6,3,0,7,0,1,1,0,0,0,0,0,6.41891E+20,5.35751E+21,1.09154E+16,4.83548E+16
149116,149117,9,4,72,119,2016,11,9,4,3,8,6,0,0,0,1,0,0,0,0,6.86749E+20,5.53902E+21,1.16046E+16,4.99742E+16
149117,149118,9,7,79,131,2016,11,17,2,2,6,4,2,0,0,1,1,0,0,0,6.29579E+20,5.39759E+21,1.07617E+16,4.87178E+16
149118,149119,9,1,79,119,2016,11,3,6,3,9,1,2,1,0,1,0,0,0,0,6.69412E+20,5.33954E+21,1.12794E+16,4.81865E+16
149119,149120,9,3,62,0,2016,11,17,5,3,1,6,2,1,0,1,0,0,0,1,7.24194E+20,5.43464E+21,1.20668E+16,4.90239E+16
149120,149121,9,5,77,149,2016,11,10,7,3,0,1,0,0,1,0,0,0,0,0,6.35042E+20,5.42959E+21,1.08465E+16,4.90044E+16
149121,149122,9,1,73,126,2016,11,7,5,3,6,3,0,0,0,1,1,0,0,0,6.85994E+20,5.30326E+21,1.14865E+16,4.78557E+16
149122,149123,9,7,61,0,2016,11,18,6,3,0,5,2,0,0,1,0,0,0,1,6.39065E+20,5.36026E+21,1.08781E+16,4.83801E+16
149123,149124,9,4,61,0,2016,11,22,4,2,3,7,2,1,0,1,0,1,0,0,6.36403E+20,5.53075E+21,1.08999E+16,4.99136E+16
149124,149125,9,7,72,200,2016,11,12,2,3,0,5,0,0,1,1,0,0,0,0,6.30657E+20,5.33801E+21,1.07578E+16,4.81818E+16
149125,149126,9,1,78,124,2016,11,12,6,3,5,3,0,0,0,1,0,1,0,0,7.03386E+20,5.36478E+21,1.17481E+16,4.84034E+16
149126,149127,9,1,62,0,2016,11,8,2,3,5,2,0,1,1,1,0,0,1,0,6.84603E+20,5.33503E+21,1.14816E+16,4.81417E+16
149127,149128,9,7,61,0,2016,11,14,4,3,2,6,0,1,0,1,0,0,0,0,6.3974E+20,5.35897E+21,1.08868E+16,4.83684E+16
149128,149129,9,7,61,0,2016,11,7,6,3,4,2,0,0,1,1,0,0,0,0,6.38917E+20,5.35932E+21,1.08758E+16,4.83717E+16
149129,149130,9,2,63,0,2016,11,13,2,3,1,7,0,0,0,1,0,0,0,0,7.60976E+20,5.41928E+21,1.25592E+16,4.88715E+16
149130,149131,9,1,83,148,2016,11,15,3,3,2,6,0,1,0,1,0,0,0,0,7.51345E+20,5.34365E+21,1.23825E+16,4.81963E+16
149131,149132,9,2,73,152,2016,11,12,1,3,5,3,0,0,0,1,0,0,0,0,7.02227E+20,5.40879E+21,1.17539E+16,4.87991E+16
149132,149133,9,3,62,0,2016,11,17,5,2,5,2,2,0,1,1,0,0,0,0,7.30675E+20,5.43112E+21,1.21534E+16,4.89898E+16
149133,149134,9,5,61,0,2016,11,11,7,3,5,3,0,0,0,1,0,0,0,0,6.14343E+20,5.46314E+21,1.05731E+16,4.93102E+16
149134,149135,9,4,79,152,2016,11,11,7,2,5,3,0,1,0,1,0,0,0,0,7.23669E+20,5.56328E+21,1.21329E+16,5.01794E+16
149135,149136,9,1,62,0,2016,11,10,4,3,2,6,0,1,0,1,0,0,0,0,6.9177E+20,5.33015E+21,1.15757E+16,4.80957E+16
149136,149137,9,7,61,0,2016,11,13,6,3,6,7,0,0,0,0,1,0,0,1,6.38889E+20,5.35851E+21,1.08752E+16,4.83645E+16
149137,149138,9,3,62,0,2016,11,19,4,3,4,6,2,1,0,1,0,0,0,0,7.26822E+20,5.43143E+21,1.21009E+16,4.8994E+16
149138,149139,9,7,72,202,2016,11,18,2,3,6,2,2,1,0,1,1,0,0,0,6.36425E+20,5.35999E+21,1.08424E+16,4.83783E+16
149139,149140,9,1,62,0,2016,11,6,5,3,2,6,0,0,0,1,0,0,0,0,6.88808E+20,5.33495E+21,1.1538E+16,4.81398E+16
149140,149141,9,2,77,116,2016,11,9,2,2,9,7,0,0,0,1,0,0,0,0,7.77344E+20,5.36874E+21,1.27481E+16,4.84107E+16
149141,149142,9,1,72,117,2016,11,15,1,3,4,1,1,2,0,1,0,0,0,0,7.95726E+20,5.28648E+21,1.29392E+16,4.76641E+16
149142,149143,9,3,62,0,2016,11,14,5,3,8,1,0,0,1,0,0,0,0,0,7.28352E+20,5.43629E+21,1.21246E+16,4.90372E+16
149143,149144,9,2,74,132,2016,11,17,2,3,0,1,1,1,0,0,0,1,0,0,7.23207E+20,5.38596E+21,1.20269E+16,4.85869E+16
149144,149145,9,1,62,0,2016,11,23,7,3,6,2,2,1,0,1,1,0,0,0,6.93015E+20,5.33384E+21,1.1594E+16,4.81285E+16
149145,149146,9,3,62,0,2016,11,7,5,3,1,3,0,0,1,1,0,0,0,0,7.28443E+20,5.43677E+21,1.21261E+16,4.90414E+16
149146,149147,9,3,62,0,2016,11,10,4,3,3,7,0,0,0,1,0,1,0,0,7.24036E+20,5.43487E+21,1.20648E+16,4.90259E+16
149147,149148,9,1,62,0,2016,11,12,5,3,6,4,0,0,1,0,1,0,0,0,6.91813E+20,5.33564E+21,1.15787E+16,4.81451E+16
149148,149149,9,1,62,0,2016,11,19,4,3,5,3,2,1,0,0,0,1,0,1,6.9827E+20,5.33362E+21,1.16645E+16,4.81249E+16
149149,149150,9,7,61,0,2016,11,13,6,3,2,6,0,0,0,1,0,0,0,1,6.38666E+20,5.36231E+21,1.08734E+16,4.83987E+16
149150,149151,9,3,62,0,2016,11,14,4,3,2,6,0,0,0,1,0,0,1,0,7.30382E+20,5.43214E+21,1.21499E+16,4.89991E+16
149151,149152,9,1,62,0,2016,11,17,5,3,6,4,2,0,0,0,1,0,0,1,6.88466E+20,5.33425E+21,1.15331E+16,4.81336E+16
149152,149153,9,1,62,0,2016,11,20,7,3,5,3,2,1,0,1,0,0,0,0,6.95655E+20,5.33718E+21,1.1631E+16,4.81577E+16
149153,149154,9,3,76,163,2016,11,13,5,3,5,3,0,0,0,1,0,1,0,0,7.27951E+20,5.47492E+21,1.2141E+16,4.93843E+16
149154,149155,9,3,62,0,2016,11,14,4,2,5,3,0,0,0,1,0,1,0,0,7.30683E+20,5.43492E+21,1.21556E+16,4.9024E+16
149155,149156,9,1,62,0,2016,11,16,5,3,5,3,0,0,1,1,0,0,0,0,6.90769E+20,5.3389E+21,1.15662E+16,4.81747E+16
149156,149157,9,1,62,0,2016,11,17,2,3,6,4,2,0,1,0,1,0,0,0,6.83152E+20,5.33601E+21,1.14625E+16,4.8151E+16
149157,149158,9,7,61,0,2016,11,12,4,3,0,1,0,1,1,0,0,0,0,0,6.40412E+20,5.35878E+21,1.08958E+16,4.83666E+16
149158,149159,9,3,73,147,2016,11,22,4,3,5,3,2,1,0,1,0,0,0,0,6.7895E+20,5.46239E+21,1.14609E+16,4.9288E+16
149159,149160,9,1,62,0,2016,11,18,5,3,0,6,2,0,1,0,0,0,0,1,7.00404E+20,5.332E+21,1.16924E+16,4.81097E+16
149160,149161,9,4,73,159,2016,11,7,7,2,9,1,1,1,0,1,0,0,0,0,6.46334E+20,5.57418E+21,1.10548E+16,5.03015E+16
149161,149162,9,7,61,0,2016,11,13,4,3,2,6,0,1,0,1,0,0,0,0,6.40889E+20,5.35924E+21,1.09024E+16,4.83706E+16
149162,149163,9,7,61,0,2016,11,12,6,3,0,4,0,0,1,0,1,0,0,0,6.39449E+20,5.35985E+21,1.08832E+16,4.83764E+16
149163,149164,9,2,76,148,2016,11,16,5,3,5,3,0,0,0,1,0,0,0,0,8.08648E+20,5.4385E+21,1.32222E+16,4.90221E+16
149164,149165,9,2,77,149,2016,11,13,5,3,8,1,0,0,0,1,0,0,0,0,7.97107E+20,5.37275E+21,1.30174E+16,4.84377E+16
149165,149166,9,3,61,0,2016,11,6,4,3,0,1,2,1,0,0,0,1,0,0,7.06723E+20,5.48011E+21,1.18516E+16,4.94385E+16
149166,149167,9,4,73,151,2016,11,13,5,3,8,1,0,1,0,0,0,1,0,0,6.51354E+20,5.57747E+21,1.11266E+16,5.03299E+16
149167,149168,9,1,62,0,2016,11,6,6,3,6,2,2,1,0,1,1,0,0,0,6.98767E+20,5.33326E+21,1.1671E+16,4.81215E+16
149168,149169,9,4,62,0,2016,11,14,4,3,5,3,0,0,0,1,0,0,0,0,6.84118E+20,5.53514E+21,1.1566E+16,4.99402E+16
149169,149170,9,5,64,0,2016,11,15,6,3,2,6,1,1,0,1,0,0,1,0,6.56535E+20,5.47435E+21,1.11576E+16,4.94017E+16
149170,149171,9,5,73,122,2016,11,7,6,3,6,4,0,1,0,1,1,0,0,0,6.42928E+20,5.47739E+21,1.09713E+16,4.94324E+16
149171,149172,9,1,84,114,2016,11,18,3,2,9,1,2,1,0,1,0,0,0,0,7.01969E+20,5.3167E+21,1.17061E+16,4.79717E+16
149172,149173,9,4,78,139,2016,11,17,5,3,5,3,2,1,0,1,0,0,0,0,6.48456E+20,5.55735E+21,1.1078E+16,5.01498E+16
149173,149174,9,1,62,0,2016,11,9,4,3,5,3,0,0,0,1,0,0,0,0,6.95494E+20,5.33603E+21,1.16283E+16,4.81475E+16
149174,149175,9,7,71,130,2016,11,9,7,2,0,1,0,1,1,0,0,0,0,0,6.47185E+20,5.35755E+21,1.09868E+16,4.8354E+16
149175,149176,9,7,75,135,2016,11,16,5,3,6,4,1,0,1,0,1,0,0,0,5.74281E+20,5.36048E+21,1.00034E+16,4.83931E+16
149176,149177,9,2,74,185,2016,11,10,7,3,5,3,0,1,0,1,0,0,0,0,7.32789E+20,5.37184E+21,1.21488E+16,4.84566E+16
149177,149178,9,1,84,149,2016,11,18,6,3,5,7,2,1,0,1,0,0,0,0,6.92153E+20,5.34971E+21,1.15896E+16,4.82714E+16
149178,149179,9,4,71,140,2016,11,6,4,3,3,7,0,1,1,1,0,0,0,0,6.35541E+20,5.53252E+21,1.08886E+16,4.99297E+16
149179,149180,9,7,75,139,2016,11,7,5,3,5,3,0,1,0,1,0,0,0,0,5.77435E+20,5.36503E+21,1.00469E+16,4.84337E+16
149180,149181,9,1,62,0,2016,11,12,3,3,5,2,0,0,1,1,0,0,0,0,6.88577E+20,5.33476E+21,1.15349E+16,4.81381E+16
149181,149182,9,5,63,0,2016,11,14,6,3,2,6,0,1,0,1,0,0,1,0,6.43799E+20,5.47978E+21,1.09842E+16,4.94537E+16
149182,149183,9,5,71,196,2016,11,16,6,3,0,7,1,1,0,1,0,0,0,0,6.21038E+20,5.46149E+21,1.06647E+16,4.92941E+16
149183,149184,9,1,62,0,2016,11,7,3,3,4,2,0,0,0,1,0,0,0,0,6.87692E+20,5.33431E+21,1.15228E+16,4.81344E+16
149184,149185,9,4,63,0,2016,11,7,5,3,5,3,0,1,0,1,0,0,0,0,6.39565E+20,5.56857E+21,1.09578E+16,5.02528E+16
149185,149186,9,1,84,132,2016,11,16,4,2,6,4,1,0,1,0,1,0,0,0,6.8278E+20,5.32948E+21,1.14547E+16,4.80923E+16
149186,149187,9,7,61,0,2016,11,12,7,3,6,3,0,0,0,1,1,0,0,0,6.39485E+20,5.36238E+21,1.08845E+16,4.83992E+16
149187,149188,9,7,64,0,2016,11,16,5,3,2,6,1,1,0,1,0,0,0,0,5.88488E+20,5.31571E+21,1.0186E+16,4.79885E+16
149188,149189,9,1,90,157,2016,11,17,7,3,2,6,2,1,0,1,0,0,0,0,6.6044E+20,5.30123E+21,1.11444E+16,4.78444E+16
149189,149190,9,1,62,0,2016,11,13,6,3,0,7,0,0,1,0,0,0,0,0,6.86094E+20,5.33778E+21,1.15028E+16,4.8166E+16
149190,149191,9,4,61,0,2016,11,15,4,3,3,6,0,1,0,1,0,1,0,0,6.36694E+20,5.52823E+21,1.09031E+16,4.98908E+16
149191,149192,9,1,62,0,2016,11,7,4,3,5,3,0,2,0,1,0,0,0,0,6.83803E+20,5.33793E+21,1.14721E+16,4.8168E+16
149192,149193,9,7,74,135,2016,11,12,5,3,6,3,0,1,0,1,1,0,0,0,5.95005E+20,5.36747E+21,1.02849E+16,4.84532E+16
149193,149194,9,4,76,145,2016,11,2,6,2,8,1,2,1,0,1,0,0,0,0,6.67407E+20,5.56698E+21,1.13473E+16,5.02312E+16
149194,149195,9,4,62,0,2016,11,5,5,2,6,2,2,1,0,1,1,0,0,0,6.84986E+20,5.53609E+21,1.15786E+16,4.99485E+16
149195,149196,9,1,62,0,2016,11,17,4,3,1,6,1,1,0,1,0,0,0,0,6.82651E+20,5.3415E+21,1.14582E+16,4.82005E+16
149196,149197,9,1,62,0,2016,11,7,6,2,6,4,0,1,0,1,1,0,0,0,6.89967E+20,5.33657E+21,1.15543E+16,4.81539E+16
149197,149198,9,4,61,0,2016,11,19,5,3,1,7,2,1,0,1,0,0,0,1,6.35938E+20,5.52833E+21,1.08926E+16,4.98919E+16
149198,149199,9,1,62,0,2016,11,10,4,3,1,7,0,0,0,1,0,0,0,0,6.84301E+20,5.34262E+21,1.14808E+16,4.821E+16
149199,149200,9,7,80,139,2016,11,18,5,3,1,6,2,1,1,1,0,0,0,0,5.95876E+20,5.26283E+21,1.02733E+16,4.75118E+16
149200,149201,9,1,84,139,2016,11,14,6,3,0,3,0,1,0,1,0,0,0,0,6.86665E+20,5.32391E+21,1.15044E+16,4.80412E+16
149201,149202,9,3,62,0,2016,11,9,4,3,0,6,0,0,0,1,0,1,0,0,7.29751E+20,5.43666E+21,1.21439E+16,4.904E+16
149202,149203,9,1,62,0,2016,11,11,4,3,5,3,0,0,1,1,0,0,1,0,6.93244E+20,5.3317E+21,1.15961E+16,4.81092E+16
149203,149204,9,7,77,129,2016,11,17,5,2,6,4,2,1,0,1,1,0,0,0,6.2718E+20,5.27007E+21,1.0691E+16,4.75715E+16
149204,149205,9,4,76,145,2016,11,4,6,3,9,1,2,1,0,1,0,0,0,0,6.683E+20,5.57084E+21,1.13615E+16,5.02657E+16
149205,149206,9,1,62,0,2016,11,12,3,3,2,2,0,0,0,1,0,0,0,1,6.89901E+20,5.33731E+21,1.15538E+16,4.81606E+16
149206,149207,9,4,61,0,2016,11,11,5,3,0,1,0,1,0,0,0,1,0,0,6.34891E+20,5.52821E+21,1.0878E+16,4.9891E+16
149207,149208,9,3,73,147,2016,11,17,4,3,5,3,2,1,0,1,0,0,0,1,6.79471E+20,5.46045E+21,1.14672E+16,4.92705E+16
149208,149209,9,4,63,0,2016,11,12,6,3,5,3,0,1,0,1,0,0,0,1,6.42034E+20,5.56814E+21,1.09922E+16,5.02483E+16