FID,OBJECTID,ULAND,UREGBEZ,UKREIS,UGEMEINDE,UJAHR,UMONAT,USTUNDE,UWOCHENTAG,UKATEGORIE,UART,UTYP1,ULICHTVERH,IstStrasse,IstRad,IstPKW,IstFuss,IstKrad,IstGkfz,IstSonstig,LINREFX,LINREFY,XGCSWGS84,YGCSWGS84
149209,149210,9,3,76,161,2016,11,8,4,3,2,6,0,0,0,1,0,0,0,0,7.27513E+20,5.46795E+21,1.2131E+16,4.93219E+16
149210,149211,9,4,72,111,2016,11,12,6,3,9,1,0,2,0,1,0,0,0,0,6.71218E+20,5.52196E+21,1.13806E+16,4.98256E+16
149211,149212,9,1,62,0,2016,11,14,3,3,1,6,0,0,0,1,0,0,0,0,6.84239E+20,5.33185E+21,1.14753E+16,4.81132E+16
149212,149213,9,3,62,0,2016,11,11,5,3,4,2,0,1,1,1,0,0,0,0,7.27463E+20,5.4323E+21,1.21102E+16,4.90016E+16
149213,149214,9,1,62,0,2016,11,18,4,3,2,6,2,0,0,1,0,0,0,0,6.94021E+20,5.33293E+21,1.16071E+16,4.812E+16
149214,149215,9,1,62,0,2016,11,12,6,3,5,2,0,1,1,1,0,0,0,0,6.86747E+20,5.33026E+21,1.15083E+16,4.80983E+16
149215,149216,9,2,71,119,2016,11,18,4,3,2,6,2,0,0,1,0,0,0,0,7.89637E+20,5.41669E+21,1.29473E+16,4.88356E+16
149216,149217,9,1,62,0,2016,11,15,4,3,1,6,0,0,0,1,0,0,0,1,6.8829E+20,5.33238E+21,1.15299E+16,4.81168E+16
149217,149218,9,7,79,192,2016,11,6,5,3,4,2,2,1,1,1,0,0,0,0,6.42009E+20,5.39816E+21,1.09308E+16,4.87203E+16
149218,149219,9,1,62,0,2016,11,12,3,3,2,6,0,0,0,1,0,0,0,0,6.9073E+20,5.34025E+21,1.15662E+16,4.81868E+16
149219,149220,9,3,73,112,2016,11,6,5,3,3,6,1,0,1,1,0,0,0,0,6.78155E+20,5.44164E+21,1.14408E+16,4.91018E+16
149220,149221,9,1,80,123,2016,11,13,7,3,0,1,0,2,1,0,0,0,0,0,6.70893E+20,5.25656E+21,1.12666E+16,4.74401E+16
149221,149222,9,1,62,0,2016,11,7,6,3,5,2,0,1,0,1,0,0,0,0,6.8862E+20,5.33172E+21,1.15341E+16,4.81108E+16
149222,149223,9,2,62,0,2016,11,17,4,3,2,6,2,1,0,1,0,0,0,0,8.27078E+20,5.38858E+21,1.34338E+16,4.85648E+16
149223,149224,9,4,62,0,2016,11,17,6,3,2,6,2,1,0,1,0,1,0,0,6.84116E+20,5.53426E+21,1.15656E+16,4.99323E+16
149224,149225,9,3,61,0,2016,11,13,6,3,2,6,0,0,0,1,0,0,0,0,7.08872E+20,5.48063E+21,1.18815E+16,4.94424E+16
149225,149226,9,1,62,0,2016,11,7,3,3,0,1,0,1,1,0,0,0,0,0,6.96627E+20,5.32969E+21,1.16406E+16,4.80901E+16
149226,149227,9,2,63,0,2016,11,17,5,3,5,3,2,1,0,1,0,1,0,0,7.65667E+20,5.42142E+21,1.26244E+16,4.88887E+16
149227,149228,9,1,62,0,2016,11,11,4,3,5,3,0,0,1,1,0,0,0,0,6.91877E+20,5.33464E+21,1.15791E+16,4.8136E+16
149228,149229,9,7,61,0,2016,11,10,7,3,1,5,0,1,0,1,0,0,0,0,6.39905E+20,5.35924E+21,1.08891E+16,4.83708E+16
149229,149230,9,7,79,188,2016,11,12,5,3,8,7,0,0,0,1,0,0,0,0,6.17426E+20,5.42002E+21,1.0603E+16,4.8922E+16
149230,149231,9,1,71,132,2016,11,4,7,3,1,5,2,0,0,1,0,1,0,0,7.66336E+20,5.35109E+21,1.25885E+16,4.8257E+16
149231,149232,9,6,62,0,2016,11,18,7,3,2,6,2,0,0,1,0,0,0,0,5.8666E+20,5.54337E+21,1.02101E+16,5.00364E+16
149232,149233,9,7,61,0,2016,11,13,5,3,0,7,0,1,1,0,0,0,0,0,6.3743E+20,5.36078E+21,1.08562E+16,4.83852E+16
149233,149234,9,1,62,0,2016,11,22,3,3,6,2,2,1,0,1,1,0,0,0,6.89176E+20,5.33258E+21,1.15419E+16,4.81184E+16
149234,149235,9,1,74,115,2016,11,12,7,3,3,6,0,0,0,1,0,0,0,0,6.82812E+20,5.34775E+21,1.1463E+16,4.82566E+16
149235,149236,9,1,62,0,2016,11,18,6,3,2,6,2,1,1,1,0,0,0,0,6.91801E+20,5.3356E+21,1.15785E+16,4.81447E+16
149236,149237,9,2,75,141,2016,11,7,4,3,2,6,0,0,0,1,0,0,0,0,8.19039E+20,5.36969E+21,1.33108E+16,4.83995E+16
149237,149238,9,2,74,113,2016,11,18,6,3,5,3,2,1,1,1,0,0,0,0,7.29337E+20,5.38192E+21,1.21077E+16,4.85484E+16
149238,149239,9,2,74,126,2016,11,15,6,3,5,3,0,1,1,1,0,0,0,0,7.34155E+20,5.38489E+21,1.21745E+16,4.85733E+16
149239,149240,9,1,62,0,2016,11,17,3,3,3,6,2,0,0,1,0,0,0,0,6.90165E+20,5.33389E+21,1.15558E+16,4.81298E+16
149240,149241,9,2,75,120,2016,11,12,5,3,5,3,0,1,0,1,0,0,0,0,8.13801E+20,5.40444E+21,1.32664E+16,4.87139E+16
149241,149242,9,7,78,173,2016,11,12,4,3,6,6,0,0,0,1,1,0,0,0,6.1092E+20,5.32245E+21,1.04883E+16,4.80457E+16
149242,149243,9,6,62,0,2016,11,11,7,3,5,3,0,0,0,1,0,0,0,0,5.88842E+20,5.54322E+21,1.02406E+16,5.00346E+16
149243,149244,9,7,61,0,2016,11,19,5,3,2,6,2,1,0,1,0,0,0,1,6.37426E+20,5.36079E+21,1.08562E+16,4.83853E+16
149244,149245,9,1,77,117,2016,11,15,7,3,1,6,0,0,0,1,0,0,0,0,7.14452E+20,5.35417E+21,1.18921E+16,4.83044E+16
149245,149246,9,7,64,0,2016,11,16,6,3,1,3,1,1,0,1,0,1,0,0,5.8842E+20,5.31515E+21,1.0185E+16,4.79836E+16
149246,149247,9,2,61,0,2016,11,8,4,3,0,1,0,0,1,0,0,0,0,0,7.31199E+20,5.38269E+21,1.21333E+16,4.85546E+16
149247,149248,9,7,78,115,2016,11,17,4,3,6,4,2,1,0,1,1,0,0,0,5.93755E+20,5.33275E+21,1.02603E+16,4.81411E+16
149248,149249,9,7,61,0,2016,11,16,5,3,6,4,0,0,0,1,1,0,0,0,6.41433E+20,5.3627E+21,1.09109E+16,4.84016E+16
149249,149250,9,2,61,0,2016,11,5,6,3,5,3,2,1,1,1,0,0,0,0,7.32784E+20,5.38217E+21,1.21545E+16,4.85494E+16
149250,149251,9,7,64,0,2016,11,7,6,3,4,3,1,1,1,1,0,0,0,0,5.88059E+20,5.31439E+21,1.018E+16,4.79767E+16
149251,149252,9,1,90,157,2016,11,8,4,2,0,1,0,2,1,0,0,0,0,0,6.60658E+20,5.30208E+21,1.11476E+16,4.78519E+16
149252,149253,9,7,61,0,2016,11,16,5,3,0,7,1,1,1,0,0,0,0,0,6.41866E+20,5.36118E+21,1.09163E+16,4.83878E+16
149253,149254,9,1,62,0,2016,11,8,3,3,7,7,0,0,1,0,1,0,0,0,6.90795E+20,5.33468E+21,1.15646E+16,4.81367E+16
149254,149255,9,2,62,0,2016,11,6,5,3,0,6,0,1,0,0,0,1,0,0,8.3053E+20,5.39079E+21,1.34823E+16,4.85828E+16
149255,149256,9,7,63,0,2016,11,17,4,2,0,4,2,0,0,1,1,0,0,0,5.9824E+20,5.28682E+21,1.03101E+16,4.77273E+16
149256,149257,9,7,61,0,2016,11,8,5,3,6,4,0,0,0,1,1,0,0,0,6.40306E+20,5.35827E+21,1.08942E+16,4.8362E+16
149257,149258,9,7,75,129,2016,11,13,6,3,0,1,0,0,1,0,0,0,0,0,5.8151E+20,5.34162E+21,1.00974E+16,4.82225E+16
149258,149259,9,1,90,140,2016,11,10,4,3,5,3,0,1,0,1,0,0,0,0,6.44878E+20,5.29539E+21,1.09346E+16,4.77956E+16
149259,149260,9,7,80,133,2016,11,14,4,3,0,1,0,0,1,0,0,0,0,0,5.97034E+20,5.2514E+21,1.02862E+16,4.74089E+16
149260,149261,9,7,61,0,2016,11,18,5,3,2,6,2,1,0,1,0,0,0,0,6.40822E+20,5.35913E+21,1.09015E+16,4.83696E+16
149261,149262,9,7,77,129,2016,11,12,3,3,0,7,0,0,0,0,1,0,0,1,6.27726E+20,5.26977E+21,1.06982E+16,4.75688E+16
149262,149263,9,2,72,141,2016,11,10,5,3,8,1,0,1,0,1,0,0,0,0,8.32214E+20,5.41016E+21,1.35205E+16,4.87557E+16
149263,149264,9,7,79,201,2016,11,10,3,3,0,7,0,1,0,1,0,0,0,0,6.40725E+20,5.39494E+21,1.09122E+16,4.86916E+16
149264,149265,9,1,72,130,2016,11,7,5,3,5,3,0,1,0,1,0,0,0,0,7.96331E+20,5.30967E+21,1.2963E+16,4.78719E+16
149265,149266,9,7,63,0,2016,11,17,6,3,5,2,2,0,1,1,0,0,0,0,5.99593E+20,5.28563E+21,1.03279E+16,4.77164E+16
149266,149267,9,1,73,112,2016,11,16,4,3,5,3,0,0,1,1,0,0,0,0,6.92166E+20,5.29271E+21,1.15643E+16,4.77591E+16
149267,149268,9,6,76,124,2016,11,18,7,1,6,4,2,0,0,1,1,0,0,0,5.31824E+20,5.51454E+21,9.44206E+15,4.97825E+16
149268,149269,9,7,79,194,2016,11,21,3,3,5,3,2,0,0,1,0,0,0,0,6.09545E+20,5.41244E+21,1.04934E+16,4.88552E+16
149269,149270,9,1,62,0,2016,11,10,6,3,2,6,0,1,0,1,0,0,0,0,6.8867E+20,5.33789E+21,1.15375E+16,4.81662E+16
149270,149271,9,7,76,116,2016,11,20,6,3,5,3,2,0,0,1,0,0,0,0,5.54128E+20,5.26701E+21,9.71944E+15,4.75542E+16
149271,149272,9,1,72,114,2016,11,11,4,2,6,7,0,1,0,1,1,0,0,0,7.9033E+20,5.29212E+21,1.28712E+16,4.77171E+16
149272,149273,9,1,90,157,2016,11,7,6,3,1,2,1,1,1,1,0,0,0,0,6.60477E+20,5.30126E+21,1.11449E+16,4.78447E+16
149273,149274,9,1,89,113,2016,11,13,6,3,5,3,0,1,1,1,0,0,0,0,7.68636E+20,5.3011E+21,1.25881E+16,4.78072E+16
149274,149275,9,7,61,0,2016,11,14,3,3,1,6,0,0,0,1,0,0,0,0,6.38366E+20,5.35934E+21,1.08684E+16,4.8372E+16
149275,149276,9,7,77,173,2016,11,15,6,3,5,3,0,1,0,1,0,1,0,0,6.38129E+20,5.2798E+21,1.08396E+16,4.76569E+16
149276,149277,9,1,63,0,2016,11,10,4,3,5,7,0,0,1,1,0,0,0,0,7.32769E+20,5.30488E+21,1.21119E+16,4.78551E+16
149277,149278,9,1,61,0,2016,11,21,6,3,5,2,2,0,0,1,0,0,0,0,6.79181E+20,5.40579E+21,1.14391E+16,4.87793E+16
149278,149279,9,1,61,0,2016,11,22,6,3,5,2,2,1,0,1,0,0,0,0,6.81692E+20,5.40114E+21,1.14712E+16,4.87368E+16
149279,149280,9,7,61,0,2016,11,8,3,3,0,1,0,1,1,0,0,0,0,0,6.41223E+20,5.35948E+21,1.0907E+16,4.83727E+16
149280,149281,9,1,63,0,2016,11,12,5,3,2,6,0,0,0,1,0,0,0,0,7.33541E+20,5.30488E+21,1.21222E+16,4.78548E+16
149281,149282,9,7,63,0,2016,11,16,4,3,5,3,0,0,0,1,0,0,0,0,5.98522E+20,5.28629E+21,1.03137E+16,4.77225E+16
149282,149283,9,5,64,0,2016,11,11,7,2,4,2,0,1,0,1,0,0,0,1,6.51325E+20,5.47712E+21,1.10869E+16,4.94279E+16
149283,149284,9,6,63,0,2016,11,16,5,3,5,3,2,1,1,1,0,0,0,0,5.65215E+20,5.51605E+21,9.90611E+15,4.97933E+16
149284,149285,9,1,61,0,2016,11,19,5,3,5,3,2,1,0,1,0,0,0,0,6.79121E+20,5.40421E+21,1.14376E+16,4.87651E+16
149285,149286,9,1,62,0,2016,11,15,6,3,5,2,0,1,1,1,0,0,0,0,6.90167E+20,5.33632E+21,1.15569E+16,4.81517E+16
149286,149287,9,7,79,131,2016,11,7,6,3,1,6,0,1,0,1,0,0,0,0,6.30419E+20,5.39839E+21,1.07734E+16,4.87249E+16
149287,149288,9,1,63,0,2016,11,18,4,3,5,3,2,0,1,1,0,0,0,0,7.31771E+20,5.30454E+21,1.20984E+16,4.78524E+16
149288,149289,9,1,79,121,2016,11,15,6,3,5,3,0,1,1,1,0,0,0,0,6.67615E+20,5.33914E+21,1.1255E+16,4.81834E+16
149289,149290,9,6,63,0,2016,11,9,3,2,5,3,1,0,0,1,0,0,0,1,5.68533E+20,5.51546E+21,9.95208E+15,4.97877E+16
149290,149291,9,1,61,0,2016,11,20,5,3,6,4,2,1,0,1,1,0,0,0,6.7857E+20,5.40361E+21,1.14298E+16,4.87598E+16
149291,149292,9,7,62,0,2016,11,12,4,3,5,3,0,0,1,1,0,0,0,0,6.21723E+20,5.30422E+21,1.0628E+16,4.78798E+16
149292,149293,9,6,63,0,2016,11,8,5,3,5,2,0,1,0,1,0,0,0,0,5.66579E+20,5.51582E+21,9.92501E+15,4.97912E+16
149293,149294,9,1,76,123,2016,11,8,5,3,5,3,0,0,1,1,0,0,0,0,6.61081E+20,5.41728E+21,1.11974E+16,4.88875E+16
149294,149295,9,7,77,145,2016,11,7,4,3,4,6,0,1,0,1,0,0,0,0,6.31685E+20,5.32718E+21,1.07682E+16,4.80843E+16
149295,149296,9,4,75,112,2016,11,19,7,3,0,7,2,0,0,1,0,0,0,0,6.88287E+20,5.58292E+21,1.16477E+16,5.03682E+16
149296,149297,9,6,63,0,2016,11,17,5,3,2,6,2,1,0,1,0,0,0,0,5.67177E+20,5.51686E+21,9.93349E+15,4.98005E+16
149297,149298,9,1,62,0,2016,11,14,6,3,2,1,0,1,0,1,0,0,0,0,6.8889E+20,5.33765E+21,1.15403E+16,4.8164E+16
149298,149299,9,7,72,149,2016,11,8,6,2,9,1,0,1,0,1,0,0,0,0,6.36847E+20,5.33805E+21,1.0841E+16,4.81809E+16
149299,149300,9,1,87,117,2016,11,7,4,3,5,2,0,0,1,1,0,0,0,0,7.24421E+20,5.30589E+21,1.20009E+16,4.78671E+16
149300,149301,9,7,79,169,2016,11,11,4,3,8,3,0,0,0,1,0,0,0,0,6.30159E+20,5.40504E+21,1.07719E+16,4.87847E+16
149301,149302,9,6,63,0,2016,11,14,5,3,0,1,0,1,1,0,0,0,0,0,5.67077E+20,5.51697E+21,9.93212E+15,4.98014E+16
149302,149303,9,1,74,126,2016,11,6,6,3,6,2,2,1,0,1,1,0,0,0,6.84248E+20,5.34466E+21,1.1481E+16,4.82284E+16
149303,149304,9,1,79,142,2016,11,18,5,3,6,2,2,1,0,1,1,0,0,0,6.72413E+20,5.3427E+21,1.1321E+16,4.82141E+16
149304,149305,9,7,61,0,2016,11,11,4,3,5,3,0,0,1,1,0,0,0,0,6.39148E+20,5.35922E+21,1.08789E+16,4.83708E+16
149305,149306,9,7,72,163,2016,11,18,6,3,1,6,2,1,0,1,0,0,0,0,6.4018E+20,5.34835E+21,1.08892E+16,4.82728E+16
149306,149307,9,7,61,0,2016,11,16,6,3,2,6,1,1,0,1,0,0,0,0,6.38686E+20,5.35838E+21,1.08724E+16,4.83633E+16
149307,149308,9,1,61,0,2016,11,6,4,3,5,2,1,0,0,1,0,0,0,0,6.78289E+20,5.40539E+21,1.14268E+16,4.8776E+16
149308,149309,9,7,61,0,2016,11,12,6,3,1,6,0,1,0,1,0,0,0,0,6.38343E+20,5.35799E+21,1.08676E+16,4.83599E+16
149309,149310,9,1,61,0,2016,11,19,4,3,6,2,2,1,0,1,1,0,0,0,6.79186E+20,5.40578E+21,1.14392E+16,4.87792E+16
149310,149311,9,7,61,0,2016,11,13,4,3,6,4,0,0,0,1,1,0,0,0,6.40664E+20,5.35077E+21,1.08966E+16,4.82945E+16
149311,149312,9,6,76,121,2016,11,15,5,3,5,3,0,0,0,1,0,0,0,0,5.12307E+20,5.52113E+21,9.17116E+15,4.98425E+16
149312,149313,9,1,78,124,2016,11,9,6,3,8,1,0,1,0,1,0,0,0,0,7.03811E+20,5.36234E+21,1.17527E+16,4.83813E+16
149313,149314,9,6,63,0,2016,11,15,3,3,1,3,0,1,0,1,0,0,0,0,5.62972E+20,5.51851E+21,9.87533E+15,4.98157E+16
149314,149315,9,1,79,142,2016,11,12,5,3,1,1,0,1,0,1,0,0,0,0,6.73003E+20,5.34299E+21,1.1329E+16,4.82165E+16
149315,149316,9,1,86,147,2016,11,8,4,3,1,3,0,0,0,1,0,0,1,0,6.81857E+20,5.39247E+21,1.14696E+16,4.86588E+16
149316,149317,9,1,88,141,2016,11,9,4,2,0,7,0,2,0,1,0,0,0,0,6.70613E+20,5.3096E+21,1.12836E+16,4.7917E+16
149317,149318,9,6,77,193,2016,11,11,3,3,8,1,0,1,0,1,0,0,0,0,5.47976E+20,5.5271E+21,9.66796E+15,4.98944E+16
149318,149319,9,1,81,130,2016,11,7,5,3,0,7,1,1,1,0,0,0,0,1,6.38821E+20,5.32323E+21,1.08627E+16,4.80473E+16
149319,149320,9,7,71,113,2016,11,15,4,3,5,3,0,0,1,1,0,0,0,0,6.58347E+20,5.36961E+21,1.11419E+16,4.84597E+16
149320,149321,9,4,63,0,2016,11,14,7,3,4,3,0,0,0,1,0,1,0,0,6.38567E+20,5.56971E+21,1.09442E+16,5.02633E+16
149321,149322,9,1,62,0,2016,11,14,7,3,6,4,0,0,0,1,1,0,0,0,6.92948E+20,5.34099E+21,1.15964E+16,4.81928E+16
149322,149323,9,6,75,141,2016,11,13,3,3,6,7,0,0,0,1,1,0,0,0,5.83574E+20,5.50994E+21,1.01598E+16,4.97362E+16
149323,149324,9,6,73,114,2016,11,15,4,3,1,7,0,0,0,1,0,0,0,0,5.87223E+20,5.57584E+21,1.02254E+16,5.03282E+16
149324,149325,9,5,74,112,2016,11,16,5,3,0,1,1,1,0,1,0,0,0,0,6.73461E+20,5.47505E+21,1.1391E+16,4.94034E+16
149325,149326,9,1,62,0,2016,11,3,7,2,6,4,2,1,0,1,1,0,0,0,6.90203E+20,5.33543E+21,1.1557E+16,4.81437E+16
149326,149327,9,6,77,203,2016,11,14,3,3,1,6,0,0,0,1,0,0,0,0,5.59669E+20,5.52636E+21,9.83064E+15,4.98866E+16
149327,149328,9,1,81,128,2016,11,10,5,3,0,7,0,0,1,0,0,0,0,0,6.3811E+20,5.32735E+21,1.08545E+16,4.80844E+16
149328,149329,9,1,62,0,2016,11,12,6,3,5,3,0,1,0,1,0,0,0,0,6.93279E+20,5.33915E+21,1.16E+16,4.81762E+16
149329,149330,9,7,61,0,2016,11,17,6,3,5,3,1,1,1,1,0,0,0,0,6.40636E+20,5.35927E+21,1.0899E+16,4.83709E+16
149330,149331,9,1,79,142,2016,11,18,4,3,5,3,2,1,0,1,0,0,0,0,6.73385E+20,5.34379E+21,1.13345E+16,4.82236E+16
149331,149332,9,1,62,0,2016,11,17,5,3,6,7,2,1,0,1,1,0,0,0,6.99182E+20,5.33229E+21,1.16761E+16,4.81127E+16
149332,149333,9,1,62,0,2016,11,10,5,3,5,3,0,1,1,1,0,0,0,0,6.90464E+20,5.34014E+21,1.15626E+16,4.8186E+16
149333,149334,9,6,61,0,2016,11,16,3,3,2,7,0,0,0,1,0,1,0,0,5.08078E+20,5.53683E+21,9.11268E+15,4.99837E+16
149334,149335,9,1,81,122,2016,11,7,5,3,8,7,0,1,0,1,0,0,0,0,6.49511E+20,5.33539E+21,1.10103E+16,4.81541E+16
149335,149336,9,6,76,126,2016,11,17,4,2,4,6,2,1,1,0,0,0,0,1,5.11157E+20,5.52522E+21,9.1553E+15,4.98792E+16
149336,149337,9,4,71,150,2016,11,23,7,3,5,3,2,0,0,1,0,0,0,0,6.34937E+20,5.53531E+21,1.08811E+16,4.99549E+16
149337,149338,9,5,63,0,2016,11,12,5,3,1,6,0,1,0,1,0,0,0,0,6.39547E+20,5.48395E+21,1.0927E+16,4.94921E+16
149338,149339,9,1,62,0,2016,11,8,6,3,5,3,0,1,0,1,0,0,0,0,6.94397E+20,5.33497E+21,1.16131E+16,4.81383E+16
149339,149340,9,6,63,0,2016,11,7,6,3,6,4,1,1,0,0,1,0,0,1,5.68408E+20,5.51702E+21,9.95063E+15,4.98017E+16
149340,149341,9,1,79,142,2016,11,7,4,3,8,1,0,2,0,1,0,0,0,0,6.76498E+20,5.34313E+21,1.13761E+16,4.82168E+16
149341,149342,9,1,62,0,2016,11,14,6,2,5,3,0,1,0,1,0,1,0,0,6.98642E+20,5.33334E+21,1.16693E+16,4.81223E+16
149342,149343,9,6,77,148,2016,11,13,6,3,5,3,0,1,0,1,0,0,0,0,5.55782E+20,5.53501E+21,9.77779E+15,4.99649E+16
149343,149344,9,1,79,123,2016,11,9,4,3,5,2,0,1,1,1,0,0,0,0,6.75332E+20,5.33289E+21,1.13562E+16,4.81251E+16
149344,149345,9,1,62,0,2016,11,9,5,3,3,2,0,1,1,1,0,0,0,0,6.90137E+20,5.33525E+21,1.1556E+16,4.8142E+16
149345,149346,9,1,62,0,2016,11,17,5,3,0,3,2,1,0,0,1,1,0,0,6.97778E+20,5.33176E+21,1.1657E+16,4.81084E+16
149346,149347,9,5,62,0,2016,11,13,3,3,5,3,0,0,0,1,0,0,0,0,6.4688E+20,5.49269E+21,1.10314E+16,4.9569E+16
149347,149348,9,1,79,119,2016,11,7,5,3,5,3,0,1,1,1,0,0,0,0,6.69406E+20,5.33889E+21,1.1279E+16,4.81806E+16
149348,149349,9,5,62,0,2016,11,8,4,3,0,7,0,0,0,1,0,0,0,1,6.45766E+20,5.4971E+21,1.10177E+16,4.96089E+16
149349,149350,9,3,73,140,2016,11,18,7,3,6,6,2,0,0,1,1,0,0,0,6.8094E+20,5.47358E+21,1.14933E+16,4.9388E+16
149350,149351,9,5,64,0,2016,11,16,5,3,6,4,0,1,0,1,1,0,0,0,6.4904E+20,5.4807E+21,1.10568E+16,4.94607E+16
149351,149352,9,1,62,0,2016,11,16,6,2,6,4,2,1,0,1,1,0,0,0,7.011E+20,5.33468E+21,1.1703E+16,4.81336E+16
149352,149353,9,6,62,0,2016,11,19,6,3,5,3,2,0,0,1,0,0,0,0,5.88118E+20,5.54407E+21,1.02306E+16,5.00424E+16
149353,149354,9,1,74,131,2016,11,10,4,3,4,2,0,0,0,1,0,0,0,0,6.76234E+20,5.35762E+21,1.13786E+16,4.83471E+16
149354,149355,9,5,62,0,2016,11,8,4,3,5,3,0,1,0,1,0,0,0,0,6.4546E+20,5.4958E+21,1.1013E+16,4.95972E+16
149355,149356,9,5,64,0,2016,11,16,5,3,5,2,0,1,1,0,0,0,0,1,6.49218E+20,5.48034E+21,1.10591E+16,4.94574E+16
149356,149357,9,1,62,0,2016,11,14,7,3,5,3,0,0,1,1,0,0,0,0,6.82152E+20,5.33533E+21,1.14488E+16,4.81451E+16
149357,149358,9,1,62,0,2016,11,10,5,3,5,3,0,1,1,1,0,0,0,0,6.89588E+20,5.33731E+21,1.15496E+16,4.81607E+16
149358,149359,9,5,62,0,2016,11,8,3,3,0,7,0,1,1,0,0,0,0,0,6.46594E+20,5.49363E+21,1.10278E+16,4.95775E+16
149359,149360,9,1,74,115,2016,11,17,5,3,0,6,2,1,0,1,0,0,0,1,6.8232E+20,5.34799E+21,1.14565E+16,4.82588E+16
149360,149361,9,5,76,151,2016,11,16,4,3,6,7,2,0,0,1,1,0,0,0,6.52693E+20,5.46836E+21,1.11024E+16,4.93488E+16
149361,149362,9,5,64,0,2016,11,16,5,2,1,5,0,1,1,1,0,0,0,0,6.51878E+20,5.48038E+21,1.10958E+16,4.9457E+16
149362,149363,9,5,74,138,2016,11,20,3,3,0,6,2,1,0,1,0,1,0,0,6.6538E+20,5.48696E+21,1.12847E+16,4.95127E+16
149363,149364,9,1,78,124,2016,11,9,5,2,6,2,0,1,0,1,1,0,0,0,7.029E+20,5.36456E+21,1.17415E+16,4.84015E+16
149364,149365,9,5,76,121,2016,11,6,4,2,6,4,2,0,0,1,1,0,0,0,6.46876E+20,5.44982E+21,1.10156E+16,4.91836E+16
149365,149366,9,3,61,0,2016,11,15,7,3,2,2,0,0,0,1,0,0,0,0,7.05567E+20,5.4806E+21,1.18359E+16,4.94432E+16
149366,149367,9,5,64,0,2016,11,11,5,3,5,3,0,1,0,1,0,0,0,0,6.50019E+20,5.47892E+21,1.10696E+16,4.94444E+16
149367,149368,9,6,62,0,2016,11,14,6,3,6,7,0,0,1,0,1,0,0,0,5.88012E+20,5.54433E+21,1.02292E+16,5.00448E+16
149368,149369,9,1,74,115,2016,11,7,4,3,6,1,0,0,1,0,1,0,0,0,6.82058E+20,5.34684E+21,1.14525E+16,4.82486E+16
149369,149370,9,5,63,0,2016,11,22,4,3,5,3,2,1,0,1,0,0,0,0,6.45155E+20,5.48104E+21,1.10033E+16,4.94647E+16
149370,149371,9,5,64,0,2016,11,8,5,3,5,3,0,1,0,1,0,0,0,0,6.55866E+20,5.47588E+21,1.1149E+16,4.94156E+16
149371,149372,9,5,64,0,2016,11,11,3,2,0,7,0,0,0,1,0,0,0,1,6.48579E+20,5.47757E+21,1.10492E+16,4.94326E+16
149372,149373,9,1,77,133,2016,11,14,5,3,5,2,0,1,0,1,0,0,0,0,7.09886E+20,5.35832E+21,1.18326E+16,4.83431E+16
149373,149374,9,1,75,132,2016,11,21,4,2,8,1,2,1,0,0,0,0,1,0,7.04906E+20,5.33663E+21,1.1755E+16,4.81498E+16
149374,149375,9,1,62,0,2016,11,18,5,3,1,7,2,1,0,1,0,1,0,0,6.91283E+20,5.33951E+21,1.15733E+16,4.818E+16
149375,149376,9,6,76,121,2016,11,13,6,3,0,1,0,1,1,0,0,0,0,0,5.11704E+20,5.52112E+21,9.16277E+15,4.98424E+16
149376,149377,9,5,74,123,2016,11,13,6,3,2,6,0,0,0,1,0,0,0,0,6.59417E+20,5.47429E+21,1.11973E+16,4.94004E+16
149377,149378,9,1,78,143,2016,11,8,4,2,5,3,0,1,1,1,0,0,0,0,7.16594E+20,5.37255E+21,1.19304E+16,4.84688E+16
149378,149379,9,1,62,0,2016,11,11,7,3,1,5,0,0,1,1,0,0,0,0,6.9006E+20,5.3334E+21,1.15542E+16,4.81255E+16
149379,149380,9,5,64,0,2016,11,8,3,2,6,4,0,0,0,1,1,0,0,0,6.52215E+20,5.48078E+21,1.11006E+16,4.94606E+16
149380,149381,9,1,62,0,2016,11,22,4,3,5,3,2,1,0,1,0,1,0,0,6.91201E+20,5.34051E+21,1.15727E+16,4.8189E+16
149381,149382,9,1,62,0,2016,11,19,6,2,5,3,2,1,1,0,0,1,0,0,6.91223E+20,5.3344E+21,1.15702E+16,4.81341E+16
149382,149383,9,5,62,0,2016,11,13,6,3,3,2,0,1,1,1,0,0,0,0,6.45558E+20,5.49629E+21,1.10145E+16,4.96016E+16
149383,149384,9,1,78,143,2016,11,7,4,3,5,3,0,1,1,0,0,0,0,1,7.16726E+20,5.37274E+21,1.19323E+16,4.84704E+16
149384,149385,9,1,62,0,2016,11,9,5,3,2,6,0,1,0,1,0,0,0,0,6.86695E+20,5.33948E+21,1.15117E+16,4.81811E+16
149385,149386,9,1,62,0,2016,11,20,5,3,5,2,2,1,0,1,0,0,0,0,6.86763E+20,5.33699E+21,1.15115E+16,4.81587E+16