FID,OBJECTID,ULAND,UREGBEZ,UKREIS,UGEMEINDE,UJAHR,UMONAT,USTUNDE,UWOCHENTAG,UKATEGORIE,UART,UTYP1,ULICHTVERH,IstStrasse,IstRad,IstPKW,IstFuss,IstKrad,IstGkfz,IstSonstig,LINREFX,LINREFY,XGCSWGS84,YGCSWGS84
149386,149387,9,5,64,0,2016,11,9,3,3,5,3,0,0,0,1,0,0,0,0,6.50653E+20,5.47866E+21,1.10782E+16,4.94419E+16
149387,149388,9,1,62,0,2016,11,12,4,3,1,2,0,0,0,1,0,0,0,0,6.91551E+20,5.33697E+21,1.15758E+16,4.81571E+16
149388,149389,9,5,64,0,2016,11,5,4,3,4,2,2,0,1,0,0,0,1,0,6.48714E+20,5.47276E+21,1.10493E+16,4.93894E+16
149389,149390,9,3,61,0,2016,11,18,7,3,5,3,2,0,0,1,0,0,0,0,7.07073E+20,5.48245E+21,1.18576E+16,4.94593E+16
149390,149391,9,5,64,0,2016,11,18,5,2,6,4,2,0,0,1,1,0,0,0,6.52021E+20,5.47902E+21,1.10972E+16,4.94448E+16
149391,149392,9,1,78,138,2016,11,7,4,3,8,3,0,1,0,1,0,0,0,0,7.1064E+20,5.36842E+21,1.18479E+16,4.84336E+16
149392,149393,9,1,62,0,2016,11,17,5,3,4,2,2,0,1,1,0,0,0,0,6.92198E+20,5.33113E+21,1.15818E+16,4.81044E+16
149393,149394,9,5,64,0,2016,11,13,3,3,2,6,0,0,0,1,0,0,0,0,6.51179E+20,5.47928E+21,1.10857E+16,4.94473E+16
149394,149395,9,1,62,0,2016,11,9,4,3,5,3,0,1,0,1,0,0,0,0,6.91917E+20,5.33809E+21,1.15812E+16,4.81671E+16
149395,149396,9,5,64,0,2016,11,16,4,3,5,3,2,0,1,1,0,0,0,0,6.50002E+20,5.47845E+21,1.10692E+16,4.94402E+16
149396,149397,9,2,62,0,2016,11,21,7,3,5,2,2,0,1,1,0,0,0,0,8.27739E+20,5.38909E+21,1.34432E+16,4.8569E+16
149397,149398,9,5,64,0,2016,11,14,5,3,2,6,0,1,0,1,0,0,0,0,6.51634E+20,5.48088E+21,1.10926E+16,4.94616E+16
149398,149399,9,1,62,0,2016,11,23,7,3,5,3,2,0,0,1,0,0,0,0,6.91989E+20,5.33473E+21,1.15807E+16,4.81368E+16
149399,149400,9,5,71,166,2016,11,15,3,3,8,7,1,0,0,1,0,0,0,0,6.05752E+20,5.45117E+21,1.04518E+16,4.92042E+16
149400,149401,9,1,62,0,2016,11,17,4,3,1,5,2,0,0,0,0,1,0,1,6.85104E+20,5.33375E+21,1.14878E+16,4.81301E+16
149401,149402,9,1,62,0,2016,11,19,6,3,5,2,2,1,0,1,0,0,0,0,6.85454E+20,5.3391E+21,1.14948E+16,4.81781E+16
149402,149403,9,5,72,120,2016,11,15,6,3,5,1,0,1,0,1,0,0,0,0,6.48088E+20,5.49504E+21,1.1049E+16,4.95898E+16
149403,149404,9,1,77,117,2016,11,13,4,2,0,7,0,0,1,0,0,0,0,0,7.15718E+20,5.35442E+21,1.19092E+16,4.83061E+16
149404,149405,9,1,62,0,2016,11,13,5,3,5,3,0,1,0,1,0,0,0,0,6.93886E+20,5.33134E+21,1.16046E+16,4.81058E+16
149405,149406,9,1,62,0,2016,11,12,5,3,1,5,0,1,1,0,0,0,0,1,6.93074E+20,5.33444E+21,1.15951E+16,4.81339E+16
149406,149407,9,4,75,154,2016,11,1,3,2,6,4,2,0,0,1,1,0,0,0,6.98179E+20,5.56387E+21,1.17766E+16,5.01938E+16
149407,149408,9,1,62,0,2016,11,9,4,3,1,1,0,1,0,1,1,0,0,0,6.85115E+20,5.335E+21,1.14885E+16,4.81413E+16
149408,149409,9,5,64,0,2016,11,14,4,3,5,5,0,0,0,0,0,0,1,1,6.52286E+20,5.48068E+21,1.11015E+16,4.94597E+16
149409,149410,9,2,77,144,2016,11,11,7,3,2,6,0,0,0,1,0,1,0,0,7.83463E+20,5.3773E+21,1.28364E+16,4.84848E+16
149410,149411,9,5,64,0,2016,11,8,5,3,5,3,0,1,0,1,0,0,0,0,6.55618E+20,5.48114E+21,1.11476E+16,4.94629E+16
149411,149412,9,1,62,0,2016,11,13,6,3,6,4,0,0,0,1,1,0,0,0,6.86334E+20,5.33758E+21,1.1506E+16,4.81641E+16
149412,149413,9,5,76,151,2016,11,18,6,3,5,3,2,1,0,1,0,0,0,0,6.54564E+20,5.46811E+21,1.1128E+16,4.93461E+16
149413,149414,9,1,77,117,2016,11,15,4,3,8,1,0,1,0,0,0,1,0,0,7.15773E+20,5.35571E+21,1.19106E+16,4.83177E+16
149414,149415,9,1,62,0,2016,11,20,6,3,1,6,2,1,0,1,0,0,0,1,6.88766E+20,5.33241E+21,1.15364E+16,4.81169E+16
149415,149416,9,5,74,138,2016,11,5,6,2,5,3,2,1,1,1,0,0,0,0,6.65378E+20,5.48615E+21,1.12843E+16,4.95054E+16
149416,149417,9,1,77,117,2016,11,8,4,3,5,2,0,0,0,1,0,0,0,0,7.15083E+20,5.35293E+21,1.18999E+16,4.8293E+16
149417,149418,9,5,64,0,2016,11,8,4,3,2,6,0,1,0,1,0,0,0,0,6.49328E+20,5.47571E+21,1.10589E+16,4.94158E+16
149418,149419,9,5,64,0,2016,11,20,5,3,5,3,2,1,1,1,0,0,0,0,6.5005E+20,5.47957E+21,1.10703E+16,4.94502E+16
149419,149420,9,4,63,0,2016,11,18,3,3,6,2,1,1,0,1,1,0,0,0,6.39901E+20,5.56876E+21,1.09625E+16,5.02544E+16
149420,149421,9,1,62,0,2016,11,13,4,3,0,6,0,0,0,1,0,1,0,0,6.8952E+20,5.33098E+21,1.15458E+16,4.81039E+16
149421,149422,9,5,64,0,2016,11,11,4,3,2,6,0,0,0,1,0,0,0,0,6.50102E+20,5.48108E+21,1.10716E+16,4.94638E+16
149422,149423,9,5,77,177,2016,11,14,5,3,5,3,0,0,1,1,0,0,0,0,6.44966E+20,5.43283E+21,1.09833E+16,4.90313E+16
149423,149424,9,5,63,0,2016,11,12,6,2,5,3,0,1,0,1,0,0,0,0,6.45285E+20,5.48292E+21,1.10058E+16,4.94815E+16
149424,149425,9,1,84,145,2016,11,14,3,3,5,3,0,0,0,1,0,0,0,0,6.95899E+20,5.32511E+21,1.16287E+16,4.80492E+16
149425,149426,9,5,71,180,2016,11,15,4,3,9,1,0,0,0,1,0,0,0,0,6.30549E+20,5.46055E+21,1.07951E+16,4.92837E+16
149426,149427,9,5,61,0,2016,11,19,5,3,6,4,2,1,0,1,1,0,0,0,6.13964E+20,5.46161E+21,1.05675E+16,4.92966E+16
149427,149428,9,7,74,122,2016,11,10,7,3,1,6,0,0,0,1,0,0,0,0,6.07321E+20,5.35511E+21,1.04483E+16,4.834E+16
149428,149429,9,4,61,0,2016,11,15,3,3,0,7,0,1,0,0,0,1,0,0,6.36603E+20,5.52787E+21,1.09017E+16,4.98876E+16
149429,149430,9,4,63,0,2016,11,17,4,2,0,7,2,1,1,0,0,0,0,0,6.41555E+20,5.56554E+21,1.09845E+16,5.02251E+16
149430,149431,9,4,64,0,2016,11,16,5,3,6,4,1,1,0,1,1,0,0,0,7.0787E+20,5.57752E+21,1.19197E+16,5.03131E+16
149431,149432,9,1,62,0,2016,11,14,5,3,6,4,0,1,1,0,1,0,0,0,6.89611E+20,5.33323E+21,1.15481E+16,4.8124E+16
149432,149433,9,4,61,0,2016,11,20,3,3,0,7,2,1,1,0,0,0,0,0,6.3494E+20,5.52932E+21,1.08791E+16,4.9901E+16
149433,149434,9,1,84,145,2016,11,14,4,3,6,7,0,1,0,0,1,0,0,1,6.93668E+20,5.32524E+21,1.15989E+16,4.80511E+16
149434,149435,9,1,62,0,2016,11,17,3,3,1,7,2,0,1,1,0,0,0,0,6.87914E+20,5.33998E+21,1.15283E+16,4.81852E+16
149435,149436,9,3,62,0,2016,11,15,3,3,4,2,0,0,1,1,0,0,0,0,7.26058E+20,5.43352E+21,1.20917E+16,4.90131E+16
149436,149437,9,3,62,0,2016,11,18,3,3,5,2,2,1,1,1,0,0,0,0,7.26792E+20,5.43359E+21,1.21017E+16,4.90134E+16
149437,149438,9,5,64,0,2016,11,14,3,3,5,3,0,1,1,1,0,0,0,0,6.5244E+20,5.47865E+21,1.11029E+16,4.94414E+16
149438,149439,9,1,62,0,2016,11,7,4,3,5,3,0,1,0,1,0,0,0,0,6.85256E+20,5.33768E+21,1.14915E+16,4.81653E+16
149439,149440,9,1,62,0,2016,11,18,3,2,1,5,2,1,1,1,0,0,0,0,6.98857E+20,5.33226E+21,1.16717E+16,4.81125E+16
149440,149441,9,1,62,0,2016,11,6,3,3,5,2,1,0,0,1,0,0,0,0,6.79974E+20,5.33852E+21,1.14209E+16,4.81744E+16
149441,149442,9,4,61,0,2016,11,7,2,3,4,2,0,0,1,1,0,0,0,0,6.36E+20,5.52864E+21,1.08936E+16,4.98946E+16
149442,149443,9,6,63,0,2016,11,3,5,3,0,1,2,1,1,0,0,0,0,0,5.67007E+20,5.51631E+21,9.93104E+15,4.97955E+16
149443,149444,9,5,64,0,2016,11,16,2,2,0,1,1,1,1,0,0,0,0,0,6.51885E+20,5.48207E+21,1.10965E+16,4.94723E+16
149444,149445,9,1,62,0,2016,11,18,2,3,5,3,2,0,0,1,0,0,0,0,6.86853E+20,5.33392E+21,1.15113E+16,4.81311E+16
149445,149446,9,5,74,123,2016,11,7,2,3,6,4,0,1,0,1,1,0,0,0,6.60051E+20,5.47184E+21,1.1205E+16,4.93782E+16
149446,149447,9,7,74,135,2016,11,16,5,3,5,3,0,0,0,1,0,1,0,0,5.95192E+20,5.36668E+21,1.02873E+16,4.8446E+16
149447,149448,9,7,71,146,2016,11,16,3,3,6,1,0,0,0,1,1,0,0,0,6.47763E+20,5.34795E+21,1.09912E+16,4.82675E+16
149448,149449,9,3,75,196,2016,11,8,5,3,5,3,0,1,0,1,0,0,1,0,7.31007E+20,5.41302E+21,1.21476E+16,4.88272E+16
149449,149450,9,3,63,0,2016,11,18,2,2,6,4,2,0,0,1,1,0,0,0,7.27882E+20,5.50673E+21,1.21584E+16,4.967E+16
149450,149451,9,4,64,0,2016,11,17,5,3,1,6,2,1,0,1,0,0,0,0,7.07699E+20,5.57676E+21,1.19169E+16,5.03063E+16
149451,149452,9,1,62,0,2016,11,18,5,3,5,2,2,0,1,0,0,1,0,0,6.92307E+20,5.33813E+21,1.15865E+16,4.81673E+16
149452,149453,9,7,78,130,2016,11,13,3,3,5,3,0,0,0,1,0,0,0,0,5.9525E+20,5.32665E+21,1.0279E+16,4.8086E+16
149453,149454,9,3,63,0,2016,11,14,2,3,5,3,0,0,1,1,0,0,0,0,7.27762E+20,5.50811E+21,1.21576E+16,4.96824E+16
149454,149455,9,5,62,0,2016,11,10,5,3,5,3,0,1,1,1,0,0,0,0,6.46607E+20,5.49027E+21,1.10268E+16,4.95472E+16
149455,149456,9,5,64,0,2016,11,7,2,3,2,6,0,0,0,1,0,0,0,1,6.47096E+20,5.47949E+21,1.10295E+16,4.94503E+16
149456,149457,9,1,62,0,2016,11,20,2,3,5,3,2,0,1,1,0,0,0,0,6.9033E+20,5.33578E+21,1.15589E+16,4.81468E+16
149457,149458,9,6,74,147,2016,11,7,4,2,6,2,1,1,0,1,1,0,0,0,6.09063E+20,5.54302E+21,1.05228E+16,5.00295E+16
149458,149459,9,7,72,177,2016,11,21,5,3,1,5,2,0,0,1,0,0,0,1,6.36279E+20,5.37855E+21,1.08465E+16,4.85452E+16
149459,149460,9,2,71,119,2016,11,12,5,3,0,2,0,0,0,1,0,1,0,0,7.8938E+20,5.41761E+21,1.29445E+16,4.88439E+16
149460,149461,9,1,78,124,2016,11,10,1,3,0,1,0,0,0,0,0,1,0,0,7.03328E+20,5.3647E+21,1.17473E+16,4.84026E+16
149461,149462,9,4,71,117,2016,11,18,5,2,4,2,2,0,0,1,0,1,0,0,6.31395E+20,5.5304E+21,1.08301E+16,4.99115E+16
149462,149463,9,4,64,0,2016,11,17,3,3,0,7,2,2,0,1,0,0,0,0,7.0594E+20,5.57959E+21,1.18938E+16,5.03324E+16
149463,149464,9,6,63,0,2016,11,17,3,3,2,6,2,1,0,1,0,0,0,0,5.67447E+20,5.51341E+21,9.93665E+15,4.97694E+16
149464,149465,9,1,62,0,2016,11,17,4,3,4,2,2,1,0,1,0,0,0,0,6.9295E+20,5.33232E+21,1.15925E+16,4.81149E+16
149465,149466,9,1,87,182,2016,11,13,4,3,5,3,0,1,0,1,0,0,0,0,7.39765E+20,5.3271E+21,1.22176E+16,4.80521E+16
149466,149467,9,3,62,0,2016,11,16,4,3,1,6,1,1,0,1,0,0,0,0,7.28718E+20,5.43544E+21,1.21291E+16,4.90294E+16
149467,149468,9,1,84,114,2016,11,18,7,3,2,6,2,0,0,1,0,0,0,0,6.98372E+20,5.32434E+21,1.16615E+16,4.80415E+16
149468,149469,9,1,62,0,2016,11,15,5,3,0,6,0,1,1,1,0,0,0,0,6.98642E+20,5.32888E+21,1.16673E+16,4.80822E+16
149469,149470,9,5,64,0,2016,11,18,4,3,2,6,2,1,0,1,0,0,0,0,6.52494E+20,5.47883E+21,1.11037E+16,4.9443E+16
149470,149471,9,1,61,0,2016,11,18,5,3,0,7,2,0,1,1,0,0,0,0,6.78281E+20,5.4038E+21,1.1426E+16,4.87617E+16
149471,149472,9,3,62,0,2016,11,11,2,3,6,4,0,0,0,1,1,0,0,0,7.27566E+20,5.4349E+21,1.2113E+16,4.90249E+16
149472,149473,9,4,61,0,2016,11,21,3,3,3,6,2,1,1,1,0,0,0,0,6.37678E+20,5.52918E+21,1.09171E+16,4.98991E+16
149473,149474,9,5,65,0,2016,11,16,3,3,5,3,1,1,1,1,0,0,0,0,6.48451E+20,5.46634E+21,1.10433E+16,4.93317E+16
149474,149475,9,1,62,0,2016,11,18,4,3,2,6,2,1,0,1,0,0,0,0,6.95122E+20,5.33671E+21,1.16236E+16,4.81537E+16
149475,149476,9,1,75,132,2016,11,19,4,2,6,4,2,1,0,1,1,0,0,0,7.0745E+20,5.33093E+21,1.17864E+16,4.80978E+16
149476,149477,9,1,62,0,2016,11,17,3,2,6,4,2,1,0,1,1,0,0,0,6.89047E+20,5.33248E+21,1.15402E+16,4.81175E+16
149477,149478,9,2,63,0,2016,11,7,2,3,1,2,0,0,1,1,0,0,0,0,7.62001E+20,5.41949E+21,1.25733E+16,4.8873E+16
149478,149479,9,1,62,0,2016,11,10,5,3,6,4,0,1,0,1,1,0,0,0,6.96834E+20,5.32928E+21,1.16432E+16,4.80863E+16
149479,149480,9,4,75,156,2016,11,11,4,2,9,7,0,1,0,1,0,0,0,0,6.93698E+20,5.57794E+21,1.17211E+16,5.03217E+16
149480,149481,9,1,62,0,2016,11,19,4,3,3,2,2,1,1,1,0,0,0,0,6.89071E+20,5.33167E+21,1.15401E+16,4.81102E+16
149481,149482,9,2,62,0,2016,11,8,2,2,6,2,0,0,0,1,1,0,0,0,8.27456E+20,5.38919E+21,1.34394E+16,4.85701E+16
149482,149483,9,1,85,158,2016,11,16,3,2,6,4,1,1,0,1,1,0,0,0,6.67184E+20,5.38093E+21,1.12659E+16,4.85591E+16
149483,149484,9,3,71,151,2016,11,11,3,3,6,7,0,0,0,1,1,0,0,0,6.97983E+20,5.48725E+21,1.17348E+16,4.95055E+16
149484,149485,9,5,64,0,2016,11,16,3,3,3,6,2,1,0,1,0,0,0,0,6.4908E+20,5.4791E+21,1.10567E+16,4.94463E+16
149485,149486,9,1,62,0,2016,11,7,4,3,2,1,2,1,0,1,0,0,0,0,6.93905E+20,5.33119E+21,1.16048E+16,4.81044E+16
149486,149487,9,1,62,0,2016,11,15,3,3,3,5,0,0,1,1,0,0,0,0,6.87908E+20,5.32831E+21,1.1523E+16,4.80803E+16
149487,149488,9,1,62,0,2016,11,17,5,3,1,7,2,1,1,1,0,0,0,0,6.88972E+20,5.33257E+21,1.15392E+16,4.81184E+16
149488,149489,9,1,62,0,2016,11,8,3,3,1,5,0,0,1,1,0,0,0,0,6.85898E+20,5.33508E+21,1.1499E+16,4.81418E+16
149489,149490,9,2,75,116,2016,11,9,2,3,5,3,0,0,0,1,0,0,0,0,8.20719E+20,5.36395E+21,1.3329E+16,4.83472E+16
149490,149491,9,6,75,141,2016,11,1,5,3,3,7,2,1,1,1,0,0,0,0,5.84138E+20,5.51065E+21,1.01678E+16,4.97424E+16
149491,149492,9,5,64,0,2016,11,11,2,3,6,7,0,0,0,1,1,0,0,0,6.54828E+20,5.47429E+21,1.11341E+16,4.94016E+16
149492,149493,9,1,62,0,2016,11,13,2,3,6,4,0,0,0,1,1,0,0,0,6.90453E+20,5.33475E+21,1.156E+16,4.81374E+16
149493,149494,9,7,71,146,2016,11,14,2,3,6,4,0,0,0,1,1,0,0,0,6.46677E+20,5.34871E+21,1.09769E+16,4.82746E+16
149494,149495,9,5,64,0,2016,11,19,2,3,6,2,2,0,0,1,1,0,0,0,6.49953E+20,5.48129E+21,1.10696E+16,4.94657E+16
149495,149496,9,2,74,113,2016,11,14,2,3,4,6,0,0,0,1,0,1,0,0,7.28906E+20,5.38319E+21,1.21025E+16,4.856E+16
149496,149497,9,1,74,115,2016,11,10,3,3,2,6,0,0,0,1,0,0,0,0,6.79947E+20,5.34746E+21,1.14243E+16,4.82548E+16
149497,149498,9,1,87,137,2016,11,17,3,3,2,6,2,0,0,1,0,0,0,0,7.29909E+20,5.30846E+21,1.20756E+16,4.78882E+16
149498,149499,9,7,61,0,2016,11,11,2,3,6,7,0,0,0,0,1,0,0,1,6.4132E+20,5.35837E+21,1.09079E+16,4.83626E+16
149499,149500,9,7,63,0,2016,11,16,4,3,2,6,2,1,0,1,0,0,0,0,5.9988E+20,5.28663E+21,1.03319E+16,4.77253E+16
149500,149501,9,1,62,0,2016,11,12,5,3,0,1,0,1,0,0,0,1,0,0,6.91271E+20,5.33416E+21,1.15708E+16,4.81319E+16
149501,149502,9,7,77,129,2016,11,13,3,2,0,7,0,0,1,0,1,0,0,0,6.267E+20,5.27025E+21,1.06847E+16,4.75733E+16
149502,149503,9,1,73,147,2016,11,7,2,3,5,3,1,0,1,1,0,0,0,0,6.81808E+20,5.30935E+21,1.14332E+16,4.79117E+16
149503,149504,9,5,63,0,2016,11,7,5,3,5,3,2,1,1,1,0,0,0,0,6.43066E+20,5.48332E+21,1.09753E+16,4.94857E+16
149504,149505,9,5,64,0,2016,11,15,2,3,3,2,0,0,0,1,0,0,0,0,6.5117E+20,5.48081E+21,1.10862E+16,4.94611E+16
149505,149506,9,7,77,129,2016,11,6,2,2,5,2,1,0,1,1,0,0,0,0,6.26198E+20,5.27024E+21,1.0678E+16,4.75733E+16
149506,149507,9,1,62,0,2016,11,11,7,3,6,7,0,0,0,1,1,0,0,0,7.00029E+20,5.33465E+21,1.16886E+16,4.81336E+16
149507,149508,9,1,62,0,2016,11,17,5,3,6,4,2,0,0,1,1,0,0,0,6.99529E+20,5.33272E+21,1.1681E+16,4.81164E+16
149508,149509,9,5,74,138,2016,11,7,4,3,5,3,1,1,0,1,0,0,0,1,6.64638E+20,5.48627E+21,1.12742E+16,4.95067E+16
149509,149510,9,7,61,0,2016,11,20,5,3,5,2,2,0,1,1,0,0,0,0,6.39684E+20,5.3575E+21,1.08856E+16,4.83552E+16
149510,149511,9,1,89,162,2016,11,14,5,3,0,7,0,1,1,0,0,0,0,0,7.78878E+20,5.3159E+21,1.27342E+16,4.79356E+16
149511,149512,9,7,61,0,2016,11,13,4,3,0,1,0,1,1,0,0,0,0,0,6.41156E+20,5.35456E+21,1.09044E+16,4.83285E+16
149512,149513,9,7,63,0,2016,11,17,5,3,2,6,2,0,0,1,0,0,0,0,5.99593E+20,5.28524E+21,1.03278E+16,4.77129E+16
149513,149514,9,7,61,0,2016,11,17,3,3,5,3,2,1,1,1,0,0,0,0,6.38497E+20,5.35932E+21,1.08702E+16,4.83719E+16
149514,149515,9,2,76,143,2016,11,10,5,3,5,3,0,0,0,1,0,0,0,1,7.91999E+20,5.43928E+21,1.29956E+16,4.90372E+16
149515,149516,9,1,63,0,2016,11,15,2,3,6,4,0,0,0,1,1,0,0,0,7.33572E+20,5.30493E+21,1.21226E+16,4.78552E+16
149516,149517,9,4,62,0,2016,11,17,5,3,0,1,2,1,1,0,0,0,0,0,6.84776E+20,5.53515E+21,1.15752E+16,4.99401E+16
149517,149518,9,7,61,0,2016,11,13,3,3,5,1,0,0,1,1,0,0,0,0,6.40715E+20,5.35545E+21,1.08988E+16,4.83366E+16
149518,149519,9,2,62,0,2016,11,17,4,3,5,2,2,1,0,1,0,0,0,0,8.24054E+20,5.39049E+21,1.33945E+16,4.85836E+16
149519,149520,9,1,88,127,2016,11,11,5,3,2,6,0,1,1,0,0,0,0,1,6.78836E+20,5.33014E+21,1.14021E+16,4.80994E+16
149520,149521,9,5,77,136,2016,11,15,4,3,5,3,0,1,0,1,0,0,0,0,6.23907E+20,5.43901E+21,1.06972E+16,4.90914E+16
149521,149522,9,1,79,142,2016,11,13,5,3,4,6,0,1,0,1,0,0,0,0,6.70799E+20,5.34084E+21,1.12985E+16,4.81978E+16
149522,149523,9,1,87,117,2016,11,10,2,3,2,6,0,0,0,1,0,0,0,0,7.24835E+20,5.3052E+21,1.20061E+16,4.78607E+16
149523,149524,9,3,62,0,2016,11,16,3,3,5,2,1,1,1,1,0,0,0,0,7.27521E+20,5.43402E+21,1.21119E+16,4.90171E+16
149524,149525,9,5,64,0,2016,11,17,3,3,4,6,2,1,1,0,0,0,0,0,6.50074E+20,5.48218E+21,1.10716E+16,4.94737E+16
149525,149526,9,1,62,0,2016,11,18,4,1,6,4,2,1,0,1,1,0,0,0,6.93104E+20,5.33362E+21,1.15951E+16,4.81265E+16
149526,149527,9,1,61,0,2016,11,17,2,3,5,3,1,0,1,1,0,0,0,0,6.7645E+20,5.40507E+21,1.14016E+16,4.87736E+16
149527,149528,9,3,75,174,2016,11,15,5,3,5,3,0,0,0,1,0,0,1,1,7.34471E+20,5.43132E+21,1.22053E+16,4.89903E+16
149528,149529,9,4,63,0,2016,11,15,3,3,6,4,0,0,0,1,1,0,0,0,6.39068E+20,5.57054E+21,1.09515E+16,5.02706E+16
149529,149530,9,6,77,131,2016,11,5,3,3,4,2,2,0,1,0,0,0,0,1,5.49141E+20,5.54608E+21,9.68661E+15,5.00649E+16
149530,149531,9,1,62,0,2016,11,13,4,3,0,7,0,1,0,0,0,1,0,1,6.86016E+20,5.33485E+21,1.15005E+16,4.81397E+16
149531,149532,9,1,61,0,2016,11,10,4,3,5,2,0,1,1,0,0,0,1,0,6.76068E+20,5.40653E+21,1.13971E+16,4.87868E+16
149532,149533,9,4,77,128,2016,11,17,4,3,6,2,2,1,0,1,1,0,0,0,6.74722E+20,5.55294E+21,1.14433E+16,5.0103E+16
149533,149534,9,1,62,0,2016,11,15,4,3,5,2,0,1,1,1,0,0,0,0,6.9142E+20,5.33703E+21,1.1574E+16,4.81577E+16
149534,149535,9,5,64,0,2016,11,17,2,3,5,3,2,1,0,1,0,0,0,0,6.49987E+20,5.47835E+21,1.10689E+16,4.94393E+16
149535,149536,9,1,74,115,2016,11,7,2,2,5,3,0,0,0,1,0,0,0,0,6.82091E+20,5.34778E+21,1.14533E+16,4.82571E+16
149536,149537,9,1,86,116,2016,11,21,3,3,9,1,2,1,0,1,0,0,0,0,6.90847E+20,5.40084E+21,1.15954E+16,4.87313E+16
149537,149538,9,2,71,125,2016,11,11,3,3,5,3,0,1,0,1,0,0,0,0,7.97546E+20,5.41008E+21,1.30501E+16,4.87725E+16
149538,149539,9,7,61,0,2016,11,10,2,2,0,1,0,1,1,0,0,0,0,0,6.40467E+20,5.35602E+21,1.08956E+16,4.83417E+16
149539,149540,9,5,64,0,2016,11,18,3,3,3,1,2,1,0,1,0,0,0,0,6.50553E+20,5.4793E+21,1.10771E+16,4.94477E+16
149540,149541,9,7,78,209,2016,11,7,4,3,4,6,0,1,0,1,0,0,0,0,6.19456E+20,5.32303E+21,1.06029E+16,4.80493E+16
149541,149542,9,1,62,0,2016,11,8,5,3,0,6,1,1,1,0,0,0,0,0,6.92585E+20,5.33804E+21,1.15902E+16,4.81664E+16
149542,149543,9,1,62,0,2016,11,11,3,3,0,6,0,0,1,1,0,0,0,0,6.89026E+20,5.33258E+21,1.15399E+16,4.81184E+16
149543,149544,9,1,74,115,2016,11,17,2,2,0,6,2,0,1,1,0,0,0,0,6.81228E+20,5.34787E+21,1.14418E+16,4.82581E+16
149544,149545,9,1,62,0,2016,11,19,3,3,5,3,2,1,0,1,0,0,0,0,6.89632E+20,5.3426E+21,1.15525E+16,4.82083E+16
149545,149546,9,1,62,0,2016,11,10,3,2,6,2,0,0,0,1,1,0,0,0,6.90483E+20,5.34224E+21,1.15638E+16,4.82048E+16
149546,149547,9,1,75,122,2016,11,9,2,2,0,1,0,0,1,0,0,0,0,0,7.21187E+20,5.3253E+21,1.19677E+16,4.80426E+16
149547,149548,9,5,77,136,2016,11,13,2,3,2,2,0,0,0,1,0,0,0,0,6.29129E+20,5.44271E+21,1.07699E+16,4.91237E+16
149548,149549,9,1,78,130,2016,11,17,3,3,5,3,2,1,0,1,0,0,0,0,7.02747E+20,5.35684E+21,1.17357E+16,4.83322E+16
149549,149550,9,7,61,0,2016,11,18,2,3,5,3,2,0,0,1,0,1,0,0,6.40617E+20,5.35771E+21,1.08982E+16,4.83569E+16
149550,149551,9,7,61,0,2016,11,15,4,3,9,7,0,1,1,0,0,0,0,0,6.41947E+20,5.36023E+21,1.0917E+16,4.83792E+16
149551,149552,9,7,64,0,2016,11,11,5,3,3,2,0,0,1,1,0,0,0,0,5.86386E+20,5.31589E+21,1.01579E+16,4.79905E+16
149552,149553,9,7,79,131,2016,11,18,3,3,5,3,2,1,1,1,0,0,0,0,6.29196E+20,5.39684E+21,1.07563E+16,4.87112E+16
149553,149554,9,1,62,0,2016,11,20,1,2,1,6,2,1,0,1,0,0,0,0,6.89165E+20,5.33298E+21,1.1542E+16,4.81219E+16
149554,149555,9,4,79,152,2016,11,10,5,3,5,3,0,0,0,1,0,0,0,0,7.22811E+20,5.56243E+21,1.21204E+16,5.01721E+16
149555,149556,9,3,62,0,2016,11,15,4,3,5,2,0,1,1,1,0,0,0,0,7.27925E+20,5.43521E+21,1.21181E+16,4.90276E+16
149556,149557,9,5,62,0,2016,11,9,5,3,5,3,0,1,0,1,0,0,0,0,6.46873E+20,5.49333E+21,1.10316E+16,4.95747E+16
149557,149558,9,5,71,205,2016,11,19,2,2,9,1,2,0,0,1,0,0,0,0,5.90346E+20,5.4777E+21,1.02464E+16,4.94452E+16
149558,149559,9,1,62,0,2016,11,10,2,3,3,2,0,0,0,0,0,0,1,1,6.8869E+20,5.33786E+21,1.15377E+16,4.81659E+16
149559,149560,9,6,63,0,2016,11,8,4,3,5,3,0,1,0,1,0,1,0,0,5.65998E+20,5.51669E+21,9.91709E+15,4.97991E+16
149560,149561,9,7,73,136,2016,11,5,5,3,5,2,2,0,0,1,0,1,0,0,6.01178E+20,5.37742E+21,1.03708E+16,4.85417E+16
149561,149562,9,2,63,0,2016,11,13,5,3,5,3,0,1,0,1,0,0,0,0,7.62071E+20,5.42038E+21,1.25748E+16,4.8881E+16