FID,OBJECTID,ULAND,UREGBEZ,UKREIS,UGEMEINDE,UJAHR,UMONAT,USTUNDE,UWOCHENTAG,UKATEGORIE,UART,UTYP1,ULICHTVERH,IstStrasse,IstRad,IstPKW,IstFuss,IstKrad,IstGkfz,IstSonstig,LINREFX,LINREFY,XGCSWGS84,YGCSWGS84
149562,149563,9,1,77,117,2016,11,10,1,3,0,7,0,0,1,0,0,0,0,0,7.15448E+20,5.35498E+21,1.19059E+16,4.83113E+16
149563,149564,9,4,61,0,2016,11,11,5,3,0,7,0,0,0,0,1,0,0,1,6.35306E+20,5.52875E+21,1.0884E+16,4.98958E+16
149564,149565,9,4,79,152,2016,11,6,3,3,2,6,1,0,0,1,0,0,0,0,7.23067E+20,5.56368E+21,1.21247E+16,5.01833E+16
149565,149566,9,6,63,0,2016,11,19,3,2,0,1,2,0,1,0,0,0,0,0,5.67008E+20,5.51632E+21,9.93106E+15,4.97956E+16
149566,149567,9,1,89,115,2016,11,14,4,3,5,3,0,1,0,1,0,0,0,0,7.62314E+20,5.33439E+21,1.25241E+16,4.81087E+16
149567,149568,9,1,62,0,2016,11,17,5,3,4,3,2,1,0,1,0,0,0,0,6.90486E+20,5.3421E+21,1.15638E+16,4.82035E+16
149568,149569,9,4,75,156,2016,11,12,4,3,0,7,0,1,0,1,0,0,0,0,6.92606E+20,5.57873E+21,1.17062E+16,5.03291E+16
149569,149570,9,1,62,0,2016,11,18,5,2,6,4,2,0,0,1,1,0,0,0,6.88608E+20,5.33262E+21,1.15343E+16,4.81189E+16
149570,149571,9,5,64,0,2016,11,9,4,3,5,5,0,1,0,1,0,0,0,1,6.46759E+20,5.47756E+21,1.10242E+16,4.9433E+16
149571,149572,9,7,71,113,2016,11,7,5,3,5,3,0,0,1,1,0,0,0,0,6.57634E+20,5.37E+21,1.11324E+16,4.84634E+16
149572,149573,9,1,71,111,2016,11,15,5,3,5,7,0,1,1,1,0,0,0,0,7.72553E+20,5.34792E+21,1.26701E+16,4.82259E+16
149573,149574,9,1,62,0,2016,11,11,1,3,4,6,0,0,0,1,0,0,0,0,6.91664E+20,5.33445E+21,1.15762E+16,4.81345E+16
149574,149575,9,4,61,0,2016,11,17,3,3,1,6,0,1,0,1,0,0,0,0,6.36171E+20,5.52911E+21,1.08961E+16,4.98989E+16
149575,149576,9,5,72,132,2016,11,14,3,3,5,3,0,1,0,1,0,0,0,0,6.35545E+20,5.49135E+21,1.08743E+16,4.95595E+16
149576,149577,9,1,62,0,2016,11,7,4,2,0,3,0,1,1,1,0,0,0,0,6.84985E+20,5.33779E+21,1.14879E+16,4.81664E+16
149577,149578,9,1,81,130,2016,11,9,4,2,4,1,0,1,0,1,0,0,0,0,6.38363E+20,5.32608E+21,1.08575E+16,4.8073E+16
149578,149579,9,1,62,0,2016,11,7,3,3,5,3,0,0,1,1,0,0,0,0,6.92868E+20,5.33549E+21,1.15928E+16,4.81434E+16
149579,149580,9,3,62,0,2016,11,12,4,3,5,2,0,1,0,1,0,0,1,0,7.30388E+20,5.43214E+21,1.215E+16,4.89991E+16
149580,149581,9,1,62,0,2016,11,13,1,3,0,7,0,0,1,0,0,0,0,0,6.91711E+20,5.33374E+21,1.15765E+16,4.8128E+16
149581,149582,9,5,61,0,2016,11,9,2,3,2,6,0,0,0,1,0,0,0,0,6.14228E+20,5.46207E+21,1.05712E+16,4.93007E+16
149582,149583,9,1,62,0,2016,11,10,1,3,5,3,0,0,0,1,0,0,0,0,7.00886E+20,5.33445E+21,1.17E+16,4.81315E+16
149583,149584,9,1,79,126,2016,11,16,3,2,1,6,0,0,1,1,0,0,0,0,6.773E+20,5.33991E+21,1.13856E+16,4.81876E+16
149584,149585,9,1,78,124,2016,11,16,5,3,5,3,1,0,0,1,0,0,0,0,7.04493E+20,5.35912E+21,1.17603E+16,4.83521E+16
149585,149586,9,1,62,0,2016,11,19,1,3,2,6,2,0,0,1,0,0,0,0,6.92021E+20,5.3381E+21,1.15826E+16,4.81671E+16
149586,149587,9,1,61,0,2016,11,17,3,2,6,4,2,1,0,1,1,0,0,0,6.78367E+20,5.40393E+21,1.14272E+16,4.87628E+16
149587,149588,9,3,62,0,2016,11,16,3,3,4,2,0,1,0,1,0,0,0,0,7.27936E+20,5.43538E+21,1.21184E+16,4.90291E+16
149588,149589,9,5,64,0,2016,11,17,3,3,2,6,2,1,1,1,0,0,0,0,6.5327E+20,5.48011E+21,1.11149E+16,4.94543E+16
149589,149590,9,1,62,0,2016,11,17,4,3,1,6,2,1,0,1,0,0,0,0,6.83514E+20,5.33898E+21,1.14687E+16,4.81775E+16
149590,149591,9,1,62,0,2016,11,9,3,3,1,6,0,0,0,1,0,0,0,0,6.8861E+20,5.33567E+21,1.15357E+16,4.81463E+16
149591,149592,9,1,62,0,2016,11,11,3,3,6,4,0,0,0,1,1,0,0,0,6.87738E+20,5.33595E+21,1.15241E+16,4.81491E+16
149592,149593,9,7,79,111,2016,11,7,1,3,8,7,1,0,0,1,0,0,0,0,6.19582E+20,5.41046E+21,1.06296E+16,4.88356E+16
149593,149594,9,6,77,126,2016,11,6,5,3,5,3,2,1,0,1,0,0,0,0,5.3796E+20,5.52247E+21,9.52807E+15,4.98535E+16
149594,149595,9,4,75,162,2016,11,9,2,3,5,3,0,0,0,1,0,0,0,0,7.17252E+20,5.56864E+21,1.20462E+16,5.023E+16
149595,149596,9,1,62,0,2016,11,18,2,3,0,7,2,0,0,0,0,0,0,1,6.92294E+20,5.3382E+21,1.15863E+16,4.8168E+16
149596,149597,9,6,63,0,2016,11,7,2,3,5,3,1,0,0,1,0,0,0,0,5.68665E+20,5.51444E+21,9.95374E+15,4.97785E+16
149597,149598,9,7,80,139,2016,11,12,5,3,5,3,0,1,0,1,0,0,0,0,5.96103E+20,5.26311E+21,1.02764E+16,4.75143E+16
149598,149599,9,2,79,112,2016,11,12,3,3,0,4,0,0,0,0,1,1,0,0,7.58014E+20,5.39229E+21,1.2502E+16,4.86303E+16
149599,149600,9,6,62,0,2016,11,14,2,3,0,3,0,0,0,1,0,0,0,1,5.86817E+20,5.54484E+21,1.02127E+16,5.00495E+16
149600,149601,9,7,63,0,2016,11,11,4,3,6,7,0,0,0,1,1,0,0,0,5.98729E+20,5.28667E+21,1.03166E+16,4.77258E+16
149601,149602,9,1,62,0,2016,11,9,5,3,5,3,0,1,1,1,0,0,0,0,6.92157E+20,5.33522E+21,1.15831E+16,4.81412E+16
149602,149603,9,7,74,143,2016,11,12,3,2,6,4,0,0,0,1,1,0,0,0,5.97105E+20,5.35854E+21,1.03112E+16,4.83725E+16
149603,149604,9,7,61,0,2016,11,19,1,3,2,6,2,0,0,1,0,0,0,0,6.40934E+20,5.3572E+21,1.09023E+16,4.83522E+16
149604,149605,9,5,62,0,2016,11,7,5,2,5,3,1,0,1,1,0,0,0,0,6.45548E+20,5.49533E+21,1.1014E+16,4.9593E+16
149605,149606,9,4,64,0,2016,11,7,2,3,3,6,0,0,0,1,0,0,0,1,7.06683E+20,5.57705E+21,1.19028E+16,5.03093E+16
149606,149607,9,1,62,0,2016,11,6,2,3,1,7,2,0,1,1,0,0,0,0,6.93082E+20,5.33398E+21,1.1595E+16,4.81298E+16
149607,149608,9,5,76,111,2016,11,17,4,3,9,1,2,1,0,1,0,0,0,0,6.41937E+20,5.45228E+21,1.09487E+16,4.92068E+16
149608,149609,9,7,71,146,2016,11,19,5,3,5,3,2,0,0,1,0,0,0,1,6.46583E+20,5.34877E+21,1.09756E+16,4.82751E+16
149609,149610,9,1,90,154,2016,11,11,5,2,9,1,0,1,0,1,0,0,0,0,6.39401E+20,5.2884E+21,1.08593E+16,4.77339E+16
149610,149611,9,6,63,0,2016,11,6,1,2,0,7,1,0,0,0,0,1,0,0,5.68516E+20,5.51114E+21,9.95109E+15,4.97488E+16
149611,149612,9,3,63,0,2016,11,8,5,3,4,6,0,1,0,1,0,0,0,0,7.26714E+20,5.50908E+21,1.21436E+16,4.96915E+16
149612,149613,9,7,72,163,2016,11,13,3,3,2,6,0,1,0,1,0,0,0,0,6.4073E+20,5.35038E+21,1.08973E+16,4.82909E+16
149613,149614,9,3,75,213,2016,11,14,5,2,4,6,0,1,0,1,0,0,0,0,7.26528E+20,5.44211E+21,1.21029E+16,4.90901E+16
149614,149615,9,5,62,0,2016,11,2,1,3,0,1,2,0,0,1,0,0,0,0,6.44412E+20,5.49306E+21,1.09975E+16,4.95729E+16
149615,149616,9,4,62,0,2016,11,10,5,3,5,3,0,1,0,1,0,0,0,0,6.85147E+20,5.53465E+21,1.15801E+16,4.99355E+16
149616,149617,9,4,78,139,2016,11,9,2,3,6,4,0,0,0,1,1,0,0,0,6.46872E+20,5.5566E+21,1.10556E+16,5.01434E+16
149617,149618,9,7,61,0,2016,11,15,3,3,5,3,0,0,1,1,0,0,0,0,6.38491E+20,5.35934E+21,1.08701E+16,4.8372E+16
149618,149619,9,3,73,126,2016,11,19,4,3,5,2,2,1,0,1,0,1,0,0,6.70131E+20,5.45224E+21,1.13355E+16,4.91994E+16
149619,149620,9,1,62,0,2016,11,17,5,3,6,4,2,1,1,0,1,0,0,0,6.90955E+20,5.33235E+21,1.15657E+16,4.81158E+16
149620,149621,9,5,64,0,2016,11,18,4,3,5,2,2,1,0,1,0,0,0,0,6.51416E+20,5.47933E+21,1.1089E+16,4.94478E+16
149621,149622,9,1,61,0,2016,11,6,5,3,4,2,0,1,0,1,0,0,0,0,6.78169E+20,5.4053E+21,1.14251E+16,4.87752E+16
149622,149623,9,5,73,127,2016,11,10,1,3,9,7,0,0,0,1,0,0,0,0,6.45118E+20,5.47511E+21,1.10006E+16,4.94114E+16
149623,149624,9,3,63,0,2016,11,12,3,3,2,6,0,1,0,1,0,0,0,0,7.26168E+20,5.50819E+21,1.21355E+16,4.96837E+16
149624,149625,9,5,64,0,2016,11,7,3,3,5,2,1,0,1,1,0,0,0,0,6.51261E+20,5.47869E+21,1.10866E+16,4.9442E+16
149625,149626,9,1,62,0,2016,11,16,4,3,5,3,2,1,1,1,0,0,0,0,6.93624E+20,5.34211E+21,1.1606E+16,4.82026E+16
149626,149627,9,1,77,117,2016,11,19,4,3,4,6,2,1,0,1,0,0,0,0,7.15939E+20,5.35407E+21,1.1912E+16,4.83029E+16
149627,149628,9,1,62,0,2016,11,9,3,3,4,7,0,0,0,1,0,0,0,0,6.90478E+20,5.33568E+21,1.15608E+16,4.81458E+16
149628,149629,9,4,64,0,2016,11,21,3,3,5,3,2,1,0,1,0,0,0,0,7.06561E+20,5.57725E+21,1.19012E+16,5.03111E+16
149629,149630,9,6,63,0,2016,11,16,3,3,6,2,1,1,0,1,1,0,0,0,5.67193E+20,5.51652E+21,9.93366E+15,4.97974E+16
149630,149631,9,1,62,0,2016,11,8,4,3,5,3,0,1,1,1,0,0,0,0,6.86478E+20,5.33423E+21,1.15064E+16,4.8134E+16
149631,149632,9,1,63,0,2016,11,18,4,3,5,3,2,1,1,1,0,0,0,0,7.32426E+20,5.30438E+21,1.2107E+16,4.78507E+16
149632,149633,9,1,62,0,2016,11,8,5,3,5,2,0,1,1,1,0,0,0,0,6.93815E+20,5.33252E+21,1.16042E+16,4.81165E+16
149633,149634,9,4,63,0,2016,11,17,4,3,4,2,2,1,0,1,0,0,0,0,6.39626E+20,5.56868E+21,1.09587E+16,5.02538E+16
149634,149635,9,1,62,0,2016,11,7,4,3,3,2,0,1,0,1,0,0,0,0,6.90488E+20,5.33315E+21,1.15598E+16,4.8123E+16
149635,149636,9,5,64,0,2016,11,18,1,2,6,4,2,0,0,0,1,0,0,1,6.5279E+20,5.47909E+21,1.11079E+16,4.94452E+16
149636,149637,9,1,86,149,2016,11,14,3,3,5,3,0,1,0,1,0,0,0,0,6.90012E+20,5.38696E+21,1.15777E+16,4.86069E+16
149637,149638,9,2,71,143,2016,11,10,3,3,5,3,0,1,0,1,0,0,0,0,7.79816E+20,5.40803E+21,1.28079E+16,4.87623E+16
149638,149639,9,5,64,0,2016,11,12,3,3,5,2,0,1,1,1,0,0,0,0,6.45875E+20,5.47935E+21,1.10126E+16,4.94492E+16
149639,149640,9,1,62,0,2016,11,6,4,3,3,3,2,1,1,1,0,0,0,0,6.9113E+20,5.33554E+21,1.15695E+16,4.81444E+16
149640,149641,9,1,62,0,2016,11,22,5,3,5,3,2,0,1,0,0,0,0,0,6.89576E+20,5.33353E+21,1.15477E+16,4.81267E+16
149641,149642,9,1,62,0,2016,11,18,3,3,6,4,2,1,0,1,1,0,0,0,6.94681E+20,5.33543E+21,1.16171E+16,4.81423E+16
149642,149643,9,5,64,0,2016,11,13,1,3,1,5,0,0,0,1,0,0,0,0,6.45984E+20,5.48006E+21,1.10144E+16,4.94556E+16
149643,149644,9,6,61,0,2016,11,7,5,3,5,2,0,1,1,1,0,0,0,0,5.11179E+20,5.53495E+21,9.15588E+15,4.99668E+16
149644,149645,9,4,78,139,2016,11,10,2,3,4,6,0,0,0,1,0,0,0,0,6.47285E+20,5.55723E+21,1.10616E+16,5.0149E+16
149645,149646,9,2,75,159,2016,11,21,1,2,0,7,2,1,0,0,0,1,0,0,8.10159E+20,5.39687E+21,1.32113E+16,4.86479E+16
149646,149647,9,4,74,126,2016,11,11,2,3,5,2,0,0,1,1,0,0,0,0,6.48536E+20,5.50937E+21,1.10606E+16,4.97185E+16
149647,149648,9,1,71,118,2016,11,17,1,3,0,1,2,0,0,1,0,0,0,0,7.85926E+20,5.35056E+21,1.28515E+16,4.82437E+16
149648,149649,9,1,78,145,2016,11,22,3,2,0,3,2,1,0,1,0,0,0,0,6.99657E+20,5.35645E+21,1.16938E+16,4.83296E+16
149649,149650,9,5,62,0,2016,11,12,2,3,1,5,0,0,1,1,0,0,0,0,6.46486E+20,5.49532E+21,1.1027E+16,4.95927E+16
149650,149651,9,7,73,182,2016,11,15,4,3,2,6,0,1,0,1,0,0,0,0,6.2393E+20,5.38E+21,1.06797E+16,4.85609E+16
149651,149652,9,7,78,134,2016,11,13,5,3,0,7,0,1,1,0,0,0,0,0,6.12793E+20,5.33782E+21,1.05175E+16,4.81836E+16
149652,149653,9,7,77,164,2016,11,19,3,3,1,1,2,1,1,0,0,0,1,0,6.22845E+20,5.31207E+21,1.06453E+16,4.79501E+16
149653,149654,9,1,71,113,2016,11,2,1,3,8,1,2,0,0,1,0,0,0,0,7.76136E+20,5.33907E+21,1.27125E+16,4.81449E+16
149654,149655,9,5,64,0,2016,11,7,5,3,2,6,0,1,0,1,0,0,0,0,6.57096E+20,5.47366E+21,1.11651E+16,4.93954E+16
149655,149656,9,4,74,126,2016,11,15,2,3,5,3,0,0,1,1,0,0,0,0,6.48394E+20,5.50998E+21,1.10589E+16,4.9724E+16
149656,149657,9,7,79,197,2016,11,10,2,3,6,7,0,0,0,1,1,0,0,0,6.16933E+20,5.42263E+21,1.0597E+16,4.89455E+16
149657,149658,9,3,62,0,2016,11,12,4,3,4,2,0,1,0,1,0,0,0,0,7.23472E+20,5.43454E+21,1.20569E+16,4.90232E+16
149658,149659,9,1,62,0,2016,11,8,5,3,6,4,0,1,0,1,1,0,0,0,6.93891E+20,5.34029E+21,1.16087E+16,4.81862E+16
149659,149660,9,5,64,0,2016,11,16,4,3,6,2,2,1,0,1,1,0,0,0,6.49871E+20,5.47837E+21,1.10673E+16,4.94395E+16
149660,149661,9,1,84,123,2016,11,15,2,3,5,2,0,0,0,1,0,0,1,0,7.04049E+20,5.33286E+21,1.17417E+16,4.81163E+16
149661,149662,9,7,61,0,2016,11,9,4,2,1,1,0,1,1,0,0,0,0,1,6.40571E+20,5.35886E+21,1.0898E+16,4.83672E+16
149662,149663,9,7,77,121,2016,11,16,5,3,5,3,0,0,0,1,0,0,0,0,6.27272E+20,5.32235E+21,1.07076E+16,4.80418E+16
149663,149664,9,2,76,144,2016,11,16,5,3,5,3,2,1,0,1,0,0,0,0,7.84098E+20,5.44274E+21,1.28902E+16,4.90719E+16
149664,149665,9,1,87,128,2016,11,2,1,3,9,1,2,2,0,1,0,0,0,0,7.47128E+20,5.31195E+21,1.23075E+16,4.79132E+16
149665,149666,9,4,74,126,2016,11,16,5,3,4,2,1,0,0,1,0,0,0,0,6.48523E+20,5.50913E+21,1.10604E+16,4.97164E+16
149666,149667,9,5,71,132,2016,11,15,3,3,5,3,0,1,0,1,0,0,0,0,6.03947E+20,5.44316E+21,1.0425E+16,4.91325E+16
149667,149668,9,7,61,0,2016,11,16,3,3,4,2,2,1,1,1,0,0,0,0,6.40587E+20,5.35804E+21,1.08979E+16,4.83598E+16
149668,149669,9,2,75,141,2016,11,9,4,2,5,3,0,1,1,1,0,0,0,0,8.19061E+20,5.36912E+21,1.33106E+16,4.83944E+16
149669,149670,9,1,62,0,2016,11,16,5,3,0,7,1,1,0,1,0,0,0,0,6.88367E+20,5.33992E+21,1.15343E+16,4.81846E+16
149670,149671,9,5,61,0,2016,11,17,4,3,5,3,2,1,0,1,0,0,0,0,6.17394E+20,5.46143E+21,1.06146E+16,4.92943E+16
149671,149672,9,1,74,115,2016,11,18,5,3,2,6,2,1,0,1,0,0,0,0,6.81831E+20,5.3478E+21,1.14499E+16,4.82573E+16
149672,149673,9,1,61,0,2016,11,2,1,3,1,7,2,0,0,1,0,0,0,0,6.8127E+20,5.40233E+21,1.1466E+16,4.87476E+16
149673,149674,9,7,61,0,2016,11,10,5,3,0,1,0,1,1,0,0,0,0,0,6.40631E+20,5.35927E+21,1.08989E+16,4.83709E+16
149674,149675,9,1,72,118,2016,11,15,5,3,0,1,0,0,1,0,0,0,0,0,7.97208E+20,5.30651E+21,1.29725E+16,4.78431E+16
149675,149676,9,1,88,113,2016,11,1,1,3,1,5,2,0,0,1,0,0,0,0,6.76664E+20,5.31311E+21,1.13659E+16,4.7947E+16
149676,149677,9,4,62,0,2016,11,16,3,3,0,3,0,1,0,1,0,0,0,0,6.82631E+20,5.53467E+21,1.15451E+16,4.99364E+16
149677,149678,9,6,72,114,2016,11,17,3,3,9,3,2,1,0,1,0,0,0,0,5.78005E+20,5.5624E+21,1.00932E+16,5.02086E+16
149678,149679,9,1,62,0,2016,11,18,4,3,4,3,2,1,1,1,0,0,0,0,6.90674E+20,5.33839E+21,1.15646E+16,4.81701E+16
149679,149680,9,1,86,143,2016,11,15,4,3,8,1,0,1,0,1,0,0,0,0,6.85664E+20,5.37945E+21,1.15154E+16,4.85406E+16
149680,149681,9,1,62,0,2016,11,6,3,3,5,3,1,0,1,1,0,0,0,0,6.85995E+20,5.3285E+21,1.14975E+16,4.80826E+16
149681,149682,9,4,61,0,2016,11,12,4,3,6,2,0,1,0,1,1,0,0,0,6.36177E+20,5.52818E+21,1.08959E+16,4.98905E+16
149682,149683,9,4,61,0,2016,11,15,2,3,6,2,0,0,0,0,1,0,0,1,6.35984E+20,5.52858E+21,1.08933E+16,4.98941E+16
149683,149684,9,1,62,0,2016,11,0,7,3,6,4,2,1,0,1,1,0,0,0,6.92646E+20,5.33343E+21,1.15889E+16,4.81249E+16
149684,149685,9,1,86,139,2016,11,19,3,2,8,1,2,1,1,0,1,0,0,0,6.9769E+20,5.40473E+21,1.16903E+16,4.87642E+16
149685,149686,9,2,61,0,2016,11,7,3,3,6,7,0,0,0,1,1,0,0,0,7.31062E+20,5.38258E+21,1.21314E+16,4.85537E+16
149686,149687,9,5,63,0,2016,11,15,2,2,6,4,0,0,0,0,1,0,0,1,6.43819E+20,5.48129E+21,1.0985E+16,4.94672E+16
149687,149688,9,5,73,134,2016,11,11,3,3,5,2,0,0,1,1,0,0,0,0,6.41766E+20,5.47827E+21,1.09556E+16,4.94406E+16
149688,149689,9,7,63,0,2016,11,19,4,3,6,4,2,0,0,1,1,0,0,0,5.98911E+20,5.28681E+21,1.0319E+16,4.7727E+16
149689,149690,9,1,74,115,2016,11,9,2,3,5,3,0,0,0,1,0,0,0,0,6.81467E+20,5.34683E+21,1.14445E+16,4.82487E+16
149690,149691,9,2,74,194,2016,11,1,1,3,8,1,2,1,0,1,0,0,0,0,7.24567E+20,5.38268E+21,1.20435E+16,4.8557E+16
149691,149692,9,1,87,150,2016,11,18,7,3,5,3,2,0,1,1,0,0,0,0,7.29484E+20,5.30417E+21,1.20676E+16,4.78499E+16
149692,149693,9,1,62,0,2016,11,16,2,3,6,2,0,0,0,1,1,0,0,0,6.87655E+20,5.32917E+21,1.152E+16,4.80882E+16
149693,149694,9,7,75,162,2016,11,8,6,3,5,3,0,1,0,1,0,0,0,0,5.79732E+20,5.34794E+21,1.00747E+16,4.82796E+16
149694,149695,9,1,62,0,2016,11,8,3,3,4,2,0,0,1,1,0,0,0,0,6.95617E+20,5.33094E+21,1.16276E+16,4.81017E+16
149695,149696,9,6,61,0,2016,11,16,7,3,2,6,2,0,0,1,0,0,0,0,5.10842E+20,5.53702E+21,9.15124E+15,4.99854E+16
149696,149697,9,3,73,155,2016,11,13,2,1,3,2,0,0,1,1,0,0,0,0,6.70324E+20,5.45934E+21,1.13411E+16,4.92631E+16
149697,149698,9,1,86,143,2016,11,13,6,3,0,7,0,1,0,1,0,1,0,0,6.8544E+20,5.37771E+21,1.15116E+16,4.8525E+16
149698,149699,9,1,62,0,2016,11,10,7,3,6,4,0,1,0,1,1,0,0,0,6.90582E+20,5.3293E+21,1.15593E+16,4.80884E+16
149699,149700,9,5,64,0,2016,11,8,3,3,5,3,0,0,1,1,0,0,0,0,6.51336E+20,5.48084E+21,1.10885E+16,4.94614E+16
149700,149701,9,3,75,174,2016,11,11,3,3,6,1,0,0,0,1,1,0,0,0,7.34039E+20,5.4314E+21,1.21994E+16,4.89911E+16
149701,149702,9,7,63,0,2016,11,8,6,3,2,6,0,1,0,1,0,0,0,0,5.99889E+20,5.28602E+21,1.03319E+16,4.77198E+16
149702,149703,9,1,62,0,2016,11,17,3,3,3,2,2,0,0,1,0,1,0,0,6.9663E+20,5.33808E+21,1.16445E+16,4.81656E+16
149703,149704,9,6,73,142,2016,11,15,3,2,5,2,0,0,0,1,0,0,0,0,5.92175E+20,5.58839E+21,1.02981E+16,5.04403E+16
149704,149705,9,7,62,0,2016,11,13,6,3,3,2,0,0,1,0,0,0,0,0,6.22659E+20,5.30531E+21,1.06408E+16,4.78894E+16
149705,149706,9,1,62,0,2016,11,15,3,2,6,4,0,0,0,1,1,0,0,1,6.89376E+20,5.33462E+21,1.15455E+16,4.81366E+16
149706,149707,9,5,72,130,2016,11,15,7,2,5,3,0,1,0,1,0,1,0,0,6.39759E+20,5.50466E+21,1.09373E+16,4.96783E+16
149707,149708,9,2,75,122,2016,11,3,2,3,0,7,2,0,0,1,0,0,0,0,8.22041E+20,5.37817E+21,1.33577E+16,4.84741E+16
149708,149709,9,1,83,148,2016,11,19,4,3,9,1,2,0,0,1,0,0,0,0,7.51778E+20,5.34375E+21,1.23884E+16,4.8197E+16
149709,149710,9,7,61,0,2016,11,10,2,3,0,3,0,0,0,1,0,0,0,0,6.41424E+20,5.36478E+21,1.09115E+16,4.84202E+16
149710,149711,9,5,61,0,2016,11,11,3,3,4,6,0,0,0,1,0,0,1,0,6.1852E+20,5.46351E+21,1.06307E+16,4.93128E+16
149711,149712,9,2,63,0,2016,11,17,3,3,5,3,2,0,1,1,0,0,0,0,7.62249E+20,5.4193E+21,1.25765E+16,4.88711E+16
149712,149713,9,7,62,0,2016,11,15,6,3,2,6,0,0,0,1,0,0,0,0,6.22063E+20,5.30526E+21,1.06329E+16,4.7889E+16
149713,149714,9,7,72,223,2016,11,7,3,3,5,2,1,0,0,1,0,1,0,0,6.17779E+20,5.36397E+21,1.05918E+16,4.84179E+16
149714,149715,9,1,87,176,2016,11,12,2,3,5,3,0,0,0,1,0,0,0,0,7.39698E+20,5.3321E+21,1.22195E+16,4.8097E+16
149715,149716,9,5,64,0,2016,11,15,1,2,0,1,0,1,1,0,0,0,0,0,6.4536E+20,5.47701E+21,1.10047E+16,4.94284E+16
149716,149717,9,1,88,121,2016,11,3,7,3,0,7,2,1,1,0,0,0,0,0,6.70191E+20,5.33191E+21,1.12868E+16,4.81177E+16
149717,149718,9,1,84,138,2016,11,18,2,3,0,6,2,0,1,0,0,0,0,1,6.83289E+20,5.33155E+21,1.14625E+16,4.81108E+16
149718,149719,9,1,79,121,2016,11,8,3,2,8,1,0,1,0,1,0,0,0,0,6.68142E+20,5.33761E+21,1.12615E+16,4.81694E+16
149719,149720,9,1,62,0,2016,11,13,7,3,5,3,0,0,0,1,0,0,0,0,6.89306E+20,5.33258E+21,1.15437E+16,4.81184E+16
149720,149721,9,1,63,0,2016,11,9,4,2,6,7,0,0,0,1,1,0,0,0,7.33915E+20,5.30476E+21,1.21271E+16,4.78535E+16
149721,149722,9,1,62,0,2016,11,10,7,3,1,6,0,1,0,1,0,0,1,0,6.93791E+20,5.33114E+21,1.16032E+16,4.81041E+16
149722,149723,9,5,63,0,2016,11,17,2,3,6,4,2,0,0,1,1,0,0,0,6.45641E+20,5.48132E+21,1.10101E+16,4.94671E+16
149723,149724,9,2,61,0,2016,11,19,3,3,4,2,2,0,1,1,0,0,0,0,7.37422E+20,5.38449E+21,1.22185E+16,4.85685E+16
149724,149725,9,7,61,0,2016,11,14,6,3,5,3,0,0,0,1,0,0,0,0,6.38411E+20,5.3628E+21,1.08701E+16,4.84031E+16
149725,149726,9,1,79,125,2016,11,6,2,2,0,7,2,0,1,0,0,0,0,0,6.59851E+20,5.33302E+21,1.11484E+16,4.81304E+16
149726,149727,9,2,71,116,2016,11,19,1,3,4,6,2,1,0,1,0,0,0,1,7.87082E+20,5.42486E+21,1.29183E+16,4.89101E+16
149727,149728,9,1,88,121,2016,11,18,7,3,0,7,2,1,0,1,1,0,0,0,6.71314E+20,5.33082E+21,1.13014E+16,4.81075E+16
149728,149729,9,1,62,0,2016,11,7,2,3,3,6,0,0,1,0,0,0,0,1,6.82651E+20,5.3415E+21,1.14582E+16,4.82005E+16
149729,149730,9,1,77,133,2016,11,15,4,3,3,6,0,0,0,1,0,0,0,1,7.0793E+20,5.35565E+21,1.18049E+16,4.83199E+16
149730,149731,9,7,72,147,2016,11,19,6,3,5,3,2,1,0,1,0,0,0,0,6.38513E+20,5.36617E+21,1.08726E+16,4.84334E+16
149731,149732,9,1,85,149,2016,11,18,4,3,1,1,2,0,0,1,0,0,0,1,6.63977E+20,5.39991E+21,1.123E+16,4.87306E+16
149732,149733,9,1,62,0,2016,11,15,7,3,2,6,0,1,0,1,0,0,0,1,6.94106E+20,5.3342E+21,1.16088E+16,4.81315E+16
149733,149734,9,5,64,0,2016,11,15,2,3,5,3,0,0,0,1,0,0,0,0,6.47966E+20,5.48043E+21,1.10419E+16,4.94585E+16
149734,149735,9,1,63,0,2016,11,9,3,3,0,7,0,0,0,0,1,0,0,1,7.3333E+20,5.30442E+21,1.21191E+16,4.78507E+16
149735,149736,9,7,61,0,2016,11,13,6,3,6,4,0,0,0,1,1,0,0,0,6.40384E+20,5.35854E+21,1.08954E+16,4.83644E+16
149736,149737,9,4,75,162,2016,11,9,2,2,5,2,0,0,0,1,0,0,0,1,7.16322E+20,5.57058E+21,1.20343E+16,5.02478E+16
149737,149738,9,1,62,0,2016,11,18,1,3,5,7,2,0,1,1,0,0,0,0,6.8987E+20,5.33149E+21,1.15508E+16,4.81084E+16