FID,OBJECTID,ULAND,UREGBEZ,UKREIS,UGEMEINDE,UJAHR,UMONAT,USTUNDE,UWOCHENTAG,UKATEGORIE,UART,UTYP1,ULICHTVERH,IstStrasse,IstRad,IstPKW,IstFuss,IstKrad,IstGkfz,IstSonstig,LINREFX,LINREFY,XGCSWGS84,YGCSWGS84
149738,149739,9,1,87,120,2016,11,16,1,3,0,1,0,0,1,0,0,0,0,0,7.31908E+20,5.29235E+21,1.20937E+16,4.77428E+16
149739,149740,9,1,79,132,2016,11,13,7,2,5,7,0,1,1,1,0,0,0,0,6.6147E+20,5.33685E+21,1.11716E+16,4.81644E+16
149740,149741,9,7,62,0,2016,11,17,2,3,9,7,2,0,0,1,0,0,0,0,6.22401E+20,5.30455E+21,1.06372E+16,4.78826E+16
149741,149742,9,7,61,0,2016,11,7,3,3,4,2,0,0,1,1,0,0,0,0,6.40158E+20,5.35834E+21,1.08922E+16,4.83627E+16
149742,149743,9,6,63,0,2016,11,13,6,3,6,7,0,1,0,1,1,0,0,0,5.67434E+20,5.51626E+21,9.93696E+15,4.9795E+16
149743,149744,9,1,62,0,2016,11,8,3,3,5,3,0,0,1,1,0,0,0,0,6.94168E+20,5.33642E+21,1.16107E+16,4.81514E+16
149744,149745,9,5,62,0,2016,11,17,7,3,5,3,2,0,0,1,0,0,0,0,6.46294E+20,5.4937E+21,1.10237E+16,4.95782E+16
149745,149746,9,3,76,161,2016,11,7,2,3,8,1,0,2,0,1,0,0,0,0,7.24692E+20,5.46574E+21,1.2091E+16,4.9303E+16
149746,149747,9,1,85,149,2016,11,17,6,3,5,3,2,1,1,1,0,0,0,0,6.60444E+20,5.39954E+21,1.11818E+16,4.87282E+16
149747,149748,9,5,62,0,2016,11,11,7,3,3,6,0,1,0,1,0,0,0,0,6.44904E+20,5.49483E+21,1.10049E+16,4.95887E+16
149748,149749,9,6,63,0,2016,11,10,6,3,0,1,0,1,0,0,0,1,0,0,5.68782E+20,5.51494E+21,9.95546E+15,4.97829E+16
149749,149750,9,3,72,126,2016,11,7,2,3,5,3,0,0,0,1,0,0,0,0,7.78992E+20,5.4684E+21,1.28382E+16,4.93046E+16
149750,149751,9,7,64,0,2016,11,5,1,3,9,7,2,1,0,1,0,0,0,0,5.88338E+20,5.31573E+21,1.0184E+16,4.79888E+16
149751,149752,9,1,81,130,2016,11,16,6,2,4,6,1,0,0,1,0,1,0,0,6.41036E+20,5.31928E+21,1.08911E+16,4.80113E+16
149752,149753,9,1,75,132,2016,11,12,7,2,0,7,0,1,1,0,0,0,0,0,7.07504E+20,5.33113E+21,1.17872E+16,4.80996E+16
149753,149754,9,5,65,0,2016,11,13,3,3,0,6,0,1,0,0,0,0,0,1,6.48534E+20,5.46713E+21,1.10447E+16,4.93388E+16
149754,149755,9,6,73,114,2016,11,18,6,3,2,6,2,0,0,1,0,0,0,0,5.86608E+20,5.57491E+21,1.02166E+16,5.03199E+16
149755,149756,9,1,62,0,2016,11,8,3,3,3,6,0,0,1,1,0,0,0,0,6.90112E+20,5.34218E+21,1.15588E+16,4.82044E+16
149756,149757,9,5,64,0,2016,11,9,7,3,0,1,0,1,1,0,0,0,0,0,6.50002E+20,5.48116E+21,1.10702E+16,4.94646E+16
149757,149758,9,2,79,112,2016,11,13,2,2,0,5,0,0,1,1,0,0,0,0,7.58039E+20,5.39245E+21,1.25024E+16,4.86319E+16
149758,149759,9,1,62,0,2016,11,13,7,3,5,2,0,1,1,1,0,0,0,0,6.88541E+20,5.33694E+21,1.15353E+16,4.81578E+16
149759,149760,9,1,72,118,2016,11,12,4,3,2,6,0,0,1,1,0,0,0,0,7.98209E+20,5.30702E+21,1.29862E+16,4.78472E+16
149760,149761,9,1,62,0,2016,11,8,7,3,2,6,0,0,0,1,0,0,0,0,6.94084E+20,5.33473E+21,1.16088E+16,4.81362E+16
149761,149762,9,6,78,115,2016,11,16,2,3,8,1,2,0,0,0,0,1,0,0,5.8431E+20,5.54076E+21,1.01767E+16,5.00132E+16
149762,149763,9,4,63,0,2016,11,14,3,3,5,2,0,0,0,1,0,0,0,0,6.39907E+20,5.56876E+21,1.09626E+16,5.02544E+16
149763,149764,9,2,62,0,2016,11,17,3,3,0,6,2,0,1,0,0,0,0,0,8.28954E+20,5.38941E+21,1.34599E+16,4.85713E+16
149764,149765,9,1,62,0,2016,11,23,7,3,1,5,2,0,0,1,0,0,0,0,6.88343E+20,5.33471E+21,1.15317E+16,4.81378E+16
149765,149766,9,7,80,124,2016,11,10,2,2,4,7,0,0,0,1,0,0,0,0,5.92022E+20,5.26787E+21,1.02232E+16,4.75578E+16
149766,149767,9,5,64,0,2016,11,6,3,3,5,2,1,0,1,1,0,0,0,0,6.49931E+20,5.47774E+21,1.10679E+16,4.94338E+16
149767,149768,9,3,62,0,2016,11,11,3,3,4,2,0,0,1,1,0,0,0,0,7.27311E+20,5.43283E+21,1.21084E+16,4.90065E+16
149768,149769,9,6,62,0,2016,11,6,6,3,5,3,2,1,0,1,0,1,0,0,5.87397E+20,5.54367E+21,1.02205E+16,5.00389E+16
149769,149770,9,1,62,0,2016,11,20,3,3,0,3,2,0,0,1,0,0,0,0,6.91532E+20,5.33286E+21,1.15737E+16,4.81202E+16
149770,149771,9,7,76,114,2016,11,17,1,3,0,7,2,0,1,1,0,0,0,0,5.68043E+20,5.27536E+21,9.90567E+15,4.76281E+16
149771,149772,9,1,78,124,2016,11,14,3,3,5,3,0,0,0,1,0,0,0,0,7.04769E+20,5.35956E+21,1.17643E+16,4.8356E+16
149772,149773,9,1,61,0,2016,11,18,4,3,2,6,2,0,0,1,0,0,0,0,6.78235E+20,5.40344E+21,1.14252E+16,4.87585E+16
149773,149774,9,1,62,0,2016,11,11,7,3,0,1,0,1,1,0,0,0,0,0,6.91242E+20,5.33404E+21,1.15703E+16,4.81309E+16
149774,149775,9,5,64,0,2016,11,8,2,3,4,2,0,0,0,1,0,0,0,0,6.4879E+20,5.47874E+21,1.10526E+16,4.94431E+16
149775,149776,9,1,89,154,2016,11,18,3,2,0,1,2,1,1,0,0,0,0,0,7.6604E+20,5.31926E+21,1.25647E+16,4.79713E+16
149776,149777,9,6,61,0,2016,11,13,6,2,0,7,0,1,1,0,0,0,0,0,5.10523E+20,5.53583E+21,9.14676E+15,4.99747E+16
149777,149778,9,1,74,122,2016,11,7,2,3,9,1,1,1,0,1,0,0,0,0,6.81483E+20,5.35292E+21,1.14474E+16,4.83034E+16
149778,149779,9,2,74,120,2016,11,12,1,3,0,3,0,0,1,1,0,0,0,0,7.51449E+20,5.36733E+21,1.2398E+16,4.84089E+16
149779,149780,9,1,77,117,2016,11,0,7,3,6,7,2,0,0,1,1,0,0,0,7.15395E+20,5.35445E+21,1.19049E+16,4.83065E+16
149780,149781,9,6,71,130,2016,11,10,6,2,5,3,0,1,0,1,0,1,0,0,5.16376E+20,5.53799E+21,9.22847E+15,4.9994E+16
149781,149782,9,7,61,0,2016,11,17,3,3,1,5,2,0,1,1,0,0,0,0,6.40459E+20,5.35835E+21,1.08963E+16,4.83627E+16
149782,149783,9,1,86,143,2016,11,17,2,3,5,3,2,0,0,1,0,0,0,0,6.83778E+20,5.37772E+21,1.14891E+16,4.85256E+16
149783,149784,9,5,64,0,2016,11,1,1,3,5,3,2,1,0,1,0,0,0,0,6.47176E+20,5.48209E+21,1.10316E+16,4.94736E+16
149784,149785,9,1,62,0,2016,11,13,6,3,0,7,0,0,1,1,0,0,0,0,7.00949E+20,5.33288E+21,1.17001E+16,4.81175E+16
149785,149786,9,1,84,135,2016,11,8,2,3,3,6,0,0,1,1,0,0,0,0,6.89403E+20,5.34813E+21,1.15519E+16,4.82581E+16
149786,149787,9,1,61,0,2016,11,16,4,3,1,5,1,0,1,1,0,0,0,0,6.78254E+20,5.40383E+21,1.14256E+16,4.8762E+16
149787,149788,9,5,73,134,2016,11,17,2,3,0,7,1,0,0,1,1,0,0,0,6.42027E+20,5.47831E+21,1.09592E+16,4.94409E+16
149788,149789,9,1,85,149,2016,11,14,3,3,1,7,0,0,0,1,0,0,0,0,6.60377E+20,5.40037E+21,1.11812E+16,4.87357E+16
149789,149790,9,5,64,0,2016,11,6,7,3,5,3,1,1,0,1,0,0,0,0,6.51972E+20,5.47834E+21,1.10963E+16,4.94388E+16
149790,149791,9,6,61,0,2016,11,12,6,2,4,1,0,1,0,1,0,0,0,0,5.13751E+20,5.53546E+21,9.19176E+15,4.99713E+16
149791,149792,9,4,61,0,2016,11,15,2,3,0,2,0,0,1,0,1,0,0,0,6.36618E+20,5.52923E+21,1.09024E+16,4.98998E+16
149792,149793,9,1,62,0,2016,11,4,1,3,9,1,2,1,0,1,0,0,0,0,6.96474E+20,5.33077E+21,1.16391E+16,4.80999E+16
149793,149794,9,1,74,115,2016,11,6,6,3,1,6,1,1,0,1,0,0,0,0,6.82936E+20,5.34842E+21,1.1465E+16,4.82625E+16
149794,149795,9,1,79,111,2016,11,1,1,3,0,7,2,0,0,1,0,0,0,0,6.57999E+20,5.33867E+21,1.11256E+16,4.81816E+16
149795,149796,9,1,62,0,2016,11,10,6,3,3,6,0,0,0,1,0,1,0,0,6.93052E+20,5.33381E+21,1.15945E+16,4.81282E+16
149796,149797,9,6,63,0,2016,11,14,3,3,0,1,0,1,1,0,0,0,0,0,5.68194E+20,5.51326E+21,9.94699E+15,4.97679E+16
149797,149798,9,5,62,0,2016,11,17,6,3,5,3,2,1,1,1,0,0,0,0,6.47114E+20,5.49539E+21,1.10357E+16,4.95931E+16
149798,149799,9,1,62,0,2016,11,17,2,2,6,2,2,0,0,1,1,0,0,0,6.89725E+20,5.33066E+21,1.15485E+16,4.81009E+16
149799,149800,9,1,62,0,2016,11,8,3,3,0,6,0,0,0,1,0,0,0,1,6.96397E+20,5.33615E+21,1.16405E+16,4.81482E+16
149800,149801,9,5,62,0,2016,11,8,6,3,5,3,0,1,0,1,0,0,0,0,6.45806E+20,5.49482E+21,1.10174E+16,4.95883E+16
149801,149802,9,5,77,136,2016,11,17,7,3,5,3,2,1,0,1,0,0,0,0,6.28044E+20,5.44186E+21,1.07547E+16,4.91162E+16
149802,149803,9,3,62,0,2016,11,7,2,3,2,6,0,0,0,1,0,0,0,0,7.25546E+20,5.43316E+21,1.20845E+16,4.90101E+16
149803,149804,9,1,77,133,2016,11,14,6,3,3,6,0,0,0,1,0,0,1,0,7.07124E+20,5.3601E+21,1.17963E+16,4.836E+16
149804,149805,9,1,62,0,2016,11,15,7,3,0,7,0,1,0,0,0,1,0,0,6.878E+20,5.3342E+21,1.15242E+16,4.81333E+16
149805,149806,9,1,62,0,2016,11,8,6,3,3,2,0,0,1,1,0,0,0,0,6.97305E+20,5.33225E+21,1.16509E+16,4.81129E+16
149806,149807,9,5,74,129,2016,11,17,3,2,7,7,2,0,0,0,0,1,0,0,6.83644E+20,5.49563E+21,1.15408E+16,4.95853E+16
149807,149808,9,5,74,138,2016,11,12,6,3,6,7,0,0,1,0,1,0,0,0,6.65198E+20,5.48651E+21,1.1282E+16,4.95087E+16
149808,149809,9,1,84,118,2016,11,8,3,3,5,3,0,0,1,0,0,0,1,0,7.03812E+20,5.33685E+21,1.17404E+16,4.81522E+16
149809,149810,9,1,88,126,2016,11,22,3,2,8,1,2,0,0,1,0,0,0,0,6.59732E+20,5.32713E+21,1.11446E+16,4.80774E+16
149810,149811,9,1,62,0,2016,11,18,3,2,5,3,2,0,1,1,0,0,0,0,6.93635E+20,5.33252E+21,1.16018E+16,4.81165E+16
149811,149812,9,4,75,168,2016,11,15,7,3,4,6,0,1,0,1,0,0,0,1,7.11789E+20,5.56625E+21,1.19684E+16,5.02105E+16
149812,149813,9,2,71,125,2016,11,7,2,3,8,1,0,2,0,1,0,0,0,0,7.99068E+20,5.41057E+21,1.30711E+16,4.87761E+16
149813,149814,9,1,62,0,2016,11,13,7,3,0,1,0,1,1,0,0,0,0,0,6.92141E+20,5.33255E+21,1.15817E+16,4.81172E+16
149814,149815,9,7,61,0,2016,11,14,2,3,5,5,0,0,1,1,0,0,0,0,6.38366E+20,5.35857E+21,1.08681E+16,4.83651E+16
149815,149816,9,5,64,0,2016,11,19,3,3,5,3,2,0,0,1,0,0,0,0,6.46505E+20,5.48058E+21,1.10218E+16,4.94602E+16
149816,149817,9,2,76,148,2016,11,11,3,3,5,3,0,1,0,1,0,0,0,0,8.09919E+20,5.43811E+21,1.32393E+16,4.90179E+16
149817,149818,9,5,63,0,2016,11,15,6,3,2,6,0,0,0,1,0,0,0,0,6.45141E+20,5.48565E+21,1.10048E+16,4.95061E+16
149818,149819,9,1,62,0,2016,11,8,3,3,5,3,0,0,1,0,0,0,0,0,6.89487E+20,5.33395E+21,1.15467E+16,4.81306E+16
149819,149820,9,1,71,116,2016,11,15,2,3,6,2,0,0,0,1,1,0,0,0,7.6744E+20,5.33181E+21,1.25912E+16,4.80834E+16
149820,149821,9,6,71,121,2016,11,17,1,3,4,2,2,0,1,0,0,1,0,0,5.13102E+20,5.53865E+21,9.18282E+15,5E+16
149821,149822,9,1,62,0,2016,11,19,2,3,1,5,2,0,1,1,0,0,0,0,6.92279E+20,5.33679E+21,1.15855E+16,4.81552E+16
149822,149823,9,1,86,146,2016,11,5,4,3,0,1,2,1,1,0,0,0,0,0,6.81984E+20,5.36809E+21,1.14607E+16,4.84396E+16
149823,149824,9,7,79,194,2016,11,8,7,3,2,6,0,1,0,1,0,0,0,0,6.09321E+20,5.41362E+21,1.04906E+16,4.88659E+16
149824,149825,9,5,64,0,2016,11,13,2,3,2,6,0,0,0,1,0,0,0,0,6.53915E+20,5.48402E+21,1.11253E+16,4.94893E+16
149825,149826,9,1,87,142,2016,11,9,4,3,5,3,0,0,0,1,0,0,0,1,7.33741E+20,5.31452E+21,1.21301E+16,4.79413E+16
149826,149827,9,7,72,184,2016,11,12,7,3,6,7,0,1,0,1,1,0,0,0,6.36071E+20,5.36143E+21,1.08381E+16,4.83914E+16
149827,149828,9,5,76,151,2016,11,12,2,3,5,3,0,0,0,1,0,0,0,1,6.57842E+20,5.47267E+21,1.1175E+16,4.93863E+16
149828,149829,9,3,72,144,2016,11,10,3,3,9,7,0,1,0,1,0,0,0,0,7.86623E+20,5.46468E+21,1.29403E+16,4.92676E+16
149829,149830,9,2,61,0,2016,11,22,3,3,1,7,2,0,1,1,0,0,0,0,7.33279E+20,5.38194E+21,1.2161E+16,4.85472E+16
149830,149831,9,5,64,0,2016,11,15,6,3,5,3,1,1,0,1,0,0,0,0,6.49792E+20,5.47324E+21,1.10643E+16,4.93934E+16
149831,149832,9,1,81,127,2016,11,13,2,3,9,1,0,0,0,0,0,1,0,0,6.32712E+20,5.32399E+21,1.0781E+16,4.80553E+16
149832,149833,9,3,62,0,2016,11,14,1,3,5,7,0,0,0,1,0,0,0,0,7.24583E+20,5.43143E+21,1.20704E+16,4.89949E+16
149833,149834,9,1,62,0,2016,11,13,6,3,1,7,0,0,1,1,0,0,0,0,6.9148E+20,5.33712E+21,1.15749E+16,4.81584E+16
149834,149835,9,1,62,0,2016,11,20,2,3,6,4,2,0,1,0,1,0,0,0,6.86365E+20,5.33909E+21,1.1507E+16,4.81777E+16
149835,149836,9,1,75,118,2016,11,19,4,2,6,6,2,0,0,1,1,0,0,0,7.1513E+20,5.33821E+21,1.18931E+16,4.81607E+16
149836,149837,9,5,71,214,2016,11,9,2,2,4,6,0,2,0,1,0,0,0,0,6.18401E+20,5.43557E+21,1.06208E+16,4.90616E+16
149837,149838,9,5,64,0,2016,11,13,6,3,6,1,0,0,0,1,1,0,0,0,6.50444E+20,5.47948E+21,1.10757E+16,4.94494E+16
149838,149839,9,4,63,0,2016,11,9,7,3,0,1,0,1,0,0,0,1,0,0,6.39716E+20,5.5693E+21,1.09601E+16,5.02593E+16
149839,149840,9,5,75,128,2016,11,6,6,3,8,1,2,1,0,1,0,0,0,0,6.17161E+20,5.50056E+21,1.0623E+16,4.96462E+16
149840,149841,9,3,74,144,2016,11,8,2,3,9,1,0,2,0,1,0,0,0,0,7.22204E+20,5.51213E+21,1.20829E+16,4.97206E+16
149841,149842,9,1,71,125,2016,11,18,3,3,2,6,2,1,0,1,0,0,0,0,7.73936E+20,5.34957E+21,1.26897E+16,4.82401E+16
149842,149843,9,4,64,0,2016,11,18,6,3,6,4,2,1,0,1,1,0,0,0,7.07364E+20,5.57615E+21,1.19119E+16,5.0301E+16
149843,149844,9,5,61,0,2016,11,10,2,3,1,6,0,0,0,1,0,0,0,0,6.16018E+20,5.46148E+21,1.05957E+16,4.9295E+16
149844,149845,9,1,75,135,2016,11,15,2,3,5,7,0,0,0,1,0,0,0,0,7.07983E+20,5.33849E+21,1.17972E+16,4.81656E+16
149845,149846,9,1,80,117,2016,11,12,1,2,6,4,0,0,1,0,1,0,0,0,6.59121E+20,5.26249E+21,1.11127E+16,4.74964E+16
149846,149847,9,1,62,0,2016,11,20,6,3,5,3,2,0,1,1,0,0,0,0,6.86357E+20,5.33413E+21,1.15048E+16,4.81331E+16
149847,149848,9,1,62,0,2016,11,8,2,3,5,2,0,0,1,1,0,0,0,0,6.92671E+20,5.33419E+21,1.15896E+16,4.81318E+16
149848,149849,9,4,64,0,2016,11,16,6,3,6,2,2,1,0,0,1,0,0,1,7.07992E+20,5.57744E+21,1.19214E+16,5.03124E+16
149849,149850,9,1,62,0,2016,11,14,3,2,3,2,0,0,1,1,0,0,0,0,6.93E+20,5.33205E+21,1.1593E+16,4.81125E+16
149850,149851,9,3,75,179,2016,11,4,7,3,9,7,2,0,0,1,0,0,0,0,7.30956E+20,5.42845E+21,1.21557E+16,4.89657E+16
149851,149852,9,3,61,0,2016,11,9,2,2,5,3,0,0,0,1,0,0,0,1,7.05091E+20,5.48363E+21,1.18309E+16,4.94707E+16
149852,149853,9,1,62,0,2016,11,8,5,3,5,3,0,1,0,1,0,0,0,0,6.91073E+20,5.34228E+21,1.15718E+16,4.8205E+16
149853,149854,9,1,62,0,2016,11,13,7,3,5,3,0,1,0,1,1,0,0,0,6.90714E+20,5.33628E+21,1.15642E+16,4.81511E+16
149854,149855,9,5,64,0,2016,11,14,3,3,3,6,0,0,0,1,0,0,0,0,6.55916E+20,5.47596E+21,1.11497E+16,4.94164E+16
149855,149856,9,1,62,0,2016,11,17,1,3,0,7,2,0,0,1,0,0,0,0,6.90434E+20,5.33557E+21,1.15602E+16,4.81448E+16
149856,149857,9,1,84,138,2016,11,15,5,3,6,4,0,1,0,1,1,0,0,0,6.7971E+20,5.3308E+21,1.14141E+16,4.81051E+16
149857,149858,9,1,62,0,2016,11,16,6,2,6,3,1,0,0,0,1,0,0,1,6.86214E+20,5.33484E+21,1.15032E+16,4.81395E+16
149858,149859,9,6,62,0,2016,11,6,3,3,5,3,2,0,1,1,0,0,0,0,5.87787E+20,5.54237E+21,1.02256E+16,5.00272E+16
149859,149860,9,4,63,0,2016,11,16,6,3,4,3,1,1,0,1,0,0,0,0,6.39911E+20,5.56876E+21,1.09627E+16,5.02544E+16
149860,149861,9,1,62,0,2016,11,12,3,3,3,2,0,0,1,0,0,0,0,1,6.8346E+20,5.33637E+21,1.14668E+16,4.81541E+16
149861,149862,9,2,63,0,2016,11,17,7,3,0,7,2,0,1,0,0,0,0,0,7.60948E+20,5.41941E+21,1.25589E+16,4.88727E+16
149862,149863,9,2,61,0,2016,11,18,2,3,2,6,2,0,0,1,0,0,0,0,7.31719E+20,5.38181E+21,1.21398E+16,4.85466E+16
149863,149864,9,1,83,128,2016,11,17,4,3,4,2,2,0,1,1,0,0,0,0,7.61354E+20,5.34982E+21,1.25207E+16,4.82477E+16
149864,149865,9,7,61,0,2016,11,19,2,3,5,3,2,0,1,1,0,0,0,0,6.40455E+20,5.35716E+21,1.08959E+16,4.8352E+16
149865,149866,9,4,63,0,2016,11,9,3,3,6,2,0,0,0,1,1,0,0,0,6.40129E+20,5.56982E+21,1.09661E+16,5.02638E+16
149866,149867,9,2,78,118,2016,11,17,3,2,6,4,2,0,0,1,1,0,0,0,7.71472E+20,5.42514E+21,1.27059E+16,4.89196E+16
149867,149868,9,4,78,165,2016,11,7,6,2,1,5,0,0,0,1,0,0,0,0,6.43013E+20,5.55291E+21,1.10002E+16,5.01112E+16
149868,149869,9,7,61,0,2016,11,7,3,3,4,6,0,1,1,0,0,0,0,0,6.39601E+20,5.35743E+21,1.08844E+16,4.83546E+16
149869,149870,9,3,75,199,2016,11,8,3,3,9,1,0,1,0,1,0,0,0,0,7.20695E+20,5.43202E+21,1.20176E+16,4.90016E+16
149870,149871,9,4,61,0,2016,11,12,6,3,1,7,0,1,0,1,0,1,0,0,6.35763E+20,5.52893E+21,1.08904E+16,4.98974E+16
149871,149872,9,1,62,0,2016,11,20,3,3,2,6,2,0,0,1,0,1,0,0,6.93506E+20,5.33519E+21,1.16012E+16,4.81405E+16
149872,149873,9,1,71,111,2016,11,11,7,3,5,3,0,1,1,1,0,0,0,0,7.71999E+20,5.34795E+21,1.26627E+16,4.82264E+16
149873,149874,9,7,64,0,2016,11,5,1,3,9,1,2,1,0,1,0,0,0,0,5.88351E+20,5.31569E+21,1.01841E+16,4.79884E+16
149874,149875,9,1,74,115,2016,11,9,3,3,2,6,0,0,0,1,0,1,0,0,6.79779E+20,5.3478E+21,1.14222E+16,4.82579E+16
149875,149876,9,1,63,0,2016,11,15,4,3,1,5,0,0,1,1,0,0,0,0,7.33869E+20,5.30482E+21,1.21265E+16,4.78541E+16
149876,149877,9,7,61,0,2016,11,3,7,2,8,1,2,1,0,1,0,0,0,0,6.37898E+20,5.35708E+21,1.08613E+16,4.83519E+16
149877,149878,9,5,64,0,2016,11,17,2,3,5,3,2,0,0,1,0,0,0,0,6.55333E+20,5.47535E+21,1.11415E+16,4.9411E+16
149878,149879,9,1,90,139,2016,11,11,3,3,0,7,0,0,0,1,0,0,0,1,6.55532E+20,5.29632E+21,1.10771E+16,4.78015E+16
149879,149880,9,3,72,158,2016,11,12,6,2,0,1,0,1,0,0,0,0,0,1,7.6121E+20,5.45586E+21,1.25859E+16,4.91998E+16
149880,149881,9,1,74,115,2016,11,13,2,2,5,3,0,0,1,1,0,0,0,0,6.82485E+20,5.34812E+21,1.14588E+16,4.826E+16
149881,149882,9,2,72,138,2016,11,14,1,3,8,1,0,1,0,1,0,0,0,0,8.2343E+20,5.41024E+21,1.34015E+16,4.8761E+16
149882,149883,9,1,62,0,2016,11,8,6,3,5,3,0,0,1,1,0,0,0,0,6.92047E+20,5.34095E+21,1.15843E+16,4.81927E+16
149883,149884,9,1,62,0,2016,11,19,2,3,2,6,2,0,0,1,0,0,0,0,6.86399E+20,5.33335E+21,1.1505E+16,4.81261E+16
149884,149885,9,1,62,0,2016,11,16,3,3,4,2,0,0,1,1,0,0,0,0,6.87383E+20,5.34007E+21,1.15212E+16,4.81862E+16
149885,149886,9,1,63,0,2016,11,20,2,3,8,1,2,0,0,1,0,0,0,0,7.34448E+20,5.30523E+21,1.21345E+16,4.78576E+16
149886,149887,9,5,64,0,2016,11,1,1,3,2,6,2,1,0,1,0,0,0,0,6.50908E+20,5.4785E+21,1.10817E+16,4.94404E+16
149887,149888,9,1,62,0,2016,11,18,6,3,5,2,2,0,1,1,0,0,0,0,6.88995E+20,5.3362E+21,1.15411E+16,4.81509E+16
149888,149889,9,1,62,0,2016,11,10,2,1,5,3,0,0,0,1,1,0,0,1,6.91487E+20,5.33654E+21,1.15747E+16,4.81533E+16
149889,149890,9,1,85,149,2016,11,13,4,3,2,6,0,0,1,1,0,0,0,0,6.60706E+20,5.40061E+21,1.11858E+16,4.87378E+16
149890,149891,9,7,61,0,2016,11,19,7,2,5,4,2,1,0,1,1,0,0,0,6.41726E+20,5.35999E+21,1.0914E+16,4.83772E+16
149891,149892,9,5,64,0,2016,11,11,2,3,2,6,0,0,0,1,0,1,0,0,6.50892E+20,5.48077E+21,1.10823E+16,4.94608E+16
149892,149893,9,1,76,129,2016,11,11,3,2,1,7,0,0,1,1,0,0,0,0,6.86192E+20,5.40446E+21,1.15338E+16,4.87653E+16
149893,149894,9,3,61,0,2016,11,18,6,3,1,5,2,1,0,1,0,0,0,0,7.0804E+20,5.48107E+21,1.18702E+16,4.94466E+16
149894,149895,9,4,73,134,2016,11,13,2,3,0,1,0,0,1,0,0,0,0,0,6.45463E+20,5.56541E+21,1.10392E+16,5.02229E+16
149895,149896,9,1,62,0,2016,11,16,1,3,2,6,1,1,0,1,0,0,0,0,6.84982E+20,5.33473E+21,1.14866E+16,4.81389E+16
149896,149897,9,1,88,124,2016,11,14,1,2,5,5,0,0,1,1,0,0,0,0,6.61933E+20,5.3182E+21,1.11707E+16,4.79966E+16
149897,149898,9,1,62,0,2016,11,17,6,3,5,3,1,0,1,1,0,0,0,0,6.85809E+20,5.32867E+21,1.1495E+16,4.80842E+16
149898,149899,9,7,61,0,2016,11,18,3,3,0,6,2,0,0,1,0,0,0,1,6.40744E+20,5.35924E+21,1.09005E+16,4.83707E+16
149899,149900,9,2,78,121,2016,11,11,6,2,6,4,0,1,0,1,1,0,0,0,7.60432E+20,5.41466E+21,1.25489E+16,4.88302E+16
149900,149901,9,1,62,0,2016,11,16,3,3,5,3,2,0,1,1,0,0,0,0,6.87946E+20,5.32834E+21,1.15236E+16,4.80806E+16
149901,149902,9,1,87,182,2016,11,3,7,3,8,1,2,0,0,1,0,0,0,0,7.384E+20,5.3287E+21,1.22002E+16,4.8067E+16
149902,149903,9,2,71,125,2016,11,13,6,3,1,6,0,1,0,1,0,0,1,0,7.97235E+20,5.40936E+21,1.30453E+16,4.87662E+16
149903,149904,9,1,63,0,2016,11,1,7,3,0,1,2,0,1,0,0,0,0,0,7.34029E+20,5.30522E+21,1.21289E+16,4.78577E+16
149904,149905,9,1,73,118,2016,11,18,6,3,9,1,2,1,0,1,0,0,0,0,6.90071E+20,5.30197E+21,1.15404E+16,4.78429E+16
149905,149906,9,3,62,0,2016,11,17,2,3,3,6,1,0,1,0,0,0,0,0,7.2478E+20,5.43434E+21,1.20747E+16,4.9021E+16
149906,149907,9,1,62,0,2016,11,8,5,2,6,4,0,0,0,1,1,0,0,0,6.8839E+20,5.33821E+21,1.15339E+16,4.81692E+16
149907,149908,9,1,62,0,2016,11,15,6,3,4,2,1,0,1,1,0,0,0,0,6.90282E+20,5.33564E+21,1.15581E+16,4.81455E+16
149908,149909,9,5,76,127,2016,11,21,3,3,7,5,2,1,1,1,0,0,0,0,6.59931E+20,5.45032E+21,1.11948E+16,4.91848E+16
149909,149910,9,1,83,148,2016,11,15,6,2,0,1,0,1,0,0,0,1,0,0,7.52029E+20,5.34494E+21,1.23925E+16,4.82076E+16
149910,149911,9,1,62,0,2016,11,15,3,3,0,3,0,0,1,1,0,0,0,0,6.9056E+20,5.34156E+21,1.15645E+16,4.81986E+16
149911,149912,9,1,63,0,2016,11,12,7,3,6,7,0,0,0,0,1,0,0,1,7.32315E+20,5.30586E+21,1.21063E+16,4.78641E+16
149912,149913,9,1,72,130,2016,11,12,2,3,0,7,0,0,1,0,0,0,0,0,7.95132E+20,5.30963E+21,1.2947E+16,4.78721E+16
149913,149914,9,1,79,118,2016,11,17,3,3,1,7,2,1,1,0,0,0,0,1,6.72166E+20,5.337E+21,1.13154E+16,4.81629E+16