FID,OBJECTID,ULAND,UREGBEZ,UKREIS,UGEMEINDE,UJAHR,UMONAT,USTUNDE,UWOCHENTAG,UKATEGORIE,UART,UTYP1,ULICHTVERH,IstStrasse,IstRad,IstPKW,IstFuss,IstKrad,IstGkfz,IstSonstig,LINREFX,LINREFY,XGCSWGS84,YGCSWGS84
149914,149915,9,1,71,112,2016,11,13,4,3,4,6,0,1,0,1,0,1,0,0,7.84961E+20,5.34308E+21,1.28335E+16,4.8177E+16
149915,149916,9,6,79,170,2016,11,16,7,3,1,7,1,1,1,1,0,0,0,0,5.76684E+20,5.50189E+21,1.00626E+16,4.96647E+16
149916,149917,9,5,62,0,2016,11,8,2,3,5,3,0,0,1,0,0,0,0,1,6.47114E+20,5.49544E+21,1.10357E+16,4.95936E+16
149917,149918,9,2,71,146,2016,11,16,2,3,0,1,2,0,1,0,0,0,0,0,7.85263E+20,5.41081E+21,1.28838E+16,4.87848E+16
149918,149919,9,1,62,0,2016,11,9,7,3,1,7,0,1,0,1,0,0,1,0,6.89373E+20,5.3361E+21,1.15461E+16,4.81499E+16
149919,149920,9,7,73,136,2016,11,16,2,3,5,3,1,0,1,1,0,0,0,0,6.00731E+20,5.37852E+21,1.0365E+16,4.85517E+16
149920,149921,9,5,64,0,2016,11,7,3,3,5,3,0,0,1,1,0,0,0,0,6.50712E+20,5.4783E+21,1.10789E+16,4.94387E+16
149921,149922,9,3,62,0,2016,11,18,3,3,5,2,2,0,1,1,0,0,0,0,7.27925E+20,5.43521E+21,1.21181E+16,4.90276E+16
149922,149923,9,1,72,112,2016,11,7,6,3,4,6,0,0,0,1,0,0,1,0,7.88899E+20,5.3014E+21,1.28583E+16,4.7801E+16
149923,149924,9,1,62,0,2016,11,22,3,3,5,3,2,0,1,1,0,0,0,0,6.88541E+20,5.33441E+21,1.15342E+16,4.8135E+16
149924,149925,9,1,89,124,2016,11,13,2,3,4,3,0,0,1,1,0,0,0,0,7.81064E+20,5.29639E+21,1.27507E+16,4.77595E+16
149925,149926,9,7,61,0,2016,11,12,1,3,5,3,0,0,1,1,0,0,0,0,6.41559E+20,5.35323E+21,1.09094E+16,4.83164E+16
149926,149927,9,1,62,0,2016,11,15,2,3,0,4,0,0,1,0,1,0,0,0,6.87104E+20,5.33918E+21,1.1517E+16,4.81783E+16
149927,149928,9,1,86,143,2016,11,13,4,2,8,1,0,0,1,0,0,0,0,0,6.83898E+20,5.37806E+21,1.14909E+16,4.85287E+16
149928,149929,9,6,74,221,2016,11,16,7,3,0,7,0,0,0,1,0,0,0,0,6.13039E+20,5.54043E+21,1.05775E+16,5.00054E+16
149929,149930,9,5,64,0,2016,11,6,2,2,9,1,2,0,0,0,0,1,0,0,6.50885E+20,5.47923E+21,1.10817E+16,4.9447E+16
149930,149931,9,1,71,117,2016,11,16,3,3,5,3,1,0,1,1,0,0,0,0,7.67178E+20,5.33673E+21,1.25908E+16,4.81277E+16
149931,149932,9,1,71,117,2016,11,10,6,3,5,7,0,1,1,1,0,0,0,0,7.66435E+20,5.33731E+21,1.25812E+16,4.81332E+16
149932,149933,9,4,71,214,2016,11,6,3,3,0,7,1,0,1,1,0,0,0,0,6.38212E+20,5.54155E+21,1.0929E+16,5.00102E+16
149933,149934,9,2,74,145,2016,11,17,3,3,8,7,1,1,0,0,0,1,0,0,7.47911E+20,5.38253E+21,1.23593E+16,4.85468E+16
149934,149935,9,1,76,143,2016,11,8,6,3,4,1,0,1,0,1,0,0,0,0,6.79128E+20,5.40856E+21,1.14396E+16,4.88042E+16
149935,149936,9,1,88,139,2016,11,11,2,3,0,7,0,0,0,1,0,0,0,1,6.7317E+20,5.31677E+21,1.13207E+16,4.79808E+16
149936,149937,9,5,73,120,2016,11,14,1,2,6,4,0,0,0,1,1,0,0,0,6.30405E+20,5.48066E+21,1.07997E+16,4.94646E+16
149937,149938,9,7,74,150,2016,11,5,6,2,6,7,2,0,0,1,1,0,0,0,6.01075E+20,5.34439E+21,1.03614E+16,4.82446E+16
149938,149939,9,1,62,0,2016,11,19,2,3,5,3,2,0,0,1,0,0,1,0,6.79503E+20,5.3344E+21,1.14128E+16,4.81375E+16
149939,149940,9,1,78,130,2016,11,16,4,3,5,3,1,0,0,1,0,0,0,1,7.02447E+20,5.35689E+21,1.17317E+16,4.83327E+16
149940,149941,9,5,77,177,2016,11,5,2,3,5,3,2,0,1,1,0,0,0,0,6.43397E+20,5.43143E+21,1.09613E+16,4.90191E+16
149941,149942,9,1,63,0,2016,11,17,7,3,0,1,2,0,1,0,0,0,0,0,7.31758E+20,5.30351E+21,1.20976E+16,4.78431E+16
149942,149943,9,1,86,137,2016,11,18,6,3,4,2,2,1,0,1,0,1,0,0,6.83509E+20,5.39898E+21,1.14949E+16,4.87168E+16
149943,149944,9,3,63,0,2016,11,16,2,3,5,3,2,0,1,1,0,0,0,0,7.27596E+20,5.50958E+21,1.21561E+16,4.96957E+16
149944,149945,9,1,62,0,2016,11,13,1,3,0,1,0,1,1,0,0,0,0,0,6.89091E+20,5.33827E+21,1.15433E+16,4.81695E+16
149945,149946,9,1,62,0,2016,11,17,5,3,1,5,2,0,0,1,0,0,1,0,6.88913E+20,5.3356E+21,1.15398E+16,4.81456E+16
149946,149947,9,1,77,143,2016,11,19,1,3,5,3,2,0,0,1,0,0,0,0,7.20879E+20,5.36546E+21,1.19845E+16,4.84036E+16
149947,149948,9,1,62,0,2016,11,18,6,3,1,5,1,0,1,1,0,0,0,0,6.88849E+20,5.33241E+21,1.15375E+16,4.81169E+16
149948,149949,9,2,61,0,2016,11,6,6,3,5,3,2,0,1,1,0,0,0,0,7.32402E+20,5.38172E+21,1.2149E+16,4.85454E+16
149949,149950,9,1,62,0,2016,11,15,5,3,5,2,0,0,1,1,0,0,0,0,6.89263E+20,5.33614E+21,1.15447E+16,4.81503E+16
149950,149951,9,4,79,136,2016,11,6,1,3,8,1,2,1,0,1,0,0,0,0,7.19357E+20,5.54415E+21,1.20616E+16,5.00093E+16
149951,149952,9,6,61,0,2016,11,13,5,3,0,7,0,0,1,0,0,0,0,0,5.08086E+20,5.53532E+21,9.11276E+15,4.99701E+16
149952,149953,9,1,81,128,2016,11,14,5,3,5,3,0,0,1,1,0,0,0,0,6.38283E+20,5.32759E+21,1.08569E+16,4.80865E+16
149953,149954,9,7,72,177,2016,11,14,6,3,9,7,0,0,0,1,0,0,0,0,6.36351E+20,5.37856E+21,1.08475E+16,4.85453E+16
149954,149955,9,3,76,161,2016,11,5,4,3,3,2,2,1,0,1,0,1,0,0,7.25757E+20,5.46627E+21,1.21059E+16,4.93074E+16
149955,149956,9,5,64,0,2016,11,8,6,3,2,6,0,0,0,1,0,0,0,0,6.48947E+20,5.4785E+21,1.10546E+16,4.94409E+16
149956,149957,9,7,79,194,2016,11,17,2,3,5,3,2,0,1,1,0,0,0,0,6.10992E+20,5.41413E+21,1.05136E+16,4.88702E+16
149957,149958,9,4,62,0,2016,11,8,5,3,5,2,0,0,1,1,0,0,0,0,6.86854E+20,5.53507E+21,1.16041E+16,4.99387E+16
149958,149959,9,6,71,122,2016,11,9,2,2,6,7,0,1,0,1,1,0,0,0,5.05584E+20,5.52968E+21,9.07778E+15,4.99195E+16
149959,149960,9,1,62,0,2016,11,20,4,3,5,2,2,0,1,1,0,0,0,0,6.89654E+20,5.3327E+21,1.15484E+16,4.81193E+16
149960,149961,9,1,62,0,2016,11,12,2,3,3,5,0,0,1,1,0,0,0,0,6.93321E+20,5.33487E+21,1.15986E+16,4.81377E+16
149961,149962,9,5,64,0,2016,11,16,5,3,5,3,0,0,1,1,0,0,0,0,6.45754E+20,5.48036E+21,1.10113E+16,4.94584E+16
149962,149963,9,1,62,0,2016,11,7,4,3,5,3,0,0,1,1,0,0,0,0,6.89573E+20,5.33353E+21,1.15477E+16,4.81268E+16
149963,149964,9,7,72,202,2016,11,23,6,3,6,3,2,0,0,1,1,0,0,0,6.36047E+20,5.35988E+21,1.08373E+16,4.83774E+16
149964,149965,9,4,71,142,2016,11,21,1,3,8,1,2,2,0,1,0,0,0,0,6.57416E+20,5.52604E+21,1.11905E+16,4.9866E+16
149965,149966,9,7,76,116,2016,11,2,7,3,8,1,2,0,0,1,0,0,0,0,5.54096E+20,5.26699E+21,9.71902E+15,4.75541E+16
149966,149967,9,6,79,130,2016,11,18,2,2,5,3,2,0,0,1,0,1,0,0,5.71575E+20,5.51977E+21,9.99514E+15,4.98261E+16
149967,149968,9,3,62,0,2016,11,15,5,3,0,6,0,0,1,0,1,0,0,0,7.26298E+20,5.43411E+21,1.20953E+16,4.90183E+16
149968,149969,9,5,74,123,2016,11,15,2,3,0,5,0,0,0,1,0,0,0,0,6.60957E+20,5.47178E+21,1.12175E+16,4.93774E+16
149969,149970,9,1,62,0,2016,11,16,4,2,6,4,0,0,0,1,1,0,0,0,6.93824E+20,5.33452E+21,1.16052E+16,4.81344E+16
149970,149971,9,1,62,0,2016,11,14,6,3,1,6,0,0,0,1,0,0,0,0,6.91447E+20,5.33547E+21,1.15737E+16,4.81436E+16
149971,149972,9,1,90,157,2016,11,12,6,3,6,5,0,0,0,0,1,0,0,1,6.61301E+20,5.30128E+21,1.11559E+16,4.78447E+16
149972,149973,9,1,62,0,2016,11,16,5,3,1,5,2,0,0,1,0,0,0,0,6.99158E+20,5.3318E+21,1.16756E+16,4.81083E+16
149973,149974,9,1,78,124,2016,11,6,2,3,5,2,2,1,0,1,0,0,0,0,7.04443E+20,5.35947E+21,1.17598E+16,4.83553E+16
149974,149975,9,1,73,147,2016,11,20,2,2,6,4,2,0,0,1,1,0,0,0,6.81584E+20,5.30879E+21,1.14299E+16,4.79067E+16
149975,149976,9,7,80,118,2016,11,23,6,3,0,1,2,1,1,0,0,0,0,0,5.96764E+20,5.26584E+21,1.02858E+16,4.75388E+16
149976,149977,9,1,72,128,2016,11,3,1,3,6,7,2,1,0,1,1,0,0,0,7.92747E+20,5.30114E+21,1.29094E+16,4.77969E+16
149977,149978,9,5,64,0,2016,11,10,6,3,5,3,0,0,1,1,0,0,0,0,6.48795E+20,5.48007E+21,1.10532E+16,4.94551E+16
149978,149979,9,5,64,0,2016,11,12,7,3,2,6,0,0,0,1,0,0,0,0,6.50008E+20,5.48117E+21,1.10703E+16,4.94646E+16
149979,149980,9,1,80,117,2016,11,17,5,3,2,6,2,0,0,1,0,0,0,0,6.57811E+20,5.26236E+21,1.10953E+16,4.74955E+16
149980,149981,9,5,77,173,2016,11,8,2,3,5,3,0,0,0,1,0,0,0,0,6.42836E+20,5.42565E+21,1.09516E+16,4.89673E+16
149981,149982,9,1,62,0,2016,11,23,4,3,5,2,2,0,1,1,0,0,0,0,6.89436E+20,5.33715E+21,1.15475E+16,4.81593E+16
149982,149983,9,1,62,0,2016,11,11,6,3,5,3,0,0,1,1,0,0,0,0,6.92167E+20,5.33039E+21,1.15811E+16,4.80978E+16
149983,149984,9,1,80,123,2016,11,11,6,3,0,1,0,0,1,0,0,0,0,0,6.70589E+20,5.25668E+21,1.12626E+16,4.74412E+16
149984,149985,9,1,62,0,2016,11,13,5,2,5,3,0,0,0,1,0,0,0,0,6.96801E+20,5.33119E+21,1.16436E+16,4.81036E+16
149985,149986,9,5,64,0,2016,11,19,1,3,5,3,2,0,1,1,0,0,0,0,6.5097E+20,5.47924E+21,1.10828E+16,4.94471E+16
149986,149987,9,1,62,0,2016,11,16,7,3,5,3,2,1,0,1,0,0,0,0,6.89801E+20,5.33343E+21,1.15507E+16,4.81258E+16
149987,149988,9,1,62,0,2016,11,13,4,3,1,5,0,0,1,1,0,0,0,0,6.91777E+20,5.33731E+21,1.1579E+16,4.816E+16
149988,149989,9,1,88,139,2016,11,19,5,3,1,7,2,1,0,1,0,0,0,1,6.73645E+20,5.3203E+21,1.13284E+16,4.80124E+16
149989,149990,9,1,62,0,2016,11,11,7,3,5,3,0,0,0,1,0,0,0,1,6.861E+20,5.33963E+21,1.15037E+16,4.81826E+16
149990,149991,9,5,64,0,2016,11,14,6,3,0,7,0,0,0,0,0,0,0,1,6.5094E+20,5.48068E+21,1.1083E+16,4.946E+16
149991,149992,9,3,62,0,2016,11,15,7,2,6,4,0,1,0,1,1,0,0,0,7.24129E+20,5.43254E+21,1.20648E+16,4.9005E+16
149992,149993,9,1,62,0,2016,11,6,2,3,4,6,2,0,0,1,0,0,0,1,6.8879E+20,5.33055E+21,1.15359E+16,4.81002E+16
149993,149994,9,1,63,0,2016,11,14,5,3,0,1,0,0,1,0,0,0,0,0,7.33164E+20,5.30499E+21,1.21172E+16,4.78559E+16
149994,149995,9,3,77,157,2016,11,6,2,2,6,4,2,0,0,1,1,0,0,0,7.20022E+20,5.54142E+21,1.20693E+16,4.99845E+16
149995,149996,9,1,62,0,2016,11,7,4,3,5,2,0,0,1,0,0,0,1,0,6.91323E+20,5.33409E+21,1.15714E+16,4.81313E+16
149996,149997,9,1,84,135,2016,11,7,6,3,4,6,1,1,1,0,0,0,0,0,6.90569E+20,5.34836E+21,1.15677E+16,4.82597E+16
149997,149998,9,1,61,0,2016,11,12,6,3,5,2,0,0,1,0,0,1,0,0,6.78533E+20,5.40361E+21,1.14293E+16,4.87599E+16
149998,149999,9,1,62,0,2016,11,21,5,3,4,2,2,0,1,1,0,0,0,0,6.90142E+20,5.33525E+21,1.15561E+16,4.81421E+16
149999,150000,9,4,74,175,2016,11,18,1,3,0,6,2,0,0,1,0,1,0,0,6.53531E+20,5.50919E+21,1.11298E+16,4.97156E+16
150000,150001,9,1,62,0,2016,11,8,2,3,5,2,0,0,1,1,0,0,0,0,6.83453E+20,5.33622E+21,1.14667E+16,4.81527E+16
150001,150002,9,5,72,119,2016,11,15,5,2,0,7,0,0,1,0,0,0,0,0,6.45229E+20,5.49846E+21,1.10108E+16,4.96212E+16
150002,150003,9,7,64,0,2016,11,17,4,2,0,1,2,0,1,0,0,0,0,0,5.88422E+20,5.31704E+21,1.01854E+16,4.80005E+16
150003,150004,9,7,61,0,2016,11,5,6,2,6,4,2,0,0,1,1,0,0,0,6.39292E+20,5.36177E+21,1.08817E+16,4.83937E+16
150004,150005,9,2,63,0,2016,11,20,4,3,1,5,2,0,0,1,0,0,0,0,7.6378E+20,5.42119E+21,1.25986E+16,4.88874E+16
150005,150006,9,7,61,0,2016,11,7,6,2,5,3,0,0,1,1,0,0,0,0,6.40926E+20,5.3572E+21,1.09022E+16,4.83522E+16
150006,150007,9,7,77,151,2016,11,13,4,3,5,3,0,0,1,1,0,0,0,0,6.21309E+20,5.29377E+21,1.06195E+16,4.77858E+16
150007,150008,9,7,75,135,2016,11,14,6,3,5,3,0,0,1,1,0,0,0,0,5.74224E+20,5.35982E+21,1.00025E+16,4.83872E+16
150008,150009,9,2,72,120,2016,11,13,4,3,5,3,0,0,0,1,0,1,0,0,8.22483E+20,5.42145E+21,1.33974E+16,4.8862E+16
150009,150010,9,7,75,135,2016,11,15,5,3,4,2,1,1,0,1,0,0,0,0,5.79731E+20,5.35945E+21,1.00769E+16,4.83832E+16
150010,150011,9,7,75,135,2016,11,7,2,3,5,3,1,1,1,1,0,0,0,0,5.77001E+20,5.36246E+21,1.00405E+16,4.84106E+16
150011,150012,9,5,64,0,2016,11,6,5,3,5,3,2,1,1,1,0,0,0,0,6.53289E+20,5.47454E+21,1.1113E+16,4.94042E+16
150012,150013,9,7,73,144,2016,11,13,4,3,2,6,0,0,0,1,0,0,0,0,6.05539E+20,5.38079E+21,1.04307E+16,4.85713E+16
150013,150014,9,7,61,0,2016,11,7,6,3,2,6,0,0,0,1,0,0,0,0,6.39438E+20,5.35845E+21,1.08826E+16,4.83638E+16
150014,150015,9,7,76,116,2016,11,9,6,3,5,3,0,0,1,0,0,0,0,1,5.52416E+20,5.26674E+21,9.69666E+15,4.75519E+16
150015,150016,9,2,76,138,2016,11,20,1,2,8,1,2,2,0,1,0,0,0,0,8.02197E+20,5.43362E+21,1.31306E+16,4.89815E+16
150016,150017,9,5,64,0,2016,11,14,6,3,2,6,0,0,0,1,0,0,0,0,6.5204E+20,5.47913E+21,1.10975E+16,4.94458E+16
150017,150018,9,7,61,0,2016,11,11,7,3,4,2,0,1,0,1,0,0,0,0,6.41577E+20,5.35325E+21,1.09097E+16,4.83166E+16
150018,150019,9,6,77,116,2016,11,11,2,3,5,3,0,0,0,1,0,0,0,0,5.41014E+20,5.55792E+21,9.57434E+15,5.01721E+16
150019,150020,9,2,76,144,2016,11,12,5,3,5,3,0,0,1,1,0,0,0,0,7.84419E+20,5.44274E+21,1.28946E+16,4.90718E+16
150020,150021,9,5,64,0,2016,11,7,2,3,5,2,0,0,1,1,0,0,0,0,6.51613E+20,5.47808E+21,1.10912E+16,4.94365E+16
150021,150022,9,5,64,0,2016,11,19,6,2,5,2,2,0,1,1,0,0,0,0,6.52543E+20,5.47925E+21,1.11045E+16,4.94467E+16
150022,150023,9,7,78,171,2016,11,1,7,3,0,7,2,1,1,1,0,0,0,0,5.90574E+20,5.3159E+21,1.0214E+16,4.799E+16
150023,150024,9,7,61,0,2016,11,21,2,3,4,2,2,0,1,1,0,0,0,0,6.39366E+20,5.35867E+21,1.08817E+16,4.83658E+16
150024,150025,9,3,63,0,2016,11,5,5,3,5,3,2,0,1,1,0,0,0,0,7.26424E+20,5.50846E+21,1.21392E+16,4.9686E+16
150025,150026,9,5,62,0,2016,11,16,2,3,5,3,2,1,1,1,0,0,0,0,6.45201E+20,5.49615E+21,1.10095E+16,4.96004E+16
150026,150027,9,7,71,130,2016,11,4,4,3,4,5,2,1,1,1,0,0,0,0,6.48519E+20,5.35769E+21,1.10048E+16,4.83549E+16
150027,150028,9,1,88,120,2016,11,18,6,3,4,2,2,0,1,1,0,0,0,0,6.77819E+20,5.32627E+21,1.13868E+16,4.80649E+16
150028,150029,9,1,61,0,2016,11,13,2,3,5,2,0,0,1,1,0,0,0,0,6.75413E+20,5.40504E+21,1.13875E+16,4.87737E+16
150029,150030,9,1,79,145,2016,11,17,1,2,5,2,2,0,1,1,0,0,0,0,6.75139E+20,5.33769E+21,1.13556E+16,4.81683E+16
150030,150031,9,5,64,0,2016,11,10,6,3,1,5,0,0,0,1,0,0,0,0,6.48448E+20,5.47791E+21,1.10476E+16,4.94357E+16
150031,150032,9,3,63,0,2016,11,12,7,3,2,6,0,0,0,1,0,0,0,0,7.26412E+20,5.50845E+21,1.21391E+16,4.9686E+16
150032,150033,9,1,71,112,2016,11,17,5,3,6,7,2,0,0,1,1,0,0,0,7.84634E+20,5.34272E+21,1.28289E+16,4.81739E+16
150033,150034,9,4,73,151,2016,11,16,2,3,3,6,1,0,0,1,0,1,0,0,6.50265E+20,5.57563E+21,1.11106E+16,5.03136E+16
150034,150035,9,7,61,0,2016,11,13,4,3,6,4,0,0,0,1,1,0,0,0,6.41753E+20,5.3582E+21,1.09137E+16,4.83611E+16
150035,150036,9,1,84,119,2016,11,16,6,2,4,2,1,0,0,1,0,0,0,0,6.96251E+20,5.34904E+21,1.16445E+16,4.82641E+16
150036,150037,9,1,79,121,2016,11,12,6,3,5,3,0,0,1,1,0,0,0,0,6.66965E+20,5.33868E+21,1.12461E+16,4.81794E+16
150037,150038,9,7,75,135,2016,11,16,5,3,2,6,2,1,0,1,0,0,0,0,5.74256E+20,5.35975E+21,1.0003E+16,4.83865E+16
150038,150039,9,7,61,0,2016,11,22,4,3,6,2,2,0,0,1,1,0,0,0,6.38798E+20,5.35695E+21,1.08734E+16,4.83504E+16
150039,150040,9,1,62,0,2016,11,15,6,3,0,7,0,0,1,0,0,0,0,0,6.93545E+20,5.33613E+21,1.16022E+16,4.8149E+16
150040,150041,9,1,79,149,2016,11,20,6,2,0,7,2,1,1,0,0,0,0,0,6.56836E+20,5.32964E+21,1.11066E+16,4.81007E+16
150041,150042,9,7,63,0,2016,11,9,5,3,1,7,0,0,0,1,0,0,0,0,5.96991E+20,5.28561E+21,1.02932E+16,4.77166E+16
150042,150043,9,7,74,144,2016,11,16,1,2,4,2,2,1,0,1,0,0,0,1,6.06764E+20,5.36349E+21,1.04429E+16,4.84155E+16
150043,150044,9,1,62,0,2016,11,15,7,3,5,2,0,0,0,1,0,0,0,0,6.92655E+20,5.33235E+21,1.15885E+16,4.81153E+16
150044,150045,9,1,80,117,2016,11,17,7,2,0,1,2,0,1,0,0,0,0,0,6.57951E+20,5.26246E+21,1.10971E+16,4.74964E+16
150045,150046,9,1,62,0,2016,11,14,2,3,5,3,0,0,1,1,0,0,0,0,6.82685E+20,5.3355E+21,1.14561E+16,4.81465E+16
150046,150047,9,1,87,148,2016,11,7,5,3,0,7,0,1,1,0,0,0,0,0,7.39228E+20,5.27856E+21,1.21836E+16,4.76163E+16
150047,150048,9,2,76,138,2016,11,12,2,3,4,6,0,0,0,1,0,0,0,0,8.01963E+20,5.43244E+21,1.31265E+16,4.89709E+16
150048,150049,9,7,61,0,2016,11,21,6,3,1,5,2,0,0,1,0,0,0,1,6.39488E+20,5.36007E+21,1.08838E+16,4.83784E+16
150049,150050,9,6,63,0,2016,11,14,4,3,5,2,0,0,1,1,0,0,0,0,5.70211E+20,5.51642E+21,9.97557E+15,4.97961E+16
150050,150051,9,1,62,0,2016,11,19,6,3,2,2,2,0,0,1,0,0,0,0,6.87473E+20,5.33892E+21,1.15219E+16,4.81759E+16
150051,150052,9,2,77,153,2016,11,6,4,3,8,7,1,0,0,1,0,0,0,0,7.81943E+20,5.3636E+21,1.28067E+16,4.83626E+16
150052,150053,9,1,74,115,2016,11,19,6,3,8,1,2,0,0,1,0,0,0,0,6.8004E+20,5.34739E+21,1.14256E+16,4.82542E+16
150053,150054,9,7,77,152,2016,11,14,5,2,8,1,0,0,1,0,0,0,0,0,6.24355E+20,5.30719E+21,1.06641E+16,4.7906E+16
150054,150055,9,1,62,0,2016,11,7,2,3,5,2,0,1,0,1,0,0,0,0,6.8534E+20,5.33446E+21,1.14913E+16,4.81363E+16
150055,150056,9,5,64,0,2016,11,14,5,3,5,3,0,0,0,1,0,0,0,0,6.5092E+20,5.47507E+21,1.10806E+16,4.94096E+16
150056,150057,9,6,77,177,2016,11,23,4,2,5,3,2,0,1,1,0,0,0,0,5.4548E+20,5.54942E+21,9.63587E+15,5.00953E+16
150057,150058,9,5,75,112,2016,11,12,1,3,0,1,0,0,0,0,0,1,0,0,6.01329E+20,5.48346E+21,1.03993E+16,4.94953E+16
150058,150059,9,6,77,155,2016,11,11,5,3,6,4,0,0,0,1,1,0,0,0,5.40971E+20,5.53823E+21,9.57162E+15,4.99949E+16
150059,150060,9,7,78,134,2016,11,17,7,3,9,1,1,0,0,1,0,0,0,0,6.11362E+20,5.33905E+21,1.04986E+16,4.8195E+16
150060,150061,9,6,74,180,2016,11,16,4,3,0,2,0,0,0,0,0,1,0,1,6.02573E+20,5.54045E+21,1.04315E+16,5.00075E+16
150061,150062,9,7,61,0,2016,11,1,6,3,1,5,0,0,1,1,0,0,0,0,6.39532E+20,5.36007E+21,1.08844E+16,4.83783E+16
150062,150063,9,2,61,0,2016,11,14,4,3,0,1,0,0,1,0,0,0,0,0,7.32827E+20,5.37931E+21,1.21534E+16,4.85237E+16
150063,150064,9,5,64,0,2016,11,15,6,3,5,2,0,0,0,1,0,1,0,0,6.50388E+20,5.47821E+21,1.10744E+16,4.94379E+16
150064,150065,9,7,79,228,2016,11,14,5,1,5,3,0,0,1,1,0,0,0,0,6.26877E+20,5.41446E+21,1.07302E+16,4.88701E+16
150065,150066,9,7,79,194,2016,11,7,2,3,5,3,0,0,1,1,0,0,0,0,6.09312E+20,5.41179E+21,1.049E+16,4.88494E+16
150066,150067,9,4,77,128,2016,11,10,5,3,5,3,0,0,0,1,0,0,0,0,6.75048E+20,5.55169E+21,1.14473E+16,5.00917E+16
150067,150068,9,6,73,141,2016,11,8,4,3,5,3,0,0,0,1,0,0,0,1,6.04038E+20,5.57295E+21,1.04608E+16,5.02995E+16
150068,150069,9,2,73,164,2016,11,7,2,3,6,4,0,0,0,1,1,0,0,0,6.96714E+20,5.42687E+21,1.16876E+16,4.89634E+16
150069,150070,9,7,61,0,2016,11,18,6,2,6,4,2,1,0,1,1,0,0,0,6.39422E+20,5.36008E+21,1.08829E+16,4.83785E+16
150070,150071,9,5,71,193,2016,11,17,6,3,0,7,2,1,0,0,1,0,0,1,5.8478E+20,5.47116E+21,1.01682E+16,4.93873E+16
150071,150072,9,7,76,116,2016,11,2,7,3,0,1,2,1,1,0,0,0,0,0,5.53436E+20,5.26666E+21,9.71021E+15,4.75511E+16
150072,150073,9,7,71,113,2016,11,12,2,2,6,4,0,0,0,1,1,0,0,0,6.5607E+20,5.36812E+21,1.11106E+16,4.84468E+16
150073,150074,9,3,74,119,2016,11,16,5,3,6,6,2,0,0,1,1,0,0,0,7.23414E+20,5.50146E+21,1.20936E+16,4.96243E+16
150074,150075,9,5,72,121,2016,11,12,2,3,2,6,0,0,0,1,0,0,0,0,6.58977E+20,5.49425E+21,1.11993E+16,4.95799E+16
150075,150076,9,6,61,0,2016,11,10,4,3,3,2,0,0,1,1,0,0,0,0,5.10963E+20,5.53523E+21,9.15287E+15,4.99693E+16
150076,150077,9,1,74,115,2016,11,22,7,3,0,1,2,1,1,0,0,0,0,0,6.81257E+20,5.34782E+21,1.14421E+16,4.82576E+16
150077,150078,9,1,74,115,2016,11,13,6,3,0,4,0,0,0,1,1,0,0,0,6.82084E+20,5.34875E+21,1.14537E+16,4.82657E+16
150078,150079,9,1,88,139,2016,11,6,2,3,5,3,1,0,1,1,0,0,0,0,6.75111E+20,5.31952E+21,1.13478E+16,4.8005E+16
150079,150080,9,1,74,115,2016,11,17,1,3,5,2,2,0,1,1,0,0,0,0,6.82286E+20,5.34779E+21,1.1456E+16,4.82571E+16
150080,150081,9,5,71,114,2016,11,17,6,3,9,1,2,0,0,1,0,0,0,0,6.03345E+20,5.45717E+21,1.04203E+16,4.92586E+16
150081,150082,9,3,75,183,2016,11,15,7,2,1,3,0,0,1,1,0,0,0,0,7.43842E+20,5.42944E+21,1.2332E+16,4.89697E+16
150082,150083,9,1,62,0,2016,11,21,2,3,6,2,2,0,0,1,1,0,0,0,6.82965E+20,5.3428E+21,1.1463E+16,4.8212E+16
150083,150084,9,1,63,0,2016,11,15,5,3,0,7,0,0,0,0,1,0,1,0,7.3386E+20,5.30471E+21,1.21263E+16,4.78532E+16
150084,150085,9,2,72,136,2016,11,15,1,2,9,1,0,1,0,0,0,1,0,0,8.51467E+20,5.4091E+21,1.37807E+16,4.87356E+16
150085,150086,9,5,61,0,2016,11,19,6,3,5,3,2,0,0,1,0,0,0,0,6.13998E+20,5.46143E+21,1.05679E+16,4.92949E+16
150086,150087,9,6,75,174,2016,11,10,7,3,5,3,0,0,1,1,0,0,0,0,5.8835E+20,5.5244E+21,1.02294E+16,4.98655E+16
150087,150088,9,6,76,122,2016,11,14,2,3,5,3,0,0,0,1,0,0,0,0,5.11471E+20,5.51697E+21,9.15942E+15,4.9805E+16
150088,150089,9,2,75,138,2016,11,15,5,3,5,3,0,0,0,1,0,0,0,0,8.11115E+20,5.38576E+21,1.3216E+16,4.85476E+16