FID,OBJECTID,ULAND,UREGBEZ,UKREIS,UGEMEINDE,UJAHR,UMONAT,USTUNDE,UWOCHENTAG,UKATEGORIE,UART,UTYP1,ULICHTVERH,IstStrasse,IstRad,IstPKW,IstFuss,IstKrad,IstGkfz,IstSonstig,LINREFX,LINREFY,XGCSWGS84,YGCSWGS84
150089,150090,9,5,64,0,2016,11,11,2,2,1,7,0,0,1,1,0,0,0,0,6.47872E+20,5.48027E+21,1.10405E+16,4.9457E+16
150090,150091,9,5,62,0,2016,11,11,4,3,0,7,0,0,1,1,0,0,0,0,6.44403E+20,5.49451E+21,1.09979E+16,4.95859E+16
150091,150092,9,1,62,0,2016,11,8,6,3,5,2,0,0,1,1,0,0,0,0,6.90052E+20,5.33549E+21,1.1555E+16,4.81443E+16
150092,150093,9,1,77,119,2016,11,16,6,3,0,1,2,0,0,0,0,1,0,0,7.17554E+20,5.34135E+21,1.19272E+16,4.81881E+16
150093,150094,9,7,72,147,2016,11,17,5,3,6,2,2,0,0,1,1,0,0,0,6.39061E+20,5.36488E+21,1.08796E+16,4.84217E+16
150094,150095,9,6,77,157,2016,11,17,1,3,0,1,1,1,0,1,0,0,0,0,5.4366E+20,5.521E+21,9.6072E+15,4.98399E+16
150095,150096,9,1,62,0,2016,11,19,7,3,4,2,2,0,0,1,0,0,0,0,6.86215E+20,5.33438E+21,1.1503E+16,4.81354E+16
150096,150097,9,1,63,0,2016,11,15,7,3,4,2,0,0,0,1,0,0,0,0,7.33899E+20,5.3045E+21,1.21267E+16,4.78513E+16
150097,150098,9,5,63,0,2016,11,17,4,3,1,6,1,0,0,1,0,0,0,0,6.45066E+20,5.48287E+21,1.10028E+16,4.94811E+16
150098,150099,9,1,87,179,2016,11,17,5,3,3,7,2,0,0,1,0,1,0,0,7.25609E+20,5.31346E+21,1.20208E+16,4.79347E+16
150099,150100,9,6,63,0,2016,11,17,6,3,0,6,2,0,0,1,0,0,0,1,5.67444E+20,5.51691E+21,9.93722E+15,4.98009E+16
150100,150101,9,5,64,0,2016,11,5,4,3,3,6,2,0,0,1,0,1,0,0,6.50615E+20,5.47844E+21,1.10776E+16,4.94399E+16
150101,150102,9,4,62,0,2016,11,8,2,3,4,2,0,1,0,1,0,0,0,0,6.85147E+20,5.53465E+21,1.15801E+16,4.99355E+16
150102,150103,9,5,64,0,2016,11,8,4,2,6,4,0,0,0,1,1,0,0,0,6.50093E+20,5.48095E+21,1.10714E+16,4.94627E+16
150103,150104,9,1,62,0,2016,11,20,6,3,4,2,2,0,0,1,0,1,0,0,6.83334E+20,5.33615E+21,1.14651E+16,4.81522E+16
150104,150105,9,1,78,130,2016,11,21,6,3,0,1,2,0,1,0,0,0,0,0,7.02896E+20,5.3549E+21,1.17368E+16,4.83147E+16
150105,150106,9,7,71,142,2016,11,8,5,3,0,1,0,1,1,0,0,0,0,0,6.45565E+20,5.35256E+21,1.09632E+16,4.83094E+16
150106,150107,9,4,73,121,2016,11,0,1,3,9,1,2,0,0,1,0,0,0,0,6.4864E+20,5.56503E+21,1.10836E+16,5.02188E+16
150107,150108,9,5,62,0,2016,11,7,5,3,0,2,1,0,1,1,0,0,0,0,6.45379E+20,5.49403E+21,1.10112E+16,4.95814E+16
150108,150109,9,5,64,0,2016,11,22,4,3,5,3,2,0,1,1,0,0,0,0,6.49508E+20,5.4791E+21,1.10626E+16,4.94462E+16
150109,150110,9,6,63,0,2016,11,9,6,3,3,6,0,0,1,1,0,0,0,0,5.67952E+20,5.51547E+21,9.94402E+15,4.97878E+16
150110,150111,9,2,73,141,2016,11,14,4,2,5,3,0,0,1,1,0,0,0,0,7.23447E+20,5.41121E+21,1.20438E+16,4.88136E+16
150111,150112,9,4,64,0,2016,11,12,6,3,5,3,0,0,0,1,0,1,0,0,7.08613E+20,5.57845E+21,1.19307E+16,5.03212E+16
150112,150113,9,7,79,131,2016,11,9,2,3,0,7,0,0,1,0,0,0,0,1,6.33335E+20,5.39804E+21,1.08129E+16,4.87211E+16
150113,150114,9,4,74,126,2016,11,8,5,3,6,2,0,1,0,1,1,0,0,0,6.48692E+20,5.5104E+21,1.10632E+16,4.97277E+16
150114,150115,9,7,75,135,2016,11,7,6,3,5,3,1,1,1,1,0,0,0,0,5.74223E+20,5.35982E+21,1.00025E+16,4.83872E+16
150115,150116,9,1,90,148,2016,11,17,4,2,6,4,2,0,0,1,1,0,0,0,6.40453E+20,5.29642E+21,1.08759E+16,4.78058E+16
150116,150117,9,7,61,0,2016,11,18,5,3,5,3,2,0,0,1,0,1,0,0,6.41566E+20,5.36257E+21,1.09127E+16,4.84004E+16
150117,150118,9,1,62,0,2016,11,17,2,3,2,6,2,0,0,1,0,0,0,0,6.89099E+20,5.33294E+21,1.15411E+16,4.81216E+16
150118,150119,9,5,64,0,2016,11,10,5,3,5,3,0,0,0,1,0,0,0,0,6.50443E+20,5.48005E+21,1.10759E+16,4.94544E+16
150119,150120,9,5,64,0,2016,11,16,4,3,6,4,2,0,0,1,1,0,0,0,6.50816E+20,5.47911E+21,1.10807E+16,4.94459E+16
150120,150121,9,6,71,140,2016,11,16,6,3,5,3,2,0,1,1,0,0,0,0,5.07698E+20,5.53648E+21,9.10736E+15,4.99806E+16
150121,150122,9,2,63,0,2016,11,15,1,3,1,6,0,0,0,1,0,0,0,0,7.61192E+20,5.42077E+21,1.25631E+16,4.88848E+16
150122,150123,9,7,61,0,2016,11,14,7,2,6,7,0,0,0,1,1,0,0,0,6.41793E+20,5.36025E+21,1.09149E+16,4.83795E+16
150123,150124,9,6,63,0,2016,11,17,2,3,0,1,2,0,0,0,0,1,0,0,5.67046E+20,5.51496E+21,9.93134E+15,4.97834E+16
150124,150125,9,3,76,161,2016,11,13,5,2,0,7,0,0,0,0,1,0,0,1,7.25809E+20,5.46862E+21,1.2108E+16,4.93284E+16
150125,150126,9,5,63,0,2016,11,21,2,3,6,4,2,0,0,1,1,0,0,0,6.43102E+20,5.48277E+21,1.09756E+16,4.94807E+16
150126,150127,9,5,64,0,2016,11,20,4,3,2,6,2,0,0,0,0,1,0,1,6.47483E+20,5.47189E+21,1.1032E+16,4.93818E+16
150127,150128,9,6,71,152,2016,11,14,2,2,5,3,0,0,1,1,0,0,0,0,5.1796E+20,5.54852E+21,9.25107E+15,5.00887E+16
150128,150129,9,5,64,0,2016,11,18,4,3,5,3,2,0,0,1,0,0,0,0,6.54617E+20,5.47462E+21,1.11313E+16,4.94047E+16
150129,150130,9,6,71,121,2016,11,0,6,2,5,2,2,0,0,1,0,0,1,0,5.13513E+20,5.53836E+21,9.18855E+15,4.99974E+16
150130,150131,9,1,78,124,2016,11,7,6,3,5,3,0,0,1,1,0,0,0,0,7.02595E+20,5.36445E+21,1.17373E+16,4.84006E+16
150131,150132,9,1,80,117,2016,11,4,2,3,0,7,2,2,1,0,0,0,0,1,6.57448E+20,5.26179E+21,1.10902E+16,4.74905E+16
150132,150133,9,1,81,130,2016,11,0,1,3,7,1,2,1,0,1,0,0,0,0,6.39047E+20,5.32496E+21,1.08663E+16,4.80628E+16
150133,150134,9,4,73,175,2016,11,13,6,3,5,3,0,0,0,1,0,0,0,1,6.35864E+20,5.57004E+21,1.09064E+16,5.02668E+16
150134,150135,9,5,64,0,2016,11,17,7,1,6,4,2,0,0,1,1,0,0,0,6.48458E+20,5.47838E+21,1.10479E+16,4.944E+16
150135,150136,9,1,90,142,2016,11,7,5,2,6,6,2,0,0,1,1,0,0,0,6.62458E+20,5.29568E+21,1.11693E+16,4.7794E+16
150136,150137,9,4,64,0,2016,11,16,2,3,7,5,2,0,1,1,0,0,0,0,7.06284E+20,5.57863E+21,1.18981E+16,5.03236E+16
150137,150138,9,4,79,169,2016,11,10,4,3,5,3,0,0,0,1,0,0,0,0,7.14859E+20,5.54712E+21,1.20006E+16,5.00376E+16
150138,150139,9,1,62,0,2016,11,14,6,3,0,5,0,0,1,1,0,0,0,1,6.91056E+20,5.33601E+21,1.15687E+16,4.81486E+16
150139,150140,9,1,62,0,2016,11,16,5,3,1,5,1,0,1,1,0,0,0,0,6.90205E+20,5.3337E+21,1.15562E+16,4.81281E+16
150140,150141,9,7,61,0,2016,11,12,5,3,5,3,0,0,1,1,0,0,0,0,6.39737E+20,5.35644E+21,1.08859E+16,4.83456E+16
150141,150142,9,5,64,0,2016,11,12,1,2,0,1,0,1,0,0,0,1,0,0,6.5173E+20,5.47939E+21,1.10934E+16,4.94482E+16
150142,150143,9,6,77,155,2016,11,20,5,2,9,1,2,0,0,1,0,0,0,0,5.41108E+20,5.53616E+21,9.57332E+15,4.99763E+16
150143,150144,9,1,62,0,2016,11,19,7,3,5,2,2,0,0,1,0,0,0,1,6.90363E+20,5.33381E+21,1.15584E+16,4.81291E+16
150144,150145,9,1,62,0,2016,11,21,6,3,3,3,2,0,0,1,0,0,0,0,6.9234E+20,5.33426E+21,1.15852E+16,4.81325E+16
150145,150146,9,1,62,0,2016,11,14,5,3,4,6,0,0,0,1,0,0,0,0,6.89499E+20,5.33424E+21,1.1547E+16,4.81332E+16
150146,150147,9,7,61,0,2016,11,8,5,3,8,1,0,1,0,0,0,1,0,0,6.41107E+20,5.35938E+21,1.09054E+16,4.83718E+16
150147,150148,9,7,78,186,2016,11,17,1,3,1,6,2,1,0,1,0,0,0,0,5.97361E+20,5.31058E+21,1.03037E+16,4.79411E+16
150148,150149,9,1,62,0,2016,11,19,7,3,2,6,2,1,0,1,0,0,0,0,6.90597E+20,5.33598E+21,1.15625E+16,4.81485E+16
150149,150150,9,4,61,0,2016,11,13,6,3,1,7,0,0,1,1,0,0,0,0,6.37163E+20,5.52848E+21,1.09097E+16,4.9893E+16
150150,150151,9,3,71,151,2016,11,12,7,3,4,6,0,1,0,1,0,1,0,0,7.0156E+20,5.4851E+21,1.1783E+16,4.9485E+16
150151,150152,9,1,84,149,2016,11,18,2,3,0,1,2,0,1,0,0,0,0,0,6.91737E+20,5.35019E+21,1.15843E+16,4.82759E+16
150152,150153,9,1,63,0,2016,11,20,5,3,2,6,2,0,0,1,0,0,0,0,7.33254E+20,5.30422E+21,1.2118E+16,4.7849E+16
150153,150154,9,3,62,0,2016,11,17,2,3,5,3,2,0,0,1,0,1,0,0,7.25564E+20,5.43148E+21,1.20838E+16,4.8995E+16
150154,150155,9,4,79,152,2016,11,16,4,3,2,7,2,0,0,1,0,0,0,0,7.23298E+20,5.56266E+21,1.21273E+16,5.0174E+16
150155,150156,9,1,62,0,2016,11,8,6,3,5,3,0,0,1,1,0,0,0,0,6.83089E+20,5.33537E+21,1.14614E+16,4.81452E+16
150156,150157,9,1,62,0,2016,11,0,5,3,1,1,2,0,1,1,0,0,0,0,6.91534E+20,5.33389E+21,1.15742E+16,4.81294E+16
150157,150158,9,7,61,0,2016,11,5,5,3,4,2,2,1,0,1,0,0,0,0,6.39971E+20,5.35918E+21,1.089E+16,4.83702E+16
150158,150159,9,1,62,0,2016,11,19,2,3,6,4,2,1,0,1,1,0,0,0,6.89629E+20,5.34258E+21,1.15525E+16,4.82081E+16
150159,150160,9,5,74,132,2016,11,9,5,3,1,6,0,0,1,1,0,0,0,0,6.75592E+20,5.4867E+21,1.14255E+16,4.95075E+16
150160,150161,9,4,75,120,2016,11,17,4,3,0,7,2,0,0,0,0,1,0,1,7.11351E+20,5.57614E+21,1.19678E+16,5.02994E+16
150161,150162,9,6,61,0,2016,11,14,6,3,0,7,0,0,0,1,0,1,0,0,5.10857E+20,5.53514E+21,9.15139E+15,4.99685E+16
150162,150163,9,4,63,0,2016,11,17,4,3,0,1,2,0,1,1,0,0,0,0,6.40988E+20,5.57077E+21,1.09785E+16,5.02722E+16
150163,150164,9,1,88,139,2016,11,18,5,3,1,5,2,0,0,1,0,0,0,0,6.74772E+20,5.31935E+21,1.13432E+16,4.80036E+16
150164,150165,9,5,62,0,2016,11,11,6,2,0,7,0,0,1,0,0,0,0,0,6.43048E+20,5.49639E+21,1.09798E+16,4.96032E+16
150165,150166,9,4,62,0,2016,11,21,4,2,0,1,2,1,1,0,0,0,0,0,6.84477E+20,5.53563E+21,1.15713E+16,4.99445E+16
150166,150167,9,1,80,124,2016,11,18,4,2,8,1,2,1,0,1,0,0,0,0,6.65686E+20,5.28254E+21,1.12074E+16,4.7675E+16
150167,150168,9,6,63,0,2016,11,20,5,3,0,1,2,0,0,0,0,1,0,0,5.67154E+20,5.51446E+21,9.93276E+15,4.97789E+16
150168,150169,9,7,74,135,2016,11,7,2,3,1,6,0,0,0,1,0,0,0,0,5.94525E+20,5.36778E+21,1.02785E+16,4.84561E+16
150169,150170,9,5,61,0,2016,11,16,5,3,5,3,1,0,0,1,0,0,0,0,6.13534E+20,5.46344E+21,1.05621E+16,4.93132E+16
150170,150171,9,3,63,0,2016,11,12,4,3,5,3,0,0,0,1,0,0,1,0,7.27721E+20,5.50592E+21,1.21557E+16,4.96628E+16
150171,150172,9,5,62,0,2016,11,8,6,3,2,6,0,0,1,1,0,0,0,0,6.44678E+20,5.49233E+21,1.10009E+16,4.95663E+16
150172,150173,9,2,74,126,2016,11,6,2,3,5,2,1,1,0,1,0,0,0,0,7.33403E+20,5.38264E+21,1.21631E+16,4.85534E+16
150173,150174,9,2,62,0,2016,11,10,1,3,4,1,0,1,0,1,0,0,0,0,8.24118E+20,5.38937E+21,1.33945E+16,4.85735E+16
150174,150175,9,3,77,112,2016,11,12,6,3,5,3,0,0,0,1,0,0,0,0,7.46747E+20,5.5231E+21,1.24298E+16,4.98095E+16
150175,150176,9,7,61,0,2016,11,9,7,3,0,1,0,1,1,0,0,0,0,0,6.40827E+20,5.35828E+21,1.09012E+16,4.8362E+16
150176,150177,9,3,75,190,2016,11,17,6,2,5,3,2,1,0,1,0,1,0,0,7.2665E+20,5.44963E+21,1.21088E+16,4.91576E+16
150177,150178,9,7,78,111,2016,11,23,7,3,6,1,2,0,0,1,1,0,0,0,6.25609E+20,5.32376E+21,1.06857E+16,4.80548E+16
150178,150179,9,7,71,156,2016,11,12,2,3,0,7,0,0,1,0,0,0,0,0,6.53579E+20,5.38302E+21,1.10824E+16,4.85815E+16
150179,150180,9,3,63,0,2016,11,16,5,3,6,4,2,0,0,1,1,0,0,0,7.28077E+20,5.50757E+21,1.21616E+16,4.96775E+16
150180,150181,9,5,62,0,2016,11,16,2,3,5,3,1,0,0,1,0,0,0,1,6.46316E+20,5.49356E+21,1.1024E+16,4.95769E+16
150181,150182,9,3,75,174,2016,11,7,4,3,5,2,0,0,0,1,0,0,0,1,7.33749E+20,5.43045E+21,1.21949E+16,4.89827E+16
150182,150183,9,1,85,149,2016,11,13,7,3,8,1,0,1,0,1,0,0,0,0,6.63324E+20,5.4008E+21,1.12214E+16,4.87388E+16
150183,150184,9,1,62,0,2016,11,13,5,3,6,7,0,0,0,1,1,0,0,0,6.90657E+20,5.34048E+21,1.15654E+16,4.81889E+16
150184,150185,9,1,85,158,2016,11,15,2,3,0,1,0,0,1,0,0,0,0,0,6.67101E+20,5.38076E+21,1.12647E+16,4.85577E+16
150185,150186,9,1,88,120,2016,11,19,1,3,8,1,2,0,0,1,0,0,0,0,6.73331E+20,5.32714E+21,1.1327E+16,4.8074E+16
150186,150187,9,2,71,119,2016,11,12,6,3,9,1,0,0,0,1,0,0,0,0,7.86192E+20,5.41356E+21,1.28983E+16,4.8809E+16
150187,150188,9,3,75,181,2016,11,11,7,3,8,1,0,1,0,0,0,1,0,0,7.20369E+20,5.43652E+21,1.20156E+16,4.90421E+16
150188,150189,9,1,71,112,2016,11,16,5,3,5,3,1,0,1,1,0,0,0,0,7.84361E+20,5.34304E+21,1.28254E+16,4.81768E+16
150189,150190,9,4,78,139,2016,11,9,2,3,5,2,0,0,0,1,0,0,0,0,6.47287E+20,5.55583E+21,1.10611E+16,5.01364E+16
150190,150191,9,3,75,190,2016,11,19,4,3,6,2,2,0,0,1,1,0,0,0,7.28273E+20,5.44579E+21,1.21288E+16,4.91225E+16
150191,150192,9,6,77,155,2016,11,11,2,2,6,4,0,0,0,1,1,0,0,0,5.40873E+20,5.53811E+21,9.57024E+15,4.99939E+16
150192,150193,9,2,78,197,2016,11,13,5,3,9,7,0,0,0,0,0,0,0,1,7.59914E+20,5.43372E+21,1.2554E+16,4.90016E+16
150193,150194,9,5,64,0,2016,11,10,2,3,1,5,0,0,0,1,0,0,0,0,6.47737E+20,5.47616E+21,1.10371E+16,4.94202E+16
150194,150195,9,3,62,0,2016,11,21,4,3,5,3,2,0,0,1,0,0,0,0,7.27235E+20,5.43398E+21,1.2108E+16,4.90168E+16
150195,150196,9,1,62,0,2016,11,7,6,3,1,6,1,1,1,0,0,0,0,1,6.82404E+20,5.3363E+21,1.14526E+16,4.81538E+16
150196,150197,9,1,62,0,2016,11,20,5,3,5,2,2,0,1,1,0,0,0,0,6.89835E+20,5.3374E+21,1.15529E+16,4.81615E+16
150197,150198,9,6,63,0,2016,11,8,5,3,5,2,0,0,1,1,0,0,0,0,5.68715E+20,5.51646E+21,9.95479E+15,4.97966E+16
150198,150199,9,6,63,0,2016,11,10,1,3,0,7,0,0,1,0,0,0,0,1,5.65873E+20,5.51642E+21,9.9153E+15,4.97966E+16
150199,150200,9,1,62,0,2016,11,21,7,2,5,3,2,1,0,1,0,0,0,0,6.91984E+20,5.33232E+21,1.15795E+16,4.81151E+16
150200,150201,9,1,71,125,2016,11,13,7,2,0,1,0,1,0,0,0,1,0,0,7.75194E+20,5.3501E+21,1.2707E+16,4.82443E+16
150201,150202,9,1,87,117,2016,11,15,5,3,5,3,0,0,0,1,0,1,0,0,7.25266E+20,5.30637E+21,1.20125E+16,4.78711E+16
150202,150203,9,5,76,111,2016,11,10,6,2,4,6,0,0,0,1,0,0,0,1,6.41091E+20,5.45653E+21,1.09386E+16,4.92453E+16
150203,150204,9,3,73,147,2016,11,6,4,3,0,3,0,0,1,1,0,0,0,0,6.79611E+20,5.4608E+21,1.14693E+16,4.92736E+16
150204,150205,9,1,62,0,2016,11,16,6,3,5,3,2,0,1,1,0,0,0,0,6.9341E+20,5.33306E+21,1.1599E+16,4.81214E+16
150205,150206,9,1,80,125,2016,11,7,4,3,6,4,0,0,0,1,1,0,0,0,6.55372E+20,5.2735E+21,1.10668E+16,4.75963E+16
150206,150207,9,1,62,0,2016,11,11,4,3,1,5,0,0,0,1,0,0,0,0,6.84525E+20,5.33217E+21,1.14793E+16,4.81161E+16
150207,150208,9,1,63,0,2016,12,15,5,3,7,1,0,0,1,0,0,0,0,0,7.30417E+20,5.30385E+21,1.20799E+16,4.78466E+16
150208,150209,9,7,80,139,2016,12,13,6,3,5,3,0,0,0,1,0,0,0,0,5.96761E+20,5.26314E+21,1.02851E+16,4.75145E+16
150209,150210,9,1,62,0,2016,11,17,3,3,5,3,2,0,0,1,0,0,0,0,6.95281E+20,5.33609E+21,1.16255E+16,4.8148E+16
150210,150211,9,7,61,0,2016,11,5,4,2,6,7,2,0,0,1,1,0,0,0,6.4202E+20,5.35957E+21,1.09178E+16,4.83733E+16
150211,150212,9,5,71,193,2016,11,10,3,3,5,3,0,0,0,1,0,0,0,0,5.86005E+20,5.46998E+21,1.01848E+16,4.93764E+16
150212,150213,9,4,64,0,2016,12,16,5,3,5,3,1,1,0,1,0,0,0,0,7.0852E+20,5.57812E+21,1.19292E+16,5.03183E+16
150213,150214,9,1,81,130,2016,12,19,6,2,4,2,2,1,0,1,0,0,0,0,6.39054E+20,5.32497E+21,1.08664E+16,4.80628E+16
150214,150215,9,1,84,135,2016,12,8,5,3,5,3,0,2,1,1,0,0,0,0,6.89607E+20,5.34813E+21,1.15547E+16,4.8258E+16
150215,150216,9,6,63,0,2016,11,12,3,3,6,2,0,0,0,1,1,0,0,0,5.67333E+20,5.51576E+21,9.93547E+15,4.97905E+16
150216,150217,9,7,71,113,2016,11,15,4,3,5,3,0,0,0,1,0,0,0,0,6.58048E+20,5.36907E+21,1.11377E+16,4.84549E+16
150217,150218,9,4,79,152,2016,12,9,7,3,2,6,0,0,0,1,0,0,0,0,7.2245E+20,5.56406E+21,1.21163E+16,5.01869E+16
150218,150219,9,6,63,0,2016,12,18,7,3,4,2,2,0,1,1,0,0,0,0,5.67061E+20,5.51586E+21,9.93171E+15,4.97914E+16
150219,150220,9,5,71,200,2016,11,16,3,2,0,7,0,0,1,0,0,0,0,0,5.95382E+20,5.44239E+21,1.03074E+16,4.9127E+16
150220,150221,9,6,63,0,2016,11,14,4,3,5,3,0,0,0,1,0,1,0,0,5.67922E+20,5.51699E+21,9.94387E+15,4.98015E+16
150221,150222,9,1,62,0,2016,12,9,7,3,4,2,0,0,0,1,0,0,0,0,6.96009E+20,5.3388E+21,1.16365E+16,4.81722E+16
150222,150223,9,4,79,136,2016,11,13,3,3,8,7,0,0,0,0,0,0,0,1,7.21753E+20,5.54473E+21,1.20953E+16,5.00136E+16
150223,150224,9,4,63,0,2016,12,20,5,3,9,1,2,1,0,1,0,0,0,0,6.41587E+20,5.56791E+21,1.09859E+16,5.02464E+16
150224,150225,9,7,79,228,2016,12,15,6,3,5,3,0,0,0,1,0,0,0,0,6.26642E+20,5.41451E+21,1.0727E+16,4.88706E+16
150225,150226,9,4,62,0,2016,12,19,6,3,0,1,2,1,0,1,0,0,0,0,6.85959E+20,5.53383E+21,1.1591E+16,4.99279E+16
150226,150227,9,6,76,125,2016,11,8,3,3,5,3,0,0,0,1,0,0,0,1,5.15973E+20,5.50895E+21,9.22165E+15,4.97328E+16
150227,150228,9,6,63,0,2016,11,15,4,3,5,3,0,0,1,1,0,0,0,0,5.6789E+20,5.516E+21,9.94325E+15,4.97926E+16
150228,150229,9,4,71,165,2016,12,14,7,3,0,1,0,2,1,0,0,0,0,0,6.28742E+20,5.53304E+21,1.07941E+16,4.99358E+16
150229,150230,9,5,76,127,2016,12,1,7,3,8,1,2,2,0,1,0,0,0,0,6.58465E+20,5.44888E+21,1.11741E+16,4.91723E+16
150230,150231,9,4,79,136,2016,11,9,3,2,6,4,0,0,0,1,1,0,0,0,7.2127E+20,5.54338E+21,1.20878E+16,5.00016E+16
150231,150232,9,1,62,0,2016,11,2,4,3,5,7,2,0,1,1,0,0,0,0,6.85506E+20,5.32944E+21,1.14913E+16,4.80912E+16
150232,150233,9,1,85,158,2016,12,17,5,3,6,4,2,0,0,0,1,1,0,0,6.67006E+20,5.38154E+21,1.12637E+16,4.85646E+16
150233,150234,9,1,62,0,2016,12,20,6,3,0,4,2,1,0,1,1,0,0,0,6.92894E+20,5.33526E+21,1.15931E+16,4.81413E+16
150234,150235,9,1,74,115,2016,11,16,4,3,5,2,2,0,1,0,0,1,0,0,6.8339E+20,5.34824E+21,1.1471E+16,4.82608E+16
150235,150236,9,1,85,149,2016,12,11,7,3,5,2,0,0,1,1,0,0,0,0,6.60444E+20,5.39954E+21,1.11818E+16,4.87282E+16
150236,150237,9,1,61,0,2016,12,14,6,3,5,3,0,1,1,1,0,0,0,0,6.75344E+20,5.4045E+21,1.13864E+16,4.87688E+16
150237,150238,9,6,62,0,2016,12,12,6,3,0,7,0,0,0,0,0,0,0,1,5.87564E+20,5.54383E+21,1.02229E+16,5.00403E+16
150238,150239,9,1,62,0,2016,12,14,5,3,5,2,0,0,0,1,0,0,1,0,6.91607E+20,5.33268E+21,1.15746E+16,4.81185E+16
150239,150240,9,3,62,0,2016,12,6,6,3,5,3,2,0,0,1,0,0,0,0,7.31505E+20,5.43028E+21,1.21642E+16,4.8982E+16
150240,150241,9,5,64,0,2016,11,15,3,3,5,2,0,0,0,1,0,1,0,0,6.49848E+20,5.47824E+21,1.1067E+16,4.94384E+16
150241,150242,9,6,72,114,2016,11,6,4,3,6,7,1,0,1,0,1,0,0,0,5.76824E+20,5.56165E+21,1.00765E+16,5.02021E+16
150242,150243,9,3,62,0,2016,12,5,7,2,0,1,1,2,0,0,0,1,0,0,7.23674E+20,5.43316E+21,1.20589E+16,4.90108E+16
150243,150244,9,5,61,0,2016,12,0,7,3,8,1,2,2,0,1,0,0,0,0,6.09195E+20,5.45901E+21,1.05012E+16,4.92741E+16
150244,150245,9,4,63,0,2016,11,8,3,3,8,1,0,0,0,1,0,0,0,0,6.40902E+20,5.56872E+21,1.09766E+16,5.02538E+16
150245,150246,9,1,62,0,2016,11,15,4,3,6,4,0,0,0,1,1,0,0,0,6.93955E+20,5.33115E+21,1.16054E+16,4.81041E+16
150246,150247,9,1,86,143,2016,12,2,5,3,7,1,2,0,0,1,0,0,0,0,6.8374E+20,5.3785E+21,1.1489E+16,4.85327E+16
150247,150248,9,1,62,0,2016,12,12,6,3,1,1,0,0,0,1,0,0,0,0,6.92084E+20,5.33661E+21,1.15828E+16,4.81537E+16
150248,150249,9,1,62,0,2016,11,14,3,3,5,2,0,0,1,1,0,0,0,0,6.84402E+20,5.33245E+21,1.14778E+16,4.81186E+16
150249,150250,9,5,77,177,2016,12,17,6,3,1,6,2,1,0,1,0,0,0,0,6.44135E+20,5.43307E+21,1.0972E+16,4.90336E+16
150250,150251,9,4,76,145,2016,11,18,3,2,0,1,2,1,0,0,0,1,0,0,6.6575E+20,5.56767E+21,1.13244E+16,5.0238E+16
150251,150252,9,6,71,122,2016,11,17,4,3,7,7,1,0,0,0,0,1,0,0,5.02701E+20,5.53127E+21,9.03764E+15,4.99338E+16
150252,150253,9,5,64,0,2016,12,10,6,3,5,3,0,1,0,1,0,0,0,0,6.52037E+20,5.47902E+21,1.10974E+16,4.94448E+16
150253,150254,9,1,62,0,2016,12,8,5,3,4,2,0,0,1,1,0,0,0,0,6.90449E+20,5.33532E+21,1.15602E+16,4.81426E+16
150254,150255,9,2,76,148,2016,12,16,6,2,2,6,0,0,0,1,0,0,0,0,8.09141E+20,5.43799E+21,1.32286E+16,4.90173E+16
150255,150256,9,5,64,0,2016,11,17,3,2,5,3,2,0,0,1,0,1,0,0,6.52192E+20,5.48234E+21,1.11009E+16,4.94746E+16
150256,150257,9,5,74,154,2016,11,17,4,2,9,7,1,0,0,1,0,0,0,0,6.62853E+20,5.48551E+21,1.12492E+16,4.95004E+16
150257,150258,9,1,90,138,2016,12,23,7,2,9,7,2,0,0,1,0,0,0,0,6.64982E+20,5.30948E+21,1.12082E+16,4.79174E+16
150258,150259,9,3,62,0,2016,11,19,3,3,0,2,2,0,0,1,0,1,0,0,7.26725E+20,5.43296E+21,1.21005E+16,4.90078E+16
150259,150260,9,1,62,0,2016,11,7,4,3,1,7,0,0,1,1,0,0,0,0,6.87735E+20,5.33188E+21,1.15223E+16,4.81125E+16
150260,150261,9,1,85,149,2016,12,7,5,3,0,1,0,0,1,0,0,0,0,0,6.61165E+20,5.39966E+21,1.11916E+16,4.87291E+16
150261,150262,9,7,77,176,2016,12,13,6,3,5,3,0,0,0,1,0,0,0,0,6.03338E+20,5.30005E+21,1.03812E+16,4.78454E+16
150262,150263,9,1,62,0,2016,11,12,3,3,5,3,0,0,0,1,0,0,0,0,6.92581E+20,5.33523E+21,1.15888E+16,4.81411E+16
150263,150264,9,5,63,0,2016,11,6,4,3,6,4,2,0,0,1,1,0,0,0,6.42717E+20,5.48248E+21,1.09702E+16,4.94781E+16
150264,150265,9,3,73,147,2016,11,11,3,3,5,3,0,0,0,1,0,0,0,0,6.78796E+20,5.46097E+21,1.14582E+16,4.92754E+16