FID,OBJECTID,ULAND,UREGBEZ,UKREIS,UGEMEINDE,UJAHR,UMONAT,USTUNDE,UWOCHENTAG,UKATEGORIE,UART,UTYP1,ULICHTVERH,IstStrasse,IstRad,IstPKW,IstFuss,IstKrad,IstGkfz,IstSonstig,LINREFX,LINREFY,XGCSWGS84,YGCSWGS84
150441,150442,9,1,76,167,2016,12,18,7,3,6,7,2,2,0,1,1,0,0,0,6.77447E+20,5.41052E+21,1.14176E+16,4.88223E+16
150442,150443,9,7,61,0,2016,12,17,6,3,4,2,2,1,0,1,0,0,0,0,6.40785E+20,5.35924E+21,1.0901E+16,4.83706E+16
150443,150444,9,5,62,0,2016,12,13,5,2,2,6,0,1,0,1,0,0,0,1,6.46981E+20,5.494E+21,1.10333E+16,4.95807E+16
150444,150445,9,3,75,180,2016,12,22,6,3,9,1,2,1,0,1,0,0,0,0,7.23674E+20,5.42857E+21,1.20564E+16,4.89695E+16
150445,150446,9,5,74,138,2016,11,13,3,3,4,2,0,0,1,1,0,0,0,0,6.64498E+20,5.48732E+21,1.12727E+16,4.95162E+16
150446,150447,9,5,74,123,2016,12,16,5,3,5,3,1,0,0,1,0,0,0,0,6.60512E+20,5.47082E+21,1.1211E+16,4.9369E+16
150447,150448,9,4,64,0,2016,12,12,6,3,5,3,0,0,0,1,0,0,0,0,7.0655E+20,5.57763E+21,1.19013E+16,5.03146E+16
150448,150449,9,6,62,0,2016,11,11,3,2,6,7,0,0,0,1,1,0,0,0,5.85789E+20,5.54366E+21,1.0198E+16,5.0039E+16
150449,150450,9,1,61,0,2016,11,11,4,3,2,6,0,0,0,1,0,0,0,1,6.77379E+20,5.40476E+21,1.14141E+16,4.87706E+16
150450,150451,9,4,73,134,2016,12,18,7,3,9,1,2,2,0,1,0,0,0,0,6.45228E+20,5.56556E+21,1.1036E+16,5.02244E+16
150451,150452,9,6,71,122,2016,12,16,7,3,0,7,0,0,1,0,1,0,0,0,5.0214E+20,5.53072E+21,9.02981E+15,4.99288E+16
150452,150453,9,1,62,0,2016,11,12,2,3,5,7,0,0,1,1,0,0,0,0,6.91662E+20,5.33618E+21,1.15769E+16,4.815E+16
150453,150454,9,7,72,147,2016,11,7,4,3,4,6,1,0,0,1,0,0,1,0,6.38053E+20,5.36503E+21,1.0866E+16,4.84233E+16
150454,150455,9,1,62,0,2016,12,15,6,3,1,7,0,0,0,1,0,0,0,0,6.93093E+20,5.3327E+21,1.15946E+16,4.81182E+16
150455,150456,9,5,62,0,2016,12,14,6,3,5,3,0,1,0,1,0,0,0,0,6.41847E+20,5.4943E+21,1.09625E+16,4.95846E+16
150456,150457,9,5,64,0,2016,12,11,5,3,5,3,0,2,1,1,0,0,0,0,6.50822E+20,5.48188E+21,1.10818E+16,4.94708E+16
150457,150458,9,3,73,160,2016,12,18,6,3,9,1,2,2,0,1,0,0,0,0,6.90063E+20,5.4518E+21,1.16086E+16,4.91895E+16
150458,150459,9,1,85,158,2016,11,13,4,3,5,7,0,0,1,1,0,0,0,0,6.67157E+20,5.38118E+21,1.12656E+16,4.85614E+16
150459,150460,9,2,73,163,2016,12,8,7,3,4,6,0,2,0,1,0,0,0,0,7.09573E+20,5.3967E+21,1.18477E+16,4.86881E+16
150460,150461,9,1,62,0,2016,11,12,2,3,1,6,0,0,0,1,0,0,0,0,6.90175E+20,5.33217E+21,1.15552E+16,4.81144E+16
150461,150462,9,1,76,123,2016,11,10,4,3,0,7,0,0,1,0,0,0,0,0,6.59118E+20,5.4184E+21,1.11711E+16,4.88981E+16
150462,150463,9,3,72,124,2016,12,11,7,2,0,1,0,2,0,0,0,1,0,0,7.83865E+20,5.46776E+21,1.29047E+16,4.92965E+16
150463,150464,9,5,64,0,2016,12,23,7,3,6,4,2,1,0,1,1,0,0,0,6.50577E+20,5.47842E+21,1.10771E+16,4.94398E+16
150464,150465,9,1,62,0,2016,11,18,2,3,1,6,2,0,0,1,0,0,0,0,6.93007E+20,5.33588E+21,1.15948E+16,4.81469E+16
150465,150466,9,7,61,0,2016,11,6,4,2,6,4,2,0,0,1,1,0,0,0,6.41605E+20,5.36105E+21,1.09127E+16,4.83867E+16
150466,150467,9,1,62,0,2016,11,6,4,3,0,6,2,0,0,0,0,1,0,1,6.90631E+20,5.33929E+21,1.15645E+16,4.81782E+16
150467,150468,9,1,62,0,2016,12,9,6,3,5,7,0,0,1,1,0,0,0,0,6.89451E+20,5.33349E+21,1.1546E+16,4.81265E+16
150468,150469,9,1,62,0,2016,11,8,3,3,0,6,0,0,0,1,0,0,0,1,6.86549E+20,5.3383E+21,1.15092E+16,4.81706E+16
150469,150470,9,5,64,0,2016,12,14,6,3,0,1,0,1,1,0,0,0,0,0,6.52042E+20,5.48086E+21,1.10982E+16,4.94613E+16
150470,150471,9,2,61,0,2016,12,14,6,2,6,4,0,1,1,0,1,0,0,0,7.32891E+20,5.38053E+21,1.2155E+16,4.85346E+16
150471,150472,9,1,88,139,2016,11,13,4,2,6,4,0,0,0,1,1,0,0,0,6.74654E+20,5.3192E+21,1.13415E+16,4.80022E+16
150472,150473,9,1,63,0,2016,12,12,5,3,6,4,0,0,0,1,1,0,0,0,7.33838E+20,5.30558E+21,1.21265E+16,4.7861E+16
150473,150474,9,1,62,0,2016,11,18,2,3,1,6,2,0,0,1,0,0,0,1,6.96995E+20,5.33169E+21,1.16465E+16,4.8108E+16
150474,150475,9,7,76,113,2016,11,15,3,2,4,1,0,0,0,1,0,0,0,0,5.74318E+20,5.27397E+21,9.98895E+15,4.76149E+16
150475,150476,9,3,62,0,2016,12,15,6,3,5,3,0,0,0,1,0,0,0,0,7.25678E+20,5.4331E+21,1.20862E+16,4.90095E+16
150476,150477,9,7,79,194,2016,12,19,4,3,5,3,2,1,1,1,0,0,0,0,6.09698E+20,5.41263E+21,1.04955E+16,4.8857E+16
150477,150478,9,1,74,115,2016,12,13,5,3,5,3,0,1,0,1,0,0,0,1,6.80969E+20,5.3452E+21,1.14371E+16,4.82342E+16
150478,150479,9,6,76,169,2016,12,15,5,3,2,5,0,1,0,1,0,1,0,0,5.11565E+20,5.51576E+21,9.16069E+15,4.97942E+16
150479,150480,9,5,61,0,2016,12,6,4,3,1,6,1,1,0,1,0,0,0,0,6.14403E+20,5.46133E+21,1.05734E+16,4.9294E+16
150480,150481,9,1,62,0,2016,12,17,3,3,1,5,2,0,1,1,0,0,0,0,6.91531E+20,5.33623E+21,1.15752E+16,4.81505E+16
150481,150482,9,1,62,0,2016,12,12,2,3,5,3,0,0,0,1,0,0,1,0,6.86407E+20,5.3397E+21,1.15079E+16,4.81832E+16
150482,150483,9,7,61,0,2016,12,7,2,3,6,7,1,1,0,1,1,0,0,0,6.4083E+20,5.35705E+21,1.09009E+16,4.83509E+16
150483,150484,9,2,75,126,2016,12,13,2,3,6,7,0,0,0,1,1,0,0,0,8.40891E+20,5.39932E+21,1.36293E+16,4.86538E+16
150484,150485,9,2,77,138,2016,12,7,5,3,0,1,0,2,1,0,0,0,0,0,7.91261E+20,5.37194E+21,1.2938E+16,4.84332E+16
150485,150486,9,5,63,0,2016,12,21,5,3,5,3,2,0,0,1,0,0,0,0,6.43997E+20,5.48172E+21,1.09876E+16,4.94711E+16
150486,150487,9,5,64,0,2016,12,19,5,3,4,2,2,1,1,1,0,0,0,0,6.52035E+20,5.48032E+21,1.10979E+16,4.94565E+16
150487,150488,9,4,62,0,2016,12,7,4,3,2,6,2,0,0,1,0,0,0,0,6.84945E+20,5.53687E+21,1.15784E+16,4.99555E+16
150488,150489,9,7,63,0,2016,12,17,3,2,6,4,2,0,0,1,1,0,0,0,5.99773E+20,5.28714E+21,1.03306E+16,4.773E+16
150489,150490,9,1,61,0,2016,12,18,6,3,5,3,2,0,0,1,0,0,0,0,6.75423E+20,5.40529E+21,1.13878E+16,4.87759E+16
150490,150491,9,6,74,130,2016,12,19,2,3,9,1,2,1,0,1,0,0,0,0,6.28353E+20,5.55056E+21,1.07945E+16,5.00935E+16
150491,150492,9,2,74,187,2016,12,5,2,3,5,3,2,1,0,1,0,0,0,0,7.25949E+20,5.38867E+21,1.20655E+16,4.86103E+16
150492,150493,9,7,80,139,2016,12,13,3,3,0,1,0,2,0,0,0,1,0,0,5.96649E+20,5.26288E+21,1.02836E+16,4.75122E+16
150493,150494,9,7,75,135,2016,12,19,2,2,0,4,2,0,0,1,1,0,0,0,5.74534E+20,5.36079E+21,1.00069E+16,4.83959E+16
150494,150495,9,5,62,0,2016,12,20,2,3,1,6,2,0,0,1,0,0,0,0,6.44397E+20,5.49526E+21,1.09981E+16,4.95927E+16
150495,150496,9,2,73,137,2016,12,15,2,3,6,4,0,0,0,1,1,0,0,0,7.1197E+20,5.42206E+21,1.18933E+16,4.89152E+16
150496,150497,9,2,77,126,2016,12,17,5,3,8,1,1,0,0,1,0,0,0,0,7.9377E+20,5.38625E+21,1.29819E+16,4.85604E+16
150497,150498,9,4,62,0,2016,12,16,4,2,5,3,1,1,0,1,0,0,0,0,6.83361E+20,5.53536E+21,1.15556E+16,4.99424E+16
150498,150499,9,7,72,200,2016,12,13,3,3,5,3,0,0,1,1,0,0,0,0,6.29484E+20,5.33706E+21,1.07417E+16,4.81736E+16
150499,150500,9,1,74,121,2016,12,16,6,3,1,1,2,1,0,1,0,0,0,1,6.89456E+20,5.35478E+21,1.15556E+16,4.83178E+16
150500,150501,9,5,64,0,2016,12,16,2,3,2,6,2,1,0,1,0,0,0,0,6.47714E+20,5.47697E+21,1.10371E+16,4.94275E+16
150501,150502,9,1,90,114,2016,12,9,2,3,0,1,0,0,1,0,0,0,0,0,6.33171E+20,5.28854E+21,1.07762E+16,4.77365E+16
150502,150503,9,7,73,144,2016,12,17,4,3,2,6,2,1,0,1,0,0,0,0,6.06804E+20,5.38114E+21,1.04479E+16,4.85743E+16
150503,150504,9,1,77,133,2016,12,21,5,3,0,7,2,1,0,1,1,0,0,0,7.06699E+20,5.35955E+21,1.17903E+16,4.83553E+16
150504,150505,9,7,72,147,2016,12,7,5,3,5,3,1,2,1,1,0,0,0,0,6.3896E+20,5.36561E+21,1.08785E+16,4.84283E+16
150505,150506,9,4,62,0,2016,12,19,4,3,2,6,2,0,0,1,0,0,0,0,6.86129E+20,5.53516E+21,1.1594E+16,4.99397E+16
150506,150507,9,7,63,0,2016,12,13,5,3,5,2,0,0,1,1,0,0,0,0,5.98236E+20,5.28641E+21,1.03099E+16,4.77236E+16
150507,150508,9,6,61,0,2016,12,8,5,3,0,7,0,1,0,0,0,1,0,0,5.11104E+20,5.53506E+21,9.15483E+15,4.99678E+16
150508,150509,9,5,61,0,2016,12,10,5,3,4,2,0,1,0,1,0,0,0,0,6.14359E+20,5.46154E+21,1.05729E+16,4.92959E+16
150509,150510,9,3,75,213,2016,12,19,4,2,8,1,2,1,0,1,0,0,0,0,7.26585E+20,5.44235E+21,1.21038E+16,4.90923E+16
150510,150511,9,7,61,0,2016,12,7,3,3,0,2,0,0,0,1,0,0,0,1,6.42171E+20,5.36036E+21,1.09201E+16,4.83804E+16
150511,150512,9,1,62,0,2016,12,19,5,3,5,3,2,1,0,1,0,0,0,0,6.92911E+20,5.33831E+21,1.15947E+16,4.81688E+16
150512,150513,9,5,64,0,2016,12,18,2,3,2,6,2,1,0,1,0,0,0,0,6.50262E+20,5.47773E+21,1.10725E+16,4.94337E+16
150513,150514,9,1,73,126,2016,12,10,2,2,5,3,0,0,1,0,0,0,1,0,6.84573E+20,5.30597E+21,1.14687E+16,4.78805E+16
150514,150515,9,7,72,149,2016,12,13,4,3,6,6,0,0,0,1,1,0,0,0,6.36985E+20,5.33839E+21,1.0843E+16,4.8184E+16
150515,150516,9,1,78,145,2016,12,12,5,3,5,3,0,0,1,1,0,0,0,0,6.97336E+20,5.35467E+21,1.16617E+16,4.83144E+16
150516,150517,9,7,61,0,2016,12,14,5,3,5,3,0,0,0,1,0,0,0,0,6.40246E+20,5.3586E+21,1.08935E+16,4.8365E+16
150517,150518,9,3,62,0,2016,12,19,4,3,5,3,2,1,0,1,0,0,0,0,7.28723E+20,5.43542E+21,1.21291E+16,4.90292E+16
150518,150519,9,1,75,135,2016,12,7,3,2,3,7,2,0,1,1,0,0,0,0,7.06855E+20,5.33841E+21,1.1782E+16,4.81653E+16
150519,150520,9,7,61,0,2016,12,15,2,3,5,2,0,0,1,1,0,0,0,0,6.39343E+20,5.35875E+21,1.08814E+16,4.83665E+16
150520,150521,9,1,83,119,2016,12,16,2,2,6,4,2,1,0,1,1,0,0,0,7.35661E+20,5.33931E+21,1.21694E+16,4.81633E+16
150521,150522,9,7,61,0,2016,12,17,3,3,0,7,2,1,0,0,0,1,0,0,6.41168E+20,5.35898E+21,1.09061E+16,4.83682E+16
150522,150523,9,5,61,0,2016,12,8,5,3,6,2,0,0,0,0,1,0,0,1,6.14594E+20,5.46218E+21,1.05763E+16,4.93016E+16
150523,150524,9,3,76,119,2016,12,12,4,3,5,3,0,1,0,1,0,0,0,0,7.19782E+20,5.45531E+21,1.20178E+16,4.92111E+16
150524,150525,9,6,63,0,2016,12,10,3,3,8,1,0,1,0,1,0,0,0,0,5.71486E+20,5.51942E+21,9.99384E+15,4.98229E+16
150525,150526,9,1,62,0,2016,12,11,5,3,2,6,0,0,0,1,0,0,0,0,6.85605E+20,5.33899E+21,1.14968E+16,4.81771E+16
150526,150527,9,1,63,0,2016,12,15,2,3,5,3,0,0,1,1,0,0,0,0,7.32179E+20,5.30459E+21,1.21038E+16,4.78527E+16
150527,150528,9,2,63,0,2016,12,12,6,3,1,5,0,1,0,1,0,0,0,0,7.65474E+20,5.42173E+21,1.2622E+16,4.88916E+16
150528,150529,9,7,61,0,2016,12,13,4,3,5,3,0,1,1,1,0,0,0,0,6.37156E+20,5.36081E+21,1.08525E+16,4.83855E+16
150529,150530,9,1,62,0,2016,12,21,4,3,2,6,2,1,0,1,0,0,0,0,6.87947E+20,5.33074E+21,1.15246E+16,4.81022E+16
150530,150531,9,6,76,158,2016,12,11,5,2,5,3,0,0,0,1,0,0,1,0,5.29041E+20,5.51477E+21,9.40342E+15,4.97847E+16
150531,150532,9,2,63,0,2016,12,6,4,3,5,3,2,0,1,0,0,0,0,1,7.65663E+20,5.42126E+21,1.26243E+16,4.88873E+16
150532,150533,9,6,63,0,2016,12,17,3,3,3,2,2,1,1,1,0,0,0,0,5.66856E+20,5.5168E+21,9.92902E+15,4.97999E+16
150533,150534,9,1,62,0,2016,12,17,2,3,6,4,2,0,0,1,1,0,0,0,6.95693E+20,5.33285E+21,1.16295E+16,4.81188E+16
150534,150535,9,6,63,0,2016,12,17,2,3,2,7,2,0,0,1,0,0,0,0,5.66871E+20,5.51519E+21,9.92896E+15,4.97854E+16
150535,150536,9,1,85,149,2016,12,17,2,3,2,6,2,1,0,1,0,0,0,0,6.61293E+20,5.39882E+21,1.11931E+16,4.87216E+16
150536,150537,9,2,77,138,2016,12,14,5,3,5,2,0,0,0,1,0,0,0,0,7.91636E+20,5.37324E+21,1.29439E+16,4.84447E+16
150537,150538,9,5,63,0,2016,12,15,5,3,8,7,0,0,0,1,0,0,0,0,6.40516E+20,5.48366E+21,1.09403E+16,4.94893E+16
150538,150539,9,2,62,0,2016,12,8,5,2,5,3,0,0,1,1,0,0,0,0,8.27289E+20,5.38782E+21,1.34361E+16,4.85579E+16
150539,150540,9,1,88,139,2016,12,15,2,3,1,7,0,0,1,1,0,0,0,0,6.75187E+20,5.31911E+21,1.13486E+16,4.80012E+16
150540,150541,9,1,73,147,2016,12,8,6,2,6,4,0,2,0,1,1,0,0,0,6.80853E+20,5.30967E+21,1.14205E+16,4.79148E+16
150541,150542,9,5,64,0,2016,12,13,5,3,0,2,0,0,0,0,1,0,0,1,6.49009E+20,5.47993E+21,1.1056E+16,4.94537E+16
150542,150543,9,1,62,0,2016,12,0,4,3,5,3,2,0,0,1,0,1,0,0,6.88017E+20,5.33192E+21,1.15261E+16,4.81128E+16
150543,150544,9,2,77,154,2016,12,12,4,2,4,6,0,1,0,1,0,0,0,0,7.8993E+20,5.35392E+21,1.29076E+16,4.8272E+16
150544,150545,9,6,61,0,2016,12,7,3,3,6,4,2,1,0,0,1,0,0,1,5.11389E+20,5.53467E+21,9.1588E+15,4.99643E+16
150545,150546,9,7,77,152,2016,12,6,2,3,1,7,2,1,0,1,0,0,0,0,6.24906E+20,5.30585E+21,1.0671E+16,4.78938E+16
150546,150547,9,5,64,0,2016,12,16,2,3,5,3,2,1,1,1,0,0,0,0,6.49956E+20,5.47983E+21,1.10691E+16,4.94526E+16
150547,150548,9,1,79,142,2016,12,20,2,3,5,3,2,2,0,1,0,0,0,0,6.73829E+20,5.34241E+21,1.13399E+16,4.82111E+16
150548,150549,9,2,73,137,2016,12,11,5,3,8,1,0,1,0,1,0,0,0,0,7.10424E+20,5.42147E+21,1.18719E+16,4.89104E+16
150549,150550,9,5,72,119,2016,12,22,5,3,9,1,2,0,0,1,0,0,0,0,6.45049E+20,5.49828E+21,1.10082E+16,4.96196E+16
150550,150551,9,4,78,139,2016,12,11,5,3,2,6,0,0,0,1,0,0,0,0,6.47612E+20,5.55748E+21,1.10663E+16,5.01512E+16
150551,150552,9,2,74,120,2016,12,7,4,3,2,2,1,2,0,1,0,0,0,0,7.49466E+20,5.3678E+21,1.23715E+16,4.84139E+16
150552,150553,9,5,64,0,2016,12,13,3,2,6,2,0,0,0,1,1,0,0,0,6.49237E+20,5.48071E+21,1.10595E+16,4.94607E+16
150553,150554,9,1,62,0,2016,12,18,5,3,5,3,2,0,0,1,0,0,0,0,6.92366E+20,5.33535E+21,1.1586E+16,4.81423E+16
150554,150555,9,5,77,177,2016,12,14,2,3,5,3,0,0,0,1,0,0,0,0,6.42916E+20,5.43017E+21,1.09543E+16,4.90078E+16
150555,150556,9,4,62,0,2016,12,18,5,3,5,3,2,1,1,1,0,0,0,0,6.85775E+20,5.53694E+21,1.159E+16,4.99558E+16
150556,150557,9,1,83,148,2016,12,13,4,3,5,3,0,1,0,1,0,0,0,0,7.51948E+20,5.34518E+21,1.23915E+16,4.82097E+16
150557,150558,9,5,64,0,2016,12,7,3,3,6,3,1,1,0,1,1,0,0,0,6.5236E+20,5.48159E+21,1.11029E+16,4.94678E+16
150558,150559,9,1,86,143,2016,12,12,6,3,0,1,0,1,0,0,0,1,0,0,6.8438E+20,5.37862E+21,1.14977E+16,4.85336E+16
150559,150560,9,5,71,136,2016,12,13,2,2,8,7,0,1,0,0,0,0,0,1,5.94627E+20,5.43911E+21,1.02963E+16,4.90976E+16
150560,150561,9,1,81,130,2016,12,9,2,3,1,6,0,0,0,1,0,1,0,0,6.39418E+20,5.32324E+21,1.08707E+16,4.80472E+16
150561,150562,9,6,63,0,2016,12,16,4,3,6,6,1,0,0,1,1,0,0,0,5.67606E+20,5.51656E+21,9.93941E+15,4.97977E+16
150562,150563,9,7,80,132,2016,12,16,5,2,3,6,1,0,1,1,0,0,0,0,5.75806E+20,5.26919E+21,1.00079E+16,4.75717E+16
150563,150564,9,4,62,0,2016,12,14,5,3,0,7,0,2,0,0,0,1,0,0,6.83899E+20,5.53443E+21,1.15626E+16,4.99339E+16
150564,150565,9,5,71,178,2016,12,6,3,3,1,7,1,1,0,1,0,0,1,0,6.30046E+20,5.4528E+21,1.07857E+16,4.92142E+16
150565,150566,9,1,62,0,2016,12,18,5,3,6,7,1,0,0,1,1,0,0,0,6.91346E+20,5.33473E+21,1.1572E+16,4.8137E+16
150566,150567,9,1,88,121,2016,12,15,2,3,5,2,0,0,1,1,0,0,0,0,6.70817E+20,5.33017E+21,1.12945E+16,4.81019E+16
150567,150568,9,3,62,0,2016,12,0,6,2,3,6,2,0,1,0,0,0,0,0,7.27084E+20,5.43338E+21,1.21056E+16,4.90115E+16
150568,150569,9,6,76,121,2016,12,7,4,2,0,7,1,0,1,0,0,0,0,0,5.11845E+20,5.52103E+21,9.16473E+15,4.98416E+16
150569,150570,9,1,62,0,2016,12,17,4,3,2,6,2,1,0,1,0,0,0,0,6.89511E+20,5.34012E+21,1.15498E+16,4.8186E+16
150570,150571,9,1,62,0,2016,12,11,1,3,5,7,0,0,0,1,0,0,0,0,6.93189E+20,5.33369E+21,1.15963E+16,4.81272E+16
150571,150572,9,6,71,121,2016,12,16,4,3,1,1,0,1,0,1,0,1,0,0,5.1349E+20,5.53866E+21,9.18823E+15,5.00001E+16
150572,150573,9,1,62,0,2016,12,8,4,3,0,1,0,0,1,0,0,0,0,0,6.90601E+20,5.33577E+21,1.15625E+16,4.81466E+16
150573,150574,9,7,61,0,2016,12,11,5,3,5,3,0,1,0,1,0,0,0,0,6.40347E+20,5.35547E+21,1.08938E+16,4.83368E+16
150574,150575,9,1,89,149,2016,12,6,4,3,8,1,2,2,0,1,0,0,0,0,7.57927E+20,5.33051E+21,1.2463E+16,4.80756E+16
150575,150576,9,1,71,111,2016,12,8,4,3,5,3,0,0,1,1,0,0,0,0,7.72663E+20,5.34791E+21,1.26715E+16,4.82257E+16
150576,150577,9,4,64,0,2016,12,0,3,3,5,6,2,1,0,1,0,1,0,0,7.07546E+20,5.57773E+21,1.19153E+16,5.03151E+16
150577,150578,9,1,84,131,2016,12,16,5,3,5,3,0,0,0,1,0,0,0,0,7.0381E+20,5.33931E+21,1.17416E+16,4.81744E+16
150578,150579,9,1,90,148,2016,12,16,5,3,5,3,0,0,1,1,0,0,0,0,6.425E+20,5.29702E+21,1.09034E+16,4.78108E+16
150579,150580,9,1,62,0,2016,12,10,1,3,5,2,0,0,0,1,0,0,0,1,6.85994E+20,5.33485E+21,1.15002E+16,4.81397E+16
150580,150581,9,2,62,0,2016,12,17,6,3,6,2,1,0,0,1,1,0,0,0,8.28618E+20,5.38958E+21,1.34554E+16,4.8573E+16
150581,150582,9,5,64,0,2016,12,15,5,3,6,1,0,0,0,0,1,0,0,1,6.50502E+20,5.48444E+21,1.10784E+16,4.94939E+16
150582,150583,9,6,61,0,2016,12,9,4,2,5,3,0,0,0,1,0,0,0,0,5.09855E+20,5.53551E+21,9.13744E+15,4.99719E+16
150583,150584,9,1,62,0,2016,12,17,4,3,4,6,2,0,1,1,0,0,0,0,6.84892E+20,5.33749E+21,1.14866E+16,4.81638E+16
150584,150585,9,1,63,0,2016,12,7,4,3,3,6,0,1,1,0,0,0,0,0,7.3363E+20,5.30578E+21,1.21238E+16,4.78629E+16
150585,150586,9,4,63,0,2016,12,0,3,2,8,1,2,1,0,1,0,0,0,0,6.3967E+20,5.56874E+21,1.09593E+16,5.02543E+16
150586,150587,9,7,75,152,2016,12,16,2,3,0,7,0,0,1,0,0,0,0,0,5.78484E+20,5.35318E+21,1.00588E+16,4.83269E+16
150587,150588,9,5,75,112,2016,12,17,2,3,5,3,2,0,0,1,0,0,0,0,6.01993E+20,5.48373E+21,1.04086E+16,4.94976E+16
150588,150589,9,1,62,0,2016,12,3,1,3,1,6,2,0,0,1,0,0,0,0,6.89847E+20,5.33491E+21,1.1552E+16,4.81391E+16
150589,150590,9,6,62,0,2016,12,14,5,3,5,3,0,0,1,1,0,0,0,0,5.87817E+20,5.54417E+21,1.02265E+16,5.00434E+16
150590,150591,9,1,87,117,2016,12,15,4,3,0,1,0,2,1,0,0,0,0,0,7.2509E+20,5.30575E+21,1.20098E+16,4.78656E+16
150591,150592,9,4,73,175,2016,12,9,3,3,5,3,0,1,1,1,0,0,0,0,6.36239E+20,5.56978E+21,1.09116E+16,5.02644E+16
150592,150593,9,1,62,0,2016,12,21,2,3,5,3,2,1,1,1,0,0,0,0,6.91885E+20,5.33324E+21,1.15786E+16,4.81234E+16
150593,150594,9,7,61,0,2016,12,11,2,3,2,6,0,0,0,1,0,0,0,0,6.37504E+20,5.36078E+21,1.08572E+16,4.83852E+16
150594,150595,9,7,71,146,2016,12,2,1,3,5,3,2,1,0,1,0,0,0,0,6.47617E+20,5.34818E+21,1.09893E+16,4.82696E+16
150595,150596,9,1,89,145,2016,12,14,5,3,6,4,0,0,0,1,1,0,0,0,7.72989E+20,5.3026E+21,1.26471E+16,4.78187E+16
150596,150597,9,1,61,0,2016,12,11,6,2,5,3,0,0,1,0,0,0,1,0,6.76219E+20,5.40489E+21,1.13984E+16,4.8772E+16
150597,150598,9,5,64,0,2016,12,18,5,3,2,6,2,0,0,1,0,0,0,0,6.46683E+20,5.48176E+21,1.10247E+16,4.94708E+16
150598,150599,9,4,61,0,2016,12,14,5,3,0,2,0,0,0,0,0,0,0,1,6.35989E+20,5.52858E+21,1.08934E+16,4.98942E+16
150599,150600,9,1,62,0,2016,12,12,4,3,6,2,0,0,0,1,1,0,0,0,6.84431E+20,5.33363E+21,1.14787E+16,4.81292E+16
150600,150601,9,1,88,141,2016,12,5,4,3,9,1,2,2,0,1,0,0,0,0,6.69236E+20,5.30652E+21,1.1264E+16,4.78897E+16
150601,150602,9,4,62,0,2016,12,7,3,3,2,6,2,0,0,1,0,0,0,0,6.83615E+20,5.5362E+21,1.15595E+16,4.99499E+16
150602,150603,9,7,71,146,2016,12,11,2,3,1,2,0,0,0,1,0,0,0,0,6.47365E+20,5.34675E+21,1.09854E+16,4.82568E+16
150603,150604,9,5,61,0,2016,12,10,2,3,1,5,0,0,0,1,0,0,0,0,6.14131E+20,5.4631E+21,1.05702E+16,4.93099E+16
150604,150605,9,7,72,202,2016,12,13,1,3,1,1,0,0,0,1,0,0,0,0,6.37001E+20,5.35842E+21,1.08497E+16,4.83641E+16
150605,150606,9,7,75,135,2016,12,11,5,3,0,7,0,1,1,0,0,0,0,0,5.74496E+20,5.36101E+21,1.00064E+16,4.83978E+16
150606,150607,9,1,89,155,2016,12,11,5,3,5,3,0,0,0,1,0,0,0,0,7.72432E+20,5.3081E+21,1.26431E+16,4.78684E+16
150607,150608,9,4,61,0,2016,12,8,5,3,2,6,0,1,0,1,0,0,0,0,6.35096E+20,5.53044E+21,1.08816E+16,4.9911E+16
150608,150609,9,1,79,142,2016,12,16,4,3,6,4,1,1,0,1,1,0,0,0,6.73365E+20,5.34228E+21,1.13336E+16,4.82101E+16
150609,150610,9,4,61,0,2016,12,7,3,3,0,7,2,2,1,0,0,0,0,0,6.36363E+20,5.52775E+21,1.08983E+16,4.98866E+16
150610,150611,9,1,81,130,2016,12,12,6,3,0,7,0,0,1,0,0,0,0,0,6.39074E+20,5.32238E+21,1.08658E+16,4.80395E+16
150611,150612,9,4,75,162,2016,12,11,2,3,0,1,0,2,1,0,0,0,0,0,7.15526E+20,5.5701E+21,1.20229E+16,5.02437E+16
150612,150613,9,5,62,0,2016,12,0,1,3,1,1,2,2,0,1,0,0,0,1,6.44901E+20,5.49247E+21,1.1004E+16,4.95675E+16
150613,150614,9,5,72,132,2016,12,17,4,3,1,6,2,1,0,1,0,0,0,0,6.36939E+20,5.49287E+21,1.08941E+16,4.95729E+16
150614,150615,9,7,72,147,2016,12,18,5,3,5,3,2,1,0,1,0,0,0,0,6.38254E+20,5.36342E+21,1.08682E+16,4.84088E+16
150615,150616,9,1,81,146,2016,12,9,4,2,4,1,0,2,0,1,0,0,0,0,6.53859E+20,5.32355E+21,1.10645E+16,4.80467E+16
150616,150617,9,4,61,0,2016,12,6,5,3,5,2,2,0,1,1,0,0,0,0,6.36229E+20,5.52827E+21,1.08966E+16,4.98913E+16