FID,OBJECTID,ULAND,UREGBEZ,UKREIS,UGEMEINDE,UJAHR,UMONAT,USTUNDE,UWOCHENTAG,UKATEGORIE,UART,UTYP1,ULICHTVERH,IstStrasse,IstRad,IstPKW,IstFuss,IstKrad,IstGkfz,IstSonstig,LINREFX,LINREFY,XGCSWGS84,YGCSWGS84
150793,150794,9,1,71,124,2016,12,13,3,3,1,6,0,0,0,1,0,0,0,0,7.82586E+20,5.34138E+21,1.28005E+16,4.81627E+16
150794,150795,9,7,61,0,2016,12,11,2,3,6,4,0,0,0,1,1,0,0,0,6.41768E+20,5.36015E+21,1.09146E+16,4.83786E+16
150795,150796,9,1,62,0,2016,12,14,7,3,5,2,0,0,1,1,0,0,0,0,6.98716E+20,5.33287E+21,1.16701E+16,4.81181E+16
150796,150797,9,5,73,127,2016,12,12,7,3,9,1,0,1,1,0,0,0,0,0,6.45606E+20,5.47398E+21,1.10069E+16,4.94011E+16
150797,150798,9,4,79,136,2016,12,11,7,3,5,3,0,0,0,1,0,0,0,0,7.21756E+20,5.54385E+21,1.20949E+16,5.00056E+16
150798,150799,9,1,62,0,2016,12,15,6,3,0,1,0,0,1,0,0,0,0,0,6.93641E+20,5.3325E+21,1.16018E+16,4.81163E+16
150799,150800,9,1,85,158,2016,12,16,2,3,5,3,2,0,1,1,0,0,0,0,6.67185E+20,5.38142E+21,1.12661E+16,4.85636E+16
150800,150801,9,4,62,0,2016,12,17,3,3,2,6,2,1,0,1,0,0,0,0,6.83958E+20,5.53649E+21,1.15645E+16,4.99524E+16
150801,150802,9,7,72,131,2016,12,7,3,3,9,1,0,2,0,1,0,0,0,0,6.19901E+20,5.35752E+21,1.06186E+16,4.83594E+16
150802,150803,9,1,90,148,2016,12,16,2,3,2,6,2,1,0,1,0,0,0,0,6.43609E+20,5.2969E+21,1.09182E+16,4.78094E+16
150803,150804,9,3,62,0,2016,12,17,3,3,6,7,1,0,0,1,1,0,0,0,7.2686E+20,5.43358E+21,1.21027E+16,4.90133E+16
150804,150805,9,1,62,0,2016,12,15,6,3,0,1,0,0,1,0,0,0,0,0,6.90148E+20,5.33528E+21,1.15562E+16,4.81423E+16
150805,150806,9,7,76,116,2016,12,19,1,3,6,4,2,0,0,1,1,0,0,0,5.52682E+20,5.26751E+21,9.70029E+15,4.75589E+16
150806,150807,9,7,72,125,2016,12,17,3,2,6,4,2,0,0,1,1,0,0,0,6.36455E+20,5.34735E+21,1.08387E+16,4.82646E+16
150807,150808,9,1,71,132,2016,12,7,3,3,4,6,1,2,1,1,0,0,0,0,7.65265E+20,5.3508E+21,1.25739E+16,4.82548E+16
150808,150809,9,7,61,0,2016,12,13,2,2,9,7,0,0,0,1,0,0,0,0,6.35441E+20,5.35517E+21,1.08276E+16,4.83351E+16
150809,150810,9,2,63,0,2016,12,17,4,3,5,3,2,1,0,1,0,0,0,0,7.61616E+20,5.42076E+21,1.25689E+16,4.88845E+16
150810,150811,9,1,62,0,2016,12,16,7,3,5,1,0,0,1,1,0,0,0,0,6.90822E+20,5.33496E+21,1.15651E+16,4.81393E+16
150811,150812,9,4,64,0,2016,12,13,7,3,5,3,0,0,0,1,0,0,0,0,7.07032E+20,5.5768E+21,1.19076E+16,5.03069E+16
150812,150813,9,4,78,155,2016,12,13,7,3,0,7,0,0,1,0,0,0,0,0,6.58206E+20,5.56024E+21,1.12156E+16,5.01732E+16
150813,150814,9,1,62,0,2016,12,9,6,3,5,2,0,0,0,1,0,0,0,0,6.89987E+20,5.33492E+21,1.15539E+16,4.81391E+16
150814,150815,9,1,79,142,2016,12,11,2,2,0,6,0,0,1,1,0,0,0,0,6.72902E+20,5.34196E+21,1.13273E+16,4.82073E+16
150815,150816,9,3,62,0,2016,12,18,3,3,5,2,2,1,0,1,0,0,0,0,7.29209E+20,5.43554E+21,1.21358E+16,4.90301E+16
150816,150817,9,7,79,126,2016,12,5,3,3,9,1,2,2,0,1,0,0,0,0,6.3408E+20,5.40549E+21,1.08254E+16,4.8788E+16
150817,150818,9,6,63,0,2016,12,14,3,3,6,4,0,0,0,0,1,1,0,0,5.67272E+20,5.51686E+21,9.93482E+15,4.98004E+16
150818,150819,9,7,61,0,2016,12,15,2,3,5,3,0,1,1,1,0,0,0,0,6.41535E+20,5.35951E+21,1.09112E+16,4.83729E+16
150819,150820,9,1,62,0,2016,12,19,3,3,2,6,2,1,0,1,0,0,0,0,6.86294E+20,5.33327E+21,1.15035E+16,4.81254E+16
150820,150821,9,1,62,0,2016,12,14,7,3,0,7,0,0,0,1,0,0,0,0,6.8704E+20,5.32872E+21,1.15116E+16,4.80843E+16
150821,150822,9,4,63,0,2016,12,10,7,3,4,2,0,1,1,1,0,0,0,0,6.39883E+20,5.56952E+21,1.09626E+16,5.02613E+16
150822,150823,9,6,77,157,2016,12,7,3,3,1,6,0,0,0,1,0,1,0,0,5.44166E+20,5.522E+21,9.61435E+15,4.98488E+16
150823,150824,9,6,63,0,2016,12,17,2,3,4,6,2,0,0,1,0,0,0,0,5.6919E+20,5.50808E+21,9.9599E+15,4.97212E+16
150824,150825,9,1,71,117,2016,12,17,4,3,5,3,2,1,0,1,0,1,0,0,7.65953E+20,5.33645E+21,1.25742E+16,4.81257E+16
150825,150826,9,1,62,0,2016,12,9,7,2,6,2,0,0,0,1,1,0,0,0,6.83359E+20,5.34033E+21,1.14672E+16,4.81897E+16
150826,150827,9,4,63,0,2016,12,12,7,3,5,3,0,0,0,1,0,0,0,0,6.40951E+20,5.57236E+21,1.09786E+16,5.02865E+16
150827,150828,9,1,62,0,2016,12,19,6,3,1,5,2,0,1,1,0,0,0,0,6.91682E+20,5.33731E+21,1.15777E+16,4.81601E+16
150828,150829,9,1,62,0,2016,12,20,1,3,5,2,2,1,0,1,0,0,0,1,6.84603E+20,5.33502E+21,1.14816E+16,4.81417E+16
150829,150830,9,1,62,0,2016,12,9,2,3,5,3,0,1,0,1,0,0,0,0,6.88272E+20,5.33042E+21,1.15288E+16,4.80992E+16
150830,150831,9,6,75,141,2016,12,13,3,3,6,5,0,0,0,1,1,0,0,0,5.83576E+20,5.50968E+21,1.01598E+16,4.97338E+16
150831,150832,9,1,62,0,2016,12,9,3,3,6,4,0,0,0,1,1,0,0,0,6.88967E+20,5.33051E+21,1.15382E+16,4.80998E+16
150832,150833,9,1,62,0,2016,12,13,7,3,6,4,0,0,0,1,1,0,0,0,6.84742E+20,5.32983E+21,1.14812E+16,4.8095E+16
150833,150834,9,7,64,0,2016,12,13,6,3,5,3,0,0,0,1,0,1,0,0,5.8838E+20,5.31619E+21,1.01846E+16,4.79929E+16
150834,150835,9,7,76,116,2016,12,16,1,3,0,1,0,1,1,0,0,0,0,0,5.52353E+20,5.26668E+21,9.69582E+15,4.75515E+16
150835,150836,9,1,62,0,2016,12,17,2,2,6,4,2,0,0,0,1,0,1,0,6.94903E+20,5.33503E+21,1.16199E+16,4.81387E+16
150836,150837,9,1,87,162,2016,12,12,3,2,0,1,0,2,1,0,0,0,0,0,7.50087E+20,5.30595E+21,1.23436E+16,4.78581E+16
150837,150838,9,7,63,0,2016,12,12,6,2,5,3,0,0,0,1,0,0,0,1,5.98565E+20,5.28756E+21,1.03146E+16,4.77339E+16
150838,150839,9,1,62,0,2016,12,14,1,3,3,6,0,1,0,1,0,1,0,0,6.8966E+20,5.33461E+21,1.15493E+16,4.81364E+16
150839,150840,9,1,62,0,2016,12,14,2,3,5,3,0,0,1,1,0,0,0,0,6.8327E+20,5.33755E+21,1.14648E+16,4.81648E+16
150840,150841,9,1,82,119,2016,12,8,3,3,0,1,0,2,1,0,0,0,0,0,7.12907E+20,5.29248E+21,1.18406E+16,4.77505E+16
150841,150842,9,6,63,0,2016,12,17,2,3,1,6,2,0,0,1,0,0,0,0,5.69217E+20,5.51848E+21,9.96213E+15,4.98148E+16
150842,150843,9,6,61,0,2016,12,18,2,3,0,5,2,1,0,0,0,1,0,1,5.11193E+20,5.53684E+21,9.15613E+15,4.99838E+16
150843,150844,9,7,75,135,2016,12,7,3,3,5,3,2,0,0,1,0,1,0,0,5.74792E+20,5.3589E+21,1.00101E+16,4.83789E+16
150844,150845,9,1,62,0,2016,12,15,7,3,2,6,0,0,0,1,0,0,0,0,6.97513E+20,5.33361E+21,1.16543E+16,4.81251E+16
150845,150846,9,3,61,0,2016,12,13,3,2,0,7,0,1,1,0,0,0,0,0,7.06568E+20,5.48122E+21,1.185E+16,4.94485E+16
150846,150847,9,7,80,139,2016,12,7,6,3,0,1,1,0,1,0,0,0,0,0,5.96523E+20,5.26424E+21,1.02822E+16,4.75244E+16
150847,150848,9,7,77,129,2016,12,17,1,2,4,2,2,1,0,1,0,0,0,0,6.26724E+20,5.27019E+21,1.0685E+16,4.75727E+16
150848,150849,9,7,61,0,2016,12,16,3,3,0,7,1,0,1,1,0,0,0,0,6.38779E+20,5.35842E+21,1.08737E+16,4.83637E+16
150849,150850,9,1,62,0,2016,12,11,2,2,6,4,0,1,0,1,1,0,0,0,6.89639E+20,5.3319E+21,1.15478E+16,4.81121E+16
150850,150851,9,1,82,119,2016,12,17,3,3,4,2,2,1,1,1,0,0,0,0,7.12904E+20,5.29204E+21,1.18403E+16,4.77465E+16
150851,150852,9,6,61,0,2016,12,7,2,3,0,7,0,1,1,0,0,0,0,0,5.10446E+20,5.53665E+21,9.14571E+15,4.99821E+16
150852,150853,9,1,62,0,2016,12,8,7,3,3,6,0,0,0,1,0,0,0,0,6.94593E+20,5.33606E+21,1.16162E+16,4.8148E+16
150853,150854,9,4,72,131,2016,12,12,7,3,0,7,0,0,1,1,0,0,0,0,6.79219E+20,5.53402E+21,1.14973E+16,4.99317E+16
150854,150855,9,4,62,0,2016,12,13,7,3,4,6,0,0,0,1,0,0,0,0,6.88297E+20,5.5344E+21,1.16239E+16,4.99323E+16
150855,150856,9,7,72,147,2016,12,8,6,3,5,3,0,0,0,1,0,0,0,0,6.38589E+20,5.36579E+21,1.08735E+16,4.843E+16
150856,150857,9,5,62,0,2016,12,12,2,3,2,6,0,0,0,1,0,0,0,0,6.45764E+20,5.49363E+21,1.10164E+16,4.95777E+16
150857,150858,9,1,62,0,2016,12,8,7,3,3,2,0,0,1,1,0,0,0,0,6.9101E+20,5.3359E+21,1.1568E+16,4.81476E+16
150858,150859,9,4,74,126,2016,12,13,7,3,0,1,0,0,1,0,0,0,0,0,6.49107E+20,5.50935E+21,1.10686E+16,4.97182E+16
150859,150860,9,4,71,140,2016,12,9,7,3,0,1,0,0,1,0,0,0,0,0,6.34656E+20,5.53238E+21,1.08762E+16,4.99286E+16
150860,150861,9,7,71,130,2016,12,22,6,3,5,3,2,0,0,1,0,0,0,0,6.45645E+20,5.35748E+21,1.0966E+16,4.83536E+16
150861,150862,9,1,73,112,2016,12,16,2,3,6,7,1,1,0,1,1,0,0,0,6.91019E+20,5.29245E+21,1.15489E+16,4.77571E+16
150862,150863,9,2,78,113,2016,12,16,3,2,5,3,1,0,1,1,0,0,0,0,7.65473E+20,5.41634E+21,1.26185E+16,4.88432E+16
150863,150864,9,6,62,0,2016,12,6,1,3,6,4,2,1,0,1,1,0,0,0,5.8681E+20,5.54333E+21,1.02122E+16,5.00359E+16
150864,150865,9,7,61,0,2016,12,7,3,3,0,1,1,2,0,0,0,1,0,0,6.38361E+20,5.35929E+21,1.08683E+16,4.83716E+16
150865,150866,9,6,77,148,2016,12,18,3,2,6,6,2,1,0,1,1,0,0,0,5.55165E+20,5.53469E+21,9.76914E+15,4.9962E+16
150866,150867,9,1,85,158,2016,12,11,3,3,5,1,0,0,1,0,0,0,0,1,6.67987E+20,5.38142E+21,1.12769E+16,4.85634E+16
150867,150868,9,5,62,0,2016,12,12,2,3,2,6,0,1,0,1,0,0,0,0,6.47084E+20,5.4948E+21,1.10351E+16,4.95879E+16
150868,150869,9,2,61,0,2016,12,12,4,3,0,1,0,0,1,0,0,0,0,0,7.32307E+20,5.38228E+21,1.21481E+16,4.85506E+16
150869,150870,9,1,62,0,2016,12,12,7,3,4,6,1,0,1,0,0,0,0,0,6.90849E+20,5.33485E+21,1.15654E+16,4.81382E+16
150870,150871,9,3,74,134,2016,12,9,7,3,0,1,0,0,0,0,0,1,0,0,7.19666E+20,5.50449E+21,1.20435E+16,4.9653E+16
150871,150872,9,3,75,148,2016,12,15,7,3,5,3,0,1,0,1,0,0,0,0,7.04082E+20,5.43663E+21,1.17931E+16,4.90487E+16
150872,150873,9,7,61,0,2016,12,12,6,3,5,3,0,0,1,0,0,0,1,0,6.39147E+20,5.35922E+21,1.08789E+16,4.83708E+16
150873,150874,9,1,74,126,2016,12,7,2,3,5,3,0,1,0,1,0,1,0,0,6.82178E+20,5.3442E+21,1.1453E+16,4.82248E+16
150874,150875,9,1,61,0,2016,12,17,2,3,2,6,2,1,0,1,0,0,0,0,6.78241E+20,5.40345E+21,1.14253E+16,4.87585E+16
150875,150876,9,2,77,147,2016,12,8,3,3,8,1,0,1,0,1,0,0,0,0,8.00234E+20,5.36045E+21,1.30508E+16,4.83258E+16
150876,150877,9,6,62,0,2016,12,12,3,2,6,4,0,0,0,1,1,0,0,0,5.89192E+20,5.54602E+21,1.02461E+16,5.00598E+16
150877,150878,9,5,72,131,2016,12,17,2,2,6,4,2,0,0,1,1,0,0,0,6.55723E+20,5.48889E+21,1.11521E+16,4.95326E+16
150878,150879,9,1,79,145,2016,12,16,4,3,6,7,2,0,0,1,1,0,0,0,6.75662E+20,5.3381E+21,1.13628E+16,4.81718E+16
150879,150880,9,1,62,0,2016,12,13,7,3,6,4,0,0,0,0,1,1,0,0,6.91215E+20,5.3344E+21,1.15701E+16,4.81341E+16
150880,150881,9,3,62,0,2016,12,13,7,3,6,3,0,0,0,1,1,0,0,0,7.24036E+20,5.43485E+21,1.20648E+16,4.90258E+16
150881,150882,9,7,61,0,2016,12,6,6,3,4,2,2,1,0,1,0,1,0,0,6.37441E+20,5.36078E+21,1.08564E+16,4.83852E+16
150882,150883,9,1,62,0,2016,12,18,1,3,1,1,2,1,0,1,0,1,0,0,6.87051E+20,5.33631E+21,1.15151E+16,4.81525E+16
150883,150884,9,1,62,0,2016,12,7,2,3,6,4,1,1,0,1,1,0,0,0,6.90143E+20,5.33523E+21,1.15561E+16,4.81419E+16
150884,150885,9,5,63,0,2016,12,11,2,3,5,3,0,1,0,1,0,0,0,1,6.45155E+20,5.48104E+21,1.10033E+16,4.94647E+16
150885,150886,9,6,62,0,2016,12,18,3,3,3,3,2,1,0,1,0,0,1,0,5.88623E+20,5.54315E+21,1.02375E+16,5.00341E+16
150886,150887,9,5,64,0,2016,12,19,2,3,5,3,2,1,1,1,0,0,0,0,6.51422E+20,5.48032E+21,1.10895E+16,4.94567E+16
150887,150888,9,1,62,0,2016,12,7,3,3,6,4,1,0,0,1,1,0,0,0,6.82479E+20,5.34083E+21,1.14556E+16,4.81945E+16
150888,150889,9,7,75,134,2016,12,18,7,3,7,7,1,2,1,0,0,0,0,0,5.85784E+20,5.36462E+21,1.01596E+16,4.84288E+16
150889,150890,9,5,62,0,2016,12,11,3,3,0,7,0,1,1,0,0,0,0,0,6.43524E+20,5.49402E+21,1.09855E+16,4.95817E+16
150890,150891,9,5,64,0,2016,12,16,2,3,5,3,2,0,1,1,0,0,0,0,6.48992E+20,5.47432E+21,1.10537E+16,4.94033E+16
150891,150892,9,1,62,0,2016,12,18,3,2,6,4,2,0,0,1,1,0,0,0,6.90983E+20,5.34228E+21,1.15705E+16,4.8205E+16
150892,150893,9,7,75,135,2016,12,15,7,2,6,4,0,0,0,1,1,0,0,0,5.73989E+20,5.36067E+21,9.99952E+15,4.83949E+16
150893,150894,9,3,62,0,2016,12,15,7,2,4,2,0,0,0,0,0,1,0,1,7.23479E+20,5.43453E+21,1.2057E+16,4.90232E+16
150894,150895,9,7,61,0,2016,12,5,6,3,0,2,2,1,0,1,0,1,0,0,6.44068E+20,5.35687E+21,1.09445E+16,4.83486E+16
150895,150896,9,1,62,0,2016,12,16,2,3,6,2,1,1,0,1,1,0,0,0,6.91657E+20,5.33837E+21,1.15778E+16,4.81697E+16
150896,150897,9,1,81,127,2016,12,17,3,3,8,1,2,0,0,1,0,0,0,0,6.35362E+20,5.32486E+21,1.08169E+16,4.80627E+16
150897,150898,9,5,64,0,2016,12,16,2,3,6,4,2,0,0,1,1,0,0,0,6.50992E+20,5.47956E+21,1.10833E+16,4.945E+16
150898,150899,9,7,74,121,2016,12,16,3,3,3,2,1,0,1,1,0,0,0,0,6.04961E+20,5.36515E+21,1.04189E+16,4.84307E+16
150899,150900,9,7,61,0,2016,12,11,6,3,4,2,0,0,0,1,0,1,0,0,6.40785E+20,5.35924E+21,1.0901E+16,4.83706E+16
150900,150901,9,7,75,139,2016,12,15,7,3,0,7,0,0,0,0,0,1,0,0,5.81409E+20,5.36804E+21,1.01012E+16,4.84603E+16
150901,150902,9,1,90,157,2016,12,5,2,3,4,6,2,1,0,1,0,0,0,0,6.60513E+20,5.30046E+21,1.11451E+16,4.78374E+16
150902,150903,9,2,77,121,2016,12,7,3,2,8,7,2,2,0,1,0,0,0,0,7.57203E+20,5.37183E+21,1.24784E+16,4.8447E+16
150903,150904,9,7,61,0,2016,12,1,6,2,6,4,2,1,0,1,1,0,0,1,6.39635E+20,5.35954E+21,1.08856E+16,4.83736E+16
150904,150905,9,6,63,0,2016,12,12,6,3,8,1,0,1,1,0,0,0,0,0,5.66856E+20,5.5168E+21,9.92902E+15,4.97999E+16
150905,150906,9,6,71,111,2016,12,11,1,3,6,7,0,0,0,1,1,0,0,0,5.0517E+20,5.54563E+21,9.07224E+15,5.00629E+16
150906,150907,9,7,75,135,2016,12,13,2,3,5,3,0,1,1,1,0,0,0,0,5.78916E+20,5.36274E+21,1.00665E+16,4.84129E+16
150907,150908,9,1,79,145,2016,12,17,3,2,6,4,2,0,0,1,1,0,0,0,6.74793E+20,5.33837E+21,1.13512E+16,4.81745E+16
150908,150909,9,4,61,0,2016,12,7,2,3,5,3,0,1,1,1,0,0,0,0,6.3557E+20,5.52647E+21,1.08868E+16,4.98752E+16
150909,150910,9,7,80,133,2016,12,13,7,3,3,6,0,0,1,1,0,0,0,0,5.9472E+20,5.25303E+21,1.02559E+16,4.74239E+16
150910,150911,9,3,62,0,2016,12,14,7,3,5,3,0,0,1,1,0,0,0,0,7.31504E+20,5.43027E+21,1.21642E+16,4.89819E+16
150911,150912,9,3,62,0,2016,12,17,7,3,2,6,2,1,0,1,0,0,0,0,7.28351E+20,5.43629E+21,1.21245E+16,4.90371E+16
150912,150913,9,6,79,170,2016,12,4,6,3,9,1,2,1,0,1,0,0,0,0,5.78325E+20,5.50213E+21,1.00854E+16,4.96666E+16
150913,150914,9,1,61,0,2016,12,17,2,3,6,6,2,0,1,0,1,0,0,0,6.78328E+20,5.40324E+21,1.14264E+16,4.87567E+16
150914,150915,9,2,74,134,2016,12,8,3,2,4,1,0,2,0,1,0,0,0,0,7.42498E+20,5.371E+21,1.22794E+16,4.84454E+16
150915,150916,9,7,61,0,2016,12,12,3,3,1,6,0,0,0,1,0,1,0,0,6.4296E+20,5.35795E+21,1.09299E+16,4.83585E+16
150916,150917,9,5,64,0,2016,12,13,3,3,4,6,0,0,1,1,0,0,0,0,6.5195E+20,5.47849E+21,1.1096E+16,4.944E+16
150917,150918,9,3,75,174,2016,12,18,2,3,2,6,2,0,0,1,0,0,0,0,7.33013E+20,5.42944E+21,1.21843E+16,4.89739E+16
150918,150919,9,1,73,126,2016,12,20,4,2,6,2,2,1,0,1,1,0,0,0,6.85612E+20,5.30361E+21,1.14816E+16,4.7859E+16
150919,150920,9,7,71,142,2016,12,19,7,2,1,7,2,0,0,1,0,0,1,0,6.45597E+20,5.35118E+21,1.09632E+16,4.82971E+16
150920,150921,9,5,62,0,2016,12,9,1,3,5,3,0,0,1,1,0,0,0,0,6.45125E+20,5.49451E+21,1.10079E+16,4.95857E+16
150921,150922,9,7,61,0,2016,12,16,3,3,2,6,1,0,0,1,0,0,0,0,6.39728E+20,5.35709E+21,1.0886E+16,4.83515E+16
150922,150923,9,1,79,123,2016,12,21,3,3,0,7,2,1,1,0,0,0,0,0,6.76006E+20,5.33341E+21,1.13655E+16,4.81296E+16
150923,150924,9,3,62,0,2016,12,17,2,3,2,6,2,0,0,1,0,0,0,0,7.28284E+20,5.43517E+21,1.2123E+16,4.90271E+16
150924,150925,9,3,72,116,2016,12,18,4,3,6,4,2,0,0,1,1,0,0,0,7.67237E+20,5.45869E+21,1.26704E+16,4.92226E+16
150925,150926,9,7,72,125,2016,12,15,7,3,0,1,0,0,1,0,0,0,0,0,6.36523E+20,5.3473E+21,1.08396E+16,4.82642E+16
150926,150927,9,3,62,0,2016,12,11,7,2,5,2,0,0,0,1,0,0,0,0,7.31008E+20,5.43491E+21,1.21601E+16,4.90238E+16
150927,150928,9,3,73,147,2016,12,13,7,3,6,7,0,0,0,1,1,0,0,0,6.79428E+20,5.46034E+21,1.14666E+16,4.92695E+16
150928,150929,9,6,79,170,2016,12,12,6,3,6,4,0,1,0,1,1,0,0,0,5.7764E+20,5.50188E+21,1.00759E+16,4.96644E+16
150929,150930,9,1,79,142,2016,12,16,2,3,1,6,2,1,0,1,0,0,0,0,6.72695E+20,5.34238E+21,1.13247E+16,4.82111E+16
150930,150931,9,2,61,0,2016,12,16,3,3,2,6,1,1,0,1,0,0,0,0,7.32913E+20,5.38188E+21,1.2156E+16,4.85467E+16
150931,150932,9,3,76,153,2016,12,20,2,3,5,2,2,1,0,1,0,0,0,0,7.3102E+20,5.48681E+21,1.21902E+16,4.94899E+16
150932,150933,9,1,78,124,2016,12,16,4,3,6,4,1,0,0,1,1,0,0,0,7.02802E+20,5.3647E+21,1.17402E+16,4.84028E+16
150933,150934,9,7,61,0,2016,12,17,7,3,1,6,2,1,0,1,0,1,0,0,6.39094E+20,5.36277E+21,1.08794E+16,4.84028E+16
150934,150935,9,2,75,153,2016,12,8,7,2,6,7,0,0,0,1,1,0,0,0,8.42492E+20,5.39333E+21,1.3646E+16,4.85992E+16
150935,150936,9,6,72,114,2016,12,15,6,2,0,1,0,1,1,0,0,0,0,0,5.75688E+20,5.56079E+21,1.00604E+16,5.01945E+16
150936,150937,9,1,62,0,2016,12,18,1,3,7,3,2,1,0,1,0,0,0,0,6.96637E+20,5.3332E+21,1.16424E+16,4.81217E+16
150937,150938,9,2,61,0,2016,12,16,7,3,2,6,1,2,0,1,0,0,0,0,7.32209E+20,5.37934E+21,1.21451E+16,4.85242E+16
150938,150939,9,5,74,112,2016,12,14,6,3,8,1,0,1,0,1,0,0,0,0,6.73465E+20,5.47502E+21,1.13911E+16,4.94032E+16
150939,150940,9,1,62,0,2016,12,12,1,3,0,7,0,0,1,0,1,0,0,0,6.90677E+20,5.33562E+21,1.15634E+16,4.81452E+16
150940,150941,9,2,79,112,2016,12,13,3,3,6,7,0,0,0,1,1,0,0,0,7.57048E+20,5.39385E+21,1.24899E+16,4.86448E+16
150941,150942,9,7,75,134,2016,12,10,2,3,0,7,0,0,0,1,0,0,0,0,5.84812E+20,5.36292E+21,1.01462E+16,4.84138E+16
150942,150943,9,5,64,0,2016,12,6,3,3,5,3,2,1,0,1,0,0,0,0,6.47718E+20,5.47831E+21,1.10376E+16,4.94395E+16
150943,150944,9,1,62,0,2016,12,9,3,3,6,7,0,0,0,1,1,0,0,0,6.94099E+20,5.33384E+21,1.16086E+16,4.81282E+16
150944,150945,9,7,61,0,2016,12,15,7,3,8,1,0,0,0,1,0,0,0,0,6.42623E+20,5.35872E+21,1.09256E+16,4.83656E+16
150945,150946,9,5,63,0,2016,12,7,6,3,6,4,1,1,0,1,1,0,0,0,6.45155E+20,5.48104E+21,1.10033E+16,4.94647E+16
150946,150947,9,5,63,0,2016,12,0,1,3,5,3,2,1,0,1,0,0,0,1,6.45617E+20,5.4813E+21,1.10098E+16,4.94669E+16
150947,150948,9,7,75,135,2016,12,7,2,3,6,4,0,0,0,1,1,0,0,0,5.74611E+20,5.36031E+21,1.00079E+16,4.83915E+16
150948,150949,9,1,88,121,2016,12,16,3,3,5,7,0,0,1,1,0,0,0,0,6.70282E+20,5.3296E+21,1.12871E+16,4.80969E+16
150949,150950,9,3,61,0,2016,12,8,2,3,0,3,0,0,1,1,0,0,0,0,7.06651E+20,5.48074E+21,1.18509E+16,4.94442E+16
150950,150951,9,7,71,113,2016,12,10,7,3,2,2,0,1,0,1,0,0,0,0,6.5714E+20,5.36905E+21,1.11254E+16,4.8455E+16
150951,150952,9,2,73,166,2016,12,10,7,3,1,5,0,0,0,1,0,0,0,1,7.16258E+20,5.41733E+21,1.19492E+16,4.88711E+16
150952,150953,9,7,64,0,2016,12,12,2,3,6,2,0,0,0,1,1,0,0,0,5.89137E+20,5.31621E+21,1.01948E+16,4.7993E+16
150953,150954,9,1,79,121,2016,12,16,3,3,2,6,0,0,0,1,0,0,0,0,6.68174E+20,5.34041E+21,1.12631E+16,4.81947E+16
150954,150955,9,3,61,0,2016,12,16,2,3,1,2,2,1,0,1,0,0,0,0,7.09223E+20,5.47967E+21,1.18858E+16,4.94336E+16
150955,150956,9,5,64,0,2016,12,10,3,3,2,6,0,0,0,1,0,0,0,0,6.50823E+20,5.4834E+21,1.10824E+16,4.94845E+16
150956,150957,9,2,63,0,2016,12,7,2,2,5,3,0,1,1,1,0,0,0,0,7.62733E+20,5.41931E+21,1.25831E+16,4.88711E+16
150957,150958,9,1,62,0,2016,12,7,3,3,6,4,1,0,0,1,1,0,0,0,6.87525E+20,5.33811E+21,1.15222E+16,4.81686E+16
150958,150959,9,6,63,0,2016,12,21,7,3,5,3,2,1,0,1,0,0,0,0,5.67821E+20,5.51604E+21,9.9423E+15,4.9793E+16
150959,150960,9,5,64,0,2016,12,12,6,3,5,2,0,0,0,1,0,0,0,0,6.52332E+20,5.48235E+21,1.11028E+16,4.94746E+16
150960,150961,9,4,61,0,2016,12,21,1,3,5,3,2,0,1,1,0,0,0,0,6.35984E+20,5.52815E+21,1.08932E+16,4.98903E+16
150961,150962,9,7,63,0,2016,12,7,2,3,5,3,1,1,1,1,0,0,0,0,5.98119E+20,5.28571E+21,1.03082E+16,4.77173E+16
150962,150963,9,1,74,115,2016,12,17,3,2,0,5,2,1,1,0,0,0,0,1,6.8117E+20,5.34624E+21,1.14403E+16,4.82435E+16
150963,150964,9,2,63,0,2016,12,9,2,3,5,3,0,1,1,1,0,0,0,0,7.61758E+20,5.42004E+21,1.25703E+16,4.8878E+16
150964,150965,9,6,63,0,2016,12,22,7,3,0,7,2,0,0,1,0,1,0,0,5.70411E+20,5.51644E+21,9.97835E+15,4.97962E+16
150965,150966,9,1,89,152,2016,12,16,7,3,0,7,1,0,1,0,0,0,0,0,7.81178E+20,5.32592E+21,1.27715E+16,4.80246E+16
150966,150967,9,5,64,0,2016,12,8,6,3,5,3,0,0,1,1,0,0,0,0,6.4596E+20,5.47986E+21,1.1014E+16,4.94538E+16
150967,150968,9,1,85,149,2016,12,17,2,3,6,4,2,1,0,1,1,0,0,0,6.61645E+20,5.40007E+21,1.11983E+16,4.87326E+16
150968,150969,9,1,90,157,2016,12,12,3,3,5,3,0,0,1,1,0,0,0,0,6.60294E+20,5.3004E+21,1.11422E+16,4.78369E+16