FID,OBJECTID,ULAND,UREGBEZ,UKREIS,UGEMEINDE,UJAHR,UMONAT,USTUNDE,UWOCHENTAG,UKATEGORIE,UART,UTYP1,ULICHTVERH,IstStrasse,IstRad,IstPKW,IstFuss,IstKrad,IstGkfz,IstSonstig,LINREFX,LINREFY,XGCSWGS84,YGCSWGS84
150969,150970,9,7,76,117,2016,12,14,3,3,6,6,0,0,0,1,1,0,0,0,5.66984E+20,5.27312E+21,9.89124E+15,4.7608E+16
150970,150971,9,1,87,138,2016,12,12,7,3,0,7,0,0,1,0,0,0,0,1,7.55466E+20,5.30894E+21,1.24172E+16,4.78829E+16
150971,150972,9,5,64,0,2016,12,11,6,2,6,4,0,1,0,1,1,0,0,0,6.51598E+20,5.47869E+21,1.10913E+16,4.94419E+16
150972,150973,9,6,63,0,2016,12,11,7,3,1,6,0,0,0,1,0,0,0,0,5.67878E+20,5.5166E+21,9.94319E+15,4.9798E+16
150973,150974,9,1,73,126,2016,12,7,2,3,2,6,0,1,0,1,0,0,0,1,6.85156E+20,5.30443E+21,1.14758E+16,4.78665E+16
150974,150975,9,1,90,157,2016,12,7,3,3,0,1,0,2,1,0,0,0,0,0,6.60666E+20,5.29975E+21,1.11469E+16,4.7831E+16
150975,150976,9,5,64,0,2016,12,5,6,3,5,3,2,1,1,1,0,0,0,0,6.52255E+20,5.48092E+21,1.11012E+16,4.94619E+16
150976,150977,9,2,77,138,2016,12,20,1,3,1,5,2,1,0,1,0,1,0,0,7.9121E+20,5.37183E+21,1.29372E+16,4.84322E+16
150977,150978,9,7,61,0,2016,12,8,3,3,6,7,0,0,0,1,1,0,0,0,6.42155E+20,5.35882E+21,1.09193E+16,4.83665E+16
150978,150979,9,1,78,145,2016,12,11,3,3,5,3,0,0,1,1,0,0,0,0,6.97538E+20,5.35524E+21,1.16647E+16,4.83195E+16
150979,150980,9,2,76,138,2016,12,13,2,3,5,3,0,1,0,1,0,1,0,0,8.02028E+20,5.43236E+21,1.31273E+16,4.89702E+16
150980,150981,9,2,61,0,2016,12,17,4,3,0,1,2,1,1,0,0,0,0,0,7.3082E+20,5.38265E+21,1.21281E+16,4.85544E+16
150981,150982,9,6,62,0,2016,12,23,7,3,0,1,2,1,1,0,0,0,0,0,5.88192E+20,5.54576E+21,1.02321E+16,5.00576E+16
150982,150983,9,1,61,0,2016,12,13,7,3,1,2,0,0,0,1,0,0,0,0,6.78619E+20,5.40452E+21,1.14309E+16,4.8768E+16
150983,150984,9,1,79,126,2016,12,11,7,3,6,2,0,1,0,1,1,0,0,0,6.76456E+20,5.34029E+21,1.13744E+16,4.81913E+16
150984,150985,9,5,71,145,2016,12,9,6,3,5,3,0,0,0,1,0,0,0,0,5.97371E+20,5.44618E+21,1.03356E+16,4.91607E+16
150985,150986,9,1,81,130,2016,12,7,2,3,5,6,1,1,0,1,0,0,0,0,6.40311E+20,5.32357E+21,1.08828E+16,4.805E+16
150986,150987,9,1,90,157,2016,12,6,3,2,0,7,2,2,1,0,0,0,0,0,6.6063E+20,5.30165E+21,1.11471E+16,4.78481E+16
150987,150988,9,5,64,0,2016,12,6,3,3,5,3,2,0,1,1,0,0,0,0,6.49893E+20,5.47482E+21,1.10663E+16,4.94076E+16
150988,150989,9,2,62,0,2016,12,19,2,3,5,3,2,1,0,1,0,0,0,0,8.23855E+20,5.38932E+21,1.33909E+16,4.85731E+16
150989,150990,9,1,62,0,2016,12,9,3,3,4,7,0,0,1,0,0,0,0,0,6.90622E+20,5.33604E+21,1.15629E+16,4.8149E+16
150990,150991,9,5,71,214,2016,12,6,3,3,9,1,2,2,0,1,0,0,0,0,6.18484E+20,5.4355E+21,1.06219E+16,4.9061E+16
150991,150992,9,2,77,116,2016,12,11,2,2,0,7,0,0,0,0,0,0,1,1,7.79828E+20,5.36745E+21,1.27808E+16,4.8398E+16
150992,150993,9,1,82,125,2016,12,17,4,3,4,2,2,0,0,1,0,0,0,0,7.12028E+20,5.29681E+21,1.1831E+16,4.77897E+16
150993,150994,9,5,62,0,2016,12,19,7,3,0,7,2,1,1,0,0,0,0,0,6.45605E+20,5.49609E+21,1.10151E+16,4.95998E+16
150994,150995,9,1,74,115,2016,12,9,7,3,0,1,0,1,0,1,0,0,0,0,6.79526E+20,5.35008E+21,1.14198E+16,4.82785E+16
150995,150996,9,4,75,156,2016,12,11,6,3,6,7,0,0,0,1,1,0,0,0,6.91293E+20,5.583E+21,1.169E+16,5.0368E+16
150996,150997,9,1,62,0,2016,12,17,1,3,5,6,2,1,0,1,0,0,0,1,6.92267E+20,5.33837E+21,1.1586E+16,4.81695E+16
150997,150998,9,7,63,0,2016,12,16,2,3,5,3,1,0,0,1,0,1,0,0,5.98443E+20,5.28742E+21,1.03129E+16,4.77326E+16
150998,150999,9,5,61,0,2016,12,18,3,2,6,4,2,1,0,1,1,0,0,0,6.14583E+20,5.46256E+21,1.05762E+16,4.93051E+16
150999,151000,9,1,62,0,2016,12,8,3,2,6,7,0,0,1,0,1,0,0,0,6.91548E+20,5.33285E+21,1.15739E+16,4.81201E+16
151000,151001,9,5,62,0,2016,12,13,7,3,5,3,0,0,1,1,0,0,0,0,6.45574E+20,5.49618E+21,1.10147E+16,4.96007E+16
151001,151002,9,4,62,0,2016,12,13,6,3,2,6,0,0,0,1,0,0,0,0,6.84085E+20,5.53657E+21,1.15663E+16,4.99531E+16
151002,151003,9,5,76,137,2016,12,13,7,3,5,3,0,1,0,1,0,0,0,0,6.50321E+20,5.46335E+21,1.10679E+16,4.93044E+16
151003,151004,9,1,78,124,2016,12,13,7,3,0,1,0,0,0,1,0,0,0,0,7.02402E+20,5.36439E+21,1.17347E+16,4.84002E+16
151004,151005,9,4,62,0,2016,12,13,6,3,2,6,0,0,0,1,0,0,0,0,6.83927E+20,5.53646E+21,1.1564E+16,4.99522E+16
151005,151006,9,7,78,123,2016,12,14,1,2,9,7,0,1,0,1,0,0,0,0,5.84827E+20,5.31611E+21,1.0137E+16,4.79926E+16
151006,151007,9,7,77,151,2016,12,14,2,2,3,2,0,0,1,0,0,0,0,0,6.19243E+20,5.28966E+21,1.05908E+16,4.77492E+16
151007,151008,9,1,77,114,2016,12,8,3,3,0,1,0,0,0,1,0,0,0,0,7.22504E+20,5.34307E+21,1.19947E+16,4.82018E+16
151008,151009,9,2,73,147,2016,12,13,2,3,2,6,0,0,0,1,0,0,0,0,7.04963E+20,5.39185E+21,1.17827E+16,4.86461E+16
151009,151010,9,7,74,119,2016,12,7,3,3,0,1,1,2,1,0,0,0,0,0,5.86871E+20,5.36363E+21,1.01741E+16,4.84199E+16
151010,151011,9,5,76,122,2016,12,13,7,2,6,4,0,0,0,1,1,0,0,0,6.68977E+20,5.44247E+21,1.13155E+16,4.91118E+16
151011,151012,9,1,90,141,2016,12,14,3,3,1,5,0,1,0,1,0,0,0,0,6.78294E+20,5.29161E+21,1.13789E+16,4.77532E+16
151012,151013,9,4,61,0,2016,12,14,6,3,4,2,0,1,0,1,0,0,0,0,6.35224E+20,5.52969E+21,1.08832E+16,4.99043E+16
151013,151014,9,3,73,147,2016,12,13,4,3,5,7,0,1,1,1,0,0,0,0,6.78125E+20,5.46226E+21,1.14495E+16,4.92871E+16
151014,151015,9,5,72,131,2016,12,11,7,3,0,7,0,0,0,1,0,0,0,0,6.55751E+20,5.48895E+21,1.11526E+16,4.95331E+16
151015,151016,9,4,73,151,2016,12,10,2,3,5,3,0,0,0,1,0,0,1,0,6.50786E+20,5.57803E+21,1.11188E+16,5.03351E+16
151016,151017,9,7,72,131,2016,12,17,2,3,5,3,2,1,0,1,0,0,0,1,6.16143E+20,5.35759E+21,1.0568E+16,4.83608E+16
151017,151018,9,1,74,126,2016,12,12,2,3,0,1,0,0,1,0,0,0,0,0,6.82967E+20,5.34322E+21,1.14632E+16,4.82158E+16
151018,151019,9,5,64,0,2016,12,13,6,3,2,6,0,0,0,1,0,0,0,0,6.49927E+20,5.47864E+21,1.10682E+16,4.94419E+16
151019,151020,9,1,62,0,2016,12,17,5,3,2,6,2,0,0,1,0,0,0,0,7.00071E+20,5.3352E+21,1.16894E+16,4.81386E+16
151020,151021,9,1,62,0,2016,12,6,5,3,2,2,2,1,0,1,0,0,0,0,6.8862E+20,5.33172E+21,1.15341E+16,4.81108E+16
151021,151022,9,1,62,0,2016,12,13,4,3,5,3,0,0,0,1,0,0,0,1,6.91909E+20,5.33196E+21,1.15783E+16,4.81119E+16
151022,151023,9,5,63,0,2016,12,14,7,3,5,3,0,0,0,1,0,0,0,0,6.45009E+20,5.48035E+21,1.1001E+16,4.94585E+16
151023,151024,9,1,62,0,2016,12,22,2,3,0,7,2,1,0,1,1,0,0,0,6.9156E+20,5.33364E+21,1.15744E+16,4.81272E+16
151024,151025,9,5,64,0,2016,12,7,3,3,5,3,0,1,0,1,0,0,0,0,6.53864E+20,5.48115E+21,1.11235E+16,4.94635E+16
151025,151026,9,4,61,0,2016,12,2,3,3,0,1,2,1,0,1,0,1,0,0,6.35565E+20,5.52836E+21,1.08874E+16,4.98922E+16
151026,151027,9,1,78,130,2016,12,8,2,3,5,3,0,0,0,1,0,0,0,0,7.02457E+20,5.35697E+21,1.17318E+16,4.83334E+16
151027,151028,9,3,73,147,2016,12,7,5,3,1,6,2,1,0,1,0,0,0,0,6.78228E+20,5.4617E+21,1.14507E+16,4.9282E+16
151028,151029,9,5,61,0,2016,12,14,6,3,5,3,0,0,0,1,0,0,0,0,6.17342E+20,5.45773E+21,1.06128E+16,4.92611E+16
151029,151030,9,1,62,0,2016,12,8,5,3,5,3,0,0,0,1,0,0,0,0,6.91918E+20,5.3381E+21,1.15812E+16,4.81671E+16
151030,151031,9,1,62,0,2016,12,9,4,3,2,6,0,2,0,1,0,0,0,0,6.93989E+20,5.33123E+21,1.16059E+16,4.81048E+16
151031,151032,9,4,73,174,2016,12,19,6,3,1,5,2,0,0,1,0,0,0,0,6.52924E+20,5.56324E+21,1.11429E+16,5.02015E+16
151032,151033,9,1,62,0,2016,12,16,5,3,5,3,2,0,1,1,0,0,0,0,6.92785E+20,5.33526E+21,1.15916E+16,4.81414E+16
151033,151034,9,7,75,152,2016,12,22,5,3,0,1,2,0,1,0,0,0,0,0,5.77553E+20,5.35279E+21,1.00462E+16,4.83236E+16
151034,151035,9,7,74,185,2016,12,16,4,3,6,4,2,0,0,1,1,0,0,0,6.09002E+20,5.3487E+21,1.04693E+16,4.82821E+16
151035,151036,9,5,64,0,2016,12,17,7,3,3,6,2,0,1,1,0,0,0,0,6.50918E+20,5.47957E+21,1.10822E+16,4.945E+16
151036,151037,9,1,62,0,2016,12,16,2,3,5,3,1,0,1,1,0,0,0,0,6.88863E+20,5.33624E+21,1.15394E+16,4.81514E+16
151037,151038,9,1,62,0,2016,12,17,1,3,5,3,2,0,0,1,0,0,0,0,6.92208E+20,5.33706E+21,1.15847E+16,4.81577E+16
151038,151039,9,2,78,117,2016,12,10,5,2,0,1,2,1,0,0,0,1,0,0,7.57094E+20,5.42078E+21,1.25073E+16,4.88865E+16
151039,151040,9,4,76,145,2016,12,14,6,3,8,7,0,0,0,1,0,0,0,0,6.71061E+20,5.56581E+21,1.1398E+16,5.02197E+16
151040,151041,9,7,75,118,2016,12,16,5,2,0,7,1,1,1,0,0,0,0,1,5.89699E+20,5.34142E+21,1.02076E+16,4.82196E+16
151041,151042,9,7,74,155,2016,12,17,4,3,5,3,2,1,0,1,0,0,0,0,5.90711E+20,5.36642E+21,1.02266E+16,4.84444E+16
151042,151043,9,5,64,0,2016,12,18,7,2,6,2,2,0,0,1,1,0,0,0,6.48674E+20,5.47957E+21,1.10513E+16,4.94506E+16
151043,151044,9,4,74,126,2016,12,7,2,3,3,6,0,0,1,1,0,0,0,0,6.49165E+20,5.51032E+21,1.10697E+16,4.97269E+16
151044,151045,9,7,72,151,2016,12,18,2,3,2,3,2,0,0,1,0,0,0,0,6.31647E+20,5.34306E+21,1.07726E+16,4.82271E+16
151045,151046,9,1,62,0,2016,12,18,1,3,4,2,2,1,0,1,0,0,0,0,6.97926E+20,5.33096E+21,1.16586E+16,4.81011E+16
151046,151047,9,5,64,0,2016,12,12,7,3,6,2,0,0,0,1,1,0,0,0,6.50876E+20,5.47872E+21,1.10813E+16,4.94424E+16
151047,151048,9,3,76,153,2016,12,18,3,3,5,3,2,0,0,1,0,0,0,0,7.29814E+20,5.48675E+21,1.21735E+16,4.94898E+16
151048,151049,9,1,62,0,2016,12,13,1,3,5,3,0,1,1,1,0,0,0,0,6.83997E+20,5.33948E+21,1.14754E+16,4.81819E+16
151049,151050,9,2,71,125,2016,12,16,5,3,5,3,2,1,0,1,0,1,0,0,7.97241E+20,5.4094E+21,1.30454E+16,4.87665E+16
151050,151051,9,4,62,0,2016,12,15,6,3,2,6,0,0,0,1,0,0,0,0,6.84187E+20,5.53424E+21,1.15666E+16,4.99321E+16
151051,151052,9,7,63,0,2016,12,13,5,3,6,4,0,0,0,1,1,0,0,0,5.98148E+20,5.28671E+21,1.03088E+16,4.77263E+16
151052,151053,9,7,78,116,2016,12,14,4,3,5,2,0,0,1,1,0,0,0,0,6.1932E+20,5.31844E+21,1.05998E+16,4.80081E+16
151053,151054,9,4,61,0,2016,12,13,2,3,6,4,0,0,0,1,1,0,0,0,6.36989E+20,5.52933E+21,1.09076E+16,4.99007E+16
151054,151055,9,7,72,184,2016,12,17,2,2,5,2,2,1,0,1,0,0,0,0,6.36156E+20,5.36308E+21,1.08398E+16,4.84062E+16
151055,151056,9,1,62,0,2016,12,21,1,3,8,1,2,1,0,1,0,0,0,0,6.88047E+20,5.33966E+21,1.15299E+16,4.81823E+16
151056,151057,9,3,62,0,2016,12,8,5,3,8,1,0,0,0,1,0,0,0,0,7.30061E+20,5.43345E+21,1.21463E+16,4.9011E+16
151057,151058,9,7,63,0,2016,12,13,5,3,3,6,0,0,0,1,0,0,0,0,5.98998E+20,5.28564E+21,1.03199E+16,4.77165E+16
151058,151059,9,2,62,0,2016,12,16,5,3,2,6,0,0,0,1,0,0,0,0,8.25599E+20,5.38829E+21,1.34136E+16,4.8563E+16
151059,151060,9,7,76,116,2016,12,9,5,3,5,3,0,0,1,1,0,0,0,0,5.5226E+20,5.26756E+21,9.69468E+15,4.75594E+16
151060,151061,9,7,77,129,2016,12,18,4,2,4,7,1,1,0,1,0,0,0,0,6.26254E+20,5.26965E+21,1.06786E+16,4.7568E+16
151061,151062,9,4,71,145,2016,12,19,6,3,6,4,2,0,0,0,1,1,0,0,6.43505E+20,5.52095E+21,1.09952E+16,4.98238E+16
151062,151063,9,2,63,0,2016,12,6,3,3,5,3,0,2,1,1,0,0,0,0,7.62752E+20,5.41967E+21,1.25836E+16,4.88742E+16
151063,151064,9,1,62,0,2016,12,17,1,3,0,7,2,1,1,0,0,0,0,0,6.87134E+20,5.33646E+21,1.15162E+16,4.81539E+16
151064,151065,9,2,75,124,2016,12,18,5,3,5,3,1,0,1,1,0,0,0,0,8.10011E+20,5.37503E+21,1.31931E+16,4.8452E+16
151065,151066,9,4,71,117,2016,12,22,6,2,0,1,2,0,1,0,0,0,0,0,6.31513E+20,5.53034E+21,1.08317E+16,4.9911E+16
151066,151067,9,7,61,0,2016,12,11,4,3,5,3,0,0,0,1,0,0,1,0,6.36965E+20,5.36075E+21,1.085E+16,4.8385E+16
151067,151068,9,5,64,0,2016,12,0,7,3,0,7,2,0,0,1,0,1,0,0,6.51441E+20,5.48086E+21,1.10899E+16,4.94615E+16
151068,151069,9,3,62,0,2016,12,15,2,3,5,3,0,0,1,1,0,0,0,0,7.27094E+20,5.43145E+21,1.21047E+16,4.89941E+16
151069,151070,9,7,72,147,2016,12,19,2,3,5,3,2,0,0,1,0,0,0,0,6.37538E+20,5.36643E+21,1.08595E+16,4.8436E+16
151070,151071,9,1,62,0,2016,12,18,1,3,6,4,2,2,0,1,1,0,0,0,6.88156E+20,5.33383E+21,1.15288E+16,4.81299E+16
151071,151072,9,4,61,0,2016,12,16,6,3,4,2,0,0,1,1,0,0,0,0,6.36168E+20,5.52911E+21,1.08961E+16,4.98989E+16
151072,151073,9,7,72,177,2016,12,14,5,2,6,4,0,0,0,1,1,0,0,0,6.36727E+20,5.37815E+21,1.08524E+16,4.85416E+16
151073,151074,9,7,72,163,2016,12,11,5,3,2,1,0,1,0,1,0,0,0,0,6.40448E+20,5.34931E+21,1.08932E+16,4.82814E+16
151074,151075,9,7,61,0,2016,12,14,4,3,3,2,0,0,1,1,0,0,0,0,6.43591E+20,5.35749E+21,1.09383E+16,4.83542E+16
151075,151076,9,4,62,0,2016,12,12,7,3,5,3,0,0,0,1,0,0,0,0,6.8286E+20,5.5347E+21,1.15483E+16,4.99367E+16
151076,151077,9,1,62,0,2016,12,14,2,3,5,3,0,0,0,1,0,0,0,1,6.8839E+20,5.33652E+21,1.15331E+16,4.8154E+16
151077,151078,9,5,64,0,2016,12,10,3,3,1,3,0,1,0,1,0,0,0,0,6.48796E+20,5.47771E+21,1.10523E+16,4.94339E+16
151078,151079,9,4,61,0,2016,12,16,7,3,5,2,2,0,0,1,0,1,0,0,6.35308E+20,5.52802E+21,1.08837E+16,4.98893E+16
151079,151080,9,1,62,0,2016,12,8,2,3,6,4,0,1,0,1,1,0,0,0,6.88401E+20,5.33819E+21,1.1534E+16,4.8169E+16
151080,151081,9,7,71,169,2016,12,20,4,3,8,1,2,1,0,1,0,0,0,0,6.42088E+20,5.37759E+21,1.09248E+16,4.85353E+16
151081,151082,9,3,62,0,2016,12,7,7,3,4,2,1,0,1,0,0,0,0,1,7.28315E+20,5.43118E+21,1.21212E+16,4.89912E+16
151082,151083,9,5,64,0,2016,12,7,3,3,3,2,2,1,1,1,0,0,0,0,6.49873E+20,5.47837E+21,1.10674E+16,4.94395E+16
151083,151084,9,7,61,0,2016,12,13,2,3,5,3,0,0,0,1,0,1,0,0,6.41896E+20,5.36065E+21,1.09165E+16,4.83831E+16
151084,151085,9,1,62,0,2016,12,17,1,3,5,3,2,1,1,1,0,0,0,0,6.89702E+20,5.33457E+21,1.15499E+16,4.8136E+16
151085,151086,9,2,75,145,2016,12,19,5,2,6,6,2,0,0,1,1,0,0,0,8.14598E+20,5.3783E+21,1.32574E+16,4.8479E+16
151086,151087,9,3,63,0,2016,12,21,6,3,4,2,2,1,0,1,0,0,0,1,7.273E+20,5.50854E+21,1.21514E+16,4.96864E+16
151087,151088,9,7,72,163,2016,12,8,5,2,5,3,0,1,1,1,0,0,0,0,6.4011E+20,5.34726E+21,1.08879E+16,4.8263E+16
151088,151089,9,7,72,163,2016,12,7,5,3,5,3,0,1,1,1,0,0,0,0,6.40017E+20,5.34735E+21,1.08867E+16,4.82639E+16
151089,151090,9,6,63,0,2016,12,13,4,3,6,4,0,1,1,0,1,0,0,0,5.67055E+20,5.51568E+21,9.93161E+15,4.97898E+16
151090,151091,9,3,62,0,2016,12,22,7,3,7,7,2,0,1,0,0,0,0,0,7.26856E+20,5.43425E+21,1.2103E+16,4.90194E+16
151091,151092,9,1,62,0,2016,12,7,2,3,8,7,0,1,0,1,0,0,0,0,6.92581E+20,5.33803E+21,1.15901E+16,4.81663E+16
151092,151093,9,2,63,0,2016,12,14,3,3,2,2,0,0,0,1,0,0,0,0,7.63459E+20,5.4206E+21,1.25939E+16,4.88823E+16
151093,151094,9,7,80,125,2016,12,15,1,2,0,7,0,0,0,0,0,0,0,1,5.97868E+20,5.29157E+21,1.03062E+16,4.77701E+16
151094,151095,9,2,74,184,2016,12,13,5,3,3,6,0,0,1,0,0,0,0,0,7.4761E+20,5.37156E+21,1.23487E+16,4.84484E+16
151095,151096,9,3,74,166,2016,12,5,6,3,8,7,2,0,0,1,0,0,0,0,7.1151E+20,5.50373E+21,1.19302E+16,4.9649E+16
151096,151097,9,7,61,0,2016,12,20,5,3,0,7,2,0,1,0,0,0,0,0,6.40337E+20,5.35792E+21,1.08945E+16,4.83589E+16
151097,151098,9,2,62,0,2016,12,13,3,3,5,3,0,0,0,1,0,0,0,1,8.22638E+20,5.38966E+21,1.33747E+16,4.85768E+16
151098,151099,9,6,71,136,2016,12,15,1,3,0,1,0,1,0,0,0,1,0,0,5.052E+20,5.53899E+21,9.07256E+15,5.00032E+16
151099,151100,9,2,79,112,2016,12,19,5,3,2,6,2,0,0,1,0,0,0,0,7.55421E+20,5.39315E+21,1.24674E+16,4.86392E+16
151100,151101,9,3,62,0,2016,12,5,6,3,0,1,2,0,1,0,0,0,0,0,7.26771E+20,5.43374E+21,1.21015E+16,4.90148E+16
151101,151102,9,6,63,0,2016,12,17,5,3,5,3,1,0,0,1,0,1,0,0,5.68239E+20,5.51593E+21,9.94809E+15,4.97919E+16
151102,151103,9,6,79,114,2016,12,9,4,3,1,5,0,1,0,1,0,0,0,0,5.77022E+20,5.48938E+21,1.00649E+16,4.95521E+16
151103,151104,9,1,73,112,2016,12,12,7,2,5,7,0,0,1,1,0,0,0,0,6.93927E+20,5.29289E+21,1.15878E+16,4.77602E+16
151104,151105,9,3,62,0,2016,12,18,2,3,2,6,2,1,0,1,0,0,0,0,7.27717E+20,5.43521E+21,1.21153E+16,4.90277E+16
151105,151106,9,2,62,0,2016,12,21,3,2,6,6,2,1,0,1,1,0,0,0,8.27695E+20,5.38902E+21,1.34425E+16,4.85685E+16
151106,151107,9,1,73,130,2016,12,15,5,3,8,1,0,1,0,0,0,1,0,0,6.80017E+20,5.31214E+21,1.14104E+16,4.79372E+16
151107,151108,9,3,62,0,2016,12,11,6,3,4,2,0,0,0,1,0,0,0,0,7.26699E+20,5.43286E+21,1.21001E+16,4.90069E+16
151108,151109,9,6,73,141,2016,12,9,4,3,5,3,0,1,0,1,0,0,0,0,6.03034E+20,5.57144E+21,1.04463E+16,5.0286E+16
151109,151110,9,1,89,145,2016,12,13,7,3,4,2,0,0,1,1,0,0,0,0,7.72828E+20,5.30304E+21,1.26452E+16,4.78228E+16
151110,151111,9,3,73,147,2016,12,17,2,3,6,4,2,1,0,1,1,0,0,0,6.79458E+20,5.4606E+21,1.14671E+16,4.92718E+16
151111,151112,9,7,61,0,2016,12,11,2,3,5,3,0,0,0,1,0,0,0,0,6.41604E+20,5.36106E+21,1.09127E+16,4.83868E+16
151112,151113,9,6,62,0,2016,12,17,4,3,0,3,1,0,1,1,0,0,0,0,5.85708E+20,5.54578E+21,1.01974E+16,5.00581E+16
151113,151114,9,1,89,155,2016,12,13,7,3,5,3,0,0,0,1,0,0,1,0,7.71889E+20,5.30655E+21,1.26349E+16,4.78547E+16
151114,151115,9,3,61,0,2016,12,19,2,2,4,1,2,1,0,1,0,0,0,0,7.07605E+20,5.48087E+21,1.18641E+16,4.9445E+16
151115,151116,9,6,63,0,2016,12,7,2,3,5,3,1,0,1,1,0,0,0,0,5.70546E+20,5.5178E+21,9.98048E+15,4.98085E+16
151116,151117,9,5,64,0,2016,12,4,1,3,5,3,2,0,0,1,0,0,0,0,6.5008E+20,5.48219E+21,1.10717E+16,4.94738E+16
151117,151118,9,5,64,0,2016,12,17,1,3,6,4,2,0,0,1,1,0,0,0,6.49364E+20,5.48066E+21,1.10612E+16,4.94602E+16
151118,151119,9,1,83,144,2016,12,15,5,2,2,2,0,0,1,1,0,0,0,0,7.41796E+20,5.35133E+21,1.22586E+16,4.82689E+16
151119,151120,9,3,62,0,2016,12,7,6,3,5,3,0,0,1,1,0,0,0,0,7.27589E+20,5.4344E+21,1.21131E+16,4.90204E+16
151120,151121,9,1,62,0,2016,12,16,2,3,6,6,0,0,1,0,1,0,0,0,6.92202E+20,5.34095E+21,1.15863E+16,4.81927E+16
151121,151122,9,6,61,0,2016,12,15,4,2,5,3,0,0,1,1,0,0,0,0,5.10178E+20,5.53714E+21,9.14198E+15,4.99865E+16
151122,151123,9,1,76,126,2016,12,21,7,2,8,1,2,0,1,0,0,0,0,0,6.73542E+20,5.4082E+21,1.13634E+16,4.88025E+16
151123,151124,9,5,64,0,2016,12,16,3,3,2,6,2,0,0,1,0,0,0,0,6.47156E+20,5.47802E+21,1.10298E+16,4.9437E+16
151124,151125,9,2,76,148,2016,12,12,2,3,5,3,0,1,0,1,0,0,0,0,8.0873E+20,5.43746E+21,1.32225E+16,4.90127E+16
151125,151126,9,6,62,0,2016,12,17,2,3,2,6,2,0,0,1,0,0,0,0,5.88153E+20,5.54409E+21,1.02311E+16,5.00426E+16
151126,151127,9,3,62,0,2016,12,16,1,3,2,6,2,2,0,1,0,0,0,0,7.24002E+20,5.43311E+21,1.20634E+16,4.90101E+16
151127,151128,9,3,72,164,2016,12,12,6,3,0,7,0,0,1,0,0,0,0,0,7.65756E+20,5.45326E+21,1.26465E+16,4.91745E+16
151128,151129,9,6,63,0,2016,12,8,5,3,5,4,0,0,1,0,1,0,0,0,5.67274E+20,5.51687E+21,9.93484E+15,4.98005E+16
151129,151130,9,6,63,0,2016,12,8,5,3,5,2,0,0,0,1,0,0,0,0,5.70429E+20,5.51644E+21,9.97861E+15,4.97962E+16
151130,151131,9,6,61,0,2016,12,19,4,3,5,3,2,0,0,1,0,1,0,0,5.09139E+20,5.53581E+21,9.12745E+15,4.99745E+16
151131,151132,9,3,62,0,2016,12,17,1,2,3,2,2,0,1,1,0,0,0,0,7.28099E+20,5.43275E+21,1.21191E+16,4.90054E+16
151132,151133,9,3,73,119,2016,12,6,5,3,6,7,2,1,0,0,1,0,0,1,6.81675E+20,5.45215E+21,1.14937E+16,4.91952E+16
151133,151134,9,3,76,163,2016,12,13,6,2,1,7,0,0,0,1,0,0,1,0,7.24187E+20,5.47681E+21,1.20903E+16,4.94026E+16
151134,151135,9,6,76,121,2016,12,18,5,3,5,3,2,0,0,1,0,0,0,0,5.11969E+20,5.52151E+21,9.16648E+15,4.98459E+16
151135,151136,9,6,71,111,2016,12,11,5,3,0,3,0,0,0,1,1,0,0,0,5.05095E+20,5.54796E+21,9.07122E+15,5.00839E+16
151136,151137,9,5,74,112,2016,12,14,4,3,0,4,0,1,0,1,1,0,0,0,6.70622E+20,5.47317E+21,1.13511E+16,4.93873E+16
151137,151138,9,1,75,133,2016,12,23,7,3,2,7,2,1,0,1,0,0,0,0,7.09E+20,5.34189E+21,1.18126E+16,4.81959E+16
151138,151139,9,1,62,0,2016,12,9,2,3,0,7,0,0,1,0,0,0,0,0,6.86106E+20,5.33486E+21,1.15017E+16,4.81397E+16
151139,151140,9,1,62,0,2016,12,15,6,3,4,2,0,0,0,1,0,0,0,0,6.88317E+20,5.33828E+21,1.15329E+16,4.81698E+16
151140,151141,9,4,64,0,2016,12,13,3,3,5,3,0,0,0,1,0,0,0,0,7.08473E+20,5.57868E+21,1.19288E+16,5.03233E+16
151141,151142,9,1,73,147,2016,12,7,3,3,5,3,1,0,1,0,0,1,0,0,6.81779E+20,5.30917E+21,1.14327E+16,4.79101E+16
151142,151143,9,6,62,0,2016,12,14,2,3,5,3,0,1,0,1,0,0,0,0,5.8946E+20,5.54639E+21,1.02499E+16,5.00631E+16
151143,151144,9,2,77,138,2016,12,5,1,3,9,1,2,0,0,1,0,0,0,0,7.90486E+20,5.37237E+21,1.29278E+16,4.84374E+16
151144,151145,9,1,72,134,2016,12,12,5,2,0,1,0,2,1,0,0,0,0,0,7.85833E+20,5.30662E+21,1.28209E+16,4.78493E+16