FID,OBJECTID,ULAND,UREGBEZ,UKREIS,UGEMEINDE,UJAHR,UMONAT,USTUNDE,UWOCHENTAG,UKATEGORIE,UART,UTYP1,ULICHTVERH,IstStrasse,IstRad,IstPKW,IstFuss,IstKrad,IstGkfz,IstSonstig,LINREFX,LINREFY,XGCSWGS84,YGCSWGS84
151145,151146,9,2,71,119,2016,12,13,6,3,1,6,0,1,0,1,0,0,0,0,7.90213E+20,5.41858E+21,1.29565E+16,4.88522E+16
151146,151147,9,5,72,132,2016,12,10,5,3,5,3,0,0,0,1,0,0,0,0,6.36265E+20,5.49338E+21,1.0885E+16,4.95776E+16
151147,151148,9,5,62,0,2016,12,7,5,3,3,2,1,1,1,0,0,0,0,1,6.41885E+20,5.49605E+21,1.09636E+16,4.96003E+16
151148,151149,9,5,72,135,2016,12,7,4,3,4,3,0,1,0,1,0,1,0,0,6.30024E+20,5.50752E+21,1.08034E+16,4.97061E+16
151149,151150,9,1,62,0,2016,12,12,6,3,3,6,0,0,0,1,0,0,0,0,6.86216E+20,5.33465E+21,1.15031E+16,4.81378E+16
151150,151151,9,1,62,0,2016,12,12,6,3,5,3,0,0,1,0,0,0,0,1,6.89901E+20,5.33664E+21,1.15535E+16,4.81546E+16
151151,151152,9,1,62,0,2016,12,20,2,3,0,1,2,0,1,0,0,0,0,0,6.85766E+20,5.33464E+21,1.14971E+16,4.81379E+16
151152,151153,9,1,80,116,2016,12,9,3,2,8,1,0,2,0,1,0,0,0,0,6.58862E+20,5.26574E+21,1.11104E+16,4.75256E+16
151153,151154,9,2,79,112,2016,12,18,1,3,4,6,2,0,0,1,0,0,0,0,7.57991E+20,5.3938E+21,1.25026E+16,4.86439E+16
151154,151155,9,1,63,0,2016,12,11,5,3,0,1,0,1,1,0,0,0,0,0,7.3365E+20,5.30407E+21,1.21232E+16,4.78475E+16
151155,151156,9,2,71,119,2016,12,3,6,3,8,1,2,2,0,1,0,0,0,0,7.86519E+20,5.41328E+21,1.29026E+16,4.88064E+16
151156,151157,9,5,62,0,2016,12,13,5,3,5,7,0,0,1,0,0,0,1,0,6.44864E+20,5.49557E+21,1.10046E+16,4.95953E+16
151157,151158,9,5,62,0,2016,12,15,4,2,2,6,0,1,1,1,0,0,0,0,6.44529E+20,5.49304E+21,1.09991E+16,4.95727E+16
151158,151159,9,1,62,0,2016,12,20,6,3,5,3,2,0,0,1,0,0,0,0,6.94727E+20,5.33219E+21,1.16163E+16,4.81132E+16
151159,151160,9,2,78,144,2016,12,7,2,3,5,3,1,0,0,1,0,0,0,0,7.44679E+20,5.40822E+21,1.23308E+16,4.87788E+16
151160,151161,9,1,74,131,2016,12,22,1,3,9,1,2,1,0,1,0,0,0,0,6.76027E+20,5.35814E+21,1.1376E+16,4.83519E+16
151161,151162,9,1,87,129,2016,12,17,3,3,9,1,2,0,0,1,0,0,0,0,7.23339E+20,5.29825E+21,1.19826E+16,4.77989E+16
151162,151163,9,1,74,126,2016,12,20,1,3,9,1,2,1,0,1,0,0,0,0,6.82191E+20,5.34416E+21,1.14531E+16,4.82244E+16
151163,151164,9,1,87,117,2016,12,7,5,3,0,1,0,2,1,0,0,0,0,0,7.24192E+20,5.30519E+21,1.19975E+16,4.78609E+16
151164,151165,9,2,62,0,2016,12,11,6,3,5,3,0,0,0,1,0,0,0,0,8.26576E+20,5.38825E+21,1.34268E+16,4.85622E+16
151165,151166,9,1,87,117,2016,12,12,3,3,5,3,0,0,1,1,0,0,0,0,7.2528E+20,5.30538E+21,1.20122E+16,4.78622E+16
151166,151167,9,1,62,0,2016,12,12,7,3,5,3,0,0,1,1,0,0,0,0,6.92666E+20,5.33256E+21,1.15888E+16,4.81172E+16
151167,151168,9,1,87,117,2016,12,15,5,3,1,5,0,0,1,1,0,0,0,0,7.24364E+20,5.30476E+21,1.19996E+16,4.7857E+16
151168,151169,9,2,61,0,2016,12,13,6,3,5,3,0,0,0,0,0,1,0,1,7.30791E+20,5.38075E+21,1.21267E+16,4.85374E+16
151169,151170,9,5,62,0,2016,12,22,5,3,5,3,2,1,1,1,0,0,0,0,6.45782E+20,5.49512E+21,1.10172E+16,4.95911E+16
151170,151171,9,5,63,0,2016,12,16,4,3,2,6,1,1,0,0,0,1,1,0,6.44957E+20,5.48129E+21,1.10007E+16,4.94669E+16
151171,151172,9,2,63,0,2016,12,8,2,3,5,3,0,1,0,1,0,0,0,0,7.62959E+20,5.4201E+21,1.25867E+16,4.88781E+16
151172,151173,9,5,72,132,2016,12,7,2,3,6,4,0,0,0,1,1,0,0,0,6.35885E+20,5.49155E+21,1.08791E+16,4.95613E+16
151173,151174,9,1,62,0,2016,12,18,7,3,3,6,2,0,0,1,0,0,0,0,6.9094E+20,5.33509E+21,1.15667E+16,4.81404E+16
151174,151175,9,3,72,124,2016,12,14,5,3,0,1,0,0,1,0,0,0,0,0,7.83848E+20,5.46877E+21,1.29051E+16,4.93056E+16
151175,151176,9,1,61,0,2016,12,14,5,3,4,6,0,0,1,0,0,0,0,0,6.76338E+20,5.40567E+21,1.14004E+16,4.87791E+16
151176,151177,9,5,64,0,2016,12,12,4,3,6,7,0,0,0,1,1,0,0,0,6.48966E+20,5.4793E+21,1.10552E+16,4.94481E+16
151177,151178,9,2,74,126,2016,12,18,6,3,5,3,2,1,0,1,0,1,0,0,7.32983E+20,5.38423E+21,1.21583E+16,4.85678E+16
151178,151179,9,1,62,0,2016,12,11,6,3,5,5,0,0,0,1,0,0,0,0,6.91603E+20,5.33704E+21,1.15765E+16,4.81577E+16
151179,151180,9,1,84,145,2016,12,16,2,2,0,1,0,1,1,0,0,0,0,0,6.95727E+20,5.32447E+21,1.16261E+16,4.80435E+16
151180,151181,9,5,64,0,2016,12,8,4,3,2,6,0,1,0,1,0,0,0,0,6.52039E+20,5.47901E+21,1.10975E+16,4.94447E+16
151181,151182,9,5,64,0,2016,12,16,4,3,2,6,1,1,0,1,0,0,0,0,6.54017E+20,5.47567E+21,1.11234E+16,4.94142E+16
151182,151183,9,1,62,0,2016,12,16,6,3,5,3,2,1,1,1,0,0,0,0,6.92864E+20,5.33845E+21,1.15941E+16,4.817E+16
151183,151184,9,2,74,128,2016,12,9,2,3,5,3,0,1,0,1,0,0,0,0,7.36277E+20,5.38642E+21,1.22041E+16,4.85862E+16
151184,151185,9,5,63,0,2016,12,9,2,3,5,3,0,0,0,1,0,0,0,0,6.45717E+20,5.48264E+21,1.10117E+16,4.94789E+16
151185,151186,9,1,62,0,2016,12,16,7,3,5,2,1,0,0,1,0,0,0,1,6.90251E+20,5.33741E+21,1.15585E+16,4.81614E+16
151186,151187,9,2,74,191,2016,12,6,6,3,0,1,1,0,0,0,0,1,0,0,7.45755E+20,5.39157E+21,1.23355E+16,4.86289E+16
151187,151188,9,5,62,0,2016,12,11,5,3,4,2,0,0,1,1,0,0,0,0,6.47084E+20,5.4952E+21,1.10352E+16,4.95914E+16
151188,151189,9,5,76,143,2016,12,18,5,3,8,1,0,0,0,1,0,0,0,0,6.52358E+20,5.45699E+21,1.10935E+16,4.92467E+16
151189,151190,9,5,64,0,2016,12,16,4,3,0,7,2,1,0,0,0,0,0,1,6.4609E+20,5.48799E+21,1.10188E+16,4.95269E+16
151190,151191,9,7,75,162,2016,12,11,6,3,6,7,0,0,0,1,1,0,0,0,5.80017E+20,5.3478E+21,1.00785E+16,4.82784E+16
151191,151192,9,1,62,0,2016,12,13,2,3,3,5,0,1,1,1,0,0,0,0,6.91587E+20,5.33806E+21,1.15768E+16,4.81669E+16
151192,151193,9,4,62,0,2016,12,16,3,3,4,6,2,0,0,1,0,0,0,0,6.85938E+20,5.53317E+21,1.15904E+16,4.9922E+16
151193,151194,9,1,61,0,2016,12,11,3,2,5,2,0,0,1,1,0,0,0,0,6.78179E+20,5.4053E+21,1.14252E+16,4.87751E+16
151194,151195,9,1,62,0,2016,12,14,7,3,0,7,0,0,0,1,1,0,0,0,6.9145E+20,5.33459E+21,1.15734E+16,4.81357E+16
151195,151196,9,1,79,126,2016,12,7,5,3,2,6,0,0,0,1,0,0,0,0,6.77472E+20,5.33927E+21,1.13876E+16,4.81818E+16
151196,151197,9,1,80,119,2016,12,18,6,3,1,7,2,0,0,1,0,0,0,0,6.72856E+20,5.28287E+21,1.13029E+16,4.76761E+16
151197,151198,9,7,75,129,2016,12,12,6,3,5,3,0,0,1,1,0,0,0,0,5.81582E+20,5.34168E+21,1.00984E+16,4.82231E+16
151198,151199,9,4,74,126,2016,12,17,3,3,5,3,2,0,0,1,0,0,0,0,6.4867E+20,5.50808E+21,1.1062E+16,4.97069E+16
151199,151200,9,5,64,0,2016,12,23,2,2,5,3,2,1,1,1,0,0,0,0,6.52433E+20,5.47837E+21,1.11027E+16,4.94389E+16
151200,151201,9,1,62,0,2016,12,21,7,3,4,2,2,0,0,1,0,0,0,0,6.91471E+20,5.33434E+21,1.15735E+16,4.81335E+16
151201,151202,9,1,62,0,2016,12,9,4,3,5,3,0,0,1,0,0,0,1,0,6.83074E+20,5.33567E+21,1.14613E+16,4.81479E+16
151202,151203,9,1,89,155,2016,12,13,6,3,5,3,0,0,0,1,0,0,0,0,7.71889E+20,5.30654E+21,1.26349E+16,4.78547E+16
151203,151204,9,5,76,113,2016,12,11,5,3,4,6,0,0,0,1,0,0,0,0,6.63824E+20,5.45826E+21,1.12514E+16,4.92552E+16
151204,151205,9,5,64,0,2016,12,7,5,3,2,6,2,0,0,1,0,0,0,0,6.52924E+20,5.47988E+21,1.111E+16,4.94523E+16
151205,151206,9,5,64,0,2016,12,7,4,3,6,4,0,0,0,1,1,0,0,0,6.5161E+20,5.47808E+21,1.10912E+16,4.94365E+16
151206,151207,9,7,72,131,2016,12,10,6,3,0,7,0,0,1,0,0,0,0,0,6.17948E+20,5.3559E+21,1.05918E+16,4.83453E+16
151207,151208,9,7,63,0,2016,12,5,2,3,0,3,2,2,1,0,0,0,0,1,5.99798E+20,5.28783E+21,1.03311E+16,4.77361E+16
151208,151209,9,1,84,145,2016,12,20,7,3,5,3,2,1,0,1,0,1,0,0,6.94143E+20,5.32529E+21,1.16053E+16,4.80514E+16
151209,151210,9,1,62,0,2016,12,13,4,3,6,2,0,0,0,1,1,0,0,0,6.96398E+20,5.33607E+21,1.16405E+16,4.81475E+16
151210,151211,9,1,89,155,2016,12,12,6,3,0,1,0,0,0,0,0,1,0,0,7.72134E+20,5.30777E+21,1.26389E+16,4.78655E+16
151211,151212,9,5,64,0,2016,12,17,5,3,5,3,2,0,0,1,0,0,0,0,6.49267E+20,5.48002E+21,1.10596E+16,4.94545E+16
151212,151213,9,5,64,0,2016,12,12,4,3,5,3,0,1,0,1,0,0,0,0,6.47858E+20,5.47233E+21,1.10374E+16,4.93857E+16
151213,151214,9,7,72,184,2016,12,13,6,3,5,3,0,0,1,1,0,0,0,0,6.34963E+20,5.36188E+21,1.08233E+16,4.83956E+16
151214,151215,9,5,64,0,2016,12,11,5,3,0,7,0,0,0,0,0,0,0,1,6.50022E+20,5.48031E+21,1.10702E+16,4.94569E+16
151215,151216,9,5,64,0,2016,12,7,4,3,2,6,1,1,0,1,0,0,0,0,6.49672E+20,5.4794E+21,1.1065E+16,4.94488E+16
151216,151217,9,7,72,217,2016,12,14,6,3,5,3,0,0,0,1,0,0,0,0,6.36741E+20,5.37995E+21,1.08532E+16,4.85577E+16
151217,151218,9,7,77,151,2016,12,16,2,3,1,6,1,0,0,1,0,0,0,0,6.20801E+20,5.29277E+21,1.06125E+16,4.7777E+16
151218,151219,9,1,83,119,2016,12,9,2,3,2,6,0,1,0,1,0,0,0,1,7.35995E+20,5.33932E+21,1.21739E+16,4.81633E+16
151219,151220,9,1,86,143,2016,12,17,3,3,5,3,2,0,0,1,0,0,0,0,6.85259E+20,5.38008E+21,1.15102E+16,4.85464E+16
151220,151221,9,1,62,0,2016,12,10,4,3,0,6,0,1,0,1,0,1,0,0,6.96315E+20,5.33064E+21,1.16369E+16,4.80988E+16
151221,151222,9,1,81,131,2016,12,17,6,2,4,2,2,0,0,1,0,0,0,0,6.36328E+20,5.33396E+21,1.08327E+16,4.81442E+16
151222,151223,9,5,64,0,2016,12,7,4,3,0,3,2,1,1,1,0,0,0,0,6.47521E+20,5.47857E+21,1.1035E+16,4.94419E+16
151223,151224,9,7,61,0,2016,12,8,6,3,0,6,0,1,1,0,0,1,0,0,6.38044E+20,5.35848E+21,1.08638E+16,4.83644E+16
151224,151225,9,1,63,0,2016,12,7,2,3,3,2,2,1,1,1,0,0,0,0,7.32728E+20,5.30487E+21,1.21113E+16,4.7855E+16
151225,151226,9,5,64,0,2016,12,6,2,3,5,3,2,0,1,1,0,0,0,0,6.46626E+20,5.4798E+21,1.10231E+16,4.94531E+16
151226,151227,9,1,62,0,2016,12,9,7,3,2,6,0,0,0,1,0,0,0,0,6.92306E+20,5.3305E+21,1.1583E+16,4.80987E+16
151227,151228,9,3,62,0,2016,12,18,5,3,0,3,2,0,0,1,0,0,0,1,7.2346E+20,5.43438E+21,1.20567E+16,4.90218E+16
151228,151229,9,1,81,130,2016,12,11,6,3,2,6,0,0,0,1,0,0,0,0,6.3882E+20,5.32322E+21,1.08627E+16,4.80472E+16
151229,151230,9,5,64,0,2016,12,16,5,3,5,2,1,0,0,1,0,0,0,0,6.46359E+20,5.47734E+21,1.10185E+16,4.94311E+16
151230,151231,9,1,87,162,2016,12,17,2,3,2,6,0,0,0,1,0,0,0,0,7.50382E+20,5.30454E+21,1.23467E+16,4.78454E+16
151231,151232,9,5,64,0,2016,12,10,2,3,2,6,0,1,0,1,0,0,0,0,6.51395E+20,5.48021E+21,1.10891E+16,4.94557E+16
151232,151233,9,1,62,0,2016,12,9,7,3,6,7,0,0,1,0,1,0,0,0,6.90851E+20,5.33487E+21,1.15654E+16,4.81385E+16
151233,151234,9,1,81,114,2016,12,15,3,3,1,6,0,0,0,1,0,0,0,0,6.56296E+20,5.31239E+21,1.10931E+16,4.79457E+16
151234,151235,9,7,80,139,2016,12,17,7,2,4,2,1,0,1,1,0,0,0,0,5.95854E+20,5.26302E+21,1.02731E+16,4.75136E+16
151235,151236,9,1,62,0,2016,12,11,4,3,5,3,0,0,0,1,0,0,0,0,6.90341E+20,5.34313E+21,1.15623E+16,4.82128E+16
151236,151237,9,1,81,114,2016,12,9,6,2,0,1,0,1,0,0,0,1,0,0,6.56787E+20,5.31363E+21,1.11001E+16,4.79568E+16
151237,151238,9,5,64,0,2016,12,13,4,3,6,1,0,0,1,0,1,0,0,0,6.49542E+20,5.47929E+21,1.10632E+16,4.94478E+16
151238,151239,9,7,61,0,2016,12,12,6,3,0,1,0,0,1,0,0,0,0,0,6.39216E+20,5.35942E+21,1.08799E+16,4.83726E+16
151239,151240,9,1,81,127,2016,12,19,2,3,8,1,2,0,0,1,0,0,0,0,6.35319E+20,5.32879E+21,1.08175E+16,4.8098E+16
151240,151241,9,5,64,0,2016,12,12,2,3,6,1,0,0,0,1,1,0,0,0,6.50226E+20,5.47948E+21,1.10727E+16,4.94494E+16
151241,151242,9,7,62,0,2016,12,13,7,3,5,3,0,0,0,1,0,0,0,0,6.22535E+20,5.30593E+21,1.06394E+16,4.7895E+16
151242,151243,9,1,62,0,2016,12,9,5,3,5,3,0,0,1,1,0,0,0,0,6.86475E+20,5.33767E+21,1.15079E+16,4.81649E+16
151243,151244,9,5,64,0,2016,12,21,5,3,5,2,2,0,1,0,0,0,0,1,6.49128E+20,5.47917E+21,1.10574E+16,4.94469E+16
151244,151245,9,4,64,0,2016,12,18,4,3,4,2,2,0,0,1,0,0,0,0,7.07792E+20,5.57871E+21,1.19193E+16,5.03238E+16
151245,151246,9,7,61,0,2016,12,14,6,3,5,2,0,0,0,1,0,0,0,0,6.39071E+20,5.35672E+21,1.0877E+16,4.83484E+16
151246,151247,9,7,62,0,2016,12,15,2,3,1,1,0,0,0,1,0,0,0,0,6.21112E+20,5.30415E+21,1.06198E+16,4.78793E+16
151247,151248,9,1,62,0,2016,12,8,4,3,4,2,0,0,1,1,0,0,0,0,6.88119E+20,5.32812E+21,1.15258E+16,4.80785E+16
151248,151249,9,5,64,0,2016,12,15,5,3,5,3,0,1,1,1,0,0,0,0,6.52478E+20,5.48231E+21,1.11048E+16,4.94743E+16
151249,151250,9,4,63,0,2016,12,11,4,2,5,3,0,0,1,1,0,0,0,0,6.399E+20,5.56881E+21,1.09625E+16,5.02548E+16
151250,151251,9,1,62,0,2016,12,10,5,3,8,1,0,1,0,1,0,0,0,0,6.97615E+20,5.33793E+21,1.16577E+16,4.81639E+16
151251,151252,9,6,63,0,2016,12,17,6,1,6,4,2,0,0,1,1,0,0,0,5.66542E+20,5.51602E+21,9.92453E+15,4.97929E+16
151252,151253,9,7,62,0,2016,12,17,2,3,1,5,2,0,0,1,0,0,0,0,6.22225E+20,5.30454E+21,1.06348E+16,4.78825E+16
151253,151254,9,4,71,140,2016,12,18,4,3,6,7,2,0,0,1,1,0,0,0,6.3507E+20,5.53288E+21,1.08821E+16,4.9933E+16
151254,151255,9,6,77,203,2016,12,11,6,3,5,3,0,1,1,1,0,0,0,0,5.59347E+20,5.52686E+21,9.82624E+15,4.98912E+16
151255,151256,9,4,61,0,2016,12,14,3,3,6,7,0,0,1,0,1,0,0,0,6.35991E+20,5.52859E+21,1.08934E+16,4.98942E+16
151256,151257,9,5,77,136,2016,12,18,2,3,5,3,2,1,0,1,0,0,0,1,6.28822E+20,5.4408E+21,1.07651E+16,4.91066E+16
151257,151258,9,7,79,186,2016,12,22,7,2,8,1,2,0,0,0,0,1,0,0,6.36269E+20,5.41172E+21,1.08573E+16,4.88435E+16
151258,151259,9,1,62,0,2016,12,9,4,3,4,2,0,1,1,1,0,0,0,0,6.91488E+20,5.33733E+21,1.15751E+16,4.81603E+16
151259,151260,9,1,62,0,2016,12,3,5,3,1,5,2,0,1,1,0,0,0,0,6.87457E+20,5.33243E+21,1.15188E+16,4.81175E+16
151260,151261,9,5,64,0,2016,12,17,5,3,3,6,2,0,0,1,0,0,1,0,6.5012E+20,5.47504E+21,1.10695E+16,4.94095E+16
151261,151262,9,4,64,0,2016,12,15,5,3,6,4,0,0,0,1,1,0,0,0,7.07588E+20,5.57742E+21,1.19157E+16,5.03123E+16
151262,151263,9,3,72,126,2016,12,18,4,3,5,3,2,0,0,1,0,0,0,0,7.78698E+20,5.46916E+21,1.28347E+16,4.93115E+16
151263,151264,9,5,62,0,2016,12,19,6,3,0,7,2,0,1,0,0,0,0,0,6.44992E+20,5.49501E+21,1.10062E+16,4.95903E+16
151264,151265,9,7,62,0,2016,12,15,2,3,3,2,0,0,0,1,0,0,0,0,6.21208E+20,5.30466E+21,1.06213E+16,4.78838E+16
151265,151266,9,1,78,124,2016,12,17,3,3,6,6,2,1,0,1,1,0,0,0,7.05073E+20,5.36368E+21,1.17704E+16,4.83929E+16
151266,151267,9,7,61,0,2016,12,20,7,3,0,7,2,0,0,1,0,0,0,1,6.40737E+20,5.3584E+21,1.09001E+16,4.83631E+16
151267,151268,9,1,62,0,2016,12,6,4,3,5,2,2,1,1,1,0,0,0,0,6.87434E+20,5.33606E+21,1.15201E+16,4.81502E+16
151268,151269,9,1,77,115,2016,12,13,3,3,5,6,0,0,1,1,0,0,0,0,7.33942E+20,5.35192E+21,1.21533E+16,4.82772E+16
151269,151270,9,6,74,147,2016,12,19,7,2,6,4,2,0,0,1,1,0,0,0,6.08245E+20,5.54323E+21,1.05114E+16,5.00315E+16
151270,151271,9,1,62,0,2016,12,18,4,3,5,2,2,1,1,1,0,0,0,0,6.86473E+20,5.33765E+21,1.15079E+16,4.81647E+16
151271,151272,9,1,62,0,2016,12,8,5,3,6,2,0,0,1,0,1,0,0,0,6.91427E+20,5.33767E+21,1.15744E+16,4.81635E+16
151272,151273,9,4,64,0,2016,12,12,5,3,5,3,0,0,0,1,0,0,0,0,7.08518E+20,5.57812E+21,1.19292E+16,5.03183E+16
151273,151274,9,3,62,0,2016,12,16,4,3,2,6,1,1,0,1,0,0,0,0,7.27508E+20,5.43217E+21,1.21107E+16,4.90005E+16
151274,151275,9,5,74,138,2016,12,15,6,3,2,6,0,0,0,1,0,0,0,0,6.65331E+20,5.48624E+21,1.12837E+16,4.95062E+16
151275,151276,9,1,79,123,2016,12,13,2,3,0,7,0,1,1,0,0,0,0,0,6.75661E+20,5.33429E+21,1.13612E+16,4.81376E+16
151276,151277,9,1,62,0,2016,12,16,2,3,6,2,2,0,0,1,1,0,0,0,6.89925E+20,5.33661E+21,1.15538E+16,4.81544E+16
151277,151278,9,1,62,0,2016,12,17,4,3,2,6,2,0,0,1,0,0,0,0,6.9066E+20,5.3407E+21,1.15655E+16,4.81909E+16
151278,151279,9,1,62,0,2016,12,7,5,3,5,3,1,0,1,1,0,0,0,0,6.90805E+20,5.33624E+21,1.15654E+16,4.81508E+16
151279,151280,9,3,62,0,2016,12,18,4,2,0,1,2,1,0,0,0,1,0,0,7.26881E+20,5.43156E+21,1.21018E+16,4.89952E+16
151280,151281,9,1,62,0,2016,12,12,5,3,6,7,0,0,0,1,1,0,0,0,6.89342E+20,5.33755E+21,1.15464E+16,4.8163E+16
151281,151282,9,4,62,0,2016,12,14,5,2,6,7,0,0,1,0,1,0,0,0,6.84993E+20,5.53551E+21,1.15784E+16,4.99433E+16
151282,151283,9,3,62,0,2016,12,16,4,3,0,1,2,0,1,0,0,0,0,0,7.25686E+20,5.43368E+21,1.20867E+16,4.90147E+16
151283,151284,9,5,63,0,2016,12,18,6,3,6,4,2,0,0,1,1,0,0,0,6.45104E+20,5.48145E+21,1.10028E+16,4.94684E+16
151284,151285,9,1,79,121,2016,12,10,2,3,1,7,0,0,0,1,0,0,0,0,6.67539E+20,5.33911E+21,1.1254E+16,4.81831E+16
151285,151286,9,5,61,0,2016,12,8,2,3,0,7,0,1,0,0,0,1,0,0,6.14554E+20,5.46218E+21,1.05757E+16,4.93016E+16
151286,151287,9,5,62,0,2016,12,11,7,3,5,3,0,0,1,1,0,0,0,0,6.43241E+20,5.49669E+21,1.09826E+16,4.96058E+16
151287,151288,9,4,61,0,2016,12,5,5,3,9,1,2,1,0,1,0,0,0,0,6.37212E+20,5.53185E+21,1.09116E+16,4.99232E+16
151288,151289,9,1,62,0,2016,12,8,4,3,5,3,0,0,1,1,0,0,0,0,6.86259E+20,5.33171E+21,1.15024E+16,4.81114E+16
151289,151290,9,1,84,139,2016,12,14,5,3,6,2,0,1,0,0,1,0,1,0,6.87957E+20,5.32597E+21,1.15227E+16,4.80593E+16
151290,151291,9,7,79,194,2016,12,19,2,3,4,7,2,1,1,1,0,0,0,0,6.10555E+20,5.4123E+21,1.05071E+16,4.88538E+16
151291,151292,9,3,73,147,2016,12,14,4,3,5,3,0,1,0,1,0,0,0,0,6.75338E+20,5.46177E+21,1.1411E+16,4.92835E+16
151292,151293,9,6,75,141,2016,12,7,5,3,8,7,2,0,0,1,0,0,0,0,5.8591E+20,5.5097E+21,1.01922E+16,4.97337E+16
151293,151294,9,7,77,159,2016,12,10,7,3,4,6,0,1,1,1,0,0,0,0,6.17209E+20,5.27109E+21,1.05587E+16,4.75827E+16
151294,151295,9,1,90,148,2016,12,2,2,3,1,6,2,1,0,1,0,0,0,0,6.41147E+20,5.29677E+21,1.08852E+16,4.78088E+16
151295,151296,9,5,64,0,2016,12,14,6,3,2,3,0,1,0,1,0,0,0,0,6.4997E+20,5.47904E+21,1.1069E+16,4.94455E+16
151296,151297,9,1,86,143,2016,12,15,6,3,4,6,1,2,0,1,0,0,0,0,6.81395E+20,5.38107E+21,1.14584E+16,4.85564E+16
151297,151298,9,4,76,185,2016,12,13,4,2,9,7,0,0,0,0,0,1,0,0,6.67887E+20,5.5631E+21,1.13523E+16,5.01962E+16
151298,151299,9,4,74,154,2016,12,20,4,3,1,3,2,1,0,1,0,1,0,0,6.53631E+20,5.49791E+21,1.11268E+16,4.96142E+16
151299,151300,9,1,62,0,2016,12,21,4,2,0,1,2,0,0,0,0,1,0,0,6.89218E+20,5.33429E+21,1.15433E+16,4.81337E+16
151300,151301,9,6,62,0,2016,12,17,5,3,1,1,2,1,0,1,0,1,0,0,5.87205E+20,5.54486E+21,1.02181E+16,5.00496E+16
151301,151302,9,7,61,0,2016,12,17,3,3,1,1,1,0,0,1,0,0,0,1,6.42415E+20,5.35982E+21,1.09232E+16,4.83755E+16
151302,151303,9,6,63,0,2016,12,19,3,3,1,5,2,0,1,1,0,0,0,0,5.67221E+20,5.51668E+21,9.93408E+15,4.97988E+16
151303,151304,9,1,80,123,2016,12,6,3,2,0,1,2,1,1,0,0,0,0,0,6.6991E+20,5.2565E+21,1.12535E+16,4.74398E+16
151304,151305,9,5,64,0,2016,12,5,6,3,5,2,2,1,0,1,0,0,0,0,6.55769E+20,5.4758E+21,1.11476E+16,4.94149E+16
151305,151306,9,2,75,119,2016,12,6,7,2,8,1,2,2,0,1,0,0,0,0,8.36081E+20,5.40322E+21,1.35673E+16,4.86914E+16
151306,151307,9,1,85,149,2016,12,12,6,3,4,2,0,1,0,1,0,0,0,0,6.61917E+20,5.40059E+21,1.12022E+16,4.87373E+16
151307,151308,9,4,71,207,2016,12,3,4,3,8,1,2,1,0,1,0,0,0,0,6.26803E+20,5.53092E+21,1.07663E+16,4.99172E+16
151308,151309,9,1,62,0,2016,12,18,4,3,5,2,2,0,1,1,0,0,0,0,6.9126E+20,5.33926E+21,1.15729E+16,4.81778E+16
151309,151310,9,1,74,141,2016,12,12,6,1,4,6,0,1,0,1,0,0,0,0,6.82434E+20,5.35793E+21,1.14623E+16,4.83482E+16
151310,151311,9,3,75,117,2016,12,12,4,3,5,3,0,1,0,1,0,0,0,0,7.34308E+20,5.43277E+21,1.22039E+16,4.90033E+16
151311,151312,9,3,72,153,2016,12,16,4,3,5,3,1,1,0,1,0,0,0,0,7.55307E+20,5.45589E+21,1.25051E+16,4.92026E+16
151312,151313,9,1,62,0,2016,12,13,4,3,5,3,0,0,0,0,0,1,0,1,6.87163E+20,5.33793E+21,1.15173E+16,4.8167E+16
151313,151314,9,6,61,0,2016,12,18,5,3,5,2,2,1,1,1,0,0,0,0,5.11054E+20,5.53513E+21,9.15413E+15,4.99684E+16
151314,151315,9,7,61,0,2016,12,7,3,3,5,3,1,0,0,1,0,0,0,0,6.39742E+20,5.35644E+21,1.0886E+16,4.83456E+16
151315,151316,9,5,64,0,2016,12,20,6,3,6,4,2,1,0,1,1,0,0,0,6.4995E+20,5.47896E+21,1.10687E+16,4.94448E+16
151316,151317,9,1,72,114,2016,12,8,7,2,8,1,0,2,1,0,0,0,0,0,7.90097E+20,5.29391E+21,1.28693E+16,4.77333E+16
151317,151318,9,1,75,139,2016,12,7,6,3,9,1,1,1,0,1,0,0,0,0,7.0828E+20,5.32821E+21,1.17962E+16,4.80731E+16
151318,151319,9,3,62,0,2016,12,19,4,3,0,3,2,1,0,1,0,1,0,0,7.26108E+20,5.4319E+21,1.20915E+16,4.89985E+16
151319,151320,9,1,62,0,2016,12,20,4,3,4,7,2,1,0,1,0,0,0,0,6.90485E+20,5.34223E+21,1.15638E+16,4.82047E+16
151320,151321,9,5,62,0,2016,12,3,5,3,0,7,2,1,1,0,0,0,0,0,6.44753E+20,5.496E+21,1.10033E+16,4.95992E+16