FID,OBJECTID,ULAND,UREGBEZ,UKREIS,UGEMEINDE,UJAHR,UMONAT,USTUNDE,UWOCHENTAG,UKATEGORIE,UART,UTYP1,ULICHTVERH,IstStrasse,IstRad,IstPKW,IstFuss,IstKrad,IstGkfz,IstSonstig,LINREFX,LINREFY,XGCSWGS84,YGCSWGS84
151321,151322,9,7,72,130,2016,12,14,7,2,0,1,0,1,1,0,0,0,0,0,6.31966E+20,5.35692E+21,1.07813E+16,4.83517E+16
151322,151323,9,1,61,0,2016,12,10,2,3,5,3,0,0,1,1,0,0,0,0,6.75261E+20,5.39915E+21,1.1383E+16,4.87208E+16
151323,151324,9,5,73,122,2016,12,12,6,2,6,4,0,1,0,1,1,0,0,0,6.43124E+20,5.477E+21,1.09738E+16,4.94288E+16
151324,151325,9,5,64,0,2016,12,14,5,3,6,7,0,0,0,1,1,0,0,0,6.47953E+20,5.4791E+21,1.10412E+16,4.94465E+16
151325,151326,9,1,72,118,2016,12,12,3,3,5,3,0,0,0,1,0,0,0,0,7.97997E+20,5.30631E+21,1.29829E+16,4.7841E+16
151326,151327,9,5,77,136,2016,12,14,6,2,1,7,0,0,0,1,0,0,0,0,6.28842E+20,5.44228E+21,1.07658E+16,4.91198E+16
151327,151328,9,1,63,0,2016,12,2,7,3,0,1,2,0,1,0,0,0,0,0,7.33651E+20,5.30407E+21,1.21232E+16,4.78475E+16
151328,151329,9,1,75,139,2016,12,7,6,3,1,1,1,2,0,1,0,0,0,0,7.08007E+20,5.32803E+21,1.17924E+16,4.80716E+16
151329,151330,9,3,72,116,2016,12,12,4,3,5,3,0,0,0,1,0,0,0,0,7.66431E+20,5.45644E+21,1.26579E+16,4.92028E+16
151330,151331,9,1,62,0,2016,12,17,4,3,4,2,2,1,0,1,0,0,0,0,6.95494E+20,5.33748E+21,1.1629E+16,4.81605E+16
151331,151332,9,7,61,0,2016,12,22,7,3,6,4,2,1,0,1,1,0,0,0,6.41783E+20,5.36215E+21,1.09155E+16,4.83966E+16
151332,151333,9,1,74,111,2016,12,22,2,3,0,1,2,1,0,0,0,1,0,0,6.6679E+20,5.3618E+21,1.12529E+16,4.83873E+16
151333,151334,9,5,71,226,2016,12,23,6,3,0,7,2,1,1,0,0,0,0,0,6.32828E+20,5.45644E+21,1.08251E+16,4.92463E+16
151334,151335,9,1,63,0,2016,12,8,7,3,6,2,0,0,0,1,1,0,0,0,7.3444E+20,5.30489E+21,1.21342E+16,4.78546E+16
151335,151336,9,2,63,0,2016,12,16,4,3,5,3,1,0,1,1,0,0,0,0,7.62319E+20,5.41965E+21,1.25777E+16,4.88743E+16
151336,151337,9,1,77,112,2016,12,1,7,3,9,1,2,1,0,1,0,0,0,0,7.15817E+20,5.36314E+21,1.1915E+16,4.83844E+16
151337,151338,9,1,80,117,2016,12,8,4,2,0,1,0,2,1,0,0,0,0,0,6.57848E+20,5.26231E+21,1.10957E+16,4.74951E+16
151338,151339,9,1,62,0,2016,12,9,4,3,5,2,0,0,1,1,0,0,0,0,6.91918E+20,5.33388E+21,1.15793E+16,4.81292E+16
151339,151340,9,1,75,139,2016,12,7,6,3,9,1,1,2,0,1,0,0,0,0,7.0803E+20,5.32804E+21,1.17928E+16,4.80717E+16
151340,151341,9,1,87,130,2016,12,22,3,3,3,6,2,0,1,1,0,0,0,0,7.1145E+20,5.30865E+21,1.18291E+16,4.78963E+16
151341,151342,9,4,75,168,2016,12,4,6,3,1,5,2,2,0,1,0,0,0,0,7.07948E+20,5.56579E+21,1.19144E+16,5.02077E+16
151342,151343,9,1,62,0,2016,12,6,6,3,5,3,2,1,0,1,0,0,0,0,6.91621E+20,5.33794E+21,1.15772E+16,4.81658E+16
151343,151344,9,1,75,139,2016,12,7,6,3,2,1,1,2,0,1,0,0,0,1,7.08047E+20,5.32805E+21,1.1793E+16,4.80717E+16
151344,151345,9,7,78,120,2016,12,13,4,1,0,7,0,0,0,1,0,0,0,0,5.89327E+20,5.32558E+21,1.01993E+16,4.80773E+16
151345,151346,9,5,64,0,2016,12,12,5,2,0,3,0,1,0,1,0,1,0,0,6.51818E+20,5.47977E+21,1.10947E+16,4.94516E+16
151346,151347,9,7,61,0,2016,12,16,7,3,0,7,0,1,1,0,0,0,0,0,6.39622E+20,5.35886E+21,1.08852E+16,4.83674E+16
151347,151348,9,1,62,0,2016,12,11,1,3,5,7,0,1,0,1,0,0,0,1,6.84599E+20,5.33502E+21,1.14815E+16,4.81416E+16
151348,151349,9,4,64,0,2016,12,12,6,3,5,3,0,1,0,1,0,0,0,0,7.06691E+20,5.5773E+21,1.19031E+16,5.03115E+16
151349,151350,9,1,75,131,2016,12,8,6,3,9,1,0,2,0,1,0,0,0,0,7.10705E+20,5.32249E+21,1.18259E+16,4.80209E+16
151350,151351,9,1,63,0,2016,12,13,4,3,0,1,0,0,1,0,0,0,0,0,7.34669E+20,5.30449E+21,1.2137E+16,4.78509E+16
151351,151352,9,1,63,0,2016,12,8,4,2,0,1,0,1,0,0,0,1,0,0,7.33296E+20,5.30449E+21,1.21187E+16,4.78514E+16
151352,151353,9,7,78,116,2016,12,16,4,3,8,7,0,0,1,0,0,0,0,0,6.18926E+20,5.31811E+21,1.05945E+16,4.80052E+16
151353,151354,9,4,79,126,2016,12,17,5,2,8,1,2,2,0,1,0,0,0,0,7.1999E+20,5.55415E+21,1.20762E+16,5.00988E+16
151354,151355,9,6,63,0,2016,12,15,3,3,0,7,0,0,1,0,1,0,0,0,5.66904E+20,5.51522E+21,9.92942E+15,4.97857E+16
151355,151356,9,6,77,151,2016,12,17,3,3,6,7,1,0,0,1,1,0,0,0,5.37156E+20,5.51248E+21,9.51593E+15,4.97637E+16
151356,151357,9,4,75,162,2016,12,6,5,3,6,4,2,0,0,1,1,0,0,0,7.15775E+20,5.56993E+21,1.20263E+16,5.02421E+16
151357,151358,9,6,63,0,2016,12,17,3,3,4,2,2,0,1,1,0,0,0,0,5.67765E+20,5.5152E+21,9.94138E+15,4.97854E+16
151358,151359,9,7,63,0,2016,12,18,4,3,2,6,2,1,0,1,0,0,0,0,6.00066E+20,5.28514E+21,1.0334E+16,4.77119E+16
151359,151360,9,4,63,0,2016,12,6,5,3,1,7,2,0,0,1,0,0,0,0,6.4116E+20,5.57225E+21,1.09815E+16,5.02855E+16
151360,151361,9,5,65,0,2016,12,14,3,3,2,2,0,0,0,1,0,0,0,0,6.4955E+20,5.46512E+21,1.10579E+16,4.93205E+16
151361,151362,9,1,62,0,2016,12,4,1,2,6,4,2,0,0,1,1,0,0,0,6.91166E+20,5.33526E+21,1.15698E+16,4.81419E+16
151362,151363,9,4,76,145,2016,12,11,6,3,5,3,0,0,1,1,0,0,0,0,6.65641E+20,5.56767E+21,1.13229E+16,5.0238E+16
151363,151364,9,1,62,0,2016,12,9,6,3,5,2,0,0,0,1,0,1,0,0,6.86238E+20,5.33224E+21,1.15023E+16,4.81162E+16
151364,151365,9,1,62,0,2016,12,15,5,3,5,2,0,0,1,1,0,0,0,0,6.90051E+20,5.33549E+21,1.1555E+16,4.81443E+16
151365,151366,9,1,87,122,2016,12,17,4,3,5,3,2,0,0,1,0,0,0,0,7.17675E+20,5.30717E+21,1.19115E+16,4.78809E+16
151366,151367,9,1,61,0,2016,12,20,4,3,2,6,2,0,0,1,0,0,0,0,6.75425E+20,5.40502E+21,1.13877E+16,4.87734E+16
151367,151368,9,7,77,151,2016,12,16,4,2,5,3,2,1,1,1,0,0,0,0,6.21379E+20,5.29436E+21,1.06206E+16,4.77911E+16
151368,151369,9,4,62,0,2016,12,18,5,3,0,1,1,0,1,0,0,0,0,0,6.83474E+20,5.53616E+21,1.15576E+16,4.99496E+16
151369,151370,9,6,63,0,2016,12,18,3,3,5,3,2,0,1,1,0,0,0,0,5.67273E+20,5.51607E+21,9.93469E+15,4.97933E+16
151370,151371,9,1,81,126,2016,12,13,3,3,5,3,0,0,0,1,0,0,1,0,6.34977E+20,5.3311E+21,1.08136E+16,4.81189E+16
151371,151372,9,4,61,0,2016,12,10,6,3,1,3,0,0,1,1,0,0,0,0,6.36266E+20,5.52921E+21,1.08975E+16,4.98998E+16
151372,151373,9,1,62,0,2016,12,12,6,3,5,3,0,0,1,1,0,0,0,0,6.86527E+20,5.33633E+21,1.1508E+16,4.81529E+16
151373,151374,9,1,62,0,2016,12,20,5,3,2,6,2,1,0,1,0,0,0,0,6.89657E+20,5.33327E+21,1.15487E+16,4.81244E+16
151374,151375,9,1,76,164,2016,12,14,4,3,5,3,0,1,0,1,0,0,0,1,6.62324E+20,5.42759E+21,1.12185E+16,4.89799E+16
151375,151376,9,1,81,130,2016,12,9,3,3,2,2,0,0,0,1,0,0,0,0,6.41155E+20,5.32409E+21,1.08943E+16,4.80544E+16
151376,151377,9,4,61,0,2016,12,0,6,3,0,7,2,2,1,0,0,0,0,0,6.35519E+20,5.52831E+21,1.08868E+16,4.98919E+16
151377,151378,9,1,62,0,2016,12,12,6,3,2,6,0,0,0,1,0,0,0,0,6.88764E+20,5.33659E+21,1.15382E+16,4.81545E+16
151378,151379,9,1,62,0,2016,12,12,5,3,5,3,0,0,0,1,0,0,0,1,6.92619E+20,5.3348E+21,1.15891E+16,4.81373E+16
151379,151380,9,1,79,142,2016,12,22,4,3,1,5,2,0,0,1,0,0,0,0,6.73887E+20,5.34236E+21,1.13407E+16,4.82106E+16
151380,151381,9,7,62,0,2016,12,16,4,3,4,1,0,1,0,1,0,0,0,0,6.2126E+20,5.3035E+21,1.06216E+16,4.78734E+16
151381,151382,9,4,62,0,2016,12,11,5,3,8,1,0,0,0,0,0,1,0,0,6.84293E+20,5.53645E+21,1.15691E+16,4.9952E+16
151382,151383,9,6,73,142,2016,12,11,7,2,5,3,0,1,0,1,0,0,0,0,5.91792E+20,5.58636E+21,1.02922E+16,5.04221E+16
151383,151384,9,1,81,144,2016,12,8,3,3,0,1,0,2,0,0,0,1,0,0,6.55855E+20,5.3194E+21,1.10897E+16,4.80089E+16
151384,151385,9,1,84,145,2016,12,23,6,3,0,7,2,1,1,0,0,0,0,0,6.94149E+20,5.32529E+21,1.16054E+16,4.80514E+16
151385,151386,9,1,62,0,2016,12,8,5,3,5,3,0,0,1,1,0,0,0,0,6.981E+20,5.33251E+21,1.16617E+16,4.8115E+16
151386,151387,9,7,72,151,2016,12,7,4,2,6,7,1,2,0,0,1,1,0,0,6.31539E+20,5.34288E+21,1.07711E+16,4.82255E+16
151387,151388,9,3,75,174,2016,12,7,5,3,4,2,0,1,0,1,0,0,0,0,7.33408E+20,5.42951E+21,1.21897E+16,4.89743E+16
151388,151389,9,6,71,136,2016,12,1,7,3,0,1,2,0,1,0,0,0,0,0,5.0501E+20,5.53856E+21,9.06991E+15,4.99994E+16
151389,151390,9,7,73,144,2016,12,15,1,3,2,6,1,1,0,1,0,0,0,0,6.06211E+20,5.38101E+21,1.04399E+16,4.85732E+16
151390,151391,9,7,72,147,2016,12,20,4,3,5,3,2,2,0,1,0,1,0,0,6.39059E+20,5.36377E+21,1.08792E+16,4.84117E+16
151391,151392,9,3,62,0,2016,12,17,5,3,2,6,2,0,0,1,0,0,0,0,7.27424E+20,5.43365E+21,1.21104E+16,4.90137E+16
151392,151393,9,5,72,135,2016,12,7,7,2,5,3,1,1,0,1,0,0,0,0,6.29957E+20,5.50754E+21,1.08024E+16,4.97064E+16
151393,151394,9,6,63,0,2016,12,13,1,3,4,2,0,1,0,1,0,0,0,0,5.69911E+20,5.5164E+21,9.9714E+15,4.97959E+16
151394,151395,9,3,63,0,2016,12,11,6,3,6,4,0,0,0,1,1,0,0,0,7.27408E+20,5.5071E+21,1.21521E+16,4.96735E+16
151395,151396,9,3,63,0,2016,12,22,6,3,6,1,2,0,1,0,1,0,0,0,7.27763E+20,5.50811E+21,1.21576E+16,4.96825E+16
151396,151397,9,1,84,112,2016,12,15,6,3,5,3,1,1,0,1,0,0,0,0,6.99796E+20,5.33664E+21,1.16864E+16,4.81516E+16
151397,151398,9,1,62,0,2016,12,14,5,3,6,4,0,0,0,1,1,0,0,0,6.97221E+20,5.33221E+21,1.16497E+16,4.81126E+16
151398,151399,9,6,75,141,2016,12,11,3,3,5,3,0,0,0,1,0,0,1,0,5.83562E+20,5.5089E+21,1.01594E+16,4.97268E+16
151399,151400,9,7,61,0,2016,12,6,4,2,4,2,2,1,0,1,0,0,0,1,6.37441E+20,5.36078E+21,1.08564E+16,4.83852E+16
151400,151401,9,3,62,0,2016,12,8,5,3,0,7,0,2,0,0,0,1,0,0,7.22457E+20,5.43373E+21,1.20426E+16,4.90163E+16
151401,151402,9,5,76,113,2016,12,7,3,3,8,1,0,1,0,1,0,0,0,0,6.60692E+20,5.45838E+21,1.12084E+16,4.92571E+16
151402,151403,9,5,74,138,2016,12,14,7,3,5,3,0,1,0,1,0,0,0,0,6.65065E+20,5.48639E+21,1.12801E+16,4.95077E+16
151403,151404,9,4,61,0,2016,12,16,1,3,4,2,2,1,0,1,0,0,0,0,6.35203E+20,5.52938E+21,1.08827E+16,4.99015E+16
151404,151405,9,3,75,196,2016,12,5,6,3,0,1,2,1,1,0,0,0,0,0,7.33546E+20,5.41404E+21,1.21828E+16,4.88354E+16
151405,151406,9,1,62,0,2016,12,19,5,3,6,7,2,0,0,1,1,0,0,0,6.91523E+20,5.33455E+21,1.15743E+16,4.81354E+16
151406,151407,9,1,88,120,2016,12,17,4,3,6,3,2,0,0,1,1,0,0,0,6.79462E+20,5.3268E+21,1.14091E+16,4.80692E+16
151407,151408,9,1,79,121,2016,12,15,4,3,2,4,0,0,0,1,1,0,0,0,6.67656E+20,5.33852E+21,1.12554E+16,4.81778E+16
151408,151409,9,7,61,0,2016,12,17,4,3,2,6,2,0,0,1,0,0,0,0,6.39298E+20,5.3602E+21,1.08813E+16,4.83796E+16
151409,151410,9,3,72,175,2016,12,11,6,3,9,1,0,2,0,1,0,0,0,0,7.67942E+20,5.46146E+21,1.26819E+16,4.92472E+16
151410,151411,9,7,75,135,2016,12,14,6,3,6,4,0,0,0,1,1,0,0,0,5.74352E+20,5.3604E+21,1.00044E+16,4.83924E+16
151411,151412,9,1,62,0,2016,12,13,5,3,3,3,0,0,1,1,0,0,0,0,6.92087E+20,5.33449E+21,1.15819E+16,4.81347E+16
151412,151413,9,1,74,115,2016,12,11,4,3,2,6,0,0,0,1,0,0,0,0,6.84978E+20,5.34761E+21,1.14921E+16,4.82547E+16
151413,151414,9,1,78,124,2016,12,11,4,2,5,7,0,0,1,0,1,0,0,0,7.02861E+20,5.36418E+21,1.17408E+16,4.83982E+16
151414,151415,9,7,61,0,2016,12,15,4,3,0,7,1,1,0,1,0,0,0,1,6.41723E+20,5.35998E+21,1.09139E+16,4.83771E+16
151415,151416,9,3,62,0,2016,12,10,5,3,6,7,0,0,0,1,1,0,0,0,7.28477E+20,5.43734E+21,1.21268E+16,4.90465E+16
151416,151417,9,6,75,127,2016,12,6,3,3,8,1,2,2,0,1,0,0,0,0,6.11723E+20,5.5141E+21,1.05515E+16,4.9769E+16
151417,151418,9,2,78,179,2016,12,12,5,3,9,7,0,2,0,1,0,0,0,0,7.6328E+20,5.44036E+21,1.26042E+16,4.90598E+16
151418,151419,9,5,64,0,2016,12,11,3,3,5,3,0,0,1,1,0,0,0,0,6.50168E+20,5.47924E+21,1.10718E+16,4.94472E+16
151419,151420,9,1,74,115,2016,12,10,3,3,1,6,0,0,0,1,0,1,0,0,6.81808E+20,5.3478E+21,1.14495E+16,4.82573E+16
151420,151421,9,3,63,0,2016,12,20,1,3,2,6,1,1,0,1,0,0,0,0,7.27762E+20,5.50811E+21,1.21576E+16,4.96824E+16
151421,151422,9,3,61,0,2016,12,12,6,3,4,2,0,1,0,1,0,0,0,0,7.06668E+20,5.47983E+21,1.18507E+16,4.94359E+16
151422,151423,9,7,75,135,2016,12,11,6,3,3,6,0,0,1,1,0,0,0,0,5.74453E+20,5.36072E+21,1.00058E+16,4.83953E+16
151423,151424,9,1,62,0,2016,12,15,5,3,2,6,0,0,0,1,0,0,0,0,6.89324E+20,5.33302E+21,1.15441E+16,4.81222E+16
151424,151425,9,1,62,0,2016,12,13,3,3,6,7,0,0,0,1,1,0,0,0,6.84185E+20,5.33124E+21,1.14744E+16,4.81078E+16
151425,151426,9,1,62,0,2016,12,12,3,3,5,7,0,0,1,1,0,0,0,0,6.90513E+20,5.33635E+21,1.15616E+16,4.81519E+16
151426,151427,9,7,61,0,2016,12,18,4,3,6,4,2,0,0,1,1,0,0,0,6.40189E+20,5.3573E+21,1.08923E+16,4.83533E+16
151427,151428,9,2,74,172,2016,12,17,5,3,0,7,2,0,0,1,0,0,0,0,7.18266E+20,5.39441E+21,1.19644E+16,4.86645E+16
151428,151429,9,2,79,112,2016,12,22,5,3,0,6,2,1,0,1,0,1,0,0,7.55691E+20,5.39431E+21,1.24718E+16,4.86495E+16
151429,151430,9,6,73,114,2016,12,18,3,2,6,4,2,0,0,1,1,0,0,0,5.86605E+20,5.57491E+21,1.02165E+16,5.03199E+16
151430,151431,9,1,78,143,2016,12,10,3,3,5,3,0,0,0,1,0,0,0,0,7.17758E+20,5.3732E+21,1.19464E+16,4.84742E+16
151431,151432,9,2,63,0,2016,12,17,6,3,5,3,2,1,1,1,0,0,0,0,7.60394E+20,5.41913E+21,1.25512E+16,4.88704E+16
151432,151433,9,7,78,136,2016,12,17,6,3,0,7,2,1,1,0,0,0,0,0,5.99964E+20,5.32194E+21,1.03412E+16,4.80429E+16
151433,151434,9,1,62,0,2016,12,10,5,3,1,6,0,1,0,1,0,0,0,0,6.92146E+20,5.33452E+21,1.15827E+16,4.81349E+16
151434,151435,9,1,62,0,2016,12,15,3,3,1,7,0,0,0,1,0,0,0,0,6.90374E+20,5.33009E+21,1.15569E+16,4.80956E+16
151435,151436,9,7,61,0,2016,12,17,4,3,5,3,1,1,0,1,0,0,0,0,6.39716E+20,5.35634E+21,1.08856E+16,4.83448E+16
151436,151437,9,1,90,139,2016,12,8,5,3,2,6,0,0,0,1,0,0,0,0,6.54543E+20,5.29604E+21,1.10638E+16,4.77991E+16
151437,151438,9,5,64,0,2016,12,22,7,3,8,7,2,1,0,1,0,0,0,0,6.47529E+20,5.4761E+21,1.10342E+16,4.94197E+16
151438,151439,9,2,76,117,2016,12,9,6,3,8,1,0,2,0,1,0,0,0,0,7.99739E+20,5.44299E+21,1.3104E+16,4.90668E+16
151439,151440,9,1,62,0,2016,12,21,2,3,2,6,2,1,0,1,0,0,0,0,6.85475E+20,5.33529E+21,1.14934E+16,4.81438E+16
151440,151441,9,2,71,119,2016,12,7,6,3,4,7,1,2,0,1,0,0,0,0,7.89406E+20,5.41723E+21,1.29446E+16,4.88405E+16
151441,151442,9,7,80,133,2016,12,18,6,3,0,6,2,0,1,0,1,0,0,0,5.95783E+20,5.25093E+21,1.02695E+16,4.74048E+16
151442,151443,9,7,75,152,2016,12,15,5,3,2,2,0,0,0,1,0,0,0,0,5.76694E+20,5.35337E+21,1.00347E+16,4.83289E+16
151443,151444,9,1,62,0,2016,12,11,2,3,2,6,0,0,0,1,0,0,0,0,6.87872E+20,5.3304E+21,1.15235E+16,4.80992E+16
151444,151445,9,2,62,0,2016,12,15,6,3,2,6,1,0,0,1,0,0,0,0,8.25535E+20,5.38934E+21,1.34136E+16,4.85725E+16
151445,151446,9,7,80,133,2016,12,7,6,3,0,1,1,2,0,0,0,1,0,0,5.96994E+20,5.25117E+21,1.02856E+16,4.74068E+16
151446,151447,9,7,63,0,2016,12,19,5,3,6,6,2,1,0,1,1,0,0,0,5.99392E+20,5.28456E+21,1.03249E+16,4.77068E+16
151447,151448,9,1,62,0,2016,12,15,3,3,6,2,0,0,0,1,1,0,0,0,6.98551E+20,5.33343E+21,1.16682E+16,4.81231E+16
151448,151449,9,7,61,0,2016,12,13,4,3,6,4,0,0,0,1,1,0,0,0,6.40708E+20,5.35776E+21,1.08995E+16,4.83573E+16
151449,151450,9,4,73,159,2016,12,7,7,2,6,4,2,1,0,1,1,0,0,0,6.45583E+20,5.57375E+21,1.10441E+16,5.02979E+16
151450,151451,9,2,63,0,2016,12,20,1,3,4,6,2,1,1,1,0,0,0,0,7.62578E+20,5.42244E+21,1.2583E+16,4.88992E+16
151451,151452,9,2,62,0,2016,12,8,6,3,4,6,0,2,0,1,0,1,0,0,8.22312E+20,5.38794E+21,1.33689E+16,4.85616E+16
151452,151453,9,7,80,133,2016,12,11,6,3,4,2,0,0,1,1,0,0,0,0,5.96343E+20,5.25157E+21,1.02771E+16,4.74105E+16
151453,151454,9,7,77,159,2016,12,10,6,3,1,6,0,1,0,1,0,0,0,0,6.17976E+20,5.27072E+21,1.05688E+16,4.75791E+16
151454,151455,9,6,63,0,2016,12,17,4,3,2,6,2,0,0,1,0,0,0,0,5.71432E+20,5.51672E+21,9.99259E+15,4.97986E+16
151455,151456,9,7,62,0,2016,12,7,5,3,5,3,1,1,1,1,0,0,0,0,6.21198E+20,5.30467E+21,1.06211E+16,4.78839E+16
151456,151457,9,1,80,117,2016,12,14,5,3,5,3,0,1,0,1,0,0,0,0,6.58343E+20,5.26272E+21,1.11024E+16,4.74986E+16
151457,151458,9,5,62,0,2016,12,9,3,3,2,6,0,0,0,1,0,0,0,0,6.43987E+20,5.49221E+21,1.09913E+16,4.95654E+16
151458,151459,9,6,63,0,2016,12,9,4,3,5,3,0,0,1,1,0,0,0,0,5.667E+20,5.51667E+21,9.92684E+15,4.97988E+16
151459,151460,9,6,63,0,2016,12,12,4,3,5,3,0,0,0,1,0,0,0,0,5.67811E+20,5.51713E+21,9.94235E+15,4.98028E+16
151460,151461,9,1,80,117,2016,12,12,5,2,6,4,0,1,0,1,1,0,0,0,6.57461E+20,5.2626E+21,1.10907E+16,4.74977E+16
151461,151462,9,4,73,120,2016,12,16,7,3,6,7,0,1,0,1,1,0,0,0,6.42238E+20,5.5721E+21,1.09966E+16,5.02838E+16
151462,151463,9,1,90,157,2016,12,16,1,3,0,3,1,0,0,1,0,1,0,0,6.60289E+20,5.30075E+21,1.11422E+16,4.78401E+16
151463,151464,9,2,75,141,2016,12,7,6,2,0,1,0,2,1,0,0,0,0,0,8.19562E+20,5.36935E+21,1.33176E+16,4.83962E+16
151464,151465,9,7,79,131,2016,12,7,5,2,5,3,1,0,0,1,0,1,0,0,6.28951E+20,5.39749E+21,1.07531E+16,4.87171E+16
151465,151466,9,1,62,0,2016,12,11,3,3,6,2,0,0,0,0,1,0,0,1,6.83078E+20,5.33554E+21,1.14613E+16,4.81467E+16
151466,151467,9,1,84,122,2016,12,14,3,2,6,4,0,0,0,1,1,0,0,0,6.88012E+20,5.3236E+21,1.15224E+16,4.8038E+16
151467,151468,9,6,63,0,2016,12,22,4,3,5,3,2,0,0,1,0,0,0,0,5.65658E+20,5.51617E+21,9.91228E+15,4.97944E+16
151468,151469,9,1,72,114,2016,12,13,5,3,5,3,0,2,0,1,0,0,0,0,7.90216E+20,5.29322E+21,1.28704E+16,4.77271E+16
151469,151470,9,5,74,138,2016,12,6,3,3,6,4,2,1,0,1,1,0,0,0,6.64882E+20,5.48698E+21,1.12778E+16,4.9513E+16
151470,151471,9,4,77,124,2016,12,20,3,3,8,1,2,1,0,1,0,0,0,0,6.67348E+20,5.54488E+21,1.13368E+16,5.00326E+16
151471,151472,9,7,72,147,2016,12,20,2,3,5,3,2,1,0,1,0,0,0,0,6.39059E+20,5.36377E+21,1.08792E+16,4.84117E+16
151472,151473,9,2,75,116,2016,12,8,6,2,0,7,0,2,1,0,0,0,0,0,8.19658E+20,5.36384E+21,1.33147E+16,4.83468E+16
151473,151474,9,7,71,112,2016,12,9,6,3,8,1,0,1,0,1,0,0,0,0,6.47326E+20,5.36552E+21,1.09915E+16,4.84256E+16
151474,151475,9,7,72,163,2016,12,8,5,2,9,1,0,0,0,1,0,0,0,0,6.40184E+20,5.34837E+21,1.08893E+16,4.8273E+16
151475,151476,9,1,71,125,2016,12,18,5,3,2,2,2,1,0,1,0,0,0,0,7.74273E+20,5.34964E+21,1.26943E+16,4.82406E+16
151476,151477,9,3,73,112,2016,12,22,3,3,8,7,2,1,0,1,0,0,0,0,6.77933E+20,5.44515E+21,1.14393E+16,4.91334E+16
151477,151478,9,1,73,118,2016,12,11,1,3,0,7,0,0,0,0,0,1,0,0,6.93769E+20,5.30285E+21,1.15902E+16,4.78497E+16
151478,151479,9,2,61,0,2016,12,9,6,3,2,6,0,0,0,1,0,0,0,0,7.33075E+20,5.38212E+21,1.21584E+16,4.85488E+16
151479,151480,9,7,72,184,2016,12,5,6,2,5,3,2,1,1,0,0,0,1,0,6.35524E+20,5.36171E+21,1.08308E+16,4.8394E+16
151480,151481,9,7,72,163,2016,12,16,5,3,2,6,0,0,0,1,0,0,0,0,6.40872E+20,5.34916E+21,1.08988E+16,4.82799E+16
151481,151482,9,1,62,0,2016,12,14,3,3,6,4,0,0,0,0,1,0,0,1,6.84748E+20,5.32974E+21,1.14813E+16,4.80942E+16
151482,151483,9,1,62,0,2016,12,18,3,3,5,3,2,0,1,1,0,0,0,0,6.91909E+20,5.33389E+21,1.15792E+16,4.81294E+16
151483,151484,9,6,77,154,2016,12,7,4,3,5,3,0,0,0,1,0,0,0,0,5.44778E+20,5.51551E+21,9.62211E+15,4.97903E+16
151484,151485,9,1,61,0,2016,12,17,5,3,2,6,2,0,0,1,0,0,0,0,6.77808E+20,5.4053E+21,1.14202E+16,4.87752E+16
151485,151486,9,5,63,0,2016,12,10,3,2,6,4,0,0,0,1,1,0,0,0,6.44947E+20,5.48004E+21,1.10001E+16,4.94557E+16
151486,151487,9,2,61,0,2016,12,15,6,3,4,2,0,1,0,1,0,0,0,0,7.32792E+20,5.38186E+21,1.21544E+16,4.85466E+16
151487,151488,9,7,61,0,2016,12,14,6,3,5,3,0,0,0,1,0,0,0,0,6.44173E+20,5.35823E+21,1.09464E+16,4.83608E+16
151488,151489,9,7,61,0,2016,12,17,5,3,2,6,2,1,0,1,0,0,0,0,6.38336E+20,5.36088E+21,1.08685E+16,4.83859E+16
151489,151490,9,1,62,0,2016,12,16,3,3,5,3,0,0,1,1,0,0,0,0,6.87822E+20,5.33119E+21,1.15231E+16,4.81063E+16
151490,151491,9,6,62,0,2016,12,7,4,3,0,1,0,1,1,0,0,0,0,0,5.86123E+20,5.54442E+21,1.02029E+16,5.00459E+16
151491,151492,9,1,74,135,2016,12,11,5,3,0,6,0,1,0,0,0,1,0,1,6.61753E+20,5.35474E+21,1.11822E+16,4.83252E+16
151492,151493,9,1,62,0,2016,12,12,3,3,3,2,0,0,1,1,0,0,0,0,6.90622E+20,5.33604E+21,1.15629E+16,4.8149E+16
151493,151494,9,6,61,0,2016,12,11,4,3,6,7,0,0,0,1,1,0,0,0,5.10419E+20,5.53602E+21,9.1453E+15,4.99765E+16
151494,151495,9,1,62,0,2016,12,8,4,3,0,7,0,0,1,0,0,0,0,0,6.9365E+20,5.33333E+21,1.16023E+16,4.81237E+16
151495,151496,9,5,64,0,2016,12,12,3,3,8,1,0,1,0,1,0,0,0,0,6.48058E+20,5.47459E+21,1.10409E+16,4.9406E+16
151496,151497,9,4,71,140,2016,12,1,7,3,9,1,2,1,0,1,0,0,0,0,6.34763E+20,5.53097E+21,1.08772E+16,4.99159E+16