FID,OBJECTID,ULAND,UREGBEZ,UKREIS,UGEMEINDE,UJAHR,UMONAT,USTUNDE,UWOCHENTAG,UKATEGORIE,UART,UTYP1,ULICHTVERH,IstStrasse,IstRad,IstPKW,IstFuss,IstKrad,IstGkfz,IstSonstig,LINREFX,LINREFY,XGCSWGS84,YGCSWGS84
151497,151498,9,5,64,0,2016,12,18,2,3,3,2,2,1,0,1,0,0,0,0,6.50895E+20,5.48078E+21,1.10824E+16,4.94609E+16
151498,151499,9,7,61,0,2016,12,20,6,3,4,2,2,1,0,1,0,0,0,0,6.39512E+20,5.35957E+21,1.08839E+16,4.83739E+16
151499,151500,9,7,61,0,2016,12,16,5,3,2,6,2,0,0,1,0,0,0,0,6.41489E+20,5.35908E+21,1.09105E+16,4.8369E+16
151500,151501,9,6,71,130,2016,12,13,4,3,5,3,0,0,0,1,0,0,0,0,5.1589E+20,5.5394E+21,9.22175E+15,5.00067E+16
151501,151502,9,1,62,0,2016,12,12,4,2,3,6,0,0,0,1,0,1,0,0,6.99923E+20,5.33542E+21,1.16875E+16,4.81406E+16
151502,151503,9,3,74,144,2016,12,14,7,3,8,1,0,0,0,1,0,0,0,0,7.2368E+20,5.51034E+21,1.21023E+16,4.9704E+16
151503,151504,9,1,77,135,2016,12,3,1,2,8,1,2,0,0,1,0,0,0,0,7.1715E+20,5.3438E+21,1.19231E+16,4.82102E+16
151504,151505,9,2,79,112,2016,12,10,6,2,0,7,0,2,1,0,0,0,0,0,7.56528E+20,5.39412E+21,1.2483E+16,4.86474E+16
151505,151506,9,7,71,113,2016,12,14,6,3,5,3,0,0,0,1,0,0,0,0,6.56971E+20,5.36971E+21,1.11233E+16,4.84609E+16
151506,151507,9,7,61,0,2016,12,8,5,3,1,1,0,1,0,1,0,0,0,1,6.39856E+20,5.35787E+21,1.0888E+16,4.83585E+16
151507,151508,9,7,64,0,2016,12,13,3,3,5,3,0,0,0,1,0,0,0,0,5.86906E+20,5.31566E+21,1.01648E+16,4.79884E+16
151508,151509,9,3,62,0,2016,12,10,7,3,5,2,0,1,0,1,0,1,0,0,7.2589E+20,5.43426E+21,1.20898E+16,4.90199E+16
151509,151510,9,1,62,0,2016,12,17,7,3,5,3,2,1,0,1,0,0,0,0,6.90145E+20,5.33473E+21,1.15559E+16,4.81374E+16
151510,151511,9,2,79,112,2016,12,8,6,3,0,7,0,2,1,0,0,0,0,0,7.57218E+20,5.39376E+21,1.24921E+16,4.86439E+16
151511,151512,9,5,64,0,2016,12,12,2,3,3,2,0,1,0,1,0,0,0,0,6.45188E+20,5.47946E+21,1.10032E+16,4.94504E+16
151512,151513,9,2,79,127,2016,12,6,6,3,9,1,2,2,0,1,0,0,0,0,7.46206E+20,5.39871E+21,1.23458E+16,4.86928E+16
151513,151514,9,6,63,0,2016,12,12,6,3,5,3,0,1,0,1,0,0,0,0,5.66872E+20,5.51492E+21,9.92893E+15,4.9783E+16
151514,151515,9,7,61,0,2016,12,20,5,3,0,7,2,0,1,0,0,0,0,0,6.40302E+20,5.35918E+21,1.08945E+16,4.83702E+16
151515,151516,9,6,71,111,2016,12,16,4,3,6,4,0,0,0,1,1,0,0,0,5.04701E+20,5.54797E+21,9.06571E+15,5.0084E+16
151516,151517,9,1,62,0,2016,12,18,4,3,6,4,2,0,1,0,1,0,0,0,6.87781E+20,5.33962E+21,1.15263E+16,4.8182E+16
151517,151518,9,3,73,113,2016,12,14,7,3,5,3,0,0,0,1,0,1,0,0,6.77303E+20,5.46689E+21,1.14403E+16,4.9329E+16
151518,151519,9,1,62,0,2016,12,9,7,3,2,6,0,1,0,1,0,0,0,0,6.86251E+20,5.33334E+21,1.1503E+16,4.8126E+16
151519,151520,9,1,89,143,2016,12,9,6,2,0,7,0,2,1,0,0,0,0,0,7.58348E+20,5.31943E+21,1.24619E+16,4.7976E+16
151520,151521,9,6,63,0,2016,12,19,5,2,6,4,2,1,0,1,1,0,0,0,5.68122E+20,5.51596E+21,9.94647E+15,4.97922E+16
151521,151522,9,7,75,162,2016,12,7,3,2,5,3,1,0,1,1,0,0,0,0,5.79741E+20,5.34777E+21,1.00748E+16,4.82781E+16
151522,151523,9,5,74,123,2016,12,13,4,2,6,7,0,0,0,1,1,0,0,0,6.6034E+20,5.47195E+21,1.12091E+16,4.93791E+16
151523,151524,9,1,62,0,2016,12,14,4,3,5,3,0,1,1,0,0,0,0,1,6.92116E+20,5.33454E+21,1.15823E+16,4.81351E+16
151524,151525,9,5,64,0,2016,12,8,3,3,5,3,0,0,0,1,0,0,0,0,6.50096E+20,5.48095E+21,1.10714E+16,4.94626E+16
151525,151526,9,6,63,0,2016,12,19,6,3,5,2,2,0,0,1,0,0,0,0,5.68284E+20,5.51591E+21,9.94871E+15,4.97918E+16
151526,151527,9,7,74,143,2016,12,16,3,3,0,1,1,1,1,0,0,0,0,0,5.97135E+20,5.3579E+21,1.03115E+16,4.83668E+16
151527,151528,9,5,64,0,2016,12,16,4,3,5,3,1,0,1,1,0,0,0,0,6.48049E+20,5.47478E+21,1.10409E+16,4.94077E+16
151528,151529,9,6,63,0,2016,12,14,5,3,2,2,0,0,0,1,0,1,0,0,5.68574E+20,5.51629E+21,9.95281E+15,4.97951E+16
151529,151530,9,1,62,0,2016,12,7,4,3,0,2,1,0,1,0,0,0,0,1,6.93183E+20,5.3362E+21,1.15974E+16,4.81497E+16
151530,151531,9,5,64,0,2016,12,17,3,3,5,2,2,0,0,1,0,0,0,0,6.4528E+20,5.48756E+21,1.10074E+16,4.95233E+16
151531,151532,9,5,64,0,2016,12,7,4,3,6,2,0,0,0,1,1,0,0,0,6.52727E+20,5.48169E+21,1.1108E+16,4.94687E+16
151532,151533,9,1,62,0,2016,12,17,4,2,6,4,2,0,1,0,1,0,0,0,6.95171E+20,5.33674E+21,1.16243E+16,4.81539E+16
151533,151534,9,2,63,0,2016,12,4,3,3,1,5,2,1,0,1,0,0,0,0,7.61539E+20,5.41977E+21,1.25672E+16,4.88757E+16
151534,151535,9,1,62,0,2016,12,8,7,3,6,2,0,1,0,1,1,0,0,0,6.86009E+20,5.32988E+21,1.14982E+16,4.8095E+16
151535,151536,9,1,72,111,2016,12,17,6,3,5,3,1,0,0,1,0,0,0,0,7.95829E+20,5.3047E+21,1.29529E+16,4.78275E+16
151536,151537,9,6,74,219,2016,12,11,6,3,8,1,0,1,0,1,0,0,0,0,6.06549E+20,5.54038E+21,1.04869E+16,5.00062E+16
151537,151538,9,6,63,0,2016,12,14,5,2,5,3,0,0,0,1,0,0,0,0,5.684E+20,5.51589E+21,9.95032E+15,4.97916E+16
151538,151539,9,7,74,135,2016,12,16,3,3,2,6,0,0,0,1,0,0,0,0,5.93393E+20,5.36681E+21,1.0263E+16,4.84475E+16
151539,151540,9,7,64,0,2016,12,17,3,3,6,2,1,0,0,1,1,0,0,0,5.87868E+20,5.31524E+21,1.01776E+16,4.79845E+16
151540,151541,9,5,64,0,2016,12,15,4,3,2,6,0,0,0,1,0,0,0,0,6.54588E+20,5.48214E+21,1.11338E+16,4.94722E+16
151541,151542,9,1,62,0,2016,12,15,4,2,3,2,0,1,1,1,0,0,0,0,6.92583E+20,5.33418E+21,1.15884E+16,4.81317E+16
151542,151543,9,5,64,0,2016,12,16,3,3,2,6,2,0,0,1,0,0,0,0,6.48458E+20,5.47768E+21,1.10476E+16,4.94337E+16
151543,151544,9,5,71,145,2016,12,12,2,2,6,2,0,1,0,1,1,0,0,0,5.97112E+20,5.44702E+21,1.03322E+16,4.91683E+16
151544,151545,9,1,71,112,2016,12,7,6,2,0,1,0,2,1,0,0,0,0,0,7.84791E+20,5.34252E+21,1.28309E+16,4.8172E+16
151545,151546,9,6,72,127,2016,12,15,6,3,1,6,0,0,0,1,0,0,0,0,5.6392E+20,5.55183E+21,9.89405E+15,5.01153E+16
151546,151547,9,4,63,0,2016,12,22,2,3,0,1,2,1,1,0,0,0,0,0,6.39632E+20,5.56869E+21,1.09588E+16,5.02539E+16
151547,151548,9,1,87,117,2016,12,20,6,3,9,1,2,1,0,1,0,0,0,0,7.24245E+20,5.30502E+21,1.19981E+16,4.78594E+16
151548,151549,9,6,74,171,2016,12,16,6,3,9,1,1,1,0,1,0,0,0,0,6.19498E+20,5.55923E+21,1.06735E+16,5.01732E+16
151549,151550,9,6,63,0,2016,12,20,5,3,0,1,2,1,1,0,0,0,0,0,5.6676E+20,5.51617E+21,9.92758E+15,4.97943E+16
151550,151551,9,7,79,131,2016,12,7,3,3,5,3,1,0,0,1,0,0,0,0,6.29037E+20,5.39985E+21,1.0755E+16,4.87383E+16
151551,151552,9,5,64,0,2016,12,8,4,3,6,4,0,0,0,1,1,0,0,0,6.48153E+20,5.47827E+21,1.10436E+16,4.9439E+16
151552,151553,9,1,62,0,2016,12,20,4,2,0,7,2,1,0,0,0,1,0,0,6.9781E+20,5.33202E+21,1.16576E+16,4.81107E+16
151553,151554,9,2,71,122,2016,12,7,7,3,9,1,1,2,0,1,0,0,0,0,7.9077E+20,5.42575E+21,1.29692E+16,4.89163E+16
151554,151555,9,2,77,149,2016,12,16,2,2,9,1,2,1,0,0,0,1,0,0,7.98381E+20,5.36987E+21,1.30325E+16,4.84113E+16
151555,151556,9,6,72,157,2016,12,9,6,3,8,1,0,2,0,0,0,0,1,0,5.95033E+20,5.55941E+21,1.0331E+16,5.01793E+16
151556,151557,9,6,63,0,2016,12,17,5,3,1,6,2,1,0,1,0,0,0,0,5.67213E+20,5.51527E+21,9.93372E+15,4.97862E+16
151557,151558,9,5,64,0,2016,12,16,4,3,5,2,1,1,0,1,0,0,0,0,6.54616E+20,5.47463E+21,1.11313E+16,4.94047E+16
151558,151559,9,6,79,124,2016,12,8,5,3,8,7,0,1,0,1,0,0,0,0,5.7387E+20,5.50876E+21,1.0025E+16,4.97268E+16
151559,151560,9,7,79,186,2016,12,18,3,3,5,3,2,0,0,1,0,0,0,0,6.36219E+20,5.41192E+21,1.08567E+16,4.88453E+16
151560,151561,9,5,61,0,2016,12,13,4,3,6,4,0,1,0,1,1,0,0,0,6.13809E+20,5.46236E+21,1.05656E+16,4.93034E+16
151561,151562,9,1,62,0,2016,12,14,4,3,3,7,0,0,0,1,1,0,0,1,6.8624E+20,5.33289E+21,1.15027E+16,4.8122E+16
151562,151563,9,2,77,139,2016,12,15,7,2,5,3,0,1,0,1,0,0,0,0,7.89197E+20,5.36941E+21,1.29084E+16,4.84114E+16
151563,151564,9,1,62,0,2016,12,16,7,3,3,2,0,1,0,1,0,0,0,1,6.93618E+20,5.33466E+21,1.16025E+16,4.81357E+16
151564,151565,9,1,61,0,2016,12,22,6,3,8,1,2,2,0,1,0,0,0,0,6.78484E+20,5.40386E+21,1.14288E+16,4.87622E+16
151565,151566,9,6,62,0,2016,12,22,6,3,6,7,2,0,0,1,1,0,0,0,5.86452E+20,5.54559E+21,1.02077E+16,5.00563E+16
151566,151567,9,5,72,135,2016,12,7,6,3,6,7,1,1,0,1,1,0,0,0,6.31091E+20,5.50784E+21,1.08183E+16,4.97087E+16
151567,151568,9,6,77,131,2016,12,9,5,3,1,5,0,0,0,1,0,1,0,0,5.51102E+20,5.54378E+21,9.71371E+15,5.00441E+16
151568,151569,9,5,64,0,2016,12,9,3,3,2,6,0,2,0,1,0,0,0,0,6.52589E+20,5.47969E+21,1.11053E+16,4.94507E+16
151569,151570,9,2,75,121,2016,12,13,5,2,9,7,0,0,0,1,0,0,0,0,8.17021E+20,5.40252E+21,1.33086E+16,4.86951E+16
151570,151571,9,2,74,126,2016,12,17,5,2,0,1,2,0,1,0,0,0,0,0,7.33562E+20,5.3839E+21,1.21659E+16,4.85646E+16
151571,151572,9,1,84,112,2016,12,23,7,2,9,1,2,2,0,1,0,0,0,0,6.98908E+20,5.33718E+21,1.16747E+16,4.81567E+16
151572,151573,9,1,62,0,2016,12,12,7,3,3,2,0,0,1,1,0,0,0,0,6.86663E+20,5.32983E+21,1.1507E+16,4.80943E+16
151573,151574,9,2,78,172,2016,12,8,6,2,9,1,0,2,0,1,0,0,0,0,7.53213E+20,5.41799E+21,1.24527E+16,4.88631E+16
151574,151575,9,1,90,148,2016,12,9,5,3,7,3,0,0,0,1,0,0,0,0,6.43593E+20,5.29692E+21,1.0918E+16,4.78096E+16
151575,151576,9,1,62,0,2016,12,9,7,3,6,7,0,0,0,1,1,0,0,0,6.92313E+20,5.33779E+21,1.15864E+16,4.81642E+16
151576,151577,9,1,80,117,2016,12,20,5,3,5,3,2,1,0,1,0,0,0,0,6.57254E+20,5.26167E+21,1.10876E+16,4.74895E+16
151577,151578,9,1,62,0,2016,12,14,7,3,5,3,0,0,1,1,0,0,0,0,6.93318E+20,5.33525E+21,1.15987E+16,4.81411E+16
151578,151579,9,1,62,0,2016,12,3,7,3,5,3,2,0,0,1,0,0,0,0,6.91078E+20,5.33464E+21,1.15684E+16,4.81363E+16
151579,151580,9,1,62,0,2016,12,15,5,3,2,6,0,0,0,1,0,0,0,0,6.90143E+20,5.33491E+21,1.1556E+16,4.8139E+16
151580,151581,9,1,71,114,2016,12,10,5,3,5,2,0,0,0,1,1,0,0,0,7.793E+20,5.34523E+21,1.2759E+16,4.81988E+16
151581,151582,9,1,62,0,2016,12,14,7,3,5,3,0,1,0,1,0,0,0,0,6.85732E+20,5.3338E+21,1.14962E+16,4.81303E+16
151582,151583,9,5,62,0,2016,12,13,5,3,5,3,0,0,1,1,0,0,0,0,6.45564E+20,5.49481E+21,1.1014E+16,4.95883E+16
151583,151584,9,7,80,124,2016,12,6,5,3,6,7,2,1,0,1,1,0,0,0,5.92194E+20,5.26836E+21,1.02256E+16,4.75621E+16
151584,151585,9,1,81,130,2016,12,12,5,3,5,3,0,0,0,1,0,0,0,0,6.38636E+20,5.32513E+21,1.08609E+16,4.80643E+16
151585,151586,9,7,63,0,2016,12,12,7,3,2,6,0,0,0,1,0,0,0,0,5.99324E+20,5.28992E+21,1.03253E+16,4.7755E+16
151586,151587,9,3,74,166,2016,12,13,5,2,0,1,0,0,0,0,0,1,0,0,7.2106E+20,5.50217E+21,1.20614E+16,4.96316E+16
151587,151588,9,7,77,177,2016,12,18,7,2,8,1,2,2,0,1,0,0,0,0,6.34753E+20,5.32032E+21,1.08072E+16,4.8022E+16
151588,151589,9,6,74,221,2016,12,16,7,3,0,7,2,0,0,1,0,0,0,0,6.15517E+20,5.53988E+21,1.06119E+16,5E+16
151589,151590,9,1,78,124,2016,12,22,5,2,8,1,2,0,0,1,0,0,0,0,7.05531E+20,5.35979E+21,1.17746E+16,4.83578E+16
151590,151591,9,1,62,0,2016,12,6,4,3,0,7,2,1,1,0,0,0,0,0,6.97547E+20,5.3333E+21,1.16546E+16,4.81222E+16
151591,151592,9,5,64,0,2016,12,10,6,2,0,3,0,0,1,1,0,0,0,0,6.50476E+20,5.47885E+21,1.10759E+16,4.94437E+16
151592,151593,9,1,62,0,2016,12,11,4,3,2,6,0,0,0,1,0,0,0,0,6.86246E+20,5.33181E+21,1.15023E+16,4.81123E+16
151593,151594,9,5,62,0,2016,12,13,7,3,4,2,0,0,1,1,0,0,0,0,6.47084E+20,5.4952E+21,1.10352E+16,4.95914E+16
151594,151595,9,5,64,0,2016,12,14,7,3,1,5,0,0,0,1,0,1,0,0,6.50879E+20,5.47958E+21,1.10817E+16,4.94501E+16
151595,151596,9,1,89,162,2016,12,19,6,2,5,3,2,2,0,1,0,1,0,0,7.78549E+20,5.31552E+21,1.27295E+16,4.79324E+16
151596,151597,9,4,62,0,2016,12,17,6,3,1,6,2,0,0,1,0,0,0,0,6.83357E+20,5.53538E+21,1.15556E+16,4.99426E+16
151597,151598,9,1,62,0,2016,12,22,4,3,6,4,2,0,0,1,1,0,0,0,6.93448E+20,5.33348E+21,1.15997E+16,4.81251E+16
151598,151599,9,5,73,122,2016,12,9,7,3,0,1,0,2,1,0,0,0,0,0,6.41559E+20,5.47555E+21,1.09518E+16,4.94162E+16
151599,151600,9,5,61,0,2016,12,10,7,3,4,2,0,0,1,1,0,0,0,0,6.14005E+20,5.46171E+21,1.05681E+16,4.92975E+16
151600,151601,9,1,62,0,2016,12,13,5,3,6,6,0,0,1,0,1,0,0,0,6.83625E+20,5.33543E+21,1.14686E+16,4.81456E+16
151601,151602,9,7,63,0,2016,12,14,4,2,5,2,0,0,0,1,0,1,0,0,5.97618E+20,5.28586E+21,1.03016E+16,4.77188E+16
151602,151603,9,4,75,136,2016,12,10,7,3,0,1,0,1,1,0,0,0,0,0,6.9383E+20,5.56854E+21,1.17182E+16,5.02372E+16
151603,151604,9,7,61,0,2016,12,14,4,3,5,3,0,0,0,1,0,0,0,0,6.42945E+20,5.36003E+21,1.09304E+16,4.83773E+16
151604,151605,9,4,79,136,2016,12,11,7,3,2,6,0,0,0,1,0,0,0,0,7.20354E+20,5.54349E+21,1.20751E+16,5.0003E+16
151605,151606,9,6,62,0,2016,12,8,5,3,1,1,0,0,0,1,0,0,0,0,5.88698E+20,5.54577E+21,1.02391E+16,5.00576E+16
151606,151607,9,7,61,0,2016,12,16,4,3,5,3,2,0,0,1,0,0,0,0,6.42393E+20,5.3577E+21,1.09222E+16,4.83564E+16
151607,151608,9,2,71,119,2016,12,9,5,2,6,7,0,1,0,1,1,0,0,0,7.90752E+20,5.41649E+21,1.29624E+16,4.88333E+16
151608,151609,9,4,76,178,2016,12,16,5,2,8,7,1,0,0,1,0,0,0,0,6.61717E+20,5.57289E+21,1.12701E+16,5.0286E+16
151609,151610,9,7,61,0,2016,12,14,4,3,3,2,0,0,1,1,0,0,0,0,6.41422E+20,5.35923E+21,1.09096E+16,4.83703E+16
151610,151611,9,5,77,177,2016,12,21,6,3,2,6,2,1,0,1,0,0,0,0,6.43566E+20,5.43199E+21,1.09638E+16,4.90241E+16
151611,151612,9,6,63,0,2016,12,10,4,3,5,3,0,0,0,1,0,0,0,0,5.66091E+20,5.51688E+21,9.9184E+15,4.98007E+16
151612,151613,9,4,62,0,2016,12,14,7,3,2,6,0,0,0,1,0,0,0,0,6.83357E+20,5.53538E+21,1.15556E+16,4.99426E+16
151613,151614,9,2,71,149,2016,12,3,7,3,6,7,2,0,0,1,1,0,0,0,8.05109E+20,5.40837E+21,1.31515E+16,4.87535E+16
151614,151615,9,6,76,121,2016,12,17,4,3,2,6,2,0,0,1,0,0,0,0,5.11386E+20,5.52059E+21,9.15835E+15,4.98376E+16
151615,151616,9,2,75,118,2016,12,16,7,3,5,3,1,0,0,1,0,0,1,0,8.52658E+20,5.4057E+21,1.37939E+16,4.87044E+16
151616,151617,9,2,61,0,2016,12,15,7,3,0,1,0,0,1,0,0,0,0,0,7.32262E+20,5.38155E+21,1.2147E+16,4.8544E+16
151617,151618,9,3,62,0,2016,12,13,6,3,4,2,0,0,1,1,0,0,0,0,7.28314E+20,5.43118E+21,1.21212E+16,4.89912E+16
151618,151619,9,5,64,0,2016,12,17,4,3,5,3,2,0,1,1,0,0,0,0,6.51061E+20,5.47986E+21,1.10843E+16,4.94526E+16
151619,151620,9,1,72,116,2016,12,14,7,3,0,4,0,0,0,1,1,0,0,0,8.00671E+20,5.28323E+21,1.30027E+16,4.76326E+16
151620,151621,9,1,87,150,2016,12,11,7,3,5,2,0,0,1,1,0,0,0,0,7.2943E+20,5.30395E+21,1.20668E+16,4.78479E+16
151621,151622,9,1,62,0,2016,12,20,5,3,0,7,2,0,1,0,0,0,0,0,6.8868E+20,5.34307E+21,1.15399E+16,4.82128E+16
151622,151623,9,1,86,158,2016,12,9,6,2,6,4,0,0,0,1,1,0,0,0,6.92384E+20,5.40517E+21,1.16183E+16,4.87698E+16
151623,151624,9,5,64,0,2016,12,17,4,3,2,6,2,0,0,1,0,0,0,0,6.45172E+20,5.47945E+21,1.1003E+16,4.94504E+16
151624,151625,9,1,87,117,2016,12,19,7,3,3,6,2,0,1,1,0,0,0,0,7.24826E+20,5.30516E+21,1.2006E+16,4.78604E+16
151625,151626,9,5,72,132,2016,12,22,5,3,8,7,2,0,0,1,0,0,0,0,6.35637E+20,5.49308E+21,1.08762E+16,4.95751E+16
151626,151627,9,4,78,116,2016,12,21,4,3,0,1,2,1,1,0,0,0,0,0,6.61163E+20,5.55669E+21,1.12555E+16,5.01405E+16
151627,151628,9,4,78,116,2016,12,19,4,3,1,1,2,0,0,1,0,0,0,0,6.60565E+20,5.55715E+21,1.12473E+16,5.01448E+16
151628,151629,9,1,86,113,2016,12,23,7,3,0,1,2,0,1,0,0,0,0,0,6.8137E+20,5.39331E+21,1.14634E+16,4.86665E+16
151629,151630,9,4,62,0,2016,12,13,5,3,1,6,0,0,0,1,0,0,0,0,6.84487E+20,5.53655E+21,1.15719E+16,4.99528E+16
151630,151631,9,4,71,117,2016,12,18,4,3,2,6,2,0,0,1,0,0,0,0,6.32003E+20,5.53012E+21,1.08385E+16,4.99089E+16
151631,151632,9,4,73,151,2016,12,4,6,3,9,1,2,1,0,1,0,0,0,0,6.53876E+20,5.57259E+21,1.116E+16,5.02853E+16
151632,151633,9,5,64,0,2016,12,16,6,2,6,4,1,0,1,0,1,0,0,0,6.50811E+20,5.47937E+21,1.10807E+16,4.94482E+16
151633,151634,9,3,73,147,2016,12,13,4,3,0,1,0,0,0,1,0,1,0,0,6.79896E+20,5.46032E+21,1.1473E+16,4.92691E+16
151634,151635,9,1,79,142,2016,12,18,7,3,8,1,2,1,1,0,0,0,0,0,6.72938E+20,5.34191E+21,1.13277E+16,4.82069E+16
151635,151636,9,1,77,115,2016,12,2,7,3,8,1,2,2,0,1,0,0,0,0,7.33617E+20,5.35161E+21,1.21487E+16,4.82746E+16
151636,151637,9,2,74,145,2016,12,10,6,2,9,1,0,0,0,1,0,0,0,0,7.46595E+20,5.38325E+21,1.23419E+16,4.85538E+16
151637,151638,9,3,61,0,2016,12,19,4,3,5,3,2,0,0,1,0,1,0,0,7.08649E+20,5.48032E+21,1.18782E+16,4.94397E+16
151638,151639,9,1,87,117,2016,12,17,4,3,4,6,2,0,0,1,0,0,0,0,7.24438E+20,5.30594E+21,1.20012E+16,4.78676E+16
151639,151640,9,1,62,0,2016,12,10,6,3,4,7,0,0,1,0,0,0,0,0,6.87451E+20,5.33566E+21,1.15201E+16,4.81465E+16
151640,151641,9,1,84,130,2016,12,17,6,3,2,6,2,0,0,1,0,0,0,0,6.98741E+20,5.34531E+21,1.16763E+16,4.82298E+16
151641,151642,9,1,62,0,2016,12,18,5,3,2,6,2,0,0,1,0,1,0,0,6.82672E+20,5.33758E+21,1.14568E+16,4.81652E+16
151642,151643,9,1,61,0,2016,12,14,4,3,6,4,0,0,0,1,1,0,0,0,6.76352E+20,5.40515E+21,1.14003E+16,4.87743E+16
151643,151644,9,1,62,0,2016,12,9,6,2,5,3,0,1,0,1,0,0,0,0,6.93665E+20,5.3311E+21,1.16015E+16,4.81037E+16
151644,151645,9,1,62,0,2016,12,18,6,3,4,2,2,1,0,1,0,0,0,0,6.93935E+20,5.33121E+21,1.16052E+16,4.81046E+16
151645,151646,9,7,61,0,2016,12,21,5,3,5,3,2,0,0,1,0,0,0,0,6.36415E+20,5.36089E+21,1.08426E+16,4.83864E+16
151646,151647,9,1,79,138,2016,12,14,4,3,1,2,0,0,1,0,0,0,0,1,6.54642E+20,5.33558E+21,1.10794E+16,4.81547E+16
151647,151648,9,3,62,0,2016,12,20,5,3,4,2,2,1,0,1,0,0,0,0,7.28689E+20,5.43231E+21,1.21269E+16,4.90013E+16
151648,151649,9,1,78,124,2016,12,21,4,3,0,7,2,0,0,0,1,0,0,1,7.03063E+20,5.3638E+21,1.17433E+16,4.83946E+16
151649,151650,9,7,74,160,2016,12,8,6,3,8,1,0,0,0,1,0,0,0,0,6.07094E+20,5.35126E+21,1.04442E+16,4.83055E+16
151650,151651,9,5,62,0,2016,12,19,5,3,0,2,2,0,1,1,0,0,0,0,6.45141E+20,5.4945E+21,1.10081E+16,4.95856E+16
151651,151652,9,1,62,0,2016,12,12,3,3,6,7,0,0,0,1,1,0,0,0,6.95115E+20,5.3365E+21,1.16234E+16,4.81518E+16
151652,151653,9,5,64,0,2016,12,19,6,3,5,3,2,0,1,1,0,0,0,0,6.50939E+20,5.47922E+21,1.10824E+16,4.94469E+16
151653,151654,9,1,62,0,2016,12,21,3,3,5,3,2,0,0,1,0,0,0,1,6.82071E+20,5.33684E+21,1.14484E+16,4.81587E+16
151654,151655,9,7,78,116,2016,12,3,6,3,8,1,2,1,0,1,0,0,0,0,6.19125E+20,5.31824E+21,1.05972E+16,4.80063E+16
151655,151656,9,7,76,126,2016,12,15,6,3,1,7,0,0,0,1,0,0,0,0,5.55674E+20,5.26947E+21,9.7403E+15,4.75762E+16
151656,151657,9,1,62,0,2016,12,16,3,3,6,4,1,0,0,1,1,0,0,0,6.90578E+20,5.34224E+21,1.15651E+16,4.82047E+16
151657,151658,9,4,62,0,2016,12,15,6,3,0,1,0,0,1,0,0,0,0,0,6.84743E+20,5.53523E+21,1.15748E+16,4.99409E+16
151658,151659,9,1,62,0,2016,12,16,3,3,2,6,0,1,0,1,0,0,0,0,6.93322E+20,5.33524E+21,1.15988E+16,4.8141E+16
151659,151660,9,6,63,0,2016,12,17,6,3,2,6,1,1,0,1,0,0,0,0,5.68239E+20,5.51691E+21,9.94826E+15,4.98007E+16
151660,151661,9,6,77,177,2016,12,16,6,2,0,1,0,2,1,0,0,0,0,0,5.4653E+20,5.54921E+21,9.65052E+15,5.00933E+16
151661,151662,9,1,62,0,2016,12,18,5,2,0,7,2,0,1,0,0,0,0,0,6.86843E+20,5.33909E+21,1.15135E+16,4.81776E+16
151662,151663,9,1,86,143,2016,12,9,6,2,1,6,0,0,0,1,0,0,0,0,6.86058E+20,5.37777E+21,1.152E+16,4.85255E+16
151663,151664,9,1,62,0,2016,12,16,3,3,5,3,2,0,0,1,0,0,0,1,6.90802E+20,5.33476E+21,1.15647E+16,4.81374E+16
151664,151665,9,6,62,0,2016,12,13,6,3,3,2,0,0,0,1,0,0,0,0,5.86683E+20,5.54332E+21,1.02104E+16,5.00359E+16
151665,151666,9,5,72,139,2016,12,13,5,2,8,6,0,0,0,1,0,0,0,0,6.27485E+20,5.50764E+21,1.07682E+16,4.97078E+16
151666,151667,9,7,62,0,2016,12,9,3,3,0,1,0,2,1,0,0,0,0,0,6.2132E+20,5.30464E+21,1.06227E+16,4.78836E+16
151667,151668,9,5,63,0,2016,12,6,6,3,8,1,2,1,0,1,0,0,0,0,6.41098E+20,5.48189E+21,1.09477E+16,4.94733E+16
151668,151669,9,7,77,169,2016,12,10,3,3,0,6,0,2,1,0,0,0,0,0,6.30712E+20,5.27117E+21,1.07383E+16,4.75807E+16
151669,151670,9,6,61,0,2016,12,12,6,3,5,3,0,0,1,1,0,0,0,0,5.08372E+20,5.53646E+21,9.11677E+15,4.99805E+16
151670,151671,9,4,63,0,2016,12,14,5,2,0,7,0,0,1,0,0,0,0,0,6.40032E+20,5.57036E+21,1.0965E+16,5.02687E+16
151671,151672,9,7,61,0,2016,12,20,3,3,5,3,2,0,0,1,0,0,0,0,6.40538E+20,5.35804E+21,1.08973E+16,4.83599E+16
151672,151673,9,4,75,168,2016,12,11,6,3,5,2,0,0,0,1,0,0,0,0,7.096E+20,5.56718E+21,1.19383E+16,5.02196E+16